id;x;y;z
98304;450223.45;4794746.88;247.67
98320;450348.75;4795139.49;324.32
65554;450076.46;4794678.42;255.85
65563;450235.28;4794924.28;215.55
98348;450133.52;4794941.98;228.92
32823;451245.02;4794675.31;211.44
32835;450511.86;4794707.74;255.75
32837;450528.38;4794945.56;255.26
80;449928.37;4794720.51;263.05
65622;451097.74;4795040.04;243.08
32856;450321.93;4794807.01;235.52
89;450252.6;4794985.02;253.24
98394;451205.74;4794861.17;240.91
32866;450270.6;4794892.15;197.7
65647;450790.56;4794765.69;349.44
32888;449751.65;4794516.62;176.05
132;451190.05;4794984.24;249.17
32908;450142.04;4794920.74;227.27
32909;450220.14;4794803.53;219.91
147;450815.0;4794844.26;197.16
65685;450132.29;4794887.43;244.91
32922;450207.34;4794942.93;333.56
32924;450286.06;4794768.17;370.68
174;450982.73;4794492.28;216.33
32951;450267.79;4794857.31;214.35
65720;450615.63;4794964.42;189.01
65731;450642.04;4794684.14;246.95
65740;451342.55;4794749.49;211.98
207;450551.73;4794816.84;234.06
32994;450641.58;4794766.78;291.57
32995;451417.85;4794919.28;244.7
98533;450560.41;4794666.38;245.02
65766;450198.44;4794779.66;249.48
65765;450305.07;4794656.02;230.32
33000;449830.83;4794468.36;186.18
233;451258.17;4794605.79;213.83
65771;450785.06;4794743.94;362.29
250;450357.32;4795546.21;179.68
98557;450609.69;4795005.42;228.76
98559;450692.27;4794941.9;168.21
98561;451084.31;4794922.86;232.15
65801;450357.93;4795016.06;202.06
98570;450456.86;4794728.45;250.5
98575;450780.21;4794811.6;447.04
65810;450632.25;4795120.05;167.06
33046;450350.49;4795117.76;195.06
279;450039.25;4794399.48;221.52
65822;450127.29;4794872.57;238.15
98594;451500.24;4794875.99;202.18
296;450152.58;4794900.01;233.5
65833;451448.83;4794846.98;213.43
33071;451152.55;4794551.21;208.14
98610;450123.16;4794869.26;243.11
33085;450614.9;4794994.36;224.44
65854;450747.21;4794809.74;237.27
33109;450558.96;4794818.22;238.03
33112;450470.97;4795068.39;327.22
98658;450932.12;4794872.35;237.35
98678;450205.31;4794813.75;248.64
65912;450783.62;4794811.46;427.76
98687;450122.55;4794869.06;241.05
33153;450540.32;4795497.06;170.25
65927;450054.13;4794388.15;221.69
65928;450358.9;4795427.93;194.13
65934;450176.95;4794732.54;230.61
402;450118.02;4794889.92;248.47
65942;451110.98;4795069.57;320.79
33190;450880.4;4794520.49;207.81
98730;450435.94;4795257.76;208.61
426;449779.26;4794461.31;210.09
65965;451073.49;4794957.03;265.08
33198;450168.39;4794736.19;215.89
98738;450859.76;4794802.67;363.82
33205;450179.2;4794549.42;181.97
438;450121.7;4794866.14;245.89
33207;450859.49;4794890.5;190.02
33210;450370.4;4795121.8;194.85
98750;450383.76;4794811.76;239.81
98752;450213.47;4794804.28;248.64
450;450340.0;4795408.23;201.37
98758;450563.27;4794819.1;229.93
98763;449908.44;4794643.54;218.2
479;450798.06;4794745.51;331.66
33271;450370.68;4795466.88;189.3
98809;450606.52;4795019.65;208.5
98810;450668.86;4794718.4;215.24
66044;450295.69;4794595.17;239.67
66048;450126.8;4794870.58;243.91
98817;450648.0;4794774.94;292.51
33296;451431.83;4794949.37;218.63
66065;450841.29;4794910.33;406.6
530;450378.14;4795026.5;327.67
98851;450277.87;4794907.13;215.02
548;450135.64;4794851.03;248.56
33321;450522.13;4794943.28;258.54
33322;450598.22;4795494.57;181.53
66092;450131.5;4794847.01;246.38
566;450412.05;4794947.66;238.74
98879;449953.86;4794588.99;231.23
576;451219.45;4795256.16;240.27
33346;450634.58;4795014.17;227.3
33354;450572.32;4794796.14;249.79
66123;450542.44;4794655.37;243.91
98893;450217.82;4794638.61;236.77
599;450796.96;4794750.57;367.12
600;450368.95;4795232.35;178.51
98908;450814.34;4794767.9;247.05
615;450542.93;4794885.2;240.85
66152;450128.95;4794988.78;219.29
66160;451406.62;4794875.0;212.92
626;450649.5;4794983.94;182.73
33406;450205.06;4794731.61;366.42
98944;450615.97;4795043.98;167.93
98957;451343.34;4794607.26;210.9
654;451205.1;4794732.9;234.65
98959;451210.74;4795024.6;288.41
66207;450451.09;4795078.39;323.5
66212;450020.95;4794419.44;218.44
98985;450237.77;4794771.68;236.57
98993;450377.93;4795282.72;196.17
66226;450122.67;4794884.23;243.03
33460;450428.92;4795516.21;176.41
692;450199.69;4794637.86;235.22
66236;451489.63;4794917.86;205.9
99010;450758.82;4794890.68;175.2
99011;450141.39;4794886.05;247.01
710;451196.8;4794965.41;249.67
66247;450832.12;4794766.38;324.01
33491;450795.4;4794792.94;195.47
99030;450119.83;4794846.97;240.23
66263;450912.19;4794510.41;219.03
99047;450562.14;4794815.13;246.47
66281;450123.21;4794867.75;244.47
66282;450377.32;4794874.26;229.29
33517;449880.52;4794590.81;208.38
33529;450752.16;4794728.58;228.59
66297;450810.88;4794765.52;353.57
99065;450251.17;4794668.28;241.81
66300;449882.25;4794598.76;200.42
66307;450135.03;4794881.79;268.73
772;450192.75;4794727.34;344.88
99077;450840.32;4794821.42;415.02
66311;450822.75;4794845.73;196.67
66312;450811.98;4794778.15;358.65
782;450075.1;4794974.3;228.84
99087;450120.1;4794883.94;241.89
99088;450149.16;4794978.94;222.58
33561;450530.24;4794899.32;244.41
66333;450558.89;4795484.2;170.73
797;450409.7;4794602.52;243.41
66335;451187.86;4795048.58;303.5
99106;450403.79;4795054.28;193.64
66358;450132.71;4794848.7;250.48
33593;450605.96;4794991.04;217.24
66369;450427.09;4795526.36;182.36
33604;450676.23;4794756.34;275.57
33605;451180.51;4794913.97;241.3
66425;450047.53;4794568.59;180.22
33661;450407.04;4795326.98;195.35
33674;450424.05;4795254.34;201.73
907;450829.85;4794800.72;360.5
99215;450365.85;4794862.62;238.75
938;450122.34;4794868.31;243.31
33711;449759.83;4794519.85;175.74
66492;450232.26;4794926.93;228.35
99262;450375.15;4795093.67;328.9
99266;450349.59;4795144.58;316.95
33730;451172.12;4794827.92;242.03
964;450754.79;4794912.57;174.53
66502;451252.62;4794474.86;214.13
66514;450231.43;4794819.49;220.69
32759;450117.89;4794877.92;240.95
33749;450225.38;4794938.19;215.59
66524;450579.2;4795480.06;171.21
32761;451190.71;4795047.22;299.27
33766;450124.45;4794868.39;244.63
999;450453.48;4795076.25;324.01
66537;450123.31;4794867.8;244.67
33775;450401.11;4794801.07;237.78
99317;450386.25;4795539.79;173.77
66553;450467.47;4795460.08;180.04
99327;450603.77;4795469.85;173.27
99337;450410.24;4795482.87;192.22
66570;449756.78;4794454.74;198.03
66571;450209.15;4794752.55;369.37
1043;449951.9;4794450.98;215.17
33819;450770.09;4794732.56;321.37
33825;450128.91;4794871.22;244.41
66597;450614.7;4794821.05;251.85
66601;450125.73;4794887.13;246.06
99370;450324.83;4795386.86;192.53
1070;450344.59;4794597.81;230.45
66608;450133.43;4794846.22;249.63
1090;450389.71;4795362.29;186.83
99394;450560.8;4794826.8;197.91
1106;450122.72;4794869.17;241.47
99411;450117.58;4794726.79;257.22
1109;450133.01;4794883.15;244.68
99417;450115.11;4794873.43;241.2
99435;451087.64;4795076.44;321.63
99437;450856.5;4794803.86;363.4
66671;450139.02;4794723.64;250.37
99449;451170.6;4794558.51;208.0
33915;450740.06;4794793.03;272.2
99451;449951.95;4794685.21;264.62
66688;451176.2;4794807.69;243.4
33921;451288.78;4794584.56;209.81
99467;450276.6;4794991.45;333.37
33932;451185.71;4794906.62;242.93
66700;451349.12;4794646.01;214.6
99473;450361.95;4795550.74;181.28
33939;450362.99;4795296.89;189.67
1174;450147.04;4794891.37;247.84
33945;450317.12;4795172.48;279.15
33948;450812.03;4794770.38;252.48
99487;450438.03;4794938.33;237.88
99491;451380.85;4794667.93;192.32
66724;450370.4;4794898.49;240.62
99494;450383.66;4795226.28;184.41
99498;450244.28;4794746.61;416.49
66732;451268.59;4794469.85;212.42
33965;450121.72;4794884.31;242.54
66745;451158.7;4794956.25;269.84
33979;450264.9;4794717.58;244.7
66749;450634.52;4795025.09;221.03
1223;450544.2;4794813.95;241.29
66761;450757.0;4794798.26;251.21
1227;450549.45;4794886.67;246.95
66763;450319.67;4794858.08;236.85
33997;450369.7;4795247.8;186.48
66765;450347.5;4795380.53;184.02
99535;450133.07;4794924.66;231.51
66766;451355.57;4794946.08;239.7
99538;450866.71;4794873.7;253.35
66770;450388.55;4794637.53;241.36
66772;451161.83;4794522.21;206.39
66773;450794.5;4794773.25;200.45
34008;450113.2;4794878.86;239.49
99550;450385.68;4794640.26;238.76
99555;451270.18;4794468.52;213.82
66788;450179.48;4794924.27;223.77
99570;451069.08;4795077.98;320.04
66806;450759.21;4794713.24;210.59
1293;450793.99;4794784.19;269.01
99603;450150.71;4794675.12;239.69
66838;450669.91;4795085.96;167.06
34071;450882.19;4794913.08;298.08
66839;450826.29;4794775.6;358.2
34079;450265.87;4794747.66;235.86
34084;450703.37;4794960.61;162.78
99621;450178.08;4794712.7;240.71
66856;450808.87;4794827.77;383.28
66860;450312.6;4795096.95;332.57
34096;450382.28;4794811.96;238.43
66879;450069.72;4794667.82;259.45
99659;451499.4;4794837.77;204.76
34147;450429.6;4795534.92;170.63
1381;450137.06;4794885.46;245.77
1382;450211.96;4794952.17;215.71
66922;450234.27;4794684.41;268.88
66923;451187.13;4794949.38;250.61
34160;450438.23;4794739.38;239.17
99700;450084.77;4794687.72;255.38
34169;451163.79;4795057.89;236.63
99711;449943.34;4794686.74;262.7
66951;450947.43;4794498.57;215.14
34189;450779.65;4794804.61;429.15
99726;450425.0;4794944.27;237.99
66959;451228.0;4794622.95;212.33
99731;450617.58;4794952.49;187.79
1428;451269.4;4794471.67;211.27
34197;450124.52;4794887.62;244.19
66966;450833.48;4794807.57;393.05
1427;449777.88;4794490.17;189.18
99740;450468.42;4795463.95;179.97
66981;450878.47;4794865.5;242.18
1445;450787.98;4794793.05;266.1
66986;451486.12;4794854.49;214.03
66991;449833.76;4794551.8;192.74
1459;450812.63;4794821.51;380.47
1461;451126.59;4795013.91;241.91
34247;450372.24;4795287.72;191.35
34254;450328.96;4794789.5;251.93
1487;450879.71;4794907.96;347.11
99794;450392.42;4795315.07;186.36
67030;450140.13;4794884.29;245.96
67032;450355.79;4794848.94;236.65
1509;451168.66;4794557.8;207.6
99821;450669.98;4794739.12;270.96
34288;451223.58;4794604.48;213.12
67057;450118.82;4794851.91;232.21
99826;450136.72;4794897.43;252.76
67060;451308.11;4794633.39;214.01
99832;450347.9;4795548.03;174.23
67066;450129.71;4794872.1;244.85
67082;449776.09;4794529.37;175.66
1549;450539.05;4794845.71;242.21
34318;450394.52;4794597.57;207.09
99862;450469.34;4795068.13;328.81
99867;450220.91;4794952.17;217.17
34333;450871.08;4794519.5;221.86
1575;450783.3;4794792.61;263.6
67113;450817.08;4794785.17;244.51
1584;450788.43;4794788.67;245.72
1589;450237.62;4794646.89;231.49
1595;451147.91;4795078.67;310.28
99901;449852.77;4794567.59;198.91
1611;450305.67;4794791.08;235.52
34385;450533.5;4794600.65;196.21
67154;451223.44;4795018.4;281.12
99930;450364.78;4795546.52;182.5
1634;450500.74;4795510.2;172.42
99946;450370.88;4795367.94;183.9
1642;450780.23;4794704.64;200.33
99966;451216.77;4795021.11;285.09
67199;450804.24;4794791.46;244.51
34432;450132.93;4794848.27;249.57
99968;450845.26;4794742.44;322.75
99967;450670.93;4795523.94;170.99
34449;451514.16;4794865.51;206.53
99988;450127.71;4794868.06;246.08
67223;450425.62;4795253.72;202.83
1692;449865.57;4794603.43;233.36
1694;450120.29;4794880.05;241.73
67233;451237.37;4794640.06;209.81
1698;449756.25;4794457.3;194.22
67238;450765.35;4794626.83;187.39
100009;450357.38;4795201.14;174.93
34473;450518.41;4794738.45;253.19
1709;450759.47;4794709.96;206.96
100020;450679.1;4794731.49;210.88
34485;450340.53;4794994.0;203.96
100021;450192.43;4794962.04;333.26
34486;450229.64;4794929.81;216.59
34495;451000.34;4795087.79;315.62
34507;450534.67;4794855.5;242.47
34513;450730.4;4794927.52;175.59
100051;450629.16;4794924.92;195.59
1747;451057.02;4794932.32;232.13
100062;451299.68;4794662.39;225.4
1759;450868.43;4794877.08;269.91
34531;449754.02;4794485.76;195.63
100074;450661.62;4795525.98;172.63
100086;450731.59;4794740.01;272.95
100092;450703.34;4794964.84;167.48
100093;450531.48;4795017.84;188.37
1789;450383.09;4795222.62;174.48
1803;450665.17;4794718.06;226.8
34571;451179.18;4794981.79;247.42
67346;450263.16;4794894.85;213.55
1812;450090.72;4794993.17;220.82
100118;450254.96;4794922.28;214.27
34583;450261.02;4794987.22;210.11
67353;450125.07;4794866.04;246.27
100122;450124.39;4794865.84;246.38
67360;451114.39;4794968.18;243.86
100128;449751.47;4794512.44;176.34
100141;450829.69;4794821.24;403.09
34606;450129.08;4794887.12;245.41
34618;451451.0;4794940.62;240.04
67401;451191.37;4794594.25;213.06
100170;450230.81;4794945.54;215.38
34644;450739.5;4794816.2;231.69
34646;450451.85;4794599.35;261.98
1880;450600.6;4795472.43;184.13
1896;450885.86;4794891.17;207.37
34665;450619.45;4794887.61;249.43
1898;450552.94;4794813.58;237.93
34666;450785.06;4794792.87;250.25
1922;450237.03;4794921.89;215.36
100233;450641.26;4794999.02;183.97
100238;450122.9;4794885.93;242.78
100242;450377.26;4795223.78;173.19
100246;450597.81;4794691.39;255.75
100259;450530.91;4794926.31;247.7
67494;450115.18;4794875.81;240.77
1959;450692.12;4794938.51;176.32
34738;451103.82;4794967.74;245.88
1978;450223.4;4794748.8;246.42
67515;450119.62;4794855.45;230.75
100284;450273.16;4794858.29;209.66
34764;450275.0;4795163.0;351.0
100300;451339.79;4794944.28;246.3
2001;450132.49;4794843.69;249.63
34771;450155.19;4794999.46;217.0
100314;450336.03;4795541.72;174.58
2018;450241.03;4794734.77;372.45
2020;450215.16;4794938.39;215.91
34788;450993.8;4795082.26;318.3
100326;450351.37;4794983.35;203.05
100333;451167.57;4795051.99;302.77
34809;451180.87;4795054.27;310.44
2045;451419.93;4794827.34;212.92
67584;450123.87;4794871.3;242.62
100354;450217.4;4794937.71;215.82
100355;450623.55;4794898.55;252.41
34822;450787.59;4794764.27;349.67
34825;450735.99;4794824.43;223.9
100361;450249.33;4794661.83;223.79
67595;451401.57;4794813.59;212.92
2065;450131.24;4794873.68;246.42
67601;450342.39;4794845.06;238.14
100377;451097.71;4794997.08;241.86
2083;450173.18;4794552.27;187.57
100391;450096.4;4794966.96;225.15
67629;451158.16;4795169.5;320.89
100403;451326.66;4794601.46;210.9
34868;450753.77;4794724.14;227.35
2105;449760.19;4794457.68;193.16
100415;450254.39;4794687.45;242.1
34891;450358.67;4795013.26;201.8
34894;450883.82;4794880.57;221.76
34915;450657.0;4794692.68;246.56
2152;450113.71;4794856.14;232.65
67690;450341.81;4794862.32;244.7
67694;450121.29;4794877.08;240.29
100470;450124.42;4794866.33;249.62
2171;450200.07;4795011.71;212.21
67709;450304.24;4794795.56;239.17
34947;451428.12;4794841.32;237.87
2184;450551.56;4794893.58;244.05
67721;450352.4;4794645.1;233.08
34957;449741.1;4794484.68;195.58
100494;451289.28;4794699.44;209.08
34971;451152.28;4795163.17;318.78
34991;450244.75;4794746.92;447.4
100529;449849.44;4794565.8;200.07
100537;450868.97;4794889.51;204.95
67769;450798.41;4794559.38;218.65
35003;450125.12;4794850.4;240.49
67770;450194.12;4794628.55;230.21
100538;449921.84;4794710.55;269.39
67780;450138.08;4794900.02;258.46
2249;450429.23;4794922.78;238.28
35027;450803.99;4794594.69;211.91
100565;450230.67;4794938.88;214.81
2270;450138.37;4794894.91;248.91
67807;450731.79;4794775.26;293.01
100576;450158.4;4794894.21;239.91
35038;450648.4;4794769.87;291.83
2273;451436.18;4794933.06;237.8
67816;450097.72;4794368.06;219.6
35049;450454.59;4794947.24;238.08
35062;450011.49;4794420.22;218.61
100604;451141.31;4794859.74;233.77
100607;450141.82;4794694.49;246.64
100609;449790.9;4794502.0;196.78
67846;450066.51;4794367.66;222.66
35086;450541.06;4794654.2;242.95
100631;450270.35;4794998.64;208.84
100632;450530.59;4794933.58;248.43
67867;450303.05;4794595.91;239.67
100637;450134.01;4794885.1;245.75
35112;450203.74;4794726.99;349.6
35113;450307.73;4794855.73;205.09
2354;450759.06;4794819.0;198.56
67893;451205.79;4794916.78;239.13
100662;450385.2;4794575.9;185.3
35130;450283.73;4795108.72;200.76
35135;450301.17;4794671.48;225.71
2369;450122.22;4794869.06;240.79
2379;451261.37;4794641.18;209.85
67916;450697.14;4794947.41;178.48
100686;451388.35;4794796.25;212.92
67926;450711.16;4794940.91;175.48
2399;450143.87;4794899.39;241.53
100706;451206.03;4795030.48;287.16
67972;450887.91;4794885.17;194.53
35207;450239.52;4795035.17;207.75
100745;451139.08;4795086.89;310.57
35212;451216.85;4795021.0;286.06
2451;450878.45;4794891.68;206.32
67990;450250.7;4794919.81;199.75
100760;450871.2;4794876.69;265.09
100772;450571.73;4795477.69;171.13
2471;450114.14;4794847.89;239.21
2479;450113.56;4794859.25;233.07
68018;450592.6;4795502.27;183.42
68021;450327.48;4795079.85;332.57
100799;450596.24;4795469.26;181.51
100802;450362.8;4795115.04;193.96
2498;450809.92;4794802.55;358.31
35273;451237.12;4794979.81;241.73
2508;450263.29;4795067.11;204.92
100815;449998.75;4794439.72;216.4
2512;450800.18;4794764.62;351.04
100829;450606.36;4795013.8;196.83
100841;451151.08;4794528.36;209.38
35315;451119.69;4794999.25;243.33
100854;450703.33;4794959.87;190.11
100855;450546.26;4794601.5;272.61
68088;450224.85;4794639.69;235.05
2556;450282.21;4794921.76;213.54
68102;450010.93;4794913.92;335.58
68103;450638.48;4795100.16;167.06
35336;450816.27;4794782.65;257.4
68118;450113.72;4794870.5;237.92
68132;451152.56;4795093.64;225.3
35369;450208.95;4794632.64;236.88
35370;449723.42;4794506.31;187.78
68146;450387.97;4795032.41;196.85
2621;451181.67;4794584.25;210.65
68157;450192.56;4794747.07;242.25
68164;450366.12;4795118.93;193.05
2629;450666.37;4794759.85;270.23
100936;451356.18;4794561.57;208.22
100940;450124.97;4794871.04;255.36
2636;450467.02;4794766.0;239.17
100956;451152.96;4794562.28;207.27
100962;451433.56;4794816.49;235.42
68196;450376.43;4795224.19;177.17
100964;450827.04;4794568.82;187.73
35431;449853.87;4794453.91;212.28
35436;450404.67;4795033.29;194.7
100974;451083.78;4794933.41;234.25
2688;450615.99;4795171.91;167.06
35459;451043.33;4794804.16;247.86
101005;451312.91;4794634.73;208.08
35474;451298.72;4794709.77;207.77
35475;450129.92;4794887.11;245.08
68273;450347.13;4794846.46;235.42
101042;450835.74;4794806.39;394.73
2741;450168.17;4794633.64;232.87
68283;450381.32;4794680.79;238.29
2749;450141.58;4794892.0;247.18
35522;450508.32;4795511.16;171.78
35523;450388.91;4795437.17;179.45
101060;450204.47;4794631.36;234.81
68302;451325.21;4794730.42;210.47
35539;450865.32;4794889.42;204.91
2777;450630.2;4795015.96;228.06
68320;451172.65;4794494.12;207.76
2785;450757.18;4794712.85;212.58
68323;451267.97;4794472.82;210.78
2788;449724.79;4794508.63;187.64
35566;450329.22;4795036.85;327.67
2799;450132.26;4794849.39;247.87
68339;450983.31;4794974.27;341.94
68346;450997.13;4795087.21;314.23
2812;450122.9;4794872.99;239.8
2815;451222.76;4795018.49;285.17
2819;451192.82;4795041.7;308.63
2820;450786.14;4794782.37;376.98
68358;449952.47;4794450.73;215.3
68359;450121.95;4794886.73;244.51
101137;450345.83;4794981.73;327.67
68372;451474.32;4794850.24;215.07
35607;450275.16;4794898.39;199.77
35611;451055.14;4794929.32;231.5
2849;450317.12;4795172.48;309.15
68386;450634.7;4795002.65;179.03
2856;450119.62;4794879.01;241.18
101160;451189.54;4795050.85;302.32
101164;450121.43;4794872.68;240.45
68406;450677.36;4794977.75;178.56
35645;450096.23;4794707.32;253.04
101185;450361.41;4794849.52;237.58
2882;450493.89;4795518.37;175.88
101190;450354.52;4795111.74;193.96
101191;450278.19;4794670.0;223.95
35657;451184.89;4795046.09;306.52
35670;450421.8;4794956.21;233.97
68462;450210.69;4794688.04;252.12
68468;450893.55;4794895.02;215.77
2935;450767.86;4794727.04;323.82
35705;450360.56;4795212.4;171.89
68477;450741.85;4794759.83;295.33
101245;450074.03;4794699.71;254.77
68480;450229.5;4794929.77;215.44
35712;450113.15;4794850.0;238.15
101252;450621.79;4794927.18;189.91
35720;450692.44;4794946.5;189.62
101265;450569.96;4794837.0;244.62
35732;450612.05;4795007.87;224.73
35733;450113.22;4794863.27;234.77
2967;450359.06;4795535.29;181.24
2969;450071.4;4794681.84;261.46
35746;450205.78;4794778.69;235.49
101284;450337.57;4794854.98;244.22
68531;450273.03;4794903.19;199.03
35768;450127.34;4794867.39;246.13
68537;450479.84;4795496.2;173.26
35773;450787.91;4794805.32;195.07
101309;451156.28;4794515.84;205.5
68543;451400.7;4794818.1;212.92
68547;450165.74;4794914.07;233.38
35779;451240.87;4795246.25;238.85
35781;450778.37;4794602.35;223.78
3019;451310.0;4794634.05;208.34
101323;450387.7;4794857.75;237.19
35789;450229.6;4794744.41;246.42
101328;451226.37;4794706.04;234.15
3025;450612.35;4794809.37;254.1
101330;450429.64;4795081.13;328.14
35799;451552.62;4794871.57;185.24
68577;450619.63;4794934.67;187.99
101367;450223.98;4794949.09;217.99
101370;450377.29;4795018.26;197.76
3066;449952.09;4794669.57;261.17
3070;450145.24;4794892.29;244.49
35842;450113.22;4794876.22;240.84
68612;449887.93;4794445.19;215.62
3078;451223.7;4794992.26;242.08
101387;450356.27;4794851.75;237.18
68633;450093.64;4794991.18;221.91
68643;450632.6;4794893.35;249.97
35883;450336.87;4795416.95;191.15
68652;450890.66;4794803.46;365.65
35888;450091.53;4794983.44;222.33
35895;450823.48;4794759.25;322.05
3129;451242.85;4794944.25;240.92
101434;450113.19;4794852.38;232.62
3136;451502.83;4794851.49;198.15
101445;450462.09;4794946.26;278.41
3143;451448.27;4794849.9;213.85
101456;449947.57;4794719.63;261.6
68690;450300.08;4795128.12;197.55
68693;450421.08;4795252.82;202.88
68700;450113.18;4794877.91;240.62
101469;451221.34;4794911.64;238.56
3166;450758.88;4794912.4;174.6
3164;451126.34;4794863.59;233.57
101473;450215.77;4795000.39;213.86
3169;450872.02;4794847.46;264.21
3174;450937.72;4794869.97;241.7
68713;450423.58;4795526.18;181.81
3181;450822.98;4794824.49;409.01
35956;449883.38;4794598.95;202.46
3196;450330.23;4794841.85;240.37
3200;450177.9;4794730.4;241.95
68740;451326.67;4794944.39;244.57
35983;450114.82;4794967.04;223.79
68754;450120.22;4794856.84;250.08
101523;450249.56;4794830.4;209.98
101530;450122.34;4794850.17;239.0
36004;450609.99;4794961.56;188.24
68772;450402.69;4795523.52;173.61
3236;450489.06;4794599.12;268.43
36010;451191.92;4795042.81;299.14
3248;451123.09;4794967.65;272.02
36019;450396.2;4795486.67;192.58
3252;451146.78;4795155.42;319.44
36029;451494.46;4794927.48;203.69
101566;451467.96;4794831.02;214.93
68806;449942.91;4794690.84;264.76
68812;450123.6;4794851.83;239.12
3276;450621.52;4794944.47;188.67
3291;451152.08;4795083.31;229.4
3296;450792.57;4794717.98;335.63
68840;450633.28;4795009.71;226.65
101614;450970.49;4794975.17;357.26
36083;450401.62;4795127.38;177.83
36091;450606.03;4794854.7;238.06
36099;450345.86;4794862.69;243.13
101641;450703.86;4794962.83;175.83
36108;450179.89;4794916.99;226.6
36134;450526.29;4794859.53;242.62
36142;450536.07;4794940.87;253.27
101682;451209.66;4794953.63;197.64
68915;450749.91;4794783.66;278.69
3383;450113.65;4794868.85;237.03
68919;450562.23;4794834.29;242.83
68932;450803.09;4794805.96;247.35
36167;450369.74;4795235.05;179.86
3405;450346.55;4794958.72;324.95
101710;450236.96;4794924.51;215.37
68943;450819.65;4794737.54;293.96
68947;450221.3;4794948.35;214.6
68949;450474.02;4795465.52;180.48
3414;450114.83;4794854.67;231.57
36184;451209.7;4795021.14;289.85
68965;450218.05;4794628.01;232.39
101738;451087.14;4794926.01;233.94
68972;450126.6;4794885.23;247.39
36206;450411.17;4795240.66;193.43
3439;450810.2;4794789.73;389.08
36214;450534.13;4795494.31;171.0
36217;450172.3;4794999.57;215.54
36222;451381.81;4794933.74;249.51
3474;450350.89;4794942.03;333.81
36242;451251.91;4794612.19;225.86
36245;450759.12;4794711.53;210.94
69016;450365.7;4795100.59;320.44
69024;450967.32;4794814.92;251.49
69025;450562.19;4794826.65;198.34
69043;450349.49;4794975.92;225.27
3509;450365.77;4794877.45;238.21
36280;450225.31;4794938.21;214.93
101817;450117.79;4794851.88;237.91
3515;450811.09;4794759.88;247.2
3520;450656.05;4794726.88;290.72
101824;449733.56;4794494.82;186.44
101828;451193.38;4794986.08;245.87
36301;450375.59;4795270.35;192.83
69076;450640.93;4795507.62;175.66
101845;449956.28;4794664.71;247.24
69084;450754.02;4794690.44;203.43
3551;451122.27;4794950.44;261.84
101860;450125.88;4794869.85;244.42
101861;450571.12;4795488.79;171.98
101862;450133.12;4794883.61;244.67
3570;450423.39;4795029.35;195.23
36341;450353.51;4795073.68;303.44
101878;451094.47;4794965.97;245.04
3581;450223.79;4794948.91;214.25
101887;451420.02;4794914.76;218.71
3584;451373.85;4794761.25;212.92
101890;450772.4;4794705.15;199.01
36358;450121.31;4794850.49;233.19
69150;451242.59;4794925.1;240.99
69163;451200.35;4794480.14;202.56
36402;449765.85;4794461.32;207.0
36404;451431.41;4794943.41;243.76
3637;450859.25;4794855.91;270.84
101942;450349.49;4794975.92;203.77
36430;450269.26;4794854.16;213.99
36434;450265.63;4795071.41;204.5
101977;451440.55;4794843.27;225.71
101980;450764.57;4794805.3;442.25
3676;450428.02;4794906.41;237.78
101989;450089.13;4794970.97;227.93
3691;450536.59;4794743.22;256.51
3695;450226.17;4794945.44;214.76
102000;450114.01;4794875.03;240.76
102001;450112.3;4794946.44;337.19
102004;450261.32;4794834.89;209.84
36475;450488.91;4795532.76;178.59
102015;450259.61;4795000.46;210.82
102018;450118.82;4794879.28;239.55
3715;451191.52;4794738.65;235.94
102023;450386.09;4795490.78;191.69
69256;450230.02;4794744.62;244.31
36494;450824.21;4794840.33;414.34
36501;450293.04;4794691.94;245.04
69276;450066.05;4794382.14;220.52
102047;450261.04;4794669.61;235.83
3756;450112.49;4794855.51;229.28
3757;450788.03;4794800.09;254.23
3759;450144.68;4794925.75;226.93
102064;450310.5;4794954.05;332.86
36542;451097.86;4794966.03;245.88
3776;450121.93;4794873.25;243.95
69313;450708.0;4794773.59;280.34
102084;450168.75;4794621.63;226.48
102089;450086.4;4794692.94;259.07
69325;450196.8;4794777.51;249.48
69329;450264.61;4794665.07;223.69
3795;450114.08;4794851.23;233.67
3796;450385.8;4794618.32;237.76
69357;450191.34;4794631.15;224.29
102127;451325.0;4794540.48;201.9
3827;451354.23;4794565.42;207.62
3829;450335.93;4794833.69;230.85
36600;449761.51;4794520.51;175.74
3840;450118.7;4794869.04;244.66
102150;450078.64;4794673.88;254.41
3849;450128.42;4794850.17;242.35
36619;450248.69;4794829.85;213.79
36626;451277.12;4794674.3;227.98
69395;451204.14;4795027.33;286.9
69398;451120.96;4794966.68;272.21
36636;450798.03;4794680.58;196.39
102173;450718.51;4794730.38;258.63
3883;451158.04;4795064.12;315.06
102198;451095.57;4794911.89;232.99
69433;451019.62;4795027.88;334.84
3901;450373.37;4794852.56;237.52
102207;450351.66;4795094.69;303.44
3905;451091.01;4794900.13;230.83
3906;450129.43;4794873.13;244.72
3908;451204.81;4795032.59;286.6
102214;450516.18;4794944.01;265.97
36678;451168.2;4794829.55;240.73
102217;450279.45;4794951.38;329.07
3915;451181.49;4794959.39;256.23
69455;450667.53;4794586.94;193.74
102226;450234.0;4794930.9;214.63
69460;450611.73;4795012.93;198.18
36699;450153.69;4794713.15;257.12
36700;450174.33;4794947.16;338.24
3939;451458.16;4794925.46;219.12
102250;450734.72;4794729.12;263.09
69484;450124.89;4794872.55;249.35
36723;450367.27;4795225.32;178.04
69498;450755.32;4794725.07;229.9
3968;450850.72;4794912.62;383.18
3971;450632.49;4794992.39;164.73
3976;450124.22;4794872.59;245.87
36749;451435.84;4794917.86;218.42
69518;451162.71;4794744.21;242.17
36761;449915.38;4794696.72;267.13
36768;450809.23;4794590.05;211.91
69548;451440.29;4794844.34;222.01
4017;451268.76;4795240.9;238.85
102333;450179.93;4794999.06;215.11
36799;450255.62;4794737.39;369.18
36801;451410.98;4794828.29;212.92
4037;450136.35;4794895.48;253.52
36806;451441.54;4794822.08;234.61
36810;450115.57;4794873.48;240.74
69584;450377.41;4795294.92;189.05
4048;450778.54;4794759.15;348.21
102355;450826.45;4794535.22;219.29
69590;450121.51;4794881.23;242.24
36824;451138.87;4795131.2;321.1
4067;450309.92;4794985.06;206.79
102371;450248.92;4794991.53;304.43
4070;450162.03;4794672.58;241.47
102378;450084.16;4795010.33;218.84
36847;451477.28;4794848.58;213.79
102407;450284.17;4794673.04;226.26
69650;450377.24;4795231.4;184.38
4120;450570.14;4795522.66;186.04
4135;450819.82;4794742.02;294.28
69672;450124.14;4794866.37;248.34
69673;450311.66;4795163.61;317.7
102449;450159.72;4794616.29;225.16
4148;451373.64;4794657.71;212.95
4158;450569.14;4795489.68;171.6
102463;450127.69;4794850.38;241.79
36929;451188.85;4795049.01;303.46
36931;450110.98;4794853.22;232.57
4166;450349.57;4795123.38;324.05
4168;450112.51;4794852.48;232.63
102478;450400.54;4795526.59;175.12
4178;450812.14;4794826.52;417.88
102485;450432.45;4794928.37;238.17
36959;449705.28;4794506.11;191.97
36963;450067.53;4794373.98;220.52
4197;450114.31;4794854.68;232.68
69736;450092.76;4794979.02;328.97
69742;451190.44;4795033.0;299.25
4215;450793.56;4794787.52;268.48
36986;451258.47;4794983.6;238.21
102527;450287.49;4795163.19;330.34
4225;449912.58;4794699.36;265.73
69762;450433.64;4794601.6;246.77
36993;449751.86;4794484.69;190.29
69764;450879.76;4794880.85;222.26
102539;450408.21;4795243.5;186.84
4242;451260.44;4794930.44;242.27
102548;450127.2;4794885.13;245.57
102554;450092.78;4794965.3;227.35
37021;450997.34;4795030.72;329.66
4294;451111.72;4794967.5;243.86
69833;451156.01;4795062.74;316.35
4307;451056.92;4794937.94;238.37
37075;451203.51;4795021.8;287.71
37079;450110.09;4794857.24;233.38
4321;450297.49;4794779.9;235.05
37092;450231.51;4794931.47;215.05
69860;450539.55;4794829.17;241.12
37094;450173.68;4794670.62;241.56
4328;451097.9;4794970.07;268.12
102635;450799.89;4794799.84;247.11
37104;450368.89;4795290.85;190.89
37107;450482.08;4795035.21;189.82
4352;451231.37;4794942.2;236.28
69895;450376.19;4795462.55;182.07
4367;450115.01;4794872.48;248.72
69905;450537.8;4794939.54;252.41
102674;450224.63;4794687.89;265.74
69912;450118.23;4794877.45;240.95
4380;450742.12;4794784.14;274.0
69919;451219.54;4795022.85;286.57
102691;450413.97;4795522.3;174.62
69927;450530.86;4794599.82;196.02
4394;450842.78;4794802.74;395.97
37171;450672.84;4794710.82;245.26
37191;450332.43;4795401.03;193.17
69959;450096.6;4794363.41;221.2
4425;450140.63;4794736.43;252.53
37194;450487.96;4794772.92;238.11
102732;450695.75;4794942.88;182.5
4435;450727.75;4794744.13;263.81
37208;450393.74;4795051.19;195.48
69980;450819.92;4794765.69;352.74
69986;450761.79;4794608.15;214.94
37219;450374.31;4795277.67;197.49
102759;450865.19;4794744.13;327.75
37233;451396.93;4794825.98;212.92
70002;450614.72;4795009.45;224.73
70003;450747.43;4794710.84;239.49
4480;450417.2;4794958.66;233.97
4484;450536.0;4794850.22;241.96
70036;450598.24;4794847.68;247.51
37273;451479.58;4794850.86;212.48
102815;450077.11;4794683.2;260.31
102818;449915.2;4794702.77;265.17
4522;450053.9;4794982.54;233.99
70062;451314.82;4794595.43;217.9
37299;450863.03;4794906.72;367.71
4532;450199.67;4794775.84;212.29
4537;450561.89;4794830.67;242.65
70081;450734.69;4794741.3;268.28
37333;451030.73;4794489.67;219.49
102875;450120.62;4794868.5;241.75
4572;450858.12;4794888.39;202.12
102876;450808.83;4794830.99;367.05
102878;450298.39;4794676.92;238.74
37349;450691.55;4794955.79;176.88
37350;450265.36;4795074.7;204.39
37362;450242.64;4794732.81;398.86
70139;450134.49;4794921.45;231.54
4604;450149.52;4794750.31;256.37
70147;451498.74;4794845.21;200.34
102917;451437.05;4794821.82;212.61
37388;450114.65;4794854.07;237.16
4625;451298.36;4794615.51;225.21
70167;450603.17;4794825.73;248.68
4632;450517.86;4794591.83;272.61
37403;451100.07;4794972.21;259.44
4638;451426.45;4794824.73;237.96
70178;450386.88;4795224.55;184.34
37411;450628.29;4795107.56;167.06
4644;450409.31;4795237.71;185.59
4643;450801.78;4794694.43;200.23
4647;450352.5;4795501.45;206.97
37420;450186.75;4794701.16;252.0
4657;450353.45;4795296.59;193.21
70197;450790.41;4794769.57;200.45
4665;451122.16;4794497.37;202.86
4673;450588.06;4794707.17;251.8
37455;450807.27;4794840.77;190.87
70225;449778.07;4794460.88;191.67
102994;450328.88;4794980.1;207.7
37458;450116.5;4794867.39;237.62
37466;450216.15;4794915.87;333.56
4699;449858.35;4794689.82;271.1
70249;451212.57;4795025.01;288.81
4719;450749.0;4794901.58;174.71
70259;450994.41;4794960.72;322.4
103029;450819.82;4794742.02;285.48
103042;451233.89;4794934.12;236.82
103046;451166.2;4795057.74;300.26
70279;451272.78;4794460.76;218.29
4759;450797.57;4794773.85;257.29
4760;451186.61;4795041.98;301.04
103065;450314.42;4794835.29;252.65
4769;450133.04;4794848.13;247.31
37559;450369.1;4795223.96;180.85
70329;450133.14;4794884.68;251.43
4793;450526.2;4794836.77;222.02
37563;450409.23;4795243.24;192.36
37562;450498.94;4794739.23;253.59
37568;450245.18;4795021.54;333.62
70340;450380.51;4795229.93;184.07
37578;450116.99;4794871.92;241.46
4810;450605.77;4794695.44;253.91
37581;451373.32;4794773.33;212.92
4816;450313.57;4795176.0;264.15
103123;450777.94;4794811.25;433.11
4821;450920.0;4794873.92;228.1
70373;451190.26;4795056.81;308.84
103147;450143.05;4794892.05;247.32
37615;450246.14;4794749.13;465.9
37616;450128.31;4794932.71;229.36
37623;450776.32;4794736.96;331.65
70395;450120.05;4794868.92;240.42
37627;450512.37;4794785.26;241.3
103165;450128.88;4794963.39;220.92
37631;450195.14;4794755.95;247.53
37635;450783.87;4794795.16;259.86
37638;451188.63;4795049.16;302.37
4875;450860.33;4794518.92;217.9
37647;450534.23;4794840.51;242.55
4879;451179.11;4795127.85;233.11
37652;450274.64;4794587.83;172.18
4886;450621.99;4794937.1;188.96
37658;450141.79;4794886.53;245.34
4892;450445.79;4795260.88;211.52
4912;450318.54;4795171.07;309.15
103219;450840.29;4794791.02;192.94
4915;450246.12;4794735.52;407.06
103221;450114.62;4794851.43;242.58
70453;450120.03;4794851.78;232.36
70462;450174.91;4794559.03;188.18
103235;450686.65;4794964.94;171.45
70470;450653.18;4794771.37;290.59
4949;450182.3;4794723.02;293.42
37732;449785.35;4794463.56;191.33
4975;450830.74;4794803.03;360.8
4984;450116.54;4794867.26;237.86
70525;450122.79;4794867.14;245.15
70530;450779.8;4794835.73;182.61
103299;451131.19;4795148.92;318.9
37778;450281.93;4795108.15;200.92
5010;450432.1;4795003.12;328.14
37791;450367.32;4795293.1;190.38
103330;450992.7;4794976.96;331.09
70562;451081.07;4794500.98;204.65
70564;450803.09;4794774.82;257.29
5033;450764.64;4794909.17;174.6
70573;450742.84;4794931.08;174.8
103341;451464.14;4794845.17;244.91
103346;450608.43;4794811.64;249.88
103347;450244.31;4794744.44;416.39
70581;450212.45;4794953.8;215.54
103350;450677.54;4794985.85;178.56
70586;451338.35;4794609.07;210.9
5051;451068.19;4794948.55;265.08
37826;450533.6;4794602.83;196.47
103370;450091.06;4794698.51;260.06
37835;450449.87;4795500.29;174.74
5095;450448.98;4794947.15;238.18
70634;450881.6;4794872.26;237.56
70635;450348.6;4794612.43;225.42
5109;450123.48;4794856.46;231.34
37878;450017.56;4794567.47;180.74
37879;450531.42;4794722.29;259.05
70648;450876.06;4794862.66;242.41
37887;450267.19;4794855.96;212.82
103438;451221.92;4794609.83;217.04
37908;450200.25;4794750.78;244.3
103451;450445.42;4795261.29;214.29
5147;450682.52;4794963.22;178.01
103452;450343.13;4794953.93;334.17
5150;451348.0;4794561.49;231.43
70691;450351.64;4795091.69;303.44
103461;450326.51;4794843.9;253.57
103469;450266.56;4795082.05;203.87
5178;450133.94;4794922.26;231.53
70715;450126.91;4794737.25;238.89
37963;450114.2;4794849.89;245.19
37964;451199.69;4795175.44;235.09
70745;451455.78;4794925.15;219.12
103514;450367.58;4794898.62;242.79
70758;450327.29;4794826.45;251.53
37991;450510.31;4794785.35;241.43
5224;450788.47;4794784.7;249.71
5231;450041.97;4794696.82;259.82
103536;449728.01;4794504.71;177.03
38001;450798.2;4794764.97;351.74
103539;451143.09;4794975.92;243.89
103541;451104.53;4795083.42;316.84
5240;449761.48;4794456.03;204.5
70779;450141.01;4794907.48;267.82
38014;451389.89;4794832.15;212.92
5256;450354.66;4795094.67;320.44
38027;450539.83;4794881.77;241.66
103567;451454.3;4794841.75;246.18
70800;451195.2;4794907.88;242.76
5268;451128.65;4794839.74;232.4
103574;450796.52;4794780.29;271.9
103575;450663.52;4795510.81;170.23
38041;450979.77;4794771.99;247.12
70809;451292.68;4794697.55;209.42
103578;450355.64;4794608.49;229.18
38050;451456.13;4794834.43;213.25
103588;450832.0;4794861.59;187.82
103590;450256.44;4794947.33;216.06
5288;450129.18;4794851.06;242.61
38075;450829.54;4794772.43;357.27
38076;450778.0;4794808.15;428.1
5309;450366.32;4794897.62;241.86
70848;450485.05;4794951.98;220.93
5312;451403.92;4794860.05;212.92
103624;449775.73;4794460.2;210.15
103629;450140.07;4794889.94;244.89
38095;451110.43;4795040.26;243.08
38108;451122.65;4794893.14;225.99
70886;450617.24;4795497.58;176.35
38136;450757.47;4794881.56;175.96
5376;450420.1;4795513.53;175.7
70916;450118.19;4794882.91;241.32
103684;450503.83;4794740.97;251.87
38154;450696.69;4794960.58;175.84
5393;450860.49;4794816.02;413.99
103701;450313.41;4794653.28;228.72
5413;451307.07;4794937.4;246.12
70957;451418.82;4794827.6;212.53
38195;450138.22;4794890.28;246.63
38219;450617.43;4795000.78;245.08
5461;450512.89;4794735.64;252.97
103767;451345.55;4794571.21;207.89
38232;450418.31;4795026.6;195.32
103768;450368.5;4795248.25;198.6
5466;451164.35;4795054.43;303.07
38235;450264.94;4794747.83;370.23
71014;451136.72;4794565.98;220.64
71016;450897.24;4794911.61;293.89
71019;450665.92;4794714.06;229.34
103791;450346.04;4794945.02;334.01
71026;450412.92;4795338.11;188.85
38260;450849.76;4794784.94;250.32
5492;450797.87;4794822.28;387.26
5494;451232.78;4794951.9;237.35
71031;450559.41;4794823.5;201.0
38262;450729.77;4794726.66;263.58
103809;451163.94;4795056.49;302.22
103814;450179.91;4794724.98;279.88
38293;451427.4;4794940.86;245.3
5527;451259.45;4794606.03;217.4
5529;450348.73;4794963.46;324.03
71078;450346.72;4795124.7;194.48
5544;450761.75;4794750.38;307.74
71081;450381.36;4795538.05;175.45
103853;450169.63;4794670.5;240.92
103856;450246.29;4794756.59;372.39
71089;449916.8;4794708.22;270.17
38329;449771.21;4794461.46;209.16
71106;451219.51;4794648.37;212.63
71110;450122.28;4794887.71;245.11
103879;450243.57;4794979.7;288.73
5576;450294.7;4795128.69;197.93
38343;450380.78;4795487.85;186.94
5575;450419.05;4795523.52;175.02
38344;450496.25;4794734.69;252.76
103890;450125.44;4794867.15;245.96
103892;449744.16;4794489.68;184.78
5594;450164.42;4794906.36;239.69
103906;450221.23;4794952.35;214.22
103912;450383.69;4795098.57;326.92
103918;449766.44;4794484.68;189.53
103921;450705.95;4794933.1;177.62
103923;450822.78;4794821.55;404.81
5636;450128.34;4794873.97;262.49
38408;450660.4;4795518.93;170.23
38411;450692.27;4794941.9;188.21
5646;450749.94;4794811.45;238.63
103971;449779.31;4794462.29;191.38
71206;450388.83;4795042.61;195.45
38447;451108.33;4794972.93;243.86
103985;450884.01;4794907.37;346.21
104001;449769.64;4794527.57;175.66
71234;450227.83;4794942.29;215.46
38477;450440.82;4795504.43;173.17
38485;450997.01;4794790.7;252.47
71254;450399.49;4795431.01;180.05
5719;450816.31;4794801.24;393.48
5720;450186.15;4794696.0;245.21
71257;450082.57;4794360.3;224.98
71264;450226.04;4794949.17;217.68
71266;450134.58;4794850.76;247.92
5735;450967.94;4794783.07;249.21
5738;451119.23;4794950.41;259.21
104046;450522.53;4794754.5;251.05
104047;449834.52;4794470.23;186.44
38523;450261.93;4794905.7;215.53
104061;450499.91;4795025.34;189.82
104071;450840.24;4794888.61;187.72
38536;450568.91;4794845.72;246.7
104078;450966.97;4794491.45;215.5
5778;450599.43;4795015.06;193.98
104086;450674.52;4794996.17;172.12
5790;450562.63;4795486.02;174.17
104097;450199.32;4794657.81;237.69
104107;450793.95;4794822.65;388.69
5808;450169.54;4794937.96;224.99
5819;450184.31;4794818.6;247.68
104128;449862.64;4794453.98;213.04
5833;450335.28;4795380.48;192.18
5838;450997.62;4795046.14;321.96
38612;450261.62;4794566.78;172.11
5854;450783.67;4794632.14;193.31
104168;450380.51;4795361.15;184.07
38635;450446.35;4795263.62;212.89
5884;450139.35;4794888.82;246.03
71433;451185.73;4795047.7;303.86
38666;450783.23;4794811.58;424.87
38668;449773.42;4794463.47;191.96
38672;451346.79;4794557.31;207.02
104208;450052.79;4794390.28;220.72
71465;451428.48;4794928.62;237.33
71468;450430.62;4794729.38;237.43
38701;451226.19;4794987.17;246.19
71471;451447.51;4794925.93;219.26
38713;450115.85;4794873.23;240.61
5949;450600.47;4794899.66;253.08
104258;450190.13;4794727.02;344.51
104260;450340.2;4795544.63;176.14
5962;451163.8;4794979.07;243.21
5974;450366.38;4795467.18;183.48
71514;449809.27;4794488.1;188.95
71518;450312.4;4795132.85;197.18
71519;450390.08;4794807.53;237.95
38755;450377.34;4795223.39;173.21
5989;450368.68;4795248.22;185.36
38762;450039.85;4794688.88;257.58
5998;450350.1;4795132.6;316.53
38770;450902.09;4794805.15;368.99
71544;450212.55;4794812.99;219.22
38778;450531.93;4794948.19;255.1
71547;450632.25;4795053.77;173.33
6010;450122.76;4794871.0;241.88
71557;450787.77;4794703.01;200.15
6022;450062.47;4794948.0;336.82
6024;450828.94;4794758.85;321.22
71561;450772.42;4794704.59;232.49
104333;450559.99;4794826.94;196.15
71568;450304.74;4795127.79;197.47
71580;450094.51;4794978.69;221.12
71581;450147.34;4794893.51;245.31
6048;450742.2;4794627.7;194.03
71585;450342.0;4794861.68;244.28
71590;451216.96;4794473.25;213.33
38824;450533.61;4794657.52;245.13
104373;451120.53;4794967.97;272.89
71612;450156.76;4794674.63;240.78
6087;450354.64;4795202.93;173.05
6095;450121.02;4794867.67;244.82
38864;450337.4;4795057.79;303.44
38872;450143.17;4794719.62;253.49
6107;450793.97;4794766.22;317.08
104414;450193.82;4794687.99;245.68
71647;450055.76;4794984.79;233.32
71664;450447.36;4795262.61;212.96
104443;450347.69;4794956.09;326.96
71680;450193.38;4794653.76;238.79
6145;450437.63;4794947.12;238.93
104450;450251.06;4794742.27;244.17
6150;451211.26;4795009.11;282.3
71687;450335.99;4795409.43;200.04
71700;450829.22;4794863.12;185.31
71703;450792.06;4794822.4;419.55
104480;450054.03;4794980.42;234.06
38955;450120.22;4794877.23;240.06
38968;451216.92;4795020.56;320.77
71750;450691.39;4794740.61;245.64
38985;450391.13;4794806.89;237.92
71755;450224.7;4794938.74;215.63
38989;450067.93;4794693.66;255.07
71768;450822.5;4794738.46;306.96
6233;450037.85;4794702.82;259.63
104550;450116.54;4794872.31;240.91
104565;449829.12;4794465.95;185.66
71816;450360.74;4795291.7;191.44
6282;450119.31;4794855.21;230.79
6285;450854.21;4794914.43;419.08
6294;450690.08;4794965.12;170.87
39074;450581.22;4795476.25;172.69
39076;450125.86;4794851.31;240.38
71846;450250.72;4794741.44;417.84
104615;450103.74;4794948.57;228.25
6315;450132.35;4794883.51;254.52
71852;451199.61;4795025.42;288.03
104622;450811.06;4794778.41;358.95
6319;450550.58;4794758.5;248.75
39088;450614.8;4794997.79;244.73
71858;450248.52;4794991.55;333.41
104626;450079.9;4794973.41;228.42
6324;450119.2;4794870.86;244.09
104629;450530.23;4794797.1;242.12
71862;450590.3;4795007.94;188.38
6322;449711.92;4794507.81;188.54
39114;450754.3;4794724.03;223.19
39125;451201.14;4795026.86;287.73
104663;450192.65;4794762.38;234.26
6366;450114.98;4794875.88;240.7
39140;450777.94;4794732.88;330.79
6381;450847.84;4794913.79;383.18
39150;450447.61;4794614.78;226.59
71928;451171.94;4795057.59;309.01
71936;450526.0;4794943.59;255.36
104705;450823.11;4794764.64;320.96
39170;450138.34;4794898.93;257.79
104704;451202.18;4794477.41;203.75
104708;450121.24;4794855.98;230.92
71942;449732.0;4794522.73;183.2
39176;450098.08;4794386.15;218.85
6413;450434.76;4794704.89;242.68
71958;450221.45;4794642.95;223.81
71960;450797.11;4794796.39;261.63
39194;450765.21;4794903.41;176.82
39199;450808.78;4794803.71;244.51
39204;450678.8;4794742.3;260.64
71981;450105.94;4794708.47;257.4
71988;450783.53;4794704.67;200.46
104768;450143.55;4794884.48;246.29
72021;450467.19;4795464.79;179.28
72023;450665.75;4794955.18;177.59
39266;450142.87;4794883.6;246.83
6510;450890.35;4794836.84;262.91
6519;450331.44;4795407.13;192.2
104824;450781.2;4794808.6;428.24
72057;450054.23;4794947.08;337.11
39294;451315.52;4794648.1;230.58
6534;449957.43;4794671.95;253.54
72071;450613.59;4795021.26;165.63
72075;450606.64;4794999.49;236.23
104850;450602.66;4795478.12;186.81
39318;450372.88;4794612.07;230.24
72105;450686.03;4794591.11;192.5
6571;450363.96;4795225.85;173.01
39345;450614.04;4794954.23;187.65
104896;451193.99;4795043.57;299.34
104901;450594.43;4794847.35;246.76
6618;449820.88;4794493.66;187.55
39389;450801.4;4794673.03;193.02
39392;450136.7;4794891.4;247.63
39404;450379.42;4795280.84;191.3
39410;450252.35;4794994.31;210.5
39413;450119.74;4794878.43;239.72
72183;450753.04;4794776.61;290.57
72195;450137.45;4794927.03;238.46
6665;450606.62;4794777.21;292.57
6667;450273.26;4794902.73;214.69
6677;450659.84;4795091.09;167.06
72246;450196.35;4794729.44;345.84
39480;451251.55;4794603.39;215.01
6716;451253.2;4794985.84;244.65
72255;450101.53;4794391.77;218.62
6720;450447.53;4795019.33;194.9
6722;450574.25;4794713.15;256.2
72263;450121.26;4794873.89;241.34
105031;450346.19;4795403.99;200.33
6729;450154.31;4794839.26;250.72
105041;450826.01;4794765.04;321.75
72279;450122.53;4794887.99;244.57
6743;451221.45;4795008.83;277.62
105052;450393.79;4795350.63;182.7
39517;450815.85;4794745.11;319.42
72288;451048.49;4794483.81;220.3
72296;450877.64;4794907.04;347.58
72297;451432.36;4794953.67;217.87
105066;450882.94;4794797.6;383.4
72301;450789.72;4794803.47;255.83
39537;450121.84;4794875.2;241.3
105080;450656.99;4795068.09;169.8
72316;450183.69;4794937.45;221.55
6783;450639.07;4795003.01;181.56
6785;450135.07;4794850.06;247.49
72326;450123.81;4794872.22;244.18
105100;450201.99;4794656.7;242.79
39568;450124.94;4794872.45;251.2
39570;450712.02;4794601.06;191.39
6802;450758.68;4794711.28;207.35
105107;450465.84;4794762.53;237.55
39574;450210.67;4794757.73;369.27
72348;451180.2;4794494.39;206.97
105117;450120.7;4794875.02;239.57
72354;450500.94;4794740.13;252.14
6821;451165.66;4794527.61;210.47
72358;450852.92;4794745.96;204.94
105130;450279.86;4794858.82;209.37
105134;450249.9;4794565.83;173.14
6840;450149.81;4794886.67;240.19
39609;450336.19;4795128.15;194.4
39608;450470.95;4794771.57;238.16
6843;450303.78;4795127.71;197.49
39614;451258.17;4794605.79;210.53
105152;450393.25;4795224.53;173.27
6851;450142.32;4794891.29;247.2
105155;450087.75;4795003.51;219.62
6863;450274.16;4794762.06;370.8
72413;450221.22;4794925.84;333.56
39664;450419.96;4795515.67;175.09
6897;450530.06;4794855.41;242.5
105218;450127.16;4794866.87;246.07
105228;450348.59;4795540.59;175.68
6938;450116.33;4794881.64;240.12
72474;451025.32;4794491.64;216.68
105258;450171.78;4794833.47;249.38
39726;450464.08;4795047.75;189.32
39734;451143.03;4794958.66;271.4
105276;451183.85;4794964.03;260.6
39741;450918.63;4794770.81;253.71
39749;450675.86;4794736.43;269.34
105286;450353.69;4794844.19;237.8
6984;450881.31;4794877.42;287.91
105291;449916.36;4794706.56;256.3
39757;450212.42;4794953.81;214.31
105294;450344.97;4795535.83;174.81
72530;450718.17;4794729.27;258.18
39765;450232.47;4794644.23;231.17
105304;450288.12;4794906.03;214.88
7004;450877.21;4794794.41;369.47
72545;451512.14;4794927.87;200.99
105314;450280.36;4794765.0;234.92
7015;450123.4;4794869.01;243.48
7022;450085.18;4794402.21;218.28
39794;449998.08;4794712.17;269.17
7028;450873.6;4794894.47;206.27
7032;450755.29;4794885.39;177.36
105339;450875.52;4794861.47;243.58
7038;450137.04;4794851.27;250.17
105344;449769.48;4794531.32;180.88
105356;451221.4;4795008.9;264.98
39825;451211.16;4794966.56;221.61
39833;450179.57;4794632.84;232.07
105372;449826.97;4794465.51;185.85
105375;450746.87;4794722.37;238.06
7074;450345.47;4795542.05;174.23
105384;451248.96;4794928.98;240.3
72618;451209.66;4794953.63;211.64
105393;450575.84;4794670.09;249.57
39863;451359.96;4794946.86;244.16
39886;449706.61;4794524.22;199.1
7136;450685.74;4794738.51;243.68
7144;450148.13;4794904.83;232.46
39912;450855.03;4794777.43;193.77
7145;450369.78;4794642.19;241.62
39922;450862.62;4794870.98;274.11
7160;450616.46;4795474.01;169.76
72702;450116.23;4794868.54;238.32
72707;450569.45;4794842.61;246.14
105478;451187.3;4794592.52;209.97
105480;450429.5;4795257.75;205.0
7179;450606.64;4794999.49;231.73
39947;450752.21;4794728.04;226.07
39954;450827.75;4794821.99;402.8
7189;451199.43;4795028.23;275.98
39964;449716.85;4794505.73;187.78
105504;450802.03;4794685.94;199.39
72762;450110.71;4794857.43;231.32
39999;450285.97;4794762.77;370.68
105537;450511.26;4795023.48;190.39
105538;451165.42;4794481.8;216.26
105546;450183.67;4794997.91;214.57
72804;450162.44;4794901.73;239.69
105577;450524.88;4795503.56;171.96
40043;450399.46;4795022.08;197.56
105583;451179.69;4794916.12;240.6
105588;450597.25;4794990.34;187.1
72821;450474.4;4795070.6;326.25
7287;450114.88;4794854.53;236.05
7289;450188.55;4794682.59;244.76
40075;450259.44;4794987.32;208.82
72854;450074.75;4794673.56;256.85
7319;449919.77;4794710.3;252.06
72862;451154.88;4795153.9;317.36
72866;450221.23;4794940.03;215.3
105640;450426.13;4794715.42;236.79
7337;450137.56;4794927.31;238.49
72878;450883.14;4794874.37;236.04
72897;451516.47;4794869.63;200.42
72900;450897.89;4794909.88;304.18
7369;450616.84;4794937.38;189.05
7371;451205.3;4795030.92;286.71
7374;450602.17;4795478.78;174.01
72911;450615.66;4795186.25;167.06
72950;450223.65;4794937.43;215.68
72951;451424.64;4794825.13;212.92
7419;450359.78;4795397.21;201.84
72956;450793.18;4794762.39;370.31
105726;451300.89;4794700.94;206.63
105729;450253.29;4795031.26;208.62
72962;450113.17;4794863.57;235.06
105734;450492.22;4795506.38;177.83
40201;451163.41;4794819.68;236.9
105741;450254.75;4794984.88;246.57
40211;450206.66;4794951.24;221.27
40222;450314.31;4795154.65;322.99
72996;450858.12;4794888.39;190.42
105766;450124.14;4794865.62;246.42
40236;449902.43;4794639.64;221.13
73014;450982.88;4794769.97;247.98
73018;450375.71;4795282.26;191.48
40261;449951.95;4794691.53;264.68
73039;450199.25;4794780.52;234.67
105812;451192.05;4795046.27;299.1
40277;450788.88;4794790.75;267.05
40278;451190.05;4794984.24;245.87
7519;450053.05;4794421.5;218.01
7524;450770.16;4794782.59;264.41
105836;450644.86;4795529.67;177.62
73069;450781.0;4794812.0;448.0
73076;450846.92;4794907.34;398.74
105850;450866.44;4794865.99;258.29
40321;450615.97;4795043.6;176.92
73092;450246.18;4794826.6;220.32
105864;450759.04;4794711.48;209.52
105868;450657.08;4794979.78;180.04
105872;450739.96;4794734.81;279.01
7576;450139.89;4794912.46;230.25
7584;450016.28;4794704.98;264.22
73132;450243.63;4794979.7;279.24
105901;450790.55;4794776.85;261.02
73141;450125.34;4794869.01;252.97
40373;450178.61;4794728.5;239.97
105912;449988.6;4794714.17;271.09
105917;451119.6;4794949.63;258.92
7630;450123.53;4794852.17;239.11
73170;451373.87;4794769.37;212.92
73189;451394.4;4794850.83;212.92
7658;450360.25;4795438.01;189.22
40429;450791.5;4794815.37;411.65
105965;449871.32;4794582.4;203.88
40442;451187.82;4795048.66;302.78
73213;451248.08;4794970.9;239.01
105983;450123.71;4794866.61;246.41
7687;450518.9;4794709.24;256.13
105999;450304.31;4795137.2;196.85
106003;450525.91;4794902.22;243.99
7708;450599.92;4794999.14;186.34
7714;450751.06;4794730.87;226.9
106020;450368.06;4795231.17;178.29
73256;450474.61;4795024.29;192.52
73261;451501.48;4794854.8;198.15
73263;451207.63;4795028.15;322.72
7736;449924.8;4794596.43;231.76
106042;451065.87;4794948.18;269.15
7753;450342.1;4795019.75;332.61
40521;450129.36;4794850.75;243.02
106057;450368.07;4794895.23;240.74
73289;450807.01;4794527.26;204.94
7759;450115.55;4794854.13;231.62
73297;451090.33;4794901.46;230.75
73299;451146.98;4794974.95;243.89
73306;451309.09;4794694.6;202.2
40545;450381.06;4794900.2;242.6
7782;450264.47;4794921.07;214.35
40563;450145.57;4794891.29;248.57
106117;451085.61;4794904.38;230.75
73358;451074.82;4794957.89;262.53
7827;450813.18;4794795.54;356.36
7831;450874.56;4794907.24;348.86
73373;450988.78;4795050.73;319.14
73381;450220.95;4794946.2;215.07
7846;451243.61;4794958.82;241.43
40614;450236.51;4794685.36;261.32
7849;450422.82;4794582.06;157.2
73391;450860.43;4794861.54;270.74
7864;451234.28;4794603.5;214.09
40637;450264.96;4794720.12;244.04
40644;450420.03;4794940.57;238.44
40651;450126.03;4794884.97;243.55
7883;450707.52;4794553.64;188.09
73440;450366.61;4795276.19;198.0
7906;451163.98;4794558.05;207.27
73443;451229.51;4794939.37;237.11
73445;450133.63;4794885.47;244.73
40683;450228.18;4794639.13;231.94
40687;449798.93;4794487.24;189.34
106238;450351.37;4795060.69;327.67
7934;450193.11;4794728.18;246.73
106254;451309.38;4794606.18;222.8
73488;449754.78;4794473.55;199.43
7956;451210.63;4794859.47;245.93
7960;450369.93;4795264.59;192.92
40734;450226.36;4794685.76;256.37
7971;450105.18;4794568.49;185.21
106276;450425.31;4795524.25;180.64
40745;450558.57;4795003.11;189.48
40747;449723.71;4794499.3;177.03
7981;450083.03;4794970.07;332.2
73522;450599.67;4795469.25;179.62
40760;451366.53;4794653.43;212.95
73533;450511.05;4794732.98;252.58
40774;450075.13;4794364.76;226.74
73547;450375.4;4795109.59;328.59
73554;450856.58;4794519.51;221.86
8025;451121.47;4794487.17;218.45
40799;450104.25;4794376.81;219.05
40800;450250.32;4795019.69;211.92
106339;451428.09;4794915.55;218.71
8038;451199.89;4795030.66;237.07
106343;451096.59;4794995.53;242.57
8041;450099.0;4794365.69;219.79
40812;450326.15;4794857.03;236.16
8050;450856.94;4794520.96;221.86
40830;451327.92;4794587.4;211.29
8062;450386.56;4794614.07;228.92
73606;451385.66;4794937.2;248.97
8072;450223.7;4794948.91;215.13
73608;450135.23;4794887.22;245.83
8077;450871.63;4794724.82;191.97
73626;450530.82;4794745.37;257.03
8092;450142.27;4794895.62;245.39
73635;451123.52;4795020.41;237.29
40871;451337.39;4794641.73;215.26
73648;450123.06;4794867.18;245.64
73657;450754.98;4794893.5;175.79
8121;450084.39;4794973.18;228.47
8129;450373.07;4794644.88;241.32
8130;450489.81;4794960.73;195.63
73675;451153.56;4794485.2;221.49
40908;450109.7;4794863.81;235.2
73683;450224.87;4794939.35;215.54
8150;450747.92;4794720.78;234.84
8154;449878.31;4794586.54;207.0
40923;450061.65;4794693.25;254.85
40938;450444.84;4795077.39;331.14
73715;450337.17;4794856.83;245.08
73723;450985.46;4794806.74;249.82
8189;450464.33;4794950.35;238.39
8201;450113.58;4794861.76;234.38
40978;450551.07;4794717.66;251.15
8216;450755.59;4794725.39;227.79
73770;450743.63;4794901.83;178.67
73786;450651.95;4795523.82;175.57
41035;450840.21;4794855.67;198.89
8273;450122.08;4794884.17;242.96
41050;450369.29;4795283.77;193.44
73821;451113.66;4794984.15;242.06
8290;450091.1;4794977.67;221.62
41061;450226.88;4795025.63;209.02
41065;450540.28;4794652.95;242.53
73842;450325.94;4795406.3;184.17
41077;450210.69;4794688.04;255.72
41088;450236.18;4794923.54;215.37
41093;450530.46;4794942.24;253.6
73862;451405.85;4794807.95;212.92
8334;450599.06;4795499.17;182.52
8340;450279.2;4794710.31;236.33
8344;451170.89;4795113.22;223.77
73882;451182.27;4794981.41;249.6
73896;450124.41;4794850.48;240.18
73897;450129.87;4794850.63;243.26
73899;450343.64;4795555.12;178.3
41142;450828.44;4794859.41;186.4
8377;450241.4;4794852.61;215.59
8393;450485.32;4795494.71;172.26
41180;451142.75;4795157.08;347.75
41181;450803.8;4794760.38;245.1
8417;450142.8;4794897.25;244.01
73969;451501.23;4794926.92;202.53
41208;450589.52;4794809.46;248.37
41210;450443.65;4794945.72;237.99
73986;450755.42;4794896.5;175.14
73988;450080.93;4794679.42;254.41
41221;450417.2;4794958.66;203.47
8454;450135.81;4794887.56;245.86
41227;451236.18;4794602.91;213.12
41239;450437.8;4794945.48;238.52
41242;450647.72;4794991.21;181.41
8478;450435.53;4794939.23;237.94
8495;450213.47;4794804.28;249.64
74040;450736.81;4794816.08;226.67
74041;450455.72;4795011.3;195.53
74042;450314.95;4794833.25;251.03
41277;450669.66;4794962.15;180.5
41283;450485.06;4795515.9;173.6
8522;450452.03;4794617.29;260.24
74059;450282.05;4794593.76;171.85
41299;450258.89;4794714.85;243.89
8539;450120.67;4794867.75;244.77
8549;451404.72;4794796.88;212.92
8553;450359.74;4794783.56;253.54
8582;450066.33;4794990.11;227.74
41353;450182.38;4794919.21;226.36
74125;450123.72;4794848.66;235.78
41357;451180.22;4795053.75;307.43
41359;450403.09;4795101.7;188.15
8592;450671.11;4794977.12;179.11
74134;450089.85;4794969.65;227.87
41369;451221.07;4795233.71;238.84
74150;450530.04;4794661.43;245.13
74169;450889.74;4794893.16;210.9
41409;451348.64;4794569.36;207.89
74178;450816.38;4794777.43;358.58
74190;450311.64;4795130.69;197.01
74191;451210.69;4795024.59;290.2
74193;450136.2;4794885.38;245.77
74198;451493.71;4794843.88;200.34
74200;451121.56;4794943.63;257.82
74209;450820.25;4794784.5;257.09
8675;450565.24;4794830.55;243.76
74221;449912.71;4794724.98;251.49
41459;451378.28;4794664.01;193.56
8696;450309.63;4794830.97;252.59
41480;450155.95;4794706.91;244.49
41482;451094.47;4794990.3;242.87
8733;450216.25;4794760.16;368.85
74273;451174.95;4795161.87;316.51
41513;450470.22;4794951.12;292.11
41518;451188.97;4795046.34;299.47
8756;450723.85;4794725.56;256.86
41534;450246.3;4794740.63;410.78
8782;450665.62;4795512.69;170.23
74323;450115.15;4794879.81;240.39
74325;450566.58;4794845.56;242.8
41558;450350.79;4794787.4;253.03
41560;450378.14;4795284.72;191.14
41561;450831.69;4794529.99;219.29
8800;450367.25;4794887.08;240.46
41569;450991.31;4795047.47;318.62
41570;451372.51;4794946.05;249.37
41573;450579.48;4794851.67;246.23
8832;450813.98;4794791.05;357.99
8870;450407.7;4794565.43;167.68
41645;450413.74;4795516.77;173.93
41650;451105.68;4794967.66;257.92
8883;450219.25;4794940.65;215.42
8885;451283.71;4794587.65;209.27
8891;451442.51;4794823.46;212.61
8911;451489.71;4794928.89;207.53
8913;450212.27;4795023.89;210.35
74453;450113.9;4794878.95;240.41
41699;450234.37;4794929.72;214.94
74469;450799.54;4794533.13;195.17
41709;450368.84;4795269.8;195.0
74477;450131.27;4794887.07;244.94
41710;450242.02;4794843.55;217.03
8948;450200.11;4794729.16;347.91
41725;450604.66;4794995.66;240.54
41730;450118.85;4794873.95;240.56
74503;450613.77;4794995.14;245.71
8979;450883.18;4794874.43;219.15
41749;451188.86;4795045.9;299.38
8982;450144.01;4794892.12;244.8
74527;450033.44;4794427.41;217.28
8996;450696.69;4794960.58;175.04
74545;451099.82;4794979.16;251.71
41778;450439.56;4794751.67;236.23
9012;450106.43;4794939.99;225.33
74550;450204.9;4794952.8;216.63
41787;451107.99;4794902.17;232.75
9020;450337.75;4795408.63;202.91
74560;450814.25;4794793.85;356.22
74566;450846.74;4794911.28;405.32
74568;450290.44;4794768.63;370.75
74572;450112.02;4794954.86;223.34
74577;450128.97;4794849.27;243.29
9054;451156.17;4795071.58;231.82
9061;450572.34;4795040.15;328.14
9077;451182.47;4795059.32;308.93
74620;450932.98;4794866.01;241.15
41866;450127.9;4794873.11;245.32
41867;450521.12;4794750.47;256.43
41871;450129.59;4794987.43;219.52
9114;450353.06;4795199.65;172.26
74651;450193.06;4794816.1;250.3
41882;450439.77;4794599.82;250.31
74656;450137.78;4794894.64;249.21
74661;450827.62;4794741.69;315.16
41896;450635.42;4795055.64;169.8
74665;450120.57;4794866.46;245.34
74686;450268.07;4794912.3;214.57
41961;451440.77;4794923.09;218.88
41965;450192.22;4795008.98;212.64
9197;451086.12;4794978.88;243.3
74737;451245.49;4794997.92;253.77
74744;449869.99;4794451.07;213.04
41977;451320.54;4794532.42;203.2
41988;450600.82;4795469.66;173.47
9223;450484.66;4795520.51;185.84
9230;449872.91;4794447.26;215.28
42001;451364.36;4794947.06;247.17
42011;450411.92;4795535.51;180.66
42014;450750.95;4794808.7;234.46
74785;450548.97;4794823.33;239.9
74793;450159.27;4794617.61;225.03
74794;450374.89;4795476.02;187.45
42043;450114.62;4794879.41;240.38
74814;450642.9;4795011.75;228.06
42046;451501.84;4794842.3;200.88
42066;450473.47;4795490.7;173.85
42068;450539.65;4794722.53;257.92
9305;450534.22;4794834.31;241.58
42073;450621.64;4794896.62;253.86
74846;450402.42;4795483.63;192.1
9315;450426.12;4794932.98;238.47
42092;450796.61;4794760.0;242.7
9335;450708.65;4794954.4;191.24
42120;450435.58;4794737.25;239.17
9356;450344.78;4795138.07;316.95
9371;450253.63;4795040.65;206.71
9402;450123.78;4794866.59;247.12
74944;450763.48;4794744.65;310.74
74946;450616.18;4794978.78;211.9
9424;449918.81;4794696.03;266.26
9433;450609.93;4795038.73;167.93
9438;451125.0;4794887.09;230.74
9441;450357.05;4794651.01;238.95
42210;450699.08;4794560.04;187.64
42220;450832.63;4794852.89;194.2
9462;451263.46;4794688.01;208.81
75009;450781.25;4794770.21;202.91
75013;450462.41;4795069.9;328.84
75030;450422.68;4795530.65;172.17
42273;450266.72;4794695.04;245.83
9508;450812.37;4794764.36;353.41
75046;450117.64;4794954.25;222.74
42283;450122.67;4794984.97;219.63
9544;450203.4;4794780.22;235.54
75101;450038.5;4794690.62;260.3
75106;450195.26;4794630.0;233.41
75108;450081.55;4794990.61;225.57
9577;450136.13;4794892.31;248.83
75118;451480.73;4794928.49;213.15
42354;451404.76;4794812.73;212.92
75124;450785.03;4794795.33;251.62
42370;450776.66;4794804.24;430.49
9611;450101.63;4794951.73;228.99
9614;450394.5;4795221.84;173.57
75151;450606.82;4794839.32;248.97
42387;451228.49;4794962.57;237.35
42389;451249.01;4794683.4;233.19
75163;450203.84;4794658.05;244.22
75177;450083.64;4794986.45;224.75
75189;450121.4;4794729.33;257.54
75193;450542.24;4794813.89;241.07
9664;450060.06;4794989.17;230.05
9670;451124.14;4795005.37;241.45
75231;450754.57;4794721.15;232.25
9698;450859.76;4794783.75;251.56
9699;451514.16;4794865.51;202.33
42484;450694.43;4794963.63;175.84
42496;450367.48;4795239.85;178.32
75268;451295.62;4794581.86;209.85
75273;449958.85;4794688.1;264.57
42508;450447.18;4795024.35;195.46
75285;450230.76;4794638.65;235.05
42519;450924.89;4794862.93;246.25
9751;450606.95;4794868.79;249.03
42530;450113.95;4794878.94;240.37
9767;449825.58;4794463.81;185.66
9775;451044.78;4794967.96;292.69
75318;450148.19;4794890.48;248.29
75330;450569.13;4794839.03;245.95
75333;450223.64;4794944.75;214.98
75336;450346.35;4795536.72;175.28
9801;451312.59;4794633.86;214.01
75337;450770.99;4794826.57;431.27
9808;450160.12;4794634.56;234.67
75346;450133.23;4794924.34;232.63
9810;450547.66;4794729.0;258.48
42583;451189.38;4795050.67;302.3
75353;450198.93;4794809.06;254.68
42590;450604.42;4795022.63;211.81
75362;449809.68;4794493.94;188.23
75374;450646.76;4795511.7;174.65
42610;450887.95;4794883.07;200.97
42623;450770.65;4794629.99;189.28
9856;450419.52;4794724.94;236.39
75399;450120.28;4794869.78;240.32
42634;450120.92;4794869.49;240.01
42637;450384.29;4794595.56;207.95
42639;450496.24;4794738.17;253.95
42667;451495.38;4794863.16;213.02
75438;450821.1;4794800.22;253.05
75443;450009.34;4794566.18;228.71
9908;449878.35;4794600.16;221.07
75446;450221.74;4794947.18;214.91
75457;450223.84;4794641.57;232.18
42693;451156.85;4794509.31;210.44
42703;451404.44;4794805.08;212.92
75478;450608.72;4795017.87;205.67
9948;450133.48;4794924.45;233.33
75495;450138.37;4794895.11;248.72
9984;450883.07;4794800.65;360.36
42753;450123.95;4794984.83;219.97
75535;450187.81;4794726.59;340.04
42771;450629.58;4795015.76;228.95
42799;450824.69;4794763.41;321.6
75569;449754.99;4794487.95;195.76
10034;451157.68;4795079.4;225.13
75575;450349.73;4795119.99;194.06
42808;450115.7;4794867.65;237.27
10051;451210.08;4795017.6;287.55
10055;450881.94;4794800.14;383.11
75593;450196.48;4794550.37;172.77
42830;451214.54;4795225.76;234.68
75600;450437.89;4794707.22;242.68
10066;450560.25;4794727.12;254.92
42838;451336.23;4794557.93;206.99
42839;451494.82;4794860.08;213.68
10075;451044.03;4794481.03;218.38
42856;450245.7;4794679.14;258.83
42860;450343.76;4794946.54;334.59
42862;450144.42;4794707.7;245.15
75631;450301.34;4794815.2;243.53
42867;450633.12;4795014.11;223.79
42870;450114.05;4794868.26;236.51
42872;450531.37;4795015.91;188.71
42890;450358.56;4795539.92;185.54
10127;449737.2;4794504.95;177.36
75665;450249.68;4794919.74;214.78
75678;450216.68;4794554.9;172.77
42942;450856.95;4794874.96;236.98
42944;450882.07;4794902.83;347.54
42948;450607.22;4794999.24;221.05
10184;450192.74;4794692.75;246.11
42957;450856.29;4794910.59;403.61
10192;451499.89;4794848.78;198.15
42971;450175.92;4794723.33;241.29
75742;450363.92;4795281.29;196.25
75752;450868.97;4794889.51;200.25
10243;450187.63;4794746.24;242.01
75779;449930.18;4794584.8;183.19
10270;450415.41;4795529.06;179.56
10284;450386.59;4794640.93;239.24
43084;451249.14;4794636.78;208.85
43093;450229.18;4794938.1;214.57
43097;449957.75;4794667.51;252.48
43104;449763.7;4794525.33;176.11
75887;450244.72;4794740.56;246.42
75900;450611.16;4794992.16;245.15
10365;450216.25;4794760.16;362.55
43137;450564.35;4794828.6;180.18
43151;450139.22;4794885.86;244.88
43157;450343.45;4795503.5;210.35
75945;451125.65;4794870.15;233.57
10412;449844.47;4794456.96;210.95
75951;450131.14;4794847.25;245.91
75953;450741.84;4794775.43;292.13
10419;450401.3;4794691.89;238.86
43215;449945.23;4794682.64;261.82
43218;450741.42;4794717.21;257.26
10453;450221.41;4794952.66;214.64
10461;450850.73;4794781.25;325.48
10469;450335.65;4795132.17;194.48
76022;451385.6;4794788.74;212.92
10488;450271.62;4794685.46;244.86
10504;451236.75;4794638.59;209.81
76053;451341.28;4794737.66;211.98
10519;450169.78;4794637.25;234.3
76056;450385.83;4794810.15;238.88
76058;450837.25;4794750.14;318.76
76060;450324.43;4794839.78;254.96
43293;450886.3;4794883.64;200.15
10533;450118.22;4794873.36;240.83
10540;449720.31;4794495.52;195.57
10542;451168.12;4795054.31;314.75
76086;450620.15;4795011.04;227.08
43323;450116.29;4794953.89;223.01
43324;450055.07;4794684.93;256.39
43333;451395.94;4794855.27;212.92
43338;450146.76;4794890.64;249.28
76106;451347.43;4794945.09;239.7
43353;450206.04;4794951.29;215.75
10590;450760.55;4794714.33;212.8
10600;450229.69;4794937.64;215.11
76142;451308.61;4794610.52;221.94
76144;450334.39;4795417.7;184.04
76157;450263.82;4794843.39;208.97
10628;450076.06;4794707.14;254.77
10642;451193.35;4795048.68;305.3
43412;450207.9;4794651.41;239.73
43434;450883.66;4794799.16;360.31
43438;451285.81;4794587.76;209.27
10675;449907.42;4794595.01;234.21
43448;450687.49;4794985.82;163.1
43457;450131.6;4794966.82;223.59
76228;450137.76;4794889.32;246.33
76231;450228.89;4795031.16;208.4
10714;450834.17;4794527.52;219.29
76251;451219.46;4794936.75;238.59
10719;451436.18;4794933.06;240.5
76257;451237.07;4794715.36;234.65
76260;449947.97;4794578.73;182.86
76273;450290.12;4795122.2;198.48
10739;450145.56;4794892.72;246.08
10760;449981.6;4794577.59;230.71
76298;450221.53;4794946.67;215.63
76300;450415.62;4795520.13;175.18
10765;450133.06;4794848.11;246.66
76320;450675.52;4794582.02;192.26
10789;450129.51;4794848.82;244.09
10798;450336.09;4794840.49;260.07
43569;450137.34;4794927.6;236.85
76345;450566.32;4794814.32;250.23
76347;450153.79;4794704.45;242.03
43580;450225.5;4794633.18;232.39
76351;451194.36;4794909.29;239.91
10819;450306.99;4794824.83;251.44
10831;451078.44;4794944.4;249.95
76390;450801.36;4794688.84;199.86
76397;450547.24;4794733.98;253.43
76400;449793.81;4794499.9;197.03
43648;450347.92;4794854.46;238.18
10889;450210.99;4794657.45;248.67
10891;450116.14;4794848.19;238.8
76430;451021.15;4794968.38;311.16
76441;450198.92;4794754.63;247.53
76450;451440.55;4794843.27;222.01
76451;450136.03;4794897.09;252.73
10919;450692.66;4794945.35;185.02
76460;450821.72;4794791.98;254.34
43713;451124.01;4794830.65;234.32
76488;451400.52;4794821.2;213.55
43725;450121.75;4794873.98;240.71
10962;451054.84;4795079.98;321.72
43742;451378.82;4794934.54;249.51
76528;450784.73;4794782.0;376.64
11022;451163.59;4795057.86;297.78
76569;450679.21;4794979.15;184.77
43807;450068.36;4794672.16;262.52
11051;450875.73;4794861.68;242.46
76589;450801.05;4794604.65;216.1
76590;450390.24;4795345.36;182.52
43824;450768.93;4794729.98;323.11
11057;450612.05;4795007.87;220.53
76598;450608.63;4795137.72;167.06
11064;451255.76;4794605.44;210.8
11065;450123.09;4794873.54;240.36
43834;450430.14;4795256.55;205.07
11070;450115.8;4794869.05;238.86
11072;450397.67;4795228.84;175.35
76625;450597.81;4794786.29;295.08
11092;450296.18;4794865.46;208.19
76633;450108.29;4794967.53;221.28
43865;450115.48;4794873.66;240.55
43867;450237.37;4794923.34;215.42
11101;450118.59;4794868.38;239.68
76658;451501.63;4794852.4;198.15
43900;450826.39;4794759.3;320.99
11134;449812.22;4794460.53;186.2
76672;450268.92;4794858.64;209.35
43912;450243.99;4794770.18;237.1
11148;450087.62;4794971.25;228.14
76687;450326.49;4794656.24;233.08
76693;451294.58;4794584.45;209.6
11158;451230.25;4795249.08;238.85
76697;450266.92;4794702.23;244.45
11167;450122.96;4794884.19;243.14
11182;450119.06;4794847.31;240.25
43954;450354.29;4795048.67;327.67
76722;450810.9;4794761.24;247.76
11202;450605.45;4795029.75;218.76
11205;451244.42;4794639.4;209.04
43976;449982.05;4794714.54;269.69
76748;451401.25;4794864.51;212.92
11221;450329.48;4795384.16;192.53
11230;450969.43;4794776.65;250.85
76773;450369.07;4795256.02;185.57
11245;450339.43;4795540.29;174.53
76784;450211.26;4794750.33;370.3
76790;450189.48;4794981.69;215.15
76795;450598.58;4794781.59;293.54
44033;450481.08;4795000.78;328.14
11269;449977.82;4794889.72;339.96
76807;450224.44;4794746.42;245.47
76814;450124.16;4794872.68;245.99
44051;450565.87;4794831.51;243.15
11287;449820.28;4794453.59;211.11
76827;451461.95;4794832.77;214.16
76845;450891.61;4794907.86;338.05
76856;450144.45;4794975.45;225.9
44105;450867.42;4794864.07;246.42
11358;450444.79;4794753.8;236.58
11362;450530.62;4794604.84;196.43
11378;450071.8;4794367.33;223.69
76929;450629.85;4795020.29;213.6
11399;449915.42;4794739.12;252.58
76940;450815.05;4794803.45;248.93
44173;451306.49;4794640.79;228.23
44185;450112.43;4794870.26;237.44
11427;450469.62;4795546.68;184.61
11437;451197.97;4794901.79;242.76
44225;450649.03;4794980.27;183.13
44227;450370.22;4795436.95;183.25
44228;450145.62;4794892.18;242.38
44245;450752.58;4794751.04;298.33
44247;450399.22;4795342.38;183.97
77017;450773.9;4794893.64;174.72
44253;449970.09;4794448.59;216.21
77022;450571.84;4795497.69;177.2
77030;450830.59;4794755.06;320.03
44280;450126.84;4794885.73;245.95
11519;451199.69;4795025.2;290.71
77057;450448.78;4795266.28;227.22
77066;451225.21;4795019.42;281.69
11530;451492.05;4794927.16;205.09
77068;450122.78;4794847.69;235.43
44303;450371.43;4795268.09;194.62
11540;450799.1;4794792.19;260.65
77077;450136.61;4794895.46;253.95
11542;450240.14;4794822.13;220.69
77079;450208.53;4794656.61;248.49
44321;450525.65;4794982.81;193.35
77090;450623.53;4794931.27;188.72
77093;449934.39;4794709.32;250.0
77094;450315.84;4794788.17;249.84
44327;450814.03;4794825.01;416.95
77105;450350.73;4795137.25;324.32
44337;450413.8;4795527.76;177.9
77115;450431.61;4794762.13;237.29
77128;451087.93;4794916.16;232.7
11597;450243.4;4795032.88;207.66
11599;449853.74;4794566.75;199.73
44370;450781.11;4794615.35;218.95
77142;450833.1;4794913.17;408.28
77146;450759.0;4794712.33;208.28
44389;449908.23;4794691.93;269.76
77161;450259.06;4795004.44;333.62
77164;450133.75;4794886.57;244.48
44407;450657.0;4794736.41;291.6
77189;450123.61;4794872.01;243.61
11657;451511.24;4794869.57;199.21
77194;449752.2;4794467.34;210.87
77196;450757.5;4794717.08;222.3
44431;450199.7;4794783.5;213.09
11665;450787.44;4794803.49;256.58
44435;449832.09;4794474.02;184.04
44439;450377.11;4795223.6;174.13
44444;450585.48;4795473.72;175.38
44447;450877.16;4794864.93;240.85
11681;450074.21;4794984.1;226.39
11686;450119.27;4794872.29;243.31
11688;450434.49;4795515.01;177.41
11689;450107.81;4794951.84;226.45
44462;450598.4;4795483.83;175.46
77232;450565.68;4795502.65;176.45
77234;451180.33;4795050.61;306.71
44473;450134.78;4794924.05;234.58
77242;450621.25;4794594.51;199.03
11717;450111.33;4794851.79;237.58
44498;450696.74;4794963.4;180.35
77271;450240.75;4794731.58;373.24
44513;451268.76;4794696.47;210.75
11768;450789.7;4794799.18;252.58
11776;450116.49;4794871.88;241.06
11798;450235.71;4794926.65;214.79
77343;450717.45;4794962.97;170.87
44576;450095.78;4794982.54;330.57
11808;451163.08;4795056.61;300.25
11810;450272.9;4794916.8;214.07
11811;451174.51;4794847.21;231.34
44580;449761.88;4794459.23;193.16
77357;450189.57;4794728.11;342.99
77360;450743.91;4794718.8;254.96
11828;450749.33;4794722.45;224.15
11832;450114.12;4794852.39;232.6
11842;450260.47;4794875.94;213.55
11843;450131.28;4794847.14;246.34
11852;450563.77;4794723.94;255.09
77409;450398.91;4795091.35;189.68
44645;451437.25;4794817.0;234.28
11883;450826.78;4794766.1;323.26
11885;450837.8;4794512.77;217.51
44657;450894.17;4794909.01;328.03
44658;450137.36;4794897.78;253.15
44660;450202.27;4795015.21;211.97
44667;451118.32;4794999.72;242.28
77439;449949.56;4794453.92;215.77
77445;450221.97;4794938.55;214.71
11914;451167.15;4794779.26;235.5
77453;450192.85;4794748.63;242.19
11920;450746.76;4794899.29;176.95
44697;451161.35;4794538.15;205.93
44701;450570.1;4794785.44;250.01
11981;449838.24;4794491.24;178.26
44754;450611.06;4794769.17;292.65
11987;450675.8;4795521.63;170.93
77523;449855.96;4794684.75;271.1
11996;450853.53;4794911.49;404.73
77556;450145.35;4794896.3;244.01
44800;451250.63;4794601.55;212.47
12041;450370.57;4795295.47;187.87
77582;450836.9;4794770.92;323.78
77586;450758.98;4794713.64;212.5
12052;450127.97;4794867.16;261.59
77597;450263.38;4794839.12;208.67
44829;450058.02;4794386.44;222.37
12066;451132.2;4794863.59;234.29
12078;450435.57;4795255.36;207.11
12081;450373.38;4795235.62;179.98
44851;450534.08;4794909.4;240.02
44854;450121.54;4794847.46;239.83
44859;450229.1;4794638.59;232.28
44861;450863.73;4794868.18;258.7
12096;451239.93;4794924.24;241.18
77636;450132.32;4794849.32;252.06
12109;450974.8;4794774.63;250.37
77668;450395.4;4795223.88;173.75
12138;450110.68;4794864.73;233.36
44915;450120.32;4794852.25;238.27
44926;451266.58;4794478.86;210.78
12161;450614.63;4794835.84;249.12
44935;451153.37;4795067.35;304.79
44945;450610.51;4795486.27;184.92
44952;450813.84;4794833.78;415.24
44969;450505.57;4794577.16;192.77
77742;450539.45;4794652.62;242.62
44981;450124.17;4794856.11;231.54
77751;450334.49;4795081.8;332.57
77755;450255.13;4794873.33;214.38
45003;450356.42;4794654.03;238.29
45005;450609.05;4794940.46;189.18
45026;449974.0;4794447.5;215.64
12264;450345.6;4795139.46;324.93
12271;451124.02;4795034.8;242.23
45053;451188.49;4795040.58;299.06
12308;450796.65;4794790.75;261.2
45090;450424.54;4795507.61;176.05
77860;450903.88;4794801.86;372.74
45102;449927.51;4794448.71;215.46
45113;450812.01;4794547.93;193.61
45123;449894.92;4794697.22;270.39
45137;450902.38;4794907.99;290.77
12382;451302.62;4794631.15;217.25
45155;450127.34;4794884.89;244.99
12404;450277.37;4795097.76;201.93
45173;450138.09;4794897.32;253.19
45178;450237.94;4794929.82;214.21
45181;451209.6;4795023.91;326.33
12438;451319.99;4794579.93;218.09
77978;450128.19;4794872.99;245.73
77984;450831.53;4794868.33;185.51
45229;450115.45;4794981.44;220.32
77999;450411.79;4795330.95;192.11
12463;451172.74;4795054.76;302.84
45232;450033.44;4794704.11;259.63
12467;451233.55;4794633.58;212.55
12469;450432.37;4794909.46;237.87
12471;450756.18;4794785.22;274.09
78012;451233.02;4794628.51;212.55
12485;450375.54;4795468.57;184.89
45254;450748.74;4794774.34;291.52
12487;450177.89;4794769.86;234.88
45259;450428.1;4794941.83;240.54
78039;451204.7;4795026.03;287.3
45280;450365.7;4795249.73;185.8
45284;450370.73;4795223.22;174.27
45296;450864.25;4794803.92;365.57
45297;450610.06;4794564.01;197.02
12536;450695.41;4794981.87;163.26
45321;450907.28;4794898.54;301.04
45323;451217.69;4795025.59;287.18
45326;450125.01;4794868.66;250.03
45328;450655.96;4794985.67;180.04
45343;450374.12;4794824.45;238.74
45360;450130.85;4794883.84;244.71
12602;450364.7;4795100.6;320.44
12603;450124.62;4794847.69;236.64
78164;450262.95;4794735.53;235.81
12633;450809.32;4794828.79;382.63
12637;450133.94;4794885.57;244.29
45405;450133.19;4794923.56;231.46
12638;450344.05;4794619.79;222.94
12640;450393.22;4795224.46;175.81
78177;450388.2;4795222.33;183.3
45412;450202.67;4794744.57;243.83
12660;451124.7;4794892.63;229.96
12662;450744.26;4794900.53;179.06
45433;450828.41;4794807.53;391.21
12675;451152.88;4795081.18;308.36
12676;450875.62;4794893.01;206.18
12698;450183.91;4794724.06;340.07
78248;450150.14;4795000.86;216.75
45480;450214.48;4794962.88;333.56
45488;450141.05;4794895.09;247.48
12723;450330.65;4794847.92;256.53
12724;450533.26;4794914.56;239.5
78259;450080.47;4794364.71;225.41
45499;450898.73;4794516.69;216.94
78294;450360.0;4794982.0;428.0
45540;450763.63;4794789.53;262.08
78319;450358.22;4794996.17;200.6
12784;450365.77;4795289.75;191.46
78339;449716.36;4794498.38;195.57
45576;450883.07;4794800.65;365.56
78350;450573.47;4795003.4;187.68
45587;450754.95;4794829.42;197.27
12822;450388.4;4794813.41;237.76
45590;449949.17;4794685.44;264.43
78375;450491.81;4795017.02;192.79
78377;450756.77;4794716.84;214.75
45614;450121.49;4794869.0;240.83
12848;450824.81;4794769.86;352.17
45621;451228.24;4794643.72;212.97
45627;450117.36;4794853.55;231.66
78413;450393.03;4795346.13;183.86
12878;451256.36;4794931.45;242.27
78421;450208.71;4794820.24;219.22
45657;450355.46;4795121.96;318.64
45661;451167.88;4795052.01;314.43
12893;451054.93;4795075.16;318.59
78441;450761.08;4794891.61;181.66
78452;450230.19;4794823.15;219.67
78453;450337.24;4795040.79;327.67
45692;450124.44;4794855.28;231.75
45698;450221.22;4794952.38;214.63
12935;450248.96;4794825.68;214.04
12941;450484.89;4795502.24;171.78
45711;450304.64;4795102.01;332.57
12944;450467.69;4795478.21;178.41
78484;450613.02;4795019.63;208.5
78487;451230.22;4794658.92;212.3
45730;451222.39;4794472.49;213.71
78501;451123.79;4795028.0;237.29
78514;450439.39;4795024.35;195.2
78520;450021.31;4794414.58;218.65
12988;449852.29;4794455.84;212.15
78531;451181.28;4794829.8;244.19
45792;450312.75;4795155.49;323.93
13025;450279.88;4794696.93;244.45
45796;450753.91;4794897.47;192.69
13028;449838.84;4794703.2;272.53
13033;450412.73;4795489.77;182.91
78584;450124.14;4794851.43;239.43
78585;451265.63;4794979.45;239.61
78594;450530.11;4794597.02;196.09
45826;451385.49;4794844.24;212.92
45828;450743.16;4794767.17;296.93
78597;450276.0;4794911.26;214.81
78609;450361.24;4795041.62;327.67
78612;451128.53;4794967.96;242.98
78616;450330.07;4795406.09;192.18
13083;449983.62;4794897.23;337.95
13084;450179.7;4794724.85;241.13
13092;450526.42;4794662.02;246.46
45862;450436.88;4795056.95;188.2
45864;450339.21;4795125.6;194.4
45878;450217.28;4794802.38;221.56
45879;450846.81;4794801.06;361.37
45887;450122.29;4794873.85;240.49
13135;450115.99;4794872.88;241.26
78680;451161.32;4795100.02;223.77
78688;450197.31;4794815.71;249.85
78692;450089.97;4794968.07;227.17
13161;449814.13;4794544.4;190.17
13164;450777.64;4794596.48;215.03
13174;450132.25;4794849.45;247.15
45943;451253.71;4794977.5;239.68
13175;451062.14;4794945.99;244.85
45948;451263.71;4794980.7;239.81
13186;450147.9;4794893.89;244.15
13192;450051.81;4794684.31;255.62
13195;450767.32;4794900.96;174.47
13200;450371.57;4794666.99;238.29
13205;450246.9;4794978.14;276.65
78741;450205.58;4794791.51;249.64
78753;450327.17;4795410.63;184.97
78754;450461.68;4794941.68;268.53
45988;450275.31;4794857.25;209.37
13221;450350.68;4794855.32;237.4
45992;450605.17;4794770.6;296.15
13228;450127.74;4794851.26;241.53
13230;450633.32;4794888.49;226.12
46002;451208.48;4795020.89;293.0
46006;450133.21;4794886.9;244.81
13244;450115.95;4794871.31;240.24
78782;449878.89;4794445.71;215.72
13247;450351.31;4794847.49;235.68
46021;450333.27;4795038.82;303.44
78797;450142.17;4794886.16;246.73
13269;450540.31;4794646.56;243.12
46045;451304.06;4794635.63;217.25
46053;450141.69;4794886.6;245.67
46058;450852.68;4794800.65;360.85
78835;450309.18;4794645.72;223.92
78840;450125.78;4794866.31;251.33
78844;449784.06;4794506.37;196.97
46080;450131.22;4794850.2;244.71
13313;450375.65;4795094.53;332.44
13314;451445.88;4794841.9;212.92
13317;449898.38;4794601.2;229.56
78855;450042.41;4794684.02;256.94
78859;450113.12;4794858.13;232.52
78863;450811.72;4794803.43;358.38
46096;450121.5;4794849.33;238.99
13336;450307.48;4794597.32;242.8
13345;450375.25;4795104.4;326.49
78886;450119.55;4794879.4;241.41
78887;450110.84;4794856.67;232.41
13352;450079.92;4794680.72;258.64
78896;450851.12;4794784.86;325.49
78900;450164.9;4794915.66;233.23
46132;450770.01;4794727.3;324.98
13387;450230.59;4794927.94;215.29
46183;451127.98;4794849.6;232.4
46186;450159.45;4794996.96;216.87
46190;449880.08;4794596.66;207.22
46198;451150.13;4795087.29;229.71
78974;450124.5;4794872.42;247.89
13463;450214.37;4794629.44;232.59
46257;450113.59;4794856.2;232.74
79033;450532.86;4794593.18;192.26
46270;450022.84;4794409.47;218.54
79042;450536.72;4794952.73;255.22
13507;450450.17;4794742.09;236.5
13513;450787.67;4794790.06;248.79
79055;451106.38;4794951.54;257.63
13523;450412.32;4795512.87;174.73
79064;450437.39;4794948.47;239.35
79073;450354.24;4794988.74;201.8
13549;450348.27;4794980.69;203.38
79086;451206.38;4795029.94;284.93
79092;451426.37;4794925.71;240.8
13560;450810.52;4794803.46;245.99
13570;451329.5;4794618.53;210.27
79108;449769.64;4794527.57;176.56
79110;450117.2;4794870.08;240.7
46348;450808.42;4794828.11;383.87
13581;450564.19;4794780.45;251.99
13586;450747.43;4794710.84;251.49
13596;451505.66;4794868.0;199.21
13602;450850.36;4794904.54;397.21
13609;449934.59;4794642.83;217.28
46389;450129.12;4794922.45;333.73
79162;450104.85;4794977.98;218.37
46397;450136.27;4794925.56;236.76
13631;450282.08;4794916.61;214.36
79169;450164.39;4794634.03;234.82
13638;450337.11;4794794.56;251.76
46415;450118.1;4794848.03;239.57
13655;450777.16;4794849.07;181.25
79191;451089.51;4794928.15;233.09
46430;450255.22;4795014.03;212.18
13673;450236.2;4794925.1;215.25
13675;450123.3;4794943.52;336.45
46444;450627.87;4795000.09;164.13
13681;450408.33;4795243.52;185.73
46449;450356.98;4795296.39;189.67
79217;450678.49;4794725.74;240.2
79219;450395.91;4794876.5;233.96
79240;450264.17;4794739.29;238.26
46474;450321.98;4795150.48;321.92
13716;450136.84;4794851.06;249.74
79258;451151.13;4795096.44;309.86
46498;450756.5;4794716.54;216.01
79279;450502.86;4795505.15;171.36
79282;450223.38;4794641.64;232.52
79293;451483.43;4794918.24;212.47
46545;451186.11;4795040.19;300.67
79340;451141.78;4795134.5;321.36
46578;450401.85;4795322.01;194.59
13812;450256.87;4795046.2;206.04
13819;450551.98;4794733.73;256.25
13821;450123.65;4794865.66;246.47
46595;450020.11;4794915.93;335.74
79363;450110.26;4794857.75;232.3
46596;451459.4;4794837.05;213.1
46598;450118.38;4794868.78;241.1
13845;450371.21;4794900.17;239.78
46624;450430.47;4795259.75;205.48
79398;450878.36;4794515.63;219.81
13864;450456.93;4794950.35;237.74
13896;450394.47;4795356.39;184.37
79434;450119.95;4794965.72;228.04
79436;450826.57;4794774.18;357.81
79437;450223.13;4794986.4;213.61
13902;450899.88;4794911.14;291.64
13926;451339.52;4794548.83;205.15
79463;450277.14;4794996.06;207.2
46703;450266.1;4794741.91;416.22
46705;450705.28;4794961.83;176.88
79475;450688.58;4794943.25;180.6
79476;450415.96;4795530.42;180.88
13946;450138.07;4794911.77;230.81
79484;450195.35;4794700.63;251.96
46720;450222.22;4794939.71;215.46
13955;450388.47;4794640.15;240.99
79494;449947.06;4794662.97;256.49
13964;450041.6;4794938.12;337.65
46733;450134.85;4794924.36;234.9
13965;450245.5;4794739.37;244.2
46736;450155.6;4794845.18;249.43
13970;450510.34;4794735.66;252.97
13980;450792.03;4794781.95;378.88
79520;451305.91;4795235.7;241.3
13990;450369.32;4794899.51;240.83
79527;450475.17;4795012.82;328.14
79531;450459.17;4794750.77;237.42
46764;450208.96;4794742.08;367.2
79532;450433.12;4794621.0;236.83
79537;450125.54;4794884.63;243.48
14001;450694.25;4794570.95;190.62
46773;450407.31;4794622.52;246.6
46779;451180.23;4795053.77;307.05
79548;451232.27;4794625.72;212.69
79549;450366.65;4795394.68;202.87
79557;450656.03;4794974.85;181.87
14041;451500.77;4794846.02;198.15
46813;450126.07;4794886.15;244.32
46825;450225.93;4794949.78;214.5
46842;450406.52;4795339.98;184.5
79623;451213.87;4794600.11;212.75
14117;450116.88;4794852.08;237.75
79667;450124.52;4794853.59;232.93
14134;450417.85;4795519.86;174.62
14135;450135.33;4794850.45;247.81
46902;450610.98;4795490.16;183.82
79685;451395.88;4794795.18;212.92
46934;451231.07;4795016.95;282.72
79706;450353.94;4795386.58;182.75
14171;449821.7;4794452.04;211.19
14176;450129.3;4794884.95;245.01
79764;450113.37;4794857.17;232.56
14229;451183.7;4794848.51;232.84
79774;451411.92;4794827.4;212.65
14246;450844.11;4794784.03;247.61
47015;450256.24;4794923.53;199.17
47017;450533.79;4794874.17;242.64
14257;450165.74;4794914.07;229.38
14271;451265.34;4794603.96;214.75
47049;450797.93;4794779.06;250.42
14282;450141.44;4794891.87;246.44
47050;450820.35;4794792.86;193.13
14290;450191.27;4794772.56;234.88
14295;451126.04;4794939.01;258.62
47068;450352.37;4795421.22;193.01
79840;450210.72;4794744.61;248.55
47086;450134.79;4794740.72;256.31
47088;450693.88;4794944.66;179.18
47099;450586.14;4794849.87;247.45
14343;451001.88;4795043.37;258.53
47123;450800.84;4794760.85;245.0
79891;450319.17;4794847.71;230.02
47125;451088.8;4794942.94;246.55
47127;450828.31;4794525.14;205.09
79896;450768.19;4794732.52;319.98
47152;450125.44;4794866.59;249.46
47159;450370.61;4795087.57;332.44
79929;450354.85;4794941.99;334.36
79931;450792.51;4794645.65;191.15
14395;451239.61;4794601.92;211.62
47178;450589.19;4794895.7;254.65
79956;451461.75;4794924.6;219.18
14424;450656.3;4794980.18;183.98
79966;450336.59;4795415.71;185.0
47201;450555.65;4794897.82;244.3
79970;450114.65;4794867.74;236.5
47209;450750.45;4794723.35;224.5
47212;450164.42;4794906.36;234.69
47214;450121.07;4794852.25;238.43
47229;450124.5;4794851.19;239.82
14466;451250.35;4794598.94;214.12
14476;450421.1;4794942.22;238.37
47249;450772.45;4794703.27;301.95
47254;451085.06;4794920.93;233.88
80030;450860.4;4794861.49;257.13
80047;450143.37;4794892.32;245.27
14532;449776.09;4794529.37;179.66
14543;451159.48;4794784.62;240.9
14553;450139.7;4794988.35;218.84
80096;450115.96;4794880.49;240.47
80101;450755.58;4794725.29;226.78
80102;450142.74;4794750.7;256.37
47348;451181.15;4795038.2;237.42
14592;450113.47;4794848.71;238.4
47360;450813.82;4794785.23;358.22
14600;450449.51;4795080.33;323.63
80139;450172.64;4794934.11;223.79
47372;450237.09;4794951.85;216.05
80140;450132.32;4794747.0;261.29
47374;449743.77;4794532.83;178.17
80143;450881.46;4794795.35;385.22
14612;450212.07;4794969.13;214.91
14628;450402.22;4795339.03;184.28
14632;450480.54;4795535.22;178.65
14638;450786.88;4794776.21;263.17
80182;450542.98;4794910.23;240.28
14656;450789.88;4794790.79;267.16
80199;450346.95;4794974.92;211.07
80212;450635.47;4795510.87;175.66
80217;451321.27;4794570.46;226.65
47451;451011.29;4795089.98;322.23
80220;450424.68;4795521.29;179.36
80250;450229.46;4794929.74;214.77
47488;451099.22;4794971.7;259.0
47490;450273.11;4794753.77;370.4
14725;450534.92;4794906.47;240.43
47495;450660.27;4794952.99;177.59
14727;450131.2;4794922.49;229.82
80278;450241.72;4794824.14;218.86
14743;451301.48;4794584.53;209.65
47515;450800.63;4794824.36;386.71
47518;450785.59;4794811.83;418.94
47548;450232.43;4794644.42;231.59
47549;450807.14;4794806.31;246.85
47569;450224.08;4794938.09;215.58
14802;449968.71;4794710.31;264.6
47571;450145.69;4794695.51;246.64
14804;450772.44;4794703.58;277.47
14821;450588.17;4795492.34;178.89
14822;450549.73;4794889.25;247.15
47592;450712.91;4794607.91;197.92
80361;450499.21;4795492.02;172.17
80368;450141.29;4794895.29;247.25
80376;450248.53;4795034.64;206.93
47638;451490.54;4794829.91;208.17
14879;450116.42;4794872.83;240.74
14885;451339.15;4794557.73;206.36
47654;450131.03;4794743.29;262.79
14889;450201.02;4794728.62;348.84
47660;450138.96;4794992.83;218.32
14895;450530.97;4794926.33;245.47
80434;450355.05;4794982.03;400.8
47675;450438.98;4794713.29;252.55
14911;451122.91;4794951.3;263.27
80456;450596.95;4794563.43;193.56
14921;450737.07;4794739.62;270.22
47698;450307.26;4794852.36;204.8
47711;450120.27;4794955.66;222.72
80486;450260.44;4794904.76;215.88
80509;450848.66;4794817.51;371.12
80522;450888.55;4794884.85;206.77
14989;450358.52;4795006.48;201.34
80530;450280.88;4794763.13;370.68
14995;450714.58;4794729.56;257.56
47768;450388.62;4794877.38;230.52
15007;450270.06;4794653.84;231.94
47775;450138.99;4794884.55;245.94
15008;450428.17;4795257.8;204.86
15012;450758.42;4794711.66;209.82
15019;450615.17;4794586.49;198.15
80557;450632.02;4795011.82;227.08
47790;450129.84;4794848.31;244.96
80578;449906.53;4794639.61;219.05
15043;450525.08;4794862.13;243.14
80584;450996.75;4795031.95;330.0
47818;450162.2;4794903.44;239.69
80586;450124.08;4794866.18;246.35
80587;450990.68;4794771.21;249.23
47825;450294.65;4794959.26;332.95
47828;449939.49;4794707.62;252.17
15063;450491.68;4795505.45;176.06
15066;450648.54;4794586.29;194.05
15069;450114.23;4794945.06;336.13
80614;450751.83;4794726.66;231.04
80624;451320.52;4794729.0;210.47
15099;450692.27;4794941.9;178.21
15118;450224.91;4794937.45;215.64
80658;450208.78;4794745.11;364.92
47899;450123.25;4794871.89;242.6
47904;451230.54;4794958.34;237.44
80676;450245.91;4794746.79;453.04
15158;450568.97;4794828.6;180.18
80695;450872.37;4794801.07;365.16
47927;451184.28;4795142.93;234.5
47931;450699.79;4794941.85;184.82
80707;450136.26;4794850.73;249.16
47953;451219.06;4794992.34;243.32
80728;450824.81;4794769.86;355.77
47963;450927.93;4794870.92;236.57
80734;451402.58;4794821.19;213.98
47974;450728.12;4794787.31;279.44
80744;450652.0;4794688.5;243.94
47982;450359.69;4795539.26;175.51
80755;451422.47;4794824.82;212.77
80759;449911.03;4794730.62;246.37
15228;450562.74;4794828.76;242.51
47998;450863.56;4794694.4;190.09
80776;450701.13;4794595.97;193.61
80792;450364.95;4795116.7;193.17
48028;451331.15;4794944.16;246.29
15269;450141.54;4794886.0;246.71
48050;450325.95;4795150.11;321.57
80829;450117.14;4794854.53;231.31
48068;450265.45;4794738.52;369.61
48069;450376.68;4795432.72;182.17
80844;450221.54;4794971.83;333.56
80851;450724.27;4794726.73;255.88
15319;450655.07;4795002.14;172.12
80864;449947.29;4794690.39;264.76
15336;450727.77;4794727.3;263.61
48105;450351.83;4794850.54;235.59
48109;450482.78;4794953.94;199.74
15347;451093.64;4794957.21;249.71
80884;450528.37;4794870.13;243.21
48128;451387.38;4794918.95;248.66
80910;450077.19;4794573.1;179.7
48148;450814.8;4794777.66;358.6
80922;450357.98;4794571.27;173.58
48164;451305.86;4794696.62;203.97
80936;450260.98;4794740.83;413.08
15406;451165.23;4795057.05;303.03
48178;451378.26;4794948.03;248.94
48185;450255.11;4794770.31;234.3
48187;450866.74;4794891.97;206.01
15425;450135.71;4794896.79;252.99
48194;450120.35;4794880.19;241.96
48203;450132.96;4794949.84;228.56
48211;451189.9;4794485.01;204.59
80985;451301.89;4794622.77;226.63
48219;451269.05;4794634.27;206.09
15452;450244.87;4794750.07;465.19
48221;450324.11;4794988.79;204.73
48225;449782.8;4794462.39;191.38
15458;451479.23;4794845.24;214.03
15472;451481.51;4794920.82;213.9
15475;450877.21;4794794.41;386.47
81031;449936.44;4794717.72;261.6
48265;450645.52;4794686.0;244.89
15523;450449.06;4794745.12;236.59
81068;451115.39;4795000.29;242.64
81075;450216.32;4794951.65;214.75
15555;450146.0;4794893.03;245.55
15568;450361.28;4795548.41;181.09
81107;449888.59;4794447.07;214.69
15577;451197.75;4794906.28;242.76
81114;450821.98;4794788.97;257.26
48350;450244.81;4794746.95;453.06
48360;450760.53;4794719.94;218.09
81134;451427.43;4794810.79;237.82
48367;451221.84;4795239.47;239.24
15621;451211.73;4794960.38;220.86
15630;449771.12;4794487.17;189.43
81169;450821.76;4794525.02;206.48
48402;451084.64;4794912.22;231.03
48425;450251.68;4794992.63;333.56
48435;450783.7;4794737.05;333.12
48444;450832.39;4794753.29;319.07
81213;450803.97;4794541.99;193.78
15679;451158.16;4794756.65;241.01
15683;450591.71;4795498.16;182.21
15685;450331.6;4795413.81;192.23
15711;450189.04;4794628.91;231.48
81254;450145.72;4794886.57;245.47
81256;450238.17;4794858.8;215.47
15722;450090.15;4794965.97;227.02
81261;450228.8;4794937.85;216.43
48506;450866.57;4794889.38;205.92
81280;450425.24;4794902.98;237.93
15751;450041.97;4794696.82;260.32
81288;450123.67;4794884.08;243.19
48523;450194.58;4794749.64;241.85
15757;450111.08;4794981.12;219.35
15761;450395.17;4794689.81;238.29
48535;450118.42;4794878.15;240.98
48568;451131.06;4794844.69;232.4
15819;450391.68;4794809.93;237.5
81362;450129.78;4794850.6;243.58
48606;450473.46;4795068.88;326.63
15848;450114.19;4794848.86;236.78
48617;450600.09;4795470.85;174.16
81389;450455.0;4794745.68;236.49
81390;450443.75;4795262.81;211.64
15855;450815.13;4794819.25;414.59
48632;450220.12;4794950.59;214.61
81410;450774.96;4794823.69;432.22
81414;450778.14;4794808.43;427.88
81420;451404.02;4794871.45;212.92
15892;451178.71;4794911.76;240.6
48669;451141.89;4794508.79;207.26
48673;450110.1;4794861.06;234.73
48681;451062.43;4794950.41;272.01
15915;449724.66;4794494.84;195.72
48685;450408.61;4794889.89;237.61
15926;450687.99;4794767.7;277.03
48704;450521.13;4794751.6;251.05
15942;450369.32;4795121.23;192.35
48715;450146.29;4794891.35;247.25
81504;450809.32;4794828.45;365.73
16004;450702.23;4794948.47;175.48
48775;450122.07;4794887.86;244.67
16012;451333.55;4794728.48;211.98
16040;451210.61;4795025.37;293.81
16046;451300.05;4794935.39;245.99
81589;450219.25;4794940.63;214.79
48836;450190.25;4794817.74;250.87
48839;450259.33;4794987.32;222.61
81607;450761.33;4794890.84;176.65
16089;451123.41;4794955.48;265.49
81634;450130.2;4794850.26;244.13
48870;451158.91;4795154.59;317.18
48874;451218.48;4794860.62;244.59
16108;450114.77;4794866.56;236.19
81645;450468.42;4794950.21;288.31
48883;450894.13;4794912.47;296.63
16117;450261.48;4794859.33;215.55
48896;450461.21;4795006.28;196.1
16129;450368.21;4795278.29;197.39
81684;449970.34;4794712.46;264.6
16155;450231.65;4794555.86;172.77
48930;450237.55;4794918.97;201.42
16180;450356.81;4795544.33;174.39
81720;451159.68;4794502.87;206.39
48961;450114.1;4794852.1;232.81
48976;450486.24;4794958.08;199.38
81744;450464.28;4795068.91;331.54
48980;450150.47;4794888.8;248.91
48988;451178.21;4794566.44;230.67
48993;450363.36;4795277.52;200.03
16227;450828.52;4794911.87;409.74
81768;450417.05;4795532.52;180.24
81769;450148.84;4794930.73;226.43
16236;450251.69;4794736.3;410.31
81778;451225.92;4794885.07;241.94
81786;450151.69;4794684.03;247.44
81788;451209.05;4795021.02;291.28
49024;450340.74;4795553.2;177.24
49038;450775.14;4794899.82;174.61
49056;450138.43;4794884.68;246.0
81838;450446.38;4794938.28;263.11
49072;451390.19;4794836.24;212.92
49085;450129.84;4794872.78;245.42
16318;450477.56;4795071.8;328.14
49098;450357.37;4794997.5;201.81
81881;451110.78;4794991.28;242.46
81890;451278.37;4794700.95;210.75
49135;450750.68;4794718.19;238.05
49137;451325.98;4794589.39;213.88
49141;450338.26;4795043.78;327.67
49160;450135.02;4794921.13;231.62
81930;450216.44;4794951.64;215.78
16394;450605.01;4795034.15;174.63
49164;450666.24;4794706.67;238.74
81937;451092.04;4794961.6;245.04
16447;450491.77;4794772.49;239.57
81999;450116.28;4794869.69;241.85
16471;449962.8;4794713.62;261.86
49241;451360.89;4794753.55;212.92
82014;450341.31;4795419.7;189.35
16478;451417.69;4794921.65;246.84
16486;450082.85;4794671.34;253.13
49262;450472.46;4794770.38;237.87
16496;450399.24;4795115.85;182.06
82034;449805.21;4794488.46;189.45
16513;450860.39;4794906.59;377.79
16514;450169.81;4794832.29;249.18
82060;451189.29;4795050.71;301.91
82065;450701.11;4794958.94;176.16
49299;450350.35;4795122.83;194.26
82074;450614.3;4794829.56;248.68
82075;450021.1;4794415.74;218.44
82082;450191.64;4794727.13;344.79
49334;450122.51;4794856.13;231.1
49335;451209.66;4794953.63;201.64
49337;450729.65;4794740.42;266.82
16570;450611.27;4795179.57;167.06
49345;450819.84;4794794.32;254.45
16604;449768.45;4794527.4;176.48
16609;450871.44;4794905.44;352.23
49380;450859.64;4794800.83;408.08
82175;450323.73;4794832.04;253.49
82184;450603.53;4794903.36;253.08
82187;450607.93;4795161.71;167.06
49422;450812.15;4794764.51;243.87
49432;451232.59;4794663.77;212.21
49437;450808.88;4794782.66;381.56
49440;450182.56;4794680.08;244.53
49452;450153.4;4794892.0;236.75
82221;450567.38;4794570.89;193.03
82225;451149.16;4795075.63;306.94
16699;450206.07;4795016.71;211.34
16702;450211.55;4794960.17;215.22
82239;450132.99;4794883.75;251.42
16706;450335.75;4794974.48;208.44
82243;450451.6;4794745.02;236.35
49476;450748.49;4794720.73;238.38
49484;450847.0;4794917.0;426.0
16739;450626.54;4794921.82;192.86
16743;451184.29;4795035.44;300.21
49513;449804.3;4794455.06;210.89
82285;450003.21;4794912.65;337.24
16768;450346.59;4794979.27;368.7
49538;450087.63;4794995.86;337.4
82313;450124.9;4794887.2;247.84
49554;450126.92;4794851.38;240.89
82322;450526.51;4795489.15;169.17
49557;451025.8;4795087.18;319.62
49569;449900.88;4794590.69;185.8
49578;451158.83;4795057.17;311.81
49594;450624.71;4795501.68;175.88
82364;451203.28;4794644.37;252.19
82367;450272.6;4794918.76;213.83
16831;450113.4;4794864.91;235.35
82368;449951.48;4794675.63;261.49
49606;450325.45;4794832.58;254.03
16839;450560.04;4794760.92;249.77
49608;449958.47;4794568.1;188.0
82389;451183.57;4794912.97;240.6
82393;450844.97;4794516.75;217.51
49629;450120.01;4794868.08;244.56
16864;450221.83;4794637.07;235.12
16879;449951.5;4794450.76;217.74
82423;451147.28;4794814.73;237.78
82425;450404.71;4795513.27;173.55
16905;451240.28;4795005.97;257.17
49684;451187.43;4795043.14;307.02
16928;450302.5;4794815.75;249.58
82465;450137.24;4794888.64;246.12
49708;450515.84;4794786.97;240.77
82477;449939.27;4794689.67;265.57
16944;450913.13;4794854.01;261.21
82481;450240.55;4794996.27;210.14
49715;450813.93;4794810.72;407.38
82485;450123.34;4794887.95;244.4
16956;451013.62;4795097.11;321.58
16957;450124.69;4794868.69;244.59
82496;450245.45;4794931.42;215.63
16964;451122.02;4794943.32;258.2
82503;451202.27;4795026.24;310.35
49739;450110.6;4794854.63;232.49
16973;450528.96;4794744.05;256.83
16976;450130.64;4794850.1;244.22
49753;449937.56;4794686.83;266.01
49755;450406.24;4795067.03;191.62
49774;450386.57;4795144.99;174.94
17009;450215.63;4794953.52;220.49
49784;450480.7;4795523.57;172.98
17024;450750.67;4794723.51;222.67
49794;449891.73;4794447.54;214.3
82584;450121.43;4794874.48;241.73
17049;450402.72;4795095.39;188.7
82607;450785.89;4794577.21;222.53
49841;450356.8;4795536.57;174.74
82609;451080.45;4794960.51;261.44
17074;450566.54;4794824.65;242.61
82616;451159.26;4795069.07;234.5
17083;450301.99;4794860.05;206.36
82622;450141.99;4794980.94;220.36
49865;450260.7;4794919.8;213.5
17108;450781.01;4794812.0;447.09
17115;450795.45;4794782.73;251.28
82663;450492.83;4795030.98;189.85
49898;450226.41;4794647.83;232.06
49910;450128.09;4794850.29;242.08
49921;451171.9;4795055.85;304.18
49926;451079.07;4794972.53;243.8
17166;450334.79;4795410.49;191.9
17171;450445.33;4795261.61;212.36
82722;450764.2;4794787.73;266.66
17189;451201.93;4795023.32;287.24
49964;449992.15;4794713.13;270.23
49972;450611.44;4795488.99;185.01
17205;451097.45;4794981.61;242.39
17219;450781.43;4794749.19;323.19
82763;450377.89;4795480.78;187.58
17237;451346.48;4794564.33;229.42
82796;451121.32;4794969.76;244.56
17262;450238.49;4794929.18;214.29
17268;450102.84;4794929.63;233.41
82811;450900.92;4794906.0;291.12
82822;450633.57;4794990.41;185.07
50056;451211.85;4795013.28;286.0
82828;450817.56;4794784.77;244.92
17292;450563.36;4794827.18;191.67
82835;450360.38;4795113.68;325.23
50069;450186.87;4794754.73;234.63
82838;450810.15;4794827.42;417.58
82856;451184.22;4794909.22;242.93
82860;450733.82;4794787.41;277.25
17333;450393.78;4795350.64;184.66
50107;449955.69;4794668.53;250.26
50108;450457.44;4795051.94;328.14
82881;450791.13;4794820.49;390.74
82882;450110.38;4794856.35;233.24
17358;451387.2;4794841.78;212.92
82895;450619.2;4794579.75;197.34
17360;451063.07;4794804.38;244.3
82903;451330.93;4794547.0;204.69
50161;451100.09;4794907.39;231.75
17398;450607.49;4795466.92;170.76
50172;451275.57;4794927.9;243.75
82941;450538.45;4795495.95;169.41
50204;451397.95;4794828.38;212.92
17440;450363.33;4794658.82;238.29
50225;451403.74;4794825.28;212.92
83005;450889.21;4794881.9;203.24
83006;450477.38;4794769.37;238.35
83008;450691.73;4794958.2;177.31
17478;449866.24;4794686.34;270.12
17519;450486.1;4794951.33;220.92
17525;450794.82;4794781.33;271.25
83068;450400.4;4794882.5;237.03
83076;451002.16;4795025.83;333.0
50309;450537.29;4794879.55;242.92
83089;450177.56;4794733.41;230.31
17558;450114.03;4794849.25;241.25
83094;451164.83;4794820.67;239.0
50338;450891.32;4794882.36;202.32
50339;450629.44;4794689.36;252.79
17577;451412.26;4794914.56;218.41
50351;449828.85;4794510.62;175.17
50352;450368.0;4795248.43;184.2
83126;451276.55;4794593.27;209.43
50370;450293.53;4794694.55;235.93
50376;451117.58;4794488.91;216.47
83145;450390.64;4795093.43;332.44
83146;450322.33;4794964.16;332.79
83165;451148.86;4795088.94;307.65
50402;451423.04;4794922.14;239.31
17646;450809.17;4794746.29;326.21
83184;450487.81;4795517.44;183.56
17662;450542.94;4794727.24;258.72
17664;450760.51;4794711.21;209.85
50435;450544.82;4794725.12;258.42
17668;450009.22;4794437.58;216.96
83207;450404.45;4795546.81;182.57
83220;451025.32;4794491.64;217.68
17693;450333.95;4794850.21;256.06
83231;450598.33;4795459.65;172.27
50470;450289.38;4794674.43;225.5
83248;450266.72;4794912.5;198.72
17735;450058.02;4794386.44;220.87
83282;450192.42;4794704.8;255.29
83283;450613.46;4794775.56;291.08
50517;450784.85;4794605.11;222.28
83303;450150.58;4794850.07;249.43
83311;450469.69;4795483.3;169.66
17788;450668.64;4794998.69;172.12
17794;450132.03;4794849.98;245.54
83337;450441.56;4795015.51;196.18
83347;451147.12;4794500.43;206.39
50586;450536.46;4794588.81;189.86
50591;450837.54;4794744.53;319.75
17828;450800.18;4794764.62;320.34
83373;451423.39;4794918.79;242.45
83375;450527.89;4794795.09;244.07
50615;450134.44;4794849.0;247.15
83384;450123.69;4794873.07;238.97
83386;451120.86;4794860.15;233.0
83396;450534.72;4794832.41;241.36
17860;451423.85;4794830.61;235.75
83404;451506.9;4794944.45;219.41
50639;450133.65;4794922.78;231.52
17878;450123.05;4794872.57;244.27
50661;449800.75;4794463.05;190.48
50665;451148.97;4794961.57;273.67
17901;450367.04;4795224.77;172.64
17914;450349.04;4795009.69;332.61
83452;450238.38;4794646.77;234.0
50685;450189.15;4794988.91;213.73
83455;450750.06;4794747.52;295.93
50706;451202.57;4795031.33;291.44
17941;450674.17;4795083.97;167.06
83493;450887.18;4794882.61;197.82
50736;450856.27;4794910.56;413.93
50739;450451.69;4795016.2;194.91
17973;451201.51;4794955.38;217.69
17974;450152.41;4794675.03;239.69
50747;451265.23;4794606.13;213.73
50755;449951.36;4794661.64;256.57
17989;450570.89;4794849.41;247.06
83532;451433.89;4794931.26;222.8
18019;450121.82;4794856.04;231.01
50790;451123.75;4795085.34;315.07
83562;450553.73;4794728.0;257.83
83564;450310.76;4794785.61;250.24
50810;450380.85;4795530.05;175.39
18053;451242.61;4794638.56;209.04
83595;450141.75;4794883.36;247.01
83602;450564.63;4795528.8;192.88
83630;450217.09;4794633.18;223.81
83636;451105.59;4794967.97;259.9
83641;450876.99;4794893.83;206.23
83642;451257.45;4794639.68;208.85
18118;449718.86;4794497.67;195.57
18130;450882.14;4794870.63;238.83
50909;450124.75;4794867.02;244.71
18147;450111.08;4794855.16;232.48
50926;450603.43;4794981.77;212.55
50933;450153.71;4794934.82;225.36
18166;450367.06;4795224.41;177.96
18187;450606.67;4794890.14;252.15
50956;450132.52;4794849.86;245.97
50967;450469.4;4794767.7;238.88
18201;450623.23;4794990.12;185.07
83737;449956.07;4794674.89;256.67
50971;450110.57;4794865.03;233.56
50980;450755.5;4794713.77;215.89
18216;451246.3;4794934.76;240.74
83753;450455.19;4794939.2;267.06
18223;450786.65;4794778.03;377.45
18241;450538.1;4794939.09;251.08
83786;451501.75;4794935.84;218.94
18251;450541.24;4794732.18;251.99
51022;450658.88;4794747.57;290.01
51024;450372.17;4795276.86;195.2
18263;450147.34;4794849.45;249.43
83808;450662.96;4794971.92;181.63
83820;451301.39;4794712.13;207.77
18286;450621.64;4794896.62;253.56
18296;450114.69;4794852.59;239.81
51066;450860.8;4794888.96;205.17
18309;449780.17;4794461.18;191.38
83851;450541.89;4794898.89;246.23
18318;450418.06;4795501.27;177.71
18328;450724.09;4794774.9;285.52
83867;451096.66;4794500.93;203.16
51104;450380.83;4795028.1;197.42
83873;450193.25;4794765.55;233.78
18345;450080.35;4794674.07;254.11
83885;450125.62;4794869.21;244.58
83886;450434.67;4795494.78;178.18
83895;451505.72;4794855.83;198.68
83903;450790.01;4794697.21;199.95
18368;450136.72;4794887.85;245.7
83905;450274.15;4794746.95;422.16
18379;450880.61;4794868.75;240.08
83917;450774.76;4794708.12;336.91
83919;451186.02;4795039.99;301.26
51155;450136.03;4794984.61;220.91
83924;450807.52;4794774.95;244.51
51181;450082.64;4795010.08;334.19
18450;450808.83;4794830.99;383.15
51220;450835.64;4794854.44;195.44
18452;450598.56;4794720.97;252.95
83993;450098.93;4794696.04;254.07
84006;450676.65;4794731.34;209.89
18488;451118.92;4795084.9;314.73
84025;450799.17;4794524.85;200.77
84038;451223.37;4795018.4;279.95
51275;450206.06;4794745.99;243.95
51302;450250.85;4795036.42;206.8
18535;450989.73;4795069.71;318.62
18546;450473.06;4795476.01;181.76
51315;451444.43;4794924.11;218.95
51317;449876.2;4794629.55;235.06
51319;450121.3;4794875.12;239.93
84111;450128.55;4794849.82;242.58
84118;450208.14;4795017.83;210.48
18582;450089.08;4794977.12;330.73
18584;449741.97;4794444.96;213.02
51359;450124.99;4794867.27;245.89
51360;450156.38;4794934.58;225.88
18594;450366.84;4795435.98;184.89
84132;451264.42;4794599.57;211.71
18599;450484.17;4795535.01;180.92
18607;450312.75;4795155.49;321.93
84156;450103.31;4794935.89;230.75
51388;449779.12;4794505.13;196.97
51391;450774.25;4794765.12;207.91
51396;450834.12;4794855.66;194.28
84174;449793.76;4794533.73;180.88
84185;450569.57;4794839.22;245.44
51418;450617.7;4794685.44;252.11
18652;450683.09;4794959.63;180.08
18658;450360.68;4795545.9;184.65
18664;450124.73;4794867.96;245.76
18665;450578.46;4794827.46;241.86
84213;450349.52;4795118.35;323.88
51452;451377.01;4794930.07;248.66
18684;450815.63;4794776.94;358.5
84223;451377.29;4794665.44;208.6
18688;450040.97;4794685.53;256.65
51496;451408.62;4794925.5;248.57
84282;451117.77;4794967.95;244.21
84284;450343.91;4795551.43;177.24
84289;450551.54;4794919.09;238.11
18759;450086.38;4794972.01;228.35
18763;450435.77;4794935.6;237.83
51533;450298.42;4794987.64;208.67
84305;450112.17;4794852.73;232.69
51547;451186.97;4795045.37;305.88
18781;450258.44;4794950.74;215.5
84330;450133.94;4794850.76;247.3
51570;450927.93;4794870.92;233.67
84343;450308.92;4795158.55;325.28
51575;450262.54;4794756.7;235.22
18810;451176.46;4795120.12;230.45
18816;450631.11;4794989.89;163.83
51586;450485.94;4795502.01;171.78
84356;450213.84;4794940.02;215.73
84360;450085.62;4794710.62;254.41
51600;451178.6;4794911.16;243.77
18834;450808.92;4794767.03;240.05
84385;450087.16;4794372.0;222.2
84405;450419.64;4795531.11;172.33
18869;451156.06;4794866.39;231.96
18879;450863.01;4794906.69;376.96
84439;449755.68;4794492.03;194.81
18908;450145.38;4794719.65;255.22
51679;450428.27;4794932.49;238.27
18914;451228.38;4794633.06;242.17
51683;450125.66;4794850.06;250.39
18926;450366.6;4795272.91;197.12
84467;450387.66;4795528.21;182.44
18934;449969.25;4794666.96;246.68
18942;450709.63;4794970.04;167.24
18946;450790.84;4794565.28;218.65
51717;450358.59;4795118.47;322.28
84498;450438.4;4795500.26;174.64
18968;450327.63;4794849.95;239.08
84505;450760.95;4794703.95;205.3
51744;450565.67;4794807.0;249.89
51746;451406.05;4794823.17;215.28
18982;451281.39;4794699.41;210.99
18985;450266.33;4795003.0;210.32
51755;449878.79;4794689.67;268.6
84548;450376.48;4795277.93;199.91
51780;450127.41;4794868.42;246.06
19014;450134.98;4794850.77;247.24
19015;450348.46;4795386.77;184.47
84555;450132.32;4794964.38;223.31
19030;449880.08;4794596.66;204.25
84568;450119.88;4794868.49;242.3
51801;450062.9;4794668.11;259.21
19039;450130.13;4794873.87;246.21
19045;450701.68;4794739.62;246.2
84592;450244.98;4794828.13;219.84
19061;450372.48;4795156.42;174.93
84607;450351.65;4795432.4;186.96
84618;450400.15;4794868.5;237.18
51851;450237.03;4794921.3;215.08
51854;450531.93;4794948.19;254.4
84630;451206.38;4794905.69;237.41
51871;450267.55;4794651.77;231.45
51878;450467.52;4795549.12;185.91
19116;450778.75;4794771.54;374.68
84658;450367.29;4795541.14;173.7
84667;449769.88;4794463.07;207.0
19135;450694.43;4794963.63;165.84
84673;451068.98;4794957.19;278.61
84680;450862.02;4794887.77;205.56
51925;450502.2;4794780.09;239.54
84706;450802.79;4794799.53;244.51
51939;449940.23;4794685.63;262.81
19188;450941.82;4794781.23;248.71
19189;450099.06;4794370.74;219.6
19191;450145.68;4794892.36;246.96
51971;450175.53;4794719.36;243.26
51972;450354.63;4795425.56;192.04
19212;450785.61;4794597.95;218.47
52000;450348.02;4794789.43;251.97
52006;450137.02;4794890.74;247.96
84774;451224.54;4795233.95;240.1
84775;449915.01;4794704.76;267.54
19245;450812.95;4794826.1;363.23
84791;450393.99;4795309.79;194.03
52029;451197.2;4795033.98;299.02
19264;450769.12;4794745.32;315.61
19278;450872.5;4794872.92;257.74
19283;450916.33;4794874.31;226.54
84833;450385.75;4795528.7;173.31
84837;449872.07;4794684.28;271.24
52072;450146.79;4794892.92;244.49
19324;450123.85;4794872.3;244.3
84876;450203.9;4794727.1;363.16
84879;450593.79;4795477.56;175.83
52121;450816.72;4794741.2;260.28
52128;450619.9;4794814.96;252.27
19373;450751.22;4794729.39;227.85
19391;450807.07;4794808.76;360.03
19393;450435.74;4795525.38;170.13
52163;451311.77;4794603.33;220.65
52164;449870.85;4794584.54;203.73
52172;451124.79;4794960.05;269.57
19410;451206.51;4794475.67;204.33
19425;450791.68;4794646.2;191.23
52204;450116.08;4794870.46;239.87
84974;451175.43;4795058.98;307.72
84979;450013.69;4794706.75;260.73
52229;450392.59;4795221.85;185.18
85000;450114.1;4794852.16;232.62
19476;450143.9;4794892.02;247.68
85028;450481.32;4794961.04;304.71
19519;450767.84;4794786.95;269.08
52288;451166.04;4795055.29;305.78
85070;450177.9;4794730.4;232.65
85071;450183.41;4794932.5;221.98
52310;449983.38;4794439.84;218.26
52311;450361.44;4795545.58;182.61
19552;450237.55;4794918.97;215.42
52340;450183.66;4795002.63;214.23
85121;450531.72;4794921.77;244.7
19592;451243.06;4794966.69;241.01
85130;450456.82;4794744.2;236.47
19597;449851.04;4794682.79;271.29
85134;450672.33;4794727.23;208.84
85145;449868.48;4794683.92;270.06
52379;450747.2;4794717.82;256.34
19612;451241.84;4794680.03;211.74
85152;450746.64;4794712.5;251.65
19624;450182.14;4794722.92;279.86
85166;450841.73;4794673.71;189.17
85168;451189.54;4795050.89;302.17
85179;450758.98;4794712.29;208.22
19643;451234.61;4794943.88;232.6
52431;450390.55;4794815.38;237.77
85200;450220.53;4794736.41;365.91
85207;450594.54;4795470.17;180.5
19682;450407.37;4795480.66;182.88
85225;451136.1;4794484.59;220.58
52464;450116.33;4794872.03;240.58
85236;450141.12;4794885.79;246.66
19725;451254.09;4794638.39;208.85
19727;450230.89;4794924.68;215.44
85263;450132.86;4794849.81;246.46
85278;450130.43;4794847.72;245.23
19744;450766.1;4794782.36;266.15
19746;450365.37;4795290.32;195.67
85290;450535.34;4794917.45;241.71
52529;450418.01;4794615.25;242.4
19762;450359.0;4795553.0;182.0
85302;451052.26;4794484.14;220.63
19770;450523.21;4794790.11;241.58
19784;450529.01;4794801.73;241.39
19795;450664.05;4795514.66;170.23
52563;450212.11;4794798.76;203.12
52576;450219.46;4794760.53;363.23
85347;450093.75;4794951.02;336.06
19811;450377.62;4795098.2;326.49
19822;450397.08;4795471.35;182.22
52592;450415.67;4795529.9;174.01
19831;450546.47;4794738.27;256.0
85371;450596.88;4795015.85;192.62
19846;450138.06;4794897.04;253.75
19852;450118.37;4794868.01;244.99
52627;450339.07;4794991.61;203.65
52630;450351.31;4794997.64;201.34
19866;450462.89;4795476.3;179.23
19873;450617.81;4794995.45;185.87
52661;450799.23;4794782.96;200.45
85429;450297.17;4795145.49;198.2
52666;450486.57;4795524.36;170.94
85443;450431.48;4795529.24;169.61
19908;450824.87;4794835.66;415.69
85446;450122.26;4794848.67;234.45
85461;450726.35;4794932.97;175.12
85473;451210.61;4795023.45;236.17
19943;451203.76;4795031.38;286.85
52737;450321.89;4794828.8;252.11
52741;450207.22;4794792.65;249.64
19976;450179.7;4794724.85;264.43
85520;451223.45;4795261.3;239.59
19986;450262.73;4795062.71;205.23
85524;450125.14;4794871.67;253.29
52759;450344.32;4794847.15;235.5
85532;449916.27;4794706.01;264.38
52766;450790.56;4794765.69;350.39
85535;451207.4;4794650.69;225.7
52777;449774.62;4794459.92;191.36
52778;450228.45;4794937.35;215.12
85548;450128.65;4794873.06;244.57
20013;450602.35;4794890.34;250.91
85558;450607.43;4795475.2;172.66
85559;450435.56;4795522.16;180.76
85567;450215.77;4794950.3;215.64
52815;451198.64;4794947.57;239.35
52816;451431.83;4794949.37;236.63
20053;450218.4;4794812.26;219.22
85590;450815.52;4794739.73;313.76
52823;450427.86;4794697.81;239.46
85610;450135.15;4794851.13;247.75
52848;451151.06;4794976.6;243.89
85626;450800.36;4794792.26;194.01
52859;451058.3;4795070.13;317.89
85632;451160.38;4795063.52;301.28
85636;450079.73;4794672.2;253.76
52877;450834.17;4794527.52;204.09
20115;451380.85;4794667.93;203.77
52885;451150.07;4794559.46;218.55
52895;450266.03;4794899.21;214.75
20128;449915.03;4794704.75;267.54
85669;450474.94;4795538.37;180.01
52920;451368.84;4794947.61;249.09
85691;450124.45;4794872.95;244.72
52946;450142.33;4794891.85;247.15
85716;450319.29;4795390.63;193.71
85722;450458.91;4794745.99;236.49
52971;450720.58;4794775.58;286.82
85739;450804.62;4794549.47;218.65
52979;450173.06;4794620.47;228.75
52983;450205.04;4794626.42;224.29
20217;451171.73;4794558.7;217.42
52992;451001.88;4795043.37;318.53
85780;450113.9;4794855.36;232.67
20262;450302.81;4794584.15;170.65
20266;450804.54;4794531.36;206.97
85821;450126.2;4794886.45;246.39
85836;450349.02;4795009.71;327.67
85838;450770.19;4794853.65;176.78
20329;449705.28;4794506.11;195.57
53107;450161.71;4794835.12;249.78
85878;450115.65;4794853.18;231.74
85879;451302.62;4794631.15;225.45
20355;450579.74;4795496.68;183.65
53124;450122.88;4794869.11;242.51
85892;450361.08;4794606.9;233.93
20361;450123.9;4794866.24;246.67
53130;450261.43;4794920.38;198.95
20366;450825.82;4794829.66;412.32
20372;450337.22;4795142.99;325.25
20380;450793.2;4794782.85;379.48
20382;450130.9;4794847.39;246.21
20399;450914.54;4794870.95;222.3
85941;450581.0;4795492.62;174.91
20427;450225.22;4794647.02;231.34
53208;450007.34;4794711.99;261.25
85977;450034.52;4794401.37;221.69
85994;450637.73;4794900.24;253.95
85996;450119.15;4794870.21;244.29
53236;451498.22;4794925.85;203.69
20472;450206.75;4794949.98;216.74
53250;450198.03;4794753.28;247.0
86026;451135.88;4794812.64;240.63
86044;450449.42;4794749.9;236.42
53286;450296.31;4794700.75;245.04
20521;450893.61;4794884.33;192.32
20523;450262.24;4794741.52;369.46
86060;451178.06;4794769.12;236.02
20526;450092.04;4794376.34;219.79
53303;450132.38;4794849.98;245.55
86088;450314.55;4795089.94;332.57
53328;451214.9;4795009.72;287.47
20562;450262.76;4794847.66;210.23
53332;451437.91;4794934.01;240.84
53336;450420.82;4795531.45;180.92
20577;450879.53;4794795.23;386.04
86116;451091.41;4794966.32;268.12
86120;450195.38;4794654.3;241.86
53359;450112.59;4794874.24;240.53
53363;451481.03;4794846.11;214.03
20596;450507.3;4794942.84;263.31
86133;450220.27;4794949.88;214.91
20597;450377.71;4795536.98;174.97
20622;450791.64;4794798.88;261.11
53392;450120.89;4794845.96;240.99
53409;450136.03;4794984.61;218.71
20641;451092.41;4794916.4;233.09
53411;449995.52;4794438.11;216.46
53414;450821.02;4794760.59;321.95
86184;451124.03;4794954.2;265.45
53425;451333.6;4794567.17;229.83
20666;450934.45;4794770.13;250.21
53436;449795.83;4794500.21;197.56
53438;450608.22;4795027.19;176.83
20670;450537.91;4794651.1;243.48
53452;449718.76;4794500.13;178.38
86226;451130.51;4794942.03;261.25
20695;450124.81;4794868.46;248.44
20697;450134.4;4794886.99;245.86
86237;450817.58;4794808.86;403.94
86240;451278.74;4794597.54;209.68
20704;451202.75;4794646.24;233.36
20715;450536.86;4794805.77;242.12
53488;450381.92;4794818.41;238.97
20741;450791.2;4794797.53;246.64
20772;450212.55;4794812.99;212.82
86310;450704.6;4794959.99;175.26
86311;451193.47;4795158.27;237.34
20774;451337.78;4794551.72;205.63
86341;450413.63;4795544.99;183.06
86349;451208.47;4794961.2;218.33
86366;450827.48;4794772.87;358.21
53599;451162.11;4795062.25;298.18
20832;450480.29;4795028.07;191.77
20842;450137.1;4794851.29;250.16
86387;450683.42;4794963.26;181.37
53629;449912.59;4794699.35;265.73
86403;450784.21;4794755.92;322.81
20867;449738.5;4794486.71;195.58
20882;450132.4;4794849.95;245.11
53652;450806.76;4794765.74;354.38
20888;450786.19;4794788.07;248.96
53667;450382.63;4794850.88;237.42
53668;450086.26;4794990.02;225.77
86443;450134.35;4794923.42;233.61
20912;450142.37;4794895.98;245.3
53691;450497.55;4794950.9;258.04
53702;451442.17;4794937.41;240.37
20935;450234.94;4794946.62;215.76
86480;451430.57;4794935.35;246.08
20945;451114.89;4795004.72;241.53
53755;450125.38;4794886.39;247.67
20990;450089.48;4794979.3;222.02
20992;450389.59;4794684.08;238.29
53763;450236.0;4794921.21;215.39
21008;450601.07;4794732.65;252.8
53779;450392.49;4795225.7;173.3
86554;450342.18;4794845.12;235.59
21018;451389.81;4794848.4;212.92
86557;450114.71;4794854.3;233.44
53797;450288.86;4794773.88;235.69
86569;450262.9;4795051.22;205.76
86571;450122.32;4794888.02;244.14
53805;450368.48;4794870.9;233.98
21045;450267.56;4794739.95;235.47
21050;450122.8;4794850.7;233.84
86604;450265.65;4794660.03;231.26
86616;450440.64;4795082.06;328.14
53850;450533.34;4794838.93;234.56
86623;449737.6;4794520.2;183.42
53876;451098.47;4794994.44;241.32
21125;450408.38;4794785.68;237.44
86661;449879.42;4794595.7;208.2
53895;450326.43;4795409.51;194.95
53900;451131.96;4794957.87;269.84
21140;450630.9;4794897.7;252.67
53912;450143.19;4794892.2;247.67
21160;449741.1;4794512.16;177.07
21162;450121.57;4794872.5;239.41
53932;451294.58;4794664.65;226.59
86704;450666.24;4794706.67;229.34
53949;450321.93;4794807.01;233.92
86740;450510.4;4795048.58;328.14
53976;450682.29;4794968.27;176.56
21210;450126.22;4794886.59;245.21
21219;450549.1;4795007.56;189.33
86774;450362.38;4795208.62;173.41
86775;451216.03;4794963.5;219.05
54017;450167.21;4794927.29;229.37
54023;450762.51;4794843.0;188.07
54034;450324.94;4794841.63;253.55
21278;450611.64;4794940.23;189.09
21292;450133.01;4794886.91;244.77
86831;450138.14;4794896.28;253.64
21308;449900.59;4794690.62;267.39
54083;450121.3;4794884.6;242.59
86872;450138.0;4794889.9;246.6
86882;450366.43;4795117.84;192.91
86894;450338.34;4795380.31;191.74
86906;451504.58;4794871.83;201.51
54152;451186.45;4794530.53;210.47
86927;450422.7;4795512.73;176.38
86928;450349.43;4795135.87;324.32
54166;450385.53;4795033.02;196.4
21399;450238.43;4794930.0;214.94
21410;449957.28;4794689.16;264.44
54183;450237.77;4794746.17;244.27
21425;450041.29;4794688.46;257.61
54206;450110.43;4794867.03;235.08
21442;450460.78;4794590.04;264.26
86979;450851.98;4794904.59;398.54
54212;450545.13;4794883.96;241.23
21453;451144.85;4795161.09;319.13
21455;450521.47;4794753.78;252.62
21468;450812.07;4794813.42;360.99
21471;450609.0;4794850.05;242.37
54242;450786.69;4794793.47;245.72
21476;450119.47;4794869.13;241.03
54259;449932.6;4794720.05;261.91
87031;450540.02;4794937.09;251.35
54271;450788.7;4794781.35;377.81
54274;450022.81;4794406.8;220.94
54275;451501.99;4794839.07;203.41
21510;450119.57;4794882.39;241.61
54283;450386.14;4795362.19;183.76
87054;450266.68;4795085.15;203.81
54288;450115.43;4794879.96;240.42
54306;450800.36;4794781.65;381.69
87081;450619.67;4794946.39;188.2
21546;450862.97;4794852.52;266.67
21548;451187.74;4794954.34;250.61
87090;451209.22;4795005.92;285.31
54329;450683.0;4795534.0;171.0
54332;450834.8;4794520.27;221.1
54340;450802.71;4794804.0;248.0
54347;449796.62;4794519.85;172.03
54349;449893.11;4794639.86;231.63
87120;450265.56;4794702.98;243.38
87122;450847.42;4794774.75;325.35
87130;451165.37;4795180.2;324.08
21635;450095.35;4794971.62;225.57
87198;451428.57;4794813.75;237.38
21674;451168.1;4794839.22;235.96
87228;451406.29;4794826.87;212.92
87229;451437.93;4794919.24;218.47
54467;450123.2;4794853.44;232.24
21712;450120.58;4794851.39;232.49
21715;450619.1;4794948.89;187.79
87259;450038.8;4794697.69;260.16
54492;450531.08;4794924.12;245.14
87270;450300.55;4794683.67;245.07
54510;450524.63;4794733.34;252.2
21744;450402.31;4794874.86;236.89
54517;451102.09;4794898.02;231.08
87290;450115.11;4794854.34;232.66
87293;450301.28;4794815.16;249.57
21760;451111.54;4794488.93;222.32
54532;451300.55;4794708.22;207.77
87307;450370.61;4795551.07;178.33
87312;451269.87;4794692.33;210.45
54546;450593.89;4794896.39;253.98
21782;451243.06;4794966.69;239.81
87319;450358.09;4794872.02;238.21
87320;450248.69;4794829.85;220.19
54553;450319.72;4794834.43;253.06
87333;450422.82;4794582.06;155.7
21807;450364.45;4795008.21;200.58
21811;450110.46;4794856.22;232.45
21816;451114.58;4794823.39;241.34
54602;449959.48;4794717.48;261.6
87372;450126.12;4794851.33;240.41
54606;450406.63;4795076.85;190.71
21851;450320.66;4794831.16;252.56
21857;451450.66;4794834.31;246.76
54628;450140.69;4794885.5;246.81
21860;450594.68;4794807.17;248.86
21880;450123.23;4794884.1;243.04
87425;450800.43;4794759.05;245.78
54661;450108.55;4794853.09;250.61
54666;451088.24;4794900.49;230.75
21903;450363.16;4795545.74;175.21
54672;450352.69;4795146.13;318.95
21907;450213.31;4794799.79;212.09
87448;450498.3;4795501.99;169.66
54699;450868.16;4794887.68;200.25
87469;450777.08;4794821.51;190.22
54704;450110.53;4794853.95;232.84
21942;450340.66;4794973.66;325.63
21968;450234.95;4794739.25;367.89
87511;450331.55;4795133.69;194.48
21977;451167.21;4795056.69;303.35
21990;450856.95;4794874.96;219.18
54766;450026.65;4794417.29;218.76
54771;450170.67;4794721.15;248.19
87542;451296.85;4794700.16;207.43
22029;450539.15;4794935.83;250.49
54804;451092.99;4794984.05;243.3
54814;449893.63;4794701.16;271.19
22060;450367.18;4795224.63;189.16
22096;451154.24;4794953.12;265.43
87633;451231.07;4795013.27;284.57
54879;451173.5;4794858.65;232.96
87648;450109.78;4794866.56;234.84
22116;450376.75;4795102.52;326.49
54891;450870.32;4794873.27;273.92
87661;449942.09;4794448.82;216.23
87664;451487.94;4794927.36;218.94
54896;449832.28;4794452.17;211.18
54924;450120.14;4794963.4;224.8
54936;451167.63;4795051.99;301.22
22191;450383.3;4794819.94;238.03
54967;450763.59;4794789.55;264.89
22200;451165.19;4795144.93;316.58
54973;450125.03;4794868.8;244.69
87762;450178.12;4794622.62;233.7
55006;450288.38;4794694.5;234.17
87778;450595.68;4795500.09;182.34
22243;450250.12;4795026.13;211.55
22246;450566.36;4794718.46;257.65
87783;450421.15;4795253.6;196.64
55020;451306.4;4794645.82;230.58
55022;450406.3;4794704.09;238.17
87816;450123.39;4794848.94;235.61
87819;451314.46;4794583.25;217.29
55059;450409.5;4795242.24;187.05
87836;450410.51;4795243.08;189.13
87849;450812.75;4794776.43;358.39
55082;450398.42;4795323.97;185.25
87850;450029.34;4794427.52;217.35
22316;450890.59;4794802.39;380.21
87858;451222.32;4794600.4;213.64
87865;450113.76;4794722.43;257.12
55101;450390.26;4795119.17;183.07
22351;450606.64;4794977.14;213.44
87893;450136.61;4794891.65;248.83
87901;450883.21;4794874.49;234.95
87902;450595.21;4795469.25;173.48
55135;450277.15;4795102.3;201.85
22371;451475.88;4794922.59;218.03
55139;450150.63;4794700.87;246.71
22375;450116.35;4794872.93;240.83
87916;450097.52;4794936.02;234.51
55152;450364.47;4795461.68;182.45
87925;450124.02;4794872.58;245.03
22398;450146.83;4794897.89;243.83
87941;450231.57;4794932.03;215.07
87946;451360.92;4794946.58;244.16
22415;450799.48;4794569.7;218.65
55186;450821.49;4794846.78;194.66
22422;449799.25;4794522.79;175.17
55199;450112.9;4794863.02;235.25
22448;450039.39;4794397.01;220.2
87996;450697.88;4794947.81;190.74
88022;450119.18;4794874.14;240.66
22492;450116.16;4794871.24;240.9
88040;451509.26;4794866.22;201.1
55273;450214.37;4794629.44;227.59
22511;450129.59;4794886.96;245.04
88048;450172.59;4794720.36;245.6
22525;450487.55;4794950.42;235.51
88064;450164.23;4794936.59;225.82
22537;450995.15;4795039.02;326.62
55308;450353.64;4795091.68;303.44
55312;450529.04;4794572.11;192.77
22546;450216.3;4794942.04;215.36
55323;450343.97;4795140.21;324.99
22559;450369.3;4795485.68;195.17
22565;450039.3;4794693.19;260.4
22574;450290.43;4794864.59;208.0
55349;450198.63;4794632.93;233.96
22589;450566.92;4795509.97;179.14
22610;450326.59;4795133.22;195.18
22611;450350.52;4795082.69;327.67
88156;450105.24;4794943.36;229.73
22631;450565.22;4795503.74;176.13
88171;450437.83;4795526.1;171.57
55410;450260.25;4794670.4;243.16
55412;450640.69;4794993.26;182.44
88181;450259.3;4794711.8;243.51
88185;451507.84;4794950.05;218.91
55422;449852.99;4794459.64;212.69
88193;450728.42;4794723.08;264.32
88194;450384.59;4795303.42;189.64
55434;450704.72;4794596.34;191.09
55438;450549.51;4794886.69;243.11
88207;450198.29;4794781.45;249.48
22678;450816.72;4794741.2;274.28
88215;451206.64;4795025.74;292.92
22682;451116.49;4795037.69;243.65
88220;450133.8;4794984.96;219.45
22689;450366.52;4795291.53;191.25
55461;450560.77;4794824.07;201.0
88231;450119.33;4794869.8;244.29
22698;451239.35;4794665.09;211.85
55469;450225.99;4794891.76;330.9
88244;450774.7;4794704.94;199.09
55481;450110.65;4794867.93;235.58
55484;450545.69;4794815.13;241.24
88253;450776.69;4794606.43;215.21
88257;450244.47;4794751.0;462.21
22725;450838.86;4794877.24;186.52
88263;451221.48;4794900.14;239.02
88270;450498.0;4794777.1;239.5
22739;450487.51;4795499.14;171.32
88275;450191.01;4794725.95;344.74
22746;450129.37;4794850.55;243.13
55523;450208.96;4794889.87;329.07
22761;450373.71;4794855.43;237.38
55530;450532.03;4795496.67;172.03
88310;450368.84;4795109.08;326.41
22774;450372.0;4795537.81;173.55
55542;450021.63;4794707.22;266.69
55549;450120.85;4794854.98;230.25
55550;450111.04;4794868.57;236.16
88332;450123.21;4794871.31;239.88
22801;451065.05;4795076.47;321.34
55586;450339.58;4794952.01;334.95
22825;450602.65;4795475.54;175.6
55598;450377.51;4795533.29;173.6
88372;450837.54;4794744.53;322.75
55618;450613.6;4795077.87;328.14
55619;449862.02;4794689.67;270.59
55621;451085.2;4794497.86;204.19
88393;451286.11;4794696.68;209.0
88407;451373.65;4794663.1;187.15
88412;450079.76;4794707.0;254.77
88414;450381.66;4795156.49;174.11
88418;450120.0;4794881.74;241.53
88422;450713.19;4794935.88;187.87
55658;450113.8;4794852.3;232.62
88429;450399.88;4795317.1;192.54
88433;450569.71;4795504.77;178.11
88443;450350.74;4795191.77;172.78
88445;451252.54;4794997.0;250.5
22917;450283.22;4794907.75;214.79
55693;451122.59;4794857.85;232.65
22928;450120.98;4794866.26;245.56
55700;451319.5;4794625.25;208.36
88479;450782.27;4794854.21;177.21
55722;450280.67;4795163.92;337.47
55738;450382.72;4794816.84;238.64
88508;450593.62;4795466.72;172.57
22980;450929.84;4794505.68;216.13
22984;451347.29;4794751.9;212.92
88534;450427.22;4795020.16;328.14
23002;450531.6;4794596.43;195.98
55776;450224.13;4794749.08;244.35
88550;451550.88;4794873.21;185.24
88555;450492.47;4795058.7;328.14
23042;450114.41;4794847.83;246.6
23046;451167.66;4795054.41;301.95
23053;449781.16;4794456.48;210.45
88593;450273.77;4794760.04;234.83
23059;450246.2;4794921.11;200.16
55827;450127.64;4794884.61;247.24
55830;450135.43;4794961.43;333.26
88605;450140.95;4794690.79;246.57
55842;450578.96;4794721.48;246.96
23085;450813.51;4794766.79;243.62
55857;450814.17;4794776.92;257.29
23095;450856.99;4794515.46;216.97
23105;451485.14;4794918.21;206.21
55874;449949.71;4794689.71;264.43
55875;450319.03;4795162.59;313.17
23118;450116.46;4794872.47;240.84
55890;450231.84;4794643.73;235.14
55899;450603.44;4795463.9;171.92
88682;451256.81;4794930.5;240.58
23150;450301.41;4794815.25;235.48
88696;451152.84;4794947.87;260.71
23167;450385.54;4794636.5;236.84
23179;450154.63;4794978.24;221.4
55953;451239.11;4794625.12;212.09
55958;451427.03;4794834.52;237.39
88727;450109.34;4794864.68;234.55
88729;451167.67;4795054.41;301.81
23196;450506.99;4794726.31;252.83
23200;451474.2;4794840.25;213.66
55970;450392.63;4795219.16;188.39
88747;450123.25;4794868.3;243.69
56010;451177.77;4794578.68;210.65
88792;450341.13;4794610.18;220.54
56033;450838.5;4794858.14;199.44
56036;450579.66;4794803.22;248.91
56039;451188.19;4794911.76;241.3
23278;450063.38;4794667.75;260.49
23282;450802.4;4794814.5;399.35
56052;450168.18;4794719.28;247.44
56071;450835.86;4794857.73;267.9
23311;450740.54;4794743.18;278.55
88848;451187.62;4794473.71;213.36
88849;450204.07;4794781.02;249.48
88866;451323.48;4794590.84;214.14
23341;450874.65;4794884.54;211.35
88877;450611.33;4794843.1;248.76
56114;451167.88;4794563.28;221.6
23351;450117.31;4794870.08;241.06
88895;450353.01;4795116.61;324.78
56129;451206.39;4795032.21;286.28
23368;451224.97;4794627.4;213.08
88940;450655.21;4794739.02;279.83
56174;450235.31;4794925.47;215.39
23407;450457.9;4795467.1;187.46
23414;450197.49;4794944.36;218.77
23425;449833.21;4794478.38;184.12
56194;451104.8;4794898.02;232.55
88980;449771.82;4794495.12;196.87
23461;450848.66;4794817.51;393.82
88999;450520.76;4794964.65;191.32
56231;451321.2;4794722.43;210.47
23470;450805.38;4794678.16;194.49
89024;450430.05;4794918.09;237.87
89039;450514.27;4795501.61;171.65
56271;451083.44;4794964.34;264.96
56282;450891.96;4794882.95;247.1
23516;450172.75;4794717.9;241.62
56284;449756.86;4794459.87;195.46
89056;449822.59;4794490.16;187.69
56291;451226.07;4795017.15;310.8
23527;451457.34;4794946.33;242.17
89065;451122.52;4794877.1;232.19
89072;450124.25;4794872.45;247.03
56307;450707.22;4794974.48;163.15
23554;450562.27;4794820.09;221.91
56330;450527.5;4794606.98;196.76
23567;451225.13;4794629.2;213.67
89106;450776.08;4794705.11;200.1
89108;450299.68;4795126.75;197.55
89117;450530.72;4794840.88;233.04
89121;450693.05;4794939.03;189.67
56359;450359.92;4795010.49;201.26
23593;450867.19;4794855.52;246.57
23599;450666.22;4794594.15;196.12
56370;450902.66;4794904.62;288.82
89140;451191.93;4795042.82;297.86
56373;451008.34;4794495.87;217.68
56381;450806.68;4794815.89;404.01
56392;450224.71;4794950.61;215.16
23626;450539.66;4794741.52;256.27
89164;449773.3;4794500.32;196.87
89166;450125.75;4794848.32;237.57
89167;450635.67;4795052.85;169.8
56398;450090.99;4794688.55;255.93
23640;450808.44;4794778.69;257.29
56408;449727.59;4794512.29;187.4
23647;450748.09;4794762.13;296.9
56426;450551.12;4794899.44;247.47
23671;449913.66;4794450.79;215.46
56447;450372.32;4795286.39;191.75
23690;450565.7;4794774.3;249.46
56459;450656.7;4794977.2;182.39
89239;450120.71;4794865.19;246.1
56486;450876.72;4794866.19;240.42
23725;451185.9;4794906.88;242.93
56511;450132.4;4794883.75;251.77
56514;450527.67;4795009.56;190.43
56528;450139.71;4794684.71;247.44
89304;450122.35;4794869.0;240.89
89305;450466.04;4795494.69;175.49
23774;450373.72;4795285.58;191.2
23778;450132.95;4794848.66;245.53
56555;450197.29;4794728.94;346.64
23801;450151.01;4794978.5;221.54
56578;451157.06;4794961.93;273.39
89347;450123.43;4794961.52;338.24
56580;450588.1;4794848.95;247.79
56594;450120.23;4794868.97;240.96
56600;450387.64;4795432.93;180.05
56601;451179.45;4794902.87;242.93
56619;450348.1;4795123.6;323.23
56625;450800.08;4794798.88;391.46
56633;450787.31;4794815.29;423.75
56654;451354.22;4794559.47;207.34
23888;450113.79;4794874.81;239.97
89431;450759.04;4794886.93;177.45
56670;449966.98;4794447.37;215.56
89453;450131.82;4794738.25;254.67
23921;450361.79;4795543.48;174.65
56691;450471.18;4794996.76;198.88
89459;450389.93;4795347.82;182.7
23932;450402.2;4795064.19;192.79
23945;450416.56;4794900.15;238.02
56720;450484.66;4795505.8;171.91
56734;450134.89;4794851.08;247.41
23971;450248.39;4794771.05;237.8
23973;450574.46;4794798.53;249.67
23989;450223.76;4794946.66;214.98
89525;451501.0;4794939.2;219.55
23994;450117.04;4794869.85;239.71
89535;450331.44;4795382.72;192.96
89536;450347.91;4795377.71;191.74
89565;451223.11;4794611.98;213.81
24034;450152.86;4794707.19;244.49
56807;450113.98;4794849.14;244.16
24053;450330.56;4795145.88;324.48
24055;450367.91;4794896.67;240.87
24069;450813.02;4794800.03;357.74
56851;450803.51;4794796.11;244.51
89626;450804.7;4794743.91;330.46
24103;450339.74;4795417.19;187.11
89646;450759.05;4794711.4;209.65
56882;450371.29;4795108.76;328.88
24115;451432.77;4794934.28;246.97
24118;450179.43;4794735.42;232.31
56890;450415.86;4794706.61;238.68
24134;450121.5;4794886.39;244.4
89679;450133.99;4794848.77;246.96
56919;449764.71;4794460.53;192.44
89688;450831.88;4794857.58;189.79
24157;451223.49;4794919.8;238.18
24158;451210.76;4795013.52;287.91
24165;450004.77;4794711.32;263.04
24168;450113.42;4794863.2;234.79
56937;450179.43;4794735.42;220.51
24170;450109.32;4794865.9;234.53
24177;450260.54;4794919.06;199.17
24184;450304.3;4794811.82;251.37
24188;450130.14;4794884.47;244.84
56957;451203.28;4794644.37;244.39
56958;450123.57;4794872.27;239.41
24202;450094.16;4794690.81;256.07
56971;450820.36;4794776.44;358.51
24210;451330.67;4794590.69;211.22
24220;450666.43;4795521.46;170.23
56993;450110.26;4794858.65;232.31
24228;451214.12;4795001.54;285.53
24232;450091.49;4794997.88;220.32
89773;450667.14;4794976.24;180.57
57006;450285.6;4794951.33;332.95
57017;450222.08;4794938.77;216.7
57018;450037.64;4794701.11;262.09
89795;451096.35;4794992.17;242.1
89805;450145.92;4794896.77;243.93
89817;451211.16;4794966.56;224.91
57050;451080.13;4794501.89;207.46
24288;450575.31;4795480.98;169.68
57059;450131.3;4794885.15;251.14
57082;450109.75;4794864.14;234.65
57091;450268.47;4794900.33;216.12
24326;450624.31;4794584.66;194.9
24341;450146.63;4794567.59;182.97
24343;450264.36;4795069.86;204.45
89882;450004.77;4794711.32;268.34
89888;450157.41;4794633.41;234.77
24355;450606.33;4794861.69;241.03
57129;450124.41;4794854.42;231.83
89898;450140.87;4794899.29;258.62
57134;449709.5;4794506.04;188.43
24371;450192.86;4794748.6;243.46
24375;450115.12;4794853.56;231.88
57157;450142.29;4794891.27;248.18
57179;450894.29;4794909.24;294.84
89949;451151.18;4794862.96;233.23
24416;450286.12;4794672.57;239.38
57189;450253.45;4795018.36;211.96
24429;450203.76;4794653.51;236.49
24440;451171.37;4794846.34;232.18
57226;450653.5;4794723.8;291.5
24464;450444.42;4795511.46;178.49
24475;450386.25;4795474.24;181.0
24489;450100.66;4794978.02;218.86
57264;450822.5;4794738.46;313.46
57271;450785.03;4794790.27;249.35
57281;451093.94;4794898.01;231.6
24522;450698.51;4794713.52;234.3
90063;450360.62;4795088.63;303.44
90069;450627.54;4795503.8;175.0
57334;449799.09;4794500.67;197.74
90105;450124.96;4794848.58;236.92
24570;450094.56;4794359.35;223.72
24571;450159.77;4794936.67;225.92
57338;450863.07;4794906.79;349.56
90121;450382.84;4795480.23;186.42
57356;450276.71;4794913.3;213.92
57357;450123.51;4794868.58;244.14
57366;451489.54;4794856.14;214.03
90136;450826.49;4794821.58;414.35
57383;450754.0;4794863.81;177.14
57387;451191.27;4795045.68;299.29
57397;450882.91;4794875.64;259.63
24633;450358.27;4795457.38;182.45
57419;450127.04;4794851.09;241.18
24661;450247.42;4794982.14;272.78
90211;450144.54;4794883.79;247.19
90217;450149.21;4794708.61;243.66
90223;450125.96;4794887.16;245.84
90229;450197.48;4794748.4;240.89
57470;450347.57;4795194.85;172.25
24704;450127.62;4794850.41;241.76
57474;451329.99;4794637.27;215.56
90243;449981.6;4794577.59;228.71
24708;450679.91;4794594.11;196.6
24712;450245.45;4794950.62;329.07
57540;450195.88;4794733.57;248.55
57543;450806.37;4794794.22;389.39
90323;450317.8;4795162.25;313.97
57569;450288.65;4795146.28;204.88
24802;450212.75;4794953.0;219.74
90343;450604.12;4794822.91;248.15
24809;451250.44;4794973.6;239.32
57579;451349.96;4794566.4;208.0
24825;450619.11;4794580.84;198.51
57617;450881.89;4794875.08;272.95
57621;450377.06;4794819.33;238.58
57632;450112.32;4794862.84;235.5
24864;450308.13;4794816.53;252.01
90404;450802.81;4794765.11;353.45
57637;450622.62;4795006.13;164.23
24871;450442.28;4794940.59;237.99
90412;450375.49;4794901.26;240.64
90413;450115.15;4794878.95;239.95
57652;450132.74;4794849.2;245.29
57665;450198.62;4794779.57;234.25
24901;450133.55;4794923.13;232.0
24910;450653.34;4794955.41;176.69
24921;451486.52;4794825.93;212.13
24924;450630.16;4795510.24;175.66
24927;451214.89;4794965.48;228.66
57708;450224.09;4794937.82;216.43
24943;450113.63;4794878.5;240.78
57720;451243.15;4794599.7;211.25
90494;450138.86;4794890.43;247.95
90501;451196.76;4795033.43;295.01
57766;450136.1;4794893.48;249.25
25004;450908.88;4794870.86;216.64
25023;450657.61;4795513.02;170.23
57795;449987.57;4794568.43;180.74
57799;450655.97;4794751.99;290.38
25032;450551.5;4795497.62;172.46
25043;450266.43;4794694.99;244.14
25048;451431.81;4794827.31;212.92
57822;450375.88;4795277.81;194.12
25064;450128.51;4794870.68;244.36
90611;451216.03;4794963.5;211.05
90612;450489.55;4795498.11;172.17
57844;451190.6;4794481.09;206.2
90616;450366.01;4794641.71;241.27
25103;450424.29;4795059.95;189.97
90652;450027.47;4794406.25;220.94
57886;451230.98;4794953.27;236.17
25125;450435.18;4794948.47;239.39
90664;449798.14;4794461.56;190.58
25129;450567.48;4794833.28;243.36
25140;450122.49;4794957.95;221.43
57919;450126.3;4794887.68;244.76
57922;450447.1;4794745.59;237.12
90691;450135.42;4794850.45;248.11
90693;450319.44;4794829.39;252.35
57925;451488.64;4794836.23;202.6
57930;451106.09;4794969.28;259.09
90698;450307.09;4794808.66;236.92
90702;450202.9;4794650.72;237.79
57941;450130.88;4794847.94;245.98
57948;450330.36;4795136.83;194.36
25192;450766.89;4794792.02;258.75
57965;450614.72;4795467.2;170.18
25208;450112.95;4794874.77;240.71
57983;451121.73;4795091.33;315.57
25221;450759.04;4794920.15;174.68
90763;450319.5;4795133.38;196.06
58005;449728.55;4794511.27;187.4
90775;451493.1;4794909.3;208.03
58008;450126.35;4794872.88;245.16
25240;449833.69;4794468.75;186.44
90788;451491.5;4794833.97;204.0
25256;451224.41;4795008.46;284.78
90800;450057.28;4794689.63;256.48
25266;450830.28;4794865.47;235.21
25269;449893.32;4794600.61;229.29
25272;450123.77;4794850.29;239.67
25287;451203.58;4794595.31;214.13
25288;451323.96;4794943.24;246.27
25290;451197.78;4795025.56;299.07
25292;450140.29;4794887.57;245.73
25298;451160.42;4795124.64;314.11
90841;450109.14;4794865.3;234.41
25320;450414.4;4795503.22;179.73
25323;450094.6;4794692.83;256.47
90860;449788.17;4794490.34;189.53
25332;450130.96;4794989.39;219.51
58100;450086.15;4795008.24;217.9
58106;449739.11;4794493.6;195.72
58121;450702.65;4794967.82;174.83
58135;450467.51;4795004.17;197.58
90909;450132.22;4794729.92;253.65
58143;450400.82;4794793.2;237.31
25379;450468.1;4795041.03;190.3
90916;450180.56;4794770.23;234.88
90926;450315.6;4795131.06;196.06
58166;450115.76;4794867.73;237.43
25399;450241.2;4794731.87;397.09
58169;450168.03;4794708.7;243.61
90944;450593.34;4794788.52;295.25
25416;449728.85;4794505.62;186.71
58190;450547.65;4794815.69;241.37
90967;450359.6;4795544.12;175.46
58210;450118.51;4794852.82;231.77
25468;451220.87;4794975.2;237.35
25476;450128.99;4794887.32;245.35
91018;451049.55;4795071.55;318.61
58278;450110.69;4794853.36;232.89
25519;450694.12;4794956.69;178.01
91055;451168.4;4795055.63;303.4
58287;451246.93;4794473.34;219.83
58295;450667.31;4794715.77;219.94
58310;450875.71;4794839.64;263.94
25555;450785.13;4794829.09;425.57
91104;450845.89;4794918.83;409.02
91110;450259.06;4794830.24;211.82
58348;450373.79;4795235.68;185.41
58352;451243.29;4795000.95;256.29
58355;450102.73;4794941.27;228.67
25589;450300.83;4794677.69;245.39
91135;450795.29;4794783.0;271.25
58374;450845.26;4794742.44;327.75
58390;450360.38;4795548.82;181.15
91158;450193.59;4794786.38;206.56
25635;450132.8;4794921.67;231.18
91187;450122.5;4794872.85;244.07
58420;450796.01;4794784.6;380.42
58422;450575.88;4795487.03;177.2
25665;450793.72;4794785.63;379.69
91207;450745.27;4794716.88;251.97
91215;449830.72;4794690.33;275.49
91241;450071.26;4794985.91;228.31
58474;450546.6;4795018.35;187.87
58475;450120.93;4794883.6;242.47
25714;450213.57;4794774.57;235.8
25716;450449.51;4795080.33;330.17
25720;450308.01;4794795.48;249.91
25730;451396.24;4794918.79;244.71
91269;450365.31;4795234.5;179.8
58501;450304.28;4794795.59;236.22
58508;451423.89;4794916.87;218.71
58527;450456.3;4795075.81;322.36
25761;450506.97;4794745.33;252.81
91307;449755.3;4794489.32;195.76
25778;450117.51;4794562.11;187.66
91317;450130.48;4794849.92;244.36
58554;450397.38;4795489.73;193.46
58559;450815.12;4794741.34;314.68
91328;451204.71;4795026.05;286.87
91334;450323.35;4794595.3;242.8
25804;450237.79;4794926.92;215.19
58595;450138.64;4794970.47;226.72
58606;450124.71;4794884.19;243.36
25839;449975.64;4794711.78;261.26
91377;451310.7;4795236.55;241.81
91383;451212.58;4795192.9;234.74
58617;451310.59;4794717.86;209.68
25852;451328.86;4794538.0;202.9
25858;449881.97;4794608.96;224.16
58636;450264.61;4794665.07;222.69
58637;450792.04;4794780.65;378.33
91428;450353.48;4795069.68;303.44
58663;450314.67;4794810.95;234.8
91431;451431.5;4794836.41;212.92
25896;450244.88;4794734.25;404.82
25898;450793.79;4794796.25;261.17
25905;450358.67;4794991.25;200.47
91445;449959.82;4794449.23;215.3
58679;450142.37;4794885.14;245.91
91450;450175.17;4794726.63;242.21
25915;450850.6;4794865.0;242.21
58688;450565.12;4795483.79;172.77
58689;450363.7;4795225.15;173.15
58694;450259.57;4794734.24;244.09
91487;450362.91;4795290.06;191.71
91493;450114.26;4794852.68;239.81
58735;450122.95;4794849.4;235.46
91505;450615.36;4794939.15;189.09
25971;450100.18;4794963.28;225.15
91512;450508.37;4794787.57;239.18
25994;451094.08;4795083.75;319.25
26000;449935.15;4794694.09;265.11
26004;450081.72;4794952.21;336.48
91543;450576.68;4794849.49;246.86
58781;451109.81;4794967.63;245.47
26027;450208.16;4794774.29;235.54
26031;449896.63;4794638.59;228.02
26037;451030.47;4794494.37;215.76
91585;450390.33;4795491.45;193.25
26050;450357.52;4795496.02;201.19
58827;450500.32;4794787.08;239.1
58833;450382.14;4795534.73;174.81
91612;450887.67;4794885.21;290.6
91621;450738.33;4794724.23;260.64
58855;451187.88;4795048.53;304.32
58858;450132.76;4794884.85;255.12
58864;450367.5;4795220.39;179.16
91651;450415.24;4794953.07;233.47
91654;450750.41;4794710.55;238.69
91662;450626.59;4795011.64;178.51
91666;450376.4;4795479.02;188.52
91669;450815.45;4794557.09;191.53
91682;450606.33;4794861.69;244.58
91684;451458.76;4794818.91;216.71
26154;450861.69;4794803.83;365.12
58923;450684.16;4794962.33;177.81
58931;450380.26;4795026.48;328.14
26175;450485.77;4794771.79;239.74
91720;450846.36;4794823.62;417.34
26187;450268.52;4794919.88;213.9
26193;450803.38;4794791.69;246.86
91736;450377.29;4795223.77;172.81
58989;450451.57;4794608.65;226.72
26224;450113.53;4794860.41;233.63
58998;450769.66;4794704.48;200.0
26234;449716.48;4794544.37;191.86
91773;450367.19;4795226.07;178.12
91776;451081.62;4794935.57;234.79
59016;450701.08;4794733.57;247.38
59025;450340.07;4795409.47;194.66
26258;450069.98;4794369.62;220.52
26263;450239.79;4794646.63;232.11
26264;450845.71;4794817.25;395.21
59036;450307.33;4794990.43;205.96
59059;450591.47;4795466.51;182.24
91831;450354.57;4795081.67;303.44
91845;451324.33;4794573.52;223.51
59092;450612.17;4794939.38;189.09
91861;451187.91;4794572.5;231.87
59099;451370.76;4794948.42;241.28
59105;450378.71;4795000.7;202.03
26337;450369.62;4795544.61;178.74
26355;450395.51;4795528.24;173.53
26356;450606.03;4795027.38;167.93
59125;450431.36;4795041.12;328.14
26359;450194.72;4794728.49;345.12
26361;451298.29;4794584.26;209.53
26370;450732.24;4794913.45;191.11
26371;450460.71;4795071.12;328.36
91906;451380.86;4794663.42;193.79
91911;449883.38;4794598.95;201.38
26383;450308.71;4794977.68;207.45
26394;450972.01;4794774.49;250.37
91931;450283.97;4795146.71;204.88
59182;450141.47;4794892.17;248.56
91964;451121.57;4794505.77;204.04
59198;451257.09;4794934.38;240.93
91969;450119.73;4794852.1;238.28
59211;451222.89;4794653.2;212.63
59226;450377.61;4795357.46;184.56
92000;450735.54;4794910.83;192.35
92005;450247.4;4794831.95;213.36
26487;450394.75;4794579.45;185.48
59257;450135.16;4794744.62;260.09
26490;450124.34;4794872.46;234.08
59260;451173.95;4794979.78;243.92
92050;450272.12;4794914.09;214.72
26514;450126.12;4794870.25;243.96
59285;451350.87;4794559.4;207.34
59289;450104.72;4794945.68;229.94
92060;450283.43;4795163.67;336.18
92066;450143.53;4794885.78;245.59
26530;450422.25;4794938.52;238.53
59307;450329.58;4794837.76;256.32
92087;451223.34;4795019.68;285.76
59320;450748.37;4794729.76;224.62
92096;451269.72;4794467.62;215.55
92098;450146.21;4794674.43;240.33
59333;450194.74;4794657.5;240.9
92112;450715.68;4794925.9;190.74
92117;450081.5;4794973.51;228.42
26583;451106.35;4794903.47;230.92
59358;450783.9;4794777.95;375.67
59365;450235.67;4794926.72;215.32
92137;450231.2;4794647.69;224.19
92138;450757.0;4794798.26;245.71
59385;450240.81;4794929.27;214.73
26623;451188.46;4795041.58;308.18
92163;450694.24;4794958.47;164.67
26634;450230.02;4794766.99;236.43
59412;450139.5;4794891.72;248.16
92184;450340.57;4794974.5;208.91
26648;450693.7;4794946.53;179.08
59421;450862.31;4794859.81;246.79
59423;450864.1;4794802.53;365.45
26662;450852.46;4794787.38;324.99
59439;449957.25;4794668.55;253.86
59440;451140.66;4795157.43;319.47
59456;450749.66;4794897.72;192.09
26695;450268.7;4794851.52;212.67
92232;450796.64;4794781.51;273.74
59471;450345.35;4795134.5;324.32
26704;450093.27;4794989.89;334.24
59478;450424.8;4795260.0;207.04
26727;450867.25;4794888.34;207.51
26736;450639.47;4794997.59;183.81
92276;450387.93;4795434.3;179.98
92286;450120.98;4794875.82;240.83
59521;450033.44;4794704.11;262.83
59533;451445.47;4794930.01;220.75
92305;450494.95;4794576.63;190.9
26770;451154.71;4794534.92;207.23
92307;450556.59;4794728.05;257.32
26772;450813.86;4794793.41;356.15
92309;449727.26;4794500.68;186.44
26777;451224.64;4794607.54;213.64
92320;450178.99;4794703.46;252.91
92324;449753.52;4794475.52;199.97
92325;450887.34;4794879.26;252.81
59561;450358.73;4794867.18;238.87
92336;450795.92;4794781.9;380.48
59571;450030.2;4794705.37;261.9
26805;450825.12;4794559.4;190.48
59577;450866.46;4794866.03;246.5
92353;450398.79;4795521.71;173.61
26818;450627.27;4795051.15;174.53
26821;450131.2;4794745.41;260.81
26824;450225.19;4794948.14;215.24
26846;451255.6;4794980.41;237.91
92389;450813.23;4794543.46;218.47
59626;450613.0;4795491.15;175.64
26858;451416.83;4794915.01;218.65
26867;450634.17;4795506.57;175.12
59640;450609.28;4794559.63;193.79
59653;450233.51;4794926.53;214.56
59661;450141.82;4794905.68;267.76
92433;450128.64;4794851.34;242.07
59675;451337.02;4794944.67;246.49
92447;450133.44;4794850.3;246.87
26922;450111.52;4794869.85;236.97
59694;450243.19;4794748.85;459.54
59697;450538.7;4794560.53;193.56
92471;450254.94;4794670.32;246.58
26958;451163.68;4795057.73;299.91
92508;450888.86;4794775.64;251.92
59742;451340.01;4794579.4;209.9
59747;450248.61;4794675.47;248.21
92532;450226.16;4794633.84;232.72
92546;450998.13;4795026.21;333.51
27011;450412.85;4795083.11;190.27
59779;450589.61;4794728.14;251.29
27013;450136.31;4794721.69;253.95
92566;450261.34;4794649.18;232.43
27031;450114.77;4794854.31;234.63
27036;450127.81;4794887.31;244.99
92572;450471.9;4794953.69;294.68
59809;450120.64;4794850.62;238.02
27052;450183.02;4794746.82;243.99
92589;451199.66;4795025.1;290.72
92598;450389.46;4795532.18;175.33
27073;451190.24;4795046.06;303.1
92609;451507.64;4794957.24;218.79
59853;450226.5;4794939.15;215.4
92623;451205.74;4795211.64;236.14
59858;451353.84;4794563.82;208.22
92645;450343.22;4794855.69;238.18
59884;450070.48;4794369.64;220.52
27124;450860.25;4794872.72;243.29
27132;450376.62;4795282.04;191.36
59905;450572.29;4795495.98;177.88
27144;450852.77;4794891.98;189.54
92692;450595.26;4794791.78;295.65
27178;450450.68;4795050.11;190.8
27183;450374.02;4795228.2;181.76
27186;451432.29;4794946.47;238.67
92735;450616.96;4795012.09;225.3
59972;451195.24;4795039.8;298.6
27205;450150.63;4794615.98;225.47
59974;450353.85;4795116.1;195.06
27216;450526.31;4794572.87;191.85
59986;450119.59;4794873.48;240.68
59994;450266.03;4794753.03;235.27
60004;451189.02;4795050.7;305.15
27236;450182.15;4794675.68;243.26
27242;450370.37;4795123.84;194.85
92781;450244.54;4794731.45;400.92
92782;450552.34;4794730.33;256.73
92787;451172.24;4794571.07;206.46
92789;450410.14;4795522.1;175.19
92796;450496.77;4794730.25;252.61
27276;450260.25;4794954.95;214.53
60047;450625.27;4795113.76;167.06
27280;450855.45;4794864.23;251.48
27282;450673.02;4794951.6;178.88
27286;450261.12;4795056.81;205.76
92823;450336.59;4795415.71;184.3
27289;451410.07;4794915.05;217.89
92832;450364.86;4795546.26;176.6
60076;451487.51;4794916.76;209.76
60094;450768.03;4794796.19;253.53
92880;450313.57;4795176.0;279.15
92892;449832.99;4794506.28;175.17
27365;450536.78;4794726.48;259.05
92902;449882.65;4794598.18;198.6
27369;451472.82;4794926.43;214.59
60141;450550.46;4794892.92;246.14
92931;450603.58;4794841.85;249.47
27404;450668.19;4794700.1;246.9
60175;449979.7;4794714.39;263.21
92945;450346.31;4795422.38;191.43
92949;451438.72;4794821.78;236.31
60182;450436.79;4795496.97;175.62
27415;450511.18;4795503.34;172.4
27418;450799.55;4794693.12;199.29
92962;450679.67;4794753.06;273.15
60208;450394.62;4794803.42;237.35
27444;450231.5;4794926.32;215.06
60217;451099.79;4794976.35;247.95
60223;450136.63;4794891.6;248.41
27466;450923.93;4794861.21;255.9
60258;451222.43;4794997.54;243.43
27495;451501.9;4794962.09;219.56
93048;451189.31;4795034.87;300.02
93073;450132.97;4794884.86;252.56
60309;450187.84;4795008.75;213.08
60310;450137.34;4794895.76;253.83
93080;450672.21;4794961.47;181.41
93100;450325.93;4794835.91;255.37
93101;450142.15;4794721.34;250.03
93106;450745.27;4794716.88;254.87
93107;450086.26;4794990.02;236.77
60346;450376.61;4795231.89;181.28
60359;450837.12;4794856.78;269.83
60370;450358.68;4794865.27;238.82
27604;450132.52;4794849.32;252.38
60378;450024.14;4794412.06;218.38
60382;450217.86;4794744.1;245.26
27624;450788.05;4794797.02;257.72
27626;450133.61;4794923.08;232.47
27628;451319.39;4794719.55;210.47
27655;451142.59;4795156.16;366.82
60429;450702.54;4794980.02;163.9
60431;450341.41;4795537.06;174.35
93207;450131.77;4794847.1;246.55
93208;450144.42;4794975.45;226.41
60463;450628.54;4795011.87;178.44
60469;450876.29;4794710.05;190.28
93244;450924.89;4794862.93;234.75
60482;450791.97;4794788.29;250.13
60492;450917.75;4794855.41;257.16
60495;450652.72;4795515.34;174.34
93265;450897.11;4794807.11;367.35
27736;451431.37;4794827.16;212.61
60506;450373.12;4795235.67;178.65
93284;449756.48;4794494.68;195.25
93300;451376.46;4794769.23;212.92
93320;450118.72;4794851.92;238.01
60553;450512.4;4794731.71;253.41
27787;450931.56;4794831.84;256.99
27803;450615.28;4795130.25;167.06
27804;450833.85;4794859.23;188.85
27807;450874.3;4794518.39;207.02
27811;450709.1;4794728.84;256.18
60580;450801.53;4794764.26;351.74
27814;450525.44;4794747.28;256.25
60589;450324.35;4795396.41;193.17
93364;450759.22;4794713.33;213.98
60600;450555.45;4794821.18;235.07
60604;450120.62;4794856.06;231.0
60607;451071.4;4794981.74;243.3
93376;451389.26;4794838.34;212.92
93377;450631.58;4794760.67;292.19
27845;450790.75;4794763.66;374.4
27846;450151.55;4794835.99;250.27
60618;451087.78;4794931.01;233.68
27851;450903.07;4794902.29;288.4
27853;450270.42;4794907.92;199.03
27860;450402.54;4795137.43;175.17
27888;451102.05;4794969.85;263.51
27914;450125.23;4794869.3;254.46
60709;450349.51;4794979.25;377.68
93480;449795.12;4794463.33;190.64
27948;450735.14;4794730.97;263.09
27956;450122.95;4794848.0;235.18
60732;450128.85;4794873.29;264.59
27970;450586.81;4795468.2;172.69
28019;450724.65;4794736.26;257.46
93567;449812.99;4794454.79;186.2
28032;450609.32;4795484.87;176.49
60806;449891.18;4794623.5;229.42
93577;450124.54;4794870.67;261.15
93580;450183.8;4794771.79;234.88
28049;451093.75;4794986.89;241.6
60819;450853.21;4794519.47;205.17
60820;450677.33;4795528.9;170.8
60833;450147.5;4794742.35;254.62
93605;450138.47;4794893.65;248.2
28074;450133.65;4794923.23;231.68
93613;450673.74;4794963.34;180.18
60855;450887.44;4794912.14;296.75
60856;451503.83;4794875.08;200.68
93623;450439.09;4794940.03;237.99
93634;450359.5;4794645.81;241.27
93636;450530.73;4795499.26;170.15
28100;451319.27;4794629.59;209.52
60870;450217.73;4794743.21;247.67
28109;450089.16;4794999.58;218.66
93651;450075.28;4794412.34;218.2
28116;449848.02;4794561.29;199.32
60885;451130.66;4794933.37;256.25
93687;450114.62;4794875.3;240.38
93694;449795.79;4794493.47;189.94
93696;451024.88;4794792.62;249.59
93702;450373.95;4795228.16;185.2
60938;450403.45;4795319.78;192.03
28171;450369.07;4795260.68;186.26
93718;450342.1;4795019.76;327.67
28185;450385.38;4794896.49;242.3
28186;450514.58;4794731.44;252.87
28192;450110.03;4794859.37;234.14
60963;450850.99;4794515.36;216.97
93736;450455.78;4794754.98;237.56
93750;450901.27;4794911.23;291.5
60987;450360.01;4795012.65;201.3
28222;450140.6;4794892.21;247.6
28230;450141.78;4794899.64;258.39
28233;451466.8;4794821.96;216.71
61002;450101.8;4794980.95;218.59
28238;450871.94;4794886.74;208.21
61011;450428.01;4794761.61;238.06
28267;450536.52;4794915.24;241.96
93805;450620.41;4795017.48;167.43
61038;450117.39;4794878.75;240.75
93809;450121.98;4794886.38;243.78
61044;451310.11;4794939.01;245.51
93819;450143.95;4794886.52;245.76
28290;450118.74;4794854.88;230.88
28291;450209.99;4794796.93;203.12
28298;450350.33;4794839.08;237.22
93834;450411.67;4794946.33;236.77
28316;450122.52;4794852.21;238.73
61085;450223.25;4794944.92;215.24
61084;451128.03;4794564.29;226.83
93857;450132.8;4794926.66;231.78
28322;450769.08;4794704.08;201.02
61096;450147.8;4794893.09;244.41
61123;451047.33;4794493.78;214.88
93896;450137.33;4794684.85;247.15
93898;450563.18;4794812.28;250.61
28363;450564.35;4794828.6;189.37
61133;450131.99;4794913.08;230.48
28392;449935.99;4794690.39;265.04
28404;450622.63;4794969.6;231.12
61172;450499.03;4795511.71;172.82
93958;450123.05;4794871.48;242.07
61200;450336.87;4794626.09;221.25
28437;450781.58;4794801.53;251.64
93974;450808.06;4794805.79;359.04
93978;450164.17;4795003.41;216.07
61211;450696.69;4794960.58;176.64
28450;450297.47;4794690.72;244.8
28456;450412.73;4795245.99;193.3
93996;450351.89;4795423.17;193.51
28464;450999.86;4794774.91;250.62
61236;450206.23;4794953.99;216.31
94012;450856.69;4794913.38;380.77
28481;450124.63;4794870.8;257.88
94030;450113.64;4794848.03;238.64
94034;450124.15;4794872.51;245.25
28519;450877.96;4794802.06;365.66
61294;450649.85;4794976.34;183.98
28536;450491.67;4795525.81;177.54
28542;450374.74;4795483.34;190.87
61310;450251.56;4794746.43;369.05
61312;450738.5;4794904.32;192.4
28559;450785.07;4794741.96;360.89
61335;450650.42;4794603.35;200.1
94114;450189.38;4794727.79;248.55
28584;450139.28;4794895.79;248.8
61353;450114.63;4794854.26;231.35
61355;450550.35;4794728.24;258.68
28608;450645.05;4794780.4;292.73
61378;450118.43;4794868.72;241.6
28622;450376.69;4794617.33;234.92
94180;451120.36;4794821.35;237.24
94187;450422.08;4794939.57;238.28
28652;450114.24;4794879.05;240.48
94200;449921.39;4794641.87;215.18
61436;450607.27;4795488.43;187.03
28684;451401.25;4794823.27;212.92
61458;450269.26;4794958.34;216.58
94229;451257.35;4795248.29;238.85
94232;450130.85;4794985.45;219.99
61472;450825.95;4794770.1;356.04
94244;450829.73;4794848.3;199.09
28710;450247.91;4794685.63;243.05
61481;450482.32;4795035.77;328.14
94257;450376.01;4795275.4;194.28
94274;450142.13;4794891.43;246.04
61508;450486.95;4795020.68;192.91
61509;451347.43;4794945.09;246.7
61515;450296.59;4794994.61;205.15
61516;450124.89;4794867.78;248.01
61534;450165.82;4794635.32;234.3
94305;450095.99;4794944.63;335.46
61540;451186.51;4795051.19;306.75
94315;451257.45;4794639.68;209.85
61550;450245.58;4794865.94;215.11
28793;450819.65;4794737.54;306.96
94331;450868.16;4794887.68;192.85
28798;451365.42;4794757.33;212.92
28802;450674.25;4794991.38;172.12
94347;450776.18;4794842.94;182.51
94350;450286.29;4795118.79;199.11
94354;450923.19;4794858.93;255.9
61586;450137.91;4794673.15;240.33
28818;450368.13;4794642.08;241.97
94389;450667.42;4794981.46;184.21
94391;450227.64;4794821.09;220.07
28870;450762.77;4794902.47;174.47
94410;450116.49;4794847.81;239.32
61645;450363.75;4795225.29;173.14
28898;450216.67;4794822.21;219.22
28903;451111.89;4794992.43;242.49
94442;450531.56;4794930.29;249.73
61675;450142.65;4794895.46;246.52
28931;450039.7;4794933.78;335.74
94494;450171.95;4794981.3;216.35
61729;450502.51;4795024.07;190.15
61731;450276.84;4795166.25;337.16
28970;450735.26;4794819.23;229.94
61739;450466.3;4794952.69;238.33
94508;450829.69;4794821.24;398.66
94514;450677.28;4794748.67;269.77
94521;450331.26;4794574.72;171.7
61763;450772.68;4794591.21;220.02
61772;451385.48;4794942.18;248.62
29007;450392.28;4795221.7;173.31
29015;450445.12;4795264.5;212.68
29016;450364.29;4795117.01;193.43
29018;451057.61;4795082.13;322.36
61795;450404.77;4795490.43;193.86
61800;450772.46;4794702.66;336.93
61801;450664.92;4794698.38;247.76
94569;450179.25;4794670.89;243.16
94573;450568.5;4794837.34;244.72
29041;450370.23;4795092.85;331.44
61813;450633.32;4794888.49;249.02
94582;450267.19;4794855.96;209.52
94584;449912.44;4794729.33;239.22
61819;451058.39;4794943.06;242.1
94596;451224.94;4795244.43;239.14
29062;449957.91;4794666.02;245.88
29074;450220.24;4794808.48;219.22
94614;450695.98;4794944.64;180.47
29079;450440.04;4795078.3;327.32
61852;450438.34;4794937.47;237.88
29090;451270.44;4794980.3;239.95
94634;450865.46;4794743.46;196.17
29099;450477.02;4795071.52;326.99
61867;450790.84;4794778.58;377.94
94649;449843.15;4794713.71;274.33
94652;451234.65;4794727.73;234.65
29145;449902.43;4794639.64;225.23
94687;450214.37;4794629.44;224.29
61921;451124.87;4795018.41;239.96
29162;450223.19;4794944.86;214.91
61934;450414.61;4795511.0;174.73
29172;450113.7;4794865.57;235.55
94711;450578.35;4795001.77;189.1
29195;450604.49;4795485.84;187.29
61965;450387.84;4794639.65;239.86
29198;450180.88;4794928.78;222.14
29199;451164.39;4795049.48;237.07
29202;449839.62;4794500.65;175.17
94739;451167.34;4794960.2;268.5
61975;451235.79;4794625.84;235.71
29215;450246.04;4794736.89;368.85
29227;450136.23;4794925.75;236.8
29232;450802.95;4794797.02;247.22
29246;451124.01;4794830.65;236.72
62016;450436.16;4795527.98;169.27
62018;451237.28;4794699.5;231.45
29252;450247.73;4794756.13;474.39
62024;450363.67;4795225.04;172.39
94792;450430.07;4794930.09;238.27
62029;450767.11;4794739.69;316.59
29265;450126.65;4794885.78;244.03
62036;451187.91;4794899.3;244.41
62048;449825.08;4794452.37;211.31
94817;450818.37;4794739.12;314.82
94818;450269.94;4794909.96;214.41
29286;450740.26;4794719.54;257.08
62064;450128.99;4794850.46;242.38
29298;450560.91;4795005.2;188.95
94835;451199.27;4795019.89;287.55
29305;450224.06;4794938.04;214.87
29315;450160.12;4794694.3;246.12
94867;450932.12;4794872.35;245.35
29332;450259.62;4794648.36;231.93
29333;450595.6;4795000.69;190.3
94875;451533.79;4794871.37;195.1
94883;450807.97;4794822.94;379.96
62119;450547.2;4794900.24;244.59
29361;451505.39;4794858.0;199.66
94900;450221.08;4794815.33;219.72
62132;450248.0;4794758.0;477.0
62134;450429.48;4795531.72;169.89
29369;450134.81;4794849.61;247.33
62140;450608.77;4794992.4;219.04
29372;450461.65;4794759.2;237.61
94911;450565.08;4794842.51;242.98
29376;451188.48;4795040.57;298.91
94913;450374.14;4795390.65;202.87
94933;450233.04;4794925.82;214.74
94939;450262.14;4794703.94;244.55
29404;451107.4;4794902.97;232.75
29409;450456.23;4795033.76;192.94
62179;450778.99;4794597.34;224.49
62180;449987.9;4794896.03;337.24
94959;450343.58;4795425.92;183.39
94960;450810.46;4794810.77;408.12
94972;450115.52;4794872.18;240.91
94975;451148.03;4794560.08;207.27
62215;450247.38;4794828.82;209.74
62219;450286.17;4794700.99;233.86
94989;450229.2;4794938.11;215.15
29457;450557.05;4794925.0;238.53
95001;451260.53;4794686.1;208.63
29468;451456.43;4794824.67;239.46
95009;450856.65;4794909.14;378.82
29480;450425.05;4795255.67;203.46
95033;450857.91;4794856.35;272.66
29505;451541.61;4794868.94;189.37
62275;450348.16;4795177.89;172.98
29508;450922.14;4794874.14;230.86
29512;451007.04;4795027.19;330.5
29515;450190.43;4794698.25;248.59
95058;450132.33;4794849.68;246.4
95059;450710.38;4794966.72;164.87
62292;450755.03;4794928.87;175.02
95062;450138.12;4794885.34;245.83
29528;450284.49;4794769.15;235.17
29530;450367.89;4795274.18;197.78
95068;450372.39;4795469.58;189.3
95069;450113.96;4794848.77;239.6
29560;450755.45;4794857.31;175.92
95098;450655.11;4794596.35;196.17
95100;450122.99;4794867.83;243.97
29583;450126.55;4794871.45;259.31
62362;451455.2;4794829.31;213.34
95134;450338.92;4794602.61;224.22
95139;450356.51;4795370.86;184.2
62377;451189.46;4795050.66;303.11
95148;451240.06;4794636.75;209.54
95152;450364.38;4795242.76;182.22
29618;450435.57;4795255.14;208.39
95174;450113.05;4794877.89;239.73
95177;451467.51;4794918.76;219.33
29646;451191.02;4795031.67;299.44
95191;450138.94;4794898.26;257.23
62429;450424.06;4795254.18;202.02
95199;450117.26;4794869.34;240.09
62432;450140.23;4794895.55;248.29
95208;451117.49;4794904.17;229.95
29683;450434.79;4794931.36;237.94
95225;450565.46;4795525.85;190.31
29690;450226.07;4794949.97;215.05
95232;451172.89;4794566.48;207.71
95240;450142.25;4794896.39;244.75
95267;450899.99;4794892.69;222.58
95288;450476.22;4795019.04;192.77
95290;450126.95;4794885.46;243.5
29767;450132.75;4794991.31;219.77
95314;450088.84;4794968.51;227.49
62552;449764.32;4794493.09;196.05
29796;451135.79;4794972.67;243.89
95346;451093.64;4794957.21;256.41
29818;449786.19;4794503.35;196.78
29825;450280.81;4794905.61;214.91
62601;450431.29;4794944.71;240.54
62607;450664.38;4794739.92;289.1
29855;450118.97;4794851.24;233.46
62624;451216.62;4795186.46;234.74
95394;451183.3;4794589.92;210.55
29867;451345.67;4794561.2;206.88
29869;450681.99;4794730.61;238.73
95408;450225.39;4794747.29;246.42
95411;450139.3;4794963.14;225.71
29875;450240.07;4794746.83;368.85
95418;450782.98;4794741.38;331.65
62652;450262.47;4794709.71;243.38
95427;450110.08;4794862.37;235.04
29895;450408.35;4795117.3;182.24
62664;450313.14;4794632.56;221.25
62665;451229.19;4794604.97;214.27
29902;450319.81;4795169.24;313.17
95448;451274.43;4794983.64;239.86
62682;450135.65;4794850.43;248.74
95450;451260.29;4794607.27;219.99
95456;450905.56;4794844.7;261.63
95476;450120.31;4794868.76;241.81
95479;449956.89;4794669.51;254.27
95482;450527.87;4794999.18;191.45
29956;450224.08;4794769.13;236.01
29962;450624.56;4794925.26;193.07
95500;450135.61;4794924.97;236.04
62739;450292.9;4794678.62;237.94
62760;449753.63;4794457.84;196.16
29993;450884.34;4794882.97;289.22
95529;451208.14;4794597.06;213.1
62763;450216.67;4794953.75;215.47
62766;449758.6;4794494.83;196.57
95535;450812.39;4794525.66;206.97
30004;450465.24;4795483.86;170.88
62774;450224.52;4794937.1;215.63
62782;451223.5;4795001.93;284.6
62792;450132.3;4794849.12;250.21
95567;450303.96;4794819.69;251.18
30054;450822.57;4794763.06;321.28
62838;451244.84;4794926.4;240.9
95621;450122.41;4794867.38;244.98
62858;449905.96;4794646.9;226.66
95630;450123.27;4794960.64;221.98
62864;450651.55;4794759.42;284.1
62869;450262.88;4794918.22;199.08
95638;451456.61;4794841.98;246.8
95643;450188.29;4794760.98;247.53
95648;450129.68;4794848.53;244.22
62881;450116.38;4794854.31;231.53
30121;450266.15;4794658.83;230.31
30130;450242.32;4794950.89;215.96
30134;451306.37;4794583.12;213.35
62907;450433.84;4794734.5;238.17
30140;450188.45;4794726.19;344.03
62910;450133.45;4794722.21;254.0
62915;450834.94;4794914.5;388.14
30148;450223.75;4794946.59;214.47
62919;450882.59;4794872.88;236.94
95687;450756.4;4794724.38;228.01
30155;450813.11;4794787.55;358.82
30157;450145.67;4794892.34;247.26
62936;449849.72;4794565.85;199.66
30170;451466.24;4794834.53;213.49
62944;450752.05;4794728.36;227.78
30178;450133.42;4794886.74;244.77
30179;450358.99;4795546.52;179.83
30180;451402.97;4794923.33;247.83
62970;450364.7;4795100.6;332.44
95739;450160.67;4794837.73;249.78
62975;450610.69;4795465.34;170.35
62979;451124.38;4794854.2;233.22
95749;450378.51;4795232.24;184.31
30222;451328.92;4794581.74;211.49
95775;450434.08;4795256.73;208.35
63020;450775.62;4794593.96;224.99
95796;450527.16;4794711.92;253.31
63032;451127.4;4794836.77;233.08
63042;450788.61;4794718.24;202.29
63056;450525.38;4795046.47;328.14
63061;451434.25;4794944.28;237.17
30298;451286.42;4795231.53;239.55
95835;450195.4;4794999.04;215.46
95840;451502.89;4794872.98;200.68
63082;450346.19;4795416.77;196.09
63085;450949.55;4794823.72;253.88
30324;450355.72;4794939.21;333.64
63102;449816.77;4794496.65;188.63
95871;450140.06;4794910.95;228.57
95878;450537.52;4794653.14;243.78
63111;450071.82;4794415.2;218.36
95887;450284.62;4794696.78;234.17
30357;450235.7;4794922.98;215.41
63132;450493.06;4794948.09;253.71
63133;450243.87;4794856.13;215.36
95916;450896.99;4794884.54;192.14
63166;450449.06;4795009.99;196.73
95939;451246.93;4794597.77;217.99
30409;450159.6;4794898.6;239.91
63177;450265.21;4794702.15;243.38
30416;450409.94;4795089.37;189.32
63200;450281.43;4794860.76;209.54
63212;450447.28;4795000.69;197.41
63221;450199.09;4794656.71;242.64
95993;450114.54;4794853.63;239.85
96003;450364.03;4795281.82;196.62
30469;450141.67;4794893.99;246.08
30473;450805.0;4794794.18;247.22
30486;450180.26;4794744.79;240.93
96025;450666.32;4794974.81;180.04
96035;450333.66;4795407.24;192.51
63268;449725.51;4794509.49;176.85
96047;450748.65;4794720.85;236.98
63282;450152.67;4794694.99;246.64
96056;450218.25;4794627.07;231.17
30524;450573.09;4795517.5;184.99
63298;451168.1;4795049.95;302.77
63301;450272.57;4794571.81;171.05
30537;450177.9;4794831.33;248.93
63318;450677.78;4794569.55;192.06
63333;450500.45;4795021.78;189.82
96101;451218.1;4794920.28;239.13
30579;450419.11;4794902.23;238.25
30598;450088.16;4795027.42;334.19
96134;450137.39;4794894.12;249.01
96140;450141.46;4794895.46;246.41
96153;450121.83;4794849.9;238.94
96169;450536.03;4794744.17;256.85
30649;449958.28;4794669.87;253.03
30656;450605.48;4795478.03;184.26
96195;449816.89;4794453.39;211.11
96196;450609.46;4795470.79;171.54
96212;450125.58;4794867.66;241.16
30682;451211.02;4795024.97;290.28
96219;451372.9;4794662.35;212.95
30689;450121.04;4794868.73;240.71
30690;451239.61;4794601.92;212.62
30691;450763.09;4794784.41;267.41
96228;450266.5;4794861.27;215.08
96229;450726.3;4794777.17;291.58
30694;450806.83;4794806.44;358.89
63460;450197.65;4794744.86;243.85
63457;449999.2;4794428.11;218.61
63476;450459.62;4794756.79;237.36
63480;450547.4;4794725.71;258.42
30715;450692.2;4794958.06;178.47
63495;450914.14;4794840.86;260.8
96267;451506.73;4794925.51;202.03
96275;449939.32;4794686.92;262.53
96290;450212.56;4794746.16;246.27
30760;449767.28;4794493.31;195.63
30761;450381.46;4794640.0;241.49
63537;450357.53;4795076.65;303.44
63553;450787.94;4794797.07;246.53
96324;450223.75;4794856.79;330.9
30789;450432.43;4794993.08;197.79
96326;450457.77;4794749.57;236.71
96327;450700.39;4794966.36;164.77
30795;450710.49;4794929.9;190.0
96332;450135.36;4794851.07;248.25
96338;450433.35;4794760.87;236.48
30812;450862.33;4794859.85;258.29
96353;450392.88;4795023.91;197.63
96358;450400.23;4794618.63;247.16
30843;450552.94;4794813.58;223.93
63635;450852.12;4794907.9;395.94
63641;451043.85;4795082.79;321.23
30877;450802.94;4794777.83;380.63
63650;449869.24;4794593.99;210.44
30883;450672.34;4794577.66;191.21
63660;450422.02;4795252.33;197.27
30893;450221.02;4794894.8;330.9
63670;450813.82;4794785.23;359.72
63671;450216.43;4794694.03;254.36
30906;451266.84;4794937.17;242.72
63698;450179.89;4794916.99;237.8
96482;450657.0;4794736.41;281.31
96483;450599.17;4795471.24;174.43
63716;451400.99;4794869.7;212.92
30955;450125.24;4794869.59;256.59
96496;450128.51;4794849.87;242.7
30968;450894.06;4794802.97;377.56
96508;450271.05;4794857.16;209.58
63743;450115.97;4794852.21;237.66
63747;450883.63;4794876.4;278.64
96523;450569.58;4794804.9;249.36
30988;450188.5;4794702.59;251.95
31017;450072.2;4794378.68;220.83
63798;451161.35;4794525.6;207.5
96571;451317.39;4794643.49;234.75
31040;450132.92;4794925.6;231.66
96576;450484.66;4794772.63;239.01
63824;450147.06;4794845.67;249.63
31064;450764.81;4794789.72;265.85
63836;450130.19;4794886.46;244.34
96605;450548.48;4795493.02;169.78
31099;451350.96;4794617.77;209.12
63870;450337.34;4795048.79;303.44
31132;450085.88;4794984.9;225.41
63900;450124.94;4794872.57;249.56
31139;450798.17;4794695.31;200.14
96678;451330.95;4794598.89;211.07
63912;450153.62;4794700.22;245.22
63920;450250.82;4794742.5;246.65
96691;450705.46;4794730.59;251.02
31156;450344.52;4795405.8;201.64
63923;451194.51;4795038.29;306.06
63928;450388.4;4794626.37;243.11
96697;449881.82;4794447.36;216.19
63939;450353.64;4795091.68;320.44
96715;450426.44;4794711.69;237.45
63950;450376.74;4795484.35;190.55
96725;450099.87;4794988.04;332.4
31198;450797.86;4794838.07;188.77
63974;451163.74;4795056.93;305.38
31215;450565.14;4794808.69;251.46
31216;451218.5;4795004.91;237.58
63985;450247.03;4794956.64;214.38
64009;450236.25;4794925.89;215.42
31251;451173.6;4795189.56;326.82
96793;450378.84;4794880.07;225.94
96799;450116.26;4794871.31;240.82
31268;450117.21;4794713.66;258.92
96823;449737.74;4794489.36;195.09
96826;451310.51;4794658.89;223.8
64062;450356.87;4795226.37;188.7
64070;450319.39;4794809.31;234.8
96840;450761.74;4794892.89;182.56
96841;450730.09;4794775.71;292.37
96858;450537.68;4794941.89;253.39
64095;450025.59;4794703.98;262.83
64098;451326.53;4794538.2;201.76
64106;449775.31;4794502.55;196.97
64113;450222.03;4794938.58;215.69
64114;450795.41;4794782.75;250.24
96912;450242.35;4794840.7;215.76
64146;450699.32;4794970.93;162.89
96915;450412.78;4795064.11;191.54
96920;449961.25;4794448.59;218.26
96928;450369.79;4795012.04;199.3
31393;450603.79;4795474.7;173.78
64168;450819.82;4794742.02;274.28
96947;450136.08;4794892.37;248.6
64181;450109.7;4794864.57;234.78
31421;450749.17;4794719.45;237.19
31423;450817.58;4794808.86;395.84
31427;451167.24;4794826.33;237.57
64199;451080.78;4794506.02;207.82
96967;451375.75;4794787.02;212.92
31431;450193.27;4794728.86;345.0
64212;450508.74;4794729.95;253.12
64223;450520.59;4794748.33;252.01
31465;449767.74;4794495.04;196.51
64246;451443.16;4794820.38;235.46
97015;450124.61;4794851.66;239.08
64252;450421.15;4795253.62;197.27
64257;450362.4;4795286.91;192.76
31490;450593.89;4794896.39;252.93
31500;450133.3;4794884.51;244.65
97050;450114.15;4794878.95;240.48
64288;450135.18;4794850.46;247.64
31520;450837.95;4794820.95;397.35
31525;450201.91;4794812.46;250.74
64309;451403.33;4794913.17;217.89
64312;450687.7;4794951.57;180.21
64317;450362.26;4795225.51;172.81
31549;450791.52;4794835.22;184.72
31551;450324.75;4794840.47;238.4
97087;449754.74;4794481.09;199.97
31553;451209.61;4794948.06;238.59
64326;451157.16;4795115.51;310.82
64328;450134.97;4794688.53;246.69
31573;450132.1;4794849.37;249.3
64345;450612.69;4795016.71;204.94
64347;450570.42;4794803.96;249.36
64354;451505.97;4794957.17;219.11
31597;451058.84;4794498.9;214.44
64371;450419.71;4795518.05;175.77
64375;450433.51;4794768.09;237.29
31609;450249.15;4795022.43;211.93
31623;450102.78;4794708.31;256.57
97163;451341.66;4794576.55;208.7
97168;449887.98;4794686.64;269.28
31637;450632.25;4795053.77;167.93
31644;450351.06;4795399.26;197.86
31650;451129.27;4794808.68;237.78
31653;450399.83;4795491.85;194.77
31667;451375.21;4794662.01;189.19
64435;450244.36;4794746.67;425.14
64455;451217.31;4794909.55;239.02
31688;450121.68;4794872.9;239.44
64465;451182.52;4795203.11;327.48
97245;450114.38;4794853.11;231.68
97278;450354.54;4794852.55;238.07
64513;450845.09;4794857.32;267.28
97291;450586.96;4794679.75;253.52
31759;450220.05;4794974.77;214.38
97301;450467.89;4795472.36;179.67
31767;450811.79;4794671.77;190.85
31768;450782.57;4794584.3;220.86
31776;450101.91;4794938.93;229.73
97314;451266.75;4794930.1;243.27
31781;450206.41;4794950.47;216.7
31782;450113.14;4794857.16;232.54
31786;450073.45;4794976.11;227.95
97337;450717.17;4794613.34;195.55
31806;450011.12;4794710.44;260.97
97344;451127.01;4794870.94;233.26
97345;450215.89;4794824.26;219.22
97356;450112.87;4794855.97;250.34
64595;451240.15;4794631.66;209.81
31841;451184.83;4795039.27;314.38
97381;450114.06;4794863.98;235.48
64625;450813.98;4794791.05;355.69
31858;450293.47;4794862.83;208.0
31867;450703.82;4794731.68;250.7
97422;451350.85;4794610.78;210.61
31927;450445.97;4794939.94;258.92
31937;450099.52;4794954.45;229.66
97481;450120.26;4794855.72;230.89
97487;450117.95;4794853.32;231.52
31953;451181.99;4795054.71;320.73
64722;450202.37;4794785.29;249.64
31957;450125.24;4794870.4;261.75
97506;450117.03;4794870.0;241.57
64739;450436.63;4795256.03;214.21
97513;450114.73;4794854.42;232.62
97516;450765.08;4794794.02;256.3
31987;450312.37;4795158.69;320.69
97527;450888.5;4794873.68;257.35
31993;450897.32;4794894.63;216.86
97533;450124.53;4794868.51;245.69
64776;450669.64;4795080.31;169.18
97553;451172.24;4795052.47;305.29
97556;450337.35;4794842.92;241.35
32029;450462.41;4795069.9;329.94
32039;450147.39;4794719.29;256.82
32043;450132.11;4794887.22;244.85
97585;450363.36;4795291.4;191.61
97595;450376.44;4795030.09;198.8
64829;450799.68;4794826.83;383.32
64836;450370.77;4795542.05;174.65
32074;451341.47;4794559.85;230.96
97612;450341.2;4795125.02;194.48
97621;450887.09;4794905.75;346.35
64857;450125.23;4794866.29;246.26
64864;450752.21;4794728.3;227.13
97634;450538.27;4794808.43;240.64
97635;450413.68;4794894.96;237.61
32102;450229.86;4794932.03;215.27
97639;450157.54;4794977.76;221.65
97638;450087.25;4794406.09;218.43
32107;451491.4;4794841.16;201.3
32115;451108.32;4794951.63;257.91
32124;450137.63;4794889.34;246.94
32128;450261.38;4794862.95;214.38
64901;450286.69;4794701.99;245.04
32134;450748.58;4794716.41;239.19
64904;450097.26;4794857.71;250.61
32138;450105.45;4794941.64;226.03
97682;450701.67;4794942.37;185.3
32160;451229.44;4794640.43;212.97
97712;450750.45;4794723.39;223.8
32186;449743.62;4794483.72;195.82
32203;450438.37;4795526.47;184.1
64977;450246.29;4794738.79;410.47
64988;451440.49;4794930.4;221.01
32249;450736.81;4794816.08;231.17
97787;450785.3;4794742.05;330.56
65035;450237.37;4794747.03;246.42
65043;449794.02;4794500.65;197.17
65044;450135.64;4794896.15;253.58
97813;450132.71;4794887.14;244.78
32290;450849.34;4794783.57;325.53
65059;450133.15;4794924.41;232.01
65086;450343.49;4794973.56;215.68
32327;450785.13;4794794.38;249.77
97872;450215.17;4794636.83;236.88
32340;450121.05;4794868.53;240.96
65109;450121.01;4794873.52;243.81
65125;451503.69;4794861.96;211.69
97893;450043.06;4794423.01;217.83
97896;450306.67;4794790.88;249.66
97908;450377.63;4794826.67;238.71
65147;451162.29;4795049.74;305.53
65148;450113.86;4794854.87;232.98
65151;450707.91;4794977.35;164.11
97920;450565.01;4795472.56;170.39
97919;451219.77;4795024.34;285.91
32389;450144.85;4795000.43;217.75
97928;450225.23;4794938.46;216.65
65162;450126.39;4794729.57;257.71
97932;451336.43;4794625.47;209.41
32401;450128.81;4794733.13;257.71
97942;450271.8;4794988.44;207.6
65200;450702.54;4794970.55;186.2
65211;451213.12;4794900.59;240.49
97983;450386.42;4794624.02;243.49
97990;449793.35;4794461.27;210.45
32457;450511.91;4794944.47;265.78
32468;450533.18;4794837.29;240.69
65236;450519.38;4795502.21;171.56
98015;450923.93;4794861.21;246.6
98023;450624.63;4794926.52;191.27
32501;450376.48;4795277.93;193.71
98051;450406.7;4795063.29;192.8
65283;450808.65;4794823.63;379.68
32538;450665.17;4794718.06;220.55
98076;450249.59;4794756.24;471.32
32541;451092.99;4794807.38;243.18
65321;450776.06;4794804.85;252.8
32554;449892.56;4794648.39;237.19
65329;450602.97;4795495.46;180.05
98104;450370.77;4795272.85;196.75
98122;450707.52;4794553.64;187.09
32587;450863.82;4794759.42;194.94
98146;451199.59;4794853.56;234.22
98173;450062.45;4794382.76;221.57
65419;450277.62;4794694.53;244.33
98189;450123.44;4794847.71;235.61
32659;450122.49;4794852.71;232.32
98200;451209.23;4794966.01;221.61
65437;450074.47;4794688.46;261.46
32673;450796.98;4794814.67;407.65
65460;449841.25;4794682.32;274.1
65469;450703.1;4794593.44;197.01
98238;451070.78;4794943.18;247.28
32706;450124.8;4794850.5;240.33
32725;450133.41;4794848.31;246.67
98262;450342.41;4795416.19;193.41
65507;449929.4;4794695.74;247.41
98280;450177.54;4794702.27;251.73
65527;449954.48;4794687.63;264.44
98297;450274.73;4795160.67;354.48
