from_id;to_id
21962;18438
18438;14410
14410;47430
47430;40848
40848;30901
30901;40082
40082;4710
4710;41797
41797;2721
2721;25825
25825;15904
15904;31304
15904;47200
31304;10914
47200;30783
14010;25684
14010;30783
40697;17914
40697;5590
5590;25684
46710;22493
22493;10667
10667;20497
20497;44549
44549;31931
31931;26391
26391;20290
20290;4588
4588;21963
21963;42468
21963;42093
42468;3384
42093;42083
3384;11862
10793;38071
10793;13112
10793;26685
38071;3990
13112;41372
13112;46060
26685;38713
26685;4311
3990;9847
9847;7884
9847;37851
7884;13044
46060;1849
38713;6078
38713;12518
4311;12437
6078;24066
12518;19156
19156;41195
19156;36301
12437;26986
26986;16749
16749;36924
36924;42083
36301;47173
15475;30199
15475;41212
15475;10084
41212;30562
10084;42324
10084;3988
30562;47173
42324;25928
3988;31630
25928;16815
16815;33576
31630;18223
18223;42059
18223;26490
26490;18836
26490;33017
33017;44316
27884;37621
27884;15941
27884;7864
7864;794
794;44316
5702;33568
33568;11586
11586;31459
31459;45497
45497;30226
30226;10328
10328;16842
16842;2214
2214;19903
19903;33428
33428;15746
15746;3381
3381;29269
12112;7200
12112;5577
12112;1899
7200;45221
5577;42135
1899;3038
42135;25625
25625;6154
6154;23673
23673;18381
18381;47904
47904;3485
3485;13973
13973;3000
3000;40019
40019;24966
24966;42075
42075;27507
27507;33127
33127;13305
13305;45088
45088;40037
40037;44333
44333;9461
9461;16552
16552;25951
25951;6030
24896;3038
15210;11402
15210;21202
15210;21860
15210;2733
11402;41893
21202;24680
21860;15066
2733;44536
41893;36598
36598;35586
35586;22386
22386;563
563;46720
46720;1894
1894;2598
2598;37763
37763;29425
29425;45746
45746;12450
12450;37404
12450;13794
37404;40294
13794;15465
40294;13098
13098;7131
7131;27026
15465;43063
43063;581
581;27620
27620;17078
17078;8882
25556;3805
3805;5102
5102;37647
37647;36154
36154;45231
45231;11849
11849;22124
22124;24671
22124;36189
36189;39379
39379;40496
40496;2239
40496;48002
2239;16136
48002;28965
16136;44133
16136;45962
44133;6641
45962;13898
6641;37675
37675;47376
47376;42945
42945;45544
45544;20424
20424;40474
40474;44341
44341;29360
29360;27015
27015;19777
19777;28234
28234;43478
43478;42973
42973;47266
47266;45861
45861;39787
39787;4066
4066;31765
31765;47613
47613;35906
35906;32621
32621;24680
15066;31502
31502;17161
17161;18154
18154;27169
27169;34464
34464;9121
9121;8985
8985;1501
1501;5608
5608;11544
11544;1642
1642;47177
47177;24782
24782;7308
7308;11484
11484;34795
34795;11827
34795;32776
32776;27848
8882;34115
34115;46450
46450;37628
37628;1647
1647;34239
34239;10813
10813;5287
5287;1130
1130;44223
44223;48306
48306;30287
30287;33631
30287;22446
33631;17224
22446;39221
17224;36537
36537;48322
48322;33884
33884;21317
21317;34260
34260;9792
9792;23514
23514;4016
4016;4688
4688;35666
35666;28162
28162;27059
27059;11337
11337;30020
30020;39132
39132;12516
12516;29471
29471;35302
35302;16900
16900;35378
35378;3520
3520;1213
1213;41875
41875;10502
10502;39080
39080;38165
38165;15025
15025;26638
26638;19312
19312;37862
37862;15554
15554;39263
39263;26077
26077;5773
5773;13130
13130;41750
41750;33352
33352;37274
37274;36559
36559;909
909;102
102;11904
102;9956
11904;45254
9956;38930
45254;42914
42914;19063
19063;14458
14458;13109
13109;17838
17838;17435
17435;20282
20282;43004
43004;47392
47392;5091
5091;12048
12048;38582
38582;43249
43249;4304
4304;10391
10391;25371
25371;32382
32382;32086
32086;21977
21977;36440
36440;20400
20400;19566
19566;4187
4187;28521
28521;43011
43011;15857
15857;47476
47476;7445
7445;34594
34594;22908
22908;16456
16456;30828
30828;35885
35885;2561
2561;23886
23886;179
179;24683
24683;32679
32679;38251
38251;7142
7142;14208
14208;36600
36600;6577
6577;41373
41373;6813
6813;46947
46947;3343
3343;43521
43521;41280
41280;20189
20189;17236
17236;12355
12355;11334
11334;34200
34200;26764
26764;22831
22831;26492
26492;34271
34271;26723
26723;18331
18331;17674
17674;44677
8103;23690
8103;14175
8103;8255
23690;9015
14175;34086
8255;14780
9015;22597
22597;28632
28632;43270
43270;40182
40182;39499
39499;8296
8296;13235
13235;11341
11341;26664
26664;18446
18446;1386
1386;10056
10056;41331
41331;17571
17571;20110
20110;33854
33854;39653
39653;29036
29036;39343
39343;35516
35516;32686
32686;22687
22687;19405
19405;8804
8804;44144
44144;36634
36634;24555
24555;45582
45582;16096
16096;27542
27542;26586
26586;46470
46470;14072
14072;20123
20123;27623
27623;47704
47704;24186
24186;7406
7406;2698
2698;42502
42502;44954
44954;14979
14979;30085
30085;21023
21023;34709
34709;41040
41040;40175
40175;6999
6999;19245
19245;29618
29618;29125
29125;29844
29844;28906
28906;42405
42405;20322
20322;35293
35293;47667
47667;48521
48521;8589
8589;34116
34116;30337
30337;22678
22678;46250
46250;18172
18172;11492
11492;10495
10495;22301
22301;3715
3715;17123
17123;30054
30054;31576
31576;10011
10011;2472
2472;17605
17605;44677
28596;15105
15105;29177
29177;48312
48312;25746
25746;15777
15777;34086
14780;10166
10166;881
881;44424
44424;13145
13145;7619
7619;22898
22898;20503
20503;40222
40222;42769
42769;16736
16736;9697
9697;14899
14899;9045
9045;47309
18794;39493
18794;17760
39493;392
17760;286
392;19102
19102;7694
7694;22170
22170;43317
43317;26973
26973;14812
14812;36042
36042;47309
286;12653
12653;39606
39606;22454
22454;39453
39453;3792
3792;7431
7431;10847
10847;30799
30799;12502
12502;2647
2647;39726
39726;32242
32242;31622
31622;29719
29719;27758
27758;40481
40481;6981
6981;27187
27187;13595
13595;46259
46259;42705
42705;15357
15357;5812
5812;1109
1109;21362
21362;10554
10554;14714
14714;10105
14714;856
10105;1380
856;35444
1380;31525
31525;17289
17289;3506
3506;6190
6190;21380
21380;24550
24550;7610
7610;3757
34905;41368
34905;10846
34905;35495
41368;38847
10846;14196
35495;27585
38847;3757
14196;31418
31418;34051
34051;12161
12161;43143
43143;30211
30211;28971
27585;46994
46994;8202
8202;1902
1902;9684
9684;45409
45409;30007
30007;27330
27330;24976
24976;48130
48130;43536
43536;47558
47558;7595
7595;25038
7595;18257
25038;14043
18257;18166
18257;10905
14043;16142
16142;18993
18993;33691
33691;41136
41136;11649
11649;5264
5264;28251
13969;14704
13969;14457
13969;1261
14704;38281
14457;6814
1261;3837
38281;19318
38281;43214
43214;35433
43214;35014
43214;29849
29849;8150
29849;6401
29849;32378
32378;39722
32378;36739
32378;21619
21619;25516
25516;44229
44229;35245
44229;43875
35245;21180
35245;28251
35245;7991
43875;25402
28251;25430
7991;13285
25402;13285
6814;8711
8711;13011
8711;42577
13011;39474
42577;48292
6823;2479
2479;29792
29792;38137
29792;13828
13828;44409
44409;33398
33398;3131
33398;41784
3131;1944
41784;37542
41784;47570
1944;39474
26856;34757
26856;18166
10905;8733
8733;10121
8733;32798
32798;34217
34217;45653
45653;15408
30251;6361
6361;33674
33674;15408
37542;37570
47570;45876
37570;35492
35492;4683
45876;8445
8445;4558
4558;1440
4558;47827
1440;27945
27945;44868
27945;25425
44868;20420
20420;44265
20420;17129
20420;37610
20420;30934
4151;25340
4151;48432
25340;2914
48432;4820
2914;6023
4820;42680
42680;30589
30589;39322
39322;32664
32664;22789
22789;21076
21076;40301
40301;47377
47377;1058
47377;28355
1058;14068
28355;14632
14068;18311
18311;32594
32594;35976
35976;48357
48357;33258
33258;44344
44344;37010
37010;23836
23836;35661
35661;44937
44937;32970
32970;8272
8272;26597
6023;28149
28149;13388
13388;14648
14648;47331
47331;40166
40166;25772
25772;9071
9071;24528
24528;30117
30117;45418
45418;11735
11735;3837
17203;32865
32865;5007
5007;11540
11540;37886
37886;18186
18186;13087
13087;26642
26642;41633
41633;28764
28764;18926
18926;42525
42525;36765
36765;28199
28199;15005
15005;37732
37732;5239
5239;967
967;4116
4116;1804
1804;23096
23096;33438
33438;48360
48360;45616
45616;43926
43926;46410
46410;22533
22533;43035
43035;18239
18239;43284
43284;19161
19161;8143
8143;47734
47734;27897
27897;1887
1887;39221
38610;15663
15663;29736
29736;3448
3448;36066
36066;44675
44675;26841
26841;32030
32030;13300
13300;13250
13250;33758
33758;29934
29934;12976
12976;16443
16443;36409
36409;45322
45322;26597
21534;44746
21534;24033
44746;27323
24033;314
27323;23484
23484;44054
314;8559
8559;46297
46297;3289
3289;828
828;13898
44536;18897
18897;4072
16043;28719
28719;4072
38930;13929
13929;29398
29398;23285
23285;32547
4453;34122
34122;13760
13760;17268
17268;1511
1511;26107
26107;22122
22122;40317
40317;26497
26497;8865
8865;12108
12108;38533
38533;22098
22098;20814
20814;15674
15674;449
449;30842
30842;4507
4507;47757
47757;19322
19322;1259
1259;26908
26908;5132
5132;6721
5132;26735
6721;34354
34354;40647
40647;1662
1662;35444
4603;27765
27765;33503
33503;2290
2290;16307
16307;25842
25842;4826
4826;11836
11836;24562
24562;13524
13524;22749
22749;43060
43060;2148
2148;25278
25278;16974
16974;36583
36583;19134
19134;14632
9108;612
612;38829
38829;47614
47614;36037
36037;11551
11551;42104
42104;29129
29129;29001
29001;9157
9157;20021
20021;38629
38629;19723
19723;28168
28168;13712
13712;31457
31457;18569
18569;14576
14576;33272
33272;20134
20134;26624
26624;19993
19993;6091
6091;31433
31433;1166
1166;13765
13765;31882
31882;29666
29666;28816
28816;28965
27848;5939
5939;44627
44627;20834
20834;32451
32451;29128
29128;29989
29989;44329
44329;23920
44329;21863
21863;29894
29894;43015
43015;10190
43015;13682
10190;43670
13682;36368
43670;32891
43670;46653
32891;18207
46653;22468
18207;28132
22468;19784
19784;39945
26512;47120
26512;21829
26512;34927
47120;16653
47120;2984
21829;22727
34927;13565
16653;41031
2984;24812
41031;2308
2308;37578
37578;172
172;44084
172;22069
22069;2484
2484;29832
29832;24551
24551;30656
30656;11648
11648;16110
16110;47901
47901;24812
19496;37744
19496;14229
19496;13689
19496;6882
37744;420
14229;7888
13689;1753
6882;10420
420;13876
13876;1248
1248;22783
22783;42080
42080;41772
41772;18148
18148;27900
18148;19327
27900;1712
19327;11917
28132;4475
11917;103
103;28745
28745;38996
38996;40426
40426;41316
41316;15853
15853;16338
16338;6315
6315;32006
32006;43024
43024;28843
43024;2792
43024;11929
28843;15508
11929;37861
14436;10572
14436;10027
14436;46032
10572;1253
10027;24940
46032;39745
1253;18116
18116;34848
34848;4366
4366;43489
36368;12752
12752;3252
3252;12737
12737;6395
6395;15262
15262;34902
34902;17285
17285;25239
25239;22727
13565;28401
28401;40189
28401;3561
28401;6235
40189;504
6235;35655
504;35319
35319;37188
37188;7888
37188;14486
37188;44307
37188;18104
37188;25103
14486;8260
18104;15503
18104;32698
25103;38556
10420;16172
10420;8260
16172;24940
35655;39384
39384;3139
3139;30716
30716;2953
2953;23968
23968;32871
32871;31819
31819;44323
44323;41843
41843;32829
32829;22777
37861;39330
39330;33376
33376;24770
24770;4518
4518;13306
13306;8127
8127;27641
27641;14728
14728;9351
9351;43283
43283;9496
9496;31267
31267;44469
44469;17607
17607;10996
10996;664
664;41094
41094;3576
3576;5318
5318;34885
34885;6974
6974;44751
44751;18187
18187;128
128;31549
31549;31058
31058;25180
25180;14053
14053;4249
4249;33641
33641;46396
46396;39467
39467;45707
45707;2711
2711;12747
12747;24365
24365;20367
20367;15662
15662;41042
41042;1909
1909;38371
38371;38850
38850;41196
41196;2198
2198;1139
1139;18561
18561;104
104;17470
17470;43176
43176;17815
17815;15802
15802;46096
46096;490
39945;1123
1123;6626
1123;45710
6626;42025
41515;11174
11174;10035
10035;43265
43265;4656
4656;43714
4656;20963
43714;2033
20963;9635
20963;16556
9635;8214
16556;48250
8214;39480
8880;35639
8880;2673
2673;39480
48250;23095
23095;21104
21104;35154
35154;13821
13821;16964
16964;35747
35747;25407
25407;8634
8634;24159
24159;723
723;11982
11982;43579
43579;34611
34611;29835
29835;19646
19646;33557
33557;24330
24330;46613
46613;9829
9829;490
15503;3382
32698;32413
3382;37556
37556;34505
32413;26177
26177;40729
26177;4010
4010;34520
34520;1799
38556;30263
38556;46842
46842;14494
14494;21316
21316;16413
16413;16236
16236;12628
1799;38646
38646;11126
32157;41085
41085;38951
38951;47943
47943;2418
2418;1099
1099;44607
44607;19600
19600;33858
33858;37829
37829;3475
37829;17897
3475;4593
17897;12151
17897;43420
4593;19537
19537;42738
12151;9793
43420;25902
25902;4285
4285;35709
35709;34152
34152;38726
38726;46905
46905;7632
7632;29192
29192;25775
29192;17824
25775;47438
17824;46455
47438;9640
9640;40009
46455;35307
35307;4923
4923;23082
23082;14972
14972;11520
11520;14621
14621;25391
25391;25537
25391;15350
25537;2553
15350;13419
2553;9577
9577;40160
40160;5777
5777;28807
13419;3186
3186;23323
23323;46282
46282;21816
46282;34770
21816;45093
34770;6941
45093;11130
6941;23426
23426;47789
28807;21503
21503;22142
22142;24412
24412;20639
20639;27539
27539;23447
23447;42097
42097;19873
19873;17443
17443;17828
17828;42407
42407;9309
40009;16887
16887;14367
14367;42282
14367;20750
42282;32836
20750;27111
32836;11426
27111;39985
39985;19393
19393;18513
18513;39383
39383;18613
18613;13254
13254;27232
27232;45560
45560;10599
9309;44957
44957;44517
44517;38766
38766;32087
32087;47761
47761;8181
8181;42138
42138;38112
38112;14100
14100;46706
46706;12129
12129;14264
14264;20067
20067;4007
4007;41574
41574;27524
27524;31811
31811;32161
32161;12637
12637;3787
3787;33750
33750;37698
37698;9306
14906;6982
6982;10296
10296;47122
47122;28073
28073;6694
6694;9551
27699;34392
34392;30230
30230;38066
38066;38384
38384;26392
26392;29529
29529;32380
20908;93
93;3480
3480;18563
18563;42862
42862;22546
22546;32319
32319;8124
8124;10157
10157;9867
9867;303
303;32364
32364;18028
32364;41139
18028;3178
41139;24474
37245;3178
24474;24414
24414;692
692;19143
19143;11177
11177;16617
16617;39753
39753;34705
34705;28082
28082;21442
21442;29213
21442;3253
29213;14532
3253;34909
14532;23903
23903;43405
43405;17916
17916;23760
23760;21467
21467;37694
34909;31573
31573;38197
38197;44531
26220;23165
26220;35360
23165;29537
35360;15304
35360;16416
29537;25549
21165;18243
21165;32791
32791;41158
32791;1151
46665;2594
2594;8577
8577;41158
1151;13273
13273;37333
37333;34262
34262;2016
2016;15304
16416;22889
22889;15117
15117;27293
27293;40578
40578;31694
40578;34434
31694;30956
34434;23851
30956;40326
40326;34227
34227;8582
8582;2112
23851;36088
36088;48039
48039;15820
15820;9305
9305;21366
21366;6690
6690;44572
44572;10363
10363;37988
37988;1583
1583;6966
6966;5233
5233;7561
33334;38551
38551;21106
21106;34920
34920;38282
38282;29972
38282;26489
38282;42090
29972;1100
42090;12113
1100;12138
16550;2392
2392;5159
5159;19694
19694;48624
48624;24226
43595;29061
29061;25076
25076;44982
44982;18082
44982;30044
18082;41332
30044;14671
4997;43703
43703;41332
14671;40944
40944;12647
12647;38125
38125;19330
19330;1044
1044;41773
41773;19231
19231;44869
44869;35887
35887;47854
24369;32373
8089;28504
28504;29114
28504;44269
29114;21067
44269;17024
17024;29203
29203;25271
25271;7593
7593;11879
11879;190
190;10927
190;9970
9970;44826
44826;3809
44826;12090
3809;11306
12090;20768
11306;15920
11306;34074
15920;10625
34074;4714
10625;15975
15975;30207
30207;23215
23215;7285
7285;24013
10369;41030
41030;43816
3909;8484
8484;4714
43816;42235
42235;14646
14646;31844
31844;41032
20768;31480
31480;22085
22085;16679
16679;5933
16679;5011
5933;4093
5011;36317
4093;10353
10353;41776
36317;34533
3806;31454
3806;1759
31454;11244
1759;34550
11244;44123
44123;12740
12740;40124
40124;20751
20751;21329
21329;14833
14833;29496
29496;20311
20311;46882
46882;28879
28879;186
28879;20764
46435;11168
46435;37306
46435;36476
11168;36090
37306;3479
36476;25869
36090;45636
45636;32874
32874;21014
21014;44253
44253;13071
13071;41643
41643;12749
12749;34550
3479;18195
15216;21178
18195;16954
21178;21161
21161;41484
41484;6406
41484;27859
27859;2838
41380;16954
16954;9343
9343;44435
44435;35266
35266;18822
18822;22316
25869;27571
27571;40500
40500;29396
30288;6903
6903;29912
29912;4756
4756;30637
30637;25245
25245;34510
34510;3452
3452;14902
14902;38867
38867;13004
13004;15200
15200;44997
44997;7817
7817;10610
10610;46003
46003;39337
39337;7608
7608;22198
7608;27788
22198;3389
27788;10835
3389;42569
42569;5815
5815;2971
2971;4808
4808;34675
34675;27048
27048;17427
17427;38462
38462;10422
10422;25901
25901;12565
12565;45831
45831;30040
30040;29035
29035;38437
38437;39093
39093;20604
20604;12126
12126;10144
10144;35556
10144;12334
35556;34047
12334;48499
34047;47388
47388;47818
47818;8725
8725;19529
19529;48165
48165;13078
48165;20352
13078;46061
20352;27042
20352;39271
46061;19433
46061;43652
19433;16113
43652;23515
16113;33010
33010;18280
18280;41429
41429;30908
30908;33587
33587;7801
7801;35365
48499;24350
24350;27042
39271;42651
23515;37361
37361;11279
11279;7192
10835;35676
35676;4775
44501;5925
44501;31287
5925;19307
31287;38297
19307;14315
14315;9469
9469;35668
35668;41107
41107;48085
48085;8744
8744;34521
34521;8095
8095;44740
8095;22944
44740;46751
22944;14303
14303;20650
20650;3902
3902;40780
40780;7848
7848;34085
34085;34876
34876;24395
34876;5635
24395;13921
13921;33158
33158;10646
10646;37881
37881;3439
3439;7609
7609;37402
37402;37028
37028;21731
21731;13314
13314;14965
14965;33936
33936;3705
3705;21052
21052;28230
28230;19095
19095;24190
24190;11901
11901;534
534;18516
18516;10862
10862;31335
31335;41289
41289;30480
30480;7072
7072;23170
38297;25665
30228;7775
30228;38127
7775;43749
38127;39871
43749;28123
43749;43956
39871;31490
31490;29461
29461;20666
20666;37503
37503;4654
37503;27413
4654;12278
27413;8686
12278;3318
8686;22110
22110;35782
35782;29918
29918;25665
25665;29063
28123;12306
43956;32428
43956;35660
47409;12306
9741;44348
44348;10877
10877;39091
39091;4549
4549;31021
4549;68
4549;19406
28499;5089
5089;28626
28626;35563
35563;47094
47094;48596
48596;8376
38060;36504
36504;28419
36504;29102
28419;20014
29102;4972
20014;4631
20014;20
4631;38704
20;31253
38704;18215
18215;29117
4972;17964
17964;22398
22398;41413
41413;5857
5857;10609
10609;1229
1229;18869
18869;48410
48410;47296
48410;47203
47203;20451
47203;43280
43280;2537
2537;9876
9876;27412
27412;46109
46109;24514
46109;20945
20945;7284
7284;16685
16685;6820
6820;5379
5379;19882
5379;8690
19213;8068
8068;37027
37027;42935
42935;13202
13202;26581
26581;11662
11662;27357
11662;26565
26565;18281
18281;14407
14407;36138
36138;39732
39732;4947
39732;10794
10794;11910
11910;25299
25299;43881
43881;13886
13886;4704
28851;24811
45573;41557
9088;38018
9088;6031
38018;15559
6031;29356
29356;47054
29356;44495
29356;26655
47054;8908
44495;40722
26655;23073
23073;6141
6141;28031
28031;20047
20047;8193
8193;17177
17177;15153
15153;38939
38939;41557
11366;21440
21440;18418
18418;16956
16956;16600
16600;11316
11316;2360
2360;30825
30825;44730
44730;28497
28497;33435
33435;29715
33435;10098
29715;35108
10098;18815
35108;22482
22482;9536
9536;25890
18815;32480
32480;48427
25731;21875
21875;13223
13223;871
13223;38167
871;45601
38167;1097
1097;22817
22817;14041
22817;24294
14041;35278
24294;39766
28220;9035
9035;23084
23084;35278
39766;44578
44578;22519
22519;25890
39481;1361
1361;28229
28229;3298
41225;10285
41225;41941
10285;28408
41941;12344
41941;42621
41941;21630
28408;47213
28408;43450
12344;23505
21630;34341
34341;14219
34341;3298
33424;13987
13987;3133
3133;32558
32558;25626
25626;47315
47315;21993
21993;18485
18485;41832
41832;32742
32738;26452
32738;47179
32738;3957
26452;7145
47179;38013
47179;23892
3957;30548
7145;21893
21893;9456
9456;42904
42904;42959
42959;39792
39792;1254
1254;27935
27935;30320
30320;39547
39547;13676
13676;33877
33877;40668
40668;47220
47220;22193
22193;19968
19968;39597
39597;24046
24046;29577
29577;3749
3749;18559
18559;45016
45016;44418
44418;40623
40623;8418
8418;962
962;18325
18325;40419
18325;30064
40419;34527
30064;47780
34527;24175
38013;39615
38013;21967
23892;7042
39615;29582
21967;24227
29582;2744
2744;27322
27322;21374
21374;22485
22485;8517
30260;30762
30762;30853
30853;44773
44773;35110
35110;8292
8292;2237
2237;24256
24256;18422
18422;24227
1626;44340
44340;17376
17376;42164
42164;23636
23636;29687
29687;28803
28803;30548
1296;48340
48340;9073
9073;6184
6184;15406
15406;24548
24548;7042
44510;38536
38536;37116
37116;27245
27245;23675
27245;47780
23675;46667
46667;978
978;47559
47559;8708
12882;5716
5716;46392
46392;24264
24264;37931
24264;8708
37931;10912
10912;13188
13188;37915
1492;2234
16133;16497
16133;23826
16497;48310
23826;41164
48310;28390
48310;2234
28390;29597
28390;35222
29597;38497
26591;13859
26591;31436
13859;4500
31436;20870
4500;41164
20870;38602
38602;2310
2310;26376
36302;32461
36302;43101
43101;35206
43101;8541
43101;46682
27212;46771
27212;8013
46771;24093
8013;25518
24093;2520
24093;26948
26948;10167
10167;4385
4385;43509
32625;1750
32625;18191
32625;28068
1750;7940
18191;44129
28068;35871
7940;22994
44129;1324
1324;1697
1697;37280
37280;35467
35467;25518
35206;26880
8541;39498
8541;15921
46682;18067
18067;29475
29475;40303
29475;33531
33531;43509
35871;39657
39657;18098
39657;14763
18098;3319
3319;35253
35253;12003
35253;7043
12003;24285
7043;41248
24285;4171
15156;890
15156;27974
27974;14908
27974;12809
12809;35621
41248;6263
6263;26026
26026;6222
26026;43983
39650;9234
9234;38749
38749;218
218;26548
26548;46066
46066;39800
39800;8799
8799;28685
28685;4668
4668;8999
8999;25541
3290;48005
48005;3982
3982;26352
26352;24089
24089;13022
13022;30854
30854;10997
10997;18707
18707;37230
37230;2790
2790;2264
2264;35962
35962;24335
24335;20895
20895;38941
38941;40518
40518;24853
24853;1976
24853;37043
1976;31226
37043;41828
31226;36567
36567;21190
21190;48261
48261;1967
1967;19902
19902;40892
40892;3783
3783;3149
3149;39386
39386;46585
46585;13795
13795;47436
47436;26271
26271;35636
35636;6881
6881;20560
6881;13867
20560;18487
13867;33214
41828;33476
33476;998
33476;22824
33476;13593
998;3834
3834;27627
8233;29640
8233;36093
36093;7949
7949;20889
20889;22206
22206;3921
3921;31280
31280;1470
1470;36909
1470;6873
36909;19610
6873;21646
19610;4649
21646;4909
4909;14785
4909;37463
19671;37615
34342;36742
36742;4357
4357;31146
31146;12062
12062;29773
29773;12070
12070;22351
22351;35270
22351;48100
22351;31196
48100;13029
31196;43788
13029;48467
48467;22199
22199;37302
37302;12310
12310;33986
12310;27901
33986;2474
35506;43788
18077;168
168;25254
25254;45979
45979;2250
2250;5579
5579;2106
2106;40267
2106;11948
40267;29089
11948;20894
29089;19899
19899;18334
18334;30782
30782;24012
24012;13422
13422;37760
37760;36963
33153;777
777;41944
41944;20894
12842;34448
34448;32657
32657;5914
5914;30062
30062;31050
31050;10954
10954;1020
1020;38626
46554;27880
15325;3720
3720;16704
16704;22354
22354;18698
18698;7909
7909;37860
37860;7564
7564;21069
21069;5495
5495;47420
47420;30092
30092;7924
13374;34715
13374;7924
34715;39651
39651;22158
22158;42349
25932;38034
38034;14787
14787;35192
35192;6756
6756;16115
16115;18290
18290;2018
2018;9777
9777;6993
6993;48638
48638;15290
15290;20976
20976;44295
44295;15258
15258;16051
16051;43456
43456;25929
43466;32531
32531;42992
32531;27497
27497;42101
42101;30621
30621;729
729;34174
34174;43734
29627;5304
5304;34991
34991;11269
11269;29852
29852;31698
31698;4583
4583;3938
4583;23604
23604;47210
47210;19179
47210;14084
19179;16791
14084;46351
46351;15364
15364;13815
15364;9017
13815;26585
26585;46683
46683;18875
18875;4011
4011;16659
16659;34725
34725;45124
45124;26903
26903;4520
4520;19464
19464;5761
5761;15187
15187;4679
4679;9053
9053;18323
18323;44875
44875;45719
45719;21188
21188;23071
21188;36876
23071;31085
36876;46449
31085;22123
7718;2941
7718;32606
32606;38283
38283;27404
27404;9590
9590;46449
46449;6232
6232;19917
19917;27982
27982;1447
1447;11554
11554;16781
16781;32044
32044;24471
24471;11546
24471;36081
36081;10059
25925;24127
25925;39486
39486;38642
38642;37787
37787;21307
21307;11616
11616;7243
7243;45987
45987;811
811;24082
24082;29220
24082;14032
29220;7614
14032;40146
1877;35012
35012;31960
31960;27321
27321;8562
8562;25662
25662;5088
5088;36441
36441;24184
24184;43022
43022;18452
18452;7614
40146;34972
40146;42727
34972;43720
42727;14936
43720;7613
7613;3126
3126;31417
31417;25523
25523;31695
31695;46034
31695;17461
17461;22222
22222;22471
22471;31060
31060;38218
38218;27961
27961;23861
23861;23034
23034;32084
32084;7344
7344;5832
5832;44459
44459;24091
24091;30381
30381;25275
25275;8199
8199;14736
14736;17509
14936;24653
24653;42451
5073;761
761;3556
3556;13701
7449;27493
7449;33263
7449;28121
33263;33794
28121;10463
33794;34620
34620;1977
34620;41438
1977;43464
41438;15819
15819;24830
15819;9973
24830;14131
24830;14078
9973;20229
14131;4560
14078;48239
48239;2976
48239;7693
7693;34646
34646;13701
13157;20917
20917;22609
41710;41198
41710;43492
41198;10202
43492;4045
10202;5995
5995;21071
21071;42077
42077;46416
46416;34490
34490;41189
41189;670
670;24460
24460;7702
7702;19922
19922;20803
19922;36575
20803;44343
36575;4960
44343;13468
13468;1279
4960;27919
27919;20229
11258;410
11258;42845
410;46903
42845;37007
46903;24298
24298;27415
27415;4045
17476;2879
17476;25714
2879;25274
25714;33413
25274;30492
30492;36303
30492;36820
36303;32758
32758;37007
48631;6513
48631;40263
6513;7587
40263;24418
7587;11668
24418;10843
10843;33413
40290;10449
10449;29325
10449;18524
29325;3108
18524;37669
3108;37437
37437;18903
18903;37964
37964;11668
37669;13343
13343;30096
30096;12448
12448;16958
16958;12795
16958;44126
44126;29822
17845;14609
17845;27020
27020;2640
2326;14854
2326;21686
14854;15306
21686;2695
15306;1656
1656;10463
2695;34121
34121;35412
35412;36452
36452;39059
39059;29856
39059;7024
7024;39246
39246;4128
4128;35933
35933;11813
11813;42440
42440;2212
2212;29370
29370;26148
26148;4862
4862;34067
34067;45083
45083;8570
8570;24451
24451;1243
1243;31915
31915;34310
34310;7327
7327;31306
31306;3627
31306;4005
3627;30558
4005;36384
36384;22434
22434;14708
14708;30126
30126;19573
6348;21281
6348;35020
21281;42507
35020;21725
42507;36428
36428;32924
32924;10777
10777;19573
21725;36771
36771;18961
18961;44518
18961;3900
3900;39108
39108;10211
10211;34108
34108;44755
44755;45005
45005;18837
18837;23434
23434;34694
16865;47229
47229;25351
25351;42005
25351;10314
25351;891
25351;27395
42005;24336
891;2529
27395;7544
24336;17081
17081;25560
25560;40025
40025;15698
15698;8688
8688;43364
43364;39806
39806;18756
18756;2196
2196;29924
29924;47114
47114;26957
48339;9662
48339;22048
9662;44633
22048;9194
22048;14729
44633;36784
44633;10453
36784;38803
10453;35640
38803;33759
33759;47459
47459;635
2529;9318
7544;33115
33115;2901
2901;1784
1784;11277
11277;25227
25227;4690
4690;14004
14004;635
635;23067
35640;26960
26960;8365
8365;13040
13040;35211
35211;39366
39366;36276
36276;6890
36276;9375
6890;46415
9375;46162
46162;32100
32100;4836
9194;29490
9194;5587
14729;37579
29490;10265
5587;14742
5587;37579
10265;41749
41749;3760
41749;29308
3760;11773
11773;2441
2441;18022
18022;5114
5114;31653
31653;26926
26926;16787
16787;40974
40974;28534
40974;47389
28534;1441
47389;15725
1441;5319
5319;43574
15725;39311
39311;23668
23668;40614
40614;17440
17440;23028
23028;29770
26680;29723
29723;15985
15985;8652
15985;14744
14744;14742
14883;9480
9480;6323
6323;12073
12073;1984
1984;19342
19342;32428
35660;38239
35660;28076
35660;16080
35630;43262
16080;24503
43262;17156
17156;4843
4843;8899
8899;4744
4744;2024
2024;27520
27520;39068
39068;19557
19557;12568
12568;44908
44908;13773
13773;23645
23645;30131
30131;36726
36726;7934
24503;8213
8213;7935
8213;43248
7935;7635
43248;21452
43248;10061
10061;4712
4712;29255
29255;29460
29460;23793
23793;3250
4789;26577
4789;20595
4789;20433
20433;45033
45033;34629
34629;45991
45991;4105
4105;41656
4105;21489
21489;39523
39523;9714
9714;31697
31697;25093
25093;20760
11409;16911
16911;9969
9969;225
225;32134
32134;33693
32134;24390
33693;29527
24390;23852
29527;22648
22648;11220
11220;6615
6615;26034
6615;1655
23852;20360
20360;30454
30454;14472
31637;27735
31637;3592
3592;14472
20926;11887
20926;17428
17428;39540
2772;24614
39540;2716
24614;38907
38907;9148
9148;39869
9148;17830
17830;6048
6048;4573
4573;37063
37063;2272
43533;9328
45348;19525
45348;11108
19525;12792
19525;17447
19525;31971
11108;3916
31971;16064
16064;9389
9389;18500
9389;36027
2584;41854
36027;3375
36027;9328
41854;36709
3916;44791
44791;24363
24363;47912
47912;34208
34208;43941
43941;2240
43941;4350
4350;29437
29437;710
710;15021
15021;41566
44851;38957
44851;30063
30063;9251
9251;7810
7810;31921
31921;32963
32963;41566
41566;41942
41566;15779
15779;18006
12486;1289
25104;13367
13367;32554
32554;3690
32554;3499
32554;16834
3499;15801
16834;22213
15801;7953
7953;48632
22213;11714
11714;1526
1526;1289
48632;42436
42436;23031
23031;33229
33229;31797
33229;4818
31797;46966
4818;25065
46966;45436
45436;15495
25065;17733
15523;20596
20596;28288
28288;46274
46274;47240
47240;10627
10627;5298
5298;38029
38029;12010
12010;19479
19479;35195
35195;10247
10247;26859
26859;12762
35964;17326
17326;32779
32779;18751
18751;32046
32046;38936
38936;42510
42510;28304
28304;37347
37347;21154
21154;12496
17451;18211
18211;47900
47900;41910
41910;31266
31266;36691
36691;42338
42338;8947
42338;17745
17745;36332
13637;32716
13637;21511
32716;26446
21511;22392
22392;47771
22392;48658
22392;23129
47771;17134
48658;13473
23129;36937
36937;9586
36937;27727
9586;20097
27727;45405
45405;22345
22345;42864
42864;1084
1084;42562
36340;32744
32744;23364
23364;34529
34529;43141
43141;47160
47160;37520
37520;13185
13185;26607
26607;29691
29691;21251
42333;7973
7973;18834
18834;15363
18834;23387
45487;44294
45487;8300
8300;6359
6359;743
6359;11781
743;41531
11781;38183
41531;31857
31857;15363
25822;11671
25822;38183
11671;47991
47991;3924
26869;6749
26869;41006
6749;45743
41006;17058
45743;20499
20499;48315
48315;3924
28058;1301
28058;44524
1301;23611
44524;32188
23611;813
813;11058
11058;17058
32188;37154
37154;27242
27242;20391
20391;37677
37677;7392
7392;1110
1110;41691
41691;6870
6870;8748
8748;16356
16356;11028
11028;19885
19885;8684
8684;13309
12624;15068
12624;41905
12624;11730
41905;47750
11730;35036
47750;16075
16075;41966
41966;13309
41966;42013
42013;31691
35036;36464
36464;2139
2139;34953
34953;45988
45988;15146
15146;31988
31988;17940
17940;39695
39695;7677
7677;16164
16164;37623
37623;12389
12389;5414
5414;17192
17192;7581
7581;4673
4673;20734
20734;20100
20734;36031
20100;35726
36031;44046
35726;34266
34266;7734
34266;519
7734;19349
519;23866
19349;38292
38292;28492
28492;46954
28492;7035
7035;6297
6297;22659
22659;27209
27209;259
259;15756
15756;1316
15756;35530
1316;1124
1316;4103
1316;16638
35530;6267
1124;4700
4103;37751
16638;45258
4700;8059
8059;43076
43076;24802
24802;27873
24802;19114
6267;23804
6267;18358
18358;2883
2883;20505
20505;39067
22750;22792
22750;26231
22750;23904
26231;23866
23904;12018
31691;30031
30031;1794
1794;29707
29707;533
533;11410
11410;6797
6797;42160
42160;7830
7830;44623
44623;2137
2137;8811
2137;3096
8811;27939
3096;36262
36262;23376
23376;20270
23376;11033
20270;42421
20270;8700
11033;21633
38453;25056
38453;2661
2661;46570
2661;42421
8700;43094
43094;33080
33080;23724
23724;33409
33409;44052
44052;12288
44052;6860
12288;37751
6860;44118
5378;13338
5378;44118
44046;6296
6296;8843
8843;26346
26346;44195
44195;18790
18790;43007
43007;39321
39321;43043
43043;45258
12018;41080
41080;3583
3583;26970
26970;25003
25003;40229
40229;35406
15862;5327
5327;16515
16515;33316
33316;32786
32786;45109
45109;1217
1217;44379
44379;24879
24879;505
505;14269
32658;8812
8812;14368
14368;30742
30742;27350
27350;37158
37158;3067
3067;39172
39172;21053
21053;19423
19423;22896
22896;19852
19852;42672
42672;10039
10039;47580
47580;28889
28889;14584
14584;48230
48230;40699
40699;42817
42817;2406
2406;25443
25443;32572
32572;6807
6807;37896
37896;46246
46246;36981
35995;20287
35995;15089
20287;15757
15089;18803
15757;46430
15757;9679
9679;25926
25926;30580
30580;41810
30580;23794
30580;2432
23794;47971
2432;25803
18803;29848
29848;15327
47971;42429
38211;30625
38211;29355
38211;48079
38211;719
30625;305
29355;15791
48079;23196
719;7517
305;15327
25803;46252
46252;42476
42476;8003
42476;31093
8003;32171
8003;21625
31093;24332
32171;2147
21625;46076
2147;16099
16099;41704
17810;18975
18975;38902
38902;5516
5516;34647
34647;17355
17355;9707
9707;25393
25393;32764
32764;9482
9482;47564
47564;13594
47564;16192
16192;12970
12970;16366
16366;10155
10155;39646
39646;15226
15226;4125
4125;1273
1273;23151
23151;10305
10305;46972
46972;19506
19506;16390
16390;37394
37394;21788
21788;47784
47784;2224
2224;16103
16103;17930
17930;26670
26670;11592
11592;20151
20151;45747
45747;48211
48211;18347
18347;23079
23079;37581
37581;42390
42390;7849
7849;43151
43151;40866
40866;39830
39830;28443
28443;48574
48574;36115
36115;5715
5715;27672
27672;47965
47965;11522
11522;9734
9734;9084
9084;32683
32683;26115
26115;41926
41926;42755
42755;10981
10981;5442
5442;995
995;27405
27405;32278
32278;9722
9722;32646
32646;4096
4096;44361
44361;40506
40506;18036
18036;23397
23397;44828
44828;2192
2192;21342
21342;14173
14173;23369
23369;10078
10078;31619
31619;14308
14308;34408
34408;22891
22891;32877
32877;15791
32877;38391
32877;16002
38391;32920
46076;27061
27061;38301
38301;5121
23196;12372
12372;26958
26958;18509
18509;30525
30525;17149
17149;46648
46648;46316
46316;3003
3003;28692
3003;44744
44744;43707
7517;16234
7517;11350
11350;11230
11230;22580
11230;43797
43797;18885
43797;38735
38735;46742
32920;11808
32920;39609
32920;14610
14610;31803
31803;39099
39099;3064
31678;3064
31678;21295
3064;14416
21295;21494
21494;29695
21494;3300
3300;4402
21131;6396
21131;4524
4524;5138
5138;1112
5138;24332
1112;48091
26910;1481
1481;24786
24786;40393
40393;9502
9502;28900
28900;9754
28900;400
9754;12781
400;31364
12781;30118
30118;877
877;7429
7429;42134
31364;22300
18807;35056
27532;45127
27532;39471
45127;19184
39471;16191
19184;4201
16191;33789
33789;16498
16498;35056
43273;4201
43273;48422
48422;1060
45806;48683
48683;39136
39136;48600
48600;13261
13261;1060
34313;27488
27488;35321
39755;7688
39755;20645
39755;22150
22150;35321
44561;27353
27353;37680
37680;2563
38737;9592
38737;6282
9592;1315
6282;5872
1315;6498
6498;33392
6498;40145
33392;30873
40145;40204
40145;12009
40204;37990
12009;21424
12009;46020
37990;19105
19105;2563
21424;12060
46020;30459
41682;5656
41682;30459
5872;36231
36231;44669
44669;4483
4483;427
427;38432
38432;13554
13554;35751
13554;11386
35751;13724
11386;9138
13724;48669
48669;3961
3961;20093
20093;26415
26415;14275
14275;20990
20990;46145
46145;21841
46145;29002
21841;20430
29002;46778
20430;11508
11508;42006
42006;7808
7808;45438
45438;28817
28817;23544
23544;31945
31945;17894
17894;16100
16100;7611
7611;2863
2863;7873
7873;31390
9138;43915
43915;24869
24869;26021
26021;23400
23400;13035
13035;13286
13286;2186
46778;29140
27041;12827
12827;32143
32143;15083
2187;21585
2187;41984
41984;33554
33554;45413
33554;31383
31383;26792
26792;6909
6909;48692
48692;17731
17731;8677
8677;15083
39028;32233
32233;2536
2536;26906
23847;38486
23847;38722
38722;419
419;16910
16910;13212
13212;46593
46593;44756
44756;41579
41579;25651
25651;1407
1407;33308
1407;44845
33308;26906
44845;15324
26906;16896
16595;6798
16595;5324
16595;15324
5324;30215
18953;14656
14656;20771
20771;34900
34900;2686
2686;19984
19984;3333
3333;41269
3333;17041
17041;6558
6558;7283
48607;3297
3297;23277
23277;16223
16223;17386
16223;10222
10222;43645
43645;29692
43645;34168
20401;39697
39697;38108
38108;39892
39892;16176
16176;43974
16176;15431
15431;39168
21138;3616
3616;28403
28403;37521
37521;9098
9098;6142
6142;17218
17218;47751
47751;23875
23875;4114
4114;5267
5267;37635
37635;38718
38718;44196
44196;41947
41947;23045
23045;37771
37771;29444
29444;27734
27734;15727
15727;23297
23297;35205
35205;7470
35205;17292
17292;24035
24035;25903
8699;33177
8699;40676
8699;1778
33177;37225
40676;6453
1778;7907
37225;43798
43798;33589
33589;35066
35066;47442
47442;38173
38173;41393
41393;30027
30027;34230
34230;32216
32216;44906
44906;2006
2006;14085
14085;7252
7252;19808
19808;28799
28799;48123
48123;13086
13086;21280
21280;39515
39515;6496
6496;14095
14095;33465
33465;3642
3642;29796
29796;6009
6009;14760
14760;34931
34931;17555
17555;2913
2913;37109
37109;28780
28780;40142
40142;23209
23209;22408
22408;37992
22408;11519
37992;31426
11519;21529
27382;6983
6983;30453
30453;17122
17122;29332
29332;44980
44980;30181
30181;274
274;40917
40917;2666
2666;42888
42888;17340
17340;12103
12103;6790
12103;18342
6790;31847
18342;8250
31847;5383
5383;27583
27583;40545
40545;1861
1861;42591
42591;33164
33164;48201
33164;12743
48201;1085
12743;1135
1085;45265
45265;18857
18857;41736
41736;11333
11333;48244
48244;33143
33143;342
342;4164
4164;33687
33687;45047
45047;39251
39251;21404
21404;10074
10074;28683
10074;14256
28683;24836
14256;20028
24836;13384
13384;44971
44971;42807
44971;41986
42807;43109
43109;33985
33985;26448
8250;21661
21661;3091
3091;39555
39555;44320
44320;15420
15420;42943
42943;18132
26448;27153
27153;1788
1788;48714
48714;35692
35692;6376
6376;24307
24307;34210
34210;28860
28860;19755
19755;29008
29008;26414
29008;21752
26414;13368
21752;13431
13368;30706
30706;22872
22872;32105
32105;39779
39779;40001
39779;37349
40001;2157
37349;39178
2157;23829
23829;18533
18533;39678
39678;3422
39678;41490
39678;36840
3422;10993
3422;41479
41490;46741
36840;20623
10993;11453
41479;42048
1135;33790
33790;3658
3658;26882
26882;17568
17568;15526
15526;31786
31786;41371
41371;15869
15869;35109
35109;37426
37426;21244
21244;33558
33558;40862
40862;28588
28588;25636
25636;31624
31624;163
163;23178
23178;39135
39135;34309
34309;40343
40343;48418
48418;24196
24196;20221
24196;31361
20221;36855
31361;25550
31361;30667
36855;12173
12173;33785
33785;1196
1196;35037
35037;24993
24993;15704
15704;29767
29767;47626
47626;6373
6373;15835
15835;28586
28586;15154
15154;29161
29161;20780
20780;32457
32457;44511
44511;36572
36572;12110
12110;39659
39659;42016
39659;46853
42016;17166
46853;28193
46853;14168
17166;38223
17166;9458
38223;11453
9458;31744
46741;29784
46741;17566
29784;46891
17566;21579
46891;28480
28480;18931
18931;13328
13328;8616
8616;27540
27540;1424
1424;16180
16180;23943
23943;25031
21579;16398
16398;22900
22900;29489
29489;22786
22786;22396
22396;44546
44546;26402
44546;4204
44546;22558
26402;9742
4204;39623
22558;5630
9742;27053
27053;18349
18349;45718
45718;7679
7679;16131
16131;24457
24457;29931
29931;688
688;5139
5139;28832
28832;11256
11256;4046
4046;30911
30911;45589
45589;20609
20609;8895
8895;28960
28960;42422
31744;13504
13504;22784
22784;11634
11634;25318
11634;1069
25318;14447
1069;1547
14447;1475
1475;33483
33483;19329
19329;17316
17316;14108
1547;48522
1547;29888
48522;3086
29888;7805
3086;44351
7805;20815
20815;22051
22051;39886
39886;28193
14168;25111
25111;16777
25111;41989
41989;35151
35151;6675
20623;16204
20623;48266
16204;24635
48266;43821
24635;34273
34273;22833
22833;10273
10273;29123
29123;37802
37802;7276
7276;21623
7276;35743
21623;35717
35717;24884
24884;39644
39644;31544
31544;2641
2641;25607
43821;46849
46849;17608
46849;1019
17608;15359
1019;24268
15359;40906
40906;13020
13020;30247
89;7125
89;9032
89;36451
7125;42048
9032;2671
36451;37097
37097;45541
45541;30014
30014;4776
4776;34153
2671;27658
27658;32357
32357;15934
15934;46609
46609;25729
25729;4415
4415;48473
48473;30632
30632;7501
30632;20248
7501;29774
20248;17860
29774;37982
37982;15738
15738;4617
4617;13841
13841;18031
18031;33402
33402;30351
30351;3233
3233;6422
3233;29766
6422;18256
29766;10708
19273;35473
19273;24083
19273;31426
35473;10950
35473;25627
24083;18256
10950;14265
25627;33771
14265;14116
14116;48279
48279;1485
1485;32423
32423;46266
46266;34559
33771;15576
15576;7032
7032;42458
42458;7636
7636;12968
12968;20621
20621;15518
15518;24563
24563;46033
46033;9244
9244;6128
9244;20182
6128;39269
6128;23863
20182;42566
39269;47500
47500;18663
18663;5373
5373;42566
34337;48318
34337;18333
34337;44563
48318;24984
18333;18174
44563;47319
24984;12521
12521;536
536;9939
9939;44100
9939;8600
44100;13896
8600;13424
13896;40412
40412;29834
29834;27716
27716;45326
45326;2260
2260;3151
2260;21971
3151;19855
21971;15525
19855;5043
5043;29652
29652;31905
13424;42413
42413;34874
34874;21282
21282;574
574;29898
29898;38663
38663;43014
43014;19948
19948;39882
39882;12020
12020;42214
42214;9087
9087;42364
42364;19164
19164;3510
3510;11149
11149;34189
34189;5040
5040;40606
40606;11066
11066;19319
19319;5694
5694;44187
44187;46614
37564;27656
37564;37247
27656;32010
37247;14291
32010;8457
8457;12861
12861;22717
22717;7113
7113;441
441;17869
17869;48434
48434;15793
15793;44211
44211;21485
21485;19293
19293;46738
46738;30649
30649;40688
30649;27857
40688;8527
27857;42157
8527;200
10535;8904
10535;24618
8904;10341
24618;46953
39623;36829
36829;34096
34096;21509
21509;11077
11077;10234
10234;15918
15918;11283
11283;8661
8661;44146
44146;20672
20672;12524
12524;36351
13431;11876
11876;42125
42125;1827
1827;41627
41627;41455
41455;23504
39178;1305
1305;18973
18973;16840
16840;28054
28054;11044
11044;37558
37558;18288
18288;1086
1086;24929
24929;21803
21803;25484
25484;2504
2504;14996
14996;45239
45239;1826
1826;29561
29561;17753
17753;31000
31000;4771
4771;42008
42008;30984
15525;21224
21224;316
316;37833
37833;43065
43065;16663
21529;3888
3888;23599
23599;17860
10708;35969
35969;19480
19480;11237
11237;1594
1594;32684
32684;33993
33993;739
739;18174
47319;29506
29506;33872
33872;36113
36113;6596
6596;17833
17833;31434
31434;14291
42157;48474
48474;41226
41226;22360
22360;37932
37932;19030
19030;21801
19030;4291
21801;48459
21801;30407
4291;31358
48459;37897
48459;11870
30407;16167
37897;13879
11870;28699
13879;14096
14096;32904
32904;22066
22066;15432
15432;12487
12487;17525
12487;19372
17525;19390
19372;15126
19390;38705
38705;668
668;5078
5078;12776
5078;4484
12776;2775
4484;11962
10730;43861
10730;11962
10730;19563
43861;23592
19563;18383
23592;5519
5519;16408
16408;24122
24122;14160
24122;17953
17953;15051
15051;25045
25045;2775
28699;48526
48526;22990
22990;645
16167;19627
19627;13073
13073;44647
44647;13059
13059;10496
10496;7281
7281;36404
36404;5053
5053;29504
5053;45223
5053;22490
29504;9245
45223;13805
22490;18688
9245;44870
44870;17557
13805;26806
13805;26429
26806;26463
26429;24681
26463;43471
43471;47027
47027;31693
31358;25322
25322;15170
18688;16873
16873;12243
12243;44888
44888;38777
38777;47520
47520;29778
47520;11723
29778;29996
11723;37967
29996;18621
18621;36870
36870;24711
24711;47336
47336;20066
20066;38118
20066;25326
25326;5755
5755;33820
33820;44727
44727;48323
48323;18604
18604;11949
11949;9077
18383;48433
48433;46168
46168;20425
20425;21793
21793;2341
2341;8992
8992;36477
36477;1138
1138;20076
20076;14693
14693;31760
31760;38147
38147;28342
28342;32184
32184;17009
17009;26241
26241;37366
37366;48479
37366;41861
48479;27862
48479;834
41861;6586
27862;15177
834;39341
15177;47039
47039;32032
32032;10991
10991;6955
6955;10634
6955;4644
10634;4949
4644;45152
4949;22697
22697;32293
32293;5356
5356;8073
8073;37315
37315;47318
47318;3722
3722;40024
3722;9798
40024;36139
9798;42641
36139;15959
15959;25912
25912;24492
25912;41938
24492;2378
41938;22940
2378;32506
32506;48216
15126;40770
40770;6028
6028;35136
35136;14261
39341;1227
1227;13688
13688;5384
13688;35607
5384;11303
35607;13967
11303;14193
14193;15953
14193;24527
15953;24177
24527;8727
24177;27363
27363;22696
22696;44568
44568;48126
48126;2936
2936;3189
3189;39818
39818;44535
44535;30962
30962;16542
16542;45607
45607;29747
29747;21740
21740;19730
19730;40551
40551;17103
17103;18999
17103;39006
18999;8944
39006;18041
8944;29854
29854;25467
18041;19323
19323;1438
8727;32789
32789;8355
8355;32173
32173;45298
45298;44434
44434;5202
5202;306
45152;26379
26379;23933
23933;31722
31722;27019
27019;48352
48352;13382
6586;27336
27336;47294
47294;14220
13382;38755
38755;42369
42369;4241
4241;29947
29947;43757
43757;23935
23935;13084
13084;44075
44075;4396
4396;8643
8643;35571
35571;26281
26281;22226
26281;34575
22226;16444
34575;25726
16444;48193
25726;12186
12186;22869
5630;31068
31068;30736
30736;23029
23029;24724
24724;25060
25060;22676
22676;911
911;27445
27445;23304
23304;15697
15697;36338
36338;26413
26413;19883
19883;45976
45976;34369
34369;7432
25550;27163
30667;44862
27163;39060
39060;20124
20124;40950
44862;6345
6345;2895
2895;46493
46493;1325
1325;37550
37550;27106
27106;34501
34501;15886
15886;8343
8343;28405
28405;3586
3586;48254
48254;20090
48254;26366
20090;46299
46299;41260
41260;12622
12622;17278
17278;25325
25325;70
70;24149
24149;43495
43495;13484
13484;32085
32085;32346
32346;12853
12853;38366
38366;31753
31753;31322
31322;12403
12403;5713
5713;15202
15202;17548
17548;29543
29543;31889
31889;45012
37967;3293
3293;44272
44272;9763
9763;17059
17059;23120
23120;37041
37041;37499
37499;3488
3488;35649
35649;25420
25420;45000
45000;29178
22940;6977
6977;22623
22623;38822
38822;14284
14284;8973
8973;32243
32243;4480
4480;10390
10390;17021
17021;17688
17688;21898
21898;13967
48193;12436
12436;4028
4028;30897
30897;35226
35226;48156
48156;2815
2815;31820
31820;17951
17951;19700
19700;5086
5086;6541
6541;48565
48565;16219
16219;16946
16946;33981
33981;23118
23118;38677
38677;42685
42685;47830
45012;42295
42295;41025
34362;35912
34362;46333
35912;32073
46333;21303
32073;9604
9604;3529
3529;26493
26493;28949
28949;11454
11454;9010
9010;24420
24420;18789
18789;2599
18789;37191
2599;14244
37191;48640
14244;21454
21454;33222
21454;22610
33222;7904
33222;5504
33222;37139
22610;36894
7904;13943
5504;47825
37139;41424
13943;23717
23717;30824
30824;12149
30824;7765
12149;1374
7765;8037
1374;14652
14652;39917
39917;43725
43725;41431
41431;5406
5406;1988
1988;11301
11301;32235
11301;31087
11301;35593
32235;34069
31087;48253
35593;16744
34069;7781
7781;16068
16068;44558
48640;32472
32472;19281
19281;44900
44900;4328
36894;38881
38881;20709
47825;44640
44640;34648
41424;25260
25260;14048
14048;22269
48253;19725
19725;11511
11511;18720
18720;19195
19195;8156
8156;45297
45297;45161
45161;39450
39450;39764
39764;14214
14214;40783
40783;40549
40549;21994
21994;42600
42600;15298
15298;8729
8729;19084
19084;36845
36845;37993
37993;36910
36910;2823
16744;6604
6604;32870
32870;39903
39903;2503
2503;5363
5363;15544
15544;26846
26846;31861
31861;41240
41240;16210
16210;10561
10561;20936
20936;13903
13903;38304
38304;4252
4252;1469
1469;23582
23582;42067
42067;8665
8665;35078
35078;46914
46914;42399
8037;21516
21516;5930
21516;462
21516;7299
5930;31676
462;37916
7299;4914
31676;28997
28997;40996
40996;2989
2989;41359
41359;27659
27659;30955
30955;46019
46019;43597
43597;24200
24200;7045
7045;36592
36592;8587
8587;3873
3873;31259
31259;1579
1579;18839
18839;35609
35609;25231
25231;3405
3405;33998
33998;19512
33998;22418
19512;16629
22418;19853
16629;12823
12823;43562
37916;24659
24659;16017
16017;16923
16923;19275
19275;36267
36267;46111
46111;6192
6192;21508
21508;21573
21573;38056
21573;10007
38056;39209
10007;46220
43562;7181
7181;5082
5082;37255
37255;25686
25686;13699
13699;34110
34110;4322
4322;12216
12216;11406
11406;14423
14423;31824
31824;46678
46678;13649
13649;33484
33484;48236
48236;20388
20388;20007
20007;2301
2301;25225
25225;20165
20165;6845
6845;14840
14840;35328
35328;27157
27157;24988
24988;19434
19434;37991
37991;32041
32041;15991
15991;20389
20389;31375
31375;20283
20283;30935
30935;20235
20235;17483
17483;43656
43656;23317
23317;37956
37956;6188
6188;37248
37248;39237
39237;11476
11476;7872
7872;32604
32604;41688
25031;29657
29657;44405
44405;6453
7907;20743
20743;39327
39327;33379
33379;41110
41110;46697
46697;29588
29588;34623
34623;33196
33196;38657
38657;17768
17768;34378
34378;21303
19853;45885
45885;19635
19635;24805
24805;20868
20868;24421
24421;19569
19569;32111
32111;48625
48625;22299
48625;14490
22299;1197
14490;43803
1197;9801
9801;31885
31885;46942
46942;5274
5274;14909
43803;42479
42479;14482
14482;34698
4914;24912
24912;42145
42145;33439
33439;25519
25519;458
458;21141
21141;34397
34397;29252
29252;3503
29252;43640
3503;42011
43640;37056
42011;47863
47863;15311
15311;11008
11008;10957
10957;33632
33632;26677
26677;4613
26677;21049
4613;46186
21049;38072
46186;17825
46186;21011
17825;44208
21011;28961
28961;25863
25863;756
756;26542
26542;44338
44338;46467
46467;15989
15989;14702
38072;47244
47244;46767
46767;7853
7853;47196
37056;36526
36526;10632
10632;6861
6861;37339
39209;42274
42274;31451
31451;28536
28536;25849
25849;33433
33433;43427
43427;27462
27462;32966
32966;23633
46220;16306
16306;24922
24922;44431
44431;13808
13808;32002
13808;45191
32002;26309
45191;21441
26309;301
301;25736
25736;11170
11170;31270
31270;32881
32881;22868
32881;36461
22868;24484
36461;28086
24484;41992
41992;17100
17100;18985
18985;71
71;36556
36556;3946
3946;27448
27448;33929
33929;44034
44034;12698
12698;3932
3932;13228
13228;22132
22132;28325
28325;14741
14741;27055
27055;3011
3011;1509
1509;11863
11863;24999
24999;6500
6500;30153
30153;10228
10228;3825
3825;6731
6731;10428
10428;17450
17450;5295
5295;10341
46953;24245
24245;10164
28086;16615
16615;44091
44091;7
7;21441
41688;20351
41688;39240
20351;10008
39240;37430
10008;24510
24510;3950
3950;39624
39624;36173
36173;37638
37638;39088
39088;23356
23356;19594
23356;1269
19594;23087
1269;24577
23087;46587
46587;40851
40851;41469
41469;46485
41469;28786
46485;11278
28786;32808
11278;39849
39849;33729
33729;46610
46610;21336
21336;11003
11003;48603
48603;6989
6989;38740
38740;10723
10723;14637
14637;26878
26878;1294
1294;44519
44519;23309
23309;42884
42884;18847
18847;5617
5617;17223
17223;18981
18981;29511
18981;21108
29511;9140
21108;10797
24577;42784
42784;8957
8957;34317
34317;20835
20835;16199
16199;18473
37430;17521
17521;20121
20121;17920
17920;12554
12554;45559
45559;11936
11936;24504
24504;40984
40984;22060
22060;11264
11264;8605
8605;22465
22465;28842
28842;46388
46388;47214
47214;8056
8056;18531
8056;20404
18531;11768
20404;11102
11768;43927
43927;23467
23467;18241
18241;41870
41870;1720
1720;11025
11025;11172
11172;28124
11172;10857
28124;24602
10857;5080
24602;33504
33504;32401
32401;30159
30159;15043
30159;48443
15043;9573
15043;25388
48443;26818
9573;4060
25388;25964
4060;41514
26818;3678
3678;42966
3678;19994
19994;46054
46054;15370
15370;40136
40136;35363
40136;5212
35363;42045
5212;6680
42045;13143
13143;5080
5080;2284
2284;21616
6680;1318
1318;22973
22973;25768
25768;30555
30555;14875
14875;35334
14875;39049
14875;12974
35334;24740
35334;38971
12974;24991
24740;45691
38971;45599
45691;7168
7168;14481
14481;13175
13175;32231
32231;23410
23410;33715
33715;19375
19375;30189
30189;347
347;25152
25152;43988
43988;23163
23163;36996
36996;40411
40411;5909
5909;22022
22022;45508
45508;36220
36220;13774
13774;13505
13505;25304
25304;39275
39275;386
11102;35392
35392;19658
19658;4035
4035;12315
12315;4663
4663;4146
4146;41157
4146;18447
41157;19110
18447;25981
19110;8806
8806;3596
3596;25789
25789;45066
45066;44215
44215;5732
5732;18797
18797;21616
25981;31967
31967;29382
29382;42634
42634;15765
15765;22728
10797;17231
10797;37021
17231;44057
37021;17519
44057;46549
44057;33052
46549;27093
33052;677
27093;42886
42886;18137
18137;42325
42325;12807
12807;21934
21934;45758
45758;677
17519;19698
19698;22611
19698;13204
22611;16495
13204;48620
48620;31246
31246;10674
10674;39101
39101;27914
32808;48252
48252;33603
33603;17668
17668;1007
1007;44509
44509;31754
31754;22423
22423;22424
22424;47521
47521;21255
47521;36703
21255;31366
36703;3196
31366;17778
17778;34263
34263;15873
15873;8247
8247;33246
33246;28369
28369;16266
16266;12692
12692;700
700;46175
46175;27522
27522;10795
10795;35981
35981;30449
30449;30250
30449;32149
30250;23117
32149;32211
23117;31641
31641;47434
47434;579
579;21450
579;43792
21450;37522
43792;36564
37522;43379
43379;37660
37660;16651
16651;32876
32876;36195
32211;36639
36639;29524
29524;8005
3196;41960
41960;46822
46822;45076
45076;39350
39350;48328
48328;11934
11934;11416
11416;23219
23219;47569
47569;13609
13609;10579
10579;15098
15098;22728
24991;5600
5600;32183
32183;13618
13618;30669
30669;36241
36241;15307
15307;44241
15307;39676
44241;9900
39676;24902
9900;3379
9900;5237
3379;10542
5237;12883
10542;30566
30566;48186
30566;16989
30566;24302
30566;13070
48186;48170
48186;36125
16989;38468
24302;47082
13070;23461
48170;25313
48170;28629
36125;779
25313;10207
28629;3535
10207;10334
10334;31120
10334;47135
31120;13870
47135;35629
13870;7943
7943;7300
7300;16454
16454;2056
2056;31962
31962;36564
24902;15735
12883;36200
12883;27636
36200;40215
36200;44125
27636;35114
40215;28307
44125;3026
28307;34765
28307;16563
34765;31526
34765;34106
16563;11899
31526;15898
34106;5010
15898;11607
11607;5010
5010;11899
3026;38468
3026;35114
23461;3539
3539;22555
22555;43826
779;39915
39915;29411
29411;35629
29411;21932
21932;9796
47082;8770
8770;15143
15143;7553
7553;10541
10541;9796
3535;37574
37574;45566
45566;31673
31673;2317
2317;43339
18892;22027
22027;935
935;43932
43932;33276
33276;46167
46167;22613
22613;27060
27060;8759
8759;8196
8196;27930
27930;46373
46373;5526
5526;43306
43306;10321
10321;22532
22532;18844
18844;15679
15679;28636
28636;11418
11418;6750
6750;704
704;34424
34424;10925
10925;19567
19567;2424
2424;47997
47997;263
263;14686
14686;43580
43580;4833
4833;18253
18253;32139
32139;23331
25964;17973
17973;1560
1560;23463
23463;42419
42419;9422
9422;5566
5566;707
707;48188
48188;11103
11103;34609
11463;40759
11463;10010
40759;20162
10010;15263
20162;23842
854;1187
1187;826
1187;29402
1187;15702
826;15263
15263;35016
15702;22763
3009;20380
3009;18161
20380;9858
18161;25200
9858;42514
25200;9756
9756;13448
13448;14098
14098;27141
27141;1506
1506;35943
35943;28502
28502;22763
42514;11846
42514;37076
42514;25604
11846;32217
25604;48138
25604;9231
32217;29574
48138;43411
9231;27437
27437;46384
46384;1133
1133;19954
1133;33326
1133;41319
19954;36517
41319;36401
36517;20361
20361;4198
29148;6479
29148;16392
29148;19645
29148;31437
6479;48272
31437;11114
48272;13272
9240;14501
9240;45961
45961;10306
10306;8853
8853;13272
36401;20864
20864;22275
22275;46374
46374;32928
4198;13881
13881;12427
12427;42492
1250;10191
1250;15520
15520;8940
8940;32697
32697;15895
15895;21988
45481;26037
26037;31074
31074;39283
39283;20829
20829;47223
47223;26739
26739;22883
22883;41560
41560;26499
26499;36654
36654;46701
46701;5418
5418;1726
1726;33013
1726;13474
33013;23567
13474;6179
23567;19618
19618;46596
46596;13807
13807;11716
11716;41334
41334;7373
7373;46334
46334;47552
47552;21897
21897;45993
45993;360
360;31919
31919;14889
14889;47465
47465;34968
34968;46451
46451;45188
45188;7451
7451;17066
17066;25046
6179;40279
40279;28828
28828;13711
13711;39027
39027;35150
35150;38825
38825;28834
28834;40677
40677;11777
11777;41956
41956;7332
7332;2111
2111;30550
30550;16205
16205;30193
16205;14876
30193;36193
14876;47568
36193;46031
47568;42863
42863;42154
42154;29971
29971;11267
11267;35113
35113;13244
13244;21583
21583;47515
47515;32687
32687;26259
26259;14073
14073;18654
18654;2281
2281;15743
15743;15201
15201;27262
27262;45805
45805;8179
8179;48027
48027;21722
21722;44413
44413;45818
45818;2610
2610;46436
46436;12147
12147;46068
46068;17198
17198;35540
35540;14991
14991;24718
14991;32750
24718;42824
32750;41224
42824;37616
37616;19590
19590;37561
37561;44525
44525;15270
15270;25468
25468;20527
20527;18784
18784;38809
38809;23965
38809;24771
23965;11059
24771;23051
11059;24246
24246;13578
13578;44780
44780;30353
30353;36668
36668;31197
31197;43290
43290;32537
32537;39151
39151;40466
40466;1654
1654;37567
37567;39232
37567;18411
39232;31688
18411;35377
31688;30456
30456;10060
10060;4270
4270;1900
1900;2048
1900;44112
2048;22751
44112;44925
22751;30495
30495;28106
28106;28937
28937;24274
24274;1698
24274;44891
1698;23466
44891;30986
23466;9255
9255;40660
40660;40362
40362;12828
12828;24327
24327;22572
22572;12035
12035;32671
32671;15754
15754;7144
7144;25891
25891;22874
22874;8242
8242;32804
32804;37752
37752;2062
2062;39870
39870;10851
10851;42661
10851;44668
42661;44217
44217;48133
48133;25439
48133;12678
19732;34897
19732;15828
19732;20277
34897;13997
15828;33656
20277;5558
13997;45540
45540;32247
32247;30002
30002;36622
36622;46426
46426;21253
21253;38640
38640;42348
42348;46391
46391;22361
22361;3943
3943;41218
41218;15435
15435;12775
12775;15796
15796;14185
14185;26774
26774;11518
11518;403
403;30163
30163;31625
31625;14947
14947;14132
14132;12512
12512;36024
36024;9584
9584;29337
29337;40331
40331;37661
37661;46550
46550;36116
36116;16050
16050;23715
23715;32712
32712;42971
42971;683
683;25917
25917;14955
14955;544
544;24000
24000;12902
12902;8776
8776;28984
28984;7428
44925;46802
46802;25023
25023;33593
33593;6146
6146;34190
34190;31825
31825;9638
9638;39662
39662;5336
5336;47078
47078;25361
25361;28382
28382;2758
2758;2340
2340;20752
20752;7507
7507;13289
13289;47955
47955;43475
43475;38854
38854;23776
23776;12341
12341;14885
14885;21601
21601;10210
10210;10998
10998;29609
29609;42383
42383;33224
33224;33579
33579;43914
43914;27626
27626;22391
22391;12376
12376;25439
12678;43863
7428;44029
44029;43682
43682;16034
16034;19377
19377;42180
42180;12717
12717;37989
37989;30606
30606;21226
21226;25100
25100;27195
27195;10104
10104;11712
11712;36629
36629;2312
2312;26410
26410;41873
41873;8441
8441;602
602;3087
3087;36502
36502;28135
28135;16279
28135;25130
16279;31510
25130;42768
31510;2351
2351;21346
21346;9150
21346;29116
9150;32609
32609;15381
42768;18158
18158;31579
31579;36676
36676;15594
15594;14611
14611;22653
22653;4454
4454;6552
6552;35550
6552;46677
6552;6096
35550;25538
46677;31416
6096;36508
30986;39707
39707;45401
45401;16195
16195;32004
32004;27027
27027;44137
44137;9509
9509;44998
44998;9865
9865;36678
36678;48601
48601;40002
40002;31310
31310;38744
38744;4268
4268;5168
5168;45123
45123;36213
36213;36463
36463;2805
2805;21181
21181;23210
23210;24472
24472;28633
28633;5455
5455;29795
5455;28025
29795;47932
28025;33220
47932;22528
22528;28052
28052;8520
8520;13417
13417;48700
48700;28359
28359;16740
28359;20591
16740;20480
20591;11472
20480;25672
25672;48351
48351;34939
34939;21006
21006;26102
26102;2249
2249;4845
4845;48405
23051;28666
28666;5844
35377;32335
32335;27319
27319;29982
29982;4590
4590;3464
3464;33891
33891;25435
25435;21856
21856;1059
1059;26971
26971;23981
48405;26580
26580;11270
11270;36070
36070;33695
33695;9854
9854;13449
13449;16949
16949;3707
3707;22173
22173;25246
25246;8326
8326;27152
27152;20356
20356;26371
26371;5867
5867;45662
45662;39889
39889;37945
37945;12089
12089;20652
20652;4356
4356;37682
37682;7716
7716;12406
12406;37292
12406;6180
37292;16970
6180;32124
16970;13496
13496;4482
4482;35448
35448;5571
5571;12433
12433;43316
43316;5505
5505;18661
18661;37836
37836;17871
17871;1835
1835;40069
40069;1773
1773;12969
12969;8434
8434;18476
18476;46680
46680;46155
46155;45232
45232;6355
6355;33638
33638;19233
19233;48176
48176;39348
39348;34677
34677;5547
5547;27439
27439;37238
37238;19551
19551;37484
37484;35738
35738;47048
47048;41842
47048;11953
41842;12387
11953;33787
12387;30119
15381;34311
34311;5094
5094;41043
41043;25538
31416;42548
42548;16391
16391;47332
47332;4369
4369;33346
33346;20002
20002;17909
17909;47105
47105;18996
18996;887
887;27138
27138;35410
35410;48455
48455;6698
6698;31294
31294;7287
7287;436
436;23684
23684;5536
5536;13899
13899;16281
16281;42339
11472;36274
36274;45926
45926;40200
40200;26659
26659;599
599;21020
21020;20104
20104;45855
45855;35922
35922;29229
29229;1634
1634;46617
46617;10231
10231;131
33220;28349
28349;26069
26069;25592
25592;38348
38348;24192
24192;6135
6135;33089
33089;4552
4552;32793
32793;35314
35314;44691
44691;16298
16298;4161
4161;45978
45978;5869
5869;33795
33795;9924
9924;23736
23736;30028
30028;20738
20738;6546
6546;41057
41057;19334
19334;35817
35817;19256
19256;5615
5615;42038
42038;15521
15521;16450
16450;19296
19296;14415
14415;12182
12182;9321
9321;21574
21574;16763
21574;17206
16763;19448
17206;13778
36508;19773
19773;16500
16500;6480
6480;14478
14478;37342
37342;47456
47456;11378
11378;28014
45479;45349
45479;26443
45349;11344
26443;1087
11344;23471
23471;25471
25471;5846
5846;44873
44873;32988
32988;19057
19057;31309
31309;46639
46639;36978
36978;33390
33390;38520
43863;11315
11315;42948
42948;14867
14867;24616
24616;25708
25708;6005
6005;21436
21436;37717
37717;33149
33149;28678
28678;12884
12884;28007
28007;7752
7752;19685
19685;33656
5558;1728
1728;3377
3377;10921
10921;37102
37102;43689
43689;9699
9699;36403
36403;36053
36053;22627
22627;45470
45470;43686
43686;39944
39944;21968
39944;36337
21968;35471
36337;20995
35471;34547
20995;23105
23105;43585
43585;9849
43585;34753
9849;29186
34753;5162
5162;14913
14913;23327
23327;33421
33421;17354
17354;10227
10227;23346
23346;24894
24894;47358
47358;47970
47970;43121
43121;29808
29808;39000
39000;29831
29831;23971
23971;15912
15912;26113
34547;1238
1238;27595
27595;36411
36411;10421
10421;47011
47011;47585
47585;14350
14350;43310
43310;33252
33252;16008
16008;15377
16008;30597
15377;7546
7546;10436
10436;22691
10436;37003
37003;20316
20316;24971
24971;32847
32847;46747
32847;34460
46747;31787
31787;32978
41224;6380
6380;33908
33908;15623
15623;25307
25307;2118
2118;18061
32978;26854
26854;17769
17769;36522
17769;7071
13778;25269
25269;10796
10796;23109
23109;15239
15239;27473
27473;42460
42460;46638
46638;42267
32124;46591
46591;15358
15358;35366
35366;1745
1745;28814
28814;39427
39427;16362
16362;24698
24698;28670
28670;11234
11234;4339
4339;309
309;25976
25976;4948
4948;42161
42161;29798
29798;38980
38980;13311
13311;35614
35614;10376
10376;20739
20739;1087
33787;11133
11133;8676
8676;44366
44366;1291
1291;460
460;31536
31536;4762
4762;46321
46321;15824
15824;15232
15232;2307
2307;44934
44934;23754
23754;40130
40130;23068
23068;4321
4321;46896
46896;14879
14879;31236
31236;33966
33966;43642
43642;40982
40982;8682
8682;45038
45038;29217
29217;11071
11071;35312
35312;42703
42703;18159
18159;18522
18522;5950
5950;40165
40165;9429
9429;46407
30119;24179
24179;26201
26201;23696
23696;42389
42389;1874
1874;41427
41427;18532
18532;27420
2793;35704
35704;12301
12301;24651
24651;9960
9960;16159
16159;6622
6622;14060
14060;23238
23238;9347
9347;15382
15382;3202
3202;11132
11132;20717
20717;8697
8697;8271
8271;24271
24271;26691
26691;42660
42660;42533
42533;36661
36661;29993
29993;15048
15048;31349
31349;16108
16108;43255
43255;44635
44635;2265
2265;1497
1497;25121
25121;12525
12525;47477
47477;7207
7207;12774
12774;47690
47690;23162
23162;48589
48589;37231
37231;15808
15808;44685
44685;17969
17969;11697
11697;25791
25791;24885
24885;7057
7057;19382
19382;38417
38417;6837
6837;30142
30142;2866
2866;46828
46828;31438
27072;8568
27072;26016
27072;12992
8568;35733
26016;36651
12992;20476
35733;27952
27952;27063
27063;38553
38553;33953
33953;24643
24643;45276
45276;29179
29179;13046
13046;33193
33193;690
690;42237
42237;48602
48602;38044
38044;18852
36651;20381
20381;3839
3839;10184
10184;9927
9927;13281
13281;31135
31135;3570
3570;38843
38843;12764
12764;25049
25049;27177
27177;45411
45411;23012
23012;37803
37803;42357
42357;36755
36755;10182
10182;6748
6748;4930
4930;47175
47175;14281
14281;19604
19604;42292
31438;44721
44721;29149
29149;33060
33060;22310
22310;38868
38868;36574
36574;23097
23097;2891
2891;24914
24914;20528
20528;1171
1171;39807
39807;29286
29286;45009
45009;34564
34564;13570
13570;17924
17924;34090
34090;42155
42155;20476
38508;42185
42185;39727
39727;2371
2371;16053
16053;11658
11658;162
162;4885
4885;11826
11826;41399
41399;41746
41746;5766
5766;17544
17544;48542
48542;40309
40309;22757
22757;1966
1966;39270
39270;35732
35732;5601
5601;40176
40176;21685
21685;2588
2588;22235
22235;37221
37221;29277
29277;18009
18009;11076
11076;7730
7730;32234
32234;22806
22806;36657
36657;12550
12550;27006
27006;32339
32339;29042
29042;9410
9410;35472
35472;22253
22253;44702
44702;48354
48354;31574
31574;5913
5913;46290
46290;17842
17842;24021
24021;42506
42506;41895
41895;35152
35152;26089
26089;1811
1811;43889
43889;12820
12820;25485
25485;14616
14616;26158
26158;12001
12001;30916
30916;24458
24458;35428
35428;35305
35305;24104
24104;22338
22338;42346
42346;20247
20247;4506
4506;43208
43208;22319
22319;6858
6858;728
728;9009
9009;47975
47975;10612
10612;41847
41847;16158
16158;26734
26734;3066
3066;45215
45215;31515
31515;34635
34635;33182
33182;33952
33952;8428
8428;13845
13845;19338
19338;39084
39084;3072
3072;26399
26399;15585
15585;7257
7257;18958
18958;7887
7887;29352
29352;26557
26557;34618
34618;11832
11832;222
222;28736
28736;31008
31008;33344
33344;27482
27482;19663
19663;42894
42894;47834
47834;12065
12065;26632
26632;15713
15713;8912
8912;11358
11358;9178
9178;48508
48508;10890
10890;41203
41203;27114
27114;46057
46057;22695
22695;37528
37528;29330
29330;15398
15398;29440
29440;31015
31015;16729
16729;30906
30906;48137
48137;34670
34670;35458
35458;29319
29319;12002
12002;20820
20820;21996
21996;11184
11184;37456
37456;13884
13884;31534
31534;21662
21662;40068
40068;321
321;45552
45552;19670
19670;28894
28894;16788
16788;20153
20153;22662
22662;42902
42902;2906
2906;21753
21753;9989
9989;4619
4619;35021
35021;17499
17499;41060
41060;14808
14808;23732
23732;35538
35538;17430
17430;19844
19844;12174
12174;23537
23537;48192
48192;14617
14617;5293
5293;33827
33827;30838
30838;26092
26092;8532
8532;6017
6017;44183
44183;2215
2215;4090
4090;43359
43359;24222
24222;3024
3024;19990
19990;1923
1923;13187
13187;47370
47370;39516
39516;19260
19260;11287
11287;44553
44553;4651
4651;7172
7172;44450
44450;23927
23927;31910
31910;2973
2973;19346
19346;42601
42601;9717
9717;22501
22501;14070
14070;10937
10937;30509
30509;27376
27376;42249
42249;19185
19185;16336
16336;43325
43325;44330
44330;32892
32892;31250
31250;35896
35896;1542
1542;41075
41075;3993
3993;27199
27199;5208
5208;29206
29206;14365
14365;46746
46746;32214
32214;37320
37320;16474
16474;7222
7222;23321
23321;12930
12930;38170
38170;23573
23573;36950
36950;3846
3846;7899
7899;43874
43874;22593
22593;21470
21470;27555
27555;4728
4728;21957
21957;4254
4254;40390
40390;4539
4539;39186
39186;7589
7589;28559
28559;14655
14655;26297
26297;29678
29678;11029
11029;44470
44470;11202
11202;10433
10433;45351
45351;47952
47952;8501
8501;1631
1631;32138
32138;16168
16168;35909
35909;17714
17714;10635
10635;44630
44630;46730
46730;9862
9862;31976
31976;1718
1718;28433
28433;15672
15672;34733
34733;2715
2715;24085
24085;14724
14724;13126
13126;46760
46760;6830
6830;43838
43838;24411
24411;4463
4463;45361
45361;37869
37869;4884
4884;44172
44172;31999
31999;32426
32426;36968
36968;21475
21475;46573
46573;11051
11051;41882
41882;35947
35947;39507
39507;27441
27441;46514
46514;43462
43462;37405
37405;41097
41097;42035
42035;47110
47110;11675
11675;42302
42302;22514
22514;30995
30995;43418
43418;10798
10798;9637
9637;26059
26059;38227
38227;232
232;30457
30457;31273
31273;43665
43665;28725
28725;26308
26308;18622
18622;6965
6965;33624
33624;43463
43463;15
15;42133
42133;3101
3101;5061
5061;20587
20587;48372
48372;21985
21985;25414
25414;31750
31750;3522
3522;25288
25288;25878
25878;1965
1965;25876
25876;46869
46869;38404
38404;21242
21242;22288
22288;44600
44600;34264
34264;44490
44490;9731
9731;32328
32328;22105
22105;486
486;26302
26302;10347
10347;41849
41849;38203
38203;14310
14310;21817
21817;1167
1167;17774
17774;42186
42186;29182
29182;46156
46156;30175
30175;18910
18910;35313
35313;38133
38133;9690
9690;25638
25638;16233
16233;11974
11974;27489
27489;4877
4877;12183
12183;17167
17167;41943
41943;31715
31715;31936
31936;44728
31936;7967
44728;335
7967;11754
335;29197
29197;40314
40314;47768
47768;23906
23906;2613
2613;27327
27327;46893
46893;44972
44972;7673
7673;36824
36824;3245
3245;255
255;8482
8482;12900
12900;11493
11493;37019
37019;27795
27795;16385
16385;12937
12937;21666
21666;17090
17090;43965
43965;404
404;2887
2887;13575
13575;27703
27703;23665
23665;37560
37560;14507
14507;10000
10000;20613
20613;34571
34571;29755
29755;34481
34481;6737
6737;10600
10600;29310
29310;13330
13330;46239
46239;9196
9196;5882
5882;17200
17200;2680
2680;19586
19586;33857
33857;44410
44410;4525
4525;16860
16860;24597
24597;38668
38668;40955
40955;16723
16723;3949
3949;5252
5252;45024
45024;37367
37367;3207
3207;22243
22243;44942
44942;32522
32522;48509
48509;25939
25939;45048
45048;22020
22020;17172
17172;37789
37789;42021
42021;29850
29850;41343
41343;12444
12444;35804
35804;34120
34120;10312
10312;42203
42203;19749
19749;34754
34754;40599
40599;979
979;39203
39203;740
740;23766
23766;9803
9803;5808
5808;11713
11713;7380
7380;43550
43550;5029
5029;11803
11803;45290
45290;19172
19172;15844
15844;46438
46438;3331
3331;31081
31081;11250
11250;585
585;16982
16982;1707
1707;6470
6470;15701
15701;37178
37178;20111
20111;33221
33221;36133
36133;45916
45916;39087
39087;6054
6054;12876
12876;33501
33501;28724
28724;1768
1768;34299
34299;30989
30989;1921
1921;19531
19531;24715
24715;36341
36341;17911
17911;17567
17567;8555
8555;5602
5602;39979
39979;30135
30135;7061
7061;39677
39677;3969
3969;28000
28000;16018
16018;21950
21950;26582
26582;33280
33280;2043
2043;20757
20757;4727
4727;9639
9639;38185
38185;9145
9145;38247
38247;23401
23401;23212
23212;19778
19778;41692
41692;16913
16913;25061
25061;5661
5661;4360
4360;5179
5179;48346
48346;6014
6014;38336
38336;20478
20478;41576
41576;24026
24026;11381
11381;13958
13958;36830
36830;1889
1889;20319
20319;41637
41637;12441
12441;29338
29338;22082
22082;32042
32042;14054
14054;16988
16988;6147
6147;4751
4751;38213
38213;8261
8261;34092
34092;3910
3910;41281
41281;27722
27722;32080
32080;34068
34068;36427
36427;25596
25596;1533
1533;20170
20170;47180
47180;25755
25755;11023
11023;1690
1690;39011
39011;31792
31792;47976
47976;33260
33260;18250
18250;40006
40006;41901
41901;32689
32689;16315
16315;37074
37074;25730
25730;15747
15747;23294
23294;15029
15029;16620
16620;12420
12420;11924
11924;18690
18690;20599
20599;33612
33612;21111
21111;47802
47802;8721
8721;5472
5472;20493
20493;43276
43276;42642
42642;28522
28522;42319
42319;29019
29019;10973
10973;8182
8182;22190
22190;28657
28657;21979
21979;31685
31685;15413
15413;31444
31444;2034
2034;14223
14223;31163
31163;216
216;30662
30662;41251
41251;7502
7502;33152
33152;22587
22587;38512
38512;19325
19325;36459
36459;16063
16063;45140
45140;1516
1516;26981
26981;7074
7074;4168
4168;5028
5028;45490
45490;10324
10324;21782
21782;45812
45812;42931
42931;329
329;45301
45301;32608
32608;38302
38302;4184
4184;38954
38954;39929
39929;19473
19473;9655
9655;43259
43259;37827
37827;47023
47023;12508
12508;11787
11787;3262
3262;38636
38636;25244
25244;28286
28286;16117
16117;14952
14952;18719
18719;32294
32294;24279
24279;6036
6036;6387
6387;36118
36118;28715
28715;25396
25396;83
83;47812
47812;34786
34786;46855
46855;29878
29878;44396
44396;38830
38830;38024
38024;7150
7150;7116
7116;42879
11754;20301
20301;32638
32638;23893
23893;47432
47432;42613
42613;36911
36911;13118
13118;39781
39781;17228
17228;17335
17335;5420
5420;18048
18048;36501
36501;29713
29713;23161
23161;25483
25483;778
778;29672
29672;32155
32155;14950
14950;6610
6610;45145
45145;42118
42118;4025
4025;37037
37037;24384
24384;32699
32699;46888
46888;7514
7514;24480
24480;35959
35959;19691
19691;19909
19909;22355
22355;7397
7397;32693
32693;29422
29422;48578
48578;41134
41134;3056
3056;22834
22834;14163
14163;30622
30622;3624
3624;33150
33150;12336
12336;19089
19089;39163
39163;43315
43315;12011
12011;15916
15916;5749
5749;29287
29287;12295
12295;35746
35746;21217
21217;40933
40933;32519
32519;37119
37119;502
502;9414
9414;33347
33347;32148
32148;19286
19286;25094
25094;26694
26694;14239
14239;43087
43087;6643
6643;33676
33676;38849
38849;9195
9195;11449
11449;41186
41186;33977
33977;34545
34545;4276
4276;11833
11833;4004
4004;11401
11401;30843
30843;31269
31269;24119
24119;35148
35148;1015
1015;27087
27087;21239
21239;4950
4950;12796
12796;32613
32613;25268
25268;3939
3939;46711
46711;45423
45423;35181
35181;14997
14997;3738
3738;43419
43419;155
155;14865
14865;27665
40835;958
958;43303
43303;22188
22188;28022
22188;26284
28022;44725
26284;39466
39466;7506
39466;11941
26795;5537
5537;27219
27219;1807
1807;40678
1807;42486
40678;30572
42486;7187
30572;4934
30572;2331
30572;8961
4934;267
8961;26053
267;12317
12317;15664
15664;23660
23660;17851
17851;27628
27628;15267
15267;21129
21129;40259
21129;12605
12605;11674
11674;34711
11674;26541
34711;6065
6065;40567
32600;30861
30861;28708
28708;46766
46766;24598
24598;3840
3840;45791
45791;30132
30132;20397
20397;40118
40118;27516
27516;23035
23035;35828
23035;18076
35828;47212
35828;30798
18076;42585
47212;11129
30798;44976
44976;2768
2768;46405
46405;38918
38918;35286
35286;15038
35286;20905
15038;16088
20905;18804
16088;46210
16088;20187
20187;29309
29309;44599
44599;34997
34997;27586
18804;36591
36591;43297
36591;31151
31151;19304
19304;7719
7719;42314
42314;17646
17646;31399
31399;12329
12329;7092
7092;21669
7092;29052
42585;43335
43335;45739
45739;38507
45739;24557
24557;43644
43644;16089
43644;14241
16089;7945
34898;5523
5523;25989
25989;17755
17755;46411
46411;16335
16335;160
160;27096
27096;39763
39763;16938
16938;24751
24751;397
397;36275
36275;24901
24901;29305
29305;47166
47166;24662
24662;5748
5748;6657
1960;11972
11972;34388
34388;22982
22982;7648
7648;38493
7648;5310
5310;47019
47019;30616
30616;97
97;39700
39700;23138
23138;23777
23777;1317
1317;465
465;46921
46921;10751
10751;37866
37866;26780
37866;2650
26780;27578
2650;21123
27578;27198
21123;17715
27198;29788
29788;28525
28525;46917
46917;18232
18232;17388
17715;45502
45502;19320
19320;34456
34456;13817
13817;7163
7163;47909
47909;23085
23085;16463
23085;18177
16463;9322
16463;9539
18177;38810
18177;13600
9539;35911
13600;44660
44660;12580
12580;34720
34720;35295
35295;1081
1081;1185
1185;16866
16866;44447
16866;34615
16866;41655
16866;2873
41655;41673
2873;16292
41673;45864
45864;27912
27912;27784
27784;46158
46158;6071
6071;41219
41219;12693
12693;34146
34146;32031
32031;32794
32794;34422
34422;11555
11555;40211
40211;37277
37277;19493
19493;44797
44797;8081
8081;40987
40987;35792
35792;47492
35792;38158
38158;20340
20340;8588
16292;9522
9522;27483
8588;1147
1147;10587
10587;11769
11769;24578
24578;46837
46837;4632
4632;41468
41468;31790
31790;26213
26213;33374
33374;32102
32102;4961
4961;27380
27380;43330
43330;48469
48469;11040
11040;4868
4868;26341
26341;22108
22108;4834
4834;45018
45018;29037
29037;34863
34863;40486
34863;20617
40486;10822
20617;38309
10822;1741
38309;36814
36814;1786
1786;25230
25230;11858
11858;20155
20155;12746
12746;1818
1818;32038
32038;10668
10668;1554
1554;28341
28341;41227
41227;27449
27449;19386
19386;37686
37686;9326
9326;27979
27979;6695
6695;38542
38542;43194
43194;3981
3981;12180
12180;33171
12180;823
33171;38933
823;42361
42361;18157
18157;38978
38978;28618
28618;39191
39191;27287
27287;40250
40250;21148
21148;26456
1741;2865
2865;6308
6308;6868
6868;23638
23638;4012
4012;21430
21430;32430
32430;7108
7108;6792
6792;15152
15152;39342
39342;44179
39342;14916
14916;39120
39120;44805
18527;16757
16757;2058
2058;6677
6677;32475
32475;2057
2057;22721
22721;32119
32119;28863
28863;5196
28863;45107
5196;39115
45107;24908
39115;41453
41453;28487
28487;32082
32082;30022
30022;39353
39353;40573
40573;10260
40573;8864
10260;18491
8864;4692
18491;33261
33261;37241
37241;37926
37926;47473
47473;32994
32994;28467
28467;13420
24908;30194
30194;13686
30194;8316
13686;34385
8316;36254
36254;9838
9838;13453
9838;45957
45957;30515
30515;38797
38797;28067
28067;14425
14425;37296
37296;20790
20790;25184
25184;31265
31265;3595
3595;11814
3595;14204
11814;37572
14204;21117
37572;22169
22169;39233
39233;28117
28117;11442
11442;22540
22540;2071
2071;36429
2071;28194
36429;774
28194;31714
774;4208
4208;7852
7852;46646
46646;15810
15810;11203
11203;32573
11203;19461
19461;8173
8173;27617
4692;40553
40553;13955
13955;46733
46733;24477
24477;23230
23230;12469
12469;13200
12469;36170
13200;15560
15560;39825
39825;39344
39344;1435
39344;40040
1435;15826
40040;19088
15826;47139
47139;36772
36772;46004
46004;4517
4517;35511
35511;27605
35511;41152
27605;30939
30939;35603
35603;19024
19024;27034
27034;19964
19088;47602
47602;936
31714;41004
41004;23416
23416;21764
21764;31596
31596;598
598;21451
21451;40312
40312;27902
21117;31858
31858;40179
40179;44094
44094;31045
31045;5240
5240;19527
19527;40633
40633;7826
7826;29399
29399;43966
29399;22747
22747;45948
27617;23262
23262;15732
15732;6042
6042;28444
28444;5814
5814;6996
6996;47610
47610;17942
17942;42275
17942;1230
42275;39042
1230;44036
44036;2617
44036;47045
44036;17453
44036;22910
38920;25814
25814;43712
43712;10637
10637;32024
32024;41931
41931;45652
41931;27110
27110;42296
42296;26765
26765;3334
3334;11191
11191;46676
46676;41700
41700;28702
28702;34907
34907;374
374;15468
374;41699
41699;6211
6211;20461
20461;15163
15163;2400
2400;31398
31398;8884
8884;40027
40027;37239
37239;769
769;31851
31851;4647
4647;47020
47020;25949
25949;31406
31406;14893
14893;10559
10559;9529
10559;1928
9529;41213
1928;14213
14213;2128
2128;9715
2128;26270
9715;28383
26270;22731
28383;47795
47795;33727
33727;10219
22731;44297
44297;33928
44297;11927
11927;6168
6168;37022
37022;14287
14287;20863
20863;26212
20863;3875
26212;40348
3875;24777
40348;26571
26571;21207
21207;44697
21207;8083
44697;1379
8083;11039
1379;5633
5633;33712
33712;12082
12082;17858
17858;39901
39901;16247
16247;22871
22871;33791
33791;42592
42592;38080
38080;46377
46377;7157
7157;6364
7157;45458
6364;28289
45458;20816
20816;47444
11039;41761
41761;5290
24777;5803
5803;5572
5238;22893
22893;22732
22732;42576
42576;44655
44655;39259
39259;13360
39259;4954
13360;12590
13360;17726
4954;38540
38540;42857
30389;12551
12551;448
448;31642
31642;17847
17847;23191
23191;27222
23191;35282
27222;16797
35282;1888
1888;33159
1888;35936
35936;21532
35936;37115
16462;11424
11424;11841
11841;18934
18934;41961
41961;42570
42570;33240
33240;11637
11637;27247
27247;26185
26185;27667
27667;10396
10396;10206
10206;38842
38842;46287
46287;16173
16173;28060
28060;12644
12644;17870
17870;38814
38814;43624
43624;15636
15636;6621
6621;29011
29011;41019
41019;5322
5322;33599
33599;36001
36001;37910
37910;44722
44722;34552
34552;46131
46131;3680
3680;8136
8136;21849
21849;39545
39545;30274
30274;11958
11958;48555
48555;37584
37584;30740
30740;46222
46222;38337
38337;351
351;20840
20840;48217
48217;28451
28451;29390
29390;31071
31071;16742
16742;9510
9510;12751
12751;12330
12330;12404
12404;25058
25058;43582
43582;13295
13295;40871
40871;4620
37924;15924
15924;25573
25573;3234
3234;21254
21254;43311
43311;31053
31053;48187
31053;4180
48187;18939
4180;16196
18939;27693
27693;27969
27969;31930
31930;30219
30219;9845
9845;48056
48056;33563
33563;9276
9276;6520
6520;27719
27719;38119
38119;30148
30148;44914
44914;46310
46310;24102
24102;22694
22694;32816
32816;31334
31334;13114
13114;5140
5140;14
14;2670
2670;25875
25875;43476
43476;32980
32980;28447
28447;28219
28219;2534
2534;43160
43160;17313
17313;41298
41298;12088
12088;40457
40457;27098
27098;42258
42258;19016
19016;16217
16217;16257
16257;27218
27218;6761
6761;33359
33359;1490
1490;8454
8454;30983
30983;2899
2899;29803
29803;43164
43164;14730
14730;14240
14240;24282
24282;40060
40060;33652
33652;25206
33652;945
25206;39550
945;13
39550;22621
22621;31511
31511;744
744;21924
21924;41478
41478;24625
24625;4132
4132;21546
21546;3424
3424;41000
41000;31394
31394;11584
11584;34442
13;1657
1657;9779
9779;17510
9779;31034
17510;48025
17510;36496
31034;21554
36496;17194
17194;28641
28641;29815
28641;31112
31112;13658
16196;43250
16196;32511
43250;15551
43250;19596
15551;9479
9479;19284
9479;17624
19284;21575
21575;47876
47876;43744
47876;28008
28008;3728
3728;30826
21554;14539
14539;45483
45483;7280
7280;7221
7221;26121
26121;24481
26121;28295
24481;13279
28295;30641
13279;24852
24852;15596
15596;44389
44389;29932
29932;33720
33720;46080
46080;40640
40640;18634
18634;42827
42827;31299
31299;18339
18339;41276
41276;5649
41276;41987
5649;9727
41987;33293
9727;14200
14200;20911
20911;21502
21502;11498
21502;9827
11498;33333
9827;3074
9827;20299
33333;5809
5809;23405
5809;25927
25927;34627
34627;40922
40922;21029
21029;17925
17925;27970
3074;5478
20299;38949
5478;34091
34091;17229
17229;36571
36571;5651
5651;40557
40557;18982
40557;31182
18982;8881
31182;20312
20312;26616
20312;30021
26616;41532
30021;5767
41532;46938
46938;43189
5767;41502
38949;41
41;11419
11419;17676
17676;40785
40785;12886
12886;38120
38120;4205
4205;2547
2547;41082
41082;34066
41082;22128
33293;37095
37095;42497
42497;16761
16761;16360
16761;38877
38877;42787
42787;28931
28931;10066
10066;39358
39358;39378
39378;27508
27508;1742
1742;38265
38265;42471
42471;36594
36594;26473
26473;32133
32133;25294
25294;33888
33888;10445
10445;24978
24978;48052
48052;30214
30214;8122
8122;40413
8122;42139
8122;16194
40413;16993
42139;23936
16194;7897
16993;19374
19374;48245
48245;3158
3158;10633
3158;17057
10633;5492
17057;22720
5492;39305
39305;21500
21500;34724
22720;20465
20465;10983
10983;974
974;32714
32714;35421
35421;7094
7094;18853
23936;20753
20753;17718
17718;39476
39476;37312
37312;31997
31997;33807
33807;7184
33807;15504
7184;15504
7184;34381
34381;43623
43623;35417
35417;6353
6353;14468
14468;21765
21765;30973
30973;18329
18329;44168
44168;32466
32466;2849
2849;39073
39073;18813
30641;22955
22955;28338
28338;33508
33508;1433
1433;14512
14512;42965
42965;18092
18092;35247
35247;45400
45400;15042
15042;35940
43189;9643
9643;18600
18600;5506
5506;41694
5506;2229
2229;6561
6561;8498
8498;39628
39628;29705
29705;15014
15014;1968
1968;17445
17445;12540
12540;47104
47104;16997
16997;472
472;26676
26676;29868
29868;48182
48182;26035
26035;32361
32361;23267
23267;44968
23267;45136
44968;45136
44968;37060
44968;28387
28387;39820
39820;19476
19476;36837
36837;29047
29047;44693
44693;12467
12467;25145
25145;8860
8860;12188
12188;45810
45810;41719
41719;38106
38106;43810
43810;17329
17329;9504
9504;47481
47481;26368
26368;45672
45672;10044
10044;18414
18414;33828
33828;47115
47115;9613
9613;6099
6099;43377
43377;14712
14712;7343
7343;46836
46836;23832
23832;3693
23832;4034
23832;30611
4034;10248
30611;47197
10248;7155
7155;41662
41662;45996
45996;15809
15809;34304
34304;38672
38672;41346
41346;43778
43778;23658
23658;41912
41912;46821
46821;32951
32951;6081
6081;28755
28755;32411
32411;21992
21992;8698
8698;11724
11724;18353
18353;7946
7946;17489
17489;30271
30271;39771
30271;14635
39771;34857
14635;4152
47197;6131
6131;27320
27320;575
575;21077
21077;26904
26904;22497
22497;2179
2179;35820
35820;37307
37307;45219
45219;38844
38844;9743
9743;36120
36120;28395
28395;26174
26174;18920
18920;43978
43978;9642
9642;5535
5535;30610
30610;43967
30610;45257
45257;6216
6216;44455
44455;6636
6636;48501
48501;32560
32560;3444
3444;44048
44048;22096
22096;44589
44589;27028
27028;29801
29801;22943
22943;16544
16544;43357
43357;13066
13066;6851
6851;22321
22321;11838
11838;43945
43945;31776
31776;7305
7305;14822
14822;12091
12091;44786
44786;5243
5243;28090
28090;13993
13993;10187
10187;29658
29658;15107
7897;21047
21047;29362
29362;5303
5303;6514
6514;35759
35759;13548
13548;43600
43600;38990
38990;38733
38733;36043
36043;46078
46078;40847
40847;13451
13451;26554
26554;40153
40153;42467
42467;44225
44225;29741
29741;14571
14571;18723
14571;960
18723;31113
960;17913
31113;38452
38452;35348
17913;34630
34630;45355
45355;48557
48557;43527
4152;17155
17155;29684
29684;45696
45696;48010
48010;35374
48010;22866
48010;46890
35374;23937
46890;12649
23937;35474
35474;34835
35474;6127
6127;5144
12649;35731
35731;38043
38043;21480
21480;42915
42915;17887
42915;34821
17887;7136
34821;39475
7136;13467
13467;42463
42463;25441
25441;45986
45986;44487
44487;31356
31356;30947
31356;29013
31356;44610
29013;29051
44610;14081
29051;35587
35587;26186
26186;8760
8760;12223
12223;659
659;33865
33865;17013
17013;23805
23805;7917
7917;7913
7913;5632
5632;38791
38791;19897
19897;48094
39475;27035
27035;31588
31588;8995
8995;20050
20050;15348
15348;43241
15348;14302
15348;31446
43241;2150
14302;1879
31446;943
2150;41389
943;3061
3061;34954
34954;4389
4389;35574
35574;25568
25568;36145
36145;32486
32486;47153
47153;23747
23747;17751
14081;10870
10870;36871
36871;25079
25079;18906
18906;36245
36245;41716
41716;25709
25709;18564
18564;29610
29610;36086
36086;16641
16641;27984
27984;24305
24305;43033
43033;7182
7182;20437
20437;2987
2987;39056
39056;16112
16112;36475
36475;2874
2874;24772
24772;37500
37500;41233
41233;39112
39112;10382
10382;3920
3920;2361
2361;4358
4358;41242
41242;18292
18292;7629
7629;10588
10588;42918
42918;24915
24915;40090
40090;3567
3567;320
320;43103
43527;22232
22232;34666
34666;22803
22803;20417
20417;47136
47136;47478
47478;11761
11761;6638
6638;9076
9076;31052
31052;9668
9668;36226
36226;33414
33414;6988
6988;48127
48127;7681
7681;6689
6689;45010
45010;10241
10241;2850
2850;42597
42597;43894
43894;33500
33500;13877
13877;12237
12237;12501
12237;19431
12501;9018
19431;27476
9018;34332
27476;29147
29147;23888
23888;41852
23888;42606
41852;27778
42606;40951
40951;48314
48314;23245
23245;8950
8950;40397
40397;45332
45332;11428
11428;10531
19545;6294
6294;19
19;17968
17968;4505
4505;2458
2458;13982
13982;20960
20960;6932
6932;17895
17895;42023
42023;27767
27767;18581
18581;12557
12557;36175
36175;18081
18081;18348
18348;46952
46952;39963
39963;22140
39963;38991
22140;2500
38991;7081
2500;1460
2500;29566
1460;14929
29566;29320
14929;38900
38900;14026
14026;29083
29083;47711
47711;18385
18385;40078
27582;32675
48451;37192
48451;31911
37192;42803
31911;21983
23503;14356
42803;31342
31342;28215
28215;42110
42110;11324
11324;40078
29320;31635
31635;21703
21703;48656
26893;32675
7081;21388
21388;45489
45489;24936
45489;29608
29608;12603
12603;27679
27679;29775
35380;24427
35380;29366
35380;47483
24427;29833
29366;23255
47483;1247
29833;31564
31564;47706
47706;1098
47706;34243
1098;24061
34243;38433
21983;4491
4491;19828
19828;20133
20133;24705
24705;21344
21344;17701
17701;32249
32249;39844
39844;31734
31734;38466
38466;4697
4697;17534
17534;4838
4838;29096
29096;41132
41132;19443
19443;16203
16203;20056
20056;45062
45062;31482
31482;38678
38678;24356
24356;40629
40629;8314
8314;39809
39809;3730
3730;32667
32667;29895
29895;3602
3602;15717
15717;38962
38962;43868
43868;41751
41751;24987
24987;7452
7452;27392
27392;24061
38433;4302
4302;27836
27836;31048
31048;17367
17367;23811
23811;32961
32961;13527
13527;5002
5002;37133
37133;40873
40873;7411
7411;15567
15567;41349
41349;22767
22767;32292
32292;33725
33725;6821
6821;10704
10704;48561
48561;9914
9914;11123
11123;12386
12386;45939
45939;19928
19928;24489
24489;17965
17965;16310
16310;3589
3589;38284
38284;44834
44834;21837
44834;8504
21837;13032
8504;39156
13032;6318
6318;42590
42590;5915
5915;45548
5915;19795
45548;5380
19795;17110
5380;29903
29903;4763
4763;16597
16597;21299
21299;41054
41054;5988
5988;7754
7754;30592
7754;23061
7754;240
30592;18260
23061;34224
240;4753
18260;26871
26871;7137
7137;858
858;40740
40740;31874
46684;30614
31874;16780
16780;8956
8769;35752
8956;37222
37222;17467
17467;2681
17467;10913
2681;39484
10913;11802
39484;23590
23590;3308
3308;12956
12956;266
12956;29733
266;39225
29733;15255
24357;45549
45549;34879
34879;25434
25434;22602
22602;19453
19453;6107
7933;30149
7933;10168
30149;15954
30149;40011
10168;9609
14356;34830
34830;31324
39148;34653
39148;22024
34653;26084
22024;5120
26084;16140
26084;45345
16140;2182
45345;11356
2182;2273
2273;17343
17343;41017
41017;39095
39095;48116
48116;7657
7657;22729
22729;771
771;13005
13005;28676
28676;17971
17971;19247
19247;30959
30959;20398
20398;16727
16727;30282
30282;1648
1648;39196
39196;27552
27552;31385
31385;46043
12127;45740
12127;5353
45740;47482
5353;10439
5353;3947
5353;23543
10439;42654
3947;38525
23543;6728
23543;26147
42654;9363
9363;31927
31927;19477
19477;31670
31670;22828
22828;13715
13715;47486
47486;46471
46471;21289
21289;47673
47673;41261
41261;30478
30478;35
35;36204
36204;43653
43653;15954
40011;28282
28282;40526
40526;13767
5120;34875
34875;33109
33109;47225
47225;44812
44812;9893
9893;38684
38684;6937
6937;27535
27535;2800
2800;2842
2842;28061
28061;25151
25151;22367
22367;38525
9609;23155
23155;38889
38889;9051
9051;10269
10269;28422
28422;21472
21472;5084
5084;15850
15850;6484
3226;42617
30565;28920
30565;35446
28920;35671
35446;28566
35671;45243
45243;45482
45243;8810
45482;36334
8810;36991
8810;15631
36991;38464
15631;47355
38464;24934
24934;41487
41487;43239
41487;12855
43239;981
12855;47305
12855;27714
981;2447
2447;4391
4391;37909
37909;31846
31846;32262
32262;13117
13117;13263
13117;16465
16465;45529
45529;36000
36000;996
47305;7159
27714;42814
7159;12259
12259;15409
15409;27367
47355;45389
45389;42563
42563;41722
41722;19516
19516;3958
3958;41115
41115;2555
2555;38651
38651;34524
34524;15867
15867;42301
42301;13888
13888;297
13888;25150
28566;44516
44516;30605
30605;25855
30605;16541
25855;6342
16541;13441
6342;22752
22752;13579
12075;40126
40126;2662
43369;19360
43369;45091
19360;39999
45091;3500
46043;43964
46043;10037
43964;25364
10037;25490
25490;26938
26938;476
476;23705
23705;20466
20466;25670
25670;9941
9941;5419
9941;7837
5419;44657
7837;963
44657;11930
11930;32899
32899;6491
6491;30494
30494;17373
17373;16417
16417;34468
34468;22171
22171;8696
8696;47980
47980;29062
29062;11490
11490;39999
297;3267
25150;2843
3267;24735
24735;40778
40778;28333
28333;14184
14184;33960
33960;19756
19756;19669
19669;18204
18204;37268
37268;48698
2843;3854
3854;44303
44303;29120
29120;25453
2662;23727
11356;2238
2238;4672
4672;18637
18637;39826
39826;37911
37911;5679
5679;12485
12485;994
25796;40282
25796;34318
40282;16722
34318;3639
16722;18039
18039;21914
21914;679
679;38142
38142;36008
36008;41378
41378;3112
3112;29563
29563;11802
11802;14506
14506;14337
14506;12323
11056;10928
48055;41392
48055;37700
41392;48057
37700;17416
48057;14069
14069;27651
27651;14698
14698;7874
7874;18397
18397;38984
38984;2123
2123;13227
13227;43408
43408;47839
47839;23870
23870;3639
23450;46640
23450;5514
23450;17046
23450;47397
4547;22768
46640;47856
5514;13315
17046;36605
47397;12586
22768;22180
22768;13297
28612;2413
2413;15065
28075;41474
28075;47856
28075;23680
12373;9855
15065;16592
16592;32505
32505;12594
12594;12370
12370;17146
12370;47093
47093;45285
39192;33947
39192;9540
40869;9460
33947;40765
9540;30703
9460;21688
45285;12538
25884;23253
23253;14296
14296;15642
15642;14681
14681;26282
26282;24697
24697;21043
21043;25858
25858;14342
14342;21468
21468;7509
7509;23243
23243;38286
38286;45641
38286;33492
45641;3507
33492;47778
17309;30761
30761;47059
47059;9739
9739;41314
41314;16436
16436;38973
38973;33464
33464;21363
21363;22445
22445;39541
39541;30712
30712;20789
20789;25873
20789;39360
25873;24171
24171;45134
45134;17617
17617;26827
7171;3257
7171;23919
7171;40724
3257;47383
23919;23199
40724;19958
47383;8172
8172;18497
18497;29280
29280;10802
10802;7920
7920;6733
6733;33314
6733;37723
33314;26108
37723;4395
37723;19292
26108;36291
36291;1495
1495;7306
7306;18318
18318;41972
18318;9886
18318;23495
41972;43869
9886;30895
23495;2927
43869;4897
4897;32648
32648;43990
32648;40765
4395;32268
19292;29343
32268;13154
13154;15026
15026;41923
41923;41133
26827;7792
11523;26640
7792;9366
9366;24669
24669;25342
25342;9040
9040;29709
29709;44472
44472;3435
3435;7631
7631;28649
28649;27145
27145;43618
43618;11530
11530;34774
34774;24974
24974;37724
37724;20825
20825;3092
3092;40519
40519;35894
35894;12313
8008;40305
12313;40704
40704;35821
35821;38187
38187;24955
46074;10086
46074;4600
10086;4674
4600;31570
4600;12085
4674;16261
4674;25841
16261;19188
25841;23255
19188;33773
33773;31755
31755;20362
20362;39794
20362;48587
39794;8287
39794;143
48587;40930
143;9913
40930;40808
40808;27596
27596;14556
14556;8594
8594;28778
28778;34792
39156;18587
18587;44491
44491;20745
24955;18261
18261;10279
10279;9740
9740;29839
29839;17368
17368;47437
47437;23199
38509;44382
38509;21851
44382;34792
21851;21645
12538;8499
8499;19733
19733;26536
26536;7623
7623;27726
7623;24181
27726;26005
24181;8480
26005;13398
13398;47826
47826;5839
5839;42721
42721;9437
9437;41161
41161;28167
46879;45698
46879;34372
46879;29007
45698;47587
34372;3071
29007;30270
47587;4083
4083;5717
5717;46264
5717;34025
46264;10960
34025;36412
10960;24572
36412;28808
28808;29361
29361;29659
29659;26529
26529;2295
26529;30928
2295;11280
30928;4713
11280;15316
15316;2732
2732;12152
12152;12246
12246;34846
34846;28620
28620;32858
28620;27465
32858;38897
27465;42861
38897;1455
1455;44139
44139;29071
29071;27730
27730;4894
1971;42571
4894;23550
23550;42036
42036;34489
42036;27934
34489;423
34489;47239
27934;28773
423;568
47239;12887
568;5203
5203;11620
11620;13214
13214;41200
41200;29368
41200;5791
29368;32894
5791;17112
32894;46826
17112;8610
17112;17098
17112;22364
8610;43901
17098;40706
22364;40441
30895;13293
13293;6964
6964;24549
6964;42698
24549;7467
24549;30926
42698;13465
7467;38526
30926;20215
13465;20719
13465;6509
20719;785
6509;35510
785;25235
8628;13742
25235;39685
20215;10101
22778;43267
22778;4178
13619;33792
43267;15546
43267;38178
4178;2037
27178;42990
27178;32872
27178;25950
27178;1453
42990;35760
32872;10195
25950;35961
35760;1816
1816;5181
5181;29185
29185;20450
20450;40344
40344;38186
38186;44005
10195;11408
11408;21433
21433;27217
27217;17295
27217;25099
35961;45278
35961;44092
35961;29163
45278;41465
44092;30563
29163;22456
30563;25804
3780;31450
22456;12356
22456;29481
12356;23897
29481;19337
23897;44024
44024;42777
42777;28751
28751;7114
7114;34010
34010;35857
34010;34617
35857;29234
34617;47428
34617;2814
29234;6273
6273;424
424;7542
43901;28752
1349;8813
40706;14397
14397;32595
32595;43198
43198;2962
43198;2636
2962;388
2636;14404
388;12283
12283;30943
12283;28630
28630;15067
15067;48476
48476;28668
48476;31204
28668;23639
31204;37959
23639;30925
37959;25725
25725;25464
24531;40791
46826;18881
18881;20044
20044;22608
22608;3942
3942;40831
40831;16202
16202;38398
38398;8567
8567;39832
39832;27604
27604;22706
22706;26004
26004;38111
38111;27518
27518;5079
5079;10092
10092;2448
2448;40221
40221;24979
24979;48270
48270;24820
24820;4258
4258;15326
15326;10977
10977;35664
35664;48646
48646;30209
30209;22
22;6802
6802;36808
36808;9874
36808;14954
9874;33855
14954;24905
33855;24931
24931;24494
24494;19047
19047;7541
7541;37279
37279;40956
40956;5357
5357;5400
5400;43375
43375;2293
42861;32476
9789;28677
32476;45153
45153;22327
22327;42358
42358;40689
40689;36606
36606;26304
26304;4713
42571;7374
7374;39335
39335;25215
25215;34990
34990;44654
44654;43681
28773;21312
21312;8262
28752;23394
23394;21392
21392;30653
30653;7722
7722;24638
24638;8184
24638;20694
28677;41069
41069;4707
4707;46305
46305;27251
27251;36754
36754;23614
23614;12938
12938;38229
38229;14618
14618;35185
35185;22370
22370;8785
8184;9923
20694;40428
8480;9289
9289;38572
38572;12017
12017;5759
5759;3793
3793;39189
3793;4685
39189;4616
4616;29969
12741;19463
12741;538
12741;31800
19463;39636
538;25331
31800;3507
39636;19419
19419;7505
7505;4317
4317;2168
2168;4992
4992;8507
8507;30293
30293;28714
21264;19816
28714;34719
14089;23563
34719;26328
26328;40203
26328;34296
26328;19011
34296;28964
34296;12545
23563;4465
19816;23580
23580;32341
15255;12963
12963;37228
37228;39308
39308;17227
17227;23855
23855;482
482;41590
41590;40583
40583;39786
40583;31732
39786;2414
31732;32861
2414;39082
39082;8129
8129;17416
19958;43226
43226;19508
19508;46084
46084;30576
30576;30009
30009;15041
15041;35260
35260;24207
35260;44534
35260;467
35260;12347
24207;13839
44534;38387
467;12425
12347;22403
13839;22807
22807;917
917;14230
14230;24592
24592;25554
25554;15109
15109;31228
31228;25904
25904;44004
44004;27589
27589;32567
32567;46362
46362;25272
25272;17394
17394;9916
9916;42747
42747;31645
31645;21389
38387;11313
11313;13949
13949;41026
12425;34539
34539;8361
8361;28654
28654;16508
16508;21248
22403;19154
19154;4047
4047;25285
2315;5206
2315;26088
5206;44737
26088;9160
44737;16818
21645;44122
44122;134
134;1116
134;44758
1116;24068
44758;29969
24068;4984
4984;42222
42222;46658
46658;33049
33049;36529
36529;46607
46607;20712
20712;13111
20712;20713
13111;25347
20713;29090
25347;25034
25034;19289
19289;35803
35803;23119
23119;47413
23119;26808
47413;10457
26808;1593
10457;8324
8324;29465
29465;28982
28982;20730
20730;43441
20730;37824
43441;26553
37824;40665
26553;43350
43350;7031
7031;36966
36966;2423
2423;31672
31672;22645
22645;16847
16847;27660
27660;24237
24237;16513
16513;41539
41539;40797
40797;45836
45836;26824
45836;33713
26824;15204
33713;25579
33713;44789
25579;30858
44789;3199
3199;25906
25906;764
764;17148
17148;6398
6398;16477
16477;17872
17872;5182
5182;10323
10323;47253
47253;2124
2124;37713
37713;17737
17737;5795
5795;44893
5795;21560
21560;4745
8024;42565
42565;19004
42565;5957
19004;19850
5957;43985
46498;3870
3870;17396
43985;26086
17396;30442
30442;26194
26194;16446
26194;17850
16446;17562
17850;16154
17562;40616
40616;22261
22261;45663
45663;39254
39254;2030
2030;48246
48246;12517
12517;11830
11830;24753
24753;1567
1567;28809
28809;1239
1239;17690
17690;22972
22972;25611
22972;24199
25611;33022
24199;47233
33022;44506
44506;2372
2372;22264
22264;5551
5551;514
514;36658
36658;29542
29542;37678
36163;19641
37678;44928
44928;16701
16701;2288
2288;9349
9349;1149
1149;9791
9791;37650
37650;8026
8026;48302
48302;35315
35315;6633
6633;34479
34479;28173
40665;30408
30408;28839
28839;12592
12592;9134
9134;7700
7700;30067
30067;31822
31822;27883
27883;9220
9220;31703
31703;28693
28693;48267
48267;1937
1937;39920
39920;47883
47883;41150
41150;31243
31243;35122
35122;8920
8920;26468
34511;40341
40341;37904
37904;16028
16028;22571
16028;32469
22571;4536
41902;13193
41902;32469
32469;11877
4536;42341
42341;12253
12253;24020
24020;28643
28643;29046
29046;3254
29046;5518
14337;12630
12323;17140
12630;39971
39971;34021
34021;9544
9544;3141
3141;23414
23414;19659
19659;44367
44367;33765
33765;10174
17140;11788
11788;23975
23975;40733
40733;33189
40733;11630
33189;43687
11630;7753
35480;7409
43687;41087
41087;8105
8105;45970
45970;35343
35343;30675
30675;39955
39955;5724
5724;41270
41270;32092
32092;2854
2854;3474
3474;4800
4800;41325
41325;6256
6256;63
63;43078
43078;1111
43139;5574
43139;4473
5574;16522
4473;9505
4473;38422
16522;31726
16522;37745
31726;48400
37745;7905
48400;14564
14564;1370
1370;17052
17052;5578
7905;7523
7523;47148
4745;19262
19262;43888
43888;25847
25847;3540
3540;17138
17138;37110
37110;12238
12238;34405
34405;15882
15882;4538
4538;18575
18575;33498
33498;39790
39790;4217
4217;11197
11197;41665
41665;22402
22402;35324
35324;6732
6732;21883
21883;13506
21883;6283
3453;42037
3453;39656
42037;36625
39656;10958
36625;38402
13506;37352
6283;9494
9494;42397
42397;10958
17716;25931
17716;38300
25931;26110
25931;43206
38300;38402
26110;35672
43206;34779
35672;29547
35672;43916
43916;32901
43916;19144
34779;41103
34779;25153
41103;2726
41103;4141
25153;11015
2726;13119
4141;41999
13119;16137
16137;2191
2191;35690
2191;38345
35690;6304
38345;13598
13598;14718
14718;48515
48515;34499
48515;14820
14820;26804
26804;41999
11015;48527
11015;21257
48527;31059
21257;26167
23867;39836
39836;36359
36359;15620
15620;30933
30933;14008
14008;42000
42000;32198
32198;29094
29094;6708
29094;13056
6708;8885
13056;48472
8885;26293
26293;48336
48472;36710
3979;27308
27308;33995
33995;46041
46041;14188
14188;29107
29107;46934
46934;9589
9589;37482
37482;14962
14962;22637
31167;42408
42408;33598
25007;5037
25007;13526
5037;42340
13526;30015
42340;10555
10555;5859
5859;36682
36682;42480
42480;40570
40570;13970
13970;37882
37882;18421
18421;7286
7286;19068
19068;8870
36971;27446
27446;48295
33598;14231
33598;33294
14231;33436
33436;34419
34419;21268
34419;26458
21268;9564
26458;33556
9564;26388
33556;9398
9398;18143
18143;8475
8475;40324
8475;47674
40324;10688
47674;43727
10688;5891
17890;47372
47372;38565
46458;43231
38565;35689
35689;30203
30203;12889
12889;13234
13234;9444
13234;43535
9444;36123
43535;2507
36123;37406
2507;25699
37406;32088
32088;48295
25699;7654
7654;18629
18629;37695
18629;45715
37695;47792
45715;16467
16467;14355
16467;36455
36455;5411
5411;36248
5411;31941
36248;30127
31941;18801
18801;9026
18801;29869
9026;17672
9026;27991
17672;41061
27991;20769
41061;17484
17484;24712
24712;40644
40644;42625
42625;29922
29922;1346
1346;28012
28012;32251
28012;20769
40568;2473
2473;17042
2473;8571
17042;1428
8571;15426
1428;37702
1428;30200
1428;42289
37702;32960
30200;23143
30200;36856
42289;26167
36856;13847
13847;20628
20628;24645
24645;38268
38268;7204
7204;8388
8388;43336
43336;19036
19036;28294
28294;30904
30904;7525
30904;26424
15426;26167
7525;14429
26424;48108
26424;46044
14429;34856
34856;27112
27112;38311
46792;32998
32998;39317
39317;1209
39317;38311
48108;2190
48108;7758
2190;44460
7758;45692
7758;17446
44460;37467
32901;10147
32901;41518
19144;28569
41518;23344
23344;31655
28569;40302
40302;42207
40302;344
344;21711
45692;48319
17446;16596
48319;33188
33188;31871
31871;14970
16596;22502
22502;42327
22502;12579
12579;1917
1917;38769
38769;5670
10491;32107
10491;19615
19615;21309
21309;26386
26386;29090
21688;39874
39874;41617
41617;32129
32129;33684
33684;20588
20588;4037
9733;29880
29880;6344
6344;23835
23835;18420
25004;26145
25004;20961
25004;48639
20961;25918
48639;1443
25918;24031
24031;47396
47396;3059
3059;2213
3059;13454
2213;43050
13454;39345
43050;41394
41394;47060
47060;29258
29258;40186
40186;27652
27652;14003
1443;43231
26468;34566
34566;37179
37179;37649
37649;44991
44991;4986
4986;43358
43358;8227
8227;2875
2875;28830
28830;23273
23273;20342
20342;9815
9815;40274
40274;24195
24195;17234
17234;31111
17234;37874
31111;37980
37874;24117
24117;1367
1367;44999
44999;17578
17380;4936
17380;36510
4936;28822
36510;2779
28822;23115
23115;35301
35301;41321
41321;33339
33339;17543
17543;45039
16527;9333
46432;37162
37162;41860
41860;36277
36277;40920
40920;5022
5022;42202
16239;4522
16239;16248
16239;45228
16248;27484
45228;33948
33948;15012
15012;36171
36171;42202
42202;23880
23880;32314
42107;32314
42107;47593
47593;47454
47454;27155
27155;44983
44983;20631
20631;20274
20274;12053
12053;29512
19840;48449
48449;27207
27207;33643
33643;26339
6107;29306
29306;44864
44864;18206
18206;13410
13410;20347
20347;25385
25385;41384
34836;18230
34836;36815
18230;5302
36815;6233
5302;23824
23824;12599
12599;13625
13625;43077
43077;21015
21015;36684
36684;12289
12289;9360
9360;34390
34390;35999
34390;32987
34390;29526
35999;30568
32987;35554
29526;14155
30568;8344
8344;25965
25965;42464
42464;34004
34004;22679
22679;8818
22679;25082
25082;41802
12806;5461
5461;2207
2207;23453
23453;13827
13827;16973
16973;25237
16973;18506
25237;37875
18506;21595
37875;36699
37875;31276
36699;35554
31276;29508
780;8424
8424;37942
37942;40890
40890;13991
13991;12604
12604;165
165;15119
15119;20415
20415;6233
37160;13240
37160;22863
13240;45106
22863;38709
45106;22238
22238;37529
37529;45157
45157;47403
47403;5361
5361;44201
44201;45135
44201;11099
45135;22005
11099;29160
22005;31316
31316;36933
36933;16048
16048;17773
17773;47401
47401;40438
40438;7870
7870;9596
9596;26775
26775;13717
13717;38632
38632;2311
2311;25124
25124;41883
41883;41802
29160;40206
40206;16126
16126;25412
25412;30586
30586;951
951;36973
36973;36599
36599;45563
45563;22760
45563;19630
22760;7736
19630;23996
7736;9230
9230;623
9230;19995
9230;15550
623;37810
19995;26850
19995;23284
15550;37987
37810;4215
4215;37059
37059;35742
35742;31761
35742;23815
24804;28962
24804;33045
28962;11874
33045;21174
11874;8832
8832;25138
25138;25417
25417;5684
5684;9823
9823;18617
18617;3709
3709;38596
38596;28923
28923;40662
40662;47628
47628;27074
27074;27789
27789;26198
26198;29508
38709;33874
33874;27770
27770;32585
32585;11413
11413;29987
29987;42537
42537;25265
42537;33762
25265;18093
33762;27452
27452;3411
3411;24242
24242;39375
39375;26395
26395;9224
9224;29303
29303;33716
33716;1637
1637;40238
40238;8111
8111;24276
24276;23784
23784;25063
25063;40017
40017;8462
8462;36889
36889;14005
40488;28837
14271;1534
1534;5275
5275;26475
26475;31761
23815;24078
24078;17970
17970;13616
13616;24053
24053;20553
20553;21895
21895;1466
1466;38999
38999;2674
2674;44443
2674;48224
21595;42272
42272;48528
48528;26850
23284;5376
5376;4195
4195;46140
4195;38471
46140;2736
38471;46365
28837;23357
23357;9800
22698;6194
22698;30375
30375;9800
21249;618
21249;28468
21249;545
618;21864
28468;5030
21864;34614
34614;39990
22846;46927
22846;24959
46927;42678
24959;14529
17673;25036
42678;12761
12761;48384
48384;37253
37253;31935
31935;7510
7510;9470
9470;6994
9470;27709
6994;26713
27709;26728
26713;25532
26713;13988
26728;1897
26728;21174
26728;8836
8836;12527
8836;3075
14155;44021
44021;2206
2206;25455
25455;6085
6085;5030
25532;29466
13988;493
29466;7621
7621;25569
25569;8962
8962;14227
14227;46537
14227;2710
46537;48209
2710;48468
48209;6319
6319;13000
13000;19660
19660;24172
24172;24876
24876;485
485;21823
21823;10686
10686;42119
42119;14039
14039;26096
26096;17513
17513;8981
8981;23709
8981;46127
8981;7666
23709;19611
46127;46187
7666;18599
19611;32265
32265;46562
46562;25185
25185;18316
18316;32478
32478;9907
9907;22788
9907;47813
22788;28743
47813;7301
28743;9881
9881;18842
9881;27887
9881;4493
18842;2327
18842;3810
27887;6336
4493;21824
2327;1785
2327;30633
3810;9038
1785;20407
1785;13481
30633;15505
20407;12972
20407;2138
13481;38450
12527;11617
3075;47681
11617;6155
6155;46575
46575;4823
4823;24898
24898;40970
47106;40827
47106;12351
47106;47902
40827;42015
12351;29620
47902;9044
42015;19489
19489;20053
20053;13253
13253;40893
40893;19924
19924;24713
24713;3461
34995;4038
3461;20630
20630;43938
43938;23251
23251;19612
19612;48034
48034;29940
29940;41035
41035;14673
14673;29222
29222;41921
41921;5984
5984;28051
28051;31658
31658;3223
3223;30820
30820;26801
26801;4126
4126;5463
5463;24170
24170;9503
9503;37689
37689;2943
2943;6597
6597;36847
36847;5437
5437;27361
27361;42371
12972;32775
2138;9038
32775;5817
5817;3890
5817;37476
3890;46306
37476;13733
46306;25078
25078;22218
22218;30870
30870;45984
30870;33845
45984;5001
45984;11543
33845;47621
5001;38901
11543;7703
38901;45433
45433;34179
34179;32499
32499;13735
13735;41958
41958;24394
41958;14968
24394;24234
14968;4740
24234;14927
14927;19693
19693;1401
1401;41363
1401;17382
1401;46300
41363;13559
17382;28639
46300;41922
43649;34631
34631;4398
4398;35218
21026;41567
35218;28402
28402;26389
26389;8822
8822;45637
45637;25300
25300;29263
29263;26692
26692;19276
19276;12705
12705;29043
29043;39587
39587;33454
33454;25462
25462;15443
15443;24965
24965;7233
24965;30648
7233;32939
30648;46349
14529;35350
14529;12715
35350;3231
12715;30369
30369;37077
37077;43669
43669;3525
3525;23531
3525;39542
23531;32912
39542;43184
43184;28826
28826;31192
31192;5700
5700;17232
25036;16764
25036;25551
16764;33633
25551;28337
33633;28337
29620;8932
8932;27692
27692;27490
27490;20956
20956;45451
45451;18406
18406;19901
18406;5896
19901;30725
30725;21215
30725;47885
30071;23681
23681;20627
20627;3581
3581;2193
2193;35233
2193;21215
35233;43286
47885;12122
12122;42494
42494;41756
41756;48223
48223;14944
14944;35528
35528;3645
3645;47245
47245;1260
1260;17839
23429;15490
15490;3858
3858;45924
45924;36242
36242;42438
35060;25552
42438;26855
26855;42748
42748;42609
42609;38608
38608;46098
46098;3794
46098;19799
3794;8358
19799;9664
8358;1986
1986;10534
10534;2313
2313;2125
2125;27325
27325;38772
38772;14706
14706;23060
23060;86
86;33249
33249;17839
9044;14587
14587;4155
4155;14535
14535;36836
36836;22374
22374;15770
15770;5509
5509;24524
24524;35566
35566;40825
40825;2280
2280;30972
30972;37537
37537;36953
36953;24174
24174;22176
22176;10715
10715;31557
31557;43376
43376;31539
31539;42538
42538;31153
11259;23719
23719;36078
36078;30035
30035;25958
25958;19869
19869;39658
39658;12411
12411;13275
13275;45286
45286;45236
45236;28164
28164;29682
29682;39500
39500;10434
10434;31341
31341;44394
44394;37596
37596;28646
28646;38952
38952;17280
17280;30073
30073;3390
3390;44302
44302;32459
32459;23961
23961;23320
23320;20906
20906;40929
40929;31153
40927;15514
40927;26375
26375;13193
33410;2461
2461;34557
34557;3929
3929;22962
22962;25527
25527;24152
25527;17420
24152;36632
17420;20015
36632;38075
20015;20075
20075;29881
29881;7930
29881;25413
7930;4071
25413;45720
25413;14292
4071;25167
45720;44334
14292;13979
44334;19147
13979;18632
18632;28484
28484;48572
48572;47967
48572;9233
47967;19720
9233;12533
19720;14375
14375;28281
28281;32039
32039;17891
17891;8191
8191;4979
8191;95
4979;25263
95;24861
25263;4821
4821;9315
4821;48685
9315;48023
48685;29662
29662;26803
14133;36541
14133;42226
36541;29926
42226;28211
42226;13158
29926;44202
29926;6831
44202;27197
6831;15529
27197;24185
24185;48465
48465;15509
15509;9976
9976;43439
43439;34903
34903;21304
21304;12533
25167;26385
26385;32732
32732;33336
33336;31470
31470;19264
19264;13541
13541;14866
13541;25862
14866;30038
25862;21176
30038;18237
18237;45075
18237;35513
45075;2267
35513;18556
2267;27005
27005;41951
41951;18623
18623;23160
23160;35612
35612;19199
19199;22516
22516;42469
42469;23670
23670;21005
21005;26412
26412;44466
44466;27978
27978;6867
13559;34634
34634;46859
46859;46349
46349;41379
41379;17812
32471;14857
14857;45648
28639;8373
8373;41154
8373;34598
41154;36694
34598;28272
34598;36408
36694;19049
19049;40698
19049;19191
40698;34775
19191;12102
34775;5051
5051;33745
33745;44990
44990;21953
21953;6576
6576;14242
14242;31540
12102;41093
41093;29157
29157;40388
40388;41922
4740;7703
47621;9472
9472;19076
9472;39387
19076;9897
39387;13733
13733;5246
5246;30521
20041;25109
20041;30521
20041;31922
25109;31777
31922;29365
31777;21760
21760;47405
47405;44369
44369;39460
44369;30496
39460;1205
30496;40736
40736;40287
40736;23891
40287;29365
23891;18599
46187;37289
7301;4981
4981;15457
6336;27164
9038;20177
20177;35774
35774;13045
13045;21824
38450;28703
28703;25840
25840;40572
40572;33821
33821;11800
21176;11302
11302;41216
41216;3055
3055;24499
24499;28532
28532;28165
28532;36443
28165;4548
36443;42952
4548;27917
27917;42893
42893;1817
1817;45321
45321;4803
7912;11420
7912;26898
11420;0
26898;10438
0;520
520;657
657;18415
18415;36935
36935;21040
21040;12662
12662;36183
36183;32404
32404;19197
19197;6883
6883;21159
21159;39497
39497;36725
36725;19380
19380;17926
17926;37865
37865;15274
15274;12993
12993;12170
12170;42129
42129;14641
14641;4803
10807;1674
10807;32166
1674;27860
1674;5434
32166;20953
27860;32507
5434;284
32507;1061
1061;17387
17387;21225
21225;34712
34712;41249
41249;16718
16718;27126
27126;29166
14313;1487
29166;29913
29913;11729
11729;10438
18556;3647
18556;18987
18987;2717
2717;21762
21762;38821
38821;32939
36645;14758
36645;45519
36645;40254
40254;39834
39834;4438
4438;47030
47030;5709
5709;32207
32207;35643
35643;32422
32422;7466
7466;44130
44130;17817
44130;45658
45658;22975
22975;42128
42128;8311
8311;5501
8311;47582
5501;944
47582;27548
944;34061
34061;6108
6108;12199
12199;24916
26020;31133
24916;45079
24916;8096
45079;48679
8096;10019
48679;9949
9949;24660
24660;28211
15529;32462
26803;28823
28823;4516
4516;4250
4250;34567
34567;32629
32629;19792
19792;42150
42150;22810
22810;46512
46512;17882
46512;44699
17882;27905
44699;18236
18236;15099
15099;33526
33526;31666
31666;48413
48413;37259
37259;21520
21520;18037
18037;36089
18037;12457
12457;24989
24989;7029
7029;20453
20453;24650
20453;46715
24650;27181
46715;3606
27181;23038
5176;32323
23038;23368
23368;47513
47513;25938
25938;39281
39281;4009
4009;20605
4009;13301
20605;29999
13301;4795
29999;25316
25316;9445
11722;19770
9445;40921
40921;39967
39967;3487
672;36423
3487;47158
3606;4795
47158;12071
12071;35754
35754;38361
38361;33024
25436;16608
25436;34986
34986;4980
4980;11961
11961;18787
18787;7036
7036;38067
38067;34743
34743;1478
1478;21170
21170;24316
24316;22245
22245;26606
26606;9706
9706;7261
7261;24736
24736;36349
36349;40356
40356;48523
48523;11188
11188;48368
48368;32484
32484;16920
16920;33375
33375;12004
12004;13354
13354;25970
25970;30630
30630;39816
39816;32392
32392;2985
2985;46579
46579;16937
16937;29383
29383;5788
5788;28151
13236;23435
13236;42706
23435;29927
42706;4462
29927;33042
33042;43688
43688;20088
20088;39468
39468;42616
42616;35551
35551;24747
24747;38
38;23862
23862;18585
18585;13752
13752;11629
11629;42952
44901;15825
15825;5907
5907;36106
32516;17907
32516;32958
17907;46496
32958;18737
46496;36106
46496;34590
34590;29742
34590;10683
35555;12522
12522;22617
22617;18737
22617;26759
26759;40630
40630;18033
18033;30931
30931;17582
17582;39839
39839;17178
17178;5848
5848;16062
16062;28924
28924;36886
34726;12591
34726;48593
48593;26022
26022;29742
10683;32276
20953;23834
23834;7000
7000;42602
42602;35399
35399;1137
1137;39085
1137;34555
39085;6068
34555;24600
6068;10732
10732;41831
41831;39751
39751;12519
12519;354
354;27066
27066;48677
5740;18337
48677;34023
34023;23786
23786;43979
43979;36006
36006;4636
4636;44977
44977;31617
31617;20445
20445;3341
3341;20403
20403;20629
20629;4801
4801;21189
21189;32383
32383;42933
42933;30654
30654;9729
30654;31533
9729;2379
31533;45620
2379;22472
22472;32938
32938;22524
22524;5746
5746;43804
43804;34978
34978;16134
16134;41551
41551;17775
17775;48320
48320;31
31;32113
32113;33615
33615;45852
45852;395
24600;26839
26839;27649
27649;47651
47651;1036
1036;14981
14981;11105
11105;35917
35917;41214
41214;38679
41214;37031
23415;37921
37921;31868
31868;19254
19254;44809
44809;32539
32539;35422
35422;37346
37346;30932
30932;42377
42377;13615
13615;19446
19446;4278
4278;31277
31277;33057
33057;7588
7588;3759
3759;14189
14189;29983
29983;24139
24139;26807
26807;42605
42605;37594
37594;9115
9115;45142
45142;10682
10682;15164
15164;11831
11831;41077
41077;9866
9866;44335
44335;1524
1524;47681
395;35713
35713;4561
4561;26669
26669;4542
4542;43479
43479;33506
33506;42445
42445;22112
22112;34078
34078;279
279;32399
32399;32981
32981;5821
5821;43740
43740;18620
18620;32730
32730;21943
21943;32118
32118;2723
2723;25959
25959;39485
39485;19907
19907;31143
31143;26663
26663;6442
6442;13602
13602;23421
23421;14369
14369;27374
27374;34809
27374;7982
34809;31501
7982;27492
31501;41125
41125;6738
6738;22040
22040;39883
39883;38779
38779;38624
38624;11782
11782;22412
22412;47281
47281;4129
4129;13509
13509;29154
29154;39318
39318;43062
43062;22306
22306;22397
22397;30607
30607;14650
14650;30948
30948;26925
26925;35701
35701;7013
7013;7178
7178;6410
6410;27029
27029;25656
25656;43754
43754;43136
43136;26979
26979;14657
284;19550
19550;20307
20307;48159
48159;28361
28361;27383
27383;13174
13174;46117
40105;8205
8205;43042
43042;43166
43166;36685
36685;33090
33090;9191
9191;40162
40162;16977
16977;33420
33420;11815
11815;45889
45889;28599
28599;28985
28985;43812
43812;27071
27071;34684
34684;11178
11178;25068
25068;14779
14779;23203
23203;16047
16047;46481
46481;4447
4447;20058
20058;37592
37592;40100
40100;18088
18088;11640
11640;39206
39206;20089
20089;30167
30167;23939
23939;24088
24088;41388
41388;16434
16434;10606
10606;4233
4233;26810
26810;34081
34081;39063
39063;32559
32559;4738
4738;38583
38583;16573
16573;1684
1684;31900
31900;38906
38906;18652
18652;45620
32729;7947
7947;10941
10941;27761
27761;454
454;24924
24924;2470
2470;513
41451;5497
5497;38697
38697;22929
38697;1456
22929;18501
18501;34941
18501;7823
7823;25828
21903;1012
4601;4426
4426;3371
25765;1012
42622;33796
33796;451
451;24051
24051;29851
24051;46546
46546;48364
48364;24358
24358;24103
24103;32538
32538;44058
44058;47099
47099;6661
6661;30860
30860;46308
30860;47611
46308;24017
47611;20852
43331;17210
17210;21745
21745;33493
33493;36912
36912;32089
36912;10697
10697;32376
32376;19178
19178;11107
11107;31879
31879;2305
2305;11568
11568;22350
22350;26621
26621;9485
9485;46172
46172;38863
38863;28597
28597;12569
12569;5317
5317;6460
6460;33377
33377;5831
5831;7083
7083;35842
35842;31369
31369;43414
43414;31414
31414;29546
29546;20675
20675;2294
2294;30640
2294;28595
30640;40817
28595;2385
40817;20854
2385;24017
20852;6073
6073;26221
26221;32391
32391;41352
41352;33902
33902;13835
13835;9664
42942;25710
42942;17408
42942;13415
25710;9719
17408;21001
13415;36892
9719;23551
23551;6769
6769;37390
37390;9493
9493;42033
42033;36454
36454;39169
39169;27204
27204;22522
22522;15151
21001;42741
46970;26047
46970;35013
26047;6995
35013;30985
6995;523
523;20684
20684;38440
38440;30309
30309;15586
15586;44709
44709;22909
22909;33843
33843;29670
29670;26097
26097;33700
33700;30957
30957;17288
17288;36586
36586;40088
40088;24628
24628;24381
24381;3697
3697;7121
14657;20708
20708;10944
10944;12616
12616;6214
6214;18026
18026;6722
6722;38230
6722;26317
26317;30991
30991;31330
31330;7433
7433;15852
15852;1290
1290;18482
18482;16118
16118;24612
24612;9001
9001;810
810;17816
17816;26511
26511;17174
26511;17721
17174;7769
17721;42459
7769;28506
28506;6264
42459;46212
46212;48164
48164;12274
12274;30223
30223;37284
37284;27772
27772;28096
28096;19581
19581;29174
29174;34942
34942;45365
45365;47865
47865;16241
16241;30295
30295;126
126;28793
28793;17590
17590;36895
36895;1064
1064;35414
35414;4990
4990;13469
13469;44838
44838;17049
17049;9944
9944;15654
15654;31608
31608;4478
4478;22121
22121;30308
30308;25555
25555;34658
34658;21326
21326;2302
2302;41675
41675;17038
17038;26610
26610;44061
44061;18477
18477;18267
18267;16328
16328;16567
16567;6169
6169;34956
34956;22839
22839;22791
22791;14093
14093;40989
40989;24818
40989;34962
34962;31623
31623;10990
10990;16741
16741;37447
37447;17152
17152;21678
21678;37762
37762;5133
5133;24779
24779;21549
21549;16584
16584;7720
7720;33731
33731;48101
48101;44818
44818;8033
8033;28710
28710;6185
28710;4461
6185;44731
4461;42908
44731;20338
20338;37587
37587;22202
22202;19673
6264;29805
29805;6165
6165;19803
19803;8966
8966;41549
41549;47624
47624;48621
48621;45921
45921;10209
10209;3877
3877;26560
26560;2060
2060;17623
17623;3700
3700;42712
42712;7021
7021;45766
45766;7714
7714;31542
31542;40859
40859;21234
21234;32051
32051;17479
17479;32514
32514;906
906;4287
4287;21208
21208;13122
13122;37310
37310;3241
3241;40150
40150;15379
15379;20791
20791;45330
45330;36447
36447;2170
2170;30333
30333;28590
28590;17631
17631;32078
32078;21935
21935;43793
43793;40375
40375;41894
41894;3385
3385;19246
19246;18124
18124;9118
9118;17943
17943;36823
36823;43634
43634;28858
28858;34199
34199;916
34199;31883
916;38998
31883;6612
45862;2605
45862;26953
26953;26640
25099;26877
26877;27100
27100;10309
10309;46999
46999;34515
34515;31647
31647;39268
39268;1280
1280;30294
30294;18401
25804;34214
34214;26767
26767;42715
42715;36283
11877;19915
19915;18941
19915;28603
18941;25762
28603;14559
25762;39238
14559;31972
31972;48672
25828;27150
27150;7437
7437;43552
43552;44759
44759;9277
9277;17110
8886;17091
17091;41603
41603;31340
31340;46971
46971;10933
10933;10171
10171;5032
5032;37085
37085;35193
35193;6686
6686;32650
32650;18119
18119;40184
40184;26289
26289;34035
34035;7838
7838;26315
26315;7522
7522;45098
45098;45674
45674;21680
21680;39104
39104;48043
48043;43842
43842;44164
44164;6793
6793;17025
17025;14405
14405;35752
42908;34601
34601;6693
6693;41494
41494;35592
35592;9467
9467;15677
15677;23999
23999;27638
27638;35086
35086;2538
2538;27850
27850;41028
41028;46378
46378;10811
10811;24627
24627;14880
14880;9755
9755;44787
9755;30539
44787;44451
30539;1090
1090;24448
24448;38307
38307;46834
38307;48111
46834;22147
48111;22674
22147;24028
24028;17596
17596;20893
20893;44695
44695;29623
29623;22337
22337;37770
37770;3391
3391;45878
45878;42742
42742;4534
4534;6022
6022;6124
6124;5374
38661;12128
12128;25002
25002;2221
2221;39793
39793;3940
3940;14034
14034;38679
32323;2822
2822;47142
47142;21896
21896;33162
33162;15145
27598;47575
6782;26745
47575;12641
3912;48668
26745;45173
26745;22918
22918;33305
48668;9952
9952;36182
36182;10779
36423;23050
23050;43862
2133;46880
2133;4716
46880;3771
4716;14847
3771;24726
24726;36128
36128;41801
41801;16750
16750;7585
16750;34330
7585;2939
34330;8087
2939;16775
16775;23615
23615;8273
8273;17747
17747;18401
5321;32025
5321;39935
39935;40529
40529;31338
31338;7307
7307;36084
36084;19747
19747;17606
17606;27937
27937;32191
32191;46629
46629;35450
35450;21545
21545;42929
42929;5985
5985;31901
5985;47743
31901;33801
47743;31017
963;36917
36917;5829
36917;36883
22674;45229
45229;39561
39561;15371
15371;108
108;181
181;45201
45201;44835
44835;39297
39297;39522
39522;29247
29247;11638
11638;39253
39253;24605
24605;14826
14826;46857
14826;22203
46857;44692
22203;6103
44692;34832
34832;28235
28235;45466
45466;13651
13651;34492
34492;42271
42271;23608
6103;27433
27433;9671
9671;34645
34645;18245
18245;11695
11695;16948
16948;15208
15208;2415
2415;45937
45937;15113
15113;19469
19469;6360
6360;43158
43158;20804
20804;21551
21551;8478
8478;15980
15980;44230
44230;42688
42688;33369
33369;25491
25491;6555
6555;28695
28695;9780
9780;48035
48035;17997
17997;20710
20710;44250
44250;33166
33166;17392
17392;5083
5083;34335
34335;5736
5736;7423
7423;28469
28469;21284
21284;21232
21232;21922
21922;30830
30830;2608
2608;3216
2608;19986
19986;12098
12098;7135
7135;26813
26813;5070
5070;2475
2475;15046
45514;41322
41322;47846
41322;40177
47846;44895
40177;19572
44895;30091
30091;33536
33536;2352
2352;13836
13836;4001
4001;6594
6594;14847
6594;11635
11635;788
5374;30767
30767;30734
30734;8808
8808;736
736;44656
44656;12905
12905;1189
1189;11450
11450;31354
31354;42115
42115;44703
44703;35951
35951;40904
35951;45331
40904;9046
45331;5976
9046;17020
17020;37298
37298;12753
12753;16387
16387;12479
12479;37002
37002;10503
10503;16716
16716;1031
1031;38641
38641;28129
28129;33903
33903;32308
32308;29768
29768;8924
8924;30206
8924;45919
30206;48611
45919;23708
48611;35124
35124;7345
7345;33290
33290;1075
1075;32355
32355;5426
5426;23972
23972;27430
27430;37951
37951;15022
15022;29432
29432;42726
42726;38634
38634;6437
6437;25595
25595;36373
36373;23089
23089;42386
42386;47189
47189;32009
32009;35274
35274;35977
35977;47643
47643;44104
44104;19394
19394;23643
23643;22250
22250;5482
5482;29235
29235;14577
14577;25916
25916;41572
41572;36922
36922;44262
44262;14414
14414;9980
9980;5703
5703;32322
32322;5210
5210;40140
40140;27128
27128;39116
39116;43873
43873;32120
32120;9848
9848;40147
40147;25289
25289;21426
21426;14276
14276;39039
39039;6655
6655;10923
10923;31397
31397;7210
5976;10828
10828;48659
48659;30650
30650;4976
4976;3550
3550;14864
14864;30549
30549;21624
21624;31229
31229;48597
48597;33023
33023;45493
38445;17637
17637;38296
17637;10100
38296;37069
10100;41752
37069;7639
7639;6041
6041;32851
19779;7955
32851;33734
33734;32922
33734;19572
30183;6978
30183;6259
6978;35180
6259;28645
35180;12504
12504;9316
9316;41752
7840;46382
46382;35805
35805;34849
34849;35451
35451;38981
38981;7641
7641;40846
40846;1122
1122;3030
3030;8087
4054;35153
35153;45125
45125;31327
31327;42770
42770;45522
45522;15230
15230;13639
13639;36736
36736;21028
21028;47126
47126;46484
46484;31388
31388;32455
32455;31450
27434;24800
27434;15813
24800;20267
15813;44762
20267;31467
31467;7955
35447;45144
35447;23801
45144;15881
45144;35435
23801;39893
15881;6752
35435;13591
6752;21761
21761;13486
13486;41681
41681;21715
21715;30362
30362;18286
26838;32521
26838;29290
26838;16582
29290;22277
16582;4718
22277;16397
16397;33292
16397;32607
32607;36833
36833;5966
5966;14716
14716;42425
42425;23468
4718;23301
23301;39552
39552;34794
39552;30276
34794;10726
30276;45359
45359;5387
5387;25019
25019;35908
35908;43860
43860;31373
31373;38998
6612;30079
30079;46547
46547;27282
27282;36419
36419;15908
15908;28045
28045;8548
8612;44762
44762;46397
46397;23661
15606;23661
30437;24525
30437;20534
24525;6589
20534;25689
6589;20408
25689;7999
7999;7727
7727;28950
28950;5943
5943;3174
3174;39600
39600;8586
8586;32276
13403;7255
13403;21220
7255;45168
21220;43910
14049;37046
14049;31202
37046;11239
31202;24441
11239;45116
45116;44373
44373;28526
28526;17805
17805;20408
24441;27192
27192;3437
27192;45595
3437;28010
45595;42489
28010;37173
37173;133
37173;1643
133;40885
1643;36506
40885;10298
10298;13834
10298;8115
13834;21079
21079;4686
21079;44281
4686;27221
44281;24917
27221;1593
46182;48573
48573;7260
7260;47822
47822;46911
6728;34673
26147;30265
34673;34039
34039;17791
17791;15574
15574;32415
32415;38578
38578;30111
30111;41900
41900;41237
41237;1017
29973;47291
29973;17594
47291;615
17594;3951
615;46472
46472;33826
33826;36701
36701;34657
34657;2409
2409;32305
32305;33595
33595;20767
20767;46165
46165;37387
37387;8278
8278;221
221;38548
38548;9677
9677;12025
12025;25673
25673;16831
16831;21536
21536;25850
21536;19547
25850;15039
25850;29146
15039;8107
29146;30952
15685;1077
1077;5804
5804;36286
36286;19996
19996;34487
34487;10809
10809;39304
39304;3017
3017;25005
25005;47732
47732;40608
40608;39831
39831;11976
11976;29679
29679;42009
42009;22196
22196;41144
41144;495
41144;24744
495;46492
24744;46655
46492;36730
36730;27774
27774;20180
20180;24191
24191;28824
28824;45455
45455;7191
7191;17492
17492;17906
17906;30878
30878;37913
37913;19562
40516;29753
29753;21042
21042;7537
7537;42352
42352;7696
7696;8888
7696;23153
8888;8951
23153;28298
8951;33178
33178;10709
10709;18917
28298;1030
1030;46655
19562;30975
30975;7480
7480;43732
43732;37131
37131;3323
3323;6867
30265;44920
44920;10786
10786;13723
10786;23002
23002;6808
6808;4764
4764;26755
26755;16624
16624;13025
13025;15237
15237;29873
29873;37662
37662;20529
20529;18229
27548;46889
27548;40073
27548;29746
29746;10403
10403;5134
12558;41179
41179;13816
13816;2925
2925;8318
8318;10019
10019;15792
25817;12395
12395;19336
19336;29045
29045;17196
17196;4615
4615;15792
42741;21335
21335;27440
27440;29003
29003;8579
8579;6271
6271;15184
19770;19640
19640;5183
19640;36314
5183;29333
5183;2740
36314;46067
2740;44317
44317;16668
44317;38308
38308;47335
47335;38643
38643;3215
3215;42018
42018;30575
30575;8076
8076;25898
25898;44874
25898;21256
21256;35387
35387;2513
35387;256
35387;30951
2513;32083
29029;12756
256;9971
30951;4199
9971;14207
9971;27130
27130;5227
5227;10861
10861;38573
10861;34249
47275;11885
34249;33812
4199;46067
788;39974
788;10498
39974;17213
10498;697
40994;14479
40994;3190
14479;42659
3190;39421
3190;34224
42659;36671
36671;29367
29367;21298
21298;4781
4781;6079
6079;10972
10972;31300
31300;30005
30005;45882
45882;39301
39301;567
567;37429
37429;24558
24558;20035
20035;35351
35351;42811
42811;42623
42623;31748
31748;28645
46911;6292
6292;13211
13211;23166
23166;20970
20970;4076
20970;17972
4076;13498
17972;45430
45430;33859
33859;9308
9308;34070
34070;1618
1618;13992
13992;35283
35283;19402
19402;3629
3629;19023
19023;10122
10122;152
152;47246
47246;26561
26561;10249
10249;26863
26863;44761
44761;35850
35850;326
326;6352
47428;32180
2814;10902
2814;14756
14756;43044
42757;19337
6352;40590
40590;38960
38960;4433
38960;22714
4433;43381
22714;24727
43381;42232
42232;25721
42232;20249
20249;12598
12598;11569
24727;30749
21320;8990
21320;47654
8990;30749
47654;35811
35811;48388
35811;1281
1281;45945
30703;10513
10513;32405
32405;39438
9241;39581
39438;5710
5710;28227
28227;47297
47297;1033
1033;380
380;16864
16864;4381
4381;9505
38422;1256
1256;41369
41369;41474
23680;38969
13315;32498
32498;25331
47778;36644
36644;253
253;30498
30498;21830
21830;34135
34135;30045
30045;27962
27962;32602
32602;3491
3491;44012
44012;14006
14006;8730
8730;23720
23720;32412
32412;46789
46789;40752
40752;9515
9515;39421
21999;6601
39345;37854
37854;24329
24329;37454
37454;4206
4206;30938
30938;31400
31400;15172
15172;2556
2556;25481
25481;31907
31907;28161
28161;28899
28899;9147
42371;16019
16019;12833
12833;33747
33747;9250
9250;47450
47450;3371
45945;27275
27275;40275
40275;44512
44512;48490
48490;37414
37414;24622
24622;17191
33829;16432
16432;14328
14328;30024
30024;37266
37266;9070
9070;24977
24977;42949
42949;23792
23792;38946
38946;9873
9873;41209
41209;42162
41209;17662
42162;401
42162;7369
17662;24861
401;7538
7369;33011
7369;18435
33011;45886
45886;1181
1181;36956
36956;32462
15184;5476
12367;11632
12367;47414
11632;28210
47414;36520
28210;31580
31580;41415
41415;31601
31601;24407
24407;5616
5616;40867
40867;37606
37606;47003
37606;48146
47003;40592
48146;16786
40592;13079
13079;11373
11373;4333
4333;42247
42247;23005
23005;20414
20414;13591
17186;28963
38178;12858
2037;10416
10416;21581
21581;45307
45307;10080
10080;47536
10080;26076
47536;3071
26076;9176
30270;12239
12239;7959
7959;45317
45317;29498
29498;9086
9086;5522
5522;38107
38107;21877
21877;13331
13331;260
260;42206
42206;2543
2543;921
921;18244
18244;39494
39494;35096
35096;33544
33544;42637
42637;41578
9176;8779
8779;42758
42758;9089
9089;26693
26693;2590
2590;25944
2590;31950
2590;37356
25944;47781
37356;7022
7022;38961
38961;14014
14014;7910
7910;15552
15552;30792
30792;18826
18826;35544
32011;37844
32011;17389
37844;16318
17389;28466
16318;27797
27797;13050
13050;17991
17991;17068
17068;27705
27705;36520
16786;39893
28466;43321
43321;27769
34570;5248
34570;30341
34570;29655
34570;5515
29655;28110
5515;6182
6182;44314
6182;15927
15927;5779
5779;9160
5779;24229
24229;630
19741;5862
11046;9283
9283;34370
12258;6452
6452;31137
31137;25990
31137;29669
25990;45574
29669;3099
29669;24385
34370;15353
15353;45574
2731;9161
2731;42137
2731;38782
42137;30314
38782;39
30314;23619
23619;3099
24385;6984
25582;955
25582;35800
17191;28501
28501;40098
40098;27021
40098;32126
27021;24016
32126;28078
24016;2648
28078;32668
32668;12854
12854;4223
4223;37878
37878;33315
33315;5533
5533;27597
27597;48568
27597;20298
48568;36162
20298;11731
40305;27698
27698;9107
9107;38865
38865;15439
15439;39
3951;28959
28959;1268
1268;34592
34592;42465
42465;19662
42465;37780
19662;34680
37780;25988
34680;1735
1735;31001
31001;35799
25988;34815
34815;20039
20039;19585
19585;44067
44067;33901
33901;6827
6827;20765
20765;12231
12231;3726
3726;26387
26387;22018
22018;47551
47551;44436
44436;41308
41308;36700
36700;48560
36700;4335
48560;27787
4335;29544
4335;20673
27787;14106
14106;41450
41450;35230
41450;17550
35230;11731
17550;18428
29544;41628
41628;32210
48634;15865
48634;11038
48634;390
390;3568
3568;31604
31604;12104
12104;21919
21919;19879
19879;16992
16992;24927
24927;31558
31558;1805
1805;13544
13544;13265
13265;40889
40889;19198
19198;24132
24132;18428
12634;913
12634;7203
913;34689
7203;22166
34689;18285
18285;6441
6441;11663
11663;39418
39418;2323
2323;28576
28576;861
861;12254
12254;28450
28450;17157
17157;30952
41578;23601
23601;6175
6175;27781
27781;4953
4953;30778
30778;45408
45408;25182
45408;17599
17599;8315
8315;34933
34933;21632
34933;46555
21632;48435
46555;12971
48435;17738
17738;16680
16680;2377
2377;36948
36948;22323
22323;24118
24118;20722
20722;32266
32266;28623
28623;10742
10742;29491
29491;39621
39621;43185
43185;10784
10784;7831
10784;36256
10784;24143
7831;13514
24143;35272
12971;8200
8200;43891
43891;13514
35272;18594
18594;772
772;3194
3194;15396
15396;30081
30081;34429
30081;45661
34429;34202
34429;7521
45661;19727
34202;35779
7521;11507
7521;40077
35779;24609
35779;21637
24609;43632
21637;4988
43632;45872
45872;13226
45872;12573
12573;11507
4988;28787
28787;20496
20496;31555
31555;11861
40077;2844
2844;24889
24889;21358
21358;38115
38115;10953
19727;45454
45454;34418
34418;1644
1644;31235
31235;14752
14752;28092
28092;29295
29295;41770
41770;10411
4229;43504
4229;33962
43504;24341
33962;31251
24341;23194
23194;42356
42356;3220
3220;14178
14178;23491
23491;46393
46393;23298
23298;36057
36057;24591
24591;39890
39890;7988
7988;3884
7988;34783
3884;23192
3884;22166
23192;19488
20854;4210
4210;33449
4210;16732
33449;30446
16732;41711
30446;21205
21205;35311
35311;43477
43477;44266
44266;349
349;24560
24560;19163
19163;26513
26513;1251
1251;19395
19395;16421
16421;27246
27246;6167
6167;27868
27868;16418
30445;32589
30445;37013
37013;41711
25552;36841
36841;26927
26927;4329
4329;20785
20785;9463
9463;2541
5562;43660
5562;43095
43660;42657
43660;16717
43095;25456
42657;47149
16717;8351
8351;10479
10479;41862
41862;48709
48709;30397
30397;25520
25520;36540
36540;26704
36540;40114
26704;42662
40114;36185
40114;35175
36185;22949
35175;42220
22949;47191
47191;23738
23738;32942
32942;32013
32013;2669
2669;10607
10607;2708
2708;31251
7394;5784
37457;17611
5784;3762
13104;48007
13104;21465
47056;7084
7084;18412
18412;16708
16708;3094
3094;39364
39364;5627
5627;26592
26592;5496
5496;47844
47844;2166
2166;17832
2166;13783
13783;27543
27543;29712
29712;798
798;31965
31965;28034
28034;2860
2860;15657
15657;21036
21036;25456
28759;45901
45901;42960
42960;6984
9185;18226
9185;9646
46403;5100
18226;27485
9646;48007
5100;27546
27546;2471
2471;14016
14016;38441
38441;28455
28455;46650
46650;35517
35517;25694
25694;32258
32258;14917
14917;27798
27798;39451
39451;12187
12187;12949
12949;20881
20881;43312
43312;20819
20819;39199
20819;29759
27062;23742
48007;39347
39347;31099
39347;16618
16618;5692
16618;14090
5692;23052
27817;43301
24780;4359
43301;43858
43301;3733
43858;17207
17207;23707
3762;10146
3762;32989
32989;25336
25336;22054
22054;25290
25290;17096
17096;5339
5339;29981
32885;40207
29981;21396
21396;17661
17661;8509
8509;47474
47474;40648
40648;17944
17944;10331
10331;14897
14897;4778
4778;32320
32320;39554
30731;2405
2405;27124
11660;21710
27124;26829
26829;37753
37753;23622
23622;45714
45714;9219
9219;39009
39009;8775
8775;16243
27466;38415
16243;39879
16243;11035
39879;27485
39879;14493
11035;20562
11035;25448
14493;29326
932;20562
21465;16496
38415;11494
38415;29675
11494;1556
32802;21296
29675;402
25448;46319
46319;12995
29986;37100
29986;1013
29986;42127
37100;33477
1013;37586
42127;23221
1413;3120
14643;44066
14643;9928
44066;33477
9928;40266
40266;19150
19150;41573
41573;21710
33721;26705
26705;39103
39103;38014
38014;23672
23672;28047
23672;23458
28047;7102
23458;19786
32542;31084
32542;7682
7682;41791
41791;41917
41917;42269
42269;4086
4086;19193
19193;42474
42474;39690
39690;37953
37953;43299
21387;26769
43299;28069
28069;23707
25739;10827
37586;25865
20958;4364
35523;39573
35523;25126
39573;69
1448;524
25126;21599
69;25423
25423;26687
26687;23221
1556;17821
17821;19892
17821;35997
19892;38373
35997;38070
540;22689
38070;29974
29974;22377
22377;46221
46221;12918
12918;18453
18453;38410
38410;20640
20640;21958
21958;1530
1530;22224
22224;44550
44550;14088
44550;33580
44550;24359
14088;14491
33580;31550
24359;17627
14491;5756
5756;18927
18927;20203
13488;4927
20203;31284
31284;28431
28431;9774
28431;19483
9774;15319
19483;46123
4927;20677
20677;44946
4687;29485
4687;30114
30114;22500
22500;16129
22500;3221
16129;21807
3221;21425
21807;45943
45943;8329
8329;38768
21425;31563
31563;12903
12903;30707
12903;5468
30707;39875
5468;4648
39875;11514
40562;9566
40562;30757
9566;22647
30757;33309
22647;41155
33309;41733
41733;24024
24024;47683
47683;7692
7692;955
35800;10455
33801;38972
38972;47228
47228;42354
42354;30997
30997;22632
22632;22941
22941;21041
21041;18964
18964;5344
5344;34228
34228;13308
13308;39765
39765;9945
9945;6172
6172;45102
45102;16609
16609;38151
38151;30016
30016;31575
31575;2164
2164;4940
4940;14998
14998;9931
9931;3574
3574;17707
17707;45737
45737;3933
7121;8903
8903;10218
10218;48536
48536;9841
9841;13887
13887;34656
34656;15955
15955;3933
1487;6505
6505;8906
8906;45848
8906;20227
20227;4807
4807;47522
47947;5919
47947;14762
14762;1737
1737;47241
47241;46521
47241;19576
46521;8189
19576;3541
7876;19912
19912;8189
3541;39307
39307;25357
25357;41446
41446;10194
10194;33560
33560;34773
34773;5169
5169;4462
41845;13052
13052;28272
7491;20183
20183;19713
19713;31133
30985;33972
33972;38160
38160;2922
2922;46142
46142;10729
10729;41949
41949;6307
6307;25599
25599;19212
19212;27234
27234;36892
2779;10236
10236;15151
31017;42875
42875;27101
27101;4853
4853;24519
24519;37566
37566;18565
18565;16393
16393;3710
3710;5742
5742;3500
13767;30008
30008;8019
8019;47946
47946;1880
47946;43064
1880;8390
43064;31845
8390;42617
31428;3132
3132;15970
15970;21003
21003;15196
15196;5458
41155;37830
8692;32574
8692;956
956;11792
11792;13026
13026;32447
32447;25661
25661;41197
41197;12093
12093;24315
24315;23532
23532;20948
20948;23136
23136;36194
36194;13447
36194;12893
13447;36237
12893;40707
40707;10455
34346;43676
34346;5678
43676;24917
7173;45877
7173;14040
14040;42489
42489;14726
12838;4576
12838;22320
4576;524
22320;15384
36146;34382
34382;44856
44856;25930
25930;40107
40107;35841
35841;30102
30102;32406
32406;18766
18766;34699
34699;26013
26013;24699
26013;23483
24699;16656
23483;28498
16656;20514
16656;10224
20514;24252
10224;21599
24252;12456
28498;20618
20618;29394
29394;12293
19458;44963
19458;48458
48458;46219
46219;30227
30227;44505
44505;18669
18669;17312
18669;34331
17312;14765
34331;12226
12226;44127
12226;38808
38808;43319
38808;3666
43319;16971
3666;37106
3666;31062
31062;7868
31062;12600
31062;15767
12600;37871
15767;45028
37871;42360
42360;35793
35793;30134
30134;48706
48706;29009
42220;29454
3120;38696
38696;39954
39954;15832
15832;37750
15832;140
140;16014
140;35139
35139;47283
35139;16045
47283;34219
16045;33502
33502;3959
3959;18605
18605;14418
42452;30821
42452;39924
30821;25979
39924;17657
17657;20837
20837;20801
20801;4364
1295;46636
1295;34407
34407;21802
21802;22111
22111;35457
41653;1628
41653;7495
41653;12000
1628;14647
1628;12933
1628;32360
14647;43218
12933;41884
32360;9006
43218;44407
44407;43627
43627;4102
4102;43883
43883;48033
48033;36555
36555;22079
22079;23213
23213;18156
18156;13350
13350;12228
12228;2817
2817;34721
34721;34352
34352;5822
5822;6034
6034;7358
7358;4408
4408;39231
39231;15861
15861;47092
47092;34893
34893;571
571;7311
7311;12587
12587;9371
12587;1719
1719;19378
19378;20448
20448;41701
41701;497
497;38618
38618;44674
44674;12869
12869;9951
9951;28439
28439;44946
22050;37322
37322;19814
19814;39061
39061;22102
22102;27428
27428;37075
46123;5564
5564;20418
20418;33804
33804;39873
39873;22991
22991;19414
19414;21411
21411;10844
10844;42752
31916;5349
5349;2145
2145;24975
24975;32052
32052;38784
38784;26435
26435;45403
45403;45028
44782;14212
14212;34579
34579;40360
40360;43621
40360;16754
40360;17559
8160;252
252;46897
46897;10160
10160;23687
23687;2998
2998;21296
25428;6335
6335;41618
41618;12134
12134;37643
37643;35126
35126;27759
27759;32817
32817;17515
17515;11864
11864;26769
11885;6239
6239;5220
5220;15384
4359;30202
30202;46012
20208;30239
20208;22010
30239;41044
22010;19350
41044;22548
22548;47181
47181;24228
24228;28461
28461;39096
39096;16987
16987;13093
13093;41884
9006;409
409;11207
11207;23990
47572;22087
47572;40838
22087;35231
40838;43179
35231;15278
15278;19980
15278;34040
19980;33119
34040;44935
33119;39576
39576;7213
7213;43567
43567;13761
13761;20984
13761;16150
20984;25392
16150;8939
25392;21112
21112;46630
46630;20138
20138;39257
20138;14118
39257;23353
14118;24588
23353;4755
23353;35400
4755;7438
35400;38856
7438;3392
3392;43445
43445;6195
6195;43449
43449;31699
43449;44926
31699;9257
44926;44962
9257;28940
28940;27593
27593;38050
38050;35728
35728;14772
14772;19468
19468;36640
36640;27707
27707;40664
40664;19767
19767;20330
20330;37611
37611;10119
10119;43774
43774;37227
37227;14836
14836;42300
42300;16801
16801;33311
33311;12214
12214;25062
25062;42446
42446;24386
24386;10624
10624;47057
47057;16078
16078;25767
25767;22062
22062;41008
41008;2690
2690;36155
36155;7983
7983;24339
24339;9770
9770;39035
39035;38085
38085;33161
33161;12895
12895;3980
3980;32245
32245;1491
1491;4559
4559;20003
20003;40257
40257;11477
11477;34989
34989;14523
14523;19350
23478;4330
4330;1512
1512;15024
15024;2633
2633;44962
23036;18396
18396;13385
13385;15906
15906;37943
37943;20700
20700;27791
27791;3034
3034;16104
16104;43179
47653;8939
25945;15158
15158;38524
38524;13798
13798;43760
43760;12015
12015;40547
40547;7216
40547;35120
7216;34626
35120;25690
34626;37472
34626;41552
37472;35622
41552;24890
25690;8395
8395;48525
48525;2585
2585;13741
13741;30944
30944;29130
29130;727
727;27216
27216;46149
46149;11743
11743;12385
12385;17121
17121;5471
5471;47689
47689;7262
7262;24588
17073;44628
44628;39204
39204;32593
32593;900
900;18811
18811;37351
37351;2387
2387;7450
7450;25581
25581;19436
19436;32097
32097;7957
7957;32968
32968;42841
42841;45303
45303;37673
37673;40097
40097;16049
16049;30017
30017;8267
8267;4211
4211;16672
16672;42819
42819;48086
48086;29456
29456;42131
42131;16623
16623;33938
33938;25173
25173;44671
36605;22180
13297;38969
30614;9735
9735;34763
34763;10477
10477;34980
10477;16453
34980;27090
34980;43232
16453;45034
27090;6325
43232;47974
47974;10238
10238;20578
20578;18672
18672;34522
34522;31312
31312;14247
14247;18708
15174;12348
15174;3527
3527;26941
26941;17475
26941;27289
27289;29343
8813;24871
6145;34258
6145;22901
6145;32889
34258;21757
22901;17761
32889;29419
17761;38783
17761;45702
38783;22464
45702;9730
22464;28647
28647;26165
26165;16694
26165;19760
19760;15188
15188;24015
24015;36965
36965;4017
4017;31773
31773;36969
31773;8310
8310;28434
29419;9268
9730;7384
7384;28340
28340;8412
8412;47190
47190;19804
29270;24266
29270;23341
24266;24714
23341;24215
26040;839
5408;5247
5247;29086
29086;41792
41792;35691
35691;5729
5729;10263
10263;3368
3368;24714
24215;20865
20865;9268
839;12819
12819;45284
45284;11443
11443;8761
8761;40110
40110;27841
27841;30231
4839;39756
34949;45435
45435;41698
41698;45034
7753;14307
14307;13517
13517;14461
14461;16035
16035;16632
16632;4029
7409;18180
7409;46651
18180;47055
46651;30332
47055;45892
47055;30130
30332;593
593;8102
8102;39756
9855;2375
2375;41341
41341;46847
41341;48423
46847;36745
48423;18475
36745;45275
18475;20723
10645;41976
10645;33987
33987;31816
31816;10565
10565;1919
1919;41757
41757;38898
38898;18628
18628;11199
11199;19851
19851;15572
15572;45335
45335;35853
35853;20826
20826;26891
26891;47571
47571;37170
37170;6795
6795;44356
44356;5351
5351;17589
17589;29392
29392;10882
29392;47775
10882;47722
47775;47722
47775;40194
40194;42081
42081;38762
38762;23130
23130;17124
17124;26347
17124;10235
26347;2978
10235;24498
2978;39316
24498;36733
39316;34158
34158;150
150;13267
13267;2401
2401;35003
35003;32263
32263;24851
24851;44070
44070;18213
18213;48549
48549;8487
48549;3987
8487;42530
3987;22174
22174;29782
29782;11369
11369;42852
42852;40615
40615;38190
38190;48307
48307;26350
26350;53
53;25969
25969;11351
11351;6431
6431;34692
34692;11528
11528;16290
16290;20676
20676;25255
20676;36665
20676;1903
1903;25671
25671;23812
23812;41555
41555;18322
18322;45209
45209;14713
14713;6278
6278;34220
34220;26645
26645;11387
11387;14546
14546;23860
23860;47615
47615;40492
40492;33778
33778;4956
4956;3859
3859;3476
3476;35184
35184;35886
35886;13683
13683;4247
4247;13092
13092;38135
38135;32296
32296;13612
13612;21889
21889;31845
12511;21200
21200;22799
21200;16085
22799;45752
16085;14540
45752;29532
28173;13569
13569;27993
27993;39865
39865;46705
46705;17687
17687;34661
34661;27176
27176;31628
31628;44739
44739;45011
45011;20479
20479;27277
27277;11063
11063;15338
15338;18220
18220;14097
14097;8937
8937;13577
13577;34466
34466;11393
11393;30791
30791;32702
32702;32444
32444;44
44;26060
26060;25986
25986;32780
32780;7539
7539;48535
48535;20546
20546;20498
20498;23818
23818;39685
23818;37853
23818;12609
37853;46085
12609;45065
19850;3311
26086;45279
45279;48614
45279;13456
48614;15720
13456;27553
15720;47079
16154;8569
8569;34802
30065;31031
30065;39447
39447;17258
17258;26857
26857;41482
41482;40593
40593;15317
15317;4657
4657;6455
6455;20634
20634;18147
18147;466
466;19674
19674;35622
24890;29054
29054;21155
21155;6371
6371;17961
17961;38031
38031;14834
14834;12839
40207;30164
30164;8954
8954;24833
24833;22125
22125;44023
44023;28551
28551;27179
27179;663
663;15964
15964;10706
10706;13829
13829;41658
41658;13894
13894;15632
23022;37040
23022;44736
37040;42976
44736;3668
42976;43195
43195;43332
43332;23742
26043;3668
43785;1165
22012;11561
11561;4860
4860;23242
23242;21273
21273;14087
14087;25405
25405;18856
18856;36797
36797;33156
33156;24183
24183;2845
2845;18238
18238;23772
23772;30324
30324;42163
42163;34716
34716;402
19664;18128
19664;20511
19664;6301
19664;33205
6301;17469
33205;20681
17469;901
901;43114
43114;48293
48293;246
246;24639
24639;8974
8974;25920
25920;20023
20023;36268
33366;6240
33366;9988
9988;20922
20922;45528
20922;8146
45528;20913
8146;6962
20913;37311
37311;27142
27142;28313
28313;26054
26054;35277
11210;22259
22259;34034
34034;20473
34034;35255
20473;10934
10934;2554
2554;37742
37742;16810
16810;48308
48308;7724
7724;15344
15344;16430
16430;41495
41495;22563
22563;25565
25565;37420
37420;40057
40057;45645
45645;7998
45645;43371
43371;44588
43371;12726
44588;13065
44588;2997
12726;44723
13065;22025
2997;439
22025;33299
439;12885
12885;27290
44723;35277
31550;28697
28697;28587
22689;44319
44319;24273
24273;8349
8349;42200
42200;14903
14903;36029
6901;8014
8014;9054
9054;26127
26127;45603
45603;5291
45603;34333
34333;33956
33956;24166
22809;31873
31873;10926
10926;21182
21182;36050
36050;10132
10132;1165
45065;36608
36608;12463
12463;38894
1864;37381
1864;1792
38894;10040
18728;18899
18728;1559
31147;35130
10040;28458
18899;17093
1559;40983
35130;37381
1792;8994
13742;13546
35510;6781
6781;19054
19054;43168
19054;30418
19054;19978
43168;3222
30418;17162
19978;17169
3222;9453
17169;38270
17169;35763
35763;43700
43700;44670
44670;45711
44670;17076
45711;42839
17076;18330
42839;31348
31348;34229
17005;13623
17005;31149
31149;11513
35389;43587
11513;7815
11513;37176
7815;46368
37176;37575
46368;27809
37575;12034
12034;41591
41591;2243
2243;7985
7985;19641
47233;10460
43587;39145
39145;15629
15629;43342
43342;43422
27809;21858
21858;24994
19159;43699
43699;28053
43699;26360
26360;3445
3445;10460
33657;20718
33657;44943
20718;36448
44943;35852
36448;4850
4850;1101
1101;10803
10803;20233
20233;45151
45151;8998
8998;39245
39245;26686
26686;27599
27599;45797
35852;9484
35852;20763
9484;9985
20763;40603
40603;18896
18896;21337
21337;37051
37051;4652
4652;5830
5830;23110
23110;2560
2560;16636
16636;40459
40459;39313
39313;5884
5884;43100
43100;39686
39686;18860
18860;35898
35898;17610
2184;37693
37693;29958
37693;2621
32976;40319
32976;21016
40319;23699
21016;17265
23699;14676
14676;19708
14676;7130
19708;44259
7130;10590
44259;2246
2246;46192
2246;43178
46192;34549
43178;29145
34549;41066
29145;24878
24878;42112
42112;11253
11253;44854
44854;35079
35079;25539
25539;2728
2728;35505
35505;27387
27387;46173
46173;32918
32918;6841
6841;36992
36992;14268
36992;29958
17265;20550
20550;39602
39602;33814
33814;34233
34233;45027
45027;18694
18694;26779
26779;31365
31365;48286
48286;37318
48286;34930
37318;11491
11491;44910
44910;14504
14504;25366
25366;9123
9123;24415
24415;22815
22815;44521
44521;39822
39822;6951
6951;11703
11703;11760
11760;34216
34216;38347
19653;25339
19653;8958
25339;11672
8958;45994
11672;21698
45994;45981
45981;38699
38699;32528
38699;38856
32528;45391
45391;11235
2965;30618
2965;34642
30618;6625
34642;27563
6625;22646
22646;42843
42843;2522
2522;8492
8492;6186
6186;44345
44345;29016
29016;26042
26042;6583
6583;29162
29162;273
273;13023
13023;8283
8283;22660
22660;40367
40367;14783
14783;32503
32503;21759
21759;10618
10618;30966
30966;6444
6444;11086
11086;22634
46633;16271
46633;11296
46633;9782
46633;26528
11296;37098
26528;33965
37098;36422
36422;32945
32945;4872
4872;14658
14658;14147
14147;34129
34129;91
91;28026
28026;45847
45847;42431
42431;27563
1809;43323
43323;7850
7850;33552
30004;21562
30004;36936
36936;11050
11050;1975
1975;26095
26095;29134
29134;7547
7547;11504
11504;45325
45325;8269
8269;22562
22562;16494
16494;43291
16494;38316
38316;33965
44819;7364
7364;3835
3835;35799
19786;48475
48475;17466
48475;11037
17466;28813
11037;11726
11726;27384
27384;30816
30816;25014
25014;19064
19064;2592
19064;9645
12858;2696
2696;39904
39904;16116
16116;31255
2927;37937
37937;31255
2592;6477
9645;24284
6477;13442
13442;47272
47272;13777
13777;77
13777;18771
77;16091
18771;19867
17432;24284
19867;25971
25971;42989
42989;10432
10432;47640
47640;26131
26131;12669
12669;21627
21627;10494
10494;7388
10494;19889
7388;29405
19889;43825
30261;3416
3416;48539
48539;41550
41550;13184
13184;835
835;13334
13334;6567
6567;14381
6567;5285
14381;39853
5285;28602
28602;19597
19597;6601
1222;41128
41128;6092
6092;27236
27236;1781
1781;40415
40415;9127
9127;29876
29876;14445
1247;28857
1247;8984
28857;31614
8984;18859
31614;36519
18859;5111
20681;30475
30475;28915
28915;2765
2765;33007
2765;41243
41243;5041
38347;5837
5837;15366
15366;32919
32919;9819
9819;35341
35341;12374
12374;9670
9670;22033
22033;43186
43186;7067
7067;20663
20663;28167
17610;47518
47518;13680
13680;16551
16551;27131
27131;7701
7701;36014
36014;3712
3712;27193
27193;20246
20246;42951
42951;39905
39905;20778
20778;6785
6785;3037
3037;33190
33190;12874
12874;2982
2982;25052
25052;34878
25052;26006
34878;37880
26006;26396
37880;43575
43575;12304
43575;10887
10887;25759
39506;13490
39506;27637
27637;2509
25305;41231
2509;30686
2509;5436
5436;27143
27143;26650
26650;41856
41856;6234
41856;45934
45934;10764
45934;3903
3903;19689
19689;36925
22466;13141
13141;19961
37061;25593
19961;22570
31352;25593
22570;23234
42456;21652
21652;32286
32286;20209
20209;33462
18445;42629
33462;32569
32569;20366
20366;29405
29246;20064
26247;32701
32701;42652
42652;9020
7649;21250
21250;45800
32824;46731
26396;22590
22590;15973
15973;16284
16284;19077
19077;14786
14786;29764
29764;22507
29764;1118
1118;38245
44050;8750
44050;16079
16079;26238
43825;33717
33717;43614
43614;46518
43614;11284
46518;43104
46518;2274
11284;45208
43104;31940
43104;23564
2274;36672
31940;6591
23564;21673
6591;16816
16816;47669
47669;40063
47669;32765
40063;46488
32765;601
601;20040
36672;31326
36672;15771
14784;10509
10509;42291
42291;822
822;40395
40395;45208
45208;12495
45800;38105
42629;17183
17183;16302
16302;11010
41066;9579
9579;10590
22725;44243
22725;1262
22725;5371
1262;2542
5371;43167
2542;37655
37655;47682
47682;24823
24823;37963
24823;9204
37963;39137
9204;13288
39137;44277
13288;28434
43200;8334
43200;6948
6948;32772
32772;18717
18717;3646
3646;8647
8647;1502
1502;32830
32830;23280
23280;40192
40192;21966
21966;18865
18865;35902
35902;2902
2902;7637
7637;18070
18070;47620
47620;42953
42953;9221
9221;10928
44020;28912
38245;43577
43577;48225
48225;27054
27054;37856
37856;40536
40536;43211
10718;23959
10718;8638
10718;24040
24040;26164
24040;42189
26164;42315
42189;30042
30042;8241
8241;10482
8241;6143
10482;34558
6143;28283
34558;45931
45931;17487
17487;35477
28283;38857
38857;46717
46717;40809
40809;1199
40809;43211
1199;46913
46913;4888
4888;10532
10532;38589
10532;40646
38589;23370
38589;16021
40646;38473
16021;47183
47183;41885
41885;48681
38473;13171
13171;26697
26697;35215
35215;39229
35215;18570
18570;5953
5953;35401
38669;38665
35401;43950
35165;44547
44547;45019
45019;13661
45019;33275
33275;42743
33275;14651
14651;44132
44132;8907
44132;39389
44132;28945
8907;13556
39389;10854
28945;44357
13556;47379
47379;16153
16153;46559
16153;40036
5543;48431
46559;42934
40036;11661
42934;45527
45527;3418
3418;7353
7353;5
7353;5901
7353;8070
11661;29611
11661;48681
29611;23402
48681;4383
48681;48097
23402;40320
40320;5681
40320;15538
5681;8098
15538;44720
48097;46965
9350;30195
48431;15482
15482;20489
20489;10746
5;38177
5901;43998
38177;23934
38177;43998
38665;35579
35579;10440
8098;4999
44720;4124
4124;36205
36205;34257
34257;31899
31899;18051
46965;29680
29680;15640
39581;12350
12350;28815
12350;11602
28815;43907
28815;13606
11602;28312
43907;41172
13606;36250
41172;37494
36250;17888
36250;15328
36250;21899
17888;41616
17888;15252
15328;15836
21899;29994
41616;32517
15252;41575
41575;13352
13352;30392
13352;23288
13352;13168
30392;46205
23288;26834
13168;15836
26834;7350
7350;17012
17012;14684
14684;20883
20883;11786
15836;15946
15946;47366
29994;36322
36322;9784
9784;25156
25156;16941
16941;40402
16941;36030
16941;26199
40402;21413
36030;25706
26199;3193
21413;17298
17298;23695
25706;19895
19895;46955
46955;29406
29406;31339
31339;42070
42070;19167
19167;3
3;19992
3;10768
3;15469
19992;9273
10768;39968
10768;31036
15469;43955
9273;38664
38664;35564
35564;12125
12125;40550
40550;34841
34841;28312
7197;4557
4557;32969
32969;32049
32969;46815
46815;36519
31570;18765
12085;31840
18765;21518
21518;35049
35049;30963
35049;15979
30963;13910
30963;30343
15979;31036
13910;40277
30343;45630
40277;34971
34971;39968
39968;7738
7738;45630
7738;720
720;5229
47148;2226
2226;23091
23091;32397
32397;15294
15294;37935
37935;5229
43955;10047
10047;10512
10512;4873
4873;39413
39413;14976
14976;29106
29106;25075
44423;41461
44423;47659
47659;33053
33053;28368
28368;31840
3193;28798
28798;31328
31328;9913
14445;15070
15070;34
34;22219
22219;40219
40219;35248
35248;2618
2618;32496
32496;28027
28027;26651
26651;38606
39980;836
836;11809
11809;42190
42190;14182
14182;13800
13800;13013
13013;18888
13013;42072
18888;22065
22065;39150
39150;45953
39150;16811
45953;4610
16811;14192
4610;16755
4610;28902
16755;23027
16755;28902
28902;25674
6703;33667
6703;15690
33667;38002
15690;29525
38002;23027
25674;22236
10827;1409
1409;24162
24162;30571
30571;29074
30571;34275
34275;47157
34275;6573
47157;24956
6573;32704
32704;38514
32704;878
878;30195
18051;45467
18051;31982
31982;973
31982;36343
973;39583
36343;45753
5041;31834
31834;15915
31834;26538
26538;3723
3723;20611
20611;21056
21056;14462
14462;11762
11762;5691
29326;27080
29326;43210
27080;28512
43210;33291
28512;16879
33291;24835
33291;37477
37477;30284
37776;47288
47288;1255
1255;10286
1255;25220
10286;10968
25220;10812
10968;2558
2558;5452
5452;43167
21711;37501
21711;20680
37501;16183
20680;9942
16183;34015
16183;19445
34015;13974
19445;41765
9942;18271
18271;7313
16177;18866
16177;45753
20720;10448
10448;48139
48139;11319
48139;44575
44575;10470
44575;5449
21577;5150
21577;47738
47738;23431
47738;10470
23431;5449
23431;26000
10470;47603
10470;26044
26000;33761
33761;47276
47276;14460
47276;4695
14460;6409
4695;24887
6409;19085
23708;10551
10551;47786
45765;26049
45765;25216
26049;47174
25216;212
212;40620
15614;42032
42032;36236
36236;47198
47198;16738
16738;14202
14202;18351
18351;38503
38503;42846
42846;38389
46166;10371
10371;23279
23279;31030
31030;17823
17823;37136
37136;18537
18537;23433
18537;21365
21365;29631
29631;40161
29525;4958
4958;38708
38708;5272
9903;1841
5272;39455
5272;28928
39455;16317
28928;14788
16317;8063
16317;41597
8063;38195
14788;35721
35721;16272
1841;47204
16272;7027
7027;3052
3052;33894
3052;10252
3052;40220
33894;25070
25070;13381
38195;26674
26674;12196
12196;30591
30591;31024
31024;15442
15442;45315
45315;5311
5311;3776
3776;7333
7333;19265
19265;38517
46656;46427
46656;18861
46427;9821
18861;48075
9821;41307
41307;2855
41307;29936
2855;42526
29936;45918
42526;34032
34032;2481
34032;38065
2481;8308
38065;26134
43556;15074
43556;21402
21402;35197
35197;20337
20337;7992
7992;20333
20333;48075
5986;40104
40104;10221
10221;34019
34019;45918
34019;22890
22890;43947
18739;4077
18739;22315
22315;40349
22315;1362
40349;38149
1362;38263
38149;32934
32934;9431
9431;31770
9431;2807
2807;28322
28322;22236
22236;26118
26118;41505
33406;11847
11847;46009
46009;17468
17468;38543
17468;8
38543;13494
13494;32164
32164;24887
43153;6658
43153;43506
43153;8144
43153;3203
43153;23674
43153;46791
6658;2180
8144;12398
3203;44414
3203;13528
23674;3620
46791;22002
2180;5143
5143;30216
30216;38853
38853;38263
12398;20869
8931;22722
22722;9199
9199;44414
13528;25090
46046;45890
45890;27878
45890;35650
27878;32640
35650;32852
32640;27594
27594;25090
25090;16242
16242;6806
29327;27123
29327;28317
29327;23338
27123;42611
28317;24392
23338;13376
42611;22631
22631;41104
41104;37914
41104;42098
37914;6806
42098;39663
41505;14754
14754;5801
46956;4924
46956;27010
46956;21156
46956;37344
4924;9383
27010;25426
21156;35679
37344;10537
9383;28139
28139;12290
25426;20373
20373;14578
14578;45685
45685;34540
34540;30224
30224;1024
1024;17141
35679;8466
8466;22304
8466;19125
22304;32665
19125;905
32665;24392
13376;18252
18252;29791
29791;10733
10733;45469
45469;11359
45469;5898
26277;25616
11359;8308
35710;34037
35710;35680
35680;36900
35680;37108
36900;5059
37108;34940
34940;39029
39029;24142
39029;2205
24142;46255
25685;35572
2205;40144
35572;41454
41454;35843
35843;10901
10901;33730
40144;29853
40144;36920
29853;23629
29853;20526
36920;26388
20526;4769
4769;19858
19858;15253
15253;34844
15253;37741
37741;13340
24144;8883
13340;40632
13340;29616
40632;4361
29616;17836
29616;8883
4361;47714
17836;45378
45378;1876
1876;40462
40462;4666
4666;24951
24951;25857
25857;31131
48408;31131
38325;15259
15259;43051
43051;8158
8158;21227
21227;33649
33649;36449
36449;22930
22930;10848
10848;17597
17597;31003
31003;28018
28018;18942
28018;35491
18942;22800
35491;23741
23741;11891
11891;11541
11541;41728
41728;29055
29055;46352
46352;7476
7476;5090
5090;31646
31646;43412
43412;23291
23291;4595
4595;46341
46341;25451
25451;25478
25478;30771
30771;12851
12851;26524
26524;9966
9966;17572
17572;31174
31174;17366
17366;4562
4562;13848
13848;3273
3273;26114
26114;28437
22469;44358
22469;13788
44358;2627
13788;2619
2627;22494
2627;17143
22494;39582
17143;5990
39582;25759
35744;30969
35744;26276
26276;4660
4660;39663
39663;37256
37256;21827
21827;27272
27272;29369
29369;8747
8747;33446
8747;31556
33446;3620
31556;24542
25616;1702
1702;7189
7189;42804
7189;1176
7189;205
1176;19071
1176;27729
205;23874
19071;18433
18433;2
2;1736
1736;36514
36514;43947
7381;45110
7381;33014
45110;20772
33014;24542
33014;1335
28698;9058
28698;19328
9058;46858
19328;6471
46858;33735
46858;14245
33735;7847
14245;14042
14042;46369
46369;38253
38253;2619
12083;45802
22002;17939
17939;32626
32626;45546
32626;8088
45546;31798
8088;17031
31798;48393
31798;29871
48393;29716
29871;29384
29716;123
123;2090
2090;44289
29384;26568
29384;13959
26568;39524
13959;30058
13959;47635
39524;28608
28608;32852
47635;27038
17031;8563
8563;36788
36788;48178
36788;8757
48178;37042
37042;47888
29216;27299
29216;33064
27299;12667
33064;30535
12667;32828
12667;6382
32828;7811
6382;34344
7811;5636
5636;28125
5636;565
28125;24482
565;34075
565;13237
24482;30898
34075;40119
13237;2391
40119;47548
47548;47306
47306;15997
15997;2185
2185;31336
31336;46528
46528;26994
26994;37852
37852;6952
37852;48109
6952;32903
48109;28182
32903;6562
6562;27203
30535;21834
21834;21908
21908;42993
42993;6447
6447;1881
1881;1353
1353;1172
2391;22428
2391;33020
33020;10407
27203;20884
20884;1832
1832;36659
36659;37428
36659;40427
37428;35463
40427;41072
41072;37653
37653;48087
48087;28964
12545;38369
12545;9291
46527;40117
46527;13433
46527;32943
40117;40832
13433;105
32943;3361
40832;9379
9379;39661
39661;45314
45314;39102
39102;29250
29250;47015
47015;45266
45266;2495
2495;47679
2495;44003
44003;40031
40031;5494
5494;40539
40539;37973
37973;1595
1595;30262
30262;38475
38475;22902
22902;44390
44390;48147
48147;28201
48147;25323
25323;23512
23512;73
73;26068
26068;28838
28838;5126
5126;38369
9291;752
752;16267
16267;31993
44289;36708
44289;25676
36708;6543
25676;15159
6543;13542
6543;44275
44275;36891
28182;1532
1532;24430
24430;33455
24430;33751
33455;29038
33751;6358
10407;6358
6358;1480
1480;33485
33485;19661
15159;28021
28021;27038
19661;9938
9938;17118
17118;11636
11636;290
290;19796
19796;25450
25450;14228
25450;21235
21235;47730
47730;18356
47730;17341
17341;22843
22843;14982
14982;15340
15340;23740
23740;4642
4642;39415
39415;31018
31018;19242
19242;27031
27031;48553
48553;18929
18929;25797
25797;25703
25797;27782
25703;6346
27782;27084
6346;45130
27084;27226
27226;15553
15553;26720
26720;2433
26720;45275
34344;18219
14243;21811
14243;16224
21811;13135
16224;17170
16224;15276
13135;9387
9387;4101
4101;4112
4101;41275
4112;18734
41275;26134
21567;23545
21567;15276
21567;20431
15276;80
20431;17841
34628;29266
34628;33651
33651;30499
30499;10255
10255;10537
23274;16399
23274;31004
16399;12290
31004;17766
17170;24452
17170;47014
47014;36444
80;13552
13552;29493
29493;31652
31652;30366
23874;11919
11919;29278
29278;8913
8913;3823
3823;5757
3823;40502
40502;7620
10099;2068
10099;14753
14753;19973
19973;6516
6516;41231
45452;6523
45452;18607
18607;23282
23282;905
17141;2589
2589;37798
37798;17299
17299;7183
7183;21741
21741;23074
21741;4368
23074;43903
4368;17055
17055;10087
17055;43455
47395;17244
23763;20732
23763;7780
20732;12703
7780;817
12703;14837
14837;10087
43455;33722
3361;31098
31098;817
17244;1348
1348;4643
7620;22204
22204;43752
43752;1663
43752;21622
21622;32310
1746;41292
1746;14661
14661;12694
14661;14017
12694;12294
12294;1783
1783;32310
39077;43913
39077;4459
4459;29381
29381;20386
20386;1955
1955;28036
28036;4975
28036;38090
4975;48044
38090;32177
8679;25881
25881;43796
43796;40258
40258;15607
15607;40157
15607;9282
9282;30696
9282;11946
30696;17351
11946;27525
11946;48044
17351;22126
22126;2357
2357;47867
47867;20152
47867;18395
27525;17966
17966;28197
28197;42608
24223;18071
24223;42608
32177;16924
16924;32371
32371;25808
25808;23362
23362;2955
2955;39586
39586;48534
48534;32663
32663;37793
37793;18425
18425;17473
17473;42174
42174;19947
19947;36017
36017;40791
29288;32820
32820;8353
33722;6411
6411;35441
28256;41007
28256;41039
28256;8123
41007;8274
8123;21825
8274;33779
33779;21
21;19648
19648;25630
25630;6153
6153;20147
21825;592
592;4643
6471;6072
6072;42865
42865;9687
42865;6337
6337;45468
6337;45695
45468;38811
45695;47004
18337;28300
28300;4915
4915;27264
4915;38481
38481;39895
42734;21262
42734;35160
21262;41293
35160;7004
7004;41783
41783;15817
15817;6834
6834;7236
6834;6971
7236;36719
6971;20409
36838;38412
36838;45557
45557;35918
35918;16030
16030;42996
42996;5827
5827;39153
39153;33860
33860;5769
5769;24391
24391;28250
28250;47100
47100;7922
7922;8248
8248;20660
20660;46437
46437;42194
42194;35393
35393;3517
3517;7921
7921;33194
7921;48333
33194;4627
48333;46608
46608;37359
37359;8360
8360;45434
45434;35705
35705;23319
23319;18343
18343;20434
20434;36719
20409;47493
47493;39750
39750;8291
8291;40242
40242;15318
15318;17551
17551;15728
15728;33775
33775;46544
46544;44117
44117;6838
6838;44098
44098;714
44098;14082
714;25967
14082;35001
14082;30300
35001;21747
30300;24532
24532;26950
26950;40652
40652;8479
8479;46464
46464;24201
24201;10244
10244;20405
20405;17127
17127;46126
46126;37388
37388;8350
8350;35427
35427;18291
18291;28028
28028;9226
9226;10712
10712;46740
46740;41049
41049;14809
14809;26679
26679;4337
4337;28927
28927;39876
39876;39441
39441;33694
33694;21164
27492;32067
32067;43338
43338;47399
47399;8625
8625;29900
29900;17710
29900;18662
17710;10566
18662;10351
10566;1755
1755;13713
13713;444
444;30977
30977;22095
30977;47353
47353;42342
42342;1797
1797;19556
19556;6544
6544;48598
46553;3885
46553;47762
47762;15680
15680;17391
15680;47816
17391;48594
48594;20147
39563;38621
39563;32342
38621;12105
32342;25039
12105;29236
29236;35823
35823;24803
24803;45759
45759;21667
21667;8209
8209;17766
13316;21353
13316;1535
1535;31078
31078;6574
6574;25039
46795;37024
37024;16724
16724;14192
24137;30170
30170;16758
16758;11902
11902;17015
17015;48460
48460;28379
28379;17334
17334;268
17334;45293
45293;10336
48324;7645
48324;17989
7645;10336
17989;30930
6918;39126
39126;26460
39126;34921
34921;1473
1473;19940
19940;39614
39614;8240
8240;21804
21804;29187
29187;14434
29187;47404
14434;10030
47404;38719
10030;930
930;5644
5644;21484
5644;5978
5644;38719
5978;18850
18850;48498
48498;12325
12325;7201
7201;21642
40651;7890
21642;39896
39896;6475
6475;14853
14853;32477
32477;42143
42143;37185
37185;45825
45825;22549
22549;6310
6310;15231
15231;38554
38554;22326
22326;42655
42655;26919
26919;34314
26919;29549
34314;25548
29549;32363
25548;30868
30868;26913
30868;4513
4513;11115
32363;7503
7503;45262
7503;3113
45262;16733
3113;34482
16733;32810
34482;17478
17478;13635
11115;40931
40931;45785
45785;31947
31947;38409
31947;7246
38409;30866
30866;44022
18643;41556
40193;16141
41556;41244
41244;32128
16141;12314
44022;36056
36056;31914
31914;23009
23009;21772
21772;3986
3986;7902
47004;47047
47047;28169
28169;18255
18255;44184
44184;6349
6349;12940
12940;16932
16932;45416
45416;12120
45416;16032
16032;18472
40522;27356
18472;7575
7575;37186
37186;46466
46466;8787
46466;44256
27356;22187
8787;4515
44256;261
4515;27333
261;4018
30398;48380
30398;17905
48380;34141
17905;43254
34141;34690
34690;34706
34690;9562
34706;7590
9562;34782
7590;17370
34782;40154
40154;47347
47347;40173
40173;45680
45680;10335
10335;22242
10335;39452
39452;47668
47668;38418
38418;9632
9632;42763
42763;18305
18305;28856
28856;42788
42788;35264
35264;30930
22435;21291
22435;30411
21291;16447
30411;23656
16447;48325
23656;11395
11395;43254
22187;41163
41163;16107
16107;8460
8460;30347
8460;45029
45029;1162
26622;20638
20638;45050
20638;22453
22453;24905
27915;6506
6506;16478
29885;11158
16478;11997
11997;27421
27421;20919
20919;43266
43266;14863
14863;44687
44687;5112
5112;3827
3827;2293
41470;16804
41470;12137
12137;2459
12137;3169
2459;20682
3169;21368
20682;9758
21368;298
21368;38600
298;4427
298;2091
38600;36381
38600;9758
2091;44477
44477;15121
15121;24649
15121;2054
27154;26430
27154;859
859;10974
10974;26245
26245;34860
34860;47600
47600;36381
36381;35618
36381;44456
2054;4726
4726;36872
36872;21923
21923;22801
21923;17703
17703;37304
37304;11158
9923;34580
40428;2535
2535;45597
45597;5215
5215;7340
7340;6681
6681;10804
10804;40883
40883;17179
17179;16793
16793;8305
16793;2544
8305;25035
8305;28533
2544;42535
2443;36460
36460;9190
9190;20149
20149;41703
41703;12887
38723;11457
38723;36469
36469;7104
36469;7890
1162;19819
19819;24909
24909;36044
43910;45189
45189;44263
44263;24792
24792;22127
22127;25716
25716;34945
34945;16531
16531;36045
36045;851
851;33767
33767;3786
3786;4062
4062;21004
21004;4770
4770;24954
24954;20412
20412;30746
30746;5638
5638;14923
14923;855
855;26175
26175;23018
23018;16143
16143;20797
20797;30393
30393;2101
2101;21578
21578;16007
16007;3355
3355;36795
36795;29953
29953;35004
35004;42921
42921;40961
40961;29285
29285;27847
27847;48627
48627;17822
17822;34367
34367;1793
1793;27144
27144;26793
27144;19020
26793;15286
19020;48189
15286;4849
4849;40897
40897;30342
48189;6228
6228;20735
20735;31749
31749;11720
11720;6927
6927;32201
32201;23565
23565;32544
32544;9906
9906;16297
9906;24087
16297;45193
24087;20821
20821;285
285;32137
32137;41878
41878;42844
42844;36811
36811;23840
23840;2032
2032;25095
25095;47759
47759;12912
12912;29075
29075;42728
42728;28527
28527;15942
15942;4917
4917;16961
16961;35217
31019;44689
44689;20533
20533;4169
4169;7047
7047;30336
30336;24470
24470;21333
21333;3895
3895;9014
9014;16274
16274;19565
19565;39508
39508;21142
21142;27706
27706;28258
28258;16216
16216;44387
16216;35966
44387;29032
44387;6645
29032;14544
6645;18127
14544;23014
18127;4436
4436;8169
8169;42876
42876;4468
4468;430
430;13813
13813;45884
45884;33254
45884;12959
33254;20080
12959;5854
5854;15897
5854;8297
15897;26946
8297;31507
8297;34060
26946;31595
31595;40450
40450;22411
22411;124
124;2028
124;20390
2028;37629
34060;14497
44467;43851
44467;36628
43851;41512
36628;6810
41512;42809
42809;37035
37035;17208
17208;99
99;40910
40910;26152
40910;34506
40910;13487
13487;3769
13487;20886
3769;8633
8633;27050
27050;15313
15313;10151
10151;23759
10151;17188
10151;34395
34395;48325
6810;8666
8666;12770
12770;34345
12770;14623
14623;28409
28409;42903
42903;34541
34541;9128
9128;14255
14255;4669
4669;3005
3005;15082
15082;20887
20887;8923
8923;12451
12451;22565
22565;25273
25273;14361
14361;46079
14361;12309
12309;47480
47480;26858
26858;40826
40826;43922
43922;28565
28565;2440
28565;40436
28565;38851
38851;43488
43488;4038
15479;11078
15479;19103
15479;35361
15479;26587
15479;40789
15479;29400
11078;27711
19103;34012
35361;30168
26587;2745
40789;46796
29400;45078
29400;28184
29400;31425
34012;39195
39195;20888
20888;35386
35386;46637
46637;2047
2047;27890
27890;42441
42441;15785
15785;25680
25680;17406
17406;26459
26459;38727
38727;6822
6822;35669
35669;3922
3922;47041
47041;35453
35453;25786
25786;46503
46503;45484
45484;12944
12944;15161
15161;8844
8844;3060
27711;39472
27711;18721
39472;1143
18721;9413
18721;20559
1143;8243
8243;48345
48345;30182
30182;28001
28001;3376
3376;44596
44596;13627
13627;44913
44913;32062
32062;44618
32062;22260
32062;24368
44618;16507
22260;14064
24368;26355
9413;39801
20559;1747
39801;32257
32257;9342
1747;7939
7939;39730
16255;43960
16255;30609
16255;13224
43960;24619
30609;30461
13224;43423
24619;43256
43256;43282
43282;48226
43282;31362
48226;16507
31362;17168
28563;38355
28563;21453
28563;34231
28563;14324
38355;40023
21453;27089
34231;30168
14324;48243
40023;34970
34970;48309
48309;29671
29671;11227
11227;24854
24854;1649
1649;4332
4332;19619
19619;3137
3137;164
164;1218
17168;10137
10137;14649
14649;44026
44026;40715
40715;4837
4837;30461
30461;15675
30461;75
15675;32099
75;23846
32099;18725
18725;41440
41440;47273
47273;32624
47273;35813
47273;196
32624;30243
35813;27494
196;44082
30243;5828
5828;42396
42396;29344
29344;17381
27494;20291
20291;27819
27819;19305
19305;23750
23750;1016
1016;27775
27775;25390
25390;14845
14845;17974
14845;45849
17974;5569
45849;18980
5569;18521
18521;38817
38817;665
665;12947
12947;8225
12947;33645
8225;6554
33645;27092
6554;9904
9904;35006
35006;8065
8065;12227
8065;28980
12227;18190
28980;23844
18190;15415
15108;45821
45821;41488
41488;39574
39574;7786
7786;39777
39777;13743
13743;5683
5683;4289
4289;9435
9435;18980
9435;35987
35987;41390
37439;47884
37439;11897
37439;33782
37439;26472
47884;41421
11897;30551
33782;41803
26472;15415
41421;2104
41421;34006
2104;34979
34006;13892
34979;41344
41344;292
292;42561
42561;15806
15806;36365
36365;2436
2436;28840
28840;33613
33613;16693
16693;26936
26936;30694
30694;27092
23844;11793
11793;48161
48161;2974
2974;9415
9415;16785
16785;32956
32956;13892
23846;40355
40355;38855
40355;35573
38855;39352
35573;45149
39352;25722
25722;11018
11018;33378
33378;36472
36472;43813
43813;43805
43805;2928
2928;21408
21408;23620
21408;15372
23620;45149
15372;28181
30551;19904
19904;12967
12967;26250
26250;24100
24100;32747
32747;13233
13233;29961
13233;41506
29961;42071
41506;28178
42071;4882
4882;36091
36091;1140
1140;12503
12503;8868
8868;35162
35162;48440
48440;41891
41891;14217
14217;33330
14217;22686
14217;14768
14217;2126
33330;12439
22686;22143
14768;7249
2126;29441
12439;31654
31654;9047
9047;48635
48635;40439
40439;23037
23037;1457
1457;25376
1457;4074
25376;23901
4074;47945
23901;42241
42241;42443
42443;45612
45612;48585
33588;27089
33588;16410
33588;25575
33588;30487
33588;17437
33588;33911
16410;24476
16410;20482
25575;39081
30487;8720
17437;6692
33911;30086
32093;44209
44209;45832
45832;20928
20928;22071
22071;31065
31065;28765
28765;2706
2706;5980
5980;20438
20438;22109
22109;6111
6111;6725
6725;5038
5038;3566
3566;38182
38182;38176
38176;13147
13147;48356
48356;28567
28567;1651
1651;36346
36346;9052
9052;29811
29811;10860
10860;13404
13404;4092
4092;30968
30968;27256
27256;35600
35600;40022
40022;2831
2831;30379
30379;14406
14406;18332
18332;42778
42778;33151
33151;4854
4854;1376
1376;29500
29500;15451
15451;38431
15451;13804
38431;30689
38431;35830
13804;19160
30689;18641
35830;9619
35830;33566
18641;24476
20482;7334
39580;16157
39580;15602
16157;8420
15602;45382
48585;7424
7424;5934
5934;17950
5934;35865
5934;15988
17950;23268
35865;46204
15988;1330
23268;22362
22362;48247
48247;13053
13053;17998
17998;42230
42230;43658
43658;8496
8496;21283
21283;41208
41208;9517
9517;17584
17584;4577
4577;37832
37832;14198
14198;47208
47208;32261
47208;18407
47208;20176
47208;35221
47208;43474
32261;30098
18407;48641
20176;23905
35221;34414
43474;45500
30098;20442
20442;47666
47666;26130
47666;31005
47666;23637
26130;17705
31005;28933
31005;23302
23637;22829
17705;40239
40239;38693
38693;23757
23757;29818
29818;45605
45605;4425
4425;35878
4425;48591
4425;9421
4425;23286
35878;7316
48591;7419
9421;4609
23286;10043
7316;23235
23235;12449
23235;12119
12449;40915
12119;40196
40915;4440
4440;40196
40196;9295
9295;9764
9764;12464
12464;48082
48082;35044
35044;6592
6592;30109
30109;10963
10963;37290
37290;6849
6849;15219
6849;8119
6849;41598
15219;9898
8119;7422
41598;29858
9898;47858
47858;43447
43447;17540
43447;45364
43447;3373
43447;44213
17540;17101
45364;11222
3373;17660
44213;26662
17101;23803
23803;44210
23803;11257
44210;827
11257;18101
827;31616
31616;36579
36579;37204
36579;21580
37204;11391
21580;48031
11391;25719
25719;14524
14524;38585
38585;16999
38585;40138
38585;19361
38585;17947
16999;5591
40138;44554
19361;24050
17947;33661
5591;5883
5883;8523
8523;8764
8764;29473
29473;11918
11918;35802
35802;32627
32627;11092
11092;46421
46421;36104
36104;15736
15736;5802
5802;28820
28820;22191
22191;28689
28689;25356
25356;32610
32610;1076
1076;34576
34576;1430
1430;2098
2098;20426
20426;11717
11717;28463
28463;12738
12738;7122
7122;34300
34300;6853
6853;5219
5219;1932
1932;36546
36546;26890
26890;17256
17256;44956
44956;1517
1517;29375
29375;10256
10256;26176
26176;19876
19876;8442
8442;12793
12793;34195
34195;23470
23470;15491
15491;5312
15491;16871
5312;30124
16871;18855
18805;4014
18805;8550
18805;7148
18805;23819
4014;31854
8550;28177
7148;40684
23819;20020
31854;28969
28969;7478
7478;19451
19451;44866
44866;42554
42554;34838
25133;27940
27940;7115
7115;35787
35787;10894
10894;4625
4625;6991
6991;44779
44779;22200
22200;45602
45602;13603
13603;23351
23351;48374
48374;1375
1375;32489
32489;2677
2677;12405
12405;27360
27360;33317
33317;37264
37264;24700
24700;21626
21626;2931
2931;13670
13670;4655
4655;24571
24571;28696
28696;37445
37445;166
166;46385
9647;21024
9647;4023
21024;33289
4023;17164
33289;21970
21970;47247
47247;31290
31290;21278
21278;36131
36131;20774
20774;24128
24128;22008
24128;37383
22008;14028
37383;28762
14028;40391
40391;43045
43045;16220
16220;30872
30872;4251
4251;34855
4251;35700
4251;31759
34855;24593
35700;6565
31759;948
24593;28265
28265;23739
23739;38715
38715;11986
11986;28661
28661;1910
28661;18020
28661;32753
1910;13914
18020;2506
32753;26214
13914;31223
31223;42056
42056;16855
16855;32491
32491;40734
40734;38374
38374;47435
47435;16439
16439;2832
2832;31302
31302;13891
13891;41156
41156;6706
6706;8053
28762;35194
35194;19934
19934;34608
34608;25224
25224;1715
1715;42828
42828;5764
5764;33923
33923;47680
47680;6770
6770;19791
19791;4457
4457;23404
4457;29214
23404;39105
29214;43287
35359;43023
43023;14253
14253;46315
14253;27263
46315;40298
27263;30595
40298;36618
40298;46635
36618;4554
46635;13017
4554;22143
4554;20812
21240;35488
35488;26784
26784;13017
39105;12777
12777;22530
22530;11915
11915;35652
35652;12345
12345;18791
18791;44639
44639;38739
38739;30448
30448;40627
40627;21417
43287;7550
7550;39953
39953;28038
28038;22508
22508;32719
32719;26143
26143;42363
42363;20955
20955;31393
31393;38096
38096;21033
21033;29486
29486;2155
2155;31730
31730;13818
13818;1572
1572;42229
42229;28112
28112;48599
48599;48313
48313;47930
47930;27673
47930;31837
47930;16312
47930;34996
27673;32043
31837;30277
16312;15519
34996;30912
32043;45363
32043;29681
45363;489
29681;34824
489;31123
31123;47785
47785;37440
37440;26192
26192;40811
40811;2335
40811;44724
2335;31769
44724;46372
31769;35770
35770;34002
34002;41607
41607;2395
41607;26288
2395;20359
26288;22938
20359;32566
32566;3327
3327;29371
29371;13588
13588;32
32;47697
47697;37134
37134;41914
41914;15448
15448;19411
19411;3524
3524;29058
30277;33692
33692;12871
12871;42103
12871;22227
42103;28029
22227;24664
28029;21448
21448;1703
1703;34669
34669;36246
24664;25368
25368;47187
47187;10090
22938;33609
33609;32762
32762;39400
39400;10288
39400;2628
10288;9386
2628;30036
9386;20462
9386;1814
9386;36398
20462;37890
1814;40328
36398;40328
37890;15195
15195;13172
13172;14939
14939;16838
16838;44017
44017;42049
42049;5259
5259;14232
14232;14888
14232;27943
14232;46364
14888;13962
27943;6253
27943;15006
46364;37444
13962;9202
9202;41825
41825;21600
21600;26914
26914;7418
7418;24114
24114;12042
34824;29321
34824;32393
29321;36079
32393;34057
34057;43779
43779;27611
27611;11019
27611;2081
11019;18423
2081;3278
18423;885
885;18095
3278;429
429;4920
4920;24944
24944;28033
28033;45927
45927;33077
33077;6097
6097;42359
42359;2270
11222;31902
31902;38958
38958;32833
32833;23630
23630;15624
15624;43295
43295;48547
48547;39897
39897;4861
4861;34125
34125;9066
9066;41623
41623;21179
41623;44150
41623;15994
21179;340
44150;37078
15994;2144
340;7574
340;14819
7574;28989
7574;38875
14819;34254
28989;24586
28989;207
38875;47278
24586;19829
24586;45310
207;14852
207;46023
19829;33251
45310;37952
33251;12808
12808;28771
28771;32734
32734;42242
42242;45824
45824;21400
21400;33756
33756;15803
15803;22879
22879;29945
29945;37495
37495;46260
37495;6104
6104;30574
30574;5718
5718;33206
33206;36335
36335;27424
27424;34166
34166;40833
40833;41747
41747;1890
1890;42398
42398;31012
31012;6854
6854;27003
37952;14852
46023;45128
45128;6221
6221;47278
6221;13182
13182;11711
11711;45545
45545;37637
37637;2103
2103;15613
15613;2969
2969;8320
8320;20659
20659;43940
43940;18595
18595;15456
15456;26150
26150;6519
6519;25128
25128;20665
20665;9454
9454;590
590;27893
27893;41444
27893;39182
41444;27174
39182;14659
27174;24585
24585;6924
6924;22028
22028;15695
15695;13096
14659;23791
23791;17613
17613;18625
18625;5863
18625;33093
18625;42831
5863;21357
33093;10006
42831;7725
21357;29121
29121;31552
31552;46176
46176;22052
22052;46338
46338;32812
32812;28316
28316;36020
36020;8997
36020;15003
36020;34901
8997;33008
15003;19838
34901;6709
41803;41428
41428;6913
6913;5044
5044;28835
28835;27674
27674;9998
9998;48436
48436;7977
48436;33757
7977;44332
7977;27608
33757;23078
33757;39273
44332;36229
27608;43781
36229;3421
3421;33098
33098;42766
42766;45320
42766;23566
45320;5586
23566;20158
5586;35507
35507;7253
7253;21212
7253;47274
21212;10048
47274;9656
10048;17581
17581;22945
22945;21351
9656;43496
43496;16972
43496;40394
43496;23625
16972;18539
40394;13349
23625;11696
18539;44503
44503;40812
40812;22937
22937;19629
19629;19460
19460;5486
20158;1127
1127;8465
8465;25613
25613;43781
7419;13613
13613;43263
43263;11036
43263;48106
11036;11447
48106;46490
11447;4609
46490;20310
20310;2329
30595;28084
28084;25001
28084;30103
25001;42195
30103;39074
42195;20749
20749;34853
34853;43431
43431;7212
7212;34597
34597;28055
28055;26732
26732;28274
28274;8237
8237;15936
15936;40963
40963;40361
40963;30485
40963;10022
40361;46872
30485;41777
10022;30917
46872;5156
5156;12266
12266;27530
27530;16976
16976;46663
46663;732
732;748
748;7249
45203;21564
45203;1577
45203;15295
45203;12300
21564;26160
1577;19018
15295;40340
12300;19782
26160;37278
37278;6236
6236;26011
26011;7660
7660;8426
7660;37743
8426;44347
37743;2499
44347;1969
1969;8467
8467;38278
38278;26445
2499;18059
18059;6682
6682;29184
29184;40667
40667;32206
32206;30185
30185;42694
42694;17901
17901;25764
25764;28104
28104;20731
19018;6771
6771;24763
24763;40610
40610;2216
2216;40748
40748;10435
10435;924
924;25461
25461;40055
40055;22682
22682;19703
19703;42308
42308;17711
17711;5902
5902;45371
45371;45289
45289;18598
18598;9788
9788;7708
26445;22046
22046;26578
26578;19688
19688;11875
19688;46560
11875;42024
46560;47505
46560;14466
46560;16828
42024;29057
29057;24791
24791;492
47505;47940
14466;43897
16828;44064
47940;43553
43553;21612
21612;5739
5739;37062
37062;26163
26163;17601
17601;33711
17601;24768
17601;33445
33711;48141
24768;45263
33445;22274
48141;16221
16221;23195
23195;33091
33091;20950
20950;42785
42785;43006
43006;32834
32834;20103
20103;36121
36121;7498
7498;48350
48350;27810
27810;4458
4458;20942
20942;41120
41120;13669
13669;33101
33101;2890
2890;32470
32470;30714
30714;3651
3651;1459
1459;48577
1459;36890
48577;9488
36890;12679
36890;23849
9488;23746
23746;27670
27670;33625
33625;41247
41247;27081
27081;46292
46292;2398
2398;43073
43073;15990
15990;18962
18962;24734
24734;32104
32104;41652
44871;33698
44871;23408
44871;3077
33698;40300
23408;28933
3077;43298
40300;29916
29916;40954
41754;46141
41754;6663
46141;39734
6663;11596
39734;17591
17591;44544
44544;32117
32117;11505
11505;5119
5119;19348
19348;9736
9736;6424
6424;9031
9031;3447
3447;13276
13276;35783
35783;33332
33332;37733
37733;45642
45642;26155
26155;20570
20570;24706
24706;38662
38662;28991
28991;16802
16802;14536
14536;4526
4526;21048
21048;47905
47905;43833
43833;28712
28712;27721
28712;8381
28712;33575
27721;11822
8381;5487
33575;6300
11822;7756
11822;8606
7756;40038
8606;28109
40038;23332
40038;6976
23332;12380
6976;11977
12380;28190
28190;3315
3315;29443
29443;1819
29443;38763
1819;17459
38763;2222
17459;19259
19259;22923
22923;48462
48462;7766
7766;48171
48171;43815
43815;5085
5085;6891
6891;42332
42332;8503
8503;47264
47264;5286
5286;45683
45683;3791
45683;4969
3791;4658
4969;9105
4658;7492
7492;18536
18536;5415
5415;47284
47284;36284
36284;31892
36284;9471
36284;40080
31892;47664
9471;19622
40080;47118
47664;12052
19622;2202
2202;46722
46722;24052
24052;9158
9158;5820
5820;3528
3528;312
312;19131
312;36613
19131;22677
36613;29372
45263;2956
2956;10377
10377;11596
29441;28537
28537;151
151;47913
47913;25937
25937;2093
2093;42761
42761;6824
6824;39374
39374;47981
47981;7770
7770;47036
47036;25190
2712;39388
2712;26611
2712;39937
2712;48713
2712;17272
2712;2545
39388;35504
26611;3892
39937;10198
48713;14538
17272;175
2545;38794
35504;41903
41903;2806
2806;37620
37620;114
114;12033
12033;3136
3136;27403
27403;29212
29212;4653
4653;42227
42227;18851
18851;40365
40365;10501
10501;35699
35699;18608
18608;28475
28475;31179
31179;8331
8331;7475
7475;28505
28505;5377
28505;17978
5377;46038
17978;16936
46038;42713
42713;19620
19620;38434
38434;1692
1692;33623
1692;17266
33623;24849
17266;14958
24849;17532
17532;29777
29777;18118
18118;41739
41739;12639
12639;41457
41457;19381
19381;19626
19626;22664
19626;33027
19626;41671
19626;3068
19626;195
22664;2836
33027;12434
41671;36789
3068;42924
195;35662
3060;47622
47622;626
626;32079
32079;6530
6530;28974
28974;2130
2130;32260
32260;22285
22285;7128
7128;18479
18479;37516
37516;3542
3542;41650
41650;34443
34443;33844
15519;45977
45977;40882
40882;39236
39236;42335
42335;35559
35559;17670
17670;3572
3572;41973
41973;45727
45727;34384
34384;22924
34384;32947
34384;46674
22924;34209
32947;12570
46674;12570
34209;4932
34209;19884
4932;17505
19884;21126
17505;9833
9833;650
650;32454
32454;31934
31934;23755
23755;42132
42132;9567
9567;40773
40773;30465
30465;16189
30465;43601
16189;7617
16189;14083
43601;17675
7617;30979
14083;1419
30979;21030
21030;1970
1970;9879
9879;42312
42312;46245
46245;43729
1419;26244
26244;3051
3051;16277
3051;31413
16277;14221
31413;3833
2836;5738
5738;38045
38045;30942
30942;12445
12445;45318
45318;14503
14503;16193
16193;32917
32917;33300
33300;37531
37531;38612
38612;18034
18034;12837
12837;11439
11439;15213
15213;45858
45858;23211
23211;3599
23211;6522
23211;382
3599;37819
6522;39046
382;27536
37819;32193
37819;34415
37819;10261
34415;13716
34415;47657
10261;43611
13716;30399
47657;23989
30399;8380
8380;21447
21447;47277
47277;43710
43710;45323
45323;2011
2011;43145
43145;28908
43145;34864
43145;5234
28908;3753
34864;11293
5234;39175
3753;29754
29754;22959
22959;36999
36999;17507
17507;12964
12964;2486
2486;44986
2486;17727
2486;33132
2486;20490
44986;21587
17727;34036
17727;24063
33132;48478
33132;34486
20490;1431
21587;32095
32095;46991
46991;31585
31585;45536
45536;36748
36748;13076
13076;6206
6206;20706
20706;15637
20706;47156
15637;41526
47156;39880
41526;38653
38653;34303
34303;7468
7468;13190
13190;29377
13190;11261
13190;39218
29377;9166
11261;32860
39218;17418
32860;19631
19631;14129
17418;15459
15459;16403
16403;1766
1766;35244
35244;31937
31937;41980
41980;31210
41980;46805
31210;36865
46805;25369
36865;40042
40042;26993
26993;6102
6102;18099
18099;5874
25369;33522
33522;183
183;12659
12659;6846
12659;31810
31810;37094
31810;30380
37094;33264
30380;25442
47118;3892
12434;18404
18404;25064
25064;42686
42686;25700
25700;23324
23324;35895
35895;20161
20161;32068
32068;6464
6464;15595
15595;15084
15084;1088
1088;32984
32984;10493
10493;15961
15961;45302
45302;1510
1510;46048
46048;3301
46048;37873
37873;48582
19677;25217
19677;46412
25217;41930
46412;22671
41930;35452
35452;31180
31180;20443
20443;17667
17667;37014
37014;27076
27076;11552
11552;43611
10198;22513
22513;37234
37234;48651
48651;43668
43668;119
119;20150
20150;14538
175;1591
1591;16367
22677;31254
31254;29372
31254;18549
18549;30484
6032;29706
6032;12787
29706;20000
12787;45082
20000;33906
33906;39565
39565;7277
7277;39046
45082;21815
45082;42619
21815;35437
42619;7603
35437;26819
26819;44030
44030;47299
47299;19866
7684;46059
7684;15401
46059;15589
15401;26520
15589;6959
6959;9497
9497;40788
40788;19866
26520;30196
30196;16402
16402;26190
16402;14974
7603;11157
11157;20685
20685;24260
24260;39517
39517;24798
24798;9097
9097;26190
9097;30137
30137;20120
30137;18489
14974;13511
39081;3817
3817;22448
22448;28177
28177;8650
28177;33355
8650;19532
33355;17030
19532;8745
8745;10874
10874;25354
17030;27708
27708;12980
12980;23384
23384;8347
6539;22736
6539;3954
6539;17677
6539;16739
22736;32636
3954;29963
3954;28351
17677;13195
16739;37786
29963;11131
28351;22665
11131;27630
27630;13353
27630;28655
27630;726
13353;31506
28655;24221
726;21195
31506;7759
7759;235
7759;40971
235;8495
40971;11057
8495;36686
36686;1500
22665;667
667;34172
34172;8159
20317;32636
22671;44841
22671;28818
44841;32887
28818;6312
32887;3107
3107;10916
10916;45395
45395;954
954;30099
30099;23374
23374;30763
30763;41047
41047;39702
39702;17527
39702;34604
39702;22827
17527;28625
34604;17647
22827;16944
28625;11331
11331;43119
43119;44757
43119;25163
44757;43866
25163;3348
43866;34471
34471;15635
15635;16602
3348;19709
19709;39367
39367;33092
33092;22099
17647;48636
48636;1412
1412;45162
45162;45811
45162;5658
45811;14941
5658;35093
14941;24676
24676;18279
18279;48327
48327;27812
27812;36928
36928;21665
21665;29964
29964;35772
35772;16587
35772;40958
16587;7626
40958;17952
7626;15329
15329;48653
48653;13555
13555;45792
45792;44969
44969;40010
40010;32071
40010;46136
32071;31272
46136;42630
31272;26330
26330;20909
20909;47280
20909;33184
47280;35223
33184;41644
33184;14816
33184;24661
35223;46976
46976;4978
4978;14633
14633;13718
13718;18013
18013;15591
15591;23310
23310;5614
5614;43380
43380;42836
43380;46876
42836;21694
46876;39292
21694;18303
18303;27675
27675;32710
32710;33688
33688;46929
33688;14347
46929;30849
14347;33203
30849;17457
17457;13907
13907;48626
48626;42919
42919;11608
11608;2444
2444;28530
28530;36611
36611;8783
8783;35928
35928;27881
27881;35723
35723;11685
11685;43003
43003;7382
7382;16983
35851;31701
31701;818
818;25974
25974;16452
16452;9186
9186;24604
24604;33608
33608;40216
40216;38413
38413;8066
8066;31027
31027;23017
31027;8217
23017;47686
8217;31224
47686;46963
46963;45192
45192;23137
23137;24478
24478;46086
46086;3403
3403;34828
34828;6080
6080;37968
37968;16190
16190;47562
47562;5116
5116;16983
5116;28400
28400;47763
1500;36067
36067;32156
32156;22707
22707;10156
10156;33537
18101;36261
36261;33271
33271;24730
24730;7958
24730;34918
7958;21074
34918;18759
34918;44808
21074;34327
34327;21798
21798;43448
43448;36473
43448;34873
36473;16458
34873;39248
16458;9177
9177;27270
27270;34459
34459;38225
34459;29180
38225;24403
29180;37668
24403;6049
6049;24755
24755;413
413;26142
413;36861
413;42927
26142;18276
36861;10354
42927;9884
42927;9312
18276;33764
33764;9239
9239;34234
34234;43392
34234;26939
43392;16487
26939;2760
16487;20216
20216;36766
36766;43459
43459;34638
34638;1731
34638;24295
34638;3097
46385;5576
5576;15343
15343;30886
15343;7512
30886;37313
7512;6799
7512;5730
37313;29069
29069;27846
27846;24679
24679;45368
45368;43083
43083;18948
18948;45992
45992;45867
45867;43777
43777;46329
46329;39410
6799;42988
5730;787
787;9523
9523;12836
12836;27459
12836;21902
21902;35619
35619;42789
42789;946
946;2516
17952;23969
23969;30915
30915;2402
2402;35170
35170;1598
1598;47406
47406;39738
39738;17379
17379;7058
7058;20034
20034;5450
5450;46476
46476;11440
46476;38202
11440;5928
11440;39595
38202;14487
5928;8239
39595;24445
8239;43604
43604;1498
43604;28118
1498;38712
1498;8796
28118;33654
38712;3564
8796;13590
3564;15165
15165;29984
29984;21324
21324;22339
22339;27307
27307;10051
10051;13953
13953;19872
19872;13516
13516;46995
46995;41599
41599;27844
27844;9982
9982;17190
17190;10826
10826;25782
25782;45594
45594;12531
45594;1518
45594;40430
12531;11384
1518;12402
40430;48083
11384;44832
44832;38923
38923;19877
19877;37397
37397;15044
15044;15345
33654;2597
2597;16869
16869;5868
5868;33769
5868;46627
5868;14446
46627;32727
14446;3519
32727;29879
29879;11377
11377;8244
8244;13643
13643;10694
10694;14519
14519;30171
30171;34187
34187;12200
36021;695
36021;8210
695;13437
8210;8257
13437;588
588;16926
16926;17988
17988;3864
3864;27463
27463;415
415;34193
34193;35512
35512;28604
28604;4253
4253;40564
40564;46755
46755;38913
38913;2713
2713;36544
36544;18606
18606;40074
40074;33861
33861;26172
26172;31737
31737;38379
38379;24255
24255;30652
30652;33474
33474;11396
11396;45952
45952;43219
43219;32599
32599;38695
38695;38617
38617;3518
3518;46702
46702;48412
48412;41721
41721;37929
37929;9489
9489;3088
3088;3615
3615;12802
12802;24544
24544;46922
46922;25233
25233;19486
19486;37547
37547;43865
43865;1782
1782;12791
12791;19297
19297;26955
26955;22967
22967;40942
40942;42411
42411;25838
25838;43435
43435;14827
14827;5593
5593;36908
36908;11572
11572;8971
8971;3296
3296;33364
33364;36588
36588;3844
3844;8489
8489;25165
25165;33139
25165;13512
33139;19704
13512;36500
19704;43770
43770;27610
27610;7098
7098;28788
28788;23139
23139;45929
45929;17999
17999;40223
40223;42853
42853;12023
12023;1998
1998;39076
39076;11727
11727;14717
14717;48282
48282;43253
43253;34058
34058;42461
42461;1731
1731;18904
18904;48554
24295;12106
3097;43438
37668;23158
23158;5789
5789;46445
46445;41712
41712;41663
41663;32443
32443;27541
27541;27666
27666;39878
39878;29521
29521;48516
48516;35073
35073;35703
35703;39139
39139;13217
13217;30361
30361;2393
2393;33955
33955;1614
1614;33525
33525;37196
37196;17549
17549;27498
27498;22106
22106;41899
41899;33201
33201;13197
13197;10864
10864;24648
24648;8847
8847;23967
23967;38686
38686;10456
10456;16644
16644;29643
29643;5786
5786;40079
41545;36324
36324;42610
36324;40048
42610;36386
42610;9712
40048;14149
36386;7110
9712;20314
7110;38199
38199;43278
43278;46557
46557;42328
46557;31499
42328;44077
31499;24029
27842;8792
8792;32598
32598;6343
6343;32509
6343;43635
32509;14297
43635;40849
14297;28690
28690;2242
2242;8900
8900;29339
29339;7528
7528;19160
19160;14050
40849;28107
28107;32999
32999;28101
11977;39856
11977;41116
39856;17491
41116;17471
17491;28233
28233;45584
45584;18762
18762;45796
45796;42580
42580;40004
40004;26773
40004;40821
40004;39529
40004;23150
26773;9532
39529;44961
23150;39631
9532;20364
20364;46069
46069;11392
11392;44753
11392;23167
44753;44322
23167;21415
44322;47637
47637;641
641;40872
40872;21166
21166;45095
45095;21550
21550;21712
21712;22120
22120;42305
42305;47531
42305;27650
47531;11867
27650;38319
11867;30809
21415;8091
38319;46110
46110;32807
32807;11224
11224;6832
6832;11101
44077;10716
10716;18313
18313;48118
48118;20581
20581;40775
40775;11931
11931;4486
4486;12256
4486;11155
12256;18246
11155;40925
18246;22718
22718;41777
22274;36738
36738;1400
1400;42871
42871;5622
5622;47544
47544;18090
18090;12951
12951;32880
32880;34250
34250;3955
3955;32788
32788;43177
43177;30506
30506;18518
18518;19736
8720;30115
30115;46353
46353;40798
40798;17641
17641;42774
42774;46773
46773;7717
7717;45604
45604;7516
45604;1377
7516;48022
1377;33559
48022;4156
4156;42799
42799;21495
21495;47646
47646;9394
9394;11981
11981;16798
16798;26207
26207;20513
20513;7565
7565;45569
45569;12657
12657;32823
32823;21457
32823;188
32823;35097
32823;38580
21457;27148
188;36542
35097;11600
38580;1801
27148;30125
30125;20997
20997;1882
1882;25205
25205;44796
44796;48117
48117;46417
46417;41181
41181;11057
33559;17462
36542;35696
35696;43799
35696;11843
43799;46164
11843;26794
46164;6269
6269;25763
25763;44060
25763;18965
44060;44917
18965;20662
44917;35688
35688;35924
35924;1531
1531;4094
4094;31597
31597;6536
20662;975
22995;36063
22995;43745
36063;4296
43745;17877
4296;36320
36320;7167
7167;34582
34582;28932
34582;30507
28932;7813
30507;33078
7813;45
45;17650
45;4706
17650;11954
4706;5924
11954;20506
20506;1207
1207;28303
28303;36080
36080;47763
17877;8928
8928;20929
20929;10021
10021;35890
35890;8537
8537;7427
7427;24096
7427;5858
24096;6647
5858;42260
6647;20065
6647;9718
20065;25494
9718;46151
25494;1347
1347;20606
20606;21778
21778;6894
6894;6187
6187;24393
24393;21754
21754;23318
23318;21653
21653;9538
9538;1942
1942;13057
13057;22267
22267;26665
26665;19500
19500;17934
17934;24518
24518;32218
32218;5676
5676;25379
25379;30493
30493;31184
19736;13956
13956;14464
14464;947
947;47058
47058;36905
36905;34425
34425;13444
13444;27165
27165;12251
12251;46892
46892;14485
46892;2704
14485;45176
2704;47124
45176;20703
20703;24187
24187;48155
48155;22950
22950;10660
10660;11625
11625;5284
5284;18372
18372;29014
29014;45202
45202;42670
42670;26907
26907;27371
26907;2683
26907;15000
27371;34259
2683;9433
15000;8869
34259;39032
39032;4243
4243;27286
27286;3876
3876;17983
9433;9192
9192;18816
18816;41365
41365;10703
10703;6472
6472;26652
26652;38496
38496;2045
2045;38603
38603;16119
16119;8138
8138;21412
21412;27119
27119;40067
40067;4269
4269;5772
5772;26211
26211;16042
16042;18863
18863;29648
29648;20614
20614;27352
27352;17319
17319;15854
15854;1820
1820;25743
25743;12197
12197;14715
14715;35475
35475;5484
5484;3063
3063;1103
1103;17633
17633;42481
42481;40541
40541;31382
31382;47461
47461;34785
34785;44169
44169;25711
25711;6773
6773;27043
6773;42370
27043;6938
42370;35239
6938;13205
13205;43054
43054;15561
15561;206
206;38419
38419;48050
48050;6652
6652;26741
26741;603
603;35866
35866;44483
44483;48212
48212;23734
23734;44594
44594;13822
13822;32763
32763;22739
22739;23631
23631;39862
39862;28979
28979;40286
40286;18109
18109;28396
18109;45370
18109;31523
28396;25742
45370;34222
31523;15668
13195;30348
30348;25978
25978;26998
26998;44398
44398;34769
34769;34041
34769;28869
34041;25162
28869;6488
24221;12410
12410;35116
12410;20994
20994;2653
2653;44321
46039;32325
32325;29484
29484;40086
40086;24509
24509;35219
35219;36817
36817;27306
36817;43187
27306;41528
43187;1384
41528;16316
16316;25845
16316;16330
16316;18142
16316;29890
25845;32954
16330;27012
18142;46641
29890;35481
32954;47429
47429;21681
21681;9063
9063;47502
47502;16936
45156;11710
11710;2593
2593;30501
30501;13810
13810;2397
2397;13342
2397;10172
13342;46507
10172;36054
46507;32254
32254;9709
9709;11670
11670;1068
1068;44479
44479;43163
43163;44631
44631;34188
34188;3162
3162;34293
34293;8929
8929;45903
45903;1825
1825;20357
1825;22284
20357;10936
22284;47170
10936;27012
46641;5654
46641;20589
5654;46482
25533;1658
1658;42508
42508;42432
42432;46482
15368;1384
35545;21444
21444;8007
8007;28615
28615;33471
33471;29959
29959;37026
37026;16897
16897;21783
21783;12683
12683;36054
36596;19138
36596;13375
19138;308
13375;46314
308;5145
5145;35935
35935;13179
13179;21144
21144;48437
48437;14738
14738;43205
43205;31793
31793;38992
38992;1943
1943;15557
15557;16918
16918;32766
32766;23612
23612;24933
24933;6044
27536;31128
31128;48134
48134;318
318;47285
47285;8910
8910;31481
31481;28507
28507;43171
43171;29812
29812;24906
24906;43252
43252;2932
2932;29538
28544;9888
9888;12520
12520;2230
2230;6835
6835;2579
2579;6312
31894;20410
20410;35087
35087;40467
40467;2485
2485;46662
46662;3033
3033;19252
19252;7625
7625;24883
24883;18050
18050;5479
5479;46361
46361;43193
43193;25952
25952;5402
5402;43718
43718;37291
37291;29802
29802;14149
975;5894
45295;14044
14044;43093
43093;36375
36375;24918
24918;46293
46293;37208
37208;33622
33622;18287
18287;44857
44857;37786
40369;9524
40369;12275
9524;17145
12275;21483
17145;41406
41406;737
737;46597
46597;24319
24319;33065
33065;21621
21621;24783
24783;18821
18821;33607
33607;32800
32800;25343
25343;4591
4591;35388
35388;16319
16319;3022
3022;42967
42967;3608
3608;48652
48652;29420
29420;37905
37905;46919
46919;39938
39938;22795
22795;36547
36547;21510
21510;16588
16588;27888
27888;34438
34438;44115
44115;10139
10139;45606
45606;26481
26481;33006
33006;37754
37754;45504
45504;4032
4032;7931
7931;595
595;17722
17722;28217
28217;30204
30204;34017
39410;23494
23494;34919
34919;43957
43957;45406
45406;48371
48371;32866
32866;39181
39181;16872
16872;46494
46494;42801
42801;15834
15834;44804
44804;9797
9797;36436
36436;23358
23358;46314
6044;10468
10468;21527
21527;24945
24945;44397
44397;13572
13572;21483
8257;19032
19032;42270
42270;26788
26788;43285
43285;10728
10728;44283
44283;13636
13636;38353
38353;12547
12547;34761
34761;11983
11983;31244
31244;46218
46218;2851
2851;19449
19449;31687
31687;2632
31687;24533
2632;43882
24533;12440
43882;15212
15212;36804
36804;39593
39593;57
57;16647
16647;14331
14331;39380
39380;43436
43436;6699
6699;15925
15925;41422
41422;35814
35814;12651
12651;24236
24236;25622
25622;17472
17472;36530
36530;12255
12255;282
282;35900
35900;13363
13363;3841
3841;25472
25472;29823
29823;19379
19379;19470
19470;42223
42223;12507
12507;16980
16980;30104
30104;3264
3264;46615
46615;14795
14795;8878
8878;47359
47359;2140
2140;25802
25802;34746
34746;35309
35309;2466
2466;39090
39090;7190
7190;25419
25419;35370
35370;40429
40429;8417
8417;41005
41005;10023
10023;6745
6745;16686
16686;21984
16686;15419
21984;29218
15419;28541
29218;30697
30697;1934
1934;41460
41460;30573
30573;4919
4919;25050
25050;37082
25050;24153
37082;33295
24153;15365
1218;28352
28352;12428
24925;45421
45421;5958
5958;46088
46088;43480
43480;38982
38982;7591
7591;294
294;47025
47025;31667
31667;46743
46743;30693
30693;38599
38599;31032
31032;24131
24131;21717
21717;44961
3919;45165
45165;25280
25280;39925
39925;19543
19543;10123
10123;12643
12643;29176
29176;17471
34036;14067
24063;25292
14067;21821
21821;45553
45553;6917
6917;11425
11425;38081
38081;39222
39222;48478
34486;48205
48205;42589
25292;46097
46097;2897
2897;11850
11850;3694
3694;37018
37018;11163
11163;10837
10837;18748
18748;5457
5457;34649
34649;4188
34649;20998
34649;22480
4188;13697
20998;22606
22480;11013
22480;25028
44604;19109
19109;31224
37078;26566
26566;14884
14884;3557
3557;39604
39604;41928
39604;46240
41928;17330
46240;36166
17330;40998
40998;44886
44886;27102
44886;47130
27102;33367
47130;31959
31959;38937
38937;10006
36166;32886
32886;17763
17763;41381
41381;5063
5063;13337
13337;35807
35807;28070
28070;34254
33078;36101
36101;12474
12474;27024
17147;10947
10947;22225
22225;14811
14811;34852
34852;25410
25410;895
895;31986
895;12735
31986;31445
12735;32290
31445;41390
31445;12117
12117;34797
34797;21792
34797;3575
34797;26080
21792;42087
3575;6122
26080;6122
42087;14177
14177;30405
30405;46931
12440;37822
37822;36679
36679;46541
46541;20737
20737;10461
10461;34799
34799;30508
30508;13846
13846;45235
45235;41837
41837;37773
37773;22957
22957;125
125;10763
10763;32307
32307;43801
43801;2201
2201;2577
2577;46375
46375;5410
5410;40217
40217;48184
48184;3633
3633;25991
25991;28330
28330;2821
2821;44019
12402;12701
12701;37275
37275;28436
28436;22164
22164;7961
7961;14272
14272;15460
15460;39227
39227;7453
7453;29734
29734;21459
21459;41950
41950;47356
47356;36097
47356;17541
47356;15841
36097;6024
17541;4031
15841;1863
6024;9405
9405;30197
30197;22931
22931;37203
37203;3127
3127;6439
6439;38362
38362;21446
21446;12736
12736;28209
28209;19549
28209;32706
28209;15438
19549;22643
32706;45793
15438;36794
22643;34225
22643;26188
34225;9260
26188;15033
9260;30245
30245;16881
16881;18722
18722;40645
40645;3752
3752;4720
4720;47694
47694;35768
35768;28174
28174;21008
21008;9940
21008;29809
21008;44376
21008;25669
9940;28694
29809;20874
44376;42897
25669;46988
28694;9028
9028;2884
2884;631
631;3197
3197;29068
29068;17720
17720;22984
22984;14161
14161;29469
29469;41425
41425;799
799;48493
48493;30832
30832;43473
43473;36345
36345;36491
36491;11274
11274;25889
25889;31756
31756;46944
46944;2991
2991;33541
33541;35810
35810;46137
46137;26296
26296;34963
34963;33539
33539;4412
4412;30301
30301;29535
29535;5886
5886;42595
42595;13386
13386;9840
9840;10598
10598;3427
3427;45542
45542;6229
45542;18798
6229;45261
18798;38555
45261;40383
40383;36439
14064;43277
43277;5823
43277;17781
5823;5680
5823;8972
17781;3114
5680;20707
8972;36781
20707;12859
12859;41626
41626;13657
13657;24233
24233;36810
36810;44087
44087;28911
28911;10506
28911;11567
10506;34379
11567;29084
34379;34242
34242;26355
36781;11335
3114;20345
20345;19316
19316;23389
23389;26200
26200;33689
33689;15425
15425;22688
22688;36646
12679;40112
23849;11950
40112;47638
47638;7715
40340;8141
8141;28791
28791;24188
24188;22919
46372;25512
25512;23556
23556;33033
33033;2750
2750;40659
2750;48191
48191;12727
12727;31648
31648;14921
14921;39630
39630;12572
12572;39803
39803;26109
26109;39546
39546;19354
19354;31260
31260;15464
15464;5597
5597;8780
8780;12179
12179;29714
29714;35415
35415;24230
24230;31473
31473;36474
36474;4881
31184;47864
47864;47644
47644;30382
30382;7788
7788;23233
23233;8167
8167;26440
26440;21101
21101;21773
21773;29548
29548;25888
25888;7293
7293;2200
2200;44045
44045;14442
14442;41748
41748;4008
4008;26045
26045;43048
43048;1452
1452;14844
14844;45814
45814;21918
21918;18125
18125;1208
1208;44584
44584;33174
33174;46129
46129;45615
45615;15463
45615;8529
45615;24584
15463;715
8529;18364
24584;13954
715;2798
2798;34737
34737;23121
23121;41430
41430;11153
11153;17287
17287;44944
44944;30150
30150;41516
18364;23424
23424;10685
10685;37089
37089;13452
13452;14562
14562;7417
7417;671
671;39857
39857;17819
17819;47499
47499;47468
47468;287
46233;44933
44933;47917
47917;13705
13705;2519
2519;14047
14047;6499
6499;22450
22450;39860
39860;36798
36798;32468
32468;13513
13513;44936
44936;20444
20444;17923
17923;26038
26038;22506
22506;13298
13298;26482
26482;15905
15905;5924
7422;31849
31849;3111
3111;34640
34640;40596
40596;23944
23944;14393
14393;37758
37758;21349
21349;2209
2209;20615
20615;34884
34884;38150
38150;14357
14357;29858
17381;30144
30144;42648
42648;43423
26716;11598
11598;40938
40938;7650
7650;28181
40911;37505
40911;47877
37505;24019
47877;19574
24019;6459
6459;15118
15118;11335
28109;18434
18434;5487
2222;3372
3372;27267
27267;3676
3676;38943
38943;8608
18448;39200
18448;20941
18448;17164
39200;2910
20941;4774
2910;42891
42891;12689
12689;47051
47051;18493
18493;9116
18493;1082
9116;27166
1082;44665
27166;45731
27166;48688
45731;14678
48688;5927
14678;28584
28584;42906
42906;27211
42906;18930
27211;1462
18930;28968
28968;34045
34045;41876
5927;44680
44680;202
202;26267
44665;21865
21865;14513
14513;25632
25632;2347
25632;34687
34687;21729
21729;9636
21729;8893
9636;8192
8893;48119
8192;29350
8192;33538
33538;41504
41504;4966
4966;21890
48119;29168
29168;30385
30385;13356
30385;32902
13356;43038
32902;43498
43038;25210
25210;14514
14514;9428
14514;18879
9428;28717
18879;27328
18879;35840
28717;2236
2236;3640
43498;20411
43498;6226
20411;27339
6226;26717
27339;19026
27339;22343
27339;33216
27339;9008
27339;6987
22343;29364
33216;10233
9008;40924
6987;23252
27328;5204
27328;46594
35840;39328
46594;1616
39328;33980
33980;22254
22254;46987
1431;22782
1431;28574
1431;1659
22782;8170
1659;32867
8170;21620
21620;36160
36160;25654
25654;47769
47769;26027
11293;31981
31981;43944
43944;32784
32784;23553
23553;47793
23553;14074
47793;36190
14074;39533
36190;47715
47715;43708
43708;1472
39533;39514
39514;37736
37736;15807
15807;33866
33866;18327
18327;8078
8078;23348
23348;29581
29581;6417
6417;14942
14942;32510
32510;7952
7952;35581
35581;33479
33479;23552
23552;13471
13471;35050
35050;9311
9311;19053
19053;39368
39368;15300
15300;5613
29058;47537
47537;18713
18713;24300
24300;20582
20582;35916
35916;21115
21115;189
189;23500
23500;31424
31424;3670
3670;28664
28664;17243
17243;17084
17084;34817
34817;19782
13124;14362
14362;23053
23053;10940
10940;8655
8655;32867
23302;12096
12096;17327
17327;38562
38562;29438
29438;7483
7483;25071
25071;22531
22531;45761
45761;29667
29667;37314
37314;23176
21835;5177
5177;26781
26781;48441
48441;37189
37189;43118
43118;33147
33147;31026
31026;47809
47809;23796
23796;24037
24037;45238
45238;6100
6100;28263
28263;27885
27885;22231
22231;1670
1670;33277
33277;7960
33277;22539
7960;18744
18744;10752
10752;10043
22606;5885
5885;1974
1974;41187
41187;9955
9955;14999
14999;29843
29843;38613
38613;8802
8802;24895
24895;11013
7379;468
7379;21064
468;13589
21064;46284
13589;14459
14459;26534
26534;3811
3811;4739
4739;6611
6611;16442
16442;38285
38285;18512
18512;11030
11030;39603
39603;14606
14606;39509
39509;13739
13739;22068
22068;29143
29143;46894
46894;4181
4181;1001
1001;27955
27955;33095
33095;7158
7158;19290
19290;14153
14153;3122
3122;19097
19097;33264
34298;7242
34298;25335
7242;3868
25335;32655
3868;33534
33534;25080
25080;4409
4409;38032
38032;1285
1285;42878
42878;6150
6150;36392
36392;31484
31484;27813
27813;7834
7834;45554
45554;8043
8043;2370
2370;32549
32549;8734
8734;43961
43961;11135
11135;25409
25409;1543
1543;44372
44372;34240
34240;62
62;40747
40747;48439
48439;32098
32098;11167
11167;1022
1022;10337
10337;47699
47699;31553
31553;10942
10942;10602
10602;8275
8275;26122
26122;47449
47449;17062
17062;642
642;19230
19230;2898
2898;39185
39185;3467
3467;5294
5294;31543
31543;16862
31543;36330
16862;8294
36330;14444
8294;14934
14934;24426
24426;34127
34127;26778
26778;38298
38298;25047
25047;30110
30110;48358
48358;33396
33396;819
819;46558
46558;36620
36620;13037
13037;25589
25589;6379
6379;23451
23451;11550
11550;3124
3124;41519
41519;24752
24752;12429
12429;32977
32977;19151
19151;30075
30075;44224
44224;27422
27422;45129
45129;16577
16577;1691
1691;48017
48017;1399
1399;45897
45897;30166
30166;6430
6430;10408
10408;44019
20874;42317
20874;7678
20874;46915
42317;4735
7678;2700
46915;36756
4735;22393
22393;38254
38254;3143
3143;20977
20977;37630
37630;21590
37630;42552
21590;41851
21590;2097
42552;4813
41851;10459
2097;46924
10459;10799
10799;34562
34562;17426
17426;10287
10287;46539
46539;26461
26461;32653
32653;20746
20746;20206
20206;13435
13435;21940
2700;41888
41888;10268
41888;914
41888;18259
10268;34974
914;41229
18259;48065
34974;2600
2600;33514
33514;23752
23752;11985
11985;44522
44522;9972
9972;37548
37548;42808
42808;6548
6548;36756
41229;34755
34755;22512
42897;28998
28998;43161
38555;40681
40681;30376
16602;27016
16602;28454
16602;18133
27016;23942
18133;36831
23942;25963
25963;959
959;4246
959;38746
4246;41130
38746;45941
41130;45742
36831;8038
8038;9875
9875;39123
39123;40939
40939;47924
47924;10293
10293;11432
11432;26531
26531;3306
3306;16523
48083;28640
28640;43771
43771;5559
5559;37416
5559;19560
37416;47418
19560;6508
47418;19613
19613;3249
3249;22053
22053;42509
42509;22303
22303;6856
6856;8195
8195;28946
28946;2678
2678;33562
33562;25648
25648;39284
39284;8601
8601;36077
36077;36984
36984;31101
31101;16875
16875;10004
10004;5403
5403;8604
6508;26450
26450;42414
42414;8934
8934;18508
8934;27213
18508;32586
27213;44603
32586;25578
44603;19834
1863;36003
36003;35585
35585;48166
48166;18567
48166;32990
32990;9426
9426;33055
33055;26057
26057;12832
12832;36438
36438;18922
18922;42297
42297;27751
27751;31199
31199;5427
5427;47535
47535;42417
42417;6707
38163;32592
32592;34248
34248;12111
12111;13458
13458;36834
36834;47119
47119;4031
47119;24687
24687;24530
24530;32752
32752;38033
38033;42330
42330;17827
17827;19228
19228;26969
26969;7880
7880;39324
39324;41601
41601;23256
23256;25861
25861;6266
6266;47312
47312;20240
20240;32473
32473;37507
37507;25894
25894;37138
37138;15499
15499;44063
44063;30802
30802;38869
38869;23216
23216;39976
40148;28718
28718;16944
8234;40641
40641;8915
8915;39224
39224;35172
35172;812
812;15217
15217;46301
46301;28766
28766;39164
39164;46159
46159;36633
36633;19809
19809;47503
47503;30484
47503;24404
24404;30513
28136;40923
40923;21531
21531;9105
6565;36064
36064;22672
22672;27291
27291;26762
26762;36442
36442;46900
46900;25778
25778;44349
44349;9666
44349;16490
44349;1803
9666;36400
16490;29302
1803;31554
36400;27763
29302;29450
31554;23173
23173;47373
47373;40523
40523;15114
15114;5438
11600;7117
7117;3406
3406;15009
3406;22432
3406;34703
15009;7545
22432;20145
34703;40075
20145;37809
37809;17442
17442;47304
40075;14949
14949;12864
12864;29139
29139;28582
28582;22862
22862;46848
46848;26875
26875;14824
26875;27950
14824;10663
27950;29654
29654;37867
37867;16953
16953;4280
4280;35017
35017;45712
45712;20042
30912;20670
20670;37671
20670;3157
37671;35296
3157;8035
35296;26504
8035;26358
26358;10357
10357;44719
44719;13478
44719;7755
7755;28829
28829;19959
28829;33391
19959;45491
33391;15943
45491;37126
37126;41806
37126;26258
37126;15144
41806;29651
26258;8512
15144;8512
29651;549
15943;31569
14221;43619
43619;24138
24138;21085
21085;47788
47788;1548
1548;33935
33935;35706
35706;5019
5019;21547
21547;34084
34084;11759
3833;19906
19906;41439
41439;22948
22948;32090
32090;39846
39846;21034
11759;28728
28728;12685
12685;12946
12946;10952
12946;17776
10952;25092
17776;26602
25092;16666
16666;3681
16666;29374
3681;48269
29374;16488
48269;47608
47608;5456
5456;17742
17742;3172
16488;11952
11952;24467
24467;19776
19776;26602
17675;25382
25382;45587
45587;45026
45026;13248
13248;7497
13248;42830
42830;24286
24286;1638
24286;38430
38430;34787
38430;5451
34787;26290
34787;38741
26290;45374
45374;29622
47962;27968
47962;34436
27968;37220
34436;13429
34436;846
34436;10427
37220;42744
42744;11745
11745;34161
11745;11180
34161;18959
11180;44939
18959;31047
31047;3669
3669;35100
35100;43936
35100;15293
43936;32130
15293;1270
32130;25334
25334;14961
14961;45339
45339;35834
35834;21603
21603;6476
6476;12194
12194;42299
42299;40842
40842;2343
40842;30151
40842;24354
2343;12233
30151;26643
24354;22887
12233;11445
11445;38754
38754;3813
3813;5813
5813;42756
42756;44576
44576;18393
18393;36789
30982;22447
22447;32907
32907;46776
46776;15719
15719;47195
47195;40489
40489;33429
33429;26932
26932;39739
39739;36033
36033;19802
19802;27253
27253;21873
21873;11260
11260;27409
11260;17345
27409;289
17345;34117
289;4842
4842;20923
20923;15799
15799;7329
7329;21701
21701;45793
34117;11606
11606;30328
30328;43904
43904;38806
38806;12041
12041;36289
36289;14871
14871;11943
36794;16933
16933;34177
16933;16841
16841;16214
16214;43677
43677;6013
11943;3007
3007;3083
3083;38008
7725;37775
37775;44038
44038;24630
24630;5054
5054;28782
28782;30754
30754;34973
34973;8040
8040;2664
2664;47290
17660;2416
2416;45839
45839;28077
28077;42707
42707;8321
8321;31704
31704;3023
3023;46846
46846;33008
46988;12965
15033;42984
42984;21705
21705;26262
26262;16800
16800;45474
45474;831
831;39704
39704;16534
16534;18169
18169;7322
7322;33307
33307;19870
19870;39950
13954;40276
40276;40507
40507;23379
23379;33875
33875;37121
37121;48575
48575;23306
23306;24903
23306;33882
23306;8840
24903;47226
33882;36147
8840;37360
47226;5397
47226;35863
5397;38529
35863;36712
38529;7787
7787;47338
47338;15341
47338;19391
15341;14839
19391;8578
14839;45933
45933;5870
5870;4584
4584;26380
26380;28865
28865;43602
43602;27928
27928;26480
26480;39114
39114;21350
21350;3364
3364;4305
3364;27235
4305;35794
35794;20882
20882;38470
38470;30429
30429;30738
30738;41412
30738;6864
41412;10201
6864;12032
10201;25567
24029;25422
25422;5305
5305;28994
28994;13667
13667;38491
38491;3423
3423;13781
13781;27985
27985;28681
27985;11096
27985;46675
28681;42679
11096;46675
13096;15251
15251;11971
11971;23064
23064;28392
28392;47742
47742;47334
47334;17173
47334;32179
17173;1993
32179;18488
33203;41978
41978;32441
32441;28864
28864;11718
11718;38087
38087;35874
38087;32135
32135;7771
7771;25529
25529;41467
41467;42182
42182;15001
17995;39425
39425;44667
44667;28944
28944;21862
21862;48530
48530;13251
13251;34432
34432;7841
7841;43539
43539;30145
30145;9188
9188;28561
9188;26050
28561;14710
26050;40212
14710;41476
41476;43814
43814;17180
17180;44625
44625;46616
46616;42260
19815;43314
43314;8515
8515;13294
13294;40212
13889;18655
13889;12342
13889;39503
13889;28279
13889;10196
18655;12270
12342;20244
39503;20341
10196;8295
12270;11479
11479;8941
8941;16422
16422;12368
12368;43995
43995;3679
3679;15486
15486;1801
20341;28231
28231;37884
37884;9409
9409;6800
6800;43493
43493;30881
43493;13290
30881;3798
30881;41668
13290;36975
3798;9957
41668;1640
36975;6960
6960;16087
16087;20982
20982;3013
20982;40195
40195;5607
5607;12458
41919;22160
41919;18905
22160;9042
18905;15309
9042;12360
9042;19066
12360;49
19066;38717
49;33574
33574;15015
15015;38840
38840;33784
33784;31949
31949;28591
28591;20244
38717;6218
38717;32864
6218;5968
32864;19196
19196;14719
14719;3968
3968;35921
15309;7448
19838;27526
27526;11890
11890;23921
23921;8814
8814;12132
12132;44676
44676;6619
6619;42724
42724;37423
37423;34423
34423;47609
47609;44706
44706;28100
28100;4699
28100;21361
4699;40054
21361;26563
40054;12725
12725;35546
35546;24574
24574;34439
34439;3179
3179;6892
6892;47333
47333;33136
33136;5435
5435;31006
31006;27146
31006;43400
27146;16658
43400;12910
16658;8071
8071;2489
2489;46185
46185;13041
13041;42403
42403;39125
39125;8704
8704;46195
46195;12006
12006;24265
24265;15227
15227;44750
44750;1993
18488;11740
11740;4774
12910;39680
39680;33031
33031;40804
40804;11414
11414;23960
12321;22829
22452;12985
12985;13238
13238;3692
3692;23033
23033;1957
1957;46275
46275;46719
46719;33808
33808;48311
48311;44784
44784;5796
5796;27108
27108;37889
37889;26007
26007;46457
46457;35076
35076;6136
6136;20070
20070;28805
28805;48277
48277;8918
8918;4030
4030;42568
42568;44233
44233;866
866;33697
33697;43074
43074;25337
25337;2760
8295;39687
39687;345
345;29376
345;39795
39795;41265
41265;21537
21537;26208
26208;7519
7519;18915
7519;11160
18915;22228
11160;27134
27134;44742
1640;14545
14545;23973
23973;8778
8778;15630
15630;24036
24036;45944
45944;32842
32842;47362
47362;2020
2020;38196
38196;32757
38196;9711
14129;4138
4138;1868
1868;30879
30879;46960
46960;9807
9807;11266
11266;33232
33232;12584
12584;25172
5218;47656
47656;11459
11459;9954
9954;46311
46311;15741
15741;38883
38883;19028
19028;27567
27567;5701
5701;39175
2059;34985
34985;21058
21058;35835
35835;28503
28503;3515
3515;38794
26563;47999
47999;16309
16309;3084
3084;30088
3084;8658
3084;24151
30088;45734
8658;23322
24151;7147
45734;7444
7444;37631
37631;19675
19675;44161
44161;17456
17456;25187
25187;13196
13196;32429
32429;35464
35464;1051
1237;23322
2745;38201
38201;15450
15450;46161
15450;21501
46161;39584
39584;34149
34149;29522
29522;18480
21195;43822
43822;31126
31126;32647
31126;22710
32647;14770
32647;15913
14770;39258
39258;32142
32142;18808
30582;42643
42643;37498
37498;14773
14773;35715
35715;2624
2624;32324
32324;38228
38228;18087
18087;4374
4374;18454
18454;5207
5207;8952
8952;6300
47124;33551
33551;3032
3032;47043
47043;17693
17693;29704
29704;34155
34155;14734
14734;34602
34602;46666
46666;709
709;6563
6563;23721
23721;48090
48090;32365
32365;982
982;34319
34319;40440
40440;36100
36100;34470
34470;6354
6354;18338
18338;28580
28580;27481
27481;6931
33295;18702
18702;28669
28669;26256
26256;31395
31395;34904
34904;36704
36704;34175
34175;4307
4307;11775
11775;25374
25374;9248
9248;15284
15284;7259
7259;1708
1708;46270
46270;37088
37088;10755
10755;24599
24599;18990
18990;16466
16466;32773
16466;42583
32773;33515
42583;37413
33515;16363
16363;25854
25854;33602
33602;40935
40935;45294
45294;28356
28356;1813
28356;5493
5493;24850
24850;45819
45819;25136
25136;522
522;16952
16952;5911
5911;6618
6618;21507
21507;29737
29737;12338
12338;21784
12338;25576
21784;29636
25576;26338
29636;12316
12316;36402
36402;712
712;44279
44279;2289
44279;29430
2289;22182
29430;48667
22182;33934
33934;10178
10178;31460
31460;45375
45375;40968
40968;18683
40968;40406
40968;35468
18683;7141
40406;17401
40406;20818
40406;18178
35468;25479
7141;16951
17401;18155
17401;6527
20818;14371
18178;21463
6527;23830
23830;24506
24506;8486
8486;5164
5164;23123
23123;20166
20166;45205
45205;38204
38204;45838
45838;2929
45838;35610
2929;33999
35610;15822
33999;2074
2074;28255
28255;44254
44254;1952
1952;33120
33120;19900
19900;33494
33494;21732
33494;46118
21732;1839
46118;4106
1839;33646
33646;14057
14057;13136
13136;2517
2517;39569
39569;31367
31367;39416
39416;48491
48491;1436
1436;25843
25843;9327
9327;29760
29760;45915
45915;30180
30180;7485
7485;24387
24387;1416
1416;38168
15822;37462
37462;19726
19726;38091
38091;291
291;46143
46143;4594
4594;34048
34048;16676
16676;22971
22971;27423
27423;17383
17383;25922
25922;992
992;15123
15123;933
933;18709
18709;23378
23378;43691
43691;32037
32037;31432
31432;15136
15136;46342
46342;16299
16299;40363
40363;25571
25571;34080
34080;20081
20081;34767
34767;10649
10649;2747
2747;48334
48334;33212
33212;27385
42924;5987
5987;6825
6825;30136
6825;15031
30136;11154
15031;43551
11154;33255
11154;8598
11154;10034
33255;18363
8598;5235
10034;46433
5235;22542
22542;24442
24442;34366
34366;12482
12482;43551
23125;44732
23125;30570
23125;6289
44732;609
30570;3853
609;39708
39708;34581
34581;16853
16853;1964
1964;26558
26558;46433
48065;25168
25168;1621
1621;17474
17474;26451
26451;13860
13860;21643
21643;10605
10605;14868
10605;25935
14868;31735
25935;617
31735;37212
37212;41764
41764;29644
617;19754
1270;18781
18781;13095
13095;30316
30316;18626
18626;32287
32287;33830
33830;23263
23263;23879
23879;8795
8795;24696
24696;46564
46564;37876
37876;6115
6115;46926
46926;32331
32331;13551
13551;26336
26336;14918
14918;16637
16637;25159
25159;8901
8901;19471
19471;47799
47799;20237
20237;13137
13137;35275
35275;9685
9685;38148
38148;27642
27642;33584
33584;46439
46439;10904
10904;31994
31994;9543
9543;14592
14592;12107
12107;14066
14066;41534
41534;31995
31995;46906
46906;20655
20655;42818
42818;24058
24058;22633
22633;9392
9392;33590
33590;25524
25524;40342
40342;41589
41589;22913
35968;21460
21460;45166
45166;45721
45721;27547
27547;46924
26643;27871
27871;24932
24932;5297
5297;48421
48421;47140
48421;45608
47140;21139
45608;40171
21139;5549
5549;29397
29397;44430
44430;30687
40171;27451
27451;88
88;9937
9937;25383
25383;47996
47996;25044
22887;32568
32568;21515
21515;1234
1234;19171
1234;5092
19171;21375
19171;15087
5092;40357
21375;9055
15087;29227
9055;37790
29227;14203
14203;43116
43116;38394
40357;17814
17814;7731
42141;13043
13043;42701
42701;36688
36688;45555
45555;13429
846;4292
10427;15040
4292;15040
4231;27302
27302;25683
25683;23406
23406;20071
20071;45535
45535;35662
36287;27030
27030;39179
39179;11374
11374;7748
7748;10310
10310;20873
20873;3408
3408;16692
16692;27736
27736;43128
43128;21025
21025;14579
14579;19298
19298;13320
13320;30082
30082;42181
42181;4951
4951;20724
20724;27639
27639;37011
37011;30152
30152;5184
5184;22344
22344;10454
10454;18584
18584;19894
19894;11801
11801;39092
39092;26988
26988;44411
44411;47539
47539;7740
7740;8330
8330;41593
41593;12556
12556;6575
6575;24963
24963;38655
38655;3812
3812;46941
46941;19074
19074;4261
4261;43144
43144;37902
37902;40050
40050;9519
9519;42687
42687;4892
4892;24579
24579;46689
46689;41632
41632;6109
6109;4417
4417;31527
31527;42091
42091;8414
8414;47231
47231;29694
29694;1563
1563;37765
37765;29748
29748;38574
38574;37726
37726;42345
42345;28116
28116;26354
42922;7366
42922;6290
7366;46811
6290;24847
46811;15737
15737;9628
9628;29101
29101;6685
6685;24312
24312;47944
47944;35836
35836;43713
43713;24757
24757;25742
24847;13271
13271;33849
33849;30431
30431;12909
12909;36926
36926;46661
46661;35608
35608;10091
10091;46574
46574;12994
12994;15580
15580;39578
39578;927
927;12143
12143;48686
48686;21964
21964;7296
7296;44678
44678;17855
17855;31782
31782;40081
40081;18354
18354;24629
24629;29513
24629;46236
29513;43949
46236;32372
43949;2358
2358;12169
12169;20231
20231;12453
12453;11925
11925;31590
31590;8175
8175;26390
26390;41266
41266;39369
23802;24161
24161;4097
4097;6478
6478;44180
44180;19599
19599;44679
44679;8450
8450;46504
46504;288
288;8447
8447;36069
36069;43768
43768;44203
44203;47446
47446;4633
4633;12996
12996;27875
27875;39691
39691;40909
40909;34803
34803;4901
4901;39369
4901;40327
40327;33381
33381;39213
39213;48105
48105;6871
6871;17142
6871;47958
17142;21243
47958;37663
21243;2948
21243;27987
27987;3736
3736;7208
7208;40953
40953;7038
40953;23642
7038;18684
23642;36062
18684;16867
16867;5141
5141;12979
12979;16510
16510;15751
15751;5555
5555;22255
22255;1980
1980;31219
31219;18309
18309;43643
43643;33718
33718;38425
38425;36626
36626;43576
43576;34267
34267;22756
22756;48386
48386;16225
16225;18983
18983;27301
27301;47773
47773;8163
8163;15883
15883;32530
32530;43811
43811;43396
43396;13192
13192;23865
23865;12158
12158;742
742;5350
5350;30770
30770;1929
1929;42375
42375;8516
8516;45748
45748;1983
1983;22114
22114;23448
23448;14802
14802;849
849;46114
46114;40245
40245;48281
48281;7396
7396;20160
20160;23723
23723;8533
8533;41768
41768;38896
38896;15333
15333;23258
23258;19173
19173;39908
39908;7932
7932;19706
19706;24928
24928;25617
25617;41646
41646;37814
37814;43899
43899;30834
30834;3159
3159;39585
39585;41863
41863;29133
29133;36292
36292;44646
44646;27454
27454;5172
5172;47408
47408;42273
42273;1482
15473;30913
15473;10093
30913;36566
10093;38257
36566;14547
14547;5050
5050;5263
5263;22159
22159;3443
3443;28287
3443;43772
28287;47416
43772;5770
47416;10257
10257;1588
1588;38909
38909;18986
18986;45299
45299;47192
45299;40948
47192;42285
40948;47948
42285;3471
3471;1321
1321;47227
1321;5770
47227;36164
36164;1482
47948;23579
23579;1688
1688;17861
17861;13102
13102;41385
41385;25249
38257;10524
10524;34758
34758;39746
39746;17560
17560;9310
9310;3977
3977;34371
34371;32208
32208;21839
21839;38964
38964;35698
35698;41835
41835;20313
20313;20440
20440;26099
26099;18705
18705;30737
30737;15874
15874;24647
24647;38058
38058;45377
45377;47080
47080;14143
14143;13746
13746;18075
18075;29836
29836;7319
7319;47209
47209;27271
27271;14622
14622;32751
32751;11526
11526;8645
8645;13786
13786;15842
15842;47479
47479;28166
28166;8938
8938;10097
10097;7559
7559;26041
26041;9702
9702;13321
33108;10412
10412;521
521;17902
17902;46781
46781;30232
30232;37979
37979;28226
28226;25287
25287;19695
19695;23411
23411;2548
2548;30488
30488;48011
48011;8772
8772;24204
24204;43399
43399;14966
14966;46423
46423;2223
2223;31613
31613;40103
40103;40818
40818;41571
41571;2235
2235;35068
35068;21292
21292;40700
40700;21512
21512;341
341;33296
33296;2977
2977;28252
28252;35239
34993;28276
28276;4637
4637;10917
10917;39066
39066;38100
38100;26426
26426;5545
5545;30302
30302;32372
34017;44840
44840;3473
3473;24443
24443;18809
18809;34022
34022;17980
17980;14992
14992;46446
46446;6053
6053;22823
22823;47421
47421;42062
42062;36224
36224;30497
30497;302
302;2911
2911;28221
28221;34169
34169;20549
20549;17225
17225;24163
24163;33618
33618;46230
46230;45925
45925;45632
45632;38876
38876;25377
25377;17125
17125;19141
19141;3886
3886;26783
26783;30053
30053;39964
39964;17333
17333;6010
6010;16524
16524;11795
11795;6277
6277;24738
24738;39858
39858;28011
28011;19331
19331;35695
35695;18352
18352;36826
36826;7713
7713;25395
25395;9658
9658;3644
3644;17377
17377;8953
8953;20470
20470;45273
45273;38209
38209;28186
28186;44493
44493;25712
25712;1590
1590;36729
36729;17089
17089;2490
2490;45647
45647;4492
4492;23299
23299;5774
5774;31867
31867;24862
24862;41729
41729;45995
45995;47790
47790;35826
35826;46402
46402;14700
14700;15627
15627;8869
30116;28158
28158;34922
34922;29159
29159;14358
14358;47182
47182;40044
47182;9851
40044;36266
9851;1798
36266;12923
12923;8858
8858;445
445;35061
35061;40874
40874;3630
3630;36499
36499;29562
29562;29559
29559;16396
16396;34222
15668;18685
18685;23753
23753;1525
1525;42675
42675;19058
19058;4708
4708;4036
4036;28113
26354;23797
23797;48517
48517;32500
32500;7941
7941;5778
5778;36655
36655;25598
25598;1798
18631;21714
21714;40966
40966;8681
8681;8856
8856;14190
14190;1074
1074;40095
40095;26018
40095;4325
26018;10136
4325;18630
10136;12852
12852;44592
44592;42243
42243;44375
44375;35276
35276;20643
20643;10338
10338;18268
18268;20120
18489;27697
15506;10676
10676;43790
43790;26815
26815;36327
36327;10451
10451;17864
17864;36507
36507;24899
24899;31262
31262;35635
35635;28380
28380;28917
28917;2464
2464;23989
2464;38914
38914;14113
14958;37868
37868;43537
20109;15625
15625;42764
42764;1578
1578;31028
31028;5391
5391;5416
5416;40380
40380;24797
24797;35481
38846;3824
3824;9587
9587;47170
27713;41447
41447;47206
47206;24346
24346;21614
21614;47144
47144;48287
48287;29909
29909;47649
47649;34288
34288;13401
13401;22913
32108;14166
14166;29251
29251;11880
11880;27580
27580;35080
35080;26967
26967;36321
36321;36801
36801;32075
32075;13511
27161;32736
32736;6718
6718;48582
46151;17481
17481;7386
7386;21203
21203;38155
38155;38500
38500;48367
48367;29690
29690;28183
28183;20972
20972;38382
29364;26427
29364;3400
3400;33907
33907;27265
10233;1856
1856;34513
34513;5129
5129;35273
8420;20324
20324;48294
48294;44766
44766;8370
8370;19574
12696;5171
5171;5068
5068;33881
33881;4331
4331;5634
5634;34523
34523;47061
47061;32717
32717;6534
6534;25642
25642;6176
6176;5507
5507;43775
43775;17247
17247;27931
27931;4106
38168;40449
40449;40480
40480;30753
30753;14171
14171;48484
48484;37403
37403;41250
41250;32436
32436;37704
37704;28557
28557;16349
16349;10339
10339;29334
29334;18410
18410;33234
33234;25886
25886;36280
36280;11212
11212;41838
41838;7265
7265;30286
30286;39443
39443;34336
34336;44543
44543;17927
17927;1235
1235;15626
15626;44790
44790;15182
44790;7686
7686;31303
31303;20689
20689;33547
33547;20858
20858;14476
14476;39454
39454;42172
42172;22416
22416;3545
3545;19787
19787;3259
3259;40008
40008;45845
45845;3320
3320;494
494;3163
3163;34738
34738;19214
27132;41405
41405;9619
33566;44274
33566;10717
44274;20959
10717;44268
10717;19399
20959;1947
19399;38588
6692;25650
25650;29565
29565;32619
32619;42880
42880;15440
15440;20552
20552;41811
41811;11895
41811;28546
28546;28978
28978;12375
48243;18188
48243;12346
18188;12346
12346;6493
21900;33195
33195;44138
44138;45904
44138;132
45904;45114
45904;42362
132;46016
45114;46796
42362;3808
46016;44540
3808;32377
32377;435
19339;45078
19339;31505
31505;5076
28184;29391
28184;48660
31425;29391
13364;6201
13364;26977
13364;47325
6201;6419
26977;32795
47325;2076
6419;4275
6419;42329
6419;10699
4275;31809
4275;586
42329;10699
42329;32379
42329;46918
31809;42628
42628;2631
2631;42082
42082;29084
32795;17878
17878;23761
2076;28578
32379;2407
46918;4207
2407;7663
7663;4207
5045;6688
6688;1878
1878;28044
28044;8691
8691;1865
1865;8508
8508;44002
44002;38968
38968;13727
13727;10596
10596;43008
43008;37481
37481;43897
37481;13113
13113;44064
39273;15254
15254;32465
32465;10240
10240;34537
34537;23479
13349;3508
3508;38584
38584;847
847;30673
11696;25972
25972;44014
44014;15718
15718;16925
16925;19261
19261;35041
35041;12921
12921;8270
8270;33282
33282;46200
46200;33425
33425;40364
40364;35316
10294;46691
46691;3750
3750;38567
38567;3450
3450;47983
47983;47367
47367;12280
12280;31713
31713;34340
34340;36480
36480;46950
36480;29142
46950;39880
21521;39527
39527;10186
10186;36947
36947;47783
47783;5721
5721;11049
11049;23908
23908;44810
44810;18275
18275;22888
22888;35735
35735;16313
16313;20502
20502;17332
17332;25442
28540;19157
19157;4568
4568;24564
24564;22272
22272;5874
27796;2668
2668;22564
22564;26860
26860;46400
46400;5916
5916;36673
36673;17248
17248;16969
16969;22536
22536;12176
12176;43721
43721;25600
25600;4100
4100;27046
27046;46284
3519;32532
32532;21810
21810;25117
25117;25293
25117;32059
32059;13370
13370;23701
23701;40498
23701;20830
20830;7456
36147;33786
33786;43924
43924;18667
43924;31124
18667;952
31124;43246
43246;39456
39456;47993
47993;14273
14273;42956
37360;10652
10652;43127
43127;43066
7347;2183
2183;38026
38026;12160
12160;32642
32642;11560
11560;32504
32504;11045
11045;38339
11045;1078
38339;11783
1078;47894
11783;26688
26688;36136
36136;43625
43625;8578
47894;17257
17257;11589
17257;12713
11589;27811
27811;26409
26409;3896
36712;1717
18370;23610
23610;21107
21107;20839
20839;28440
28440;12032
25567;18198
18198;3280
3280;4024
4024;14914
14914;11751
11751;14755
14755;32843
32843;29887
29887;27364
27856;40335
40335;47709
47709;14985
14985;21584
21584;11512
11512;6220
11512;11327
6220;7269
11327;47145
11327;13722
11327;11938
13722;19647
13722;36258
13722;2244
11938;20288
19647;7627
36258;42716
7627;24566
7627;19676
19676;37604
37604;46500
37604;14776
46500;14343
14776;28131
48641;30055
30055;46014
46014;45972
45972;27051
27051;23193
27051;34603
27051;47866
27051;22953
23193;34915
47866;13621
22953;13621
34915;6590
6590;4048
23905;9397
23905;19048
23905;40043
9397;24529
19048;40043
24529;45635
1330;44204
1330;36487
1330;10016
36487;8629
10016;8629
10016;28170
35702;46204
28170;20266
20266;18534
18534;31805
31805;3553
26717;45837
45837;11844
11844;22394
22394;22773
22773;37449
37449;18724
18724;40768
40768;42916
40768;46286
17609;40087
40087;29210
29210;40924
43340;36232
36232;2738
2738;48031
28131;32805
32805;23
23;26353
26353;31898
31898;24406
24406;27739
27739;40799
27739;34867
40799;15944
42716;42347
42347;4691
4691;31014
31014;26972
31014;23365
26972;24815
26972;22734
23365;31496
24815;15315
22734;45381
31496;6225
6225;39054
39054;30547
30547;47868
45381;16460
16460;37894
16460;2262
2262;36560
24863;15315
36560;46309
46309;10062
46309;32203
10062;17903
32203;17410
17903;391
391;478
478;5997
5997;37263
37263;13206
13206;682
682;254
254;7911
7911;18184
17410;23056
23056;36379
36379;13307
13307;16208
16208;10466
10466;6709
37663;13394
13394;3587
3587;33647
33647;9654
9654;39906
39906;2394
2394;2337
2337;13885
13885;35633
35633;8391
8391;42790
42790;27981
27981;9935
9935;42745
9935;30447
42745;23172
30447;45857
45857;40128
40128;12561
12561;8147
8147;15189
15189;20101
20101;25698
25698;1592
1592;21191
21191;2332
2332;31998
31998;30363
30363;8203
8203;40762
40762;45749
45749;46685
46685;37555
37555;36527
36527;21135
21135;14526
14526;209
209;35837
35837;16368
16368;45385
45385;8644
8644;6659
6659;8152
8152;35862
35862;30702
30702;18893
18893;15485
15485;21721
21721;30220
30220;46628
46628;10591
46628;31247
10591;21777
21777;9364
9364;16539
16539;36884
36884;29505
29505;21490
21490;9162
9162;20632
20632;29726
29726;18846
18846;37265
37265;5365
5365;31669
31669;15428
35091;43389
43389;20288
36062;23443
23443;43871
43871;29024
29024;5421
5421;10360
10360;27997
12106;28819
28819;8649
8649;47772
47772;38670
38670;26120
26120;9768
9768;22381
22381;8545
8545;22510
22510;30244
30244;31178
31178;31121
31121;43438
9254;18018
18018;14134
14134;31193
31193;4971
31193;10757
4971;43298
10757;10939
10939;46122
39248;18759
44808;2578
2578;6879
2578;30919
6879;11433
30919;39260
30919;9775
30919;17407
11433;16425
16425;27369
27369;39260
9775;21059
17407;25319
21059;41147
41147;11002
11002;31633
11002;32140
31633;11272
32140;48463
32140;22384
11272;25319
48463;4855
22384;19719
4855;28046
28046;14740
14740;22534
22534;38039
38039;43428
19719;3455
3455;36009
36009;21866
21866;18164
18164;1458
1458;44614
44614;7489
7489;5174
5174;41175
5174;16031
41175;12509
16031;33572
12509;43428
33572;11542
11542;6704
6704;41491
41491;47107
34414;42307
42307;882
882;20004
20004;10899
10899;7861
7861;22181
22181;15356
15356;42555
42555;28897
17336;12005
12005;22622
12005;40850
22622;47945
47945;7336
7336;30242
30242;13534
13534;5851
5851;7816
33354;9686
33354;12831
33354;6166
9686;43626
12831;5707
6166;41064
43626;4230
4230;25328
25328;30779
30779;33082
33082;13345
13345;13461
13461;15604
15604;28886
28886;26790
26790;8362
8362;7416
8362;27773
7416;50
27773;37299
50;26662
50;4809
4809;38501
37299;38501
5707;13819
13819;8128
8128;41064
45460;34465
45460;38731
34465;1713
38731;46989
1713;18367
18367;4529
4529;46681
46681;41981
41981;2144
46989;4784
4784;4393
4393;36695
36695;6869
6869;20855
20855;20027
20027;17
17;29312
17;36134
29312;38004
6253;229
15006;7052
229;27927
27927;22870
7052;14135
37444;3976
3976;44181
44181;5245
44181;34766
5245;29267
5245;14829
34766;24998
14829;8854
8854;41287
41287;38341
38341;21397
21397;41696
41696;42650
42650;24998
21826;30036
30036;16249
30036;34062
16249;31620
34062;31620
24050;37588
37588;1446
1446;45967
45967;9750
45967;42567
9750;275
9750;5810
275;42117
5810;37091
42117;32238
32238;39926
39926;28191
39926;34356
28191;24534
9708;19209
19209;15421
15421;22441
22441;44554
10354;12094
12094;31195
9312;31876
31876;33362
44794;37838
37838;15388
15388;10142
10142;8060
8060;32021
32021;6495
6495;30658
30658;7211
7211;45382
45382;31621
26214;7527
7527;35543
35543;3117
3117;627
627;24985
24985;16135
40476;45611
40476;27037
40476;11744
45611;22835
27037;40056
22835;40538
40538;48430
48430;16135
10582;20697
20697;13062
20697;9222
13062;2506
9222;38504
27274;15173
15173;11308
11308;27002
27002;19504
19504;46863
46863;751
751;948
948;9987
9987;28663
9987;3325
9987;10342
28663;34306
3325;10342
34306;9744
9744;38407
9744;9778
38407;29239
9778;17868
9778;30721
9778;37858
29239;9922
17868;48233
17868;39201
30721;17357
37858;42690
48233;10525
39201;19345
19345;9455
9455;4519
4519;23182
17357;5793
5793;15362
15362;10020
10020;42690
18855;40269
40269;28938
28938;3682
28938;38557
3682;17039
38557;41301
17039;46516
46516;10915
41301;27953
41301;45373
27953;34982
45373;44915
34982;11989
11989;22270
22270;15052
15052;38000
38000;13397
13397;32835
7147;25166
25166;3214
25166;6760
3214;38912
6760;20140
20140;19050
19050;9689
9689;20986
13647;45500
13647;6486
13647;23678
6486;28688
23678;13069
28688;48300
48300;22148
22148;48514
48514;15017
15017;2366
13069;30434
13069;37674
37674;42793
42793;32957
32957;23510
23510;47625
47625;39359
39359;40999
4248;17741
4248;38074
4248;27224
17741;21409
38074;27224
21409;8742
21409;17600
8742;33661
17600;46817
17600;38499
46817;31477
38499;29260
31477;18458
7334;25545
7334;38121
7334;14803
7334;11548
38121;30386
14803;4863
14803;21677
11548;5920
5920;13719
5920;3148
13719;149
3148;28016
3148;36207
149;40709
149;8396
40709;7266
8396;28357
7266;28952
28952;10188
28952;14164
10188;8211
14164;36156
8211;34312
36156;2893
36207;3970
3970;45456
3970;30249
45456;18547
45456;461
45456;42549
18547;32050
42549;6940
42549;15275
13989;5366
5366;32050
5366;12168
30688;3906
3906;30386
6928;37955
37955;38363
38363;5824
5824;6953
5824;12826
5824;25189
6953;13033
12826;38630
13033;41644
14816;24661
13105;9773
9773;35945
9773;10553
35945;1570
1570;36353
36353;42630
33456;20619
20619;33926
33926;39772
33926;25081
39772;42416
25081;43366
42416;32767
32767;17497
17497;7655
7655;2029
2029;21541
2029;23475
21541;44939
43366;16428
16428;38128
38128;30090
30090;4420
4420;18398
18398;4495
4495;46330
46330;3628
46330;28977
28977;6461
6461;11228
11228;9608
9608;36374
36374;2751
2751;8511
8511;26757
26757;39775
39775;2871
2871;39306
39306;42532
42532;34883
34883;47770
47770;32036
32036;47064
32036;43872
43872;4121
4121;18674
4121;31283
8528;10748
10748;14487
14487;20726
47599;44938
44938;32225
32225;28779
28779;32676
28779;5951
32676;31064
31064;14424
14424;38406
38406;28575
28575;13590
39292;29359
29359;33517
33517;44508
44508;22618
22618;23062
23062;14341
14341;19794
19794;40471
40471;28150
35093;9242
9242;13232
13232;24756
24756;14723
14723;11700
7490;24445
17598;35381
35381;33002
33002;29401
29401;19530
19530;28553
28553;27504
27504;13734
13734;7298
7298;15345
43835;8317
8317;38428
38428;31733
31733;10896
10896;10593
10593;45177
45177;46686
46686;5546
5546;13566
13566;44402
44402;38055
38055;28259
28259;22999
22999;1003
1003;14586
14586;433
433;42516
42516;33677
33677;41781
41781;9751
9751;20051
20051;15655
15655;28370
28370;8384
8384;39230
39230;1767
1767;2256
2256;43468
43468;35681
35681;35368
35368;14444
14444;31376
31376;21050
25805;22864
22864;463
463;21050
19168;4794
4794;44498
44498;23869
23869;34722
34722;21708
21708;6113
6113;19418
19418;25144
25144;44852
44852;22932
22932;38770
38770;18503
18503;3313
3313;17252
17252;13260
13260;47289
47289;24827
24827;23183
23183;38294
38294;14831
14831;40912
40912;39996
39996;19029
19029;32778
32778;40463
40463;9021
9021;21369
21369;32580
32580;19575
19575;23222
23222;48551
48551;32655
8829;84
84;9882
84;32163
9882;6910
6910;27477
6910;38079
27477;46704
38079;47235
46704;37705
46704;34728
37705;21060
34728;47862
21060;31932
31932;1982
1982;39276
39276;33056
33056;1949
1949;39983
39983;8439
8439;10284
10284;10356
10356;16464
16464;28541
47235;2885
2885;3184
47956;30822
30822;23417
30822;42263
23417;6553
6553;31668
6553;47363
31668;45417
47363;10749
45417;14843
45417;516
14843;15472
516;41173
15472;30755
30755;13515
13515;27229
27229;24964
24964;22358
22358;16868
16868;29660
29660;42746
42746;7063
7063;10722
10722;36500
10749;17884
17884;40280
48667;13872
13872;18209
18209;36769
18209;3332
36769;22699
3332;45983
22699;27241
27241;43855
27241;32859
43855;29289
32859;16715
29289;28511
28511;38272
38272;17182
16715;38241
38241;32272
38241;25408
32272;18526
18526;41723
41723;26500
26500;13060
13060;10653
10653;36656
36656;3089
3089;36435
36435;43500
43500;38545
45983;28913
38545;14846
14846;20486
14846;10358
20486;20302
40611;20286
20286;8765
8765;14371
15352;14117
14117;18265
18265;29219
29219;44929
44929;11752
11752;31503
31503;21463
31503;23330
23330;2586
19403;32094
32094;5459
5459;25479
39518;644
39518;36589
644;41996
36589;1340
41996;17585
17585;38097
38097;33879
33879;27574
27574;35838
35838;44042
44042;12988
12988;2412
2412;41778
41778;6646
6646;42986
42986;43892
43892;2403
2403;4746
4746;15659
15659;44078
44078;3985
3985;5087
5087;41259
41259;14386
14386;39991
39991;43234
43234;25247
25247;31278
31278;33441
33441;9641
9641;2656
2656;12063
12063;35189
35189;45772
45772;16630
16630;31884
31884;14873
14873;18469
18469;33708
33708;19759
19759;44643
44643;6784
6784;39988
39988;11192
11192;47381
47381;14150
14150;3898
3898;26372
26372;1541
1541;45392
45392;5568
5568;33387
33387;37487
37487;19165
19165;4088
4088;17415
17415;27926
27926;47259
47259;13584
13584;15365
15597;31372
31372;26063
26063;30278
30278;43467
43467;32202
32202;5000
5000;34355
34355;27158
27158;18796
27158;15466
18796;46241
46241;23055
23055;20836
20836;35780
35780;30917
5337;11252
11252;1203
1203;12829
12829;20832
20832;37273
37273;28178
28178;1961
1961;28996
28996;153
153;1026
20314;23440
23440;16813
16813;14079
14079;43075
43075;41726
41726;36858
36858;31493
31493;42849
42849;34437
34437;17439
38835;14372
14372;14180
14180;1893
1893;40925
48554;11215
11215;10647
11215;359
10647;13611
359;25188
359;43260
13611;21706
25188;34451
43260;39867
34451;18072
18072;34691
34691;16667
16667;43275
43275;5552
32508;38522
38522;2705
2705;30718
30718;29279
29279;41037
41037;6895
6895;12879
12879;7602
7602;33210
33210;10275
10275;39867
283;25534
25534;42645
42645;12296
12296;13576
13576;48382
48382;9593
9593;21871
21871;1806
1806;12328
12328;19813
19813;27615
27615;37251
37251;20261
20261;39797
39797;41423
41423;14814
14814;31946
31946;46620
46620;1848
1848;47165
47165;30083
30083;17324
17324;25164
25164;40751
40751;44136
44136;20544
20544;16698
16698;31495
31495;42859
42859;45908
45908;20831
20831;19397
19397;37944
37944;48584
48584;28278
28278;24980
24980;37287
37287;11531
11531;26760
26760;37899
37899;9899
9899;19494
19494;16560
16560;24570
24570;41666
41666;38979
38979;37510
37510;1340
9861;44291
44291;2258
2258;24773
24773;21766
21766;47029
47029;2457
2457;7209
7209;10884
10884;12763
12763;3867
3867;21526
21526;34854
34854;15669
15669;25315
25315;13169
13169;16303
16303;40511
40511;13312
13312;27025
27025;17153
17153;46854
46854;23838
23838;17249
17249;36927
36927;28734
28734;15134
15134;35604
35604;7442
7442;5921
5921;4135
4135;45744
45744;32893
32893;31097
31097;11093
11093;36746
36746;42495
42495;4277
4277;33235
4277;32034
33235;17071
32034;34112
17071;29966
29966;21989
21989;39589
39589;19177
19177;13407
13407;15367
15367;20458
20458;5358
5358;31233
31233;38798
38798;18530
18530;13909
13909;44248
44248;36304
36304;31987
31987;17374
17374;17163
17163;1467
1467;4903
4903;12577
12577;14023
14023;9101
9101;44362
44362;21035
21035;38824
38824;29412
29412;21789
21789;26537
26537;37413
8803;42907
42907;24949
24949;26001
26001;15483
15483;6907
6907;14001
14001;34112
39055;37533
37533;36233
36233;4904
4904;35396
35396;5221
5221;43360
43360;28156
28156;36186
36186;11932
11932;18391
18391;26418
26418;12337
12337;36238
36238;13139
13139;33744
33744;28244
28244;9634
9634;48258
48258;13001
13001;31783
31783;15246
15246;28388
28388;30006
30006;17782
17782;4943
4943;25610
25610;6627
6627;3746
3746;38773
38773;28542
28542;14076
14076;39417
39417;14211
14211;11816
11816;38547
38547;47889
47889;39154
39154;42972
42972;20622
20622;12784
12784;25421
25421;34387
34387;6202
6202;3952
3952;41614
41614;39723
39723;9588
9588;43628
43628;9495
9495;42697
42697;17561
17561;37057
37057;34396
34396;14314
14314;15090
15090;26338
18557;10557
10557;20693
20693;14973
14973;41274
41274;27097
27097;12754
12754;39788
39788;7554
7554;2569
2569;27385
17577;28474
28474;26488
26488;33233
33233;40684
25101;46566
46566;10406
10406;39696
39696;28472
28472;30450
28472;47591
30450;20020
30450;26384
47591;37688
20020;21169
26384;7258
37688;30264
30086;2263
2300;45675
2300;23103
45675;43651
23103;17985
43651;432
432;30848
30848;25590
25590;25480
25480;25332
25332;43113
43113;25946
25946;1802
25946;24382
25946;45445
24382;4445
41800;36036
41800;44406
36036;35442
44406;44140
35442;3350
3350;21670
21670;32801
32801;31631
31631;1298
1298;32940
32940;12267
12267;39768
39768;26098
26098;8215
26098;24947
8215;23931
24947;46576
23931;15763
15763;11691
11691;25186
25186;44713
46576;27436
27436;16907
16907;6997
6997;40332
40332;41706
41706;13632
13632;21263
21263;5798
5798;14603
14603;20695
20695;16650
16650;547
547;5753
5753;13121
13121;39672
39672;31263
31263;47134
31263;3469
47134;46852
3469;21458
21458;43852
43852;4445
43852;41127
41127;16832
16832;11558
11558;34591
34591;35724
34591;12566
34591;3208
3208;25653
25653;10829
10829;27104
27104;36902
36902;11166
44140;29451
29451;7223
7223;3462
3462;33104
33104;22307
36470;45834
36470;32634
36470;18971
45834;11394
32634;40657
18971;12924
11394;7697
7697;47219
47219;3971
3971;46265
46265;7601
7601;12934
7601;10540
7601;16070
10540;38171
16070;10418
38171;45015
45015;35606
35606;4895
4895;8980
8980;11111
11111;19149
19149;18887
18887;9620
9620;38330
38330;2639
2639;43490
43490;5811
5811;8444
8444;31785
31785;6526
6526;38927
33984;39003
38927;8067
8067;22409
22409;28421
28421;39017
39017;5991
5991;3449
3449;45085
45085;30797
30797;6528
6528;26826
26826;23523
23523;29904
29904;19914
19914;32535
32535;43469
43469;41592
43469;6829
41592;845
6829;9292
845;6819
9292;27075
27075;31476
31476;30577
30577;32407
32407;5454
5454;6163
6163;35340
35340;42078
35340;11690
35340;39719
42078;14515
11690;16246
39719;26070
14515;9300
9300;6433
6433;42381
42381;38622
38622;4736
4736;17109
17109;28495
28495;23924
23924;31951
31951;34546
34546;19974
19974;29551
29551;47791
47791;48347
48347;45768
45768;8500
8500;1158
1158;27565
27565;22389
27565;2120
22389;16833
2120;9871
16833;20422
20422;44662
44662;13857
13857;18580
6819;38532
38532;34236
34236;13443
13443;18217
18217;26983
26983;19752
19752;37782
37782;45369
45369;2127
2127;43846
43846;442
442;1442
442;44282
1442;23982
44282;23589
23982;12856
12856;31850
31850;17314
17314;7951
7951;32395
7951;23070
32395;35439
23070;28638
35439;6639
6639;14105
6639;45638
14105;26921
14105;25784
45638;27442
26921;34606
25784;15705
34606;10393
10393;26498
26498;40251
40251;46813
46813;27995
27995;30011
30011;31462
31462;26573
26573;21794
26573;19175
21794;25105
19175;17077
25105;47886
17077;4399
4399;3818
4399;31530
9511;34563
27442;41507
27442;8090
27442;7496
8090;12506
7496;5388
5388;20202
20202;29882
29882;26397
26397;8268
8268;39776
39776;43989
43989;22333
22333;35142
35142;22311
22311;13003
13003;45688
45688;31230
28638;34458
15705;9
31230;32204
32204;26911
26911;897
897;27786
27786;29763
29763;2141
2141;6755
6755;39548
39548;44500
44500;32974
32974;2889
2889;25515
25515;4053
4053;12483
12483;35971
35971;44494
44494;34503
34503;16470
16470;33219
33219;11807
11807;23689
23689;25697
25697;25006
25006;27501
27501;29813
27501;10725
29813;43636
10725;3413
43636;46065
46065;8557
8557;40746
40746;14251
40746;26367
14251;11091
26367;4471
11091;18030
18030;15688
15688;24347
24347;6578
6578;24794
24794;32016
32016;47490
47490;29268
29268;2940
2940;4471
2940;20809
20809;5158
5158;15481
15481;46957
46957;19383
19383;31344
31344;47723
47723;32809
32809;31075
31075;33453
40657;16244
16244;30709
30709;2189
2189;45084
45084;37293
37293;16052
16052;20686
20686;22039
22039;46928
46928;41083
41083;36584
41083;38324
36584;4487
38324;47128
4487;6581
6581;13332
13332;17698
17698;26261
26261;8596
8596;45922
45922;11034
11034;32948
32948;14636
14636;43586
43586;20332
20332;31650
31650;14226
14226;23133
23133;2781
2781;22495
2781;28667
22495;20806
28667;18042
47128;42224
42224;24872
24872;32651
32651;23540
23540;4403
23540;37337
4403;11774
37337;41009
11774;45980
45980;18042
18042;40793
40793;24147
24147;11336
11336;35526
35526;328
35526;3623
3623;31094
31094;13485
31094;43199
13485;35907
43199;16558
35907;3905
16558;22775
22775;45064
45064;47184
47184;21118
21118;42012
42012;14363
14363;2801
14363;32597
2801;14024
32597;7824
14024;25957
25957;2644
2644;14110
7824;22963
22963;33673
33673;38563
41009;20885
20885;28796
28796;30012
30012;9911
9911;48428
48428;21471
21471;45788
33453;8490
8490;6383
6383;22015
6383;12155
22015;4721
12155;1564
1564;44442
1564;16185
44442;7896
16185;35502
7896;25657
25657;38752
38752;39166
39166;1240
1240;7572
7572;48242
7572;4905
4905;17994
35502;37129
35502;44416
35502;25724
37129;41935
44416;30810
25724;34077
25724;36689
41935;13369
13369;8416
8416;16127
16127;5315
5315;9095
9095;48296
48296;46443
30810;33472
33472;44151
44151;19132
39594;35469
35469;5334
5334;3765
3765;16060
16060;35914
35914;39432
39432;25801
25801;17829
17829;22600
22600;21775
21775;9871
16246;42146
42146;37722
37722;797
797;5122
5122;11767
11767;10687
10687;5355
5355;9799
9799;35265
35265;40913
40913;48001
48001;35043
35043;33930
33930;4040
4040;24941
4040;34226
24941;47647
34226;3247
47647;22876
22876;32241
32241;11007
11007;28345
3247;4013
3247;26929
26929;40472
40472;7279
7279;19649
19649;40712
40712;38444
38444;22701
22701;8857
8857;33532
33532;6445
6445;18150
18150;19864
10418;29614
29614;38878
38878;43069
43069;19321
19321;9069
9069;47753
47753;41409
41409;28006
28006;10604
10604;40837
40837;45017
45017;34411
34411;43020
43020;6571
6571;4822
4822;27230
27230;3617
3617;14402
14402;29917
29917;8264
8264;8635
8635;43247
43247;3915
34801;35534
35534;33937
33937;38145
38145;46071
46071;25635
25635;38359
38359;29103
29103;24331
24331;6425
6425;40387
40387;27326
27326;37232
37232;17689
17689;24762
17689;42771
24762;20795
42771;35262
35262;38780
38780;11888
11888;4523
4523;19832
19832;40728
40728;7484
7484;34632
34632;28880
28880;42711
42711;39632
39632;48362
48362;40720
40720;3785
3785;45001
3785;43789
43789;22958
22958;23377
23377;8874
23377;44609
44609;38995
38995;31122
38995;12960
31122;2699
12960;14104
2699;21540
21540;39910
39910;7846
7846;45414
45414;19806
19806;8398
8398;22723
22723;46294
46294;23093
23093;40477
40477;1174
1174;43150
43150;37708
37708;18066
18066;33696
33696;2995
2995;30671
30671;24130
24130;7365
7365;23135
23135;38237
38237;46005
46005;30710
46005;15676
30710;30068
30068;16374
16374;48452
48452;11665
11665;377
377;29665
29665;39409
39409;3917
3917;38801
38801;7642
38801;23455
7642;19359
23455;16009
34563;3130
3130;7869
7869;47915
47915;39648
39648;35963
35963;27502
27502;28284
28284;8436
8436;29855
29855;35235
17994;2359
17994;11839
11839;13361
13361;4293
4293;45779
45779;40886
40886;14290
14290;13055
13055;29556
29556;15909
15909;35112
15909;2453
2453;24769
24769;38541
24769;1760
38541;17604
36689;3490
3490;18402
18402;14162
14162;10441
10441;44673
44673;45547
45547;1847
45547;14505
1847;13840
14505;15960
3413;2171
2171;42822
42822;8519
8519;29378
29378;45893
45893;39827
39827;3255
3255;32438
32438;41056
41056;13378
13378;2692
2692;39884
39884;25701
25701;47994
47994;23065
23065;37434
37434;45477
45477;22523
22523;45120
45120;47038
47038;39840
39840;32269
32269;5842
5842;45596
45596;12022
12022;40005
40005;13948
13948;7889
7889;41594
41594;33583
33583;8617
8617;37164
37164;43327
43327;44154
44154;31690
31690;37150
37150;30340
30340;24684
38049;27616
38049;39019
27616;41940
39019;1954
41940;42968
42968;32527
32527;33653
33653;12788
12788;19810
19810;32390
32390;39962
39962;24371
24371;36545
36545;24935
24935;37483
37483;39933
39933;30329
30329;11892
11892;11563
11563;47072
47072;7843
7843;44923
44923;15784
15784;8109
8109;16916
16916;24684
23589;34957
34957;31661
31661;606
606;9868
9868;7376
7376;19155
19155;15279
15279;2583
2583;26119
26119;37486
37486;39078
37486;41262
41262;3004
3004;35644
35644;32770
32770;47007
47007;41964
47007;1037
41964;1891
1891;8201
8201;14642
19359;23546
23546;23445
23445;30732
30732;14015
14015;13868
13868;12924
26070;7674
7674;34543
34543;16968
16968;42895
42895;13944
13944;8809
8809;27069
27069;6330
6330;14732
14732;41865
41865;12581
12581;40213
40213;4586
4586;2834
2834;755
755;20965
755;1320
20965;44526
1320;899
44526;44846
44846;34467
34467;6043
6043;35075
35075;20620
35075;34184
20620;21553
34184;16389
21553;30877
30877;26633
16389;33111
899;32493
899;36534
36534;29915
29915;44218
44218;24247
24247;44403
44403;17569
17569;45829
45829;26344
17975;33225
33225;47498
47498;879
879;35520
35520;44107
44107;11804
11804;27986
27986;43867
43867;27723
27723;8828
8828;3983
3983;5899
5899;41079
41079;31007
31007;12991
12991;19513
19513;46404
46404;5936
5936;42821
42821;43329
43329;13698
13698;39482
39482;19223
39003;31401
31401;19270
19270;27664
27664;47764
47764;12037
12037;30643
30643;45909
45909;9205
1954;4255
4255;30890
30890;48395
48395;2042
2042;3699
3699;10102
10102;24277
24277;22914
22914;27067
27067;30851
30851;18357
18357;38381
38381;26743
26743;42729
42729;5783
5783;24541
24541;4145
24541;45960
45960;17199
17199;25987
25987;41351
41351;12116
12116;36934
36934;3671
3671;2055
2055;24565
24565;44529
44529;1775
1775;13729
13729;18129
18129;9319
18129;10823
9319;42995
10823;24950
42995;25831
42995;10154
25831;9732
10154;1752
1752;36158
36158;30344
30344;13696
13696;4039
4039;21561
21561;12114
12114;2038
2038;21088
21088;39966
39966;21211
21211;47251
21211;20108
47251;37122
20108;38581
37122;21780
38581;24486
24486;21021
21021;30817
1155;32131
32131;48654
48654;1344
1344;40559
40559;39502
39502;16683
16683;28722
28722;24454
24454;8289
8289;34650
34650;16928
16928;26139
26139;41338
41338;30817
16009;17777
17777;35789
35789;34357
34357;23295
34357;21080
21080;14531
14531;8794
8794;33259
33259;28790
28790;27975
27975;38077
38077;41945
41945;34826
34826;3492
3492;14426
14426;12236
12236;10054
10054;29442
29442;40408
40408;13462
13462;10045
10045;38911
38911;20309
20309;26802
26802;40584
40584;26485
26485;4108
4108;45656
45656;2999
2999;10545
10545;26738
26738;10319
10319;39097
39097;18315
18315;6490
6490;10106
10106;11342
11342;37171
37171;45425
45425;1106
1106;5280
5280;36358
36358;3935
3935;20705
20705;37690
37690;46234
46234;22165
22165;9466
9466;34789
34789;546
546;22413
22413;41282
41282;2445
2445;21649
21649;8230
21649;27180
8230;9513
27180;39356
9513;38899
38899;47069
38899;33816
47069;37181
33816;28883
37181;12707
41725;37667
41725;10526
37667;39376
10526;15541
14450;18918
18918;22314
6859;9179
6859;8354
9179;45169
8354;34813
24950;3964
3964;2888
2888;44847
12707;30208
12707;1231
30208;28381
1231;15076
28381;48586
48586;33824
33824;8820
8820;44538
44538;27304
27304;39356
15076;13684
13684;10613
10613;19534
19534;26630
26630;41499
26630;16858
41499;36369
16858;629
36369;8525
8525;950
8525;32315
8525;1617
950;17448
32315;17862
1617;20996
17448;39062
17448;25463
39062;47842
25463;15335
47842;3243
3243;262
3243;39912
262;30409
39912;20245
30409;25477
25477;19831
19831;27808
27808;24520
24520;21437
21437;6241
6241;6702
6702;16568
16568;8659
8659;10893
10893;18919
18919;15846
15846;19780
19780;23974
23974;4900
4900;4939
4939;1829
1829;29242
29242;22884
29242;46395
22884;971
46395;43107
971;35632
39376;45118
39376;19501
39376;39622
45118;8935
19501;19951
39622;37303
8935;3770
3770;23106
3770;33144
23106;13280
33144;8464
13280;41271
41271;45781
45781;36399
36399;34132
34132;24070
24070;22439
22439;19584
19584;47892
47892;36913
36913;48520
36913;18468
18468;43470
43470;35355
35355;35864
35864;27200
27200;19225
27200;47340
19225;32713
47340;39041
32713;31381
19951;47820
47820;29048
29048;4528
4528;40880
40880;46491
46491;21062
8464;37848
37848;45532
45532;39336
39336;38515
39336;8848
8848;18167
45169;41624
41624;30093
30093;30423
30423;44897
44897;39382
39382;39072
39072;18027
18027;21293
21293;9786
21293;48015
9786;5864
48015;22308
5864;32282
32282;37906
37906;39610
39610;40767
40767;44292
44292;40421
40421;17603
17603;25139
25139;31350
31350;33284
33284;18624
18624;24606
24606;28240
28240;45081
45081;10359
10359;47847
47847;2049
2049;29949
29949;30835
30835;41558
41558;38904
38904;43180
43180;41138
41138;40401
40401;47374
47374;44523
44523;1091
1091;582
582;19943
19943;4865
4865;40841
40841;47393
47393;43318
43318;3899
3899;41190
41190;46291
46291;17862
29379;4996
4996;11968
11968;26010
26010;20996
31381;44199
44199;37083
37083;45732
45732;32740
32740;13685
13685;24857
24857;30765
30765;22761
22761;47576
47576;7652
7652;47431
47431;8800
8800;10629
10629;28739
28739;46188
28739;26251
28739;11020
28739;25679
46188;45736
26251;14011
11020;4835
25679;2862
45736;28684
28684;30583
30583;45625
45625;48332
48332;10430
10430;31319
31319;48092
48092;37155
37155;25914
25914;2419
2419;15593
15593;515
515;39106
39106;22335
22335;44698
44698;29740
29740;23951
23951;13678
13678;3828
3828;43683
43683;33529
33529;46018
46018;45860
45860;22849
22849;44124
44124;10057
10057;16752
16752;19966
19966;38454
38454;15566
15566;11451
11451;9616
9616;24937
24937;10906
34813;23132
23132;36851
36851;6777
6777;6726
6726;23482
23482;4212
4212;32110
32110;10220
10220;35632
28394;13811
13811;8993
13811;8701
8993;24287
8993;47237
8701;43900
8701;46215
24287;23789
23789;24781
24781;10943
10943;38144
10943;44000
38144;43002
43900;48078
43900;31441
46215;27820
27820;23398
23398;32815
32815;22308
42612;30253
30253;7079
30253;22314
7079;15760
15760;24249
24249;2741
24249;40534
24249;47484
2741;12610
40534;3855
12610;24267
24267;32127
24267;33810
24267;17734
32127;27933
32127;46499
17734;10401
27933;9019
21062;44219
44219;10705
10705;46331
46331;9710
9710;46551
46551;30490
30490;17111
17111;11979
11979;5260
5260;4418
4418;39458
39458;42820
42820;4451
4451;39842
39842;4218
4218;21997
21997;30909
30909;45383
45383;44601
44601;48213
48213;2960
2960;25601
2960;38015
25601;3521
25601;23584
23584;33044
33044;43102
43102;42159
43102;14339
42159;23141
14339;31206
23141;24388
37303;13628
13628;44499
44499;23388
44499;32696
32696;20520
20520;2651
2651;27980
27980;27228
27228;43117
43117;6852
6852;18786
28883;25732
25732;27792
27792;18558
18558;37849
37849;28426
28426;15337
15337;33681
33681;34452
34452;47391
47391;41088
41088;47509
47509;14692
47509;12175
14692;11588
12175;1529
11588;14581
14581;11937
11937;25992
25992;11143
25992;41795
1529;17880
1529;37748
17880;28446
37748;22341
37748;48708
28446;32022
28446;6587
32022;46399
6587;21848
46399;29385
29385;32055
32055;2707
2707;20798
20798;13762
21848;22655
22341;47257
48708;13694
47257;36974
36974;2314
2314;44842
44842;25758
25758;20856
20856;9995
9995;46261
46261;18389
18389;26203
26203;9334
9334;43930
43930;30491
30491;14653
14653;12471
12471;16861
16861;38219
38219;41223
41223;40233
40233;47985
47985;27311
27311;29064
29064;40433
40433;5910
5910;1411
1411;30941
30941;34496
34496;36225
36225;5049
5049;46568
5049;44557
46568;11503
44557;27640
13694;18514
18514;23821
23821;10266
10266;1493
1493;16151
16151;6816
6816;6911
6911;40169
40169;629
43107;9550
9550;44705
44705;3660
3660;17438
17438;39783
39783;35716
35716;6025
6025;21140
21140;19650
19650;40515
40515;7251
7251;7656
7656;1751
1751;29576
29576;8458
8458;40980
40980;39817
39817;35879
35879;15541
24388;48612
48612;38423
38423;2014
2014;6585
39041;25234
25234;5737
5737;6665
6665;21271
21271;38016
38016;2115
2115;2439
2439;44931
44931;16796
16796;36413
36413;41303
41303;46729
46729;20393
20393;45459
45459;15281
15281;11165
11165;44975
44975;43417
43417;334
334;23099
23099;14011
14104;33072
33072;30013
30013;10193
10193;11079
11079;25083
25083;23725
23725;19205
4835;16886
16886;19541
19541;27170
27170;7743
2862;6178
6178;31070
10906;30682
30682;4965
30682;39748
4965;20256
20256;39393
39393;16186
16186;24746
24746;25251
25251;43569
43569;18340
18340;33920
33920;36932
36932;16268
16268;19528
19528;33403
33403;7494
7494;22292
22292;30836
30836;46313
46313;29353
29353;11614
11614;30026
30026;25040
25040;7091
7091;23995
23995;14283
14283;21469
21469;16404
16404;27614
27614;25248
25248;45447
45447;46237
46237;5794
5794;23651
23651;23618
23618;1600
1600;46885
46885;39714
39714;9464
9464;9694
9694;46099
46099;14293
14293;47031
47031;14421
14421;10290
10290;35405
35405;7341
7341;5015
5015;17113
17113;15641
15641;38862
38862;3266
3266;47563
47563;6392
6392;17082
17082;4847
4847;10736
10736;22847
22847;46595
46595;15023
15023;29237
29237;30354
30354;33832
33832;20136
20136;4832
4832;10325
10325;8660
8660;9002
9002;29528
29528;6465
6465;21461
21461;44764
44764;13018
13018;36525
36525;13074
13074;37656
37656;37815
37815;41741
37815;40586
41741;9659
40586;30
9659;35597
30;40376
40376;32691
32691;10212
10212;21767
10212;42323
21767;46272
42323;37111
46272;24490
24490;46920
32962;33350
46920;23771
23771;26881
26881;12779
12779;9344
9344;24723
24723;4543
4543;42624
42624;31067
31067;13941
13941;36234
13941;25510
36234;13710
25510;45512
38586;13905
13710;17482
17482;37276
37276;41355
41355;3610
3610;4240
4240;33565
33565;42779
42779;28066
28066;7925
7925;4348
4348;2785
2785;26828
2785;44384
26828;3842
26828;40642
44384;24320
3842;22287
40642;24326
24326;7118
7118;30661
30661;23894
23894;13838
13838;31439
31439;43224
43224;4244
4244;34662
34662;43639
43639;46244
46244;182
182;37071
37071;35682
35682;3045
3045;42096
42096;10033
10033;22742
22742;38005
38005;34610
34610;28363
28363;17787
28363;28610
17787;42850
28610;42111
42850;2612
31206;45174
45174;1080
1080;43613
43613;22207
22207;15648
15648;40052
40052;26725
26725;34213
34213;15693
15693;10107
10107;7325
7325;41547
41547;38258
38258;11201
11201;17783
17783;4773
4773;38326
38326;11375
11375;12046
12046;22966
22966;9169
9169;21972
21972;34000
34000;40012
40012;22641
22641;40830
40830;38207
38207;23955
23955;12084
12084;6922
6922;22951
22951;23464
23464;15512
15512;11464
11464;5659
5659;3140
3140;47463
47463;34137
34137;1410
1410;5660
5660;37005
37005;7862
7862;19187
19187;6656
6656;32220
32220;35232
35232;3198
3198;17900
17900;27678
27678;5892
5892;33626
33626;38915
38915;23663
23663;9313
9313;40155
40155;31407
31407;45782
45782;7006
7006;35578
35578;21628
21628;36907
36907;4817
4817;45505
45505;2920
2920;6393
6393;14036
14036;2322
2322;4733
4733;1851
1851;31741
31741;4677
4677;46827
46827;17588
17588;24262
24262;16905
16905;11361
11361;17449
17449;31531
31531;39392
39392;41939
41939;14463
14463;27731
27731;5178
5178;11421
11421;25191
25191;25540
25540;804
804;34988
34988;40820
40820;8707
8707;12277
12277;293
293;12648
12648;13346
13346;36005
13346;36768
13346;42234
36005;15889
36768;29799
42234;34173
15889;39183
39183;17126
17126;16743
16743;15390
15390;13091
13091;37946
37946;17053
17053;27806
27806;26137
26137;38544
38544;36456
38544;9358
36456;23522
9358;37590
9358;48650
37590;42917
48650;47878
42917;29799
34173;43517
43517;36450
36450;48203
48203;36393
36393;25851
25851;3621
48461;31659
31659;24969
24969;19638
19638;8363
8363;41824
41824;48316
48316;35845
35845;43481
43481;36735
36735;37870
37870;36300
36300;30432
30432;19728
19728;24301
24301;27137
27137;2739
2739;21892
21892;40316
40316;24678
24678;28547
28547;28921
28921;33505
33505;25934
25934;11732
11732;36222
36222;35140
35140;35994
35994;46599
46599;7368
7368;2367
2367;11872
11872;1630
1630;28428
28428;17185
17185;2616
2616;12279
12279;11502
11502;6764
6764;8176
8176;10548
10548;12961
12961;34191
34191;14172
14172;11503
27640;34440
41785;17067
17067;40952
17067;19812
19812;46589
46589;3758
3758;39729
39729;47724
47724;26236
26236;9099
9099;16890
16890;41569
41569;45789
45789;17684
17684;26617
26617;40135
40135;20245
9863;23477
23477;11314
11314;46420
46420;8359
8359;19797
8359;42188
19797;16935
42188;23180
16935;31953
23180;19205
47330;38329
38329;4136
4136;11728
11728;6446
6446;12076
12076;47543
47543;19467
19467;41055
41055;6062
41055;47878
6062;1632
1632;2876
2876;40190
33350;13116
13116;5033
5033;8437
8437;32925
32925;24440
24440;35861
35861;18192
18192;21297
21297;28163
28163;705
705;47386
47386;23655
23655;13981
13981;16441
16441;5130
5130;33621
5130;36660
33621;5641
36660;21845
5641;40234
40234;33912
33912;18943
18943;32340
32340;39264
39264;27375
27375;32150
32150;18658
18658;31072
31072;15714
31072;40306
15714;26684
40306;29291
26684;30236
30236;18568
18568;4242
4242;19957
19957;22363
22363;16549
22363;41509
16549;3831
41509;10885
3831;35371
35371;35514
35514;15582
15582;622
622;27410
622;24355
27410;42751
45172;27370
24355;46996
42751;3428
3428;40092
40092;1108
40092;7139
1108;48288
7139;6058
48288;2463
2463;27460
27460;31813
31813;16555
16555;34461
16555;4788
34461;30559
4788;39810
30559;21696
21696;13173
13173;23910
23910;42088
42088;11667
11667;38594
38594;23465
23465;19139
31953;22467
22467;12078
12078;24657
24657;2909
19139;20059
20059;26255
26255;24475
24475;8758
8758;11928
11928;39510
39510;28320
28320;48471
48471;15790
15790;36370
36370;39814
39810;30257
30257;8561
8561;48232
48232;30377
46996;10885
29291;20045
20045;17144
17144;33604
33604;42470
42470;40000
21845;33415
21845;36167
33415;29059
36167;43942
29059;26614
26614;30604
43942;34845
34845;12109
12109;16106
16106;30705
30705;45888
45888;30579
30579;8624
8624;24361
24361;7578
7578;12409
12409;875
37111;16304
16304;47588
16304;9547
9547;35597
2612;27194
27194;11041
27194;3228
11041;4301
3228;33569
4301;15555
15555;19153
19153;28531
28531;10522
10522;2505
10522;8174
2505;26229
2505;47634
8174;9323
26229;17634
47634;29248
17634;32437
32437;46712
32437;13976
46712;20756
13976;12247
20756;7733
7733;23128
23128;38858
38858;19227
19227;20471
20471;2532
2532;35776
35776;48342
48342;39699
39699;33889
33889;23184
23184;11682
11682;36445
36445;35931
35931;14437
12247;48402
48402;34679
34679;31727
31727;43616
24320;18937
18937;45512
13905;11281
14437;36822
36822;37907
37907;9672
9672;36998
36998;9630
9630;8220
8220;45588
45588;34643
34643;32979
32979;47748
47748;41582
41582;25562
25562;23993
23993;1995
1995;9078
9078;15515
15515;21596
21596;34599
34599;27479
27479;43181
43181;41295
41295;14751
14751;32343
32343;27529
27529;21073
27529;18378
21073;30076
18378;5806
30076;11014
11014;6483
6483;18992
18992;46251
46251;43893
43893;24981
24981;46698
46698;30793
30793;36483
36483;6741
6741;12880
12880;14596
14596;29575
29575;29021
29021;47665
47665;30839
30839;36743
36743;35771
35771;40202
40202;18946
18946;36235
36235;2083
2083;22595
22595;9275
9275;3426
3426;5062
3426;18011
5062;40382
18011;48507
40382;6631
6631;7978
7978;39303
39303;31442
31442;30177
30177;45499
45499;14351
14351;22577
22577;24742
24742;38639
38639;46475
46475;23107
23107;6714
6714;29821
29821;13631
13631;452
452;26197
26197;10398
10398;13862
13862;23454
23454;38156
38156;31392
31392;21530
21530;36085
36085;5553
5553;39210
39210;39216
39216;42500
42500;41160
41160;45312
45312;29957
45312;3344
29957;22184
3344;1758
22184;7426
7426;2571
35730;18113
2571;8298
8298;10684
10684;41221
41221;27754
27754;6326
6326;19356
19356;2431
15789;20413
2431;6842
6842;18284
18284;14109
18284;37593
14109;25349
37593;19314
25349;42130
42130;2933
2933;37613
37613;29901
29901;46861
46861;33183
33183;30827
30827;40916
40916;15369
15369;41820
41820;3549
3549;10005
10005;21733
21733;862
862;2297
862;42981
2297;37699
42981;37934
37699;11152
11152;1041
1041;33470
23876;30599
33470;33614
23722;30560
33614;24101
31938;14792
24101;4598
4598;42236
42236;3353
3353;43308
43308;4271
4271;24086
24086;28757
24086;7227
24086;15155
28757;25236
7227;35025
15155;37252
25236;40293
40293;14930
14930;8945
8945;6377
6377;15122
15122;3773
3773;35432
35432;30841
30841;20551
20551;19927
19927;16559
16559;7202
7202;5453
5453;29807
29807;6739
29807;43848
6739;9037
43848;12582
9037;2015
2015;9337
9337;14495
14495;38305
38305;44783
44783;40964
44783;45873
40964;37294
45873;10462
37294;40404
10462;35285
35285;10082
10082;38193
38193;9853
9853;2581
2581;30903
30903;9446
9446;39538
39538;20828
20828;44088
44088;3115
3115;17051
17051;9357
9357;38332
43616;21479
21479;37272
37272;38385
38385;1685
1685;28753
28753;32565
32565;29053
29053;11564
11564;47767
29248;43565
9323;39902
39902;29335
29335;3501
3501;30628
3501;35859
30628;21785
35859;17865
21785;45316
45316;43588
45316;33131
43588;29519
33131;1840
17865;39590
39590;35531
39590;21597
39590;10919
21597;21364
10919;14799
21364;47407
14799;29589
29589;3989
3989;33569
37934;40577
37934;34416
40577;12640
34416;35145
12640;17300
17300;31535
31535;38299
10223;3652
38299;20844
20844;16783
16783;15983
15983;29514
29514;2102
2102;35549
35549;37458
37458;36434
36434;21308
21308;13405
13405;19169
19169;21322
21322;2847
2847;1333
1333;15197
15197;45511
45511;43766
43766;41908
41908;42795
42795;10208
10208;28206
28206;25403
11281;44947
44947;3204
3204;18520
18520;40446
40446;14360
14360;20276
20276;38925
38925;12950
12950;47911
47911;21102
21102;24219
25403;36178
36178;37714
37714;45068
45068;32281
32281;6295
6295;41659
41659;11856
11856;16476
16476;34246
34246;13614
13614;16003
16003;30388
30388;26870
26870;3807
3807;9447
9447;35973
35973;24154
24154;26374
26374;37908
37908;29158
29158;1000
1000;46933
46933;28155
28155;44076
44076;27022
27022;7129
7129;21434
21434;25655
25655;34167
34167;7493
7493;13034
13034;8960
8960;8946
8946;29951
29951;47262
47262;22293
22293;39010
22293;4444
4444;399
399;40209
40209;23508
23508;29171
29171;21647
21647;26727
26727;31466
31466;17128
17128;45054
45054;37223
37223;48089
48089;27829
27829;12343
12343;1538
1538;1272
1272;15716
15716;30850
30850;13270
13270;42262
42262;46276
46276;14521
14521;30129
30129;21750
21750;7231
7231;33666
33666;45676
45676;13038
13038;4546
4546;15101
15101;43217
43217;19027
19027;17985
30560;48349
48349;20971
20971;14176
14176;44205
44205;10138
10138;9624
9624;15093
15093;3609
3609;18967
18967;22247
22247;34659
34659;29409
29409;47260
47260;28043
28043;840
840;26295
26295;32190
32190;30644
30644;33310
33310;25084
33310;12281
25084;34639
12281;11656
34639;16998
16998;29906
29906;30355
29906;22237
30355;23227
22237;37903
23227;18572
18572;24436
24436;37385
37385;34742
34742;41033
41033;20413
35025;39645
39645;44502
44502;2549
2549;30988
30988;43991
43991;2113
43991;19042
2113;30612
19042;20612
30612;44249
44249;27990
27990;23950
23950;5055
5055;27835
27835;18170
18170;33467
33467;24429
24429;7606
7606;45300
45300;22021
22021;20368
20368;41684
41684;31768
41684;41117
31768;46062
41117;5475
46062;40560
5475;46015
46015;18868
18868;47814
47814;3718
3718;32074
32074;37424
37424;9215
9215;32577
32577;29132
29132;11990
11990;39931
39931;30774
30774;41239
41239;48150
48150;43756
48150;1672
1672;31609
1840;43274
43274;48531
48531;19437
19437;14904
19437;28224
1758;31817
31817;26886
31817;4887
26886;37670
4887;42279
37670;29990
37670;31105
31105;13347
42279;14025
14025;9902
9902;31325
31325;23054
23054;35018
5806;42776
5806;6332
42776;17400
6332;4190
17400;584
584;30077
30077;29619
29619;23430
15837;42695
23430;42522
42522;30190
30190;33835
33835;23218
23218;24453
24453;46460
46460;1574
34291;45735
45735;45185
45185;39749
39749;46696
46696;26966
26966;10399
10399;40814
40814;32782
32782;31682
31682;15389
15389;44799
44799;20353
20353;20861
20861;24014
24014;6843
6843;12523
6843;46256
12523;47767
46256;15130
15130;28277
28277;46793
28277;7803
46793;398
398;42111
42111;6632
38332;29435
29435;32915
32915;31020
31020;16278
31020;44949
16278;23697
44949;29300
23697;8851
8851;27965
27965;45590
45590;40619
40619;25119
25119;41925
41925;12401
12401;208
208;18619
18619;48062
48062;42427
42427;22388
22388;36168
36168;8871
8871;4659
4659;20154
20154;44581
15149;34444
44581;42898
42898;34353
34353;27779
27972;16605
27779;12303
12303;43820
43820;43353
43353;7987
7987;6839
6839;23917
23917;20464
20464;35734
35734;9752
35734;28662
9752;41184
41184;9034
9034;40021
40021;41358
41358;22977
41358;4085
22977;36012
4085;24996
36012;44053
44053;8134
8134;26763
26763;26420
26420;8061
8061;18003
18003;33028
33028;44690
24996;41952
41952;10710
10710;30472
12582;20612
14792;37252
14792;19868
30599;30218
30218;5439
35822;33142
33142;14832
14832;8114
8114;13707
13707;4802
4802;13425
13425;12957
12957;21094
22208;12654
12654;28430
12654;4676
33540;12958
33540;31638
31638;34952
34952;28592
28592;36720
11656;14031
14031;27600
27600;15794
15794;46092
46092;31186
31186;24717
24717;43994
43994;2521
2521;32351
32351;21499
21499;42084
42084;11810
11810;16237
16237;25737
25737;41347
25737;47147
47147;4257
37903;30708
30708;734
734;19908
19908;9795
9795;2917
2917;34929
34929;45550
1901;45763
33047;6399
45763;44829
44829;47988
47988;33669
33669;16475
16475;26438
16475;45709
26438;40985
40985;29874
29874;37709
6399;1787
1787;28881
35145;18035
18035;38377
38377;22856
22856;27523
27523;18495
18495;16280
16280;28323
28323;41857
41857;18700
18700;8867
8867;11579
11579;28627
28627;35580
35580;43522
43522;18008
18008;22376
22376;24576
24576;34326
34326;4689
4689;3161
3161;8542
8542;27073
27073;44200
44200;45004
45004;6729
6729;21153
21153;8142
8142;2073
8142;19667
19667;32857
32857;24342
24342;46519
46519;21693
21693;20648
20648;19997
19997;5745
44255;11524
11524;39107
39107;3652
29300;39855
29300;27273
27273;12543
12543;31830
31830;7936
7936;17834
7936;38637
38637;23260
23260;32446
32446;9391
9391;22928
22928;28089
28089;18277
18277;9372
9372;14094
14094;24309
14094;41780
41780;39837
39837;11291
11291;47022
47022;42372
42372;28430
28430;3992
4676;16902
16902;22952
22952;40093
40093;37530
37530;16605
44690;34215
34215;20395
20395;34286
34286;47601
47601;39713
39713;46736
46736;1612
1612;27208
27208;45665
45665;40670
40670;47927
47927;9007
9007;39124
39124;31420
31420;26897
26897;11501
11501;27531
27531;15035
15035;32215
32215;34130
34130;41707
41707;41787
41787;5352
5352;4160
4160;2363
2363;40716
40716;20540
20540;7732
7732;34663
34663;16339
16339;10267
10267;17537
17537;40781
40781;27337
27337;2122
2122;37341
37341;18753
18753;24611
24611;44420
44420;23225
23225;3065
3065;6063
6063;26653
26653;7782
7782;43786
43786;6671
6671;23343
23343;34825
34825;25620
25620;27827
27827;10560
10560;5653
5653;46535
46535;6219
6219;28844
28844;7822
7822;1373
1373;25879
25879;47685
47685;15272
15272;23083
23083;40464
40464;36426
36426;48008
48008;29232
29232;33460
33460;42582
42582;29750
42582;31212
29750;33070
31212;30996
33070;26722
26722;33873
33873;18902
18902;36561
36561;24626
24626;25514
24626;19462
25514;47803
19462;16955
47803;14294
14294;9617
9617;44681
44681;23949
23949;47879
47879;15336
15336;37778
37778;47453
47453;10744
10744;16962
16962;40622
40622;14380
14380;36919
36919;8866
8866;8713
8713;38383
38383;11993
11993;38110
38110;24461
24461;16273
16273;29099
29099;42978
29099;6209
6209;10628
10628;28456
28456;2022
2022;27103
27103;30617
30617;34453
30617;26215
34453;5860
26215;37683
19314;25386
25386;37559
37559;12057
12057;35867
35867;36669
5860;26191
26191;47234
26191;30072
8530;46010
30072;7857
46010;37683
37683;21559
21559;39504
18786;30522
30522;47398
47398;29857
29857;8801
29857;12631
8801;41076
12631;31370
12631;30760
41076;43017
31370;32178
30760;42287
32178;27843
32178;483
27843;11581
483;35557
11581;20001
42287;17209
17209;21403
21403;296
44940;11138
11138;5726
5726;12526
12526;29952
29952;22644
29952;31038
22644;26550
31038;40896
26550;31069
31069;8285
8285;27355
27355;36380
40896;6713
6713;24839
24839;1866
36380;17552
42695;32432
32432;10443
10443;22551
22551;8927
8927;41606
41606;39208
39208;23560
4190;30543
4190;11088
30543;36680
11088;28126
36680;17546
28126;9804
9804;38816
9804;35897
9804;10595
35897;27682
10595;11566
10595;47555
27682;17779
27682;7779
11566;22882
47555;8463
22882;40310
40310;19913
19913;3235
10962;8021
8021;19424
19424;10254
10254;21229
21229;30921
30921;15783
15783;16352
16352;43313
43313;2882
2882;44837
44837;38742
38742;14322
14322;25030
25030;42991
42991;25640
25640;4189
25640;10226
10226;17308
17308;36521
36521;35942
35942;19352
19352;43953
43953;41386
41386;15280
15280;19701
19701;46532
19701;38340
46532;6058
38340;8325
8325;9382
9382;15776
15776;35714
15776;191
35714;7297
191;37229
7297;11623
37229;11633
43747;39633
39633;24641
24641;41570
4796;37295
37295;6391
39814;47313
47313;29583
29583;30561
30561;24654
24654;45570
45570;13714
13714;26046
26046;33297
33297;38136
38136;13653
13653;34403
34403;28296
28296;38372
38372;19387
19387;6327
6327;8597
8597;44438
3235;38101
3235;39927
38101;30400
39927;730
30400;38123
730;40307
40307;4170
4170;13912
13912;455
455;5123
5123;27947
8463;9716
9716;12941
12941;8348
8348;26605
26605;15250
26605;10818
26605;20378
15250;3283
10818;7196
20378;8049
3283;6237
6237;25116
7196;29155
29155;11994
8049;45610
45610;24620
24620;27300
2746;14634
14634;1830
1830;32622
32622;17296
17296;23682
23682;9299
9299;21105
21105;26556
26556;33592
33592;21604
21604;15993
15993;27044
27044;11211
11211;48135
48135;4614
4614;1200
1200;43264
43264;24383
24383;26408
24383;25169
26408;14749
25169;17369
14749;6242
6242;41046
41046;12431
12431;1043
1043;45443
45443;39877
39877;17189
17189;41523
41523;24958
41523;18673
18673;44155
44155;29847
29847;5871
5871;18160
18160;13408
13408;7335
7335;45971
45971;20508
20508;43304
43304;23979
23979;9487
9487;27340
27340;8041
8041;46289
46289;12393
17369;45324
45324;33197
33197;13181
44438;2810
2810;42265
42265;18538
18538;22969
22969;8368
8368;29626
29626;6502
6502;32248
32248;39601
39601;10149
10149;9164
9164;6302
6302;24554
6302;6026
24554;24323
6026;26930
24323;2210
2210;45609
45609;36707
36707;27865
27865;310
310;35323
35323;24278
24278;25447
25447;42022
42022;36717
36717;11087
11087;1302
1302;3638
3638;43079
43079;42977
42977;28792
28792;18049
18049;21149
18049;1561
21149;18730
1561;35127
12393;13132
13132;19656
19656;45956
45956;2825
2825;25982
25982;30133
30133;11533
11533;29389
29389;13339
13339;7078
7078;36421
36421;37216
37216;9693
9693;38109
38109;367
38109;43751
367;5283
43751;39549
5283;12364
12364;10727
10727;35007
35007;26532
26532;13414
13414;24778
24778;12167
12167;19043
19043;32289
32289;7676
7676;6016
6016;33059
33059;22201
22201;35711
35711;7668
7668;25025
25025;23456
23456;19863
19863;35532
35532;29933
29933;33630
33630;30833
30833;43972
30833;6629
43972;37331
6629;37805
37331;33380
33380;243
243;20799
20799;7487
7487;3209
3209;33909
33909;20281
20281;32185
32185;21318
21318;42860
42860;5887
5887;21929
21929;18776
18776;24080
24080;37081
37081;26706
26706;13597
26706;4153
13597;43735
4153;10956
43735;22960
22960;36073
36073;7290
7290;18657
18657;33570
18657;19211
33570;12190
19211;14983
39549;45790
45790;8925
8925;12100
12100;30920
30920;9425
9425;35707
35707;7966
7966;40828
40828;6809
6809;28114
28114;32754
32754;24198
24198;30048
30048;28030
18730;12578
12578;37190
37190;12240
37190;22286
12240;40718
22286;29810
40718;19628
19628;44825
44825;41654
41654;34713
34713;19520
19520;16756
16756;3686
16756;41159
3686;2269
41159;12914
41159;40159
2269;47765
47765;3897
3897;14663
14663;45856
45856;25517
25517;39819
39819;41974
41974;6754
6754;37923
37923;36734
36734;20406
36734;29010
36734;26749
20406;7034
7034;46120
46120;18504
18504;30275
30275;35996
35996;26682
26682;9329
9329;43968
43968;41533
43968;19455
41533;24858
19455;28552
24858;36747
36747;29978
29978;28095
28095;19679
19679;17735
17735;35844
17735;36223
17735;31211
17735;24049
35844;45150
36223;39057
31211;596
24049;38114
45150;26154
26154;36416
36416;19432
19432;46327
46327;589
589;10484
10484;17802
17802;47507
47507;4747
47507;39329
4747;45681
39329;45210
45681;8581
8581;2364
8581;34059
2364;26627
34059;16144
16144;6653
6653;8461
8461;2257
2257;37432
37432;6613
6613;37922
37922;32916
45210;26218
26218;6551
6551;1314
1314;24521
24521;35806
35806;16206
16206;31903
31903;46232
46232;21796
21796;21743
21743;45432
45432;22588
22588;5502
5502;36046
36046;3018
3018;46055
46055;18228
18228;19886
18228;9880
9880;45224
596;24758
24758;12915
12915;39406
39406;45251
45251;35069
45251;18430
35069;40673
18430;22486
40673;3734
3734;1444
1444;32132
22486;35675
35675;37837
37837;27495
27495;45133
45133;37285
37285;9892
37285;46548
9892;24759
46548;44911
24759;22578
22578;41932
41932;18234
18234;13596
13596;4944
4944;47005
47005;1369
44911;2777
2777;41667
41667;15320
15320;45340
45340;20779
20779;27766
27766;16772
16772;48077
48077;22615
22615;35881
35881;11753
11753;19854
19854;27904
27904;17831
17831;18295
18295;36643
36643;38114
36643;15497
15497;11128
15497;46692
13347;24900
24900;32703
32703;27269
27269;48095
48095;10348
10348;48533
48533;46279
46279;32054
32054;46000
46000;10690
10690;36623
36623;35892
35892;47342
47342;48099
48099;20775
20775;2218
2218;22058
2218;5581
5581;34145
34145;3908
3908;14394
14394;22437
22437;43397
43397;36535
36535;45820
45820;29482
29482;19710
19710;9681
9681;15137
15137;48507
12190;18876
18876;47168
47168;32971
32971;22422
22422;34283
34283;29558
29558;17085
17085;4111
4111;10414
10414;18912
18912;23998
23998;42281
42281;41521
41521;22754
22754;25055
25055;9728
9728;3271
3271;19033
3271;27534
19033;10964
27534;5944
10964;21496
21496;28955
28955;9576
9576;17246
17246;25437
25437;37326
25437;19880
37326;40049
19880;17635
40049;45272
17635;5849
5849;13503
13503;7356
7356;13159
7356;20633
13159;40398
20633;19977
40398;28204
40398;9649
9649;10589
10589;19400
19400;33644
33644;28225
28225;5404
5404;10392
10392;27125
27125;34678
34678;30685
30685;20608
20608;4970
4970;28438
28438;25074
25074;6914
6914;13479
13479;29012
29012;48543
48543;12797
12797;47935
47935;7049
7049;27771
27771;18496
18496;6929
6929;28642
28642;17859
17859;19098
19098;21651
21651;26930
1369;37901
37901;41326
41326;32844
32844;2245
2245;13630
13630;40836
40836;17242
17242;18706
18706;17517
8121;42320
17517;10528
10528;14136
14136;42058
42058;3409
3409;1263
1263;33856
33856;7111
7111;31814
7111;43977
33363;13252
31814;25658
43977;1113
25658;31082
31082;44354
44354;16639
16639;2211
2211;37624
37624;44300
44300;28308
28308;2625
2625;27354
27354;8613
8613;5137
5137;9436
9436;47925
47925;10985
10985;11397
11397;35127
39442;632
632;26313
26313;45132
45132;19748
19748;17027
17027;33141
17027;45476
33141;6305
33141;40654
33141;29271
45476;19128
6305;11128
40654;42557
29271;20178
46692;37382
37382;717
717;19128
42557;5292
5292;40484
40484;23911
23911;48592
7857;33847
33847;20141
20141;23916
23916;28651
28651;37497
37497;2524
2524;36227
36227;43984
43984;324
324;20131
20131;14022
14022;17220
17220;15347
15347;10620
10620;40059
40059;34409
34409;2576
2576;26002
26002;42
42;29105
29105;45115
45115;43918
43918;10900
10900;43507
43507;12984
12984;17267
17267;46231
46231;9558
9558;14344
14344;26756
26756;21147
21147;13679
13679;34573
34573;27414
27414;38638
38638;33880
33880;40158
40158;48442
48442;46335
46335;45397
45397;45094
45094;22946
22946;5512
5512;12908
12908;12150
12150;5346
5346;43807
43807;15888
15888;13380
13380;13797
13797;16105
16105;12064
16105;29727
12064;13772
29727;46790
13772;32673
32673;6742
6742;9805
9805;42388
42388;35303
35303;44234
44234;29049
29049;26943
26943;38040
38040;3170
3170;1828
1828;9997
9997;5347
5347;25102
25102;17725
17725;9959
9959;23938
23938;5833
5833;31791
31791;41489
38322;19438
41489;12045
12045;136
136;26915
26915;43593
26915;36493
43593;47918
36493;4488
47918;7772
7772;20788
20788;47286
47286;18956
18956;29209
29209;33207
33207;23991
23991;30626
30626;16899
16899;17801
17801;39969
39969;28074
39969;9553
28074;16311
9553;30584
16311;19571
19571;32953
19571;8352
32953;23685
32953;25816
8352;13161
23685;31504
25816;44912
31504;2336
2336;29653
29653;6848
6848;41814
41814;29181
41814;22626
29181;43982
22626;1912
43982;22449
22449;44774
22449;16090
44774;11326
16090;15650
11326;9279
9279;8366
8366;24238
24238;6248
6248;40878
40878;9151
9151;27717
9151;16808
27717;29605
16808;13371
29605;30370
29605;24603
30370;30937
24603;41015
30937;9246
9246;26730
26730;2915
2915;45077
45077;45253
45253;48257
48257;16022
24343;14373
16022;30221
30221;34827
34827;23349
23349;1070
1070;31421
31421;38974
38974;2609
38974;8082
2609;14682
8082;37123
8082;1134
14682;32063
32063;23714
23714;9860
9860;24224
15650;45716
45716;45419
45419;41167
41167;38729
38729;5422
5422;39881
39881;2811
2811;48185
48185;44912
48592;39244
39244;36857
36857;9811
9811;42426
42426;18136
18136;15277
15277;9335
9335;22081
22081;13664
13664;6939
6939;24942
24942;45538
45538;32270
32270;32618
32618;44992
44992;35718
35718;45496
45496;31046
31046;25009
25009;4469
4469;42759
42759;41018
41018;35051
35051;46217
46217;31869
31869;47424
31869;25295
31869;1608
47424;48198
25295;36961
1608;46693
41690;29745
41690;27500
29745;42892
27500;29173
42892;32014
32014;13523
13523;4404
4404;28929
28929;41537
41537;16074
41537;31106
16074;39025
31106;38102
39025;45969
45969;48198
36961;29173
37805;36187
36187;38457
38457;9615
9615;7206
7206;10365
10365;36816
36816;41318
41318;24449
24449;19729
19729;42215
42215;27654
27654;8187
8187;18611
18611;28360
28360;25546
25546;44068
44068;40794
40794;4122
4122;8322
8322;24097
24097;28102
28102;10956
14983;45042
45042;45334
45334;45523
45523;11920
45523;42109
11920;20524
42109;18320
20524;23653
23653;5200
5200;24422
24422;20687
20687;21146
21146;39997
45272;30619
30619;19977
20178;25557
25557;48021
48021;16553
16553;1067
1067;29380
29380;35438
35438;25649
25649;4729
4729;32639
32639;10720
10720;44729
44729;17797
17797;30325
30325;14210
14210;46693
38102;13080
13080;40802
40802;28115
28115;43876
43876;4081
4081;31795
31795;27989
27989;8862
8862;27554
8862;17793
27554;30531
17793;30198
17793;39639
30531;34280
34280;33247
33247;1089
1089;8015
8015;23541
23541;45644
45644;678
678;39247
39247;8831
8831;23200
23200;15088
15088;9856
9856;1429
1429;35010
35010;47675
47675;7463
7463;9557
9557;48390
48390;21974
21974;41401
41401;16960
16960;47740
47740;1028
1028;10169
10169;32996
20082;7096
8911;2638
24821;17175
17175;47410
47410;19306
47410;29073
47410;12866
1912;11294
11294;31599
31599;19517
19517;31176
46790;759
46790;19665
759;20535
19665;17746
20535;19919
19919;14432
14432;10986
10986;37379
37379;27
27;48716
48716;30590
17746;15477
17746;17501
15477;6942
17501;27329
6942;41850
41850;23043
23043;28730
28730;45617
45617;4551
4551;22814
22814;9610
9610;37756
27329;17502
17502;37518
24224;25936
25936;26689
26689;41924
41924;4421
4421;9737
9737;41367
41367;27704
27704;42504
42504;35948
35948;42979
42979;29781
29781;8406
8406;18175
18175;27398
27398;30514
30514;34685
34685;26205
26205;34987
34987;24806
24806;7294
7294;21313
21313;37879
37879;1871
1871;42834
42834;47707
47707;24322
24322;507
507;44507
44507;13259
13259;36662
36662;38802
38802;29613
29613;12978
12978;5889
5889;1831
1831;29785
29785;26864
26864;31584
31584;20661
20661;43970
43970;745
745;13219
13219;25973
25973;31214
31214;46454
46454;17302
17302;18321
18321;14561
14561;35827
35827;19905
35827;26171
19905;37734
26171;45997
37734;14861
14861;28812
28812;36614
36614;21800
21800;36727
36727;39539
39539;38885
38885;35750
35750;5940
5940;23807
23807;43140
43140;39100
39100;6664
6664;32481
32481;41335
41335;7711
7711;396
396;25771
25771;12324
12324;46295
12324;3965
46295;11823
3965;47211
11823;40405
40405;19891
19891;12801
12801;45175
12801;38924
45175;30907
38924;21660
30907;29272
29272;28776
28776;7068
28776;23197
7068;43664
23197;31841
43664;16381
16381;48513
48513;26887
48513;11179
26887;45585
11179;1669
45585;10131
45585;8429
10131;20925
8429;26074
20925;45666
45666;20991
20991;27205
20991;25348
27205;406
25348;42644
406;19158
406;27992
27992;16262
16262;15166
15166;43594
43594;14638
14638;21150
21150;18873
18873;39780
39780;28127
28127;25760
25760;41500
41500;15238
15238;26937
26937;16903
16903;43424
43424;1128
1128;25750
25750;22853
22853;29859
29859;35357
35357;4780
4780;29600
29600;48378
48378;24636
24636;17464
17464;4303
4303;22119
22119;5081
5081;10573
10573;19219
19219;15053
15053;9211
15053;28416
9211;35257
28416;43704
1669;22129
22129;21660
45997;11790
11790;7112
42644;12534
12534;17361
17361;37808
37808;31841
35257;20336
20336;3594
3594;37893
37893;21213
21213;23758
21213;37544
23758;10442
37544;20459
10442;4347
4347;39430
39430;7015
7015;47385
7015;21736
47385;46779
21736;5989
46779;1307
1307;3538
3538;22380
22380;33356
33356;9119
9119;12326
12326;40600
40600;46586
46586;26660
26660;39907
39907;4852
4852;38408
38408;7563
7563;31541
31541;42120
42120;4386
4386;10185
5989;29081
29081;47652
47652;10143
10143;30528
30528;21092
21092;27631
27631;25628
25628;12602
12602;9745
9745;38122
10185;36058
36058;31289
31289;45327
45327;34472
34472;21347
21347;3001
20459;15537
226;11441
226;5918
5918;43704
43704;8332
26074;37044
37044;42682
42682;24731
24731;27549
27549;7372
7372;31771
31771;9238
9238;8648
8648;30128
30128;852
852;1142
1142;36664
36664;23511
23511;10471
10471;34516
34516;37766
37766;25291
25291;14631
14631;36503
36503;20598
20598;32656
32656;22297
22297;1039
1039;48398
48398;34710
34710;1047
1047;19826
19826;42152
42152;40045
40045;20878
20878;9213
9213;20521
20521;9896
9896;24288
24288;20930
20930;46622
46622;19442
19442;5265
5265;34483
34483;25597
25597;6674
6674;8936
8936;27938
27938;30679
30679;12164
12164;39147
39147;44634
44634;15095
15095;26151
26151;46839
46839;25908
25908;41228
41228;26181
26181;33021
33021;39575
39575;37149
37149;33320
33320;4911
4911;25773
25773;5194
5194;30474
30474;3020
3020;32106
32106;26501
26501;46343
46343;21371
21371;5276
5276;23686
23686;10124
10124;28412
28412;20142
28412;37209
20142;20910
37209;28318
20910;9961
9961;24079
24079;14388
14388;29202
30584;3481
3481;10469
3481;17636
3481;35611
10469;34211
35611;40937
40937;30728
18317;45958
45958;24263
24263;13161
31010;7583
7583;41015
41015;41090
2638;3224
3224;31415
31415;22582
22582;7430
22582;27690
7430;24299
27690;35065
24299;44043
44043;8914
8914;6935
6935;5036
5036;42294
42294;48003
42294;21241
48003;33886
21241;30259
35065;28290
33886;17506
17506;42288
28290;12901
12901;36127
36127;13986
13986;39851
39851;38631
38631;34474
34474;47642
47642;42251
45224;4380
4380;5669
5669;3991
3991;40347
3991;16341
3991;8535
16341;28552
8535;36092
36092;9124
9124;616
616;41252
616;29447
42320;47941
42320;6762
47941;43608
6762;5952
5952;27592
27592;15049
15049;14639
14639;2770
2770;33239
33239;12363
22179;6466
22179;48145
22179;2952
48145;20907
2952;29810
29810;16102
16102;21852
16102;31716
21852;6007
6007;7842
42288;22280
42288;10230
22280;29244
10230;14225
29244;30922
30922;17542
30922;32267
29202;31215
31215;48391
48391;42266
42266;31282
31282;15683
15683;27117
27117;36214
36214;47794
47794;10504
10504;20278
20278;30613
30613;10571
10571;17730
17730;29783
29783;43135
43135;9947
43135;32524
9947;24419
32524;40691
24419;22037
22037;22404
22404;38157
38157;44033
44033;29729
29729;8058
8058;23485
23485;38775
38775;34044
34044;33709
33709;272
272;4511
4511;37153
37153;26062
26062;20320
20320;13934
13934;23207
23207;16066
16066;36962
36962;11311
11311;40032
40032;12708
40032;41296
40032;27877
12708;29502
41296;4545
27877;41263
29502;15577
15577;27924
27924;6347
6347;13088
13088;12021
12021;26204
26204;39184
39184;43403
43403;25262
25262;46013
46013;14258
14258;21937
21937;44145
44145;23425
23425;47125
47125;25780
25780;4910
4910;33640
33640;12890
12890;43012
43012;37004
37004;41586
37004;36305
41586;16702
36305;35141
16702;15185
15185;35519
35519;48162
48162;7809
7809;13459
13459;44749
44749;6765
6765;48172
48172;37818
37818;30087
30087;25915
25915;26370
26370;25362
25362;6427
6427;28990
28990;46997
46997;10204
10204;39725
39725;21976
10216;31217
31217;11127
11127;24483
24483;13984
13984;43165
43165;26523
26523;6649
26523;44700
6649;20736
6649;16626
44700;47154
16626;2404
47154;907
907;46967
46967;21598
21598;29224
29224;30198
30198;46688
46688;5926
39639;8204
36433;8204
5926;43289
43289;41106
41106;28761
35141;26232
26232;48064
48064;23383
23383;31764
31764;36071
36071;30804
30804;20579
20579;20678
20678;19616
19616;34619
34619;18062
18062;46119
46119;2857
2857;26570
26570;38094
38094;32721
32721;15418
15418;39928
39928;4959
4959;39309
39309;12426
12426;23659
23659;10994
10994;5226
5226;36390
36390;47248
47248;36893
36893;43783
43783;45160
45160;6268
6268;31683
31683;9253
9253;13825
13825;27561
27561;38062
38062;35773
35773;30629
30629;29431
29431;4286
4286;8627
8627;18193
18193;32271
32271;45506
45506;14123
14123;43702
43702;35978
35978;28415
28415;41615
41615;29387
29387;17187
17187;18097
18097;33509
33509;6055
6055;42691
42691;33883
33883;16005
16005;11482
11482;13402
13402;23001
23001;39014
39014;18052
18052;1499
1499;26628
26628;46223
46223;45700
45700;27537
27537;14892
14892;45955
45955;10756
10756;18227
18227;46583
46583;12821
12821;48682
48682;38732
38732;19783
19783;24003
24003;40888
40888;100
100;12804
12804;6257
6257;30143
30143;10173
10173;42740
42740;11042
11042;3477
3477;37796
37796;47417
47417;28171
28171;18651
18651;10387
10387;36281
36281;18676
18676;7477
7477;1686
40691;46818
46818;33125
33125;27348
27348;7434
7434;5428
5428;38343
38343;9574
9574;44533
44533;517
44533;34389
517;28138
34389;32839
32839;7264
7264;7704
7704;15612
15612;12671
12671;38318
38318;10423
10423;36670
36670;16258
16258;19644
16258;43233
19644;28083
43233;15183
28083;18355
18355;14563
14563;24410
24410;11765
15183;4545
18113;3799
3799;45682
45682;2328
2328;24002
24002;1821
1821;36523
36523;24244
24244;30412
30412;26737
26737;20867
20867;11262
28318;9214
9214;30631
30631;27237
27237;1034
1034;10876
10876;20747
20747;23228
23228;21915
21915;8741
8741;28617
28617;2570
2570;43047
43047;18413
18413;3717
3717;12922
12922;10478
10478;12435
12435;1528
1528;11692
11692;6494
6494;43090
6494;16917
43090;43444
16917;24688
24688;29617
29617;1956
1956;7989
7989;564
564;18278
18278;11669
11669;35725
35725;23872
23872;14789
14789;14125
14125;22535
22535;16891
16891;14480
14480;13586
13586;47733
47733;38076
38076;25744
25744;7443
7443;608
608;34707
34707;37792
37792;34644
34644;47527
47527;32000
32000;22263
22263;17564
22263;21175
17564;17856
21175;9374
17856;16406
16406;18069
18069;9652
9652;6975
6975;11719
11719;39323
39323;29596
29596;18091
18091;38494
38494;38083
38083;41258
41258;8413
8413;127
127;12825
12825;38025
38025;21237
21237;26805
26805;37389
37389;23536
23536;3080
3080;10159
10159;32388
32388;13387
13387;2077
2077;21746
21746;5970
5970;42095
42095;31778
31778;529
529;3655
3655;25795
25795;10867
10867;19271
19271;20114
20114;38019
38019;14986
14986;13855
13855;19987
19987;16025
16025;15355
15355;31774
31774;6990
6990;38792
38792;31453
31453;16995
16995;21327
21327;6812
6812;42304
42304;11604
11604;36174
36174;48655
48655;44080
44080;26928
26928;13120
13120;13863
13863;19368
9374;4051
4051;20563
13252;36018
13252;16320
36018;31209
16320;13129
31209;46517
46517;8472
8472;12773
12773;36244
12773;6473
36244;3299
36244;23326
6473;41564
23326;35143
35143;26182
26182;16978
16978;42649
42649;36705
36705;12981
12981;44566
44566;10511
10511;45598
21405;25497
41564;1393
1393;25591
48058;19522
4682;46502
46502;13129
46502;3820
3820;13150
3820;1763
13150;14705
1763;18001
14705;38191
38191;23366
18320;3171
3171;39437
39437;6593
6593;31049
31049;23122
23122;16536
16536;7551
7551;37985
37985;6780
6780;24511
24511;20374
20374;11733
11733;39131
39131;43031
43031;40208
13371;2510
2510;40329
40329;22740
22740;315
315;28238
28238;1355
1355;34297
14373;36415
36415;11329
11329;48256
31314;1913
1913;39961
39961;44743
44743;16348
16348;13923
13923;8695
37123;16445
1134;25770
25770;46632
25770;18181
46632;21044
18181;12298
21044;47256
12298;25308
12298;10089
10089;3622
4225;6469
42866;46243
6469;30677
46243;47042
47042;16001
16001;5213
5213;1154
1154;31788
31788;33473
26800;36582
36582;16166
16166;21606
16166;40378
40378;6368
40378;31779
6368;43952
31779;7003
31779;21687
43952;38400
38400;38681
38681;17729
17729;47737
47737;4336
4336;9183
9183;107
107;25713
25713;6865
6865;21340
21340;21951
21951;9000
9000;43743
43743;33167
33167;21986
21986;30241
30241;19118
19118;42487
42487;37112
37112;35246
35246;43920
43920;37036
37036;7235
7235;3356
3356;7003
21687;44520
44520;18763
18763;18596
18596;17563
17563;6568
6568;17342
17342;25469
25469;3135
25469;3689
3135;30578
3689;7562
30578;484
484;47914
47914;19313
19313;27254
27254;26814
26814;32884
32884;13450
13450;42496
42496;21209
21209;26901
26901;20329
20329;16576
16576;16675
16675;6711
6711;10070
10070;16711
16711;18659
18659;17967
17967;6559
6559;37969
37969;19598
19598;39127
39127;34526
34526;27587
27587;25856
25856;24446
24446;1423
1423;6744
6744;37493
37493;44694
18001;13409
13409;27258
27258;6896
6896;12914
40159;29578
19438;32374
32374;4488
47211;40977
40977;34493
34493;2396
2396;34831
34831;23530
23530;40805
40805;21679
21679;5104
5104;12878
12878;20115
20115;27188
27188;19570
19570;13031
13031;24120
24120;2009
34981;13861
13861;684
13861;1065
1065;14364
14364;43859
43859;43755
43859;25502
43755;33322
25502;17159
25502;14911
30677;39774
21976;3704
3704;2132
2132;10013
10013;1800
1800;29152
29152;33389
33389;19960
19960;28153
28153;33489
33489;8383
8383;34111
34111;7881
7881;17151
17151;18225
18225;35125
35125;13543
13543;45815
41263;10250
10250;11116
11116;39747
39747;46398
46398;18293
18293;36716
36716;36132
36132;20220
20220;27266
27266;5077
5077;35659
16955;18871
18871;65
65;13389
13389;37425
37425;10330
10330;44166
44166;23808
23808;30996
30996;21385
21385;4456
4456;23287
23287;12146
12146;23657
23657;19785
19785;5006
5006;27175
27175;48387
48387;22141
22141;34568
34568;37032
37032;39109
39109;20052
20052;19750
40208;25631
25631;7387
7387;10759
10759;5944
29578;45164
45164;5399
5399;8299
8299;20167
20167;43138
20167;17297
43138;24389
17297;14774
24389;8276
8276;3275
3275;11231
11231;21663
11231;16583
21663;12363
16583;41812
41812;46191
46191;13601
13601;23264
23264;15535
15535;7597
7597;20800
20800;19874
19874;12230
12230;28195
28195;40443
40443;22175
22175;41374
41374;26242
26242;36538
36538;876
876;15968
15968;32821
32821;19224
19224;10179
10179;24784
24784;47525
24784;18954
47525;46081
18954;38222
46081;1126
1126;27521
27521;18131
18131;2659
2659;30018
30018;11647
11647;13561
13561;16395
16395;36247
36247;37804
37804;42343
42343;46871
46871;25054
25054;41583
41583;26718
26718;28376
28376;2318
2318;5594
5594;41638
41638;30084
30084;2808
2808;15484
15484;43572
43572;2533
2533;17651
17651;19686
19686;13047
13047;16921
16921;768
768;28311
28311;22878
22878;29479
29479;33950
33950;41123
41123;24633
24633;8277
8277;19093
19093;4000
4000;3580
3580;3795
3580;38103
3580;3347
38103;35712
3347;9163
9163;40256
40256;3270
3270;21991
21991;12638
12638;41799
41799;15129
15129;7338
7338;20934
20934;29092
29092;25645
29092;16747
25645;31577
16747;42833
31577;37335
37335;42633
42633;18379
42833;5671
5671;8805
8805;34435
34435;7232
7232;18976
18976;2837
2837;42877
42877;11474
11474;48629
38222;6768
6768;31906
31906;2012
2012;18933
18933;5425
48629;28934
28934;47000
47000;47009
47009;4572
4572;20860
20860;8443
8443;713
713;45338
45338;25799
25799;23422
23422;14709
14709;38673
38673;45067
45067;3751
3751;26671
26671;40007
40007;4134
4134;47929
47929;46904
46904;16379
16379;34641
34641;46540
46540;18550
18550;31144
31144;34052
34052;40565
40565;20742
20742;37357
37357;35256
35256;30050
30050;37821
37821;25531
25531;26263
26263;23021
23021;3304
3304;21833
21833;5620
5620;446
446;18111
18111;21610
21610;19593
19593;3796
3796;10623
10623;48228
48228;24067
24067;46483
46483;42767
46483;25
25;2321
2321;31378
31378;17618
17618;16737
16737;38051
38051;11806
11806;34406
34406;44865
44865;23003
23003;16491
16491;35524
35524;29067
29067;24686
24686;18757
18757;44089
44089;23662
23662;15301
15301;22229
22229;9843
9843;31080
31080;12354
12354;14959
14959;47800
47800;32474
32474;44955
44955;47252
47252;20049
20049;33523
1113;11043
11043;35590
35590;16767
16767;24150
24150;23334
23334;13945
13945;47068
47068;44542
44542;38017
38017;4628
4628;3274
3274;30043
30043;10262
10262;15962
15962;46578
46578;4908
15750;30187
15750;26257
26257;27297
27297;47936
47936;14774
24910;1558
1558;30299
30299;32103
32103;39214
39214;7878
7878;36102
36102;9772
9772;21684
21684;10197
10197;3848
3848;41687
41687;4678
4678;21847
21847;928
928;46581
46581;48020
48020;42627
42627;26048
26048;45913
45913;28905
28905;16065
16065;11926
11926;44039
44039;32826
32826;23048
23048;36938
36938;3816
3816;19340
19340;30234
30234;21818
21818;30473
30473;46759
46759;12674
12674;18979
18979;35641
35641;38393
38393;13491
13491;37260
37260;48220
48220;12260
12260;18891
18891;46072
46072;42102
42102;10264
10264;39391
39391;29017
29017;34358
34358;34586
34586;4298
4298;12189
12189;6515
6515;38449
38449;5067
5067;38224
38224;34046
34046;42962
42962;21905
21905;48665
48665;26731
26731;10970
10970;35212
35212;19623
19623;13489
13489;31721
31721;4596
4596;22013
4596;32921
22013;6893
32921;21270
6893;5540
5540;4709
21270;38214
38214;17097
17097;36263
36263;681
36263;36848
36848;26101
26101;30205
30205;46091
46091;42676
42676;20371
20371;12798
12798;37034
37034;22811
22811;46744
46744;13028
13028;41738
41738;39219
39219;25229
39219;2116
2116;10340
10340;28970
31729;40875
31729;40033
31729;2972
40875;36124
40033;22061
40033;25852
2972;1117
36124;1094
1094;7315
7315;39440
39440;14932
14932;34360
34360;46160
46160;36524
36524;46355
46355;48053
46355;25667
48053;38967
25667;47590
25667;30871
38967;48120
38967;15890
48120;3880
15890;34324
47590;37917
47590;22705
30871;15902
37917;15565
22705;16603
15565;15234
15234;42309
42309;16934
16934;4675
4675;31978
31978;4514
15902;44860
44860;43027
43027;4985
4985;37210
4985;43877
37210;19632
37210;32513
43877;25177
25177;22970
22970;27577
19632;34118
32513;16593
34118;8224
34118;10126
8224;656
10126;32906
656;10932
10932;1550
1550;36988
36988;44827
44827;30188
30188;1079
1079;1633
1633;13203
13203;17694
17694;14091
14091;45920
14091;3754
45920;1275
3754;40372
1275;47001
47001;39921
39921;38130
38130;37323
37323;9281
9281;44659
44659;47167
47167;16979
16979;34805
34805;12700
4514;25563
25563;22072
22072;46618
46618;23007
23007;33896
33896;2950
2950;23140
23140;34176
34176;37172
37172;23698
16603;45646
45646;37354
22061;38916
25852;12846
38916;6125
6125;12038
12038;8256
12038;1168
12038;27008
8256;44885
1168;15240
27008;8474
44885;42702
42702;10041
10041;24289
24289;27115
27115;4661
4661;11467
11467;45526
45526;23075
23075;7705
23075;2620
7705;30108
2620;3345
30108;46148
46148;4580
46148;27668
4580;27644
27668;35177
27644;26331
35177;22216
22216;24689
24689;46657
46657;44682
44682;22983
22983;6046
22983;541
6046;10836
541;25261
541;4709
541;41356
10836;19326
19326;26895
26895;3100
3100;35098
35098;1191
35098;45022
35098;34880
1191;11742
45022;17806
45022;961
45022;31079
34880;43963
25261;37411
41356;2086
12846;23765
23765;46643
1117;14856
14856;17158
17158;35204
17158;5626
35204;41171
5626;16040
5626;36796
5626;4442
41171;48604
48604;23698
4442;15342
15342;11878
15342;45822
45822;17709
17709;13149
13149;22189
22189;48392
48392;4662
4662;25085
25085;44462
44462;15178
3345;29225
29225;8671
8671;13731
13731;45003
45003;33635
33635;43605
43605;17315
17315;27737
27737;26888
26888;34943
15240;20539
20539;13411
13411;37206
37206;15178
8474;33705
33705;29661
29661;16994
16994;2693
2693;16109
16109;27663
27663;5725
5725;38303
38303;33931
33931;42710
42710;8252
8252;33968
33968;48140
48140;8558
16593;12817
12817;34399
34324;31132
31132;28267
28267;42735
42735;3039
3039;39627
39627;46777
46777;37496
37496;45783
37496;8694
8694;41613
8694;33600
8694;12681
41613;39290
33600;44778
12681;12732
12732;21744
12732;29516
29516;27310
27310;21423
21423;31513
31513;36478
36478;32579
32579;44131
44131;766
766;20890
20890;14984
14984;9530
9530;37244
37244;46862
46862;22812
22812;242
22812;26641
242;19510
26641;14946
26641;16200
19510;21927
21927;2907
2907;14842
14842;15392
14842;30567
15392;45756
15392;38623
30567;45717
45756;40368
45756;16566
38623;31305
40368;32529
16566;2079
16566;16046
32529;31801
31801;17683
17683;38007
38007;15339
15339;30593
30593;15266
15266;45600
15266;39957
39957;42521
42521;45281
42521;24032
45281;26094
45281;19303
24032;3292
19303;4503
4503;41577
41577;38620
38620;11068
38620;18149
11068;29195
11068;11868
18149;6584
29195;42074
11868;853
42074;4527
4527;12782
4527;6584
3292;35229
35229;19055
19055;26325
26325;34682
34682;30657
853;4871
4871;38267
38267;42791
42791;13702
13702;459
459;43460
43460;6067
6067;19942
19942;7217
19942;10450
7217;1859
7217;39960
10450;27768
1859;41466
39960;29992
41466;46908
46908;10225
10225;13936
13936;22244
27768;34947
34947;18810
18810;28371
28371;16830
16830;34926
34926;23328
23328;42044
42044;45350
45350;45113
45113;37541
37541;46025
46025;30812
30812;21477
21477;9438
9438;42284
42284;46992
46992;18153
14946;820
16200;22693
820;48544
48544;3459
3459;6170
6170;16145
16145;44823
44823;23032
23032;45851
45851;3374
3374;38280
22693;28216
28216;15863
2086;22210
22210;27695
31305;13036
16046;42183
42183;78
42183;2980
45717;9705
78;28128
78;79
2980;26156
79;22479
26156;18096
18096;40918
22479;45859
40372;16931
16931;36306
36306;17706
17706;38180
38180;39296
39296;44622
44622;44876
44876;30829
30829;35202
35202;43603
43603;35848
35848;39512
39512;11824
11824;47837
11824;11321
47837;2304
11321;45580
2304;22666
22666;23329
23329;34518
34518;46495
46495;43162
43162;37721
37721;30107
30107;12786
12786;3948
3948;12039
12039;27591
27591;21978
21978;33670
33670;39152
39152;26945
26945;7474
7474;44189
44189;35053
35053;11921
11921;20880
20880;3551
3551;21230
21230;41151
41151;21172
21172;47578
47578;48644
48644;18792
18792;31831
31831;28094
28094;41188
41188;34042
34042;41743
41743;43943
43943;3014
3014;32381
32381;27309
27309;213
213;6672
6672;14469
14469;20714
20714;8987
8987;33755
33755;1834
1834;25142
25142;13072
13072;44551
44551;33969
33969;193
193;44718
44718;2637
2637;29223
29223;1445
1445;39111
39111;43514
43514;34400
34400;5012
5012;14735
14735;16092
16092;44337
45580;18459
18459;17652
18459;30768
17652;43685
30768;15930
43685;42277
44337;43638
44337;44381
43638;6061
6061;32662
32662;26959
26959;8591
8591;12658
12658;13247
13247;27590
27590;2687
2687;15615
15615;36176
36176;20573
20573;12575
12575;41967
15930;3641
3641;13351
13351;14687
14687;26496
26496;38364
38364;29100
29100;3657
3657;27283
27283;30759
30759;20537
20537;47798
47798;22302
22302;17291
17291;39401
39401;16209
16209;30069
30069;36366
36366;41109
41109;36157
36157;20305
20305;31626
31626;20603
20603;29453
29453;39710
39710;7152
7152;26604
26604;45803
45803;17284
17284;47215
47215;21691
21691;18555
18555;14900
14900;29629
29629;23963
23963;11959
11959;11176
11176;46764
46764;42034
42034;12542
12542;42106
42106;25207
25207;11118
11118;29757
44793;4696
4696;3547
3547;3879
3879;36674
36674;8513
8513;33815
33815;16128
16128;23581
23581;41092
41092;18588
18588;2019
2019;24837
24837;28268
28268;6252
6252;14238
14238;24292
24292;21370
21370;14733
14733;45117
45117;12571
12571;20567
20567;22346
22346;41600
41600;39613
39613;18578
18578;45950
45950;47046
47046;47627
47627;12361
12361;35876
35876;13373
13373;37233
37233;41967
48215;23393
48215;25668
23393;22318
25668;7633
22318;22658
22658;11124
22658;13010
11124;10976
11124;44859
13010;26312
44859;7683
7683;32329
32329;29902
29902;33383
33383;43457
43457;11448
11448;39024
39024;29245
29245;22745
22745;16380
16380;32313
32313;35653
35653;43005
43005;26327
26327;11742
17806;25226
961;23957
31079;2142
25226;35173
43963;28919
28919;27249
27249;40988
40988;20446
20446;18820
18820;41065
41065;30372
1774;35470
1774;15058
35470;14572
15058;1769
14572;5065
5065;685
685;40708
40708;43152
43152;12750
12750;5666
5666;34156
34156;15260
15260;47448
47448;36553
36553;25508
25508;33349
33349;9201
9201;3383
3383;9759
9759;17119
17119;48674
48674;18064
18064;22317
22317;12699
12699;16415
16415;41084
41084;45697
45697;30502
30502;16264
16264;30335
30335;43630
43630;10378
10378;19217
19217;20683
20683;9434
9434;47516
47516;41503
41503;21481
21481;33257
33257;44545
44545;32146
32146;43568
43568;35352
35352;38064
35352;5623
38064;48548
5623;29592
29592;17269
17269;27135
27135;47735
47735;36299
36299;2283
36299;37300
37300;38175
38175;10909
10909;15621
15621;44953
44953;11233
11233;9136
9136;21051
21051;24197
24197;39235
39235;20375
20375;30444
30444;7633
43612;5331
43612;39638
43612;2778
5331;4405
39638;3513
2778;28134
4405;16004
16004;8338
8338;46600
46600;38436
38436;35686
35686;43854
43854;38724
38724;1678
1678;18829
18829;18377
18377;42512
42512;9783
9783;40494
40494;1769
28134;18780
18780;46958
46958;6805
6805;2942
2942;38042
38042;22553
22553;29638
29638;8872
29638;14569
8872;16966
14569;5013
16966;43454
43454;10383
10383;20077
20077;19280
19280;14233
14233;21859
21859;10085
21859;3605
10085;11688
3605;40650
11688;42026
40650;11016
11016;24721
24721;3497
3497;37368
37368;4080
37368;12261
4080;41464
12261;22234
41464;36844
36844;15256
15256;559
559;42717
42717;25069
25069;36839
36839;14142
14142;15932
15932;18795
18795;18764
18764;336
336;42027
42027;38511
38511;4087
4087;14430
14430;26865
26865;41059
41059;32408
32408;7877
32408;30867
7877;3342
30867;4228
3342;47221
47221;36744
36744;47731
47731;33760
33760;33527
33527;7659
7659;984
984;16825
16825;16296
16296;30307
30307;14396
14396;15434
15434;29700
29700;46939
46939;38615
38615;23716
23716;24960
24960;15036
15036;39300
39300;43564
43564;1904
1904;43402
1904;23603
43402;474
23603;24098
474;31977
31977;35956
35956;16706
16706;10673
10673;34170
10673;24293
34170;29257
24293;48691
29257;10529
10529;42028
42028;44037
44037;19407
19407;33422
33422;5299
5299;33270
33270;30540
30540;21113
21113;31589
31589;38908
38908;3321
3321;4540
4540;1997
1997;12626
12626;20292
20292;1306
1306;19251
19251;36148
36148;14745
14745;26596
26596;31371
31371;44191
44191;19398
22234;38687
38687;41565
41565;1815
1815;14895
14895;38818
38818;43592
43592;23898
43592;40979
23898;15354
40979;14215
14215;25833
5013;45267
45267;29557
29557;19075
19075;38313
38313;11689
11689;15858
15858;18740
18740;46178
46178;19429
19429;39939
39939;841
841;29078
29078;14438
14438;47178
47178;19860
19860;4624
4624;3287
3287;18511
18511;3187
3187;35048
35048;25871
25871;26178
26178;46153
46153;24710
24710;23088
23088;3548
3548;30739
30739;41124
41124;29208
29208;1437
1437;7041
7041;19487
19487;47084
47084;3295
3295;45571
45571;9207
9207;38351
38351;7464
7464;17079
17079;39403
39403;9535
9535;12095
12095;39608
48691;35766
35766;45510
45510;36270
36270;8161
8161;15206
15206;20116
20116;22177
22177;33752
19398;46737
19398;30326
30326;45073
30326;6223
45073;19742
6223;33496
19742;38959
33496;1252
1252;1730
1730;28987
28987;19237
19237;29552
29552;29908
29908;28301
28301;4825
4825;8702
8702;19681
19681;47880
47880;20766
20766;18146
18146;3625
3625;32637
32637;36757
36757;25183
25183;29204
29204;11330
11330;22730
22730;3414
3414;37355
4228;40829
40829;21602
21602;19657
19657;33658
19657;760
33658;22347
760;42204
22347;29452
29452;36357
36357;47592
47592;41562
41562;35547
42204;10616
10616;14886
14886;14234
14234;873
14234;24775
873;31780
24775;15876
31780;42099
42099;13125
13125;26876
26876;16253
16253;25754
25754;5689
5689;35816
35816;32168
15876;6547
6547;1328
1328;12013
12013;41530
41530;30594
30594;45906
45906;39618
24098;9599
9599;15608
15608;29136
29136;4115
4115;44404
44404;21192
21192;16512
3513;29341
29341;543
543;24508
24508;46358
46358;29470
29470;38988
42947;3533
3533;26699
26699;35176
35176;33230
33230;169
169;9925
9925;2886
2886;5807
5807;25513
25513;26997
26997;28901
28901;37515
37515;30729
30729;865
865;35035
35035;19605
19605;1266
1266;35034
35034;22616
22616;20575
20575;35925
35925;44696
44696;24682
24682;30896
30896;5699
5699;230
230;29503
29503;48045
48045;17504
17504;47024
47024;37080
37080;28831
28831;19772
19772;31680
31680;15096
15096;10701
10701;25752
25752;6059
6059;33358
33358;18528
18528;44278
44278;26515
26515;32564
26515;15395
32564;3797
15395;10
3797;19757
19757;8197
8197;35373
35373;36032
36032;12043
12043;4069
4069;15838
15838;12384
12384;32983
32983;2282
2282;34816
34816;13866
13866;47013
47013;1309
1309;37971
37971;15045
15045;13673
13673;40434
40434;9910
9910;46226
46226;37898
37898;29030
29030;18911
18911;3665
3665;45870
45870;37473
37473;38124
38124;35741
35741;30210
30210;14197
14197;5922
5922;37692
37692;16710
16710;9059
9059;34911
34911;22340
22340;5992
5992;13771
13771;11125
11125;32410
32410;13016
32410;26902
13016;12339
26902;2050
12339;39160
39160;12207
39160;28208
12207;16540
28208;33732
16540;19893
19893;15142
15142;44978
44978;23081
23081;21542
21542;11112
11112;36485
33732;19509
19509;47344
47344;22348
47344;14378
22348;12537
14378;38871
2050;16276
16276;11757
11757;31521
31521;9297
9297;45729
45729;14146
14146;47348
47348;24897
24897;41805
41805;2117
2117;48299
48299;556
556;42208
42208;20583
20583;11141
11141;9187
11141;24787
11141;12601
9187;15312
24787;16545
12601;35383
15312;37710
37710;19505
19505;31171
31171;35178
35178;34961
34961;12027
12027;13324
13324;17785
17785;29141
16545;4197
4197;27740
27740;610
610;46371
46371;20449
20449;20674
20674;33510
33510;25834
25834;16803
16803;551
551;10656
35383;13529
13529;43120
43120;19651
19651;24269
24269;27805
27805;47207
47207;7898
7898;48466
48466;8335
8335;1999
1999;31519
31519;3268
3268;8405
29141;40658
40658;31353
31353;6524
6524;11547
11547;7963
7963;22906
22906;7023
7023;29545
29545;16038
16038;47271
47271;35957
35957;18498
18498;45516
45516;25486
25486;45738
45738;9403
9403;24569
24569;47550
47550;12291
12291;96
96;43356
43356;16263
16263;10307
10307;1905
1905;25634
25634;39424
39424;7624
39424;44989
39424;13391
7624;17056
13391;6001
17056;10472
6001;17503
17503;44158
44158;22711
22711;19962
19962;47755
47755;1664
1664;12618
12618;30516
30516;22463
30516;20762
22463;19935
20762;14549
19935;15768
15768;36367
36367;13014
14549;21061
21061;46883
46883;9353
9353;24581
24581;4367
4367;18024
18024;45578
45578;14588
14588;7304
7304;1853
1853;18553
18553;6037
6037;36425
36425;1025
1025;17840
17840;31860
31860;13144
13144;47787
47787;2729
2729;33324
33324;46082
46082;1833
1833;25741
25741;5014
5014;37585
37585;30863
30863;26721
26721;19236
19236;35052
35052;27681
27681;33944
33944;16377
16377;9022
9022;9023
9023;44285
44285;16986
16986;28956
28956;26707
26707;36468
36468;17016
17016;2271
2271;34999
34999;28449
28449;45444
45444;13292
13292;7288
7288;27315
27315;43829
43829;4263
4263;30138
30138;28914
28914;28556
28556;350
350;25449
25449;2175
2175;41131
41131;32121
32121;26625
26625;41915
41915;10965
10965;15536
15536;26019
26019;8100
8100;1483
1483;43563
43563;20377
20377;25107
25107;39130
39130;45013
45013;25612
25612;40456
40456;40289
40289;32301
32301;34265
34265;45014
45014;42699
42699;867
867;28039
28039;34368
34368;36783
36783;45631
45631;29891
29891;29150
29150;37282
37282;9011
9011;8101
8101;33328
33328;1673
1673;41290
41290;19643
19643;14483
14483;3029
3029;32326
32326;26516
26516;30970
30970;20523
20523;569
569;2789
2789;44226
44226;14018
14018;12642
12642;18135
18135;37033
37033;24652
24652;44267
44267;42588
42588;17996
17996;9420
9420;39643
39643;1596
1596;5835
5835;21386
21386;24892
24892;21843
21843;829
829;33733
33733;27260
27260;33659
33659;13874
13874;14907
14907;20211
20211;20569
20569;23266
23266;33710
33710;6532
6532;34056
34056;36352
36352;36149
36149;27453
27453;48298
48298;5983
5983;21498
21498;31865
31865;25629
25629;43398
43398;22395
22395;27920
27920;41605
41605;16819
16819;40468
40468;34410
34410;41317
41317;5935
5935;26786
26786;2491
26786;27139
27139;1645
1645;48121
48121;271
271;18507
18507;22145
22145;45784
45784;1671
1671;35509
35509;18590
18590;35101
35101;6549
6549;16947
16947;27906
27906;5906
5906;17498
17498;40894
40894;45898
45898;10966
10966;44853
44853;5368
5368;46520
46520;21763
21763;2564
2564;17115
17115;44565
44565;47577
47577;1265
1265;32400
32400;15062
15062;611
611;36107
36107;33964
33964;5973
5973;39543
39543;37718
37718;27622
27622;41808
41808;16483
16483;40978
40978;35238
35238;1027
1027;6872
6872;40170
40170;16688
16688;1182
1182;19421
19421;10497
10497;5185
5185;23572
23572;7812
7812;138
138;45583
45583;47641
47641;11537
11537;8583
8583;2990
2990;5948
5948;45342
45342;29098
29098;36065
36065;48337
48337;18754
18754;38465
38465;28489
28489;13520
13520;40261
40261;33524
33524;43525
43525;19238
19238;37120
37120;770
770;33009
33009;33447
33447;81
81;9984
9984;46128
46128;35489
35489;18972
18972;13853
13853;224
224;42384
42384;9114
9114;21045
21045;24921
24921;38774
38774;4806
4806;27082
27082;4238
4238;19588
19588;33393
33393;37328
37328;6608
6608;42899
42899;11538
11538;22708
22708;12925
12925;15391
15391;43373
43373;18089
18089;45220
45220;33043
33043;2342
2342;33223
33223;12868
12868;3584
12868;783
3584;6481
783;10029
10029;35095
35095;48492
48492;37442
6481;18390
18390;5790
5790;35905
35905;8020
8020;3684
3684;28887
28887;43726
43726;40766
40766;25528
25528;3607
3607;38921
38921;22538
38921;39371
22538;34925
39371;12942
34925;4938
4938;29393
29393;9381
12942;9264
9264;10385
10385;343
343;10350
10350;17904
17904;34359
34359;26126
26126;36863
36863;34289
34289;29720
29720;19684
19684;35812
35812;42658
42658;7357
7357;20657
20657;15545
15545;36179
36179;38692
38692;23966
23966;44185
44185;37491
37491;31877
31877;1287
1287;2362
2362;35860
35860;31807
31807;46058
46058;41245
41245;34223
34223;27602
27602;35784
35784;39823
39823;46144
46144;37831
37831;12205
12205;41268
41268;41182
10;32425
32425;28248
28248;26024
26024;43661
43661;41300
41300;807
807;23303
807;32175
23303;13110
32175;28410
13110;1366
1366;37050
37050;31970
31970;6719
6719;45724
45724;5314
5314;33961
33961;26280
26280;30267
30267;22498
22498;32631
32631;12413
12413;9406
9406;29307
29307;21555
21555;7440
7440;7247
7247;34027
34027;35753
35753;36677
36677;3926
3926;8521
8521;18197
18197;4353
18197;16687
4353;4587
16687;17454
14557;45429
14557;13883
45429;9061
13883;15643
15643;7695
7695;34772
9061;9835
9835;7124
7124;47810
47810;33267
33267;10481
10481;35521
35521;22289
35521;47698
22289;5818
47698;8106
5818;42797
42797;21576
21576;38505
38505;29427
29427;35736
35736;30201
30201;1721
1721;39030
39030;17358
17358;43091
43091;24379
24379;12201
12201;11263
11263;48249
48249;28315
28315;15265
15265;41166
41166;33967
33967;11746
11746;1358
1358;10693
10693;34587
34587;33954
33954;9284
9284;32546
32546;24034
24034;26467
26467;42816
42816;30416
30416;47749
8106;13445
13445;6069
47749;6311
6311;44422
44422;4667
4667;45426
45426;17576
17576;44567
44567;5093
5093;40986
40986;43830
43830;26874
26874;37321
37321;7763
7763;11907
11907;22256
22256;19300
19300;19351
19351;32993
32993;40268
40268;19044
19044;5342
5342;44417
44417;16826
16826;15610
15610;43773
43773;13027
13027;9492
9492;15489
15489;47897
47897;16484
16484;18647
18647;4587
17454;37163
37163;8074
28410;12989
12989;25999
25999;4319
4319;30683
30683;14667
14667;414
414;25384
25384;46807
46807;16000
16000;8654
8654;363
363;9165
9165;26136
26136;43547
43547;44559
44559;3260
3260;43716
43716;1219
1219;24400
24400;32760
32760;41737
41737;41522
41522;22852
22852;2021
2021;30315
30315;11881
11881;39326
39326;14679
14679;10988
10988;12019
12019;26521
26521;5072
5072;36873
36873;28385
28385;33768
33768;2580
2580;34536
34536;31929
34536;23057
31929;7199
23057;13090
7199;32058
32058;43430
43430;45741
45741;45686
45686;5965
5965;17240
17240;36687
36687;25897
36687;12163
25897;18394
18394;42615
42615;43538
43538;38721
38721;46047
46047;3337
3337;22816
22816;20584
20584;385
385;6504
6504;2615
13090;33581
33581;4308
4308;1650
1650;503
503;9129
9129;22138
22138;20468
20468;5955
5955;38276
38276;48609
48609;11012
11012;31203
31203;23985
23985;37250
37250;23773
23773;40687
40687;22212
22212;23040
23040;10839
10839;4535
4535;19849
19849;16646
16646;1791
1791;8036
8036;46803
46803;2508
2508;25720
25720;30523
30523;24340
24340;37949
37949;19762
19762;32019
32019;4041
4041;278
278;20269
20269;29772
29772;2225
2225;6963
6963;40014
40014;37608
42170;13466
13466;20119
20119;37975
37975;5946
5946;40741
40741;37409
37409;20239
20239;40711
40711;14862
14862;14277
14277;19731
19731;13007
13007;16906
16906;23787
23787;9339
9339;15002
15002;17347
17347;13964
13964;40120
13964;42544
42544;6415
6415;14915
14915;3536
3536;28549
28549;19936
19936;20542
20542;15855
15855;37180
37180;41786
41786;34534
34534;28196
28196;16364
16364;1602
1602;16479
16479;13395
13395;45774
45774;33068
3211;44617
3211;339
3211;13341
44617;30254
44617;46768
339;39850
13341;36004
46768;2546
2546;15542
15542;19982
19982;41404
41404;9298
9298;12926
12926;22657
22657;41096
22657;23231
41096;48148
23231;47545
48148;15228
15228;37438
37438;21949
21949;30273
30273;17217
17217;850
850;747
850;7698
747;14286
7698;34780
14286;20532
20532;16024
20532;11893
11893;6712
34780;16771
16771;40991
40991;11576
11576;27932
27932;5631
5631;47717
47717;28836
28836;33068
18951;25086
25086;13218
13218;8875
8875;8183
8183;30179
30179;31627
31627;3498
3498;45767
45767;26758
26758;34281
34281;36048
36048;15516
15516;16155
16155;15598
15598;17936
17936;43485
43485;37132
37132;6329
6329;24594
24594;8823
8823;13562
13562;27689
27689;37052
37052;3552
3552;22503
3552;45649
22503;32933
45649;15940
32933;27793
27793;9864
15940;29540
29540;26179
26179;7188
7188;32695
32695;31524
31524;925
925;26996
26996;27313
27313;14574
14574;28893
28893;1178
1178;36271
36271;33726
33726;39483
39483;42391
42391;3618
3618;41821
41821;27700
27700;46986
46986;16016
16016;22368
16016;44313
22368;41419
44313;43293
41419;37841
37841;33069
33069;26711
26711;34133
34133;7413
7413;47942
47942;28930
28930;31039
31039;44922
44922;23929
23929;30958
30958;40695
40695;32252
32252;42805
42805;22353
22353;37966
37966;13895
13895;6426
6426;35424
35424;39626
39626;45581
45581;48114
48114;47008
47008;6086
47008;30780
6086;35745
30780;10841
35745;29534
29534;32644
32644;38848
38848;27129
27129;31351
31351;37395
37395;9249
9249;28598
28598;35133
35133;22499
22499;8685
8685;26742
26742;379
379;34284
34284;44328
44328;13170
13170;24380
24380;32678
32678;31662
31662;7214
7214;35658
35658;3460
3460;8833
8833;22192
22192;40133
40133;30146
30146;6093
6093;47026
47026;35402
35402;12061
12061;10527
10527;37652
37652;28423
28423;15871
15871;8917
8917;7653
7653;11964
11964;43722
43722;38289
38289;23271
23271;38439
38439;34866
34866;2665
2665;48234
43293;19603
19603;2025
2025;8219
8219;4431
4431;27601
27601;5903
5903;44437
44437;25753
25753;40197
40197;24007
24007;14295
14295;4216
4216;31781
31781;34814
34814;3303
3303;14956
14956;25015
25015;23462
23462;21707
21707;37240
37240;21904
21904;33086
33086;44134
44134;23497
23497;21258
21258;16885
16885;37451
37451;9837
9837;40843
40843;27922
27922;264
264;9153
9153;39868
39868;11379
11379;11984
11984;20985
20985;3201
3201;23957
26312;34916
34916;35904
35904;30460
30460;31318
31318;45230
45230;18163
18163;14619
14619;5524
5524;42579
42579;42842
42842;28143
28143;13015
2142;35337
35337;27064
27064;39339
39339;9703
9703;42218
10841;9354
9354;21197
21197;21027
21027;37096
37096;22090
22090;1522
1522;1540
1540;23596
23596;28189
28189;23114
23114;12287
12287;28675
12287;988
28675;38306
988;15788
38306;35891
35891;41366
41366;3062
3062;11144
11144;9585
9585;15891
15891;43911
43911;1274
1274;46509
46509;39528
39528;46336
46336;5727
5727;28420
28420;44950
44950;2797
2797;36482
15788;11884
11884;48273
48273;44653
44653;2039
2039;32228
32228;357
357;1584
1584;28448
28448;22371
22371;47400
47400;47021
47021;21438
21438;35727
37536;327
327;42366
42366;28222
28222;16682
16682;34605
16682;34908
34605;24500
34908;45158
45158;47249
47249;40579
40579;7462
7462;11248
11248;43272
43272;20369
20369;27557
27557;14957
14957;41432
41432;23112
23112;17708
17708;42116
42116;9747
9747;24405
24405;29351
29351;23486
23486;7891
7891;19094
19094;20454
19094;42900
42900;9155
9155;18715
18715;6817
6817;8544
8544;22455
22455;13793
13793;40834
40834;33185
40834;23239
23239;699
699;47307
47307;34977
34977;1873
1873;14435
14435;23945
23945;12665
12665;29780
29780;27830
27830;7244
7244;26751
26751;34119
34119;27996
27996;43209
27996;26754
26754;21022
26754;13094
21022;22819
13094;4955
22819;24493
24493;5395
5395;17918
17918;34157
34157;28246
28246;41993
41993;7784
7784;1310
7784;37769
37769;47565
47565;14725
14725;39071
39071;36259
36259;23691
23691;13574
13574;35624
13574;13980
13980;27331
27331;28098
28098;14878
14878;41445
41445;34181
34181;41492
41492;1284
1284;29567
29567;37504
37504;27556
27556;7375
7375;5074
5074;31384
5074;15590
31384;40285
15590;47387
40285;14926
14926;26184
47387;2449
2449;6518
6518;16388
16388;17789
17789;31651
31651;9216
31651;19609
19609;18831
18831;14354
18831;36288
36288;5840
5840;47426
47426;7670
7670;36563
36563;37105
37105;17979
17979;19255
19255;14748
14748;1170
1170;10397
10397;32389
10397;44613
44613;33546
33546;10556
10556;14928
14928;33016
33016;23743
23743;48006
48006;2051
2051;31175
2051;44496
44496;16350
16350;20308
20308;35818
35818;23149
23149;1319
1319;3317
3317;39098
39098;21419
21419;12625
12625;32700
32700;42472
42472;46592
46592;542
542;405
405;29080
29080;39446
39446;26032
26032;43305
43305;41990
41990;12574
12574;18913
18913;6280
6280;19282
6280;41304
41304;13242
13242;38819
38819;42488
42488;13580
13580;21095
21095;30439
30439;18269
18269;10291
10291;10772
10772;6609
10772;2689
6609;44664
2689;26549
26549;12318
12318;15218
15218;48389
48389;26343
26343;32144
32144;82
82;3363
3363;34255
34255;9794
9794;31475
31475;43175
43175;5513
5513;31291
31291;44574
44574;27426
27426;28247
28247;38159
38159;38012
38012;27833
27833;5998
5998;42939
42939;46138
4955;3240
3240;35656
35656;36215
35656;35199
35199;27455
27455;29956
29956;10938
10938;26613
26613;43344
26613;44159
43344;26634
44159;33461
44159;29893
26634;34475
34475;26323
26323;38052
38052;23745
33461;30313
29893;15404
30313;13787
15404;21184
21184;7764
7764;47801
47801;17384
17384;44065
44065;10270
10270;6414
6414;22029
22029;43701
43701;35576
35576;45936
45936;37070
37070;45905
45905;32159
32159;46345
46345;7709
7709;22429
22429;36929
36929;6367
6367;12529
12529;20593
20593;23333
23333;44121
44121;16394
16394;17863
17863;21290
21290;2762
2762;5106
5106;19722
19722;27752
27752;39850
36004;35913
35913;384
384;8877
8877;9932
9932;30374
30374;26036
26036;29865
29865;47545
27335;22055
22055;41471
41471;34840
34840;45099
34840;23439
34840;32615
45099;48200
48200;47155
47155;46981
46981;40860
40860;39943
39943;41887
41887;39129
41887;4912
39129;33919
4912;14595
4912;27794
4912;48190
33919;38485
38485;19201
19201;47841
47841;12729
12729;47052
47052;40299
47052;2759
40299;3144
3144;16148
16148;28459
28459;29112
29112;43404
43404;18114
18114;18231
18231;41830
41830;17004
41830;29156
29156;12069
12069;313
313;19769
19769;17094
17094;24517
24517;33838
33838;34386
33838;35778
35778;669
669;10322
10322;7077
7077;11345
11345;12935
12935;48305
48305;1695
1695;434
434;24042
24042;36942
36942;23617
23617;21287
21287;22861
22861;11973
11973;45178
45178;38426
45178;23248
38426;17813
23248;4732
17813;43823
43823;1194
1194;48645
48645;19364
19364;35164
19364;34094
35164;20230
34094;4913
20230;14379
14379;21306
21306;10567
10567;20355
20355;47741
47741;10665
10665;25493
25493;24904
24904;26224
26224;42584
42584;13535
13535;36597
13535;7342
36597;12203
12203;26700
26700;21355
26700;22934
21355;15910
22934;43084
43084;636
636;35158
35158;44454
35158;6006
44454;2904
6006;46487
2904;44642
44642;15686
15686;1850
1850;27625
27625;27545
27545;28609
28609;43622
43622;41602
41602;10714
10714;11796
11796;1836
1836;11106
11106;39363
39363;29418
29418;1405
1405;18212
18212;10064
10064;24919
24919;11475
11475;29550
46487;41911
46487;34241
41911;28424
34241;29201
28424;33312
33312;48605
33312;9090
48605;8340
48605;20365
9090;41235
41235;45880
45880;42477
42477;40180
40180;35568
35568;44270
44270;7950
7950;45871
45871;37797
45871;5313
29550;16222
16222;14352
14352;13296
13296;21193
21193;9580
9580;27680
9580;3661
3661;38078
3661;9320
38078;7845
38078;42639
9320;31696
7845;2382
31696;5719
5719;17699
17699;21506
21506;180
180;37730
37730;43216
43216;15739
15739;28806
15739;24011
28806;37553
24011;3534
37553;30569
30569;15480
15480;24607
3534;557
557;39117
29201;45399
45399;32641
32641;43429
32641;19633
43429;3181
19633;29696
3181;10374
10374;3239
3239;41782
41782;6139
6139;41458
41458;24413
41458;22091
24413;16056
22091;7080
16056;22077
22077;9682
9682;47524
47524;34596
34596;14030
14030;12530
14030;35665
35665;41759
29696;39022
39022;8112
8112;9208
9208;15186
4913;11612
11612;17976
17976;2339
2339;43615
43615;23918
23918;4363
4363;31875
31875;8494
34476;15075
34476;3603
15075;44970
3603;3076
44970;6262
6262;37539
37539;42540
42540;8514
8514;43009
43009;32224
32224;30056
30056;24010
24010;634
634;44143
44143;614
614;39887
41759;31472
31472;33025
33025;36420
33025;28145
36420;34171
15424;13460
34171;4441
4732;23367
23367;701
701;40330
40330;39285
39285;20321
20321;22038
22038;41443
41443;27800
27800;9043
9043;36666
36666;33738
33738;40508
40508;17740
17740;12217
39887;40719
40719;34762
34762;6213
6213;45568
45568;48103
48103;17962
17962;4282
17962;48444
4282;5039
48444;18505
5039;40437
18505;4937
4937;40739
40739;38447
38447;26999
26999;39187
39187;31313
31313;20517
20517;4196
20517;31168
4196;34053
7080;39916
39916;26073
26073;31657
31657;39174
39174;33706
33706;34811
34811;21791
21791;38236
38236;11352
11352;33933
33933;3076
34053;806
806;41236
41236;46479
46479;3874
3874;38576
38576;2434
2434;27528
27528;20898
20898;41140
41140;22209
22209;24205
24205;30191
30191;3871
3871;26378
26378;10112
10112;46115
10112;24107
46115;38558
24107;10547
33405;24793
38558;31692
31692;11213
11213;42547
42547;23646
23646;5785
10547;32856
32856;30483
30483;14613
30483;29765
14613;41091
41091;24637
41091;10299
41091;3365
24637;21525
21525;40884
21525;43068
40884;14794
43068;1402
14794;7592
14794;13937
7592;19101
13937;9109
19101;36931
36931;18677
18677;4176
4176;10698
4176;36825
10698;14038
36825;40064
14038;44175
44175;36569
36569;16226
16226;47006
47006;37376
37376;41021
41021;39355
39355;34806
39355;15171
5785;48361
48361;8834
8834;34244
8834;47301
34244;29730
47301;46408
29730;25941
46408;31129
31129;45669
45669;44009
44009;25678
25678;36285
25678;1426
36285;19925
1426;2277
19925;11368
40064;33862
33862;43954
43954;29221
29221;41674
41674;14112
14112;30272
30272;12477
12477;738
738;5296
5296;28005
28005;47222
47222;5929
5929;2333
2333;16548
16548;9395
9395;33971
33971;33245
9109;39721
39721;42513
42513;18117
18117;31815
31815;41535
41535;7996
7996;1716
1402;31649
31649;41441
41441;30396
30396;16101
16101;1038
1038;23371
23371;38397
38397;18714
18714;40524
40524;42064
42064;32583
32583;31772
31772;13768
13768;21010
21010;170
170;5289
5289;33384
33384;13545
13545;11422
11422;15847
11422;12352
15847;14550
14550;25404
25404;904
904;370
370;15257
15257;40029
40029;5960
5960;13960
13960;20188
20188;46285
46285;17621
17621;17638
17638;45200
33245;14993
14993;22598
22598;24642
22598;2477
24642;35527
35527;40779
40779;16401
16401;6189
45200;28249
28249;38604
38604;27509
27509;46366
46366;5648
25941;39234
39234;36355
36355;24675
24675;12473
12473;19317
19317;38174
38174;31818
31818;7050
7050;3182
3182;39532
39532;30486
30486;6159
6159;35953
35953;26567
26567;26104
26104;12948
40139;48617
40139;28628
28628;19502
19502;15766
15766;48124
48124;39031
39031;13460
44714;29884
29884;47961
47961;39833
39833;18038
18038;45407
45407;28942
28942;7560
7560;20163
20163;47186
47186;15186
30945;4875
30945;27564
4875;6374
27564;35384
6374;31458
31458;16518
16518;13851
13851;26797
26797;30805
30805;18029
30805;13706
13706;29988
29988;5888
5888;18832
18832;7540
7540;38194
7540;33100
33100;43191
5895;46866
5895;40861
46866;7856
40861;25309
7856;10815
10815;41048
41048;31183
31183;29408
29408;28293
29408;29138
29408;9369
28293;27894
29138;7274
27894;48046
7274;43191
35384;9411
9411;43192
43192;24793
25309;47109
47109;2162
17545;20792
17545;23814
23814;8411
8411;48046
8411;47831
34806;18240
34806;6654
6654;44055
15171;25844
15171;16250
44055;23913
23913;40499
40499;8232
8232;25146
25146;36282
36282;34316
34316;23391
23391;22014
22014;14318
14318;11295
11295;17261
17261;30927
30927;35005
35005;39784
39784;13641
13641;45282
45282;44710
44710;25452
25452;26673
25452;28260
28260;37930
37930;42851
42851;28707
28707;2635
11368;18686
18686;22134
22134;39215
25844;417
16250;31200
39121;41045
39121;33518
39121;31241
39121;364
41045;23501
31241;3454
364;46360
7132;35367
35367;34480
34480;14697
14697;5242
5242;5969
5969;37554
37554;13457
13457;42010
4342;41648
4342;17681
41648;37617
41648;4530
41648;11183
17681;37508
37508;26483
26483;32167
32167;23086
32167;8249
32167;1610
1610;6189
22619;9683
22619;27506
9683;7218
27506;22003
27506;13287
7218;40816
40816;8054
41840;27474
41840;8630
27474;34899
27474;18573
10918;2420
8630;27190
34899;4064
18573;42980
4064;5192
5192;42153
42153;31478
31478;36228
36228;6276
6276;23809
42980;18901
18901;31359
31359;3565
3565;41948
41948;13215
13215;43759
43759;13998
13998;10695
10695;38771
18712;12468
38771;12583
12583;9554
9554;15666
15666;32384
32384;45337
32384;41511
2094;11346
35107;35601
41511;13054
13054;16730
23809;13865
13865;30723
28343;33399
28343;13493
33399;24536
13493;40637
24536;1615
1615;21571
21571;37283
37283;1573
1573;33160
33160;1789
1789;25213
25213;32136
32136;17494
17494;31088
31088;13446
13446;17852
17852;5503
5503;19857
19857;46428
46428;1549
1549;26433
26433;48317
48317;7646
7646;12676
7646;21569
21569;48403
48403;10650
10650;33535
33535;21168
21168;16730
10327;33685
10327;23292
11346;8640
8640;35875
8640;34674
35875;2652
34674;5963
2652;6238
6238;11755
11755;47065
47065;45965
45965;35930
35930;1343
1343;27189
27189;12465
12465;32949
32949;39377
32949;30676
30676;22047
22047;25270
25270;15564
15564;46213
42524;35796
42524;6051
42524;15797
42524;41070
6051;1696
15797;17758
41070;23853
23853;848
23853;22414
848;45328
22414;48633
45328;26291
26291;1052
48633;47261
47261;43446
43446;9713
9713;10031
10031;42812
42812;18649
18649;30723
40637;41732
41732;12191
41732;38360
12191;41095
38360;40941
41095;23730
40941;18601
18601;25542
25542;2908
2908;47146
47146;38260
38260;32421
32421;33487
33487;33870
46213;28691
28691;20033
20033;3604
3604;10544
5963;21345
21345;9948
9948;36982
36982;16562
16562;37485
37485;22084
37485;25122
22084;3322
25122;16689
2420;381
16689;24838
24838;32709
32709;42772
42772;9417
9417;24111
24111;26403
26403;43053
43053;38725
38725;21568
21568;17987
17987;42256
42256;24296
24296;39434
39434;37374
37374;12154
12154;22832
12154;554
22832;21936
554;23024
21936;16634
16634;14737
14737;23501
23024;5529
5529;18750
18750;1180
32818;27745
27745;9629
9629;36143
36143;17212
17212;26432
26432;22003
13287;7414
7414;17150
17150;1244
1244;763
763;30813
30813;36216
36216;40491
40491;11405
11405;30184
30184;9094
9094;44095
44095;24076
24076;12739
24076;27190
33870;20402
33870;39942
33870;45420
20402;34752
45420;42254
34752;33797
34752;42073
42073;46477
46477;27870
44103;27821
44103;40744
27821;19918
40744;23292
40744;5385
19918;40840
40840;33685
5385;42653
42653;22624
1052;38006
38006;387
6456;47931
10948;31517
44775;47744
8009;43472
47744;7303
7303;26264
26264;34958
34958;8518
8518;47650
47650;15787
47650;24831
15787;42149
24831;46623
42149;30349
30349;32929
30349;20701
20701;44452
46623;10868
10868;31042
10868;26661
26661;417
2587;34350
14775;34819
34819;41818
41818;4265
4265;35347
35347;14326
35347;46769
46769;21187
46769;4629
4629;39310
39310;17036
17036;35042
35042;34347
34347;22352
22352;47898
47898;250
250;11609
11609;47375
47375;51
51;5706
5706;20218
20218;38812
38812;198
198;30292
198;3931
3931;31089
3931;527
3931;7680
527;10824
7680;18123
46959;23307
46959;3246
3246;38935
38935;33124
33124;42278
42278;11223
42278;43172
43172;16681
16681;20419
20419;21657
21657;555
21657;37267
555;23788
37267;22324
23788;31431
31431;25985
25985;38001
38001;32863
32863;37761
37761;24893
24893;31194
24893;10320
10320;13099
22324;10116
10116;35484
35484;14589
14589;15102
15102;587
587;16254
16254;13482
13482;17917
17917;24995
24995;45592
45592;40354
40354;10824
26507;13497
26507;31956
13497;30305
31956;42089
31956;37997
30305;33165
33165;39473
39473;43678
43678;46077
43678;18800
18800;14796
14796;18123
28471;24608
28471;13799
24608;1378
13799;192
1378;6570
1378;38405
192;36371
36371;48383
48383;34778
34778;16581
16581;30057
30057;33397
33397;2840
33397;39457
39457;43818
43818;4283
4283;13099
1042;42782
1042;10750
42782;40626
10750;9139
40626;35993
35993;25341
25341;21233
21233;20205
20205;18710
18710;3057
3057;3546
3546;23311
3546;4266
23311;19413
4266;4467
6570;48047
38405;41448
41448;33851
41448;17615
17615;3829
3829;33412
33412;10429
10429;17628
17628;11161
11161;13006
13006;47440
47440;28554
28554;38764
17642;19835
38764;22427
38764;2008
2008;1837
1837;15703
2827;25161
15703;18249
15703;18216
15703;25018
18216;48529
25018;48335
48529;40018
26833;33081
1406;37067
1406;17034
37067;26572
17034;633
26572;43675
43675;6957
6957;24911
34272;41829
24911;33081
15297;39731
15297;34338
39731;20951
34338;43528
20951;11323
11323;26990
26990;40167
40167;22579
22579;47853
47853;25197
25197;29977
29977;18044
18044;24824
24824;42957
42957;17318
17318;44040
44040;633
3454;47279
47279;4973
4973;10792
10792;20472
20472;36356
36356;43905
43905;16778
16778;34043
34043;22266
22266;4467
14948;37950
14948;3081
14948;37168
14948;30123
37168;17063
30123;319
17063;11349
11349;43362
43362;4565
4565;34955
34955;34204
34204;34343
34343;38577
38577;41542
41542;33163
33163;37665
37665;20022
37665;13826
13826;5154
5154;3338
3338;7076
3338;14688
14688;23174
23174;10543
23174;41963
41963;28085
28085;32433
32433;9448
9448;1936
1936;46052
1936;47702
46052;369
47702;15884
369;20112
15884;32445
32445;1322
1322;35099
35099;7302
7302;2645
2645;37863
37863;45101
45101;16927
16927;18636
18636;40076
40076;5474
5474;28057
28057;35901
35901;4179
4179;7908
7908;43238
43238;4384
4384;41608
41608;10214
10214;26061
26061;43528
48335;19186
19186;18894
25161;2826
19835;22765
22765;471
471;23244
29604;41058
29604;20334
29604;6198
20334;38271
6198;15616
38271;16959
16959;39293
39293;25577
25577;30542
30542;38931
38931;30373
30373;22989
22989;15774
15774;29725
29725;8510
8510;4158
4158;28701
28701;34525
34525;842
842;43566
43566;24575
24575;8419
24575;38290
24575;34869
38290;1576
1576;8000
1576;2523
2523;22857
22857;22737
22737;15821
22737;337
337;21401
337;4192
4192;26820
26820;35923
26820;3997
26820;14282
14282;37707
37707;1682
1682;12723
12723;9878
9878;18417
18417;33739
33739;12157
12157;11853
11853;319
319;16505
15616;34373
34373;4435
4435;13151
4435;12857
12857;30176
30176;5107
5107;8773
8773;45195
45195;16991
16991;48606
48606;24214
24214;4933
4933;31225
31225;16529
16529;32284
32284;8752
8752;5354
5354;16619
16619;27040
27040;22936
22936;37552
37552;25566
25566;14543
14543;6075
6075;37919
6075;21906
37919;32244
21906;24126
32244;4002
4002;21091
21091;30769
30769;27334
27334;5381
31200;29842
29842;5932
5932;47368
47368;24926
24926;9723
9723;44193
44193;7807
7807;17820
17820;2100
2100;30030
30030;42311
42311;9377
9377;17696
17696;33774
33774;24056
24056;47040
47040;13210
13210;37847
37847;1683
1683;28326
28326;37996
37996;46360
38955;43516
38955;5714
43516;43388
5714;42147
43388;31440
37626;28986
31440;9748
9748;32849
32849;22836
22836;24126
29639;26744
29639;39144
39144;47519
47519;3755
3755;36309
36309;19820
19820;6605
6605;42147
25702;46418
25702;46307
46307;8341
46307;20339
20339;7970
7970;34531
34531;22592
22592;8683
8683;1145
1145;5873
5873;24062
24062;8553
8553;38799
38799;28327
28327;43173
43173;24209
24209;23419
24209;40907
40907;44324
44324;19311
19311;13097
13097;19120
19120;28986
34350;9491
9491;35092
18894;33740
33740;12632
12632;38765
12632;10120
38765;40458
10120;24466
40458;35877
35877;5256
5256;44440
44440;16699
16699;37835
37835;29109
29109;29241
29241;39448
39448;44734
44734;2146
2146;11429
11429;27373
27373;47541
47541;43717
43717;23907
23907;3012
3012;24658
24658;14077
14077;36782
36782;29256
29256;22372
22372;457
457;41410
41410;5954
5954;158
158;15493
15493;8669
8669;36272
36272;20234
24466;3457
3457;25011
25011;37200
37200;11249
11249;20217
20217;20243
20243;45914
45914;16812
16812;13186
13186;24816
24816;32518
23244;33036
33036;22566
22566;48540
48540;35869
33067;23676
23676;20793
20793;22007
22007;9113
9113;30095
30095;35561
35561;3028
3028;12319
12319;42518
42518;10088
10088;44102
44102;41434
41434;39463
39463;31823
31823;41713
41713;24886
24886;23542
23542;45036
45036;19639
19639;2727
2727;27941
27941;9030
9030;5231
5231;37855
37855;9362
9362;3118
3118;45045
45045;33957
33957;34960
34960;46785
46785;37746
37746;43055
43055;37345
43055;3432
43055;33819
43055;39110
43055;6303
43055;39012
37345;35525
3432;20416
33819;7607
33819;22172
39012;30665
20416;42148
42148;28723
28723;22385
22385;37418
7607;35915
22172;21838
35915;8004
35915;18139
8004;20989
18139;11286
18139;41345
41345;31172
30665;2365
2365;44427
44427;33213
33213;14452
14452;45667
45667;7667
7667;42910
42910;25219
25219;14554
14554;44624
44624;16665
16665;10562
10562;8602
8602;27238
27238;39280
39280;24825
24825;45760
45760;29167
29167;5605
5605;16909
16909;19705
19705;11654
11654;46538
46538;4512
4512;30744
30744;16773
16773;11764
11764;47728
47728;26690
26690;18144
18144;4340
4340;12730
12730;14940
14940;47412
47412;47906
47906;6650
6650;12606
12606;940
940;32205
32205;29962
29962;4449
4449;17518
17518;25072
25072;38484
38484;2881
2881;6120
6120;15128
15128;36635
36635;20664
20664;624
624;26491
26491;4382
4382;12447
12447;48481
48481;36603
36603;36458
36458;26314
26314;1636
1636;16156
16156;20026
20026;5557
5557;36875
36875;26253
26253;10782
10782;5875
5875;3305
3305;8133
8133;44626
44626;11766
11766;26543
26543;13904
13904;30620
30620;32672
32672;32277
32277;2896
2896;37478
37478;23146
23146;12229
12229;17500
17500;43021
43021;19012
19012;43511
43511;19985
19985;42475
42475;27853
27853;19680
19680;21514
21514;20845
20845;43765
43765;20500
20500;2720
2720;17846
17846;30806
30806;19367
19367;28441
28441;46739
28441;39824
46739;37104
39824;1236
39824;18774
37104;4089
1236;29215
18774;33686
29215;40271
40271;2129
16321;18005
16321;12184
18005;12007
12184;34394
12007;20698
20698;27746
27746;1381
1381;26222
26222;11659
11659;46181
46181;41647
41647;41323
41323;23113
23113;4760
23113;41038
4760;37768
41038;25705
37768;12633
12633;44515
44515;31161
31161;25427
25427;17656
25427;29509
17656;32109
32109;17419
17419;34935
34935;20061
20061;18056
18056;48129
48129;41744
48129;27118
48129;11580
41744;13640
11580;16648
13640;10333
10333;41435
41435;496
496;42316
42316;5945
5945;38240
38240;10409
10409;26287
26287;45807
26287;16657
26287;35369
45807;45186
16657;39922
35369;12087
45186;42355
42355;29632
29632;47091
47091;33365
33365;12954
33365;15709
12954;26649
15709;11309
26649;9419
9419;37597
37597;41844
41844;12661
12661;2878
2878;37509
2878;17219
37509;45932
17219;4065
45932;23010
23010;22675
22675;3675
3675;9581
9581;18492
18492;19308
19308;21132
19308;17639
19308;236
21132;47910
236;2573
47910;33273
33273;18380
18380;8085
8085;34664
34664;41113
41113;46810
46810;6786
6786;5567
5567;13985
13985;44514
13985;20318
44514;5585
20318;28619
5585;41807
41807;25115
41807;45424
25115;11100
45424;15018
11100;25793
25793;479
479;20525
20525;4638
4638;22702
22702;19444
19444;41456
41456;6403
6403;40392
40392;25012
25012;17353
17353;13245
13245;11435
11435;45052
45052;40617
40617;14849
14849;41283
41283;11686
11686;10076
11686;21629
10076;25112
21629;35029
25112;7895
7895;41278
41278;22462
22462;16809
16809;40016
16809;33191
40016;12408
33191;20876
39922;33269
33269;2833
2833;7069
7069;18084
18084;31311
31311;7504
7504;24485
24485;37720
28619;47071
47071;35320
35320;38411
38411;19126
19126;8826
8826;32448
32448;26183
26183;36515
36515;39684
39684;1368
1368;2557
2557;33763
35029;12986
12986;23693
16648;28918
28918;16337
21838;37025
37025;23767
23767;3845
3845;17765
3845;14870
17765;40255
17765;48132
14870;18007
40255;41118
48132;9427
41118;37072
37072;33418
33418;20530
20530;9029
9029;15848
9029;25470
15848;24176
25470;13166
24176;36921
36921;35077
35077;9602
9602;34394
18007;9293
9427;26333
13166;2345
2345;17120
17120;44530
2573;4830
4830;6215
6215;44482
44482;19911
19911;572
572;29634
29634;29870
29870;42387
42387;5035
5035;41988
41988;11372
11372;12709
12709;12213
12709;4931
12213;38570
4931;6363
38570;28425
28425;19234
19234;5999
5999;25735
25735;36255
36255;652
652;9817
9817;20264
20264;33959
33959;43156
43156;4065
6363;42780
42780;11017
11017;45628
45628;18827
11309;36112
36112;18645
18645;38104
38104;8539
8539;26405
15018;16331
16331;38011
38011;15091
15091;27685
15091;40585
27685;37772
40585;39048
40585;16851
37772;8018
8018;35992
35992;17873
17873;3093
3093;24501
24501;5251
5251;23941
23941;48581
48581;35146
39048;47422
16851;3585
12087;5417
5417;32101
32101;29424
29424;40417
40417;15749
15749;23232
23232;33154
33154;33475
12408;46808
46808;37159
37159;18785
18785;10615
10615;10519
10519;40784
40784;3053
3053;28
28;18122
18122;7166
7166;44763
44763;32992
32992;32556
32556;40908
40908;32160
32160;7326
7326;29077
29077;16753
16753;22541
22541;38092
38092;20758
20758;7119
7119;30883
30883;13537
13537;47538
47538;30790
30790;44049
44049;20135
20135;10651
10651;12962
12962;32237
32237;45190
45190;44339
44339;14598
14598;35330
35330;24559
24559;30680
24559;37576
30680;40485
37576;6110
40485;211
211;9072
9072;1732
1732;29708
29708;20824
20824;21690
21690;21692
21692;44988
44988;10075
44988;21352
21352;15524
6110;10379
10379;30100
30100;30536
30536;42123
42123;4372
4372;39572
39572;10213
10213;28941
20876;25218
25218;43196
43196;32520
32520;36344
36344;32302
32302;46912
32302;11473
46912;23609
46912;27225
23609;2742
27225;30070
39655;38706
39655;12286
39655;16503
38706;21487
12286;42142
16503;1351
21487;44090
44090;2247
2247;18735
18735;3748
3748;40813
40813;34182
34182;41073
41073;46070
46070;9125
46070;25482
9125;45938
25482;32926
45938;16984
16984;27068
27068;39728
39728;25820
25820;28907
28907;4219
4219;14566
14566;22733
22733;26817
26817;22673
26817;31605
22673;19577
31605;21786
19577;22366
22366;15436
22366;24110
15436;25043
24110;48704
25043;18835
18835;30339
30339;42380
42380;37135
37135;47090
47090;47684
47684;38291
38291;33982
33982;37685
37685;3782
3782;15383
15383;25314
25314;44848
44848;14167
14167;18424
14167;39758
18424;40556
40556;15733
15733;8342
8342;2320
2320;21695
21695;19836
19836;35220
35220;13325
13325;21533
21533;24140
24140;9698
24140;20128
9698;28411
20128;45268
28411;33287
33287;26111
26111;7180
26111;18768
18768;18726
45268;12589
48704;20107
20107;21383
21383;30463
30463;44985
44985;38997
38997;11578
11578;43182
43182;37747
27634;23023
23023;32725
32725;8116
32725;36732
8116;47874
36732;23845
47874;33991
33991;10659
23845;8039
8039;15524
6727;44638
6727;38116
6727;1434
44638;30781
38116;43921
1434;40589
30781;34936
34936;32785
32785;25572
25572;5668
5668;38386
7439;10886
7439;38188
7439;27358
10886;43123
38188;48666
27358;44813
753;27710
753;46112
753;4209
753;30330
27710;29404
46112;48538
4209;32008
30330;43123
31172;47462
31172;6886
47462;24055
43080;8631
43080;17488
43080;14568
43080;32831
8631;42418
14568;16198
32831;25818
16198;44216
42418;35500
42418;17425
35500;13495
17425;648
24537;41753
24537;23578
24537;36385
41753;3696
23578;20616
36385;32226
32226;43407
43407;4743
4743;4804
4804;47645
47645;13749
13749;15104
15104;39811
39811;10002
24055;28674
28674;28270
28270;857
857;43753
43753;1190
1190;3696
20616;8849
8849;44645
44645;48248
48248;8050
8050;42094
42094;15273
15273;38273
38273;43921
40589;39193
39193;36361
36361;13495
648;19341
19341;26949
26949;22279
22279;9168
9168;21185
21185;24099
24099;23692
23692;5584
5584;29311
29311;25488
25488;4626
4626;29404
48538;42142
1351;25811
25811;18494
18494;6429
18726;37737
37737;18752
18752;11376
11376;30954
30954;35279
35279;18925
18925;29458
29458;12235
12235;17530
17530;44119
44119;34572
34572;48511
48511;37659
37659;15798
15798;25751
25751;33066
33066;32796
32796;33628
33628;26823
26823;36759
36759;8991
8991;11229
11229;41449
41449;21608
21608;11193
21608;41543
11193;18546
41543;11081
11081;16892
16892;20866
20866;10636
20866;39946
10636;9930
39946;1551
9930;35854
35854;13317
13317;24437
24437;47957
47957;41683
41683;4957
1551;15951
15951;24610
24610;31138
43159;4805
4805;28744
28744;4306
4306;37514
37514;38671
38671;31561
31561;15100
31561;10117
31561;44833
15100;2530
15100;13216
2530;39579
13216;27852
39579;43343
43343;613
613;44916
44916;42901
42901;2812
2812;9877
9877;42722
42722;21786
27852;42550
42550;27244
27244;32403
32403;8593
8593;45947
8064;47581
8064;11699
47581;29455
11699;307
29455;43155
43155;2007
2007;23190
23190;18345
18345;18519
18519;26487
26487;9173
9173;28280
28280;37099
37099;43207
43207;969
969;7044
7044;19347
19347;36615
36615;42773
36615;22443
42773;6897
22443;20679
6897;21103
21103;9675
21103;11780
9675;48420
11780;37177
48420;47959
47959;20251
20251;15700
15700;4768
4768;33800
33800;9180
9180;23956
23956;45063
45063;3242
3242;40520
40520;3653
3653;30178
30178;25633
25633;28122
28122;40972
40972;20349
20349;19008
19008;23749
23749;17371
23749;13952
23749;7500
17371;32813
13952;11574
7500;23315
32813;32746
32746;14761
14761;22492
22492;577
577;14333
14333;4312
4312;34322
4312;9648
34322;38795
9648;44445
38795;35494
35494;43130
43130;25968
25968;13539
13539;25910
25910;4006
4006;6878
6878;38948
38948;8732
8732;20102
20679;12244
12244;40731
40731;29507
29507;38887
38887;1010
1010;44083
44083;21246
21246;44041
44041;11147
11574;22974
22974;22954
20102;2227
2227;29238
29238;7751
7751;14600
14600;20754
20754;2642
2642;38680
38680;36153
36153;27001
27001;22336
22336;3512
3512;42603
42603;17139
42603;22156
17139;39385
39385;1959
1959;21137
21137;34268
34268;4477
34268;2411
4477;36879
36879;25785
25785;19362
19362;42406
19362;5249
19362;46707
5249;9418
46707;14338
14338;38531
14338;3446
14338;39370
38531;12536
39370;31448
12536;17932
17932;32213
32213;28800
28800;14590
14590;10842
10842;5470
5470;35008
35008;47324
47324;26539
26539;26442
26442;14798
14798;34500
34500;32873
34500;32035
34500;17043
32873;1924
32035;28892
17043;15510
1924;26228
26228;33939
33939;10158
10158;23102
23102;6029
6029;26454
26454;44165
44165;42054
42054;7511
7511;1175
1175;44899
44899;3850
3850;15539
15539;22899
22899;34138
34138;17133
17133;45333
45333;19123
19123;38053
38053;30503
30503;22373
22373;36196
36196;29724
29724;22211
22211;27057
27057;33946
33946;36728
36728;44801
44801;3370
3370;20966
20966;39752
39752;237
237;39289
39289;41210
41210;43679
43679;37433
37433;31843
31843;37156
37156;42424
42424;13239
13239;38649
38649;15922
15922;24216
23315;26193
26193;4779
4779;30139
30139;4902
4902;27514
4902;34530
27514;3600
3600;23751
23751;21513
21513;12282
12282;23978
23978;47969
47969;3526
3526;38482
38482;41796
41796;12629
12629;44445
31448;29254
29254;8259
8259;29373
29373;48260
48260;26091
26091;28892
15510;7980
7980;5444
5444;24595
24595;7555
7555;15563
33686;23527
23527;7596
7596;18823
18823;23436
23436;18592
18592;16894
16894;46022
46022;34729
34729;47532
47532;307
24216;3881
3881;17531
17531;44606
17531;3937
44606;40901
3937;28297
40901;13939
13939;15845
15845;38592
38592;35198
38592;24923
35198;1096
1096;18833
18833;20842
20842;12766
12766;15061
15061;32298
32298;13377
13377;35667
35667;11298
11298;48143
48143;12030
12030;7762
7762;3470
3470;10895
10895;45461
45461;38758
38758;33741
33741;15619
15619;42030
42030;27510
27510;12620
27510;19148
12620;20651
12620;40634
20651;11385
11385;47017
47017;33989
33989;19117
33989;11510
19117;43650
43650;46320
46320;4154
4154;10586
10586;16627
16627;45384
45384;25521
2963;20223
25521;18978
25521;7404
18978;19065
18978;47427
18978;14169
7404;10492
19065;1283
47427;29357
14169;2626
1283;30715
30715;40454
40454;20805
20805;34401
34401;31405
31405;19266
19266;42800
19266;31162
42800;24789
42800;389
24789;3677
389;46107
3677;12499
3677;27033
12499;29299
27033;14582
29299;47832
47832;8767
8767;12123
12123;5937
12123;39069
5937;27688
39069;31890
27688;36764
36764;30479
36764;45213
30479;23795
45213;44880
23795;9049
9049;10118
10118;42519
42519;11694
42519;32711
11694;12394
32711;40742
12394;26952
26952;27032
27032;4634
4634;6874
6874;21523
21523;6644
6644;14455
14455;28727
28727;32212
32212;2005
2005;15929
2005;41827
2005;15378
15929;16848
15378;47485
16848;24670
24670;4109
4109;47102
47102;21735
21735;34554
34554;16384
16384;32259
32259;39664
39664;34747
34747;36570
36570;31198
31198;42594
42594;13975
13975;16643
16643;42040
42040;44176
44176;45183
45183;5878
45183;2869
5878;31968
2869;35929
31968;18824
18824;20978
20978;32317
32317;17006
17006;14488
14488;16179
16179;37107
37107;45567
46107;27889
27889;23548
29357;47727
47727;6281
47727;27834
2626;27086
27086;5232
5232;5253
5253;27411
27411;47138
47138;1195
1195;24338
24338;27653
27653;5845
5845;46347
46347;9143
46347;41872
46347;21987
9143;12141
41872;21302
21987;20117
12141;8850
12141;30845
8850;45060
30845;40735
45060;35327
35327;28954
28954;6281
27834;17854
21302;7839
7839;25997
25997;34457
34457;29663
29663;41111
41111;26234
26234;36184
36184;41100
41100;20379
20379;20265
20265;11340
11340;6898
11340;41001
6898;37465
41001;4935
37465;40470
40470;16440
16440;23613
23613;14555
14555;22035
22035;41760
41760;42559
42559;13830
13830;13690
13690;38711
38711;353
353;33370
33370;11305
11305;42228
42228;44142
42228;18571
44142;16580
18571;8887
16580;7866
7866;36898
36898;23547
14887;18306
14887;41284
14887;17023
18306;10592
17023;39397
10592;2743
10592;9450
10592;41169
10592;21039
10592;15644
10592;1883
10592;27891
10592;26916
10592;506
2743;36799
506;24156
36799;2752
2752;12675
12675;36430
36430;15530
15530;18140
18140;10135
10135;20184
20184;17959
20184;35187
17959;44996
44996;20594
20594;41898
41898;32347
32347;42334
42334;36203
36203;27391
27391;12789
12789;8816
8816;37177
24156;47700
47700;14154
14154;43410
31386;15131
31386;45757
31386;10516
15131;15671
45757;35518
23547;21046
21046;37834
37834;27160
27160;1450
1450;47270
1450;40510
1450;2970
47270;12028
40510;35227
2970;40576
12028;46647
46647;14451
14451;31980
14451;40318
31980;15671
40318;35128
35518;25346
25346;38166
38166;7162
7162;21421
21421;3156
3156;16678
16678;36362
36362;12780
12780;6191
6191;21952
21952;26052
26052;20429
20429;20174
20174;39157
39157;8618
39157;8469
8618;25286
8469;2755
28324;31465
31465;23964
23964;27332
27332;48
48;12008
12008;16026
47485;25586
25586;12898
25586;47489
12898;3367
47489;1762
3367;28515
28515;1764
1764;48496
1764;30403
48496;24108
30403;3288
1762;21012
21012;9822
21012;765
9822;4869
765;9644
4869;42331
42331;12862
35929;20171
20171;31612
31612;6196
6196;46116
46116;7893
7893;26157
26157;44748
44748;20084
20084;22921
22921;18369
18369;25320
25320;7355
7355;27344
27344;30466
30466;31169
31169;2450
2450;37039
37039;38926
38926;40899
40899;19821
19821;15037
15037;43545
43545;3744
3744;38781
38781;13660
13660;33208
33208;16613
16613;37607
37607;17338
17338;22583
22583;16720
16720;35654
35654;44636
44636;41099
41099;19412
19412;8306
8306;30367
30367;40353
40353;7062
7062;43659
43659;17080
17080;26708
26708;37068
37068;9790
9790;14841
14841;5865
5865;22473
22473;8357
8357;10415
10415;10781
10781;6384
6384;23460
6384;29031
23460;5606
29031;20937
5606;15786
16713;26518
26518;6130
6130;3872
3872;20117
43410;13875
13875;21504
13875;20469
13875;34064
20937;3742
3742;4174
3742;23395
3742;14353
4174;2864
23395;20485
14353;3357
2864;7800
7800;4448
4448;28624
28624;22992
35304;11217
11217;20485
3357;7017
7017;10721
10721;33577
33577;30160
30160;19967
19967;42665
42665;34364
34364;7250
7250;17649
17649;37392
37392;35605
35605;22295
22295;43510
43510;36326
36326;45591
36326;17857
36326;29006
17857;23442
28297;25727
25727;47828
47828;38172
38172;4375
4375;28418
28418;19998
19998;5023
5023;37174
37174;27963
27963;18772
18772;28346
28346;46726
46726;27397
27397;37316
37316;8976
8976;38212
38212;29207
29207;44776
44776;47469
47469;33357
47469;4876
33357;26672
4876;44388
26672;20432
20432;42248
42248;35259
35259;5335
5335;45218
24108;41353
41353;28310
28310;43976
43976;35749
35749;46277
3288;31566
31566;27386
27386;23008
23008;227
227;13501
13501;37421
37421;24178
24178;46979
46979;47314
47314;40061
40061;47360
47360;33619
33619;35974
35974;46577
46577;39743
39743;23884
23884;19888
12862;5893
5893;30672
30672;31329
31329;33298
33298;45304
45304;3177
3177;42491
42491;12475
12475;4313
4313;30451
30451;26478
26478;10922
10922;10549
10549;2374
2374;5905
5905;23492
23492;27378
27378;35159
35159;4162
4162;3378
3378;19859
19859;33395
33395;9285
9285;24123
24123;17587
23442;47250
47250;36565
36565;15361
15361;36807
36807;29995
36807;8226
29995;1710
8226;34269
34269;10242
10242;15758
15758;17686
17686;37591
35591;39394
39394;19087
19087;9644
25286;31886
31886;33304
33304;35055
35055;31374
31374;41904
41904;24986
24986;44571
44571;48707
48707;18282
18282;28700
28700;35565
35565;14336
14336;33236
33236;16690
16690;30719
30719;27088
27088;23026
23026;22073
22073;24920
24920;28729
28729;36465
36465;13842
13842;18463
18463;24121
24121;15823
15823;8032
8032;3153
3153;41324
41324;18266
41324;9135
18266;6705
9135;26141
6705;38334
38334;646
646;46671
46671;6003
6003;12843
12843;33852
33852;34891
34891;3441
3441;29228
29228;40291
40291;35209
35209;19921
19921;13858
13858;4592
4592;32882
32882;1484
1484;38831
38831;47
47;43902
43902;17912
17912;7289
7289;32453
32453;28367
28367;14370
14370;9451
9451;30884
30884;34162
34162;2435
2435;12268
2435;687
12268;33900
687;12870
33900;3419
3419;24690
24690;20018
20018;20323
20323;35364
35364;13533
30237;28465
30237;31583
13533;11113
11113;24972
24972;5027
5027;9370
17854;28706
17854;17743
28706;36278
17743;11466
36278;23548
11466;47710
47710;25505
47710;27406
27406;45786
45786;45087
45087;45728
45728;25995
25995;40735
2755;27898
27898;33585
33585;26964
26964;7170
7170;12333
12333;31853
31853;11573
11573;33664
33664;34100
34100;29570
29570;33096
33096;25647
33096;45280
33096;44463
25647;43203
45280;29211
44463;46262
43203;38310
38310;12585
12585;15243
12585;29739
12585;38416
15243;12841
29739;29494
38416;19887
12841;26141
29494;17671
17671;4075
4075;10740
10740;44271
44271;13318
13318;12193
12193;24488
24488;19136
19136;46687
46687;47447
47447;20096
20096;16011
16011;42503
42503;24450
24450;4033
4033;12221
12221;37084
37084;22620
22620;36087
36087;43885
43885;20383
20383;6826
6826;32196
32196;29685
29685;5592
5592;16287
16287;24324
24324;6106
6106;11825
6106;12870
11825;25810
25810;21163
35128;5320
5320;14191
14191;3944
3944;17493
17493;6696
6696;29816
29816;43010
43010;5792
5792;43346
43346;9137
9137;47152
47152;38380
38380;38248
38248;17480
17480;42156
42156;2603
2603;19843
19843;44701
44701;14194
14194;25860
25860;32661
32661;13662
13662;19051
19051;6255
6255;2299
2299;22161
22161;45056
45056;19060
19060;36536
36536;41890
36536;16669
41890;6193
16669;17759
17759;8284
8284;22517
22517;4841
4841;45104
45104;22988
22988;1053
1053;21524
21524;25748
25748;47893
47893;30533
30533;33542
33542;32875
32875;35201
35201;29607
29607;43969
43969;9934
9934;40919
40919;19222
19222;15772
15772;23774
23774;137
137;23915
23915;3654
3654;31973
31973;7107
7107;38956
38956;9962
38956;4630
38956;43071
9962;46196
4630;31379
43071;32761
31379;26809
26809;30436
30436;44907
44907;20122
20122;22844
22844;28550
28550;10662
10662;7018
32761;8646
8646;8403
8403;35558
40576;37715
37715;40607
37715;17460
17460;27619
27619;25895
25895;4460
4460;10783
35227;41375
41375;16880
16880;21813
16880;6320
21813;40283
6320;11741
40283;31629
31629;2856
2856;37329
37329;8887
4935;39133
39133;25943
25943;5224
29211;30923
14582;6351
6351;28041
28041;10670
28041;3138
10670;16784
3138;13624
16784;17378
17378;20667
20667;44887
44887;41630
13624;41774
41774;12822
12822;16914
16914;33806
33806;43225
43225;6152
6152;21018
21018;32435
32435;40292
40292;46961
46961;21831
21831;2582
2582;40844
40844;44716
44716;9345
36621;35594
35594;5447
36298;40690
5447;46247
46247;23524
46247;31705
23524;31839
31705;12505
31839;15723
15723;29717
29717;47218
47218;28241
15689;40745
40745;27023
27023;46447
46447;22205
22205;44880
45567;22276
22276;7460
7460;18182
18182;14935
14935;47756
47756;8996
8996;15241
15241;38788
38788;24817
12219;758
12219;14443
758;37719
19295;34207
17697;42192
34207;8735
24283;29560
11427;9384
11427;12710
42586;48550
42586;48359
48550;17919
48359;43244
10277;14099
14099;21723
9296;13581
9296;27957
13581;3276
27957;7105
2195;31411
2195;5340
31411;24251
5340;43105
5340;7600
14122;31832
14122;13585
31832;11027
13585;23559
9384;18189
9384;2134
9384;13329
2134;4578
13329;14500
4578;30940
30940;1514
1514;28103
28103;37999
37999;31292
43125;38625
43125;40260
43125;8031
38625;39477
40260;10626
40260;30217
8031;13880
14620;36531
14620;4766
36531;39002
4766;14439
39477;45092
45092;34807
34807;26318
26318;40803
40803;5430
5430;5483
5483;41257
41257;47337
47337;12192
12192;1163
1163;20085
20085;8048
8048;46601
46601;34256
34256;20232
20232;46895
46895;19249
19249;15008
15008;20172
20172;7954
22735;28490
28490;31740
31740;36243
36243;19721
19721;13432
19721;26579
19721;12844
13432;38460
26579;17424
12844;18970
18703;38460
39361;24796
39361;36082
39361;3054
24796;19119
36082;2110
3054;14701
19119;6717
6717;16610
16610;27007
27007;12849
12849;10465
10465;1994
1994;8110
8110;7270
7270;43996
43996;10063
10063;25837
25837;31863
31863;44879
44879;43980
43980;34365
34365;42444
42444;44364
44364;34790
34790;37452
34790;14533
37452;29824
14533;18838
15571;40407
15571;13359
15571;15502
40407;48096
13359;34548
15502;9080
48096;29188
29188;42367
24624;43385
24624;34548
6700;28157
6700;29087
35070;28176
28176;28579
28579;40845
40845;2511
2511;33134
33134;12198
12198;9085
9085;33742
33742;16616
16616;22042
22042;18270
18270;7486
7486;20536
20536;2968
2968;11963
11963;38352
38352;45494
38352;39435
38352;35958
39435;3687
35958;35486
40742;16719
16719;29065
29065;17809
28529;19080
18732;21432
19080;10052
29439;15222
21432;48649
15222;15652
40690;12357
10052;48710
48710;620
48710;39167
620;13153
39167;14502
13153;21216
13153;18054
18054;43906
15652;48649
15652;32297
32297;37755
12357;28572
28572;15452
15452;37568
37568;45866
11297;22635
22635;43831
43831;19456
19456;30469
30469;16674
16674;47497
47497;6967
6967;39295
39295;32350
32350;29718
27220;26545
27220;39802
27220;30331
26545;39122
39802;43906
30331;18465
18465;9508
9508;46480
46480;43864
39122;45775
45775;30283
30283;3397
3397;15133
15133;8667
8667;4757
4757;31389
31389;35487
14502;17640
46194;42732
42732;31890
9345;17867
17867;8753
17867;18455
8753;17665
17665;36347
36347;18898
18898;20491
20491;22574
22574;15513
15513;25652
25652;35737
35737;41660
41660;43025
43025;15694
15694;8771
8771;41315
41315;37696
37696;27837
27837;27318
27318;43393
43393;15047
15047;41631
41631;24813
24813;26003
26003;46724
46724;28644
28644;23385
23385;28476
28476;28079
28079;2858
2858;35167
35167;29633
29633;39459
39459;11603
11603;24074
24074;39349
39349;30520
30520;42211
42211;23671
23671;31939
31939;17465
17465;18640
37719;5258
5258;19602
19602;47365
47365;2722
2722;31156
2722;4235
31156;15656
4235;11975
15656;20126
20126;32414
20126;21194
21194;21615
46468;13782
21615;47692
47692;17593
17593;8735
40532;37235
37235;12181
12181;47567
47567;35030
35030;14994
14994;43378
43378;26657
26657;38597
38597;5031
45002;33035
36724;21774
33035;1700
21774;15558
27047;11299
11299;48181
1700;42378
42378;1795
1795;13423
2110;22470
22470;37073
37073;28859
28859;39002
14439;12697
12697;39026
39026;42455
42455;11657
11657;27202
27202;31201
31201;36395
36395;42938
42938;10626
30217;7389
47729;2156
2156;38872
38872;7883
7883;13423
11362;1619
1619;5981
5981;1202
1202;36761
36761;5489
5489;46930
5489;30101
46930;3687
30101;17277
17277;1515
35486;33528
33528;17653
17653;41769
17653;21431
41769;8762
21431;16511
8762;35413
8762;2501
35413;32973
2501;31449
32973;37962
32973;26081
37962;27389
26081;48363
27389;10892
10892;29649
29649;40973
40973;16709
16709;44016
44016;7458
7458;12388
12388;44892
44892;14321
14321;38523
38523;36940
36940;46049
46049;7349
7349;16181
16181;5690
5690;1886
1886;6511
6511;15569
15569;257
257;29686
29686;2203
2203;23923
23923;31593
31593;1159
1159;15488
15488;18945
18945;48060
18945;16850
18945;15190
48060;8756
15190;5223
8756;2867
2867;24308
24308;25646
25646;12097
12097;21769
12097;19183
21769;17990
19183;48500
16511;40091
40091;2154
40091;29164
2154;44960
29164;29637
29164;21640
17990;6331
6331;1823
6331;7647
6331;47268
6331;30794
1823;21840
7647;36142
47268;24092
30794;17807
21840;34882
34882;9330
9330;6019
6019;22233
36142;42293
42293;26014
42293;48615
26014;9385
48615;46225
9385;3667
3667;13745
13745;14139
14139;24092
14139;12432
14139;22769
12432;44582
22769;14551
46225;36129
36129;36843
36843;45875
45875;48028
48028;6501
6501;42439
42439;33605
33605;5819
5819;22886
22886;14120
14120;47979
47979;25113
25113;45755
45755;5751
5751;39894
14551;29449
29449;40535
40535;20875
20875;35617
20875;10859
35617;17275
10859;37639
17275;949
949;11655
11655;1427
1427;18300
18300;42829
42829;29346
29346;25501
25501;44400
44400;9340
44960;45754
45754;38736
45754;34574
45754;35161
38736;40096
34574;5180
34574;33458
35161;19357
13880;30356
30356;33416
33416;26666
26666;11353
11353;32158
32158;45923
45923;9621
9621;11027
23559;26923
23559;5665
26923;24251
5665;25242
43105;28538
7600;21377
28538;15308
15308;21543
21543;33591
33591;3276
7105;17963
17963;19344
19344;18660
18660;10569
10569;21723
21723;17919
12710;184
29560;10737
43244;29590
16535;23947
29590;44608
44608;14500
184;6157
6157;17424
18970;27292
27292;26249
26249;2788
2788;35988
35988;24253
24253;43641
43641;33770
33770;46580
46580;10737
10737;1679
1679;44051
23947;41485
41485;26912
26912;7164
26912;38757
7164;19539
38757;2622
19539;16611
16611;10413
42192;21332
21332;6734
6734;35625
35625;44395
44395;27324
27324;2425
2425;26082
26082;40737
40737;10969
10969;17879
17879;9760
9760;42100
42100;36869
47838;14804
14804;36188
36188;26599
39641;14722
14722;25266
45154;42053
25194;12982
12982;38633
38633;30615
17788;48608
48608;37976
37976;31720
31720;6324
1152;39911
6324;27469
27469;9036
9036;32386
32386;29025
36198;11347
36198;44006
11347;2816
2816;12560
12560;38314
38314;41206
41206;27964
27964;1546
1546;2492
2492;18802
2492;1623
18802;26629
1623;24232
26629;29464
29464;2437
2437;35970
35970;22442
22442;39911
7799;33046
33046;44240
44240;42310
42310;10437
10437;29087
10437;22440
22440;45159
36949;44363
44363;26322
26322;28157
26322;6778
45159;27551
45159;34282
27551;27720
27720;10817
10817;431
431;3465
48363;21894
21894;15205
21894;5108
15205;36135
36135;13759
36135;48394
13759;36641
48394;40864
36641;11243
11243;43409
43409;36791
36791;29637
21640;24694
40864;47907
47907;44760
44760;22049
22049;13755
22049;12392
13755;37811
37811;37461
37461;28188
28188;43532
43532;33242
33242;10834
10834;36642
24694;33325
33325;31808
31808;9223
9223;25487
5223;29756
29756;30298
30298;8824
8824;31736
31736;23647
23647;33117
33117;653
653;33301
33301;44492
44492;3914
3914;48500
5118;38231
38231;4974
4974;29928
29928;31040
31040;9356
9356;36860
36860;16138
16138;46727
19357;31298
19357;25623
31298;36095
36095;31449
36095;13677
17807;7085
7085;4400
4400;3721
3465;2870
3465;42085
2870;26798
42085;5628
26798;23953
23953;24948
24948;25954
25954;22818
25954;35188
22818;16124
35188;36958
16124;1571
1571;32256
32256;42046
42046;39553
39553;43385
9080;2199
2199;24512
24512;5598
24512;9402
5598;29824
9402;9869
18838;2820
2820;28958
28958;26848
26848;14701
5628;30318
30318;33481
33481;18176
18176;24317
24317;32850
32850;4098
36958;32937
32937;3729
3729;3852
3852;37334
9869;4019
4019;14552
14552;21920
21920;16147
16147;27544
44388;33723
33723;3230
33723;25333
3230;38903
25333;13965
13965;11072
11072;5582
5582;40618
40618;39037
39037;18664
18664;10788
18664;9981
10788;1973
9981;34302
1973;34426
34426;24297
24297;31455
31455;28203
28203;24115
24115;1950
1950;25170
25170;36417
36417;34739
34739;33924
34739;27429
33924;2684
27429;13049
2684;45627
45627;3789
3789;29790
29790;33250
33250;20193
20193;4183
13049;14499
14499;9131
9131;28192
28192;14835
14835;18371
18371;34302
21916;17883
17883;7568
7568;34102
34102;34839
34839;11939
11939;31606
31606;20250
31606;34665
34665;6757
20223;16919
16919;10492
36642;12284
12284;42684
42684;7271
7271;45306
45306;4928
4928;12818
12818;45841
45841;28032
28032;786
786;37143
37143;121
37143;20196
121;48207
48207;16033
16033;30518
30518;17800
17800;40855
40855;29699
40855;1725
40855;10505
29699;31618
31618;38823
38823;24069
24069;18648
18648;38093
38093;1667
38093;42881
1667;4464
4464;4099
4099;38690
38690;24401
24401;46522
46522;31190
31190;4604
4604;9512
9512;18777
18777;31891
31891;28847
28847;10332
10332;33809
33809;23878
23878;48715
23878;47466
48715;48278
48278;6230
6230;15699
15699;37900
37900;12472
12472;39399
39399;26065
26065;21128
21128;20354
20354;30777
30777;27618
48181;26547
26547;38882
38882;42693
15558;10367
10367;1504
1504;33927
33927;10888
7389;46734
46734;18264
18264;21565
18264;28510
21565;41408
28510;14509
41408;47217
47217;14274
14274;41610
41610;15634
15634;22135
22135;34455
34455;4995
19887;24589
24589;9346
9346;42870
42870;45431
45431;11673
11673;24691
24691;47671
47671;37101
37101;19181
19181;8410
8410;46262
6074;814
814;27851
27851;22961
27851;33452
22961;42051
33452;32822
42051;17669
17669;4443
4443;14174
32822;29262
29262;16188
16188;17002
21956;17018
17018;40465
40465;270
270;1011
1011;37363
37363;40125
37363;10657
37363;11894
40125;19862
10657;21160
11894;44843
19862;36388
19862;43111
44843;18635
18635;44280
44280;32707
32707;7226
7226;6144
6144;48237
48237;44811
39773;11300
39773;48505
11300;33248
48505;31571
33248;43845
43845;18770
18770;43452
43452;25885
25885;5974
5974;14021
14021;19396
19396;9570
9570;11556
11556;12058
12058;25584
25584;22743
22743;37995
37995;16123
16123;15303
15303;32456
32456;4123
4123;28509
28509;10664
10664;1931
1931;42178
42178;2000
42178;4387
2000;3530
4387;48210
3530;6968
6968;44769
44769;21201
21201;7143
7143;19607
19607;35829
19607;16230
35829;4605
4605;21285
21285;518
518;15987
29474;10189
29474;27116
29474;3291
10189;32578
27116;44781
3291;27584
32578;44231
32578;20859
44231;1824
1824;27338
27338;37474
37474;10675
10675;12422
12422;39267
39267;36877
36877;38601
38601;15914
15914;6759
6759;20344
2275;28261
2275;42420
2275;45478
2275;6774
28261;33107
42420;47451
45478;26470
6774;13703
6774;37396
33107;37892
37892;2676
2676;48331
48331;43558
43558;30663
30663;32255
32255;27239
27239;30722
30722;8842
8842;21378
21378;31286
31286;33482
33482;34964
33482;44872
34964;16697
34964;23521
44872;36181
16697;41596
23521;36169
41596;4553
4553;6020
6020;12455
12455;13549
12455;25127
13549;14971
25127;36181
14971;22636
14971;28671
22636;34934
28671;3176
34934;14179
14179;10639
10639;13177
13177;32545
32545;25114
25114;34160
34160;10661
10661;18907
18907;24677
24677;39422
39422;39769
39769;13439
39769;12847
13439;11889
12847;48571
11889;28144
28144;26083
26083;31500
31500;20228
20228;40046
20228;32649
40046;139
32649;23283
48571;6284
6284;40041
40041;18350
18350;37918
37918;42076
42076;1258
1258;27799
27799;14235
14235;1357
1357;4967
4967;46945
4967;1188
4967;24961
46945;8926
24961;38495
8926;16945
16945;25602
25602;46007
46007;26444
26444;12593
12593;40754
40754;35460
35460;44008
44008;3442
44008;46812
3442;29674
46812;24148
29674;1313
1313;19459
19459;14382
14382;19841
19841;13665
13665;31141
31141;18646
38495;30885
24148;32555
32555;46783
46783;41420
5225;47202
5225;33012
5225;37573
47202;35191
33012;35329
37573;13530
35191;11173
11173;17945
17945;40479
40479;40115
40115;23594
23594;40732
40732;16807
16807;43971
43971;15618
15618;31571
26269;33176
26269;28002
33176;2368
28002;35425
2368;38700
38700;3688
3688;4052
4052;15269
4052;4406
15269;43542
4406;29645
43542;21070
21070;36490
36490;37534
37534;4354
4354;1414
1414;13500
13500;40379
40379;34178
34178;26821
26821;34383
34383;7827
7827;47982
47982;28810
28810;8029
8029;16481
16481;15429
15429;47171
47171;11601
47171;33916
11601;13463
11601;12130
33916;38009
13463;19220
12130;2497
19220;45309
45309;35119
35119;41023
41023;32553
32553;9771
9771;45678
45678;42925
42925;7009
7009;18793
18793;43997
43997;15548
15548;42837
15548;45750
42837;13127
45750;43973
13127;7689
7689;19226
19226;8590
8590;22252
22252;6919
6919;11871
6919;42985
11871;26334
42985;8286
26334;47887
47887;13560
13560;17960
17960;11209
11209;37888
37888;39703
39703;38427
38427;26337
29645;28650
38009;37571
2497;2954
43973;37636
37636;18247
18247;19817
19817;21832
21832;17803
21832;38027
17803;47739
38027;42238
47739;7185
7185;30750
30750;30751
30751;22080
22080;22009
22009;39556
8286;10776
18880;23392
18880;26337
18880;44293
18880;7228
23392;2657
44293;46772
7228;42725
42725;21700
21700;41204
3394;10425
10425;27776
27776;21755
21755;18464
21755;38129
18464;9341
38129;45398
9341;7836
9341;17044
7836;28517
17044;46877
28517;1582
1582;33343
33343;45572
45572;25806
25806;29249
29249;17523
17523;41823
41823;36022
36022;29728
36022;28854
29728;32165
32165;5009
5009;6244
6244;17399
17399;38571
38571;6369
38571;48695
6369;20144
48695;27533
20144;38232
38232;2657
38232;13379
13379;36609
27533;29313
21393;33340
21393;36161
21393;41354
33340;31491
36161;11706
41354;32748
41354;942
31491;23632
23632;47451
26470;5752
26470;28404
26470;21266
5752;4671
28404;29413
4671;29820
4671;20441
29820;20038
20441;46381
20038;26278
20038;9486
20038;12014
26278;46695
9486;36051
9486;24145
46695;11595
11595;3531
3531;33303
33303;46095
46095;25643
46095;18045
25643;48070
18045;12619
48070;16876
16876;5720
5720;43698
43698;16055
16055;14690
14690;1867
1867;47618
1867;46228
47618;38477
46228;32001
38477;46772
45398;47224
45398;23159
47224;41611
23159;12983
46877;15649
46877;12983
11706;8876
8876;47852
47852;993
993;926
993;29892
926;19692
926;26486
29892;19207
19692;52
52;3309
3309;6356
6356;5750
5750;38890
38890;34788
34788;19533
19533;47630
47630;217
217;47719
47719;33867
33867;3349
3349;3248
3248;17286
17286;32748
942;41524
19207;1869
13703;29413
37396;11150
11150;28364
28364;41735
41735;12595
41735;41620
12595;9141
41620;39588
9141;4814
4814;2390
2390;43896
43896;18208
18208;40065
40065;34847
40065;1604
34847;28520
1604;39620
28520;9288
9288;18382
39588;29710
29710;6906
6906;12036
12036;39987
39987;46831
39620;22076
22076;32147
46381;15285
15285;36763
36763;17204
17204;12619
36051;7026
24145;19002
19002;2591
2591;34551
34551;3229
3229;23841
3229;38335
3229;36951
23841;36315
38335;33743
36951;8222
36315;3123
3123;40225
3123;16073
40225;33897
40225;21394
16073;16083
33897;14477
21394;29555
14477;3800
3800;9993
9993;16967
16967;44836
44836;24217
24217;20273
24217;20879
20273;6751
20879;6537
6751;28558
28558;30387
30387;16633
16633;7757
16083;34938
34938;12492
12492;20512
20512;6156
6156;29555
33743;3569
3569;23472
23472;22604
22604;16895
16895;18346
18346;44110
44110;43824
43824;20293
20293;27122
27122;30312
30312;144
30312;43019
30312;16412
144;28037
43019;37986
16412;41254
28037;8235
8235;8047
37986;7818
7818;11721
11721;33839
33839;22239
22239;11095
11095;5611
5611;48381
48381;29093
29093;35998
35998;40636
40636;46526
41254;30464
30464;2724
2724;16846
16846;19666
19666;1555
1555;20755
20755;11214
11214;21594
21594;48518
48518;36752
36752;34872
36752;32735
34872;5058
32735;42941
42941;13220
13220;45211
8222;23474
23474;4694
4694;13646
13646;4119
4119;32416
32416;25574
25574;23607
23607;38134
38134;34871
34871;27701
41524;34007
34007;32946
32946;30546
30546;11151
11151;34413
34413;19001
19001;3380
3380;31242
31242;27191
27191;17575
17575;14805
14805;25088
25088;7099
7099;5541
5541;4942
4942;42762
27994;19474
19474;47949
47949;8723
8723;37001
37001;29580
29580;3218
3218;29108
3218;20173
29108;25193
20173;30346
25193;32879
32879;27305
27305;34073
34073;41291
41291;10133
10133;805
805;40461
40461;40039
40039;25129
25129;47070
47070;27156
27156;28737
28737;10474
28737;42068
10474;31452
42068;47574
31452;25008
25008;8595
8595;5610
5610;26726
26726;31337
31337;13802
13802;15609
15609;10067
10067;33099
33099;36152
36152;25091
36152;43736
25091;35980
43736;48122
35980;48251
48251;19999
48251;5704
19999;33521
19999;37759
5704;17648
33521;44374
37759;43229
44374;18729
18729;44602
44602;33341
33341;36874
36874;3590
17648;20241
47574;26411
26411;46752
46752;28319
28319;39560
39560;32935
32935;32997
32997;39715
39715;48122
18344;10130
18344;4063
18344;35748
18344;23396
10130;38217
4063;26747
35748;6489
38217;46288
46288;44527
43229;36328
36328;7146
7146;33834
33834;17372
17372;4824
4824;18408
18408;1107
1107;22830
22830;39043
39043;16874
16874;29190
29190;14484
14484;14000
14000;9810
9810;37727
37727;29919
29919;20179
20179;41086
41086;26747
6489;45283
6489;45634
45283;15611
45634;44242
15611;26320
26320;48694
48694;39984
39984;29921
29921;33226
44242;20690
20690;1945
1945;18466
18466;18481
18466;249
18466;8253
18481;34270
249;4213
8253;14516
34270;76
76;1331
1331;44032
44032;15950
15950;31115
31115;16904
16904;17570
17570;17915
17915;43222
43222;24314
24314;10253
10253;44258
44258;13085
13085;29463
29463;32081
32081;26761
26761;45576
45576;29975
29975;5148
5148;39611
39611;20455
20455;3781
3781;47243
47243;42733
42733;9274
9274;41400
41400;2251
2251;38395
38395;35595
35595;14151
35595;32316
14151;36548
32316;20275
36548;27814
27814;6684
6684;29829
29829;3358
3358;1179
1179;38905
38905;10654
10654;26588
26588;17898
17898;10280
10280;8852
8852;11204
11204;10845
11204;1714
11204;1299
10845;29198
1714;8546
1299;29861
29198;5326
5326;10326
10326;17892
17892;19355
19355;5236
5236;31248
31248;45112
45112;26324
26324;24473
24473;32337
32337;18120
18120;34462
34462;32464
32464;7362
7362;45021
45021;24907
45021;17171
24907;3043
17171;20568
3043;12494
12494;10361
10361;3883
3883;11562
11562;37612
37612;30334
30334;10046
10046;18201
4213;35213
35213;36418
36418;3482
3482;39958
39958;26209
26209;34983
34983;21588
14516;46198
46198;22797
8546;3433
3433;39899
39899;32862
18201;39733
39733;21259
21259;42677
42677;24667
24667;31562
31562;11557
11557;19937
19937;1911
1911;10700
10700;689
689;47236
47236;33662
33662;29797
29797;20284
20284;38804
38804;6083
6083;47968
47968;15651
15651;22978
22978;43723
43723;11709
11709;16814
16814;13209
13209;10580
10580;32536
32536;29165
29165;9623
9623;31096
31096;45313
45313;38089
38089;22041
22041;23600
23600;13803
13803;36842
36842;21882
21882;13935
13935;40587
40587;36295
36295;30303
30303;12273
12273;28059
28059;2685
2685;44114
44114;24398
24398;18274
24398;28571
18274;41962
28571;13626
41962;15856
15856;30852
30852;42796
42796;32582
32582;46753
46753;24023
24023;33690
33690;44591
44591;22257
22257;36777
36777;21428
21428;17235
17235;36389
36389;30000
30000;31963
31963;12215
12215;39791
39791;9859
20568;29970
29970;25367
25367;48377
48377;14995
14995;41312
41312;5199
5199;38349
38349;32077
32077;33707
33707;17736
17736;32853
32853;662
32853;33823
662;376
33823;4104
376;34013
34013;4641
4641;17105
17105;38800
38800;6004
6004;19384
19384;28024
28024;42490
42490;34404
34404;27078
27078;44620
44620;12998
12998;15417
15417;47028
15417;1810
15417;19979
47028;27407
47028;7569
47028;16640
19979;29899
19979;11062
19979;38459
27407;47636
7569;22649
16640;24059
47636;44096
47636;18183
44096;21247
21247;35310
21247;27077
35310;10301
10301;32986
32986;17321
17321;26551
26551;42970
42970;5508
5508;11610
5508;35832
11610;18205
35832;43227
18205;14411
14411;24631
24631;47326
47326;24030
47326;8304
47326;22985
24030;2703
8304;30269
22985;14301
2703;46350
46350;26243
26243;18818
18818;14624
14624;33129
33129;6316
6316;31055
4104;35434
35434;14711
14711;6052
6052;3027
3027;7134
7134;12092
12092;3878
3878;35476
35476;27828
27828;19090
19090;43548
43548;29861
29899;8965
11062;23702
38459;13668
43227;38036
38036;46448
30269;14694
14694;38598
38598;36040
36040;19283
23702;31307
31307;36307
36307;13322
13322;23525
23525;24655
24655;44464
44464;42217
42217;15893
15893;18162
18162;40787
40787;37970
37970;36230
36230;23506
23506;16570
16570;12452
12452;28560
28560;42636
42636;18165
18165;27013
27013;42926
42926;1521
1521;15816
15816;8497
8497;18100
18100;28377
28377;44365
44365;26771
26771;375
375;40243
40243;43058
43058;953
953;23487
23487;14408
14408;20073
20073;33063
33063;32643
32643;8592
8592;14541
14541;11318
11318;10692
10692;21861
10692;19682
21861;19121
19682;9518
19121;12541
12541;13008
13008;16212
16212;5800
5800;37783
37783;11055
11055;42604
42604;38456
38456;45105
45105;46001
46001;13951
13951;41294
41294;23312
23312;38046
38046;2233
2233;45561
45561;16437
16437;23640
23640;19856
19856;42493
42493;42638
42638;23250
23250;15885
15885;28435
28435;7138
7138;39198
39198;13617
13617;5646
5646;9227
9227;38396
38396;31016
31016;16291
16291;2771
2771;29478
29478;20129
20129;40914
40914;13400
13400;31486
31486;40374
13668;10810
10810;42415
42415;2764
2764;2088
2088;17629
17629;37972
37972;6606
6606;45394
45394;40624
40624;48326
48326;11998
11998;37054
37054;37784
37784;22840
22840;35200
35200;47623
47623;13024
13024;31483
31483;31989
31989;34696
34696;16532
16532;31056
31056;34237
34237;8636
8636;35542
35542;45030
41078;42501
41078;8104
41078;27762
41078;38328
41078;411
41078;41670
41078;48696
42501;14721
8104;39158
27762;48480
38328;6378
411;31665
41670;40501
48696;48595
14721;28093
28093;31035
31035;741
741;11914
11914;29536
29536;22518
22518;47113
47113;22897
22897;38010
38010;27824
27824;41246
41246;3035
3035;43041
43041;41207
41207;13383
13383;32479
32479;32336
32336;11613
11613;36846
36846;33753
33753;8223
8223;16844
16844;29091
29091;41864
41864;18375
18375;501
501;38985
38985;3891
3891;4222
4222;48415
48415;21310
21310;1927
1927;40853
40853;19981
19981;20016
20016;15833
15833;45842
45842;10830
10830;8892
8892;20572
20572;42086
20572;16908
42086;40359
40359;248
248;38786
38786;31170
31170;15773
15773;16163
16163;30961
30961;7275
7275;44663
44663;24373
24373;23868
23868;34862
34862;31887
31887;20671
20671;33075
20671;30831
33075;607
607;47937
47937;45659
45659;26237
26237;25444
25444;10855
10855;27285
27285;14056
27285;46298
14056;30795
46298;9762
30795;2643
2643;24459
24459;46899
46899;9477
9477;35027
35027;25438
25438;31463
31463;15175
15175;24455
24455;20574
20574;13925
13925;22661
22661;36387
22661;35103
22661;20949
36387;8749
35103;23822
20949;39159
8749;31842
31842;41177
41177;15731
15731;13412
13412;35697
35697;34186
34186;6321
6321;35797
35797;37479
37479;41645
41645;29941
29941;43131
43131;26332
43131;46735
26332;16849
46735;325
16849;24983
24983;2714
2714;13058
13058;13785
13785;35031
35031;35798
35798;32012
32012;870
870;7576
7576;28099
28099;24235
24235;40666
40666;37152
37152;17685
17685;31103
31103;11812
11812;27185
27185;33639
33639;35072
35072;36866
36866;40569
40569;14216
14216;46800
46800;24243
24243;3125
3125;36210
36210;43847
43847;42231
42231;24463
42231;7005
42231;44116
24463;31607
7005;14818
44116;41920
23822;35926
35926;40249
40249;32362
32362;27895
27895;19299
19299;23169
23169;14759
14759;36850
36850;10550
10550;4073
325;41241
41241;47833
47833;33805
9859;4193
4193;6449
6449;42126
42126;9936
9936;37774
37774;44555
44555;24333
24333;317
317;29541
29541;14964
14964;21455
21455;45441
45441;27712
27712;7669
7669;10814
10814;23748
23748;38490
38490;1779
1779;15013
15013;47470
47470;14645
14645;46199
46199;14144
14144;47458
47458;41299
41299;34889
34889;47077
47077;4140
4140;15742
15742;46478
46478;42264
42264;1545
1545;31520
31520;39158
48480;6210
6210;11162
11162;40625
40625;43271
43271;6378
31665;32417
32417;9286
9286;1641
1641;18409
18409;4334
4334;40501
48595;44457
44457;35548
35548;4163
4163;27456
27456;19595
19595;42663
42663;15967
13626;1391
1391;47129
47129;30857
30857;12867
12867;3611
3611;6117
6117;26984
26984;46318
46318;4859
4859;29837
29837;37127
37127;5781
5781;16240
17798;19930
17798;13926
17798;19190
19930;22748
13926;12559
19190;7691
22748;19564
19564;42912
42912;3354
3354;24962
24962;24491
24491;14401
14401;35687
35687;33372
33372;2848
2848;45372
45372;42198
42198;33466
33466;25398
33466;27977
25398;3393
27977;35228
3393;32895
32895;40757
40757;6902
28473;24281
28473;24397
28473;6533
24281;19800
24397;28738
6533;12945
19800;7361
7361;17595
17595;1232
17595;23679
1232;35134
35134;34683
34683;47292
43046;26225
26225;2756
2756;25896
25896;46565
46565;34107
34107;30869
30869;8714
8714;47604
47604;11534
11534;4107
4107;3217
3217;37601
37601;40230
40230;18668
18668;35537
35537;32930
32930;1420
1420;12382
12382;40183
40183;40116
40116;40613
40613;32975
32975;31681
31681;19122
19122;16449
16449;38837
38837;24112
24112;13390
13390;1008
1008;2916
2916;21644
21644;13089
13089;28223
28223;34588
34588;39279
39279;8137
8137;331
331;34771
34771;27431
9762;37369
37369;8968
8968;6936
6936;1048
1048;7073
7073;10820
10820;31166
31166;3008
3008;1527
1527;1722
1722;4481
4481;2702
2702;11835
11835;19388
19388;28535
28535;13751
13751;14279
14279;22074
22074;12489
12489;27365
27365;4239
4239;29253
29253;1371
1371;16857
16857;45917
45917;19642
19642;27257
27257;37015
37015;19422
19422;6847
6847;21162
21162;3619
3619;32909
32909;26701
26701;43322
43322;16386
16386;4977
4977;39170
39170;35163
35163;40034
40034;39159
20275;12513
12513;1635
1635;22713
22713;13264
13264;20132
13264;33611
20132;32115
32115;422
422;18427
18427;19963
14818;281
281;46881
46881;10475
10475;32494
32494;20931
20931;15928
15928;11471
11471;40852
40852;15804
15804;15984
15984;39981
39981;11225
11225;46063
46063;32056
41920;10199
10199;2852
2852;17713
17713;40582
40582;31002
31002;22525
22525;43201
43201;43001
43001;35972
35972;7789
7789;21382
21382;5205
5205;7520
7520;34033
34033;14628
14628;32584
32584;22690
22690;42039
42039;47035
47035;41382
41382;18218
18218;41398
41398;34686
34686;30413
30413;25594
25594;21373
21373;34485
34485;25406
25406;9235
9235;46714
46714;13605
13605;20262
20262;23380
23380;16382
16382;37049
37049;15445
15445;18542
18542;9806
9806;11190
11190;45023
45023;24001
24001;14585
14585;6767
6767;28967
28967;35767
35767;42667
42667;21683
21683;44352
44352;2918
2918;9542
9542;3160
3160;30638
30638;18681
18681;7605
7605;37219
37219;12686
12686;12331
12331;1914
1914;30046
30046;15600
15600;6723
6723;14691
14691;22845
32304;13757
32304;5575
32304;11681
13757;48355
5575;33899
11681;32300
11681;19734
48355;8656
8656;11784
11784;20981
20981;6507
6507;28873
28873;31256
31256;6390
6390;13246
22649;7237
7237;19369
19369;43886
43886;24891
24891;22920
22920;39155
39155;38970
38970;6082
6082;43946
43946;22903
22903;9154
9154;2975
24059;31942
31942;5942
5942;26525
26525;11307
11307;37891
37891;44156
44156;228
228;28983
28983;28975
28975;31990
31990;15579
15579;28452
28452;6400
6400;8446
8446;34948
34948;8476
8476;46788
46788;23962
23962;9301
9301;7151
7151;35082
35082;35083
35083;29231
29231;25966
25966;47908
47908;35888
35888;18692
22845;33899
32300;34842
19734;1740
34842;18248
18248;46774
46774;6956
6956;7337
7337;2158
2158;43288
43288;29410
29410;19535
19535;7025
7025;21613
21613;26825
26825;1394
1394;28314
28314;44806
44806;2296
2296;26940
26940;1523
1523;44772
44772;9650
9650;47632
47632;17322
17322;15399
15399;27838
27838;41568
41568;20072
20072;23488
23488;9889
9889;33468
33468;36509
36509;32221
32221;19976
19976;28855
28855;16975
16975;6357
6357;4790
4790;24306
24306;35882
35882;1417
1417;673
673;2730
2730;25553
25553;13492
13492;9189
9189;18310
18310;24580
24580;16981
16981;47488
47488;2559
2559;37960
37960;30291
30291;7979
7979;8145
8145;17301
17301;37398
37398;41804
41804;26714
26714;16325
16325;32017
32017;15860
15860;13796
13796;21909
21909;22433
22433;28568
28568;21812
21812;1226
1226;300
300;898
898;22545
22545;33776
33776;35809
35809;21959
21959;9591
9591;1463
1463;21961
21961;24173
24173;34928
34928;7964
7964;43056
43056;17949
17949;18812
18812;42855
42855;416
416;22927
22927;40143
40143;6572
6572;39688
39688;24788
24788;21334
21334;28861
28861;11009
11009;2924
2924;5155
5155;29515
29515;46765
46765;23864
23864;7064
7064;11242
11242;24376
24376;1962
11565;32827
11565;6204
32827;15692
6204;9597
15692;38789
38789;35868
35868;10800
10800;10508
10508;34498
34498;18299
18299;17060
17060;17221
17221;21321
21321;30080
30080;21223
21223;11069
11069;5375
5375;38568
38568;41414
41414;39365
39365;17896
17896;30747
30747;23116
23116;2780
2780;20017
20017;46202
46202;27696
27696;15601
15601;1962
9518;36016
36016;14440
14440;25603
25603;25866
25866;675
675;23420
23420;28611
28611;17255
17255;37340
37340;42184
42184;37676
42184;7790
37676;2877
7790;23848
2877;9533
9533;14492
14492;7193
7193;8477
8477;32705
32705;22885
22885;21990
22885;45080
22885;15162
21990;21055
45080;32449
15162;46174
23848;20918
20918;13510
13510;12794
12794;6947
6947;39470
39470;31218
31218;27388
21055;6724
6724;14428
14428;20201
20201;26954
26954;17756
17756;17114
17114;12888
12888;10313
10313;47511
47511;11052
11052;40683
40683;36577
36577;28600
28600;45703
45703;45708
45708;8162
8162;20252
20252;13108
13108;16207
16207;24673
24673;28399
28399;40431
40431;8959
8959;27624
27624;19021
19021;20242
20242;45184
45184;11181
11181;6512
6512;6840
6840;33833
33833;4351
4351;17359
17359;40621
40621;31443
40621;2518
31443;17253
2518;7046
32449;35952
35952;19484
19484;34463
34463;23059
23059;1304
1304;10865
10865;22515
22515;19376
19376;24952
24952;16378
16378;47553
47553;16343
16343;27609
27609;19439
19439;2026
2026;31332
31332;116
1740;19717
19717;45701
45701;21808
21808;27478
27478;23217
23217;46820
46820;13277
13277;47487
47487;38099
38099;21730
21730;42253
42253;2135
2135;28738
12945;1105
1105;43416
43416;39412
39412;30752
30752;45096
45096;11747
11747;43992
43992;8639
8639;30981
30981;33288
33288;4362
4362;10898
10898;6979
10898;22043
6979;32199
22043;16069
32199;32692
32692;12559
7691;9781
9781;1744
1744;34560
34560;21125
21125;33018
33018;24842
24842;9041
9041;20688
20688;27070
20688;25687
27070;38132
25687;6972
38132;34829
34829;13413
13413;16912
16912;5488
5488;44932
44932;24828
24828;38138
38138;26830
26830;37257
37257;28852
28852;15376
15376;34430
34430;27359
27359;27349
27349;22650
22650;47766
47766;11089
11089;9950
9950;28659
28659;39995
39995;8006
8006;45853
45853;41640
41640;13009
13009;48071
48071;41232
41232;8178
8178;35781
35781;33582
33582;30924
30924;24444
24444;13748
13748;42873
42873;25587
25587;39789
39789;8164
8164;45070
45070;13708
13708;25149
25149;19953
19953;13814
13814;23229
23229;45780
45780;28198
28198;40131
40131;46838
46838;38965
38965;1023
1023;18016
18016;46605
46605;26995
26995;4926
4926;33668
33668;26583
26583;31240
31240;15032
15032;22684
22684;8319
8319;31888
31888;3591
3591;9996
9996;32914
32914;43016
43016;24785
24785;29395
29395;21589
21589;39402
39402;31321
31321;22986
22986;14101
14101;42874
42874;45973
45973;47350
47350;16329
16329;35425
16069;28491
28491;41676
41676;37400
37400;2646
2646;45179
45179;28570
28570;40336
40336;48532
48532;41621
41621;33813
33813;41918
33813;6844
41918;31208
6844;27632
31208;34607
34607;5825
5825;19091
19091;45670
45670;21981
27632;25394
27431;29628
29628;39239
39239;44458
44458;19608
19608;31974
31974;34238
34238;32923
32923;34098
34098;5152
5152;21109
21109;1225
1225;26724
26724;47633
47633;6134
6134;20658
20658;16770
16770;11134
11134;25240
25240;27849
27849;35454
35454;46844
46844;3801
3801;10278
10278;9597
42762;36060
36060;12378
12378;43839
43839;7093
7093;4664
4664;21872
21872;34104
34104;47992
47992;8603
8603;30322
30322;7785
7785;4113
4113;38895
38895;18102
18102;21797
21797;12442
12442;34072
34072;46642
46642;5843
5843;34276
34276;29867
29867;28732
28732;22589
22589;23756
23756;16044
16044;20715
20715;28804
28804;41220
28804;25776
41220;35329
48210;14453
14453;10546
10546;33371
33371;33137
33137;39277
39277;14599
14599;46763
46763;28581
28581;35788
35788;8715
8715;13357
13357;12800
12800;17486
17486;42560
42560;44781
27584;33426
33426;4300
4300;23224
23224;35105
35105;37691
37691;48657
48657;6287
6287;44085
46174;7007
7007;12987
12987;3284
3284;44198
44198;7726
7726;32232
32232;5413
5413;45704
45704;23325
23325;47849
47849;23900
23900;29194
29194;28218
28218;29261
29261;24722
24722;44027
44027;21068
21068;41612
41612;46983
46983;23813
23813;17007
17007;9673
9673;1625
1625;46672
46672;42731
42731;42575
42575;39211
39211;19578
39211;9490
9490;32409
32409;2031
2031;17117
17117;1676
1676;37118
17253;26283
26283;13274
13274;2478
2478;39596
39596;48689
48689;10611
10611;37090
37090;37532
37532;29960
29960;43705
43705;10446
10446;37055
37055;43856
43856;17749
17749;32848
32848;6088
6088;29445
29445;24141
24141;6224
6224;2672
2672;9631
9631;47984
47984;19983
19983;41965
41965;10621
10621;26421
26421;14498
14498;47928
7046;3399
3399;14156
14156;27999
27999;40482
40482;39013
39013;23895
23895;11771
11771;25051
25051;19606
19606;66
66;31110
31110;22905
33226;24116
24116;23427
23427;26623
26623;14781
14781;11506
11506;21925
21925;36985
36985;12666
12666;38611
38611;23289
23289;8451
8451;32680
32680;23520
23520;38910
38910;25387
25387;9968
9968;14612
14612;6101
6101;3451
3451;43834
43834;48494
48494;24416
24416;6151
6151;10949
10949;3285
3285;4819
4819;43631
43631;5856
5856;17274
17274;47328
47328;15849
15849;24502
24502;14881
14881;39354
39354;38944
38944;44795
44795;44583
44583;31671
31671;47265
47265;17061
17061;19938
19938;15673
15673;32814
15673;23616
32814;21272
23616;14894
21272;38674
38674;30025
30025;41148
41148;42221
42221;17678
17678;16171
16171;43573
43573;43849
43849;31189
31189;23779
23779;44473
44473;25312
25312;35081
35081;9890
9890;25993
25993;25017
25017;5332
5332;36253
36253;10515
10515;25621
25621;28477
28477;46814
46814;29480
29480;2786
2786;11995
11995;13897
13897;43607
43607;7245
7245;39940
39940;41848
41848;36976
36976;12276
12276;41183
41183;20130
20130;26230
26230;12500
14894;28705
28705;4840
4840;7796
7796;20325
20325;782
782;18817
18817;23890
23890;12539
12539;14306
14306;8312
8312;24396
24396;12757
12757;44449
44449;40475
40475;10935
10935;45457
45457;12224
12224;8130
8130;26535
26535;3713
3713;8375
8375;35539
35539;46073
46073;13996
13996;27472
27472;36612
36612;34026
34026;42484
42484;27807
27807;35461
35461;25440
25440;48558
48558;23833
23833;15150
15150;1756
15150;23480
1756;38327
23480;16095
38327;25498
16095;10743
10743;26900
26900;42854
42854;13913
13913;12759
12759;39693
39693;7526
7526;42303
42303;789
789;31518
31518;13906
13906;15570
15570;1121
1121;532
532;4424
4424;9999
9999;74
74;28465
31583;47546
47546;21000
6250;23164
42306;48048
48048;39785
39785;2064
2064;1032
1032;27899
27899;36376
36376;36308
36308;11285
11285;9474
11285;8943
9474;19842
19842;35627
35627;21330
21330;9912
9912;5525
5525;39740
39740;45006
45006;4326
4326;42057
42057;39717
39717;15261
15261;8208
8208;14316
14316;1220
1220;9824
9824;25329
25329;41544
41544;24428
24428;13530
21274;15976
21274;38210
15976;18014
38210;28146
23810;31237
31237;45379
45379;41563
41563;18711
18711;14625
14625;4741
4741;46654
46654;2993
2993;9633
9633;28841
28841;45537
45537;47777
47777;46132
46132;5198
46132;32018
5198;6678
32018;35954
6678;27738
27738;39735
39735;44777
44777;46511
46511;45277
45277;5325
5325;14224
14224;17580
17580;35529
35529;43794
43794;19932
19932;9424
9424;14891
14891;31022
31022;14124
14124;11966
11966;29530
29530;41062
41062;8307
8307;40806
40806;29668
29668;19208
19208;17106
17106;31295
31295;27946
27946;29998
29998;9651
9651;4792
4792;15360
15360;702
702;781
781;43784
43784;24345
24345;14325
14325;47327
47327;43132
43132;14474
14474;36762
36762;11940
11940;44261
44261;14672
14672;908
908;31725
31725;35693
35693;1329
1329;45989
45989;16606
16606;6274
6274;7086
7086;7087
7087;35419
35419;34865
34865;33520
33520;34097
34097;14605
14605;15148
15148;5663
5663;43879
43879;35631
35631;35074
35074;42454
42454;34139
34139;5640
5640;47933
47933;22178
22178;18319
18319;42400
42400;46413
46413;39706
39706;36323
36323;7828
7828;11829
11829;773
773;5271
5271;19515
19515;26321
26321;6566
6566;26519
26519;26636
26636;38521
38521;23293
23293;6758
6758;12966
12966;28876
28876;39346
39346;5763
5763;48042
48042;9079
9079;11842
11842;10303
10303;25615
25615;37211
37211;15500
15500;5277
5277;26831
26831;22825
22825;41879
41879;39075
39075;47560
47560;14527
14527;39408
39408;3359
3359;21869
21869;2080
2080;20057
20057;10165
10165;46339
46339;18014
35954;41313
28146;11195
11195;19738
19738;32950
32950;20285
20285;24071
24071;39255
39255;25500
25500;33138
33138;31033
33138;48711
33138;36019
33138;24725
31033;28981
48711;6341
36019;28995
24725;13994
12340;36649
36649;34143
34143;26078
26078;26546
26546;37016
37016;47255
47255;39050
39050;4759
4759;27749
4759;29040
27749;12490
29040;5048
12490;44235
44235;28658
28658;11495
11495;33945
33945;36038
36038;39934
39934;17293
17293;20484
20484;20358
20358;48019
48019;6033
6033;32620
32620;32065
32065;3183
3183;14236
14236;27527
27527;47300
47300;44987
44987;2066
2066;27733
27733;14520
14520;24189
24189;1004
1004;25717
25717;20253
20253;45565
45565;44311
44311;13946
13946;34136
34136;34859
34859;21751
34859;5149
21751;44239
5149;29554
44239;40127
40127;1677
1677;39559
39559;36552
36552;3200
3200;7806
7806;38249
38249;17928
17928;13083
13083;14685
14685;46829
46829;1939
1939;19766
19766;14518
14518;25761
25761;18103
18103;775
775;24761
24761;22855
22855;36590
22855;12733
36590;46590
12733;24057
46590;6579
6579;12077
12077;3031
12077;20006
3031;34923
3031;19452
20006;7256
34923;25033
19452;17417
25033;8001
8001;25798
25798;8079
25798;45412
8079;35674
45412;9917
45412;6309
35674;29386
29386;18609
18609;8983
8983;38635
38635;25175
25175;5771
5771;45650
45650;22483
22483;12488
12488;7819
7819;21795
21795;11957
11957;34349
34349;47687
47687;1757
1757;48616
48616;28331
48616;41880
28331;33168
41880;10069
33168;28614
28614;47097
47097;31996
31996;15724
15724;17739
17739;44556
44556;34151
34151;44788
44788;28478
28478;42246
42246;2773
2773;22137
2773;10987
22137;30645
10987;13282
30645;3180
3180;44844
44844;5477
5477;17574
17574;48447
48447;9206
9206;4130
4130;2649
2649;20348
20348;957
957;43748
43748;47010
43748;31293
47010;11048
31293;33868
11048;40297
11048;35062
40297;37207
35062;36083
37207;21790
21790;14790
14790;29985
29985;36749
36749;34708
34708;1382
1382;29115
29115;20005
20005;10880
10880;20557
20557;15283
10069;42975
42975;44318
42975;938
44318;23775
938;38250
23775;6875
6875;26453
26453;1072
1072;19801
19801;13983
19801;46659
13983;2380
46659;36329
2380;6763
6763;809
809;1922
1922;13908
13908;22850
22850;30764
30764;9365
36329;40163
40163;11119
11119;31107
31107;45940
45940;45651
45651;33848
33848;16543
16543;44904
44904;41498
41498;38928
38928;6794
6794;34924
34924;47302
47302;32229
33868;15331
38250;12081
12081;26962
29554;13208
13208;31238
31238;43098
43098;6015
6015;23432
23432;7330
24057;44056
44056;21072
21072;37812
37812;15969
15969;46419
46419;18368
18368;12704
12704;42581
42581;41609
41609;5186
5186;14158
14158;24095
14158;15291
24095;7675
15291;23634
7675;10681
10681;46026
7256;6836
6836;16293
16293;46816
6309;44850
17417;47321
44850;37582
37582;25809
25809;20212
20212;5604
5604;48623
48623;7783
7783;16269
16269;19896
19896;19192
19192;16259
36083;32628
32628;45040
45040;25614
25614;23507
23507;28023
28023;711
13282;37242
37242;16121
16121;17251
17251;44712
44712;11587
11587;18864
18864;43787
18864;21886
21886;45963
5048;44157
44157;39278
39278;18678
18678;15896
15896;48486
48486;24194
24194;18
18;12362
12362;25344
25344;45242
45242;35819
35819;22309
22309;1334
1334;22858
22858;24047
24047;42683
42683;36424
42683;9929
36424;7153
9929;1014
7153;33411
33411;28148
28148;36573
36573;43709
43709;22894
43709;42280
42280;18849
1014;8302
8302;24695
24695;41068
41068;3904
3904;26667
26667;1605
1605;16270
16270;9416
9416;22762
22762;35645
35645;4916
4916;6857
6857;9569
6857;41081
9569;39998
41081;13650
39998;3925
3925;3496
3496;29499
29499;33825
33825;14496
14496;44595
44595;13064
13064;37258
37258;27276
27276;16614
16614;17348
16614;6306
17348;34294
34294;13406
13406;32015
13406;1054
32015;20932
1054;10444
20932;3673
20932;19363
3673;11080
19363;528
11080;32490
32490;10507
10507;36899
36899;32352
18849;22639
22639;19774
19774;44918
44918;20086
44918;784
44918;4392
784;17981
4392;39712
528;44465
32352;16942
16942;31164
31164;32253
32253;44973
44973;14148
14148;29689
29689;44979
44979;35824
35824;35790
35790;30310
30310;26449
26449;18579
18579;28545
28545;14280
14280;3582
3582;18858
18858;36706
36706;8404
32229;23873
23873;11677
11677;14990
14990;13063
13063;21720
21720;35497
35497;1363
35497;12711
12711;5876
5876;34850
34850;40308
40308;2099
2099;23241
23241;42587
42587;986
986;41202
41202;25509
25509;24873
24873;36462
36462;48566
48566;32482
32482;13806
13806;43758
43758;14825
14825;42838
42838;13779
13779;7863
7863;23583
23583;4430
4430;6926
6926;2469
2469;31127
31127;26112
26112;47530
47530;29954
29954;10251
10251;3316
3316;22965
22965;23446
23446;23533
23533;31061
31061;24646
24646;43802
43802;23423
23423;47713
47713;34206
34206;19096
19096;29230
29230;28516
28516;14828
14828;14674
14674;25536
25536;47075
47075;38682
38682;27014
27014;44238
44238;39223
39223;42930
42930;33878
33878;23800
23800;19408
19408;332
332;16345
16345;42423
42423;13229
13229;3232
3232;11828
11828;27645
27645;27744
27744;21084
21084;10410
10410;7225
7225;17818
17818;3764
3764;48570
48570;3851
3851;41238
41238;23281
23281;33675
33675;40478
40478;30910
30910;15180
15180;16407
16407;40876
40876;2266
2266;14218
14218;33444
33444;35575
35575;37117
37117;29872
29872;37197
37197;14387
14387;46422
46422;42545
42545;43933
43933;47501
47501;41588
41588;11194
11194;48163
48163;13789
13789;2994
2994;21143
21143;30892
30892;38321
38321;1125
1125;16792
16792;15986
15986;5151
5151;25499
25499;29018
29018;16433
16433;38950
38950;18388
18388;7640
7640;16790
16790;32306
32306;26123
26123;17130
17130;41730
41730;21218
21218;21100
21100;11171
11171;2853
2853;2900
2900;6177
6177;38675
38675;47103
47103;23246
23246;47926
47926;12049
12049;15135
15135;31512
31512;42823
42823;3745
3745;32905
32905;46277
3258;5588
5588;44652
44652;8166
44652;38488
38488;14145
14145;23359
23359;29135
29135;10838
10838;23049
23049;8389
23049;48676
8389;45357
48676;1948
45357;35028
35028;10152
10152;30390
30390;26791
26791;46794
46794;31615
31615;28878
31615;6710
28878;44383
6710;1150
6710;22904
44383;1345
1345;14431
1948;45480
45480;15116
15116;12072
15116;11367
1150;32427
32427;43898
32427;10999
43898;36944
14431;9600
9600;21252
9600;43082
21252;13042
43082;24523
24523;6372
6372;19288
19288;44444
44444;33029
44444;11704
11704;15054
15054;30122
30122;36310
36310;36693
36693;16691
16691;22104
22104;30538
22104;2001
30538;47085
2001;47606
47085;25819
47606;34292
34292;19697
19697;7174
7174;25016
25016;24953
25016;25733
25733;11120
11120;26116
26116;30158
30158;39891
39891;6485
6485;45795
45795;10488
10488;41336
10488;39681
10488;2496
41336;594
39681;43584
2496;22405
594;22996
22996;8371
8371;48231
48231;40121
40121;36505
36505;12264
12264;22461
22461;42255
42255;3708
3708;33803
33803;21689
21689;31363
21689;14020
31363;34038
14020;37928
34038;29702
29702;8135
8135;29624
29624;15476
29624;38206
29624;9990
15476;30467
38206;35919
30467;13160
13160;33846
33846;28064
28064;48401
35919;48029
48029;27056
27056;15974
48401;8229
8229;11734
11734;18566
18566;44290
44290;44587
44587;25815
25815;25306
25306;15220
15220;26404
15220;18400
26404;15851
26404;4508
18400;14614
15851;29264
4508;21422
29264;39479
39479;25570
25570;37048
37048;41585
41585;29553
29553;3763
29553;32811
3763;8942
32811;38368
8942;38607
38607;9210
9210;38448
38448;25723
25723;16132
16132;45058
45058;44018
44018;19652
19652;42714
37928;20516
20516;13536
13536;30692
30692;722
722;26951
26951;47774
47774;30882
30882;12262
12262;28756
28756;3739
3739;38472
43584;7465
7465;36405
36405;8855
8855;2438
38368;5016
5016;29259
29259;8378
8378;46843
46843;16218
16218;34028
16218;36785
21422;16256
16256;23441
23441;39325
39325;33818
33818;43884
43884;2316
2316;28976
28976;16607
16607;45794
45794;36211
36211;7975
7975;40101
40101;8092
40101;17205
8092;18576
17205;16799
18576;8933
8933;32541
16799;26306
32541;33976
33976;27959
27959;44031
44031;22770
22770;43309
43309;13629
13629;38845
13629;43370
38845;41473
41473;13262
13262;10355
10355;44637
44637;27162
27162;38022
38022;4177
4177;6628
6628;11310
11310;41529
41529;22278
41529;29193
22278;45450
45450;16431
16431;36941
36941;12245
12245;15030
15030;17767
17767;38945
38945;12515
12515;31718
31718;46582
46582;38566
38566;38059
38059;4786
4786;40693
40693;15167
15167;36141
36141;29476
29476;4110
4110;45463
45463;4635
4635;36201
36201;19944
19944;12576
12576;28147
28147;27444
27444;47193
47193;18196
18196;11529
11529;41178
41178;8372
8372;23015
23015;34613
34613;33850
33850;39689
39689;3975
3975;47510
47510;30741
30741;14376
14376;2452
2452;27671
27671;2353
2353;45089
45089;693
693;26125
26125;44686
44686;28243
28243;24157
24157;37525
37525;15192
15192;18612
18612;16579
16579;30674
30674;7001
7001;9263
9263;33034
33034;6972
22405;21938
21938;45086
45086;19427
19427;20610
19427;20224
20610;43099
20224;2082
43099;37557
37557;40424
40424;26335
26335;35045
35045;18778
2082;3821
3821;1359
18778;6556
6556;34329
34329;30358
30358;21867
21867;29683
29683;3814
3814;44683
6341;30157
30157;37144
37144;41715
41715;22764
22764;48489
48489;20776
20776;47721
47721;12292
12292;17643
17643;32756
32756;6116
6116;16485
42453;27918
13994;8781
8781;3928
3928;26168
26168;12381
12381;29039
16485;5008
5008;9857
9857;33231
33231;24351
24351;7773
7773;35395
35395;45891
45891;37378
37378;16359
16359;22329
22329;44296
44296;23337
23337;46901
46901;37184
37184;30162
30162;37453
37453;39431
39431;8736
36648;2174
2174;5561
2174;25303
25303;8505
8505;18699
18699;25389
25389;24829
24829;26862
26862;40149
40149;31285
31285;31125
31125;10771
10771;27687
27687;27816
27816;18301
18301;5244
5244;7886
7886;10850
10850;13012
13012;33256
33256;11031
11031;35291
35291;22357
22357;18845
18845;147
147;31222
31222;27976
27976;38966
38966;2787
2787;11355
11355;32418
32418;24048
24048;27095
27095;28262
28262;11631
28262;29316
28262;22651
29316;3079
22651;33660
3079;3412
3412;27966
3412;13587
3412;440
27966;625
13587;23189
440;32048
440;37269
625;24938
24938;9498
9498;41959
41959;33513
33513;7420
7420;24834
23189;5962
23189;5480
5962;14186
5962;12546
5480;14905
12546;43328
43328;26968
26968;37545
37545;3261
3261;15744
14905;15633
15633;15214
32048;6246
37269;14660
6246;6254
6254;24275
6254;29817
24275;43541
29817;42920
29817;3263
43541;35290
35290;25955
14660;34245
34245;30427
42920;1915
3263;4182
33660;18650
18650;28795
18650;40400
28795;8724
40400;26266
8724;9170
26266;37370
37370;35208
35208;40865
40865;41310
41310;26124
26124;20548
20548;3562
3562;32995
32995;43302
32995;33218
33218;29318
33218;18094
29318;17181
29318;23308
18094;31992
23308;30664
30664;41625
41625;34252
34252;23623
23623;14398
14398;48183
14398;12099
12099;5782
5782;23355
23355;45234
45234;46728
46728;28988
28988;35046
35046;31581
31581;17752
17752;17250
17250;11605
11605;43096
43096;39705
43096;45776
39705;28108
45776;18392
28108;39612
18392;10678
10678;37166
37166;872
872;21734
872;9091
21734;28768
9091;31897
28768;41211
41211;16326
41211;6
16326;14102
6;25181
14102;13283
14102;6791
13283;43013
25181;37535
37535;41734
41734;37386
37386;19410
19410;3402
3402;16409
16409;11348
11348;3142
3142;41858
41858;44952
44952;24374
24374;44207
24374;10386
44207;4260
10386;5288
4260;33019
33019;7651
7651;41584
41584;15494
15494;5175
5175;33345
33345;34760
34760;26594
26594;28789
28789;32321
32321;31731
31731;17977
17977;44312
44312;12016
12016;4378
4378;33417
33417;12785
12785;27255
27255;38184
38184;5747
5747;11404
11404;8703
43013;1796
43013;20770
1796;14838
14838;20577
20577;47903
31897;15373
15373;11798
11798;26702
5288;42928
42928;32236
32236;10648
10648;14967
14967;33893
33893;47526
47526;5556
47526;18010
5556;16419
18010;10372
16419;46101
16419;18004
10372;35171
46101;47584
18004;11738
47584;7292
35171;39591
39591;45049
45049;20877
20877;34756
34756;1464
1464;32264
32264;45868
45868;28606
28606;39861
39861;14664
14664;2835
2835;13199
13199;16631
16631;30420
30420;21538
21538;46390
46390;38993
38993;24210
24210;7969
7969;10849
10849;12271
12271;884
884;18825
18825;16170
16170;17176
17176;32964
32964;22425
22425;19073
19073;22094
19073;40580
22094;23345
40580;48559
23345;30807
30807;21343
21343;39053
39053;5005
5005;7100
7100;8835
8835;11772
11772;24808
24808;28601
31992;33407
33407;9825
9825;29477
29477;37427
37427;39044
39044;32483
32483;48051
48051;40543
40543;29860
40543;10869
29860;2325
10869;30280
2325;11251
11251;1770
1770;19941
19941;12252
12252;10724
10724;47074
47074;46909
46909;47815
47815;19758
19758;46860
46860;2468
2468;9465
9465;43817
43817;21664
21664;45380
45380;7747
7747;46008
46008;18242
18242;43857
30280;33054
33054;42825
42825;37371
43857;7534
7534;44069
44069;9401
9401;17804
17804;16097
16097;46177
46177;45090
45090;9700
9700;38922
38922;22667
22667;37619
37619;8817
8817;31142
31142;41463
41463;3857
28601;9568
9568;13915
13915;7149
7149;35478
35478;42765
42765;16889
16889;42140
42140;34861
34861;7900
7900;35376
7292;25279
25279;31077
31077;28935
28935;4566
3857;24399
24399;34113
34113;33636
33636;17069
17069;21713
21713;27803
27803;33281
33281;46713
20914;48283
20914;13430
48283;43061
13430;41396
43061;26618
26618;46867
46867;10281
10281;33516
33516;23152
23152;15805
15805;21406
21406;32273
32273;18376
18376;33084
33084;30704
30704;4027
4027;7990
7990;41813
41813;21399
21399;28254
28254;25256
25256;11485
11485;35362
35362;16794
16794;39207
39207;4566
41396;48670
48670;19970
19970;39675
39675;15211
15211;8421
8421;24930
24930;35353
35353;824
824;21063
21063;10961
10961;15603
15603;12115
12115;29191
29191;23261
23261;3663
3663;9252
9252;18760
18760;20225
20225;45577
45577;25907
25907;7230
7230;7339
7339;29196
29196;35333
35333;22217
22217;44650
44650;17691
17691;8051
8051;7833
7833;4750
4750;9627
9627;21682
21682;30378
21152;32502
32502;35203
32502;38691
38691;14963
14963;33408
33408;10352
10352;48619
48619;3472
3472;41126
41126;22877
22877;37807
37807;10689
10689;5382
5382;48559
12928;30964
12928;25238
30964;47843
30964;10570
25238;19491
25238;38346
47843;14933
10570;13564
14933;25921
25921;27303
27303;23276
23276;1727
1727;40932
40932;40497
40497;10978
10978;31514
31514;47439
47439;9016
9016;9561
9561;8664
8664;38140
38140;25996
25996;7198
7198;35375
35375;17632
17632;12952
12952;4172
4172;42704
42704;1454
1454;30279
30279;23977
23977;48149
48149;9983
9983;30564
30564;12142
12142;35758
35758;509
509;32908
32908;12691
12691;18908
18908;22802
22802;4498
4498;23627
23627;46804
46804;10343
10343;3822
3822;31474
31474;26431
26431;3716
3716;34124
34124;14448
14448;28292
28292;31864
31864;40655
40655;8016
8016;43761
43761;508
508;45437
45437;33798
33798;47616
47616;1327
1327;8846
8846;38891
38891;6243
6243;24539
24539;26223
13564;41165
41165;9278
9278;36293
36293;31492
44528;35533
44528;12024
44528;40062
35533;32283
12024;28607
40062;43543
32283;46745
46745;11206
11206;27725
27725;24160
24160;34917
34917;19672
19672;12185
12185;2467
2467;19079
19079;19370
19370;20509
20509;8599
8599;44425
44425;19740
19740;12040
12040;12670
12670;40358
40358;16655
16655;13652
13652;1267
1267;33186
33186;10050
10050;46206
46206;46634
46634;40085
40085;41407
41407;18419
18419;1505
1505;26844
26844;2455
2455;8400
8400;13675
13675;6412
6412;35090
35090;19991
19991;36977
36977;30323
30323;8897
8897;35449
35449;16598
16598;23986
23986;4149
4149;4544
4544;19837
19837;42646
42646;19145
42646;1951
19145;37301
37301;11820
11820;42447
42447;39007
5110;45270
5110;42674
5110;9499
45270;27049
42674;10858
9499;36581
27049;25257
25257;43245
43245;17195
43245;44081
17195;10055
44081;36364
10055;24547
24547;35403
35403;1214
1214;46238
24617;40337
24617;1102
24617;22197
40337;8689
1102;39567
22197;23131
8689;38660
38660;15549
15549;5743
5743;30094
30094;10113
10113;25317
25317;4772
7556;29584
7556;24859
29584;6676
24859;9826
24859;17754
24859;31380
6676;31603
31603;16537
16537;59
59;33286
33286;44903
44903;26140
26140;34695
34695;31828
31828;43085
43085;29358
29358;22554
22554;32715
32715;26637
26637;31738
31738;25923
11883;43334
11883;22557
43334;26075
22557;19017
22557;39505
22557;33146
22557;19751
22557;12623
22557;29942
22557;27869
22557;11382
26075;21954
21954;40218
40218;32356
32356;22772
22772;39977
39977;47973
47973;28365
13291;42001
42001;26425
26425;47579
47579;40671
40671;87
19017;14573
14573;44370
44370;38429
38429;46011
46011;32344
32344;39859
39859;3505
3505;9826
3505;43559
17754;16696
16696;43202
43202;43026
43202;37375
37375;23058
23058;13553
23058;43268
23058;7482
13553;48073
43268;44863
7482;5364
48073;22342
22342;7469
22342;45835
7469;26170
7469;7033
7469;19272
26170;9144
19272;3420
9144;11575
11575;43
39505;3802
39505;22023
3802;39302
22023;2069
39302;15878
15878;15573
15878;38139
15573;20871
38139;46017
20871;44921
20871;31108
31108;7739
7739;8303
8303;4489
4489;210
210;29758
29758;28245
28245;43731
43731;17826
17826;7927
7927;45804
45804;44715
44715;26464
26464;38467
38467;9738
33146;833
33146;24819
19751;1589
19751;12510
19751;21874
12623;30801
12623;33373
12623;2172
12623;4226
29942;47339
29942;26342
29942;25859
24819;45155
45155;35423
45155;33265
33265;35858
35858;9332
35858;15933
35858;3703
1589;14489
1589;4323
14489;30112
14489;32910
30112;38994
30112;48157
38994;36372
38994;4022
36372;19745
19745;10364
19745;10585
44863;47998
47998;22808
22808;12896
12896;15543
15543;48399
48399;20157
20157;5695
5695;13106
13106;11470
11470;6850
6850;3907
3907;42007
42007;22907
42007;9816
9816;33754
33754;3514
3514;26345
26345;5826
5826;33974
33974;566
566;17216
17216;17835
17835;35225
35225;20372
35225;44816
44816;47101
47101;13663
47101;7923
13663;26246
7923;18738
18738;19353
19353;20068
20068;28362
28362;46489
46489;15667
15667;47443
47443;9423
9423;31054
9423;40854
40854;41191
41191;13769
13769;48173
48173;30482
30482;33133
5364;21887
21887;39018
39018;3504
39018;44428
44428;17104
17104;965
965;8333
8333;19046
8333;33004
19046;28760
33004;2105
28760;37271
37271;23718
2105;31083
2105;22794
31083;46278
22794;11499
46278;19485
11499;3597
3597;46856
46856;20326
20326;32439
32439;19006
32439;44353
44353;716
716;3238
716;31346
716;13258
19485;41677
41677;17421
17421;371
371;7367
23718;7120
23718;4131
7120;19945
4131;33885
19945;31763
31763;29676
29676;40370
40370;3395
40370;7499
40370;1192
33885;40460
40460;41180
40460;17520
41180;2735
41180;2482
41180;42368
42368;12335
46017;13319
13319;33385
33385;24439
24439;10903
10903;36126
36126;37549
37549;41934
41934;43832
43832;39351
30801;47776
33373;12863
33373;7929
33373;464
47776;14750
14750;44688
44688;27921
27921;20105
20105;42543
42543;41185
41185;31964
31964;43124
43124;6407
6407;26777
26777;46124
26342;14601
25859;44310
2069;5879
5879;24038
24038;27425
27425;28862
28862;22575
12863;35000
12863;28063
464;16843
464;37017
14601;42213
42213;24845
42213;34497
6580;12080
6580;4143
6580;39128
6580;43230
6580;22460
12080;26736
4143;5191
39128;34285
43230;5609
26736;30321
30321;16649
16649;2252
2252;48671
48671;44047
44047;27223
27223;24135
24135;28335
28335;30980
30980;28672
28672;15245
15245;25211
39567;47194
39567;45245
23131;30999
30999;31100
31100;32460
32460;6272
32460;10283
10283;22550
22550;48196
48196;21781
21781;16957
16957;28607
43543;20457
20457;20967
20967;6035
6035;15405
15405;12067
12067;26279
26279;12920
12920;20783
20783;19466
19466;8786
8786;2279
2279;6885
6885;5629
5629;16071
16071;47504
47504;9978
9978;3339
3339;27613
27613;38552
38552;41538
41538;19699
19699;44336
44336;6789
6789;36667
36667;21605
21605;35955
35955;6137
6137;11006
11006;44615
44615;6468
6468;39557
39557;9236
9236;12178
12178;20862
20862;16457
16457;23783
23783;3269
3269;8062
8062;42165
42165;28783
28783;25211
5191;9440
9440;20558
20558;44251
44251;15271
15271;34781
15271;10745
15271;23275
10745;22378
23275;22149
22378;3121
22378;24456
3121;46431
24456;18262
46431;26303
18262;20025
34285;20912
20912;41789
41789;41452
41452;26894
22149;15242
15242;43212
43212;20008
20008;21473
20008;27743
21473;6538
27743;8739
6538;26785
8739;38538
38538;14977
14977;23044
23044;29175
29175;4078
4078;46328
46328;10521
10521;42775
42775;11593
11593;48000
48000;3236
3236;39212
39212;10388
10388;1049
1049;15998
15998;26909
26909;27815
27815;7421
7421;27684
27684;19052
27684;18032
19052;34502
18032;36414
34502;36702
36702;36312
36702;14126
45245;11398
11398;24433
24433;34114
24433;20487
20487;48379
20487;31836
31836;1953
1953;28160
28160;19491
38346;40981
40981;19714
19714;1114
1114;2611
2611;37086
37086;35404
35404;10858
36581;15193
36581;20087
15193;6402
20087;31488
6402;3336
3336;40965
40965;47067
47067;17028
17028;44807
44807;48519
31488;9348
31488;36382
29939;7859
7859;32333
32333;19019
19019;26252
26252;2502
2502;29111
29111;23948
23948;18384
18384;7892
7892;36391
36391;47016
47016;45180
45180;47557
47557;11857
11857;31700
31700;21911
21911;30500
30500;22144
22144;20263
20263;19955
19955;795
795;241
795;36197
241;2996
36197;6118
2996;46962
6118;13919
13919;37711
37711;37938
37938;19034
19034;10769
10769;27755
27755;19482
19482;14330
14330;4148
26894;4851
4851;18335
18335;31516
31516;15781
15781;6064
6064;25977
25977;39666
39666;4148
44310;42259
42259;37167
37167;23236
23236;30556
30556;67
67;29615
67;26217
26217;21563
21563;36410
36410;31775
31775;36137
36137;5609
36137;40682
40682;2442
2442;32739
32739;1898
1898;20624
31954;7177
7177;3911
3911;44930
44930;40423
40423;15977
15977;29641
29641;43819
43819;20382
20382;25877
25877;8401
8401;18141
29656;14604
29656;40863
14604;43257
40863;14390
43257;17770
17770;8126
8126;31829
31829;43149
43149;33949
33949;24822
24822;2964
2964;41554
41554;19881
19881;46833
46833;18984
18984;1620
1620;10910
10910;39261
39261;1465
1465;13243
13243;40164
40164;7598
7598;45237
45237;19875
19875;42997
42997;4349
4349;3554
3554;13947
13947;570
570;13508
13508;38813
38813;46916
46916;10622
10622;40435
40435;14349
14349;24168
24168;46870
46870;9376
9376;31360
9376;26311
31360;47133
26311;35938
47133;9667
47133;3578
9667;28460
28460;26138
26138;11996
26138;32774
11996;42042
32774;14680
42042;31702
31702;23187
23187;37364
37364;42151
42151;39888
39888;33329
33329;39841
39841;8481
8481;33112
33112;34185
34185;26298
26298;22221
22221;34446
22221;29407
34446;40772
29407;2430
40772;48673
48673;7867
7867;47658
47658;16340
16340;33243
33243;45240
45240;24261
24261;46037
46037;38323
38323;10930
10930;14912
14912;10630
35938;15877
15877;9083
14680;11399
11399;23372
23372;15455
15455;25864
25864;25609
25609;41604
41604;21928
21928;28329
28329;41255
41255;3417
3417;25900
25900;21328
21328;47963
47963;5528
2430;36098
36098;21439
45854;37712
45854;36396
37712;20304
36396;35241
20304;28548
28548;33978
33978;8025
8025;23769
23769;25692
25692;24225
24225;48470
48470;47269
47269;38446
38446;13856
13856;37045
37045;33005
33005;23428
23428;38685
38685;11198
11198;32023
32023;24582
24582;48426
48426;17271
17271;18886
18886;5269
5269;42719
42719;42963
4758;46383
46383;23781
23781;29137
29137;31567
31567;109
109;46619
46619;35385
35385;43800
43800;8432
8432;4422
4422;17328
17328;26740
26740;10170
10170;34881
34881;19920
19920;39079
39079;45486
45486;21429
21429;46053
46053;20013
20013;21806
21806;31468
31468;26161
26161;11238
11238;47369
47369;30172
30172;41718
41718;24060
24060;26187
26187;30950
30950;21007
21007;17087
17087;47725
47725;15394
15394;2487
2487;43908
43908;8774
8774;26373
26373;40992
40992;10419
10419;37965
37965;2660
2660;27588
27588;30823
30823;23568
23568;39736
39736;35336
35336;36339
36339;8641
8641;31908
31908;29317
29317;9475
9475;28306
28306;41034
41034;20973
20973;39525
20973;31545
39525;14181
39525;15527
31545;34843
14181;12783
15527;20702
12783;23519
23519;6497
6497;3953
3953;36325
36325;29786
29786;42718
42718;29846
29846;9452
9452;19490
19490;15935
15935;41672
41672;3046
3046;37681
34843;24257
24257;28749
28749;4725
4725;17409
17409;20946
20946;18665
18665;14925
14925;26319
26319;1415
1415;31095
31095;17215
17215;39652
39652;22431
22431;34351
34351;47380
47380;3804
3804;24844
24844;5328
5328;5190
5190;40900
40900;25835
25835;161
161;4288
4288;32450
32450;10431
10431;40495
40495;903
903;14205
14205;23602
23602;21482
21482;24259
24259;5741
5741;22625
22625;14508
14508;2159
2159;45816
45816;29762
29762;5780
5780;561
561;40278
40278;8206
8206;25401
25401;29749
29749;29751
29751;16372
16372;21702
21702;7399
7399;16664
16664;17538
17538;19294
19294;20927
20927;31804
31804;17263
17263;34278
34278;14602
14602;9317
9317;33699
33699;40094
40094;21617
21617;48284
48284;19133
19133;30169
30169;36619
36619;21136
21136;40777
40777;2143
2143;48168
48168;17702
17702;5407
20702;25794
25794;44951
44951;15487
15487;32587
32587;21497
21497;47848
47848;13864
13864;44765
44765;36828
36828;37625
37625;33437
37625;15957
33437;29594
15957;14793
29594;731
731;38061
38061;44707
38061;33573
44707;17233
33573;15931
17233;11187
11187;25345
25345;5603
5603;34253
34253;19182
19182;10741
10741;31160
31160;20452
20452;10581
10581;38866
38866;27133
27133;38510
38510;13687
13687;26681
26681;11999
11999;45713
45713;18675
18675;24540
24540;7317
7317;15764
15764;23459
23459;1918
1918;48194
48194;34445
34445;39021
39021;2596
2596;4734
4734;14771
14771;322
322;34808
34808;45103
45103;47316
47316;6405
6405;24280
24280;11389
11389;6569
6569;43134
43134;37325
37325;46758
46758;2255
2255;19536
19536;36616
36616;27113
27113;10153
10153;9506
9506;5316
5316;43769
43769;1425
1425;46340
46340;2493
2493;17303
17303;23382
23382;35588
35588;16346
16346;32768
32768;43662
43662;30699
30699;22652
22652;20920
20920;45954
45954;18478
18478;46985
46985;38917
38917;34651
34651;37466
37466;6986
6986;13081
13081;22964
22964;46984
46984;20447
20447;42868
42868;1173
1173;23635
23635;45808
45808;30796
30796;26853
26853;1581
1581;35989
35989;41635
41635;9661
9661;56
56;28763
28763;31944
31944;12635
12635;43228
43228;42911
42911;5890
5890;20654
20654;27839
27839;45690
45690;24113
24113;10778
10778;44408
44408;25715
25715;6000
6000;33922
33922;28397
28397;31904
31904;40926
40926;41050
41050;37103
37103;37218
37218;5975
5975;30660
30660;15875
15875;33997
33997;44468
44468;40264
40264;44741
44741;22614
22614;12156
12156;11417
11417;26584
26584;33285
33285;17620
17620;35673
35673;31913
31913;46669
46669;36075
36075;24325
24325;6217
6217;1471
1471;19498
19498;27278
27278;30874
30874;31528
31528;23837
23837;1552
1552;46797
46797;30033
30033;24124
24124;47922
47922;46453
46453;9336
9336;36653
36653;1699
1699;8055
8055;3664
3664;13128
13128;15800
15800;9908
9908;25821
25821;38688
38688;10114
10114;11933
11933;45032
45032;20921
20921;18432
18432;43840
43840;21699
21699;4693
4693;3685
3685;6047
6047;18043
18043;9093
9093;5744
5744;15176
15176;28417
28417;30601
30601;20964
20964;9304
9304;9919
9919;9704
9704;47394
47394;34745
34745;20043
20043;37816
37816;40321
40321;18152
18152;21737
21737;15403
15403;36637
36637;48158
48158;36767
36767;46935
46935;16565
16565;29501
29501;19176
19176;30458
30458;23249
23249;25118
25118;18063
18063;22774
22774;22926
22926;1056
1056;42020
42020;30059
30059;48107
48107;35390
35390;7053
7053;15827
15827;33058
33058;25983
25983;28020
28020;24072
24072;24663
24663;19239
19239;35893
35893;46024
46024;32275
32275;25381
25381;32359
32359;29517
29517;32617
15931;12417
12417;9507
9507;25728
25728;34937
34937;22746
22746;37254
37254;38605
37254;7323
38605;7318
7323;32170
7318;47712
47712;16265
16265;29324
29324;19521
19521;44163
44163;18828
32170;33990
33990;36550
36550;46180
46180;3352
46180;45593
3352;30967
30967;48457
48457;33037
33037;18449
18449;14882
14882;20127
20127;18988
20127;29830
14793;37983
37983;3058
3058;3843
3843;29226
29226;1536
1536;32189
1536;40905
32189;5390
40905;39535
5390;34126
34126;44890
34126;10754
44890;18653
10754;31706
18653;31357
31357;22334
22334;7643
7643;34965
34965;16731
16731;11271
11271;26506
26506;23278
23278;37883
37883;47533
47533;46978
46978;3994
3994;38375
38375;21535
21535;46787
46787;20538
20538;6021
6021;42964
42964;24596
24596;15923
15923;14558
14558;30051
30051;31848
31848;26965
26965;21820
21820;39562
39562;15069
15069;21354
21354;43515
43515;40969
40969;32467
32467;34704
34704;35482
35482;12320
12320;41622
41622;46624
46624;17886
17886;30544
30544;1603
1603;2072
2072;15965
15965;46513
46513;3714
3714;31742
31742;45530
45530;44152
44152;5682
5682;14791
14791;48545
48545;32330
32330;21486
21486;40771
40771;11644
11644;30066
30066;24522
24522;34494
34494;18185
18185;19548
19548;19104
19104;23780
23780;40598
40598;21558
21558;14467
14467;20289
20289;4722
4722;34693
34693;29151
29151;19478
19478;42321
42321;20492
20492;43571
43571;26307
26307;18704
18704;12269
12269;9582
9582;34154
34154;38628
38628;13972
13972;10380
10380;18405
18405;25120
25120;14222
14222;18695
18695;42620
42620;40322
40322;37706
37706;34621
34621;7844
7844;39373
39373;16673
16673;7065
7065;40819
40819;31430
31430;1855
1855;1771
1771;34681
34681;14157
14157;26128
26128;17458
17458;3340
3340;47044
47044;5464
5464;31145
31145;3040
3040;38057
38057;14400
14400;38215
38215;177
177;41508
41508;12656
12656;3165
3165;22271
22271;31656
31656;8675
8675;45844
45844;31710
31710;23413
23413;35241
35241;33597
33597;38244
38244;16067
16067;14390
31706;27694
27694;11664
11664;5754
5754;47986
47986;36986
36986;3945
3945;17070
17070;8827
8827;535
535;19045
19045;4466
4466;14553
14553;17794
17794;39718
39718;3458
3458;35638
35638;41724
41724;7615
7615;9905
9905;9476
9476;36212
36212;39205
39535;32659
32659;33237
36779;30800
30800;45225
45225;44967
44967;30511
30511;47088
47088;42954
42954;23881
42954;7721
23881;10735
7721;11245
10735;40273
40273;718
718;10785
10785;27151
27151;25098
25098;33571
33571;22421
22421;47491
47491;20460
47491;13693
20460;39113
39113;3516
39113;26169
3516;14259
26169;1488
14259;26729
26729;4043
4043;6669
4043;18697
6669;41969
41969;4681
4681;2355
2355;22980
22980;38549
38549;25302
25302;39742
39742;42909
42909;14391
11245;14945
14945;20399
24707;12655
12655;38963
38963;20968
20968;22669
22669;47758
47758;17011
17011;7865
7865;48702
48702;20849
20849;46087
46087;24213
24213;36741
36741;47132
47132;21648
21648;6949
6949;8653
8653;2709
2709;39854
39854;4432
4432;7328
7328;34427
34427;23569
23569;43157
43157;5674
5674;18171
18171;30889
30889;25042
30889;6747
25042;6181
6747;26569
6181;11645
11645;48417
48417;4848
4848;9412
9412;7176
7176;2803
2803;39530
39530;43345
43345;148
148;7566
7566;43243
26569;33704
33704;24743
46248;47117
47117;1389
1389;44108
44108;42593
42593;35169
35169;21183
21183;20728
20728;38153
38153;5499
5499;1675
1675;41215
41215;22151
22151;27732
27732;43975
43975;46644
46644;23976
23976;29841
29841;23641
23641;346
346;4879
4879;15094
15094;142
142;21009
21009;5369
5369;25874
25874;35040
35040;21672
21672;47018
21672;22766
47018;5424
22766;27206
5424;41002
41002;14630
14630;43655
43655;6888
6888;43836
43836;46363
46363;48040
48040;6463
6463;36202
36202;15812
15812;30481
30481;15894
15894;428
428;40099
40099;3407
3407;29828
29828;3637
3637;22093
22093;21390
21390;36297
36297;2623
2623;6328
6328;5698
5698;19267
19267;47086
47086;33278
33278;31148
31148;5655
5655;9004
9004;33512
33512;36790
36790;48067
48067;33268
33268;22186
22186;41525
41525;10641
10641;2512
2512;36350
36350;30406
30406;16365
16365;14052
27206;12850
12850;36383
36383;43333
14052;31767
31767;42539
42539;32896
32896;41376
41376;8180
8180;918
918;5270
5270;23785
23785;18541
18541;7446
7446;22325
22325;36319
36319;4095
4095;23574
23574;32334
32334;10150
10150;1083
1083;17724
17724;9102
9102;17393
17393;6458
6458;31610
31610;24146
24146;38388
38388;42542
42542;39040
39040;46806
46806;38082
38082;41327
41327;31591
31591;15446
15446;12177
12177;27804
27804;5109
5109;45126
45126;24431
24431;2278
2278;48407
48407;44481
44481;27004
27004;10578
10578;43394
43394;4411
4411;2349
2349;6090
6090;8922
8922;28577
28577;8382
8382;41288
41288;23667
23667;33419
33419;43776
43776;2346
2346;41809
41809;38753
38753;10404
10404;6027
6027;11906
11906;26465
26465;3495
3495;34748
34748;19707
19707;7710
7710;37130
37130;14475
14475;46943
46943;7885
7885;29965
29965;7075
7075;38370
38370;32931
32931;3006
3006;16940
16940;13791
13791;42750
42750;35024
35024;231
231;11219
11219;46189
46189;117
117;25495
25495;23518
23518;6245
6245;41149
41149;38181
38181;11570
11570;3085
3085;46441
46441;36363
36363;26589
26589;10300
10300;2376
2376;21901
21901;31926
31926;36585
36585;39045
39045;11916
11916;16482
16482;21260
21260;35344
35344;21548
21548;38942
38942;24807
24807;39941
39941;34740
34740;32485
32485;11142
11142;19166
19166;38198
38198;33799
33799;1940
1940;33495
33495;26206
26206;31139
31139;37480
37480;37348
37348;26406
26406;35815
35815;32442
32442;37415
37415;40858
40858;32771
32771;16058
16058;35729
35729;5042
5042;8680
8680;23731
23731;36770
36770;46533
46533;19189
19189;8712
8712;22628
22628;9552
9552;23363
23363;21116
21116;13268
13268;3150
13268;16373
3150;30003
16373;46937
30003;31315
31315;43647
43647;26787
26787;4665
4665;12399
12399;25994
25994;12056
12056;31991
31991;22612
22612;41041
41041;6171
6171;29433
29433;3725
29433;20385
3725;37213
37213;27343
37213;12415
27343;28884
12415;47164
28884;937
937;44359
44359;26868
26868;18017
18017;25445
18017;40071
25445;48404
40071;29348
48404;2003
48404;12396
2003;37840
12396;25264
37840;22591
22591;38834
38834;46324
46324;42826
42826;18997
18997;48271
48271;26301
26301;22163
22163;29862
29862;1494
1494;32570
32570;1282
1282;48663
48663;17992
46937;18233
18233;28622
28622;27511
27511;13966
27511;4120
13966;26056
4120;13472
26056;16275
16275;1705
1705;22131
47164;8236
8236;18889
18889;23549
23549;39634
39634;2565
2565;36554
36554;23703
29348;5142
5142;19971
38435;28372
28372;8470
8470;32681
32681;21206
21206;17663
17663;19269
19269;8556
8556;36696
8556;9331
36696;24027
9331;22088
24027;40205
28097;4921
4921;14731
14731;36318
14731;17536
36318;22088
17536;40663
11860;37512
37512;15755
15755;15715
15715;43724
43724;30666
30666;9946
9946;3265
3265;42867
42867;11770
11770;9548
9548;25824
25824;18761
18761;7928
7928;4889
4889;10395
10395;36885
36885;25525
25525;2769
2769;46429
46429;7263
46429;35920
7263;21671
35920;20474
21671;31917
31917;32708
32708;14626
14626;7798
7798;13990
13990;13002
13002;45181
45181;11001
11001;42410
42410;6467
6467;34532
34532;39577
39577;17241
17241;21828
21828;36331
36331;16473
16473;29340
29340;15467
15467;41267
41267;20009
20009;36964
20474;36199
36199;12720
12720;35356
35356;22981
22981;8155
651;43072
43072;48483
48483;19301
19301;43909
43909;15430
15430;24203
15430;36557
36557;7937
7937;28442
7937;8536
8536;2872
2872;26812
32941;39149
32941;4858
32941;24408
39149;21198
4858;31092
24408;9678
21198;38929
38929;7879
7879;3387
3387;12047
12047;8982
8982;12911
5323;42786
42786;8435
8435;47596
47596;17614
17614;24425
24425;20784
20784;6525
6525;28711
28711;31092
9678;45291
45291;27417
27417;5838
5838;21311
21311;5135
5135;45705
45705;14409
14409;15139
15139;46602
46602;47845
47845;29122
29122;14260
14260;45671
45671;5637
5637;28875
28875;26105
26105;4906
4906;1972
1972;16821
16821;5650
5650;30974
30974;44326
44326;42541
42541;41745
41745;20897
20897;35022
35022;638
638;44401
44401;34820
34820;44896
44896;6904
6904;15866
15866;36740
36740;47916
47916;6801
6801;11067
11067;40857
40857;25338
25338;16922
16922;33318
33318;4680
4680;36348
36348;4890
4890;30414
30414;11750
11750;33145
33145;15949
15949;32837
32837;21634
21634;40473
40473;22369
22369;21639
21639;11109
21639;6164
11109;6933
6164;43739
6933;33388
33388;33227
33227;26471
26471;23104
43739;22922
22922;7240
7240;12929
12929;31041
31041;19291
19291;36028
36028;1062
1062;37609
37609;48610
48610;21636
21636;14340
14340;46322
46322;11799
11799;24946
24946;29510
29510;167
167;44858
44858;21325
21325;36108
21325;16111
36108;48202
16111;33041
48202;1224
1224;28275
28275;26719
26719;24720
24720;14629
14629;5685
5685;23517
23517;31403
31403;3166
3166;37113
37113;36995
36995;26840
26840;17692
17692;40537
40537;46253
46253;12418
12418;34625
34625;3737
3737;31717
31717;1276
1276;34478
34478;8746
8746;43570
43570;32690
32690;6905
6905;3154
3154;27435
27435;37214
37214;30359
30359;44257
44257;7777
7777;2228
2228;11819
11819;33155
41906;17723
41906;46748
17723;934
46748;12769
934;22520
22520;660
660;30691
660;45288
660;45122
30691;11859
45288;10128
45122;47605
11859;24615
24615;18121
18121;11354
11354;14419
14419;41651
41651;13824
13824;37226
37226;21083
10128;11896
11896;15646
11896;35932
35932;32777
32777;48425
48425;2151
2151;33198
33198;32072
32072;4284
4284;7363
7363;17390
17390;46664
46664;8385
8385;42596
42596;4485
4485;34196
34196;2859
8017;43962
12769;17929
17929;36960
36960;22258
22258;9324
9324;15453
15453;3563
3563;4234
4234;9120
9120;12719
12719;28154
28154;26768
26768;10879
10879;48229
48229;22547
22547;12695
12695;25734
25734;15583
15583;18108
15583;16114
15583;5570
18108;17535
16114;11978
5570;38919
17535;13249
13249;33932
33932;12204
2859;30435
30435;36221
36221;8120
8120;18025
18025;9546
9546;32452
32452;5060
5060;41135
41135;37687
37687;31636
31636;5124
5124;37595
37595;5490
5490;1288
1288;16027
16027;10679
10679;12767
12767;1601
12767;39495
1601;1337
39495;2040
1337;13421
13421;20159
20159;46304
46304;10584
10584;868
868;3410
3410;14037
14037;23313
2040;25530
25530;7268
7268;12931
12931;12680
47605;33910
33910;11559
12680;265
265;10891
10891;45216
45216;5554
5554;27764
5554;46211
27764;17238
46211;39551
17238;42374
42374;21675
21675;19475
19475;44446
44446;41779
41779;8218
8218;12172
12172;25429
25429;9537
9537;37825
37825;28594
28594;43596
43596;36109
36109;21002
21002;35884
35884;13133
13133;4091
4091;7346
7346;20903
20903;9303
9303;46668
46668;3294
3294;34959
34959;45654
45654;43923
43923;33561
33561;1479
1479;29336
29336;15209
29336;36432
15209;41559
41559;11436
41559;17350
11436;1539
21083;38154
38154;15080
15080;46786
46786;42350
42350;24729
24729;13438
13438;38113
38113;5762
5762;47258
47258;23806
23806;35252
35252;12044
12044;16877
16877;11909
11909;4079
4079;9583
9583;37801
37801;39180
39180;29414
29414;30766
29414;21236
29414;6040
30766;25605
30766;3861
30766;6482
21236;42546
6040;1987
34375;43484
6482;24206
11978;44745
11978;12860
44745;24193
12860;19624
24193;22837
22837;19807
19807;25157
25157;15540
15540;34892
15540;15194
15194;34637
34637;47840
19624;45751
45751;42517
42517;5392
5392;38919
38919;40725
40725;38234
38234;30887
38234;45881
30887;19497
45881;1245
19497;27973
27973;896
896;13021
13021;1364
1364;29457
29457;24
24;23850
1245;27196
42546;24693
24693;47817
47817;4344
47817;26612
4344;9516
26612;14699
9516;4428
4428;2023
2023;24882
24882;13335
24882;36354
24882;19440
13335;21728
36354;32654
19440;16805
21728;35515
35515;31205
31205;27621
31205;10831
27621;5306
5306;1388
1388;38331
38331;7390
7390;15140
7390;38469
15140;4563
38469;498
38469;4245
4563;32955
32955;9200
14699;1387
23313;18914
18914;42572
42572;9033
9033;14019
14019;21618
21618;6462
6462;1906
1906;33606
1906;31231
33606;39551
31231;18935
18935;33200
33200;35009
35009;16245
16245;1193
1193;47823
47823;34519
34519;6418
6418;12731
12731;37648
37648;34764
34764;38667
38667;26922
26922;10908
10908;18602
18602;30651
30651;25378
25378;23476
23476;46296
23476;9325
9325;17612
1387;3483
3483;9024
32654;20716
16805;43750
43750;29586
29586;815
815;17107
498;6057
6057;22719
9200;33853
33853;21204
21204;24106
24106;36812
36812;32612
36812;3396
32612;36959
3396;13138
13138;30281
30281;1765
1987;5534
24206;23883
23883;43487
43487;10931
10931;40235
40235;19257
19257;21395
19257;15831
21395;42448
15831;42448
42448;45222
45222;26428
5534;2152
2152;41685
41685;10053
10053;44086
44086;15531
15531;47032
47032;39038
39038;407
407;14159
14159;10707
10707;43365
26428;17910
17910;8709
8709;31812
31812;7408
7408;48268
7408;36595
48268;45388
36595;30720
43962;31757
31757;6492
6492;34361
6492;20272
34361;29630
20272;40738
29630;29573
29573;45167
45167;27312
45167;2601
40738;10955
10955;18841
18841;25695
25695;16162
16162;40448
40448;35135
35135;32227
32227;27573
27573;15461
15461;39526
39526;40672
40672;32366
41285;41581
41581;19950
19950;22251
22251;39177
39177;1991
1991;4827
4827;33401
33401;18862
18862;46105
46105;129
129;43484
22719;48495
48495;37058
37058;28328
17612;13538
13538;20029
20029;37526
37526;40546
40546;39449
40546;22738
39449;6950
22738;1553
6950;21038
21038;17193
17193;5433
5433;13832
13832;24212
24212;41286
41286;42065
42065;36862
36862;38023
38023;2084
2084;15111
2084;6317
15111;13464
6317;42664
13464;42392
42392;29593
29593;25507
25507;9171
9171;14115
14115;6098
14115;10881
6098;22016
10881;8148
22016;3145
8148;33087
33087;43935
43935;29744
29744;14570
14570;37864
37864;46679
46679;28774
28774;45472
45472;19277
19277;44453
44453;1958
1958;14334
1553;4346
4346;16351
16351;8030
8030;6275
1765;43237
43237;37114
37114;44287
44287;46645
46645;8575
8575;34071
34071;46359
34071;18429
46359;11618
18429;47293
11618;39491
39491;44708
44708;35985
35985;13568
13568;32153
32153;22045
22045;6138
6138;42043
42043;38728
38728;45894
45894;33942
33942;5852
5852;20656
20656;40015
47293;44160
44160;13766
13766;10032
10032;10081
10032;10575
10081;14823
10081;21492
10575;41886
21492;40
41886;25777
25777;10762
39932;5066
5066;11438
11438;39220
39220;28660
28660;39599
39599;35408
35408;7040
7040;6375
6375;4273
4273;17993
17993;37506
37506;19589
19589;35567
35567;32040
32040;1057
1057;14980
14980;20781
20781;45896
45896;37297
37297;24447
22214;15911
22214;9894
15911;31948
9894;23399
31948;45912
45912;17899
17899;31487
31487;2219
2219;48289
48289;30784
30784;8534
8534;48464
48464;17201
17201;35183
35183;46093
46093;45252
45252;5396
5396;36251
36251;9062
9062;37468
37468;22281
22281;10345
10345;21770
21770;34030
34030;194
194;28050
28050;34109
34109;39197
34109;8346
39197;38759
8346;20983
38759;23694
23694;21466
21466;39016
39016;44192
44192;16652
16652;1342
1342;47639
47639;11627
11627;23922
23922;39694
39694;28214
28214;6197
6197;27886
27886;39948
39948;8623
8623;27099
27099;33157
33157;47308
47308;10490
10490;10671
10671;43204
43204;46183
46183;27858
27858;15887
15887;40134
40134;9598
9598;34180
34180;41360
41360;30364
41360;17088
30364;13313
17088;15374
13313;43037
43037;46379
20983;39951
39951;18870
18870;11599
11599;13780
13780;22804
22804;45329
45329;8584
8584;11666
11666;36821
36821;18593
18593;39396
18593;869
39396;6920
869;26562
6920;12714
12714;8392
8392;44386
44386;43934
43934;42950
42950;37826
42950;34449
37826;365
34449;29930
365;40058
40058;16130
16130;1761
1761;830
29930;45292
45292;23350
23350;31152
15374;32630
32630;41957
41957;25350
25350;24167
24167;9612
9612;36467
36467;9549
9549;18312
18312;46442
26562;3369
3369;42004
42004;23827
23827;15947
15947;47351
47351;17529
17529;33430
33430;9126
9126;24105
24105;1339
1339;14395
14395;13738
13738;863
863;35791
35791;3438
3438;26974
26974;33062
33062;14377
14377;24888
24888;24810
24810;977
977;45664
45664;29085
29085;35059
35059;27496
27496;22785
22785;25756
25756;32623
32623;40035
40035;20331
20331;30971
30971;39314
39314;1896
1896;14901
14901;23077
23077;41727
41727;31866
31866;32645
32645;18936
18936;45684
45684;16015
16015;15707
15707;36511
36511;5697
5697;15926
15926;19302
19302;14319
14319;26956
26956;44433
44433;28187
28187;19845
19845;3095
3095;34454
34454;26434
26434;20853
20853;31896
31896;24129
24129;37165
37165;42736
42736;24749
24749;43629
43629;36604
36604;21582
21582;8670
8670;34672
34672;25911
25911;10349
10349;1496
1496;36252
36252;17375
17375;24377
24447;22867
22867;47496
47496;16013
16013;19072
19072;20733
20733;41970
41970;34667
34667;6753
6753;3509
3509;3019
3019;18944
18944;11273
11273;47049
47049;3415
3415;45817
45817;43401
43401;46621
46621;5160
5160;3401
3401;23101
23101;43959
43959;22036
22036;23237
23237;31086
31086;21850
21850;22322
22322;31489
31489;3815
31489;5760
3815;42225
5760;21704
42225;35306
21704;16400
16400;26772
26772;20421
20421;41074
41074;11465
11465;37820
37820;27091
27091;7854
7854;2795
2795;3830
3830;13304
13304;23932
23932;7965
7965;6969
6969;25474
25474;3732
3732;34984
34984;31471
31471;7472
7472;32091
32091;26654
26654;42014
42014;28393
28393;9184
9184;26382
26382;23399
18145;13726
13726;8716
8716;20729
20729;10115
10115;11965
11965;1884
1884;24352
24352;24353
24353;18461
18461;18462
18462;33780
33780;23554
23554;44025
44025;40399
40399;27936
27936;47323
47323;20139
20139;24125
24125;5855
5855;27341
27341;26917
26917;29434
29434;16712
16712;48068
48068;48297
48297;36144
36144;31090
31090;530
530;34279
34279;10889
10889;3098
3098;36453
36453;2944
2944;15511
15511;47050
47050;23375
23375;40111
40111;24587
24587;47554
47554;37777
37777;2701
2701;13648
13648;17937
17937;5020
5020;34994
34994;29342
29342;39852
39852;48167
48167;27281
27281;27000
27000;46990
46990;48687
48687;25137
25137;45007
45007;37410
37410;21066
21066;42473
42473;13525
13525;43390
43390;7706
7706;8969
8969;19523
19523;19683
17843;40418
40418;26883
26883;6776
6776;39332
39332;24880
24880;45248
45248;37703
37703;15223
15223;33898
33898;4993
4993;29315
29315;31271
31271;18749
18749;41540
41540;15795
41540;30789
15795;36528
30789;28746
30789;29743
36528;13299
36528;3069
13299;36617
3069;39566
36617;60
60;39058
39058;28802
28802;19240
19240;18693
19240;14427
18693;31928
14427;22481
31928;23735
23735;14683
14683;9520
9520;26796
9520;7054
26796;20940
7054;42883
22481;41740
28746;36690
28746;20565
36690;20295
20295;25178
25178;17732
17732;28686
28686;17837
42883;28726
28726;36576
39566;4891
14567;23269
23269;2912
2912;34099
34099;34009
34009;18932
18932;19111
19111;45025
45025;16369
16369;28709
28709;14806
29531;18086
18086;44831
44831;45404
45404;35740
35740;31529
31529;18272
18272;4150
4150;24465
24465;12055
10140;30419
30419;13399
13399;3272
3272;44513
44513;14580
44513;44273
14580;20979
44273;17048
20979;38738
20979;24848
24848;13540
13540;2324
2324;30350
30350;18015
17048;7820
45930;13737
13737;11642
11642;38535
38535;47441
47441;14300
14300;19568
19568;36780
36780;13638
13638;8728
8728;8393
8393;46530
46530;8549
8549;32550
8549;5216
32550;18058
18058;33840
33840;27790
27790;23984
23984;39429
39429;39404
39404;12101
12101;28821
28821;41998
28821;29169
41998;16314
41998;1422
29169;19724
16314;9012
1422;29153
9012;26552
26552;42124
42124;6921
6921;34441
34441;10765
34441;13167
10765;171
13167;32064
171;46102
46102;27646
27646;15079
15079;43086
43086;30255
30255;46567
46567;30724
30724;20219
20219;18995
18995;33038
33038;2945
2945;20098
20098;21544
21544;1858
1858;39165
39165;9267
9267;31538
31538;20181
20181;31711
31711;10373
10373;45982
45982;44738
44738;13519
13519;37435
37435;40350
40350;706
706;14103
14103;35764
35764;42499
42499;21286
21286;47547
47547;34089
34089;33088
33088;9146
9146;12369
12369;29004
29004;23624
23624;34998
34998;9920
9920;9232
9232;29488
29488;35685
35685;15020
15020;18701
18701;11468
11468;33663
33663;8052
33663;12249
33663;33026
8052;20601
12249;244
33026;21819
20601;23768
23768;28972
28972;10533
10533;13878
13878;43526
43526;31066
31066;4742
4742;42498
42498;30602
30602;25947
25947;21228
21228;11549
11549;46157
46157;6487
6487;666
666;25924
25924;12312
12312;37092
37092;34031
34031;29265
29265;45693
29265;21435
45693;32029
19724;37199
37199;12366
12366;43147
43147;23175
23175;39808
244;20696
20696;20580
20580;7768
7768;43853
43853;27756
27756;7557
7557;43088
43088;34308
34308;17875
17875;29518
29518;44222
44222;47586
47586;30476
30476;29520
29520;7690
7690;47736
21819;13323
13323;31173
31173;44771
31173;45071
44771;39619
38455;28273
38455;18773
28273;3889
28273;537
18773;4898
3889;3484
537;32029
4898;45360
32557;23561
32557;37215
23561;21087
37215;15665
21087;28013
21087;5712
28013;10790
10790;7938
7938;44883
44883;13770
13770;27215
27215;1418
1418;28583
28583;41192
41192;10863
10863;19744
19744;33313
33313;3484
15665;38550
38550;21659
21659;4922
4922;14677
14677;6313
6313;13068
13068;966
966;106
106;15441
15441;7161
15441;15507
7161;20335
15507;5307
20335;6285
6285;16836
16836;8185
8185;47923
47923;37202
37202;20510
20510;3869
3869;8057
3869;3882
8057;43554
43554;44105
3882;48416
44105;19210
19210;27345
27345;6640
6640;5836
5836;6531
6531;27250
27250;21946
21946;10274
10274;43555
43555;15972
15972;40108
40108;1989
1989;41686
41686;24776
24776;42749
42749;45171
45171;45264
45264;35499
35499;21742
21742;2176
2176;9229
9229;29110
29110;12478
12478;37012
37012;44611
44611;17659
17659;30893
17659;43242
30893;4185
43242;37459
48416;11317
11317;39536
39536;24867
39536;10215
5307;15492
15492;3036
3036;11496
4185;23381
23381;2107
2107;111
111;8402
8402;18614
37459;4899
4899;37640
37640;16726
16726;24402
24402;361
361;30213
30213;12955
12955;31275
31275;14288
14288;37470
37470;29243
29243;8188
8188;27741
8188;35118
8188;16227
27741;37373
35118;4621
16227;34556
37373;20571
20571;18586
18586;47378
47378;15722
15722;9013
9013;7454
7454;14860
14860;37785
4621;44111
44111;35508
35508;10068
34556;1233
1233;31296
31296;32223
32223;28432
28432;15522
15522;45874
45874;3049
3049;27948
27948;1397
1397;7360
7360;23030
23030;34507
34507;21090
21090;48454
48454;8948
8948;30338
30338;21556
24867;17780
10215;47161
17780;6203
6203;8611
8611;46100
46100;27486
47161;41199
41199;20691
19332;48227
48227;38378
38378;29642
29642;15097
15097;40705
40705;9563
9563;40247
40247;23147
23147;27393
23147;25543
27393;43529
25543;10127
43529;21572
21572;13740
10127;40727
40824;24685
24685;19253
19253;15141
15141;2607
2607;35646
35646;36800
36800;39464
39464;20725
20725;11415
11415;21944
21944;1569
1569;16591
16591;28825
28825;19285
19285;40643
40643;17279
17279;11304
11304;16414
11304;4994
16414;26766
4994;4133
4994;12400
26766;42466
42466;13833
13833;18666
13833;23529
18666;25171
23529;33187
25171;17154
17154;39194
4133;22332
12400;21360
22332;37654
37654;8819
8819;23502
21360;26085
26085;17565
17565;42792
42792;43518
43518;17573
17573;25909
25909;18741
33187;45043
45043;25424
25424;12195
25424;22130
12195;20186
22130;8046
20186;46459
20186;15726
15726;38342
8046;38342
11;10520
10520;23987
23987;45495
45495;42171
42171;8743
8743;7415
7415;6925
6925;47433
47433;15581
15581;36775
36775;3188
3188;23798
23798;22724
22724;30949
30949;35839
35839;4504
4504;10366
10366;26992
26992;29304
29304;42029
42029;19358
19358;10176
10176;41975
41975;43663
43663;13583
13583;15224
15224;29446
29446;16517
16517;47960
47960;23449
23449;35479
35479;37020
37020;10318
10318;28895
28895;16837
16837;39813
39813;42815
42815;28305
28305;450
28305;17619
17619;14035
14035;42810
42810;10760
10760;45141
45141;28065
28065;39767
39767;16776
16776;38645
38645;48024
48024;20848
20848;19142
19142;15321
41174;47663
47663;11094
11094;17283
17283;46201
46201;30788
30788;40943
40943;1352
1352;23854
23854;10552
10552;2462
2462;34912
34912;30776
30776;30504
30504;7735
7735;323
323;47345
47345;5195
7774;11597
11597;1860
1860;11845
11845;21081
21081;26601
26601;26608
26608;26476
26476;24270
26476;28845
28845;43808
43808;13820
13820;38266
38266;10058
10058;42191
42191;41916
41916;32338
32338;31582
31582;47127
47127;25380
25380;28453
28453;6944
6944;42457
6944;20901
42457;39241
39241;26466
26466;3996
3996;38892
38892;29172
29172;13916
13916;44007
13916;24432
44007;24703
24432;16282
24432;36377
24703;40503
40503;36406
36406;18969
18969;34477
34477;45442
45442;16305
16305;39864
39864;26750
26750;38399
38399;25196
25196;37286
37286;8301
8301;38478
38478;43188
43188;14237
14237;23025
23025;8207
8207;41089
41089;12257
12257;19848
19848;36180
36180;1449
1449;17131
17131;21186
21186;40790
40790;38976
38976;13434
13434;8531
8531;7220
7220;47857
47857;2410
2410;45850
45850;5877
5877;24344
24344;12865
12865;11022
11022;34307
34307;15454
15454;31709
31709;35941
35941;37008
37008;46134
46134;22030
22030;11886
11886;12873
12873;40199
40199;4703
4703;43502
43502;30865
30865;41014
41014;43782
43782;42887
42887;46571
46571;40168
40168;12973
12973;3330
3330;1046
1046;40574
40574;11497
11497;30268
30268;7239
7239;41766
41766;639
639;11064
11064;30233
30233;31872
31872;23597
23597;27801
27801;20935
20935;42700
42700;22607
22607;45865
45865;20841
20841;32367
32367;34992
34992;42055
42055;21099
21099;48643
48643;9943
9943;31551
31551;7687
7687;12423
12423;2078
2078;8422
8422;12894
12894;34517
34517;18731
18731;6340
6340;7804
7804;20545
20545;45517
45517;10161
10161;14537
14537;43667
43667;6370
6370;37047
37047;44754
44754;8821
8821;9688
9688;40870
40870;7793
7793;39520
39520;32114
32114;25459
25459;25779
25779;9785
9785;32348
32348;30489
30489;3324
30489;14413
3324;19492
14413;48366
19492;29914
29914;30905
30905;33348
33348;2095
2095;40696
40696;44135
44135;38164
38164;22704
22704;37384
37384;25433
25433;11517
11517;7272
7272;11571
11571;17748
17748;9228
9228;277
277;58
58;7488
7488;36698
36698;3856
3856;12816
12816;1854
1854;45226
45226;8731
8731;8281
8281;30248
30248;25504
25504;12250
25504;43383
12250;41708
43383;31933
41708;21301
21301;30936
21301;3972
30936;26484
3972;9657
16308;14807
16308;44945
14807;25359
44945;9832
25359;26484
9657;21888
21888;38293
38293;16824
16824;28898
28898;3612
3612;28236
28236;16489
16489;37684
37684;26189
26189;41859
41859;13107
13107;6617
6617;31600
31600;35984
35984;16779
16779;48541
48541;4874
4874;47354
4874;48218
47354;47703
48218;44128
47703;40530
40530;28925
28925;16520
16520;2356
2356;41874
41874;10292
10292;47012
47012;10065
10065;46612
46612;33940
33940;3894
3894;15759
15759;11956
15759;3436
11956;45813
3436;43236
45813;32187
31933;36990
36990;36512
36512;30311
30311;14848
14848;37201
37201;9256
9256;1681
1681;19654
19654;37679
37679;44993
44993;4297
4297;18877
4297;10237
18877;9832
10237;5136
5136;37781
43236;48628
44128;47343
47343;29761
16282;27491
36377;16231
27491;11182
46027;48341
46027;6529
46027;40284
48341;36776
6529;1489
40284;8687
36776;31279
31279;36486
36486;37779
37779;14359
14359;12349
12349;38593
38593;2813
2813;1946
1946;32841
32841;15917
15917;29023
29023;640
640;48503
48503;23782
48366;6087
6087;34194
34194;19956
19956;22296
22296;9156
9156;5652
9156;6701
5652;29468
6701;18366
29468;8440
8440;22509
22509;35755
35755;45366
45366;16455
16455;1489
8687;24967
24967;41517
18366;3129
3129;40410
40410;983
983;12712
12712;46303
26495;28555
28555;9104
9104;46780
46780;28353
28353;26398
26398;32720
32720;28228
28228;8356
8356;36723
22387;31943
31943;2794
2794;44485
44485;7599
7599;29060
29060;28080
28080;32169
32169;42692
42692;25365
25365;2719
2719;11084
11084;5261
5261;22407
22407;16856
16856;25160
25160;12875
12875;18882
18882;13178
13178;31427
31427;8797
8797;20106
20106;13978
13978;21096
21096;42556
42556;7219
7219;48049
48049;24464
24464;17237
17237;40385
40385;29804
29804;12459
12459;39118
39118;39778
39778;37350
37350;15978
15978;1148
1148;9287
9287;9674
9674;18872
18872;39607
39607;42079
42079;18040
18040;20169
20169;27907
27907;4698
4698;12718
16963;26326
16963;43598
16963;22282
16963;4567
26326;21650
43598;12166
22282;6815
4567;46474
21650;30684
30684;44590
44590;19847
19847;5688
5688;14384
14384;16187
16187;25048
25048;27908
27908;15660
15660;511
511;25147
25147;27279
27279;18745
18745;4870
4870;33181
33181;16746
16746;46969
46969;4050
4050;42050
31464;5722
5722;1568
1568;39411
39411;20777
20777;44821
44821;39312
39312;45249
45249;10384
10384;32551
32551;4237
4237;12567
12567;23823
23823;4998
4998;3819
3819;45942
45942;11693
11693;46452
46452;32660
32660;36002
36002;20192
20192;33863
33863;30726
30726;1050
1050;14896
14896;42647
42647;19010
19010;8662
8662;14266
14266;27683
27683;47859
47859;41595
41595;22670
22670;43827
43827;22375
22375;24202
24202;33925
33925;12166
6815;26361
26361;40072
40072;39228
39228;13940
13940;35847
35847;12153
12153;20328
20328;2052
2052;9065
9065;22157
22157;7926
46474;34147
34147;15400
15400;14594
14594;8642
8642;23270
23270;25948
25948;7586
7586;32402
32402;33766
33766;35250
35250;40083
40083;15811
15811;14530
14530;14257
14257;23535
23535;38947
38947;47121
47121;18112
18112;20300
20300;24568
24568;20258
20258;29937
29937;18895
18895;12916
12916;38796
38796;38564
38564;18079
18079;33170
33170;8171
8171;18483
18263;5097
5097;46798
46798;5412
5412;4570
5412;7794
4570;46975
7794;39760
46975;38095
46975;24644
24644;23534
23534;29923
29923;20236
20236;28269
28269;31602
31602;10523
39760;26733
26733;46886
46463;37887
37887;3167
3167;27560
27560;37023
37023;43581
43581;40102
40102;40198
40102;47232
40198;26647
47232;15264
26647;35054
26647;31245
35054;44735
31245;3282
44735;14262
14262;44220
44220;1063
1063;5348
5348;32194
32194;9767
9767;27399
27399;45826
45826;15410
15410;39334
39334;33217
33217;31958
31958;43261
43261;47779
47779;43993
43993;12765
43993;26631
12765;19923
26631;40525
19923;29041
29041;14938
14938;5024
5024;28605
5024;27569
28605;19972
27569;16859
19972;13869
13869;20759
20759;9527
20759;23186
9527;13756
13756;16705
16705;48160
16705;43590
16705;10368
48160;13674
43590;12145
10368;38654
13674;36806
36806;21776
36806;33463
36806;36316
21776;5775
33463;31387
36316;5485
40525;39660
40525;29281
39660;41340
29281;38884
15264;20721
16859;44194
31387;31355
31355;6889
41340;22601
22601;32563
32563;33122
32563;9025
9025;38317
38884;28573
28573;46898
12145;38498
38498;41709
41709;44206
44206;8766
8766;37947
38317;26620
26620;37738
37738;7855
7855;2988
2988;24109
5485;8637
8637;11332
11332;15125
15125;6833
6833;4490
4490;12131
12131;36650
36650;41201
41201;39798
38654;15907
15907;25277
25277;5222
5222;20327
20327;15157
37087;29097
29097;10897
10897;7012
7012;35138
35138;25975
25975;43599
43599;18963
43599;12664
18963;39665
39665;17050
17050;12548
12548;1895
1895;33073
33073;33648
33648;13152
13152;34144
13152;1609
1609;47662
47662;4724
43948;31258
31258;46208
46208;26117
26117;41771
41771;223
223;30670
30670;31975
31975;19425
19425;19823
19823;647
647;41678
647;8427
41678;27657
8427;18224
27657;31833
27657;26419
31833;14608
26419;41145
14608;28634
28634;5429
28634;42209
5429;30154
42209;22813
30154;28758
28758;18273
18273;28483
28483;23177
23177;7744
7744;24733
7744;118
24733;43494
118;43437
43494;33864
43494;10872
33864;7530
10872;4446
7530;34822
34822;42239
42239;31752
31752;6089
6089;7971
7971;1611
7971;38832
1611;38333
38832;19258
18224;25174
25174;10125
10125;41867
41867;17136
41867;40047
41867;36023
17136;19007
40047;27538
36023;21641
19007;7778
7778;32197
32197;34205
34205;24248
24248;14850
14850;35986
35986;11487
11487;45558
27538;38730
38730;26626
26626;31155
26626;24601
31155;34473
24601;42066
34473;9606
9606;48037
48037;27396
27396;25608
42066;17245
17245;14311
14311;112
112;28716
112;39134
28716;21641
39134;8506
8506;32883
32883;28285
22813;30965
30965;37441
41145;34018
34018;32898
32898;7552
7552;42696
42696;481
481;30678
30678;33097
33097;34054
34054;18073
18073;12209
18073;34431
18073;29571
12209;25032
34431;44877
29571;5544
25032;28003
44877;47037
47037;18689
18689;48238
48238;32523
32523;28524
28524;15120
15120;26017
26017;41272
5544;20794
20794;14874
43437;8673
8673;2525
2525;16426
16426;18002
18002;14027
14027;16766
16766;25526
25526;10601
10601;17558
17558;26852
17558;32769
26852;11360
32769;22019
22019;27280
27280;14593
14593;5532
5532;19789
19789;42520
42520;17528
17528;47242
47242;37614
47242;20564
37614;16915
20564;47216
16915;13747
13747;23496
23496;17414
17414;48576
48576;36697
36697;38356
38356;34323
34323;44941
34323;13502
44941;34734
34734;30552
30552;41909
41909;3090
3090;7051
7051;28291
28291;20975
20975;24665
24665;47672
47672;8245
8245;32694
32694;23952
23952;42614
42614;28539
28539;18747
18747;23407
23407;7400
7400;1336
47216;5787
5787;36854
4446;34014
34014;14534
14534;15939
15939;157
157;20074
20074;40377
40377;7457
7457;38861
38861;43279
43279;31013
31013;21749
21749;45044
45044;27603
27603;44585
44585;578
578;14045
11480;25372
11480;32959
25372;4310
32959;34020
4310;12812
12812;8165
12812;15063
8165;6651
15063;17352
6651;14858
14858;47819
47819;45660
45660;30029
30029;12549
12549;36930
12549;23562
36930;45699
36930;16211
23562;42336
45699;15086
16211;20585
20585;17074
17074;7371
42336;38088
38088;13123
13123;6970
6970;12840
12840;3560
3560;44994
44994;38528
44994;47821
38528;29896
47821;6980
17352;803
803;4294
4294;16504
16504;43122
43122;12136
12136;4067
4067;34159
34159;29896
6980;44147
44147;31051
31051;46910
46910;8861
8861;24045
8861;6333
24045;28811
6333;3489
28811;605
605;8614
8614;29347
29347;21844
21844;17700
17700;9400
9400;1693
1693;13672
13672;576
576;28853
28853;34565
34565;23652
23652;20980
20980;9212
9212;41395
41395;9432
9432;9844
9844;19366
19366;9408
9408;36342
9408;46461
36342;22410
46461;3740
22410;18297
18297;17750
17750;10510
10510;27777
27777;12379
12379;37492
37492;18057
18057;4864
4864;12677
12677;41142
41142;21611
21611;37842
37842;35224
35224;864
864;48054
3489;4564
4564;19373
4564;4731
19373;5723
4731;35121
5723;38288
5723;28212
35121;12165
3740;1606
1606;29905
29905;30681
30681;2167
2167;11851
11851;44304
11851;46465
44304;38694
46465;14801
38694;8967
38694;2737
8967;17704
2737;8949
17704;44966
44966;28750
28750;39433
14801;30946
30946;37066
37066;12232
12232;3784
8949;35280
35280;12614
48054;12446
48054;378
48054;30743
12446;46179
378;8493
30743;20504
46179;45488
45488;30900
30900;34569
34569;5993
5993;17364
17364;42219
42219;26235
26235;45274
45274;47205
47205;19035
19035;34055
34055;1211
1211;25830
25830;43680
43680;42322
42322;825
825;37412
825;42144
37412;6730
42144;44419
6730;6231
6231;47660
44419;3195
3195;35155
35155;25223
25223;6388
8493;1749
1749;22993
22993;38761
28003;21528
21528;5095
5095;33361
33361;6503
6503;3967
3967;15292
15292;18046
18046;41122
41122;5624
5624;34732
5624;36952
5624;21969
34732;41649
36952;45206
21969;28266
41649;24240
24240;7160
7160;19916
19916;14051
14051;34020
45206;39519
28266;14869
14869;24583
24583;35308
35308;10791
10791;44227
44227;1228
19258;23839
23839;15414
15414;154
154;23386
23386;25826
25826;16139
20504;27443
27443;24632
24632;8547
8547;33130
33130;2791
2791;27971
27971;4429
4429;38940
38940;3634
3634;27648
27648;16429
16429;3613
3613;5308
5308;9368
9368;38815
38815;4611
4611;1204
1204;11462
11462;44237
44237;30290
30290;35683
35683;47661
47661;39395
39395;36296
36296;44560
44560;698
698;12906
12906;21410
21410;37563
37563;37519
37519;24826
24826;40185
27855;30394
30394;30711
30711;11403
11403;15528
15528;12706
12706;46235
46235;34391
34391;48152
48152;18616
18616;4521
4521;34065
34065;34741
34741;31878
31878;41442
31878;21607
41442;20346
21607;40366
20346;8097
8097;16295
16295;47875
47875;46332
46332;1694
1694;22998
22998;29423
29423;30357
30357;7658
7658;39642
39642;25022
25022;10945
10945;46716
46716;35084
35084;5612
5612;29533
29533;98
98;13871
13871;10666
10666;4318
4318;24764
24764;34334
34334;24702
24702;35057
35057;37716
37716;43213
43213;19579
19579;14278
14278;6404
6404;38200
38200;37187
37187;44325
44325;15268
15268;33074
33074;41546
41546;20094
20094;24180
24180;46170
46170;25089
25089;10111
10111;5153
5153;762
762;32368
32368;13681
13681;12607
12607;9595
9595;24241
24241;5052
5052;3237
3237;15901
15901;24719
24719;8540
40366;26441
26441;26477
26477;1215
1215;25284
25284;48488
48488;17644
17644;42257
42257;19315
19315;42856
42856;46563
30289;8564
30289;30383
8564;25066
30383;14092
25066;1938
1938;2602
2602;26544
2602;17311
26544;39319
26544;36792
26544;13241
17311;47254
39319;43384
36792;26275
13241;30174
43384;24366
24366;10631
10631;3643
3643;4118
4118;5733
5733;45415
45415;8002
8002;7942
7942;11365
11365;22559
22559;28485
28485;8609
8609;11452
11452;46998
46998;39829
39829;37895
37895;17054
17054;8710
8710;24795
24795;3388
3388;45501
45501;32332
32332;40232
40232;6322
6322;33262
33262;25000
25000;10192
10192;1926
1926;34105
34105;2044
2044;46002
46002;32279
32279;1646
1646;44236
44236;32543
32543;13844
13844;19518
19518;44475
44475;8455
8455;26866
26866;24766
24766;26273
26273;38162
38162;6603
6603;39428
39428;20957
20957;26978
26978;33001
33001;35358
35358;7481
7481;42437
42437;21609
21609;22092
22092;44849
44849;13231
13231;21054
21054;38479
38479;886
886;34612
34612;32855
32855;14263
14263;20475
20475;21505
21505;37064
37064;35015
35015;23669
23669;13633
23669;18055
13633;41661
18055;42813
41661;41892
41892;26527
26527;21145
21145;30113
30113;1432
1432;18814
18814;44174
44174;14665
14665;48204
48204;8657
8657;40887
40887;5188
5188;38003
38003;2334
2334;5687
5687;15305
15305;21173
21173;17344
17344;33491
33491;36915
36915;33719
33719;29787
29787;1507
1507;46163
46163;12026
12026;8034
8034;22716
22716;18783
22716;48369
18783;14470
48369;44246
14470;10489
10489;48009
48009;43928
43928;19162
19162;22504
22504;5708
5708;48018
48018;7267
7267;15775
15775;47708
47708;43648
43648;43341
43341;46835
46835;47033
47033;6796
6796;16376
16376;12466
12466;23912
23912;19952
19952;48482
48482;44377
44377;47688
47688;43633
43633;16782
16782;25198
25198;36360
36360;32394
32394;24801
24801;28373
28373;1985
1985;5341
5341;4496
4496;550
550;1119
1119;4474
4474;46434
46434;42428
42428;41836
41836;38037
38037;13744
13744;14877
14877;3486
3486;6899
6899;47542
47542;43583
44246;5128
26275;35063
35063;7123
7123;35657
35657;16751
16751;38295
38295;39796
39796;41051
41051;47263
47263;48419
48419;38619
38619;37600
37600;36497
42813;41279
41279;18442
18442;24865
24865;36638
43583;36208
36208;17452
17452;40701
40701;5282
5282;22881
22881;28846
28846;20363
20363;46281
46281;34700
34700;12835
12835;39405
39405;12307
12307;24809
24809;38841
38841;7175
7175;19768
19768;27831
27831;22573
22573;23586
23586;22489
22489;31409
31409;22851
22851;31644
31644;44099
44099;29416
29416;46660
46660;41297
41297;33890
33890;10658
10658;12892
8540;14412
14412;16260
16260;9965
9965;44044
44044;23127
23127;2319
2319;35944
35944;9665
9665;48343
48343;17413
17413;26362
26362;27214
26362;2763
27214;14092
2763;38793
38793;38354
38354;5099
5099;25956
25956;11053
11053;44785
11053;9676
44785;47939
9676;19371
47939;17717
17717;26600
26600;21120
26600;47357
21120;7089
7089;21075
21075;17539
17539;3731
30174;35137
35137;11935
11935;7324
7324;16898
16898;15588
15588;32533
32533;1286
1286;37422
37422;6660
6660;10476
10476;19554
19554;24424
24424;5441
5441;5047
5047;28896
28896;9915
9915;14675
14675;5069
5069;34750
34750;5367
5367;15762
15762;24136
24136;40490
40490;19544
19544;3227
3227;37157
37157;27231
37157;44621
27231;42999
44621;12848
42999;35104
35104;32463
32463;1613
1613;6582
6582;7066
7066;22488
22488;25176
12848;15470
37974;13165
37974;45449
37974;4650
13165;26942
45449;46456
4650;35560
26942;24334
24334;21032
21032;40795
40795;11221
11221;32723
32723;31985
31985;9217
31985;2966
9217;6095
2966;37984
6095;9696
9696;35599
35599;31073
31073;18106
18106;25281
25281;37634
37634;23438
23438;2761
2761;46775
12892;14248
14248;23591
23591;17202
17202;24004
24004;8449
8449;17017
17017;27840
27840;41553
41553;27864
27864;17893
17893;10308
10308;3185
3185;43870
43870;1201
1201;33817
33817;29602
29602;14920
14920;30401
30401;26196
26196;28767
28767;31412
31412;6945
6945;25867
25867;25872
25872;24982
24982;15778
15778;2383
15778;25757
2383;13355
25757;26837
13355;5423
5423;2531
2531;5961
5961;2465
2465;43931
43931;28543
28543;37602
37602;4501
4501;25179
25179;16347
16347;447
447;15958
15958;22478
22478;3073
3073;36294
36294;3626
3626;42858
42858;2749
2749;22153
22153;24545
24545;9005
9005;48081
48081;8387
8387;24943
24943;47455
26837;32728
32728;8791
8791;25511
25511;34376
34376;41936
41936;28088
28088;1451
1451;16571
16571;29864
29864;45830
45830;2089
2089;12646
12646;15661
15661;11216
11216;16572
16572;19580
47455;30818
30818;38098
38098;33432
33432;20748
20748;4450
4450;20602
20602;48630
48630;5853
5853;2839
2839;15385
15385;41790
41790;34944
34944;27464
27464;39119
39119;41846
41846;11818
11818;3463
3463;6670
6670;31677
31677;47287
47287;16538
16538;1668
1668;1045
1045;2483
2483;45687
45687;40296
40296;42092
42092;46190
46190;24765
24765;28137
28137;1687
1687;37065
37065;9802
9802;32932
32932;48240
48240;2456
2456;1624
1624;3836
3836;39531
39531;40483
40483;23683
23683;41153
41153;4416
4416;919
919;26437
37984;45440
45440;38893
38893;23575
23575;34730
34730;38953
38953;7821
7821;968
968;42872
42872;42835
42835;44541
44541;8386
8386;37527
37527;20899
20899;37948
37948;46584
46584;749
749;43540
43540;173
173;38054
38054;1338
1338;8825
8825;36494
36494;47131
47131;48583
48583;17876
17876;31191
31191;42847
42847;15870
15870;19540
19540;46925
47254;39598
39598;44792
44792;22654
22654;43324
43324;31485
31485;32548
32548;23831
23831;29028
29028;35684
35684;10518
10518;6679
6679;41877
41877;20969
20969;15110
15110;44073
44073;9243
9243;44898
44898;6008
6008;29722
29722;4645
4645;43413
43413;38989
38989;16748
16748;11970
11970;2188
2188;32116
32116;888
888;38760
38760;39674
39674;17064
17064;27018
27018;46456
25176;24704
24704;4880
4880;30222
30222;34212
34212;2667
2667;5677
5677;17262
17262;3326
3326;655
655;4798
4798;39423
39423;42478
42478;39004
39004;28482
28482;5197
5197;30773
30773;46832
46832;25691
25691;16288
16288;41397
41397;35094
35094;7402
33714;42889
42889;43684
43684;47034
47034;32797
32797;31037
31037;12563
12563;35131
35131;24546
24546;17616
17616;17197
17197;44830
44830;39465
39465;7008
7008;23728
7008;13230
23728;17310
13230;17305
17310;39390
39390;18543
18543;41029
41029;17397
17397;13162
13162;25980
25980;47472
47472;6624
6624;5230
5230;23628
23628;25400
25400;5589
25400;25212
5589;44162
25212;4831
44162;1996
1996;4352
4352;1212
1212;16057
16057;28386
28386;33979
33979;12144
12144;46042
46042;37488
37488;13854
13854;18302
18302;39534
39534;47693
47693;45319
45319;28903
28903;17592
17592;34717
34717;31157
31157;8216
8216;6212
6212;14747
17305;17337
17337;26843
26843;1356
1356;21445
21445;27427
27427;34633
34633;40325
40325;18968
4831;46980
46980;48074
48074;44062
44062;44861
14747;23712
23712;23336
23336;3790
3790;48701
48701;25324
25324;10400
10400;40903
40903;45358
45358;42401
42401;9720
9720;18373
18373;18126
18126;47311
47311;42946
42946;1408
1408;19416
19416;21294
21294;16735
16735;5409
5409;28391
28391;7622
7622;3277
3277;18909
18909;14924
14924;35967
35967;9103
9103;28336
28336;27702
28336;23046
28336;35071
27702;44298
23046;25297
35071;25663
44298;20213
20213;14389
14389;22712
22712;32299
32299;21881
21881;5273
5273;15948
15948;17102
17102;34197
34197;38710
38710;12897
12897;21110
21110;43742
43742;1184
1184;41869
41869;26892
26892;40201
40201;28347
28347;4056
28347;37845
4056;27467
37845;2494
27467;29595
29595;11683
11683;22312
22312;31109
31109;25522
25522;9986
9986;16438
16438;12311
12311;4761
4761;45198
45198;5096
5096;9209
9209;38590
38590;44190
44190;45212
45212;48219
48219;27802
27802;43442
43442;36630
36630;37446
37446;39923
39923;746
746;31724
31724;11591
11591;30880
30880;531
531;26832
26832;25489
25489;12470
12470;28616
12470;22956
28616;25283
28616;11060
28616;18202
22956;34676
25283;26816
11060;25745
11060;43351
26816;3918
25745;13426
13426;724
724;5805
5805;22569
5805;7729
22569;48450
7729;19668
48450;22779
48450;3328
48450;25836
22779;16077
34676;13475
13475;21331
3918;21876
21876;4
4;46344
46344;10696
10696;29910
29910;14851
14851;3735
3735;40566
40566;35642
35642;39848
39848;5254
39848;6946
5254;43672
6946;643
43672;26058
26058;19108
19108;21017
21017;27826
21017;13222
21017;5004
27826;20439
13222;26455
5004;42385
20439;17411
17411;35391
35391;44001
44001;41253
41253;33914
33914;43513
33914;16822
43513;28733
16822;8672
28733;9746
9746;33386
33386;9373
9373;14059
9373;41483
14059;20642
41483;31216
20642;28339
28339;2422
2422;39815
39815;9110
9110;15782
15782;757
757;8456
8456;42379
42379;26593
26593;39036
39036;9081
9081;36010
36010;29240
29240;39605
39605;32540
32540;28870
28870;40561
40561;7461
40561;6930
7461;6050
6050;7662
7662;4157
4157;38747
38747;24968
24968;5994
5994;32588
31216;46940
46940;39670
39670;15011
15011;203
203;39947
39947;25301
25301;29819
29819;45260
45260;46147
46147;30462
30462;24272
24272;25933
25933;4612
4612;15740
15740;8668
8668;2454
2454;14517
14517;18610
18610;11679
11679;46216
46216;47238
643;6862
6862;13392
13392;426
426;6293
6293;2119
2119;43367
26455;37419
37419;19931
19931;11456
11456;3307
3307;44299
44299;43654
43654;45343
45343;11288
42385;3838
3838;25253
25253;35039
35039;22349
22349;29131
29131;28613
28613;29027
8672;33793
33793;47111
47111;47534
25297;41839
41839;33887
33887;30470
30470;17306
17306;16985
16985;20010
20010;33076
33076;21219
21219;7699
7699;24479
25663;30888
30888;3650
3650;37000
37000;15423
15423;7391
7391;26615
26615;15198
15198;18716
18716;42944
42944;37330
37330;6381
6381;21779
21779;5443
5443;7410
7410;38350
38350;18460
18460;21880
21880;36150
36150;42337
42337;14739
14739;9396
9396;45072
45072;22594
22594;45387
45387;44909
44909;42987
42987;22101
22101;34083
34083;28493
28493;7529
7529;46125
46125;25606
25606;30023
30023;10702
10702;25131
29883;1743
1743;30608
30608;17680
17680;27874
27874;6148
27874;42666
6148;25790
42666;46224
25790;844
844;29587
29587;32888
32888;6510
6510;9175
6510;24468
9175;29298
24468;10304
29298;28479
28479;18955
18955;44562
44562;22781
22781;40504
40504;12899
12899;29322
29322;750
750;1129
1129;21398
21398;5003
5003;29925
10304;802
802;45074
45074;10003
10003;721
721;34951
34951;16472
16472;45362
45362;35833
35833;11515
11515;13164
13164;4084
4084;8149
8149;37489
8149;36498
36498;28072
36498;19013
19013;30512
30512;40990
46224;23098
23098;48699
48699;45579
48699;37954
37954;22556
22556;41881
41881;45629
13620;32878
32878;18457
18457;7090
7090;3778
3778;4371
4371;47695
47695;27661
27661;35023
35023;34851
34851;3636
3636;19112
3636;17065
19112;9449
17065;21464
9449;15681
15681;40188
15681;13942
40188;26462
13942;25108
26462;26079
26079;1385
26079;45633
26079;38701
1385;8543
38701;34812
8543;2070
8543;23490
2070;46040
23490;14471
46040;21151
21151;7405
7405;33511
33511;703
703;37725
37725;32154
32154;22057
22057;48477
21464;6105
6105;7016
7016;17533
17533;31684
31684;18746
31684;47891
18746;16086
47891;12391
16086;28242
28242;42708
12391;35168
35168;25108
34812;34008
34008;12299
14471;8379
8379;44747
44747;29205
29205;16061
16061;11903
16061;9443
48477;33211
33211;25953
25953;32616
32616;41364
32616;12424
41364;40109
12424;26132
40109;46380
46380;15868
15868;2567
36901;8793
8793;7186
8793;8738
7186;21356
8738;38315
21356;48637
48637;39679
48637;13326
39679;31011
39679;7291
13326;1396
31011;28302
7291;44371
28302;11912
11912;8431
8431;23649
23649;43432
43432;4227
43432;26294
4227;34393
4227;6715
26294;19428
1396;25905
25905;25466
25466;42723
42723;34011
34011;5473
34393;18843
6715;5266
18843;35825
35825;9271
35825;34003
9271;46227
9271;22356
34003;36683
46227;32060
22356;6614
32060;25148
36683;5266
38315;510
510;5394
5394;11590
11590;46887
46887;32869
19428;43763
43763;17362
17362;11164
11164;37237
12390;11577
11577;46094
46094;36737
36737;8228
8228;19790
19790;47317
47317;31679
31679;7524
7524;10096
10096;2938
2938;1941
1941;37448
37448;1711
1711;15007
15007;1852
1852;3719
3719;47583
47583;47573
47573;23983
23983;45985
45985;45787
45787;14320
14320;31158
31158;32020
32020;14465
14465;24855
24855;27475
27475;40527
40527;27677
27677;25659
25659;1557
1557;26935
26935;3659
3659;46203
46203;12936
12936;25624
25624;35123
35123;6923
6923;18486
18486;17444
17444;40605
40605;27910
27910;36140
36140;14669
14669;42534
42534;4290
4290;6542
6542;45586
45586;39667
39667;9565
9565;42052
42052;22744
22744;32222
32222;6366
6366;25588
25588;4533
4533;26299
26299;32303
32303;15645
15645;30808
30808;11388
11388;3571
3571;8754
8754;7535
7535;36013
36013;30639
30639;31134
31134;30425
30425;46569
46569;48697
48697;28635
28635;26509
26509;32396
32396;25693
25693;21414
21414;3743
3743;11852
11852;35757
35757;2027
35757;12029
2027;5517
12029;32354
5517;15653
15653;30701
30701;9290
9290;46113
46113;38169
38169;19465
19465;34776
34776;35637
35637;45008
45008;10819
10819;6413
6413;43696
43696;30585
30585;6114
6114;36489
36489;30545
30545;21013
21013;3078
3078;6251
6251;43795
43795;31961
31961;46699
46699;33040
33040;33228
33228;11175
11175;14250
14250;20817
20817;47169
47169;17385
17385;47718
47718;17586
17586;13207
13207;2961
2961;26153
26153;4324
4324;40338
40338;30745
30745;48084
48084;39265
39265;23526
23526;14810
14810;7672
7672;2514
2514;19244
19244;11488
11488;13499
13499;837
837;38506
38506;4221
4221;5673
5673;16093
16093;5330
5330;46709
46709;10217
10217;6362
6362;27381
27381;17363
17363;36026
36026;24877
24877;1892
1892;40891
40891;11988
11988;36074
36074;3747
3747;6623
6623;25644
25644;32239
32239;178
178;43433
43433;17033
17033;6389
6389;34150
34150;11516
11516;11848
11848;11865
11865;47977
47977;9891
9891;8978
8978;47850
47850;46868
46868;41767
41767;22078
22078;45974
45974;29428
29428;45679
45679;1350
1350;43326
43326;6877
6877;10239
10239;39488
39488;10014
10014;3466
3466;1005
1005;4571
4571;19174
19174;4397
4397;27909
27909;33337
33337;37627
33337;48485
37627;15562
48485;19392
15562;41702
41702;8788
8788;6350
6350;19146
19146;39571
39571;43746
43746;15769
15769;26530
26530;3826
3826;13075
13075;44301
44301;21391
21391;26422
26422;20811
20811;21519
21519;33103
33103;39501
39501;15903
15903;47201
47201;30993
30993;41063
41063;37739
37739;39274
39274;14782
14782;45846
45846;23290
23290;48321
48321;2381
2381;38820
38820;17211
17211;37455
37455;46946
46946;45138
45138;20481
20481;19067
19067;41527
41527;13476
13476;10643
10643;3860
3860;40602
40602;34932
34932;46209
46209;35623
35623;42558
42558;33564
33564;25781
25781;13938
13938;8719
8719;3351
3351;17239
17239;5908
5908;43126
43126;348
348;7549
7549;355
355;1777
1777;31076
31076;22283
22283;28518
28518;30235
30235;30034
30034;7858
7858;21982
21982;6804
6804;41983
41983;48276
48276;30785
30785;48041
48041;28120
28120;42216
42216;36954
36954;30404
30404;44605
44605;48104
48104;816
816;6740
6740;35318
6740;11339
35318;991
11339;43843
991;11628
11628;27662
27662;44666
44666;2718
2718;20600
20600;29314
29314;46135
46135;4987
4987;45492
45492;6443
6443;110
110;19116
19116;3984
3984;9575
9575;23469
23469;31057
31057;9172
9172;23770
23770;4646
4646;8408
8408;41933
41933;2606
2606;43578
43578;33617
33617;26305
26305;37957
37957;1704
1704;35490
35490;18456
18456;21277
21277;33601
33601;14392
33601;20306
20306;8755
8755;44644
44644;30186
30186;16943
16943;48291
48291;22291
22291;21379
21379;40959
40959;7518
7518;26087
26087;1468
1468;38518
38518;38238
38238;31957
31957;37408
37408;30121
30121;12891
12891;39445
39445;46561
46561;22576
22576;22640
22640;10083
10083;19124
19124;43878
43878;20156
20156;46268
46268;9526
9526;13968
13968;2220
2220;15092
15092;41328
41328;10739
10739;47159
47159;17645
17645;754
754;43174
43174;21939
21939;40763
40763;1933
1933;27958
27958;26133
26133;21912
21912;39256
39256;48445
48445;46184
46184;1586
1586;28775
28775;10608
10608;35297
35297;22273
22273;21478
21478;2204
2204;40113
40113;22067
22067;32424
32424;13999
13999;19939
19939;41137
41137;22406
22406;12702
12702;6338
6338;4173
4173;26226
26226;8266
8266;21868
21868;23240
23240;32026
32026;41067
41067;33279
33279;20175
20175;31640
31640;24039
24039;30659
30659;29935
29935;9182
9182;18696
18696;32027
32027;42365
42365;38828
38828;43544
43544;999
999;41475
41475;17889
17889;1278
1278;26782
26782;18130
18130;37009
37009;7573
7573;18799
18799;31979
31979;9075
9075;44597
44597;44244
44244;31660
31660;25492
31660;24211
24211;5189
5189;20607
20607;3213
3213;15462
15462;31257
31257;23016
23016;45879
45879;21570
21570;46552
46552;35620
35620;25718
25718;10719
10719;30319
30319;29331
29331;11947
11947;22290
22290;20636
20636;10539
10539;47720
47720;40409
40409;47861
47861;20118
20118;3168
3168;37642
37642;15221
15221;27715
27715;34600
34600;12225
12225;5360
5360;46337
46337;238
238;41680
32354;45673
45673;39015
39015;34975
39015;4390
34975;31708
4390;24846
31708;20268
20268;38392
38392;27606
27606;16661
16661;18060
16661;31925
18060;28040
31925;13725
28040;26715
26715;214
214;19221
214;30327
19221;45170
30327;28271
45170;44814
44814;19278
19278;591
591;15019
15019;17682
17682;27227
27227;17331
17331;16502
17331;20637
20637;33368
33368;41416
41416;6299
6299;26359
26359;30039
30039;197
197;31587
31587;48556
48556;18436
18436;44905
44905;42632
42632;5329
5329;38189
38189;42529
42529;22379
22379;38235
38235;30395
30395;26849
26849;18957
18957;26159
26159;843
843;21822
21822;4589
4589;17512
17512;130
130;12419
12419;24701
24701;19279
19279;3973
3973;8873
8873;16232
16232;24313
24313;25202
25202;14975
14975;6394
6394;19070
19070;8452
8452;19718
19718;13269
13269;17339
17339;47176
47176;35149
35149;36249
36249;35651
35651;45390
45390;34140
34140;11325
34140;5657
11325;4828
5657;17853
4828;29769
29769;13547
13547;47460
47460;38344
38344;36887
36887;35562
35562;10576
10576;7354
7354;20773
20773;41548
41548;31707
31707;32581
32581;18680
18680;26609
26609;25473
25473;25199
25199;27686
27686;25677
25677;7997
7997;4918
4918;21418
21418;9545
9545;30840
30840;35058
35058;30173
30173;41636
41636;21910
21910;6943
6943;45801
45801;11117
11117;30384
30384;17029
19392;47112
47112;25660
25660;36397
36397;22136
22136;45998
45998;42193
42193;1018
1018;4670
4670;5711
5711;7532
7532;14252
14252;32431
32431;9258
9258;39637
39637;37332
37332;39005
39005;14764
14764;11483
11483;39419
39419;17799
17799;22758
43843;41370
41370;38751
38751;38539
38539;11082
11082;41697
41697;5735
41697;46606
5735;40879
46606;2153
40879;33400
33400;39978
39978;1780
1780;6550
6550;31594
2153;33423
33423;36151
36151;40432
40432;20423
20423;16285
16285;27753
27753;34488
34488;9901
9901;7331
7331;35722
35722;5734
5734;21121
21121;5389
5389;35990
35990;41705
41705;26268
26268;27562
27562;20113
20113;15945
15945;46718
46718;394
394;23452
23452;12687
28271;25787
25787;38205
38205;47950
47950;27058
27058;47087
47087;46108
46108;27967
27967;45422
45422;14420
14420;29976
29976;24843
24843;34544
34544;15346
15346;46770
46770;39701
39701;32176
32176;36923
36923;39288
39288;40730
40730;21517
21517;34450
34450;7479
7479;13599
13599;4597
4597;21539
21539;37151
37151;28384
28384;23513
23513;11137
11137;45614
45614;41348
41348;31568
31568;43591
43591;11380
11380;4377
4377;3206
3206;28904
28904;21134
21134;20507
20507;15840
15840;33331
33331;39372
39372;23360
23360;4407
4407;22059
22059;6339
6339;25476
25476;889
889;24538
24538;9111
9111;3106
3106;47896
47896;46878
46878;38776
38776;25681
25681;3434
3434;14978
14978;41693
41693;22567
13725;18012
18012;23499
24846;45946
45946;9918
9918;17132
17132;8979
8979;27298
27298;41337
41337;22933
22933;23094
23094;29274
29274;25298
25298;4315
4315;29968
29968;2675
2675;8075
8075;159
8075;43508
159;25807
43508;45163
25807;46749
46749;26575
26575;35626
35626;24870
17853;38689
38689;11539
45163;9198
9198;12668
12668;8433
8433;23179
23179;10452
10452;7195
7195;4419
4419;2829
2829;28496
28496;16122
16122;7028
7028;24328
24328;11122
11122;37551
37551;33842
33842;27288
27288;33917
33917;17404
17404;9614
9614;6595
6595;26348
46524;27140
27140;2429
2429;25330
25330;6716
25330;27876
6716;26540
27876;32790
26540;31479
31479;27825
27825;383
383;16601
16601;27296
27296;36722
36722;19415
45256;11980
11980;6056
6056;7348
7348;11678
11678;21267
21267;11185
11185;23047
23047;42069
42069;23516
23516;35019
35019;46425
46425;10669
10669;21973
21973;9261
9261;36827
36827;17885
17885;45730
45730;15427
15427;28348
3768;39544
39544;41929
41929;37030
41929;23390
37030;19861
23390;16213
19861;43258
43258;6620
43258;22223
6620;18065
18065;37193
18065;25026
37193;20741
25026;20011
20741;10073
10073;33549
33549;12596
12596;6560
6560;43520
43520;18535
18535;28652
28652;40304
40304;44489
44489;44822
44822;1653
1653;5596
1653;22426
5596;28172
22426;2285
28172;31429
31429;26576
31429;44461
26576;15996
15996;22860
22860;24254
24254;34305
24254;14201
34305;46757
14201;38716
46757;27633
27633;7127
7127;15071
15071;12748
12748;176
176;33550
33550;10713
10713;20055
20055;40940
40940;13930
13930;21372
13930;47860
13930;28731
21372;27432
47860;1104
28731;20952
27432;26093
26093;17270
17270;36859
17270;3173
36859;23737
3173;26351
16213;41971
41971;28202
20011;16228
2285;20392
1104;42393
20952;9132
9132;6012
23737;20938
20938;12438
12438;45204
12438;10499
45204;14830
14830;46051
46051;28257
28257;12068
12068;8989
8989;19137
19137;43958
43958;31632
31632;16762
16762;6002
6002;42175
42175;35663
35663;5982
5982;1724
5982;44097
1724;42167
1724;22476
42167;33118
42167;5466
33118;44264
44264;40352
40352;30452
30452;19061
30452;34088
19061;6161
19061;27570
19061;38879
6161;37471
6161;45910
37471;34164
34164;13691
34164;7002
13691;22420
7002;13571
13571;41907
41907;44252
44252;26590
26590;47594
47594;35325
35325;7103
7103;32345
7103;12760
26351;24666
37583;40786
37583;14695
40786;40656
40656;33702
33702;10644
10644;28309
28309;28239
40381;35465
35465;13645
13645;23817
23817;44093
44093;35553
35553;39900
39900;4640
4640;46993
46993;7986
7986;35855
35855;9979
9979;18782
18782;34247
34247;6588
6588;14249
14249;4791
4791;32526
32526;35670
35670;40030
40030;14289
14289;22776
22776;29825
29825;11218
29825;17790
11218;37513
17790;31498
37513;48569
48569;14329
14329;43296
43296;21658
21658;8782
8782;41510
8782;43382
41510;15501
43382;38587
15501;23593
23593;31881
23593;33321
31881;18502
33321;14872
18502;29598
29598;43137
43137;13776
13776;1963
1963;40420
1963;39537
40420;44619
39537;47517
44619;20740
47517;48069
48069;4537
4537;18884
31498;32515
32515;15706
15706;27911
27911;16424
16424;16965
38587;12877
12877;4191
4191;5768
5768;15734
15734;43617
43617;35258
35258;44186
35258;21846
44186;29664
21846;1992
29664;12805
12805;45061
45061;29297
29297;28890
28890;31923
31923;25158
25158;14046
14046;35064
35064;30990
30990;35210
35210;26439
26439;1519
1519;27655
27655;767
1992;46414
46414;43028
43028;1021
1021;17908
17908;14872
27457;19687
19687;35602
35602;29233
29233;17010
17010;22753
22753;48396
48396;16621
48396;12416
16621;708
12416;21552
21552;21676
21676;7916
7916;47978
47978;2041
2041;29814
2041;31091
31091;7101
7101;26364
26364;115
115;32285
115;15880
15880;1476
1476;39414
16789;4437
4437;34142
34142;22183
34142;40571
22183;9991
40571;18443
9991;21124
21124;23403
23403;6642
6642;22359
22359;28833
28833;29688
29688;29144
29144;45626
18443;35032
3493;19822
19822;35856
35856;28470
28470;36627
28470;40839
36627;33032
40839;30371
33032;29
33032;21998
29;27519
21998;37641
27519;16888
16888;28593
28593;2804
28593;47352
2804;24375
47352;42869
24375;16604
16604;28514
30371;16506
42869;27747
44074;6448
6448;16323
16323;36813
16323;11098
36813;5401
11098;2654
2654;29845
29845;28801
29845;28943
28801;20384
28943;10141
20384;42885
10141;13655
13655;8522
8522;21853
8522;17403
21853;1153
17403;456
17403;45798
45798;31796
31796;29495
29495;20699
29495;39142
20699;676
39142;25209
676;6545
6545;17922
6545;32718
32718;40452
40452;24497
24497;45770
24497;32614
32614;48221
48221;12744
12744;883
883;39489
39489;10134
10134;4370
4370;9625
4370;2046
4370;31689
9625;45515
2046;17712
31689;20531
42885;7685
7685;24939
24939;33202
25209;16622
16622;39146
39146;1776
1776;35927
45515;46951
46951;11500
11500;38790
11500;27011
27011;40313
40313;46263
46263;10946
10946;13067
13067;36279
13067;36437
36437;40181
40181;28936
28936;46690
28936;12265
46690;35011
12265;28429
35011;3044
28429;6787
6787;85
85;26896
26896;48546
48546;36916
48546;28350
36916;27127
28350;628
628;5217
628;17083
5217;37079
17083;47341
37079;32803
47341;48061
48061;47851
47851;44178
44178;38028
17712;38221
38221;35872
35872;43352
20531;42848
42848;21171
10594;27892
27892;37981
37981;14988
14988;6440
6440;19420
19420;17086
17086;6876
6876;47617
47617;40755
40755;24349
24349;45689
45689;7558
7558;27366
27366;16041
16041;36758
16041;1246
36758;19086
19086;40976
19086;1754
19086;29459
29459;44965
16459;43887
43887;19040
19040;14670
14670;40084
40084;47123
40084;30032
47123;21416
47123;37859
30032;27470
21416;13656
37859;44412
13656;44197
13656;30864
44197;10017
30864;40680
44412;45518
44412;6535
45518;6158
6535;37137
6158;13266
6158;35326
13266;18359
35326;40122
18359;8288
40122;9269
40680;29693
27470;38870
27470;558
38870;15160
38870;28687
558;30106
15160;16654
28687;32195
16654;35498
32195;1300
30106;44717
44717;29417
37137;22805
22805;12990
12990;33051
33051;40244
40244;7014
7014;12673
12673;23856
23856;43606
43606;8620
8620;14127
14127;46762
46762;7860
7860;36993
36993;26239
26239;23664
23664;694
694;39970
694;7234
39970;22798
7234;11944
22798;3494
3494;5491
5491;11247
11247;45778
45778;32172
32172;6683
6683;912
912;34969
11944;41230
41230;19621
19621;21739
21739;18336
18336;15899
15899;39568
39568;23481
23481;44577
44577;40591
40591;8964
8964;20501
20501;27168
27168;9481
9481;3941
3941;21709
21709;20204
20204;35416
35416;28999
35416;3360
3360;43531
43531;45227
45227;34421
34421;20519
20519;9680
9680;3164
3164;12881
29417;41868
41868;46534
46534;16
16;23828
23828;19898
19898;30748
30748;21177
21177;17796
17796;43987
43987;31952
31952;43240
43240;40856
40856;2348
2348;11370
11370;47529
11370;16628
47529;12263
16628;24668
24668;2784
2784;5101
5101;9531
9531;40521
40521;47881
40521;15034
47881;27036
15034;46242
32200;16125
16125;28152
28152;1907
1907;12461
12461;8327
8327;33507
33507;12202
12202;2426
2426;1242
1242;14707
14707;1186
1186;987
987;4320
4320;47295
47295;45657
45657;22685
22685;31537
31537;46028
46028;1477
46028;26533
1477;8905
8905;39949
39949;12722
12722;19946
19946;12745
12745;16468
16468;2149
2149;19441
19441;45640
45640;27294
27294;23069
23069;43049
43049;18733
18733;21222
21222;41815
41815;20987
20987;22755
22755;35397
35397;45341
45341;47298
47298;27408
27408;7618
7618;48214
48214;39975
48214;12682
12682;30690
30690;11582
11582;15249
15249;32534
32534;44752
32534;35496
44752;10761
10761;11455
11455;40594
11455;10731
40594;23538
23538;39008
39008;42286
42286;40902
40902;13440
13440;5799
5799;43837
43837;3116
3116;2905
2905;44919
2905;35263
44919;33983
35263;18560
33983;10775
10775;35462
10775;46169
46169;34622
34622;8080
8080;9975
8080;34749
9975;13558
34749;10871
13558;12218
12218;26555
10871;15010
10871;3995
15010;41669
41669;30553
30553;40595
30553;27750
27750;15691
15691;48680
48680;39171
48680;27342
39171;22787
22787;686
686;45111
45111;17282
17282;44432
44432;35289
35289;40528
40528;42598
42598;44902
44902;21566
21566;33616
33616;44011
33616;7097
44011;26365
7097;35873
26365;9626
9626;9653
9653;437
437;4701
4701;43557
43557;36980
36980;34589
34589;6540
6540;38161
38161;15380
15380;41129
41129;42210
42210;15729
15729;30360
35873;44598
44598;10315
10315;41720
41720;38537
38537;44974
44974;5255
5255;23011
23011;29487
23011;4579
4579;32312
32312;18360
18360;20518
20518;36130
36130;17436
17436;7447
7447;5527
5527;18515
18515;29943
29943;34810
34810;23339
23339;10852
10852;21942
21942;42003
42003;16578
16578;21758
21758;29920
29920;15078
15078;23980
23980;9669
23980;36711
9669;16182
16182;37603
37603;24832
24832;33637
33637;25013
25013;41897
41897;38839
38839;42936
42936;35249
35249;2488
2488;5912
5912;5511
5511;46229
46229;33192
33192;43347
43347;48376
48376;1979
1979;18296
18296;37319
37319;16765
16765;13393
13393;553
553;13893
13893;15289
15289;11749
11749;22496
22496;32965
22496;41717
32965;1935
1935;37380
37380;21493
21493;36209
36209;8815
8815;40237
40237;28519
28519;38256
38256;34377
34377;15815
15815;31758
31758;40227
40227;16759
16759;13709
13709;22895
22895;19735
19735;21199
21199;22167
22167;29170
29170;18307
18307;6912
6912;46401
46401;29738
29738;36943
29738;24913
36943;39436
39436;10245
10245;14666
14666;21339
21339;16870
16870;16521
16521;19764
19764;37336
37336;37145
37145;17658
17658;10018
10018;9039
9039;27724
9039;30814
27724;36076
36076;30994
30994;40702
40702;9056
9056;12159
12159;48338
48338;15060
15060;7165
7165;33083
33083;37877
37877;3537
3537;44497
44497;34823
34823;46056
46056;34218
34218;9701
9701;33351
33351;5816
5816;17040
17040;23704
23704;27471
27471;45900
45900;29056
29056;2951
2951;3523
3523;19511
19511;10789
10789;14128
14128;21427
21427;28877
28877;31686
31686;39989
39989;42173
42173;42462
42462;22790
22790;32318
32318;23877
23877;39217
39217;36533
36533;47540
47540;42404
42404;20199
20199;12758
12758;18718
18718;45037
45037;27107
27107;35216
18639;42631
42631;2161
2161;41016
41016;22709
41016;29323
22709;33135
29323;38474
33135;22240
22240;35801
35801;34834
35801;48588
35801;9197
34834;36217
48588;25310
9197;19389
36217;3175
3175;5462
5462;37657
37657;26931
26931;19202
19389;22942
38474;28872
1035;5370
5370;1257
1257;17941
1257;11343
17941;16939
16939;5967
5967;18203
18203;5728
5728;37524
37524;43440
37524;9870
43440;8919
9870;48563
8919;29863
29863;36882
36882;2967
2967;27515
27515;35883
35883;27317
27317;3648
3648;24754
24754;41481
24754;40703
41481;17547
17547;5693
5693;8407
8407;10856
10856;11736
11736;39564
39564;34624
34624;15055
15055;29050
29050;40945
40945;35501
35501;17281
17281;33548
33548;16574
16574;27854
27854;35214
35214;583
583;36378
36378;11364
11364;27136
11364;25140
27136;35503
25140;41036
35503;6992
6992;40822
40822;12997
12997;36471
36471;18085
41036;46572
46572;45723
45723;10907
10907;13604
13604;10389
13604;14703
10389;15843
14703;3741
3741;18779
18779;26173
18779;24258
24258;14454
48563;23930
14454;11992
11992;36068
36068;16829
16829;47561
47561;14012
47561;2338
14012;16526
16526;40066
40066;29349
29349;17423
17423;43251
18085;2114
2114;12497
12497;40512
40512;42940
42940;6855
6855;31410
20744;2629
20744;46207
20744;25192
46207;6735
25192;33113
6735;43029
6735;30246
6735;40132
30246;31522
40132;40949
31522;45059
45059;2075
2075;21814
40949;48174
48174;25446
48174;7746
7746;48063
48063;13931
13931;47371
47371;32512
33113;46106
37998;16322
16322;27284
16322;22265
27284;5025
22265;24009
5025;600
600;19472
600;8524
24009;35242
2169;41176
2169;36987
2169;22505
22505;41871
41871;46386
41871;41417
46386;832
46386;8576
832;20541
8576;10183
10183;43880
43880;31802
31802;44378
44378;9462
9462;22987
20541;40333
20541;33499
40333;21491
21491;19737
19737;2010
2010;13115
13115;8415
8415;22133
22133;31187
31187;47752
47752;39315
47752;19248
39315;20586
19248;44350
19248;46721
46721;25788
13957;43443
43443;43697
22987;29044
29044;8238
8238;26039
26039;46154
26039;22759
26039;38048
46154;12327
22759;7616
38048;24164
12327;40455
40455;31249
31249;7019
7019;43738
43738;373
373;46280
46280;25195
25195;42607
42607;25619
25619;17290
17290;22820
7616;20060
20060;21449
21449;26867
26867;15730
15730;15244
15244;27065
27065;18251
18251;9776
9776;15064
15064;17938
17938;33274
33274;11707
11707;11873
11873;38616
38616;22305
22305;36431
22820;32440
32440;25221
25221;3543
36431;3656
3656;39492
39492;8010
8010;38035
38035;6985
6985;40758
40758;4968
4968;20069
4968;31345
20069;13191
31345;24378
13191;8438
8438;39176
39176;41114
39176;10638
41114;24348
24348;41462
41462;22026
41462;43741
22026;4295
4295;30859
30859;11854
11854;44148
44148;41513
41513;31918
31918;20787
20787;28062
28062;37857
37857;18080
22997;23790
23790;120
120;573
573;7968
7968;6954
6954;46948
6954;44539
46948;41714
44539;18080
18080;32096
41714;25353
25353;30727
30727;40936
32096;40612
40612;9842
24164;22086
22086;28056
28056;41411
41411;36039
36039;19450
19450;43561
43561;36994
36994;14170
14170;18441
18441;9501
9501;19555
19555;14206
19555;22011
19555;6258
19555;1372
19555;31009
31009;42212
31009;42344
42344;6435
6435;1925
6435;23412
23412;7795
23412;35430
23412;48235
23412;26363
26363;156
156;11469
156;35628
35628;9724
35628;24561
35628;40241
35628;15711
9724;23528
40241;7956
15711;31789
15711;16760
23528;29698
