id;x;y;z
1664;538329.42;6000027.57;393.17
2429;538328.84;6000027.85;415.65
3192;538333.39;6000020.64;385.47
1148;538329.67;6000024.03;364.39
695;538328.08;6000027.2;418.07
3072;538329.77;6000027.36;393.14
2565;538328.52;6000023.84;392.71
920;538326.0;6000028.88;392.83
302;538324.08;6000027.08;393.26
1549;538327.67;6000024.98;393.33
1770;538335.27;6000028.64;392.56
2867;538333.49;6000030.13;392.72
349;538332.11;6000030.93;393.09
1750;538329.67;6000023.83;364.29
1936;538329.1;6000027.1;407.16
3012;538327.69;6000026.16;372.58
1960;538328.71;6000024.59;393.42
1618;538334.15;6000023.62;392.44
1059;538332.91;6000021.38;392.52
1951;538327.39;6000028.7;392.46
44;538329.05;6000027.59;393.12
530;538329.0;6000028.84;443.68
1309;538329.76;6000025.57;416.24
1081;538327.51;6000026.23;415.7
687;538327.75;6000027.83;415.7
97;538327.9;6000029.28;415.64
1916;538330.19;6000030.15;416.15
2229;538332.75;6000031.81;415.67
8;538333.99;6000031.24;416.01
3233;538331.01;6000029.09;415.85
994;538330.0;6000027.48;416.05
1278;538329.06;6000029.19;437.71
1702;538326.77;6000024.76;390.88
3243;538328.4;6000027.52;404.38
1833;538329.06;6000028.1;450.0
596;538328.8;6000029.11;448.72
1556;538329.53;6000028.3;415.88
1234;538330.17;6000030.88;443.94
1435;538328.25;6000031.29;443.7
1933;538328.32;6000028.85;443.94
728;538329.46;6000028.6;443.8
2273;538329.99;6000027.12;443.93
2504;538328.39;6000027.03;444.19
753;538328.48;6000028.25;449.96
813;538328.55;6000029.07;449.93
2350;538330.62;6000028.84;450.12
1401;538336.87;6000018.35;383.67
1235;538334.1;6000021.28;385.54
462;538333.13;6000020.41;385.48
1858;538334.23;6000020.58;386.7
1112;538333.46;6000020.58;384.82
1527;538331.87;6000021.59;385.58
2146;538333.23;6000022.91;385.87
3240;538337.62;6000018.68;382.72
1441;538336.97;6000018.4;384.39
2986;538336.88;6000018.64;383.69
1213;538337.0;6000018.52;381.98
3207;538340.71;6000015.39;380.93
2080;538337.34;6000017.95;382.77
1636;538337.56;6000018.51;384.05
2341;538337.71;6000018.62;382.08
1926;538338.26;6000017.7;382.51
3215;538338.63;6000017.74;382.4
1767;538341.53;6000017.17;380.08
1741;538341.05;6000016.32;381.12
1436;538340.71;6000015.59;380.42
1970;538340.84;6000016.05;383.84
285;538341.09;6000015.38;380.95
619;538341.02;6000016.36;380.94
732;538341.47;6000016.36;380.67
2464;538341.12;6000017.28;374.45
1854;538341.76;6000016.86;380.09
2747;538341.03;6000016.45;379.78
3117;538341.68;6000017.24;380.93
293;538341.54;6000017.62;372.9
2369;538342.58;6000018.31;379.89
785;538342.53;6000017.57;379.95
126;538341.13;6000017.29;374.44
1361;538341.13;6000017.31;374.5
1390;538343.32;6000018.39;373.36
3112;538341.71;6000016.69;374.42
1047;538340.83;6000016.37;374.31
1972;538341.49;6000016.84;381.58
1592;538341.19;6000017.04;372.96
809;538340.87;6000019.48;372.65
2390;538343.1;6000018.29;372.06
589;538342.62;6000018.54;378.13
884;538342.82;6000018.41;373.29
1127;538342.99;6000018.76;373.33
343;538339.76;6000019.33;357.37
1979;538341.03;6000019.72;372.65
2673;538340.44;6000019.78;372.6
742;538340.97;6000019.62;373.14
1599;538340.47;6000019.78;357.02
359;538342.33;6000023.1;355.79
184;538339.77;6000019.47;356.67
1496;538339.01;6000019.96;357.44
1907;538340.96;6000019.9;357.25
2894;538340.63;6000021.18;356.91
1424;538339.8;6000019.45;356.68
3194;538340.4;6000019.1;370.72
2047;538340.79;6000020.35;357.21
2821;538341.48;6000021.73;356.76
394;538340.98;6000021.5;356.88
2828;538339.89;6000020.95;357.52
2430;538339.7;6000019.42;356.78
2044;538339.2;6000019.82;357.06
2746;538336.81;6000026.54;355.75
202;538341.77;6000023.01;355.77
2661;538342.16;6000023.04;355.6
357;538342.02;6000023.26;357.32
2155;538342.19;6000023.54;355.82
1535;538333.76;6000025.67;356.96
250;538336.87;6000026.19;355.69
3184;538336.63;6000026.33;356.55
568;538336.79;6000026.45;355.15
1349;538335.97;6000026.53;355.79
138;538331.89;6000028.69;353.34
2324;538330.06;6000030.28;351.55
3139;538336.48;6000026.01;357.34
2981;538336.81;6000026.65;355.15
1000;538341.69;6000023.84;355.73
2581;538336.37;6000026.77;355.72
3052;538333.09;6000025.55;356.87
2708;538332.14;6000028.7;353.35
2077;538336.12;6000025.91;355.93
272;538336.81;6000026.45;355.15
2203;538336.6;6000026.42;356.5
974;538336.18;6000026.09;358.29
851;538335.65;6000026.54;355.65
407;538333.35;6000028.14;353.85
137;538331.64;6000029.21;353.54
1617;538332.07;6000026.84;364.28
2543;538333.27;6000027.56;368.28
2010;538334.1;6000026.22;357.02
711;538333.51;6000024.93;356.94
1476;538331.63;6000026.85;358.31
1263;538331.39;6000025.92;358.33
776;538332.21;6000026.44;364.32
2157;538335.41;6000026.92;363.79
3212;538332.32;6000026.99;365.87
1013;538331.94;6000026.51;362.74
2597;538329.12;6000024.93;395.46
1971;538331.1;6000024.13;364.8
2591;538335.19;6000024.24;366.36
298;538331.31;6000023.05;365.02
436;538328.05;6000021.63;364.81
341;538328.2;6000023.52;364.62
875;538327.61;6000025.61;364.81
3115;538330.17;6000026.85;364.42
2719;538314.8;5999933.96;411.16
2484;538313.13;5999935.23;404.45
2154;538312.55;5999935.72;407.35
1975;538317.88;5999931.69;415.12
1455;538310.28;5999937.41;405.34
1572;538310.93;5999937.0;406.68
1480;538317.88;5999931.69;423.62
573;538322.03;5999927.2;424.81
883;538326.59;5999925.61;427.6
2892;538326.59;5999925.61;434.83
355;538328.0;5999924.85;434.83
1740;538328.0;5999924.85;440.98
1296;538330.22;5999923.66;442.95
587;538330.08;5999925.36;447.64
2849;538333.24;5999921.75;444.25
1885;538326.45;5999930.05;445.0
1200;538327.44;5999930.19;449.76
1045;536174.22;6001322.61;259.43
895;536172.29;6001322.76;259.1
559;536178.02;6001317.21;259.66
1338;536174.93;6001320.18;259.56
2725;536171.92;6001323.29;259.29
940;536166.03;6001328.97;259.72
3168;536161.11;6001333.05;259.83
2682;536156.9;6001336.43;263.61
1898;536105.91;6001371.13;251.46
660;536240.26;6001265.64;264.52
3188;536237.95;6001265.27;262.69
906;536243.45;6001264.18;264.47
1785;536250.3;6001259.91;263.71
2668;536237.02;6001264.68;262.81
292;536229.49;6001269.18;261.38
2660;536227.09;6001272.31;265.19
132;536224.24;6001275.35;264.97
1143;536219.07;6001278.68;264.43
2474;536216.94;6001279.94;261.86
263;536215.05;6001281.02;261.02
181;536210.86;6001287.18;261.67
2409;536201.55;6001294.13;259.4
2880;536198.09;6001298.85;259.61
156;536194.23;6001302.31;259.51
1147;536188.09;6001308.82;259.67
3041;536247.48;6001261.98;263.92
74;536250.13;6001260.18;263.68
745;536253.03;6001258.8;263.3
2090;536254.09;6001257.52;263.5
1560;536258.0;6001256.6;262.77
1182;536262.81;6001255.54;263.55
2802;536265.64;6001253.86;263.41
147;536268.29;6001254.2;263.68
19;536270.02;6001253.17;262.44
2545;536272.74;6001253.65;262.85
1539;536275.17;6001251.67;262.97
2870;536276.35;6001252.09;262.59
948;536277.99;6001251.21;262.9
123;536280.33;6001251.67;263.02
746;536282.25;6001250.65;262.77
411;536283.98;6001250.66;263.12
624;536286.26;6001250.19;262.63
1956;536285.82;6001251.21;262.72
744;536275.77;6001252.04;262.73
1010;536291.69;6001246.67;263.77
2122;536264.79;6001254.12;263.12
3111;536256.3;6001256.35;263.28
1090;536235.36;6001266.73;262.34
3161;536230.92;6001268.38;261.53
582;536228.58;6001269.2;262.17
2836;536225.76;6001273.12;264.49
1237;536222.1;6001275.02;265.82
2223;536221.48;6001276.52;264.87
2180;536220.13;6001277.41;264.74
383;536217.96;6001278.13;264.44
3248;536216.05;6001279.83;263.29
2158;536215.74;6001280.55;261.65
2167;536213.33;6001283.72;261.19
393;536211.83;6001287.04;262.05
3230;536210.1;6001288.29;261.19
211;536206.17;6001292.04;260.88
1291;536202.37;6001294.48;260.85
814;536201.21;6001295.76;260.8
2906;536198.16;6001298.21;259.45
2019;536196.82;6001301.16;260.13
1042;536195.08;6001302.63;260.46
861;536193.8;6001304.08;259.55
1293;536190.67;6001306.24;260.45
2023;536190.12;6001307.84;260.67
3040;536185.8;6001310.85;260.39
1643;536183.93;6001312.96;260.36
1246;536181.76;6001314.21;260.23
463;536179.18;6001318.01;260.03
761;537989.1;6000115.28;368.14
101;537989.83;6000115.3;373.46
1653;537988.58;6000115.08;367.84
2457;537989.21;6000115.33;381.99
2481;537988.72;6000114.65;368.1
2584;537988.32;6000119.59;367.82
1191;537986.95;6000115.81;368.14
2075;537990.32;6000116.08;368.03
517;537986.64;6000117.32;378.85
295;537987.63;6000112.28;368.64
1150;537987.87;6000119.1;368.03
1353;537987.88;6000118.67;354.34
1725;537989.65;6000117.98;384.79
2833;537990.09;6000115.73;379.81
2529;537989.93;6000115.14;367.83
685;537990.07;6000117.73;373.8
2574;537987.66;6000115.49;373.39
2618;537987.34;6000117.64;372.79
2768;537988.84;6000115.29;366.23
1562;537992.24;6000118.97;385.44
1363;537989.88;6000117.95;386.7
1796;537990.16;6000117.97;378.16
283;537990.13;6000117.8;384.8
2317;537989.95;6000118.38;384.77
3108;537991.92;6000121.94;388.75
85;537992.18;6000119.11;386.51
643;537992.06;6000118.83;384.37
2853;537991.89;6000119.31;385.58
21;537992.39;6000118.82;385.5
1333;537989.79;6000118.02;384.81
303;537990.3;6000124.64;389.03
2271;537991.5;6000121.64;394.52
3061;537991.87;6000121.88;387.3
2923;537991.09;6000121.82;388.72
992;537991.69;6000121.2;387.47
1521;537991.58;6000124.7;396.79
1428;537990.67;6000124.85;397.12
1942;537990.52;6000124.7;387.77
79;537990.94;6000125.23;389.11
3149;537992.98;6000125.0;389.0
2759;537991.52;6000124.01;389.22
3154;537990.79;6000123.51;388.83
2028;537991.39;6000123.56;388.83
306;537995.11;6000128.16;396.31
850;537993.35;6000125.26;396.67
1468;537992.35;6000125.65;396.77
216;537992.06;6000125.06;388.3
1219;537991.39;6000122.4;396.49
1100;537990.16;6000124.37;396.9
1411;537990.25;6000125.76;396.74
2869;537997.16;6000124.69;406.4
1128;537995.63;6000127.89;401.08
2951;537994.44;6000128.56;396.63
1094;537995.12;6000126.59;396.63
1306;537996.04;6000128.2;396.76
649;537996.34;6000129.27;399.48
2960;537998.07;6000125.24;412.51
1561;537998.09;6000124.43;406.31
1985;537998.48;6000125.7;406.29
1552;537996.96;6000125.78;406.18
2192;537997.45;6000125.19;412.74
3050;537997.06;6000125.44;403.07
1175;537995.96;6000127.01;405.7
1272;537995.88;6000125.9;406.15
2831;538000.81;6000124.96;413.56
2450;537998.24;6000125.04;413.82
546;537998.7;6000125.02;405.67
874;537998.5;6000124.82;412.54
73;537998.35;6000125.45;412.58
1798;537995.32;6000125.02;412.21
3017;538002.02;6000123.93;413.63
1357;538000.74;6000124.8;413.77
447;538000.76;6000124.78;412.74
1310;538000.68;6000124.48;413.57
1403;538005.63;6000122.91;413.87
327;538002.2;6000124.32;413.48
3209;538002.02;6000123.95;412.98
1621;538007.06;6000120.08;414.42
2174;538005.57;6000122.85;414.1
43;538005.65;6000122.82;413.33
2260;538005.17;6000122.48;413.93
2338;538002.22;6000123.88;413.65
2786;538008.12;6000122.95;422.66
2845;538007.98;6000121.17;424.19
1083;538007.12;6000120.26;413.89
1307;538006.37;6000120.98;414.19
2052;538006.98;6000121.22;414.47
3178;538007.61;6000120.91;414.79
1709;538007.25;6000119.62;414.45
1408;538008.18;6000122.91;417.88
2635;538008.63;6000125.02;425.11
3196;538007.98;6000122.91;424.26
2365;538008.0;6000122.93;417.66
3006;538007.85;6000122.73;422.62
2087;538007.29;6000120.93;422.6
1919;538007.94;6000121.66;422.56
3171;538009.81;6000124.58;429.05
3157;538008.92;6000125.1;428.24
1701;538009.1;6000125.24;425.2
2172;538009.28;6000124.5;425.16
1881;538008.55;6000124.96;423.73
1187;538010.47;6000126.33;429.23
1430;538009.87;6000125.23;429.08
806;538009.94;6000124.9;434.32
1835;538009.81;6000124.67;428.25
2070;538008.98;6000124.99;428.9
951;538010.19;6000127.14;434.24
1279;538010.19;6000125.96;437.34
2362;538010.23;6000126.38;427.71
1836;538011.82;6000126.4;429.07
950;538009.91;6000126.83;429.14
75;538009.82;6000126.32;429.08
990;538010.88;6000126.32;442.09
1837;538010.27;6000126.77;443.27
901;538010.36;6000126.23;428.18
2330;538009.49;6000127.34;434.24
2890;538010.13;6000125.67;434.37
320;538010.56;6000126.35;434.58
2599;538013.37;6000126.06;434.24
310;538010.7;6000127.4;434.3
2769;538014.34;6000125.98;442.75
1488;538010.71;6000127.03;445.56
2334;538011.18;6000126.81;432.56
564;538011.75;6000126.74;442.15
1470;538009.77;6000127.35;442.04
594;538011.75;6000125.77;442.16
1029;538015.28;6000125.55;445.39
1184;538014.3;6000125.82;445.97
772;538013.82;6000125.97;434.53
2950;538014.1;6000125.51;442.44
3124;538015.26;6000124.68;442.83
730;538015.82;6000124.5;446.9
2932;538015.19;6000125.53;445.93
987;538015.21;6000125.34;444.31
271;538014.68;6000125.15;445.32
1952;538013.02;6000126.33;444.92
4;538013.93;6000125.8;445.14
780;538014.34;6000126.02;445.24
242;538015.63;6000127.67;448.0
3106;538015.38;6000124.82;446.75
384;538015.78;6000124.71;445.88
1439;538015.9;6000125.41;446.73
1734;538016.28;6000124.58;446.86
300;538017.82;6000128.97;447.61
1703;538018.13;6000125.96;447.19
2900;538016.54;6000124.0;447.74
557;538014.75;6000125.85;447.75
2703;538015.61;6000126.95;447.25
1102;536966.75;6002139.2;265.58
856;536950.65;6002138.1;265.34
1163;537022.29;6002145.08;284.92
1188;536963.61;6002133.42;265.71
1980;536945.89;6002131.08;265.3
1597;536939.18;6002132.94;265.21
1727;536936.06;6002137.28;264.99
1890;536933.68;6002142.26;264.77
2071;536928.98;6002139.95;264.56
1325;536919.87;6002130.97;263.85
877;536917.34;6002127.38;263.63
3047;536914.37;6002120.81;263.34
1319;536905.6;6002121.7;262.98
1718;536903.5;6002119.5;262.86
2033;536902.03;6002118.43;262.78
1146;536900.43;6002119.38;262.71
1460;536898.4;6002124.37;262.57
1262;536898.46;6002131.55;262.41
194;536897.46;6002132.5;262.37
269;536890.18;6002133.55;262.21
2144;536884.11;6002144.89;261.91
836;536880.11;6002159.11;261.64
2912;536875.64;6002161.9;261.56
451;536873.2;6002164.44;261.51
20;536871.57;6002167.24;261.46
2723;536869.97;6002178.28;261.31
661;536870.15;6002190.1;261.18
843;536863.21;6002193.87;261.09
2886;536859.47;6002193.03;261.04
1134;536848.8;6002200.36;260.69
984;536845.23;6002203.99;260.56
638;536841.84;6002207.79;260.43
1559;536840.81;6002211.83;260.34
2730;536837.15;6002214.29;260.25
266;536828.69;6002216.58;260.06
3160;536822.66;6002214.17;259.92
1671;536813.07;6002210.74;259.7
273;536809.16;6002211.87;259.61
2999;536805.52;6002216.02;259.49
2989;536801.61;6002217.14;259.39
2001;536795.71;6002214.16;259.25
524;536790.84;6002209.4;259.1
2928;536786.48;6002207.21;258.99
1376;536777.71;6002205.72;258.79
2046;536772.39;6002202.75;258.68
1824;536770.04;6002199.33;258.69
95;536770.55;6002190.25;258.71
445;536767.81;6002183.8;258.72
929;536767.19;6002178.05;258.74
2437;536768.2;6002172.34;258.75
1786;536769.38;6002169.18;258.75
2538;536768.15;6002167.65;258.73
203;536763.61;6002163.36;258.68
3208;536761.03;6002148.17;258.56
33;536760.46;6002145.09;258.53
2980;536759.18;6002144.82;258.52
362;536757.14;6002145.52;258.52
690;536755.77;6002147.29;258.55
1698;536753.4;6002151.47;258.61
185;536750.92;6002153.14;258.65
3048;536749.32;6002154.79;258.68
2241;536749.19;6002157.63;258.72
1250;536745.26;6002162.05;258.66
2213;536742.63;6002163.08;258.57
999;536738.93;6002162.65;258.45
2954;536733.97;6002163.63;258.29
2701;536722.53;6002157.55;257.89
2549;536713.93;6002155.66;257.54
396;536707.9;6002151.11;256.95
2854;536704.98;6002149.71;256.69
2321;536701.86;6002149.05;256.44
816;536695.96;6002140.25;255.36
913;536691.89;6002135.8;254.69
2344;536691.25;6002133.21;254.39
2522;536689.74;6002131.62;254.29
1099;536683.86;6002130.41;254.09
1541;536676.84;6002129.26;253.85
112;536674.85;6002128.34;253.77
2424;536671.83;6002127.7;253.66
51;536665.84;6002129.89;253.42
1172;536663.71;6002129.67;253.34
3021;536662.22;6002128.12;253.28
2915;536658.63;6002127.7;253.26
457;536653.47;6002132.38;253.23
2433;536646.02;6002128.5;252.78
1586;536644.97;6002126.06;252.74
1924;536643.22;6002123.72;252.68
3242;536642.6;6002118.87;252.41
3031;536639.73;6002115.68;251.91
1603;536637.4;6002115.58;251.64
678;536633.28;6002118.06;251.08
1935;536629.34;6002117.97;250.63
471;536625.03;6002120.33;250.14
2029;536615.96;6002119.12;250.45
2013;536634.66;6002126.2;249.01
777;536610.62;6002115.95;250.75
466;536608.85;6002113.01;250.95
1838;536605.15;6002104.75;251.46
737;536603.18;6002103.28;251.6
385;536597.45;6002102.97;251.86
1948;536595.84;6002101.78;251.89
3014;536593.0;6002100.73;251.95
2014;536586.38;6002103.2;252.09
2327;536579.98;6002106.9;252.23
2236;536572.36;6002106.71;252.37
2353;536565.42;6002103.88;252.51
1065;536555.48;6002097.65;252.69
204;536553.08;6002095.3;252.72
1377;536551.27;6002088.78;252.79
1210;536551.25;6002086.07;252.82
694;536554.79;6002080.7;252.89
2471;536557.54;6002075.27;253.15
2261;536555.43;6002073.05;253.28
366;536540.84;6002072.37;253.61
231;536531.89;6002074.97;253.61
240;536520.79;6002071.15;253.51
2914;536517.05;6002071.83;253.46
2115;536513.98;6002073.4;253.34
3155;536509.98;6002072.64;253.2
943;536506.5;6002074.04;253.07
2592;536493.34;6002084.17;252.52
3092;536485.29;6002091.52;251.95
2403;536473.55;6002103.98;251.0
635;537031.55;6002128.42;286.73
1847;537015.68;6002179.73;281.95
315;537034.55;6002115.54;286.83
409;537025.29;6002076.34;279.03
1503;537050.46;6002136.98;293.14
2092;537026.71;6002077.59;275.82
637;537020.02;6002051.97;283.02
1733;537025.25;6002080.34;273.6
3147;537024.52;6002084.09;273.38
2136;537022.06;6002084.29;273.23
2410;537018.34;6002083.83;266.42
1628;537011.07;6002086.29;266.37
2110;537021.56;6002075.73;266.35
986;537008.17;6002087.61;266.34
794;537003.84;6002090.45;266.31
2955;537000.35;6002089.14;266.28
1216;536997.12;6002090.45;266.26
2976;536994.74;6002097.2;266.21
2345;536992.62;6002100.02;266.19
881;536986.27;6002098.06;266.14
1330;536983.84;6002100.05;266.12
602;536984.7;6002108.86;266.06
2602;536982.74;6002111.84;266.04
1861;536973.58;6002110.8;265.97
2309;536970.44;6002115.23;265.94
3205;536969.72;6002121.36;265.9
34;538177.76;6000850.4;448.8
2563;538178.62;6000851.77;449.81
2604;538177.9;6000850.38;448.8
2534;538179.1;6000850.08;446.3
2127;538177.9;6000850.7;450.66
308;538177.76;6000850.37;446.88
2166;538178.71;6000850.87;447.43
1342;538178.45;6000851.67;447.73
641;538179.05;6000849.68;446.9
448;538178.15;6000849.31;448.4
2580;538177.85;6000848.67;448.45
2361;538177.25;6000845.84;448.36
3099;538177.66;6000848.39;448.52
2616;538178.3;6000851.91;447.34
3123;538177.37;6000853.01;451.0
2925;538178.59;6000851.72;450.37
1304;538175.08;6000851.14;451.02
1891;538175.44;6000849.22;451.19
1823;538176.46;6000849.4;451.32
1540;538178.19;6000850.62;451.11
966;538178.85;6000851.66;451.07
1686;538180.73;6000851.99;450.93
2251;538180.86;6000853.72;450.69
2669;538181.17;6000864.75;395.99
2947;538183.6;6000868.24;396.0
739;538181.41;6000865.15;395.92
1135;538181.55;6000865.02;395.95
2511;538181.27;6000865.23;395.94
2716;538181.18;6000865.32;395.94
2619;538181.06;6000864.98;395.94
863;538182.05;6000864.33;395.74
997;538180.76;6000864.87;396.02
2902;538181.44;6000864.58;395.41
1537;538181.16;6000864.73;396.23
2502;538180.81;6000865.97;395.85
2316;538181.62;6000865.69;396.06
1298;538179.01;6000861.54;395.95
2820;538185.52;6000871.48;395.65
1514;538184.24;6000867.89;395.9
496;538183.29;6000868.37;395.69
3069;538183.63;6000868.18;396.18
2265;538183.49;6000868.27;395.6
1215;538183.73;6000866.66;395.8
371;538182.83;6000867.33;396.06
857;538187.24;6000868.61;397.9
2035;538187.77;6000878.4;395.14
1522;538186.01;6000871.71;395.72
2121;538183.77;6000871.0;395.76
464;538185.51;6000871.41;396.35
267;538185.5;6000871.52;395.15
2793;538186.39;6000868.83;396.28
2468;538187.02;6000868.4;396.31
2420;538187.36;6000869.28;396.24
2795;538184.85;6000869.85;395.91
27;538183.9;6000869.9;395.89
1481;538182.9;6000873.11;395.81
1140;538182.98;6000873.5;395.75
5;538184.29;6000874.59;395.73
178;538185.09;6000874.02;395.65
636;538185.78;6000875.33;395.56
1528;538186.67;6000876.8;395.41
788;538186.01;6000872.84;395.55
134;538183.15;6000872.53;395.86
1091;538184.6;6000869.61;395.8
542;538183.77;6000869.89;395.75
1289;538183.49;6000871.28;395.63
949;538188.26;6000869.28;405.22
2803;538186.99;6000868.44;397.94
2789;538187.75;6000869.03;397.95
1641;538187.89;6000868.83;412.22
768;538187.08;6000868.58;396.0
1860;538188.0;6000867.8;398.33
1774;538187.85;6000867.38;398.53
812;538187.38;6000867.37;398.55
1002;538187.17;6000868.18;398.12
2274;538187.13;6000869.86;398.07
143;538186.36;6000870.59;398.02
1438;538186.42;6000869.95;397.93
916;538186.43;6000869.26;397.91
1820;538186.8;6000869.41;410.61
2829;538187.06;6000868.54;405.26
1849;538187.32;6000869.09;413.16
1984;538187.8;6000868.74;397.46
989;538187.49;6000869.84;405.25
996;538186.83;6000869.96;405.29
2722;538186.36;6000869.6;405.29
2546;538186.85;6000868.85;405.33
1908;538188.61;6000868.49;405.21
1627;538188.36;6000868.04;405.28
2041;538187.89;6000867.43;405.3
930;538187.37;6000867.21;405.32
606;538187.24;6000867.94;405.33
1913;538187.13;6000868.29;405.4
87;538186.68;6000869.99;411.25
381;538186.9;6000869.94;410.62
1990;538186.99;6000869.27;396.01
1598;538186.97;6000869.41;412.66
2621;538187.09;6000868.61;410.68
519;538187.95;6000867.89;410.72
2714;538188.14;6000868.92;410.67
1590;538187.73;6000869.28;410.66
3077;538187.38;6000869.52;410.63
2451;538186.95;6000869.93;410.68
1459;538186.61;6000869.7;411.65
2298;538186.62;6000869.61;411.28
7;538186.55;6000869.87;413.01
81;538186.65;6000870.04;407.69
2482;538185.86;6000870.1;413.14
1886;538184.48;6000872.57;413.78
2590;538185.71;6000870.11;412.01
187;538186.87;6000869.51;411.64
1475;538186.77;6000869.94;411.99
193;538186.09;6000870.35;412.89
2796;538182.62;6000869.72;414.44
2887;538184.58;6000871.89;413.79
612;538184.46;6000872.54;414.35
61;538184.43;6000872.49;413.03
1732;538183.63;6000871.69;413.89
1678;538183.85;6000871.26;414.01
2171;538184.01;6000872.27;413.84
1341;538184.99;6000871.52;413.67
2804;538185.54;6000870.89;413.51
3107;538185.89;6000870.85;413.31
65;538185.46;6000871.65;413.42
2959;538185.7;6000870.47;411.98
207;538182.32;6000866.21;414.58
2740;538182.86;6000869.6;414.36
2841;538182.62;6000869.75;413.66
1484;538182.51;6000867.6;414.13
3024;538182.91;6000866.76;414.27
58;538183.5;6000871.58;413.9
2523;538183.77;6000871.23;414.1
1498;538184.62;6000865.6;417.23
2967;538182.82;6000866.57;414.49
191;538182.41;6000866.42;415.76
539;538182.45;6000866.37;414.2
1189;538183.05;6000865.94;416.15
495;538182.87;6000865.71;414.82
579;538183.48;6000866.03;415.18
1827;538182.1;6000866.37;414.7
1276;538183.69;6000865.17;420.28
1089;538184.33;6000865.04;417.3
11;538184.06;6000865.53;420.96
3044;538184.54;6000865.32;415.47
1917;538183.98;6000865.75;418.11
2245;538183.43;6000865.95;417.16
3085;538185.1;6000865.29;417.3
1938;538185.08;6000865.25;417.32
1651;538184.75;6000864.75;417.53
2043;538183.96;6000865.83;417.21
1178;538183.77;6000865.58;417.23
1018;538181.69;6000864.95;421.45
2753;538183.79;6000864.92;420.5
339;538183.4;6000865.58;420.39
561;538183.65;6000865.2;422.3
2750;538182.29;6000865.22;420.9
443;538183.21;6000864.53;421.05
1359;538182.41;6000864.71;421.23
2054;538184.41;6000864.9;420.29
3172;538184.52;6000865.31;420.32
1697;538184.21;6000865.59;420.39
3083;538183.93;6000865.38;418.58
382;538184.88;6000865.29;419.25
88;538178.45;6000865.0;421.58
1266;538181.65;6000864.71;421.33
1124;538181.56;6000864.93;422.56
1682;538181.67;6000864.86;420.59
574;538179.42;6000864.71;421.39
1532;538179.68;6000865.17;421.49
1033;538176.04;6000865.66;421.71
3030;538176.38;6000862.57;425.16
2329;538176.64;6000864.75;422.0
586;538176.16;6000865.57;422.83
1153;538176.26;6000865.2;421.22
1030;538176.09;6000863.64;422.89
2718;538175.72;6000864.21;422.47
2997;538177.3;6000865.04;421.69
1046;538177.1;6000865.61;421.79
1639;538177.88;6000865.23;421.79
172;538176.96;6000861.82;427.85
1764;538176.94;6000862.59;425.2
1313;538176.61;6000862.61;431.22
958;538176.29;6000862.54;423.59
2112;538176.57;6000862.3;424.74
255;538177.18;6000861.91;425.88
1;538176.25;6000863.27;425.06
978;538176.26;6000864.81;424.75
235;538176.51;6000863.92;424.94
338;538176.51;6000863.3;423.49
1322;538177.87;6000859.84;430.7
2300;538176.67;6000861.67;427.86
2256;538176.89;6000862.08;430.57
1329;538176.94;6000861.73;425.94
600;538177.36;6000861.5;427.18
3027;538177.57;6000860.79;427.26
352;538177.82;6000860.48;428.12
1869;538176.71;6000862.51;427.86
2772;538176.42;6000864.04;427.97
1199;538177.0;6000863.54;428.05
1962;538178.54;6000856.81;435.76
1371;538177.49;6000859.76;430.71
1068;538177.75;6000859.99;433.86
2342;538177.85;6000860.21;428.89
1961;538178.23;6000859.05;431.33
588;538178.09;6000859.57;430.2
1483;538178.53;6000858.16;432.53
1133;538178.52;6000857.45;433.57
1221;538177.4;6000861.03;431.62
57;538177.11;6000861.7;430.34
234;538177.01;6000861.8;428.72
715;538177.23;6000860.97;430.59
584;538177.68;6000860.33;428.96
1253;538179.19;6000854.37;437.98
1635;538178.82;6000856.87;435.76
1551;538178.71;6000856.72;436.84
14;538178.55;6000856.53;434.46
2480;538178.08;6000857.69;435.67
220;538178.06;6000859.17;435.47
764;538178.35;6000858.56;435.52
1616;538178.69;6000857.47;435.64
1675;538178.36;6000858.44;436.66
3164;538178.72;6000856.02;434.95
2663;538178.96;6000855.77;435.34
1927;538181.53;6000854.81;439.4
113;538179.02;6000854.12;438.06
2508;538179.38;6000855.6;438.01
2926;538179.7;6000854.87;444.8
2196;538179.18;6000854.51;437.15
3058;538178.56;6000855.09;438.04
531;538178.68;6000855.9;438.09
3234;538178.83;6000856.63;438.03
1864;538179.14;6000854.93;437.2
3088;538179.3;6000855.72;436.78
1901;538180.53;6000854.56;437.81
140;538180.34;6000853.98;437.8
2537;538180.21;6000854.41;443.32
1198;538179.17;6000855.21;439.38
472;538180.32;6000851.47;443.01
3076;538180.47;6000854.0;439.43
1967;538181.41;6000854.99;441.09
2917;538181.48;6000854.79;438.88
2099;538181.66;6000854.07;440.4
830;538181.23;6000852.99;440.55
1795;538180.81;6000853.51;440.09
280;538179.76;6000854.16;439.7
840;538179.01;6000854.41;439.52
766;538179.08;6000854.86;439.52
1467;538179.64;6000855.55;439.09
1644;538179.84;6000850.49;446.51
1367;538181.23;6000851.18;442.98
3191;538180.56;6000851.16;446.39
3070;538180.34;6000851.48;441.21
1777;538181.08;6000851.77;443.09
2571;538180.93;6000852.96;443.15
2895;538180.45;6000852.0;443.08
326;538179.79;6000851.27;443.09
3146;538179.65;6000850.61;443.09
1883;538180.43;6000850.92;442.98
911;538181.24;6000850.46;444.12
1502;538181.64;6000850.86;444.31
167;538182.42;6000851.35;444.89
2952;538181.14;6000851.68;444.16
617;538179.39;6000850.77;446.78
2582;538180.1;6000850.4;446.58
2631;538179.86;6000850.6;448.1
453;538179.55;6000850.37;444.92
56;538180.08;6000851.13;446.64
2818;538180.62;6000850.97;446.66
3023;538180.25;6000850.56;446.63
3128;538179.92;6000849.6;446.86
1722;538179.39;6000849.56;446.75
3109;538179.08;6000850.31;446.29
2706;538179.1;6000849.85;446.37
2003;538179.29;6000850.14;447.09
1688;538179.1;6000850.09;445.8
428;540106.98;5997641.07;228.0
576;540109.07;5997638.73;227.97
1593;540106.74;5997643.62;228.06
1939;540106.88;5997645.26;227.51
209;540103.82;5997645.31;226.8
1412;540106.75;5997641.24;226.55
747;540107.02;5997639.75;226.36
1158;540106.86;5997640.3;226.29
912;540107.16;5997639.76;226.45
1855;540106.86;5997640.2;227.44
923;540106.0;5997641.22;226.48
1998;540104.91;5997639.27;226.85
2039;540102.65;5997640.81;226.64
16;540102.61;5997641.61;226.92
1074;540099.25;5997641.45;226.79
3176;540099.32;5997641.5;227.1
3238;540099.21;5997641.43;226.56
1285;540098.24;5997640.76;226.97
2991;540099.94;5997642.14;226.83
2278;540101.71;5997640.63;226.8
2922;540102.01;5997642.14;226.69
3138;540097.33;5997644.04;226.72
2182;540098.02;5997644.58;226.78
2222;540096.78;5997645.55;226.72
2982;540096.77;5997645.59;227.0
1255;540096.84;5997645.36;226.25
438;540097.07;5997645.85;226.81
1515;540096.72;5997645.02;226.84
2495;540094.98;5997646.95;227.05
2556;540093.41;5997645.68;227.16
2036;540092.67;5997646.02;227.12
2204;540092.67;5997645.94;226.76
86;540091.78;5997646.53;226.96
1969;540093.0;5997647.72;227.17
844;540092.74;5997649.23;226.55
401;540091.9;5997647.88;226.64
2748;540092.34;5997648.19;226.81
796;540092.33;5997648.16;226.38
1839;540091.83;5997647.85;226.69
2142;540093.24;5997649.63;226.57
2835;540089.32;5997648.99;226.67
2531;540089.25;5997651.7;226.35
610;540088.62;5997650.92;226.45
354;540088.66;5997650.9;227.07
789;540088.68;5997649.57;226.61
2919;540088.71;5997652.05;226.9
2020;540086.29;5997651.05;227.16
1267;540086.05;5997652.97;227.4
1506;540084.19;5997652.29;227.62
3102;540084.27;5997652.25;226.97
3193;540084.04;5997651.89;227.64
2713;540083.72;5997653.72;227.54
1244;540080.81;5997653.88;227.57
430;540081.05;5997652.87;227.45
1179;540081.01;5997652.91;227.86
2367;540080.97;5997652.82;227.22
2485;540080.88;5997652.48;227.91
413;540080.92;5997653.9;227.64
1749;540078.75;5997651.85;228.33
1360;540079.17;5997653.58;228.24
2370;540076.0;5997652.99;229.05
2418;540076.0;5997653.13;229.94
2026;540076.14;5997652.92;228.4
663;540076.42;5997655.13;229.57
1208;540076.21;5997653.83;229.01
2097;540075.41;5997651.9;230.15
237;540075.39;5997651.34;229.09
1663;540077.95;5997654.24;228.68
1896;540077.06;5997652.77;228.97
1037;540074.67;5997653.17;229.08
2291;540074.55;5997654.74;228.86
1490;540073.39;5997654.83;227.97
2558;540073.34;5997654.85;227.33
2312;540072.98;5997654.04;228.0
1486;540073.96;5997655.96;227.65
189;540072.67;5997657.43;226.53
1555;540071.66;5997657.48;226.45
621;540071.52;5997655.36;227.44
2253;540072.3;5997654.49;227.72
2662;540070.6;5997659.81;226.11
2065;540072.32;5997654.51;227.95
1241;540072.59;5997653.67;228.02
294;540071.31;5997656.04;227.45
3177;540070.92;5997653.94;228.01
2613;540070.63;5997653.15;228.09
2059;540070.88;5997653.81;227.63
3150;540070.55;5997655.25;227.66
1051;540072.51;5997651.55;228.16
48;540073.99;5997651.19;228.4
2343;540067.09;5997654.93;227.18
2246;540067.05;5997655.21;226.95
1716;540066.91;5997654.59;227.31
644;540067.22;5997655.57;227.39
223;540067.43;5997656.62;227.13
82;540064.57;5997655.39;227.21
552;540066.31;5997656.23;227.16
3049;540064.87;5997657.31;227.09
2458;540066.33;5997656.21;227.1
630;540066.36;5997656.24;226.88
2489;540066.32;5997656.2;227.28
78;540066.15;5997654.98;227.29
825;540062.19;5997656.39;227.08
770;540062.21;5997656.43;227.3
2594;540062.16;5997656.44;226.88
1899;540061.65;5997655.29;227.44
3007;540062.54;5997657.58;227.06
258;540064.82;5997657.35;227.05
3235;540064.22;5997656.12;227.09
1685;540055.57;5997656.25;227.24
1866;540055.58;5997656.22;226.86
1264;540055.38;5997657.13;226.97
702;540054.97;5997654.49;227.33
2628;540053.12;5997656.46;227.16
1674;540050.59;5997659.02;227.17
208;540046.43;5997659.92;226.98
1286;540037.27;5997663.6;226.71
571;540037.26;5997663.55;226.68
1126;540046.4;5997659.89;227.15
2771;540048.79;5997660.81;227.0
420;540051.07;5997656.86;227.09
1165;540043.81;5997661.99;226.68
2297;540043.34;5997660.12;226.68
2647;540045.7;5997658.77;226.93
2193;540040.06;5997663.35;226.59
665;540040.0;5997663.37;226.84
2561;540040.29;5997663.85;226.75
3206;540040.9;5997664.56;226.61
820;540039.57;5997662.23;226.6
2865;540038.38;5997664.87;226.81
2798;540038.33;5997664.85;226.33
1159;540038.63;5997665.44;226.5
510;540037.78;5997664.04;226.62
375;540033.09;5997665.14;226.55
628;540036.76;5997666.91;226.32
474;540035.15;5997666.64;226.43
2086;540035.13;5997666.7;226.7
1269;540035.28;5997666.54;226.33
1058;540035.63;5997667.18;226.55
1905;540034.3;5997666.42;226.55
2004;540034.13;5997667.45;226.7
3091;540034.12;5997670.73;226.44
3018;540032.18;5997672.23;226.67
2050;540032.31;5997672.08;227.04
1118;540032.55;5997672.11;226.26
2062;540033.7;5997672.34;226.26
1471;540030.79;5997671.69;226.55
500;540030.26;5997674.66;226.5
655;540033.26;5997674.86;226.35
855;540030.74;5997680.69;226.55
3080;540029.57;5997684.11;226.54
897;540029.61;5997684.15;227.0
1906;540029.49;5997684.03;226.25
1747;540030.12;5997685.29;227.05
1186;540031.36;5997679.54;226.58
1336;540027.53;5997681.99;226.64
1614;540025.95;5997687.15;226.81
2117;540026.69;5997686.53;226.74
3110;540026.69;5997686.5;226.79
2108;540026.71;5997686.56;227.04
241;540026.67;5997686.4;226.54
2303;540026.47;5997686.2;226.85
985;540027.2;5997687.0;226.82
1332;540025.28;5997688.01;226.72
1168;540028.92;5997692.19;226.17
2079;540033.03;5997689.5;225.96
1546;540025.18;5997688.8;226.6
2790;540027.74;5997688.96;226.26
2913;540026.53;5997686.09;226.8
1805;540026.84;5997686.39;226.96
866;540028.49;5997685.08;226.64
1340;540028.73;5997687.13;226.45
724;540028.89;5997688.21;226.38
1677;540032.54;5997686.57;226.26
47;540028.92;5997688.23;226.56
176;540028.85;5997688.37;226.09
477;540029.27;5997687.41;226.63
1921;540026.32;5997690.96;226.32
871;540028.53;5997691.96;226.11
1748;540030.81;5997689.57;226.08
484;540032.53;5997686.56;226.26
918;540026.33;5997690.97;226.32
2941;540028.54;5997691.96;226.11
2907;540030.81;5997689.56;226.08
672;540030.09;5997691.48;226.07
1517;540031.27;5997694.75;225.77
2547;540034.45;5997689.39;225.97
195;540030.16;5997691.47;226.38
801;540029.28;5997692.25;226.15
708;540031.32;5997692.3;226.02
498;540032.26;5997692.93;225.96
2888;540032.26;5997692.96;225.97
224;540032.19;5997692.98;226.5
1909;540031.83;5997692.99;226.09
3227;540032.46;5997692.07;226.06
491;540032.6;5997690.13;225.95
2091;540034.72;5997692.21;225.98
2837;540031.74;5997694.33;226.03
2757;540033.92;5997696.72;226.09
1448;540034.03;5997696.82;226.61
2307;540036.74;5997699.71;225.98
550;540041.65;5997694.73;225.95
1816;540038.53;5997692.06;226.35
2513;540034.83;5997692.21;225.95
311;540029.31;5997701.88;226.26
2461;540029.37;5997701.67;226.31
1876;540027.57;5997697.33;226.52
1900;540023.15;5997701.95;226.39
1696;540023.02;5997701.91;226.39
952;540022.97;5997701.96;226.94
2842;540022.93;5997701.85;226.03
2372;540023.45;5997704.86;226.61
2633;540020.78;5997697.79;227.11
1372;540015.89;5997702.21;227.36
2247;540021.45;5997706.13;226.63
903;540018.22;5997699.16;227.35
274;540026.95;5997697.27;226.55
1487;540027.73;5997702.41;226.18
717;540017.53;5997706.06;226.96
1903;540017.44;5997706.09;227.38
1078;540014.56;5997702.27;227.19
316;540017.65;5997706.03;226.42
2957;540017.6;5997709.44;226.82
2392;540014.01;5997705.56;227.13
141;540012.2;5997707.51;227.64
2483;540014.85;5997711.51;227.02
515;540013.8;5997712.29;226.52
741;540009.84;5997712.25;226.44
2434;540012.39;5997708.01;227.53
2983;540013.14;5997710.08;226.61
2993;540013.34;5997719.57;224.82
666;540016.22;5997714.29;225.54
1989;540014.06;5997712.36;225.77
1214;540011.14;5997719.4;225.01
2774;540012.78;5997721.67;224.77
1437;540011.06;5997719.37;225.66
2449;540009.41;5997717.67;225.4
1318;540011.21;5997719.6;224.65
2638;540008.54;5997721.9;224.65
1203;540007.35;5997721.55;224.92
554;540010.84;5997724.71;224.71
1075;540008.56;5997722.03;225.14
1115;540002.65;5997728.69;224.73
470;540000.68;5997729.77;224.65
1841;540010.86;5997724.63;224.67
2548;540008.53;5997722.0;225.15
2206;540007.68;5997721.37;224.81
1654;540008.61;5997721.95;224.5
1160;540002.43;5997727.84;224.67
2527;540002.46;5997727.87;224.83
1957;540002.5;5997727.85;224.54
46;540005.14;5997730.2;224.6
3182;540000.62;5997730.03;224.69
3071;540001.41;5997732.52;224.61
2559;540001.24;5997732.38;224.64
2898;540000.64;5997730.14;224.8
2006;540000.7;5997729.99;224.53
2855;539998.07;5997732.0;224.77
1057;539998.66;5997733.55;224.69
1974;539997.68;5997731.75;224.8
2975;539998.08;5997731.97;224.62
1041;539995.0;5997734.64;224.77
2184;539995.59;5997736.01;224.71
386;539995.05;5997734.76;224.95
1594;539995.08;5997734.67;224.65
1547;539994.9;5997734.75;224.95
259;539989.32;5997740.59;224.69
2225;539987.01;5997740.16;224.68
3;539989.24;5997740.49;225.28
2216;539992.48;5997739.97;224.8
693;539994.18;5997740.92;224.82
1999;539994.12;5997740.96;224.81
700;539990.41;5997741.31;225.37
1872;539988.85;5997741.61;226.05
1629;539988.84;5997741.78;226.37
1753;539988.94;5997741.6;225.82
2586;539986.93;5997741.99;225.98
1542;539991.06;5997742.58;225.78
545;539990.26;5997741.5;225.7
179;539990.63;5997741.9;225.78
1069;539989.82;5997745.84;226.55
2551;539990.78;5997745.87;226.47
3221;539989.85;5997745.83;226.71
2500;539989.89;5997745.71;226.17
459;539987.82;5997744.9;226.67
3002;539985.86;5997743.49;226.35
876;539988.03;5997748.02;227.26
1887;539988.05;5997748.03;226.96
525;539989.36;5997748.45;227.15
1260;539987.0;5997747.81;227.28
650;539987.54;5997749.23;227.33
2612;539989.32;5997750.06;227.17
253;539987.6;5997749.2;227.04
29;539986.43;5997748.94;227.27
205;539987.52;5997751.89;227.2
3104;539987.84;5997752.57;226.93
17;539987.4;5997751.94;226.73
2765;539985.49;5997750.38;227.55
731;539984.25;5997754.57;227.41
1735;539983.87;5997754.87;227.44
2073;539983.61;5997754.16;227.54
378;539983.84;5997754.85;227.19
2567;539983.97;5997755.28;227.31
1821;539981.97;5997756.38;227.02
799;539980.45;5997754.41;227.34
449;539981.96;5997756.41;227.32
743;539983.15;5997757.13;226.89
3103;539981.97;5997756.4;226.8
89;539974.47;5997759.59;227.28
505;539974.46;5997759.59;227.3
42;539974.3;5997759.66;227.32
115;539974.54;5997759.51;227.3
1114;539974.53;5997759.45;227.47
286;539974.64;5997759.53;226.91
1640;539972.55;5997758.95;226.43
3237;539974.9;5997757.13;227.09
3009;539977.81;5997756.98;227.2
121;539979.11;5997759.86;227.03
939;539979.18;5997759.79;226.33
718;539977.45;5997757.04;227.24
2422;539980.2;5997759.98;226.61
2937;539979.13;5997760.37;226.66
1519;539979.19;5997760.39;226.86
2650;539979.92;5997760.25;226.56
2861;539978.77;5997760.62;226.77
1608;539978.78;5997761.06;226.6
2242;539978.83;5997761.02;226.25
363;539978.73;5997761.01;226.85
1760;539979.03;5997762.45;226.24
3093;539980.11;5997760.49;226.5
1380;539977.54;5997762.5;226.22
1105;539977.56;5997762.55;226.46
1387;539977.59;5997762.51;225.88
345;539977.11;5997761.27;226.46
1393;539978.82;5997763.57;225.99
1548;539976.46;5997765.37;226.18
1873;539976.38;5997765.27;226.38
2700;539976.53;5997765.3;226.03
499;539975.32;5997763.76;226.41
563;539978.01;5997766.39;225.96
1843;539975.17;5997767.15;226.66
467;539975.24;5997767.13;226.23
2209;539972.69;5997764.4;226.43
1063;539976.76;5997768.97;226.57
1943;539972.93;5997768.92;226.65
1683;539972.93;5997768.91;226.95
1874;539972.96;5997769.04;226.47
797;539971.29;5997768.06;226.87
639;539976.63;5997770.85;227.02
3169;539973.74;5997772.84;227.32
1433;539973.75;5997772.78;226.84
1231;539973.13;5997773.59;227.27
1706;539977.26;5997770.46;226.69
2780;539975.57;5997774.86;226.93
2207;539975.58;5997774.82;226.7
2649;539970.9;5997775.61;227.13
2286;539977.93;5997774.67;226.54
1164;539974.58;5997777.49;226.62
2717;539974.54;5997777.46;226.81
2577;539971.26;5997778.01;226.95
1545;539978.32;5997778.74;226.21
334;539974.07;5997780.07;226.72
1462;539974.06;5997780.09;226.91
2995;539974.08;5997780.07;226.38
2491;539972.54;5997779.56;227.08
2022;539976.14;5997781.4;226.33
1314;539973.83;5997781.89;226.69
888;540069.35;5997664.11;225.61
1665;540068.08;5997667.37;225.61
925;540827.23;6000171.46;396.0
299;540828.44;6000170.42;394.88
1853;540829.22;6000171.34;391.4
2005;540829.39;6000169.27;391.38
995;540832.1;6000168.11;391.07
3089;540835.66;6000170.49;387.6
1761;540835.96;6000170.66;388.14
1443;540839.26;6000166.39;386.07
2863;540840.16;6000165.63;386.06
725;540844.8;6000161.27;385.62
1762;540845.93;6000157.91;385.8
1290;540850.48;6000151.71;385.94
1578;540850.47;6000151.45;384.11
889;540848.34;6000150.77;383.16
64;540847.1;6000150.07;382.19
3064;540848.33;6000147.98;380.01
1025;540846.96;6000146.62;380.83
3236;540846.02;6000147.93;381.15
2069;540845.03;6000147.02;381.48
1630;540845.2;6000146.1;378.77
845;540845.51;6000147.3;376.49
1558;540847.97;6000144.3;375.52
3120;540849.85;6000146.03;374.27
1745;540849.85;6000146.03;369.43
2814;540850.95;6000145.97;369.81
954;540852.01;6000146.86;369.88
128;540853.21;6000145.3;366.75
1931;540855.8;6000146.34;365.39
2270;540855.8;6000146.34;356.35
642;540858.23;6000144.05;358.87
656;540850.68;6000150.37;354.61
1867;540862.81;6000143.14;363.08
3136;540855.82;6000142.78;356.66
508;540859.12;6000140.12;359.58
1423;540855.74;6000139.18;352.65
827;540849.33;6000143.87;355.08
1190;540864.5;6000136.45;360.26
32;540866.12;6000135.58;357.82
1699;540864.53;6000133.77;356.13
684;540848.02;6000151.1;352.68
2946;540846.31;6000152.66;351.83
1768;540843.18;6000152.55;352.56
1955;540839.14;6000156.1;353.5
2518;540839.17;6000153.97;353.01
1434;540839.25;6000152.22;351.48
2304;540833.16;6000155.22;350.16
1981;540831.36;6000155.54;348.39
2881;540833.27;6000153.61;347.76
2945;540838.05;6000145.89;347.12
927;540837.89;6000143.75;346.55
389;540833.39;6000145.87;346.38
786;540832.67;6000145.8;347.12
803;540830.82;6000147.37;347.42
2856;540827.39;6000148.43;347.61
878;540827.01;6000149.53;346.41
130;540820.66;6000150.79;346.18
31;540819.36;6000152.1;346.57
1902;540817.6;6000150.35;345.81
2176;540814.59;6000152.48;346.6
1655;540820.67;6000148.48;338.79
2258;540810.85;6000154.74;347.37
1233;540808.71;6000155.05;347.56
2944;540808.44;6000153.7;347.63
829;540809.73;6000152.53;347.13
611;540809.29;6000151.35;346.86
2934;540806.78;6000152.55;347.01
3056;540810.23;6000144.69;345.5
651;540813.0;6000142.34;344.49
1394;540811.93;6000142.48;344.74
1311;540820.08;6000135.69;348.81
2336;540810.6;6000142.02;343.51
2123;540810.45;6000143.3;343.14
2601;540808.04;6000144.09;337.94
815;540807.69;6000144.37;336.48
2509;540806.65;6000145.02;335.93
616;540802.21;6000146.93;330.93
2311;540799.0;6000150.07;328.23
914;540799.89;6000149.1;322.97
1343;540798.63;6000150.17;323.67
1807;540798.59;6000149.95;322.77
1413;540796.49;6000150.99;315.92
1646;540793.25;6000153.35;318.52
847;540795.84;6000152.59;315.12
1507;540790.09;6000155.06;317.82
361;540794.66;6000153.66;314.12
905;540795.0;6000155.76;313.97
2313;540793.02;6000158.4;313.62
28;538355.71;6000018.99;448.81
1017;538355.64;6000019.28;446.92
2839;538355.85;6000018.23;448.84
771;538356.46;6000018.19;448.74
2118;538357.0;6000015.44;449.38
2674;538362.99;6000018.65;447.85
2644;538359.63;6000024.23;447.41
2931;538356.23;6000022.64;447.91
1053;538359.43;6000025.83;442.2
1922;538359.43;6000025.81;442.21
2439;538359.44;6000025.82;442.18
1690;538356.17;6000019.19;446.54
1176;538362.57;6000021.26;447.04
2745;538362.45;6000014.0;442.48
1028;538352.22;5999997.3;449.01
2227;538353.06;5999997.88;448.73
2515;538352.9;5999996.85;448.97
1875;538354.52;5999996.96;449.1
2393;538352.74;5999999.13;448.96
2979;538350.96;5999998.22;448.83
1270;538353.11;5999997.65;446.63
2231;538353.17;5999997.5;445.77
2953;538352.52;5999998.16;446.38
998;538353.96;5999997.29;446.55
427;538352.67;5999999.72;445.26
1763;538353.37;5999999.99;445.17
2988;538352.79;5999999.64;445.96
1813;538353.04;5999998.54;444.55
560;538351.9;5999999.23;445.02
2598;538355.44;6000000.52;416.58
2726;538355.71;5999999.98;415.25
2460;538353.8;6000000.78;444.38
2190;538356.32;6000000.09;415.51
657;538354.04;5999998.98;415.5
2233;538353.73;6000001.86;415.67
1557;538353.73;6000001.89;415.82
575;538353.23;6000000.14;415.73
3084;538359.14;6000025.88;442.18
2126;538359.45;6000025.71;441.15
1577;538359.29;6000025.7;442.84
2553;538359.71;6000025.66;442.03
1315;538360.32;6000026.47;436.96
1538;538362.22;6000028.12;436.36
1773;538361.78;6000028.24;439.58
822;538362.68;6000028.81;436.3
2512;538362.54;6000027.79;436.48
60;538361.78;6000028.89;436.77
2290;538366.15;6000026.97;431.59
2275;538365.82;6000027.21;433.67
1573;538365.74;6000027.28;431.63
2173;538366.47;6000028.04;431.29
322;538367.14;6000027.84;431.45
528;538368.16;6000029.42;431.89
2120;538366.34;6000027.64;426.0
2218;538365.43;6000025.86;431.78
1950;538365.32;6000026.62;431.86
25;538366.49;6000027.59;426.02
1419;538365.72;6000027.25;431.58
1446;538366.12;6000026.91;430.92
1449;538366.04;6000027.1;432.99
2177;538365.72;6000026.85;433.53
2025;538366.84;6000027.87;425.91
1073;538366.1;6000027.14;426.24
225;538366.29;6000027.85;426.03
212;538367.04;6000027.14;425.64
1576;538365.94;6000027.7;430.16
2181;538365.06;6000026.62;433.55
434;538365.24;6000026.85;436.26
541;538365.83;6000026.57;430.48
3000;538362.62;6000022.86;434.41
1280;538362.79;6000022.77;434.45
2240;538362.63;6000022.85;434.22
1382;538362.57;6000022.82;434.63
2705;538362.44;6000022.96;434.43
1778;538362.24;6000014.0;443.73
2806;538362.26;6000014.0;441.64
2254;538362.2;6000015.07;447.89
3222;538363.77;6000015.69;442.51
597;538358.99;6000012.23;442.36
2454;538358.86;6000012.22;441.67
2996;538359.85;6000012.27;441.59
1828;538359.4;6000012.04;443.42
460;538358.9;6000012.24;441.05
1705;538359.74;6000008.39;439.13
3066;538359.79;6000008.43;439.68
647;538360.07;6000008.62;439.15
1386;538360.13;6000008.38;437.79
1802;538361.07;6000006.69;438.47
1111;538360.66;6000006.67;438.47
760;538360.93;6000006.63;437.58
1610;538360.58;6000006.88;441.25
1277;538360.02;6000004.69;437.31
2603;538359.86;6000004.92;437.32
2568;538359.88;6000004.9;438.26
13;538359.99;6000004.77;436.27
2183;538359.78;6000003.36;436.04
2695;538338.99;6000020.02;357.06
1392;538339.3;6000019.58;357.02
2333;538338.89;6000019.61;358.03
2060;538339.17;6000019.73;356.82
2641;538330.19;6000013.01;358.07
50;538329.91;6000013.45;358.11
1751;538330.14;6000013.05;357.75
3180;538329.98;6000013.13;358.36
1497;538329.94;6000013.46;358.13
879;538330.04;6000013.14;358.36
1668;538330.15;6000013.08;357.77
2659;538327.6;6000011.25;358.48
342;538327.56;6000011.21;358.5
3034;538327.45;6000012.15;365.97
1848;538326.69;6000011.65;367.79
769;538327.65;6000012.06;358.59
2569;538327.6;6000010.33;359.08
2645;538326.39;6000011.55;359.24
2076;538328.27;6000010.53;360.1
1565;538328.72;6000011.44;365.16
1633;538329.08;6000012.83;360.54
2442;538328.18;6000009.49;360.59
309;538328.22;6000010.89;358.38
3174;538331.52;6000009.94;360.13
480;538331.65;6000010.18;360.19
2783;538333.61;6000009.35;361.04
1657;538333.63;6000009.34;361.04
3065;538333.12;6000009.45;360.95
1273;538333.62;6000009.36;361.04
2064;538333.48;6000009.25;360.4
2406;538333.3;6000009.01;361.03
2570;538333.52;6000009.92;360.94
1185;538333.74;6000008.24;361.45
1937;538333.99;6000008.55;361.46
1856;538333.73;6000008.22;361.07
1232;538333.79;6000008.4;365.7
12;538333.97;6000008.44;363.8
1066;538335.51;6000007.63;363.69
3045;538335.38;6000007.4;363.68
1501;538335.46;6000007.39;362.72
2249;538335.22;6000007.69;368.12
1472;538339.46;6000005.42;365.65
848;538339.31;6000005.22;365.65
2109;538339.5;6000005.59;365.68
3101;538338.72;6000005.63;370.81
2857;538340.4;6000004.79;367.51
1728;538340.22;6000004.52;367.51
3059;538340.38;6000004.77;366.09
2816;538341.56;6000005.84;383.68
2009;538342.66;6000003.63;368.5
2609;538341.8;6000003.74;368.14
599;538343.63;6000002.72;369.75
99;538343.45;6000002.42;369.78
1086;538344.28;6000003.66;370.0
1871;538345.16;6000004.65;393.48
1295;538344.03;6000003.98;385.4
1752;538345.09;6000002.59;370.13
1358;538345.07;6000002.21;370.1
2782;538343.46;6000003.9;369.85
2830;538342.33;6000003.24;369.48
1093;538347.19;6000001.94;371.8
577;538344.26;6000003.58;369.96
2212;538343.47;6000002.38;369.82
1670;538347.14;6000001.96;371.83
968;538342.59;6000003.3;369.7
811;538342.55;6000003.46;369.02
2391;538345.08;6000003.48;382.08
1098;538346.9;6000001.57;371.81
2475;538347.13;6000001.77;370.37
1619;538348.83;6000000.63;372.13
750;538346.69;6000001.67;381.54
3008;538346.77;6000001.96;381.66
1016;538344.83;6000003.71;385.45
3142;538343.61;6000002.75;369.49
419;538344.62;6000002.97;382.05
894;538344.02;6000004.1;382.04
1623;538342.35;6000005.68;385.65
962;538344.99;6000005.14;393.46
1650;538345.86;6000002.08;382.63
2465;538348.51;6000000.68;383.39
1754;538348.82;6000000.41;383.52
915;538344.69;6000002.96;382.09
1478;538345.16;6000003.14;384.73
1648;538344.12;6000002.3;369.62
3219;538343.62;6000004.62;385.56
2651;538343.59;6000004.63;385.61
3210;538343.66;6000004.59;385.56
1642;538349.71;5999999.3;383.66
3062;538351.06;6000000.41;383.61
1846;538349.89;6000001.55;383.75
1809;538348.72;6000001.19;383.5
183;538350.6;5999999.87;376.39
755;538350.54;5999999.34;398.75
3231;538347.26;6000001.59;382.35
3043;538346.9;6000002.1;384.23
1418;538353.65;5999997.6;381.78
2244;538350.82;5999999.41;376.41
865;538351.1;6000000.22;384.45
756;538349.94;6000001.51;383.62
2399;538352.63;5999998.36;384.07
1491;538350.69;5999998.84;395.6
1465;538353.51;5999997.0;381.82
1806;538353.76;5999997.71;381.81
1320;538353.71;5999997.45;381.44
1425;538353.74;5999997.43;383.23
1923;538354.99;5999996.3;381.28
254;538355.31;5999996.93;381.08
412;538358.81;5999994.72;379.88
2610;538353.62;5999997.46;381.45
2262;538353.17;5999996.94;381.77
2161;538353.7;5999997.75;381.8
1395;538353.52;5999997.31;383.77
1054;538357.02;5999995.18;380.72
2299;538343.85;6000004.66;383.7
2263;538343.71;6000004.61;385.83
833;538345.13;6000003.39;385.22
2492;538346.61;6000006.35;385.08
2617;538343.86;6000005.92;385.89
1151;538342.74;6000006.19;385.52
2100;538341.37;6000004.79;385.18
1022;538347.09;6000005.61;386.66
2811;538346.73;6000004.65;386.74
314;538347.22;6000005.49;385.14
1949;538345.73;6000005.35;393.43
221;538349.58;6000003.85;388.15
1162;538348.15;6000004.22;388.41
2243;538348.12;6000004.25;388.36
2658;538348.82;6000005.11;388.45
890;538348.42;6000004.33;387.01
1110;538350.48;6000004.43;388.73
852;538349.52;6000003.99;388.61
2456;538350.89;6000003.83;388.26
3067;538348.67;6000003.65;388.49
2742;538350.03;6000004.4;399.63
367;538350.68;6000004.09;394.42
387;538332.75;6000030.17;353.77
3198;538332.21;6000028.83;354.12
562;538331.54;6000028.03;353.53
1729;538327.94;6000034.03;316.78
53;538328.38;6000033.78;315.15
3241;538326.86;6000034.28;318.54
2595;538324.45;6000036.37;319.79
2386;538320.55;6000035.98;353.68
190;538351.56;5999996.96;396.18
1426;538349.21;5999998.25;395.84
117;538349.65;6000000.33;376.79
227;538350.17;5999998.85;401.64
1731;538349.67;6000000.72;395.88
2524;538350.46;5999997.94;402.53
129;538350.87;5999998.02;402.52
1223;538349.84;5999998.66;402.64
222;538350.56;5999998.43;402.59
486;538350.82;5999998.1;395.49
1812;538350.05;5999998.34;407.34
1713;538350.07;5999998.55;407.37
1345;538349.97;5999998.14;407.35
146;538350.49;5999998.09;401.64
2637;538348.86;5999998.84;407.83
1511;538350.43;5999998.27;407.36
1194;538357.13;5999995.52;380.67
1624;538357.02;5999995.32;381.31
1384;538356.74;5999994.96;380.71
3129;538356.96;5999995.12;377.64
2542;538358.74;5999994.4;380.14
364;538357.01;5999995.12;377.74
2398;538357.76;5999994.83;378.45
3038;538357.95;5999995.1;378.41
1784;538357.58;5999994.49;378.53
2938;538358.41;5999994.6;381.18
1170;538358.52;5999994.31;378.26
2809;538358.37;5999994.32;372.87
2876;538358.98;5999993.88;374.3
1252;538359.02;5999993.93;375.7
2970;538358.88;5999993.74;374.29
2858;538359.0;5999993.77;372.6
1797;538357.91;5999994.75;374.38
935;538358.28;5999994.96;374.47
2737;538360.11;5999993.04;372.52
972;538360.08;5999993.3;373.28
2472;538359.65;5999993.45;372.57
2459;538360.25;5999994.21;372.91
2540;538360.75;5999993.18;364.28
2874;538357.33;5999992.99;372.54
779;538358.05;5999991.87;372.34
2431;538358.78;5999992.88;372.62
959;538359.29;5999992.73;372.78
2883;538359.77;5999991.55;372.62
1791;538360.76;5999993.29;365.21
2657;538360.77;5999993.04;363.73
2443;538361.27;5999992.87;365.03
2704;538360.21;5999993.85;365.09
928;538360.26;5999993.43;373.21
2292;538359.74;5999992.11;364.37
2024;538359.61;5999992.37;364.25
264;538356.29;5999988.84;361.32
585;538356.44;5999989.31;361.25
973;538356.95;5999988.15;361.28
1982;538355.2;5999989.22;361.3
2228;538353.78;5999988.33;361.58
2147;538356.08;5999989.16;366.34
2909;538356.0;5999989.07;365.76
2467;538356.42;5999989.11;360.45
2411;538355.93;5999989.22;358.78
623;538356.06;5999989.13;357.48
1918;538355.64;5999988.56;358.72
2573;538355.82;5999988.48;358.77
2164;538354.63;5999989.38;358.7
1779;538355.66;5999988.8;365.46
2169;538357.55;5999987.64;357.23
301;538357.87;5999987.87;357.17
59;538357.76;5999987.69;357.94
1925;538357.54;5999987.72;356.89
164;538357.55;5999987.44;357.37
2516;538361.07;5999985.65;355.34
186;538360.52;5999984.95;355.24
2067;538361.0;5999985.7;354.92
2376;538361.29;5999986.07;355.26
2477;538361.06;5999985.51;355.66
3153;538362.42;5999984.4;355.14
2832;538361.76;5999984.16;354.17
2724;538362.26;5999985.01;354.0
1851;538361.75;5999984.24;353.58
1780;538361.8;5999984.38;355.39
2519;538360.86;5999984.74;354.0
3247;538360.78;5999985.02;353.86
348;538360.26;5999985.07;353.67
3189;538360.25;5999984.89;353.67
479;538360.24;5999985.04;353.97
2208;538360.27;5999984.93;353.35
1940;538357.88;5999985.72;353.31
1305;538357.3;5999986.03;353.26
55;538357.21;5999986.0;353.46
1609;538357.29;5999986.19;353.27
867;538357.29;5999986.05;353.07
3046;538331.76;6000029.4;354.1
2388;538331.88;6000028.9;355.85
2267;538332.16;6000030.5;353.78
39;538331.16;6000028.28;353.71
26;538332.79;6000028.99;341.7
1738;538327.06;6000034.77;316.67
3199;538327.01;6000031.85;354.15
2314;538331.47;6000029.17;353.53
872;538327.36;6000031.22;359.85
3090;538327.6;6000032.79;354.1
2697;538327.2;6000032.07;353.39
1427;538326.4;6000031.56;353.04
1020;538326.12;6000031.1;353.9
1397;538325.97;6000032.89;353.48
2453;538327.93;6000031.2;353.43
1432;538322.5;6000034.18;354.08
2776;538320.86;6000035.18;353.98
778;538326.87;6000031.8;344.26
1679;538326.84;6000032.9;347.42
904;538326.59;6000033.23;354.0
1947;538326.59;6000032.79;345.78
2149;538326.37;6000032.47;347.37
1294;538326.97;6000033.11;347.45
654;538325.03;6000035.62;345.26
800;538327.01;6000033.03;347.46
1271;538326.34;6000032.47;347.36
802;538326.57;6000032.8;345.75
1721;538326.66;6000032.42;354.02
173;538329.96;6000029.43;346.64
347;538326.12;6000031.88;347.07
3183;538327.08;6000030.88;346.62
2447;538327.64;6000029.67;344.72
346;538324.75;6000035.03;345.22
1661;538324.79;6000035.5;348.76
333;538312.05;6000042.91;343.51
2987;538319.33;6000040.08;344.59
2438;538319.05;6000038.2;344.44
1600;538328.08;6000034.09;344.94
493;538324.8;6000035.35;340.11
3232;538324.56;6000034.55;340.18
313;538325.16;6000036.07;340.15
2210;538314.63;6000041.06;340.16
2552;538328.61;6000033.27;340.17
1880;538325.8;6000035.49;340.56
1584;538325.12;6000035.33;348.76
2045;538324.97;6000035.35;319.7
1684;538329.26;6000034.18;306.58
1019;538327.72;6000034.27;317.69
2550;538326.66;6000034.42;325.13
2665;538327.68;6000034.31;317.71
1988;538327.94;6000031.96;318.31
682;538328.04;6000035.54;317.77
192;538319.72;6000038.75;324.92
487;538320.34;6000037.18;324.05
3143;538340.77;6000025.28;316.77
2992;538342.71;6000027.62;316.87
1156;538343.45;6000025.46;317.56
336;538329.82;6000030.82;317.64
980;538331.97;6000034.25;305.01
1591;538334.6;6000030.69;305.76
2296;538339.37;6000029.61;303.67
2720;538337.77;6000030.11;304.52
934;538337.15;6000028.89;304.52
106;538342.34;6000026.58;304.31
2101;538337.95;6000030.88;304.8
3148;538336.86;6000029.93;320.69
759;538328.27;6000034.87;305.9
2735;538337.71;6000029.99;303.52
1463;538341.99;6000026.93;301.55
1611;538341.81;6000026.81;301.51
2639;538341.72;6000027.29;301.44
1469;538341.58;6000026.54;321.71
1122;538341.75;6000027.44;291.04
1312;538341.11;6000027.63;290.78
2335;538341.33;6000027.84;290.77
1834;538327.51;6000029.79;342.73
2427;538327.2;6000029.48;344.63
1240;538324.68;6000031.02;344.68
159;538327.29;6000031.04;344.57
3019;538327.15;6000030.91;344.26
1473;538327.23;6000032.14;344.58
3087;538331.02;6000025.46;341.91
3166;538330.84;6000025.27;341.96
2596;538330.91;6000025.47;343.42
2102;538330.21;6000026.51;342.39
174;538329.64;6000026.73;342.75
1516;538332.97;6000023.74;341.49
405;538331.33;6000024.82;341.81
548;538330.74;6000026.61;333.52
2927;538332.41;6000024.38;324.37
105;538331.67;6000025.24;338.18
1297;538333.28;6000024.85;324.64
2061;538331.7;6000023.9;324.35
1691;538331.19;6000025.58;324.51
511;538330.97;6000024.92;324.54
1612;538332.35;6000024.1;322.91
537;538332.21;6000023.79;324.17
110;538329.49;6000021.63;320.87
2000;538329.65;6000022.01;325.55
1659;538329.55;6000021.69;319.92
2817;538330.52;6000022.62;320.85
2824;538333.79;6000019.63;317.23
1228;538330.01;6000021.54;320.58
1789;538329.98;6000021.09;320.69
1227;538333.13;6000020.02;322.43
899;538333.48;6000021.45;332.51
424;538332.94;6000019.7;322.51
408;538333.04;6000019.92;321.13
1238;538331.86;6000020.41;322.39
1062;538330.45;6000021.23;322.48
982;538333.74;6000021.16;332.36
1669;538335.67;6000018.46;321.85
2358;538335.68;6000018.46;321.85
3223;538336.52;6000018.04;321.71
2885;538336.48;6000018.6;323.14
2095;538336.6;6000018.12;317.43
1829;538336.77;6000018.52;321.66
1265;538335.97;6000018.95;321.55
1563;538340.13;6000016.66;317.79
2541;538338.13;6000017.2;320.3
232;538339.95;6000016.82;316.34
2689;538338.15;6000017.47;318.79
1365;538340.18;6000016.72;316.98
917;538340.04;6000016.46;316.97
2139;538340.17;6000016.8;316.38
2129;538340.13;6000016.59;317.62
2948;538342.99;6000015.51;315.02
169;538342.83;6000015.26;314.97
1845;538343.04;6000015.31;315.75
2918;538343.06;6000015.53;314.51
1574;538344.84;6000014.04;314.31
1842;538343.37;6000014.29;314.98
288;538344.69;6000014.12;314.01
410;538344.28;6000013.77;318.71
1826;538344.25;6000013.61;314.62
681;538343.49;6000014.49;315.09
842;538344.16;6000014.83;314.54
620;538343.89;6000014.61;314.71
2732;538345.3;6000010.99;312.95
944;538345.01;6000011.03;312.97
442;538345.28;6000011.15;313.73
1714;538345.07;6000010.61;309.85
543;538345.47;6000010.21;310.64
673;538345.06;6000010.15;310.6
1946;538345.58;6000010.94;310.63
2375;538345.11;6000010.89;310.58
2576;538345.29;6000010.36;309.92
2349;538345.62;6000010.38;313.3
2401;538342.52;6000011.67;308.98
90;538342.46;6000011.44;308.98
3175;538342.43;6000011.45;308.1
278;538342.28;6000011.63;309.39
1736;538340.99;6000012.09;306.41
2499;538341.07;6000012.39;306.44
2860;538340.44;6000012.43;306.3
2702;538340.88;6000012.15;308.15
2882;538340.9;6000012.76;294.76
2734;538340.99;6000012.09;295.71
634;538339.77;6000013.16;294.3
3151;538340.93;6000012.96;294.77
165;538340.75;6000012.38;294.85
936;538341.42;6000012.56;294.78
2630;538342.77;6000010.74;292.27
1769;538342.77;6000010.74;288.27
2687;538339.09;6000014.4;448.78
1781;538338.48;6000015.64;448.94
1209;538339.59;6000012.8;448.87
2354;538340.98;6000014.16;449.16
1396;538336.21;6000013.62;447.07
2758;538336.12;6000012.86;444.67
1431;538336.56;6000011.78;446.89
2116;538333.96;6000010.28;446.84
1374;538333.61;6000014.14;446.88
1259;538334.69;6000011.62;442.51
228;538334.98;6000010.92;442.47
1818;538335.64;6000011.17;442.49
2238;538335.32;6000012.6;442.61
1737;538334.63;6000012.34;442.53
782;538334.02;6000010.57;446.2
291;538334.71;6000010.6;448.34
2423;538334.92;6000011.32;438.75
1464;538336.15;6000011.01;436.68
162;538335.86;6000010.69;436.79
775;538336.36;6000011.17;436.63
1700;538336.11;6000010.94;437.36
570;538336.28;6000010.88;435.99
2710;538336.98;6000010.67;436.85
523;538336.4;6000009.91;436.59
2389;538336.27;6000009.14;434.52
1904;538336.04;6000009.37;434.52
1575;538336.12;6000009.13;435.76
664;538336.21;6000009.12;433.91
2843;538334.82;6000009.39;433.31
2526;538335.07;6000008.84;433.24
703;538334.9;6000009.1;432.42
1524;538335.09;6000009.21;435.6
591;538334.58;6000008.3;432.56
321;538334.61;6000008.31;432.55
941;538333.28;6000007.55;432.65
2530;538334.26;6000008.7;432.74
1759;538335.49;6000009.18;432.77
319;538332.14;6000007.18;434.27
2394;538334.42;6000007.88;429.21
1141;538334.96;6000006.82;426.99
2148;538334.86;6000007.03;428.6
276;538335.4;6000007.16;427.29
2589;538334.82;6000007.45;426.96
2978;538335.08;6000006.01;426.94
414;538334.3;6000006.41;427.14
1508;538334.95;6000005.35;425.55
1995;538334.85;6000005.18;425.52
2752;538334.92;6000005.53;426.36
1719;538334.98;6000005.28;424.49
1079;538334.73;6000005.58;425.51
723;538333.07;6000005.5;422.83
2933;538334.05;6000004.94;422.95
1292;538333.85;6000005.75;422.85
2799;538333.26;6000005.39;424.86
1711;538333.17;6000005.55;421.07
1284;538332.23;6000006.04;419.65
1451;538332.24;6000006.04;419.72
175;538332.21;6000006.03;419.67
2250;538332.11;6000005.86;419.65
622;538332.16;6000006.07;418.47
2407;538332.31;6000005.98;422.09
2844;538328.71;6000008.22;417.6
1534;538328.94;6000008.22;416.62
1119;538329.02;6000008.47;424.87
3036;538329.67;6000007.94;417.68
2255;538327.9;6000008.6;417.63
926;538328.13;6000007.36;417.69
2507;538329.11;6000007.76;417.72
1052;538328.96;6000008.26;416.63
1072;538329.09;6000008.86;417.67
1978;538329.15;6000010.84;417.39
1932;538328.82;6000010.97;417.34
3137;538328.83;6000010.22;417.43
2128;538330.22;6000009.65;417.63
3239;538329.21;6000010.49;418.95
1230;538328.43;6000011.29;422.51
1254;538328.4;6000010.9;412.11
2583;538328.25;6000011.32;413.6
729;538328.65;6000011.46;413.58
1222;538328.34;6000011.19;412.16
2072;538328.29;6000011.07;415.91
492;538327.95;6000013.64;411.12
3202;538327.69;6000013.39;411.04
1512;538327.46;6000013.8;411.09
2862;538327.93;6000013.69;411.77
2490;538327.65;6000013.87;411.12
751;538328.22;6000013.56;411.08
217;538327.9;6000013.69;411.96
2448;538328.54;6000010.88;412.61
795;538329.34;6000012.45;407.13
330;538329.1;6000012.83;406.42
2692;538328.92;6000013.06;410.07
645;538329.34;6000012.39;406.57
2363;538327.87;6000013.54;406.48
62;538329.68;6000013.84;406.46
1605;538329.2;6000012.95;406.0
2119;538328.36;6000014.52;406.28
3010;538328.3;6000014.13;407.68
2002;538327.45;6000014.76;406.21
819;538328.15;6000014.01;406.26
2332;538328.68;6000014.41;405.77
36;538328.39;6000013.98;405.78
1032;538326.97;6000014.39;401.79
1588;538326.5;6000014.62;402.53
1038;538326.58;6000014.56;401.71
868;538327.04;6000014.83;405.19
275;538327.47;6000014.8;402.52
1715;538327.2;6000014.2;402.51
1070;538328.63;6000012.95;402.19
2903;538328.06;6000013.58;402.15
1941;538328.41;6000013.47;404.08
2640;538328.43;6000012.93;400.22
2699;538328.66;6000013.51;402.04
2214;538328.27;6000012.76;400.45
1533;538328.59;6000012.77;400.44
2878;538328.3;6000012.77;400.22
567;538328.44;6000012.65;401.1
485;538328.73;6000011.14;400.81
2382;538328.92;6000011.17;400.8
1131;538328.58;6000011.12;400.84
397;538328.74;6000011.12;401.09
3004;538328.77;6000011.16;400.54
200;538369.6;6000009.79;448.97
2107;538368.86;6000009.2;448.94
2494;538368.74;6000009.47;448.93
679;538369.25;6000010.79;448.76
792;538371.6;6000009.06;449.22
1180;538370.9;6000007.67;449.37
2469;538370.55;6000009.05;445.75
3074;538370.9;6000009.06;448.5
1048;538370.62;6000008.96;445.53
1352;538370.81;6000009.26;445.88
2670;538370.24;6000008.27;445.97
139;538371.71;6000008.88;446.64
1792;538370.74;6000007.91;444.9
1844;538370.98;6000008.16;444.92
1404;538371.14;6000007.25;444.74
2962;538370.6;6000007.72;444.9
3013;538370.68;6000008.44;446.42
2738;538370.87;6000007.89;443.9
1658;538369.37;6000008.35;442.9
1645;538369.72;6000008.43;443.02
1666;538369.18;6000008.67;442.92
1362;538369.43;6000008.37;443.68
248;538369.73;6000007.98;442.9
2859;538369.08;6000009.19;438.84
2693;538368.56;6000009.58;438.78
1136;538368.61;6000009.57;438.37
0;538368.56;6000009.24;442.76
2440;538367.95;6000009.87;439.05
988;538367.36;6000008.81;438.88
1092;538368.26;6000008.69;438.91
1116;538369.34;6000008.89;438.89
1530;538367.87;6000008.16;437.41
502;538367.95;6000008.06;436.03
858;538367.86;6000008.49;440.07
3216;538368.34;6000008.26;437.31
506;538367.7;6000008.31;437.36
379;538367.95;6000007.63;437.37
2777;538367.73;6000005.7;433.04
2412;538366.68;6000004.31;432.6
2083;538367.84;6000004.63;432.9
2322;538367.84;6000005.98;437.65
3055;538367.19;6000004.3;440.64
2614;538367.98;6000007.63;434.09
2884;538368.17;6000005.74;433.17
373;538367.26;6000003.13;426.8
2698;538367.87;6000006.1;425.67
416;538367.77;6000002.66;428.06
2037;538367.22;6000001.73;435.72
518;538367.73;6000002.65;426.64
2920;538367.4;6000001.97;428.12
3028;538366.27;5999999.36;428.2
1249;538366.87;6000002.82;428.07
2230;538367.6;6000005.24;427.26
2379;538368.13;6000004.41;427.62
1965;538367.8;6000006.63;427.36
2889;538366.03;6000004.87;427.12
70;538365.98;6000004.94;426.12
3203;538365.85;6000004.69;426.1
1236;538365.51;6000004.94;427.27
120;538365.93;6000004.79;424.78
2217;538365.5;6000005.75;426.03
529;538364.49;6000005.61;426.13
1879;538364.45;6000005.29;426.2
2873;538362.75;6000006.13;426.48
1282;538362.9;6000006.07;426.27
2357;538363.23;6000006.38;426.38
432;538363.2;6000006.23;425.76
2672;538363.5;6000006.2;431.78
659;538362.78;6000006.05;427.99
783;538362.78;6000006.04;427.99
932;538364.27;6000005.57;426.97
1680;538363.42;6000005.87;426.52
683;538362.76;6000006.05;427.98
2712;538362.64;6000006.02;429.7
2220;538362.86;6000006.32;427.94
677;538362.55;6000006.17;426.89
24;538360.85;6000007.32;429.81
461;538360.86;6000007.32;429.8
2990;538360.82;6000007.33;429.84
2679;538360.84;6000007.28;429.78
1108;538307.23;5999939.33;404.45
919;538307.23;5999939.33;395.85
1993;538309.02;5999939.07;393.71
1529;538305.97;5999941.07;391.06
2755;538305.97;5999941.07;387.55
907;538307.74;5999938.61;385.8
2677;536109.62;6001366.76;251.06
707;536109.97;6001366.65;250.69
2792;536110.03;6001366.62;251.23
2185;536115.22;6001359.82;252.28
243;536115.55;6001360.16;253.47
828;536117.17;6001354.8;254.13
2797;536121.9;6001356.96;253.23
2315;536123.3;6001351.45;254.99
1739;536125.0;6001347.37;254.95
2151;536134.03;6001342.83;254.77
1107;536136.14;6001342.8;256.48
1011;536144.66;6001338.13;256.65
1604;536144.04;6001337.81;256.83
1536;536151.66;6001334.05;259.11
2282;536151.46;6001336.29;260.46
555;536155.42;6001336.17;262.06
3015;536290.84;6001250.57;267.12
536;536290.72;6001250.62;267.35
2588;536291.15;6001257.13;267.81
1808;536296.09;6001249.59;267.68
1381;536299.25;6001262.24;267.06
970;536304.68;6001259.02;267.72
3119;536311.48;6001259.65;267.6
1026;536314.75;6001260.79;267.78
2419;536315.85;6001261.05;268.26
3167;536317.44;6001259.52;268.14
754;536302.48;6001251.33;267.45
2385;536307.98;6001254.94;267.45
2893;536313.1;6001252.74;267.74
2486;536315.86;6001254.84;267.68
2775;536330.98;6001249.99;267.68
94;536335.26;6001249.34;268.52
1910;536338.48;6001250.53;269.13
762;536341.93;6001248.86;268.17
2266;536348.29;6001243.2;267.88
556;536348.58;6001243.19;266.91
2082;536352.87;6001238.72;265.69
197;536357.04;6001234.1;265.71
2973;536361.95;6001236.22;265.79
3113;536376.27;6001228.78;265.65
614;536380.28;6001221.74;265.52
3118;536383.74;6001211.35;265.43
3037;536389.41;6001207.68;265.51
2351;536379.17;6001202.24;265.77
1790;536374.55;6001193.38;265.37
514;536370.87;6001190.38;265.84
2106;536366.89;6001189.96;265.6
2593;536364.53;6001184.45;265.75
1500;536361.93;6001183.56;265.74
2654;536358.98;6001178.03;265.58
735;536361.43;6001171.64;265.59
1347;536368.77;6001169.04;265.88
2302;536372.1;6001161.37;265.89
2683;536383.38;6001163.19;265.83
163;536385.91;6001159.1;265.82
157;536393.0;6001161.66;265.61
2694;536397.03;6001157.32;265.53
1245;536404.99;6001163.1;265.48
1523;536409.37;6001160.73;265.67
3218;536416.31;6001163.48;265.45
1085;536426.76;6001159.84;265.64
1568;536433.48;6001160.74;265.45
1366;536445.25;6001150.64;265.64
317;536452.69;6001144.61;265.61
2074;536456.94;6001140.75;265.6
2949;536464.98;6001142.04;265.57
2268;536467.22;6001137.47;265.56
66;536466.99;6001134.8;265.51
1087;536469.36;6001133.24;265.48
1587;536479.55;6001132.76;265.59
3195;536479.9;6001129.23;265.49
40;536484.58;6001125.91;264.83
6;536487.8;6001120.52;265.17
1149;536500.07;6001122.11;264.95
804;536501.04;6001109.38;265.37
1303;536502.58;6001101.17;265.39
583;536503.24;6001091.86;265.62
2781;536505.65;6001080.43;265.84
437;536506.19;6001072.76;265.91
3211;536510.33;6001068.63;265.5
1031;536516.33;6001067.28;265.58
450;536524.45;6001061.55;265.29
2085;536531.17;6001055.89;265.29
2958;536533.66;6001053.66;265.65
3081;536534.55;6001048.52;265.6
3075;536543.22;6001047.84;265.66
1181;536545.72;6001044.71;265.82
2395;536543.21;6001036.63;265.16
1173;536548.75;6001033.31;265.65
2664;536548.22;6001028.97;265.62
667;536554.41;6001025.7;265.9
2224;536555.55;6001019.56;265.9
1583;536552.06;6001017.19;265.16
206;536560.44;6001005.64;265.59
1513;536559.7;6001004.99;264.9
2295;536562.83;6001000.17;265.06
3158;536563.26;6000994.98;265.43
3100;536572.59;6000997.07;266.25
1602;536582.53;6000994.02;265.87
3051;536586.02;6000988.44;265.75
601;536594.95;6000984.01;266.01
908;536600.43;6000979.81;266.1
111;536611.02;6000976.46;265.91
991;536613.11;6000972.86;265.81
798;536628.37;6000972.87;265.71
1171;536631.03;6000968.07;265.64
1870;536647.76;6000964.48;265.64
1409;536658.48;6000962.06;265.74
512;536665.93;6000952.23;265.5
135;536673.71;6000946.7;265.53
2929;536685.64;6000948.39;265.39
374;536694.65;6000943.3;265.26
1400;536711.73;6000939.73;265.5
2452;536716.14;6000938.65;265.45
1061;536719.46;6000931.98;265.16
1566;536721.14;6000928.88;265.28
1324;536719.79;6000928.74;265.31
2488;536721.64;6000926.43;265.23
501;536725.27;6000923.4;265.19
1368;536729.88;6000921.7;265.34
975;536737.84;6000920.5;266.13
473;536739.26;6000917.96;266.1
2426;536740.53;6000918.25;265.68
1894;536741.91;6000919.55;265.03
481;536748.59;6000916.49;264.89
551;536167.05;6001327.63;259.35
1765;536164.0;6001331.47;259.15
2557;536160.15;6001335.09;260.6
2871;536159.71;6001335.67;261.48
1076;537987.35;6000117.24;384.77
3131;537986.83;6000117.05;376.91
2397;537987.3;6000117.93;378.64
3132;537986.29;6000119.16;378.38
2444;537985.65;6000119.15;378.4
727;537985.98;6000119.23;382.0
323;537985.12;6000121.4;378.38
2939;537985.84;6000119.64;374.01
144;537984.88;6000120.89;372.92
887;537985.93;6000121.19;372.95
3086;537984.84;6000122.1;372.93
1570;537985.21;6000120.56;373.01
2318;537986.15;6000120.39;373.07
441;537985.7;6000121.34;372.35
2681;537984.56;6000121.31;372.22
2652;537985.06;6000121.47;377.5
1391;537984.1;6000121.04;345.88
109;537990.21;6000112.19;379.61
1130;537987.68;6000112.18;366.94
125;537989.55;6000113.13;368.73
722;537987.98;6000109.37;368.55
3022;537989.29;6000110.6;368.66
1378;537990.66;6000111.73;368.67
1239;537988.37;6000110.49;366.48
1247;537991.43;6000110.87;383.67
2093;537991.71;6000111.01;387.92
2739;537990.26;6000110.5;367.3
2766;537991.23;6000111.51;383.79
670;537993.23;6000112.57;384.29
2186;537989.26;6000110.26;384.0
1485;537992.5;6000112.18;387.23
892;537992.64;6000112.02;388.24
1283;537992.59;6000112.22;383.96
2815;537992.8;6000112.96;386.93
2163;537992.77;6000110.43;387.7
522;537991.65;6000110.04;387.01
335;537994.48;6000114.84;390.84
1811;537995.23;6000111.22;392.07
2623;537995.23;6000111.16;390.56
834;537994.8;6000111.12;397.14
2378;537995.14;6000107.91;392.66
142;537994.71;6000108.97;392.19
1440;537995.37;6000109.82;392.26
2942;537987.91;6000118.41;357.31
3213;537989.55;6000114.67;365.43
961;537986.51;6000120.39;353.68
18;537984.38;6000121.29;353.02
1339;537986.37;6000118.58;353.9
1197;537988.06;6000118.96;354.49
1717;537989.52;6000116.08;355.31
324;537989.18;6000118.04;354.7
2015;537983.66;6000120.98;347.32
2377;537983.77;6000120.92;347.77
80;537984.12;6000118.49;347.55
2656;537984.98;6000121.09;347.19
1145;537985.58;6000119.84;347.05
277;537984.67;6000122.48;347.52
2016;537983.86;6000121.8;347.37
2838;537981.3;6000119.95;333.16
402;537981.78;6000120.29;341.36
2441;537984.48;6000120.3;345.37
882;537984.11;6000121.16;345.95
2284;537983.79;6000125.45;342.4
2325;537980.89;6000120.6;333.32
403;537983.74;6000125.67;340.57
2283;537984.39;6000125.71;345.94
618;537985.27;6000125.93;342.34
482;537984.86;6000126.64;342.3
2145;537983.26;6000126.94;342.43
218;537982.44;6000124.66;342.46
2396;537988.04;6000129.36;350.45
122;537988.16;6000129.42;349.4
1707;537987.94;6000129.81;350.38
509;537988.27;6000128.48;350.36
2479;537989.07;6000130.28;351.02
507;537989.35;6000128.8;351.03
1531;537992.54;6000128.48;353.06
2293;537992.24;6000128.41;352.0
1474;537991.16;6000127.96;365.53
942;537991.08;6000127.32;352.99
226;537990.25;6000128.85;353.17
2150;537992.32;6000129.74;353.16
2877;537992.13;6000129.44;363.63
1095;537990.84;6000128.07;366.14
2528;537980.75;6000120.13;338.01
2916;537979.54;6000118.76;333.79
1585;537979.36;6000120.68;333.4
969;537980.01;6000122.22;333.62
1421;537980.94;6000120.97;333.52
1986;537981.64;6000120.29;333.67
696;537979.45;6000120.46;333.53
421;537980.14;6000122.26;333.47
2356;537981.28;6000120.74;333.78
2352;537979.67;6000118.17;333.53
158;537979.86;6000120.25;336.57
2134;537979.41;6000120.75;330.81
2850;537978.46;6000122.87;328.1
297;537978.36;6000123.83;328.29
91;537979.13;6000122.95;331.64
2615;537978.69;6000122.91;328.1
3105;537978.21;6000122.9;328.11
1274;537978.79;6000121.93;328.16
832;536633.67;6002128.28;248.13
369;536631.76;6002130.56;248.0
2165;536634.41;6002137.62;247.68
1039;536636.27;6002146.67;247.53
1794;536629.49;6002151.4;247.43
716;536627.81;6002154.41;247.39
714;536634.34;6002160.11;247.29
1912;536631.35;6002164.38;247.23
2055;536633.87;6002166.04;247.2
608;536636.69;6002169.16;247.15
2744;536637.52;6002171.19;247.13
1720;536633.39;6002179.21;247.03
2940;536629.5;6002190.44;246.89
440;536620.7;6002192.72;246.88
956;536613.7;6002192.79;246.87
2007;536592.6;6002204.89;246.83
1479;536586.78;6002202.9;246.82
558;536585.21;6002201.26;246.82
835;536587.14;6002197.85;246.89
2124;536578.33;6002190.08;247.12
2733;536570.98;6002195.21;247.29
261;536561.75;6002187.83;247.45
971;536555.97;6002188.01;247.43
3057;536552.38;6002190.17;247.42
2156;536551.15;6002194.17;247.18
2977;536547.91;6002195.85;246.94
2690;537016.72;6002069.73;265.51
2346;537019.19;6002065.9;266.36
758;537020.4;6002063.96;265.76
2131;537022.26;6002063.77;265.82
2763;537024.04;6002062.07;266.25
1544;537023.84;6002058.65;265.79
2219;537024.75;6002056.87;266.95
719;537024.94;6002053.86;266.14
981;537028.65;6002048.97;267.3
2773;537034.81;6002048.07;266.43
504;537040.27;6002045.48;266.51
2135;537043.59;6002047.31;266.56
1708;537045.61;6002050.14;266.61
160;537048.53;6002058.79;266.72
2525;537050.37;6002061.67;266.76
494;537053.22;6002063.47;266.79
2688;537055.4;6002062.32;266.82
454;537058.19;6002057.39;266.88
1676;537061.51;6002054.34;266.92
1402;537063.38;6002050.98;267.03
331;537064.59;6002046.65;267.15
3220;537067.27;6002043.76;267.26
1771;537069.71;6002041.45;267.35
252;537069.79;6002037.62;267.37
372;537071.58;6002033.66;267.4
1351;537074.56;6002029.79;267.44
572;537082.3;6002013.7;267.79
446;537082.56;6002010.74;267.85
103;537085.73;6002015.35;270.86
1914;537081.77;6002005.15;267.94
455;537084.97;6001995.09;268.1
503;537088.35;6001989.72;268.19
2476;537092.27;6001981.0;268.33
2178;537093.85;6001978.14;268.38
1667;537099.5;6001974.56;268.62
2113;537102.91;6001969.96;268.83
2031;537105.09;6001966.53;268.98
368;537108.42;6001962.55;269.17
1206;537109.91;6001958.65;269.32
1877;537109.01;6001955.32;269.44
1723;537107.66;6001951.18;269.55
284;537108.46;6001949.4;269.59
1442;537112.84;6001942.95;269.76
1801;537116.31;6001933.99;269.97
817;537117.65;6001929.33;270.07
880;537117.22;6001927.58;270.11
3217;537112.27;6001921.43;270.17
2463;537111.63;6001918.86;270.17
1518;537112.93;6001913.21;270.17
1625;537113.33;6001899.24;270.77
909;537114.19;6001897.53;270.82
1220;537121.29;6001891.56;270.48
963;537127.22;6001886.25;270.64
1810;537128.48;6001879.73;270.81
2620;537131.24;6001866.0;271.42
712;537132.86;6001851.78;271.47
2340;537132.28;6001835.13;271.73
268;537136.91;6001825.72;271.75
2436;537135.5;6001819.25;271.77
1783;537137.63;6001815.65;271.77
1348;537141.65;6001814.53;271.78
534;537145.29;6001805.64;271.8
2235;537147.87;6001796.95;271.82
2756;537148.94;6001791.06;271.83
846;537154.77;6001787.89;272.27
2943;537161.22;6001780.05;272.77
2359;537166.78;6001775.32;272.99
1192;537169.46;6001772.54;273.11
3011;537174.41;6001764.66;273.39
652;537181.96;6001752.03;274.34
1693;537185.83;6001740.99;274.67
710;537189.22;6001730.4;274.98
1452;537192.27;6001726.47;275.12
1103;537195.76;6001723.48;275.21
1096;537199.3;6001721.25;275.24
2896;537208.3;6001723.21;275.32
2473;537226.44;6001716.34;275.48
456;537229.35;6001713.22;275.52
893;537237.41;6001706.23;275.47
370;537240.63;6001705.2;275.32
3140;537244.92;6001705.19;275.42
3116;537248.16;6001703.01;275.5
2846;537250.51;6001699.64;275.59
325;537251.4;6001693.34;275.73
1571;537252.11;6001681.25;275.92
312;537253.04;6001673.8;275.85
869;537256.54;6001663.57;275.77
1084;537261.74;6001652.38;275.8
2168;537263.84;6001644.26;275.81
351;537265.51;6001635.31;275.84
1550;537266.06;6001634.12;275.86
853;537270.68;6001632.31;275.92
161;537264.08;6001631.75;275.86
1963;537276.97;6001628.81;276.01
1207;537284.45;6001624.19;276.12
922;537285.58;6001622.65;276.15
1673;537287.92;6001614.76;276.25
781;537289.4;6001613.12;276.28
2956;537290.87;6001612.28;276.4
49;537296.83;6001612.95;276.62
77;537298.57;6001612.76;276.61
3225;537300.29;6001611.46;276.61
2764;537301.14;6001609.74;276.61
2984;537301.41;6001603.49;276.61
1308;537301.94;6001600.48;276.61
3201;537303.44;6001598.72;276.61
1944;537309.91;6001594.94;276.6
2462;537314.58;6001593.66;276.6
2741;537320.01;6001594.14;276.6
953;537323.31;6001594.17;276.6
2160;537324.91;6001593.22;276.59
1973;537326.78;6001590.18;276.59
83;537328.33;6001588.37;276.59
2371;537332.71;6001587.14;276.59
435;537337.76;6001586.97;276.59
1218;537348.12;6001587.63;276.62
740;537340.69;6001579.86;293.39
3134;537356.79;6001591.26;276.64
1257;537362.4;6001592.04;276.66
270;537368.85;6001590.97;276.68
2676;537373.78;6001591.27;276.69
1695;537383.38;6001589.59;276.77
429;537386.33;6001590.07;276.8
2276;537392.8;6001593.53;276.87
1589;537398.41;6001594.07;276.93
10;537403.15;6001594.54;276.98
2355;537406.13;6001596.0;277.01
2187;537410.68;6001594.72;277.06
2848;537417.91;6001595.54;277.13
1373;537421.16;6001597.99;277.17
2678;537430.54;6001598.09;277.35
1477;537435.15;6001596.76;279.39
1831;537440.08;6001591.84;279.44
404;537441.29;6001592.27;279.44
837;537442.55;6001600.0;279.5
2851;537444.57;6001602.84;279.52
1088;537449.94;6001606.22;279.57
2521;537452.72;6001611.16;279.63
2425;537448.44;6001620.56;279.64
1211;537446.28;6001627.81;279.48
1954;537447.39;6001637.53;279.78
1429;537444.29;6001640.82;279.83
2560;537445.41;6001646.99;279.9
1139;537448.8;6001650.55;279.93
296;537452.75;6001652.67;279.96
626;537454.12;6001653.75;279.97
71;537455.21;6001656.56;279.98
3214;537454.69;6001661.12;280.01
2727;537455.78;6001664.05;280.03
1888;537460.41;6001671.52;280.07
640;537462.29;6001672.55;280.08
2636;537464.59;6001673.07;280.1
2416;537466.58;6001674.57;280.11
399;537468.73;6001676.82;280.13
526;537471.86;6001677.24;280.14
249;537478.86;6001675.09;280.17
1034;537481.25;6001672.14;280.18
3026;537483.33;6001669.82;280.19
1492;537488.79;6001667.33;280.21
215;537494.91;6001659.98;280.24
3185;537494.56;6001651.88;281.76
849;537503.39;6001661.08;283.74
2269;537501.1;6001632.86;282.23
674;537518.97;6001620.25;282.23
726;537521.34;6001611.09;282.25
631;537536.86;6001606.71;282.28
1009;537540.1;6001597.75;282.3
118;537540.56;6001590.74;282.31
1006;537543.95;6001579.58;282.34
1964;537544.5;6001569.22;282.37
1622;537538.08;6001568.53;282.38
2684;537542.91;6001556.01;282.42
2326;537551.19;6001551.87;282.44
1415;537557.36;6001540.77;282.52
2728;537563.61;6001524.98;282.64
2339;537585.14;6001514.43;282.8
433;537594.92;6001522.44;282.86
2413;537599.63;6001524.52;282.88
1225;537610.56;6001527.81;282.91
2935;537610.53;6001534.07;282.92
1983;537612.23;6001535.5;282.93
1878;537617.11;6001535.15;282.94
3141;537616.12;6001537.68;282.95
1117;537604.1;6001550.61;283.0
1077;537611.74;6001560.65;283.05
1174;537613.62;6001562.03;283.07
1757;537616.82;6001558.75;283.1
1444;537618.2;6001554.84;283.12
84;537621.26;6001552.71;283.15
2642;537625.59;6001553.45;283.18
1889;537627.02;6001551.75;283.19
247;537630.67;6001552.01;283.22
1494;537637.22;6001552.0;283.26
860;537643.38;6001553.94;283.34
1120;537648.81;6001557.03;281.75
2587;537656.57;6001557.45;283.47
2575;537670.72;6001547.94;283.58
2600;537675.48;6001542.84;283.63
1003;537681.21;6001536.25;283.69
2754;537683.48;6001531.26;283.73
3094;537684.91;6001524.92;283.78
1884;537690.64;6001515.37;283.86
2819;537697.74;6001518.9;283.91
67;537704.35;6001506.83;283.41
1892;537708.81;6001507.0;283.44
304;537710.91;6001508.62;283.46
1299;537718.08;6001502.36;283.16
520;537738.15;6001475.76;278.79
3244;537760.56;6001467.21;278.13
1212;537789.53;6001455.56;277.07
1071;537816.41;6001444.56;276.32
1582;537824.25;6001446.26;276.84
2535;537830.17;6001439.15;282.31
257;537834.25;6001440.82;282.94
2696;537845.22;6001425.83;282.94
476;537852.31;6001431.98;282.22
3190;537856.88;6001430.36;279.45
870;537864.79;6001422.02;277.53
177;537874.0;6001424.8;277.2
1804;537878.81;6001422.25;277.01
1788;537886.18;6001412.74;275.74
1606;537893.64;6001411.19;274.9
344;537898.32;6001404.57;274.66
921;537893.9;6001395.65;274.6
1991;537897.83;6001383.97;274.53
793;537899.5;6001374.91;274.33
2791;537907.89;6001368.5;274.1
1287;537911.09;6001363.42;274.01
2666;537912.04;6001352.43;273.92
1958;537920.35;6001340.0;273.8
945;537923.87;6001333.71;273.82
1167;537931.47;6001323.75;273.88
2058;537340.71;6001575.68;290.18
2805;537342.69;6001568.03;281.12
1756;537350.34;6001553.54;281.73
72;537355.08;6001544.21;285.1
219;537357.51;6001538.79;289.93
2778;537358.43;6001534.79;289.44
1007;537355.18;6001533.07;287.45
1226;537351.25;6001532.89;286.76
632;537339.87;6001525.57;285.87
305;537334.11;6001526.24;285.61
2852;537328.72;6001528.98;286.22
2011;537322.67;6001527.85;288.77
2310;537308.19;6001533.48;290.54
1458;537304.85;6001532.83;288.71
1328;537302.93;6001530.97;285.84
2785;537296.12;6001531.14;283.86
1457;537290.08;6001530.17;284.17
2879;537288.82;6001526.24;284.38
152;537282.06;6001519.32;288.98
213;537279.16;6001509.97;293.33
489;537281.52;6001505.98;293.46
2289;537282.63;6001502.27;293.57
2572;537286.68;6001496.1;292.63
2787;537288.49;6001497.33;292.68
521;537290.44;6001496.27;292.73
488;537291.08;6001496.53;292.74
1242;537297.18;6001487.21;294.35
1275;537300.91;6001482.05;295.93
527;537309.48;6001468.37;289.21
107;537311.39;6001457.35;287.57
580;537320.08;6001440.17;287.88
1656;537324.97;6001426.07;288.12
2564;537328.17;6001421.26;288.23
2301;537329.94;6001419.58;288.3
823;537332.38;6001418.78;288.38
2175;537334.68;6001415.14;288.5
2685;537344.84;6001413.96;288.79
787;537346.97;6001410.25;288.91
2963;537348.19;6001404.94;289.06
1335;537352.95;6001401.12;289.05
2455;537359.42;6001395.93;289.0
1724;537366.6;6001389.55;289.17
965;537367.84;6001380.68;289.36
2032;537379.32;6001373.31;289.66
1161;537385.2;6001360.93;290.15
2104;537388.37;6001344.3;294.52
2404;537375.82;6001361.34;292.79
2402;537400.67;6001336.11;290.29
2825;537409.98;6001332.27;290.35
245;537417.95;6001326.61;290.41
425;537424.07;6001326.14;290.45
3144;537428.38;6001322.67;290.5
2514;537435.66;6001316.46;290.59
2051;537443.74;6001311.81;290.68
540;537446.12;6001309.86;290.71
592;537447.36;6001307.72;290.74
166;537448.9;6001306.73;290.76
2872;537453.31;6001297.33;290.86
2030;537457.91;6001293.58;290.92
2294;537459.83;6001290.56;291.28
1097;537466.86;6001286.18;291.81
1710;537468.33;6001286.46;291.57
983;537476.1;6001280.42;292.01
2200;537477.49;6001280.7;292.08
2068;537480.03;6001279.0;292.17
2331;537483.09;6001277.6;292.17
713;537485.89;6001273.97;292.17
69;537486.79;6001270.64;292.17
2607;537485.16;6001268.42;292.17
826;537485.38;6001266.06;292.17
704;537488.15;6001261.74;292.17
2800;537488.52;6001258.25;292.17
1327;537487.72;6001255.98;292.17
2179;537489.32;6001254.05;292.17
1248;537492.74;6001252.95;292.17
1204;537494.71;6001250.05;292.17
2606;537495.33;6001246.17;292.18
2691;537492.77;6001242.29;292.2
993;537485.95;6001235.73;292.24
2964;537484.62;6001231.64;292.26
1766;537486.94;6001228.54;292.28
1482;537493.38;6001226.81;292.31
1595;537504.14;6001226.17;292.6
358;537520.62;6001224.39;293.7
1321;537525.29;6001224.76;294.01
669;537527.62;6001234.77;294.3
1005;537546.54;6001229.08;294.3
648;537557.97;6001230.67;294.3
2215;537565.71;6001229.55;294.3
2743;537575.93;6001234.23;294.3
307;537580.64;6001232.78;294.3
774;537592.92;6001226.85;294.3
3186;537590.7;6001220.57;294.3
360;537589.33;6001218.72;294.3
2138;537600.16;6001214.17;294.38
1504;537601.91;6001216.96;294.35
2094;537604.43;6001218.18;294.32
287;537610.31;6001216.04;294.26
1564;537614.36;6001214.75;294.22
3245;537618.78;6001215.02;294.17
2226;537621.43;6001214.1;294.14
1553;537624.12;6001214.74;294.12
1554;537627.15;6001213.74;294.09
422;537627.39;6001225.39;294.12
3125;537630.21;6001210.54;294.04
2221;537637.1;6001207.26;293.97
2761;537642.44;6001208.75;293.91
931;537668.84;6001217.38;292.52
2493;537677.24;6001213.93;292.59
1450;537628.24;6001231.0;294.12
1177;537631.82;6001231.9;294.12
2721;537632.53;6001236.84;294.12
2198;537646.13;6001257.5;294.12
805;537651.19;6001258.45;294.12
2648;537662.31;6001259.54;294.12
1596;537667.56;6001259.51;294.12
1945;537678.49;6001265.59;294.12
1317;537683.29;6001266.77;294.12
947;537695.0;6001273.86;294.12
1505;537698.41;6001272.05;294.12
2924;537699.65;6001273.27;294.12
590;537703.42;6001274.88;294.12
662;537706.67;6001275.78;294.12
2446;537711.06;6001275.76;294.12
1035;537718.35;6001281.15;294.12
30;537720.55;6001283.71;294.12
1509;537720.48;6001286.66;294.12
2272;537721.58;6001288.23;294.12
2470;537723.47;6001287.95;294.12
2360;537728.92;6001283.17;294.12
2088;537734.1;6001287.52;294.12
2505;537736.36;6001292.16;294.12
1152;537743.87;6001295.42;294.12
145;537744.44;6001299.21;294.12
318;537747.08;6001301.4;294.12
2199;537756.78;6001307.3;294.12
838;537014.71;6002186.33;280.86
2671;537015.35;6002193.42;281.01
900;537009.71;6002201.28;281.65
1461;537010.43;6002214.4;283.66
2096;537011.16;6002217.77;284.23
2585;537012.29;6002218.96;284.57
2622;537012.52;6002220.9;284.98
831;537011.76;6002221.87;285.23
452;537015.62;6002228.35;286.81
3042;537016.23;6002231.44;287.46
2629;537014.43;6002236.53;288.08
1631;537017.22;6002239.88;288.48
2042;537018.9;6002246.82;289.14
598;537053.12;6002142.04;289.87
2503;537050.52;6002153.8;285.23
229;537046.09;6002150.1;285.2
2711;537044.96;6002152.97;286.81
2347;537046.61;6002156.96;286.88
1647;537043.77;6002162.05;285.09
426;537045.43;6002165.1;282.22
2686;537043.4;6002177.22;282.58
180;537044.38;6002189.54;283.07
289;537043.84;6002197.18;282.12
2544;537041.5;6002219.91;281.88
1337;537049.22;6002236.22;282.38
2875;537047.5;6002242.5;282.78
1445;537017.67;6002040.61;283.53
1256;537008.01;6002029.96;283.21
2078;537000.64;6002032.98;283.04
400;536993.75;6002036.67;283.15
2400;536991.38;6002046.45;283.15
808;536982.62;6002048.85;283.79
2306;536978.66;6002053.77;282.96
3122;536971.16;6002058.34;281.63
3200;536963.02;6002058.72;281.75
1994;536959.77;6002057.49;282.16
2729;536954.86;6002060.57;282.17
1632;536950.54;6002066.29;280.8
2084;536943.34;6002069.15;282.58
680;536932.76;6002075.86;283.46
465;536924.23;6002079.67;282.12
549;536895.33;6002087.99;281.04
910;536872.0;6002086.68;285.45
1417;536862.4;6002086.86;285.22
1920;536838.76;6002091.62;282.44
2368;536836.8;6002090.75;282.31
2731;536831.43;6002092.34;282.04
1129;536823.56;6002099.37;282.8
395;536818.7;6002108.19;281.67
2143;537087.22;6002014.98;270.99
2111;537089.36;6002013.34;271.21
1261;537089.43;6002011.17;271.39
2383;537089.73;6002010.11;271.47
1385;537091.11;6002009.4;271.52
1050;537092.42;6002009.41;271.57
3229;537098.56;6002013.59;271.82
2105;537099.77;6002013.01;271.86
609;537101.81;6002009.14;271.98
1681;537103.74;6002008.43;272.03
658;537105.65;6002008.3;272.07
2259;537106.57;6002009.41;272.1
1104;537107.64;6002011.34;272.14
148;537109.19;6002013.19;272.19
431;537110.17;6002015.48;272.24
946;537109.84;6002018.3;272.3
2140;537110.68;6002021.73;272.37
1356;537112.0;6002024.89;272.44
752;537113.54;6002027.38;272.48
2188;537114.43;6002028.25;272.5
807;537115.09;6002028.2;272.51
763;537116.65;6002026.5;272.55
3097;537119.1;6002026.32;272.59
593;537120.54;6002026.52;272.61
1613;537121.45;6002025.91;272.63
1775;537122.22;6002024.48;272.65
839;537123.46;6002023.87;272.67
365;537125.63;6002024.48;272.71
199;537126.66;6002025.25;272.73
2248;537128.3;6002025.12;272.76
52;537129.64;6002025.76;272.82
265;537131.52;6002025.09;272.9
1977;537134.61;6002025.2;273.03
854;537141.06;6002020.65;273.6
328;537145.35;6002023.12;274.05
100;537147.22;6002023.4;274.22
2081;537150.07;6002024.25;274.49
2487;537152.54;6002023.5;274.72
2536;537158.66;6002020.18;274.78
2709;537164.89;6002016.63;275.27
1704;537169.53;6002013.22;275.38
516;537175.52;6002009.83;275.19
1453;537185.58;6002004.67;275.57
1121;537190.06;6002002.41;275.45
398;537192.66;6001999.92;274.92
603;537194.37;6001997.76;275.39
885;537199.6;6001993.71;275.48
1224;537203.9;6001989.88;275.55
1132;537206.17;6001990.18;275.58
2770;537206.87;6001989.31;275.6
3156;537209.84;6001984.3;275.68
1301;537212.89;6001981.52;275.73
2751;537213.52;6001980.72;275.74
154;537214.23;6001981.25;275.75
38;537217.02;6001979.38;275.8
627;537219.12;6001978.52;275.83
3053;537221.29;6001976.97;275.86
1326;537223.86;6001975.91;275.9
2308;537225.91;6001975.49;275.93
2405;537227.07;6001974.77;275.94
1782;537229.18;6001973.03;275.98
1744;537230.31;6001972.82;276.0
2281;537232.2;6001973.47;276.02
1997;537235.78;6001974.17;276.07
2562;537237.09;6001974.65;276.09
182;537240.35;6001974.87;276.13
1579;537242.23;6001972.94;276.17
2767;537248.95;6001972.7;276.26
2501;537509.64;6001669.2;285.97
1123;537527.36;6001662.92;287.83
3127;537525.01;6001667.92;286.11
417;537533.14;6001655.22;290.55
9;537527.35;6001669.68;284.86
938;537526.47;6001675.02;282.53
439;537526.99;6001678.77;282.15
625;537524.05;6001682.35;282.13
380;537522.89;6001682.67;282.12
1526;537518.45;6001694.58;282.07
2667;537519.28;6001696.84;282.06
1154;537517.26;6001702.22;282.13
3121;537517.25;6001705.27;282.17
2384;537514.65;6001706.29;282.2
2532;537511.97;6001707.38;282.24
976;537509.61;6001709.63;282.28
1344;537509.76;6001714.65;282.34
2827;537507.72;6001717.26;282.38
3025;537505.77;6001720.84;284.07
238;537507.39;6001723.86;284.13
646;537505.24;6001730.29;284.86
133;537537.03;6001646.16;293.35
2053;537373.87;6001356.5;292.85
1859;537382.43;6001349.9;292.97
22;537376.78;6001345.5;293.48
239;537371.23;6001349.41;293.17
2605;537366.65;6001350.09;292.95
2801;537360.45;6001330.16;295.52
3173;537362.07;6001327.09;296.57
1420;537358.8;6001322.48;297.41
977;537358.69;6001314.18;298.13
1300;537356.85;6001310.44;295.35
149;537356.75;6001309.43;295.35
1389;537355.6;6001307.69;295.35
2408;537355.63;6001306.37;295.35
1414;537354.76;6001304.55;295.35
709;537347.99;6001297.09;295.52
2866;537343.58;6001290.66;295.82
3187;537342.24;6001287.81;295.93
475;537341.13;6001286.56;296.02
2840;537339.37;6001286.68;296.14
2968;537336.68;6001283.59;296.42
392;537335.84;6001280.25;295.59
607;537332.77;6001274.36;295.59
697;537334.28;6001273.87;295.59
260;537333.17;6001272.61;295.59
1410;537331.46;6001272.53;295.59
1803;537330.04;6001271.05;295.59
1205;537328.96;6001268.56;295.59
2554;537327.16;6001268.47;295.59
244;537258.26;6001631.12;275.86
2611;537252.02;6001629.16;275.86
1251;537250.72;6001631.74;275.86
2911;537249.42;6001631.52;275.86
1023;537249.34;6001629.65;275.86
3082;537247.53;6001627.49;275.86
578;537243.38;6001631.93;275.86
423;537240.63;6001630.06;275.86
824;537237.4;6001632.52;275.86
2972;537230.7;6001627.02;275.86
1882;537226.74;6001634.32;275.86
810;537222.74;6001645.53;275.86
3133;537219.99;6001643.17;275.86
569;537216.93;6001649.11;275.86
2170;537216.24;6001654.38;275.86
68;537213.83;6001654.01;275.86
63;537207.15;6001655.29;275.86
2279;537204.89;6001658.52;275.86
214;537201.25;6001659.93;275.86
3162;537196.1;6001662.41;275.86
955;537193.99;6001662.24;275.86
1694;537187.54;6001664.13;275.86
468;537188.11;6001671.48;275.86
1787;537184.78;6001672.58;275.86
3145;538176.89;6000851.67;447.47
1323;538177.81;6000852.01;448.89
3039;538178.26;6000852.01;446.46
3073;538177.61;6000851.08;448.28
533;538176.95;6000851.54;448.33
3054;538175.69;6000851.72;448.52
2966;538176.23;6000853.34;448.15
1868;538176.73;6000854.38;447.69
1615;538177.54;6000854.44;447.2
1142;538177.99;6000854.07;446.41
45;538177.72;6000854.64;446.39
3159;538178.49;6000853.6;446.49
898;538178.0;6000854.12;446.82
2048;538178.14;6000854.34;445.37
1730;538179.04;6000854.55;446.05
2578;538179.22;6000854.07;446.0
1196;538179.12;6000854.51;446.15
3020;538189.32;6000883.08;395.0
2823;538187.2;6000878.66;395.23
2566;538188.35;6000878.22;395.33
1992;538187.86;6000878.41;396.07
478;538187.8;6000878.46;394.63
957;538186.39;6000876.17;395.19
532;538187.08;6000875.61;395.27
1520;538187.18;6000877.95;394.7
3096;538187.14;6000878.58;394.63
2445;538185.28;6000878.25;392.9
2715;538187.86;6000880.81;395.3
1692;538188.68;6000880.02;395.29
15;538190.45;6000885.31;394.45
233;538189.83;6000882.82;395.05
1060;538189.38;6000883.33;396.02
2374;538189.36;6000883.09;393.58
2364;538189.04;6000881.41;395.02
705;538188.14;6000881.58;394.9
1800;538189.56;6000884.18;394.94
1660;538190.21;6000883.77;395.05
3029;538190.55;6000885.94;393.63
2008;538189.8;6000885.81;394.68
1580;538190.86;6000885.09;394.93
2813;538190.35;6000885.35;395.4
35;538190.45;6000886.03;382.42
2517;538189.61;6000885.03;394.76
1976;538190.63;6000886.21;394.56
2194;538191.29;6000886.45;394.41
1202;538191.04;6000885.66;394.71
1634;538190.94;6000885.17;394.47
155;538190.43;6000884.34;394.69
1626;538190.67;6000885.31;389.96
2057;538190.84;6000885.68;393.66
2414;538190.59;6000885.85;395.33
2506;538190.15;6000885.41;382.23
1169;538189.91;6000885.12;393.63
2779;538191.3;6000886.66;393.73
720;538190.27;6000884.7;383.39
37;538189.93;6000885.72;389.97
1217;538190.27;6000885.36;394.94
2288;538190.77;6000885.17;381.93
246;538190.39;6000884.67;389.89
236;538189.86;6000884.45;389.85
1620;538189.92;6000885.23;389.88
1258;538189.96;6000885.83;389.98
1416;538192.13;6000885.81;390.06
2632;538191.87;6000886.83;389.97
1080;538191.09;6000887.05;389.92
2252;538189.85;6000885.7;383.39
350;538190.51;6000886.9;383.38
1832;538192.34;6000886.27;383.26
1106;538192.74;6000885.11;383.3
1021;538193.35;6000884.44;383.2
1229;538191.77;6000883.97;383.22
535;538189.9;6000884.49;395.08
3001;538191.06;6000886.27;394.34
859;538190.28;6000885.57;394.96
1499;538191.99;6000886.71;387.15
1495;538192.81;6000885.45;387.27
1302;538193.09;6000884.78;387.28
2089;538190.72;6000883.92;386.89
933;538189.62;6000884.32;386.74
1064;538192.34;6000885.15;381.31
2063;538192.46;6000885.85;383.29
1379;538190.1;6000884.9;393.39
1987;538190.54;6000884.86;381.83
2624;538193.1;6000884.53;383.4
2337;538192.54;6000885.48;383.4
1581;538192.22;6000886.31;383.36
1346;538191.46;6000887.19;383.37
2264;538190.53;6000886.97;383.37
2232;538190.75;6000886.86;383.7
1815;538190.01;6000886.23;383.61
1001;538189.69;6000885.61;383.56
2132;538191.74;6000885.59;381.3
497;538191.8;6000885.37;377.46
2466;538191.8;6000886.33;381.04
1493;538192.09;6000886.75;381.11
92;538192.53;6000886.52;381.12
2130;538192.08;6000884.44;381.33
2760;538192.89;6000884.52;381.46
124;538193.49;6000885.09;381.37
2496;538191.71;6000887.18;379.67
2646;538191.43;6000886.96;379.77
2868;538191.73;6000887.22;380.22
1137;538190.71;6000887.19;375.55
1109;538190.66;6000887.01;377.12
3224;538190.88;6000886.99;378.17
1840;538191.14;6000887.13;377.16
2807;538190.69;6000887.03;375.64
2784;538191.09;6000886.53;374.25
1195;538190.43;6000887.9;376.73
2539;538189.7;6000888.71;376.08
738;538189.94;6000888.13;376.78
2834;538189.73;6000888.68;375.67
198;538189.52;6000888.44;375.69
2653;538189.6;6000888.84;377.81
1125;538189.45;6000888.67;374.13
2936;538188.65;6000889.28;374.83
131;538189.14;6000889.22;374.87
1850;538188.0;6000890.16;362.76
1456;538188.63;6000889.38;375.23
924;538188.92;6000889.48;378.79
2680;538188.95;6000890.31;375.05
2038;538188.51;6000890.93;375.25
1355;538189.18;6000889.39;373.65
108;538188.71;6000889.44;373.68
1689;538189.37;6000889.4;373.69
675;538189.15;6000889.44;376.91
1911;538188.73;6000889.58;364.42
1895;538188.89;6000888.94;373.69
1040;538188.96;6000890.51;373.68
653;538188.55;6000891.41;373.71
2195;538188.73;6000890.23;373.73
2201;538187.21;6000892.14;374.0
1968;538188.76;6000889.28;364.39
406;538188.39;6000889.09;364.37
2826;538189.1;6000889.4;364.59
170;538188.96;6000889.01;371.16
1822;538188.76;6000889.25;362.56
3130;538187.23;6000891.19;364.49
676;538186.05;6000894.14;364.42
3226;538187.9;6000891.95;364.35
3063;538189.2;6000888.61;364.43
483;538188.89;6000889.51;364.29
1049;538188.33;6000890.39;362.66
2822;538187.68;6000890.1;362.62
2305;538188.35;6000890.38;362.95
153;538188.27;6000890.41;357.66
2625;538187.13;6000891.32;357.19
2901;538188.1;6000891.89;357.24
749;538186.87;6000891.23;357.21
1334;538187.09;6000891.42;356.72
604;538187.51;6000894.52;357.48
2239;538187.0;6000895.2;357.64
3114;538187.08;6000891.76;357.23
1510;538185.39;6000892.91;357.46
2762;538185.58;6000894.49;357.51
1243;538187.58;6000890.1;357.63
2421;538188.38;6000890.21;357.71
698;538186.39;6000895.14;357.23
3035;538187.48;6000897.01;357.41
1726;538187.02;6000897.03;357.47
818;538187.71;6000897.07;357.52
2133;538187.47;6000897.0;357.59
964;538187.43;6000897.14;355.95
469;538186.93;6000897.99;357.27
1466;538186.41;6000898.15;357.26
2034;538186.92;6000897.25;357.4
2899;538186.46;6000898.43;356.46
937;538186.72;6000898.22;356.22
2280;538186.18;6000897.77;356.46
784;538186.31;6000898.26;357.5
2497;538186.41;6000898.43;355.05
3165;538184.84;6000897.94;354.38
2277;538184.79;6000898.65;354.45
2211;538184.92;6000897.96;355.32
2634;538184.83;6000898.09;353.54
1364;538185.29;6000898.31;354.67
862;538185.6;6000898.14;354.82
1422;538182.81;6000895.49;354.41
96;538182.19;6000895.89;353.96
3078;538183.56;6000896.47;352.99
353;538184.56;6000898.1;354.47
692;538184.46;6000897.3;354.53
332;538183.25;6000897.33;349.96
3126;538183.77;6000896.16;350.14
2049;538183.12;6000897.55;350.01
706;538185.7;6000897.4;363.98
2520;538183.21;6000896.73;347.34
3003;538183.71;6000896.13;350.06
3032;538184.29;6000896.49;350.1
553;538184.71;6000897.24;350.21
2257;538184.05;6000897.89;350.15
841;538183.05;6000896.53;349.99
2373;538182.46;6000896.15;349.98
114;538182.52;6000896.85;349.94
967;538182.15;6000896.15;348.57
1934;538182.29;6000896.54;348.61
251;538182.53;6000896.67;350.73
2328;538182.19;6000896.09;346.84
3135;538180.88;6000897.85;348.15
1799;538180.06;6000899.65;347.96
2027;538181.41;6000897.64;347.39
1407;538181.17;6000899.03;347.23
2432;538182.1;6000897.12;348.66
1489;538180.92;6000900.13;348.98
688;538181.52;6000900.49;349.04
3179;538180.59;6000899.89;347.85
1399;538181.46;6000900.16;350.86
2189;538181.78;6000900.0;349.13
2319;538182.46;6000899.09;349.17
390;538182.63;6000897.68;349.09
1166;538182.17;6000897.42;349.1
864;538180.26;6000900.11;348.09
2998;538180.32;6000900.77;347.92
415;538181.59;6000898.82;345.38
1055;538181.72;6000897.82;346.15
150;538180.4;6000900.04;342.08
629;538180.39;6000900.05;342.06
119;538180.2;6000899.99;342.15
1004;538181.0;6000900.5;342.09
2627;538180.78;6000900.24;348.85
2103;538180.77;6000899.19;342.21
279;538181.33;6000898.94;342.26
1369;538181.48;6000899.47;342.19
2017;538179.72;6000901.54;342.69
1817;538180.01;6000903.02;343.02
2498;538180.2;6000901.33;341.96
1155;538180.6;6000902.08;342.46
2626;538180.74;6000900.94;342.57
3228;538180.04;6000902.21;343.71
1793;538181.07;6000902.18;343.8
2287;538180.12;6000902.48;340.68
773;538180.63;6000902.13;347.27
490;538180.88;6000903.07;343.69
2152;538180.66;6000904.39;343.68
1354;538180.45;6000905.17;343.81
3163;538179.98;6000902.98;343.75
1525;538179.99;6000904.73;344.07
3204;538180.6;6000906.26;342.14
547;538180.58;6000904.33;343.47
3170;538180.14;6000904.52;343.38
2961;538180.37;6000904.66;344.64
281;538180.23;6000904.03;336.12
3060;538180.89;6000906.4;341.16
2348;538180.47;6000906.09;337.22
2153;538180.14;6000906.27;337.35
633;538180.95;6000905.96;337.26
960;538180.81;6000906.11;342.66
1370;538181.2;6000906.26;331.64
3098;538179.66;6000905.14;337.18
736;538179.78;6000904.08;337.1
765;538179.95;6000902.86;337.16
2608;538180.65;6000905.13;337.32
1015;538180.56;6000904.06;337.33
1101;538180.2;6000904.67;335.98
2749;538181.24;6000906.49;337.26
565;538181.57;6000907.4;337.28
1383;538180.62;6000906.48;337.33
2381;538181.17;6000907.22;337.42
2125;538181.71;6000907.45;331.67
1405;538180.88;6000907.89;332.04
1929;538182.48;6000907.16;331.66
1687;538181.16;6000905.93;331.93
1388;538180.65;6000905.8;332.01
1893;538180.72;6000906.98;331.98
1743;538180.83;6000907.44;331.89
1193;538181.04;6000907.93;333.32
1966;538181.93;6000908.23;332.31
891;538182.61;6000906.84;332.07
886;538182.75;6000906.02;332.14
2285;538183.32;6000904.68;332.43
2021;538183.22;6000903.47;332.39
1649;538182.04;6000904.66;332.4
733;538181.11;6000907.64;332.0
104;538180.26;6000907.88;331.82
701;538180.09;6000908.26;331.79
2056;538178.27;6000908.96;331.46
699;538177.68;6000908.69;331.34
2905;538178.11;6000909.47;331.56
2810;538178.15;6000909.01;331.9
1316;538183.38;6000871.35;395.77
1113;538183.01;6000873.0;395.88
3068;538183.49;6000872.53;395.16
1930;538182.63;6000869.87;395.81
2897;538180.99;6000868.95;395.77
1953;538181.9;6000872.36;395.89
2;538180.71;6000870.71;395.98
262;538179.72;6000869.39;395.58
1852;538184.63;6000873.65;395.67
1567;538182.9;6000872.9;395.86
2137;538183.11;6000872.71;395.53
1082;538183.6;6000874.97;395.96
2114;538180.33;6000868.12;395.92
2579;538179.37;6000870.14;395.9
2415;538179.64;6000869.45;396.18
1288;538179.7;6000869.38;395.29
791;538180.37;6000870.38;395.85
613;538179.03;6000868.2;395.85
2969;538178.04;6000867.91;395.89
2965;538177.32;6000868.84;395.66
2234;538178.96;6000870.01;395.93
1857;538178.09;6000868.92;395.45
136;538180.55;6000869.92;395.34
2908;538181.37;6000870.0;395.04
2985;538182.09;6000870.77;395.18
1144;538181.85;6000869.91;395.11
1897;538181.31;6000869.27;395.2
1406;538180.46;6000869.38;395.26
1819;538181.65;6000870.24;391.27
1036;538177.35;6000869.66;395.63
2533;538178.92;6000870.14;395.81
2417;538178.52;6000869.33;397.32
1024;538178.49;6000870.55;395.86
1008;538178.0;6000870.74;396.05
1996;538177.54;6000870.58;395.97
3033;538177.21;6000872.0;396.83
2808;538180.38;6000869.9;391.25
1067;538181.97;6000870.36;391.35
1268;538181.67;6000870.62;396.12
748;538181.28;6000870.3;390.12
210;538180.74;6000869.28;391.23
102;538181.44;6000869.02;391.37
418;538181.6;6000868.4;391.57
734;538181.63;6000871.01;391.41
2478;538182.01;6000869.74;391.25
2555;538181.34;6000871.26;391.34
2205;538181.61;6000871.15;391.33
2655;538181.46;6000871.43;392.41
2788;538181.45;6000871.28;390.28
2380;538181.99;6000872.03;390.47
513;538181.8;6000871.92;390.69
790;538181.96;6000872.33;391.92
1543;538181.71;6000872.03;389.5
821;538179.28;6000877.03;389.52
1959;538180.78;6000878.35;389.19
2202;538179.08;6000877.88;389.37
2428;538182.89;6000875.02;395.84
3016;538183.45;6000875.25;396.71
1281;538183.63;6000874.75;395.4
3005;538182.77;6000873.93;395.9
979;538182.94;6000877.92;395.9
1862;538182.8;6000876.94;395.88
1375;538183.11;6000875.72;396.01
1863;538183.48;6000876.32;395.89
76;538183.29;6000876.62;395.87
2904;538182.68;6000875.25;395.66
1746;538181.96;6000876.02;395.64
1027;538182.2;6000876.96;395.74
668;538182.65;6000877.77;395.68
2320;538183.03;6000877.99;396.04
2891;538182.52;6000877.89;396.24
1814;538183.5;6000878.24;396.23
2387;538183.07;6000877.99;396.59
1447;538182.58;6000879.1;396.37
1350;538183.04;6000878.58;396.17
230;538182.51;6000880.89;396.57
376;538180.66;6000866.55;395.79
2323;538182.16;6000865.35;396.03
2847;538181.04;6000865.91;393.14
93;538181.42;6000868.15;392.69
1331;538179.89;6000860.28;395.98
3095;538178.83;6000861.67;395.95
151;538179.04;6000861.56;396.19
721;538179.06;6000861.54;395.5
2040;538180.84;6000861.63;395.92
2736;538180.83;6000861.17;395.49
1569;538180.63;6000860.61;395.45
2197;538179.12;6000862.33;395.9
377;538178.29;6000860.28;395.9
23;538177.92;6000861.01;395.97
2930;538177.52;6000861.46;396.02
873;538178.34;6000861.94;395.99
2707;538175.77;6000862.84;396.08
605;538176.09;6000861.91;396.07
1601;538175.59;6000862.98;396.05
444;538175.83;6000862.71;396.31
2018;538175.75;6000862.86;395.77
2643;538177.42;6000862.72;396.01
689;538178.01;6000862.26;396.11
902;538174.98;6000862.07;396.02
1043;538174.67;6000861.27;396.1
256;538175.52;6000861.53;396.05
3181;538175.13;6000860.57;396.07
1056;538176.03;6000860.36;396.15
41;538174.96;6000860.52;396.18
1742;538175.19;6000860.44;396.49
329;538175.13;6000860.55;395.69
1672;538175.12;6000859.28;396.1
896;538174.27;6000858.07;396.15
171;538173.91;6000857.59;396.22
340;538174.11;6000857.52;396.22
1825;538173.37;6000858.22;396.5
767;538173.81;6000857.94;396.86
1138;538173.88;6000857.67;395.96
757;538174.37;6000859.58;396.28
98;538174.85;6000859.91;396.23
2794;538172.87;6000857.71;396.39
544;538173.2;6000858.13;396.35
1157;538172.8;6000856.88;396.48
1201;538172.97;6000855.72;396.83
1772;538172.7;6000855.73;396.83
458;538172.65;6000855.73;396.78
1776;538172.85;6000855.59;396.8
388;538171.87;6000856.25;396.93
1398;538172.32;6000855.89;399.94
2159;538172.69;6000855.59;396.55
2971;538171.74;6000855.58;397.02
2812;538171.25;6000855.18;397.14
1662;538171.91;6000854.88;397.04
2675;538171.57;6000854.74;397.13
615;538170.62;6000854.64;397.24
391;538171.19;6000854.16;397.26
2098;538170.58;6000854.51;398.95
538;538170.61;6000854.61;397.03
116;538170.79;6000853.25;397.95
2162;538170.36;6000853.59;397.68
2141;538170.56;6000852.76;398.56
188;538170.77;6000852.66;398.54
2012;538170.24;6000852.82;398.59
2910;538170.58;6000852.81;400.94
201;538170.31;6000853.1;397.64
581;538170.74;6000852.22;398.65
671;538170.23;6000852.0;398.67
595;538170.17;6000850.57;399.46
168;538170.19;6000848.56;399.58
1638;538171.3;6000848.69;399.65
337;538171.89;6000849.28;399.72
1865;538172.16;6000850.35;399.74
1928;538171.41;6000851.39;399.67
2864;538169.45;6000849.82;399.81
2510;538169.93;6000850.2;399.77
290;538170.21;6000850.78;399.77
3246;538169.88;6000848.79;400.99
1183;538169.81;6000850.29;411.89
1454;538169.6;6000848.96;416.38
686;538169.53;6000849.35;419.57
2237;538168.85;6000850.2;421.64
1044;538168.85;6000850.2;441.64
