from_id;to_id
7850;19990
7850;13712
7850;1589
19990;1589
19990;12620
13712;12023
1589;15311
12620;11376
11004;19581
11004;20115
11004;9399
19581;23251
19581;20265
20115;5743
20115;5959
9399;6069
23251;18043
20265;11360
990;10724
990;12584
990;13482
10724;7605
10724;20067
12584;12585
13482;15003
13482;8184
7605;4373
20067;12585
3655;8715
3655;737
3655;15571
8715;8481
8715;175
737;11372
737;8481
15571;23867
175;18242
17432;7522
17432;18152
17432;19519
12669;3377
12669;827
12669;9511
7522;11131
18152;2976
18152;7173
3377;9394
3377;23771
827;6279
22061;13110
22061;16543
22061;20450
22061;22922
13110;20450
13110;16543
16543;6660
16543;2694
22922;6761
18012;10490
18012;16935
18012;16499
10490;19408
10490;23184
10490;3546
16935;14890
16499;8912
19408;20738
19408;23184
19408;8398
23184;12618
3546;12938
6195;22967
6195;2922
6195;4853
22967;4853
22967;23659
2922;18685
2922;291
23659;5323
252;18425
252;19399
252;21003
18425;17332
18425;4631
19399;5939
21003;17332
17332;1057
4631;16313
3442;8692
3442;8731
3442;12749
8692;21377
8692;14141
8731;12401
12749;14141
21377;11714
17948;18001
17948;12188
17948;6542
18001;13489
18001;5572
12188;23820
6542;23820
6542;4160
13489;3532
13489;23368
5572;8426
11372;19136
3118;824
3118;10160
3118;6574
824;9125
824;20152
10160;19477
6574;18662
6574;5026
6574;22792
9125;11845
20152;19427
17642;16400
17642;20790
17642;11617
16400;15653
16400;10793
20790;23632
11617;11715
15653;5764
10793;17171
13327;84
13327;4507
13327;23388
84;4507
84;23455
84;2441
23388;13786
23455;4934
2441;7
5505;16065
5505;22273
5505;1356
17815;1245
16065;12221
22273;20988
22273;4223
1356;1766
1245;17605
17889;4573
17889;13862
17889;68
4573;6265
4573;15900
13862;6521
68;10986
68;425
6265;16884
15900;14032
6660;2713
8464;5368
8464;6801
8464;20738
8464;16701
8464;5745
5368;9739
5368;20738
6801;12840
20738;16113
20738;22314
16701;12996
5745;1680
9739;3260
16113;21531
16113;6101
22314;14618
22314;19816
8398;15405
1902;8239
1902;9295
1902;2790
8239;1133
8239;15466
9295;1133
9295;19481
9295;22207
2790;12969
15466;2865
15466;10879
19481;21445
22207;16905
22207;7677
723;15994
723;60
723;22665
723;13929
723;6981
15994;10083
15994;23634
60;17584
22665;8161
13929;14290
6981;16673
10083;19723
23634;3894
12539;17555
12539;6031
12539;23370
17555;9485
17555;12642
6031;16810
23370;3235
9485;7669
15915;23677
15915;10235
15915;23004
23677;18334
10235;23641
23004;5644
14997;7640
18334;19082
20025;2665
24212;7724
2665;18372
7724;2446
7724;14551
7724;20550
1135;6289
1135;8318
6289;1966
6289;10503
8318;17752
1966;11448
10503;14542
16506;4590
16506;1786
21071;22569
21071;1786
21071;20708
1786;20664
1786;8686
1786;8040
22569;7820
20708;275
21751;7386
21751;12862
21751;11200
21751;11229
21751;13613
21751;16646
7386;11951
7386;10824
7386;1520
12862;12959
11200;5425
11229;8238
13613;18798
16646;10072
11951;742
11951;11207
10824;5610
2641;6757
2641;7177
2641;8473
6757;5175
6757;6454
7177;5400
8473;23074
5175;21986
5175;4577
5175;18318
5175;19380
6454;22245
21986;17877
4577;23452
18318;9585
19380;16048
3257;4370
3257;2797
3257;2204
4370;465
4370;15264
4370;5898
4370;4606
2797;5574
2204;9368
2204;1022
2204;8354
2204;12915
2204;22101
465;6023
15264;7832
5898;2929
4606;1662
6828;1567
6828;21200
6828;12236
1567;1521
1567;23373
1567;8757
21200;5437
12236;9133
1521;12276
23373;13737
8757;3090
9680;21229
9680;21947
9680;16363
21229;2627
21229;2985
21947;18909
16363;1759
2627;20742
2627;21244
2627;3449
2627;11184
2985;20163
9395;20989
9395;4651
9395;12375
20989;3445
20989;10362
20989;17697
20989;11203
4651;12647
12375;22523
3445;14887
10362;20793
17697;23342
11203;5967
16122;13563
16122;18858
16122;16345
13563;547
18858;879
16345;6803
547;21808
9609;12155
9609;7993
9609;3052
12155;14970
12155;20755
12155;5953
7993;21395
3052;9101
14970;4781
20755;16379
5953;12693
23996;14168
23996;23970
23996;14875
14168;22305
14168;10928
23970;2429
14875;24121
22305;5077
10928;16124
5605;2484
5605;8723
5605;9526
2484;21898
8723;24002
9526;6551
9526;2839
21898;23056
15638;16618
15638;3103
15638;20203
16618;22155
16618;10242
3103;2984
20203;10242
22155;14817
22155;2004
2855;5292
2855;21919
2855;10981
5292;13984
5292;5474
21919;17740
10981;7452
10981;3165
13984;6458
5474;9823
8998;12847
12847;6458
12847;7970
12804;17392
12804;524
23068;8561
23068;23423
23068;15450
8561;9391
23423;21980
15450;3171
9391;18629
18629;3861
3861;3307
3307;21283
3307;22226
3307;23075
21283;24123
22226;377
23075;2093
24123;22497
22497;5473
5473;8783
8783;247
247;2260
247;3513
247;16800
2260;22902
3513;15536
16800;17923
17149;3371
17149;20953
3371;22803
20953;2346
9251;20331
9251;8880
20331;5930
8880;7556
3768;23084
3768;5165
3768;3969
3768;8971
3768;14900
23084;8615
5165;6296
3969;19644
8971;4343
8615;957
957;13544
13544;5367
5367;1202
1202;9783
9783;15632
15632;22385
22385;17306
22385;1674
22385;15842
17306;20221
1674;8759
15842;10574
789;4065
789;18003
789;12287
4065;20533
18003;16916
12287;1183
20533;15106
20533;15021
15106;1426
15021;22828
1426;8075
8075;13102
13102;15892
15892;17670
17670;3902
3902;20299
3902;10248
3902;6385
20299;13907
10248;14431
6385;13513
1387;861
1387;18818
1387;11712
1387;20452
861;15305
18818;19598
11712;2523
20452;8525
15305;19229
19229;7234
7234;2044
2044;3390
3390;8507
8507;3253
3253;973
973;7811
7811;13287
13287;13940
13940;4301
4301;8809
8809;8026
8026;4950
4950;3414
3414;1512
1512;910
910;23540
23540;17849
17849;9646
9646;23640
23640;20206
20206;6047
6047;23322
23322;21134
23322;18048
23322;7764
21134;23625
18048;21572
7764;8313
15227;1894
15227;23639
15227;12544
1894;20993
23639;20270
12544;23421
20993;4772
20993;22935
4772;12398
22935;21650
22935;8191
12398;21136
21136;3358
3358;10041
10041;7377
7377;18066
18066;18604
18604;6554
6554;963
963;13382
13382;19598
15006;8984
8984;10104
10104;5345
5345;23503
23503;4098
4098;9525
9525;9939
9939;9986
9986;3735
9986;5269
9986;14370
3735;11777
5269;4675
14370;7689
11777;13796
13796;16456
16456;3705
3705;10442
10442;4628
4628;23625
4675;16304
16304;9955
9955;5265
5265;3730
3730;13168
13168;6593
6593;1870
1870;14286
14286;11884
11884;90
90;21900
21900;17330
21900;22001
21900;4921
17330;7053
4921;6781
7053;23374
23374;12587
12587;11819
11819;20127
20127;11408
11408;22942
22942;12827
12827;22136
12827;9750
12827;6355
12827;13635
22136;2103
13635;4456
2103;20444
20444;5191
7689;15905
15905;21215
21215;22829
22829;4247
22829;20002
4247;14586
20002;19166
14586;18933
18933;19048
19048;3113
3113;23059
23059;4321
4321;21572
7337;8320
7337;2559
7337;23421
8320;20270
2559;2523
9645;17732
9645;6300
9645;4135
17732;3989
6300;13618
4135;22377
3989;14117
14117;18144
18144;3097
3097;10603
3097;4364
3097;10694
3097;6411
10603;22693
4364;9747
10694;21963
6411;19960
13618;5906
5906;6023
6296;13810
13810;6283
6283;9133
6283;9841
9841;2031
23939;4467
23939;9953
23939;18839
4467;13610
9953;3462
18839;20120
13610;14887
6378;1782
6378;11530
6378;1438
6378;13404
1782;21766
11530;18078
1438;12334
13404;19201
21766;16450
16450;17431
17431;10673
17431;18547
17431;17045
10673;23986
18547;4263
17045;22604
6784;2220
6784;12893
6784;3673
2220;23171
12893;13930
3673;11202
23171;11605
11605;13223
13223;7232
7232;7079
7079;1351
1351;12329
12329;14832
12329;1899
14832;14263
1899;22975
5985;11967
5985;10075
5985;12420
5985;3948
5985;17662
11967;17128
10075;8496
12420;9856
3948;14614
17662;17625
17128;8927
8927;4079
4079;1193
1193;18453
18453;23434
23434;6356
6356;9053
9053;18117
18117;13326
13326;3135
3135;15952
15952;12080
12080;13722
13722;22841
22841;13255
13255;13913
13913;19765
19765;1101
1101;23043
23043;23706
23706;15184
15184;2765
2765;23538
23538;13570
13570;6492
6492;13284
64;1006
64;18845
1006;11366
18845;6588
11366;23189
23189;17946
17946;22440
22440;14099
14099;20188
20188;9951
9951;13755
13755;12430
12430;18078
6588;6030
6030;18962
18962;16296
16296;17989
17989;10989
10989;21004
21004;4579
4579;18806
18806;20955
20955;12895
12895;16275
16275;8569
8569;23685
23685;20117
23685;5923
23685;16716
20117;3739
5923;555
16716;5793
12334;904
12334;23405
904;21592
23405;16269
21592;13822
13822;13515
13822;8327
13515;8353
8327;22812
19201;8421
8421;8708
8421;18452
8708;8353
18452;19110
23670;7371
23670;3536
23670;237
7371;18084
3536;10569
237;14162
18084;17724
17724;14714
14714;17934
17934;13395
13395;9721
9721;20763
9721;239
20763;5407
239;17797
5407;17501
5407;3448
17501;5390
3448;3490
5390;1000
1000;714
1000;16076
714;13594
13594;3810
3810;9020
9020;16910
16910;22821
16910;24144
22821;13646
13646;3941
3941;7280
7280;5935
7280;9682
5935;12702
12702;21535
21535;13470
13470;20257
13470;7212
20257;22693
7212;4689
7212;19184
10569;17999
17999;16009
16009;5574
6409;6918
6409;23332
6409;3594
6409;17667
6918;17400
23332;7340
3594;324
17667;5350
17400;11034
11034;5486
5486;22663
22663;6604
6604;24160
24160;2782
2782;19155
19155;7832
7340;15497
15497;15541
15541;2524
2524;8226
8226;10951
10951;16017
16017;1921
1921;16929
16929;6406
6406;10464
10464;11960
11960;22535
11960;8059
22535;20520
8059;795
20520;13895
13895;17273
17273;9717
9717;13098
13098;1707
1707;20582
20582;1479
1479;5137
5137;2547
2547;12
12;19393
19393;7819
7819;21077
7819;23013
21077;18362
23013;5290
18362;17019
17019;17472
17472;6845
6845;18316
18316;10110
18316;9806
10110;12654
9806;10181
12654;9604
9604;324
16338;6084
16338;14693
16338;10456
6084;2341
14693;825
10456;391
2341;11015
11015;19324
19324;23578
23578;11420
11420;3476
3476;2903
2903;15647
15647;21723
21723;12659
12659;8518
8518;14664
8518;22931
14664;22899
14664;5741
22931;11179
22899;22076
22076;23379
22076;9722
23379;15685
9722;14348
825;12930
12930;13078
13078;8600
8600;28
28;7223
7223;17597
17597;12052
12052;3692
3692;11037
11037;4158
11037;21821
4158;17714
21821;1362
17714;12299
12299;13784
13784;8278
8278;17790
17790;8543
8543;2038
2038;17721
17721;23910
23910;21301
21301;15919
15919;12276
3147;20221
3147;2594
3147;9305
2594;14515
9305;7866
14515;23767
23767;9747
17647;14162
17647;19108
17647;16430
19108;8520
19108;13680
16430;11059
8520;11850
13680;8849
11850;4407
4407;16651
16651;18392
18392;22806
22806;20768
22806;12577
20768;15027
15027;22377
9368;4584
1022;8441
8354;23731
12915;16686
22101;11185
22101;16940
4584;9439
8441;11059
11059;22302
3462;23393
23393;20130
20130;14955
14955;22921
22921;6490
6490;10077
10077;8759
17041;20782
17041;16773
17041;16785
20782;3173
16773;20120
16785;422
3173;18641
18641;19346
18641;13475
18641;9605
18641;2153
19346;8595
13475;13357
9605;12698
2153;5847
9856;14263
9856;18963
18963;7805
23986;4296
4296;12983
12983;15461
15461;5393
5393;20402
20402;23637
23637;21850
21850;13930
21850;9740
9740;17582
4263;17311
17311;8735
8735;13374
13374;5220
5220;16647
16647;778
778;22525
22525;1932
1932;14598
14598;14199
14199;20307
20307;9516
9516;3040
3040;9426
9426;20961
20961;19053
19053;12270
12270;17876
17876;1827
1827;8595
23923;10085
10085;7935
7935;4945
7935;13322
4945;8614
4945;16518
8614;9185
9185;23263
23263;6124
23263;23433
6124;11459
8496;13907
12647;3984
3984;5430
5430;1364
1364;2154
2154;7442
7442;21357
21357;14256
14256;15614
15614;6525
6525;18274
18274;22051
22051;8862
8862;16882
16882;13566
13566;3349
3349;11052
11052;10151
10151;3739
22523;5381
5381;7292
7292;12458
12458;9110
9110;18263
18263;11027
11027;9677
9677;17696
17696;3279
3279;4908
4908;13221
13221;1867
1867;8066
8066;12212
12212;21924
21924;8086
8086;5810
5810;10441
10441;20016
20016;8531
8531;8482
8482;19644
1321;6302
1321;23761
6302;15701
23761;19673
15701;13067
13067;7526
7526;22604
21728;23245
21728;13742
21728;22166
23245;99
13742;20514
22166;20492
99;6698
6698;20612
20612;5970
5970;18414
18414;20037
20037;21016
21016;20890
20890;14089
14089;2671
2671;19673
20514;19509
19509;22694
22694;18760
18760;23978
23978;23655
23655;13982
13982;555
20492;17914
17914;1410
1410;5793
5437;21387
21387;9900
9900;15934
15934;7255
7255;8567
8567;17526
17526;21426
17526;535
21426;20404
535;19104
20404;13055
13055;17254
13055;7168
17254;11619
7168;2912
11619;10578
10578;9153
9153;8064
8064;19412
19412;3186
3186;1937
1937;3973
1937;2452
3973;15685
2452;20625
15685;16375
16375;15871
12389;6213
12389;391
12389;3229
6213;1832
3229;23904
1832;23691
23691;14348
23904;13861
13861;8886
8886;23831
23831;4500
23831;13536
4500;15953
13536;15422
15953;4889
4889;14934
14934;5369
5369;18825
18825;21950
18825;20194
21950;18278
20194;16505
18278;6928
6928;4873
6928;12502
4873;826
12502;23243
826;5670
5670;14375
14375;13590
13590;4131
4131;19983
19983;4133
4133;8054
8054;6861
6861;15361
15361;8016
8016;15646
15646;3639
3639;7866
18200;22887
22887;18052
18052;23369
23369;832
23369;15641
832;8063
15641;9066
8063;15052
15052;2558
2558;14986
14986;11880
11880;5158
5158;3701
5158;11906
3701;20171
11906;316
11906;15667
20171;16502
16502;21506
16502;20815
21506;2211
20815;11825
2211;1800
1800;24194
24194;4948
4948;18984
18984;20597
20597;10355
20597;17875
10355;24011
24011;11123
11123;1828
1828;18189
18189;15437
15437;4375
4375;4671
4671;20479
20479;15608
15608;2969
2969;10509
10509;9329
9329;23599
23599;7121
7121;16690
16690;22198
22198;4984
4984;3796
3796;1746
1746;19349
19349;10743
10743;743
743;10500
10500;4362
10500;4607
4362;19149
4607;7534
19149;440
440;24180
24180;22571
22571;15556
15556;16668
16668;13188
13188;14302
14302;16070
16070;11747
11747;4402
4402;177
177;18075
18075;9167
9167;22239
22239;22742
22742;16209
16209;6545
6545;23454
23454;16473
16473;6676
6676;18077
18077;17429
17429;13243
13243;1452
1452;8619
8619;8319
8319;7557
7557;4343
21625;9647
21625;6540
21625;1700
9647;23624
6540;22020
1700;21055
23624;12166
12166;12676
12676;3682
3682;16167
16167;15976
15976;422
5314;22020
5314;10904
5314;21585
5314;1420
10904;2422
21585;15261
1420;15881
2422;20047
20047;6546
20047;18167
6546;3146
3146;20018
20018;3463
3463;1961
1961;20497
20497;9672
9672;14408
14408;400
400;16594
400;18197
16594;3189
18197;15477
3189;21055
277;10583
277;19232
277;19830
277;2824
277;3589
10583;895
19232;1492
19830;20366
2824;4117
3589;3503
895;6498
6498;402
402;995
995;15329
15329;23836
23836;6339
6339;8015
8015;11237
11237;44
44;18399
18399;17264
18399;20087
17264;22778
20087;2535
22778;14259
22778;5281
14259;22507
5281;21402
22507;5346
5346;4852
5346;17147
4852;9114
17147;21709
9114;138
138;1289
1289;23269
23269;5412
5412;9614
5412;10519
9614;20615
10519;14468
20615;5200
5200;21771
21771;21608
21608;20965
20965;11424
20965;7716
11424;1628
7716;14146
1628;12019
12019;10150
10150;20637
20637;10468
20637;4547
20637;7158
10468;1743
7158;2249
1743;13797
13797;22671
13797;12818
22671;5987
12818;11769
5987;19806
19806;7849
7849;7284
7284;19495
19495;8391
8391;6316
6316;10032
10032;15261
16586;22670
16586;13466
16586;20252
16586;6276
22670;136
13466;386
20252;21110
6276;23518
136;23448
23448;17781
17781;19985
19985;16031
16031;7129
7129;22127
22127;7973
7973;17683
7973;20164
17683;16677
20164;20415
238;23936
238;17588
23936;16677
17588;24217
20557;20114
20557;143
20557;13354
20114;6907
143;3150
13354;11984
6907;15885
15885;13648
13648;7195
7195;8750
8750;12781
12781;14077
14077;18227
18227;23120
23120;5232
5232;8848
8848;13955
13955;21882
21882;14499
14499;3247
3247;23235
23235;3188
3188;10198
10198;10100
10100;10232
10232;18901
18901;8987
8987;14606
14606;14846
14846;8732
8732;21279
21279;1731
1731;11629
11629;21977
21977;13560
13560;14747
14747;4056
14747;20958
4056;7789
20958;23293
7789;24130
24130;19159
19159;386
22915;9363
22915;10741
22915;6067
9363;19316
9363;20524
10741;23493
6067;23444
19316;18539
18539;9415
9415;20862
20862;17181
17181;15838
15838;23182
23182;1492
5522;13661
5522;23076
5522;9866
13661;10736
23076;19957
9866;1457
10736;23647
23647;7409
7409;20415
19957;9007
9007;16369
16369;5885
5885;23458
23458;23409
23409;18535
18535;13807
13807;19833
13807;16131
19833;3028
16131;5064
3028;1176
1176;5595
5595;9009
9009;2700
2700;10163
10163;23317
23317;18169
18169;3815
3815;18911
18911;20255
20255;6255
6255;5440
5440;17495
5440;11749
17495;20101
20101;21488
21488;2789
2789;18421
18421;11638
11638;23493
20366;164
164;2876
2876;23356
23356;14854
14854;9880
9880;5358
5358;15394
15394;3615
3615;22576
3615;4378
22576;19550
4378;5501
19550;1457
4117;13593
13593;3839
3839;23444
8533;3150
8533;20599
20599;22917
41;39
41;14318
41;17029
41;20834
39;21110
14318;16522
17029;7235
20834;18243
16522;10994
10994;23504
23504;20643
20643;16514
16514;7135
7135;2451
2451;20154
20154;2402
2402;4428
4428;15196
15196;4790
4790;6701
6701;11651
6701;21316
11651;3648
21316;14922
3648;19905
19905;23938
23938;11339
9310;8328
9310;11856
9310;7540
8328;16171
11856;13640
7540;4244
16171;17363
17363;23607
23607;19748
19748;1450
1450;22396
22396;1096
1096;15378
15378;3578
3578;3084
3084;22717
22717;4436
4436;14157
14157;12205
12205;523
523;5310
5310;6158
6158;21976
21976;11891
21976;6866
11891;10341
6866;6932
10341;2026
2026;22944
22944;651
651;16183
16183;14204
14204;14752
14752;9993
9993;9623
9623;5092
5092;13042
13042;17092
17092;7235
4244;4882
4244;15924
4244;13640
4882;9289
15924;24149
9289;20584
20584;18723
18723;22082
22082;1810
1810;23086
23086;16477
16477;18217
18217;10161
10161;3762
3762;19969
19969;14670
14670;396
14670;16886
396;15330
396;10625
16886;10470
15330;12802
10625;16728
12802;15033
12802;2723
15033;24149
15033;18722
2723;23176
18722;13654
17752;20754
20754;5386
5386;6864
6864;19841
19841;21404
21404;6766
6766;20427
20427;3491
3491;5587
5587;1334
1334;10186
10186;805
805;10299
10299;5131
5131;12838
12838;21375
21375;11250
11250;10082
10082;21600
21600;18703
18703;23689
23689;23025
23025;13529
13529;16308
16308;19208
19208;20289
20289;5100
20289;8777
5100;4818
8777;9875
11448;22995
22995;20122
20122;6965
6965;6120
6120;21532
21532;3092
3092;769
769;16643
16643;23390
23390;661
661;1595
1595;3606
3606;18988
18988;23166
23166;5409
5409;13776
13776;3128
3128;2959
2959;19718
19718;8993
8993;9884
9884;6557
6557;17303
17303;133
133;12295
12295;1192
1192;19996
19996;5796
5796;23242
23242;23762
23762;16961
16961;17767
17767;846
846;13644
13644;5267
5267;19562
19562;16100
16100;21089
21089;24217
14542;14323
14323;2329
2329;11984
11984;3363
3363;14223
17188;4207
17188;15803
17188;10923
17188;914
17188;7366
4207;669
15803;20408
10923;6771
914;3564
7366;15513
669;4744
4744;4330
4330;13336
13336;13478
13478;4479
4479;10221
10221;21043
21043;18033
18033;21738
21738;6440
6440;18886
18886;8311
8311;17981
17981;10865
10865;20793
9246;779
9246;20421
9246;13888
779;23101
20421;1440
13888;4411
23101;13357
13357;18906
6192;1440
6192;8707
6192;21652
8707;13630
21652;7188
4876;14549
4876;13447
4876;5461
14549;2831
13447;13630
5461;18305
2831;4411
20408;2808
2808;14737
14737;5027
5027;2763
2763;255
255;12148
12148;12698
6771;7632
7632;22457
22457;15485
15485;3239
3239;21199
21199;13531
13531;7399
13531;5351
13531;10323
7399;1560
10323;16937
1560;2482
2482;22008
22008;18544
18544;31
31;12378
12378;12923
12923;13728
13728;10164
10164;23855
23855;21544
21544;22358
22358;17553
22358;22970
17553;1873
22970;18591
1873;3779
3779;5029
5029;10549
10549;989
989;8813
8813;21409
21409;20286
20286;9373
20286;4324
9373;7188
4324;6074
9237;19468
9237;13187
9237;16263
19468;22638
13187;16663
16263;7052
22638;15467
15467;22115
22115;18294
18294;11195
11195;5444
5444;342
342;23342
16663;5847
5847;12114
12114;10348
7052;3829
3829;1631
1631;9519
9519;3564
10992;21350
10992;2281
10992;18305
21350;11443
21350;13616
2281;15889
11443;14910
13616;16396
14910;283
283;15889
283;23717
15889;22420
23717;4359
11934;23194
11934;16871
11934;15489
23194;10685
16871;18037
15489;9894
10685;13424
13424;19303
19303;8438
8438;3569
3569;14904
3569;3570
14904;16247
3570;4926
18037;20375
20375;13427
13427;14066
14066;16052
16052;16247
9894;14513
14513;12876
12876;20936
20936;4457
4457;504
504;17195
17195;12761
12761;1241
12761;21805
1241;10326
21805;16091
10326;18953
18953;11576
11576;5177
5177;20162
20162;3967
3967;2889
2889;12170
12170;16292
16292;13206
13206;16278
16278;22812
3132;429
3132;8624
3132;20038
429;6734
8624;10053
20038;21154
6734;1391
6734;14
1391;1601
14;20011
1601;16584
16584;3109
3109;22676
22676;4926
17383;20816
17383;4993
17383;16787
20816;1290
4993;3964
16787;20295
1290;5818
1290;21259
5818;13329
21259;22510
13329;12137
13329;9358
12137;16591
9358;23459
14949;45
14949;7276
14949;22660
45;6032
7276;3964
22660;23577
6032;2056
2056;20168
20168;10927
10927;11958
11958;21519
21519;16789
16789;7305
16789;13309
7305;13502
13309;5852
13502;17288
17288;24157
17288;21483
24157;984
984;10412
984;4797
10412;21753
4797;22850
21753;3502
21753;19956
3502;6345
3502;4391
19956;6318
6345;15986
15986;20111
20111;12220
23577;14795
14795;4972
4972;15382
15382;7854
7854;9768
9768;6449
6449;8089
8089;15503
15503;1610
1610;16352
16352;7796
7796;8017
7796;23805
8017;7268
23805;16602
7268;14715
14715;23887
23887;14614
23193;17839
23193;1888
23193;19264
17839;21078
1888;553
21078;80
80;11557
11557;11483
11483;21660
11483;9389
21660;12870
9389;6666
12870;3677
3677;5673
3677;21255
5673;14891
14891;20295
20295;7978
7978;23501
553;11678
11678;18914
18914;18943
18943;16632
16632;2598
2598;584
584;22975
14431;22081
22081;19122
9522;14273
9134;22504
9134;12831
9134;4866
9134;5787
9134;10691
9134;7521
22504;1688
12831;10868
4866;8618
7521;21353
1688;9434
9434;20080
20080;19308
19308;22412
22412;3962
3962;14659
14659;15899
15899;14435
14435;19122
10868;6085
6085;232
232;7128
7128;3100
3100;1701
1701;11257
11257;388
388;24168
24168;19268
19268;13178
13178;11305
11305;10178
10178;3086
3086;8246
8246;12093
12093;17409
17409;15774
15774;23946
15774;10850
23946;11188
11188;6579
6579;9625
9625;10244
10244;22902
8618;17893
17893;14886
14886;22515
22515;18979
18979;10934
10934;650
650;3291
3291;9347
9347;14275
14275;7141
14275;7997
7141;22561
7997;5948
22561;12569
12569;23420
23420;9654
9654;6408
6408;13588
13588;14273
23871;12437
23871;19262
23871;12563
23871;5515
12437;8149
19262;18518
12563;18909
5515;4068
5515;125
7799;15400
18518;4140
4140;23591
23591;5580
5580;6746
5580;23890
6746;16186
23890;6004
16186;9807
9807;17676
17676;2234
2234;8896
8896;7919
7919;14958
14958;6229
14958;649
6229;15537
15537;8434
8434;5055
5055;14705
14705;5539
5539;3061
3061;19178
19178;18890
18890;8180
8180;4506
4506;1151
1151;10574
20742;14843
20742;2982
21244;1759
3449;10781
11184;7882
14843;5315
5315;10746
10746;3826
3826;16086
3826;20124
16086;5693
5693;4617
4617;12892
12892;20715
20715;7264
7264;16449
16449;21307
21307;3492
3492;11291
11291;21458
21458;22154
22154;8221
8221;15530
15530;10416
10416;16859
16859;10106
10106;4425
4425;10058
10058;11473
11473;17811
17811;20614
20614;2986
2986;546
2986;4538
546;22756
546;10144
4538;18208
22756;2173
10144;18381
10144;13200
2173;2757
2757;23147
23147;1001
1001;23498
23498;12206
23498;23140
12206;987
987;20140
20140;21433
21433;9928
9928;17788
17788;3153
3153;16635
16635;21460
21460;8705
8705;7631
7631;1155
1155;14771
1155;8381
14771;12939
8381;9746
12939;19721
12939;18326
19721;4182
18326;10779
4182;22029
22029;22908
22908;21984
21984;50
50;21023
21023;6432
6432;8296
8296;2031
1759;20163
20163;740
740;15877
3919;12608
3919;3670
3919;15675
12608;4023
3670;21047
15675;15712
4023;19643
19643;3184
3184;15411
15411;6474
6474;23839
23839;22478
22478;3443
3443;9369
9369;12069
12069;15780
15780;6266
6266;4710
4710;401
401;13853
13853;22804
22804;2777
22804;17370
2777;17912
17370;7411
21047;2943
2943;1216
2943;23853
2943;14497
1216;1661
14497;22415
14497;12141
1661;19280
1661;23874
19280;12220
23874;23143
15712;7922
7922;206
206;22380
22380;18193
18193;4025
4025;14337
14337;16143
14337;19283
14337;19708
16143;20351
19283;15901
19708;17802
20351;16850
16850;2805
2805;7419
2805;10640
7419;2439
10640;14896
2439;23436
2439;3719
23436;11534
3719;18067
11534;16297
11534;7739
11534;13303
16297;4051
7739;4403
13303;5560
4051;15520
15520;20499
20499;6236
20499;2035
6236;11133
2035;6102
11133;370
370;11248
11248;7898
7898;10982
10982;19081
19081;13244
13244;6984
6984;5667
5667;11268
11268;18888
13623;23006
13623;8680
13623;9232
23006;23273
8680;17052
9232;2724
23273;17052
23273;17866
17052;21281
18673;6703
18673;19066
18673;18524
6703;12418
19066;18482
18524;243
9067;6903
9067;17211
9067;2867
6903;23249
17211;4529
2867;9436
23249;1344
23249;20774
23249;11390
1344;2835
20774;4805
2835;1030
1030;12924
12924;6063
6063;137
137;356
356;11693
11693;17375
17375;4316
4316;2905
2905;19239
19239;19418
19418;21352
21352;22600
22600;3337
3337;24034
24034;6045
6045;313
313;9028
9028;274
274;10729
10729;5236
5236;23768
23768;23739
23739;21847
21847;15181
15181;12884
12884;2724
2724;1924
1924;3658
16004;23665
23665;18530
18530;654
654;371
371;6646
6646;4014
4014;2780
2780;14628
14628;17505
17505;9675
9675;4337
4337;674
674;22776
22776;15825
15825;21659
21659;5284
5284;18036
5284;11097
18036;2610
11097;8043
2610;5804
5804;4679
4679;5926
5926;7434
7434;14858
14858;19317
19317;15320
15320;20139
20139;15444
15444;354
354;4529
4529;12059
12059;18244
21808;7241
7241;12117
12117;1185
1185;9907
9907;6880
6880;17151
17151;9275
9275;10955
10955;10342
10342;23154
23154;17912
10318;17062
10318;7836
10318;24070
17062;11581
7836;11614
24070;11156
11581;15326
15326;17669
17669;2043
2043;3160
3160;20104
20104;11593
11593;13997
13997;8300
21040;9040
21040;23472
21040;3438
9040;16621
23472;2585
3438;8758
16621;23593
23593;21254
21254;1395
1395;16526
1395;11930
16526;5432
11930;22183
5432;12341
12341;13995
12341;21961
13995;1112
21961;18477
1112;5036
5036;4649
4649;14533
14533;19993
19993;6219
6219;6206
6206;20464
20464;10842
10842;20422
20422;11614
12418;16732
12418;1080
12418;1379
16732;12737
1080;10215
1379;23330
12737;2585
14912;16776
14912;1819
14912;14897
16776;4625
1819;2837
14897;13525
4625;10661
10661;1984
1984;18128
18128;1324
1324;20208
1324;18282
20208;16395
18282;19859
21684;6059
21429;23975
21429;1390
21429;16361
21429;11430
21429;15962
21429;20984
23975;15151
1029;19322
1029;2317
1390;7009
22266;1541
15151;13012
13012;9843
9843;463
463;18603
18603;10522
10522;18112
18112;3943
3729;8009
8009;8046
19322;24181
2317;23643
24181;3192
3192;11766
11766;21980
17770;7806
17770;6754
17770;22857
17770;19328
7806;4002
6754;24111
6754;3835
6754;20339
22857;23726
19328;9825
4002;11485
11485;23713
23713;10214
10214;11814
11814;6506
6506;11639
11639;1615
1615;11312
11312;1078
1078;17304
17304;15028
15028;23643
3171;5018
5018;22662
22662;21461
21461;15061
15061;16395
5791;5419
5419;15536
19859;22732
22732;2489
2489;17830
17830;2536
2536;7759
7759;17143
17143;21125
21125;23641
5644;21563
21563;2253
2253;3064
3064;20693
20693;4769
4769;5603
5603;18482
2865;12506
12969;13413
12969;2193
13413;4099
4099;20653
20653;2128
2128;9126
9126;17743
17743;18742
18742;6993
6993;5775
5775;12446
12446;3985
3985;11438
3985;2084
11438;15404
2084;16726
15404;1198
1198;6773
6773;16170
16170;19185
19185;1268
1268;14960
14960;3019
3019;14247
14247;11606
11606;7387
7387;15105
15105;18610
18610;11611
11611;13174
13174;13001
13001;7009
7009;6242
21445;107
107;18279
18279;17338
17338;17703
17703;5937
5937;12261
12261;11488
11488;21369
21369;15547
15547;3604
3604;12771
12771;11491
11491;24111
3835;20352
20339;194
1034;5496
1034;13651
1034;24008
1034;16492
5496;19492
13651;24076
24008;14804
24008;10742
16492;10794
19492;10356
10356;11489
11489;19912
19912;24076
14804;16535
10742;7098
16535;22118
22118;16905
21920;2124
21920;24259
21920;23191
21920;4986
2124;7766
24259;20697
23191;23726
7766;20353
20353;13619
13619;16792
16792;16444
16444;3921
16444;9690
3921;15065
9690;21234
15065;20697
2837;4920
2837;17468
4920;20483
17468;11735
20483;2159
20483;7500
2159;12323
7500;7105
12323;879
7105;9487
9487;11735
14822;10241
10241;6798
4968;19853
4968;8159
4968;10936
19853;11278
8159;21308
8159;9482
10936;20941
11278;12645
12645;18437
18437;20620
20620;21580
21580;13251
13251;23131
23131;6428
6428;10084
10084;22171
22171;21717
21717;11265
11265;8157
8157;4212
4212;5846
5846;20651
20651;6517
6517;6803
21308;18336
9482;7655
18336;4464
4464;2144
2144;11330
11330;18428
18428;14412
14412;4903
4903;15133
15133;23363
23363;8301
8301;23377
23377;7450
7450;20845
20845;20580
20580;19210
20580;3124
19210;5519
3124;18286
20941;18989
18989;11641
11641;24118
24118;6589
6589;23288
23288;22222
22222;2741
2741;2921
2921;14674
14674;4453
14674;2696
4453;18832
2696;17774
18832;15945
15945;3035
3035;16295
16295;9825
22297;19811
22297;22105
22297;18957
19811;22566
22105;22608
18957;5519
22566;18015
22566;19730
22608;10166
10166;14996
14996;19642
19642;10397
10397;12752
12752;16849
12752;5159
16849;11090
5159;7749
11090;12798
12798;11839
11839;2709
2709;9436
5221;20293
5221;3724
5221;9613
20293;18325
3724;4608
3724;18366
9613;10822
18325;22900
22900;4608
22900;12507
4608;15508
12507;305
10822;18286
7411;18615
18615;15864
15864;16222
16222;16709
16709;14445
14445;16904
16904;2847
16904;18740
16904;9349
16904;14333
2847;17600
9349;17397
14333;17920
17600;16224
16224;10704
10704;13663
13663;7706
7706;20238
20238;12540
12540;19901
19901;2322
2322;16591
5489;2157
5489;11427
2157;19381
11427;7404
19381;6287
6287;1998
1998;17590
17590;17307
17307;23459
8758;6811
8758;11110
6811;10215
11110;6379
6379;23366
23366;7640
1404;20804
1404;15559
1404;2240
20804;13179
15559;11523
2240;9129
13179;9327
9327;15032
15032;11156
11523;13525
9129;22125
22125;21746
21746;14254
14254;13476
13476;12278
12278;21698
21698;6059
20160;3404
20160;24267
20160;16334
20160;424
3404;24264
24267;6586
24267;9597
24267;9974
16334;22328
424;389
24264;20994
20994;17923
20486;20771
20486;9883
20486;6308
20486;21715
20771;71
9883;2520
9883;21786
9883;16627
6308;13355
21715;2404
71;2661
2661;12877
12877;6586
12877;15890
12877;22328
12877;488
12877;8683
6586;7244
15890;9693
488;13052
8683;1733
11425;16542
11425;22726
11425;3537
16542;17215
22726;1593
3537;2364
17215;22518
22518;23982
23982;11781
11781;9693
11781;11092
11092;10723
13700;2225
13700;15050
13700;20121
2225;1593
15050;16109
20121;3836
7244;21578
9597;5765
9597;6011
9974;2185
2446;4997
2446;23684
4997;8121
23684;15371
14551;1197
8121;8247
8247;22393
22393;419
419;7664
419;9902
419;13361
419;11049
7664;2766
9902;13926
13361;9299
11049;23522
17659;18811
17659;24199
17659;11135
17659;1752
18811;1200
24199;1502
11135;7240
1752;21923
1200;10723
1502;10860
10860;18297
18297;9169
9169;7240
7240;4146
7240;17606
4146;18127
17606;13170
3514;5763
3514;22475
3514;1310
5763;5015
22475;20453
1310;7742
5015;3241
5015;6720
3241;23900
6720;22782
23900;2776
2776;12361
12361;9253
9253;14109
14109;15602
15602;5319
5319;3312
5319;5062
5319;19214
5319;22666
5319;289
3312;16799
5062;4090
19214;664
22666;19200
289;4358
20453;4100
4100;7193
7193;4497
4497;17689
17689;10837
10837;19082
19137;6299
19137;21576
19137;18489
6299;7742
21576;9926
18489;6258
16799;9926
4090;2520
21786;5379
13355;13398
13355;14450
13398;14798
14798;3846
3846;15619
3846;16276
15619;5661
16276;16172
5661;13281
13281;6258
2404;17007
17007;2364
11795;8160
11795;12466
11795;5173
11795;16685
8160;22448
12466;12861
5173;23088
16685;11949
22448;664
12861;17860
17860;4493
4493;3596
3596;13876
3596;18485
13876;10112
18485;70
10112;1094
1094;3275
3275;4159
3275;23566
4159;17819
23566;23907
17819;7087
17819;18528
7087;19289
18528;7326
19289;4069
4069;15368
15368;5228
5228;8814
8814;10357
10357;23185
23185;19200
23088;15191
15191;13604
13604;15350
13604;13794
15350;22455
22455;14353
14353;6719
6719;4774
4774;10812
10812;20555
20555;22526
22526;13052
13926;23605
13926;5912
23605;19274
5912;21184
19274;16545
16545;16109
11222;13774
11222;11000
11222;13079
11222;18572
11222;4613
13774;8933
11000;23621
13079;10359
18572;9096
4613;6243
4613;22300
8933;7658
7658;8767
7658;1272
8767;21184
1272;17971
23621;3166
3166;6230
3166;20609
6230;9804
20609;9023
9804;3836
10359;4647
4647;6476
6476;20005
6476;17783
20005;7622
17783;11109
7622;2766
7622;23926
23926;17096
9299;23413
23413;11695
11695;9096
11695;3704
3704;15226
17381;15750
17381;23522
17381;12829
15750;19532
12829;12712
19532;9968
9968;20012
20012;23519
23519;15371
23519;4570
4570;1007
8401;13407
8401;20439
8401;21338
8401;8550
13407;4865
20439;11444
21338;9859
8550;22888
4865;2279
4865;12595
4865;22825
2279;3031
12595;11942
22825;6737
11444;10216
10216;5380
5380;17131
17131;17943
17943;15266
15266;12712
11492;4358
11492;23690
11492;13631
23690;4512
13631;9681
4512;768
768;3031
18372;21578
19812;15142
19812;24237
19812;15710
15142;986
24237;4335
15710;21782
986;10059
10059;876
876;1466
1466;9859
1466;19458
19458;15251
4335;8734
8734;10709
10709;5500
5500;19882
19882;17737
17737;9681
21782;13523
21782;12118
13523;12537
12118;10758
12118;6835
12537;11942
2592;4001
2592;2258
2592;12686
4001;22542
2258;16445
12686;14490
22542;16201
16201;18025
18025;13473
13473;5716
5716;1959
5716;23204
1959;7610
23204;681
7610;3369
3369;5490
5490;14129
14129;1342
1342;9496
9496;20454
20454;12653
12653;22438
22438;23614
23614;11603
11603;517
517;20109
20109;13480
13480;10371
10371;18583
18583;20760
20760;1247
1247;2821
2821;22141
22141;9502
9502;1698
1698;4221
4221;18464
18464;12997
12997;23850
23850;18734
18734;7910
7910;7805
13717;23590
13717;23442
13717;20271
13717;15655
13717;3625
13717;20727
13717;6638
23590;20378
23442;21792
20271;345
15655;24213
3625;15274
20727;22853
6638;17353
20378;5309
5309;16916
21792;16691
16691;19092
19092;7719
7719;10759
10759;16445
345;21296
21296;12032
12032;7073
12032;11025
7073;7108
11025;22627
7108;5063
5063;19723
24213;19675
19675;14537
14537;14490
1183;8560
1183;23174
8560;15269
23174;17848
15269;17848
22227;595
22227;3593
22227;15525
595;10001
3593;17455
15525;6486
10001;3143
3143;19739
19739;20746
20746;2337
2337;11355
11355;13846
13846;18467
18467;19111
19111;21671
19111;13836
21671;9038
13836;9705
13836;2992
9038;968
968;24037
968;17100
24037;4035
24037;10733
17100;8502
17100;11073
4035;8266
8266;13339
13339;16412
16412;21151
21151;22803
17073;21849
17073;14075
17073;6969
21849;7607
14075;13781
6969;22928
7607;21495
21495;13571
13571;18996
18996;23960
23960;5682
5682;14569
14569;15274
12519;21617
12519;9666
12519;18517
21617;5384
9666;11566
18517;2647
5384;18135
5384;13699
18135;457
457;19736
19736;22373
22373;21050
21050;23686
23686;4914
4914;14471
14471;7024
7024;1653
1653;23256
23256;6220
6220;22847
22847;4199
4199;23782
4199;23392
23782;8110
23392;20836
8110;12657
12657;9345
9345;5976
9345;16317
5976;17455
16317;15118
11566;812
812;15126
15126;7869
7869;2419
2419;5304
2419;6509
5304;5695
5695;13535
13535;16110
16110;7855
7855;8607
8607;8095
8095;8545
8545;4426
8545;17990
4426;4073
4426;15478
4073;13575
4073;11661
15478;7754
13575;13781
2647;8961
8961;22596
22596;6486
10410;21743
21743;2129
2129;12973
12973;22928
13786;21394
21394;3665
3665;4657
4657;22853
13171;5551
13171;1644
13171;20940
5551;10450
5551;13319
1644;4707
20940;5245
10450;23881
23881;9678
9678;6575
6575;2022
2022;5984
5984;10169
10169;11369
11369;16130
16130;22597
8521;17258
17258;7301
7301;18785
18785;11151
11151;18164
18164;15903
15903;21512
21512;22962
22962;20937
22962;4691
20937;7205
7205;5874
5874;22441
22441;4863
4863;3
3;22481
22481;836
836;10701
10701;22594
22594;8720
22594;23150
8720;22258
23150;7512
22258;17408
22258;5455
17408;4707
4707;15629
20251;20685
20251;21896
20251;19473
20685;22787
21896;15464
19473;22469
22787;18285
18285;1645
1645;3193
3193;5178
5178;10891
10891;8007
8007;13030
13030;5245
15464;20057
20057;22033
22033;857
857;4492
4492;10196
10196;9830
9830;18008
22469;1787
1787;8858
1787;7900
8858;16101
7900;14301
16101;19932
19932;18008
10446;5930
10446;17763
10446;2890
17763;5857
2890;8444
1913;13778
1913;2971
1913;7414
13778;2787
2971;23345
7414;18034
2787;4134
4134;5694
5694;22379
22379;4153
4153;21276
21276;8517
8517;12339
12339;14364
14364;20552
20552;14985
14985;5857
2149;4306
2149;16303
2149;5413
4306;11129
16303;2090
5413;8742
11129;18677
18677;16200
16200;13103
13103;13694
13694;9708
9708;22133
22133;19818
19818;10449
10449;23345
23862;18660
23862;12130
23862;4292
23862;18608
18660;20728
12130;19055
4292;14556
18608;6736
20728;12966
12966;15185
15185;22578
22578;18737
18737;8038
8038;13935
13935;14403
14403;2090
11044;5807
11044;19044
11044;4279
11044;9943
5807;11124
19044;12863
4279;2179
18021;19055
18021;21798
21798;12136
18034;9216
18034;21545
9216;18565
21545;22640
18565;19968
19968;23814
23814;1409
1409;19792
19792;12590
12590;85
85;21439
21439;14593
21439;4555
21439;6992
14593;3053
6992;282
3053;4770
4770;8742
21704;19144
21704;18383
21704;23511
21704;2692
21704;4488
19144;685
18383;22640
23511;7258
2692;1481
4488;11698
685;8693
8693;10619
10619;23425
23425;11487
23425;15254
23425;244
11487;1591
15254;7392
244;4038
1591;14961
14961;86
86;6870
6870;460
460;6281
6281;4891
4891;2162
4891;4349
2162;11147
4349;1626
4349;18891
11147;1091
1091;3234
3234;16036
16036;8649
8649;22748
22748;1160
1160;7479
7479;12518
12518;15584
15584;17447
17447;183
183;4826
4826;11944
11944;20107
11944;21135
20107;14766
21135;16116
14766;17132
17132;21699
21699;3330
3330;13932
13932;12136
22529;6460
22529;18058
22529;11457
6460;17388
18058;14530
11457;4580
17388;15295
15295;4176
4176;2285
2285;11275
11275;3899
3899;14899
3899;1397
3899;20044
3899;19441
14899;15820
1397;4747
20044;13215
19441;933
14530;9720
14530;18578
9720;17460
18578;11536
3392;6027
3392;23494
6027;2272
23494;6416
2272;6623
6623;12624
12624;18585
18585;4010
4010;14915
14915;19181
19181;14527
14527;24068
24068;16936
16936;9073
9073;5160
5160;9176
9176;1476
1476;969
969;6269
6269;19869
19869;18105
18105;5599
5599;8444
6416;21098
21098;9494
9494;12633
12633;10051
12633;18657
12633;17084
12633;5479
10051;22951
18657;8936
18657;18306
17084;21169
5479;11247
7088;22137
7088;5996
7088;19206
22137;13418
19206;6527
13418;23398
23398;1327
1327;9099
9099;2182
2182;7675
7675;16754
16754;18826
18826;3662
3662;10638
10638;11124
6527;8772
8772;14556
19902;19425
19902;6705
19902;21202
19425;21427
6705;18499
21202;12790
21427;5831
5831;7447
7447;16203
16203;15982
15982;3308
3308;9149
9149;2526
2526;12184
12184;6663
6663;681
18499;20638
12790;12879
12879;24073
24073;12863
15820;15862
15820;3917
15862;16661
3917;19325
16661;4440
22951;6461
6461;6600
6600;13176
13176;7629
7629;7918
7918;7174
7174;4747
1504;14884
1504;7436
1504;9297
14884;18852
14884;14928
7436;17460
9297;5860
18852;13215
14928;11083
5860;6207
6207;2587
2587;2400
2587;12091
2400;20072
12091;9699
20072;2838
2838;8640
8640;22006
22006;18388
18388;8539
8539;12308
12308;14574
14574;6215
6215;7142
7142;17773
17773;13719
13719;8936
3511;10665
3511;14218
3511;3752
10665;7843
14218;17271
3752;5722
7843;20319
20319;14617
20319;19415
14617;8888
19415;5151
17271;23602
23602;14393
14393;20827
20827;8919
8919;21169
16451;21763
16451;20215
16451;22219
21763;22845
20215;22854
22219;4144
22845;19416
19416;1318
1318;6360
6360;2802
6360;23885
2802;20292
23885;22434
20292;18867
18867;15088
15088;22744
22744;17722
17722;5827
5827;18794
18794;14208
14208;6000
6000;10866
10866;4580
22854;14568
14568;10246
10246;16687
16687;22323
22323;19332
19332;7063
7063;20766
20766;16140
16140;11536
4144;13193
13193;5722
7556;23994
23994;13308
13308;12726
12726;22552
22552;13496
13496;5790
5790;8461
8461;9504
9504;23710
23710;15155
15155;20081
20081;20904
20904;6936
6936;4192
4192;18429
18429;15040
15040;10171
10171;19474
19474;3591
3591;23412
23412;12794
12794;2593
2593;4802
4802;18910
18910;9097
9097;14260
14260;16793
16793;20431
20431;23798
22640;4305
4305;2346
7258;5241
7258;14696
7258;19502
5241;17315
14696;21280
19502;11865
17315;21885
21885;15109
15109;3905
3905;15751
15751;6667
15751;23035
6667;21280
23035;6715
23035;18412
11865;446
446;2792
2792;1481
14343;10530
14343;8553
10530;19591
8553;13383
19591;1226
1226;6682
6682;5048
5048;13748
13748;7964
7964;3501
3501;16907
16907;7878
7878;4653
4653;20770
20770;15410
15410;8797
8797;22632
22632;11542
11542;10979
10979;3155
3155;23389
23389;15057
15057;15292
15292;1611
1611;9417
9417;20049
20049;19417
19417;8029
8029;24057
24057;14760
14760;11591
11591;17869
11591;10971
17869;17150
10971;20767
17150;5707
5707;7103
5707;18932
7103;15144
15144;23870
23870;12867
12867;19357
19357;8819
8819;212
212;13318
13318;15643
15643;16810
3408;19614
3408;8050
3408;16885
19614;19999
8050;476
16885;6002
19999;18490
18490;20059
20059;15707
15707;12812
12812;13871
13871;2108
2108;22215
2108;6080
2108;20504
2108;772
22215;23636
6080;21796
20504;21481
476;10896
10896;6722
6722;18920
18920;13709
13709;19886
19886;19430
19430;8535
8535;22639
22639;2132
2132;23636
17075;8309
8309;2256
2256;18181
18181;15543
15543;15784
15543;13391
15784;4528
15784;23777
4528;5192
4528;22891
23777;448
5192;17508
22891;11020
22891;19636
17508;7886
7886;2972
2972;23318
23318;701
701;6090
6090;17900
17900;9157
9157;22003
22003;531
531;22249
22249;17503
17503;5080
5080;13503
13503;19029
19029;19762
19762;1627
1627;7458
7458;6002
21796;20748
20748;1572
1572;10480
10480;12226
12226;10237
10237;10383
10383;19387
19387;20448
20448;960
960;6217
6217;17519
17519;16287
16287;20074
20074;1271
1271;8242
8242;22427
22427;3056
3056;18340
18340;18736
18340;19243
18736;24067
19243;20361
24067;14050
14050;18809
18809;110
110;23275
23275;894
894;13120
13120;942
942;20380
20380;3456
3456;13323
13323;17738
17738;10093
10093;10302
10302;17917
17917;4664
4664;19360
19360;18076
19360;14546
19360;19582
18076;15042
19582;2406
15042;355
355;16431
16431;16197
16197;13128
13128;5088
5088;18481
18481;9427
18481;15522
9427;3668
15522;1005
3668;3747
3747;5622
5622;18537
18537;12576
12576;2911
2911;15800
15800;1150
15800;17906
1150;17481
17906;24122
17481;9104
9104;7515
7515;1168
1168;19632
22989;23942
23942;3982
3982;885
885;12649
885;6966
12649;19335
19335;1380
1380;6373
6373;7961
7961;1087
1087;21208
21208;9421
9421;9052
9052;3080
3080;1003
1003;10286
21481;5563
22073;7144
22073;10805
7144;17765
10805;17482
17765;14776
14776;24112
24112;9789
9789;5563
9789;1756
1756;6607
11144;5297
11144;22933
11144;23303
5297;11643
5297;12268
22933;9944
23303;4575
11643;24035
24035;14579
14579;2123
2123;5280
5280;18351
9944;13589
13589;22689
22689;2277
2277;7075
7075;15468
15468;11658
11658;17482
15705;24242
15705;13333
15705;16934
24242;16391
13333;7669
16934;4165
16391;79
79;13972
13972;22730
22730;11922
11922;22929
22929;4232
4232;17994
4232;1564
17994;19150
1564;9245
19150;19587
19587;1830
1830;5545
5545;5140
5545;20732
5545;19719
5140;5216
20732;1424
19719;23633
5216;11433
11433;15337
15337;11346
11346;20627
20627;11529
11529;4757
4757;5423
5423;20915
5423;9571
20915;18391
9571;18162
9571;12289
18391;1667
1667;14925
14925;18171
18171;6068
6068;4575
868;8389
868;1805
868;17253
8389;22417
1805;1818
17253;18546
22417;8625
8625;18060
18060;14758
14758;8577
8577;13519
13519;17275
17275;17565
17565;6212
17565;21643
6212;13894
21643;14879
2468;16328
2468;5692
2468;16707
16328;12231
5692;15863
16707;2411
16707;18568
12231;22947
22947;8516
8516;20308
20308;1818
10562;15863
10562;15412
10562;8762
15412;19359
8762;7403
20052;13537
4269;9108
9108;19952
19952;3598
3598;7880
7880;4252
4252;3786
3786;6809
6809;4548
4548;2270
2270;23259
23259;13453
13453;21186
21186;14800
14800;8801
8801;16692
16692;20445
20445;5671
5671;5472
5472;6053
6053;10329
10329;22952
22952;6945
6945;17799
6945;14535
17799;11003
14535;11757
19359;13704
13704;23073
23073;8228
8228;3333
3333;13477
13477;11401
11401;8623
8623;6087
6087;22186
6087;19004
6087;9602
22186;8406
19004;4165
9602;10690
11003;1495
1495;10330
10330;10199
10199;13558
13558;2685
2685;6156
6156;21553
21553;11404
11404;10615
10615;6012
6012;15703
15703;8500
8500;15280
15280;3348
15280;1051
3348;18017
3348;9975
1051;823
18017;13465
9975;8585
13465;2363
2363;3795
3795;7528
7528;14975
14975;13894
8406;22163
22163;9306
9306;20346
20346;18538
20346;16970
18538;15796
16970;2675
17584;17983
17584;579
17983;2280
579;10121
2280;2954
2954;7306
7306;24095
24095;6795
6795;14770
14770;8344
8344;7729
7729;3267
3267;20794
20794;7181
7181;5600
5600;11344
11344;111
111;2099
2099;12191
12191;15796
8941;3237
8941;9037
8941;6272
3237;20835
9037;21812
6272;12239
20835;2675
21812;13638
13638;20703
20703;20878
20878;3235
12239;10690
21573;20818
21573;17822
21573;207
20818;17412
17822;8876
207;14879
17412;14061
14061;257
257;3548
257;11461
3548;14001
11461;6448
11461;2718
8876;15376
15376;18546
15376;7467
7467;20905
7467;5004
14001;2411
14001;5460
5460;16151
16151;7403
15577;13455
15577;12115
15577;2490
13455;12615
12115;5665
12115;3487
2490;20867
12615;3065
3065;13971
13971;19428
19428;12984
12984;9452
9452;13537
5665;14034
14034;6341
6341;10363
10363;18959
18959;5882
5882;20714
20714;13569
13569;3310
3310;2212
2212;12910
12910;19923
19923;10752
10752;16974
16974;20542
20542;6520
6520;5327
5327;6448
5327;20436
20436;21691
20436;10618
2718;20146
22470;21073
22470;7567
21073;5193
21073;4476
7567;23709
7567;7454
5193;22002
22002;24082
24082;12566
12566;23956
12566;7296
23956;240
7296;9314
240;1878
1878;5881
1878;10547
5881;18154
5881;19012
10547;15140
24010;18468
24010;15879
24010;12451
18468;20633
15879;19753
12451;6485
20633;11955
20633;10219
20633;10019
11955;9304
10219;16418
10019;2148
9304;1437
1437;20051
20051;4398
4398;2899
4398;13162
2899;23350
13162;11994
21909;9550
21909;14563
21909;16995
9550;10076
14563;7455
16995;7651
10076;1273
1273;20769
20769;11718
11718;19753
7455;18038
18038;4276
4276;17485
17485;1295
1295;3886
3886;19017
19017;6485
6485;9089
9089;19143
7651;17463
17463;10719
10719;18154
10719;17466
10719;19338
19338;6590
19012;11087
14492;5824
14492;23709
14492;3136
5824;1981
5824;9311
23709;16725
23709;2914
3136;17658
7160;10501
1981;22800
22800;14940
14940;20946
20946;15734
15734;10655
10655;608
608;6214
6214;20914
6214;6875
17823;2915
20914;15999
6875;3819
15999;4927
4927;12061
12061;15239
15239;19394
19394;708
708;15140
7454;1329
11933;14523
11933;8906
11933;6358
14523;23061
8906;7207
6358;13975
23061;4149
4149;9068
9068;15392
15392;21568
15392;15509
21568;20199
15509;16034
20199;8060
8060;707
8060;23341
707;781
707;3666
23341;24241
781;11245
3666;5589
11245;886
886;695
695;7784
7784;22121
7784;12017
22121;16120
12017;13138
16120;11232
11232;759
759;17658
7207;13975
7207;7553
7553;5887
24234;15179
24234;7299
24234;12158
15179;10372
7299;7486
12158;4622
10372;19724
19724;13865
13865;20356
20356;12254
12254;10422
10422;22791
22791;15812
15812;682
682;14788
14788;1227
1227;21462
21462;15136
15136;7345
7345;10023
10023;18506
18506;15426
15426;23987
23987;15483
15483;8579
8579;5709
5709;20692
20692;16727
16727;7130
7130;5077
2138;9341
2138;22960
2138;12746
2138;16536
2138;9698
9341;17688
22960;5582
12746;22894
16536;2335
9698;3373
11505;22623
11505;12396
11505;19924
11505;3707
22623;19726
19924;5139
3707;6493
19726;18563
18563;18259
18259;9061
18259;9220
9061;12348
9220;23822
5139;2884
5139;9441
5139;6103
5139;19982
2884;18018
6103;18532
19982;14439
18018;18332
18018;23231
18332;5900
23231;5237
5900;909
909;12348
18096;16341
18096;4156
18096;4786
16341;3698
4156;16156
4786;7089
3698;22770
22770;23396
23396;20710
20710;16588
16588;12813
12813;14410
14410;21897
21897;6208
6208;15025
15025;9041
9041;3347
9041;14742
9041;11809
3347;18923
14742;20817
11809;6900
11809;8250
23016;17138
23016;13885
23016;14680
17138;8445
13885;22589
14680;13076
8445;4532
4532;13156
4532;1149
13156;2186
2186;6824
6824;8474
8474;15351
15351;17963
17963;4003
4003;6998
4003;4516
6998;12778
4516;52
4516;3741
2775;717
2775;23632
2775;19510
2775;9799
717;106
19510;16507
9799;15421
106;23821
23821;4448
4448;16680
16680;8681
8681;6654
6654;3295
3295;10005
10005;15480
10005;3012
15480;22164
3012;16947
22164;13771
13771;20040
20040;22774
22774;8920
8920;16314
16314;18349
18349;21634
21634;9824
21634;3834
9824;8154
3834;7376
8154;12777
12777;4615
4615;11254
11254;13334
13334;20875
20875;18002
18002;8514
8514;3071
3071;8816
8816;19125
19125;23873
23873;636
636;20297
20297;18757
18757;3664
18757;20023
3664;4690
4690;7237
7237;23394
23394;4354
4354;19093
19093;11832
11832;11130
11130;22589
15949;6346
15949;8943
15949;15353
15949;22282
15949;3805
6346;10304
8943;11588
15353;3844
15353;14651
22282;9563
10304;7288
7288;6073
6073;7169
7169;23882
23882;19429
19429;748
748;15241
15241;4524
4524;14170
14170;9300
14170;20490
9300;6940
6940;1008
1008;12039
12039;16147
16147;4827
4827;20868
20868;2218
2218;21838
21838;22630
22630;4884
4884;930
930;19241
19241;13115
13115;12782
12782;12778
2429;19800
19800;23159
23159;20990
20990;14447
14447;21577
21577;18709
18709;9234
9234;9897
9897;14406
14406;16985
16985;7457
7457;23711
23711;18770
18770;12639
12639;24078
24078;9967
9967;23650
23650;6270
6270;14119
14119;11588
21515;16124
17688;130
130;17764
17764;18029
18029;14226
14226;22281
22281;4900
4900;22672
22672;135
135;5526
5526;21410
21410;12277
12277;16413
16413;19842
19842;19913
19913;12449
12449;22433
22433;3575
3575;18719
5582;4994
4994;11546
11546;7486
7486;11554
11554;17687
11895;13840
13840;17050
17050;7031
7031;14299
14299;23277
23277;7183
7183;10262
10262;8018
8018;5261
5261;13607
13607;18165
18165;3223
3223;19978
19978;2978
19978;2315
2978;12682
2315;6983
12682;16447
16447;7981
7981;23742
23742;14079
14079;19127
19127;14510
14510;22893
22893;9033
9033;6759
6759;2068
2068;10271
10271;19147
19147;11852
11852;19475
19475;18416
18416;10938
10938;16061
16061;1708
1708;18426
18426;24186
24186;5908
5908;1205
1205;9531
9531;20711
20711;2160
2160;21995
21995;20603
20603;3493
3493;15293
15293;9446
9446;1403
1403;9742
9742;5312
5312;17795
17795;3013
3013;15267
15267;15746
15746;7259
7259;16813
16813;7542
7542;8028
8028;1960
1960;8795
8795;3909
3909;4482
4482;22932
22932;13108
13108;4819
4819;22445
22445;23378
23378;7590
7590;14917
14917;6353
6353;1643
1643;18095
18095;2292
2292;9469
9469;1511
1511;9581
9581;1228
1228;9074
9074;12545
12545;15379
15379;15325
15325;13731
13731;10633
10633;23705
23705;186
186;6673
6673;2545
2545;3844
3844;19782
21395;7725
7725;9688
9688;18661
9688;6906
9688;1035
9688;12275
18661;1079
6906;7085
1079;6898
6898;6718
6718;19190
19190;14486
19190;8103
14486;23422
23422;9058
9058;15219
15219;280
280;796
796;4781
9101;15098
15098;23906
23906;20386
20386;61
61;6790
6790;4684
4684;8505
4684;2505
8505;7030
2505;10351
7030;382
382;2175
2175;19422
19422;19599
19599;5836
5836;871
871;9872
9872;22338
22338;920
920;13597
13597;22830
22830;11518
11518;19783
19783;6655
6655;5353
5353;1016
1016;15252
15252;19520
19520;3518
3518;4229
4229;8678
8678;21859
21859;2868
2868;8222
8222;7931
7931;9685
9685;874
874;4622
18968;734
18968;5120
18968;4661
734;13493
5120;8698
4661;22894
13493;6431
13493;936
6431;14863
936;20113
14863;14012
14012;1685
1685;16142
16142;4942
4942;17534
17534;3485
3485;2991
2991;16039
2991;4565
16039;9615
4565;5781
9615;9151
9151;1037
1037;21127
21127;8744
21127;20787
8744;11204
11204;15255
15255;4091
4091;4245
4245;20565
20565;11575
11575;5636
5636;17291
17291;15113
15113;13037
15113;4715
13037;13815
13037;12843
4715;23541
8698;4549
4549;16838
16838;15481
15481;6800
6800;15521
15521;15878
15521;9484
15521;18614
15878;18571
9484;2798
18614;4890
18614;20678
18571;7572
7572;16881
16881;23842
23842;12616
12616;18363
12616;18047
18363;13004
18047;12189
13004;20855
20855;14790
14790;20376
20376;21851
21851;19575
19575;19156
19156;22333
22333;23822
22333;3696
16156;7140
16156;16239
16156;16551
7140;9370
16239;16490
16551;785
9370;16382
16382;12292
12292;8365
8365;18438
18438;5342
18438;3213
5342;8891
3213;19613
3213;24049
8891;1617
1617;19586
19586;10018
10018;6910
6910;21052
6910;23290
21052;8346
8346;9359
9359;11649
11649;10849
10849;8304
10849;13364
8304;15689
13364;14830
2335;11405
11405;399
399;9601
9601;18040
18040;6183
6183;9267
9267;17572
17572;11210
11210;19795
19795;6113
6113;14935
14935;17439
17439;8484
8484;17285
17285;18923
15338;7089
15338;5071
15338;9019
5071;11152
9019;15876
11152;13989
13989;23208
23208;16519
16519;22064
22064;16032
16032;17540
17540;22765
17540;10575
22765;16490
4597;21640
4597;20211
4597;21971
21640;12238
20211;8272
20211;16839
21971;13076
12238;3950
3950;20929
20929;21815
21815;8272
21815;7459
7459;11269
20078;11709
20078;1354
20078;15211
11709;11637
1354;12428
15211;19786
11637;9248
9248;12520
12520;10906
10906;3681
3681;4822
4822;9563
12428;24121
12428;12928
5764;22647
22647;955
955;22842
22842;8027
8027;1297
1297;18348
18348;14384
14384;19786
11715;17171
16507;3427
3427;216
216;4106
4106;5129
5129;14201
14201;7010
7010;1433
1433;17205
17205;5773
5773;259
259;18763
18763;15029
15029;9191
9191;1670
1670;4468
4468;11725
11725;7230
7230;21681
21681;18187
23601;20041
23601;14420
23601;22135
23601;17020
20041;13951
14420;3652
22135;2345
17020;4627
4471;261
261;14462
13815;20817
23963;14352
23963;3975
23963;14152
23963;4621
14352;1122
3975;10448
14152;21083
4621;18373
1122;17278
17278;18309
18309;18070
18070;298
298;9140
9140;19444
9140;7804
19444;12526
7804;18449
10448;21083
10448;4052
4052;15526
22549;17709
22549;12948
22549;13035
17709;7901
12948;13378
13035;16199
7901;12935
12935;13372
12935;2829
13372;5153
13372;1634
5153;6900
6900;15152
8250;9043
13378;17113
17113;15958
15958;12907
12907;308
308;21511
21511;6065
6065;13837
13837;18727
18727;253
253;7955
7955;1355
1355;10379
10379;16211
16211;21484
21484;10935
10935;2871
10935;4005
10935;3888
2871;3652
20063;1186
1186;12376
12376;13270
13270;10974
10974;15876
15876;9809
12495;18101
12495;22498
12495;9667
18101;18930
22498;2816
9667;15604
18930;11784
11784;15287
15287;7027
7027;862
862;23541
2816;17028
2816;15604
17028;3373
13431;505
13431;12409
505;20316
12409;9420
20316;8306
8306;757
757;17921
17921;4029
4029;8983
8983;15868
15868;10693
10693;22149
22149;8161
9420;9910
9910;11458
11458;18573
18573;12526
9236;6022
9236;24246
9236;5450
9236;4059
9236;4061
10138;1730
6022;1656
4061;21341
1730;18449
6612;17095
16095;11647
16095;5620
11647;17095
5620;4518
14058;24265
1656;2345
8864;17838
8864;17057
8864;19016
17838;10918
17057;23556
19016;12346
10918;15678
15678;15342
15342;6387
6387;18686
18686;5859
5859;11644
5859;6727
11644;3894
1265;22906
1265;2136
1265;327
22906;3663
2136;13587
327;16258
3663;16614
16614;1209
1209;6510
1209;728
6510;23556
728;7740
13587;1682
1682;10162
10162;19727
19727;10813
10813;19291
19291;9015
9015;6305
9015;4228
9015;9488
6305;12905
4228;18356
9488;13730
12905;12346
11727;16258
11727;8894
8894;13578
13914;20590
13914;11997
20590;3331
11997;10876
3331;11808
11808;22476
22476;20195
20195;4893
20195;14615
20195;15505
20195;7682
20195;23937
4893;13891
15505;19787
23937;156
13891;4787
4787;23598
23598;9862
9862;19667
9862;22533
19667;4431
4431;14462
13578;2118
15366;22649
15366;18857
22649;392
18857;6152
392;10352
10352;2485
2485;23916
23916;8660
8660;5744
5744;24250
24250;12852
12852;20608
20608;9150
9150;18212
18212;14921
14921;16740
16740;15362
15362;6268
6268;7829
7829;20642
20642;6089
6089;21162
21162;7464
7464;10511
10511;6478
6478;2376
2376;19011
19011;14243
14243;8174
8174;4766
4766;13737
725;12606
12606;11920
1441;15440
15440;6193
6193;16598
16598;14929
14929;4406
14929;11628
4406;8414
11628;10080
8414;4593
4593;4971
4971;9385
2487;2163
2487;11959
2487;10708
2163;22401
11959;15495
10708;10273
22401;20675
20675;6999
6999;9285
9285;7122
7122;1086
1086;13038
13038;14430
14430;8466
8466;2812
2812;11915
11915;7324
7324;22416
7324;6943
7324;129
22416;15253
6943;19558
129;258
19456;11338
19456;5956
19456;24039
11338;5179
11338;6111
5956;5321
24039;22341
5179;24101
5179;4481
6111;12894
24101;6772
4481;10184
6772;278
278;5321
22341;15495
22341;3831
3831;24191
19136;11845
11845;21182
11845;4271
21182;18662
21182;10623
4271;15714
10623;2952
5026;10273
22792;21697
2952;12438
12438;17643
17643;1072
1072;12355
12355;22862
12355;14677
12355;941
22862;10998
14677;12902
941;9819
10998;19496
19496;18873
18873;13239
13239;17609
17609;10274
10274;18369
18369;1897
19477;2030
2030;15306
15306;24239
24239;19427
18242;21697
6282;15516
6282;304
6282;16164
6282;2443
15516;12614
304;15549
16164;8942
16164;5822
2443;18245
12614;15549
12614;19915
19915;9476
8942;7994
5822;23146
7994;15849
15849;9912
9912;20000
20000;21144
21144;9599
9599;23886
23886;23860
23860;4831
4831;16722
16722;3005
3005;3447
3447;2168
2168;23879
23879;16274
23879;4202
16274;830
4202;19645
830;8905
8905;10683
10683;21130
21130;23489
23489;12815
12815;11513
11513;4379
4379;13855
13855;23867
13855;15961
15961;7748
15961;23554
10828;14425
14425;21467
7165;5792
5792;21828
21828;6669
6669;948
948;15895
15895;20892
20892;17829
20892;11645
20892;4084
17829;11170
11645;13494
11645;17200
4084;5180
12959;15077
15077;303
303;1389
1389;6427
6427;9786
9786;16571
16571;2695
2695;23452
23452;6712
23452;17111
6712;653
17111;1753
6333;4713
6333;21009
6333;7356
4713;19741
21009;7298
7356;12788
19741;17433
17433;14734
14734;20911
20911;7820
7298;10054
10054;7573
7573;7071
7071;11590
11590;17329
11590;12934
17329;8621
12934;18435
8621;22159
22159;10440
10440;14778
14778;3924
3924;13901
13901;9283
9283;2853
2853;1534
1534;9961
9961;8776
8776;8628
8628;10380
10380;16820
16820;1317
1317;23484
23484;24165
24165;20970
20970;19478
19478;17502
17502;18442
18442;18335
18335;630
630;13959
13959;15891
15891;21172
21172;21672
21672;5020
5020;9996
9996;23751
23751;9291
9291;3486
3486;7905
7905;15253
10937;9084
10937;12873
10937;5960
9084;20979
12873;22734
5960;23563
5960;5418
20979;12788
20979;8173
20979;9170
12788;10396
12788;5268
12788;4136
8173;13158
10396;9560
5268;9557
4136;9402
22734;23840
23840;4250
4250;2663
2663;12101
12101;23005
23005;5274
5274;20944
20944;700
700;1551
700;4272
1551;7654
4272;10481
7654;20962
20962;5795
5795;23563
5418;14528
22245;653
19861;23049
19861;19452
19861;3039
19861;19543
23049;10381
23049;21507
19452;9795
3039;13228
19543;5749
10381;2424
2424;742
9795;23846
23846;19875
23846;6595
19875;7163
6595;7514
7163;5610
9686;15127
9686;15696
9686;421
15127;15108
15127;1217
15696;8426
421;5371
15108;9264
1217;6421
9264;21061
21061;13833
13833;7123
7123;10605
10605;2636
2636;19334
2636;17924
19334;17379
17924;5717
17379;6363
6363;8694
8694;16788
16788;22667
22667;9927
9927;21959
21959;23348
23348;2152
2152;16983
16983;14282
14282;4155
4155;14595
14595;10011
10011;2577
2577;17559
17559;17705
17705;6695
6695;18313
18313;16344
16344;1652
1652;4251
4251;7096
7096;23430
23430;8061
23430;15124
8061;21911
15124;2965
14992;15279
15279;11806
11806;11817
11817;9431
9431;633
9431;20474
633;22532
20474;6264
22532;10458
10458;8821
8821;544
544;23125
23125;14816
14816;11950
11950;20091
20091;3156
3156;7944
7944;2194
2194;2925
2925;6496
6496;20629
20629;14098
14098;10540
10540;15323
15323;12858
12858;8292
8292;3220
3220;551
551;8613
8613;3224
8613;1142
3224;21358
21358;4442
4442;17761
17761;13666
13666;13878
13878;23819
23819;23909
23909;901
901;19919
19919;8885
8885;18793
18793;8754
8754;16533
16533;5254
5254;1071
1071;2608
2608;4817
4817;23615
23615;7484
7484;9853
9853;11573
11573;5641
5641;19401
19401;10303
10303;14540
14540;2232
2232;20365
20365;7717
7717;4623
4623;16928
22575;18681
16928;23410
23410;11595
11595;3416
3416;12453
12453;24256
24256;15622
15622;14872
14872;16045
16045;19710
19710;615
615;11219
11219;1114
1114;18493
18493;9580
9580;17730
17730;1955
1955;16665
16665;16135
16135;565
565;23949
23949;10968
10968;11493
11493;10675
10675;11139
11139;13768
13768;11910
11910;23832
23832;21832
21832;8479
8479;14650
14650;11836
11836;12096
12096;7791
7791;22796
22796;23085
23085;24145
24145;144
144;17148
17148;3089
3089;6972
6972;14724
14724;534
534;18922
18922;787
787;6856
6856;24251
24251;12227
12227;5964
5964;4461
4461;5890
5890;19352
19352;22430
22430;6721
6721;23961
23961;22352
22352;16739
16739;964
964;17594
17594;20687
20687;1487
1487;22565
22565;4564
4564;16406
16406;17812
17812;2326
2326;14387
14387;16115
16115;8259
8259;1990
1990;7463
7463;18487
18487;10980
10980;11625
11625;720
720;20851
20851;17626
17626;11423
11423;1726
1726;3149
3149;14360
14360;9803
9803;5565
5565;962
962;15978
15978;20369
20369;13595
13595;10789
10789;16488
16488;8360
16488;19356
8360;23966
23966;8108
8108;17402
17402;15634
15634;21464
21464;14978
14978;19323
19323;1915
1915;13330
13330;5844
5844;1671
1671;8279
8279;22582
22582;5061
5061;13222
13222;4818
5425;15693
15693;18386
18386;17918
17918;11225
11225;13228
520;17297
520;5000
520;9111
17297;21288
5000;21227
9111;1971
23170;21351
21288;5715
5715;13979
13979;11103
11103;18835
18835;17295
17295;858
17295;3862
858;23851
3862;10122
22836;22357
22836;5751
22836;2759
22357;8967
5751;10047
2759;20544
6186;9024
6186;5657
6186;8014
6186;11525
9024;17245
9024;7582
5657;17245
5657;15756
8014;9585
11525;9595
4924;11170
11730;7152
11730;813
11730;18268
11730;3125
7152;15600
813;6994
18268;4619
3125;17030
15600;18343
18343;12953
12953;12249
12249;9812
9812;19618
19618;16300
16300;15717
15717;13494
21564;19933
21564;2336
21564;918
21564;511
21564;690
19933;20338
2336;9081
918;672
511;17341
20338;8010
8010;6967
6967;17336
17336;8857
8857;21398
21398;23544
23544;15390
15390;14228
14228;6550
6550;6994
9081;1138
1138;10901
10901;13003
13003;16675
13003;16815
16675;2895
16815;22538
2895;19847
2895;19820
19847;14812
14812;18561
18561;18773
18773;17524
17524;14655
14655;2433
2433;7762
7762;17344
17344;6187
6187;19054
19054;6911
6911;11882
11882;15472
15472;11762
11762;14041
14041;4811
4811;7903
7903;195
195;7350
7350;16398
16398;4619
672;704
704;15097
15097;15103
15103;14072
14072;23843
23843;12046
12046;11241
11241;16035
16035;8081
8081;17237
17237;1872
1872;9875
20664;7290
8686;22606
8686;20015
8040;7148
7290;14612
14612;12723
12723;18707
18707;2927
18707;4077
2927;22737
2927;3556
4077;19411
22737;21467
22737;23930
275;5180
275;22378
22378;11463
17877;12452
12452;16633
12452;20796
12452;17457
16633;11765
20796;17639
17457;11295
23652;1023
23652;1635
23652;9714
23652;20640
23652;13276
9560;22718
22718;19609
19609;820
820;1237
1237;23542
23542;10819
10819;11359
11359;18087
18087;8238
5400;2506
2506;5433
5433;21485
21485;16048
23074;1883
1883;23298
23298;7956
23298;155
23298;21922
7956;18420
155;18270
18420;6410
6410;23824
6410;10504
23824;10728
23824;13203
10504;12795
10728;14271
13203;7904
14271;17556
17556;9774
9774;21973
9774;4104
21973;22861
4104;9464
22861;4249
4249;6350
6350;13073
13073;6696
6696;5374
5374;15551
15551;16909
16909;1753
8426;15360
15360;18790
18790;841
841;16648
16648;9513
9513;11765
23820;17639
4160;5273
3532;1367
23368;384
1367;5371
18798;16630
16630;16824
16824;487
487;5116
5116;12628
12628;2014
2014;23851
21227;8967
21227;17808
17808;1971
4981;91
91;10072
6415;10047
6415;10208
6415;20666
10208;6163
20666;9239
6163;19819
19819;20544
9239;11472
9239;18390
11472;8802
11472;19980
11472;20563
8802;21327
19980;19759
20563;14229
21327;21925
21925;8141
8141;16978
16978;3282
3282;3898
3898;22714
22714;8911
8911;21001
8911;3465
21001;24065
24065;16040
16040;12151
12151;5377
5377;12356
12356;6250
6250;10129
10129;2623
2623;11201
11201;6437
6437;2475
2475;10122
18882;3366
3366;7468
7468;7473
7473;3202
3202;9429
9429;14265
14265;14700
14700;22150
22150;18646
18646;19596
19596;4371
4371;8975
8975;2471
2471;16649
16649;22128
22128;23947
22128;18860
23947;10489
18860;22252
19639;3460
19639;22484
19639;12297
3460;9579
22484;6007
12297;13830
9579;13727
13727;8887
8887;11450
11450;11337
11450;10297
11337;13087
10297;8784
10297;11145
13087;10814
10814;20925
20925;2619
2619;5561
5561;7147
7147;10268
10268;16784
16784;17360
17360;24255
24255;8812
8812;16016
16016;9202
9202;5760
5760;13442
13442;8499
8499;17814
17814;2239
2239;11215
11215;11306
11306;21421
21421;16226
16226;10475
10475;14310
14310;2011
2011;11167
11167;7213
7213;1834
1834;14575
14575;775
775;3464
3464;5513
5513;18005
18005;4911
4911;7962
7962;7221
7221;5363
5363;2657
2657;24001
24001;15456
15456;8775
8775;1117
8775;7876
1117;19256
7876;23055
19256;3430
3430;17054
17054;5117
5117;2430
2430;21164
21164;311
311;20296
20296;12823
20296;20919
12823;8120
8120;146
8120;8179
146;21477
8179;4303
21477;329
329;11920
6007;2357
2357;1825
1825;13467
13467;19796
19796;16553
16553;4648
4648;6403
4648;23811
6403;8747
23811;3959
8747;2018
2018;21619
21619;6624
6624;22292
22292;12472
22292;15272
12472;13557
15272;12332
13557;11138
13557;6132
11138;2248
6132;571
2248;5042
5042;3496
3496;1855
1855;16455
16455;11740
11740;22953
22953;2948
2948;9195
9195;423
423;19002
19002;15283
15283;14924
14924;16138
16138;20086
20086;19570
19570;13976
13976;1811
1811;5615
5615;6528
6528;13139
6528;7171
13139;18407
7171;1277
18407;22501
22501;18233
18233;4907
4907;20974
20974;17536
17536;20456
20456;18834
18834;21755
21755;21526
21526;562
562;22712
22712;10353
10353;22350
22350;10715
10715;21194
21194;19494
19494;17140
17140;2898
2898;24002
24002;13163
13163;19493
15213;9887
15213;6209
9887;16902
21731;21367
21367;10483
10483;1366
1366;2861
2861;11899
11899;3419
3419;21201
21201;23079
23079;19282
19282;20752
19282;14131
20752;6494
14131;7736
6494;7552
6494;6471
7552;1261
1261;19558
16902;10091
10091;12067
12067;1020
1020;13095
13095;4525
4525;22043
22043;4307
4307;20209
20209;13956
13956;15700
15700;16071
16071;10676
10676;7175
7175;14735
14735;10817
10817;20382
20382;12440
12440;7347
7347;10886
10886;17836
17836;7781
17836;11972
17836;2881
7781;16547
7781;17069
2881;16302
16547;19075
19075;13788
13788;1882
1882;15498
15498;16955
16955;10737
16955;20232
10737;21323
20232;8939
21323;2483
2483;17459
17459;5870
5870;7472
7472;21657
7472;12107
21657;23034
12107;4175
23034;17262
17262;8736
8736;10192
8736;23037
10192;13925
10192;1622
10192;7785
23037;13295
13925;16982
7785;1184
7785;1275
16982;16436
16436;17585
16436;13428
17585;1506
13428;8107
1506;9085
9085;7310
7310;3854
3854;11013
11013;15830
15830;16925
16925;2435
16925;18843
2435;15384
15384;258
258;982
13426;16205
13426;1206
13426;14372
13426;14560
13426;9335
16205;23728
16205;22018
1206;14673
14372;13346
9335;21797
11824;20489
11824;1845
11824;287
20489;17760
20489;24031
20489;13816
20489;18035
20489;12759
20489;3990
20489;3495
20489;15054
20489;8298
20489;12144
20489;9490
20489;5185
1845;3623
17760;17263
24031;24091
17263;23728
6551;7983
2839;13104
7983;2945
2945;2946
2946;8452
8452;13269
13269;21112
21112;14920
14920;20132
20132;12911
12911;24004
12911;19176
12911;8898
24004;4270
19176;19046
8898;11731
4270;6625
6625;8832
8832;17088
17088;12372
12372;20646
20646;944
944;16175
16175;18223
18223;13450
18223;18287
13450;15169
18287;21046
18287;9450
18287;6314
18287;14365
18287;141
15169;13530
13530;545
545;14673
13126;21907
13126;17410
13126;17872
21907;19498
17410;6112
17410;10432
17872;20262
19498;609
609;22979
22979;7999
7999;7355
7355;12750
12750;15921
15921;10476
10476;7845
7845;2333
2333;15644
15644;323
323;11596
11596;20478
20478;5225
5225;23010
23010;6797
6797;16843
16843;4045
16843;4587
4045;15716
4587;11783
15716;5247
5247;8492
8492;10189
10189;1922
1922;10010
10010;22616
22616;1982
1982;20562
20562;22617
22617;16478
16478;11754
11754;15116
15116;14594
14594;2667
2667;17224
17224;3298
3298;8427
8427;2953
2953;4780
4780;21735
21735;5962
21735;7524
5962;12662
12662;17490
17490;21644
21644;18337
18337;21226
21226;12816
12816;628
628;4632
4632;8632
8632;19281
19281;12035
12035;8443
8443;7038
7038;1791
1791;17610
17610;773
773;21618
21618;10489
6112;3208
3208;4958
4958;2434
2434;7516
7516;6443
6443;5081
5081;3422
3422;8889
8889;8248
8248;15588
15588;19266
19266;9276
9276;965
965;13747
13747;18273
18273;14356
14356;23603
23603;3478
3478;19000
19000;18272
18272;14577
14577;4489
4489;10761
10761;10087
10087;14831
14831;16913
16913;9116
9116;14444
14444;21769
21769;6107
6107;17008
17008;23776
23776;3773
3773;13756
13756;6877
6877;21562
21562;13068
13068;9115
9115;12711
12711;17631
17631;19778
19778;16277
16277;16619
16619;2885
2885;18194
18194;22148
22148;22645
22645;9098
9098;2907
2907;12175
12175;11464
12175;4612
12175;15627
11464;19931
11464;16206
11464;21903
4612;4344
4612;16472
19931;24216
24216;20069
20069;9745
9745;5332
5332;16155
16155;11519
11519;13023
11519;12425
13023;16973
12425;17068
16973;13365
13365;11165
11165;15416
15416;3929
3929;12291
12291;11823
11823;5731
5731;673
673;16236
16236;6429
6429;17333
17333;988
988;22683
22683;6774
6774;19967
19967;22983
22983;8487
8487;8334
8334;13686
13686;20068
20068;5147
5147;9689
9689;3957
3957;15162
15162;4857
4857;13739
13739;14605
14605;7558
7558;1243
1243;9313
9313;471
471;10628
10628;15157
15157;676
676;8966
8966;13899
13899;8710
8710;23902
23902;12095
12095;7755
7755;22579
7755;17903
7755;9618
22579;4093
4093;15601
15601;12326
12326;4120
4120;6518
6518;23985
23985;5623
5623;2006
2006;17163
17163;3352
3352;2981
2981;21504
21504;11194
11194;21894
21894;13069
13069;13233
13233;6534
6534;5143
5143;21097
21097;19276
19276;9657
9657;16420
16420;6284
6284;1909
1909;21011
21011;12129
12129;2966
2966;10368
10368;3305
3305;14240
14240;1823
1823;11088
11088;2621
2621;23998
23998;7172
7172;21045
21045;9588
9588;2604
2604;8122
8122;20332
20332;12661
12661;17169
17169;11304
11304;13167
13167;3874
3874;5272
5272;23521
23521;506
506;834
834;9985
9985;24235
24235;17424
17424;23901
23901;11234
11234;2533
2533;23329
23329;11703
11703;15733
15733;3976
3976;5547
5547;11394
11394;13766
13766;241
241;17139
241;11435
17139;4540
11435;2330
4540;14155
14155;8752
8752;19207
19207;4438
4438;20242
20242;1158
1158;21848
21848;8805
8805;21256
21256;23197
23197;5801
5801;16503
16503;7055
7055;11402
11402;11231
11231;22252
6848;4965
4965;7178
7178;21457
21457;22072
22072;13302
13302;13481
13481;14829
14829;6252
6252;4226
4226;4028
4028;5059
5059;12974
12974;1951
1951;18667
18667;18314
18314;3946
3946;7549
7549;13117
13117;17359
17359;17926
17926;16481
16481;3789
3789;1762
1762;13252
13252;17831
17831;15793
15793;15399
15399;20805
20805;10695
10695;23262
23262;6959
6959;4973
4973;8076
8076;16089
16089;13111
13111;24017
24017;23414
23414;9991
9991;10386
10386;20281
20281;7219
7219;5909
5909;20414
20414;2146
2146;23727
23727;19545
19545;2190
2190;15977
15977;1496
1496;11521
11521;2358
2358;11035
11035;2799
2799;12622
12622;21979
21979;15766
15766;23462
23462;15979
15979;2629
2629;14792
14792;6991
6991;16921
16921;22696
22696;11153
11153;14892
14892;21425
21425;15847
15847;18234
18234;18004
18004;16508
16508;7933
7933;3961
3961;1259
1259;22680
22680;19133
19133;11223
11223;19797
19797;2139
2139;5679
5679;5936
5936;677
677;12643
12643;3003
3003;23064
23064;15935
15935;9842
9842;7020
7020;8648
8648;8503
8503;907
907;13141
13141;15946
15946;13402
13402;4559
4559;8263
8263;14838
14838;10055
10055;23305
23305;18634
18634;14987
14987;22495
22495;5215
5215;13667
13667;19385
19385;8192
8192;5240
5240;10517
10517;13703
13703;6457
6457;21007
21007;12288
12288;18617
18617;4322
4322;4166
4166;17121
17121;1740
1740;11726
11726;13456
13456;5629
5629;10784
10784;18813
18813;10079
10079;22156
22156;6497
6497;23030
23030;6887
6887;17778
17778;17293
17293;14047
14047;11598
11598;10469
10469;13425
13425;6859
6859;21693
21693;953
953;10409
10409;9261
9261;19959
19959;17638
17638;15453
15453;4977
4977;10434
10434;10841
10841;7011
7011;3130
3130;13877
13877;15186
15186;22709
22709;14307
14307;23997
23997;19379
19379;7835
7835;1442
1442;5737
5737;17228
17228;19231
19231;11929
11929;6383
6383;11840
11840;18666
18666;6020
6020;14096
14096;10585
10585;9393
9393;9535
9535;21173
21173;21230
21230;16895
16895;8892
8892;17358
17358;23192
23192;17853
17853;14783
14783;3122
3122;13043
13043;1727
1727;21806
21806;20927
20927;20455
20455;20602
20602;23361
23361;13213
13213;18024
18024;10488
10488;22046
22046;15658
15658;10512
10512;5566
5566;7594
7594;20262
15581;20234
15581;16718
15581;5708
20234;22494
16718;2525
16718;19888
5708;12139
22494;19219
19219;12625
12625;12691
12691;18915
18915;578
578;10505
10505;20441
20441;22447
22447;13673
13673;6878
6878;877
877;22366
22366;23285
22366;8062
23285;6399
8062;20392
6399;23056
2525;4032
4032;7068
7068;5249
1343;6071
6071;2960
2960;20264
20264;2470
2470;18588
18588;17373
17373;16953
17373;1552
16953;10291
1552;9554
10291;3830
3830;18621
18621;20487
20487;12380
12380;5382
5382;1854
1854;14641
14641;3736
3736;4323
4323;12789
12789;18700
18700;1156
1156;21627
21627;21450
21450;24033
24033;4390
4390;23008
23008;17930
17930;5680
5680;10293
10293;10885
10885;5621
5621;6572
6572;17695
17695;6933
6933;3793
3793;12271
12271;19852
19852;10258
10258;23701
10258;5189
23701;5133
5189;21686
5133;17458
17458;14567
14567;4399
4399;5402
5402;20530
20530;3782
3782;5181
5181;13027
5181;4215
13027;7745
4215;6710
7745;14055
14055;5293
5293;11242
11242;23009
23009;24176
24176;12139
1191;19790
21252;21440
390;5925
5925;11622
22200;2897
5426;4572
4789;8831
5362;24056
4572;22492
20529;13320
20529;12921
15515;13157
13157;15539
12900;11030
12900;22371
10289;16844
11660;14287
19851;1105
8796;4712
8796;12047
8796;7037
8796;6199
8796;3024
8796;23612
8796;12156
8796;7070
2794;2770
2794;13025
2794;13693
2770;7274
13025;13101
13693;5475
7274;20888
20888;14464
20888;568
14464;9029
14464;15117
14464;21370
9029;8792
15117;21661
21370;21106
8792;12929
12929;23134
23134;6480
6480;3848
6480;16879
3848;3560
16879;14597
3560;12756
12756;11273
11273;12609
11273;7267
12609;10127
7267;17196
7267;3942
10127;13060
13060;21359
21359;24193
24193;8883
8883;11441
11441;5699
5699;9940
9940;22406
22406;10185
10185;934
934;22492
9375;6036
9375;17570
9375;3364
6036;11875
17570;7200
3364;9228
11875;19222
19222;16326
16326;6683
6683;10337
6683;5982
10337;20611
5982;12610
20611;8469
8469;17076
17076;7200
2886;17308
2886;19039
2886;20471
17308;5922
19039;14269
20471;11148
5922;16042
16042;23884
16042;17220
23884;14269
17220;8366
14787;11307
14787;22335
14787;11545
11307;13131
22335;13131
22335;12906
11545;10402
12906;6735
10402;8361
8361;20632
20632;8127
8127;8436
8436;6796
6796;447
447;14483
14483;11148
17259;18491
17259;8020
17259;6125
18491;21310
18491;16642
8020;19899
6125;10414
21310;21546
16642;11666
19899;23432
23432;21516
23432;17782
21516;10414
21516;6647
17782;21197
6647;14031
4096;23816
4096;5073
4096;1838
23816;11067
5073;4799
1838;8432
11067;3938
3938;22910
22910;13059
13059;7517
7517;19539
19539;9576
9576;12200
12200;1147
1147;22537
22537;3554
3554;3112
3112;5326
5326;9888
9888;16863
16863;23669
23669;23112
23112;9228
4799;16544
16544;8558
8558;10524
10524;5337
5337;3096
3096;4796
4796;7710
7710;9922
9922;20476
20476;10606
10606;20228
20228;9879
9879;8366
9879;16097
9879;18113
16097;16593
18113;22177
22799;6056
22799;8067
22799;11751
6056;19648
8067;11437
11751;10677
19648;16493
16493;23744
23744;3201
3201;11686
11686;22773
22773;20186
20186;13101
11437;9301
9301;15904
15904;14328
14328;19620
19620;14116
14116;6684
6684;11235
11235;21123
21123;9630
9630;18403
9630;9631
9630;8388
18403;9981
8388;4126
9981;2023
2023;1436
1436;8432
2164;5263
2164;10016
2164;2832
5263;16332
10016;14833
2832;22372
16332;13184
13184;8260
8260;24109
24109;20539
20539;18789
18789;12264
12264;12463
12264;2631
12463;22204
2631;10587
22204;18256
18256;12504
12504;3284
3284;15092
15092;4697
4697;19855
19855;7972
7972;10438
10438;3721
3721;20626
20626;14106
14106;23827
23827;18395
18395;11803
11803;7545
7545;2205
2205;17465
2205;16573
17465;22062
16573;23331
22062;23148
23148;17569
17569;15208
15208;14148
14148;24005
24005;3068
3068;12909
12909;3559
3559;12163
12163;20791
20791;617
617;20335
20335;3808
3808;2302
2302;15153
15153;15631
15631;2996
15631;9332
2996;10094
9332;21084
10094;3958
3958;16062
3958;1797
16062;8460
1797;13205
8460;23376
23376;9039
23376;13821
9039;9465
9465;19454
9465;10531
19454;22099
10531;6472
22099;498
498;6775
6775;22807
6775;13314
22807;10066
13314;9608
10066;15984
10066;4450
15984;22172
4450;9553
22172;3094
3094;3450
3094;6468
3450;20355
6468;2012
20355;5098
5098;12594
12594;21221
21221;4760
4760;8356
8356;8655
8655;7712
7712;23344
23344;2897
10848;20559
10848;2244
10848;24158
10848;14850
20559;5768
20559;14902
2244;21268
24158;5072
14850;12810
5768;18781
18781;3955
3955;10331
10331;12925
12925;7251
7251;3083
3083;1991
1991;19056
19056;14440
14440;10345
10345;20654
20654;15779
15779;21635
21635;15913
15913;21607
21607;21152
21152;4739
4739;9018
9018;17343
17343;1499
1499;5475
21268;3099
3099;9309
9309;5168
5168;4616
4616;10514
10514;12018
12018;3794
3794;14998
14998;766
766;8930
8930;27
27;22943
27;10744
22943;11061
10744;9152
11061;14833
14833;1907
1907;19547
22168;14769
22168;19041
22168;8224
22168;1095
14769;4394
19041;21163
8224;6504
1095;1988
4394;18764
18764;11363
11363;2373
2373;10912
10912;1833
1833;7445
7445;5697
5697;21546
5697;19030
19030;2130
21163;949
949;14415
14415;22372
23136;7346
23136;16000
23136;3818
7346;13568
16000;12885
3818;5891
13568;4879
4879;19167
19167;3255
3255;16893
16893;14042
14042;20432
20432;17980
17980;8611
8611;10964
10964;20689
20689;10996
10996;12683
12683;1543
1543;9839
9839;18315
18315;16666
16666;17780
17780;23233
23233;170
170;7093
7093;1801
1801;18158
18158;13726
13726;15075
15075;18642
18642;20406
20406;7687
7687;806
806;2883
2883;20971
20971;3388
3388;21594
21594;22939
22939;7476
7476;14145
7476;17847
14145;19370
17847;17061
17847;2284
19370;4562
4562;12012
12012;10116
10116;2783
2783;17451
17451;15735
15735;15438
15438;1792
1792;10115
10115;21929
21929;16733
16733;5039
5039;19068
19068;6791
6791;21124
21124;13324
13324;7170
7170;11375
11375;11199
11199;21478
21478;9367
21478;19564
9367;22691
19564;14558
19564;610
22691;3939
3939;21613
21613;11666
12885;20053
20053;9776
9776;6616
6616;15964
15964;22889
22889;7146
7146;23118
23118;2834
2834;10764
10764;20572
10764;12005
10764;540
20572;8213
12005;18475
8213;2221
2221;15741
15741;16596
16596;8001
8001;225
225;6504
5920;17413
5920;15448
5920;15785
5920;15618
17413;16426
15448;19078
15785;14646
15618;17550
16426;2917
2917;14791
14791;8947
8947;24032
24032;3927
24032;1090
24032;23487
3927;15242
1090;18266
15242;19715
19715;3446
19715;8651
19715;8755
3446;23051
23051;1659
1659;2576
1659;442
2576;19683
442;6833
19683;19007
19007;6872
6872;5155
5155;16068
16068;1983
1983;23023
23023;11311
11311;22950
11311;19658
22950;15637
19658;5756
15637;22233
15637;8638
22233;17209
8638;1675
17209;12342
17209;4999
12342;16932
4999;6627
16932;652
652;15147
652;1283
652;7563
15147;2319
1283;1675
2319;22179
22179;15222
15222;19078
8150;7995
8150;10883
8150;17925
7995;18830
10883;16823
17925;14566
18830;1363
1363;3468
3468;14386
14386;13019
13019;22235
22235;1638
1638;22961
22961;13681
13681;2135
2135;15794
15794;2092
2092;12387
2092;18777
12387;8285
18777;2444
8285;5992
5992;6930
6930;7485
7485;3605
3605;4421
4421;24219
24219;4408
4408;9438
9438;3875
3875;17394
17394;6078
6078;5211
5211;23279
5211;16410
23279;22232
22232;21641
21641;19091
19091;4808
4808;23122
23122;21146
21146;15282
15282;22719
22719;19209
19209;19074
19074;23418
23418;22182
22182;21819
21819;18624
18624;21501
18624;22178
21501;4598
22178;1467
4598;14732
14732;4618
4618;8402
8402;4748
4748;924
924;23796
23796;13500
13500;18721
18721;24040
24040;800
800;22473
22473;10670
10670;6968
6968;13762
13762;19872
19872;21675
21675;16029
16029;12871
12871;16318
16318;2059
2059;2818
2818;22170
22170;1255
1255;19863
19863;14187
14187;23492
23492;11263
23492;3367
11263;19290
3367;17107
19290;15950
19290;20564
15950;1769
1769;20908
20908;7923
7923;2448
2448;21996
2448;24243
21996;3162
24243;5567
3162;13210
3162;15237
3162;19556
13210;4845
15237;15343
19556;9893
4845;21064
21064;6315
6315;6006
6006;8634
8634;14663
8634;18581
14663;24224
18581;10622
24224;7431
7431;2904
2904;2951
2951;19743
19743;11700
11700;9507
9507;22439
22439;8022
8022;8189
8189;8633
8633;8087
8087;2410
2410;3936
2410;15907
3936;2715
3936;2070
15907;15475
2715;22283
2070;1488
22283;15856
15856;22783
22783;23429
23429;2541
2541;18688
2541;9850
18688;3278
9850;21993
3278;19297
19297;18275
18275;18511
18511;22487
22487;4752
4752;22041
22041;1594
1594;12063
12063;15585
15585;426
426;21111
21111;16972
16972;6934
6934;9572
9572;925
925;10017
10017;4196
4196;13828
13828;1042
1042;19171
19171;18192
18192;214
214;12612
12612;12119
12119;15030
15030;19337
19337;20024
20024;15128
15128;20567
20567;9624
9624;20212
9624;18235
20212;202
18235;2192
202;24025
24025;6821
6821;18990
18990;10354
10354;2997
2997;2306
2306;11060
11060;17878
17878;1844
1844;17586
17586;12211
12211;2599
2599;10435
10435;20882
20882;6582
6582;9889
9889;8831
19576;7837
19576;1326
19576;14646
7837;2830
1326;5640
14646;9860
14646;1942
2830;9383
9383;15091
15091;8385
8385;7644
7644;12147
12147;7247
7247;17911
17911;11717
11717;7448
7448;12470
12470;5640
12470;20595
3640;21932
3640;9965
3640;18754
3640;5864
21932;7416
9965;20336
18754;4980
7416;16823
20336;102
102;5182
5182;17786
17786;6479
6479;7187
7187;5072
4980;19174
19174;7372
7372;21497
21497;20008
20008;2784
2784;10295
10295;19160
10295;4734
19160;20718
4734;23248
4734;14278
4734;1516
4734;20982
4734;12897
4734;21015
4734;23215
4734;9390
4734;5051
4734;21490
4734;20227
4734;21324
4734;6789
20718;21522
21522;20828
20828;11917
11917;3163
3163;19698
3163;15487
19698;23163
15487;8324
23163;23045
23045;6267
6267;7285
7285;13198
13198;8603
8603;14653
14653;11001
11001;7440
7440;21161
21161;1251
1251;16057
16057;5903
5903;18855
18855;2947
2947;20683
20683;12404
12404;11946
11946;10677
9860;4508
1942;2098
4508;8995
4508;16965
8995;7929
8995;4237
8995;17296
7929;12179
17296;2427
12179;13279
13279;14847
14847;5891
21440;17124
16523;2803
16523;15111
16523;2538
2803;13149
15111;18281
2538;21400
13149;13692
13149;14870
13149;17741
13692;23280
17741;20830
23280;16054
23280;15816
23280;16359
16054;7989
16054;353
15816;3574
15816;12219
16359;6321
7989;16349
353;18180
16349;15826
15826;4170
4170;899
899;9326
9326;21392
21392;22988
22988;10933
10933;17124
18281;18180
18281;2779
18281;6110
2779;22343
3574;2426
2426;10553
10553;20871
10553;23252
20871;5256
5256;20876
20876;23863
20876;413
23863;2414
413;11585
2414;21120
2414;4494
21120;14030
4494;5797
14030;2842
2842;17958
17958;5778
5778;5480
5778;7938
5480;15419
5480;23268
7938;17952
15419;10734
10734;11477
11477;5157
5157;8455
8455;7684
7684;3572
3572;8749
3572;15579
8749;2377
8749;5980
2377;6091
5980;8703
6091;7953
7953;3475
16774;20912
16774;6388
16774;16466
20912;1920
6388;20621
16466;5438
1920;20538
20538;19333
20538;15783
19333;6238
15783;9730
6238;7825
7825;3069
3069;2431
2431;7726
7726;23620
23620;19577
19577;21583
21583;10877
10877;21494
10877;5650
21494;4724
5650;23721
18964;20621
18964;9336
18964;10910
9336;21732
10910;5270
21732;2365
21732;5322
2365;7768
5322;21056
7768;480
480;7571
7571;22097
7571;13356
22097;10034
10034;14658
14658;15011
15011;4724
21056;19867
19867;16869
16869;7881
7881;10845
10845;23336
23336;5438
4838;10710
4838;6699
4838;16463
10710;7336
6699;19045
16463;19704
7336;17141
17141;375
375;20384
375;7508
20384;22720
7508;6116
22720;18402
18402;2556
2556;23683
23683;19747
19747;22386
22386;4578
4578;9163
9163;14281
14281;17103
17103;10765
10765;17004
17004;3174
3174;4338
4338;20413
4338;21844
4338;6157
20413;17081
6157;13197
17081;4932
4932;15248
4932;18821
15248;19964
18821;20897
19964;4603
4603;8552
8552;15299
15299;16883
15299;1301
16883;22496
1301;20874
22496;6321
22496;7693
7693;3708
19045;11333
11333;23721
19704;19823
19823;16865
16865;16563
16563;7814
7814;16756
16756;7137
7137;4388
4388;4788
4388;6177
4788;3325
4788;6912
6177;18147
3325;11134
6912;945
11134;19483
19483;4253
4253;15164
15164;12222
12222;15090
15090;2479
2479;6463
6463;22343
10601;21264
10601;20465
10601;16228
21264;19432
20465;12697
16228;4885
19432;1031
1031;21575
21575;21074
21074;12525
12525;12314
12314;8476
8476;683
8476;22483
8476;18431
683;15650
18431;19179
15650;21629
21629;19689
19689;410
410;8333
8333;4238
4238;18651
18651;22276
22276;17942
17942;9833
9833;19802
19802;15319
15319;12872
12872;19295
19295;3180
3180;21179
21179;9642
9642;9340
9340;23500
23500;11014
11014;9622
9622;11345
11345;21247
21247;20607
20607;8804
8804;2019
2019;9979
9979;3706
3706;23654
23654;4007
4007;9411
9411;22208
22208;24023
24023;19272
19272;3361
3361;13497
13497;6203
13497;7493
6203;3185
7493;6495
3185;12142
12142;17960
17960;1107
1107;17993
17993;19928
19928;15257
15257;3340
3340;4414
4414;18160
4414;2735
18160;21840
21840;9545
21840;9274
21840;2021
9545;16966
9274;16698
16966;5282
5282;21902
21902;21400
1802;14552
1802;14874
1802;2170
14552;6147
14874;8245
2170;8981
6147;14496
14496;5862
5862;11568
11568;10847
10847;12688
12688;9971
9971;11471
11471;8566
8566;21473
21473;14477
14477;23707
23707;19098
19098;4729
4729;21012
21012;17544
21012;19271
17544;7287
19271;14111
7287;7618
7618;12697
8245;20726
20726;23353
23353;14503
23353;10713
14503;11018
14503;20705
10713;4287
11018;14627
20705;14258
14627;4791
14627;23629
14627;12792
4791;13763
12792;7189
13763;16747
16747;16954
16954;2712
2712;19471
19471;23700
23700;1148
1148;600
600;15178
600;4821
15178;6523
6523;6716
6716;1418
1418;22614
22614;12072
12072;13123
13123;1581
1581;1906
1906;11033
11033;9432
9432;6987
9432;20889
6987;19824
20889;5635
19824;11047
11047;12745
12745;20314
12745;15998
20314;5714
15998;915
5714;7443
7443;19032
19032;12305
12305;1347
1347;12143
12143;21596
21596;19186
19186;5270
8981;10658
10658;1382
1382;14638
14638;14183
14183;6592
6592;7908
6592;20513
6592;15197
7908;21616
15197;3748
21616;23927
23927;22858
22858;15731
22858;21114
22858;13858
15731;11551
11551;10195
10195;6636
6636;10811
10811;21937
21937;7064
7064;21602
21602;16360
16360;21374
21374;17255
17255;11470
11470;5816
5816;23160
23160;7968
7968;6404
6404;21150
21150;21437
21437;5710
5710;20036
20036;19559
19559;20243
20243;14966
14966;8702
8702;22763
22763;24124
24124;21843
21843;5494
5494;4906
4906;13389
13389;7196
7196;9197
9197;11063
11063;2962
2962;2224
2224;3821
3821;18093
18093;3851
3851;11791
11791;5736
5736;1419
1419;11108
11108;8654
8654;7774
7774;10092
10092;22104
22104;3034
3034;19505
19505;14056
14056;3807
3807;2720
2720;3077
3077;4721
4721;22855
22855;7438
7438;16264
16264;16811
16811;22102
22102;3129
3129;4443
4443;15387
15387;20210
20210;10067
10067;9036
9036;12181
12181;1962
1962;18768
18768;12990
12990;7702
7702;3499
3499;15565
15565;14566
11622;9663
9663;9869
9869;10046
10046;15669
15669;13084
13084;18374
18374;2729
2729;4543
4543;21762
21762;7872
7872;16705
16705;7357
7357;23142
23142;11976
11976;18046
18046;3910
3910;22122
22122;10136
10136;20859
20859;696
696;22996
22996;22540
22540;3885
3885;188
188;10050
10050;9767
9767;1809
1809;4
4;1780
1780;13743
13743;9561
9561;21470
21470;10191
10191;18643
18643;3294
3294;20241
20241;19067
19067;21942
21942;6046
6046;548
548;2000
2000;18397
2000;7783
18397;18418
7783;17535
16290;19279
16290;23995
16290;23222
19279;23060
23995;13474
23222;6095
23060;4915
4915;19275
19275;3566
3566;21587
21587;23929
23929;21816
21816;12436
12436;4756
4756;11924
11924;7341
7341;10957
10957;5416
5416;16257
16257;18365
18365;18065
18065;14810
14810;18486
18486;10350
10350;11776
11776;15898
15898;6980
6980;1695
1695;21368
21368;11440
11440;1582
1582;17618
17618;18473
18473;6366
6366;13297
13297;1408
1408;18418
1408;14993
18418;14270
11714;835
11714;4792
835;23868
835;7686
4792;19548
23868;17535
12401;20741
20741;20151
20151;4959
4959;3722
3722;14134
14134;15129
15129;6741
6741;11612
11612;24126
24126;7952
7952;9088
9088;23296
23296;12050
12050;20178
20178;9407
9407;13351
13351;21346
13351;2937
13351;9071
21346;15015
2937;16128
9071;10479
15015;2944
2944;7661
7661;9541
9541;7194
7194;11122
11122;15443
15443;2785
2785;13474
22984;6367
22984;8384
22984;19873
6367;22069
8384;23106
19873;19809
22069;9995
9995;3799
3799;21556
21556;4717
4717;428
428;719
719;24028
24028;17691
17691;14138
14138;838
838;1461
1461;17720
17720;19540
19540;7899
7899;8465
7899;18668
8465;23536
23536;4111
4111;22152
22152;16330
16330;373
373;15035
15035;5365
5365;21069
21069;5176
5176;14956
14956;21269
21269;13934
13934;4885
360;14163
360;11353
360;9404
14163;979
11353;22805
9404;192
979;2682
2682;18138
18138;5588
5588;22585
22585;16207
16207;14637
14637;11677
11677;1672
1672;18619
18619;16996
16996;10717
10717;23340
23340;12448
12448;19679
19679;10028
10028;7523
7523;20720
20720;21856
21856;18739
18739;20991
20991;23106
21827;17796
21827;22805
21827;192
17796;9901
9901;9881
9881;1686
1686;19815
19815;3110
3110;17173
17173;18512
18512;23573
23573;5507
23573;20547
5507;9982
9982;3577
3577;1246
1246;23515
23515;5148
5148;11319
11319;11432
11432;14161
14161;13583
13583;22581
22581;18176
18176;9364
9364;12074
12074;14703
14703;94
94;22093
22093;3022
3022;13809
13809;18206
18206;8488
8488;17325
17325;19972
19972;931
931;2392
2392;6095
23562;15839
23562;3895
15839;12159
3895;6259
12159;19139
19139;22167
22167;7360
22167;5145
7360;3311
3311;15811
15811;18054
18054;5516
5516;2980
2980;585
585;2877
2877;24269
24269;22313
22313;23716
23716;15301
15301;17530
17530;16758
16758;4396
4396;10183
10183;21333
21333;10424
10424;8631
8631;20135
20135;2530
2530;7456
7456;7069
7069;18894
18894;24045
24045;19772
19772;339
339;18231
18231;18674
18674;230
230;13761
13761;2215
13761;13290
2215;16266
16266;22790
22790;5213
5213;2737
2737;3838
3838;8867
8867;1239
1239;5383
5383;12668
12668;7501
7501;9743
9743;13574
13574;3214
3214;7348
7348;17837
17837;23132
23132;9014
9014;15397
15397;17985
17985;15886
15886;5927
15886;21547
5927;16844
21547;22603
594;23951
594;22584
594;17630
594;15628
594;15859
23951;8955
22584;10491
17630;2958
15628;19392
15859;6658
8955;10365
10365;11168
11168;13672
13672;13444
13444;13237
13237;10035
10035;6456
6456;20141
20141;6259
12057;17769
12057;3970
12057;10125
17769;14504
3970;199
3970;13483
10125;9223
10125;2362
14504;23925
23925;23261
23261;9832
9832;16899
16899;14632
14632;22602
22602;24016
24016;2383
2383;17334
17334;12836
12836;20290
12836;14191
20290;12360
12360;6956
6956;6179
6179;18106
18106;19926
19926;21185
21185;21503
21503;15428
21503;15415
15428;10202
15415;22000
10202;22474
22474;6005
6005;19192
19192;347
347;18419
18419;9318
9318;15072
15072;8571
8571;10491
6313;9459
6313;7317
6313;7420
9459;19528
7317;21066
7420;22628
19528;236
236;15066
15066;23038
23038;5478
5478;199
21066;22930
22930;8781
8781;13556
13556;6135
6135;15592
15592;9223
2362;16524
43;22039
43;6640
43;22339
22039;10324
6640;15460
22339;229
10324;6873
6873;17270
17270;15882
15882;2055
15882;20966
15882;17753
2055;9811
2055;1744
17753;7617
9811;5954
5954;15044
15044;14296
14296;5487
5487;11292
11292;17371
17371;14123
14123;14521
14521;7218
7218;4092
4092;8332
8332;13775
13775;14224
14224;1315
14224;23642
14224;2235
14224;416
1315;21086
23642;12721
2235;3221
416;23264
21086;22628
5939;6450
5939;16313
6450;11872
11872;19391
19391;21311
21311;15460
1057;15433
18264;74
18264;8914
18264;21290
74;3029
8914;18131
8914;22124
21290;3365
3029;23031
23031;12432
12432;9564
9564;22009
22009;6038
6038;22522
22522;5023
5023;4534
4534;18579
18579;12365
12365;4655
4655;12126
12126;15809
15809;8336
8336;15195
15195;13553
13553;16498
16498;852
852;605
605;10492
10492;21656
21656;20972
20972;11137
11137;22593
22593;7116
7116;2727
2727;3121
3121;4762
4762;3619
3619;12272
12272;6256
6256;18945
18945;11935
11935;21930
21930;6849
6849;13271
13271;7599
7599;1933
1933;22699
22699;10334
10334;3087
3087;14719
14719;1910
1910;16832
16832;7643
7643;10627
10627;14759
14759;15022
15022;13817
13817;16132
16132;12237
12237;15974
15974;5638
5638;11490
11490;20312
20312;12176
12176;3014
3014;10874
10874;15942
15942;16816
16816;21090
21090;16347
16347;23328
16347;18680
23328;1559
18680;7335
1559;9929
1559;9136
9929;15569
9136;19254
15569;229
22367;15691
22367;16920
22367;4719
15691;18284
16920;18966
4719;21249
18284;16908
16908;18131
22124;3270
18966;22442
22442;3365
2958;273
273;10107
10107;6347
6347;8030
8030;21249
21249;10316
10316;5586
19392;11314
11314;17545
17545;15132
15132;20363
20363;7753
7753;24249
24249;26
26;16530
16530;5391
5391;16794
16794;6231
6231;11149
11149;6558
6558;9760
9760;11328
9760;2643
11328;19479
11328;7580
2643;18935
19479;19947
19947;20371
20371;16432
16432;6658
15832;23165
15832;10259
15832;3651
23165;721
10259;21062
10259;7498
3651;8929
721;4333
4333;21591
21591;8874
8874;4031
4031;17461
17461;2003
2003;14547
14547;12528
12528;1402
1402;6274
6274;9132
6274;24226
9132;22374
24226;2810
22374;18094
18094;2069
2069;19584
19584;9536
19584;12078
9536;9064
9064;7895
9064;3215
7895;3412
3215;15049
3412;23876
23876;15307
15307;2001
13182;23211
13182;16960
13182;10997
23211;3643
16960;13825
10997;8948
10997;14495
3643;21062
13825;2857
2857;22144
22144;8929
13236;21642
21642;1945
14817;2217
2004;22750
2217;22834
22834;14332
14332;14725
14725;21589
21589;1945
21036;8548
21036;1758
21036;17183
8548;8236
1758;11181
17183;16126
8236;4674
4674;15683
15683;11813
15683;8893
11813;19096
11813;614
8893;17406
19096;15980
15980;4880
4880;11181
4880;16043
16043;17418
16126;3004
2984;16537
16537;11945
11945;590
590;18079
18079;9352
18079;23114
9352;7569
7569;2172
2172;7828
7828;16046
16046;17784
17784;8925
17784;104
8925;8635
104;3299
8635;20848
20848;17362
17362;2820
2820;11964
11964;15244
15244;2862
2862;3827
3827;13759
13759;644
644;7104
7104;3620
3620;18028
18028;2887
18028;14845
2887;21423
14845;20169
21423;530
530;11966
530;21890
11966;10095
21890;1976
10095;20573
20573;3683
3683;21978
21978;19164
19164;13285
13285;7852
7852;20244
20244;18000
18000;452
452;9942
9942;23772
23772;18139
18139;13099
13099;21628
21628;14313
14313;15726
15726;2616
2616;13032
13032;19023
19023;8661
8661;5825
5825;17733
5825;12111
17733;3944
12111;11066
3944;10148
10148;21128
21128;13031
13031;17516
17516;9638
9638;2801
2801;8530
8530;10548
10548;7418
7418;4451
4451;496
496;15615
15615;4384
4384;20549
20549;14959
14959;19831
19831;4556
4556;15143
15143;9477
9477;15819
15819;22864
15819;16144
22864;11455
16144;16857
11455;22677
22677;13021
13021;5537
5537;12889
12889;18791
18791;7873
7873;11434
11434;9257
9257;11315
11315;16703
16703;11226
11226;18656
18656;14981
14981;2465
14981;9226
14981;18126
2465;21520
9226;21381
18126;13548
21520;10766
10766;6368
6368;11113
11113;16855
16855;16230
16230;22031
22031;758
758;8162
8162;16453
16453;13371
13371;2298
2298;21006
21006;9540
9540;21428
21428;19433
19433;16911
16911;20070
20070;9006
9006;16233
16233;11453
11453;234
234;12574
12574;12941
12941;12728
12728;18885
18885;18987
18987;11069
11069;8982
8982;17017
17017;4918
4918;18842
18842;1689
1689;10225
10225;11969
11969;1242
1242;1747
1747;7297
7297;19253
19253;12065
12065;13690
13690;19809
7862;7210
7210;1045
1045;8916
8916;8948
14495;12149
1604;1480
1604;9701
1604;15937
1604;2882
1604;14473
1480;2707
9701;19398
15937;12685
2882;2590
2707;22775
22775;11720
11720;6974
11720;4626
6974;11091
11091;18779
18779;23889
18779;6371
18779;898
23889;16918
6371;14338
898;24183
16918;10610
10610;11503
10610;8130
11503;3678
8130;14583
19398;12685
19398;2057
12685;10025
2057;15473
10025;17327
4373;23983
23983;8586
8586;4966
4966;15473
4966;22869
22869;10653
15003;14101
15003;23732
14101;10826
23732;16891
10826;8413
8413;5012
5012;801
801;23092
801;8970
23092;16891
8970;23029
8184;13165
5752;21609
5752;9589
5752;11236
5752;18450
21609;19929
9589;19929
9589;20581
11236;20322
18450;17974
20581;17497
20322;20190
17895;11737
17895;4382
17895;4205
17895;12918
17895;8039
17895;7976
17895;57
17895;7812
17895;7598
17895;6013
17895;23230
17895;5397
17895;2614
17895;13207
17895;23866
17895;5035
17895;19169
17895;4571
11737;16231
11737;19607
11737;5606
11737;14979
11737;17110
4571;7025
4571;19661
4571;13675
4571;3399
16231;2513
16231;10939
16231;17464
16231;17313
2513;6767
2513;2450
2513;2649
2513;7461
2513;9316
2513;9005
2513;4216
6767;20698
6767;20095
6767;16528
6767;611
6767;24113
6767;20177
6767;10960
6767;3120
20698;23864
20698;21231
20698;8609
20698;4944
20698;22656
20698;19630
20698;8835
20698;19768
20698;11506
23864;12931
23864;11293
23864;17927
23864;4020
23864;23254
12931;13216
12931;19083
12931;4484
12931;13056
12931;19073
12931;2290
12931;24153
13216;4218
13216;24104
13216;12603
13216;1415
13216;23137
4218;11176
4218;18942
4218;5691
4218;10141
4218;14062
4218;12611
4218;8953
4218;15996
4218;6868
11176;2051
11176;10314
11176;13874
11176;12127
11176;6502
11176;4990
11176;103
2051;818
2051;2339
2051;11520
2051;12459
2051;12904
2051;7157
2051;16198
2051;18092
818;11249
11249;20517
20517;19459
19459;13643
13643;21178
13643;5626
21178;23078
23078;13134
13134;22941
22941;10218
10218;4085
4085;11288
11288;7746
11288;3871
7746;10853
3871;20870
10853;21303
21303;349
349;12154
12154;7311
12154;14136
7311;8852
14136;6953
8852;2189
2189;19908
19908;9764
9764;8152
8152;3573
3573;10430
10430;20119
20119;13547
13547;21342
21342;17846
17846;22545
22545;22641
22641;10778
10778;17816
17816;17672
17672;1629
1629;5053
5053;3911
3911;4992
4992;2088
2088;9120
9120;20284
20284;15988
15988;3740
3740;18929
18929;19940
19940;16805
16805;12779
12779;3063
3063;4311
4311;12488
12488;23352
23352;12412
12412;10004
10004;12796
12796;18124
18124;8588
8588;20496
20496;22635
22635;14555
14555;22548
22548;19678
4350;20593
4350;10922
4350;9371
4350;18379
4350;671
671;5354
671;24205
671;22673
671;8378
671;20838
671;23835
671;14518
17392;24013
524;24260
12708;18224
12708;9744
12708;10238
18224;13085
9744;8856
10238;3769
10238;808
13085;16105
16105;14834
16105;1603
14834;16125
1603;5546
1603;2579
16125;3469
16125;14649
3469;19400
3469;7879
14649;18934
19400;19589
19589;5252
5252;13527
13527;14827
14827;8856
14827;16014
3769;959
3769;19273
959;19845
19845;12673
12673;18401
18401;7333
7333;19388
19388;21966
19388;15055
21966;900
900;3290
900;2528
3290;13454
2528;14351
13454;6127
6127;15067
6127;23473
15067;14860
14860;5052
14860;13305
5052;13275
13305;46
13275;12335
13275;19161
12335;18226
18226;17165
17165;24257
17165;2191
24257;5613
5613;11707
11707;19827
11707;7800
19827;9538
7800;8665
12000;1503
12000;9148
12000;1788
1503;1182
9148;8810
1788;16416
1182;5201
5201;13107
13107;4478
13107;23225
4478;8810
4478;16772
8810;3832
3832;6374
7958;13006
7958;1510
7958;7551
13006;7927
1510;21277
7551;10870
7927;16251
16251;4357
4357;14120
14120;21407
21407;6462
6462;19610
19610;1357
1357;981
981;14493
14493;2550
2550;9858
9858;5625
5625;21295
21295;1341
1341;15294
15294;23431
23431;18062
18062;11913
18062;20515
11913;9923
11913;12751
11913;6374
11913;23327
11913;21823
11913;19165
11913;3614
11913;21508
20515;20364
9923;21265
12751;8665
23327;22216
21823;16119
19165;6541
3614;17393
3614;12626
3614;2028
21277;14585
21277;14016
14585;10851
14016;6019
10851;19525
19525;10751
10751;16365
16365;9820
9820;15528
15528;4967
4967;17118
4967;9980
17118;8739
9980;4753
8739;12833
12833;4200
4200;23785
23785;4836
4836;23692
23692;23555
23555;331
331;13235
13235;4459
4459;13024
4459;23734
13024;13061
13061;16656
16656;14459
14459;16539
16539;7192
7192;18787
18787;14939
14939;14548
14548;3439
3439;18804
18804;17510
17510;23525
23525;1061
1061;8006
8006;2728
2728;686
686;13963
13963;6413
6413;21411
21411;20749
20749;23325
23325;22706
22706;22290
22290;5212
5212;22383
22383;4107
4107;5271
5271;14988
14988;1002
1002;4016
4016;11701
11701;14914
14914;12113
12113;16321
16321;3181
3181;560
560;4490
4490;16416
21265;16693
16693;23312
23312;867
867;8944
8944;14142
14142;22686
22686;23715
23715;23476
23476;9781
23476;10745
9781;20907
20907;24024
24024;10589
10589;9538
22216;763
763;23807
23807;21361
21361;11724
11724;14308
14308;13144
13144;11633
11633;5340
5340;21654
21654;3093
3093;22543
22543;19975
19975;12846
12846;9798
9798;8866
8866;24013
16119;9727
9727;4409
4409;10452
10452;2644
2644;1969
1969;12943
12943;1741
1741;1898
1898;17871
17871;10870
23703;593
23703;1596
23703;21626
23703;10223
23703;7424
23703;20756
23703;19684
23703;18494
16922;18846
16922;7851
16922;6014
16922;21899
16922;5947
18846;9598
18846;1807
18846;235
18846;12152
18846;20852
18846;12484
9598;3879
9598;15668
9598;10269
9598;21908
9598;21676
9598;10421
9598;18562
9598;7032
9598;5485
9598;15657
3879;18645
3879;14329
3879;4704
3879;16846
18562;10170
18562;17316
18562;6508
18562;10158
18562;8599
18645;1128
18645;1359
18645;17715
1128;1064
1128;951
1128;14383
1128;9172
1064;3114
1064;3479
1064;577
3114;13202
3114;20263
3114;19348
13202;16587
13202;5557
13202;19949
13202;17759
16587;21041
16587;18323
16587;19773
16587;8220
21041;2734
21041;17843
21041;23213
21041;21364
21041;17888
21041;15333
21041;8910
21041;24030
21041;4162
2734;12421
2734;4240
2734;9537
2734;3803
12421;21401
12421;15969
12421;19746
12421;21258
12421;2697
12421;1328
21401;11560
21401;7021
21401;10124
21401;9468
21401;20777
21401;17978
11560;2209
11560;12554
11560;2975
11560;20658
2209;18625
2209;2343
2209;13230
2209;2418
18625;7272
18625;10493
18625;18151
18625;22140
7272;14449
7272;18613
7272;9505
7272;14932
7272;582
14449;1943
14449;2931
14449;9031
14449;10111
1943;20869
1943;1307
1943;17166
1943;17077
1943;18713
20869;974
20869;18602
20869;19148
20869;23894
974;213
974;3432
974;9752
974;5674
974;3301
974;14280
213;6181
213;23613
213;17961
213;1201
6181;20417
6181;8854
6181;21095
6181;12982
20417;13020
20417;11286
20417;5442
20417;9558
20417;8902
13020;5471
13020;18088
13020;6915
13020;16650
13020;18597
5471;23561
5471;13988
5471;22189
5471;17692
5471;17453
23561;16049
23561;5597
23561;20412
23561;5031
16049;6855
16049;22815
16049;12197
16049;11011
16049;4936
16049;20673
16049;23294
16049;20532
16049;13181
6855;10360
6855;7109
6855;2833
6855;9706
6855;1473
6855;22147
10360;2293
10360;1375
10360;174
10360;8277
10360;13046
10360;3597
2293;1994
2293;1218
2293;7202
2293;14156
2293;19966
1994;8711
1994;4810
1994;10460
1994;3472
1994;19627
8711;12327
8711;14252
8711;12467
8711;15598
8711;13257
8711;8196
12327;22502
12327;18507
12327;18098
12327;1494
22502;1817
22502;8322
22502;18496
22502;3441
22502;7633
1817;20598
1817;15957
1817;11870
1817;9143
1817;1489
20598;20108
20598;10648
20598;17082
20598;14554
20598;15535
20108;10829
20108;2338
20108;11979
20108;3913
20108;9034
20108;3583
10829;6016
10829;16434
10829;7860
10829;11855
10829;21159
10829;14801
10829;7722
6016;9501
6016;23533
6016;16957
6016;3612
9501;19687
9501;16390
9501;2242
9501;2436
19687;3025
19687;7867
19687;19240
19687;9102
3025;20071
3025;10250
3025;10306
3025;21570
20071;6686
20071;22255
20071;20594
20071;7242
20071;2892
6686;19307
6686;14550
6686;16579
6686;2615
19307;13915
19307;16084
19307;23513
19307;8878
19307;11272
13915;22669
13915;3002
13915;16658
13915;3531
22669;20214
22669;3217
22669;5324
22669;12958
20214;10322
20214;14707
20214;10177
10322;5653
10322;10532
10322;23012
10322;19077
5653;593
5653;14181
5653;8106
5653;8728
5653;3657
593;98
593;12742
593;5839
593;17579
593;7609
593;21315
19892;17576
19892;9937
19892;6372
19892;3413
19892;596
19892;18972
19892;22190
19892;11978
19892;19071
19892;5601
19892;14726
19892;4289
19892;17933
19892;10061
19892;9755
17576;9159
17576;13887
17576;5075
17576;8826
17576;21581
17576;18132
17576;1750
17576;8025
17576;17560
9937;1113
9937;9510
9937;6591
9937;5986
9937;20903
9937;22067
9937;11350
9937;3418
9937;15019
10061;1396
10061;54
10061;5373
9755;2856
9755;8881
9755;19038
9755;16806
9159;23486
9159;1954
9159;790
9159;16653
9159;1737
9159;9492
9159;14476
23486;2024
23486;10206
23486;21670
23486;11128
23486;5798
23486;1735
23486;18510
23486;1829
23486;18175
23486;9632
23486;10840
23486;19992
23486;21325
2024;18823
2024;18129
2024;2231
2024;12535
18823;991
18823;1974
18823;15236
18823;10373
18823;13033
18823;19197
18823;1430
18823;19423
18823;3873
18823;2529
18823;3429
18823;18519
18823;5289
18823;13896
991;13441
991;4369
991;2013
991;12172
991;19799
991;10384
991;20856
13896;22550
13896;2200
13896;18699
13896;12913
13896;2584
13896;6925
13896;10427
13441;3624
13441;11936
13441;20099
13441;9455
13441;14154
13441;16136
13441;4778
3624;15358
3624;14340
3624;10335
3624;4978
3624;5082
3624;4828
15358;8656
15358;4072
15358;16825
15358;16923
15358;9331
15358;19637
15358;16127
15358;1540
15358;2401
8656;23941
8656;3994
8656;8085
8656;4095
8656;7224
8656;13133
8656;12978
8656;20197
23941;14039
23941;22296
23941;12521
23941;12517
23941;8065
23941;13112
23941;16837
23941;24100
23941;19821
14039;6939
14039;6455
14039;13658
14039;19544
14039;11026
18870;13282
18870;541
18870;20554
18870;18682
18870;18433
18870;15083
18870;5398
18870;23753
13282;1113
13282;123
13282;8069
13282;2252
13282;16894
13282;9164
541;18182
541;22794
541;22642
541;1847
541;6037
20554;8094
20554;16372
20554;23757
20554;6092
1113;22754
1113;2095
1113;19396
1113;21206
1113;3812
15019;18241
15019;14592
15019;3382
15019;16657
15019;7092
19191;15012
19191;14861
19191;14602
19191;19840
19191;11900
19191;3286
19191;18310
19191;883
19191;16184
19191;9219
19191;20739
19191;5283
15012;7106
15012;22199
15012;1570
15012;13121
15012;4816
15012;22856
15012;23306
15012;9503
15012;8904
15012;23470
15012;22801
14861;8717
14861;20006
14861;3629
14861;1394
14861;22705
14602;8963
14602;7266
14602;16678
14602;15391
14602;4844
7106;5359
7106;8187
7106;14519
7106;24141
7106;5142
5359;22920
5359;4347
5359;20694
5359;13948
22920;227
22920;18913
22920;5188
22920;6079
22920;19751
227;21207
227;10571
227;9801
227;21466
227;6831
227;3588
21207;16847
21207;1748
21207;16890
21207;21780
16847;5152
16847;334
16847;12713
16847;17549
16847;1493
16847;17058
5152;3288
5152;4496
5152;10573
5152;14755
5152;10182
5152;17407
5152;12450
5152;12293
5152;3523
3288;12513
3288;20272
3288;18432
3288;5851
3288;9354
12513;18182
12513;12489
12513;5739
12513;15911
12513;10555
12513;3630
18182;19378
18182;11912
18182;15645
18182;17182
8717;6332
8717;2122
8717;11779
8717;16291
8717;20645
8717;20010
8717;19020
6332;158
6332;5130
6332;13129
6332;21153
6332;15684
158;17675
158;626
158;1996
158;18010
158;2755
17675;3323
17675;5223
17675;13954
17675;24146
17675;16702
17675;12094
17675;6400
17675;19105
3323;18389
3323;20495
3323;3915
3323;16137
3323;597
19105;7505
19105;10099
19105;1208
19105;2531
19105;15332
18389;10266
18389;21875
18389;18514
18389;16671
18389;11908
10266;10249
10266;17566
10266;14613
10266;19958
10266;15395
10266;1401
10249;7856
10249;13545
10249;11904
10249;3641
10249;647
7856;6685
7856;6986
7856;8716
7856;20370
7856;6960
7856;115
6685;8094
6685;13072
6685;18711
6685;10282
6685;23569
8094;12994
8094;11807
8094;13093
8094;8415
8094;18795
18795;4807
18795;13341
18795;8021
18795;1012
18795;4376
18795;12066
18795;204
9546;16299
9546;19731
9546;3999
9546;2788
9546;18153
9546;13953
9546;2493
9546;2574
9546;9204
9546;11772
9546;15135
9546;24190
9546;18976
9546;11028
9546;10370
9546;3539
9546;7379
9546;22477
9546;7530
9546;23289
9546;22047
9546;11096
9546;11331
9546;12494
9546;19935
9546;5842
16299;21354
16299;15286
16299;2325
16299;20065
19731;22210
19731;6061
19731;17074
19731;8879
19731;62
19731;17833
3999;22057
3999;12821
3999;19175
3999;22940
3999;3672
3999;8959
3999;4154
3999;2519
3999;13522
3999;23793
3999;14508
3999;18771
3999;3996
5842;20144
5842;16384
5842;4820
5842;15926
5842;497
5842;9491
5842;11601
5842;978
5842;20501
21354;22086
21354;8383
21354;9312
21354;4905
21354;22785
21354;1690
22086;7180
22086;1999
22086;19837
22086;9834
22086;4341
22086;13300
22086;18526
22086;20730
22086;10774
7180;6944
7180;8839
7180;242
7180;13306
7180;19561
7180;9493
7180;18104
7180;6176
6944;14610
6944;18089
6944;6082
6944;4193
6944;10086
6944;22731
6944;13000
6944;3850
14610;1284
14610;5584
14610;22954
14610;7673
14610;20301
14610;11650
14610;18819
1284;10835
1284;21492
1284;1527
1284;7117
1284;10890
1284;12841
1284;22360
10835;7987
10835;7555
10835;7771
10835;8359
10835;12265
10835;24077
7987;16309
7987;6435
7987;4439
7987;12844
7987;9051
16309;11022
11022;6544
11022;19390
11022;22108
11022;15704
11022;17236
11022;9634
6544;23457
6544;9091
6544;19713
6544;12153
6544;13957
6544;7565
6544;19537
6544;19864
6544;11572
6544;4841
23457;1178
23457;18895
23457;7470
23457;9903
23457;22556
23457;16215
4841;22867
4841;19650
4841;7304
4841;13010
4841;2282
4841;14754
4841;2007
4841;24099
4841;20187
1178;20372
1178;9603
1178;5645
1178;19974
1178;20548
1178;266
1178;22326
1178;13007
20372;18755
20372;17142
20372;2008
20372;14873
20372;3843
20372;11163
20372;5469
18755;6829
18755;7491
18755;22021
18755;8820
18755;10180
18755;19554
18755;12337
6829;17617
6829;19906
6829;12954
6829;7153
6829;16185
6829;2287
17617;17568
17617;20260
17617;13598
17617;17377
17617;21565
17617;17845
17617;14517
17568;12560
17568;21145
17568;7478
17568;13122
17568;19594
17568;13508
17568;7885
17568;11476
17568;13800
17568;3688
17568;599
17568;20509
17568;7330
17568;19942
17568;3131
17568;13897
17568;730
17568;10168
17568;7102
17568;4190
17568;3825
12560;22210
12560;11058
12560;9181
12560;17201
12560;20367
12560;8774
12560;13194
12560;4389
12560;1369
12560;14095
12560;7058
12560;7568
12560;3792
12560;14855
12560;11890
12560;6054
22210;12174
22210;12602
22210;17592
22210;5933
22210;36
22057;5579
22057;13514
22057;12692
22057;21060
22057;24178
22057;2437
22057;2920
22057;1171
22057;19115
22057;12772
22057;13657
22057;13580
22057;22472
5579;16232
5579;433
5579;23765
5579;5637
5579;13253
5579;12995
5579;11866
5579;13414
5579;7227
5579;19099
5579;16169
5579;23535
5579;3328
5579;5608
5579;1772
16232;1775
16232;9548
16232;22407
16232;248
16232;8153
16232;14046
16232;7518
16232;16538
16232;10014
16232;20696
16232;23346
16232;14683
1775;23276
1775;326
1775;10233
1775;14631
1775;16234
1775;4080
1775;10703
1775;16149
1775;18086
1775;11887
1775;17372
1775;7095
1775;2180
1775;456
1775;13752
1775;20712
1775;4874
1775;22217
23276;3420
23276;13054
23276;14969
23276;3218
23276;18072
23276;21714
23276;19455
23276;22356
23276;2447
23276;22963
3420;3841
3420;15967
3420;8785
3420;21321
3420;23207
3420;5931
3420;6739
3841;21994
3841;3595
3841;17898
3841;12667
3841;18184
21994;23395
21994;9078
21994;2522
21994;7656
21994;18459
21994;20159
21994;3405
21994;19196
21994;16520
21994;9818
23395;1573
23395;18230
23395;2071
23395;21105
1573;9668
1573;1053
1573;405
1573;23113
1573;7161
9668;20541
9668;15664
9668;10600
9668;4012
20541;16830
20541;21236
20541;19720
20541;753
20541;5070
20541;19051
20541;22218
20541;23548
20541;23834
16830;6441
16830;4794
16830;13649
16830;20397
16830;15778
16830;22757
16830;18896
16830;2989
6441;7532
6441;16599
6441;11691
6441;19898
6441;5331
7532;6008
6008;2389
6008;20294
6008;8587
6008;14903
6008;11859
6008;8972
6008;21968
6008;21002
6008;3646
2389;4299
2389;20938
2389;11702
2389;20345
2389;21725
2389;2562
2389;23610
2389;17573
2389;3544
2389;22059
2389;11111
2389;13968
2389;8740
2389;18973
2389;4726
2389;14701
2389;35
2389;18055
2389;21692
2389;8290
4299;5434
4299;18515
4299;11559
4299;14135
4299;14474
4299;20606
4299;13217
4299;13411
4299;10756
4299;12696
4299;15047
4299;23474
4299;15605
4299;21487
4299;23792
4299;14501
4299;9794
4299;1929
4299;19523
4299;1417
4299;21787
4299;16634
4299;938
4299;23919
4299;6787
4299;3351
4299;18925
4299;1655
4299;23496
4299;11460
4299;9723
4299;2288
4299;8273
5434;9174
5434;81
5434;13540
5434;7245
5434;18394
5434;10579
5434;6693
5434;6218
5434;23144
5434;9103
5434;10413
5434;9741
5434;21092
5434;14907
5434;475
5434;4527
5434;9684
5434;14355
5434;7772
5434;15246
5434;10738
8273;2214
8273;22838
8273;6756
8273;1062
8273;13370
8273;6860
8273;2874
8273;2195
8273;18330
8273;18992
8273;19260
8273;12652
8273;7690
8273;727
8273;8696
9174;6362
9174;21267
9174;22437
9174;19138
9174;13870
9174;4340
9174;6077
9174;13521
9174;14971
9174;12390
9174;21588
9174;10965
9174;11132
9174;3687
9174;1455
9174;10346
9174;7621
9174;13050
6362;18422
6362;15249
6362;23360
6362;3175
6362;8480
6362;24131
6362;14808
6362;7115
6362;19843
6362;10952
6362;23080
6362;19450
6362;4878
6362;2324
6362;14672
6362;843
6362;22912
6362;22531
6362;21669
6362;11367
6362;17340
6362;7051
6362;22752
18422;13977
18422;17202
18422;22883
18422;5250
18422;4132
18422;21313
18422;6561
18422;19367
18422;10284
18422;17650
18422;23069
18422;145
18422;16617
18422;13049
18422;12650
18422;15276
18422;3979
18422;10096
18422;10863
18422;4480
18422;14820
18422;3991
18422;16246
18422;16755
18422;1312
18422;21967
18422;9467
18422;8764
18422;4722
18422;10113
18422;14587
18422;4053
18422;20310
18422;4569
18422;2497
18422;18016
18422;21874
13977;11287
13977;15572
13977;8645
13977;18889
13977;19729
13977;1120
13977;18013
13977;8294
13977;16694
13977;14702
13977;8549
13977;17690
13977;9319
13977;2733
13977;13485
13977;22368
13977;21091
11287;16564
11287;13707
11287;7808
11287;2581
11287;6042
11287;21386
11287;9695
11287;22798
11287;18133
11287;23704
16564;11214
16564;10497
16564;15991
16564;19215
16564;20660
16564;17160
16564;23837
16564;19580
16564;1571
16564;23617
16564;16898
16564;8605
16564;12744
16564;10088
16564;7648
16564;10415
16564;20344
16564;10897
16564;5957
16564;5612
16564;14326
16564;23284
16564;3550
16564;3076
16564;14374
16564;10800
16564;11010
16564;23530
16564;6384
16564;12468
16564;7695
11214;15406
11214;11054
11214;2656
11214;21204
11214;10801
11214;14379
11214;13754
11214;7614
11214;8946
11214;15595
11214;17598
11214;17389
11214;10671
11214;6679
11214;11723
11214;18083
11214;16766
11214;18461
7695;1562
15406;15527
15406;4614
15406;6260
15406;23229
15406;14895
15406;18185
15406;6241
15406;14541
15406;11538
15406;4114
15406;23857
15406;11675
15406;8400
15406;4533
15406;468
15406;325
15406;10020
15406;6524
15406;20849
15406;19314
15406;10656
15406;15789
15406;23449
15527;10056
15527;21075
15527;1173
15527;15739
15527;4561
15527;8524
15527;21876
15527;16193
15527;749
15527;20138
15527;5685
15527;13298
15527;5002
15527;17947
15527;3073
15527;21901
15527;6958
15527;4082
15527;21955
15527;20799
10056;4728
10056;22601
10056;7019
10056;21240
10056;17902
10056;19835
10056;19826
10056;10213
10056;15846
10056;17731
10056;6777
10056;13116
10056;2488
10056;1846
10056;4332
10056;12262
10056;5060
10056;19022
10056;13939
10056;3159
4728;15589
4728;18257
4728;11178
4728;15788
4728;12575
4728;14320
4728;14621
4728;15850
4728;11694
4728;24192
4728;19521
4728;16474
4728;20019
4728;842
4728;17435
4728;7698
4728;18238
4728;809
4728;22849
15589;17180
15589;8952
15589;3790
15589;6924
15589;6141
15589;10698
15589;17450
15589;15858
15589;8223
15589;4227
15589;8646
15589;11759
15589;8598
15589;19226
15589;1607
15589;12635
15589;14448
15589;20588
15589;7798
15589;13291
15589;23581
17180;18221
17180;17826
17180;11793
17180;2563
17180;4574
17180;2356
17180;8940
17180;20631
17180;23097
17180;19464
17180;21620
17180;8347
17180;13359
17180;14704
17180;7824
17180;22809
17180;8425
17180;19804
17180;23247
18221;21121
18221;724
18221;12471
18221;6892
18221;22599
18221;13396
18221;20461
18221;19878
18221;537
18221;5656
18221;10426
18221;10668
18221;8523
18221;12307
18221;14750
18221;9255
18221;8233
18221;315
18221;21384
18221;11351
21121;15928
21121;17801
21121;16577
21121;18636
21121;7395
21121;114
21121;23169
21121;3809
21121;22927
21121;15757
21121;5853
21121;2048
21121;19692
21121;10377
21121;9780
21121;13416
21121;4642
21121;15755
21121;16425
21121;23852
21121;15616
21121;15992
11351;18732
11351;21904
11351;21337
11351;13081
11351;1378
11351;8718
11351;9584
11351;11341
11351;22966
11351;1377
11351;5978
11351;22408
11351;15364
11351;8019
11351;15960
11351;10220
11351;1588
11351;1085
11351;3561
11351;10203
11351;16044
11351;1630
15928;21779
15928;12192
15928;12424
15928;2901
15928;20089
15928;8053
15928;15609
15928;19261
15928;10663
15928;7945
15928;24071
15928;4522
15928;14400
15928;4941
15928;23516
15928;16387
15928;7013
15928;13978
15928;15922
15928;1263
15928;6134
15928;3256
15928;16866
15928;3216
15928;9886
15928;21991
15928;20527
15928;12511
15928;10146
21779;23179
21779;20670
21779;20949
21779;2811
21779;6189
21779;23696
21779;4243
21779;1004
21779;19567
21779;22771
21779;12479
21779;8164
21779;9317
21779;10791
21779;6840
21779;24108
21779;22728
21779;18936
21779;21974
21779;18550
21779;24166
21779;15671
21779;14619
21779;3986
23179;10447
23179;12164
23179;17646
23179;10725
23179;21777
23179;21115
23179;17657
23179;13345
23179;20704
23179;4937
23179;11100
23179;6336
23179;23218
23179;18725
23179;5372
23179;23688
23179;5476
23179;14394
23179;13543
23179;9333
23179;18958
23179;18853
23179;23976
23179;3912
10447;7033
10447;6961
10447;12806
10447;3935
10447;24169
10447;12690
10447;13048
10447;1935
10447;7126
10447;11927
10447;23456
10447;21051
10447;15910
10447;22567
10447;11159
10447;16561
10447;15121
10447;7477
10447;12999
10447;2206
10447;21491
10447;12029
10447;9847
10447;543
10447;15008
10447;9863
10447;14457
7033;15355
7033;16750
7033;15427
7033;19407
7033;21517
7033;5079
7033;18283
7033;16997
7033;16254
7033;21382
7033;716
7033;5523
7033;12366
7033;20744
7033;20279
7033;10596
7033;5387
7033;22753
7033;15758
7033;7887
7033;19685
7033;21187
7033;3960
7033;21373
7033;9362
7033;18844
15355;4248
15355;2176
15355;1751
15355;6249
15355;22646
15355;4688
15355;17653
15355;16962
15355;21730
15355;10187
15355;5134
15355;7319
15355;7666
15355;4735
4248;19310
4248;18090
4248;19351
4248;20349
4248;19737
4248;4956
4248;14378
4248;3634
4248;992
4248;4231
4248;17899
4248;3813
4248;2860
4248;10048
4248;11812
4248;23880
4248;3263
4248;765
4248;14100
4248;17114
4248;6562
4248;12704
4248;19801
4248;11858
4248;7913
4248;4447
4248;17319
4248;7623
4248;12406
4248;12936
4248;16284
4248;4011
19310;2879
19310;9627
19310;1865
19310;10856
19310;17852
19310;839
19310;22489
19310;19965
19310;3436
19310;3209
19310;16078
19310;17089
19310;13937
19310;3054
2879;14676
2879;3314
2879;23898
2879;4692
2879;17857
2879;17405
2879;8915
2879;22451
2879;10836
2879;222
2879;3394
2879;11692
14676;21093
14676;8851
14676;3264
14676;5305
14676;8185
14676;1036
14676;16764
14676;10911
14676;8210
14676;1221
14676;11115
14676;20798
14676;854
14676;7134
14676;17364
14676;11862
14676;9749
14676;11040
14676;6483
14676;16987
14676;7380
21093;11072
21093;5311
21093;18733
21093;5702
21093;21862
21093;23570
21093;19364
21093;17155
21093;3576
21093;642
21093;10818
21093;13036
21093;13804
21093;5493
21093;9414
21093;20857
11072;12681
11072;10780
11072;15193
11072;19389
11072;2745
11072;24097
11072;2893
11072;11528
11072;8169
11072;8512
11072;2228
11072;4147
11072;14149
11072;11848
11072;1569
11072;13468
11072;7747
11072;11907
11072;9386
11072;7016
12681;12869
12681;11630
12681;10749
12681;1987
12681;6164
12681;2115
12681;11136
12681;22700
12681;23054
12681;3232
12681;12529
12681;1866
12681;2764
12681;8554
12681;527
12681;13628
12681;16854
12681;13903
12681;20285
12681;23022
12681;435
12869;9611
12869;8096
12869;16780
12869;9090
12869;16801
9611;22885
9611;3758
9611;9813
9611;2229
9611;8559
22885;7538
22885;3766
22885;2956
22885;10631
22885;6343
22885;2654
22885;20088
22885;9707
22885;7314
22885;20330
22885;13113
22885;14965
22885;5607
22885;9687
7538;1332
7538;22068
7538;9093
7538;18479
7538;14305
7538;2913
7538;5171
7538;1431
7538;6644
7538;9360
7538;12641
7538;20583
7538;7057
7538;3661
7538;15682
7538;17137
7538;10873
7538;15482
7538;19342
7538;8024
7538;19930
7538;22664
5607;23019
5607;16826
5607;8002
5607;19608
5607;16998
5607;17772
5607;5753
5607;17444
5607;14272
5607;6597
5607;20667
5607;13549
5607;19460
5607;15511
9687;8371
9687;24053
9687;22354
9687;23695
1332;712
1332;21804
1332;8041
1332;1067
1332;11095
1332;3424
1332;9161
1332;19822
712;15690
712;17712
712;5114
712;3906
712;14930
712;7446
712;22541
712;21113
15690;14407
15690;12619
15690;22193
15690;3890
15690;4576
15690;23830
15690;19372
14407;6223
14407;5919
14407;198
14407;18954
14407;4856
14407;9552
14407;6235
19372;5946
19372;11664
19372;15430
19372;23172
19372;6792
6223;20963
6223;19301
6223;16153
6223;7965
20963;20133
20963;9380
20963;16423
20963;5320
20963;8261
20963;9829
20133;18878
20133;15046
20133;2769
20133;23656
20133;20634
20133;1835
18878;1084
18878;21510
18878;19546
18878;16329
18878;8850
18878;1650
18878;14694
18878;7637
18878;22703
18878;16525
18878;262
18878;8172
18878;7529
18878;1233
1084;5611
1084;8005
1084;9994
1084;2177
1084;17260
1084;18322
1084;17777
1084;17645
5611;8963
5611;2613
5611;722
5611;10773
8963;16024
8963;15814
8963;21878
8963;9660
17051;15948
17051;15247
17051;3444
15948;8116
15247;13191
3444;7077
8116;13118
13118;6375
13118;12177
13118;15640
13118;9885
6375;23883
12177;436
15640;4771
9885;20879
8629;14644
8629;6895
8629;7744
8629;6639
14644;13191
6895;23972
7744;10624
23972;8430
8430;15089
15089;7823
15089;16851
15089;4346
7823;9640
4346;93
9640;7077
14438;15471
14438;21530
14438;10534
14438;23257
15471;863
15471;11589
21530;735
10534;20736
23257;22228
863;1413
863;7047
1413;735
20736;21329
21329;11419
11419;19617
11419;14366
19617;18965
14366;5025
18965;23883
16874;20105
16874;3504
16874;1729
16874;5306
16874;12715
20105;3504
20105;5464
20105;8055
5306;18919
12715;13733
5464;4909
8055;20383
5833;22274
22274;18919
10408;3506
10408;18148
10408;367
3506;4441
18148;15168
367;13880
4441;11358
4441;21829
11358;6484
21829;13691
6484;16900
16900;14667
14667;9192
9192;2640
2640;20623
20623;15681
15681;2268
15681;5491
2268;20196
2268;1144
5491;2407
20196;140
140;23057
23057;21319
23057;23440
21319;19501
19501;2311
19501;22231
2311;11446
11446;2595
2595;1848
1848;23745
23745;1463
1463;15490
15490;17287
17287;19674
19674;20566
20566;10570
20566;20589
10570;12383
20589;16001
12383;13969
13969;24020
24020;3728
3728;11169
11169;13850
13850;16771
16771;8869
8869;7100
7100;22736
22736;6891
22736;11217
6891;14213
11217;14172
14213;17425
17425;12195
12195;550
550;14661
14661;21476
21476;15168
13880;105
105;11051
11051;10
10;15396
15396;4940
4940;24093
24093;16829
16829;18877
18877;16479
16479;15777
15777;19064
19064;3072
3072;12183
12183;5590
5590;335
335;23
23;11857
11857;9105
9105;9338
9338;624
624;8668
8668;23026
23026;3971
3971;19245
19245;24211
24211;17589
17589;12234
12234;2672
2672;22195
22195;8090
8090;3050
3050;11580
11580;17825
11580;17756
17825;15920
17756;13829
15920;16631
16631;15917
15917;11508
11508;14411
14411;18665
18665;11871
11871;20341
20341;19671
19671;7543
7543;14697
14697;8581
8581;1796
1796;14889
14889;19756
19756;22287
22287;16219
16219;14108
14108;2262
2262;7527
7527;21243
21243;21225
21225;24105
24105;17385
17385;23411
23411;4302
4302;11211
11211;17603
17603;436
14682;7282
7282;10632
7315;5721
5721;5275
5275;23748
23748;16482
16482;6728
6728;7980
7980;20733
20733;8641
8641;14151
14151;15666
15666;4771
11030;6123
22371;6804
190;5871
190;13432
190;21726
190;3580
5871;20986
5871;20886
13432;3828
21726;15529
3580;17762
9183;14764
14764;18854
18854;23212
23212;20695
20695;12109
12109;20861
20861;869
869;3177
3177;20258
20258;10229
10229;24170
24170;10400
10400;23278
23278;17116
17116;11301
11301;22103
22103;3362
3362;6917
6917;6123
1934;14078
1934;20184
1934;7642
14078;11563
20184;11728
7642;19987
11563;21943
21943;15268
15268;23794
23794;8986
8986;3300
3300;8563
3300;6758
8563;6804
6758;2748
5167;2455
5167;11728
5167;23161
2455;11177
23161;19987
11177;21302
21302;22654
22654;5108
5108;11953
11953;493
493;17649
17649;21713
21713;15085
15085;22881
15085;2274
15085;13582
22881;20986
2274;10529
13582;1785
20886;13260
9302;13534
9302;4643
9302;13814
13534;23100
4643;2416
13814;21211
23100;13723
13723;4102
4102;4501
4501;1260
1260;14167
14167;703
703;12280
12280;3715
3715;13070
13070;12008
12008;23823
23823;1399
1399;5172
5172;19896
19896;22230
22230;1658
22230;10374
1658;4445
10374;15068
8722;21858
8722;5576
8722;11320
21858;18020
21858;12524
5576;2941
11320;22271
18020;6232
12524;22452
6232;20410
20410;9890
9890;8387
8387;9950
9950;16306
16306;16378
16306;157
16306;12004
16378;19973
16378;19424
157;16944
12004;2532
19973;1602
19973;15357
19424;10513
19424;22458
1602;23387
23387;15606
15606;5124
5124;3712
3712;19740
19740;2416
18478;22461
18478;5805
18478;15148
22461;23600
5805;19734
15148;9674
15148;20780
23600;11648
11648;8351
8351;14118
14118;14173
14173;1722
1722;11253
11253;9004
9004;2941
2372;9515
2372;7208
2372;1718
9515;4125
7208;7767
1718;2840
4125;10394
10394;19693
19693;13328
13328;7767
13328;6184
7767;10545
6184;21272
10545;11308
2840;3872
3872;2396
3872;21493
3872;13169
2396;13415
21493;4380
13169;7265
13415;18251
18251;14020
14020;18451
18451;4445
5652;6629
5652;15721
5652;19951
6629;11993
15721;11309
15721;20724
19951;6694
11993;18299
11993;20839
18299;23272
20839;5294
23272;16670
23272;15544
16670;13142
15544;11931
11309;12957
20724;1979
12957;21059
21059;15687
15687;11504
15687;2386
11504;4829
2386;4184
8725;13186
8725;2512
13186;4835
2512;18222
4835;15968
15968;22223
22223;22271
22223;17651
17651;12235
1416;21696
1416;18735
1416;15981
21696;19318
18735;11861
15981;11074
15981;4412
5848;13668
5848;20641
5848;23671
13668;15533
20641;19409
20641;10333
23671;20624
15533;16977
16977;13665
13665;4960
4960;12807
12807;22980
22980;10340
10340;4858
4858;9118
9118;290
290;15026
15026;20585
20585;11380
11380;17533
17533;16989
16989;21775
21775;22253
22253;2578
2578;20709
20709;2725
2725;22331
22331;16880
16880;17055
17055;508
508;18655
18655;19152
19152;2687
2687;23955
23955;14797
14797;19920
19920;9817
9817;3787
3787;5701
5701;16286
16286;3617
3617;15238
15238;15747
15747;19318
15747;16098
16098;16906
19409;17740
10333;23349
7263;17706
7263;8853
7263;5799
17706;21543
8853;13142
5799;7921
21543;8938
8938;11329
11329;2645
2645;22146
22146;7452
22146;1490
1490;5690
6694;14516
6694;6436
14516;22897
6436;13757
22897;9171
9171;4829
13757;7921
3452;13434
3452;17858
3452;8217
13434;18222
17858;13143
8217;9141
19120;9238
19120;23274
19120;24021
9238;6303
23274;19549
24021;19900
6303;1146
1146;11220
11220;18254
18254;2251
2251;16282
16282;1102
1102;21453
21453;1561
1561;1443
1443;17931
17931;1761
1761;16572
16572;20442
20442;5118
5118;8937
8937;8863
8863;7363
7363;18541
18541;17677
17677;6614
6614;16906
19549;12001
12001;11861
19900;6076
6076;23585
23585;8653
8653;10389
10389;13143
7970;17243
18685;12707
291;21569
12707;19619
19619;3111
3111;20508
20508;9258
9258;17243
16959;13152
16959;19921
16959;10173
13152;20229
19921;10211
10173;17117
20229;17591
17591;1266
1266;10591
10591;11481
11481;20202
20202;8591
8591;14871
14871;1214
1214;3995
3995;24151
24151;8627
8627;8934
8934;7229
7229;22652
22652;254
254;923
923;21365
21365;13390
13390;6764
6764;19897
19897;5286
5286;1210
1210;11948
11948;10595
10595;73
73;15542
15542;6369
6369;21210
21210;23869
23869;12433
12433;5981
5981;22138
22138;10042
10042;9263
9263;22263
22263;2633
2633;10620
10620;21590
21590;804
804;8768
8768;15897
15897;21700
21700;13092
13092;4886
4886;13541
13541;20014
20014;22999
22999;6122
6122;9562
9562;6609
6609;12731
12731;22488
22488;8125
8125;11008
11008;20403
20403;20428
20428;12508
12508;7727
7727;13299
13299;18960
18960;1159
1159;7665
7665;14122
14122;1806
1806;2967
2967;20373
20373;4985
4985;15855
15855;19531
19531;784
784;1032
1032;219
219;2699
2699;14803
14803;24148
24148;7914
7914;3161
3161;19984
19984;24200
24200;92
92;8199
8199;9583
9583;18704
18704;17739
17739;7503
7503;6104
6104;9990
9990;6304
6304;15697
15697;16963
16963;512
512;9144
9144;11897
11897;10984
10984;5686
5686;6830
6830;17486
17486;12283
17486;2508
12283;20833
2508;12454
20833;18801
18801;7248
7248;21605
21605;10852
10852;22315
22315;12588
12588;11986
11986;5452
5452;10544
5452;13119
5452;14991
10544;13599
14991;14931
13599;19153
19153;55
55;8709
8709;11101
11101;18985
18985;15336
15336;2460
2460;22802
22802;1081
1081;1952
1952;2010
2010;8299
8299;16672
16672;13180
13180;8957
8957;6760
6760;756
756;12717
12717;2344
2344;12613
12613;18521
18521;10036
10036;24147
24147;20672
20672;14029
14029;1826
1826;5429
5429;4019
4019;4991
4991;24072
24072;18159
18159;12128
12128;19302
19302;13464
13464;2104
2104;6783
6783;13990
13990;2494
2494;17491
17491;4109
4109;8699
8699;12218
12218;16441
16441;2781
2781;21248
21248;631
631;18307
18307;15334
15334;10228
10228;17804
17804;8003
8003;5769
8003;20085
5769;20699
20699;4645
4645;7166
7166;20691
7166;7182
20691;3828
7182;16225
10211;1616
10211;16496
1616;10382
16496;15808
10382;18883
18883;19603
19603;2015
2015;958
2015;11654
958;15676
11654;23217
15676;6057
6057;19259
19259;19515
19259;7481
19515;11931
7481;15001
11931;19631
11931;7678
19631;16333
7678;14927
17117;12917
12917;4825
4825;18304
18304;7309
7309;21420
21420;18345
18345;13851
13851;17101
17101;2081
2081;21297
21297;9815
9815;217
217;3342
3342;5323
15529;22527
22527;9551
9551;22746
22746;21926
21926;1453
1453;21760
21760;10907
10907;3326
3326;9001
9001;22562
22562;19294
19294;11827
11827;20166
20166;6246
6246;8326
8326;15649
15649;21703
21703;17125
17125;6475
6475;12397
12397;13751
13751;12512
12512;4899
4899;2097
2097;14231
14231;21772
21772;16516
16516;16696
16696;7302
7302;17886
17886;19371
19371;4758
4758;10832
10832;7649
7649;15775
15775;6937
6937;19808
19808;19109
19109;5834
5834;14185
14185;21741
21741;3757
3757;23872
23872;3285
3285;21633
21633;13736
13736;14295
14295;7585
7585;11985
11985;11070
11070;16448
16448;5746
5746;21322
21322;564
564;13835
13835;264
264;9196
9196;1550
1550;6015
6015;14059
14059;16654
16654;5672
5672;7339
7339;411
411;8070
8070;5628
5628;22572
22572;509
509;16841
16841;19754
19754;9932
9932;1169
1169;2607
2607;3169
3169;17206
17206;11511
11511;6938
6938;5562
5562;5204
5204;14460
14460;11898
11898;12232
12232;20488
20488;20506
20506;9344
9344;11801
11801;16704
16704;9949
9949;18145
18145;19686
19686;15519
15519;17144
17144;4184
5376;22026
5376;20976
5376;15278
5376;1258
22026;4738
20976;17044
15278;15068
4738;23738
23738;17369
17369;22010
22010;18952
18952;3882
3882;5406
5406;15971
15971;14028
14028;14616
14616;8546
8546;19794
19794;3804
3804;4469
4469;1153
1153;12850
12850;4658
4658;6816
6816;23271
23271;3647
3647;4846
4846;2851
2851;14699
14699;15024
15024;16942
16942;17283
17283;16173
17283;8193
16173;23424
23424;11392
11392;19706
19706;10279
10279;11797
11797;13083
13083;23028
23028;17754
17754;6661
6661;16402
16402;23475
23475;11186
11186;12985
12985;15096
15096;21774
21774;13140
13140;10576
10576;1140
1140;21857
21857;12758
12758;1501
1501;21999
21999;17805
21999;20522
17805;3633
3633;17859
17859;8418
8418;1895
1895;4637
4637;13005
13005;9523
9523;9138
9138;2571
2571;22903
22903;24171
24171;21969
21969;12848
12848;16814
16814;15642
15642;14878
14878;75
75;3386
3386;5222
5222;3732
3732;10915
10915;15190
15190;13839
13839;18600
18600;9003
9003;6278
6278;17954
17954;16194
16194;13429
13429;7286
7286;22650
7286;3977
22650;7225
3977;20600
7225;16325
16325;14529
14529;6890
6890;20026
20026;17998
17998;22524
22524;22180
22180;3309
3309;15231
15231;1459
1459;23714
23714;18504
18504;18951
18951;18116
18116;10782
10782;18057
18057;5057
5057;23267
23267;921
921;18413
18413;15603
15603;13656
13656;18782
18782;16225
17044;8215
17044;1739
8215;15656
1739;16743
15656;19600
19600;12724
12724;15804
15804;12664
12664;21025
12664;8231
21025;23087
8231;9679
23087;14561
23087;8099
14561;404
404;6556
6556;15078
15078;18166
18166;18731
18731;16992
16992;4313
4313;21446
21446;22879
22879;10969
10969;18525
18525;12034
12034;14933
14933;17179
17179;12926
12926;21362
21362;7600
7600;18580
18580;23121
23121;10188
10188;17850
17850;14811
14811;20921
20921;12413
12413;1523
1523;21665
21665;20457
20457;10839
10839;12386
12386;12317
12317;21879
21879;2793
2793;15740
15740;82
82;19976
19976;6139
6139;9209
9209;2050
2050;18436
18436;21211
9674;20960
9674;15918
20960;15271
15271;1244
1244;18759
18759;15841
15841;14739
14739;18829
18829;3877
3877;18574
18574;22306
22306;17766
17766;2216
2216;1346
1346;18724
18724;2935
2935;10145
10145;3644
3644;22320
22320;296
296;21390
21390;18460
18460;22655
22655;2591
2591;21958
21958;19635
19635;14002
14002;20156
20156;20523
20523;24195
24195;15857
15857;15206
15206;16468
16468;15496
15496;10167
10167;3549
3549;5819
5819;4995
4995;4233
4233;9141
23917;11465
23917;18091
23917;4970
11465;14367
18091;4740
4970;11413
14367;5594
5594;17793
17793;17351
17351;19469
19469;14859
14859;19734
19312;21101
19312;19857
19312;22969
21101;8592
19857;18652
19857;13232
22969;4424
8592;16351
8592;11911
8592;20778
16351;20997
20778;13750
20997;8343
8343;6690
6690;11522
11522;1500
19462;19025
18652;19551
18652;3763
19551;4424
3763;23505
4424;961
961;21737
21531;8437
6101;8901
8437;4329
4329;160
160;23740
23740;20684
20684;9921
9921;7988
7988;19142
19142;15720
15720;23505
5190;7120
5190;16684
5190;7611
7120;3260
7120;14789
16684;14890
7611;10496
7611;22092
14789;18983
8912;9070
9070;363
363;10496
363;9002
22092;1353
12618;3800
18558;23780
18558;13311
18558;8836
23780;8450
13311;11042
8836;16177
8450;1871
1871;1717
1871;16585
1717;18387
16585;12722
18387;8779
18387;14424
8779;21934
14424;21067
21934;21836
21836;16797
16797;21261
21261;21000
21261;7752
21000;12245
7752;17499
12245;14391
14391;3627
3627;20853
20853;2052
2052;2510
2052;11885
2510;7510
7510;17184
17184;3800
6153;12947
6153;7421
6153;15058
12947;20230
7421;1163
15058;11941
20230;6881
20230;21196
6881;18575
18575;180
180;6133
6133;11741
11741;9076
11741;19638
9076;22949
19638;9425
22949;11879
11879;6381
6381;7950
7950;18513
18513;11042
7735;12082
7735;10201
7735;4640
12082;67
10201;1163
4640;6521
67;8837
67;11938
8837;16177
1163;4039
22181;13377
22181;3387
22181;4452
13377;3078
3387;17005
4452;14032
3078;5666
5666;4143
5666;15801
4143;13288
15801;3074
13288;23741
23741;2199
23741;4764
2199;4048
4048;2042
2042;23115
23115;11818
11818;1608
1608;16699
16699;18697
18697;11941
11941;19516
11941;7150
7150;14368
17005;16767
16767;1207
1207;16884
14032;10986
425;96
15405;8636
8636;12840
12996;23809
23809;7132
7132;21737
21737;3534
12221;21716
12221;19752
21716;14454
14454;15686
15686;7714
7714;2310
2310;15736
15736;15749
15749;11710
11710;10564
10564;9918
9918;470
470;17049
17049;9351
9351;12462
12462;5439
5439;11104
11104;11180
11104;12250
11180;23878
23878;5163
5163;573
573;418
418;3262
3262;12986
12986;1514
1514;15824
15824;1497
1497;15539
20988;12473
4223;13268
12473;13889
13889;12694
13889;14026
12694;6935
12694;14851
14026;11421
6935;1766
10932;2804
10932;11558
10932;23110
2804;6547
11558;17404
23110;2653
6547;14648
14648;5700
5700;14097
14097;19615
19615;3972
3972;14974
14974;4583
4583;4702
4702;10788
10788;10008
10008;1919
1919;15844
15844;11874
11874;21759
21759;10624
17404;23158
23158;5084
5084;10561
10561;12076
10561;11764
12076;3020
11764;7597
3020;21839
21839;16442
16442;17374
17374;15229
17374;2916
15229;17426
2916;17442
17426;23481
23481;7162
23481;6670
7162;9017
9017;21666
21666;13075
13075;13082
13082;9559
9559;7076
7076;12233
7076;7469
12233;3048
7469;12972
3048;5663
5663;9012
9012;22286
22286;21251
21251;14283
14283;2850
2850;4486
4486;10919
10919;10972
10972;20340
20340;8575
8575;18941
18941;975
975;23841
23841;12038
12038;4348
4348;4604
4604;15381
15381;15874
15381;24019
15874;9524
24019;1547
9524;6744
6744;4765
4765;13960
13960;18312
18312;7778
7778;23270
23270;11164
11164;10473
11164;486
11164;203
10473;11421
486;20481
203;11729
2653;6587
6587;10941
10941;18301
18301;4355
4355;11804
11804;4680
4680;9428
9428;4239
4239;13596
13596;13872
13872;5467
5467;20192
20192;7906
7906;20491
20491;15927
15927;13856
13856;20250
20250;4611
4611;12739
12739;5949
5949;17473
17473;7074
7074;4869
4869;10301
10301;18887
18887;23183
23183;18186
18186;7998
7998;12903
12903;13808
13808;18635
18635;9712
9712;11255
11255;15835
15835;21158
21158;1850
1850;16026
16026;4859
4859;19
19;9410
9410;7056
7056;12578
12578;22224
22224;10740
10740;17717
17717;11761
11761;967
967;10535
10535;17665
17665;6196
17665;10103
6196;14713
10103;2642
14713;383
383;10404
383;17312
10404;19065
17312;10838
19065;15095
15095;3322
3322;1537
1537;12024
12024;12589
12589;15943
15943;20967
20967;21166
21166;13419
13419;14339
14339;1875
1875;9021
9021;12945
12945;12534
12534;19625
19625;13438
13438;21063
21063;15834
15834;14905
14905;17396
17396;23214
17396;9328
23214;710
9328;16759
710;12531
12531;17995
17995;8964
8964;16099
16099;23364
23364;1565
1565;17794
17794;20247
20247;8978
20247;23314
8978;8597
23314;22886
8597;16271
16271;4308
4308;17840
17840;19890
19890;13528
13528;12002
12002;17290
17290;12837
12837;22991
22991;18350
18350;22036
22036;6653
6653;16875
16875;22288
22288;8287
8287;8823
8823;11631
11631;11607
11607;12414
12414;1843
1843;19560
19560;1583
1583;1558
1558;9696
9696;15402
15402;12565
12565;12102
12102;8924
8924;2806
2806;5538
5538;12898
12898;17680
17680;7252
7252;5470
5470;3541
5470;18265
3541;22913
18265;16550
22913;7236
7236;13147
13147;1970
1970;8793
8793;6957
6957;7154
7154;17115
17115;14121
14121;11753
11753;15500
15500;23575
23575;15137
15137;23324
23324;5723
5723;5233
5233;18457
18457;1664
1664;10754
10754;11881
11881;1052
1052;21142
21142;95
95;12927
12927;11456
11456;13562
13562;4128
4128;5893
5893;4768
4768;2464
2464;22574
22574;14354
14354;15321
15321;22225
22225;21865
21865;14836
14836;7039
7039;7821
7821;17250
17250;20288
20288;17085
17085;889
889;3018
3018;15661
15661;11820
11820;2125
2125;21489
21489;12368
12368;4460
12368;17094
4460;20537
20537;15715
15715;12123
12123;15888
15888;15194
15194;19916
19916;17419
17419;12256
12256;23255
23255;17543
17543;6674
6674;8637
8637;19997
19997;3916
3916;15389
15389;18589
18589;17153
17153;1308
1308;9600
9600;20624
12921;23381
15765;2112
15765;5541
15765;10769
15765;9952
2112;13793
5541;10114
10769;19986
9952;14390
13793;14849
14849;14073
14849;18168
14073;15228
14073;2394
18168;6973
15228;2486
2486;2034
2034;5820
5820;18170
18170;18612
18612;20216
20216;8289
8289;10608
10608;18463
18463;181
181;9409
9409;23381
3525;11075
3525;2463
3525;7334
11075;11833
2463;3434
7334;14590
11833;4901
4901;860
860;12949
12949;13893
13893;20987
20987;3210
3210;11089
3210;23401
11089;19237
23401;19234
19237;4843
4843;5285
5285;4119
4119;12536
12536;9828
9828;20075
20075;23551
23551;23849
23849;20743
23849;13225
20743;9422
13225;19404
9422;12213
12213;5630
5630;3434
14590;7283
7283;22463
22463;19236
19236;11496
11496;22674
11496;13734
22674;22831
13734;20707
22831;10114
18043;3010
3010;3379
3010;4472
3379;23672
3379;10612
23672;13331
13331;2492
2492;21918
21918;5883
5883;8448
8448;16368
16368;3783
3783;6329
3783;17957
6329;20956
17957;2746
20956;17167
17167;11829
11829;731
731;7641
7641;7217
7217;1938
1938;12403
12403;3259
3259;15100
15100;7489
7489;13022
13022;2213
2213;14720
14720;16376
16376;8143
8143;10064
10064;338
338;15424
15424;3006
3006;11354
11354;6599
6599;13826
13826;14292
14292;10914
14292;13555
10914;21170
13555;3798
21170;13088
13088;5696
5696;9083
9083;22050
22050;4912
4912;2875
2875;7776
7776;9266
9266;8931
8931;9268
9268;11385
11385;16093
16093;12481
12481;22419
22419;10518
10518;17274
10518;17518
17274;12768
17518;17357
12768;6515
6515;9127
9127;14484
14484;11763
11763;561
561;22398
22398;5991
5991;11676
11676;6633
6633;3400
3400;8845
8845;333
333;11141
11141;23784
23784;17063
17063;2678
17063;8564
2678;2846
8564;2289
2846;1542
1542;705
705;8411
8411;4183
4183;3082
3082;18026
18026;21680
21680;19970
19970;7941
7941;8178
8178;5675
5675;22129
22129;19305
19305;22143
22143;8422
22143;2454
8422;916
2454;11831
916;19986
6761;1358
6761;5743
1358;11360
11360;9337
9337;5705
5959;16182
22587;3552
22587;17620
22587;21638
3552;2713
3552;4585
17620;14461
21638;14461
14461;10472
10472;2827
5166;23471
5166;17578
5166;21019
23471;15524
17578;6844
21019;24110
15524;10358
10358;3334
3334;17982
3334;4320
17982;4641
4641;18355
18355;10021
10021;2963
2963;477
2963;8913
2963;9473
477;18999
9473;3635
18999;5445
5445;4546
4546;16079
16079;19538
16079;10179
19538;19858
10179;8097
10179;8145
19858;2245
2245;13910
13910;9983
9983;6583
6583;4174
4174;17605
4174;22874
22874;3179
11313;22277
11313;21548
11313;22898
22277;20148
21548;23426
22898;22890
20148;9913
9913;12263
12263;7358
7358;8207
7358;7705
7358;5669
8207;23426
7705;15413
5669;18850
22890;15582
22890;9235
15582;6921
9235;22884
6921;7986
7986;10069
10069;7367
10069;17820
7367;5007
7367;2632
17820;2466
5007;23897
23897;8219
8219;15102
15102;5646
5646;7295
7295;18812
18812;16510
16510;14257
14257;13551
13551;17973
17973;5688
5688;20100
20100;6904
20100;5642
6904;6689
5642;8288
6689;12160
12160;7709
7709;21034
21034;6069
6069;24215
21228;926
21228;15502
21228;307
21228;22690
926;22938
15502;12026
307;3745
22690;6099
22938;1065
1065;2388
1065;559
2388;3277
559;8454
3277;18183
18183;8926
8926;947
947;12808
12808;1098
1098;20706
20706;2041
2041;1281
1281;7893
7893;21678
21678;13866
13866;17922
17922;1530
1530;16092
16092;6349
16092;13199
6349;16301
13199;7770
16301;6842
6842;12964
12964;12631
12631;23722
23722;1451
1451;7833
7833;22325
22325;1248
1248;15297
15297;6844
12026;17355
17355;7547
17355;5021
7547;10602
10602;15398
15398;24110
3745;2405
2405;11570
11570;5235
5235;2908
2908;2827
14865;10038
14865;11745
14865;12866
10038;21080
10038;3409
11745;21080
11745;5226
12866;22126
5226;2349
5226;14125
12023;15708
15708;17158
17158;15167
15167;19072
19072;6668
6668;22126
6668;4418
15311;17422
15311;1335
20161;9250
20161;22904
20161;11131
9250;4246
22904;12920
4246;11300
11300;437
437;8335
8335;11376
8335;20657
20657;19315
20657;24185
12920;15561
15561;21284
21284;12670
12670;8253
8253;1428
1428;2420
1428;15150
2420;20329
15150;3859
20329;3117
3117;19914
19914;21232
21232;13014
13014;20916
20916;13386
17134;18252
17134;19287
17134;7125
18252;17098
19287;7246
7125;348
17098;7094
17098;18458
7094;13636
18458;23759
13636;2462
2462;17803
17803;13423
13423;10068
10068;21032
21032;1069
1069;14074
14074;11478
11478;17411
17411;322
322;22353
322;20123
22353;16798
20123;11071
16798;2161
2161;23576
2161;16679
2161;18595
23576;5330
16679;2106
18595;19894
5330;2976
7173;18465
24106;19526
24106;5729
24106;13844
19526;4638
5729;348
13844;9821
4638;7246
7328;22428
7328;20112
7328;395
22428;10953
20112;395
20112;19311
395;13927
10953;5850
5850;16606
5850;6806
16606;10730
6806;10385
10730;5329
5329;14893
14893;6704
6704;6034
6034;16950
16950;1445
1445;9821
19311;23203
13927;22634
4509;6576
4509;9470
4509;18347
6576;9474
6576;118
9470;5162
17342;8612
9474;11053
9474;15383
118;22907
11053;14346
11053;10943
14346;4801
14346;17972
14346;16366
10943;10321
4801;5162
17972;5943
16366;11957
5162;22048
9394;14936
23771;10515
14936;14341
14341;11106
11106;12557
12557;15787
15787;23237
23237;19013
19013;4286
4286;12411
12411;11271
11271;121
121;6151
6151;23668
23668;3105
3105;19508
19508;12555
12555;4634
4634;10139
10139;6145
6145;7203
7203;8218
8218;21981
21981;18648
18648;16979
16979;10026
10026;18042
18042;5243
5243;4923
4923;13765
13765;3562
3562;22429
22429;5033
5033;15327
15327;1613
1613;22012
22012;10771
10771;17862
17862;23676
23676;6805
6805;14222
14222;16986
16986;4312
4312;7300
7300;19126
19126;5068
5068;6423
6423;14458
14458;6439
6439;13811
13811;5979
5979;7253
7253;7460
7460;14159
14159;7260
7260;1383
1383;10687
10687;8612
18074;18210
18074;12338
18074;9122
18074;5867
18210;11699
12338;11532
9122;11532
9122;15308
9122;14498
5867;17266
5867;24134
5867;4151
11699;14023
11699;20765
14023;6630
15308;13224
14498;6711
20185;4163
4163;17266
24134;11326
4151;7683
8313;412
412;18393
18393;11788
11788;3923
3923;12559
12559;666
666;9785
9785;14245
9785;6392
14245;1187
6392;3151
1187;1822
1822;3207
3207;21183
21183;20320
20320;574
574;20055
20055;9130
19166;6822
6822;13879
13879;9243
9243;20676
20676;7502
7502;3693
3693;15626
15626;2878
2878;7992
7992;21474
21474;10478
10478;8396
8396;13462
13462;12586
12586;3737
3737;19373
19373;5884
19373;507
5884;1678
507;11743
1678;9175
9175;2924
2924;14219
14219;1478
1478;587
587;21385
21385;896
896;18590
18590;16639
16639;12699
12699;14230
14230;9288
9288;23712
23712;21148
21148;3791
3791;8181
8181;10753
10753;10726
10726;21940
21940;21983
21983;5136
5136;5777
5777;10652
11743;7971
7971;18598
18598;7591
7591;2753
2753;7741
21650;7703
8191;7368
7703;4545
4545;11903
11903;22619
7368;19732
19732;18328
18328;21744
21744;23226
23226;15163
15163;4699
4456;7636
7636;5548
6781;4566
4566;8
8;271
2929;22246
22246;23764
23764;16253
16253;8992
16253;15372
16253;20020
8992;22112
20020;22916
22112;20126
1662;4862
4862;14841
14841;14297
14297;23102
23102;21070
21070;11112
11112;6793
6793;3252
3252;21348
21348;21630
21630;19216
19216;17674
17674;22563
22563;83
22563;15170
17582;7595
7595;581
581;12776
12776;21031
21031;20268
20268;7344
7344;14688
14688;20510
14688;8724
20510;14335
8724;13490
13490;21711
21711;11416
11416;8958
8958;9442
8958;19123
19123;15073
15073;12306
12306;8458
8458;12561
12561;21870
21870;4030
4030;9877
9877;2133
2133;6261
6261;11281
11281;1677
1677;2932
2932;17192
17192;3866
3866;1304
1304;18728
18728;4326
4326;479
479;13647
13647;1425
1425;8506
8506;22284
22284;12740
12740;6273
6273;16912
16912;648
648;9113
9113;3679
3679;9649
3679;557
557;16746
16746;539
16746;17735
17735;24098
24098;328
21963;5742
5742;3144
3144;1949
1949;16223
16223;9762
9762;13898
13898;12178
12178;18912
18912;18540
18912;22934
18540;10418
10418;9486
9486;16103
16103;18679
18679;18216
18216;5525
18216;2705
5525;14388
14388;22909
22909;14625
14625;7494
7494;23645
8849;16889
17625;4054
4054;9790
9790;3480
3480;3395
3395;16021
3395;13705
16021;16121
13705;24083
16121;3637
24083;6631
6631;20945
20945;1989
1989;19028
19028;18799
18799;6507
6507;8376
8376;4667
4667;10776
4667;11926
10776;2988
11926;9387
11926;6635
9387;22982
6635;21339
21339;2620
2620;4009
23731;9025
16686;8807
8807;8657
8657;14067
14067;2303
2303;11916
2303;10581
11916;2423
11916;23778
10581;2294
23778;22687
2294;15005
15005;7354
22687;10343
10343;10641
10641;4485
10641;14361
11185;10391
16940;14319
14319;20261
20261;19270
19270;18955
18955;10227
10227;2477
2477;23720
11202;24064
24064;7262
7262;17531
17531;16357
16357;11396
11396;14014
14014;23445
23445;7256
13513;8241
8241;7794
7794;20806
20806;17710
16269;5295
5295;22901
22901;23756
23756;1586
1586;16145
16145;3878
3878;21539
21539;13860
13860;18683
18683;6752
19110;2679
2679;1011
17335;270
270;4779
4779;6675
4779;3051
3051;14417
14417;6941
6941;7662
7662;14467
11179;23020
23020;10487
10487;6707
6707;17575
17575;3484
3484;3248
3248;20847
20847;24161
24161;231
231;5759
5759;3731
3731;21720
21720;20877
2912;21388
21388;21116
21388;3858
3858;4042
4042;8667
8667;20153
20153;11409
11409;1522
1522;18599
18599;23490
23490;4896
4896;9063
9063;11393
3090;6029
6029;4094
4094;20545
20545;12842
12842;11663
11663;3653
19104;11036
11036;11154
11154;22766
22766;14294
14294;10190
14294;1089
1089;263
20625;7939
7939;9440
9440;19761
19761;295
295;5535
5535;9142
9142;14005
14005;9756
9756;11990
1362;15866
15866;15259
15259;9424
9424;23419
23419;6086
6086;14793
14793;4526
4526;1427
4526;4732
4526;12081
4526;13724
4526;12207
4732;4049
12207;12011
12011;9954
9954;3743
3743;23027
23027;12242
17797;7711
7711;21822
21822;19922
21822;7049
19960;18766
18766;22749
22749;15250
15250;6477
6477;13652
13652;5054
5054;20443
20443;20928
20928;715
715;6114
715;18049
6114;23529
18049;18317
23529;11583
11583;15220
15220;17841
17841;1462
1462;16641
16641;5049
5049;21776
18317;151
151;6418
6418;19413
19184;9303
5350;23238
23238;14962
14962;20274
5290;11016
11016;22624
22624;16695
16695;22675
22675;9837
9837;10843
10843;15557
15557;4775
4775;5941
5941;15076
15076;13009
13009;18424
18424;12757
12757;15548
10181;20674
20674;6434
795;11665
11665;12393
12393;21087
21087;13718
13718;2359
2359;2276
2276;385
385;22376
22376;10395
10395;4875
4875;21736
21736;9763
9763;11805
11805;18820
18820;10902
10902;2561
10902;20943
10902;22370
2561;15593
20943;4386
22370;11282
15593;6198
6198;20391
20391;11041
11041;12301
12301;870
870;8362
8362;11553
11553;14553
14553;18542
18542;4113
4113;21072
21072;17614
17614;24107
24107;15566
15566;3702
3702;4867
4867;8562
8562;9049
9049;5107
5107;10175
10175;1975
1975;20137
20137;2544
2544;20009
20009;22038
22038;9966
9966;17602
17602;23407
23407;7578
7578;7511
7511;15817
15817;20498
20498;11451
4386;10590
10590;2762
2762;14105
14105;19871
19871;13943
19871;18993
13943;1993
18993;8538
1993;14293
14293;12087
12087;2109
2109;2085
2085;14717
8538;1526
1526;519
519;2630
2630;10948
2630;1651
1651;10062
10062;10142
10142;20761
20761;19651
19651;3134
3134;18157
11282;14522
14522;21085
21085;8126
8126;726
726;14288
23243;21076
21076;23718
23718;208
208;11594
15422;7145
15422;7185
7185;13469
13469;15302
15302;15346
15302;9094
15302;3316
9094;15094
3316;12874
3316;14765
15094;2826
2826;8540
8540;20028
8540;24133
12874;970
970;120
120;9508
9508;8350
8350;20061
20061;21987
21987;1777
1777;12105
12105;10672
10672;8846
8846;3884
3884;5112
3884;9917
3884;23321
3884;1219
5112;16513
5112;513
9917;22539
23321;2087
16513;19750
16513;4127
16513;15829
513;3608
513;22786
19750;2880
4127;9406
15829;16600
22786;8183
16600;9046
9046;13689
9046;19616
13689;9247
13689;6010
19616;667
9247;1026
1026;21334
1026;13277
1026;7575
21334;17623
7534;5917
5917;2602
316;1134
15667;8669
1134;1704
1704;15639
15639;13506
13506;14314
21402;7701
2535;4181
5064;1236
14468;9697
9697;14514
14514;18611
14514;13785
18611;17427
13785;922
922;5017
2249;13991
13991;23460
14146;14160
14146;23478
23478;24137
24137;15728
15881;14840
14840;3204
3204;6465
6465;22877
22877;4353
4353;11782
11782;14952
22917;17955
17955;16010
16010;5121
5121;13105
13105;1262
1262;11533
23518;3998
3998;7660
7660;16662
16662;11543
11543;7737
7737;762
762;6782
11769;5403
5403;4705
5403;3398
4705;5482
5501;10319
10319;2807
2807;1536
1536;6488
1536;15997
6488;1577
15997;5800
1577;13433
13433;736
736;3017
3017;10892
10892;10118
10118;14057
14057;8144
8144;9814
9814;21721
21721;13520
13520;13057
13057;2690
2690;16389
2690;1097
16389;18249
1097;6239
6239;23119
23119;22722
22722;13581
13581;21393
21393;3306
3306;10700
10700;10406
10406;12373
12373;9456
9456;21203
9456;15056
21203;22391
15056;21830
22391;15365
15365;9636
9636;10261
10261;15745
15745;19031
19031;14102
14102;21886
21886;15932
15932;2774
2774;19601
19601;5069
5069;13471
13471;23406
13471;4262
23406;20031
4262;15523
20031;17193
15523;8719
8719;14423
14423;22822
22822;4046
4046;11024
11024;18695
18695;20082
20082;11615
11615;17378
11615;18868
18868;12975
12975;4429
12975;23402
4429;20860
20860;15488
15488;19870
19870;13518
13518;1054
1054;23583
23583;9405
9405;18716
18716;69
5800;20952
20952;3837
23176;9999
9999;21131
6932;18536
18536;8691
8691;18640
18640;23232
14922;17136
17136;3814
3814;11835
11835;19911
19911;12098
12098;9156
9156;23797
23797;9729
9729;10669
18243;6118
6118;24012
24012;23156
23156;3659
23156;18650
23156;12240
23156;20419
20419;17997
17997;15762
15762;21452
15762;8128
15762;6889
6889;23693
23693;6697
6697;18833
18833;23036
23036;22905
22905;875
22905;10954
875;22880
10954;17398
10954;15719
17398;7034
15719;7613
7034;8674
7613;21729
7613;1654
1654;15290
10470;20473
20473;20129
20129;21118
21118;14236
14236;10806
10806;24261
24261;17235
17235;533
533;7763
7763;16938
16938;21863
21863;7858
7858;12666
12666;2197
2197;12185
12185;19766
19766;126
126;9095
9095;21992
9095;17671
17671;23107
3503;11627
11627;13375
13375;821
821;18141
18141;8135
8135;6681
6681;1513
1513;15534
15534;15425
15425;1222
1222;23198
23198;5564
5564;473
473;11736
473;7863
7863;17863
17863;3845
3845;11119
11119;24244
24244;7022
7022;3359
3359;12349
12349;5872
5872;11868
11868;24270
24270;13135
21830;10786
21830;1646
1646;12217
12217;20950
20950;19954
19954;2370
2370;12167
12167;22945
22945;17135
17135;13211
13211;9703
9703;8399
8399;22544
22544;12899
12899;19199
12899;12937
19199;2083
2083;20435
20435;8882
8882;8753
8753;7487
7487;13096
13096;22512
22512;5110
22512;7466
5110;11750
11750;12363
12363;14633
18681;13936
18681;21809
13936;11258
21809;9050
11258;10317
10317;4076
4076;732
732;13512
13512;17656
17656;22040
22040;6976
6976;19061
19061;10254
10254;18856
18856;21147
21147;583
583;19776
19776;21668
21668;8403
8403;2080
2080;16252
16252;21399
21399;5913
5913;23062
23062;23781
23781;17520
17520;19503
19503;10582
10582;1563
1563;19950
19950;17521
17521;19716
19716;9610
9610;23847
23847;23186
23186;23844
9050;11157
11157;10869
10869;23446
23446;3896
3896;2165
2165;1199
1199;19374
19374;7427
7427;17965
17965;23564
23564;21155
21155;21915
21915;22161
21915;172
22161;19574
19574;15532
15532;5659
5659;22191
5659;5786
22191;17538
5786;17599
17538;793
793;15031
15031;8420
8420;3778
3778;20004
20004;12896
12896;6048
6048;5894
5894;7934
7934;20996
20996;2612
2612;2977
2977;22077
22077;13340
13340;21242
21242;5115
5115;1229
1229;147
147;937
937;20649
20649;11105
11105;16424
16424;16667
16667;11943
11943;11883
17599;19810
19810;42
42;23749
23749;8843
8843;7099
7099;6834
6834;3656
3656;19189
19189;7720
7720;3101
3101;17213
17213;7818
7818;21724
21724;21266
21266;10795
10795;12315
6264;6426
6426;19079
19079;20579
15513;20470
20470;19220
10348;4982
4982;4363
4363;14371
5967;17613
6074;4855
4855;14166
14166;8489
14166;7101
8489;678
8489;13292
7101;15174
678;3230
3230;10920
10920;12304
12304;6234
6234;7694
7694;13645
15174;7471
7471;11399
11399;2472
2472;23323
23323;5812
5812;1137
1137;7316
18591;3876
3876;3402
3402;13842
16937;23292
23292;616
616;9970
9970;13397
13397;20092
4359;7206
7206;15941
15941;7060
7060;20731
20731;3187
3187;4511
4511;1905
16091;19033
19033;5506
5506;9851
9851;18051
18051;18161
18161;17221
17221;18862
18862;15486
15486;932
932;7861
7861;14862
20011;12605
10053;17232
21154;4259
4259;9777
9777;12056
12056;2236
2236;18690
18690;12763
12763;22269
22269;8198
8198;6340
6340;851
851;8058
8058;22024
22024;8349
8349;939
939;22466
22466;22443
22443;7676
7676;21171
21171;14442
14442;20327
20327;20326
20326;14531
14531;12769
12769;13906
13906;738
738;8177
8177;14948
14948;21533
21533;4122
4122;18534
18534;5366
5366;3339
3339;11634
11634;14731
14731;7006
7006;5952
5952;9384
9384;16723
16723;20207
20207;6742
6742;21584
21584;5277
5277;10332
10332;13337
13337;12630
13337;8922
12630;8456
8922;5037
8456;1515
1515;16404
16404;18633
16404;1816
18633;6569
1816;3675
3675;17936
17936;13965
5037;19019
19019;983
983;19107
19107;15010
15010;8201
8201;3852
3852;8873
8873;22919
22919;6584
6584;9849
9849;12800
12800;10245
10245;18123
18123;8295
8295;2269
2269;15818
15818;17079
17079;4334
4334;15567
15567;4988
4988;15670
15670;5651
5651;1868
1868;12826
12826;8297
8297;12914
12914;7531
7531;1047
1047;21298
21298;15797
15797;12229
12229;17729
17729;24096
24096;22777
22777;8312
8312;23507
23507;17641
17641;22813
22813;19059
19059;9259
9259;161
161;4449
4449;19060
19060;1940
1940;22833
1940;20824
1940;16565
1940;17257
20824;7308
17257;10559
7308;11484
10559;18119
18119;19050
16602;4687
4687;302
302;20170
20170;18364
18364;7293
7293;15776
15776;13624
13624;17252
17252;3265
3265;13452
13452;15188
15188;2384
2384;10785
5852;19187
19187;19563
19187;6617
6617;11017
11017;19633
19633;19435
6318;11828
11828;20737
20737;22570
22570;2540
2540;21376
21376;7381
5948;10338
10338;9376
9376;9208
9208;18174
18174;11608
11608;18462
18462;4883
21353;10707
10707;9230
9230;11173
15400;20480
20480;7422
7422;18396
18396;1887
1887;13947
4068;23517
125;10398
23517;14640
14640;15860
15860;17309
17309;23628
23628;17514
17514;15273
15273;5918
5918;8962
10398;13662
13662;9931
9931;6637
6637;20231
10781;12357
12357;20906
20906;8572
20906;18786
8572;3243
18786;8529
3243;15130
15130;1253
1253;20323
20323;16622
16622;7364
7364;24120
15877;2222
7882;13716
13716;12547
8529;11387
11387;11774
11774;20213
20213;22032
22032;10617
10617;14562
14562;3753
3753;5333
10779;20702
20702;5303
5303;22074
22074;3694
3694;11896
18381;14418
13200;17607
13200;22087
17607;22435
9746;20900
20900;15610
15610;23950
23950;12310
12310;1474
1474;18267
14896;1568
18067;12399
18067;6836
6836;21892
4403;9775
9775;22868
22868;21803
6102;19124
5560;23760
5560;23586
5560;7441
23586;9047
23586;18884
7441;17199
9047;5568
18884;6143
5568;2836
6143;8557
17199;209
209;15013
15013;22042
22042;22389
22389;6871
6871;15053
6871;14576
15053;3864
14576;13114
14576;7110
3864;9916
7110;17145
17145;21320
21320;23283
23283;14249
15901;7462
7462;10657
10657;19533
19533;22221
22221;12754
12754;13015
13015;18409
18409;24208
24208;12037
17802;4112
4112;17523
23143;2758
3658;4260
4260;2933
2933;13938
13938;23178
23178;5468
16726;2265
2265;14091
2265;10525
10525;1264
1264;16620
16620;2073
2073;2813
2813;5264
1541;78
78;12223
12223;5772
243;1077
1077;5038
5038;13841
13841;6820
6820;6818
6818;19955
19955;19660
10794;11415
11415;13729
13729;23611
23611;7159
7159;10276
10276;12908
12908;4180
4180;2078
2078;17865
7098;9207
9207;14779
14779;20617
20617;21438
377;5725
2093;4071
2093;19487
4071;17226
19487;23014
23014;1948
1948;14777
14777;1491
1491;21486
21486;9042
9042;6175
6175;21468
21468;2660
21234;9612
9612;7012
7012;6285
7012;5435
6285;6538
5435;2722
6538;2155
20352;16440
16440;10551
10551;17368
10551;17277
17368;2751
2751;3699
3699;19194
194;22985
22985;6201
8046;954
305;14782
7749;5135
5135;20913
20913;637
637;22557
22557;15173
15173;2676
2676;9734
18244;7373
7373;9433
9433;7191
7191;6743
6743;21674
21674;7204
8043;10364
10364;14426
10364;20094
14426;23750
20094;11636
20094;3471
3471;855
855;20309
4805;10538
10538;16443
16443;21706
21706;13479
13479;18902
18902;1600
1600;8486
8486;7960
7960;7827
7827;6882
6882;22090
22090;2701
2701;12632
12632;702
702;24055
24055;3343
3343;2309
2309;21835
21835;20466
17774;15912
15912;9534
9534;16562
16562;6254
6254;6832
6832;20792
20792;16018
16018;16842
16842;16681
16681;11851
11851;14821
14821;8453
8453;15956
15956;6702
6702;2617
7404;16267
16267;14312
14312;10003
10003;23815
23815;12755
12755;5604
17920;5347
5347;16868
16868;22301
22301;17164
7655;14494
14494;1711
1711;3421
3421;9924
9924;9139
9139;19103
19103;4541
19103;5427
4541;18557
5427;14085
18557;23415
23415;8468
8468;24198
24198;16511
16511;19836
19836;13909
13909;8232
8232;23596
23596;4040
4040;63
63;12553
12553;16053
16053;20983
14085;9381
14085;3857
3857;11846
23330;19198
19198;16141
16141;2440
2440;16221
16221;11869
11869;12640
12640;2
12640;17476
12640;18446
2;17218
2;10443
18446;10388
17218;17231
10443;20981
17231;18622
18622;9671
9671;3952
20981;13609
13609;17305
13609;663
17305;7583
663;927
7583;4361
927;17477
17477;9988
9988;10090
10090;18559
18559;17279
17279;10222
17279;1287
1287;24245
24245;19568
22183;4037
4037;11171
11171;23111
23111;7592
7592;7925
7592;20891
7925;19767
20891;2351
20891;13293
19767;19657
19657;450
450;6337
6337;350
350;7067
7067;16196
16196;6605
6605;9272
9272;19939
19939;22892
22892;24116
24116;6096
6096;8433
8433;8509
8509;5389
5389;393
5389;3954
393;4491
3954;11431
11431;18136
11431;16990
18136;19709
2351;5770
13293;8202
5770;10436
8202;7670
7670;17289
17289;17216
17216;11467
11467;14250
14250;11114
11114;4352
4352;15492
455;14342
14342;16013
16013;8370
8370;12644
12644;17583
18127;1862
1862;14505
14505;21957
21957;18676
18676;22116
18676;9231
22116;18107
18107;14888
14888;20043
20043;20898
13170;19605
19605;10165
10165;14604
14604;1538
14604;5989
70;18947
18947;18961
18961;10679
10679;7691
7691;9135
9135;21982
7326;15284
15284;16386
16386;10147
10147;9648
9648;20947
20947;2894
2894;6352
6352;12509
6352;1039
12509;10485
1039;21318
10485;14799
14799;7868
17971;9978
9978;20516
6737;4258
10758;23463
6835;3784
6835;3584
23463;13051
13051;12695
5765;10078
6011;3321
3321;2474
2185;11143
11109;5990
5990;7433
7433;12674
6243;607
6243;5619
22300;4186
5619;2382
1007;2334
1007;6511
2334;12637
6511;20918
12637;6062
6062;5451
5451;18410
20918;16529
20918;4629
11949;22130
22130;11830
21923;4446
4446;21054
1733;6453
6453;22956
6453;18081
21318;1075
1075;1896
1896;1306
4186;23153
9023;16710
16710;17127
17127;13294
13294;3744
3744;16993
16993;1027
22888;5313
15251;6513
6513;5575
6513;1388
5575;6018
1388;1884
1884;4676
4676;1508
1508;14559
14559;13137
13137;11498
22627;16470
16470;12257
16470;8118
16470;20831
16470;12933
16470;5230
16470;3079
12257;10133
8118;19021
20831;11468
12933;2990
10133;12336
12336;8395
8395;11499
11499;8182
8182;21422
21422;17515
17515;13684
13684;20399
19021;1405
11468;7859
7859;12793
2990;8056
8056;21300
21300;21335
21335;7383
16011;3727
3727;21198
21198;16204
16204;5278
5278;20863
20863;11373
11373;6247
6247;9914
9914;11079
11079;3126
17353;6290
6290;18137
6290;5997
18137;22924
5997;12706
22924;9158
9158;11991
11991;12274
12274;8991
20836;12194
12194;12281
12281;17571
17571;10294
10294;12321
12321;12322
12322;18253
18253;22413
22413;2809
2809;22347
22347;22508
22347;23568
23568;441
441;11624
441;17746
15118;5316
5316;1665
1665;23367
23367;21132
23367;15893
21132;5849
15893;22310
5849;16943
22310;2058
2058;4339
4339;9544
9544;16134
16134;22345
22345;12410
12410;21343
21343;5024
5024;14035
14035;19903
19903;21237
21237;2968
11073;10207
10207;12058
12058;11048
11048;10308
10308;8689
8689;10444
8689;6469
6469;20239
6469;6028
6469;15230
6028;23047
15230;604
23047;8083
604;8778
8778;9683
8778;3222
3222;13908
13908;10567
10567;6883
10567;17967
6883;23044
17967;24230
17967;5300
5300;22145
9705;14069
2992;2318
14069;16102
16102;11815
11815;12020
2318;24136
4934;17685
7;20039
20039;8237
8237;2025
7512;23077
7512;13510
23077;23800
13510;6324
23800;7029
7029;2202
6324;8620
22597;19101
19101;11107
11107;15215
15215;11140
11140;5877
5877;18423
18423;12464
12464;18805
14301;11056
14826;7564
7564;14008
14008;4304
4304;23687
23687;11555
23687;23653
11555;11592
23653;8417
23653;4550
11592;344
8417;453
4550;24128
453;8071
453;17241
17241;14767
14767;20571
20571;2381
2381;5963
5963;3313
24128;21389
21389;23313
23313;15016
15016;5203
5203;10959
10959;6017
6017;14037
14037;10864
10864;16682
16682;8051
8051;6226
6226;15474
15474;16310
16310;19879
19879;13627
13627;23552
23552;8098
8098;15123
15123;13902
13902;16775
16775;443
16775;14544
443;23311
14544;23733
23311;14867
14867;8840
8840;8355
8355;17090
23733;16428
16428;5907
5907;7969
7969;23196
23196;16307
16307;20013
20013;19445
19325;10862
11083;7932
11083;4194
7932;15623
4194;18352
4194;8601
15623;22162
22162;11973
11973;22319
8601;12592
12592;21271
21271;21636
21271;9022
9022;5186
5186;24263
24263;21018
21018;15706
15706;12880
12880;6319
6319;878
878;11863
8888;19655
22434;9416
22434;3066
9416;9458
9416;21645
3066;22974
9458;13350
21645;11386
11386;19257
22974;341
341;1049
5151;15084
15084;17276
17276;15457
15457;14588
14588;13696
933;11264
11264;22965
22965;16438
16438;5146
5146;5428
11247;18706
18706;19622
19622;11021
11021;10598
9699;18653
18653;11065
11065;3415
3415;9868
9868;5618
5618;4314
4314;23098
24007;6751
6751;1904
1904;17686
17686;1916
1916;10263
10263;14392
10263;12273
14392;22871
12273;12457
12457;1923
1923;11746
11746;20802
20802;10909
10909;15843
15843;7394
7394;18956
18956;20800
1626;2891
2891;15069
15069;20811
20811;1997
1997;2257
16116;6320
6320;18881
2179;10887
10887;15836
15836;7959
7959;13641
13641;9030
9030;14944
14944;6923
6923;19049
19049;8078
20638;17033
17033;22668
22668;7949
7949;1486
1486;4435
23798;281
281;20528
20528;8847
8847;14103
14103;9691
9691;5712
5712;21912
21912;6649
6649;8034
11698;14983
7392;514
514;22520
22520;10613
10613;6954
4038;1640
1640;22590
22590;16161
22590;659
659;5128
282;22236
6715;8573
6715;469
18412;6280
6280;7826
6736;2354
6736;3318
6736;21688
3318;13882
21688;21451
21451;20142
20142;17698
17698;7787
7787;7788
7787;2166
7788;4101
2166;394
4101;6188
6188;17130
17130;15553
20767;11289
11289;3713
3713;8664
8664;16945
16945;19344
19344;10635
10635;20969
20969;8890
8890;15469
13383;10881
10881;17637
17637;16340
16340;14864
14864;1188
19636;16090
16090;21336
448;1111
448;23674
9245;20814
20814;9617
9617;108
108;11705
11705;24252
24252;22738
1424;409
409;1164
2406;13439
13439;24184
6607;10684
10684;5126
5126;4209
4209;6185
6185;15635
15635;13153
13153;4220
4220;9495
9495;15815
15815;11447
11447;16399
16399;20999
20999;11902
11902;19717
19717;23999
18351;16471
12289;3880
3880;18663
18663;1804
1804;15827
15827;6755
6755;17172
17172;4137
24122;20494
20494;23181
23181;16255
16255;21082
21082;18108
18108;23546
23546;22609
22609;22797
22797;14382
14382;22973
22973;9947
9947;1465
1465;6419
6419;13532
13532;12741
20361;19320
19320;14463
14463;20246
20246;23138
20246;22094
23138;13405
22094;19489
13405;2313
2313;13824
13824;11642
13824;13827
11642;12993
12993;13507
13507;10872
10872;14722
14722;22971
19489;8508
8508;5488
5488;3044
3044;15902
3044;8037
8037;5958
5958;23491
5958;17511
17511;14599
14599;19343
19343;5009
5009;10604
10604;17302
10604;12441
1005;526
526;6788
6788;2314
2314;20893
20893;4955
20893;2297
2297;8673
8673;18199
18199;12434
12434;12300
12434;4083
14290;20430
20430;9378
20430;398
398;7506
7506;1557
1557;23537
10121;4434
4434;5219
5219;5328
5328;15374
15374;8817
8817;2504
2504;13034
823;9123
9123;23104
23104;23173
23173;3205
3205;4110
4110;3558
3558;215
215;2074
2074;21190
21190;8979
21190;19339
19339;22107
8585;7018
7018;10636
7423;306
306;11688
11688;2238
2238;19517
19517;10768
10768;1300
1300;14428
1300;4620
14428;7624
4620;4714
7624;8471
4714;2934
2934;66
66;15300
15300;22713
15300;20385
22713;17012
20385;908
17012;20001
20001;13792
13792;8534
8534;16408
16408;9512
9512;8045
908;22344
22344;4773
4773;13028
13028;6140
6140;10043
10043;288
288;4393
4393;8527
8527;21524
21524;16534
16534;9447
9447;7084
7084;17909
17909;12354
12354;24027
24027;9933
11757;7353
11757;11837
11837;15310
15310;7332
7332;14227
7332;18220
14227;14564
18220;17976
14564;8726
8726;14622
14622;19358
19358;20628
20628;438
438;14807
14807;24214
24214;11082
11082;17194
17194;24182
24182;15916
15916;17708
17708;23177
23177;20901
20901;22605
22605;15574
15574;7760
15574;3164
3164;9673
17976;286
286;3714
3714;10455
10455;119
119;3470
119;24140
3470;285
24140;23246
285;20393
20393;6159
6159;14877
14877;3925
3925;6951
23246;1454
23246;2534
1454;2786
2534;9532
2786;20333
20333;19722
19722;13220
19722;7124
13220;9330
7124;3461
9330;7343
7343;23337
23337;13412
3461;4663
9673;733
733;2721
2721;18006
2721;14011
18006;12202
14011;6425
14011;18209
12202;2800
2800;1170
2800;23117
1170;8763
1170;2650
23117;4187
8763;2131
2650;12786
12786;14357
14357;10770
10770;16626
16626;6204
6204;13674
13674;4455
4455;4366
4455;10063
4366;11243
10063;15831
4187;23015
23015;21441
21441;3406
3406;15041
15041;19419
19419;22613
22613;8985
22613;17467
17467;18808
18808;23528
23528;7046
23528;21778
21778;11510
6425;11963
18209;17010
17010;17286
17286;22997
22997;16991
22997;24062
22997;9659
24062;5091
9659;24114
24114;14174
14174;17436
14174;3754
3754;10205
10205;10251
10251;21217
21217;7015
7015;22334
22334;10816
22334;3883
22334;5553
10816;9882
3883;18744
5553;18296
18744;1017
18744;10231
1017;11294
10231;1925
1925;10586
10586;12734
12734;18904
12734;10967
18904;168
10967;13214
168;3616
168;1633
1633;18232
18232;8338
8338;21456
21456;23070
13214;13358
20905;14565
5004;21938
14565;148
20146;4677
4677;18780
18780;10888
20867;7779
7779;16731
10618;197
197;12733
12733;5498
5498;19277
19277;18994
16673;11802
11802;17771
17771;16926
16926;16037
5687;10542
10542;4266
4266;917
917;10285
10285;8900
10285;5336
8900;16154
5336;5058
5058;22194
22194;5341
5341;11019
11019;10637
10637;15970
15970;22220
15970;12456
22220;23648
16418;20610
20610;24163
24163;7278
7278;15906
15906;11277
11277;23565
23565;1597
1597;17361
17361;2841
2841;7546
7546;19151
19151;21282
2148;14303
11087;20832
6590;13280
13280;14401
14401;6825
6825;7897
5589;6837
5589;6058
5589;6812
5589;6648
13138;9154
9154;14404
14404;20183
20183;12678
12678;11876
24241;10875
5887;15908
15908;5003
16407;19666
19666;11853
9217;18142
18142;11552
11552;1535
1535;12961
11853;3538
10501;1028
1028;14362
14362;23790
14362;16262
1329;15314
15314;14376
14376;11474
11474;18044
18044;12079
12079;11256
11256;19362
19362;1728
11670;7222
7222;16762
16762;16355
16355;23224
23224;15176
15176;10803
10803;5370
10803;24026
2915;18522
18522;18367
18367;3551
3551;13981
13981;18705
18705;7645
7645;23903
23903;20722
9314;9218
9218;7369
7369;22095
22095;2316
2316;23099
23099;19365
23099;22410
19365;14397
22410;2301
14397;16500
2301;22503
22503;689
22503;16616
6983;1350
1350;13367
13367;7428
7428;5654
5654;3797
3797;15965
15965;7435
7435;23509
23509;10024
10024;5794
5794;4437
4437;12672
10351;15810
15810;12493
15810;4261
12493;22197
4261;19813
22197;17314
17314;19518
19518;12311
19813;16370
16370;22651
22651;11462
11462;7465
11462;13642
13642;5093
5093;9423
9423;16374
16374;24022
24022;6977
6977;14455
14455;6136
6136;741
6136;19386
741;23007
19386;17225
23007;10510
23007;21449
10510;3674
21449;16150
3674;17633
16150;1649
2798;11062
11062;10420
10420;11426
11426;693
693;19431
19431;5184
5184;1754
1754;7936
7936;11412
12693;23206
23206;3772
3772;4150
4150;17152
17152;7325
7325;16159
16159;7151
7151;8729
8729;18398
18398;17086
17086;5904
5904;3152
3152;1059
1059;5394
5394;10983
10983;15369
15369;5099
5099;12285
12285;10252
10252;8788
8788;19745
19745;1874
1874;3123
3123;8969
8969;8855
8855;1566
1566;19595
19595;10798
10798;21800
21800;9177
9177;20220
20220;15695
15695;20426
20426;5634
5634;24014
24014;15156
15156;3711
3711;12596
12596;4703
4703;10131
10131;5050
5050;7198
7198;8310
7085;9896
9896;18014
18014;1211
1211;598
598;21273
21273;22158
22158;20880
20880;14582
20113;2702
2702;14453
5781;12255
12255;11773
11773;3802
3802;15344
15344;1181
1181;20723
20723;16676
16676;2061
2061;4646
4646;10057
10057;21263
21263;18998
18998;22279
22279;18880
21611;19781
21611;1458
19781;21783
1458;6847
21783;9737
9737;13950
13950;14234
12189;21042
21042;20149
20678;9008
9008;16165
16165;22964
22964;6503
6503;6565
6565;22747
22747;22317
22317;13410
14439;7138
7138;17233
6493;11158
11158;2509
2509;17663
17663;5750
17663;3733
5750;19436
3733;5504
3733;20433
19436;18520
19436;8570
20433;6166
20433;173
5237;1422
1422;23133
1422;5174
23133;19991
5174;22583
19991;20437
20437;12787
22583;4636
4636;19877
19877;1794
19613;5395
5395;3654
3654;21096
3654;13040
3654;14802
21096;2517
13040;14441
14802;16235
2517;7663
7663;7667
7667;21953
21953;21679
14441;17210
14441;10376
10376;11792
11792;9062
785;4487
16235;7561
7561;18440
18440;816
15689;16469
16469;22229
22229;5248
5248;22294
52;4293
3741;23892
4293;16118
4293;23911
16118;11283
16118;3951
23911;16819
23911;13267
11283;11343
11283;2858
23892;1
1;17525
11269;18977
18977;3454
3454;14004
14004;1642
1642;1691
1691;15322
1691;20570
15322;18110
20570;6714
18110;1009
1009;7349
7349;6738
6714;21554
21554;17053
15421;15894
15894;13130
13130;15665
15665;14656
14656;21033
21033;16555
16555;17013
17013;19944
19944;3709
3709;10498
10498;807
807;14082
14082;2756
2756;20639
20639;19588
19588;23928
23928;13812
14830;5508
5508;5826
5826;24006
24006;3638
3638;12868
12868;12849
12849;1338
1338;5888
5888;12060
12060;24177
12060;9582
24177;15277
9582;4976
15277;21818
21818;6867
4976;12881
12881;2740
2740;3508
3508;12100
12100;9454
9454;16320
16320;8042
8042;20223
20223;6335
20223;12302
12302;21239
21239;4235
4235;11121
11121;3867
11121;13145
3867;6035
13145;619
6035;23105
619;376
376;21810
21810;21990
21810;11259
21810;11321
21810;6643
6643;2119
2119;15677
16199;13124
9043;14396
14396;542
542;406
406;13317
13317;407
407;10272
10272;4458
4458;11561
11561;11102
11102;11274
11274;6606
6606;6083
6083;2518
2518;16191
16191;21538
21538;586
586;19331
19331;6310
6310;19555
19555;19195
24265;18712
4518;2551
2551;8393
8393;15420
15420;4665
15420;19395
4665;18715
19395;22977
18715;343
343;1771
1771;6971
6971;18974
18974;8397
22977;8877
22977;1584
8877;815
1584;14578
18373;6841
6841;2036
2036;21745
21745;16501
21745;2374
21745;21834
16501;4681
21834;15385
4681;20820
15385;5338
21341;19306
21341;18163
19306;16064
18163;17593
16064;20256
20256;3723
3723;9489
9489;5218
17593;13626
13626;9670
7740;5348
5348;8773
8773;18405
18405;4499
4499;22381
22381;6115
10876;14709
156;16892
16892;21536
18356;625
13730;18916
18916;2116
2116;1648
1648;15204
15204;7991
7991;13347
13347;23957
23957;20116
20116;4210
2118;5886
5886;13266
13266;109
109;23932
23932;22157
14977;658
658;1776
1776;4798
4798;2646
2646;17093
17093;4502
4502;21380
21380;16763
16763;13944
13944;23769
13944;17326
13944;12989
12989;3742
3742;17059
17059;5388
5388;8068
8068;11417
11417;9475
9475;8139
9475;14730
8139;12075
14730;56
56;13430
13430;11556
11556;11646
11646;4815
4815;14626
14626;11768
11768;5829
5829;847
847;14824
14824;13539
13539;4172
4172;9355
9355;6618
6618;15654
15654;10417
10417;4600
4600;19284
19284;23304
19284;19363
23304;12501
19363;17322
12501;11303
11303;21935
21935;1598
1598;22464
22464;21928
21928;12325
12325;23945
23945;15281
23945;8282
15281;13353
8282;2300
13353;22865
22865;5734
5734;4008
4008;4662
4662;23400
23400;11495
11495;22553
11495;18607
22553;22808
18607;20240
22808;5814
5814;20648
20648;11187
11187;15463
15463;2137
2137;11974
2137;4954
11974;16724
16724;11790
11790;10552
17322;22309
22309;7996
7996;21444
21444;15744
15744;17785
17785;4300
4300;4563
6152;1073
1073;10973
10973;2110
2110;19250
19250;23351
23351;11983
11983;21646
21646;22037
22037;23766
23766;22769
22769;18982
18982;13161
13161;7593
15871;536
536;9254
536;8101
536;12097
9254;23595
9254;12556
8101;11849
23595;15043
15043;9827
9827;13900
13900;16082
16082;12445
12445;14600
11849;19884
19884;2467
2467;4325
4325;9715
9715;16637
16637;9298
15714;17537
17537;23974
23974;3116
3116;5897
5897;13071
13071;6248
6248;14609
14609;5421
5421;13749
13749;18476
18476;21946
21946;12725
12725;12214
12214;22392
22392;3602
3602;9521
9521;20959
20959;14347
9819;5457
5457;9294
9294;19735
19735;4851
4851;6931
6931;1553
1553;8760
8760;23109
23109;15491
15491;1336
24191;21065
21065;1021
1021;21037
21037;4741
4741;7723
12894;14976
14976;18741
18741;15104
15104;22958
22958;5076
5076;6227
6227;21794
21794;16259
16259;8485
8485;22846
10184;17009
17009;12331
12331;3500
3500;9547
9547;22859
22859;15004
15004;3246
15004;23912
23554;18260
18260;18111
18111;22462
22462;856
19645;8380
8380;21702
8380;13779
23146;1614
1614;18918
18918;18897
9476;6292
6292;11297
11297;6948
6948;2586
22606;2039
2039;18019
2039;8590
18019;6610
6610;13041
6610;23965
13041;10880
7148;19838
11463;17000
11463;9694
11463;10539
17000;13806
10539;319
17030;23126
23126;7062
23126;4672
7062;378
4672;11834
378;17479
11834;12328
12328;19522
19522;10152
10152;19699
19699;18371
18371;10630
17341;8274
17341;2267
8274;1606
1606;12086
11295;12286
12286;7226
10481;7294
7294;16494
16494;25
25;23128
23128;4962
23128;19375
19375;4123
19375;18295
14528;2134
9557;11347
11347;5210
11347;17038
9402;20342
9595;4933
9595;8419
4933;19224
19224;23188
23188;3555
12795;22007
22007;16327
16327;9080
9080;19681
19681;1203
1203;13921
13921;15828
15828;10940
10940;19114
19114;1460
19114;16414
7904;8745
9464;4242
4242;3106
3106;1660
1660;18702
18702;9260
9260;14087
14087;24271
24271;11
11;19121
19121;21841
21841;4624
4624;9716
9716;1066
1066;1285
1285;15771
9714;3869
18435;7525
5749;4916
4916;17064
17064;510
510;4824
4824;14304
4824;4725
4824;24135
4824;6726
14304;22659
24135;11799
6726;14984
22659;1545
1545;9925
9925;1585
7514;11733
11733;21561
21561;1781
1781;2278
1781;3431
1781;1657
11799;19777
14984;6094
21911;11191
11191;6066
6066;22482
22482;8798
8798;3138
3138;23608
23608;14018
14018;10154
10154;14217
14217;11704
11704;5288
5288;18937
18937;10256
10256;193
193;14193
14193;1477
1477;14785
14785;10908
10908;21022
21022;3855
3855;21309
21309;4331
4331;1296
1296;16462
16462;16006
16006;620
620;3510
3510;23497
23497;23597
23597;10366
10366;14596
14596;8136
8136;4055
4055;13150
4055;12655
13150;492
12655;3920
492;14093
14093;6982
6982;19089
19089;2340
2340;10556
10556;24204
24204;7604
7604;15554
15554;13931
13931;18191
18191;21690
21690;20225
20225;19244
19244;6769
6769;16856
16856;6656
6656;8872
8872;5902
5902;15038
15038;18179
18179;21058
21058;23428
23428;11673
11673;23527
11673;14380
23527;13234
14380;22762
13234;19491
19491;1852
1852;22348
22348;7402
7402;5141
5141;6899
6899;1472
1472;5524
5524;20568
20568;17347
17347;12687
12687;6665
6665;15514
15514;1056
1056;10240
10240;2573
2573;17792
17792;16214
5273;21764
3920;8386
8386;11126
11126;10609
10609;2624
2624;19298
19298;19705
19705;18892
18892;23338
23338;4297
4297;23775
23775;19336
19336;7250
7250;21881
21881;7270
7270;22330
22330;9265
9265;16877
16877;7541
7541;7756
7756;20842
20842;8151
8151;552
552;16795
16795;18924
18924;23485
23485;4036
4036;3817
3817;3374
3374;13831
5717;9669
9669;16628
16628;1449
1449;9481
9481;1213
1213;18797
18797;4551
4551;20098
20098;5858
2965;10802
10802;15936
15936;8688
8688;14010
14010;16293
16293;19086
19086;21854
21854;11356
11356;15187
4123;23244
18295;12597
18295;22034
18295;17970
23244;22436
23244;18701
23244;13798
23244;8800
8800;8129
8129;17810
8129;6858
6858;15694
6858;13634
13634;16933
16933;23964
16933;18948
16933;23416
18948;15723
23416;14065
15723;23483
14065;12835
12835;22678
22678;9128
9128;16888
12597;12296
17970;13838
13838;14880
14880;9662
9662;20518
20518;4553
6421;9590
9590;11680
9590;7884
11680;1964
7884;17854
1964;23355
23355;8080
8080;13286
13286;21108
21108;6064
21108;11216
6064;16629
11216;7874
16629;23319
19759;14570
14570;19701
14570;3329
19701;8367
8367;22998
22998;5779
5779;16074
16074;15724
15580;8032
8032;6344
8032;21951
21951;11564
11564;17563
17563;4521
4521;2719
2719;178
178;8329
8329;828
828;2201
828;5343
5343;3505
3505;11816
11816;22948
22948;1376
1376;6150
6150;7775
7775;3047
3047;7963
3047;22054
22054;2158
2158;19182
19182;13857
13857;13127
13857;4495
13127;14110
13127;2438
3959;12090
12090;9147
9147;2870
571;13488
571;1531
13488;17512
1531;11798
17512;7757
7757;19421
11798;6178
6178;18382
18382;12680
12680;1892
1892;11116
1892;22896
11116;2320
22896;12819
7736;19565
19565;14190
19493;12971
12971;0
0;11886
11886;21560
21560;16559
16559;14197
14197;2814
2814;17417
17417;4213
4213;2828
2828;1074
1074;10130
10130;12875
12875;5556
5556;3338
3338;14472
14472;11841
11841;7647
7647;24129
24129;18300
18300;21014
21014;16427
16427;18056
18056;14848
14848;19410
19410;10132
10132;14060
14060;18030
18030;22546
22546;4044
4044;11980
11980;13026
13026;20254
20254;6376
6376;3203
3203;14015
14015;8368
14015;18718
8368;20785
18718;23018
4303;22397
22397;19757
19757;21610
21610;24127
24127;9891
24127;12157
24127;10692
9891;23664
12157;2076
10692;10288
23664;21948
23664;152
10288;14481
14481;16337
23055;15180
23055;19977
15180;3553
19977;4963
4963;309
309;7426
7426;20745
11145;439
439;8023
8023;17798
8023;12253
17798;13746
12253;985
985;2582
2582;12822
12822;9277
9277;7533
16302;588
588;5422
5422;19486
19486;19769
19769;15617
15617;3355
3355;9286
9286;432
432;6117
432;3717
3717;21855
4175;3455
8939;6749
13830;9665
9665;4964
4964;210
210;3320
3320;22304
22304;6916
6916;18125
18125;20396
20396;10089
10089;6297
6297;2597
2597;18085
18085;14963
18085;10039
14963;358
10039;1212
358;18474
18474;3734
1212;11547
11547;13231
11547;22066
22066;3540
22066;4152
3540;7407
4152;771
771;4539
4539;9754
9754;20058
20058;10995
10995;14727
10995;11260
11260;12482
12482;21355
13104;13509
13509;1507
20392;12171
12171;12381
12381;3519
3519;23157
23157;21312
24091;14421
14421;1215
1215;20350
20350;7321
20350;14756
7321;8822
14756;9460
21046;21719
141;8302
13346;18439
18439;1885
1885;7184
7184;10962
21797;47
47;12878
12878;15743
12878;13204
15743;23758
15743;15386
13204;20578
20578;14433
14433;9704
9626;17809
9626;18384
9626;22621
9626;2380
17809;11548
19046;15345
15345;13262
13262;10747
10747;23260
23260;14019
14019;20233
20233;169
11731;16625
16625;14321
14321;32
32;17042
17042;19989
19989;17488
17488;2686
2686;3049
3049;4004
3049;10999
4004;8158
10999;12203
8158;12856
12856;9629
12203;2583
853;849
849;6691
849;23103
6691;8424
23103;16202
8424;12267
12267;20447
12267;19534
20447;14086
19534;2254
14086;14237
14237;7289
2254;19946
19946;3764
3764;538
538;5392
5392;20810
20810;1240
1240;22203
22203;5905
5905;6224
16202;11744
11744;12977
12977;12627
12627;3070
3070;15709
3623;9213
9213;8610
8610;8092
8092;11893
11893;22312
11893;12054
22312;19652
12054;12582
19652;14844
14844;7857
7857;2681
2681;2684
2684;14660
14660;24103
24103;8659
8659;1152
1152;19536
19536;11514
11514;17813
17813;20017
20017;6464
6464;3937
3937;21685
21685;10484
10484;13183
13183;16123
16123;8256
8256;20575
20575;23375
23375;5544
12582;23553
23553;14331
14331;4367
4367;19402
19402;18687
18687;13403
13403;167
167;22303
22303;12483
12483;17168
17168;13911
13911;8690
8690;8284
8284;17652
13295;1941
1941;5497
5497;22267
22267;6365
6365;12392
12392;19663
19663;5456
1184;13572
1275;6216
6216;848
848;2328
848;11954
11954;22704
11954;14221
11954;10325
11954;16373
22704;3822
14221;20668
10325;4058
16373;16835
4058;7979
16835;13492
16835;12243
12243;2075
22837;18492
18492;20034
20034;7176
7176;22768
22768;9748
22768;7815
9748;8996
7815;23623
8996;9871
9871;4310
4310;15501
15501;5032
5032;21140
21140;10210
21140;5916
5916;6996
23623;1663
1663;22781
22781;4813
4813;2286
2286;17227
17227;11565
11565;8960
6996;5643
5643;2669
2669;5454
2669;9725
5454;12036
9725;10526
12036;5229
5229;19097
10526;6815
6815;4074
4074;23944
23944;10425
10425;24087
24087;12505
12505;5518
5518;18774
18774;15805
15805;2246
2246;16605
16605;6174
6174;6897
6897;3645
3645;8047
8047;17261
17261;18009
18009;19807
19807;8166
8166;16111
16111;19512
19512;14429
14429;5514
5514;22937
22937;6364
6364;20679
20679;9945
23018;3030
3030;22643
22643;6869
6869;18564
18564;7761
7761;11796
11796;17031
17031;549
549;18150
18150;14736
14736;14647
14647;4274
4274;19345
19345;4070
4070;23774
23774;20387
20387;2950
2950;3274
3274;16808
16808;999
999;23155
23155;4864
4864;5856
5856;3440
3440;1525
1525;12173
12173;8676
8676;1803
1803;8276
2330;4557
2330;7657
17068;9549
9549;13044
13044;22499
22499;2909
2909;23799
23799;20665
20665;22160
22160;11284
11284;18400
18400;16941
16941;8293
8293;9530
9530;20826
20826;458
458;15873
15873;8782
11783;3075
3075;9957
9957;22114
22114;22795
22795;22187
22795;9398
16472;6642
6642;864
864;13790
13790;7634
7634;1684
1684;9444
9444;12124
12124;12210
12210;7957
7957;19995
19995;5540
5540;19895
19895;16517
16517;14007
14007;782
782;21502
21502;3380
3380;8243
8243;7451
7451;10108
10080;4877
4877;11482
11482;2264
2264;11239
11239;19353
19353;11541
11541;15212
6710;17744
6710;8446
9554;7830
19790;17212
17212;6505
6505;171
171;3545
3545;7974
7974;10516
10516;2331
2331;19453
19453;12845
12845;16087
16087;5260
5260;16050
16050;5154
16050;9653
16050;191
5154;12247
9653;943
191;16487
191;4021
12247;18505
16487;22519
4021;20407
22519;22852
22852;16827
20407;7017
7017;5520
5520;11466
11466;2596
2596;1986
1986;15975
15975;11006
11006;13449
13449;1575
1575;16227
16227;15790
15790;16015
16015;1837
16015;6070
6070;10313
10313;4351
4351;4188
4188;12510
12510;10098
10098;8325
5585;24173
9962;4659
4659;10209
3942;19744
19744;12729
21106;22644
22644;7924
14597;2542
2542;20484
20484;2635
20484;20076
2635;20475
20475;12617
18475;19014
19014;6489
6489;13332
13332;19047
19047;17855
17855;2849
2849;16483
16483;12330
16483;2742
12330;22395
2742;5838
22395;14751
14751;19593
19593;5542
5542;2666
2666;1764
5838;16711
16711;11166
11166;6949
6949;21814
21814;20920
20920;12679
12679;8011
8011;23702
23702;13550
13550;1953
1953;12770
12770;16168
16168;10393
10393;17776
17776;9915
17776;7758
17776;21289
9915;12241
7758;8190
21289;4922
12241;21514
21514;16845
16845;10457
10457;187
187;4368
4368;22364
22364;8186
8186;14036
8190;16828
16828;10854
10854;23724
4922;12855
12855;7482
7482;14772
14772;2539
12810;12828
12828;17929
17929;21396
21396;20788
20788;14232
14232;21285
21285;14689
14689;21586
21586;6962
6962;4022
4022;3200
3200;3466
3466;4397
3466;16609
12610;19669
19669;15221
15221;19439
15221;15782
19439;16870
15782;5664
5664;2873
2873;23139
23139;9435
9435;5552
5552;3524
3524;20420
20420;14205
14205;17420
17420;6700
6700;18023
18023;16422
16422;2449
2449;20656
20656;3517
3517;4473
4473;21701
21701;698
698;72
72;6652
72;5788
6652;21888
6652;12797
5788;10280
5788;10119
5788;12228
21888;6573
21888;503
12797;19383
503;15625
15625;9320
9320;15698
19383;6481
6481;2655
6481;16939
16939;22780
22780;14349
14349;1555
1555;20894
1555;21431
21431;11952
12228;8815
8815;24240
8815;8643
8815;21459
8815;16324
16324;13941
16324;21167
21167;3280
3280;23175
23175;11252
11252;11544
11544;18720
18720;20394
20394;2283
2283;24227
24227;1103
1103;13740
13740;20531
20531;3823
20531;11190
3823;12358
11190;1106
12358;9190
1106;17123
17123;19490
19490;12364
19490;14973
12364;20758
14973;18698
14973;22622
20758;7352
7352;19213
19213;17331
19213;8769
8769;12266
12266;14127
18698;6197
22622;19749
6197;780
780;4034
4034;10060
10060;20511
20511;7405
7405;10339
10339;17897
10339;8999
8999;19057
19057;13585
19749;11939
11939;8730
11939;14668
14668;684
684;2936
2936;24029
24029;11867
11867;20021
11867;1773
11867;14839
20021;3302
1773;17048
14839;24061
3302;23661
23661;23216
23216;4989
4989;10895
10895;18248
17048;12825
12825;403
403;17489
17489;14806
14806;1900
24061;7681
7681;23833
23833;14088
14088;11657
16593;8622
8622;21802
21802;8875
8875;15563
15563;19583
19583;16836
16836;5349
5349;7186
7186;14140
14140;880
880;6564
6564;8630
8630;20003
20003;18618
18618;245
245;1132
1132;18276
1132;16452
18276;1048
16452;9026
1048;13655
13655;2398
2398;19917
19917;3360
3360;6240
6240;4596
4596;2537
2537;23358
23358;13190
13190;7273
7273;8314
8314;11406
11406;2375
2375;13559
13559;15620
15620;3182
3182;3000
3000;675
675;22626
22626;5011
5011;12820
9026;5436
5436;14869
14869;19026
19026;20902
20902;10239
10239;3680
3680;17904
17904;22506
22506;15051
15051;19569
19569;1815
1815;6929
6929;14080
14080;14466
14080;16237
14080;23108
14466;15951
16237;7239
23108;2498
15951;12709
12709;15114
7239;802
2498;8908
8908;9692
9692;21936
21936;22620
22620;18122
22620;1088
18122;13212
13212;17239
17239;20446
17239;10311
20446;20424
6735;22978
22978;18219
18219;9079
9079;16063
16063;19361
19361;19909
14558;11317
14558;18753
610;18262
11317;16409
18753;20066
16409;3345
3345;18746
18746;4465
18746;21791
14031;10149
10149;7066
7066;6886
6886;4751
4751;22202
4751;9224
21197;9527
21197;23453
9527;21825
23453;18115
21825;3610
18115;23859
23859;7417
7417;21137
2284;7490
7490;1177
1177;6514
18262;2445
2445;15995
15995;2020
2020;4017
4017;22715
22715;1824
1824;770
770;20822
20822;22265
22265;21465
21465;7948
7948;9462
9462;19309
17666;18689
18689;11509
11509;7220
7220;397
397;502
502;20883
20883;21651
20883;19173
20883;14738
19173;22990
14738;16158
16158;2171
2171;16770
2171;11298
11298;5596
5596;786
786;23971
23971;1927
23971;17800
17800;40
40;3046
2130;9418
9418;9633
9633;11752
11752;15099
15099;23307
22177;17529
17529;6671
6671;10594
10594;11364
11364;23093
23093;19406
19406;17470
17470;9555
9555;19285
19285;15370
19285;7733
15370;14525
7733;3928
14525;20807
20807;20521
20521;10474
10474;21795
21795;6563
6563;2037
2037;14186
14186;1860
1860;5813
5813;8701
8701;3482
3482;14147
14147;14203
14203;1025
14203;22188
1025;14309
22188;18978
14309;14982
14982;1175
1175;12022
1175;606
12022;8808
606;11336
18978;2625
2625;15347
15347;19626
19626;14828
14828;8440
8440;6765
6765;226
226;2930
2930;11023
11023;18940
18940;21965
21965;16353
16353;18586
18586;16323
16323;24081
24081;17032
17032;16485
16485;9499
9499;3133
3133;19157
11336;5966
5966;17421
17421;12956
12956;7513
7513;5132
5132;1314
1314;18250
18250;20172
20172;13986
13986;16012
16012;6901
6901;3934
3934;6330
6330;14489
6330;16719
14489;13077
16719;591
13077;19694
19694;297
297;23812
23812;5001
5001;6725
6725;5878
5878;451
451;7844
7844;4204
4204;4670
4670;11732
11732;7401
7401;2002
2002;21871
21871;17806
17806;972
972;4336
4336;14624
591;13472
13472;18548
18548;15781
15781;19177
19177;2683
2683;23922
23922;1018
1018;7539
7539;13313
13313;12048
12048;12460
12460;2795
2795;18647
18647;16003
16003;19069
19069;15552
15552;13394
3928;2063
8324;9731
9731;11716
11716;11909
11909;22866
22866;13974
13974;22485
22485;1232
1232;14114
5756;9325
9325;8203
8203;13942
8203;13435
13942;15451
13435;6814
15451;10722
6627;12487
12487;23534
12487;5999
23534;15867
5999;20030
20030;15853
20030;13659
13659;491
491;1434
6814;5832
5832;2156
2156;1723
1723;4754
4754;6533
6833;3622
3622;14623
14623;23622
23622;3806
3806;7072
7072;750
750;10917
10917;7870
7870;7773
7773;6309
6309;23604
23604;18331
18331;8268
8268;4285
4285;14139
14139;16162
16162;19052
19052;837
837;10767
10767;11411
11411;23067
23067;3168
3168;9964
9964;9772
9772;3411
3411;14645
14645;10305
10305;22151
22151;15651
15651;19606
19606;3428
3428;11635
11635;22425
22425;21687
21687;22444
22444;19566
19566;19988
19988;3966
3966;1590
1590;19943
19943;9372
9372;7271
9372;7275
7271;3458
7271;11970
7275;16298
3458;18694
11970;8442
18694;23482
23482;13687
13687;87
87;11770
11770;22779
16298;4342
8442;11428
11428;21727
21727;2457
2457;12922
12922;8472
8472;3425
3425;9292
9292;7359
7359;14571
14571;3889
3889;6577
6577;3172
3172;3233
3172;15754
3233;4581
15754;8555
8555;4318
4318;13632
4318;9270
9270;3459
3459;14964
13205;16195
16195;9027
9027;12830
10587;8409
8409;22872
22872;1869
1869;5789
5789;14124
14124;17354
17354;5194
17354;14345
5194;22814
14345;9718
22814;11864
9718;12405
12405;7004
7004;5477
5477;5593
5593;16489
16489;21916
21916;5417
5417;11414
11414;2107
2107;15493
15493;11098
11098;7581
7581;13283
13283;24258
24258;9382
9382;17883
17883;12407
12407;13787
13787;6194
6194;23241
23331;24221
24221;19162
19162;19225
19225;10537
10537;24179
24179;21799
21799;10037
10037;9845
9845;16213
16213;10855
10855;1967
1967;6602
6602;15545
15545;13813
13813;5899
5899;19682
19682;10224
10224;374
374;13047
13047;11439
11439;14178
14178;8131
8131;2552
2552;7846
7846;2854
2854;7453
7453;2983
7453;500
2983;1760
500;18027
1760;6182
1760;8216
6182;13713
18027;19937
19937;2187
2187;15570
15570;4860
4860;13823
13823;7254
7254;2307
6472;15954
15954;7437
7437;20895
20895;1311
1311;6121
6121;15770
15770;19672
19672;10991
10991;11671
9608;6632
6632;2366
2366;15764
15764;21053
9553;5161
5161;10407
10407;5592
5592;11786
11786;48
11786;17060
48;485
17060;6843
2012;19249
19249;20560
20560;154
154;15518
15518;680
15518;3268
680;4881
3268;12886
4881;6301
4881;23512
6301;603
603;300
300;23071
23071;17700
17700;7679
7679;8073
8073;18762
18762;4225
12886;13873
13873;336
336;18714
15475;12783
17107;21861
21861;1950
15343;4833
1467;13463
13463;13379
13379;2412
2412;17317
17317;2250
2192;22679
22679;4969
4969;11381
21993;8429
8429;2979
2979;5463
5463;9145
9145;16380
16380;4935
4935;6500
6500;17281
17281;18827
18827;8316
5567;16768
16768;7930
7930;21549
21549;16476
16476;11324
11324;2415
2415;16446
16446;4277
4277;22096
22096;22588
22096;15377
22588;9997
15377;9520
15377;14866
9997;13725
13725;11923
14866;22685
1488;11057
11057;6271
6271;11368
11368;9930
9930;6585
6585;12546
12546;18710
12546;1790
18710;8229
18710;11531
18710;12532
8229;13053
12532;15737
15737;6171
6171;13263
13263;9797
9893;13682
13682;3043
3043;11212
11212;15218
15218;11847
15218;10143
11847;13245
13245;691
691;9805
9805;13201
9805;1532
13201;11002
2098;7802
7802;8204
8204;2243
2243;16713
2243;2142
2142;14409
14409;8642
8642;12648
12648;13952
13952;22404
22404;15414
15414;182
182;6762
6762;23024
23024;18921
18921;8973
8973;22551
22551;5415
5415;15845
15845;21104
21104;11662
11662;12216
12216;201
201;19313
19313;11029
11029;9160
9160;12932
12932;8117
8117;1119
1119;12162
12162;2072
2072;176
176;19714
19714;7412
7412;11539
11539;22030
11539;3250
22030;18533
22030;13173
3250;24060
18533;19760
13173;461
19760;23935
23935;12391
12391;7606
7606;5808
5808;6359
6359;5202
5202;17681
17681;966
966;9972
9972;15417
15417;21895
21895;5730
5730;12496
12496;16358
16358;21498
21498;19269
19269;7765
7765;16160
16160;12817
12817;19825
19825;5335
5335;11756
11756;18864
18864;16268
16268;2247
2247;16208
2247;21933
461;18415
18415;6838
6838;11977
11977;17884
24060;1109
1109;18109
18109;9593
9593;6126
6126;20347
20347;7975
7975;23579
23579;19848
19848;2859
2859;3563
3563;10686
10686;1544
1544;16848
16848;12946
12946;11860
11860;7535
7535;13301
13301;22402
22402;17043
17043;15296
15296;19907
19907;2456
17550;18201
18201;23786
23786;112
112;1548
19547;24231
24231;5458
5458;16367
16367;19292
19292;3183
3183;15546
15546;10882
10882;6853
6853;10070
10070;1126
1126;3045
3045;5046
5046;23089
23089;20716
20716;312
312;8551
8551;16769
16769;23094
23094;12851
12851;4652
12851;17186
4652;3115
17186;18592
18592;17678
17678;21475
2427;6438
6438;17959
17959;10044
10044;7926
7926;4026
23248;22418
6789;5448
6789;7848
6789;10650
6789;21527
6789;218
6789;6041
22418;100
100;1936
1936;10310
6041;3515
6041;4423
6041;23549
6041;12009
12009;3785
12009;24167
12009;19202
12009;8828
8828;17988
8828;4552
8828;1393
8828;16279
8828;7179
8828;23666
8828;23310
23310;13884
23310;23663
23310;814
23310;1254
23310;5757
23310;11683
23310;10361
23310;17919
23310;2327
23310;8168
8168;2387
8168;14669
8168;23657
8168;16072
8168;3968
8168;5339
8168;15202
8168;19814
8168;3542
8168;12785
8168;13446
8168;3849
9152;13516
13516;22028
22028;9178
9178;38
38;6169
6169;14589
14589;16212
16212;20535
16212;18841
4126;16640
16640;21447
21447;17944
17944;11501
11501;13352
13352;20776
20776;10528
10528;11198
11198;17292
17292;16873
16873;13854
13854;2143
2143;882
882;10194
10194;13867
13867;10926
10926;22432
22432;11961
11961;21246
21246;19866
19866;18370
1988;16240
1988;14244
16240;9448
14244;9377
9448;12269
12269;2350
12269;18277
9377;22972
5797;8714
8714;19009
8714;16917
11585;14711
20830;11968
11968;6044
11968;9788
6044;22361
9788;6874
22361;3522
3522;8956
8956;16343
16343;6295
6295;6251
6251;17734
17734;16002
16002;10639
10639;16949
16949;18218
18218;6990
6990;21824
21824;2141
2141;23469
23469;9509
9509;22843
22843;2500
2500;18577
6874;21107
21107;7091
7091;22185
22185;5681
20897;14128
14128;5809
5809;12638
3708;23219
23219;20303
20303;22165
22165;4463
22165;12581
12581;2998
2998;22707
22707;21287
21287;14762
14762;10097
10097;16248
10097;7612
16248;3980
16248;23168
7612;15275
7612;22729
3980;18601
23168;22355
18601;6535
18601;23539
23539;8291
8291;17301
22729;9396
22355;20605
20605;20259
13197;22607
13197;1587
22607;11878
22607;8251
1587;888
8251;6571
8251;23736
8251;15560
6571;22212
15560;1270
15560;113
15560;22486
22212;19779
19779;19850
19779;20032
20032;8112
888;16270
16270;17251
17251;22027
22027;9182
9182;6713
6713;1372
1372;12604
12604;8766
8766;11388
8766;19611
19611;10947
1270;6664
113;65
113;17834
22486;10844
6664;15840
15840;811
811;11371
11371;12593
11371;15763
11371;17718
11371;2572
11371;9719
11371;10419
12593;5571
15763;24119
17718;20701
2572;1381
2572;17387
9719;8786
10419;14636
20701;3932
20701;11719
20701;4763
11719;6802
4763;21391
6802;18068
18068;5855
1381;8447
17387;20280
8447;15223
8447;15270
20280;1162
65;13576
17834;20083
20083;24046
24046;23040
10844;7209
7209;10946
10946;1901
10946;17551
10946;9056
17551;3058
9056;11668
3058;4892
11668;474
474;16250
8786;8477
8477;8675
8675;15550
15550;1973
1973;15506
15506;996
15506;11826
996;8337
996;7322
11826;3088
8337;12077
7322;23969
3088;7430
7430;1713
1713;18471
18471;9443
14636;8799
8799;20519
20519;10411
10411;23588
23588;20899
20899;466
466;12204
10947;8209
8209;10521
8209;14443
10521;19008
14443;7323
19008;1619
1619;13039
1619;4234
4234;17546
17546;16734
16734;6237
16734;19211
7323;15216
5635;23386
23386;18236
18236;2731
2731;16901
915;10347
10347;17242
17242;10369
9730;4395
4395;18831
18831;11055
945;18303
18303;16088
18303;2029
18147;7697
6116;13832
19179;3516
3516;7136
7136;20773
20773;20283
20283;1361
20283;18748
1361;11117
18748;4219
11117;14706
14706;14350
14350;17562
17562;8542
8542;13920
13920;11233
11233;17757
17757;14225
4219;7331
7331;12045
12045;21853
21853;1612
1612;8865
8865;23795
8865;4483
4483;21
14258;4837
4837;2569
4287;17478
17478;15159
15159;2304
7189;12527
12527;16176
16176;21414
16176;21191
21191;8743
8743;18969
18969;16540
18969;2371
16540;16834
2371;5531
16834;6142
5531;10731
10731;16244
16244;10755
10755;14063
11066;8483
8483;17913
17913;11810
17913;906
11810;24266
24266;8257
8257;3853
3853;18899
21381;1339
1339;10916
1339;6532
6532;17102
17102;20616
20616;16975
16975;15203
15203;14581
14581;7940
7940;2902
2902;12382
2902;887
16857;17016
17016;2566
2566;6552
6552;7444
7444;17267
17267;8928
8928;1732
1732;22023
22023;22085
22085;9072
9072;16311
16311;8137
8137;4716
4716;4849
4849;12258
12258;9905
9905;19936
19936;2698
2698;3592
3592;23934
23934;2823
2823;8532
8532;21278
21278;23806
23806;7279
7279;21500
21500;17661
17661;13400
17661;17725
17661;23223
17661;19927
17725;1322
17725;783
23223;1928
19927;19579
783;14038
14038;352
352;17071
19548;8513
13548;16831
16831;3437
3437;14475
14475;22586
22586;18291
18291;14363
14363;10247
10247;14316
14316;6846
6846;153
153;22289
22289;13970
13970;13097
10479;11349
11349;23082
23082;24094
24094;11155
11155;12736
12736;19485
19485;22063
22063;19080
19080;21883
21883;17835
17835;24042
24042;9935
9935;6200
9935;3296
1928;10462
10462;8556
10462;11524
8556;747
11524;7942
747;5420
5420;14520
14520;21356
21356;21708
21708;22684
22684;21430
21430;5951
5951;5408
7942;13192
13192;14908
14908;15304
15304;16383
16383;6221
6221;1579
1579;6499
6499;3579
3579;11811
11811;20477
19579;6879
6879;18866
18866;3860
3860;14906
14906;20218
20218;17941
17941;23791
23791;10255
10255;1716
1716;18456
18456;14009
14009;5431
5431;12477
12477;24159
24159;23447
23447;23560
23560;17272
17272;10572
3748;8794
8794;15087
15087;16315
16315;13249
13249;20205
13249;14422
20205;8377
14422;18308
8377;3557
3557;12248
12248;17498
17498;23681
18308;6823
14652;2999
2999;6896
6896;6420
6420;12133
12133;4952
4952;5097
5097;20
20;8255
8255;11947
11947;7408
7408;14691
14691;14216
14216;17949
17949;2575
2575;18213
18213;12658
12658;5815
5815;17577
17577;2658
2658;9855
9855;15454
15454;13440
13440;14635
14635;15594
15594;4432
4432;22238
22238;13802
13802;5689
5689;16582
16582;15688
15688;21133
21133;13629
13629;15494
15494;15122
15122;4185
4185;7730
7730;16655
16655;5845
22000;3375
3375;22052
22052;17027
17027;16858
16858;11515
11515;11597
11597;14180
14180;1196
1196;7674
7674;1131
1131;18836
18836;7382
7382;16753
16753;6732
6732;9848
9848;21884
21884;14534
14534;13886
13886;7397
7397;10541
7397;11335
7397;12318
12318;21623
21623;5977
5977;6851
6851;16592
16592;18796
18796;340
16524;5291
5291;13312
5291;24
13312;19712
24;16007
16007;7107
7107;17119
17119;9956
9956;21872
21872;16146
16146;6467
6467;5276
5276;5865
5865;23286
23286;3820
23286;2772
2772;20389
2772;5998
5998;10893
12721;7496
7496;17634
17634;1524
1524;21852
21852;22382
22382;589
22382;4470
589;9759
4470;6596
9759;24117
24117;9400
9400;5102
5102;8537
6596;17890
17890;522
522;17824
3221;4535
4535;9607
9607;8148
8148;20337
20337;16403
16403;22471
22471;20056
20056;8462
8462;482
482;1930
1930;18893
18893;11771
11771;4761
23264;9
9;7769
7769;5616
5616;2973
2973;15388
15388;14104
14104;17539
17539;4377
4377;2113
2113;23187
23187;16377
19254;2955
2955;6003
6003;8541
8541;24088
24088;9570
9570;2147
9570;20592
20592;22132
22132;10193
15433;16435
16435;317
317;21749
21749;6619
6619;19218
19218;17635
19218;10052
3270;11609
11609;8791
8791;420
420;1161
1161;2928
2928;12469
12469;359
359;19865
19865;12952
12952;1058
1058;16392
18935;16033
16033;21286
21286;12598
12598;19227
12598;12824
19227;7586
12824;1770
1770;2638
2638;6357
6357;11452
11452;20669
20669;20418
1105;22213
1105;1814
22213;3856
1814;13621
3856;11500
11500;6946
6946;4257
6946;19780
6946;18064
19780;14113
19780;20429
18064;20896
20429;16608
16608;17001
20896;13392
13392;19076
13392;6167
6167;19484
19484;5841
5841;20923
20923;24156
24156;4931
4931;14745
14745;997
997;2626
2626;18871
2626;913
913;3868
3868;22247
22247;13606
13606;819
819;10644
10644;10074
10074;11378
11378;22631
11378;221
11378;12567
12567;22875
22875;5008
5008;17414
17414;18441
17414;16807
16807;13669
13669;7834
13669;17269
17269;23228
23228;22702
22702;7734
7734;18606
18606;19700
19700;9077
9077;5554
5554;24254
24254;20298
13621;8997
8997;11251
11251;13029
13029;8093
13029;12811
12811;13912
15049;1620
1620;8899
8899;8834
8834;11161
11161;4812
4812;17203
2810;12629
10209;5711
5711;16796
16796;11078
11078;14184
14184;3997
3997;22946
22946;13799
13799;7692
7692;11982
11982;2089
2089;9736
9736;1302
1302;11189
11189;20850
20850;4531
4531;9895
9895;19172
9895;16081
19172;15925
16081;10320
15925;792
792;17492
17492;16433
16433;9308
9308;24003
24003;20690
20690;803
803;7912
7912;16786
16786;6519
10320;11682
11682;8091
8091;2312
17418;3767
3767;15352
15352;4267
4267;5344
5344;11327
11327;20145
20145;21997
21997;23333
23333;18549
18549;5086
5086;6138
6138;7792
7792;9796
9796;2347
2347;23532
23532;20189
20189;21655
21655;3507
3507;12089
12089;14381
14381;12394
12394;18214
17406;21165
21165;23954
23954;9592
9592;23817
23817;12042
12042;18143
18143;9173
9173;7947
7947;12369
12369;10117
10117;1528
1528;23287
23287;18500
18500;10599
10599;7894
7894;12891
12891;16166
16166;11009
11009;3477
3477;3423
3423;15531
15531;19451
19451;21257
21257;1099
1099;14169
14169;5968
22603;6522
6522;22727
22727;11616
22750;5111
5111;12607
12607;1621
1621;2749
2749;256
256;7261
7261;11208
11208;22839
22839;22851
22851;18368
18368;2706
2706;18443
18443;23308
23308;1398
23308;5481
1398;12259
5481;12028
12259;17240
12259;8212
17240;8787
8212;9565
8787;17856
9565;17104
3299;8082
8082;10945
10945;11479
11479;22816
22816;4592
1976;15851
15851;18360
18360;21088
21088;21345
21345;19188
19188;134
134;19329
19329;11384
11384;10664
10664;18271
18271;17966
17966;15217
15217;17416
17416;22332
22332;10375
10375;19542
19542;3102
3102;21138
21138;22015
22015;1977
1977;15702
15702;1839
1839;7036
7036;12049
12049;23584
12028;417
417;14251
14251;5843
5843;1121
1121;1475
1475;2869
2869;16603
2869;5521
16603;11901
11901;1330
19062;12991
12991;17644
17644;18623
14583;16802
16802;23920
23920;22375
22375;5876
10653;6692
6692;14398
14398;20995
20995;518
518;14049
14049;17601
17601;23915
23915;4433
4433;20713
20713;351
351;12530
12530;6723
6723;21552
21552;4639
4639;4591
4591;16613
16613;2461
2461;7888
7888;21557
21557;15341
15341;16059
16059;13573
16059;17356
13165;11925
11925;19497
11925;14402
19497;19090
14402;8431
8431;22723
22723;3761
3761;7911
7911;17185
17185;19885
17185;8412
19885;7361
8412;8578
7361;8012
8012;13847
8578;19665
19665;16260
16260;22070
22070;22071
22071;3940
3940;8841
8841;10846
10846;5019
5019;21193
21193;15718
15718;23046
23046;3258
3258;7603
7603;8833
8833;10230
10230;16971
16971;18772
23029;14557
14557;18743
18743;18810
18810;15363
15363;865
865;20601
20601;9357
9357;1831
1831;18975
1831;15538
18975;3225
15538;1968
3225;17939
17939;23258
23258;17268
17268;14277
14277;2499
2499;12491
12491;10292
10292;23770
23770;1280
1280;19711
19711;10309
10309;3949
3949;4206
4206;14437
14437;8511
8511;17003
17003;22016
22016;718
718;18082
18082;12543
12543;22923
22923;22559
22559;3148
3148;4173
4173;3194
3194;20652
20652;6288
6288;1348
1348;21304
21304;5532
5532;11172
11172;2994
2994;15207
15207;7351
7351;528
528;14500
14500;21299
21299;10401
10401;22250
22250;20253
20253;10437
10437;16096
16096;14842
14338;19267
19267;23130
23130;7520
7520;16611
7520;6913
16611;6786
6786;22751
22751;4222
4222;17953
17953;9919
9919;18455
18455;20048
18455;11261
20048;17191
20048;17300
11261;14796
17191;3650
3650;18255
18255;2906
18255;2378
2906;18752
24183;4415
4415;3357
3357;7378
3357;16417
7378;8008
7378;3067
16417;3199
3067;6293
3199;17818
17818;10611
10611;9619
14796;1235
1235;22516
1235;16190
16190;1812
1812;7920
1968;18783
18783;8677
8677;19998
19998;9591
9591;19480
19480;567
567;12498
12498;15799
15799;23993
23993;8407
8407;2150
2150;21306
21306;14194
14194;22491
22491;6393
12764;15479
15479;13458
13458;1303
1303;15663
15663;6098
6098;12122
6098;8230
12122;17230
8230;4718
17230;3085
4718;23335
23335;9822
9822;6645
9822;20103
9822;24172
9822;5224
20103;7023
24172;9279
5224;14377
7023;3587
3587;16741
14377;1692
1692;18357
18357;7816
7816;8048
8048;15679
8048;929
15679;2094
929;23899
2094;14022
2094;12352
14022;20525
12352;18738
23899;2379
2379;7797
7797;7143
7143;13387
13387;7777
7777;12408
12408;9873
4919;1257
1257;23918
23918;11192
23918;23719
11192;16531
16531;16914
16914;6559
16914;2367
6559;1294
1294;17969
1294;10645
17969;1060
10645;14999
1060;4897
4897;13278
13278;5738
5738;8357
8357;10275
10275;4650
4650;11787
4650;14268
11787;2408
14268;9478
2408;12859
12859;19891
19891;23856
23856;17581
17581;9652
9652;16601
16601;24052
24052;17629
17629;10281
10281;14749
14749;4405
4405;15403
15403;11084
11084;9194
9194;8504
8504;21175
21175;13094
13094;1174
13094;19702
1174;7839
19702;3095
19702;2476
7839;10834
10834;3983
3983;10735
10735;7652
7652;21842
21842;1636
21842;22610
1636;14524
1636;17222
1636;2432
14524;2033
14524;8965
14524;8140
2432;7877
2033;8695
8695;18292
18292;14835
14835;15449
15449;3489
3489;15752
15752;16335
16335;5195
5195;13803
13803;15285
15285;13164
13164;12092
13164;20663
13164;22926
12092;10506
20663;5296
22926;8035
10506;10135
10135;9498
10135;3590
9498;18664
3590;10423
18664;21989
21989;15101
15101;3226
15101;19893
3226;6580
19893;935
6580;11687
11687;15963
15963;18828
18828;1469
1469;16589
16589;11685
11685;21418
2476;15517
15517;13924
15517;10428
13924;8932
10428;6568
10428;5197
5197;16023
16023;9543
10423;8868
8868;20306
20306;22724
22724;5609
5609;1592
1592;10667
10667;9514
9514;4840
4840;21156
21156;16028
16028;11567
11567;3238
3238;10660
10660;5217
5217;23788
23788;23384
23384;10674
10674;10659
10659;17554
17554;1104
1104;21970
21970;17507
17507;8176
8176;15504
935;1893
1893;7112
7112;21013
21013;3212
3212;2730
2730;4594
2730;1956
7877;3417
3417;21035
21035;3756
3756;20084
20084;3327
3327;6322
5296;4121
4121;20302
20302;10140
10140;16610
16610;13045
16610;11221
8035;12353
12353;19084
19084;6131
4685;15192
15192;2852
15192;950
2852;23746
950;20401
20401;21048
21048;12309
12309;17452
17452;14511
14511;8682
8682;17112
17112;1745
1745;4066
4066;4063
4063;8000
8000;17747
17747;9782
9782;2754
2754;3227
3227;7570
7570;19849
19849;1668
19849;5873
5873;12085
12085;11050
11050;23380
23380;1876
1876;9838
9838;14572
9838;11442
9838;5683
11442;14741
5683;20157
20157;7111
7111;24196
24196;19691
19691;12303
12303;11679
11679;7504
7504;24154
24154;19597
24154;15074
15074;10666
10666;19278
10666;21998
19278;6312
19278;150
21998;9735
150;22725
22725;890
890;7738
7738;2732
2732;13366
9735;272
272;2241
2241;5034
5034;6128
6128;15742
15742;14881
14881;23813
23813;22426
22426;9472
9472;9758
9758;2768
2768;23752
23752;15806
15806;11988
11988;2652
2652;20050
20050;6459
14287;15725
15725;20553
20553;15435
15435;4033
24056;3609
3609;3547
3547;7892
7892;6706
6706;16752
16752;15590
16752;18134
15590;14456
18134;7519
14456;1411
7519;5782
5782;602
602;22131
22131;5602
5602;12168
12168;23783
23783;859
859;16897
16897;15309
16897;3107
3107;11012
17974;2428
17497;8408
8408;14033
8408;18903
18903;17047
18903;10568
18903;23888
18903;20604
18903;4345
18903;5258
18903;11316
18903;6370
18903;9904
18903;5821
18903;20505
18903;24089
18903;17487
10568;12374
17487;6839
17487;13715
17487;1231
17487;10543
17487;7751
12374;18225
7751;9751
7751;2739
7751;6613
7751;16242
16242;16556
16242;16495
16242;17885
16242;12116
12116;1043
12116;4848
12116;1778
12116;18203
18203;21332
18203;20282
18203;13189
18203;20042
18203;22459
22459;19170
22459;7214
22459;13614
22459;14198
22459;10827
10827;11758
10827;21100
10827;20797
10827;13706
14518;9542
14518;21742
14518;8733
14518;5527
14518;22011
14518;21212
14518;9244
14518;1299
1299;11005
1299;17190
1299;10453
1299;8704
1299;11613
1299;14945
1299;2771
1299;2866
1299;12252
12252;5396
12252;13770
12252;10155
12252;3567
12252;13264
12252;16791
12252;14469
12252;11365
12252;23301
23301;7312
23301;12853
23301;8138
23301;17219
23301;21831
23301;668
23301;13973
23301;9816
23301;4043
4043;6382
4043;23908
4043;6807
4043;2480
4043;15356
4043;2361
4043;5549
4043;2421
4043;24152
24152;13250
24152;10030
24152;22595
24152;6529
24152;11224
24152;15234
15234;20751
15234;17693
15234;19585
15234;10987
15234;2393
15234;21305
15234;15205
15205;7291
15205;14601
15205;12055
15205;3057
15205;13381
15205;12719
15205;6914
15205;692
692;15768
692;16019
692;12345
692;1331
692;17159
17159;15568
17159;16872
17159;9287
17159;9131
17159;11843
17159;21598
17159;4178
17159;3667
17159;18816
18816;18375
18816;1068
18816;23123
18816;19771
19771;18605
19771;10702
19771;18944
19771;8167
19771;7425
19771;9840
19771;14395
19771;4809
19771;13753
19771;20381
19771;5096
19771;20097
19771;8687
19771;15000
15000;18802
15000;20134
15000;3488
15000;18628
15000;15263
15000;5762
15000;17036
15000;22280
22280;13772
22280;6628
22280;20992
22280;15166
22280;17506
22280;18995
22280;20586
20586;18769
20586;484
20586;12112
20586;2744
20586;18483
18483;2670
18483;23675
18483;16397
18483;22049
18483;7803
18483;22511
18483;17984
18483;1736
18483;764
18483;3396
22511;20267
22511;20985
22511;12562
22511;20377
22511;1093
22511;14580
22511;21260
22511;21521
3396;22242
3396;9168
3396;24074
3396;21559
21559;17868
21559;5678
21559;10763
21559;19442
21559;7601
21559;15458
21559;13289
21559;20493
21559;572
21559;7822
21559;18551
21559;1325
21559;12940
21559;9293
9293;23357
9293;13869
9293;7390
9293;17386
9293;23803
9293;12016
9293;1687
1687;23162
1687;23619
1687;2355
1687;7587
7587;17034
7587;22384
7587;8811
7587;5869
7587;4917
7587;11789
11789;14264
11789;19784
11789;4601
11789;9899
11789;21939
11789;15699
11789;21525
11789;12140
12140;18417
12140;14491
12140;3601
12140;8052
12140;21275
12140;11742
12140;4422
12140;13849
12140;14748
12140;10123
12140;1963
12140;23808
23808;16860
23808;22045
23808;23735
23808;11218
23808;1423
23808;2342
23808;23545
23808;19654
23808;23991
23808;15761
15761;9500
15761;10956
15761;8510
15761;1392
1392;7026
1392;1352
1392;13538
1392;833
833;22697
833;3881
833;21754
833;14248
833;12043
833;21567
833;9778
833;10783
10783;6680
10783;13495
10783;8280
10783;22721
10783;53
10783;5014
5014;5302
5014;13741
5014;20503
5014;8666
5014;1864
5014;16956
5014;23221
5014;10833
5014;1230
1230;8547
1230;8949
1230;14195
1230;10621
1230;4868
1230;15093
15093;16411
15093;18582
15093;24092
15093;12955
20870;7474
7474;8171
8171;7509
7509;49
49;23127
3399;1957
3399;21868
3399;8713
3399;5639
3399;23644
3399;20837
20837;14946
20837;4746
20837;19696
20837;14543
20837;1448
1448;3283
1448;4610
1448;2560
1448;22577
1448;13058
1448;18198
1448;10565
1448;13443
13443;3015
13443;20458
13443;6081
13443;17881
17881;22256
17881;13136
17881;12766
17881;11403
17881;3254
17881;17621
17881;12251
17881;9639
9639;22272
9639;20093
9639;13335
9639;12444
9639;19466
9639;5041
9639;24209
24209;16285
24209;23466
24209;16683
24209;12656
24209;12480
24209;2521
24209;2900
24209;11064
11064;6581
11064;9165
11064;3091
11064;10647
10647;15564
10647;5934
10647;11981
10647;4904
4904;1725
4904;1044
4904;16429
4904;23141
23141;3303
23141;14718
23141;4281
23141;2940
2940;21039
2940;3016
2940;12542
2940;21889
2940;23940
23940;13881
23940;22113
23940;6530
23940;10399
23940;9911
23940;14953
23940;21523
23940;4416
4416;19437
4416;8596
4416;13401
4416;8616
8616;4733
8616;5375
8616;20618
8616;1370
8616;15959
15959;17713
15959;12515
15959;13505
15959;16342
16342;12730
16342;12549
16342;14267
16342;19668
16342;5718
16342;20931
16342;17664
17664;9082
17664;22976
17664;2291
17664;17726
17664;20226
17664;13296
17664;2716
17664;17716
17664;6955
6955;17430
6955;2726
6955;8254
6955;9124
6955;17991
6955;18776
6955;6306
6955;5087
5087;23989
5087;8994
5087;8265
5087;13380
5087;23017
5087;4895
5087;7699
7699;21864
7699;14027
7699;7718
7699;5317
7699;10073
7699;20957
7699;623
623;13349
623;18729
623;15214
623;15447
623;7155
623;7625
623;18497
623;16552
16552;16782
16552;6794
16552;1992
16552;14740
16552;21597
16552;20968
16552;3908
16552;11085
16552;634
16552;2778
2778;21293
2778;7891
2778;17548
17548;13420
17548;15510
17548;7946
17548;12992
17548;16058
17548;364
7070;2226
7070;4567
7070;3788
7070;5246
7070;20808
7070;9059
7070;5279
7070;7696
7696;2664
7696;5713
7696;1709
7696;1223
7696;4224
7696;14209
7696;22251
7696;3671
7696;9483
9483;14206
9483;21188
9483;10378
9483;13408
9483;3140
9483;21513
9483;5105
9483;16864
9483;6395
6395;20405
6395;6331
6395;7875
6395;12710
6395;1742
6395;15795
6395;5244
6395;16294
6395;265
6395;1978
6395;21921
21921;2939
21921;162
21921;5910
21921;3628
21921;14918
21921;21893
21921;18874
21921;17187
21921;19340
21921;14485
14485;16765
14485;14708
14485;18385
14485;7406
14485;12599
14485;10821
14485;22633
14485;23195
14485;15210
14485;15558
14485;13062
14485;15955
14485;23039
14485;12944
14485;20007
20007;1368
20007;13928
20007;20179
20007;11175
20007;3211
20007;5257
20007;21662
20007;12718
20007;21765
21765;21347
21765;20650
21765;430
21765;21941
21765;16218
21765;15680
21765;19553
21765;1070
21765;14053
21765;18669
21765;23479
23479;14941
23479;19552
23479;1683
23479;998
23479;20150
23479;22735
23479;11844
23479;24220
24220;14076
24220;9215
24220;19653
24220;1917
24220;6779
24220;16779
24220;23829
24220;11389
24220;7700
24220;21079
24220;1958
1958;15110
1958;7967
1958;14300
1958;17214
1958;23848
1958;4983
1958;11162
1958;18717
1958;6277
1958;3059
1958;18907
1958;4872
1958;23523
1958;15972
15972;2321
15972;4720
15972;20534
15972;17655
15972;16459
15972;3642
15972;21964
15972;19005
15972;18817
18817;5924
18817;2255
18817;19488
18817;19482
18817;13304
18817;18758
18817;19130
18817;17002
18817;2458
17002;23680
17002;1340
17002;11739
17002;3582
17002;24063
17002;11516
17002;3410
17002;17067
17002;20977
17002;284
17002;18928
17002;10507
2458;6327
2458;20721
2458;2761
2458;8838
2458;17636
2458;15318
2458;20079
2458;17133
2458;14671
2458;12442
2458;17108
2458;11332
10507;17522
10507;10831
10507;3770
10507;11889
10507;10884
10507;14853
10507;16924
10507;3947
10507;10405
10507;10808
10507;15990
11332;5658
11332;8036
11332;4633
11332;9892
11332;9958
11332;16025
11332;23227
11332;211
11332;5006
11332;7813
11332;5889
5889;23877
5889;19003
5889;22994
5889;1980
5889;6170
5889;19640
5889;15339
5889;23042
5889;20930
5889;20512
6541;260
260;20887
20887;11711
11711;18555
18555;5627
5627;23320
23320;2067
2067;16273
16273;23984
16273;8988
23984;7243
7243;20933
20933;15931
15931;6202
6202;21962
21962;2548
2548;23399
23399;8860
8860;6294
6294;12324
12324;21975
21975;4767
4767;24225
24225;467
467;21412
21412;3026
3026;6678
6678;8544
8544;15429
15429;2688
2688;13091
13091;1546
1546;12367
12367;10966
10966;22629
24260;20269
20269;2417
2417;20536
20536;5234
5234;293
293;5030
5030;8348
8348;891
891;17907
17907;7000
7000;2308
7000;11213
2308;13845
11213;19758
13845;11918
11918;9864
9864;2589
19758;18566
18566;20688
20364;2710
2028;16371
5546;2353
5546;15262
2579;12942
12942;11540
11540;8457
8457;2600
2600;12963
12963;5013
5013;3528
18934;2516
2516;14414
14414;22243
22243;11077
22243;24150
11077;20844
11077;2863
20844;372
2863;11230
2863;17736
372;12350
12350;8945
8945;18339
18339;17628
17628;16896
17736;2391
2391;6482
6482;22658
22658;4803
4753;22431
6019;13256
13256;14284
14284;15160
15160;6865
15160;19646
15160;19145
19145;8303
8303;4727
4727;11174
11174;17640
17640;14819
17640;687
14819;8234
687;14774
14774;20328
14774;4755
20328;478
4755;5242
478;10823
10823;1840
1840;10157
1840;20841
10157;13591
20841;15938
15938;8275
15938;23145
5242;16778
16778;19703
19703;17040
19703;8495
46;22211
22211;19834
22211;13905
13905;16915
16915;9793
9793;19697
19697;19382
19382;22091
22091;9836
9836;3526
3526;8423
8423;10344
8599;20425
8599;20438
8599;22882
8599;10013
8599;6191
8599;8685
8599;22860
8599;23090
8599;16439
16439;13564
16439;17022
16439;22316
16439;2368
16439;576
576;13177
576;13242
576;19846
576;10257
576;4454
4454;4975
4454;14327
4454;20772
4454;7156
7156;20922
7156;22936
7156;13063
7156;15149
7156;5649
5649;11039
5649;20167
5649;24164
5649;11652
11652;12395
11652;20277
11652;22819
11652;19511
19511;15442
19511;23250
19511;9529
19511;1267
19511;3716
19511;11690
19511;15470
15470;20613
15470;19403
15470;709
15470;17122
15470;9800
15470;8576
15470;6717
15470;23854
15470;601
15470;5944
15470;14512
15470;713
15470;18840
15470;13524
15470;6768
15470;2554
15470;10065
15470;5938
5938;9186
5938;3771
5938;3816
5938;12343
12343;9655
12343;10626
12343;15446
12343;12150
12343;12523
12343;2872
2872;1167
2872;6001
2872;1599
2872;17014
2872;18908
2872;14805
2872;14488
2872;1024
1024;14662
1024;6180
1024;10787
1024;10260
1024;5559
1024;381
1024;21880
1024;5662
5662;8989
5662;21372
5662;8935
5662;16512
5662;16051
5662;18554
5662;2332
5662;20934
20934;8491
20934;20725
20934;9574
20934;8264
20934;7415
20934;4157
4157;20502
4157;22739
4157;20910
4157;11610
4157;10898
4157;20305
4157;8606
4157;1360
4157;2082
4157;8188
4157;13961
4157;19764
4157;9973
4157;17648
4157;20090
4157;21330
4157;6088
4157;11989
2082;11785
2082;14913
2082;1944
2082;21314
2082;7215
2082;12780
2082;15340
9973;14678
9973;13125
9973;16574
9973;12621
9973;19981
9973;21758
11989;2091
11989;4630
11989;12550
11989;20235
11989;1705
11989;15732
11989;4504
11989;1305
11989;18376
15340;21010
15340;15071
15340;11794
15340;3801
15340;15587
15340;2767
2767;5803
2767;16066
2767;18408
2767;22560
2767;12165
12165;1249
12165;22509
12165;24253
12165;14311
12165;16249
12165;7002
12165;8626
21758;1789
21758;23931
21758;7653
21758;9984
21758;1851
21758;20740
20740;10172
20740;13542
20740;17500
20740;15730
20740;22957
20740;15923
20740;1498
20740;9909
20740;2993
20740;6942
20740;5529
20740;4129
20740;21509
20740;17018
20740;14698
20740;9315
15923;14405
15923;5530
15923;3945
15923;20813
15923;2403
15923;13498
15923;6708
15923;2360
5529;24268
5529;12568
5529;2659
5529;5441
5529;10899
5529;9960
5529;9269
5529;16822
5529;12651
5529;3157
5529;23826
5529;379
5529;20362
5529;24162
5529;101
5529;18053
5529;1879
5529;3023
5529;2459
9315;10270
9315;3897
9315;7577
9315;21363
2360;18061
2360;18800
2360;8494
2360;10007
2360;10646
2360;10040
10040;8315
10040;7639
10040;11238
10040;1130
10040;19015
10040;8974
10040;3746
10040;20574
18376;23725
18376;18103
18376;8345
18376;23865
18376;15233
18376;19535
19535;24207
19535;516
19535;13229
19535;21833
19535;6325
6325;12340
6325;6225
6325;3289
6325;10963
10963;4730
10963;1605
10963;19443
10963;8765
10963;4060
10963;22259
10963;9449
9449;7228
9449;8394
9449;17399
9449;5113
9449;15607
9449;16104
16104;15112
16104;6566
16104;16077
16104;10022
16104;4979
4979;18344
4979;6729
4979;21044
4979;21733
4979;19255
4979;18466
4979;23210
23210;14775
23210;3512
23210;6
23210;16853
16853;19113
16853;8583
16853;11246
16853;24085
16853;7847
7847;22592
7847;10327
7847;556
7847;21837
7847;11582
11582;14763
11582;3245
11582;8593
11582;20864
11582;7831
7831;9392
7831;662
7831;16919
7831;14885
7831;20324
7831;24143
7831;18749
7831;7807
7831;4419
4419;14276
4419;8582
4419;19623
4419;20622
4419;17996
4419;24086
4419;8240
4419;7650
4419;12967
21363;5704
21363;2501
21363;20551
21363;16497
21363;5766
21363;21094
21094;23439
21094;20964
21094;16178
21094;10002
21094;9989
21094;14164
21094;699
21094;14539
21094;6386
6386;5879
6386;17908
6386;13678
6386;13384
6386;11400
6386;5404
6386;13650
6386;8392
6386;21024
6386;5754
6386;16644
5404;5543
5404;13166
5404;20390
5404;12834
5404;17887
5404;7871
16644;159
16644;10533
16644;337
16644;20219
16644;4949
12967;20558
12967;16047
12967;7704
12967;16339
12967;17844
17844;12801
17844;12415
17844;3811
17844;16833
17844;8662
8662;21811
8662;9343
8662;1154
8662;19500
8662;23135
23135;12071
23135;9733
23135;19690
23135;16504
16504;21944
16504;22692
16504;23334
16504;19634
16504;17552
17552;12738
17552;15624
17552;17567
17552;21673
17552;1820
17552;7817
7817;1406
7817;3317
7817;19918
7817;10439
10439;11956
10439;7059
10439;12646
10439;23403
10439;6160
10439;22340
10439;2210
2210;4850
2210;7114
2210;21540
2210;24079
2210;12773
12773;2181
12773;21712
12773;13246
12773;17987
12773;8197
8197;10499
8197;21649
8197;1784
8197;22454
22454;12186
22454;17817
22454;2817
22454;20033
22454;14784
22454;16139
16139;8286
16139;22618
16139;1278
16139;12347
16139;16636
16139;19880
19880;9998
19880;20507
19880;2495
19880;17779
19880;20423
19880;23362
19880;23095
19880;4392
19880;20735
19880;15854
19880;4686
19880;22055
19880;279
19880;21917
19880;4319
19880;3632
19880;13208
19880;9643
279;20278
279;4282
279;7793
279;11674
279;17284
279;5598
279;13701
9643;21139
9643;19146
9643;777
9643;4654
13701;2974
2974;4554
2974;6377
2974;3266
2974;6328
2974;459
459;6205
459;23630
459;12901
459;12426
12426;566
12426;4708
12426;8428
12426;3335
12426;19366
12426;20951
20951;14761
20951;12760
20951;16736
20951;18803
20951;3467
20951;23205
4654;19449
4654;5414
4654;20932
4654;19354
4654;13745
4654;20143
4654;19938
4654;6137
4654;1529
4654;6391
4654;20106
13745;5443
13745;10508
13745;20245
13745;1574
13745;14972
13745;12031
20106;6927
20106;21789
20106;3777
20106;16238
16238;20155
16238;23730
16238;24084
16238;19945
19945;19805
19945;1484
19945;6634
19945;2263
19945;10993
10993;18353
10993;16220
10993;5915
10993;18980
18980;13958
18980;19941
18980;7916
18980;20158
20158;10727
20158;15439
20158;14954
4949;8467
4949;11713
4949;17189
4949;9497
4949;2005
4949;3332
3332;16821
3332;4466
3332;9471
3332;19910
3332;7889
3332;13676
4201;21378
21378;2601
2601;2717
2717;23626
23626;22895
22895;10105
10105;5971
5971;3336
3336;15146
15146;21956
21956;20300
20300;4256
4256;18949
18949;11697
11697;12564
12564;18495
18495;9835
9835;1519
1519;15375
15375;4894
4894;17006
4894;23924
17006;8330
23924;3755
8330;22405
22405;16069
16069;18196
18196;8789
8789;23081
23081;20753
20753;20926
20753;6286
20926;3403
6286;6555
3403;24090
3403;20812
24090;9322
20812;6446
9322;22818
22818;11045
11045;12190
12190;21379
6446;12053
12053;7801
7801;5969
5969;19247
19247;12570
12570;23354
23354;7199
7199;9936
9936;22820
22820;15145
6555;17208
17208;12839
12839;1768
1768;15177
15177;9810
9810;15303
15303;14324
14324;15727
15727;17294
17294;6988
6988;8382
8382;19529
19529;10825
10825;7985
7985;10796
10796;9528
9528;2987
2987;5570
5570;23209
23209;10580
10580;6109
6109;10861
10861;1145
1145;13617
13617;6894
6894;8252
8252;1320
1320;23033
23033;23589
23589;18359
18359;9203
9203;4698
4698;8249
8249;10807
10807;23149
23149;1446
1446;11068
11068;3649
3649;20182
20182;13605
13605;20237
20237;14690
14690;18875
18875;4385
4385;13160
13160;2299
2299;7782
7782;4910
4910;21601
21601;21253
21253;15161
15161;8951
8951;21463
21463;13679
13679;3686
3686;23861
23861;12244
12244;5357
5357;18552
18552;23977
23977;11397
11397;20200
20200;8748
8748;22823
22823;15807
15807;911
911;14238
14238;15821
15821;9457
9457;16083
16083;6570
6570;17471
17471;4510
4510;5483
5483;6567
6567;18970
18970;5823
5823;21740
21740;16532
16532;12591
12591;14090
14090;4660
4660;18824
18824;3611
3611;4230
4230;3981
4230;3870
3981;17768
3870;8195
17768;11587
11587;7167
8195;22022
22022;22987
22987;4078
4078;12791
12791;20118
20118;9205
3509;10566
3509;21988
3509;16129
3509;14289
3509;10942
3509;20035
3509;23958
3509;16312
10566;14657
10566;16748
10566;16148
10566;10367
10566;3700
10566;745
10566;18261
10566;21954
14657;16346
14657;3127
14657;6964
14657;10315
14657;2546
14657;22244
14657;6043
14657;15499
14657;15465
14657;11760
16346;19504
16346;13777
16346;20647
16346;18237
16346;629
16346;9048
16346;13782
19504;16055
19504;16073
19504;20360
19504;23443
19504;645
19504;15039
19504;18609
19504;4317
19504;11527
19504;15848
19504;14883
19504;18587
16055;18638
16055;4273
16055;2609
16055;10137
16055;2674
16055;13633
13633;22390
13633;12208
13633;4678
13633;19629
13633;9180
13633;2864
13633;14025
13633;22784
22784;10290
22784;24202
22784;20762
22784;20881
22784;11279
22784;22598
22598;6470
22598;5914
22598;17011
22598;17039
22598;1706
1706;1676
1706;2230
1706;23895
1706;17367
1706;1256
1706;5767
1706;22119
1706;13226
13226;22139
13226;6908
13226;21443
13226;2923
13226;17938
13226;9578
13226;9963
13226;11228
11228;14092
11228;794
11228;15772
11228;8308
11228;12998
11228;18508
11228;12485
12485;15767
12485;5492
12485;20029
12485;9771
12485;13376
12485;22767
12485;9761
12485;24233
12485;9616
12485;16730
12485;7127
12485;14773
14773;4588
14773;4929
14773;21790
14773;12088
14773;10762
14773;3669
14773;18644
18644;9791
18644;9635
18644;8746
18644;11374
18644;7864
7864;10267
7864;1813
7864;15940
7864;21606
7864;6512
7864;22840
7864;4996
7864;7329
7864;17851
7864;17454
7864;11043
22840;15007
22840;22337
22840;23465
22840;20680
11043;17448
11043;17742
11043;1276
11043;4871
11043;7715
7715;18149
7715;10466
7715;2101
7715;12083
12083;11429
12083;3726
12083;20734
12083;20334
12083;21542
12083;5399
12083;4236
12083;9184
12083;8584
15332;5109
15332;9587
15332;17951
15332;21767
15332;21371
15332;4268
15332;21869
15332;16080
15332;10558
15332;1194
1194;1679
1194;1880
1194;9779
1194;3725
1194;11093
1194;122
1194;18950
1194;1908
1194;3847
3847;3931
3847;5065
3847;3055
3847;18319
5373;24247
5373;1891
5373;16405
5373;15081
5373;13601
13601;16976
13601;9831
13601;89
13601;5307
13601;12007
12007;8803
12007;799
12007;15175
12007;3231
12007;9567
12007;14757
16806;5911
16806;1939
16806;2395
16806;1712
1712;5356
1712;21028
1712;15201
1712;15909
15909;22394
15909;5238
15909;13065
15909;18177
15909;20128
20128;6850
20128;6244
20128;7327
20128;21739
21739;4298
21739;14188
21739;1333
21739;8721
21739;4013
21739;20775
20775;21436
20775;17083
20775;13714
20775;18639
20775;4167
4167;13175
4167;8870
4167;14947
4167;873
4167;18022
4167;10921
4167;21891
21891;20236
21891;11081
21891;22878
21891;17445
17445;8706
17445;21658
17445;4050
17445;6543
6543;7795
6543;12439
6543;16715
16715;5892
16715;20291
16715;10527
16715;8031
16715;1965
1965;19377
1965;22111
1965;21020
1965;16022
1965;3533
1965;14261
14261;12010
14261;1533
14261;22955
14261;12809
14261;12970
14261;8954
14261;18118
14261;12199
14261;6995
14261;15062
15062;14692
15062;6549
15062;21189
15062;18626
15062;22555
15062;22414
15062;20644
20644;9374
20644;22307
20644;21383
20644;8522
20644;18120
20644;18649
18319;3344
18319;19963
18319;17935
18319;22968
18319;22324
18319;4105
18319;6776
6776;21845
6776;8825
6776;3571
6776;22653
6776;15914
6776;5010
5010;3529
5010;9702
5010;16721
5010;1755
5010;7937
5010;5028
5028;21558
5028;17318
5028;15729
5028;12774
5028;13949
5028;14358
5028;20358
5028;20469
5028;8205
5028;12579
6792;1010
6792;3389
6792;8142
6792;6050
6792;9119
6792;8700
8700;12580
8700;8568
8700;11266
8700;11684
8700;14070
8700;6380
204;7574
204;16364
204;17654
204;1293
204;17587
204;6603
6603;3893
6603;19168
6603;13600
6603;17256
6603;12743
12743;7915
12743;13344
12743;8105
12743;17873
12743;16192
12743;19252
12743;5385
12743;21102
19252;17154
19252;4939
19252;23253
19252;2743
2743;22465
2743;1539
2743;2691
2743;767
2743;16612
2743;20180
2743;9054
2743;19341
2743;15119
19341;12814
19341;1793
19341;1841
19341;1808
15119;10629
15119;7342
15119;7028
15119;11086
15119;7449
15119;15198
1808;9908
1808;6108
1808;10820
1808;23524
23524;4668
23524;17596
23524;15929
23524;20176
20176;12224
20176;12912
20176;23383
20176;2151
2151;20136
2151;2514
2151;4000
2151;6862
2151;13517
2151;19874
19874;11361
19874;10283
19874;5727
19874;5231
19874;8227
19874;1580
19874;12503
12503;9479
12503;7750
12503;23660
12503;21710
12503;17611
12503;1108
12503;21529
21529;10750
21529;449
21529;15037
21529;11502
21529;22134
21529;18041
18041;21748
18041;2949
18041;9846
18041;20948
15198;3426
15198;9451
15198;5104
15198;22657
15198;8498
15198;16861
16861;16541
16861;8519
16861;1767
16861;23404
16861;16751
16861;16578
16861;21873
16861;2760
2760;21413
2760;993
2760;17248
2760;14233
2760;3749
2760;9596
2760;5206
5206;892
5206;4777
5206;499
5206;8124
5206;18553
5206;20273
7092;12727
7092;23480
7092;5975
7092;13620
7092;9784
7092;4870
10427;1470
10427;2348
10427;13106
10427;11445
10427;1946
10427;3368
3368;13864
3368;19319
3368;19330
3368;3273
3368;22832
3368;18658
3368;14000
14000;15611
14000;15441
14000;11422
14000;9092
9092;18172
9092;13945
9092;14285
9092;7005
7005;4800
7005;16280
7005;6657
7005;17787
7005;15753
8696;18404
8696;10900
8696;8493
8696;5334
8696;15512
8696;12663
8696;946
8696;23391
8696;17821
8696;5533
8696;12486
8696;3865
8696;23300
8696;21366
8696;21910
8696;4785
8696;18545
8696;22793
8696;116
8696;23032
8696;9348
1630;5780
1630;11549
1630;20485
1630;5149
1630;13363
1630;23673
1630;10688
1630;4537
1630;13172
1630;4217
1630;19212
1630;6926
1630;17682
1630;4327
1630;7211
1630;18502
1630;20803
1630;16931
1630;14182
1630;6745
6745;9946
6745;11127
6745;7731
6745;6893
6745;2167
6745;4360
6745;15673
6745;7615
6745;9419
6745;12051
6745;3269
6745;9710
6745;9676
6745;5973
6745;3353
6745;844
6745;20198
6745;5308
6745;9200
6745;4542
6745;3474
6745;6144
6745;13688
6745;928
6745;19006
6745;23531
6745;14220
6745;11987
6745;16757
6745;5868
5868;10433
5868;8033
5868;20526
5868;1881
5868;18229
5868;621
5868;23339
5868;23291
5868;4795
5868;9709
1562;6354
6354;7902
6354;6093
6354;5318
6354;9013
6354;6902
6354;9738
6354;1115
6354;23297
6354;14315
6354;21349
6354;22863
6354;6149
6149;3451
6149;14768
6149;8244
6149;16336
6149;13565
6149;17174
6149;10815
6149;14064
6149;4586
4586;11352
4586;19018
4586;8712
4586;20359
4586;12714
4586;7131
4586;14743
4586;3691
4586;16645
4586;4171
4586;21397
21397;15759
15759;3378
15759;17882
15759;3603
15759;6819
15759;7619
15759;19506
15759;13360
15759;12033
15759;14465
15759;1033
15759;17622
17622;5089
17622;15633
17622;51
17622;13904
13904;3914
13904;12700
13904;5550
13904;656
13904;12402
13904;24038
13904;23461
13904;22004
13904;17109
13904;2957
13904;1703
13904;19141
13904;16583
13904;18190
13904;6414
13904;13325
13904;7620
13904;23152
13904;3007
13904;23326
13904;17727
13904;11310
13904;18480
13904;1238
13904;189
13904;12279
13904;3776
13904;1669
13904;2496
13904;18280
13904;20998
18480;14068
18480;9060
18480;15674
18480;3009
18480;13445
18480;4103
18480;3381
18480;10858
18480;23417
18480;23914
18480;3356
18480;23371
18480;2111
18480;7492
18480;5974
18480;5983
18480;9044
18480;22365
20998;12040
20998;10697
20998;7081
20998;7097
20998;16714
20998;6129
20998;3956
20998;6922
20998;15875
20998;12014
20998;881
22365;9518
22365;12099
22365;14478
22365;8283
22365;5771
22365;22291
22365;12110
22365;21406
22365;4374
22365;3636
22365;17870
22365;13993
22365;21603
22365;11046
22365;12062
22365;14298
14298;12976
14298;18670
14298;16388
14298;7536
14298;1118
14298;13437
14298;14526
14298;5993
14298;893
14298;16454
14298;4515
14298;15887
15887;16659
15887;15748
15887;10156
15887;7480
15887;4124
15887;6162
15887;20569
15887;5447
15887;2791
15887;21168
15887;10200
15887;1013
15887;14416
15887;2174
15887;19971
15887;18503
15887;1715
15887;17950
15887;3354
15887;12660
15887;22278
15887;14681
15887;4683
15887;1124
15887;17723
15887;7810
15887;13967
15887;17699
15887;17440
15887;23397
15887;3304
15887;22065
15887;14728
15887;22248
15887;10706
15887;12634
881;18354
881;10970
881;5198
881;19024
19024;8340
19024;17390
19024;3032
19024;18240
19024;3145
19024;4750
19024;7626
19024;5703
19024;18616
19024;20700
19024;18447
19024;2618
19024;5083
19024;13013
13013;16515
13013;4513
13013;22423
13013;2120
13013;11755
13013;8829
13013;20045
13013;12600
13013;4742
4742;23052
4742;10597
4742;4265
4742;16179
4742;18140
4742;1763
4742;6687
4742;4057
4742;4701
4742;8194
4742;4928
4742;16674
4742;7608
4742;6211
4742;14679
4742;4861
4742;1349
1349;21793
1349;6424
1349;10307
1349;1220
1349;22359
1349;9162
1349;14538
1349;5196
1349;1738
1349;1041
1349;4168
1041;7488
1041;2565
1041;11391
1041;12260
1041;12775
1041;15317
1041;22421
1041;13875
1041;6334
1041;20173
1041;6731
4168;15312
4168;8684
4168;15423
4168;11348
4168;10799
4168;9656
4168;5655
4168;14710
4168;7090
4168;21949
4168;9137
20173;20854
20173;9366
20173;23802
20173;9000
20173;20304
20173;13064
20173;9870
20173;9556
20173;2275
20173;14143
20173;1624
20173;12558
20173;5942
20173;15833
6731;13369
6731;22456
6731;20046
6731;7269
6731;1157
6731;23180
6731;11932
6731;9155
6731;21224
6731;13919
6731;660
6731;18529
6731;13461
6731;17070
6731;13074
6731;22824
6731;20843
6731;21781
6731;17238
6731;6659
6731;9225
6731;6026
6731;5940
6731;9658
6731;6857
6731;10634
6731;18659
6731;7190
15833;18593
15833;11262
15833;5676
15833;12359
15833;9087
15833;14536
15833;21747
15833;18775
15833;10006
15833;11669
15833;7410
7190;490
7190;19465
7190;2942
7190;1123
7190;11209
7190;15769
7190;18100
7190;12003
7190;11620
7190;14818
7190;7014
7190;13863
7190;22745
7190;21927
7190;8594
7190;13933
7190;10236
10236;13385
10236;10711
10236;14153
10236;23913
10236;20191
10236;10859
10236;11537
10236;16981
10236;11999
10236;19856
10236;16745
10236;19304
10236;13265
10236;3585
10236;7001
10236;10889
10236;22701
10236;1858
10236;20686
20686;19507
20686;7035
20686;16354
20686;23000
20686;4115
20686;20398
20686;23239
20686;5802
20686;2102
20686;3718
20686;1373
1373;16393
1373;4291
1373;14451
1373;18130
1373;2413
1373;8305
1373;17246
1373;6724
1373;23948
1373;23594
1373;6997
1373;3042
1373;19876
1373;11656
1373;20954
20954;14024
20954;13760
20954;22387
20954;268
20954;12478
20954;4195
20954;17026
20954;5255
20954;11571
20954;17483
20954;4075
20954;10924
10924;494
10924;23818
10924;17198
10924;12979
10924;22681
10924;12916
10924;2844
10924;8672
10924;2100
10924;4498
10924;15045
10924;17170
10924;9187
10924;19557
19557;10349
19557;4294
19557;11892
19557;22530
19557;7313
19557;23649
19557;19839
19557;18321
19557;22342
19557;1471
19557;12583
19557;2843
19557;21768
19557;19649
19649;14317
19649;17065
19649;6979
19649;6452
19649;16988
19649;8044
19649;5840
19649;19095
19649;3315
9137;501
9137;11535
9137;1853
9137;15837
9137;12427
9137;6228
9137;5040
9137;9106
9137;20846
9137;11579
9137;6396
9137;7728
9137;17842
7728;4047
7728;1724
7728;17087
17842;20829
17842;76
17842;3178
17842;12121
17842;8123
17842;22214
17842;10495
17842;12027
17842;4118
17842;13670
17087;8307
17087;9620
17087;10678
17087;14882
17087;9898
17087;22986
17087;163
17087;19904
17087;22826
17087;6049
15511;19228
15511;12950
15511;5648
15511;6740
15511;149
15511;24058
15511;1082
15511;21471
15511;2208
15511;19119
15511;13916
15511;6763
15511;20174
20174;15597
20174;16465
20174;4130
20174;1125
20174;14695
20174;3685
20174;23967
20174;1765
20174;11604
20174;6808
20174;7003
20174;165
165;23002
165;22695
165;21695
165;20719
165;200
165;11962
165;20677
165;10642
165;16566
165;19461
165;250
250;525
250;1432
250;11940
250;17558
250;788
250;10944
250;10204
250;23508
250;1129
250;17376
250;18761
250;17547
250;18032
250;23699
250;18859
250;6394
6394;5896
6394;902
6394;11094
6394;16217
6394;23697
6394;5287
5287;19604
5287;570
5287;17438
5287;20248
5287;22013
5287;5581
5287;4288
5287;23514
5287;2064
5287;17345
17345;19034
17345;12803
17345;20460
17345;11486
17345;3892
17345;1714
17345;10985
17345;17323
17345;12601
17345;13409
17345;21454
17345;16624
17345;2503
17345;7685
17345;14052
14052;10760
14052;2178
14052;9844
14052;13708
23695;21913
23695;23438
23695;19641
23695;14852
14852;6021
14852;16735
14852;7638
14852;4925
4925;14081
4925;9906
4925;21482
4925;7043
4925;17707
17707;16041
17707;1323
17707;4444
17707;20022
20022;14017
20022;6810
20022;1374
20022;6161
6161;22615
6161;10903
6161;17755
6161;19789
19789;12720
19789;5459
19789;17380
17380;14990
17380;6106
17380;16708
17380;7439
7439;5510
7439;2425
20187;13818
20187;10689
20187;4477
20187;9334
20187;18926
20187;15265
20187;4203
20187;11183
20187;1110
20187;11526
20187;5706
5706;11562
5706;10614
5706;8842
5706;11146
5706;17827
5706;1696
1696;17979
1696;23658
1696;22351
1696;3530
1696;16189
1696;9621
1696;20825
1696;13002
1696;21021
6348;15079
15079;19397
19397;10217
10217;8652
8652;5631
5631;6621
6621;11342
11342;12106
20879;7384
7384;13388
7384;14781
7384;16946
16946;22311
2673;19862
19862;18981
18981;14071
14071;13146
13146;24054
24054;17891
17891;12968
12968;8156
12968;4417
8156;14003
4417;4383
14003;14158
14158;15621
15621;10120
10120;13109
13109;2266
2266;1298
1298;5127
22311;9035
9035;16840
16840;14639
14639;23041
23041;21518
21518;17310
17310;21245
21245;20204
21245;23359
23359;7721
7721;33
93;18756
18756;6622
6622;1719
6622;13660
1719;7413
5025;15380
22228;1799
4383;22
22;19118
10632;16460
16460;22873
22873;14434
14434;24248
24248;21274
21274;10550
10550;10958
10958;4503
4503;5462
4503;3350
5462;7984
7984;23627
23627;4356
4356;6536
6536;13315
13315;976
976;1639
4909;5405
5405;12400
13733;8897
13829;12215
13829;12447
12447;23385
23385;8650
2407;8352
8352;10718
10718;18654
18654;13586
13586;19934
19934;9948
19934;21126
9948;16581
21126;17660
16581;6097
6097;23200
23200;4290
23200;14506
23200;20459
4290;20682
14506;22153
20459;22285
20682;15063
17660;16385
17660;20275
17660;22876
22876;15630
22876;22196
22196;5095
5095;16180
16180;16783
16783;12103
16001;4142
14172;23580
23580;20540
23580;17207
17207;2773
22285;18445
18445;3346
3346;23678
23678;5183
23678;18102
5183;1886
18102;8369
18102;755
8369;10961
755;3760
755;16803
10961;24175
3760;6770
16803;8459
6770;13962
8459;1400
8459;22758
1400;22817
22758;4401
22817;21424
21424;17244
17244;6148
6148;22558
22558;12890
12890;17078
17078;20311
4401;17937
17937;4161
4161;20110
2748;8727
8727;15462
15462;14733
14733;16484
16484;23124
23124;6876
6876;6608
6608;6905
13260;19628
19628;1468
1468;23557
23557;15822
10529;10649
1785;14938
14938;15199
15199;21222
21222;6025
6025;6397
6397;2603
2603;7391
7391;12571
12571;3840
3840;12377
12377;8475
8475;17748
17762;12312
12312;18288
18288;9045
9045;13417
13417;5647
5647;9867
9867;17434
17434;14951
14951;17480
17480;9992
9992;8844
8844;6748
6748;10197
10197;15599
20600;11357
11357;15107
15107;17916
17916;22573
22573;19524
22573;8824
8824;13695
13695;23164
23164;12384
12384;23151
9679;6402
6402;20750
20750;6257
6257;4283
4283;15455
15455;299
299;19785
19785;13848
13848;9568
9568;4505
4505;21192
21192;23316
23316;2848
2848;1623
1623;23729
23729;23667
23667;2305
2305;14051
14051;6539
6539;12522
12522;10797
10797;22075
22075;1439
1439;16560
16560;1757
1757;10607
10607;7133
7133;1505
1505;1292
1292;8133
8133;7118
7118;5355
5355;21220
21220;5732
5732;12388
12388;17880
17880;14942
14942;4711
4711;12716
4711;12887
12716;14926
12887;2053
14926;10265
10265;23295
23295;14729
14729;16964
16964;3104
3104;1795
1795;22636
22636;22403
22403;9241
9241;9179
9179;6615
9179;14937
9179;8372
8372;12187
2053;2096
2096;9284
9284;6445
6445;22711
22711;4404
4404;16700
16700;14794
14794;14786
14786;14322
14322;10049
10049;11370
11370;220
220;2045
2045;19612
19612;16401
16401;20655
20655;5446
5446;18258
18258;8976
18258;13653
8976;18991
13653;14823
18991;8379
8379;18543
18543;8697
8697;20973
20973;1779
1779;7909
14823;8119
8119;17161
17161;1609
1609;18516
18516;5056
5056;20395
20395;6055
16944;21026
21026;11125
11125;23240
23240;7281
7281;17807
17807;13577
13577;9055
9055;22554
22554;19828
19828;19829
10513;15870
15870;3142
3142;18637
18637;19470
19470;18329
18329;23315
22452;5928
5928;24047
24047;21294
21294;464
464;24236
24236;16261
24236;23858
23858;13148
12187;9569
9569;24197
24197;21718
21718;369
369;11469
11469;3720
3720;13448
3720;7393
13448;16720
13448;4700
7393;903
4700;9641
9641;19948
9641;6119
11413;3988
3988;489
489;5214
5214;18007
18007;5724
16743;4558
4558;23559
23559;2622
2622;16712
16712;117
16712;3393
3393;24132
24132;15059
15059;22234
22234;9539
9539;21408
21408;16688
16688;7628
7628;16038
16038;22005
22005;8923
8923;21496
21496;21143
21143;9086
9086;4673
21272;22089
22089;22044
22089;655
22044;3376
3376;15786
11308;10174
10174;11118
10174;1518
11118;23526
23526;12196
7265;19953
19953;16760
16760;7786
7786;10712
10712;3249
3249;9852
9852;21195
21195;5325
5325;21846
21846;1995
1995;16381
16381;6885
6885;4280
4280;22789
22789;9199
9199;21233
21233;635
635;7790
7790;12461
12461;16509
12461;10102
16509;8861
10102;3581
8861;18073
8861;3600
18073;15048
3600;23804
15048;21773
21773;8165
8165;15939
15939;6072
6072;7338
7338;17728
17728;19541
19541;10029
10029;14083
14083;22261
23804;8404
8404;18838
18838;6398
6398;21005
21005;10930
10930;22336
10930;3139
22336;10536
3139;15562
10536;12104
15562;19265
3581;9594
9594;5783
5783;15973
2532;29
29;16580
16580;17403
17403;23467
13148;4793
4793;21103
21103;13238
13238;13393
13393;14094
15001;10300
10300;7544
23217;23499
23499;9934
9934;5299
5299;18346
18346;6389
5294;22254
22254;5811
5811;2888
2888;7977
1979;14200
14200;11667
11667;20472
20472;19233
19233;8909
8909;6442
6442;14482
14927;4696
4696;1783
1783;12475
12475;16568
16568;639
639;16356
16356;7865
7865;21057
21057;19472
19472;9773
9773;20935
20935;5169
5169;11299
11299;3170
11299;15316
15316;11971
11971;14266
14266;13859
13859;17968
17968;24080
24080;1014
1014;23048
23048;14279
14279;7907
7907;1019
1019;19513
19513;19530
19530;20884
20884;10681
10681;12025
12025;22299
12025;19042
19042;5205
5205;18788
18788;23001
23001;6326
6326;20596
20596;7041
7041;24201
24201;4381
4381;10705
4381;20165
20165;5861
20165;17349
17349;8374
11074;4946
4412;30
4946;17504
30;23572
23572;2588
2588;13436
13436;14369
14369;14584
14584;7362
7362;15080
15080;22173
22173;9874
9874;14685
14685;3775
20451;11270
11270;20062
20062;19154
19154;22369
22369;2995
2995;632
632;19798
19798;16930
16930;4602
4602;12319
12319;10451
10451;17299
17299;10298
10298;15555
15555;17751
17751;17395
17751;21750
17395;21214
21750;21472
21214;21238
21238;21761
21238;21537
21472;15861
15861;14857
14857;15209
15209;10101
10101;7841
23349;6888
6888;11689
11689;13421
13421;4400
4400;16967
16967;10949
16967;9865
10949;6672
9865;18671
18671;7954
7954;9212
21569;17146
17146;2918
2918;23962
23962;8074
14931;19163
19163;24174
24174;21119
21119;21952
21119;4018
4018;13579
13579;3621
3621;18031
18031;12623
12623;5784
5784;15983
15983;18678
18678;14389
14389;8470
8470;21241
21241;4635
4635;8102
8102;5945
5945;14968
12454;21770
21770;19426
19426;9240
19426;20416
20416;9403
20416;14480
9403;5830
14480;9201
5830;12981
5830;9075
9075;7838
9201;9854
9854;16862
16862;23543
23543;21129
21129;10126
10126;4682
10126;16557
4682;22205
16557;4179
22205;24223
24223;20409
20409;9379
9379;19040
19040;7432
7432;4254
4254;1509
4179;4560
4560;5660
5660;6430
6430;17265
17265;7713
17265;1926
7713;11734
1926;23441
23441;12735
12735;24075
7838;13996
13996;15245
15245;11038
15245;18750
11038;7495
18750;18631
7495;20343
20343;1435
1435;1050
1050;7589
7589;22308
22308;24044
24044;3292
3292;4514
4514;5022
18631;5090
5090;18342
18342;14825
15808;21632
21632;21149
21149;2126
2126;1337
1337;13789
13789;1914
1914;11821
11821;15648
15648;1673
1673;3401
3401;1911
1911;21434
21434;9506
9506;22262
22262;21614
21614;7086
7086;23679
23679;13154
13154;10431
10431;10015
10015;2385
2385;18498
18498;2207
2207;18632
18632;1985
1985;23723
23723;2639
23723;21360
23723;21209
21360;17023
21209;15880
15880;1549
1549;12044
12044;23773
23773;10975
10975;21448
21448;23495
23495;14130
22424;13018
13018;5044
5044;22788
22788;18302
18302;657
657;1632
657;9146
9146;5758
5758;12762
22275;14916
14916;6422
6422;13501
13501;6950
6950;18358
18358;2677
2677;17668
17668;10153
10153;4814
4814;15792
4814;9166
9166;19087
19087;3276
3276;3586
3586;1931
1931;2680
2680;14045
14045;19774
19774;13533
13533;20125
20125;13964
13964;11197
11197;6473
6473;9401
9401;15331
15331;16486
16486;18045
18045;10584
10584;11775
11775;18501
18501;9057
19025;13946
13946;5895
5895;19925
19925;17758
17758;13615
13615;1578
1578;4116
4116;14043
14043;12021
14043;10429
12021;16
10429;19384
19384;16969
16969;17384
17384;11653
11653;9713
9713;3697
3697;454
454;19440
19440;22959
22959;22329
22329;15431
15431;23587
23587;5119
5119;22911
22911;19793
19793;17428
17428;19695
19695;7050
7050;13459
13459;1252
1252;24203
24203;11822
11822;20747
20747;15944
15944;15315
15315;5950
5950;23763
23763;6970
6970;21734
21734;15023
21734;3154
15023;21030
3154;8526
21030;4842
4842;17542
17542;5558
8526;8806
8806;23547
23547;20077
20077;22206
22206;19102
19102;7389
7389;18011
18011;4241
4241;6813
6813;14150
14150;8751
8751;13451
13451;18207
18207;20348
20348;19578
19578;4214
4214;3457
3457;2040
18983;131
131;20840
20840;2605
2605;13
13;7630
7630;20783
20783;21218
21218;7080
7080;3383
3383;2651
2651;15335
15335;22201
22201;5511
5511;21551
5511;21419
21551;269
21419;9463
269;6173
6173;22611
9463;7040
7040;18815
18815;8780
8780;6709
6709;19094
6709;14487
19094;6662
14487;2273
8901;18298
8901;13089
18298;16421
13089;18567
16421;24059
19816;20546
20546;1710
1710;21867
21867;12284
12284;8917
8917;20759
8917;10523
20759;4328
10523;17864
4328;15722
15722;24125
15722;17066
24125;2825
17066;21403
21403;11377
17864;3494
3494;5624
13750;19791
19791;14176
19791;22625
14176;10336
22625;15258
10336;14630
14630;24188
24188;16809
16809;6100
16809;8903
6100;18050
8903;5209
18050;18927
15258;16804
16804;17580
17580;6594
6594;24036
18567;16075
16075;5364
5364;16549
16549;1720
1720;1386
1680;5761
5761;831
831;22237
22237;17684
17499;132
132;11160
11160;2295
2295;16521
16521;2606
21067;13511
13511;10461
10461;24051
12722;16265
16265;23755
23755;1180
1180;13017
13017;4783
4783;19647
19647;10577
10577;19376
96;2938
13561;9861
9861;21877
9861;6433
9861;12987
9861;19420
9861;12193
12193;20619
12193;20449
12193;21326
12193;11206
12193;20193
12193;19350
12193;8990
12193;22411
22411;19572
22411;16744
22411;21664
22411;15409
22411;15373
15373;11800
15373;10643
15373;9711
15373;3520
15373;8079
8079;19405
8079;13966
8079;5774
8079;9941
8079;7707
8079;2515
2515;17867
2515;12860
2515;580
2515;19238
2515;1092
1092;18751
1092;4427
1092;14608
1092;19193
1092;4138
1092;822
1092;8463
1092;5465
5465;23743
5465;1055
5465;5817
5465;20217
5465;12883
5465;15596
5465;9353
5465;14943
5465;1190
5465;1165
1165;18377
1165;4961
1165;16951
1165;6338
13268;18767
18767;2027
18767;17749
2027;21906
17749;10699
21906;12865
21906;13612
13612;13983
13983;19180
19180;15017
15017;6526
6526;7896
7896;15408
15408;6033
6033;17615
17615;17324
17324;24041
24041;8871
8871;19476
8871;2549
2549;5555
10699;12084
12084;6491
12084;3293
3293;13195
13195;7497
7497;4264
4264;13373
13373;19010
19010;24043
24043;23266
24043;22035
22035;7576
7576;840
840;14957
14957;3197
3197;4086
4086;10109
10109;4582
4582;18
18;22743
22743;3863
3863;19962
3863;7809
7809;751
751;23382
8145;16697
16697;1798
16697;11334
1798;5449
11334;6548
5449;18814
18814;2054
2054;558
3635;2062
3635;10878
10878;16638
20481;21235
11729;17129
17129;16458
16458;5748
5748;17694
17694;3167
3167;4694
4694;17352
4694;12988
4694;9229
9229;21141
6548;7061
7061;11382
11382;17106
17106;15009
15009;11031
11031;12320
12320;6598
6598;13584
13584;3385
3385;8235
8235;19446
19446;2567
2567;13368
13368;13100
13100;14274
14274;17789
23053;8114
8114;8214
8214;9732
9732;16867
16867;3765
3765;414
414;18069
18069;20411
20411;11992
11992;10463
10463;14643
14643;2964
2964;17832
17832;15573
15573;21479
21479;11322
11322;18484
11322;13711
13711;7917
13711;21480
7917;14507
21480;6952
21480;4523
14507;15120
15120;8771
8771;246
246;3926
3926;22992
22992;22053
6952;13499
4523;166
13499;20789
20789;5262
5262;8671
166;13259
13259;5207
5207;19347
19347;15445
15445;23488
16550;24066
24066;21109
21109;3038
22886;11998
11998;9189
9189;5484
5484;13767
13767;22918
22918;17494
17494;20764
20764;11626
11626;21534
16759;6537
6537;124
124;5101
5101;7113
7113;3196
3196;37
37;10465
10465;3242
3242;11722
11722;15947
11722;13258
13258;4530
4530;15459
15459;5569
5569;24048
24048;13080
13080;4599
4599;21435
21435;2183
2183;17874
17874;15131
17874;12333
2642;3676
2642;5995
5995;7216
7216;4519
4519;3483
3483;408
408;6323
6323;3781
3781;21117
21117;11193
10838;20482
20482;1384
1384;14336
14336;20865
20865;5684
5684;15791
15791;12419
12419;4953
4953;17197
17197;11227
11227;13310
13310;4410
4410;18427
18427;24018
24018;17365
17365;7318
7318;19887
1547;23618
23618;22106
22106;5785
22106;11672
5785;24102
11672;8200
24102;19368
19368;16569
16569;23063
23063;6778
8200;2668
2668;20181
20181;22528
7597;15872
15872;21432
21432;1444
1444;18967
17442;22810
22810;10990
12972;8658
8658;20821
8658;14212
14212;19725
19725;10810
10810;19514
19514;19235
19235;7659
7659;3324
21141;774
774;4315
774;5239
774;22019
5239;16457
22019;5123
16457;18246
18246;19817
19817;15798
16638;5573
5573;10857
10857;17024
10857;6650
17024;7483
6650;20873
20873;5361
5361;8663
8663;9566
9566;7560
5555;6466
6466;17541
17541;17204
19234;251
251;11659
11659;22422
22422;10716
10716;14215
14215;21801
21801;15139
15139;14013
15139;7249
7249;20543
20543;22363
22363;23708
23708;16348
16348;18696
18696;10176
10176;21213
21213;4189
4189;321
321;17475
17475;13307
13307;10913
10913;9606
9606;18822
18822;6975
6975;2352
2352;16027
16027;11150
11150;13227
13227;17175
17175;23953
23953;15367
15367;7671
7671;9802
9802;11076
11076;5045
5045;12379
12379;4255
4255;18865
18865;21914
21914;2117
2117;12282
12282;14399
14399;10721
11831;21340
21340;11290
11290;10445
10445;16558
16558;23520
23520;19263
3798;3918
3918;19656
5705;19131
19131;12854
19131;21945
2746;9252
9252;13608
13608;17462
17462;10081
10081;1576
1576;3833
3833;1371
1371;6075
6075;18692
18692;3244
3244;13526
13526;19203
19203;139
139;5401
5401;8175
8175;19994
19994;17901
17901;16067
16067;5138
5138;5932
5932;19844
19844;16305
16305;19602
19602;4759
4759;7398
7398;15298
8288;11996
6099;9307
8454;13486
13486;22409
22409;9121
9121;10477
9121;23779
10477;318
23779;17564
17564;3261
3261;563
563;58
58;16005
16005;7499
7499;23550
23550;9256
9256;4605
4605;11099
11099;5253
5253;3993
3993;13343
13343;1319
1319;817
817;18997
18997;22109
15413;760
15413;20368
20368;20729
2466;21960
21960;17
17;5503
17;3433
5503;11280
5503;15134
11280;5965
11280;4081
4081;15171
18850;14814
14814;19293
19293;21582
21582;14196
14196;9959
9959;1365
1365;22449
22449;4695
4695;4064
4064;19860
19860;3497
3497;18269
18269;5733
5733;17962
17962;22580
22580;24232
24232;18178
18178;22450
22450;15172
15172;10790
10790;3108
3108;22517
22517;4595
4595;1774
1774;12131
12131;23571
23571;21571
21571;14044
14044;18672
14044;320
320;744
744;19662
19662;1618
1618;18311
1618;23468
18311;6985
23468;12015
6985;15738
15738;17719
17719;233
233;16999
16999;2009
2009;3281
3281;23427
23427;9342
9342;17037
9342;16652
16652;13602
12015;15591
15591;24206
24206;14132
14132;1972
1972;21931
21931;17401
2289;9281
9281;7078
7078;22637
22637;9198
9198;18946
18946;18215
18215;13677
13677;22270
22270;14980
14980;9397
9397;1274
1274;21122
21122;17574
17574;7842
7842;2703
2703;22688
22688;10454
10454;9938
9938;18784
18784;9826
9826;22740
22740;12161
12161;17509
17509;9920
9920;14479
14479;12541
12541;8410
8410;15883
15883;24138
24138;1421
7770;1127
1127;5735
20707;18293
18293;23477
23477;7680
7680;23754
23754;22981
22981;6154
6154;16576
16576;1842
16576;16607
16576;4898
1842;7943
4898;21157
7943;21860
21860;22755
21157;2507
6973;15060
15060;829
829;3521
3521;643
643;21499
21499;22264
22264;10977
10977;4372
4372;24228
24228;5266
5266;8134
19404;16030
16030;14723
14723;8501
8501;20681
20681;18627
18627;5301
5301;21550
21550;23606
23606;1861
1861;2169
2169;13504
13504;20659
20659;2815
2815;11706
11706;3992
3992;22716
22716;18202
18202;14591
14591;4198
4198;8323
8323;5078
5078;14235
14235;679
679;16461
16461;13348
13348;23810
23810;23510
23510;5720
5720;12313
12313;1279
1279;7708
7708;3631
3631;16229
13918;11914
11914;19036
19036;22399
22399;18986
22399;19258
19258;6978
6978;13922
13922;14950
14950;5227
5227;6311
6311;13783
13783;14876
14876;380
380;7008
7008;23896
11494;14446
14446;8827
8827;22318
22318;14620
14620;15613
15613;5577
5577;1316
1316;1749
1749;6919
6919;19129
19129;24009
24009;14545
14545;19288
19288;12294
12294;17282
17282;3236
3236;19043
3236;13261
19043;11838
13261;8390
11838;21528
11838;16491
21528;19134
19134;17328
17328;21331
8390;185
185;7231
7231;18188
18188;4141
4141;17513
17513;13484
13484;16419
16419;23129
23129;20434
20434;19889
6884;7537
6884;445
6884;18434
6884;10929
6884;23066
23066;12417
23066;19448
23066;13685
23066;13987
23066;368
368;22098
368;10894
368;17527
368;9117
368;16548
368;24115
368;12182
12182;12552
12182;15225
12182;4609
12182;13196
12182;4743
12182;529
12182;1286
12182;13820
12182;2570
12182;18289
18289;22327
18289;2442
18289;15393
18289;1641
18289;16272
18289;3527
3527;14642
3527;11767
3527;14901
3527;14126
3527;11407
3527;14241
3527;21785
3527;7370
3527;15540
3527;12753
3527;9661
9661;5929
9661;21442
9661;22293
9661;1918
9661;14744
9661;13422
9661;9214
9661;13316
13316;23021
13316;17080
13316;14359
13316;13664
13316;613
13316;2077
13316;9227
13316;6040
13316;13625
13625;2736
13625;12146
13625;18097
13625;15432
13625;20823
13625;8977
13625;11842
11842;19755
11842;20468
11842;14262
11842;14675
11842;20556
11842;6291
11842;2708
2708;3240
2708;12134
2708;19132
2708;2502
2708;4275
2708;9278
9278;14255
9278;11032
9278;17861
9278;17608
9278;12465
9278;21017
9278;5994
9278;19300
9278;14684
9278;14021
9278;19085
9278;142
142;4474
142;16527
142;5424
142;4706
142;2689
142;11928
142;17105
142;21663
21663;7579
21663;17229
21663;20467
21663;2140
21663;12225
21663;22467
21663;20939
21663;18488
21663;17701
21663;11640
11640;19063
11640;9787
11640;14573
11640;17157
11640;13791
11640;11383
11640;6501
11640;2693
2693;3695
2693;1889
2693;21866
2693;18211
2693;20500
2693;8859
2693;24069
2693;11418
2693;14144
2693;16415
2693;3228
3228;2046
3228;11267
3228;16818
3228;23981
3228;16350
7616;1250
1250;7375
7375;18837
13406;2557
2557;17595
2557;706
17595;2822
706;15985
2822;11550
11550;17915
17915;897
15985;6909
15985;10471
10471;18205
18205;18851
18851;3750
8968;9573
9573;2399
2399;13552
24173;14214
24173;10593
10593;21029
21029;4834
4834;21081
21081;14994
14994;11574
11574;7688
7688;19438
19438;23952
23952;13697
13697;13795
13795;20872
13795;13611
13611;10403
10403;17162
17162;15930
15930;3613
3613;2611
2611;2845
2845;19590
2845;22175
19590;5502
22175;12888
12888;23302
23302;10978
10978;7385
7385;5901
9453;20463
20463;314
314;20671
20671;18333
18333;6947
6947;3965
6947;17249
6947;1863
1863;7374
1863;23234
4520;15636
8271;15407
8271;14686
8271;12416
8271;19035
8271;18247
18247;19676
18247;1313
18247;1407
18247;17035
18247;23979
18247;6245
18247;11621
11621;15036
11621;1734
11621;20942
11621;4041
11621;9324
11621;12882
11621;11379
11621;21653
11621;362
362;23682
362;5835
362;20249
362;22708
362;10682
10682;22349
10682;20462
10682;1464
10682;12675
12675;4737
12675;8170
12675;12701
12675;12474
12675;21505
21505;15014
21505;3008
21505;8435
21505;21705
21705;22761
21705;346
21705;11919
21705;7257
21705;18765
18765;10557
18765;23003
18765;10128
18765;8049
8049;1721
8049;20321
8049;1225
8049;11681
8049;8451
8049;2271
8049;8416
8049;23236
8049;9769
8049;20357
8049;19688
8049;4644
8049;20266
8049;18146
8049;5066
8049;5632
23236;13248
23236;7548
23236;9112
23236;14133
23236;17449
9769;9857
5632;8084
5632;2580
5632;2481
5632;15224
5632;13721
5632;1172
5632;21177
5632;24222
5632;1414
17449;7743
17449;14246
17449;7566
17449;21541
1414;5776
1414;23737
1414;4902
1414;12041
1414;20801
1414;16107
1414;6190
6190;21621
6190;18931
6190;14325
6190;16480
16480;6560
16480;11873
16480;20060
16480;21813
21813;21068
21813;21599
21813;11475
21813;10680
21813;11480
21813;22123
22123;22914
22123;11577
22123;9290
22123;16181
22123;5499
22123;23905
23905;5125
23905;18378
23905;1204
23905;17791
23905;4776
23905;14330
23905;17247
23905;17346
17346;20147
17346;1166
17346;3098
17346;22733
17346;5755
17346;17441
17346;20858
17346;9628
17346;7307
17346;1681
17346;13159
17346;5005
17346;2198
17346;7054
17346;4887
7307;20400
7307;9271
7307;20978
7307;17382
1681;13890
1681;14452
1681;2738
1681;21038
1681;8146
1681;8281
1681;776
4887;22174
4887;6172
4887;17025
4887;14084
4887;9413
4887;4284
4887;22169
17382;13883
17382;2568
17382;19677
17382;17280
17382;13219
17382;739
739;3198
739;11449
739;16590
776;9069
776;3176
776;3372
22169;427
22169;22017
22169;18527
22169;7042
7042;21574
7042;17828
7042;18848
7042;13362
7042;10134
7042;17178
17178;1076
17178;10392
17178;18869
17178;618
17178;8331
17178;6753
17178;2184
17178;17956
17178;16467
16467;12665
16467;21694
16467;8670
16467;18430
16467;20924
16467;23011
16467;7065
16467;1100
1100;21637
1100;12030
1100;13185
1100;11937
1100;13151
1100;8339
1100;21647
21647;21887
21647;1038
21647;18380
21647;21817
21647;8206
21647;12980
21647;12435
292;276
292;9637
292;22346
292;4430
292;13008
276;21639
276;15125
276;4568
14175;21604
14175;13592
14175;8262
14175;2296
14175;6146
14175;2796
2796;8375
2796;977
2796;22835
2796;10546
2796;11325
2796;23091
2796;21008
2796;4666
4666;5466
4666;97
4666;4387
4666;8077
8077;11302
8077;22468
8077;6677
8077;14716
8077;16984
16984;11778
16984;18708
16984;16475
16984;3963
16984;850
16984;5617
5617;16952
5617;11080
5617;20315
5617;5528
5617;612
5617;6854
6854;14868
6854;23506
6854;23609
6854;2453
6854;11888
6854;17223
6854;5103
6553;23072
6553;16623
6553;4197
6553;20630
6553;23787
6553;23190
23190;3751
23190;16567
23190;14165
23190;483
23190;12747
23190;9461
23190;21667
23190;13274
23190;4164
4164;12832
4164;4847
4164;22257
4164;8770
8770;6351
8770;9650
8770;2237
8770;1517
8770;1143
8770;20102
20102;17091
20102;6863
20102;267
20102;19664
20102;18863
20102;8163
8163;23347
8163;6210
8163;13698
8163;9280
8163;8790
8163;554
8163;22591
8163;12073
8163;17456
17456;12370
17456;4888
17456;11738
17456;5352
17456;23502
23502;10871
23502;9766
23502;330
23502;2819
23502;18596
23502;13066
23502;16245
13066;24189
13066;22741
13066;641
13066;2203
13066;9876
13066;13011
16245;13868
16245;23801
16245;2145
16245;332
16245;5094
16245;16216
16245;19116
13011;3297
13011;12703
13011;10654
13011;4731
19116;20591
19116;15240
19116;6405
19116;15183
19116;1483
19116;10390
19116;8364
19116;12538
19116;18560
18560;11854
18560;797
18560;19326
18560;16256
18560;9221
18560;8604
18560;9412
18560;10554
10554;3158
10554;23058
10554;7550
10554;9792
10554;18114
10554;9765
10554;10045
8738;6641
8738;16331
8738;9339
8738;640
8738;18684
8738;11244
8738;18341
18341;1015
18341;2511
18341;10988
18341;10772
18341;9388
9388;22760
9388;15154
9388;19434
9388;3710
9388;17627
9388;12671
9388;19112
9388;10792
9388;21683
9388;4804
4804;23825
4804;14809
4804;9987
4804;5360
4804;8321
4804;13980
4804;11512
2349;21624
14125;22058
21624;1859
3859;19248
19248;6852
6852;8761
8761;20909
22058;18324
18324;9517
18324;22268
22268;18080
18080;17469
17469;845
17422;10520
19315;1136
24185;17945
1136;472
19894;4169
19894;15182
4169;19659
15182;4854
19659;11975
11975;18872
11071;23616
10385;19100
19100;23646
22634;14436
14436;6750
6750;6920
6920;16570
16570;532
532;16163
16163;4062
4062;13819
13819;14334
14334;13671
13671;18531
13671;23980
18531;19140
23980;6451
23980;1877
19140;6039
6039;6516
6516;8565
6451;13240
1877;16394
13240;11602
16394;17986
17986;15189
23203;23921
23203;19670
23921;22079
19670;4087
22079;17298
17298;15933
15933;23365
23365;13132
13132;9032
9032;4930
9032;19854
4930;20885
20885;7277
7277;10616
10616;128
4087;4736
4087;10296
4736;18556
10296;15348
10296;17616
18556;11196
11196;17234
17234;4589
17234;21099
4589;20819
21099;24210
20819;17366
20819;18523
18523;14054
14054;10287
24210;22084
15348;16546
17616;7928
17616;980
16546;5043
7928;11921
980;6009
11921;4943
6009;19788
19788;17517
17517;11632
11632;14107
11632;22460
14107;15313
14107;3903
3903;21820
17945;4806
4806;13735
4806;3599
13735;2114
3599;14253
2114;10809
14253;22848
22848;5536
5536;1234
1234;15200
15200;23201
23201;3036
3036;228
228;3251
3251;19251
19251;14115
14115;2121
2121;10494
10494;14634
14634;9010
9010;19463
19463;21612
21612;1857
1857;22479
22479;22568
22568;670
670;14837
14837;2017
2017;9466
6279;18239
6279;13732
18239;24262
13732;9273
13732;19881
24262;4749
4749;21344
21344;7429
7429;16288
16288;575
575;20201
20201;20064
20064;357
357;872
872;2704
2704;17894
17894;16958
16958;18472
18472;5106
5106;20440
20440;7584
7584;21985
21985;8515
8515;17612
17612;2564
2564;9664
9664;23220
23220;7732
7732;16464
16464;15583
15583;10931
10931;13399
13399;866
866;6799
6799;14306
14306;6155
6155;4145
4145;18099
18099;11205
11205;8111
8111;1702
1702;10662
10515;22014
22014;21292
21292;14746
14746;5378
5378;20054
20054;24050
24050;569
569;19868
19868;13843
13843;16020
16020;6601
6601;18939
11957;22388
6052;12209
12209;14344
14344;16706
16706;3978
3978;4475
4475;11454
11454;7164
7164;13273
13273;21417
21417;7149
7149;4089
4089;10757
10757;23083
23083;12677
12677;12499
12499;1447
1447;16604
16604;5495
5495;387
387;4723
4723;8830
8830;19106
19106;5453
5453;2543
2543;16660
16660;10027
10027;11120
11120;12516
12516;5955
5955;17679
17679;7388
7388;17910
17910;14179
14179;2047
2047;5677
5677;2105
2105;2491
2491;14432
14432;791
791;21270
21270;19733
19733;18691
18173;2970
2970;711
249;4938
13224;9437
9437;16157
16157;9575
9575;3774
3774;15852
15852;23050
23050;21566
23050;12145
23050;12572
21566;12490
12145;21689
12572;13218
12490;23451
23451;15328
15328;17905
17905;8373
8373;7475
8373;2469
7475;12689
12689;11497
11497;12351
12351;13710
13710;20131
20131;9210
20131;17046
21689;3191
13218;9222
9222;14780
9222;11240
6711;9065
9065;14291
11326;8490
7683;12919
12919;14202
10031;18849
18849;23968
23968;18745
18745;4139
4139;15401
15401;14242
14242;7044
7044;21722
21722;10502
10502;23631
23631;4693
4693;9724
4693;4947
9724;7554
4947;8950
7554;21682
21682;7990
7990;20325
20325;17879
20325;10159
10159;21677
21677;12362
12362;6222
6222;22100
22100;2926
22100;11877
22100;14856
14856;17156
14856;12385
12385;4006
8950;10312
10312;15813
15813;12965
12965;4278
4278;22078
22078;20917
20917;22993
22993;16008
16008;5806
5806;2060
2060;19070
19070;20809
20809;10328
10328;4544
4006;7588
7588;23299
23299;5828
5828;912
912;2648
2648;16878
16878;1288
1288;15662
15662;17446
17446;3141
3141;223
223;19467
19467;3759
3759;19242
19242;20317
