id;x;y;z
32770;407604.67;5283567.15;1494.18
32772;407241.38;5282861.81;1148.55
32773;407209.9;5283232.4;1448.83
5;408847.35;5285298.42;1587.1
10;408235.04;5284090.34;1499.11
11;408012.86;5284025.99;1389.71
12;407761.24;5283835.39;1380.42
32781;407630.92;5283992.86;1436.96
16;407492.99;5283213.57;1297.29
32785;408102.09;5284046.54;1516.26
32786;408306.45;5283833.66;1566.02
19;408178.54;5283957.29;1516.22
23;407692.19;5283570.63;1511.89
32791;407626.24;5283561.18;1524.88
24;408397.99;5284645.34;1595.38
26;408900.35;5285344.36;1456.58
32796;407674.23;5283801.02;1547.82
32797;407876.3;5284100.79;1335.5
32798;407762.12;5284004.11;1346.88
32799;407416.36;5282959.12;1054.22
32;407788.71;5283826.92;1486.25
33;407815.57;5284074.64;1440.24
34;408858.93;5284558.86;1424.11
32805;407984.01;5283899.86;1540.85
39;407431.31;5282875.76;976.84
32813;407595.87;5283789.77;1436.71
47;407721.03;5283664.34;1430.47
48;407707.97;5283815.31;1534.35
32817;407997.21;5283483.21;1204.6
32816;407522.03;5283884.35;1382.17
53;407755.49;5283266.5;1531.25
54;407421.28;5282781.81;947.44
56;408167.46;5284085.06;1477.11
32826;407737.97;5283821.33;1531.6
58;407338.92;5282683.66;926.35
64;407501.78;5283852.02;1427.61
65;408442.43;5284831.86;1643.17
69;407436.92;5282932.68;1024.49
71;407166.51;5282864.21;1120.5
32845;407731.89;5283887.05;1542.97
77;407666.95;5283654.36;1476.07
32846;407865.88;5284110.1;1336.45
32849;408034.84;5284006.54;1260.68
32851;408849.17;5285381.49;1622.45
32852;407675.58;5283960.46;1460.4
86;407811.81;5283730.88;1554.36
87;407591.65;5283988.43;1406.86
32856;408160.41;5284113.87;1530.01
32857;407499.32;5282940.99;976.22
32858;407622.61;5283835.04;1499.62
32859;408883.13;5285171.66;1425.38
92;408268.0;5284369.12;1500.61
98;409139.01;5285334.87;1589.95
99;408569.57;5284874.75;1609.52
32868;407447.42;5282938.01;1014.63
102;407816.45;5284070.44;1439.37
32871;407680.78;5283905.93;1403.03
32872;407451.81;5283358.2;1398.22
32874;407622.74;5283427.22;1414.51
32875;407664.7;5283596.4;1467.38
109;407820.38;5283436.08;1518.56
32880;407620.74;5283867.9;1344.7
114;407961.35;5283807.18;1515.82
119;407242.68;5282880.55;1128.21
32888;407373.35;5283049.66;1072.74
121;407573.25;5283807.49;1313.05
32890;407711.02;5283963.1;1370.04
32891;407470.24;5283350.96;1419.85
32892;407462.07;5283352.76;1365.76
32893;407462.28;5283330.66;1395.99
32895;407592.36;5283794.24;1442.71
32896;407762.4;5283946.92;1353.19
129;408403.77;5284773.8;1548.28
127;408182.78;5284122.76;1508.26
139;407636.36;5283851.22;1440.68
32908;407799.03;5283596.0;1459.79
32909;407817.74;5283670.88;1490.69
142;407717.29;5283970.98;1364.61
32907;407186.1;5282872.22;1108.73
144;407378.54;5282863.36;998.23
32913;407196.3;5283244.7;1452.79
147;407927.14;5283718.09;1456.15
32915;407680.83;5283750.21;1480.55
32917;407642.31;5283847.39;1462.95
32918;407424.28;5282994.3;1073.5
32920;407734.19;5283788.33;1484.73
32921;407563.71;5283528.12;1472.61
32922;407582.12;5283822.17;1472.96
154;407616.37;5283949.34;1338.15
32924;407806.33;5283562.12;1449.43
155;407627.94;5283156.77;1242.57
32926;407741.34;5283883.48;1465.83
159;407213.03;5283240.99;1438.5
160;408183.63;5284178.03;1488.77
32929;407788.29;5283825.74;1497.72
153;407529.39;5282880.14;1034.58
163;407636.88;5283811.99;1451.34
164;407975.26;5283755.11;1399.6
169;407613.97;5283901.11;1443.23
171;408233.8;5283772.43;1492.04
172;407599.54;5283737.65;1513.91
175;407403.06;5282895.01;978.46
32944;408678.7;5285070.13;1610.1
32949;407398.82;5283370.14;1453.42
32950;407796.91;5283864.98;1490.16
181;407405.43;5282849.05;972.88
186;409087.26;5285448.11;1635.89
189;407207.66;5283226.25;1358.7
32959;407693.31;5283863.96;1541.93
32961;408074.1;5283967.86;1454.2
32962;408241.0;5283910.7;1475.91
199;407625.4;5283565.37;1518.96
32968;407646.75;5283932.64;1253.1
32972;409084.8;5285264.15;1538.98
32973;407906.95;5283842.44;1539.5
32975;407984.86;5283704.18;1380.91
32976;407388.19;5283186.67;1310.65
211;407246.11;5282881.47;1129.47
212;407568.48;5283496.13;1453.48
32985;407566.17;5282865.67;1044.81
32987;408363.33;5284569.09;1613.56
219;408625.88;5284649.19;1472.54
32988;407812.01;5283172.03;917.99
32991;407538.5;5283140.92;1245.98
224;407639.65;5283565.88;1452.15
32994;407930.16;5283757.64;1490.9
32998;408201.06;5284036.25;1465.89
32999;408816.06;5285350.61;1611.62
33002;407910.58;5283737.02;1477.94
234;407979.13;5283668.81;1407.6
33003;407437.88;5282782.37;928.54
245;407702.09;5283890.62;1539.91
33014;408406.73;5284594.65;1665.25
250;408886.86;5285442.27;1636.51
33020;408198.91;5284038.33;1474.21
33021;407586.37;5283907.92;1436.41
255;408193.05;5284178.15;1521.53
256;407802.15;5283780.55;1516.54
257;408068.93;5283998.08;1493.23
259;407703.39;5283696.45;1514.38
33029;408856.35;5285335.53;1797.38
33033;408199.64;5284021.52;1484.71
269;408088.81;5284009.0;1506.23
33045;407169.26;5282854.85;1079.67
33046;408197.33;5284287.46;1499.27
278;407738.26;5283830.45;1531.55
281;407676.48;5283816.8;1504.36
282;407342.76;5283194.12;1193.02
283;407899.71;5283786.77;1635.54
284;407534.68;5283372.51;1399.32
33051;407221.53;5283182.59;1339.97
33054;408112.89;5284056.76;1505.98
289;407697.22;5283909.16;1347.98
290;407719.07;5283750.92;1493.71
33057;407574.65;5283970.76;1392.92
293;407359.37;5282946.51;1073.28
298;408079.06;5283472.92;920.65
33070;407805.75;5283732.07;1542.52
303;409047.93;5285430.52;1617.67
306;407679.81;5283808.67;1518.12
33075;407678.44;5283831.34;1503.86
33080;408271.3;5283792.25;1527.89
33081;408200.16;5284024.45;1486.79
313;407620.76;5283930.65;1491.8
317;407713.43;5283983.64;1359.94
33087;407880.35;5283258.54;931.19
323;407722.8;5283859.01;1490.02
33094;409057.9;5285454.35;1546.72
33098;407956.05;5283837.47;1522.25
331;408753.33;5284640.97;1482.27
33101;408393.02;5284595.35;1602.7
33103;408429.41;5284471.53;1500.84
33104;408347.82;5283824.83;1548.89
33105;407852.18;5283503.16;1496.99
336;408015.91;5283620.66;1353.78
338;407624.5;5283989.18;1421.71
33109;407821.19;5283259.29;1510.21
342;407394.41;5282963.63;1072.09
347;408015.07;5283880.73;1517.03
33117;407554.07;5282893.08;1064.0
33118;407418.83;5282838.92;956.56
33119;407700.25;5283917.01;1322.88
353;407653.31;5283535.77;1520.18
33122;407204.06;5283220.7;1379.22
33124;407714.37;5283199.01;1513.83
357;407461.84;5283275.0;1355.61
33130;407582.91;5283493.65;1443.82
33133;407151.4;5282890.78;1124.04
369;407681.7;5283886.68;1408.31
371;407845.94;5283516.36;1509.25
372;407698.35;5283626.03;1505.48
374;408172.62;5284147.29;1521.06
33142;408262.97;5283782.2;1491.75
378;407782.54;5284064.17;1421.15
379;408012.12;5283478.77;1183.72
33149;407940.52;5283682.82;1387.43
382;407611.72;5283939.59;1398.97
384;407694.38;5284026.97;1397.89
385;408970.11;5285498.24;1773.55
33156;408074.57;5284078.83;1545.95
33157;407616.98;5283902.37;1472.36
33159;408007.69;5283606.81;1327.93
392;407724.47;5283763.48;1538.77
397;407900.89;5283845.78;1462.46
33165;407679.5;5283949.85;1471.03
399;407676.32;5283706.26;1466.91
401;407567.93;5282860.2;1040.2
404;407655.74;5283908.05;1415.8
33173;407677.17;5283806.41;1518.75
33175;407672.21;5283755.64;1478.87
411;407456.19;5283377.16;1433.52
413;407974.03;5283376.07;923.34
416;407803.85;5283762.08;1510.13
33185;408269.0;5284369.22;1512.4
33188;408774.18;5285006.69;1457.45
33190;408231.83;5283925.1;1494.32
422;407217.08;5282757.8;1052.99
33193;407624.47;5283550.58;1500.51
426;407798.64;5283488.24;1499.75
427;407667.94;5283765.86;1478.37
428;407706.26;5283675.23;1504.36
33197;407229.51;5282542.68;938.57
33200;408205.36;5284250.22;1502.52
33205;407886.72;5283845.58;1460.1
440;407901.46;5283608.38;1327.24
442;407798.5;5283835.84;1485.57
33210;407701.68;5283890.43;1404.5
444;408083.88;5283974.74;1551.2
33212;407277.31;5282977.29;1074.82
443;407552.6;5282880.81;1057.14
447;407721.34;5283798.41;1484.99
451;407711.99;5283829.02;1519.04
453;407847.56;5283866.39;1401.76
455;407738.66;5283107.36;1529.88
33229;408174.55;5283857.94;1456.6
466;407853.63;5283765.56;1598.15
33236;407608.11;5283893.78;1485.49
469;407723.03;5283197.18;1520.06
470;408636.82;5285000.41;1615.88
473;408015.8;5283887.98;1515.88
475;407581.13;5283813.1;1319.77
477;407438.3;5282978.38;1054.04
478;409119.06;5285547.59;1648.26
481;408137.55;5284095.85;1527.26
482;408730.1;5285097.23;1572.0
33253;407850.69;5283983.24;1518.94
33255;407813.58;5283748.2;1587.71
490;407697.78;5283900.14;1414.36
33260;408337.04;5284574.44;1609.5
493;409007.15;5285449.81;1425.92
33262;408106.37;5284034.47;1516.3
495;408027.73;5283911.2;1509.19
492;407867.14;5283676.04;1514.99
499;407675.77;5283635.93;1456.82
33267;407585.55;5283251.5;1419.73
500;407767.43;5284051.68;1413.55
33272;407297.09;5282629.6;961.0
33273;407675.08;5283923.49;1364.81
507;407620.26;5283565.73;1516.55
33276;407656.39;5283191.06;1467.64
509;408011.54;5283878.26;1515.63
33280;407183.49;5283267.44;1471.66
33281;409023.25;5285440.41;1571.33
516;407625.71;5283159.25;1233.38
33285;407652.49;5283488.81;1424.5
33286;408863.13;5285343.18;1804.56
520;408265.59;5283765.52;886.85
33289;407825.23;5283693.88;1476.4
33292;407743.59;5283898.66;1434.68
33294;407997.23;5284047.96;1514.71
33295;407696.77;5283687.55;1459.38
532;407675.26;5283819.96;1502.16
33300;407620.34;5283846.69;1373.35
535;409109.48;5285304.24;1557.17
33305;407501.55;5283844.71;1420.64
33308;408566.1;5284930.08;1618.67
543;407687.14;5283529.03;1438.32
544;407597.08;5283897.32;1395.99
545;408189.77;5284278.57;1459.14
33314;407715.61;5283788.23;1495.79
33315;408180.22;5283750.01;1481.71
546;407471.0;5283362.26;1410.2
547;407628.77;5283190.96;1450.38
548;407256.45;5282900.62;1109.08
552;407591.6;5283536.65;1466.75
33321;408445.33;5284654.42;1547.42
553;408083.56;5284018.69;1499.73
33323;407330.04;5282957.52;1079.73
556;407557.34;5283039.74;999.58
33325;407646.88;5283889.84;1457.97
33326;407527.92;5282964.09;975.49
560;407599.98;5283866.0;1459.11
33331;407694.66;5283837.92;1391.57
564;407995.7;5283585.06;1359.8
565;408198.67;5283972.48;1494.73
566;408199.47;5283984.6;1491.17
33335;407693.74;5283579.88;1518.83
570;408005.3;5284089.77;1495.01
33341;407484.3;5283346.41;1407.55
573;407671.92;5283561.04;1524.61
33344;407640.48;5283878.45;1346.23
33347;407724.61;5283811.57;1400.4
33350;408878.27;5285168.14;1424.63
583;408300.1;5284413.17;1506.57
586;407546.43;5283523.91;1475.1
588;407639.16;5283814.52;1470.65
589;407964.22;5283709.64;1399.13
590;408185.1;5284224.2;1507.67
594;408109.94;5283682.25;1330.27
33363;408753.4;5285013.64;1468.47
597;408894.35;5285349.97;1623.34
602;407652.56;5283889.68;1446.07
604;407981.2;5283609.87;1355.49
605;407857.86;5284074.97;1468.03
33375;408685.29;5284792.63;1439.84
33377;407380.24;5282894.22;956.87
611;407470.82;5283855.17;1411.41
33379;407878.59;5284104.4;1335.98
613;407843.27;5283511.29;1507.09
614;408469.47;5284774.65;1626.4
33382;408719.37;5285020.72;1570.35
616;408189.84;5283948.68;1488.38
615;407361.7;5283165.14;1299.36
33386;408038.43;5283855.69;1519.52
619;407957.13;5283884.3;1519.78
33388;408861.4;5284572.76;1425.32
33389;407837.48;5283821.69;1510.47
623;407699.97;5283798.52;1514.78
33394;407590.51;5283536.54;1455.02
627;407766.4;5283643.19;1478.13
628;408253.12;5283826.13;1484.2
629;407988.07;5283643.85;1392.12
33398;407917.24;5283748.27;1491.61
33400;407951.52;5283655.63;1402.44
633;407637.29;5283797.96;1519.64
33411;408220.15;5283821.02;1531.26
644;407673.31;5283950.72;1383.2
33413;408364.43;5284569.8;1611.89
646;408480.09;5284695.56;1618.09
33414;408910.52;5285353.09;1588.96
647;408230.48;5283868.67;1457.04
649;407822.59;5283663.75;1460.68
645;407692.4;5283797.66;1514.25
33425;407649.58;5283822.81;1514.03
33426;408673.33;5285058.46;1608.78
659;409120.76;5285322.4;1569.51
661;408063.31;5283953.54;1545.16
33430;407725.92;5283871.45;1487.83
665;407245.98;5282923.85;1087.08
666;408412.09;5284836.09;1480.5
667;407844.01;5283675.44;1463.26
668;407329.01;5283109.17;1175.15
33439;408274.32;5283820.11;1519.09
672;407599.93;5283732.98;1514.34
674;407734.14;5283998.35;1388.18
33443;408197.04;5284033.31;1477.15
33444;408266.63;5283783.11;1515.44
33447;407574.87;5283532.41;1512.35
681;407644.83;5283952.69;1460.81
684;407220.35;5283262.66;1449.86
685;407765.68;5283828.66;1475.84
687;408332.67;5283817.85;1506.11
688;407640.14;5283540.14;1510.54
689;408160.07;5284091.69;1511.99
33458;408211.27;5283758.47;1497.42
33457;407825.41;5284019.3;1450.51
33464;407541.23;5283382.61;1401.26
33465;408586.16;5284875.98;1604.67
698;407645.06;5283897.78;1521.14
699;407239.04;5282859.91;1146.52
700;408192.2;5284269.94;1497.87
701;407354.96;5282950.06;1040.77
33480;407194.66;5282818.05;1037.71
714;408229.37;5283800.88;1498.69
33482;407912.56;5284175.3;1263.82
33484;407497.13;5283889.31;1430.28
718;407407.33;5283225.48;1320.77
33487;408600.09;5284933.27;1628.22
33486;407564.65;5282869.83;1043.18
33489;408184.12;5284178.49;1487.5
33491;407699.71;5283966.92;1346.61
725;407799.7;5283832.67;1378.36
726;409010.66;5285419.6;1603.08
728;407729.18;5283657.78;1500.82
33496;407184.35;5282796.39;1025.68
33499;407595.27;5283829.43;1456.2
33500;408203.82;5284302.43;1496.46
33501;408932.81;5285387.61;1445.11
734;408045.45;5283497.57;1225.86
33505;407558.16;5283035.11;997.74
33506;407671.54;5283958.46;1458.86
740;407634.93;5283831.49;1471.5
33509;408898.67;5285159.45;1410.24
741;407579.58;5283881.95;1465.37
33511;407983.19;5283703.05;1395.03
746;407602.21;5283881.17;1465.59
33515;407909.16;5283596.49;1322.23
748;407808.55;5283689.93;1506.64
33514;407639.99;5284006.9;1457.72
33518;408014.74;5283671.05;1413.64
752;407632.21;5283539.58;1504.24
33528;409071.31;5285487.52;1603.41
765;407638.64;5283958.51;1391.21
33533;407863.58;5284073.55;1475.43
767;407651.19;5283960.86;1468.46
33536;408270.28;5283821.61;1570.58
33541;408061.77;5283963.08;1503.89
33542;407802.46;5283758.38;1508.71
33543;407196.2;5283217.84;1454.46
776;407961.11;5283787.38;1402.91
33550;408207.47;5283680.89;967.17
33551;407420.06;5283378.98;1466.56
33553;407553.74;5283795.9;1447.97
786;407200.86;5283258.26;1479.72
790;407654.04;5283989.12;1424.22
792;409070.33;5285329.6;1527.13
33560;408346.42;5283802.27;1488.49
797;407584.38;5283828.86;1474.03
33566;408385.75;5284540.03;1640.49
799;407201.43;5282824.64;1039.25
802;407431.08;5282808.76;923.32
33577;407592.44;5282956.37;964.36
33582;408348.16;5284580.97;1664.62
814;409045.03;5285458.62;1558.02
818;407401.0;5282894.83;978.75
819;409021.7;5285406.25;1635.54
33589;407816.54;5283638.93;1476.63
822;407444.92;5283387.3;1442.17
823;408136.13;5283710.74;1330.85
824;407464.18;5283331.1;1393.9
825;407795.72;5283250.86;1549.97
827;407908.25;5283595.04;1321.87
33598;408748.7;5285052.41;1594.8
830;408867.57;5285338.52;1626.1
33602;407600.22;5283890.54;1463.34
837;407446.65;5283326.82;1363.87
33606;408486.03;5284719.81;1609.11
839;407703.27;5283701.53;1459.33
33609;407724.35;5283865.79;1487.53
842;409066.12;5285423.12;1560.65
843;408321.51;5284560.9;1613.08
33612;408697.66;5285121.11;1616.58
33613;407681.76;5283916.69;1519.1
846;408118.54;5284028.86;1523.23
33610;407675.78;5283988.39;1438.08
33611;407425.31;5282882.43;978.14
33617;408514.97;5284632.99;1426.45
849;407807.51;5283243.07;1556.98
33623;408446.89;5284798.13;1641.79
33626;408193.28;5284252.92;1517.07
33629;407508.55;5283324.27;1394.29
33630;408126.5;5284040.04;1526.46
866;407379.07;5283167.12;1275.63
33635;409069.61;5285437.13;1626.68
869;409076.07;5285326.27;1532.04
33637;407354.78;5283066.48;1102.71
33640;408874.97;5285165.18;1424.01
873;409131.81;5285352.58;1589.3
875;407511.91;5283450.74;1442.92
33644;407639.47;5283822.05;1448.93
877;408191.94;5284022.6;1480.02
33646;407835.31;5283677.08;1466.39
33645;407838.42;5283675.98;1477.68
33643;407676.89;5283140.58;999.92
33649;407841.19;5283693.32;1509.94
33647;407512.32;5283027.8;1035.88
33648;407861.9;5283395.35;990.54
884;407675.27;5283751.97;1479.88
886;408459.37;5284845.28;1644.19
887;407667.05;5283774.07;1538.16
889;408488.84;5284518.93;1486.52
890;408221.45;5284279.39;1503.32
894;407675.33;5283808.03;1516.06
33664;408375.08;5284654.2;1601.44
33666;407827.11;5283581.41;1475.48
899;409069.49;5285428.72;1542.06
898;407935.81;5283745.07;1476.25
901;407853.71;5283384.88;980.01
902;407654.61;5283864.86;1503.0
33674;407571.46;5283268.92;1406.47
33677;408423.9;5284642.41;1614.28
33678;407997.42;5283753.66;1415.21
909;407698.69;5284000.74;1371.86
912;407587.06;5283905.14;1480.41
910;407496.44;5283049.76;1043.34
33683;408748.44;5284924.28;1478.88
916;408346.08;5283794.21;1487.76
915;407652.23;5283758.85;1542.53
33689;408845.85;5285376.52;1619.41
921;407687.16;5283743.79;1513.24
33691;407965.36;5283761.3;1396.46
33692;407612.38;5283867.09;1398.29
33695;407300.71;5283107.48;1160.2
929;407591.86;5283878.33;1480.25
930;407725.37;5283566.19;1439.33
931;408506.57;5284764.02;1602.07
33699;407569.93;5283519.27;1499.5
33701;407927.34;5283790.83;1628.9
935;408310.78;5283837.3;1573.35
936;407499.09;5283029.5;1035.11
33705;408074.48;5283983.33;1545.37
937;407380.39;5283189.09;1285.4
33707;407593.78;5283884.28;1395.85
945;408083.03;5284009.5;1491.41
33714;408691.94;5284852.57;1464.06
946;407642.32;5283576.42;1520.14
33717;407779.01;5283357.94;1517.81
951;408176.12;5284178.18;1465.07
954;408185.15;5283948.2;1491.97
956;407620.6;5283851.14;1376.13
33725;407739.09;5283609.78;1306.28
33726;407686.69;5283532.11;1437.75
959;409096.64;5285436.98;1578.31
33727;407822.86;5283663.02;1481.04
33731;407688.47;5283803.87;1495.63
33735;407778.17;5283262.57;1541.99
968;407653.71;5283968.7;1383.78
967;407618.65;5283093.57;1040.56
971;408793.68;5285203.02;1563.19
33739;407549.7;5283897.96;1405.42
33743;407833.73;5283665.12;1463.27
978;407433.34;5282850.8;954.19
33748;407878.26;5283857.68;1351.81
33750;407709.99;5283631.7;1502.13
33753;407636.58;5283578.63;1459.46
33756;407582.89;5283818.2;1319.77
989;407409.12;5282974.46;1069.87
990;409069.41;5285460.47;1555.33
992;407694.97;5283151.29;1244.4
993;407355.05;5283167.66;1169.37
994;407591.96;5283524.71;1451.6
33762;407585.88;5283902.24;1473.93
996;408050.75;5283499.5;1223.23
33770;408526.43;5284730.57;1613.31
33771;407492.17;5283018.85;1034.03
33772;408043.78;5283999.84;1521.78
33773;407414.06;5283391.3;1462.87
33777;407783.69;5284052.07;1420.11
33779;407817.91;5283737.7;1496.12
33780;407676.32;5283932.29;1373.91
1013;407645.54;5283144.34;1030.52
1015;408379.1;5284532.01;1643.43
33784;407522.8;5283882.59;1393.54
1020;407789.12;5283673.33;1502.3
33789;408995.32;5285458.14;1371.67
33790;407611.85;5283814.6;1504.35
33791;407723.16;5283881.94;1542.72
1021;407816.8;5284034.69;1441.19
1027;408905.87;5285307.46;1432.64
33797;407785.65;5283298.48;1543.43
33798;408186.0;5284100.06;1489.1
33799;407506.63;5283441.74;1439.69
33801;407897.44;5283740.04;1482.15
33803;408181.67;5284198.66;1504.26
1036;408893.56;5285339.02;1623.29
1038;407999.16;5283722.92;1406.05
1042;407650.53;5283895.61;1514.91
33810;407541.86;5283059.92;1036.08
1044;409100.82;5285318.74;1548.91
33813;408351.56;5284569.89;1655.11
1045;407614.88;5283848.04;1359.45
1047;407689.57;5283619.62;1482.99
1048;407255.03;5283176.87;1365.6
1049;408011.32;5283599.92;1351.7
33818;407842.53;5283510.88;1512.28
1051;408160.09;5283928.71;1490.69
1052;408022.12;5284043.31;1523.47
33812;407657.18;5283949.45;1262.21
33819;407812.17;5283988.54;1433.1
1057;409023.85;5285417.9;1650.83
1058;408198.07;5283771.06;1492.14
1061;407625.93;5283905.46;1509.3
1067;408239.02;5284262.54;1489.98
33841;407892.29;5283290.09;924.46
1077;407304.79;5283176.72;1345.88
33847;408215.98;5283915.49;1511.01
33848;407728.13;5284008.6;1376.84
1082;407556.35;5283525.38;1477.07
33854;407749.4;5283784.56;1543.82
1087;407441.14;5283198.92;1299.9
1088;408598.31;5284962.9;1616.49
33857;408271.78;5283812.79;1504.68
33858;408190.31;5283754.8;1493.32
1091;407192.79;5282839.39;1127.82
33861;408371.77;5284576.42;1611.57
1093;408841.83;5285370.21;1625.81
1095;408347.72;5283866.15;1590.45
1096;408706.15;5285017.35;1583.63
33863;407637.03;5283892.73;1473.38
33866;408914.08;5285180.79;1428.67
1099;408355.15;5284576.44;1581.24
1094;407575.15;5283076.7;1154.04
33864;407863.26;5284071.72;1474.74
33870;408181.3;5283951.18;1511.34
33871;408411.62;5284833.19;1485.12
1104;407156.05;5282895.44;1095.14
1105;408997.64;5285433.4;1674.16
1106;407467.57;5283372.55;1427.23
33873;407663.46;5283874.9;1490.98
1108;407976.1;5283822.1;1517.43
33875;407599.82;5283714.8;1536.82
1112;407677.14;5283201.81;1485.38
1113;408035.79;5283913.06;1513.65
1115;407637.63;5283597.64;1470.19
1116;407709.92;5283635.11;1443.63
33886;407599.69;5283563.6;1490.96
33889;407456.99;5283359.88;1367.29
33890;408718.85;5284986.76;1568.22
33891;407812.77;5284057.23;1356.09
1124;408792.79;5284621.93;1486.39
1129;408075.82;5284121.46;1553.75
1131;407531.18;5283779.33;1467.75
1135;407605.11;5283803.3;1504.02
33906;408503.25;5284770.19;1602.87
1138;408720.52;5285067.74;1558.84
1139;407588.05;5283877.06;1422.87
1141;407699.89;5283565.16;1518.53
33912;409062.71;5285432.59;1568.78
33915;407204.52;5282866.77;1082.32
33917;408269.82;5283795.08;1521.43
1149;407656.77;5283568.38;1515.73
1151;407412.91;5283383.48;1469.97
33921;407645.54;5283656.93;1427.03
33922;408990.88;5285453.57;1666.3
1155;407332.93;5283150.05;1149.38
33926;408246.03;5283818.2;1507.1
1161;409114.69;5285415.49;1605.14
1162;409005.67;5285484.72;1648.43
1163;407811.71;5283495.89;1514.66
1164;408909.25;5285304.37;1428.11
33933;407889.89;5283765.24;1503.76
33934;407642.17;5283125.6;1025.16
1168;407756.49;5284017.73;1379.63
33938;408170.74;5283948.96;1485.19
1171;407707.82;5283674.41;1486.34
33939;407734.29;5283636.24;1426.07
1173;407593.63;5283720.84;1529.09
33941;407641.72;5283880.18;1393.39
33944;407649.89;5283897.48;1461.51
1177;407604.88;5283946.42;1476.19
33945;407678.4;5283136.58;999.53
1180;408248.65;5283664.25;933.27
1181;407717.08;5283663.19;1505.85
1182;407638.13;5283875.65;1345.59
1184;407623.51;5283920.96;1473.17
33953;407665.39;5283866.08;1452.18
33955;407690.08;5283144.81;1240.95
33957;407664.05;5283905.67;1463.95
33958;407539.8;5283178.07;1288.87
1189;407332.21;5283088.69;1131.53
1192;407539.49;5282994.25;987.22
33965;408256.28;5284262.79;1465.75
1198;408256.72;5284358.88;1512.47
1199;408181.28;5283847.08;1378.17
1200;407882.52;5284129.56;1290.2
33973;407730.23;5283097.63;1252.45
1207;407825.57;5283667.72;1459.97
33976;408237.58;5284094.74;1506.1
33975;407360.77;5283179.48;1315.53
1211;407724.35;5283865.69;1487.61
33982;407222.94;5282719.77;1050.7
33983;407681.36;5283175.72;1488.07
33984;407866.01;5283485.64;1277.76
33987;407728.8;5283850.55;1485.04
1220;407787.99;5283845.95;1349.64
33989;408484.55;5284503.69;1498.48
33990;408253.37;5283903.06;1464.42
1221;407658.63;5283594.32;1468.18
1222;407583.21;5283486.72;1444.34
33992;407426.08;5282928.67;1031.02
1223;407487.31;5282882.93;966.08
1227;407556.74;5283016.48;993.08
33998;407288.03;5283161.29;1267.25
33999;407923.34;5283881.42;1477.48
34001;408696.46;5285118.6;1611.18
1234;408202.69;5284253.58;1506.16
1235;407308.91;5283017.71;1114.1
1236;407943.7;5283806.85;1576.7
34005;408528.04;5284740.72;1605.62
34008;408085.42;5283966.62;1440.93
34010;407664.81;5283881.59;1473.82
34012;407730.54;5283634.47;1432.93
1246;408241.5;5284267.11;1504.31
1247;407668.57;5283608.3;1470.79
1248;408556.94;5284877.0;1593.87
1249;409095.94;5285460.04;1645.16
34016;407772.14;5283502.65;1475.27
1251;407836.45;5283507.54;1502.12
1252;407713.4;5283621.29;1446.86
34015;407587.17;5283899.65;1472.32
34022;407836.1;5283670.2;1457.86
1253;407891.9;5283508.3;1267.61
1256;408414.13;5284457.61;1504.82
34026;407716.07;5283699.33;1514.32
34029;408793.44;5284634.87;1472.78
1264;408377.98;5284533.9;1640.31
1265;407461.44;5282839.89;930.64
1270;408328.52;5283846.75;1558.92
34039;408346.9;5283823.1;1512.79
1272;408912.54;5285365.8;1500.61
1271;407723.47;5283862.17;1490.95
1274;407705.71;5283170.44;1508.53
1276;407652.3;5283860.74;1517.81
1277;407520.77;5283182.84;1278.9
1278;408888.45;5285157.75;1419.56
34048;407977.25;5283507.28;1245.47
34049;408944.78;5285388.46;1623.27
34050;407688.74;5283753.6;1529.76
1283;408675.52;5285063.9;1610.47
34052;407971.1;5283536.64;1341.15
34053;407708.13;5283676.17;1476.15
34054;408519.77;5284745.87;1571.12
1285;407660.11;5283865.37;1459.07
1280;407729.94;5283818.48;1398.85
34051;407631.81;5284007.56;1428.62
1290;408221.86;5283793.59;1502.3
34059;407606.63;5283557.3;1496.9
1289;407736.43;5283000.36;907.36
1295;407447.14;5282976.39;1042.84
1296;408869.78;5285356.6;1809.8
34064;407742.85;5283611.52;1301.52
1298;408511.78;5284754.65;1599.85
1299;407639.03;5283910.58;1467.74
34069;407689.93;5283901.96;1410.05
1304;407583.83;5283921.55;1388.27
34074;407671.46;5283605.96;1469.44
1310;407732.25;5283768.02;1483.29
34080;408138.81;5283865.24;1478.87
34082;407649.34;5283567.9;1504.39
1318;407831.53;5283696.21;1476.65
34087;407603.16;5283912.96;1397.37
34089;408221.33;5284267.5;1505.35
34091;407686.53;5283950.29;1344.22
34094;408164.94;5283939.07;1494.01
1328;407433.52;5282939.63;1029.82
1330;408269.91;5284043.51;1513.67
34102;407653.7;5283756.28;1471.07
1334;407311.03;5282928.41;1093.62
34104;408139.32;5284098.84;1529.4
1337;407684.03;5283160.13;1484.6
1346;407971.36;5283690.85;1391.83
1349;409020.62;5285400.14;1629.76
34118;407628.34;5283911.63;1506.26
1351;407708.53;5283807.03;1536.49
1352;407669.2;5283619.07;1472.22
34121;408471.29;5284689.44;1617.98
1357;407681.59;5283895.66;1509.46
1359;408580.16;5284884.52;1601.21
34128;407826.93;5283684.09;1492.21
34129;407450.82;5283375.6;1434.91
34130;407605.78;5283912.78;1400.05
1360;407505.04;5283829.1;1408.82
34136;407607.39;5283100.58;1053.74
34139;407755.81;5283078.73;1060.8
34140;407718.53;5283033.38;1529.13
34141;409058.38;5285331.21;1514.38
34142;407842.34;5283834.45;1508.95
34143;407702.18;5283640.56;1451.15
1371;407644.52;5283151.89;1037.27
34145;407824.83;5284012.61;1452.95
1378;408926.72;5285378.45;1556.75
34147;407846.64;5283673.73;1460.11
34152;407982.73;5283490.39;1218.44
1385;408087.28;5283972.13;1487.31
1386;408234.1;5284291.6;1506.42
34154;407814.17;5283986.6;1442.51
1388;407598.8;5283239.72;1427.56
1390;409075.08;5285315.33;1510.61
1391;409094.97;5285288.69;1542.71
34158;407884.24;5283767.84;1506.74
1392;407766.58;5283307.83;1457.09
34161;407659.93;5283944.08;1386.05
1395;409066.21;5285441.71;1580.0
34165;409068.91;5285488.49;1597.59
1398;407794.34;5283830.26;1502.16
34167;407430.81;5282940.63;1031.25
1397;407269.09;5282890.68;1121.41
34175;408340.66;5283800.26;1496.96
1408;407591.45;5283904.93;1478.07
34177;407394.52;5283171.5;1340.61
34179;407733.6;5283869.92;1543.75
34180;408376.15;5284544.91;1545.99
34181;408872.1;5285195.69;1429.49
34184;407430.2;5282940.43;1022.43
34185;407592.74;5283915.45;1396.33
34186;407988.37;5283445.0;1137.31
34187;408029.66;5283987.73;1513.91
1428;408651.74;5284744.93;1476.96
34198;408254.82;5283785.63;1494.91
1432;409101.64;5285445.04;1583.98
1433;407494.05;5283233.7;1272.0
1435;408758.0;5285089.55;1581.49
34204;408850.81;5285315.85;1600.47
1437;408880.37;5285347.82;1803.81
34206;408170.56;5283944.15;1484.92
1439;407673.11;5283955.52;1454.94
1440;408181.68;5284126.62;1507.19
34214;408404.44;5284668.85;1594.79
1446;407773.04;5283860.29;1381.22
1452;407671.28;5283888.87;1395.06
1453;407713.03;5283527.35;1511.72
34222;407643.3;5283891.81;1355.95
34221;407616.78;5283084.9;1026.28
34224;407936.69;5283813.15;1550.81
1457;407683.3;5283890.04;1507.19
1459;407590.22;5283887.64;1394.99
34229;408096.29;5284014.59;1487.0
34230;408085.83;5283980.46;1504.53
34233;407822.47;5283698.44;1502.53
34237;408217.56;5284323.76;1495.0
1470;407585.0;5283076.19;1033.05
34239;407743.57;5283870.75;1529.58
1472;409021.32;5285481.93;1624.86
34242;408239.57;5283763.87;1486.43
1474;407595.23;5282987.79;1369.04
1477;408119.07;5283878.46;1462.2
1479;407141.97;5283242.78;1476.31
1480;408177.0;5283915.14;1489.15
34249;409159.98;5285376.08;1581.52
34255;408185.64;5283944.44;1492.8
1491;407515.92;5282955.93;974.81
34260;407715.99;5283666.51;1506.64
1492;407669.37;5283962.74;1457.06
1494;408427.03;5284771.78;1632.04
1495;408073.09;5283956.72;1553.19
34263;407680.41;5283505.66;1430.32
34264;407302.0;5283182.3;1252.87
34266;408063.62;5284020.34;1513.3
34271;407983.26;5283497.98;1220.16
1506;408164.09;5284183.25;1417.02
34274;407626.89;5283755.14;1528.96
34277;407897.28;5283299.15;934.45
1510;409112.14;5285500.69;1677.48
34278;407599.34;5283867.45;1466.22
1514;407690.22;5283875.33;1411.46
34282;407644.79;5283964.13;1445.85
34284;408581.88;5284939.79;1599.02
1517;409095.97;5285405.9;1599.5
1518;408525.43;5284730.41;1591.96
1519;408030.32;5284122.5;1518.21
1521;407310.21;5283062.06;1063.05
34290;407744.09;5283114.28;1532.63
34295;407376.85;5282980.87;1091.26
34299;408042.05;5283962.09;1525.78
34301;407515.56;5283889.21;1415.98
34306;407567.89;5282993.39;982.41
34308;407430.58;5282848.05;954.1
1541;407817.53;5283669.9;1481.34
34311;407621.68;5283789.62;1501.06
34312;407806.32;5283538.09;1486.23
1545;407843.21;5283825.09;1516.99
34316;407974.78;5283871.51;1520.89
1548;407830.94;5283809.87;1505.78
34320;408035.77;5284057.29;1518.98
34321;409097.9;5285414.3;1604.68
1553;408024.51;5283671.87;1407.87
34322;407640.84;5282955.27;921.45
34326;407741.39;5284015.8;1388.34
1561;408740.44;5285080.46;1565.93
1571;408015.14;5284112.41;1502.54
34340;408965.41;5285497.64;1769.62
34347;408057.49;5283681.76;1389.86
1583;407334.51;5283067.37;1148.95
34352;407968.35;5283530.21;1336.5
1586;407785.92;5283310.57;1540.89
34354;407813.28;5284050.39;1440.7
34357;409172.22;5285347.06;1617.64
34359;407747.8;5283887.16;1465.99
34366;407688.18;5284038.98;1410.41
34367;407649.04;5283615.13;1475.77
1600;408634.85;5284665.76;1477.65
34370;407648.06;5283954.35;1394.99
34373;407265.47;5282882.6;1123.93
34377;407886.5;5283754.9;1495.62
34378;407674.69;5283812.28;1518.9
1612;407454.84;5283284.76;1364.15
1613;407478.61;5283867.9;1412.03
1614;407762.61;5283646.64;1474.17
34382;407448.56;5283335.07;1358.65
1617;407549.56;5283797.21;1442.51
1620;407557.78;5283389.33;1402.99
34391;407220.6;5282842.66;1042.56
1626;407671.95;5283986.61;1436.02
1627;407629.52;5283925.55;1367.76
1629;407489.47;5283308.28;1376.05
34398;407356.93;5283169.02;1169.13
34399;408873.12;5285374.77;1830.48
34400;407590.3;5283857.06;1407.09
1635;407296.94;5283011.29;1096.66
34404;408840.81;5285325.21;1781.29
34405;407316.68;5283183.37;1237.01
34406;408040.07;5283498.13;1228.16
34407;407744.98;5283617.0;1525.65
34412;407396.33;5283007.38;1095.6
1648;407250.61;5283175.85;1373.35
1653;407540.39;5283470.11;1447.93
34421;407996.85;5283587.13;1355.86
34425;407822.78;5283677.99;1496.12
1657;407409.79;5283393.77;1466.71
34427;407458.98;5283351.19;1424.8
34428;407728.91;5283878.78;1541.33
1662;408204.39;5284242.71;1458.49
1663;407195.61;5282835.97;1078.27
1666;407219.9;5282853.07;1047.56
1667;407751.77;5283875.07;1480.88
1673;407558.57;5283046.28;1027.03
1681;407657.66;5283154.8;1241.26
34450;408362.7;5284624.49;1624.76
1682;408621.68;5284776.98;1475.61
1683;408199.21;5284037.19;1474.73
34456;408443.83;5284796.42;1636.21
34460;408339.51;5283824.58;1543.42
1693;407706.14;5283862.95;1420.22
34462;407929.4;5283530.29;1303.99
1695;407644.49;5283799.88;1469.8
1696;407253.28;5282876.91;1136.75
34468;407968.99;5283776.77;1496.12
34469;408013.44;5283592.82;1319.08
34470;407407.21;5283210.18;1318.13
1706;407722.35;5283814.69;1402.71
1709;407561.16;5282874.55;1053.97
34478;407730.28;5283792.8;1479.19
34482;407648.8;5283566.64;1513.88
1715;407996.22;5283766.8;1421.36
34486;407815.44;5284066.44;1442.86
1719;408197.84;5284030.23;1481.15
34489;407703.06;5283644.31;1481.5
1721;407652.32;5283985.35;1438.27
1723;409091.18;5285276.04;1543.48
1726;407656.99;5283854.12;1487.74
1727;407609.93;5283145.27;1254.34
1728;407794.09;5283826.45;1465.93
34496;407568.98;5283895.56;1433.94
34498;407945.83;5283686.29;1390.02
34499;407572.21;5283132.69;1214.4
1735;408216.26;5284327.28;1484.99
34504;408240.34;5283767.17;1491.42
1737;407609.11;5283859.12;1354.39
34509;407585.3;5283887.94;1469.91
1744;407605.41;5283914.21;1403.38
34513;408700.06;5284984.3;1576.48
1745;409033.59;5285507.26;1639.12
1747;407550.24;5283391.71;1402.2
1746;407643.65;5282955.56;914.67
34517;407815.57;5284080.8;1444.69
34522;408250.12;5283915.92;1473.2
34523;408470.64;5284701.78;1583.45
1761;408004.19;5283897.39;1520.06
34530;408293.24;5284346.6;1493.65
1762;408083.77;5284011.79;1503.51
1765;407503.26;5283028.86;1038.5
34539;407777.43;5283366.07;1518.53
1774;408710.0;5285204.08;1622.33
34545;408886.96;5285178.53;1427.22
1778;408131.96;5283959.59;1499.61
34547;407597.73;5283796.26;1509.69
1782;408087.04;5283993.39;1505.29
34553;407819.07;5283688.28;1500.99
34558;407600.31;5283898.34;1402.79
1791;407648.58;5283565.15;1449.65
34560;408840.09;5285344.41;1781.05
1795;407650.29;5283946.96;1432.26
34564;408431.3;5284633.58;1601.95
1796;407842.31;5284052.9;1457.62
34563;407633.08;5282950.24;913.68
1801;407465.68;5282912.21;998.5
34569;407827.15;5283994.7;1458.73
34571;407826.74;5283507.54;1515.52
34572;408861.76;5284554.6;1425.59
34573;408501.87;5284499.06;1284.37
34574;407589.0;5283538.17;1470.01
34575;407825.89;5283960.16;1503.59
1808;407933.84;5283845.43;1531.84
1805;407682.94;5283760.07;1483.34
1810;407731.88;5283804.89;1535.71
34576;407687.03;5283894.44;1409.49
34580;408595.19;5284956.53;1589.66
34583;408038.87;5283923.35;1529.13
1816;408525.09;5284553.72;1499.53
1815;407626.81;5283548.79;1505.44
1818;409115.24;5285605.56;1704.66
34590;408184.82;5284141.72;1510.29
1825;408634.68;5284651.71;1471.51
34595;407586.15;5283085.71;1036.03
34598;407707.52;5283606.42;1427.2
34604;407239.31;5283172.66;1282.63
1844;407851.4;5284114.66;1321.34
1845;407543.52;5283884.36;1421.55
1846;408981.79;5285454.99;1339.43
1847;408054.63;5283684.76;1398.21
1848;408486.99;5284779.2;1621.73
34617;407733.46;5283765.52;1543.17
34618;408272.53;5283816.78;1519.94
34616;407623.49;5282969.19;945.74
1852;407572.14;5282901.5;935.69
34621;407925.66;5283532.2;1304.37
1855;407830.14;5283748.24;1567.33
1856;407286.92;5282602.47;947.77
1858;408571.77;5284938.51;1601.33
34626;407933.15;5283867.01;1535.59
1860;408486.41;5284754.36;1606.91
34628;408748.44;5284924.28;1482.88
1862;407569.77;5283104.77;1031.7
1864;407553.31;5283888.05;1411.83
34632;407474.66;5283864.34;1414.86
1874;407539.22;5282989.71;989.87
1875;408183.02;5284205.99;1515.17
1877;407654.55;5283860.57;1501.42
34646;407612.02;5283806.81;1503.0
1879;407153.97;5282865.12;1130.51
1880;407622.77;5283794.33;1498.16
34649;407748.52;5283234.72;1528.06
1883;408108.78;5284027.02;1507.4
34652;407626.02;5283432.51;1417.18
1886;407878.17;5283758.53;1507.64
1893;407675.71;5283613.84;1509.43
1894;407621.39;5283876.01;1464.76
1895;408189.08;5284218.14;1516.85
34663;407207.63;5282821.1;1124.47
1901;408419.7;5284827.15;1563.55
1903;408737.02;5285153.06;1594.96
34674;407524.39;5283308.78;1392.4
1910;407724.93;5283159.03;1521.62
1911;408305.69;5284414.94;1503.86
34680;409098.41;5285466.31;1651.04
34679;407723.51;5283835.82;1374.68
1914;407670.33;5283801.43;1545.65
34684;408238.21;5283772.2;1487.13
34686;407845.45;5284047.99;1462.12
34691;408317.74;5284404.84;1504.96
34692;407824.0;5283504.62;1517.08
1924;407879.85;5283515.62;1313.0
1926;407824.28;5283821.56;1383.57
34695;408573.07;5284897.51;1601.48
1928;408338.29;5283847.77;1604.43
1930;408032.92;5284037.31;1531.82
1933;407732.94;5283828.14;1541.82
34702;407418.15;5282947.56;1047.76
1936;408511.57;5284664.51;1419.27
1937;408189.57;5284014.38;1479.58
34705;407846.55;5283504.75;1494.71
1939;407952.71;5283877.73;1532.02
34707;407685.93;5283133.45;992.03
1941;407984.5;5283673.17;1410.42
34711;407251.86;5282876.51;1138.51
34712;408933.23;5285385.13;1609.7
34716;407980.46;5283670.95;1409.57
1949;407668.64;5283964.85;1443.07
34718;407637.31;5283849.94;1510.68
1951;408368.23;5284574.99;1611.97
34723;407758.43;5283294.13;1511.78
1955;407463.0;5283362.1;1421.05
1957;407998.47;5283469.33;1184.95
34726;408833.59;5285368.76;1624.33
1959;408207.56;5283658.78;952.95
34728;407762.02;5284010.87;1377.82
34733;407907.0;5283790.88;1630.64
1966;407901.4;5283830.99;1445.64
1968;407392.87;5283181.58;1338.63
1969;407836.5;5283769.97;1586.78
1975;407658.2;5283766.52;1539.43
34744;408137.2;5283833.04;1486.95
34747;409117.31;5285316.13;1562.71
34748;408300.54;5284453.14;1484.15
34749;408418.72;5284628.31;1619.48
1979;408180.75;5284099.65;1504.3
34751;407744.78;5283916.02;1319.59
34752;407789.07;5283342.19;1534.1
1982;407212.71;5282831.07;1055.21
34758;407431.09;5282941.87;1033.14
1991;408410.04;5284823.38;1473.3
34759;407353.72;5283010.2;1119.6
1993;408213.54;5283864.3;1509.72
1990;407541.15;5282871.37;1039.22
34763;407652.8;5283833.44;1511.13
1999;408911.48;5285369.06;1560.35
2001;407561.69;5283798.01;1308.09
2005;407742.63;5283630.73;1414.19
2006;407679.03;5283829.63;1539.53
34775;409063.8;5285424.79;1547.55
2011;407503.65;5283052.13;1043.77
34780;407596.97;5283816.31;1443.01
34781;407701.95;5283898.19;1412.54
34782;408127.28;5283859.06;1482.45
34783;407708.04;5283827.76;1522.19
2014;407383.58;5283165.49;1268.07
34786;408408.13;5284671.38;1593.86
2019;407505.73;5282941.28;972.06
2022;408264.92;5283799.77;1515.11
34796;408174.85;5283566.7;922.84
34797;407549.51;5283889.71;1416.73
2031;409071.57;5285475.82;1635.57
34802;408068.94;5284007.68;1497.4
34804;407629.68;5284005.5;1427.54
2039;409094.47;5285485.98;1635.93
2040;407833.23;5284086.06;1351.73
34810;408028.81;5283913.51;1510.33
2044;407643.82;5283467.24;1425.98
2045;407646.35;5283884.42;1475.79
34813;407568.97;5283531.77;1473.45
2046;408501.15;5284727.82;1611.15
2048;408728.85;5285182.61;1602.3
2051;408219.24;5283829.72;1527.91
34820;408101.9;5284012.26;1476.3
34821;407584.38;5283909.57;1364.01
34822;407722.22;5283025.98;941.17
34823;407339.04;5283080.29;1149.16
2053;407130.82;5282887.52;1141.53
2057;407730.21;5283843.86;1500.13
34826;407643.14;5283590.52;1465.83
34827;408073.74;5283460.37;918.49
34829;408303.22;5283842.58;1560.06
34830;408032.77;5283986.77;1513.39
2063;407896.18;5283787.4;1632.19
2064;408787.44;5285272.66;1742.73
34833;407285.88;5283049.97;1112.51
2067;407615.78;5283715.38;1537.17
34837;407445.33;5283327.59;1365.16
2070;407597.3;5283080.29;1028.94
2072;407474.26;5282942.25;992.27
2073;407589.98;5283902.13;1477.7
2076;408174.3;5284074.98;1502.14
2077;407596.48;5283850.8;1458.72
2078;407823.96;5283522.52;1510.0
34844;407720.89;5283038.37;1528.49
2081;409106.98;5285294.34;1559.63
34850;407745.19;5283833.52;1536.0
34851;408007.5;5284026.26;1291.94
34852;408089.62;5283993.81;1507.56
34853;408786.65;5285234.16;1605.39
2083;407671.51;5283820.25;1547.66
34855;407615.9;5283936.29;1491.47
34856;407727.61;5283632.04;1479.35
34857;407615.97;5283092.05;1041.15
34859;409134.17;5285353.21;1591.27
2093;407509.57;5283449.65;1441.98
2094;407634.9;5283563.48;1453.97
34864;408282.35;5284349.22;1492.09
2099;407540.12;5283148.24;1251.14
2101;407711.75;5283880.06;1533.06
2102;407406.54;5283382.98;1461.16
2106;407684.18;5283808.94;1523.52
2107;407841.07;5283702.49;1509.05
34875;408028.85;5283600.95;1336.95
34877;407791.7;5283789.46;1517.42
34881;407714.92;5283968.77;1364.13
34882;407712.41;5283972.88;1363.73
34884;407551.81;5283282.82;1399.41
34885;407627.11;5283955.31;1417.46
34886;407441.5;5282963.72;1039.9
2119;408179.61;5284130.36;1515.1
2120;408160.73;5283948.4;1521.04
34887;407388.58;5283392.89;1476.94
34894;407470.03;5283357.7;1345.29
2126;407585.49;5282929.57;949.82
2131;408373.01;5284555.67;1568.54
2132;408218.25;5283766.6;1502.31
34899;407213.01;5283223.05;1523.4
34902;408293.24;5284346.6;1485.14
2135;408084.57;5283996.18;1505.79
34900;407746.35;5283922.3;1323.95
34905;407596.26;5283935.7;1480.6
2137;407658.18;5283147.7;1024.34
2139;407732.93;5283855.75;1499.7
34908;408204.23;5284021.52;1503.73
34910;408399.34;5284582.38;1604.47
34911;409030.21;5285448.83;1433.55
2144;408525.98;5284662.41;1437.34
34913;408001.23;5283466.05;1177.81
34917;409163.33;5285383.83;1585.75
34919;407333.63;5283099.04;1166.39
34922;407584.02;5283878.66;1485.31
34923;408210.21;5283890.47;1505.65
34924;407696.3;5283677.58;1507.5
2158;408890.87;5285161.06;1415.82
2164;408062.76;5283964.33;1483.74
34938;407783.31;5283118.31;971.29
34939;408388.75;5284555.38;1620.02
2172;407227.15;5283258.89;1440.59
2175;408756.04;5284702.47;1444.38
2179;408859.02;5285338.94;1813.26
34947;407631.83;5283188.97;1454.44
34951;407930.07;5283849.58;1534.13
2185;407737.17;5283636.29;1420.41
2186;407582.36;5283760.53;1445.61
2187;407703.5;5283647.88;1490.89
2188;407652.67;5283832.08;1481.46
34962;408257.66;5284267.92;1485.59
34963;407856.31;5283393.91;983.97
34964;407144.52;5282763.1;1017.86
34965;408429.43;5284632.82;1603.42
2199;407815.98;5283673.12;1488.97
34967;407647.34;5283853.99;1505.16
2201;407811.11;5283628.88;1476.37
34969;407704.15;5283874.0;1417.04
2204;407698.23;5283674.71;1454.02
34973;408253.8;5283733.8;949.62
2211;407682.11;5283855.92;1407.25
34985;407821.6;5283690.03;1503.08
2220;407495.93;5283014.97;1028.2
34990;407825.75;5283697.02;1477.59
34991;407961.31;5283688.96;1397.51
34994;409092.12;5285438.25;1577.41
2227;408384.72;5284538.32;1640.35
2226;407975.55;5283874.39;1536.35
34995;407202.83;5283259.91;1470.74
2237;407567.28;5283480.43;1452.46
2240;409066.6;5285288.51;1514.47
35009;408206.78;5284048.59;1515.31
35013;408663.49;5285167.38;1631.82
2249;407928.53;5283739.25;1474.93
35017;407662.65;5283881.74;1472.85
2251;408204.72;5284051.29;1480.8
2250;407429.86;5282965.58;1049.65
35018;407180.47;5282854.51;1104.54
35024;408067.1;5284041.73;1534.39
2256;407770.13;5283349.67;1516.41
35025;407595.05;5283822.83;1452.33
2257;407835.04;5283850.1;1437.55
35028;407878.79;5283746.41;1501.09
2260;407604.15;5283752.09;1515.1
35030;407718.03;5283774.48;1529.22
35031;408171.81;5284177.72;1462.87
2264;408200.74;5283864.22;1481.44
35032;407369.43;5282946.08;1069.88
2263;407643.34;5283913.53;1462.19
35044;407471.86;5283290.21;1378.2
2279;407606.28;5283804.51;1508.42
2280;408516.27;5284669.59;1417.96
35047;407426.51;5282782.09;942.72
2285;408441.97;5284497.31;1500.57
2286;407721.73;5283644.03;1505.71
35053;407551.63;5282876.4;918.05
2289;407776.6;5284023.69;1356.68
35062;407683.68;5283890.68;1406.93
2294;407210.65;5282803.97;1056.05
2297;407614.87;5283867.28;1383.04
35065;407646.43;5283907.76;1359.7
35068;407691.59;5283909.68;1504.28
35069;408405.57;5284786.54;1637.27
2302;407753.14;5283842.16;1552.95
2305;407730.42;5283779.36;1491.21
35076;407596.81;5282985.55;1379.08
2309;407734.74;5283789.23;1486.74
2310;407825.66;5283691.81;1475.54
2311;407962.2;5283881.75;1513.4
35080;407657.62;5283881.99;1515.69
35078;407849.46;5283862.67;1455.6
35083;407854.62;5283665.93;1504.24
35087;409136.34;5285319.8;1592.58
2319;407713.1;5283613.59;1448.1
35089;407969.79;5283745.62;1395.08
35088;407606.26;5283561.83;1503.95
35094;407621.82;5283943.34;1494.82
2328;407786.26;5283670.26;1503.31
35097;409057.35;5285505.48;1643.07
2329;407756.68;5284020.67;1364.24
2333;407646.34;5283641.69;1461.9
2334;407689.07;5283839.09;1543.18
35102;407432.43;5282774.47;947.71
2336;407630.48;5283208.92;1453.14
35104;407253.69;5282875.83;1130.36
35106;407329.09;5283083.76;1126.33
2341;407809.07;5283651.41;1481.85
2342;407766.33;5283817.9;1476.42
2343;407708.05;5283759.58;1535.89
35112;407585.48;5283781.26;1509.15
2346;407573.08;5283528.7;1495.42
2347;407901.98;5283832.66;1536.56
2348;407744.61;5283983.25;1323.84
35119;407587.92;5283080.92;1151.78
2352;407557.11;5283028.15;1115.01
2354;407818.53;5283451.77;1516.6
35125;407504.52;5283846.61;1410.49
35127;407643.47;5283128.04;1026.33
35128;408144.53;5283860.07;1482.98
2366;407729.33;5283794.99;1477.88
35139;407668.25;5283699.91;1471.2
2373;407585.04;5283892.03;1442.85
35142;408444.06;5284652.61;1552.63
2378;407750.21;5283637.76;1410.97
2381;407788.55;5283821.99;1496.84
2382;407625.01;5283981.84;1421.75
35152;408740.85;5285186.15;1612.99
35153;408956.42;5285286.78;1455.0
2384;408250.84;5283990.2;1507.68
2386;407667.76;5283957.08;1452.71
2389;407644.64;5283926.18;1500.6
2390;408074.81;5283976.6;1492.58
2391;408247.12;5283776.18;1489.32
2392;408827.76;5285356.25;1610.54
2393;407607.7;5283765.27;1509.14
2394;407659.26;5283871.67;1518.81
35159;407623.85;5283159.52;1239.34
2396;407375.61;5282900.71;964.72
35163;407146.58;5282767.22;1013.92
35166;407415.17;5283375.74;1454.43
35168;408211.33;5284026.67;1489.55
2401;409052.17;5285307.96;1505.23
35170;407513.43;5283881.33;1415.85
35174;407247.62;5282914.95;1099.96
2407;407646.93;5282966.39;926.21
2414;408008.26;5284109.38;1496.41
2415;407744.42;5283911.7;1336.02
2416;407223.6;5283184.45;1320.62
35185;407674.83;5283914.43;1474.64
2418;409001.47;5285453.63;1420.17
35187;407730.41;5283173.89;1521.54
2417;407557.66;5283026.59;995.85
35189;408413.15;5284596.02;1547.65
2424;408183.74;5284187.59;1528.21
2426;408953.18;5285452.21;1768.16
2427;407726.91;5283859.02;1486.22
35194;408138.89;5283716.73;1334.73
35200;407603.85;5283781.31;1507.71
2432;407593.57;5283906.7;1383.86
35205;408209.65;5284240.58;1403.88
35211;407916.92;5283736.41;1476.52
2443;407805.19;5283545.38;1503.68
2444;407571.32;5283135.94;1226.61
2448;407601.6;5283871.77;1468.09
35218;408537.29;5284754.3;1612.26
35219;409152.55;5285316.64;1598.72
2451;407347.92;5283069.3;1150.71
2454;408413.16;5284620.21;1620.12
35222;407808.83;5283728.97;1553.11
35223;407155.44;5283241.21;1464.76
2462;407710.44;5283892.41;1517.51
35233;409070.34;5285492.62;1606.14
2466;407943.78;5283783.67;1629.62
2467;408339.3;5283801.56;1471.25
35237;407204.84;5283184.55;1358.26
2470;407841.77;5283673.96;1473.48
35241;408096.03;5284019.89;1519.7
35243;408690.19;5284999.9;1591.49
2476;407855.97;5283665.47;1504.63
2475;407468.34;5283295.61;1381.09
2478;407765.89;5283839.39;1475.29
35245;407205.09;5282770.59;1059.05
2481;407901.91;5283545.66;1311.55
35251;408147.86;5283928.74;1502.38
35252;407437.71;5283025.5;1073.08
2486;407331.6;5283086.41;1128.71
35258;407591.92;5283796.86;1448.36
35259;408168.14;5284096.9;1508.81
2492;407682.83;5283158.93;1484.51
35262;407859.86;5283751.11;1501.77
2496;409013.23;5285410.12;1616.56
35264;407686.54;5283776.5;1545.48
35267;407991.63;5283751.94;1410.38
2502;407715.17;5283664.43;1505.85
2503;407617.73;5283219.08;1441.38
35275;407640.25;5283801.01;1511.89
2508;407679.23;5283781.44;1530.04
35278;408893.23;5285164.05;1413.41
2510;407999.84;5283718.98;1394.38
2513;408059.85;5284027.81;1531.03
2514;407923.71;5283818.03;1527.35
2516;409070.92;5285465.63;1584.85
2520;408170.55;5283921.63;1482.0
35289;407217.11;5283251.27;1448.37
2522;407557.23;5283132.21;1226.14
35288;407521.36;5282954.25;971.61
35292;407804.18;5283563.47;1465.39
35294;407555.94;5283028.53;1116.46
2527;407733.31;5283078.74;1085.43
2529;407869.49;5284109.72;1335.27
35299;407234.75;5282702.18;1039.63
2532;408661.42;5284957.41;1601.65
2533;407646.97;5283805.61;1517.24
35300;408029.92;5283674.32;1410.03
2535;408017.45;5283599.48;1355.64
35307;407462.32;5282938.3;999.64
2542;407378.41;5282941.23;1040.66
35311;408282.04;5283799.07;1520.68
35312;408980.73;5285454.99;1298.37
2545;408563.12;5284683.58;1477.3
2543;407179.62;5283248.06;1455.22
35318;407586.52;5283887.58;1427.12
35319;408127.12;5283706.62;1335.06
2551;407730.35;5283623.01;1423.78
2553;407357.84;5283164.11;1330.39
35321;407240.47;5283177.02;1378.14
35323;407203.02;5283219.83;1411.0
35324;407707.65;5283913.84;1302.51
2559;407828.0;5284075.84;1353.73
2560;407610.05;5283098.67;1051.54
35329;408934.13;5285442.09;1613.76
35331;407680.9;5283130.86;1164.09
2564;407719.55;5283983.26;1381.02
2563;407761.54;5283081.65;1054.41
2566;407623.52;5283167.38;1236.72
2565;407862.19;5284057.69;1477.34
2569;407763.63;5283825.8;1476.6
35337;407342.92;5282984.38;1056.68
35339;407605.14;5283914.14;1399.72
2571;407583.41;5283159.84;1283.05
2574;407677.42;5283734.93;1534.61
2575;409117.16;5285312.06;1566.17
35344;407792.01;5283300.37;1544.65
2576;407673.53;5283905.13;1509.06
2577;407826.83;5283828.0;1371.27
35348;407977.41;5283518.67;1344.98
35350;407796.13;5283828.88;1464.24
2584;407479.38;5282871.24;949.06
35354;408366.84;5284575.43;1616.2
2586;408180.25;5284181.52;1471.41
35355;407604.65;5283867.48;1394.75
2590;407834.71;5283665.13;1463.52
2592;407261.91;5282880.32;1126.11
2593;408846.42;5285315.4;1781.87
35361;407313.46;5282663.81;940.92
35363;407728.24;5283761.57;1488.86
2596;408481.89;5284509.73;1498.83
2597;407673.49;5283875.76;1493.23
2602;407592.1;5283867.65;1448.1
35372;409069.05;5285465.05;1554.29
35375;408691.13;5285144.58;1623.69
2610;409111.17;5285440.19;1591.05
2612;408403.33;5284758.22;1629.64
2613;407787.92;5283824.82;1486.22
2614;407261.33;5282745.59;1056.84
35383;407940.06;5283531.31;1286.19
2616;407661.32;5283924.86;1363.14
2620;407707.11;5283606.23;1466.49
2621;407727.67;5283988.17;1382.41
2623;408395.71;5284647.7;1594.09
35391;407623.06;5283563.61;1516.87
2625;407160.92;5283236.45;1432.11
2626;407675.37;5283894.84;1399.22
35395;407779.18;5283566.94;1429.2
2624;407813.24;5283976.22;1448.77
2627;407194.94;5282820.76;1039.87
2630;407628.36;5283922.89;1288.1
35399;407402.69;5283003.41;1089.52
35408;407755.51;5283884.77;1554.43
35409;407565.38;5283480.72;1441.84
2642;409110.54;5285531.46;1651.59
35411;407890.74;5283747.13;1490.08
2641;407646.97;5283578.48;1517.74
2648;408219.43;5283857.89;1511.31
2649;407943.52;5283852.65;1520.99
2651;408024.08;5284122.5;1512.59
2652;408713.18;5284616.69;1483.57
2655;407812.51;5284077.04;1449.25
2658;407806.13;5283246.17;1555.74
2659;407424.89;5282952.09;1046.83
35428;409133.76;5285313.07;1589.22
35429;408143.8;5283850.76;1477.53
35430;407702.62;5283828.86;1521.93
2663;408693.75;5284834.92;1437.66
2660;408022.12;5283608.59;1356.44
35433;407582.24;5283493.54;1446.98
35434;408309.58;5283833.56;1550.77
2667;408274.34;5283824.63;1551.7
35436;408436.69;5284671.62;1600.17
2668;408199.01;5283954.07;1496.28
35432;407862.36;5283530.44;1339.23
35435;407705.65;5283114.76;1243.73
35441;407354.98;5283167.68;1162.05
35442;407661.41;5283944.03;1450.94
35444;407582.43;5283857.33;1473.61
2679;407644.41;5283812.48;1521.81
2682;407420.12;5282846.69;934.92
35451;407309.4;5283163.73;1258.23
35452;407321.44;5282618.1;937.01
35454;408027.68;5283625.9;1352.52
2686;407389.39;5282896.64;961.51
35456;407493.39;5283877.26;1430.28
35457;407623.55;5283856.24;1372.44
2693;407592.14;5283065.69;1302.92
35462;407377.67;5283206.15;1328.6
35463;407698.05;5283666.39;1489.46
35461;407441.58;5283031.98;1082.28
2699;407490.17;5283856.56;1421.16
2700;408853.52;5284540.88;1423.85
35469;407988.76;5283601.84;1341.98
35471;408187.49;5284117.42;1516.2
2704;407288.23;5283047.9;1111.84
2710;407802.82;5283504.18;1480.11
35480;408131.51;5284019.48;1495.96
35482;408040.18;5283999.95;1251.9
35483;407586.57;5283514.71;1452.41
2718;408364.98;5284566.12;1605.5
35488;407828.28;5283678.02;1482.65
2725;408870.2;5285225.88;1435.65
2726;407955.9;5283658.92;1402.92
35496;408328.92;5283843.94;1557.94
35497;407965.2;5283694.04;1400.08
2730;407453.81;5282916.55;998.6
2731;408897.31;5285339.42;1622.9
35499;407250.11;5283177.03;1366.61
2734;408217.98;5284327.21;1496.13
35503;407302.02;5283043.11;1138.34
2737;407703.87;5283828.13;1521.39
35505;407314.74;5282661.76;936.03
2739;407592.12;5283894.52;1392.66
35508;407667.5;5283644.31;1473.03
2741;408205.83;5284046.2;1482.8
35510;407615.14;5283927.0;1464.82
2742;407430.96;5282816.72;929.15
2744;408009.12;5284068.19;1495.64
35515;407755.21;5283260.34;1525.73
2747;407651.23;5283862.77;1513.28
35517;407697.57;5283041.86;1447.06
2749;407217.9;5282734.69;1052.9
2751;407609.84;5283937.14;1394.55
35520;408879.42;5285203.5;1427.71
35521;407863.28;5284090.11;1478.61
35523;407659.51;5283736.26;1519.43
35524;407599.02;5282956.41;958.94
35525;408222.85;5283860.51;1514.34
35527;407463.09;5283296.26;1377.78
2759;407568.61;5283887.73;1424.08
2761;409135.35;5285342.71;1590.36
35530;408228.12;5283771.83;1498.65
35529;407691.68;5283678.92;1511.42
2762;407942.51;5283670.29;1405.35
2771;408874.29;5285380.8;1831.07
2772;407341.21;5282981.36;1062.55
35541;407583.57;5283912.91;1374.5
2779;407239.49;5283180.67;1387.01
2781;407921.7;5283750.01;1493.47
2784;407210.53;5283207.13;1332.65
35553;407418.32;5283378.06;1464.79
35554;408093.61;5284026.47;1500.13
35555;408567.55;5284875.95;1612.23
2788;407643.94;5282958.96;924.63
2789;408874.7;5285372.76;1835.09
2790;407929.43;5283810.36;1385.16
35559;407848.17;5283851.88;1546.69
2791;407654.97;5283832.8;1450.07
35560;407746.21;5283940.49;1351.27
35564;407624.91;5283891.11;1465.03
35567;407381.89;5282944.01;1043.2
35568;408688.62;5285123.27;1628.94
35570;407626.41;5283881.19;1461.23
2803;408579.78;5284908.84;1590.46
35571;408770.79;5284717.22;1412.25
2805;408209.9;5283727.39;986.94
35580;407414.66;5283192.82;1316.87
35585;407895.42;5283597.83;1331.2
35586;407581.17;5283824.61;1472.83
2819;407598.38;5283913.09;1388.65
35588;407464.75;5283296.63;1380.97
2820;407601.78;5283566.63;1501.48
35591;407992.48;5283483.84;1209.31
2823;407555.09;5283008.19;990.24
2827;407579.33;5283908.1;1421.58
35598;407731.83;5283622.74;1420.87
35599;407353.04;5282943.19;1036.8
2837;408008.1;5284084.36;1511.88
35606;407745.05;5283877.55;1535.45
35607;408985.95;5285432.58;1676.97
35610;407235.02;5283178.81;1376.77
2845;407535.68;5283186.53;1284.68
2847;407719.65;5283783.96;1536.94
35616;408856.38;5285328.34;1804.15
2848;408987.84;5285437.96;1664.02
35621;407996.39;5283481.18;1202.89
2858;407558.45;5283004.76;989.13
35628;408873.34;5285377.08;1832.9
2861;408015.07;5283877.51;1516.86
2862;408943.31;5285457.91;1768.16
35634;408872.62;5285338.27;1804.02
2868;407760.79;5283808.4;1480.94
35637;407680.75;5283889.64;1402.96
2872;408319.79;5284571.3;1591.42
35641;407716.44;5283573.87;1515.89
2873;407305.28;5283055.7;1062.15
2875;407249.4;5283176.87;1367.13
2877;407764.14;5283836.43;1475.42
2878;407828.39;5283701.49;1499.19
35646;407793.26;5283483.87;1490.46
35647;407632.54;5283896.38;1514.3
35651;408001.26;5283676.25;1411.34
2888;408083.37;5283967.55;1449.38
35657;408161.68;5284119.73;1528.9
2890;407709.97;5283829.75;1522.63
35659;407709.59;5283960.76;1372.65
35656;407433.86;5282936.84;1020.85
35661;408181.4;5284106.7;1501.93
35662;407991.41;5283483.17;1200.71
2896;407829.35;5283658.42;1482.77
2898;407332.35;5283120.22;1178.75
2900;407667.44;5283601.8;1507.45
35671;407700.58;5283882.83;1540.87
35672;407585.49;5282919.86;943.02
35676;407815.94;5283752.31;1502.96
2909;408865.14;5285392.87;1627.25
2911;407649.72;5283863.34;1449.62
2915;407795.35;5283826.69;1498.24
35684;408244.65;5283907.04;1474.03
2917;408051.76;5283983.39;1529.76
2916;408041.45;5283441.08;923.28
35689;407322.56;5282988.08;1103.22
35690;407929.38;5283792.49;1626.89
2922;407671.96;5283942.57;1461.36
35692;408016.22;5284023.36;1415.65
2925;407843.56;5283849.23;1545.75
2929;407673.64;5283787.56;1542.18
2930;407616.88;5283904.41;1480.16
2933;407586.6;5283156.89;1284.32
35702;407828.93;5284072.95;1352.21
35703;408067.03;5283956.74;1460.63
35705;407403.66;5282987.88;1079.0
35706;408192.03;5284285.68;1478.65
2941;407653.35;5283593.86;1468.0
2942;407859.6;5283663.94;1444.88
2945;407694.61;5283779.63;1528.07
35716;408772.16;5285045.9;1468.72
2949;407740.96;5283632.92;1414.4
35718;408281.49;5284351.6;1491.07
2955;407338.73;5283112.35;1175.86
35731;407405.13;5283153.98;1344.84
2964;408425.23;5284675.69;1591.48
2965;408901.75;5285364.04;1632.62
2963;407421.36;5282843.99;933.94
2968;407811.74;5283242.85;1535.39
2969;408678.13;5285176.16;1626.13
35739;407708.8;5283994.9;1366.42
2972;407604.19;5283914.19;1414.97
2974;407641.55;5283817.44;1496.72
2979;408731.78;5285146.51;1588.38
35748;408705.99;5285042.39;1545.4
2980;408944.74;5285356.48;1610.0
35752;407563.88;5283520.89;1468.06
35753;408704.09;5285031.1;1555.53
35754;407545.48;5283789.53;1442.51
2988;408276.63;5283818.73;1513.07
35757;408177.47;5283922.75;1489.68
2990;408226.06;5283932.49;1504.54
35756;407417.78;5282778.19;948.24
2994;407909.58;5283738.42;1478.1
35766;407349.25;5282937.22;1076.43
35767;408952.49;5285396.23;1625.7
3002;407901.8;5283594.68;1335.4
3003;408720.51;5285103.41;1577.18
3006;407726.56;5283864.66;1486.53
35775;408846.41;5285377.32;1616.21
3007;407627.79;5283844.73;1399.93
35777;407690.05;5283165.58;985.14
3011;408528.86;5284660.12;1437.43
35781;407986.62;5283476.19;1187.65
3013;407243.74;5282885.03;1118.34
35783;407507.97;5283197.21;1274.15
3017;408755.87;5285023.25;1578.34
35787;407445.97;5282857.56;956.16
35790;407829.93;5283722.34;1489.43
3023;408184.69;5284162.76;1510.71
3024;407644.56;5283591.31;1465.91
35793;407777.6;5283299.2;1510.1
3026;408233.3;5283925.15;1493.73
3027;407641.44;5283914.69;1508.58
3029;407405.45;5283385.53;1465.04
3030;409121.58;5285316.04;1555.18
35798;407286.45;5282611.24;956.33
35801;407855.44;5283741.18;1501.01
3033;407895.54;5283742.3;1484.18
3034;407476.95;5282940.46;989.99
35804;407249.29;5282549.0;930.61
3037;408178.59;5283895.33;1495.47
35806;408852.83;5285335.84;1808.5
3038;407156.93;5282774.42;1016.6
35810;407600.23;5283864.41;1452.82
3043;407649.63;5283131.05;1019.76
3045;408163.46;5284066.46;1495.74
35814;408172.5;5284107.12;1515.33
3048;407832.81;5283693.74;1501.29
35821;407188.39;5282803.11;1029.11
3054;407901.36;5283786.48;1636.43
35823;407616.61;5283931.5;1492.63
35824;407709.81;5283649.7;1494.03
3056;407989.26;5283749.66;1407.13
3058;408358.61;5284607.37;1631.68
3059;407460.08;5283284.72;1376.47
35827;407434.69;5283216.68;1369.38
3061;407354.97;5283050.54;1138.97
3055;407294.59;5282623.78;957.78
35832;407400.3;5283197.13;1262.48
35835;407597.05;5283920.6;1409.28
3068;407129.7;5283227.73;1471.2
3069;408897.43;5285307.15;1434.39
3070;408202.19;5284251.08;1506.42
35838;407670.47;5283864.58;1393.02
3067;407830.43;5283992.44;1474.36
35841;408012.85;5284041.03;1501.03
35843;407742.51;5283135.71;1531.74
3077;408180.6;5283752.62;1485.01
3083;407853.22;5283703.27;1478.9
35851;407674.48;5283929.86;1374.18
35859;407805.06;5283563.38;1448.92
3094;407443.28;5283355.53;1390.97
35866;407194.28;5283214.88;1453.65
3100;407555.89;5283546.38;1487.83
35869;408246.69;5283922.38;1479.34
35870;407215.79;5283250.71;1448.93
35871;407642.41;5283579.12;1519.41
3103;407556.08;5282875.87;1053.91
35874;409078.75;5285449.04;1606.12
3110;407545.12;5283121.47;1217.58
3111;407940.24;5283674.71;1408.71
35881;407644.57;5283581.71;1462.39
35883;407615.98;5283145.99;1257.24
35885;408855.15;5285387.35;1622.77
3120;407424.82;5283386.8;1454.88
3121;407650.18;5283950.82;1258.52
35890;408156.8;5283848.33;1492.98
35888;407255.76;5282914.89;1100.18
35892;408188.1;5284006.16;1479.3
3127;407933.32;5283514.37;1314.28
35898;407461.52;5283282.58;1365.39
3132;408616.39;5284936.43;1618.81
3134;408588.18;5284946.45;1583.51
3135;408019.92;5284027.46;1499.65
3138;407639.44;5282948.34;907.36
3140;407774.62;5283144.43;932.41
3142;408045.78;5283453.01;924.49
3145;407943.14;5283854.82;1527.78
35917;407344.22;5283076.22;1153.74
3151;408536.71;5284846.61;1600.32
3153;408189.14;5283956.17;1492.89
35924;408911.65;5285358.5;1583.75
35925;408933.22;5285457.55;1600.67
3158;408158.02;5283912.26;1499.08
3159;408230.87;5283808.23;1499.84
3157;407699.09;5283126.37;1241.88
35929;407665.67;5283896.81;1398.85
35930;407698.53;5283913.18;1324.58
35934;407643.06;5283859.14;1406.67
35935;407567.12;5282906.06;935.25
3170;408043.2;5283948.04;1520.02
35940;407674.44;5283791.08;1537.77
35941;407590.63;5283803.86;1513.11
3173;407654.57;5283948.58;1389.32
35949;407351.71;5283044.15;1137.61
3183;407530.8;5283319.52;1243.42
3186;408004.2;5284109.2;1500.74
35954;407142.96;5282872.05;1140.61
3188;408316.0;5283814.39;1505.49
35958;407843.2;5283768.55;1592.14
3191;408210.54;5283766.87;1502.0
3192;407724.95;5283064.92;1508.97
35960;407445.64;5283041.29;1085.68
35962;408286.37;5284336.5;1494.37
3194;407674.71;5283951.79;1478.71
35964;409131.33;5285326.0;1580.53
3195;407759.25;5283149.86;943.93
35959;407516.76;5282961.05;977.85
35969;407336.09;5283085.18;1141.42
35971;407849.49;5284057.3;1462.3
3204;407453.43;5283287.3;1365.5
3210;407646.31;5283097.7;1007.63
3212;408405.03;5284581.31;1579.5
35981;407878.59;5283349.3;952.71
35982;407643.88;5283815.81;1470.4
3216;408177.0;5283923.47;1488.86
35985;407684.49;5283139.41;1239.01
35987;407758.59;5283869.48;1479.4
35988;407355.85;5283170.17;1316.77
3223;407885.01;5283520.26;1310.75
3225;409160.15;5285369.92;1452.32
35995;407388.72;5283390.79;1473.22
3232;407914.65;5283574.2;1330.93
3233;409040.6;5285459.99;1456.4
36003;407685.04;5283569.24;1510.08
3238;407493.5;5283306.73;1380.66
36006;407604.0;5283914.06;1414.84
3240;408298.28;5284379.8;1498.7
36008;407900.74;5283612.33;1332.72
36011;407662.62;5283935.97;1244.13
36012;408218.19;5284250.54;1496.75
36013;407724.26;5283651.32;1494.02
36017;408682.15;5285131.52;1639.18
36020;407506.15;5282944.46;973.78
3254;408660.58;5284941.64;1593.75
3255;407673.66;5283949.16;1470.78
3258;407629.27;5283849.23;1387.49
3259;407669.49;5283962.65;1456.14
36028;408281.93;5283796.55;1507.96
36029;407886.11;5283903.58;1487.35
36030;407913.74;5283809.57;1526.34
36031;407726.41;5283814.27;1506.5
3264;407705.24;5283891.45;1516.31
3260;407893.84;5283599.88;1325.44
3266;407490.24;5283869.98;1423.21
36036;407288.98;5283033.91;1106.5
3271;407497.57;5283851.96;1433.88
3272;407668.06;5283841.99;1500.55
36040;407659.26;5283918.87;1456.7
3275;407809.45;5283653.29;1482.3
36043;407314.5;5283076.94;1067.99
3277;408182.34;5283953.18;1490.29
3278;408419.31;5284639.66;1602.58
3279;408634.67;5284676.81;1479.45
36046;407761.62;5283845.4;1484.96
36045;407564.57;5283744.82;1426.32
36050;407795.42;5283825.59;1495.1
3284;407320.78;5283162.32;1318.31
36054;407390.49;5283392.69;1473.35
3289;407602.48;5283898.56;1406.23
36057;407714.89;5283039.9;1496.79
3297;408476.6;5284857.33;1643.93
3299;407569.73;5283140.79;1238.2
36070;407535.64;5283783.64;1467.75
36071;408542.85;5284880.22;1624.97
36073;407676.11;5283856.56;1504.05
3306;408198.78;5284260.14;1509.65
36075;407599.32;5283890.49;1428.37
36076;407517.11;5283884.21;1418.6
3308;407553.62;5283041.46;1003.13
3313;407329.01;5283142.98;1149.22
3314;409098.64;5285450.28;1581.58
36083;407834.5;5283511.45;1497.87
3319;407664.21;5283923.48;1375.31
36088;407927.16;5283705.29;1443.93
3320;407825.34;5283190.4;915.24
36090;407914.14;5284106.29;1316.18
3323;409070.95;5285450.11;1556.69
36091;407897.52;5283598.05;1331.48
3325;407901.38;5283891.59;1474.12
36087;407553.31;5282895.18;1064.28
3327;408100.04;5284052.64;1510.07
36095;407567.99;5283525.74;1497.99
3328;407608.75;5283559.45;1505.12
3331;407771.97;5283089.96;976.85
36102;407856.72;5284112.51;1322.88
36105;407440.5;5283309.74;1338.4
36106;407583.28;5283488.65;1444.86
3340;407667.07;5283782.66;1483.05
36108;408011.34;5283455.17;1161.42
3342;407862.05;5284093.58;1475.95
3347;407815.49;5283679.14;1490.84
3349;408907.23;5285451.22;1801.47
36118;407824.34;5283662.62;1465.94
3352;407670.41;5283916.74;1473.91
36121;407598.15;5283799.26;1436.25
36122;407933.32;5283887.52;1482.17
36124;407323.57;5283126.07;1192.04
36132;407820.15;5283660.59;1465.21
36133;407447.22;5283030.83;1075.04
36138;407455.26;5283341.12;1358.77
36143;407944.79;5283880.36;1538.65
3376;407705.36;5283693.69;1458.94
3377;407441.09;5283320.11;1340.11
36147;408094.91;5284018.08;1493.56
3383;407504.56;5283073.44;1051.4
36153;408765.55;5285049.87;1459.2
3388;407173.17;5283166.42;1391.75
36157;407576.24;5283536.64;1513.71
36158;407459.14;5283349.16;1362.08
36159;407384.59;5282969.52;1080.38
3392;407673.13;5283858.85;1410.16
3393;407419.83;5282964.67;1054.83
3394;407536.07;5283136.42;1236.9
3395;407160.26;5282791.64;1040.16
3403;407731.37;5283639.48;1497.03
36174;407739.35;5284007.19;1359.14
36176;407487.45;5282849.28;924.75
3409;407718.55;5283020.81;939.25
3412;407706.8;5283878.82;1537.77
3414;407839.26;5283504.26;1497.81
36183;407449.07;5283274.68;1369.15
3416;407442.92;5282899.37;991.85
36186;407733.02;5283772.5;1538.59
36187;408874.88;5285419.12;1638.88
36189;407646.89;5283844.21;1452.32
36197;407649.45;5283814.34;1472.82
3434;407802.22;5283496.9;1509.74
3436;407432.93;5282871.0;971.38
3440;407656.54;5283726.97;1453.57
36211;407682.68;5283565.23;1533.56
36217;408769.92;5285180.4;1589.55
36220;407802.69;5283592.64;1462.8
36222;407591.09;5283874.68;1442.83
3455;407819.23;5283673.03;1492.53
36224;407569.22;5283800.44;1461.29
36225;408193.92;5283604.48;933.43
3460;407651.73;5283860.32;1456.15
36229;408172.98;5283957.8;1485.15
3461;407865.22;5283766.78;1509.13
36231;407207.42;5283189.05;1356.08
36230;407702.45;5283165.94;977.32
36234;408749.16;5285021.28;1581.13
36235;408760.33;5285175.04;1599.74
3470;407813.95;5283592.12;1468.39
3473;407771.75;5284019.16;1356.1
3474;407686.06;5283880.1;1423.46
36241;407605.69;5283087.0;1028.36
3476;407893.42;5283593.56;1326.6
36246;407352.18;5283177.53;1170.41
36248;407632.49;5283951.91;1410.7
36249;409004.69;5285482.17;1649.62
36255;407763.6;5283814.19;1475.12
3488;407460.61;5283327.98;1393.78
3492;407715.93;5283872.34;1531.87
3497;408948.17;5285431.77;1617.19
36266;408189.91;5284123.95;1514.15
3500;407647.91;5283991.54;1422.6
36269;407527.33;5283305.14;1393.29
36270;408758.3;5285084.97;1610.21
36274;407788.18;5283491.09;1484.89
3507;407457.7;5283341.89;1413.54
3508;407716.54;5283633.91;1393.83
3509;407698.79;5283881.54;1514.68
36280;407566.97;5283884.03;1440.21
36281;408192.62;5284227.84;1516.05
36282;408219.8;5283833.58;1526.33
3517;407372.16;5282952.67;1045.26
36289;408514.48;5284781.84;1581.08
36290;407728.6;5283789.77;1524.61
3525;407599.61;5283813.86;1437.3
3526;407820.14;5283541.66;1469.55
36295;407701.03;5283660.19;1476.06
36294;408112.63;5283676.5;1327.03
36297;407891.77;5283594.3;1325.72
3529;407862.04;5284095.62;1470.88
3531;407624.67;5283813.44;1466.41
3532;407730.78;5283766.26;1487.92
3533;407600.61;5283906.11;1417.78
3535;407349.84;5282680.71;920.31
36304;407535.22;5283335.99;1236.52
36306;408832.02;5285324.86;1779.16
3538;408085.4;5283998.44;1506.67
3540;409061.1;5285430.92;1565.92
36307;408008.1;5283676.87;1413.9
36308;407432.65;5282887.62;989.46
3543;408711.69;5285144.8;1610.68
3545;407730.58;5283140.56;1526.8
3546;408405.55;5284828.21;1525.86
36313;407866.55;5283874.53;1395.27
3548;408383.5;5284548.16;1625.6
36318;408466.2;5284836.53;1642.25
3550;407592.04;5283523.43;1453.91
3553;407257.84;5282879.35;1129.16
3554;407508.21;5283869.01;1397.87
36322;407457.11;5282844.61;937.02
36325;408748.58;5285008.89;1466.41
36326;407638.55;5283534.97;1505.76
3557;407247.64;5283179.91;1381.84
36333;407894.7;5283819.24;1534.07
3566;407464.69;5283339.43;1402.13
36341;407235.54;5282919.39;1090.6
36342;407779.03;5283298.82;1510.31
3575;408007.52;5283616.73;1345.95
3574;407616.88;5283728.37;1536.0
3588;407716.76;5283691.31;1509.01
3589;409109.42;5285497.56;1675.11
3590;407706.67;5283923.82;1514.24
36361;408039.77;5283867.59;1520.82
3594;407784.28;5283773.15;1519.34
3595;407468.41;5283323.61;1388.08
3598;407561.85;5282870.04;1048.76
36375;408272.97;5284356.3;1493.5
36376;408699.16;5284695.8;1438.55
3609;407898.24;5284147.56;1276.86
36378;407553.59;5283901.23;1405.57
36379;407438.91;5283391.39;1446.76
3612;408904.64;5285364.85;1611.07
36380;407709.39;5283957.6;1360.97
36387;407288.24;5282623.96;961.54
36389;407607.21;5283900.12;1413.13
3627;407718.47;5283916.95;1510.55
36399;408476.61;5284760.05;1615.35
3632;407627.49;5283109.5;1165.28
36401;407588.08;5283885.19;1425.17
36403;407649.34;5283827.21;1448.35
36404;408913.32;5285189.49;1428.7
36406;408751.09;5285201.46;1605.47
3638;407657.35;5283766.4;1538.78
36408;408687.26;5284803.73;1421.64
36409;408744.47;5284700.5;1415.37
3639;407623.93;5283932.22;1469.37
36407;407607.92;5283166.33;1296.95
36414;407606.05;5283890.08;1453.66
3648;408196.89;5284002.38;1492.79
3649;408146.35;5283719.63;1334.54
3652;407588.91;5283531.62;1463.88
36422;408420.62;5284641.46;1600.36
3654;407659.95;5283907.56;1487.75
3657;407441.48;5283350.16;1385.82
36425;407648.83;5283944.54;1266.72
3658;407588.42;5282979.15;1375.41
36428;407614.23;5283556.75;1501.37
3660;407650.64;5283960.14;1466.19
36435;407826.25;5283696.25;1498.03
3670;407297.45;5283013.18;1109.38
3671;408167.72;5284067.87;1477.75
36440;407644.62;5282967.41;925.36
36442;407665.38;5283763.92;1543.31
3674;407333.86;5283090.31;1147.19
36444;408892.24;5285368.25;1629.41
36446;408429.9;5284632.09;1621.79
36447;407723.83;5283594.22;1306.98
36451;407889.42;5283774.91;1510.3
3686;408444.82;5284682.07;1596.52
36454;407981.75;5283607.24;1354.78
36456;407816.88;5283648.3;1381.39
3687;407561.45;5283526.43;1504.2
3690;407204.94;5283181.07;1389.77
36460;408044.31;5283939.26;1528.04
3694;407795.9;5284062.58;1445.65
36469;407613.29;5283911.92;1370.39
3702;408187.1;5283954.52;1494.15
3704;408928.2;5285380.96;1609.54
36474;407583.18;5283810.35;1464.97
3710;407661.64;5283902.8;1409.18
36479;407653.73;5283898.58;1459.23
36484;408222.07;5283852.97;1522.62
3717;407633.92;5283856.8;1410.82
3722;407845.27;5284051.33;1459.79
36493;408214.69;5283862.7;1502.59
36495;407216.25;5282827.04;1051.6
3732;408090.48;5284028.7;1506.09
36501;408028.72;5284065.66;1514.3
36500;407933.19;5283683.06;1420.69
36503;407718.51;5283636.39;1438.81
36505;407326.35;5283127.29;1144.19
3738;407866.63;5283391.4;990.91
36507;407556.01;5283057.74;1142.11
36510;408676.54;5285135.62;1644.45
36511;408728.63;5285198.29;1604.33
36512;408890.73;5285333.48;1619.55
36513;408890.68;5285142.08;1419.0
3745;407820.22;5283787.23;1515.26
3747;408737.85;5285190.27;1606.17
3748;408081.64;5284012.58;1493.95
36517;408006.28;5284046.04;1519.02
36518;408056.88;5283959.25;1539.8
3743;407841.27;5283706.97;1511.76
3752;407359.62;5283178.36;1315.13
36527;407886.17;5283543.15;1322.96
3760;408195.78;5283899.44;1502.44
3761;407934.8;5283797.99;1392.53
36530;407710.74;5283685.85;1507.84
36528;407326.04;5283181.94;1340.43
36532;408514.13;5284526.6;1493.84
3764;407768.69;5283089.2;1039.17
36535;407983.64;5283866.06;1514.73
3770;407709.73;5283756.22;1496.94
3771;408213.35;5284278.15;1499.04
3773;407782.2;5283340.64;1525.0
36542;408798.43;5285201.03;1601.64
36547;407604.08;5283563.77;1501.79
36548;408789.68;5285042.56;1576.52
36550;408374.81;5284581.11;1609.54
3784;407831.82;5283696.97;1507.45
36555;407893.48;5283602.52;1324.13
3790;407321.22;5283125.17;1192.04
36559;407661.51;5283191.3;1474.53
36561;407640.48;5283824.88;1473.39
36562;407707.58;5283606.36;1464.68
36564;407631.13;5283819.98;1471.41
3797;408176.78;5283960.14;1484.37
36568;408312.04;5283806.83;1495.44
36576;407813.95;5283503.38;1508.74
3810;408115.76;5283851.07;1480.86
3811;407610.75;5283235.6;1436.71
36581;407740.23;5283758.22;1534.15
36583;408677.66;5284983.12;1601.1
36584;409119.58;5285360.13;1576.83
3815;407707.81;5283676.02;1504.79
3816;407640.87;5283918.99;1458.89
3820;407237.97;5282804.62;1104.37
36590;409120.66;5285500.17;1662.16
3822;407906.84;5283776.04;1507.36
36591;407774.51;5283374.0;1516.91
3825;407983.54;5283503.31;1237.69
3828;407640.4;5283919.12;1505.88
36597;407424.45;5282817.89;933.26
3831;407431.86;5283389.36;1449.63
3833;407948.16;5283780.72;1630.74
36604;407678.26;5283955.4;1467.19
3841;407923.86;5283792.22;1630.48
3844;408031.29;5284011.08;1266.65
3848;407747.91;5283885.59;1439.48
3854;407691.8;5284009.87;1383.57
3855;407213.52;5283180.43;1362.17
3856;408190.88;5284016.86;1483.49
36624;407575.6;5283100.95;1033.54
36630;407648.42;5283615.65;1475.53
36631;408023.18;5283604.77;1343.79
36636;407609.66;5283573.6;1508.03
36638;408394.22;5284719.75;1616.76
36641;408478.4;5284535.72;1498.88
3873;408266.15;5283971.24;1487.2
36643;408070.17;5284010.21;1490.79
36644;407655.38;5283772.49;1472.06
3880;407839.15;5283823.98;1511.55
36649;407978.12;5283702.52;1393.68
36650;407954.57;5283772.64;1496.12
3883;408447.23;5284500.7;1498.29
36652;407794.08;5283554.26;1509.38
3885;407493.11;5283215.64;1296.99
36656;407265.91;5282933.67;1087.24
3889;407585.56;5283890.22;1445.27
36659;408253.36;5283812.47;1519.17
36661;407642.67;5283652.51;1430.07
3894;407730.77;5283110.85;1518.73
3895;407931.73;5283888.77;1493.14
36663;407745.97;5284008.19;1395.79
3896;407595.89;5282984.37;1380.25
3898;407967.79;5283897.36;1544.79
3902;407902.13;5283605.61;1323.88
3904;407917.5;5283875.48;1480.14
36676;408035.67;5283679.18;1409.66
36677;408211.8;5283954.94;1501.63
3909;407726.23;5283883.51;1540.09
36679;407367.89;5282949.9;1044.18
3912;407679.91;5283999.37;1466.55
36682;407840.74;5283851.34;1405.13
36683;408154.94;5283868.28;1488.51
36685;407628.91;5283970.79;1380.18
3918;407285.32;5283041.99;1110.1
36687;408750.15;5285033.64;1463.44
36688;408717.54;5285117.22;1603.82
36694;408340.09;5283782.79;1488.95
3929;408271.78;5283823.18;1522.22
3930;407593.58;5283004.9;1346.12
36698;407289.19;5282975.55;1087.15
3934;409169.1;5285588.14;1719.29
3935;408164.27;5284088.21;1411.45
3936;407725.07;5283585.55;1515.97
36707;407416.29;5283199.43;1316.99
3939;407707.17;5283122.32;1151.08
3943;407815.9;5283549.67;1464.2
36718;407995.82;5283713.51;1392.89
36719;408125.9;5283841.39;1479.28
3953;407983.0;5284057.53;1509.68
3954;407978.66;5283702.87;1393.5
36727;407665.87;5283606.15;1471.59
36728;408726.31;5285117.03;1585.77
3959;407357.19;5283085.38;1160.26
3962;407426.98;5283389.09;1450.36
3964;408804.67;5285223.43;1606.31
3965;407739.57;5283858.61;1524.18
36733;407731.51;5283537.09;1457.5
36734;407218.06;5282813.57;1120.02
36736;407554.72;5283894.71;1419.42
36737;408230.48;5283868.67;1439.44
3972;407391.35;5282979.45;1081.98
3973;407741.64;5283156.4;952.96
3978;407735.51;5283819.5;1384.21
36747;407621.29;5283904.22;1509.63
3980;407725.37;5283566.19;1406.93
3981;407931.29;5283848.59;1533.76
3982;407577.74;5282913.36;942.13
36751;407361.89;5283201.25;1329.59
3985;407215.89;5283202.05;1329.75
36755;409142.69;5285316.02;1592.0
36756;407641.14;5283565.15;1451.53
3991;408164.75;5284117.26;1532.07
36759;407714.65;5283666.2;1503.66
3993;407198.21;5283266.32;1458.38
3998;407960.79;5283699.23;1396.82
36767;409131.74;5285322.19;1588.08
4000;407971.92;5283897.08;1544.42
4001;408327.11;5283816.95;1517.41
36766;407207.68;5282777.99;1060.1
36771;408130.32;5283715.4;1338.73
36773;408013.77;5284037.82;1503.19
36780;408306.31;5283802.35;1493.49
4012;407636.7;5283806.59;1507.4
36783;408175.24;5283868.51;1473.88
4019;407673.39;5283922.52;1470.87
4020;407693.58;5283838.72;1506.43
36789;409062.26;5285467.48;1544.78
4022;407784.24;5283784.84;1518.23
36791;407796.07;5283832.44;1491.56
36790;407644.99;5283891.78;1524.59
36793;409105.98;5285287.36;1560.0
36796;407624.63;5283551.91;1485.68
36798;408830.57;5285181.44;1434.11
4032;408270.85;5284364.69;1499.53
4033;409027.32;5285455.52;1563.74
36802;407735.74;5283672.41;1433.35
4036;408087.23;5284009.8;1489.07
4038;407311.75;5283170.75;1255.73
4039;407889.64;5283651.91;1420.36
36811;407583.94;5283857.74;1363.64
4045;407909.35;5283779.11;1508.52
4049;407199.32;5283179.46;1390.49
4050;408350.61;5283834.75;1577.56
36821;407901.18;5283895.44;1475.24
36822;407646.63;5283959.91;1450.44
36823;407673.22;5283921.78;1373.26
36824;408387.92;5284596.88;1605.86
4057;407724.86;5283871.1;1436.1
36830;407927.65;5283881.85;1480.28
4065;408177.67;5283872.26;1497.1
4068;407423.96;5282798.22;920.9
4071;407731.01;5283976.03;1312.84
36840;408257.8;5284365.67;1516.12
36841;407616.92;5283808.98;1507.6
36842;408325.13;5284561.07;1595.19
4076;408905.7;5285182.92;1423.34
36846;407609.15;5283950.21;1336.67
36847;407988.2;5283868.85;1518.46
4081;407747.98;5283873.18;1534.17
36851;408702.55;5285007.89;1582.76
4084;407777.52;5283331.21;1520.27
36852;407440.42;5283386.16;1443.54
4086;408016.45;5283853.86;1516.12
4088;408006.18;5284030.7;1323.21
4089;407704.83;5283874.36;1537.8
36859;408166.98;5283905.87;1489.11
4091;407993.51;5284104.95;1486.87
36861;408270.23;5283791.97;1516.22
36860;407684.84;5283892.18;1503.59
4095;407678.43;5283831.33;1504.12
4096;407686.63;5283806.89;1515.15
4097;408504.69;5284733.34;1613.17
36865;407823.87;5283701.17;1480.17
4099;408716.09;5285019.95;1578.72
4098;407617.65;5283989.14;1429.37
4103;408404.46;5284757.18;1631.16
4105;407806.74;5283539.64;1471.53
4111;407560.19;5282871.9;1050.61
4112;407611.17;5283866.74;1401.5
36882;408830.48;5285389.84;1852.01
4116;407706.89;5283596.25;1520.86
4119;407578.41;5283969.09;1401.62
4123;407469.06;5283315.92;1381.38
4131;408370.79;5283806.86;1474.61
36899;407555.66;5283020.85;994.29
4133;408883.33;5284538.79;1437.49
4135;408754.91;5285096.8;1582.61
36903;407736.19;5283580.2;1464.8
4137;408703.04;5285030.2;1552.53
4139;407912.72;5283880.4;1462.89
36909;407996.93;5283606.86;1345.13
4141;407972.04;5283394.18;935.62
36911;407996.21;5283869.28;1517.07
36912;408395.1;5284761.14;1634.63
4144;407739.61;5283825.62;1538.58
4145;407756.12;5283292.8;1523.67
4147;408084.07;5283995.11;1506.18
36915;407989.85;5284039.37;1311.46
36917;407589.1;5283935.68;1481.42
36914;407603.96;5283891.63;1358.82
4151;408709.49;5284756.97;1436.44
36916;407335.26;5283075.69;1143.11
4154;408263.87;5284342.21;1517.36
36930;407687.26;5283901.52;1411.52
4162;407553.82;5283885.15;1410.46
4166;408072.82;5283970.82;1458.93
4167;407696.35;5283736.39;1465.99
36938;407467.87;5283261.23;1339.61
4171;407475.91;5283298.55;1366.25
36941;407607.77;5283104.18;1167.61
36942;407621.97;5283734.38;1537.21
4176;408209.2;5283853.45;1505.26
36946;407725.31;5283860.39;1485.96
4179;407964.05;5283645.53;1406.91
4178;407705.86;5283871.49;1393.97
4182;408199.4;5284255.17;1492.79
4183;408627.84;5284900.18;1608.31
36952;408806.93;5284639.03;1477.94
36953;407672.31;5283868.95;1455.02
36960;407581.45;5283145.67;1253.4
36961;408892.13;5285224.49;1428.22
4193;407329.56;5283192.73;1211.95
4196;407689.8;5283874.9;1411.46
36966;407675.7;5283770.67;1541.77
4198;407508.43;5283193.95;1278.9
4199;407942.95;5283361.01;933.51
4201;408624.34;5284781.99;1471.34
4203;407349.91;5282997.61;1062.97
36972;407261.37;5282687.56;1013.2
36973;407792.78;5283839.75;1504.87
4205;407184.87;5282804.52;1031.37
4207;407909.85;5283547.71;1306.07
36983;408323.49;5284561.28;1613.04
4217;407705.2;5283129.22;1153.83
36986;407588.5;5283882.13;1485.71
36988;407917.39;5283873.28;1480.55
4222;409074.89;5285473.65;1582.62
36992;407327.32;5283124.67;1143.43
36998;407786.77;5283121.79;967.65
4231;408169.36;5283921.14;1482.26
36999;407376.35;5282906.54;971.42
4234;407923.49;5283680.29;1422.73
37003;407484.67;5283021.99;1039.89
37011;407198.0;5283262.38;1476.24
4247;408259.03;5283788.18;1517.97
37015;407201.58;5283271.1;1454.39
4250;408916.53;5285343.75;1439.73
4251;407666.48;5283663.53;1480.94
37020;407748.46;5283948.92;1350.39
37025;407872.29;5283480.38;1270.96
4257;407214.86;5282905.72;1096.82
37030;408306.33;5283829.55;1546.88
4262;407734.6;5283612.38;1302.34
4265;408128.94;5284046.8;1524.53
37033;408004.53;5283609.01;1360.67
4266;407163.17;5283235.82;1428.66
4268;407723.16;5283881.94;1548.2
4269;407741.2;5283766.48;1539.67
37036;407690.3;5283584.79;1507.07
4271;408187.54;5283953.38;1508.2
37037;407181.12;5282814.07;1044.01
37044;408246.32;5283913.72;1472.27
37045;407692.61;5283648.71;1454.72
4277;407987.31;5283498.96;1231.3
4280;407988.55;5283607.41;1350.86
4283;407731.74;5283830.61;1495.2
37052;407850.58;5283721.78;1489.01
4285;407773.84;5284028.34;1361.79
4286;408224.7;5283831.19;1509.39
4288;407732.5;5283633.59;1476.49
37058;407863.61;5283747.01;1444.44
37059;409175.05;5285341.49;1611.6
37060;408868.32;5285417.78;1623.69
4297;407265.34;5282969.09;1098.51
37066;408887.93;5285169.85;1419.63
4299;407677.91;5283857.61;1405.54
4301;407640.91;5283879.55;1393.38
37069;407664.08;5283949.99;1451.09
4304;408108.94;5283859.92;1510.78
4307;407579.37;5283889.93;1464.35
4309;407813.52;5283755.52;1504.87
37081;408760.11;5285037.28;1583.79
37085;407668.15;5283910.14;1501.53
4318;407882.18;5283751.46;1495.97
37086;407645.12;5283569.44;1453.11
4317;407607.86;5283913.69;1369.5
37087;407197.08;5283273.7;1453.75
4323;407694.4;5284017.59;1393.42
37094;408274.97;5283825.82;1546.3
37096;407764.49;5283085.17;1516.33
4329;408495.06;5284729.16;1608.76
37097;408193.1;5284091.77;1490.78
37099;408696.16;5284811.62;1465.8
37100;408861.5;5285209.96;1440.11
4328;407706.55;5283910.01;1311.33
4335;408774.77;5285233.13;1608.56
4338;407516.07;5283318.26;1393.51
37107;408200.88;5283760.22;1493.77
4342;409096.22;5285387.41;1442.76
4344;408322.19;5283851.0;1578.32
4349;408229.18;5283870.76;1515.24
4350;407650.94;5283895.0;1411.93
4351;408239.07;5283771.57;1487.96
4352;407329.86;5283178.85;1335.96
4353;408004.1;5284063.18;1510.24
4356;407602.75;5283866.44;1455.95
4364;407745.61;5283834.31;1534.19
37132;407309.69;5283060.63;1063.05
37135;407149.24;5283224.33;1482.87
37137;407764.08;5283822.11;1478.05
4372;407593.49;5283910.49;1484.46
4373;408204.36;5283864.97;1480.09
37143;408357.54;5284592.8;1589.43
37144;408198.67;5284295.07;1493.46
4380;408814.02;5284645.03;1487.57
37148;407657.32;5283624.31;1477.04
37150;409068.26;5285300.32;1513.05
4381;407685.31;5283883.02;1509.03
4385;407646.19;5283830.62;1509.85
4386;407950.21;5283668.99;1405.51
4391;407269.4;5282740.63;1050.75
4395;407860.63;5283745.17;1498.36
4398;408204.61;5283610.41;928.73
37167;408837.02;5285026.04;1513.62
37168;408885.6;5285367.67;1627.5
37174;408325.44;5283821.5;1508.48
4407;408068.46;5283962.82;1548.14
4408;409149.22;5285367.99;1435.68
37175;407658.44;5283743.86;1518.76
37178;408799.31;5285273.94;1762.51
4409;407457.51;5283329.37;1393.84
37180;408019.94;5284006.57;1501.2
37181;407676.45;5283907.75;1483.13
4415;407644.79;5283945.27;1261.13
37184;407992.3;5283714.28;1354.05
4417;407806.41;5283495.62;1510.75
37186;407727.84;5283208.02;1521.98
37187;407299.37;5283165.13;1334.25
4423;407950.2;5283883.66;1539.42
37194;407677.53;5283986.37;1462.71
37197;408275.81;5283806.31;1518.13
37199;407460.72;5283364.12;1407.24
37200;407766.1;5283820.33;1476.7
4434;408207.4;5284060.44;1482.29
4437;407634.04;5283838.07;1470.78
4438;409142.7;5285318.41;1593.33
4439;407616.45;5283899.02;1479.44
4440;407763.99;5283951.31;1353.27
4447;407569.12;5283071.68;1030.33
4448;408415.21;5284832.77;1475.94
4451;407240.98;5282886.88;1118.87
37221;407789.38;5283713.84;1534.02
37222;409107.22;5285297.73;1555.51
4456;407641.64;5283795.66;1467.15
4457;407601.09;5283861.52;1456.56
4458;408299.83;5283795.45;1493.43
37226;407546.86;5283309.95;1241.46
37230;407666.52;5283896.05;1515.25
37236;407510.51;5283447.72;1441.02
37240;407846.83;5284048.19;1462.49
37241;408285.13;5283825.58;1527.56
4473;407641.23;5283949.91;1398.6
37243;408946.94;5285363.25;1614.99
4475;407979.38;5283654.45;1401.32
4476;407714.29;5283848.05;1409.99
4479;407222.39;5283208.74;1397.88
37249;409099.01;5285610.54;1679.19
37250;408275.12;5284367.06;1517.84
4482;407313.8;5283075.54;1123.76
4484;407876.59;5283768.97;1606.86
37253;407661.94;5283488.14;1425.47
37260;407492.96;5283872.59;1430.58
37261;407588.95;5282957.05;965.53
4494;409046.22;5285526.44;1650.41
4497;407857.21;5284070.84;1469.07
4498;407691.13;5283699.02;1516.23
37269;407333.04;5283053.31;1120.19
37270;407682.34;5283810.26;1518.4
4503;407728.9;5283219.89;1522.8
37272;408242.84;5284303.23;1510.74
37273;407677.8;5283713.97;1512.51
4506;407566.44;5283484.96;1443.52
37274;407724.03;5283875.87;1428.84
4507;407923.12;5283814.25;1415.96
37275;407641.19;5283572.07;1512.33
4504;407647.06;5283960.62;1465.4
4512;408017.47;5283674.68;1411.89
37281;407546.35;5283534.73;1503.21
4514;407745.92;5283998.4;1354.13
4515;407469.9;5283260.11;1336.85
4516;407738.27;5283899.27;1403.11
4517;407812.54;5283749.27;1501.87
37286;407843.36;5283776.95;1510.19
37287;408406.34;5284826.01;1527.82
37288;407831.27;5283700.78;1511.29
4521;407709.32;5283901.28;1243.73
4525;407905.82;5283613.7;1336.83
4526;408376.87;5284652.47;1599.88
4529;407874.09;5283479.34;1267.99
37298;407729.28;5283817.13;1392.78
37299;407496.82;5283831.92;1423.31
4533;407744.44;5283868.69;1358.05
37304;407577.53;5283096.61;1033.37
4537;407922.84;5283720.92;1458.97
4538;407568.31;5283897.21;1428.07
4540;408522.32;5284744.28;1574.33
4544;407691.84;5283838.26;1393.23
37318;407659.63;5283864.19;1501.93
4553;408047.08;5283492.79;1218.61
4554;407688.19;5283622.09;1451.05
4556;407733.41;5283999.99;1383.44
4557;407645.75;5283820.81;1477.76
37326;407669.84;5283929.23;1359.45
4564;407333.12;5283088.11;1135.67
4566;407606.47;5283805.37;1501.0
37337;408594.69;5284882.13;1600.04
4569;408980.95;5285428.09;1684.37
4572;409012.58;5285449.14;1429.34
37342;407187.25;5282821.24;1046.92
4580;407684.35;5283877.54;1428.21
4581;408681.68;5285001.05;1591.58
37348;407652.05;5283170.13;1249.46
4583;407471.18;5283269.4;1350.92
4584;408895.08;5285141.75;1417.57
4585;407294.55;5283112.66;1161.41
37355;408515.91;5284643.64;1437.4
37356;407180.47;5283163.28;1385.19
37361;407484.23;5282853.55;929.73
37363;407674.0;5283960.36;1460.62
37364;407530.58;5283347.37;1222.12
4598;407794.51;5283835.04;1498.37
4603;407900.4;5283775.46;1617.61
37371;407565.11;5283891.9;1434.19
37378;407739.17;5283826.26;1535.08
37380;409074.33;5285297.35;1518.72
37381;407694.04;5283911.69;1504.73
37383;407745.07;5283834.39;1534.14
37388;408203.19;5284241.96;1459.18
37389;407588.44;5283892.5;1388.91
4622;407733.24;5283832.11;1502.57
4623;407652.67;5283825.62;1510.03
37392;408182.36;5284221.41;1505.33
37391;407605.19;5283715.95;1540.28
4626;408119.21;5284051.52;1523.74
37395;407319.56;5282662.81;938.15
4628;408077.17;5283966.13;1456.28
37398;408879.77;5284630.87;1442.57
4632;407596.88;5283872.61;1466.81
4633;407276.34;5282971.8;1073.63
37402;408382.02;5284590.63;1606.45
4635;408007.7;5283589.07;1332.5
37403;407616.07;5283846.59;1498.81
4637;407455.51;5283364.66;1416.82
4638;407694.58;5283143.31;1493.77
4639;407693.42;5283867.57;1409.45
37408;408361.61;5284565.18;1608.81
4636;407513.43;5282864.43;935.55
37414;407609.34;5283835.96;1497.45
4648;407774.92;5284062.93;1417.28
37419;407611.33;5283712.64;1540.44
37421;408268.29;5283715.35;919.58
4655;408134.16;5283846.1;1483.32
4659;407421.59;5283198.55;1299.05
37428;407734.23;5283609.99;1302.04
37430;407540.3;5283190.42;1259.41
4663;408800.03;5284998.79;1556.11
37432;408641.55;5285139.83;1582.76
4664;407832.12;5283996.35;1466.1
37435;407825.83;5283698.63;1498.68
37436;407639.3;5283529.09;1511.41
4667;407305.29;5283089.04;1133.77
4672;407699.79;5283678.57;1459.57
4673;408921.62;5285366.81;1621.31
4674;408364.11;5284604.81;1589.97
4677;407611.64;5283553.68;1511.63
4678;409038.43;5285452.73;1454.58
37447;408469.84;5284755.71;1614.24
4681;407753.19;5283875.27;1483.82
37451;408166.24;5284098.74;1506.96
4685;407879.29;5283329.02;942.96
4686;407199.19;5282828.7;1043.21
4687;407603.92;5283917.25;1414.51
37457;407585.35;5283257.08;1417.77
4690;408798.54;5285343.2;1612.3
37460;408309.55;5284419.19;1502.85
37461;407761.13;5283644.31;1465.69
4697;407432.81;5282874.45;972.99
4699;407725.84;5283628.24;1479.35
4700;407757.89;5283136.13;1139.29
37469;408074.47;5284012.16;1496.39
4707;408120.33;5283864.52;1483.71
37477;407441.32;5282978.88;1049.73
37479;407782.67;5283278.28;1547.45
37482;407505.94;5283033.99;1036.78
37483;407154.55;5283170.31;1387.6
4719;408147.57;5284062.78;1512.42
4721;408712.69;5285216.93;1621.3
37491;408346.27;5284536.3;1616.58
4723;407612.71;5283830.53;1423.52
37493;407669.09;5283956.22;1443.53
4726;408170.37;5283929.92;1483.83
37495;408177.82;5283924.16;1492.69
37496;407627.19;5283153.64;1233.85
4729;407911.29;5283819.32;1427.07
4725;407167.77;5283164.71;1377.26
4731;407906.58;5283602.28;1324.48
37501;407805.4;5283747.88;1503.06
37502;408075.03;5284014.9;1497.43
37503;407605.6;5283896.59;1460.75
4733;407604.29;5283888.1;1484.82
37505;407592.99;5283065.12;1306.31
37506;408277.17;5283800.0;1507.32
37507;407673.66;5283723.9;1471.99
4738;407656.07;5283886.07;1467.17
4737;407914.12;5283319.54;923.09
4742;407796.62;5283825.28;1498.24
4741;407551.31;5282871.63;918.07
37512;408175.33;5284100.38;1511.3
4743;407316.56;5282607.75;939.06
4748;407653.47;5283969.04;1382.27
37517;407685.69;5283751.22;1484.17
37518;407889.18;5283554.34;1327.59
4751;408257.93;5284350.23;1513.71
37520;407645.96;5283947.22;1421.46
37524;408084.03;5283971.95;1454.16
4757;407605.15;5283913.17;1399.49
37526;407484.28;5283310.36;1383.94
37527;408060.01;5283978.68;1534.85
37529;408885.38;5285171.67;1424.73
4763;407696.78;5283515.71;1437.47
37531;407753.22;5283950.53;1349.64
4767;407261.89;5282549.6;923.03
4774;408321.51;5284560.9;1609.98
4780;407553.9;5283531.04;1496.75
37554;407558.5;5283506.1;1462.42
37555;408851.34;5285324.67;1627.64
37557;407671.03;5283162.44;1216.54
4790;408288.16;5284419.06;1502.29
4789;408262.84;5283723.27;919.97
37564;407809.57;5283641.92;1502.54
4799;407604.23;5283756.88;1514.08
37568;407207.06;5283219.47;1499.4
4802;407695.38;5283829.39;1507.94
4803;407663.24;5283142.07;1020.18
37572;407690.19;5283867.88;1519.8
37573;407793.17;5283747.2;1505.11
4807;407571.82;5283087.56;1033.96
4808;407853.29;5283716.86;1487.31
4810;407644.98;5283965.29;1457.91
37580;407767.07;5283830.09;1475.94
4812;407672.19;5283863.25;1410.16
4814;408789.71;5285141.22;1441.67
37581;407599.1;5282948.43;949.82
4817;407679.4;5283849.92;1393.16
4818;407694.76;5283845.46;1546.16
4819;407345.42;5283013.82;1119.99
4820;407639.23;5283860.41;1440.15
37587;407354.08;5283003.92;1117.82
4822;407317.49;5283154.31;1236.88
37591;407555.23;5283479.0;1451.52
37592;408743.88;5285022.75;1583.71
4827;408177.95;5283961.5;1481.88
4828;408111.58;5284026.91;1511.62
37595;407753.77;5283887.17;1554.9
4830;408568.31;5284942.89;1585.08
37597;407590.29;5283534.09;1464.57
37599;407730.34;5283148.0;1215.19
4833;407580.56;5283530.72;1463.5
4834;407458.63;5283348.09;1371.07
37596;407270.54;5282672.99;1004.89
37605;408891.49;5285174.62;1428.97
4837;408679.36;5284697.5;1455.39
37606;408156.13;5284098.06;1457.17
4840;407465.12;5282839.8;930.17
4841;408894.4;5285192.35;1430.72
4843;407590.06;5283551.05;1481.49
37614;407756.46;5283662.85;1519.43
37618;407337.07;5282992.36;1073.54
4856;409102.9;5285328.58;1552.2
37627;408323.01;5283843.54;1548.92
4863;407583.78;5283833.03;1313.13
37632;407708.13;5283676.17;1485.05
4865;407999.0;5283525.66;1264.16
37633;407572.88;5283149.97;1265.9
4867;408166.73;5283917.65;1481.58
4868;408721.65;5285021.61;1571.71
37635;407914.42;5283753.98;1493.55
37639;408384.73;5284650.5;1595.14
4872;408853.03;5284630.51;1452.13
4871;407748.16;5283887.16;1466.88
4875;408565.16;5284928.22;1619.93
37646;407558.47;5282871.49;1046.56
4879;407585.83;5283888.1;1431.4
37647;407222.26;5282877.6;1062.05
37649;407797.2;5283658.26;1500.11
37652;407350.52;5282994.58;1114.04
37655;407862.25;5284094.45;1476.39
4889;407213.74;5283200.06;1367.2
4891;408461.76;5284848.34;1645.53
37660;407696.42;5283734.25;1464.65
37663;408193.1;5283924.39;1500.86
4895;407976.91;5283510.98;1257.7
37665;407835.2;5283544.29;1483.57
4898;407133.31;5283230.27;1470.17
4899;407769.84;5283831.54;1475.28
37673;407790.8;5283740.36;1493.69
37674;407843.42;5283829.61;1537.59
4906;407962.13;5283693.32;1397.87
37675;407742.48;5283847.22;1499.77
4905;407363.17;5283059.77;1143.68
37678;408526.75;5284668.92;1428.49
4910;407946.64;5283839.97;1521.54
4909;407277.27;5282970.66;1072.37
37682;407386.38;5283194.66;1276.24
37684;407625.19;5283874.48;1461.9
37687;407647.35;5283886.07;1446.51
37694;408318.13;5284564.72;1599.7
4927;407694.23;5283682.12;1512.59
4928;408339.49;5284535.97;1612.08
37695;407651.55;5283871.56;1449.17
4932;408305.82;5283800.03;1494.61
37701;408008.43;5283591.99;1334.85
4934;407189.35;5283171.85;1389.92
37706;407714.47;5283636.14;1391.62
37707;407814.36;5283247.99;1518.14
4940;408006.57;5284081.09;1508.28
37711;408826.64;5285268.87;1587.68
4943;408055.28;5284001.35;1531.31
37712;407591.01;5283785.51;1443.46
4946;408330.34;5283841.99;1556.48
4947;409013.77;5285446.58;1429.44
4945;407197.78;5283218.54;1453.93
37718;408506.62;5284767.16;1605.21
4950;409117.73;5285503.27;1684.78
37720;407577.3;5283882.83;1466.89
4956;409017.28;5285444.83;1571.59
4957;407841.92;5284094.76;1347.17
4958;407210.37;5282820.55;1055.59
37728;408156.24;5284071.52;1510.51
4960;408257.03;5283947.15;1480.0
37730;408123.29;5283868.27;1483.92
4961;407819.48;5283699.4;1480.99
37731;407439.71;5283323.88;1342.34
37732;407317.48;5283200.26;1241.88
37736;407643.51;5283588.19;1465.95
37738;407861.16;5283772.61;1598.18
4971;407507.66;5283199.63;1274.81
4972;407717.47;5283612.43;1514.18
37740;407676.88;5283891.24;1406.4
37742;407591.71;5283885.7;1482.14
4976;407497.14;5283828.27;1419.65
37746;407586.07;5283913.26;1367.78
4980;408156.93;5283897.85;1481.58
4981;407327.04;5283203.39;1229.65
4983;409016.22;5285417.24;1652.83
37758;407604.98;5283883.4;1354.05
37759;407610.42;5283554.71;1510.13
37760;408197.9;5283972.62;1421.65
4991;407711.79;5283870.77;1400.67
4993;407623.08;5283956.91;1344.52
4992;407507.39;5283065.33;1047.15
4996;407385.77;5282878.1;942.48
37767;407602.53;5283711.12;1539.23
5000;407955.86;5283868.96;1520.4
37769;407213.33;5283216.69;1351.51
37770;408337.07;5283802.07;1486.41
5004;408106.14;5283698.58;1338.62
5006;407780.53;5283821.12;1482.47
37775;407825.46;5283692.97;1496.18
5007;407821.02;5283525.25;1482.08
5009;408198.04;5284033.49;1478.2
5010;407677.94;5283821.63;1510.98
37783;408199.01;5283994.59;1495.68
37785;407741.55;5283880.85;1540.01
37789;408000.42;5283722.96;1393.85
5023;408283.62;5283799.96;1525.74
5024;408511.02;5284756.97;1596.87
37792;408171.74;5284138.2;1522.49
5025;407654.3;5283785.28;1535.47
5029;407829.12;5283544.18;1479.91
37801;407421.65;5282934.19;1037.58
37805;407613.19;5283856.41;1462.4
5037;407418.19;5283229.45;1377.77
37807;407580.11;5283891.99;1464.57
5041;407804.21;5284076.25;1433.3
5043;407668.07;5283935.4;1382.39
5044;407555.95;5282873.07;1046.96
5046;407808.5;5283538.39;1486.11
5050;407906.78;5283818.2;1430.2
5051;407708.89;5283511.64;1445.62
5056;409067.08;5285301.78;1509.79
37825;408687.58;5284850.35;1456.24
5057;408197.96;5284036.97;1475.3
37824;407555.32;5283010.44;991.29
37829;407320.55;5283178.97;1342.67
5062;407745.17;5283756.51;1534.11
37831;408786.22;5285057.7;1586.03
37832;407505.75;5283327.79;1394.98
37834;407775.51;5283695.39;1493.23
5068;408182.4;5284104.97;1503.33
37837;407610.41;5283867.69;1377.89
5070;407866.17;5283739.25;1499.65
5071;407612.23;5283879.16;1352.61
37836;407440.36;5282900.68;995.55
37841;407674.68;5283824.4;1568.68
37842;407629.29;5283152.94;1231.88
5073;407587.32;5283125.75;1199.53
5076;407609.71;5283560.39;1509.2
37847;407789.49;5283264.75;1547.11
5081;408480.04;5284710.16;1601.11
37851;407561.29;5283815.95;1431.81
37852;407592.93;5283823.11;1321.87
5085;407575.82;5283961.98;1402.28
37856;408640.59;5284660.03;1470.35
5090;407664.04;5283870.32;1502.06
5091;409092.12;5285335.56;1545.39
37858;407335.41;5282647.12;921.58
5093;407335.45;5283159.31;1317.24
5096;409054.66;5285430.12;1561.49
37864;407619.33;5283846.7;1364.97
37868;408008.95;5283596.21;1337.93
37870;407443.61;5282856.43;955.92
5106;407439.12;5283217.05;1370.36
5108;408208.72;5284318.3;1478.03
5109;407462.36;5283865.88;1415.5
37879;407476.11;5283201.36;1298.75
5112;407829.5;5283516.0;1511.78
37884;407181.26;5282868.96;1110.52
37893;407802.88;5283765.24;1511.27
5125;407539.13;5283125.38;1220.75
37894;407859.71;5283397.96;988.73
37896;408085.98;5283988.32;1466.54
37898;407477.98;5283017.57;1037.03
37900;407915.13;5283738.4;1477.5
5132;407653.51;5283838.86;1519.33
37901;407681.12;5283774.65;1487.53
5136;407590.76;5283839.72;1463.27
37905;408186.92;5283749.61;1468.65
5137;407644.03;5283832.38;1437.37
37908;409120.69;5285385.61;1587.72
37909;407901.97;5283645.75;1421.32
37912;407893.05;5283746.31;1487.53
5146;408429.37;5284669.58;1596.91
37914;408222.74;5283860.99;1512.91
5151;407544.16;5282996.84;988.26
37925;408161.46;5283902.96;1490.27
5159;408179.34;5284174.69;1522.41
5163;407607.36;5283808.62;1508.33
37933;407594.27;5283801.3;1450.93
5166;408153.22;5283895.0;1486.88
37937;407634.24;5283096.58;1016.53
37938;407691.24;5283888.41;1514.86
5171;407211.85;5282813.7;1052.91
5173;408156.44;5283923.95;1491.0
37941;407650.35;5283725.46;1457.18
5175;407599.97;5283723.63;1525.65
5176;407534.92;5283053.9;1058.14
37947;407773.06;5283645.33;1493.91
37954;408894.43;5285206.0;1426.37
5187;408271.82;5284356.67;1518.09
5186;407973.63;5283667.6;1404.39
37955;407616.45;5283991.17;1431.01
37962;408258.08;5283779.03;1490.51
5194;407824.75;5283505.35;1522.98
37963;407443.3;5283308.72;1340.12
5196;407629.94;5283975.88;1418.01
5198;408004.51;5283599.83;1351.45
37966;407640.74;5283832.51;1473.06
5200;407848.77;5283514.38;1509.37
5199;407391.39;5283186.87;1326.02
37969;407743.2;5283897.6;1343.43
5203;407749.81;5283840.3;1532.74
5204;407735.27;5283889.67;1432.44
37973;408406.06;5284585.46;1539.37
37974;407914.3;5283759.48;1494.22
37972;407608.61;5283857.7;1448.23
5207;407636.28;5283939.07;1315.13
5209;407546.9;5283526.84;1495.75
37978;408481.14;5284707.13;1589.1
37980;408134.46;5283891.51;1498.68
37987;407830.2;5283983.82;1473.41
5222;407742.79;5283827.5;1532.8
37995;407429.5;5282945.46;1031.94
5228;407207.7;5283185.52;1352.24
37997;408670.84;5284944.29;1581.5
5230;407722.3;5283638.96;1397.88
5231;407796.56;5283542.57;1514.45
38001;408157.27;5283872.16;1488.51
38002;408268.73;5284348.68;1518.55
5234;407632.96;5283155.91;1225.84
5235;407684.78;5283023.63;941.92
38005;408985.08;5285460.62;1613.21
5239;407688.26;5283737.77;1513.47
5241;408194.64;5284009.26;1487.97
38011;407680.32;5283893.08;1511.49
5243;407738.6;5283998.78;1389.77
38012;407340.16;5282680.56;927.65
38014;408166.83;5283863.73;1489.68
5248;407598.74;5283860.31;1377.82
38017;408821.98;5285282.9;1621.26
5250;407867.73;5283778.56;1517.56
38021;407711.89;5283014.38;927.55
38023;408132.6;5283873.08;1488.17
38024;407338.61;5283187.05;1207.28
5261;408197.91;5284032.53;1477.95
38030;408203.12;5283894.52;1504.05
38031;407840.4;5283669.8;1466.86
38032;409065.94;5285473.03;1548.73
5265;407719.93;5283040.34;1528.68
38035;408708.26;5285202.73;1619.51
38037;409130.24;5285328.47;1583.86
38038;407792.23;5283734.76;1489.68
5271;407582.33;5283530.36;1462.15
38040;407424.21;5283136.42;1351.48
5270;407287.94;5283114.34;1163.1
5275;407167.61;5282819.3;1057.56
5278;408019.69;5284039.24;1523.16
38046;408345.04;5283802.25;1473.11
38050;407599.4;5283137.18;1295.92
38052;408991.04;5285435.9;1679.28
5288;408036.7;5284059.65;1516.6
5292;407636.51;5283575.64;1518.39
5296;408491.21;5284757.06;1607.22
5302;408177.12;5284130.76;1520.64
38073;407933.19;5283677.86;1418.16
5306;407494.58;5283224.24;1308.41
5307;408728.69;5285024.52;1588.78
5308;408219.31;5283831.58;1525.97
5309;408810.32;5284991.54;1518.13
38079;407821.66;5283696.13;1479.11
38081;407559.64;5283517.81;1472.44
5313;407222.46;5282906.09;1101.02
5315;409024.0;5285477.1;1622.52
5318;409146.55;5285389.77;1445.45
5322;408112.4;5284017.33;1520.58
5325;408191.93;5284284.59;1459.57
38094;408504.11;5284741.68;1595.85
5327;407991.96;5283837.84;1521.63
38093;407732.52;5283769.07;1550.2
5329;408085.73;5283984.61;1500.85
5330;407676.97;5283873.84;1456.36
38100;408166.36;5283916.44;1481.33
38103;408303.15;5283794.55;1494.95
38104;407449.28;5283357.24;1411.21
5338;408176.73;5283935.16;1487.75
38107;407642.12;5283899.51;1468.02
38112;407396.2;5282848.2;979.55
5350;407878.6;5283759.66;1510.94
38119;407650.94;5283612.48;1453.8
38118;407625.84;5283788.76;1510.89
38120;407574.68;5283545.68;1506.4
38122;407676.91;5283862.96;1446.65
5355;408004.1;5284063.18;1514.74
38124;408696.53;5284873.87;1466.75
38125;408266.12;5283961.23;1482.88
5360;408082.59;5284001.72;1508.93
38129;407624.8;5283929.34;1464.09
38133;407170.51;5283163.13;1389.04
5366;408507.1;5284667.69;1425.14
38136;408878.81;5285342.36;1802.6
38137;407934.47;5283741.02;1472.71
5371;407728.43;5283809.95;1500.95
5372;407996.08;5283419.74;934.29
38141;407675.95;5283215.14;1482.46
38143;407300.91;5283111.94;1153.2
5377;408272.55;5283819.55;1555.19
38147;408211.75;5284079.79;1498.12
5379;407940.29;5283745.3;1473.04
38149;407401.09;5283214.61;1357.34
38151;408832.2;5285355.63;1797.4
5386;407466.69;5283321.55;1385.99
5387;409015.39;5285427.38;1663.61
38154;407490.64;5282910.04;1024.52
5390;408070.02;5284011.93;1496.92
5391;407647.08;5283851.76;1478.83
38160;408361.54;5284540.7;1618.16
38159;407633.55;5283573.19;1512.56
5396;408689.0;5284999.27;1593.21
5397;408523.26;5284735.24;1591.99
38168;407594.83;5283878.3;1464.83
5401;407727.43;5283641.12;1491.03
5402;407353.31;5283165.4;1317.05
5403;407639.59;5283874.21;1464.31
38172;408362.08;5284571.44;1612.54
5405;409063.59;5285426.81;1548.68
38173;409075.58;5285333.56;1533.84
5404;408226.2;5283941.03;1512.14
5406;407861.97;5283668.07;1450.85
38177;407818.62;5283680.24;1488.57
5410;408119.94;5283877.2;1474.96
38179;408529.74;5284884.95;1635.66
5412;408868.39;5285351.34;1808.9
5408;407440.41;5282815.43;925.1
38182;408370.31;5284542.59;1569.82
38183;408332.0;5284569.59;1612.69
5419;408425.38;5284630.17;1621.53
38188;409084.22;5285418.79;1621.16
38187;408197.57;5283978.91;1493.3
5420;407674.56;5283957.83;1460.09
5424;408521.67;5284737.39;1589.82
38192;407831.4;5283813.12;1506.13
5426;408327.59;5283820.82;1513.68
5427;407618.74;5283939.29;1414.62
5425;407570.1;5282906.78;932.98
5430;407600.21;5283779.67;1458.19
38200;407629.95;5283215.65;1452.4
38202;407907.83;5283770.19;1553.59
5438;407579.62;5283807.46;1465.37
38207;408457.31;5284840.18;1643.12
5440;408201.87;5283869.24;1480.88
5439;408314.26;5283818.26;1510.93
5442;408302.89;5283840.53;1549.38
38209;407555.91;5283279.05;1400.3
5444;407669.75;5283766.65;1539.98
5446;407704.4;5283639.84;1431.11
38215;407879.58;5283862.48;1378.32
38217;408078.65;5283972.65;1476.71
5449;408287.02;5283829.16;1541.27
38219;407634.92;5283845.01;1438.05
5454;407218.89;5282863.03;1053.9
5456;407739.26;5283822.81;1539.74
38226;407984.84;5283570.4;1351.69
38227;408900.47;5285335.03;1460.06
38228;408193.01;5284020.4;1477.73
5461;407830.13;5283671.45;1473.27
38231;407413.81;5283377.49;1454.82
38232;407301.53;5283162.84;1322.52
38238;407555.62;5283393.29;1403.65
38240;407644.93;5283888.61;1474.09
5474;407600.57;5283914.62;1390.74
5475;408173.06;5284064.07;1483.2
38243;407505.93;5283862.4;1422.82
38246;407808.82;5283473.2;1514.8
38247;409059.17;5285472.27;1565.13
5479;408167.6;5284082.48;1477.53
38249;408219.99;5283973.02;1502.45
5480;407588.06;5283827.56;1473.23
5489;408050.44;5283641.8;1347.91
38258;407552.9;5283786.2;1447.52
5492;407809.87;5284044.5;1351.02
38261;409113.0;5285445.74;1589.68
5494;409025.1;5285423.73;1657.91
38265;407647.43;5283931.97;1282.39
5498;407303.75;5282630.31;953.51
5499;407945.14;5283743.5;1434.43
5500;407819.89;5283668.31;1480.05
38271;407922.48;5283749.07;1484.33
5504;408405.56;5284645.76;1594.02
38274;408193.94;5284253.35;1515.45
5507;408061.79;5283962.91;1486.47
38275;407445.83;5282770.18;956.85
5506;407225.91;5282869.91;1051.9
38278;407780.63;5283822.17;1490.44
38284;407381.17;5282892.89;954.94
5517;407795.37;5283348.8;1515.24
5518;408079.71;5284014.82;1499.9
5519;407186.55;5282884.71;1104.22
38288;407210.18;5283228.78;1456.06
38289;407587.09;5283886.96;1385.04
5522;408193.52;5283959.22;1495.54
38291;408024.6;5284003.88;1506.57
38292;407932.96;5283745.62;1476.4
38293;408263.82;5283963.62;1482.6
38290;407715.35;5283115.86;1510.35
5528;407616.56;5283949.86;1471.0
5531;407651.1;5283935.28;1279.53
38300;408196.42;5283859.78;1481.11
38301;407618.72;5283868.31;1382.2
5537;407748.42;5283855.95;1369.3
5539;407773.7;5283826.86;1479.18
38308;407670.73;5283879.97;1415.63
38309;408125.57;5284020.28;1512.7
38310;407928.16;5283815.28;1538.63
5540;407845.38;5283855.88;1447.68
38312;407595.65;5283893.52;1483.73
38313;407698.76;5283634.81;1484.85
5546;408729.36;5285168.76;1597.38
5544;407571.81;5283865.05;1355.01
38316;408132.98;5283703.05;1329.99
5549;407670.13;5283905.32;1391.9
5550;408009.46;5284016.14;1444.44
5551;407946.73;5283790.07;1391.53
38320;407728.17;5283767.45;1488.23
38321;407626.85;5283949.67;1461.99
5547;407445.61;5282810.23;918.93
5556;409096.39;5285286.18;1547.98
5557;407714.59;5283169.66;1512.36
5559;407285.25;5282588.55;940.25
38328;407812.56;5283693.37;1504.03
5560;407799.13;5283768.39;1592.7
38331;407823.33;5283694.41;1505.14
38333;408130.47;5284088.64;1526.89
5566;407652.71;5283571.62;1513.53
38337;408340.49;5283824.49;1580.03
38341;408082.0;5283999.29;1508.08
5576;408914.83;5285368.08;1520.85
38345;408206.54;5283888.27;1494.21
38347;408421.27;5284636.71;1604.35
5582;407382.0;5282863.54;998.42
38351;407673.57;5282982.68;923.84
38352;408513.57;5284665.02;1424.82
5586;408184.4;5284202.54;1504.32
38355;408198.35;5284241.79;1459.95
38360;407503.24;5282938.06;973.53
38362;407712.43;5283918.52;1421.76
38363;407881.76;5284125.61;1311.88
5597;407942.14;5283738.83;1467.07
38366;408244.14;5283904.16;1472.96
5598;407741.47;5283105.72;1531.84
5600;409132.51;5285516.42;1684.39
38369;407605.37;5283807.52;1508.76
5599;407736.65;5283148.22;1142.97
38371;408316.64;5284467.56;1479.33
5603;407932.46;5283743.33;1475.99
38370;407213.87;5282876.69;1065.51
38374;407992.18;5283592.74;1337.14
5607;407768.36;5284013.0;1376.86
38376;408426.42;5284710.51;1605.85
5610;408767.62;5285225.92;1610.36
5611;408208.21;5283861.48;1494.82
5612;407695.5;5283837.88;1532.22
5613;408291.4;5284348.14;1493.23
38379;407744.99;5284005.07;1395.97
38383;407628.39;5283550.62;1493.15
38386;407745.37;5284017.91;1393.8
5619;407745.34;5284012.32;1361.86
38390;407190.17;5283246.1;1458.28
38391;408427.84;5284633.13;1604.98
38393;408121.43;5284044.84;1485.67
5625;407667.64;5283927.93;1377.85
38395;407710.53;5283639.14;1441.86
38396;407709.4;5283687.21;1508.43
38397;407673.97;5283179.83;1482.73
5629;407746.02;5283915.74;1335.95
38399;407402.93;5283394.53;1472.4
38394;407648.49;5283976.76;1454.79
5633;407427.35;5283200.32;1298.5
38402;408759.59;5285221.42;1614.54
5635;408742.76;5285089.0;1575.92
38400;407223.6;5283184.45;1330.47
5634;407594.83;5282985.9;1379.26
38406;408208.52;5284065.07;1484.55
38407;407257.4;5282538.57;919.53
5640;408078.43;5283965.77;1456.1
38408;407651.32;5283860.12;1510.97
38413;407604.01;5283565.78;1494.85
38414;408808.9;5285278.43;1625.33
5646;408647.01;5285136.31;1539.99
38417;407664.18;5283935.74;1457.69
38419;408869.6;5284594.11;1434.76
38420;407809.82;5283245.02;1557.13
5653;407694.23;5283922.51;1521.31
38422;408485.01;5284520.96;1491.39
5655;407621.38;5283940.2;1414.77
38424;407744.18;5283860.11;1496.14
38426;408140.7;5283717.57;1336.73
5660;407398.58;5282946.24;1046.84
38431;408048.58;5283896.8;1523.11
38432;408514.12;5284639.66;1427.95
5665;407700.09;5283644.29;1453.05
38433;407967.86;5283598.56;1344.57
38434;407487.53;5283311.68;1375.02
5668;408014.89;5284103.73;1501.88
38437;407930.03;5283816.4;1397.54
38436;407588.06;5283894.12;1433.02
5671;409067.8;5285478.77;1546.86
5672;408079.2;5284007.29;1513.64
38441;407656.66;5283910.49;1481.61
5674;407699.06;5283905.18;1513.72
5676;407316.69;5282992.54;1105.86
38446;407612.61;5283563.12;1511.96
5678;407649.86;5283104.8;1154.14
38448;407708.42;5283885.18;1417.28
5682;407879.87;5283749.16;1491.67
38450;407593.47;5283905.75;1383.51
5684;407706.5;5283831.28;1384.92
5685;408181.76;5284123.37;1508.94
38454;407809.31;5283560.51;1466.32
5687;407139.02;5283236.61;1457.49
5689;407598.67;5283562.72;1501.04
5690;407835.39;5283516.4;1511.55
5691;409150.29;5285331.13;1434.71
38458;407769.21;5283835.83;1470.19
38459;407639.44;5283939.66;1395.52
38462;408509.77;5284751.14;1609.86
38464;408418.66;5284631.73;1616.7
5697;407218.84;5282907.57;1092.62
38466;407733.2;5283634.85;1471.74
38467;407530.41;5283888.17;1388.84
5703;408329.71;5284572.08;1617.72
38471;407598.73;5283908.2;1490.09
38473;407789.17;5283672.76;1500.72
38475;407434.85;5282803.4;917.3
5708;408010.23;5284079.77;1517.08
5709;408229.22;5284260.34;1482.79
5712;407303.34;5282946.39;1081.25
5713;407726.52;5283977.62;1378.84
38482;407824.66;5283677.64;1484.05
38483;407813.18;5283987.87;1435.89
38484;407914.24;5283882.21;1464.2
38486;409071.06;5285449.9;1573.41
5718;407204.79;5283184.47;1351.66
38495;407792.35;5283569.89;1441.12
5728;407708.67;5283924.5;1414.18
38497;407693.88;5283902.45;1508.05
38498;407388.53;5283163.05;1265.05
38499;407614.55;5283853.59;1308.97
5732;407692.59;5283217.67;1496.66
5733;407753.83;5283258.27;1525.93
5731;407506.5;5283204.92;1272.21
38504;407287.44;5283050.06;1112.45
5737;409091.5;5285468.84;1621.04
5739;407441.62;5282758.09;925.59
38508;407704.51;5283648.86;1492.5
5740;407666.75;5283886.56;1405.8
38510;407758.15;5283643.34;1467.42
5742;407919.48;5283328.94;924.97
5749;408100.18;5284019.53;1522.62
38519;409111.27;5285275.36;1548.19
5751;407672.65;5283926.86;1221.98
5761;407307.45;5283186.21;1262.97
38530;408840.7;5285196.13;1428.15
38531;409078.86;5285439.31;1571.03
5763;407658.48;5283190.4;1469.8
5765;408317.4;5283813.79;1511.97
5762;407676.36;5283949.65;1469.66
38535;408800.63;5284996.99;1562.62
38537;408340.33;5284580.48;1618.9
5770;407806.49;5283752.03;1504.87
38538;407226.3;5283269.82;1449.87
5773;409114.44;5285576.38;1657.08
38543;408289.65;5284437.35;1493.48
38546;407984.9;5283868.27;1515.94
5779;407725.77;5283993.3;1358.77
38549;408040.34;5283948.94;1518.81
5785;408431.52;5284649.24;1619.4
38555;408111.15;5283699.96;1335.57
38556;408880.62;5285416.58;1811.33
38557;408306.51;5283840.52;1568.87
5793;407636.14;5283924.52;1505.6
5794;407279.67;5283012.01;1097.5
5798;407342.7;5283045.27;1134.73
38567;408267.37;5284051.51;1518.54
38568;409064.39;5285460.46;1547.65
5801;407172.49;5282795.83;1050.99
5807;408906.38;5284502.62;1427.11
38575;407814.46;5283657.43;1385.33
5808;407655.92;5283624.23;1477.25
5809;407741.13;5283609.37;1519.93
38580;408514.12;5284639.66;1419.85
5812;407706.05;5283650.16;1492.5
38582;407455.54;5282935.72;1005.88
5816;407663.2;5283743.92;1472.03
5817;407719.06;5283838.69;1376.25
5819;408159.48;5284094.3;1449.43
38590;407672.64;5283931.6;1379.69
38591;407636.82;5283949.17;1389.02
38593;407624.92;5283844.27;1413.18
38595;409077.78;5285448.25;1556.12
38597;407817.56;5283670.59;1480.86
38601;408192.61;5283976.31;1464.98
5835;408113.28;5284023.31;1512.97
5845;408252.36;5283827.17;1490.28
5846;407348.5;5282964.39;1049.09
38615;407839.72;5283672.3;1464.0
38618;407568.94;5282994.15;983.23
38623;407729.23;5283764.19;1488.62
38626;407725.08;5283988.42;1357.42
5860;409084.87;5285311.18;1532.13
38628;408048.54;5283923.92;1529.16
38629;407766.86;5283267.71;1537.59
38632;409067.1;5285355.22;1525.38
5868;408794.2;5285197.27;1608.54
38637;408978.68;5285420.22;1685.86
5871;408078.4;5284012.71;1496.59
5873;408446.27;5284684.68;1595.07
5874;408676.81;5284724.4;1458.32
38645;409078.56;5285453.14;1581.24
5878;408167.96;5283922.82;1481.44
38649;407659.5;5283942.7;1448.78
5882;407605.57;5283545.05;1490.88
38653;407623.52;5283982.38;1422.23
5890;408178.1;5283963.66;1483.09
5894;407408.05;5283168.67;1345.78
5895;408200.44;5284299.52;1483.64
38666;407350.7;5283164.35;1319.43
5900;408638.18;5285145.1;1632.59
5904;407238.63;5282890.34;1113.18
38673;407473.79;5283261.87;1330.89
5906;407332.8;5283185.3;1344.54
38672;407513.43;5282871.07;940.55
5908;407587.09;5283915.25;1432.96
38678;408181.99;5284231.97;1492.23
5911;407664.89;5283910.37;1496.5
38681;409010.63;5285411.58;1601.17
38682;407790.94;5283662.48;1496.42
5913;407350.53;5282976.16;1061.04
38684;407644.22;5283852.31;1459.58
38685;408267.67;5284354.51;1502.18
38687;407824.87;5283664.27;1460.76
5921;407905.78;5283681.43;1438.57
38694;408224.45;5283950.73;1509.01
5927;407164.06;5283237.5;1426.4
5928;408235.87;5283741.92;994.57
5931;407643.34;5283946.34;1397.6
5933;407573.11;5283902.36;1430.54
38707;407210.34;5283251.69;1450.55
5940;407576.3;5283901.93;1425.59
5943;408861.87;5285397.89;1630.38
38711;407864.16;5283389.17;992.0
38713;407190.96;5283269.95;1470.29
38714;407757.89;5284022.31;1381.19
5950;408804.61;5285005.94;1568.06
5952;407650.39;5283961.22;1467.3
38722;408092.88;5284017.22;1494.79
38729;407881.49;5283754.82;1500.98
38737;409106.69;5285436.36;1592.99
5971;407587.9;5283878.08;1423.23
38741;409062.82;5285431.38;1640.29
38742;407226.12;5282840.15;1042.35
5975;407610.39;5283808.77;1505.27
38744;407327.02;5283107.02;1166.96
5977;407714.22;5283837.91;1380.82
5978;407210.88;5283212.09;1354.76
38749;407507.69;5283030.56;1038.26
38750;408049.63;5283652.0;1357.38
5988;407591.19;5283839.42;1459.97
38759;407628.59;5283879.68;1433.92
38760;407825.84;5283664.23;1481.74
38762;407662.4;5283945.23;1451.1
5995;407865.81;5283499.01;1501.06
38764;407215.21;5283198.31;1393.32
38765;408856.5;5285403.93;1610.94
5998;407433.28;5282938.9;1022.97
38767;408813.78;5284949.44;1465.74
38769;409023.92;5285416.01;1645.83
6001;407451.72;5283271.99;1350.67
6003;407835.49;5283673.55;1464.91
38772;408871.4;5284649.54;1462.09
6005;407517.06;5283884.47;1394.45
6007;408048.61;5283962.87;1530.1
38775;407745.7;5283925.2;1340.37
6009;408689.94;5285131.09;1627.84
6010;408032.61;5283438.04;923.57
6011;407782.32;5283658.81;1502.22
38780;408329.02;5283847.17;1583.99
38781;407604.27;5283889.73;1456.52
38783;408185.16;5284102.26;1500.31
6018;408929.36;5285359.41;1447.72
38787;407647.0;5283976.85;1454.36
6021;408373.85;5284611.62;1582.12
6022;407789.06;5283738.28;1498.78
38789;407522.55;5283312.91;1393.84
38793;408397.98;5284761.8;1634.27
38794;407647.19;5283933.18;1273.55
6028;407730.05;5283792.16;1481.1
6030;408201.51;5284250.84;1505.9
6031;408473.37;5284754.01;1614.15
38799;408124.28;5283715.97;1342.87
38801;407726.23;5283791.09;1477.01
38803;407519.17;5282948.81;968.6
6040;408334.47;5283802.46;1479.73
6041;407938.25;5283814.68;1550.18
38812;409117.92;5285512.16;1682.97
6045;407840.29;5283993.42;1501.14
6044;407219.93;5282881.26;1064.6
38816;408514.29;5284666.24;1424.74
6048;407669.71;5283785.41;1485.46
6051;408701.49;5285107.65;1614.18
6055;407899.54;5283850.83;1466.12
38824;408154.66;5284068.99;1509.66
38823;407700.21;5283642.91;1450.44
6059;408417.55;5284641.39;1581.87
38830;407594.33;5283905.8;1485.07
38831;408237.54;5283811.07;1505.15
6068;408022.38;5283500.6;1229.85
38837;408027.49;5283910.68;1508.79
6070;408061.53;5283961.04;1544.6
6072;407712.38;5283899.46;1411.08
6073;409031.54;5285451.35;1433.7
6075;407656.97;5283614.26;1474.75
38844;407817.11;5283662.46;1509.07
6076;407620.13;5283844.9;1371.41
38843;407292.87;5282976.27;1089.4
6080;407353.15;5282994.49;1061.15
38850;407878.5;5283758.54;1510.39
6084;407402.32;5282967.67;1070.2
38853;407571.52;5282853.95;1034.54
38857;408406.19;5284794.69;1636.84
6089;407641.18;5283572.56;1512.44
38860;408181.32;5283867.08;1488.06
38861;407592.8;5283914.44;1405.84
6095;408421.82;5284688.41;1594.76
38867;408833.21;5285300.28;1763.21
6099;407942.07;5283846.91;1530.56
38870;408001.18;5283678.32;1412.11
6107;408689.02;5285129.02;1644.04
6111;408270.86;5284377.16;1492.45
38882;407433.52;5282818.98;928.19
6115;407340.69;5282996.14;1112.46
6116;408834.82;5285301.77;1763.77
38886;407920.41;5283684.39;1427.86
38887;408114.27;5284030.71;1519.76
6120;407669.24;5283962.52;1454.57
6122;407637.6;5283815.57;1470.55
6123;407175.53;5283235.48;1455.69
6124;408006.22;5284119.42;1499.67
38892;408046.91;5283621.41;1334.16
38894;408460.14;5284680.03;1626.83
6126;407561.78;5283543.88;1485.24
38893;407563.17;5283947.59;1402.34
38898;407762.02;5284016.62;1378.63
6131;408856.5;5284561.91;1430.79
6132;407637.92;5282972.78;934.96
38901;408910.58;5285360.13;1572.5
38902;408434.15;5284653.57;1619.39
6133;407171.42;5283174.09;1393.26
6136;407738.88;5284016.37;1381.78
38905;407504.24;5282839.59;908.49
6137;407678.21;5282984.06;918.35
38907;408077.29;5283967.12;1453.0
6146;407143.36;5283167.04;1377.21
6147;407818.94;5283666.18;1478.95
38917;408911.43;5284521.38;1432.95
38924;408409.26;5284805.33;1634.01
6156;407646.32;5283794.61;1496.52
6158;407586.96;5283883.11;1486.19
38928;407606.47;5283918.22;1388.77
6162;407341.83;5283057.51;1142.68
38931;407698.63;5283918.58;1326.34
6167;407645.25;5283792.61;1470.19
6169;407964.33;5283459.11;1122.47
6171;407407.9;5282891.74;979.22
38940;407610.07;5283555.32;1504.23
6175;408011.38;5283436.72;932.52
38944;409069.78;5285346.42;1531.25
6177;407313.17;5283073.6;1066.52
38945;407641.14;5283097.43;1012.99
6179;407612.15;5283864.02;1441.94
38947;407670.9;5283971.98;1452.22
6181;408078.78;5284010.08;1493.66
38950;408156.53;5283894.31;1483.92
38949;407690.87;5283672.08;1471.15
6189;408540.65;5284830.13;1596.05
38958;407489.01;5283212.86;1297.09
38959;409144.53;5285553.9;1711.71
38960;407591.38;5283905.1;1480.68
6193;407994.68;5283724.73;1402.19
38961;407625.84;5283135.43;1316.01
38965;409076.98;5285574.35;1681.17
6199;407254.61;5282873.5;1131.24
6201;407663.72;5283937.24;1383.95
38970;407726.59;5283843.43;1486.64
6203;408487.07;5284521.63;1483.24
6204;407618.23;5283829.82;1500.7
38971;407909.1;5283844.06;1358.41
38974;407212.13;5283245.69;1441.25
6207;407762.94;5283721.72;1531.52
6208;408183.65;5284219.1;1505.94
6210;407701.86;5283531.01;1441.11
6214;407659.91;5283912.19;1459.35
6215;409019.87;5285413.25;1604.01
38984;407704.44;5283816.51;1529.57
38985;409034.76;5285426.44;1620.39
38986;408567.63;5284885.04;1608.42
6221;408278.41;5283802.78;1522.1
38990;407763.46;5284048.9;1412.35
6223;407669.98;5283598.62;1463.01
6224;407604.31;5283911.52;1368.65
38993;407751.12;5283614.61;1300.0
38994;408735.64;5284946.07;1470.85
6226;407655.03;5283615.33;1474.56
38998;408928.17;5285348.14;1437.87
6233;407763.97;5283834.16;1477.96
6234;407612.87;5283961.78;1348.03
39004;408139.86;5283712.45;1330.17
6238;407899.35;5283896.3;1476.18
39008;407904.78;5283782.09;1627.91
39009;408640.89;5285141.64;1582.46
39011;408935.52;5285481.36;1616.44
39013;408764.71;5285022.86;1575.88
39015;407743.79;5283118.52;973.07
39027;407456.9;5283268.45;1346.76
39028;409136.87;5285343.22;1589.97
6261;408125.25;5283867.35;1483.91
6262;407342.58;5283011.1;1117.43
6263;408920.15;5285193.08;1430.38
6264;407590.89;5283852.81;1411.37
39031;407382.75;5283185.62;1313.85
39034;408409.31;5284585.51;1600.75
6267;407976.55;5283695.0;1352.77
6260;407934.72;5284225.6;1247.73
6274;408746.65;5284979.2;1464.94
39043;407680.36;5283762.07;1484.1
6275;407604.96;5283933.03;1485.27
6276;407646.86;5283922.33;1284.65
39046;408267.76;5283786.81;1514.76
39047;408167.11;5283932.87;1487.31
6279;407367.21;5283198.64;1334.99
39049;408093.65;5284053.32;1500.15
39050;407678.99;5283807.57;1519.41
6283;408385.03;5284596.91;1607.47
39052;408933.59;5285380.85;1622.25
6285;409055.5;5285454.81;1558.22
39054;408612.97;5284728.78;1498.93
6284;407737.26;5283993.33;1380.33
39057;407765.53;5283831.23;1473.71
6292;407986.91;5283486.92;1214.08
6293;408320.15;5284551.73;1619.37
39067;408224.41;5283935.16;1511.16
6302;407643.01;5283848.26;1463.65
39071;408038.56;5283626.01;1344.23
39070;407580.01;5283839.5;1300.55
6304;407335.79;5282994.06;1109.98
6305;407642.39;5282958.28;922.2
6307;407556.21;5283051.13;1029.43
6308;407742.12;5283999.01;1355.69
6309;407739.9;5283219.72;1529.0
6312;407852.75;5283719.9;1488.13
39081;407625.17;5283977.17;1421.42
39083;407800.18;5283688.12;1506.57
39086;407592.84;5283896.69;1391.91
39090;408634.87;5285147.02;1608.39
6327;407945.31;5283891.17;1499.57
6334;407493.73;5283334.07;1396.59
6335;407647.04;5283927.58;1283.01
39108;407638.73;5283929.64;1497.1
39109;408087.01;5284016.49;1514.54
6340;407202.45;5282902.81;1104.02
6343;409025.46;5285450.32;1565.76
39112;407397.87;5282987.11;1080.84
39113;407708.47;5283729.53;1496.72
6345;407184.79;5283177.55;1395.03
6347;408077.46;5283957.43;1560.97
6348;407854.27;5283667.15;1504.7
39118;407398.46;5282949.71;1047.77
39121;407203.13;5283257.02;1470.33
39123;407876.68;5283771.36;1607.5
39124;408112.57;5284051.77;1521.02
6357;408317.49;5284573.16;1591.94
39126;407645.59;5283972.5;1452.2
6359;408201.42;5284252.25;1508.92
6356;407211.0;5283223.19;1516.39
6361;407784.57;5283854.81;1399.55
39130;407661.72;5283931.24;1456.65
6365;407670.66;5283972.53;1453.69
39138;408212.1;5283760.18;1497.48
6371;407730.62;5283575.85;1352.62
6375;407887.87;5283505.86;1274.55
39144;408227.6;5283924.89;1499.55
39145;408358.64;5284594.95;1588.79
6382;408662.98;5284725.52;1469.73
39151;407738.1;5283979.34;1318.52
39152;408228.93;5283925.41;1498.06
6385;409076.1;5285570.24;1677.08
6387;407467.91;5283356.03;1365.76
39157;408161.93;5283899.14;1485.48
6392;407190.17;5283257.03;1469.18
6393;407770.46;5283641.97;1487.81
39161;407306.32;5283183.02;1349.86
39163;408350.03;5283837.57;1572.08
6394;407318.44;5283081.75;1130.87
39164;407320.59;5282614.86;939.29
6398;408672.48;5285154.37;1612.52
6399;407727.71;5283759.23;1489.15
6401;407775.32;5284025.16;1357.81
39170;409076.47;5285445.49;1600.82
6404;409059.03;5285253.66;1525.75
6408;407979.95;5283879.12;1529.86
39177;408227.02;5283930.64;1503.63
39178;408243.83;5283707.88;932.27
39186;408042.65;5283878.25;1514.33
39195;407777.98;5283683.76;1490.48
6429;407825.35;5283675.21;1472.16
39197;407729.61;5283575.27;1353.96
6431;407832.03;5284110.17;1458.03
6435;408230.43;5283705.5;967.26
39204;408008.4;5283604.42;1332.56
6438;408259.78;5283754.44;953.56
6441;407816.56;5283545.92;1468.57
39212;407533.54;5283891.13;1395.49
6451;407218.44;5282731.34;1052.24
39222;407844.52;5284046.92;1461.39
6460;407815.79;5283847.9;1409.86
39229;409069.07;5285475.97;1587.41
6464;408178.98;5284131.63;1518.63
6469;407555.73;5282883.78;1058.27
39239;407901.72;5283306.51;922.51
6475;408360.29;5283803.04;1475.78
39244;407250.51;5282876.68;1130.81
39246;407851.94;5283870.11;1405.46
39249;407709.08;5283854.34;1523.49
39250;407580.55;5283910.63;1372.73
6484;407764.76;5283311.68;1526.39
39254;409086.98;5285440.99;1648.08
39256;408399.43;5284744.83;1608.03
6488;407557.91;5283522.04;1488.22
39262;407737.25;5283205.56;1528.74
6495;407671.2;5283610.94;1496.68
39264;408420.82;5284627.09;1620.46
6496;407642.55;5283883.16;1404.36
39267;407611.62;5283827.15;1503.44
39270;407592.47;5283886.31;1425.45
39271;407552.18;5283151.52;1254.36
39273;408921.46;5285199.11;1430.92
6507;409147.17;5285555.54;1703.37
39276;408209.09;5283870.63;1506.8
6509;407742.91;5283829.86;1537.24
39280;408202.54;5284038.01;1466.73
6513;407620.28;5283211.07;1442.33
39283;407565.84;5283035.83;1019.28
6516;407605.64;5283560.05;1496.06
6522;408083.04;5284004.29;1509.25
6525;408265.9;5284366.61;1512.14
39293;407761.84;5283344.55;1494.41
6530;407818.02;5283634.38;1485.67
39302;407590.23;5282944.51;951.18
6535;407622.05;5283157.83;1240.59
6536;408331.68;5284572.44;1604.03
6537;407466.84;5283199.54;1301.54
6538;408678.97;5285133.92;1641.48
39307;407671.58;5283710.66;1515.08
6540;407942.78;5283734.67;1465.44
39306;407674.45;5283893.77;1404.51
39310;408168.73;5283925.75;1481.65
39312;407592.92;5283876.2;1419.9
6545;407699.12;5283889.44;1419.5
6546;407708.9;5283519.05;1446.95
39315;407711.95;5283693.69;1511.37
39316;407430.28;5282844.02;947.7
6551;407585.62;5283859.01;1349.88
39320;408819.04;5285172.43;1439.42
6552;407563.75;5283146.24;1266.47
39319;407327.2;5282661.78;930.55
6555;407602.27;5283875.28;1469.33
39324;407700.44;5283624.47;1503.74
39325;409069.33;5285473.15;1634.01
39330;407874.12;5283340.13;951.07
39332;407657.81;5283821.6;1508.74
6566;407797.46;5283847.54;1499.45
39336;408111.72;5284040.26;1500.3
6569;407535.52;5282986.26;986.68
6570;407638.94;5283938.93;1394.22
6572;407766.0;5283995.11;1371.53
39342;408823.5;5285312.83;1607.12
6577;407439.49;5282758.7;928.39
6578;407732.74;5283776.08;1481.36
39351;407334.57;5282641.03;922.21
6586;407334.53;5283111.29;1173.45
39355;407731.53;5283875.67;1542.23
6588;407607.16;5283550.38;1493.79
6589;407605.38;5283920.73;1412.37
6590;407950.61;5283750.22;1383.43
6595;408926.47;5285467.2;1615.42
6596;407385.89;5282946.46;1045.56
6597;408053.38;5283496.86;1221.88
39366;407856.8;5283871.92;1395.62
39365;407578.32;5282882.79;915.07
6601;408506.51;5284742.41;1596.96
39369;408133.15;5283713.03;1335.63
6603;408757.71;5285180.14;1592.75
39371;407604.83;5283920.37;1412.02
39370;407602.8;5283926.26;1416.33
6606;407570.04;5282987.07;977.76
39377;407567.0;5282863.63;1039.6
39378;407469.0;5283355.98;1369.7
39382;407646.03;5283871.3;1443.03
39386;407616.21;5283885.07;1439.85
39388;407445.19;5283221.8;1373.67
39389;408845.66;5285338.61;1778.09
6623;407718.78;5283875.96;1489.86
39393;407324.54;5283180.16;1340.23
39396;409081.84;5285413.74;1615.76
39399;407648.13;5283893.05;1521.24
6634;408016.13;5284026.0;1399.84
39402;407644.61;5283886.37;1474.4
6636;408528.97;5284544.93;1491.53
6637;407384.92;5283204.39;1327.5
6638;407723.09;5283063.62;1503.04
39407;407530.06;5282981.23;986.31
6640;408158.92;5283899.99;1481.9
6646;408464.5;5284489.81;1495.22
6647;407833.83;5283673.32;1462.97
39418;407857.32;5283667.58;1451.03
39419;407739.87;5283882.71;1537.05
39420;407991.58;5283752.84;1413.16
39421;407695.65;5283621.52;1487.19
6650;407688.89;5283954.91;1342.33
6655;407581.13;5283973.29;1400.0
39424;407602.15;5283081.23;1303.04
39422;407337.45;5283046.88;1135.02
6658;407799.59;5283752.52;1505.21
6659;407600.08;5283801.58;1509.01
39427;407931.48;5283516.09;1313.7
39429;408276.57;5283821.02;1519.43
6662;408210.44;5283890.92;1493.2
6661;407896.26;5283670.83;1439.5
39426;407702.57;5283832.41;1389.94
39432;407243.59;5282872.36;1156.0
6672;407568.02;5282861.03;1040.2
6673;408111.32;5284024.48;1518.27
6675;407896.95;5283851.98;1380.76
6676;407391.31;5282943.96;1055.75
6677;408406.61;5284587.92;1656.3
6690;407643.25;5283889.47;1472.45
6692;409182.37;5285386.78;1444.18
6693;407818.0;5283580.99;1470.74
6694;409093.49;5285492.09;1645.51
6695;407479.43;5283022.45;1040.93
39464;407799.84;5283671.82;1503.99
39465;407686.54;5283706.56;1461.21
6698;407944.73;5283689.45;1415.77
6697;407746.99;5283947.18;1350.71
39468;407745.98;5284002.57;1395.11
39463;407441.95;5282796.69;926.7
6701;407522.94;5283059.68;1060.65
39472;408175.2;5284145.28;1522.25
39474;408600.91;5284974.14;1596.93
39475;407731.65;5283813.29;1397.79
39477;408204.28;5284068.44;1479.9
6712;407598.47;5283912.0;1388.3
6713;407641.31;5283847.51;1461.24
6714;407730.29;5283765.94;1487.43
39481;407648.23;5283853.74;1458.63
6715;407198.1;5283253.2;1471.18
6725;408117.52;5283669.55;1318.3
6726;408722.74;5285023.12;1570.72
6727;407747.64;5283050.86;964.99
39497;408096.32;5284053.68;1512.13
39500;407780.34;5283251.11;1544.9
39501;408016.26;5283483.05;1188.05
39504;409135.89;5285334.87;1591.82
6739;407537.35;5282870.56;1035.33
39510;407687.26;5283837.86;1392.99
6743;407701.83;5283045.31;1452.54
6744;408401.35;5284775.28;1568.49
39514;409077.72;5285455.46;1614.41
6747;408703.1;5285016.46;1585.53
6748;407340.43;5282972.43;1052.83
39518;408530.74;5284661.99;1439.45
39520;407640.26;5283846.47;1465.08
6756;408374.73;5284550.19;1558.88
39525;407996.31;5284104.15;1489.31
39524;407629.5;5283975.29;1417.7
39528;408195.53;5284062.13;1503.44
6761;407466.56;5283283.73;1370.73
39530;407559.03;5282908.13;935.16
6764;408229.68;5283804.1;1490.24
39532;407820.41;5283671.2;1482.59
39535;407879.32;5283514.7;1310.5
39536;407247.79;5282906.6;1105.5
6769;408217.31;5283864.96;1502.41
6768;407210.6;5282727.75;1059.99
6777;407498.78;5283420.67;1434.94
39552;408441.18;5284636.74;1596.14
39553;407787.53;5283745.16;1477.31
39558;408843.83;5285377.17;1620.74
39563;407814.28;5283493.28;1498.16
6795;407599.23;5283923.32;1414.29
39567;408880.72;5285333.33;1446.65
6799;408197.07;5284076.39;1504.36
6801;407731.29;5283580.63;1513.75
39570;407873.32;5283478.43;1259.47
6803;407920.93;5283841.78;1534.81
6800;407321.98;5283053.63;1126.91
6805;408316.18;5284564.01;1604.44
39575;408040.74;5283896.98;1547.88
39576;408693.09;5284997.7;1592.33
6810;408430.8;5284774.7;1633.13
39582;407657.91;5283958.53;1266.38
6816;407896.56;5283786.03;1620.14
6819;407548.03;5283285.83;1399.65
6821;407424.15;5282946.37;1024.48
6822;407706.58;5283669.85;1502.81
39590;407655.48;5283940.25;1445.62
39591;407463.32;5283868.04;1415.34
39593;407499.17;5283842.08;1425.91
6826;407438.28;5282876.49;978.25
6827;408380.53;5284553.79;1622.66
6832;407681.87;5283961.71;1470.47
6833;407453.37;5283324.17;1390.0
6841;407831.34;5283698.51;1508.16
39610;408634.08;5284762.78;1494.29
6843;408104.81;5283995.44;1517.14
6844;407529.06;5283305.54;1393.29
6845;407730.99;5283207.72;1512.35
6848;407816.36;5283649.83;1381.67
39617;408218.27;5284251.46;1502.5
39618;408274.83;5283816.5;1510.4
6851;407558.0;5283789.77;1306.6
39619;407605.56;5283164.39;1245.53
39616;407436.06;5282770.29;926.1
39622;409063.55;5285375.06;1527.3
39625;407687.99;5283896.2;1410.36
39627;409102.77;5285450.02;1592.72
39629;407694.18;5283098.86;1134.14
39630;407996.05;5283763.91;1419.49
6861;407646.86;5283943.7;1259.69
39636;408188.12;5284273.06;1472.34
6870;408733.49;5285130.24;1586.95
39639;408265.86;5283985.61;1495.98
39640;407629.89;5283566.37;1517.51
39641;407474.34;5283287.4;1356.8
6873;407612.96;5283856.35;1336.37
39645;408343.25;5284569.2;1638.98
39646;407675.43;5283773.34;1484.93
39650;408059.24;5283653.95;1352.35
6882;407676.81;5283767.75;1481.53
6885;407318.79;5282610.5;939.29
6887;407735.34;5283769.82;1484.4
39655;407608.55;5283940.73;1404.42
6892;407727.45;5283635.27;1512.01
6894;407819.14;5284074.52;1444.03
39666;407674.12;5283915.13;1380.41
6899;408363.78;5284614.13;1597.0
6901;408240.58;5283938.12;1492.16
39669;407575.46;5283143.12;1275.29
6905;407493.58;5283241.81;1319.53
39676;407641.85;5283601.09;1469.13
39678;407349.1;5283151.71;1163.05
6911;408396.42;5284543.43;1640.5
39681;407731.84;5283191.25;1523.07
6915;408820.07;5284637.67;1483.72
39691;408566.72;5284944.2;1585.41
6927;407327.01;5283133.09;1186.9
6930;408376.14;5284648.69;1597.83
6933;408408.01;5284707.99;1606.03
6934;408204.32;5284254.21;1506.88
6935;409079.4;5285452.72;1609.99
39705;408129.9;5283883.63;1500.29
39706;408151.49;5283838.19;1509.78
39707;408014.13;5284029.14;1291.04
46969;407237.75;5282910.67;1065.78
39709;407650.64;5283724.77;1457.18
6942;407534.81;5283059.38;1036.29
6944;409076.08;5285403.2;1555.0
39716;407651.68;5283940.01;1440.7
6951;408235.51;5283928.84;1492.89
6956;407166.87;5283235.75;1420.96
6957;408382.0;5284536.81;1638.97
39725;408185.54;5283940.04;1493.0
6962;407658.43;5283891.23;1517.5
39730;407420.72;5283227.04;1365.25
6963;407327.46;5283131.42;1145.97
39733;407652.77;5283890.79;1515.31
6966;408706.55;5285040.31;1546.01
6967;407657.69;5283939.94;1447.85
6968;407431.8;5282939.63;1019.74
6969;408159.16;5283913.26;1491.59
39737;407782.94;5283912.13;1483.54
6964;407186.38;5282810.9;1036.99
39740;408504.11;5284741.68;1579.05
39743;408005.72;5283628.62;1368.65
6978;407969.82;5283668.87;1401.47
39747;407605.05;5283889.11;1454.91
6979;407643.74;5282958.07;922.53
39749;407769.61;5284030.13;1364.13
6984;407887.16;5283282.18;922.8
39753;407981.14;5283702.98;1391.65
6986;407675.88;5283780.65;1543.72
6987;407299.7;5283115.75;1156.2
39758;409062.64;5285481.76;1546.66
39759;408759.82;5285182.88;1590.91
6992;408698.6;5285119.17;1613.82
39762;407272.75;5282951.72;1095.82
39765;407584.96;5283790.88;1513.24
39766;408271.43;5283778.05;883.66
6998;407792.51;5283822.43;1503.31
6999;407575.95;5283526.57;1463.78
6997;407659.01;5283892.12;1466.28
7001;408154.75;5284183.43;1396.22
7002;408395.3;5284724.54;1613.46
39767;407252.47;5282928.39;1086.32
39772;409004.39;5285421.06;1611.19
7005;408560.02;5284872.95;1601.79
7006;409064.68;5285433.76;1554.65
39775;407595.74;5283782.36;1458.19
7007;407395.93;5283202.5;1268.08
7011;409072.38;5285457.06;1556.26
39780;407653.48;5282970.84;931.18
39783;407630.51;5283873.54;1396.55
39785;407679.88;5283164.42;1482.31
39786;408167.08;5283850.56;1499.56
39789;407477.45;5282912.19;1012.03
7022;407638.59;5283568.59;1506.49
7023;407455.17;5282981.86;1039.75
7024;408441.06;5284832.08;1643.34
7026;407929.84;5283823.13;1529.51
39804;408300.34;5283800.32;1495.8
7038;407826.94;5283519.67;1482.67
7039;407908.25;5283773.12;1557.11
39806;407838.36;5283513.39;1474.77
39807;407678.71;5283962.82;1479.94
39813;407577.78;5283815.12;1470.81
39814;407754.21;5283090.84;1526.47
39815;407708.31;5283919.25;1415.78
39817;407968.78;5283814.12;1514.5
7050;407612.58;5283154.19;1242.2
7051;407918.35;5283885.72;1475.7
39820;408007.91;5283517.7;1256.52
39824;407387.52;5283396.57;1480.15
39827;408572.15;5284877.28;1608.34
7059;409086.1;5285465.89;1621.03
39829;407614.7;5283890.68;1480.04
39828;407672.26;5283950.65;1477.88
39830;407439.86;5282794.88;927.65
39833;409029.5;5285407.86;1632.72
7066;408202.09;5284047.25;1479.8
7067;409107.19;5285443.69;1592.53
7068;408434.54;5284846.47;1655.99
39835;407705.88;5283133.71;1502.68
7070;407558.9;5283942.93;1393.16
39840;407330.42;5282655.62;923.54
39841;407657.78;5283915.68;1456.17
39842;408181.98;5284213.66;1504.77
7077;408167.9;5284117.03;1518.35
39846;407549.76;5283535.81;1498.72
39845;407801.08;5284078.77;1434.21
7081;407446.88;5283371.39;1436.13
39850;407933.33;5283748.26;1478.98
39851;407734.05;5283800.47;1474.9
39852;408981.7;5285437.91;1688.22
7084;407630.68;5283674.23;1339.06
7086;407414.67;5283143.09;1349.25
7087;409029.35;5285423.18;1620.43
39855;407645.68;5283904.5;1518.04
39857;407388.85;5282962.14;1074.42
7082;407647.86;5283127.56;1020.95
7091;407697.45;5283848.02;1547.8
39859;407559.99;5283022.52;1107.32
39861;407927.05;5283882.75;1481.1
7096;407203.23;5283185.21;1358.28
7099;407644.47;5283975.27;1453.41
7102;407590.84;5283920.71;1384.9
7108;407732.41;5283670.16;1428.56
39879;407813.36;5283497.37;1513.21
7114;407844.01;5283853.55;1461.44
39883;408526.26;5284680.46;1413.17
39882;407416.38;5282930.16;1037.27
39885;407645.28;5283916.17;1506.43
7118;408323.34;5283848.27;1578.13
39887;407963.27;5283528.56;1277.12
39888;407671.74;5283939.45;1382.73
7119;407778.4;5283837.89;1373.46
39890;408989.22;5285414.2;1603.78
39891;407769.82;5283708.75;1525.57
39895;407732.47;5283818.21;1503.55
7128;407738.67;5283609.37;1579.72
39897;408898.54;5285347.17;1450.68
7127;407505.69;5283031.85;1030.77
39900;407464.19;5283345.72;1415.95
7134;407737.81;5283911.75;1335.57
39903;408526.02;5284749.98;1565.31
7136;407700.39;5283630.93;1483.54
7138;407938.37;5283865.26;1535.3
7139;407863.08;5284116.74;1333.25
39908;408785.34;5284624.16;1465.62
39909;407606.5;5283917.33;1398.57
7144;407131.53;5282880.02;1140.2
7145;408065.58;5283969.95;1511.25
39914;407705.59;5283561.46;1517.36
7147;407821.18;5283704.94;1483.01
7148;408413.53;5284597.18;1522.89
39913;407474.97;5282889.77;968.66
39918;407458.49;5283346.59;1370.94
39922;408076.31;5283978.29;1502.29
7155;408801.58;5285228.27;1602.24
39925;407299.68;5282595.45;936.99
7158;407724.26;5283852.2;1486.6
7160;407715.62;5283787.24;1538.6
7162;409130.97;5285381.15;1588.28
7165;408993.24;5285479.19;1660.56
39935;407732.52;5283767.14;1546.42
7169;407669.52;5283159.56;1233.58
39938;407725.0;5283881.11;1406.26
7171;407942.16;5283841.59;1530.37
39942;407299.29;5283124.76;1160.65
7175;408091.61;5283994.88;1469.21
39945;408730.17;5285023.0;1590.32
7179;408204.37;5284017.57;1488.97
7180;407309.65;5282920.71;1100.89
7183;408738.98;5285028.83;1589.47
7184;408887.6;5285163.62;1419.67
39951;407541.4;5283882.21;1413.56
7187;407920.22;5283587.41;1342.58
39956;408354.34;5283804.07;1475.23
7188;407719.42;5283882.86;1533.35
7192;407292.86;5283030.87;1105.68
7195;409070.75;5285476.02;1552.3
39964;407585.58;5283768.45;1450.9
39965;408032.93;5284001.02;1518.2
7198;407652.94;5283768.72;1470.92
39970;407815.91;5283665.15;1476.91
7206;408159.49;5284117.39;1519.7
7207;408706.33;5285019.86;1588.49
39976;408396.0;5284732.06;1603.87
7208;408195.66;5284027.83;1481.54
7211;407670.81;5283961.29;1459.07
7225;408169.31;5284097.22;1505.5
7226;407943.52;5283852.65;1504.06
39995;408062.32;5284033.63;1533.33
7228;407712.8;5283902.21;1236.95
39997;408123.6;5283705.95;1335.92
39993;407680.3;5282998.5;912.93
39999;407584.2;5283883.4;1426.53
7233;409051.95;5285427.02;1647.43
7234;408870.47;5285366.08;1813.86
40003;407603.11;5283240.74;1431.59
7238;407569.34;5282870.85;912.57
7239;407455.58;5283006.82;1052.75
40010;408272.09;5283969.75;1482.88
7242;407357.06;5283159.86;1159.49
7244;408162.25;5283920.24;1505.33
7245;407755.41;5283259.25;1528.43
40015;407782.96;5283250.55;1545.57
7248;408770.14;5285177.11;1605.63
40017;407928.4;5284209.51;1260.79
40018;407605.85;5283912.25;1417.53
7253;407648.07;5283950.47;1424.9
40021;407501.57;5282897.8;965.67
7256;407722.12;5283601.29;1429.36
7260;407709.05;5283820.0;1501.71
40029;407204.03;5283221.71;1424.0
7263;407928.78;5283645.2;1412.46
40034;407603.72;5283866.22;1454.62
40035;408797.86;5284995.58;1545.45
40036;407708.06;5283205.66;1506.69
40037;407925.19;5283881.29;1480.97
40038;407611.77;5283560.82;1501.19
40039;408181.18;5283887.33;1496.54
7269;407683.63;5283926.0;1366.48
40045;408223.56;5284008.12;1502.99
40048;407715.75;5283858.2;1410.12
40049;408095.54;5284003.27;1474.4
7282;408811.32;5285350.53;1610.79
7281;407708.82;5283883.48;1522.62
40050;407642.76;5283848.04;1463.08
7285;408444.27;5284637.57;1596.03
7283;407571.74;5283526.48;1497.08
40052;407631.52;5283846.02;1411.09
7284;407507.49;5283879.8;1397.0
40058;407822.2;5284065.79;1447.93
40060;407918.4;5283642.85;1410.87
40061;407209.01;5283230.72;1450.43
40062;407740.13;5283706.48;1513.53
7294;407575.74;5283900.82;1426.46
7296;407665.44;5283931.9;1459.45
7295;407356.54;5283064.75;1100.71
7298;408079.68;5283972.55;1482.63
40066;407637.36;5283455.74;1426.12
7300;408162.92;5283858.91;1491.4
7303;408018.18;5284047.92;1522.31
7304;407911.71;5283835.97;1374.41
7309;407820.52;5283984.1;1454.37
7310;409069.93;5285271.46;1525.73
7311;408209.87;5283702.65;979.03
7312;407323.29;5283108.07;1181.17
7313;408090.87;5284056.01;1496.15
7315;407653.4;5283686.55;1471.64
40085;409118.63;5285574.4;1658.02
40086;408428.52;5284647.53;1616.32
7318;407632.44;5283845.08;1435.35
40088;407563.19;5282872.79;1051.72
40090;409089.7;5285471.23;1626.06
40091;407658.85;5283766.23;1474.67
40092;408338.0;5284577.82;1598.16
7325;408779.33;5285183.37;1604.95
40093;407200.24;5282889.37;1096.55
40095;407585.0;5283757.24;1449.62
40096;407613.95;5283727.68;1532.69
7329;407817.96;5284082.99;1445.99
40098;408221.11;5283984.39;1504.69
7331;407641.5;5283566.88;1502.5
7330;407537.19;5283158.31;1275.06
7335;408123.28;5284012.94;1509.31
7341;407950.85;5283689.08;1411.91
40110;407675.47;5283720.46;1475.22
7343;407621.2;5283950.82;1464.53
40114;407673.68;5283757.35;1478.43
7349;407222.7;5283192.81;1389.48
7352;407780.39;5283265.98;1542.24
7353;407648.36;5283835.29;1478.83
7354;407257.49;5282701.12;1024.62
7356;407836.97;5283674.22;1464.75
7357;408143.74;5283854.65;1485.35
40127;407770.43;5283847.16;1487.63
40128;408707.73;5285096.54;1603.75
40130;407449.24;5283306.5;1341.94
40131;407585.78;5283822.66;1470.71
40132;408196.11;5284059.95;1503.22
40134;408412.49;5284626.24;1616.97
7368;407887.46;5283763.62;1504.51
40137;408162.69;5284098.93;1504.28
40140;407694.54;5283624.68;1482.93
7373;408890.48;5285200.78;1427.93
40143;408688.03;5285074.97;1602.82
7376;407644.07;5283792.08;1494.43
7379;408711.22;5285016.57;1582.21
7380;408067.31;5284008.19;1499.01
40150;408883.24;5284543.91;1437.49
7385;407916.06;5283321.23;923.11
40155;407712.09;5283537.12;1512.67
40157;407736.07;5283811.34;1490.14
40159;407676.21;5283916.16;1475.02
40161;407573.88;5283531.6;1467.39
40162;408515.48;5284780.1;1600.16
7394;407193.63;5283262.72;1477.24
40166;407733.76;5283769.73;1550.74
7398;407416.97;5283362.74;1453.09
7400;407777.92;5284032.04;1357.42
7399;407579.08;5282906.91;937.06
40174;407293.21;5283164.95;1338.04
40176;407824.23;5283824.67;1356.21
40177;407986.84;5284056.85;1509.81
7410;407975.38;5283867.23;1518.09
7413;407923.33;5283535.76;1297.17
7415;408785.2;5284631.46;1473.04
40185;408170.03;5284084.84;1480.57
7417;408129.31;5283869.53;1487.88
7419;408174.07;5284108.48;1516.81
7420;409036.9;5285451.53;1456.47
7421;408352.32;5284591.17;1591.08
40189;407683.0;5283870.57;1508.98
7423;407324.76;5283011.62;1114.13
7418;407424.69;5282811.25;928.16
7425;407168.95;5282835.93;1055.75
40194;407836.01;5283773.96;1583.97
7426;407573.05;5283918.38;1399.68
40199;407865.99;5283663.19;1448.1
40200;407721.05;5283810.02;1495.04
7434;407161.71;5283236.92;1464.96
40203;408280.85;5283796.3;1497.93
7435;407614.43;5283990.1;1431.17
7439;407423.74;5283378.4;1467.92
40211;407685.2;5283673.48;1465.47
40212;408023.07;5283425.38;920.2
7445;409086.39;5285453.16;1607.47
7447;408537.23;5284552.4;1462.98
40216;407645.62;5283887.25;1408.01
40215;407350.95;5283187.25;1181.98
7452;407630.49;5283543.8;1501.16
7455;408868.54;5285352.65;1808.17
40228;407591.96;5283881.5;1478.86
40229;407406.9;5282893.71;980.72
40231;408005.75;5284067.48;1507.38
7464;407908.4;5283794.97;1622.94
40235;408070.23;5284012.34;1498.7
40236;407813.59;5283562.41;1468.81
40237;407637.84;5283836.12;1471.31
7469;407635.88;5283108.41;1161.54
40239;407537.17;5283278.6;1268.04
7472;409143.23;5285551.41;1710.6
40243;408888.92;5285172.89;1423.42
7476;407567.28;5283480.43;1448.96
7475;407638.57;5283544.9;1508.97
40246;407832.39;5283519.13;1510.67
7479;407667.51;5283951.4;1339.38
40247;407442.29;5282922.56;1013.78
7484;407726.13;5283879.23;1428.49
40252;407574.72;5283894.54;1417.28
7485;407784.85;5283083.84;950.87
7493;407843.99;5283510.58;1491.29
40262;407686.26;5283801.19;1495.84
7494;407442.81;5283343.37;1450.0
40264;407794.83;5283784.57;1516.94
40263;407365.54;5282942.74;1073.25
40266;407698.73;5283646.08;1450.51
7499;407581.3;5283893.04;1371.86
7500;408832.46;5285033.13;1516.36
7501;408092.29;5284009.51;1487.44
7502;407687.54;5283895.11;1410.23
40267;407338.11;5283008.62;1116.25
7505;407602.6;5283902.02;1366.37
40273;407256.67;5282909.98;1102.96
7508;407633.98;5283918.9;1450.58
7510;408191.91;5284182.63;1511.49
7513;408014.56;5283606.25;1336.83
7515;407388.42;5283184.67;1326.48
40284;407616.38;5283846.49;1361.26
40285;408184.99;5283744.63;1491.1
7518;408427.47;5284706.62;1611.4
40288;408010.99;5284053.3;1524.02
40293;407617.46;5283849.36;1331.36
40295;408415.29;5284593.21;1557.8
7528;407898.54;5283796.21;1525.45
7529;408198.43;5284080.79;1462.5
7530;407269.93;5282676.12;1001.58
40299;407454.01;5283306.0;1341.0
40300;407585.83;5283897.64;1441.44
40302;408813.6;5285294.14;1593.75
7534;408144.12;5283863.32;1481.21
7536;407583.27;5283898.28;1420.29
7537;407375.33;5283195.92;1332.65
40306;408305.34;5283832.83;1564.12
7541;408886.95;5285151.72;1416.5
40310;407659.49;5283617.73;1475.23
7542;407930.52;5283592.45;1345.73
40312;407505.68;5283866.59;1419.75
7550;407650.08;5283618.54;1457.19
7551;407692.95;5283679.29;1507.96
7552;408102.7;5284060.15;1513.51
40321;407656.27;5283822.59;1479.89
40323;407323.66;5283176.58;1337.46
40326;407465.38;5283369.42;1425.02
7558;407626.09;5283929.81;1498.52
40327;407578.53;5283264.9;1410.39
7561;407980.27;5283742.46;1400.05
40329;407622.29;5283841.07;1500.13
40332;408229.37;5283860.24;1461.27
7566;408490.9;5284513.69;1481.37
7568;407719.43;5283631.0;1486.72
40339;407603.65;5283894.36;1411.98
40342;409081.03;5285450.47;1563.03
7575;407592.48;5283816.48;1447.74
7576;407765.15;5283238.19;1540.42
7580;407636.71;5283913.6;1514.16
7582;407943.45;5283748.42;1434.52
40351;407672.23;5283971.43;1448.34
40352;408608.36;5284714.4;1497.41
40353;407715.98;5283643.76;1492.96
40354;409080.43;5285409.13;1599.88
40355;409072.95;5285460.28;1550.81
7584;407454.18;5282852.07;947.59
40357;407568.51;5283519.1;1500.28
40359;408797.26;5285203.61;1613.23
7591;407960.43;5283700.41;1396.55
40361;408811.17;5284959.26;1464.83
7592;407654.23;5283569.73;1449.59
40362;407747.28;5283877.45;1459.53
40364;408256.41;5283904.74;1463.68
7597;407432.72;5283222.37;1371.89
40366;407733.12;5283566.63;1474.26
7599;407937.71;5283787.56;1627.58
40367;407636.91;5283543.71;1508.08
40369;407753.75;5283842.53;1367.04
40365;407560.13;5283908.06;1403.44
40372;407248.77;5282901.2;1108.16
40373;409105.96;5285295.48;1547.78
40374;407630.67;5283880.72;1427.39
7607;408902.97;5285187.56;1427.15
40376;408594.07;5284955.32;1589.12
7609;407600.51;5283891.76;1414.01
40378;407978.16;5283874.21;1533.0
7605;407671.17;5283950.98;1473.92
7612;407666.91;5283898.76;1517.54
40381;408178.43;5283943.64;1488.19
40382;409083.66;5285443.88;1591.74
7614;408095.13;5283690.17;1341.66
7616;408747.29;5285159.19;1597.69
7619;408181.67;5284191.79;1503.66
40388;407817.37;5283677.95;1497.13
7622;407551.56;5283528.79;1477.02
40390;407257.24;5282737.99;1050.92
40392;408167.25;5283907.8;1488.64
7624;407897.6;5283782.99;1610.25
7626;408094.22;5283997.15;1467.37
7625;407246.27;5282836.04;1124.44
40397;407379.36;5283208.5;1364.21
40398;407327.89;5282657.63;927.96
7634;407853.38;5283668.25;1502.52
7638;408068.76;5284036.87;1538.71
40411;408195.38;5283872.95;1487.45
40414;407651.76;5283151.76;1028.82
7650;407678.21;5283914.34;1485.26
7656;407767.3;5283644.47;1478.55
7657;409098.97;5285287.84;1550.26
40424;407155.06;5283237.83;1460.45
7659;407258.34;5282913.84;1053.94
40429;407826.8;5283518.48;1463.28
7663;407774.51;5283374.0;1519.37
7665;409062.8;5285432.35;1545.22
40434;409054.79;5285310.96;1513.18
7666;407750.66;5283853.41;1367.94
40436;408608.27;5284934.13;1623.67
7668;409011.82;5285425.73;1619.49
7669;407712.55;5283691.5;1510.61
40438;407223.6;5283184.45;1310.02
7674;408829.1;5285291.39;1611.33
40442;407804.14;5283520.44;1505.92
7675;407219.07;5282847.23;1044.42
7678;408027.88;5284058.7;1506.35
40447;407565.92;5283780.03;1532.12
40448;408841.23;5285342.88;1779.86
40449;407552.41;5283042.61;1010.49
40452;408532.4;5284659.44;1440.21
7686;407722.01;5283780.11;1508.25
40456;408100.23;5284012.9;1480.97
7689;407590.13;5282938.1;963.49
40459;407650.24;5283723.68;1459.28
7697;407196.14;5282826.93;1076.23
40466;407696.22;5284017.85;1389.95
7699;408152.0;5283851.86;1490.43
7700;407715.28;5283894.47;1233.34
40469;408854.95;5285330.01;1625.03
40471;408034.09;5283677.94;1410.78
7705;407889.84;5283527.16;1309.11
40476;408793.51;5284995.12;1548.4
40480;407144.13;5282769.2;1025.26
40481;407760.23;5283099.66;953.76
7721;407649.74;5283949.61;1394.35
40490;408119.04;5283961.73;1572.89
40489;407774.64;5284057.17;1416.56
40492;407507.8;5283056.24;1043.6
40493;407643.26;5283953.16;1461.21
40494;407820.15;5283520.23;1493.11
40500;407586.07;5283817.14;1462.43
40502;407826.1;5283694.52;1476.4
7735;408276.05;5283812.39;1517.79
40505;408107.68;5283995.39;1515.74
7739;408172.92;5283631.98;952.29
40509;407816.38;5283838.81;1416.1
7741;407602.94;5283153.97;1252.29
40511;409122.36;5285559.1;1645.93
7743;407401.32;5283397.54;1473.21
7747;407674.48;5283657.53;1472.78
40517;408180.42;5283863.03;1478.63
40518;407713.11;5283679.94;1451.24
40519;407862.46;5283883.34;1412.58
7753;407677.92;5283856.4;1389.6
40524;408142.88;5283700.21;1323.65
40525;408300.97;5284571.79;1596.75
7760;407277.71;5283002.5;1087.05
7764;407812.18;5283752.1;1504.39
7765;408194.35;5284174.83;1490.31
7766;407734.74;5283995.71;1357.18
40535;407954.9;5283878.89;1530.88
7768;409026.24;5285442.31;1566.96
40539;408017.33;5283885.34;1519.52
7774;407969.46;5283643.84;1403.44
40542;407637.84;5283828.53;1473.21
40544;407688.75;5283823.63;1529.54
7777;408379.01;5284586.69;1606.28
40543;407864.44;5283538.2;1330.31
7778;407659.53;5283932.74;1387.15
40547;407674.82;5283971.95;1462.15
7781;407589.87;5283824.72;1456.64
40549;407576.98;5283153.43;1255.14
40554;407728.49;5283639.07;1436.15
40562;407679.29;5283891.67;1408.62
7795;407836.57;5283803.63;1526.86
40567;408083.63;5284010.85;1496.78
40572;408195.44;5283961.9;1491.88
7805;407966.16;5283525.1;1336.68
7807;407460.78;5283265.71;1343.68
40577;407614.15;5283917.17;1386.26
7810;407685.71;5283872.75;1509.78
40579;408343.48;5284535.37;1613.15
40580;407704.44;5283911.28;1318.11
40578;407678.99;5283936.29;1375.02
7809;407377.19;5282935.8;1034.33
40583;407520.35;5283316.82;1394.35
7819;408385.81;5284554.26;1622.66
40589;407678.73;5283856.49;1405.42
40593;407651.11;5283917.61;1515.36
40594;407664.68;5283655.57;1477.0
7827;408080.25;5284068.31;1497.72
7826;407469.53;5283862.67;1414.67
7830;407730.94;5283018.91;1550.84
7831;409063.95;5285468.97;1512.18
40599;407732.03;5283888.24;1542.92
40598;407555.91;5283022.83;994.5
7834;407735.82;5283900.93;1403.63
40603;407819.58;5283660.49;1459.49
7837;407746.05;5283837.01;1550.93
40605;407251.43;5282925.14;1091.11
40609;407202.36;5282833.37;1121.27
7842;407564.92;5283138.24;1234.66
7844;407501.77;5283007.03;1019.6
7845;409062.7;5285443.94;1604.09
40614;407690.11;5283945.85;1480.52
40616;408436.1;5284849.78;1657.0
40620;407814.4;5283515.07;1508.6
7855;409114.89;5285308.57;1557.61
7856;408520.28;5284650.37;1434.72
40624;407731.01;5283800.91;1495.68
40626;409147.36;5285564.21;1710.75
7862;407466.66;5283275.09;1374.84
7863;407911.92;5283872.87;1457.05
40630;407652.14;5283909.65;1410.29
7865;408189.09;5284045.08;1500.36
7866;407730.73;5283786.91;1485.12
40635;407721.26;5283798.23;1480.84
40633;408319.65;5283784.67;1463.34
7870;407879.61;5283518.8;1290.33
40641;409130.39;5285355.72;1586.1
40646;407721.75;5283024.24;940.0
7879;407461.27;5283371.44;1428.01
7883;407958.99;5283789.07;1403.48
40652;407527.0;5283034.61;1033.98
40655;407786.24;5283259.19;1545.34
40658;407788.44;5283830.61;1491.75
7891;407375.14;5283049.15;1072.68
40663;407568.65;5283528.68;1508.97
7895;408135.76;5283718.0;1339.59
40665;407441.01;5282775.87;923.06
40672;407740.52;5283613.23;1520.27
40673;408191.74;5283942.19;1496.52
7906;407337.57;5283064.8;1140.45
40677;407781.66;5283810.57;1501.78
7911;407613.01;5283169.76;1297.93
7912;407214.93;5283182.11;1385.63
7914;408073.15;5284006.78;1495.84
40682;407593.96;5283721.12;1532.38
40684;408279.07;5284352.73;1492.04
40687;407833.71;5283672.06;1465.66
7919;408001.37;5283482.47;1200.07
7922;407987.75;5283710.1;1411.7
40692;407643.43;5283567.05;1501.56
7924;407812.0;5284048.51;1350.62
7926;407715.78;5283018.13;935.26
40695;407770.71;5283374.22;1513.16
40696;407350.76;5283154.96;1155.36
40693;407639.55;5282948.48;907.39
7930;408200.65;5283761.82;1492.83
40698;407290.46;5283023.72;1102.67
7933;407648.37;5283147.47;1030.98
7944;407221.1;5283182.4;1340.72
7946;407414.75;5283195.66;1306.65
7947;408788.76;5285022.08;1571.32
40717;409120.2;5285320.42;1567.43
7951;407167.07;5282803.93;1053.72
7954;409097.82;5285293.69;1544.8
40722;408221.04;5283858.82;1516.62
7957;407695.96;5283863.31;1542.93
7958;407732.38;5283613.04;1588.96
40727;407444.12;5283352.08;1384.76
7965;407846.63;5283666.1;1461.42
40736;407309.5;5283181.04;1259.89
40737;407888.03;5284137.49;1289.46
7971;408239.7;5283661.95;936.44
40741;407674.43;5283651.49;1469.81
7978;407434.68;5282902.47;999.77
7980;408187.31;5284243.68;1508.37
7985;408220.96;5283864.07;1465.26
7987;408371.73;5284640.64;1603.75
40756;408335.02;5283823.73;1591.15
40759;407431.36;5283199.38;1297.97
7992;407275.45;5282963.23;1069.77
40761;408848.15;5285201.75;1446.23
40762;409087.88;5285443.28;1574.57
7995;407763.13;5283376.96;1489.98
40764;407685.93;5283628.28;1451.39
40763;407596.3;5283779.25;1496.98
40766;408189.29;5284248.26;1509.25
7997;407637.29;5283572.63;1506.56
40767;407691.26;5283888.29;1420.23
8001;407694.15;5283831.52;1533.84
40768;407310.75;5283081.58;1127.86
40773;408748.39;5285005.07;1467.57
8007;407919.08;5283757.3;1491.51
40776;409069.27;5285467.09;1554.67
8009;407614.62;5283142.78;1256.93
40781;408014.27;5284029.98;1497.99
40783;407735.1;5283839.9;1494.28
40784;407636.99;5283856.08;1439.55
40785;407392.91;5283163.82;1261.81
8017;407189.08;5282838.9;1084.86
8019;407883.41;5283756.46;1500.21
8021;407607.86;5283911.43;1368.68
40790;408443.25;5284634.43;1634.04
8022;408581.21;5284943.86;1584.07
40794;407717.28;5283896.23;1540.17
8027;408209.64;5284316.78;1482.77
40797;407338.85;5282980.58;1054.95
40799;408262.02;5283992.83;1500.7
40800;407815.39;5283754.49;1503.99
8033;408087.7;5283987.25;1466.72
8036;407579.11;5283816.39;1471.25
8039;409014.2;5285486.23;1634.98
8041;407809.37;5283247.99;1518.58
8042;408788.52;5284735.0;1393.07
40809;407502.91;5283360.55;1410.99
40812;407549.51;5283120.19;1213.26
8045;407734.0;5283634.88;1430.58
40815;407612.2;5283822.28;1502.5
8051;408345.7;5283853.58;1610.08
40820;408515.37;5284758.02;1600.14
40821;407761.69;5283651.64;1515.42
8054;408002.05;5283399.76;919.7
40824;407589.97;5283826.93;1477.64
40827;407985.14;5283783.05;1420.1
8061;409077.83;5285415.46;1618.3
8062;407606.58;5283237.88;1434.29
8064;408181.37;5283937.37;1500.96
8065;407385.47;5283393.62;1476.06
40834;407693.01;5283888.17;1423.43
40835;407551.6;5283755.12;1293.76
40836;407723.81;5283798.11;1533.71
40837;407554.68;5283106.55;1194.02
40839;407600.28;5283780.15;1502.9
8072;409070.89;5285433.94;1541.49
40843;408182.15;5284103.78;1504.15
40844;407602.79;5283888.74;1437.09
8077;407302.48;5283182.74;1349.59
40849;407742.82;5283996.29;1379.56
40850;408786.16;5284638.36;1473.77
8084;407703.78;5283973.0;1353.95
8085;407703.22;5283823.39;1412.12
8086;407263.23;5282564.24;932.23
40856;407485.93;5283019.79;1036.28
8089;408254.47;5283680.25;932.08
8091;407645.66;5283651.29;1459.5
40862;407692.14;5283537.45;1437.29
40865;407762.42;5283241.94;1537.95
40870;408095.17;5284032.15;1502.92
8102;407963.96;5283894.37;1538.78
40872;407850.42;5283676.41;1459.74
40871;407577.0;5283885.1;1371.52
40874;407870.54;5283345.76;954.82
40877;407739.11;5283804.57;1470.95
40879;407704.97;5283859.24;1523.49
8118;407644.8;5283906.01;1465.37
8121;407425.86;5283377.23;1468.57
40891;409076.59;5285447.21;1603.18
8128;407722.73;5283645.18;1493.7
40897;407811.54;5283702.32;1483.72
40896;407642.24;5283822.33;1511.2
40902;408690.23;5284773.15;1449.03
8136;407831.81;5283671.44;1465.73
40904;407735.55;5284001.12;1360.92
40906;408105.09;5283692.41;1334.71
40907;408790.89;5285197.43;1606.21
8140;408003.92;5284061.99;1521.99
8141;407221.19;5282837.64;1039.03
8142;407783.38;5283817.18;1494.6
40913;407165.88;5282777.93;1019.47
8146;408206.87;5284250.26;1488.06
8148;407464.84;5282940.61;996.9
40917;407444.15;5282896.57;989.43
40919;407615.98;5283713.5;1545.93
8152;407597.88;5282947.53;949.62
40922;408536.07;5284883.81;1630.75
8154;407978.28;5283668.84;1407.63
40923;407467.78;5283361.91;1359.1
8157;407726.23;5283883.51;1544.47
40926;408074.09;5283968.77;1547.81
40927;407643.47;5283607.23;1470.67
8159;407429.9;5283050.18;1102.8
8163;407869.78;5283339.84;953.05
8164;407672.73;5283950.65;1473.27
40935;408434.01;5284479.75;1497.41
8167;407676.59;5283863.18;1399.94
40939;408110.28;5283840.3;1475.02
40940;407207.19;5282870.9;1076.59
8173;408529.61;5284732.05;1586.22
8174;407702.54;5283904.86;1411.96
40944;407677.36;5283822.84;1505.04
40945;408367.9;5283844.66;1572.66
40946;407990.7;5283879.22;1520.98
8181;407811.99;5283521.69;1510.09
40951;407633.58;5283962.34;1437.92
8183;407841.41;5283713.4;1486.11
8185;408160.18;5283859.64;1495.45
40956;408221.65;5284257.55;1492.74
40958;407994.59;5283722.55;1413.44
8193;407733.48;5283800.79;1540.55
40962;408416.81;5284626.53;1619.48
40963;408148.81;5284104.33;1532.59
40964;408088.96;5284010.22;1500.75
8204;407730.03;5283062.52;1530.67
8209;407270.81;5282908.46;1041.87
40978;407686.15;5283880.22;1428.4
40979;407769.38;5283643.36;1482.97
40982;407921.55;5283751.76;1493.47
8215;407730.53;5283068.43;1513.09
40987;407962.97;5283848.92;1384.19
40988;409105.99;5285494.8;1674.17
8222;407852.76;5283664.36;1502.38
8223;407829.68;5283701.27;1515.49
8227;407796.92;5283690.55;1482.22
41000;407588.4;5283896.51;1471.67
8233;407856.14;5283768.65;1508.04
41002;408623.36;5284897.7;1603.54
41003;407466.53;5283014.98;1039.41
8235;407814.94;5284075.84;1441.76
41007;407619.05;5283177.2;1265.98
41009;408185.45;5283937.92;1500.39
8243;407839.49;5283851.38;1439.91
8244;407210.47;5282820.85;1035.64
41013;409133.64;5285340.27;1589.34
8246;407188.71;5282876.42;1106.65
41015;407729.73;5283659.53;1510.96
8247;407367.55;5283165.76;1329.39
41016;407852.67;5283678.97;1509.23
41021;407618.11;5283958.2;1347.11
8255;408082.14;5284012.56;1493.99
41028;407448.39;5283385.15;1440.64
41030;408424.36;5284666.77;1591.79
41031;408873.58;5285372.05;1821.44
8263;408183.88;5283753.03;1484.26
41033;408668.26;5285057.75;1596.6
8264;407657.69;5283839.64;1485.17
41036;408525.98;5284655.15;1441.36
41037;407661.09;5283858.42;1501.61
8268;407728.94;5283634.58;1427.33
41041;407845.64;5283503.87;1514.15
41042;407667.18;5283651.15;1474.86
8287;407785.27;5283823.44;1497.29
8290;407450.0;5282851.22;950.13
41059;407705.59;5283630.99;1442.65
8292;407822.74;5283699.18;1499.52
8291;407536.66;5282991.36;987.23
41062;408448.35;5284642.28;1627.96
41063;408193.04;5283953.07;1498.46
41064;407578.89;5283888.2;1362.77
41060;407597.31;5283870.9;1464.17
41067;408670.03;5284791.58;1426.46
8299;407986.72;5283495.5;1223.81
8301;407913.23;5283882.76;1464.69
41071;408685.98;5284696.48;1450.78
41073;408805.78;5284637.39;1481.41
8307;407932.55;5283527.93;1308.3
41077;407596.95;5283733.4;1513.24
8311;409109.8;5285411.0;1600.73
41080;407595.46;5283901.21;1391.93
41081;407412.75;5283372.03;1453.33
41082;408013.9;5283672.98;1412.52
8315;408429.73;5284831.99;1602.81
41084;407666.6;5283758.47;1518.47
41085;407700.01;5283657.54;1475.46
8316;407621.93;5283210.06;1444.2
41088;408193.72;5284083.18;1504.26
41089;407556.87;5283037.53;998.48
41091;407831.19;5283675.38;1490.29
41094;408796.76;5285221.07;1598.01
41097;408181.97;5284190.38;1523.96
41098;408857.92;5285337.18;1812.06
8331;407817.09;5283663.69;1463.49
8332;407525.79;5282846.05;911.46
8337;407618.26;5282960.48;946.45
41110;407613.4;5283871.04;1376.23
8343;407707.1;5283852.19;1417.38
8344;407888.92;5284135.08;1298.83
41111;407993.57;5283891.88;1504.49
8346;407740.19;5283828.66;1533.07
41112;408282.11;5283797.06;1517.69
41113;407313.75;5283061.08;1064.19
41117;407814.41;5283511.49;1510.14
8354;408910.15;5285361.89;1450.05
8355;407684.87;5283607.18;1509.2
8356;407994.35;5284100.63;1490.69
41123;407645.9;5283896.55;1353.78
41128;408654.21;5284678.32;1464.57
8361;407597.03;5283915.25;1389.68
8363;407806.32;5283757.96;1507.85
41132;408227.17;5283869.87;1487.31
8364;407740.11;5283995.52;1355.12
8366;407394.46;5283368.56;1453.59
8367;408444.34;5284791.35;1635.34
41141;407569.53;5283910.52;1411.57
8374;407847.75;5283500.63;1504.26
41144;408158.43;5283952.04;1518.74
8376;407653.91;5283725.01;1462.12
41145;407642.88;5283753.17;1538.06
8379;407602.08;5283789.7;1497.61
41151;408162.27;5284060.73;1513.66
8385;408289.8;5284427.34;1500.49
8386;407585.68;5283163.8;1250.74
41153;407647.2;5283953.62;1262.79
8387;407338.74;5282658.2;919.45
41157;407906.39;5283738.98;1479.25
8390;409057.97;5285465.5;1562.21
41159;408406.06;5284783.78;1636.73
41161;408012.88;5283464.35;1165.94
8396;407755.94;5283724.65;1505.5
41165;407752.26;5284024.55;1403.66
41166;407678.09;5283770.1;1550.61
8399;408596.73;5284960.62;1591.85
8400;407648.19;5283847.59;1479.36
41169;408181.05;5283923.72;1492.27
8398;407675.87;5283906.34;1403.85
8402;407886.77;5283666.86;1445.37
8404;408008.44;5284062.21;1525.32
41167;407665.18;5283979.04;1421.2
41175;408101.12;5283998.47;1511.43
8407;407697.0;5283860.49;1542.66
8413;407376.95;5282898.19;960.64
41182;407994.9;5283717.0;1400.73
41183;407672.29;5283010.98;929.86
8419;408833.62;5285350.3;1791.48
8420;408698.0;5284866.52;1442.59
41191;409025.72;5285423.06;1619.81
8423;407312.19;5282956.86;1080.32
8428;407748.28;5283887.31;1470.61
41197;407187.67;5282875.44;1114.05
41199;407744.38;5283854.42;1500.59
41200;407611.78;5283918.17;1412.37
8433;408214.81;5284247.94;1401.14
8434;408995.67;5285461.11;1649.66
41203;408596.15;5284961.39;1617.05
41204;407833.09;5283697.23;1476.65
8437;407847.86;5283856.25;1459.73
41206;407527.3;5282978.0;984.1
41201;407190.3;5282842.88;1087.18
8443;407596.48;5283856.48;1451.09
41212;408185.29;5283891.98;1499.85
41213;408190.74;5284050.69;1500.15
8444;407619.9;5283894.78;1480.9
8448;407712.51;5283631.89;1440.4
8449;408262.74;5283801.27;1514.93
41218;407797.55;5283508.72;1513.23
8454;408201.79;5284057.96;1510.31
41222;408019.45;5283670.42;1410.75
41224;407592.85;5283912.26;1370.86
41226;408169.82;5283636.69;952.96
41227;407998.31;5283716.24;1352.94
8460;407462.6;5283351.38;1422.26
8465;408268.47;5283822.43;1523.57
41233;407252.13;5282920.68;1095.79
41239;407494.06;5283021.49;1036.66
8475;409092.05;5285318.57;1539.13
8476;407818.33;5283699.26;1481.52
8477;407942.17;5283805.33;1391.49
8478;407813.07;5283752.58;1505.06
41244;407866.12;5283881.29;1386.91
41248;407634.39;5283588.26;1463.52
8481;407606.23;5283878.21;1452.25
41249;407575.9;5283750.62;1455.97
41252;408266.39;5284358.7;1500.5
8484;407711.8;5283606.46;1510.92
41253;407442.13;5283353.69;1388.56
8487;407843.14;5283511.34;1511.34
8485;407686.39;5283175.19;1492.16
8490;407625.2;5283944.62;1416.62
41260;408252.65;5284261.68;1464.73
41262;407359.63;5283184.65;1343.37
41263;408478.49;5284487.28;1498.5
41265;409123.7;5285376.28;1585.12
41268;408391.3;5284549.76;1620.32
41269;407716.34;5283919.88;1510.99
41271;408444.99;5284645.4;1624.87
8504;408428.09;5284856.51;1676.29
8503;408146.99;5283960.61;1506.12
41274;407465.45;5283353.92;1370.8
8507;407582.7;5283131.96;1206.1
8508;407714.7;5283024.76;1528.49
41277;408199.4;5283763.42;1490.41
8510;407717.57;5283953.15;1303.0
41280;407313.42;5282586.86;927.19
8513;407567.35;5283076.45;1032.2
41282;407542.71;5282873.73;1042.81
8515;407593.65;5283524.33;1452.61
8516;409064.45;5285433.82;1557.31
41284;407751.51;5283810.19;1549.31
41286;407709.03;5283899.35;1409.59
41287;407855.21;5283699.2;1476.78
41289;408160.63;5283915.57;1483.81
41291;407519.94;5282865.08;930.51
8525;407299.85;5283014.58;1108.6
8526;407935.76;5283710.68;1445.03
8528;408113.2;5283717.32;1347.18
8529;408270.13;5283788.12;1526.52
41299;407833.58;5283699.19;1510.49
8532;407888.11;5283773.51;1612.11
41302;407717.71;5283125.49;984.36
41303;409041.93;5285414.36;1633.14
8538;408327.3;5283820.93;1507.55
8542;407591.14;5283912.14;1484.43
8543;407925.14;5283324.01;920.85
41311;408204.85;5283688.51;969.03
41313;407826.66;5283676.02;1480.85
8551;407892.25;5283900.65;1484.26
41323;409009.74;5285423.24;1609.45
41324;408738.3;5285001.27;1573.06
8556;407650.56;5283779.93;1469.36
41326;407677.09;5283866.52;1443.5
41325;407605.4;5283098.39;1035.86
41328;408088.3;5283981.54;1487.17
8560;407768.83;5283382.46;1491.71
8563;408024.73;5283892.26;1514.3
41332;407335.95;5283094.91;1136.11
8567;408372.21;5284555.24;1575.01
41336;408559.63;5284874.45;1610.69
41337;409073.4;5285332.26;1531.4
8569;407577.81;5283817.93;1472.06
8572;407827.63;5283667.89;1458.8
41344;407345.91;5283161.49;1320.96
41347;407704.4;5283888.49;1543.09
41349;409099.54;5285452.65;1590.66
8583;408024.5;5283921.51;1530.02
8584;407864.34;5283745.59;1488.1
8585;409110.5;5285569.83;1658.01
8586;408187.57;5283944.46;1500.39
41355;407692.58;5283861.75;1522.66
8588;408180.72;5283920.28;1494.43
41356;408340.53;5284536.16;1612.44
8591;408941.51;5285443.16;1774.86
8593;408190.08;5284085.82;1504.56
8594;408392.53;5284610.68;1583.3
8600;407645.5;5283607.74;1470.85
41368;407585.96;5283903.0;1477.68
8601;407600.08;5283913.19;1386.14
41372;407682.91;5283100.58;1142.73
41375;408171.63;5283927.65;1483.53
41377;407639.1;5283584.68;1461.59
41378;407343.11;5283190.91;1190.55
41384;409146.89;5285557.81;1697.61
41387;407707.43;5283748.47;1510.08
8622;407328.83;5283181.7;1338.08
41393;407611.13;5283955.77;1470.41
8628;407745.81;5283630.79;1409.1
8630;407429.64;5283386.06;1451.33
8631;407706.77;5283915.61;1515.2
41399;407912.82;5283589.62;1323.89
8633;408601.39;5284879.82;1595.43
8634;407924.47;5283787.24;1625.46
41408;409027.15;5285428.27;1660.48
41413;407636.9;5283964.76;1443.0
8651;407473.45;5283257.43;1338.41
41420;407569.83;5283966.8;1403.51
8655;407587.01;5283886.77;1391.06
41424;408722.73;5285024.9;1570.24
41425;407842.63;5283669.41;1464.59
8658;408331.68;5284572.44;1616.73
41423;407596.17;5283156.42;1304.18
41429;408127.73;5283963.15;1496.08
8662;407693.5;5283512.86;1436.78
8664;407827.28;5284023.01;1450.66
41434;408265.23;5284351.6;1503.2
41435;407556.85;5283391.68;1403.53
8666;407246.87;5282830.3;1117.8
41436;407675.97;5282989.55;913.81
41439;407888.38;5283504.48;1274.13
8673;407564.76;5283273.42;1404.94
8674;407280.13;5282591.16;941.58
8677;407384.17;5282985.67;1089.56
8679;407388.08;5283215.3;1367.24
41450;407711.52;5283755.56;1515.82
8682;407607.54;5283232.68;1433.25
8686;408188.98;5284229.44;1515.72
41456;407676.85;5283893.2;1401.86
8689;407305.54;5283163.17;1325.64
41458;407782.62;5283315.35;1540.05
8691;407336.81;5282674.76;928.32
8693;408932.11;5285475.45;1616.44
8695;407826.98;5283674.49;1472.19
41464;407630.36;5283857.7;1403.67
8701;407728.78;5283209.04;1510.55
41471;407601.37;5283572.8;1493.32
8704;408732.27;5285153.99;1592.64
8705;409006.85;5285413.75;1604.19
41475;408700.04;5284597.21;1475.02
8707;407670.23;5283958.08;1455.47
8710;407834.45;5283695.14;1507.08
41479;407314.5;5283197.56;1249.41
41480;407813.09;5283779.3;1516.2
41483;408492.2;5284502.06;1495.25
8716;407634.6;5283564.13;1453.94
8717;407199.58;5283261.65;1474.72
41485;407676.1;5283924.06;1474.85
8719;407675.34;5283911.92;1481.38
41488;407842.43;5283851.5;1443.08
8722;408890.71;5285338.21;1620.72
41491;408417.27;5284603.37;1614.82
41492;407684.84;5282974.98;923.58
8723;407801.66;5283834.58;1499.25
41494;407817.15;5283645.23;1379.95
41495;408364.19;5283835.35;1548.08
41497;409022.34;5285422.21;1620.96
8732;407403.36;5282851.0;976.16
8734;408251.48;5283906.33;1467.27
41502;408205.65;5283652.1;947.91
41505;408005.11;5284096.32;1494.68
8739;407907.08;5283834.65;1535.32
8740;407702.89;5283793.82;1536.07
41507;407662.85;5283908.75;1460.78
8742;408209.33;5284076.95;1514.72
41509;407978.38;5283702.78;1394.33
8746;407777.62;5283340.73;1518.55
8747;407952.66;5283781.43;1633.81
8753;407940.08;5283695.08;1380.14
8755;408589.0;5284664.51;1468.78
41526;407717.15;5283688.04;1506.95
41527;408223.13;5283763.5;1493.19
8759;407884.79;5284131.34;1289.58
8762;408431.61;5284673.66;1592.12
8763;407674.07;5283913.33;1475.2
41530;407552.27;5283888.28;1424.56
41533;407635.09;5283929.57;1498.5
41534;409078.12;5285577.36;1681.72
41535;408200.16;5284251.28;1506.13
8767;407677.53;5283561.76;1529.83
41537;408069.36;5284010.48;1498.85
8769;407686.67;5283733.89;1513.17
8771;407840.07;5283858.37;1382.86
8772;408768.12;5284622.76;1487.5
8773;408793.04;5285267.01;1664.53
8776;407688.08;5283893.52;1513.47
41544;407248.38;5283176.39;1367.34
8779;408241.75;5283928.25;1484.43
8780;407596.32;5283718.1;1529.11
41548;408121.88;5283708.92;1340.82
41550;408035.25;5283900.02;1542.42
41552;407577.67;5283889.31;1426.92
41558;408407.11;5284584.73;1567.4
41559;409126.3;5285514.5;1684.33
41562;408488.86;5284722.22;1610.3
8795;408192.88;5283886.67;1501.97
41564;407792.23;5284063.54;1424.41
8797;408524.35;5284645.5;1435.01
41565;408176.62;5283933.37;1503.69
41571;408019.96;5284052.25;1516.33
41574;407669.92;5283902.62;1516.11
8807;409114.7;5285603.26;1685.31
41576;407871.7;5283878.83;1399.5
8809;407886.02;5283751.99;1493.49
41577;407208.13;5282904.55;1096.68
8811;407791.61;5283823.98;1496.9
8812;407479.69;5282866.65;943.5
41578;407507.1;5282836.92;905.53
41579;407792.08;5283384.91;1515.03
41581;409068.17;5285421.85;1627.45
8817;408876.08;5285422.82;1634.09
41586;407710.71;5283882.89;1539.88
8822;408195.18;5284215.53;1514.43
8825;407814.14;5284036.06;1439.66
41597;407670.11;5283797.13;1542.96
8830;408189.81;5284174.3;1510.61
41601;408322.82;5283843.39;1524.86
41605;408765.4;5285177.76;1606.76
41607;408604.23;5284897.17;1597.6
8839;407520.79;5283883.78;1380.36
8851;407340.85;5283071.18;1110.86
41621;408510.16;5284626.33;1431.04
8854;408407.33;5284773.12;1604.99
8858;408199.42;5284035.3;1466.78
8859;407979.38;5283697.73;1355.63
41634;407694.46;5283623.59;1503.21
41639;407605.28;5283931.48;1404.27
8874;407726.92;5283891.14;1538.91
8876;408343.73;5283859.32;1587.84
41645;407597.79;5283082.84;1028.8
8882;408083.21;5283988.03;1473.37
41651;407568.72;5283131.4;1217.56
41652;408154.19;5283847.38;1491.69
41657;408201.44;5284043.64;1479.72
8892;407228.31;5283181.34;1283.39
8893;408413.68;5284681.62;1595.45
41662;407558.09;5283070.89;1048.19
41664;408160.3;5284095.73;1451.18
8896;408002.34;5283451.6;1143.15
41670;407752.89;5283845.4;1525.37
41673;407555.49;5283035.06;1121.57
8906;408529.79;5284652.22;1439.61
41674;407599.61;5283886.54;1417.33
41678;407735.94;5283853.17;1501.81
41680;407216.7;5282870.94;1061.69
8913;409155.54;5285366.21;1583.76
41681;407491.01;5283248.46;1325.83
8915;407529.91;5282968.28;976.9
41683;407991.47;5283478.29;1203.45
8920;408896.56;5285243.12;1441.45
41689;407690.47;5283912.32;1501.69
8921;407555.23;5282891.0;1062.79
8924;407691.06;5283947.16;1481.92
41693;407503.37;5283000.82;1013.73
41702;408111.47;5284035.56;1519.56
41703;408516.77;5284666.3;1425.87
8937;407825.7;5283822.45;1378.97
8942;408920.14;5285457.76;1793.53
8944;407637.09;5283664.42;1382.57
41713;407695.55;5283870.93;1516.24
41712;407931.3;5283785.63;1626.65
8947;408326.79;5284421.79;1504.87
8953;407463.17;5283356.55;1424.8
8954;408089.58;5283962.52;1439.84
8955;407732.82;5283575.61;1510.84
41724;407721.59;5283802.51;1503.88
41721;407398.23;5283195.77;1255.67
41725;407627.97;5283088.25;1028.75
8959;407342.83;5282999.19;1113.74
8960;407830.86;5283752.42;1568.78
8961;407708.82;5283598.71;1518.28
41730;407695.57;5283686.68;1515.22
41729;407576.05;5283746.14;1446.36
8964;407988.51;5283577.46;1356.65
8965;407628.75;5283923.53;1442.67
8966;407605.76;5283889.76;1467.63
41737;407845.48;5284056.38;1459.1
8970;407767.57;5283647.58;1522.23
8971;407988.24;5283881.48;1524.28
41743;409029.2;5285429.53;1660.37
41745;407802.55;5283593.16;1462.16
41747;408275.77;5283822.8;1561.77
41750;409057.4;5285300.01;1507.81
8982;408675.42;5284799.99;1432.25
41753;408262.13;5283817.91;1542.26
41757;407789.55;5283808.87;1509.89
8990;408159.54;5283850.63;1495.58
8991;408218.32;5283790.73;1499.94
41765;407843.89;5283508.58;1492.28
41767;408121.61;5284042.29;1492.7
9001;407345.08;5283150.41;1162.6
9003;408176.34;5283866.25;1455.98
41773;407150.2;5283166.66;1388.3
9007;407701.6;5283962.46;1344.46
9008;409185.94;5285346.48;1618.29
9013;409089.8;5285458.03;1579.48
41781;407824.31;5283689.88;1473.39
41782;407640.4;5283560.38;1509.58
41784;408193.81;5284233.53;1517.19
9017;408194.86;5284278.86;1500.84
41785;407624.57;5283866.23;1419.78
9019;407199.86;5282825.98;1039.89
41791;407508.3;5283443.01;1439.69
41792;409135.84;5285348.01;1592.85
9026;407497.04;5283223.89;1304.1
41800;407608.89;5282952.33;949.78
9033;408443.13;5284642.5;1597.0
41801;407832.59;5283753.24;1568.78
9035;407921.44;5283788.99;1554.85
41802;407315.89;5283183.11;1344.38
41805;408082.92;5283991.15;1474.78
41809;408165.78;5283934.21;1486.99
41811;409114.5;5285630.24;1679.33
9046;407553.78;5283891.08;1425.84
41815;407156.41;5282892.5;1115.56
9048;407880.77;5283516.29;1296.0
9052;407614.11;5283225.74;1438.96
9053;407962.61;5283874.49;1520.65
9054;407588.77;5283911.02;1370.77
9057;407745.19;5284001.46;1378.87
41828;407930.21;5283813.39;1395.41
41830;407200.48;5283246.91;1452.5
41831;407809.16;5283720.42;1548.87
9063;407615.41;5283096.15;1040.04
41836;407946.32;5283723.25;1453.66
9069;408840.0;5285296.3;1607.74
41837;409145.04;5285325.82;1595.91
41844;407631.29;5283944.42;1321.49
41845;407766.61;5283855.48;1562.44
9078;408949.94;5285374.59;1612.68
9080;407311.32;5283071.48;1119.46
9082;408595.99;5284959.42;1589.08
9083;407444.09;5283037.96;1084.12
9086;407797.92;5283823.91;1499.01
9087;407725.0;5283981.87;1379.85
9088;408895.37;5285358.83;1623.3
41859;408370.04;5284560.24;1566.34
41860;407916.34;5283877.14;1479.36
41862;409003.83;5285454.22;1407.6
9094;408095.13;5284063.77;1509.94
9095;407919.37;5283837.53;1381.01
9098;407855.63;5283656.97;1503.29
41869;408300.17;5283836.83;1560.41
9102;407142.34;5283238.17;1474.11
9105;407680.38;5283619.97;1516.97
9107;407575.7;5283148.27;1255.82
41877;407432.14;5283039.38;1085.76
41879;407719.35;5283669.25;1501.51
9112;408160.45;5283957.05;1527.25
9111;407654.6;5283726.34;1452.79
41880;407595.34;5283914.93;1390.57
41889;408857.8;5285389.27;1622.6
9122;407432.3;5283350.47;1453.33
41892;407551.02;5283786.84;1463.25
41894;407659.88;5283604.43;1473.44
41897;408204.35;5284036.45;1499.81
41898;409099.95;5285278.73;1557.63
9129;408130.12;5283961.07;1497.76
9131;407665.68;5283640.18;1464.06
41900;407468.38;5283861.2;1418.31
41902;407759.55;5283807.21;1481.6
9132;407831.18;5284057.26;1451.03
9136;408818.13;5285367.23;1822.76
41904;407644.68;5283805.43;1515.08
9139;407621.29;5283558.91;1518.13
41908;407499.3;5283837.2;1418.6
41910;407730.89;5283992.48;1357.53
9143;408686.85;5284701.8;1450.74
9144;408523.44;5284679.26;1412.18
9142;407459.55;5282743.64;906.78
9147;407656.05;5283900.41;1460.09
9149;407695.71;5283126.05;984.66
41920;407928.45;5283697.16;1435.85
41921;408065.69;5283984.69;1539.06
9154;407983.41;5283704.71;1355.2
41923;407993.12;5283638.4;1387.49
9157;407716.27;5283871.21;1531.76
41926;408793.9;5285197.73;1601.08
9158;407782.07;5283820.73;1485.45
41930;407671.74;5283704.13;1468.95
9163;407518.69;5282988.71;996.07
9165;407673.77;5283653.41;1470.85
9166;407697.27;5283676.69;1504.41
9167;408409.7;5284829.72;1483.84
41933;407728.12;5283870.95;1463.33
9168;407583.5;5283886.04;1425.86
41935;407252.77;5282908.77;1105.11
9171;408075.54;5283665.17;1341.94
9176;407814.9;5283680.07;1497.8
9177;408689.25;5285084.12;1612.56
41946;409041.1;5285447.77;1459.16
9180;408030.59;5283613.42;1341.9
41948;407444.93;5283363.54;1419.26
41949;407434.04;5283045.84;1088.76
9184;408080.92;5283993.14;1510.94
9185;408143.01;5283851.61;1479.67
41953;408338.38;5283853.54;1547.58
9187;408131.26;5284022.35;1507.04
9186;407704.92;5283930.27;1410.51
41954;407874.36;5283552.33;1342.38
9190;407605.59;5283784.58;1506.21
41952;407673.53;5283915.07;1475.48
9189;407784.81;5283834.53;1366.59
41961;407626.37;5283865.02;1452.51
41963;407675.33;5283503.39;1430.16
41964;408083.8;5284014.96;1496.25
9196;407554.85;5283542.5;1486.6
41966;407708.87;5283906.72;1544.48
41965;407153.87;5282770.28;1013.09
41969;408230.4;5283872.23;1515.1
41970;407657.53;5283543.02;1522.82
9203;408824.87;5285328.19;1783.71
41973;407798.17;5283830.76;1497.33
9206;408170.08;5284097.08;1514.72
9207;408189.1;5283970.48;1449.8
41976;408267.68;5284348.43;1507.39
41977;408266.04;5284349.6;1503.94
9208;407639.07;5283951.1;1460.35
41978;407558.79;5283031.12;996.51
41982;408201.41;5283861.28;1487.32
41983;409067.1;5285422.31;1560.6
9217;407679.65;5283815.6;1549.99
41986;407674.67;5283862.45;1398.65
41988;408890.37;5285152.3;1413.79
9220;408015.3;5284041.4;1508.4
41991;407825.68;5284064.88;1450.9
41992;407366.31;5283183.95;1295.66
9229;408001.92;5284118.07;1496.49
9232;407591.17;5283074.04;1299.55
9240;407741.04;5283858.56;1540.64
9241;407740.81;5283911.7;1335.57
42012;408347.12;5283829.37;1576.93
9245;408078.92;5283965.37;1451.58
42013;407644.65;5283786.47;1468.32
42015;408019.34;5283614.52;1351.12
9248;407955.6;5283692.59;1393.45
9246;407956.86;5283839.15;1386.22
42018;408084.63;5284023.74;1503.18
9251;408174.89;5284064.56;1487.25
9247;407587.71;5283902.22;1362.98
9253;408206.28;5284059.14;1482.04
42016;407721.51;5283818.6;1401.78
9255;407677.64;5283774.5;1546.34
9256;407666.02;5283944.82;1385.47
42019;407128.73;5282884.04;1141.81
42026;407705.58;5283889.55;1542.86
42027;407789.35;5283392.67;1520.06
9260;408850.59;5285007.51;1518.96
9261;409107.75;5285411.49;1606.0
42032;407617.45;5283866.59;1347.4
9265;407667.54;5283927.37;1462.8
42034;408148.72;5284108.76;1521.35
42035;409081.13;5285439.45;1594.25
9267;407708.78;5283038.27;1485.83
42037;409123.04;5285392.84;1591.52
42039;408530.92;5284570.43;1490.48
42041;407990.72;5283581.31;1346.46
9276;408016.63;5283615.51;1349.1
9277;408004.27;5284032.42;1320.54
42047;408167.15;5283926.78;1482.38
42048;408508.05;5284658.16;1419.65
9281;408995.88;5285475.98;1655.7
9286;408393.18;5284459.17;1498.0
42055;408153.48;5284095.47;1505.38
9287;407887.19;5284136.12;1298.32
9292;408200.65;5283860.69;1503.57
42060;407389.92;5282958.5;1054.47
42062;408146.67;5284103.6;1526.63
42063;409075.74;5285560.07;1674.17
42061;407570.67;5282854.1;1034.29
42066;408204.71;5284042.67;1463.77
9299;407252.32;5282810.72;1101.05
42069;407602.76;5283874.95;1469.15
42070;407747.78;5283716.49;1508.81
9303;407689.98;5283666.86;1462.0
42073;407512.54;5283874.13;1396.3
9309;408025.21;5284063.72;1508.07
42079;408193.07;5284286.08;1463.32
9314;407989.83;5283750.95;1408.42
42082;407702.91;5283175.8;1506.91
9317;407592.58;5283778.01;1479.96
9319;408030.99;5283628.06;1351.65
9324;408123.89;5284015.41;1509.67
42093;408149.3;5283913.82;1504.52
42094;408160.35;5283911.33;1485.43
42095;407647.12;5283615.47;1475.96
9330;407977.81;5283518.88;1264.11
42099;407584.4;5283511.52;1451.92
42103;407878.26;5283482.72;1259.82
42105;408091.5;5284053.39;1515.91
9340;407764.03;5283842.1;1484.6
42111;408576.22;5284890.03;1607.35
9345;407991.58;5283752.84;1411.16
9347;409120.6;5285367.14;1581.0
9350;407391.38;5283186.89;1323.52
9351;408989.74;5285442.68;1658.93
9352;407454.33;5282982.16;1045.46
9353;408079.25;5283972.73;1455.45
42122;408271.94;5283816.59;1575.21
42123;408191.01;5283964.31;1494.11
9356;407719.03;5283773.65;1505.51
9354;407580.92;5283492.21;1443.95
42126;407199.11;5283264.83;1456.16
42130;408106.13;5284062.54;1512.08
42131;407448.44;5283253.19;1370.07
9363;407458.56;5283292.08;1368.83
42134;407340.97;5283187.66;1205.9
42135;407564.36;5283886.76;1435.86
9368;407569.09;5283527.58;1479.31
9372;408782.54;5285057.77;1586.74
9374;408595.3;5284885.94;1599.7
42142;408047.96;5283998.07;1528.27
42143;407997.27;5283677.32;1409.82
9379;408103.97;5283699.27;1340.76
42148;408738.95;5285086.61;1573.38
9383;407612.71;5283830.53;1423.17
42152;407572.21;5283805.26;1312.06
9384;407275.41;5282994.77;1104.47
9388;407241.14;5283173.51;1376.47
9391;407921.75;5283872.29;1477.35
9397;407266.32;5282977.57;1100.33
42166;407686.2;5283905.32;1405.1
42165;407678.87;5283002.2;917.14
42169;408572.16;5284946.47;1585.16
9403;408400.47;5284761.93;1632.94
42173;407666.24;5283147.03;1233.99
42178;408320.57;5284471.33;1480.09
9411;407641.97;5283813.39;1470.27
9412;408231.07;5283873.36;1493.95
9414;408189.79;5284179.09;1524.59
42183;407629.34;5283574.23;1509.71
9417;407996.38;5283451.1;1144.69
42188;408242.33;5283921.5;1482.22
9420;408328.5;5283858.36;1578.78
9422;408182.1;5284064.16;1492.46
9424;407697.79;5283732.27;1460.98
9432;408815.11;5285291.34;1617.59
42201;407524.54;5282847.9;913.02
9434;407694.81;5283835.96;1392.7
9436;407589.25;5283901.28;1473.08
42207;407486.17;5283349.69;1408.27
9440;407205.94;5283223.83;1447.53
9445;407571.82;5282911.35;932.88
9446;407661.45;5283907.24;1489.03
9450;407821.58;5283518.72;1492.86
9451;407956.32;5283673.22;1399.46
42221;407667.64;5283956.99;1456.13
42223;407422.43;5282941.85;1025.7
42224;408103.06;5283690.64;1335.28
9458;407741.68;5283758.34;1486.93
9459;407665.3;5283862.47;1495.92
9462;407788.41;5283421.07;1517.98
42231;408175.41;5284127.72;1531.17
9463;407678.92;5283915.33;1477.95
9465;407779.37;5284046.59;1417.42
9469;408256.98;5283937.42;1479.94
9474;407376.46;5282895.9;958.3
42244;407253.57;5282915.21;1057.72
42245;408272.21;5283825.28;1548.75
9478;407467.78;5283361.91;1345.62
9479;409078.63;5285334.71;1521.43
9486;407754.47;5283276.01;1526.64
42257;407651.4;5283984.17;1440.4
42265;407658.97;5283747.11;1469.88
42266;407741.11;5283019.34;936.4
9499;408185.51;5284249.36;1502.08
42268;407341.33;5282992.52;1035.32
42269;409156.3;5285317.62;1596.42
42270;409083.66;5285476.32;1581.83
9504;407454.51;5282917.98;996.98
9505;408579.09;5284944.16;1568.38
9506;408340.62;5283795.83;1472.61
9508;407665.98;5283141.88;1232.11
42277;407744.52;5283248.65;1528.62
42278;407825.04;5284085.29;1356.9
42279;408702.73;5285033.21;1549.81
42280;407202.2;5283222.81;1463.76
42281;408856.56;5285336.79;1773.43
42282;409096.51;5285287.73;1544.64
9513;407767.3;5283088.45;975.35
42286;408759.42;5285014.06;1466.4
9519;407715.21;5283886.38;1533.42
42287;407712.66;5283514.68;1434.21
9521;407520.09;5283030.79;1034.56
9523;408790.87;5284623.73;1488.03
42292;407422.3;5282823.85;942.28
42293;407704.76;5283677.93;1486.99
42294;407725.49;5283630.14;1509.36
42295;407780.88;5283344.64;1522.68
9528;407538.47;5283753.68;1297.9
42297;407822.36;5284024.59;1447.22
42296;407841.49;5284057.96;1456.69
9536;407673.79;5283003.82;922.11
9537;407672.34;5283813.01;1510.66
42306;408878.04;5285419.66;1808.19
9538;407701.6;5283851.75;1546.35
42308;407199.88;5283268.73;1454.43
9541;408792.37;5284997.18;1550.37
42312;407566.97;5283887.64;1437.68
9546;408142.25;5283887.35;1487.94
42316;407752.31;5283061.88;949.09
9549;407903.59;5283569.44;1316.49
42318;408434.46;5284834.09;1611.77
42319;408063.9;5284034.7;1533.78
9552;407634.47;5283957.49;1470.24
42321;407721.89;5283113.98;1513.24
42322;407892.61;5283530.71;1306.51
9555;407619.16;5283854.2;1370.87
9548;407339.73;5283147.63;1153.78
9557;408202.17;5283872.93;1484.14
9558;407642.03;5283543.42;1511.26
42327;409082.69;5285435.68;1639.39
9563;407969.63;5283736.13;1397.04
42332;407711.45;5283829.35;1380.53
42333;407564.15;5283797.3;1457.62
42335;407188.32;5283256.36;1468.38
9570;407625.97;5283949.39;1382.29
42339;407618.12;5283903.46;1479.45
9572;408992.17;5285450.66;1660.06
42340;408159.54;5284121.49;1525.47
9574;407575.28;5283533.91;1466.2
42341;407626.32;5283878.1;1384.83
9576;407764.18;5283377.26;1496.28
42348;408262.57;5283958.61;1481.69
9583;407602.7;5283955.43;1341.66
9585;407799.73;5283736.63;1499.41
42355;407601.66;5283159.34;1299.15
9588;407631.36;5283811.5;1502.37
42356;407633.82;5283535.17;1505.67
42360;408318.39;5284390.04;1507.55
42366;409003.64;5285481.21;1651.11
42367;408191.15;5283762.52;1480.73
42369;408812.44;5285211.66;1434.34
9601;407921.93;5283724.15;1462.0
9604;408131.88;5283709.43;1333.16
9605;407337.92;5283102.54;1169.18
9612;407699.39;5283697.83;1460.61
9613;407636.21;5283849.98;1473.11
9617;407694.6;5283738.12;1465.86
9618;408398.55;5284746.95;1605.31
9620;408109.07;5284022.39;1488.27
42389;407706.02;5283602.4;1465.11
9622;408079.35;5283997.87;1481.97
42388;407233.16;5283185.51;1385.42
42392;407667.32;5283933.09;1381.83
42394;407604.79;5283076.35;1306.52
9627;407398.48;5283373.04;1458.9
9630;407433.02;5283395.29;1451.83
42399;407649.5;5283972.45;1449.32
9632;407588.8;5283914.33;1483.64
9633;407849.7;5283859.09;1547.33
9635;407591.47;5283937.81;1473.64
42404;408096.57;5284012.12;1484.46
9641;407939.72;5283743.2;1470.19
42410;407762.58;5284013.5;1378.2
9643;407773.88;5283819.29;1481.45
42416;408684.67;5284965.15;1580.04
9648;409137.17;5285360.38;1591.09
42420;407709.62;5283849.6;1415.66
42421;407559.66;5283138.24;1229.89
9654;407552.86;5283888.81;1420.26
9658;407541.79;5283881.38;1417.44
9661;408163.32;5283845.62;1498.2
42430;408912.7;5285301.94;1427.85
9662;408944.61;5285272.7;1458.57
42432;408671.71;5285141.52;1614.55
42431;407281.62;5282622.49;968.6
9667;407706.08;5283597.93;1429.97
9668;407459.34;5283345.68;1357.64
9669;408076.31;5283995.04;1486.37
42439;407550.09;5283895.82;1410.72
9672;409024.66;5285444.83;1568.61
42440;407210.68;5282880.3;1082.94
42442;407857.99;5283411.97;997.21
9676;407810.02;5283483.3;1513.49
9677;408204.9;5283849.87;1506.25
42445;407831.25;5283703.15;1514.81
42446;407599.03;5283869.37;1412.87
42447;407557.46;5282873.23;915.57
9681;407734.9;5283785.62;1543.95
42450;408885.93;5285423.92;1811.62
9683;407702.4;5283755.51;1482.71
9687;408190.34;5283967.81;1445.74
42456;407310.39;5283165.35;1318.0
42457;408077.86;5283951.65;1446.31
42460;408181.65;5283964.28;1476.51
42461;407823.66;5283524.18;1482.18
9695;407705.43;5283823.92;1526.57
42465;408067.9;5284063.93;1539.85
42466;407904.64;5283777.5;1543.94
9700;407800.88;5283593.8;1461.13
9701;407589.38;5283893.42;1435.71
42470;407489.38;5283031.52;1043.74
9703;407826.93;5283695.66;1476.31
42471;407451.45;5283280.02;1357.9
42472;407748.43;5283865.03;1365.63
9708;407155.97;5283242.96;1468.25
9710;408788.6;5284626.03;1488.03
9711;407670.26;5283895.06;1407.33
42480;407836.11;5283847.93;1458.9
9716;407597.28;5283801.76;1511.46
42485;407860.92;5284072.91;1472.9
9718;407632.51;5283899.01;1363.48
9719;408024.9;5283669.34;1407.18
42488;408698.67;5284848.04;1438.36
42489;407669.36;5283869.64;1389.66
42490;409035.73;5285364.03;1445.62
42487;407165.29;5282861.9;1121.56
42493;408129.3;5283863.83;1480.14
9729;408524.25;5284651.76;1438.6
42498;407717.41;5283663.14;1428.23
9731;407389.15;5282942.98;1057.44
42500;407678.49;5283003.62;919.09
42501;407621.84;5283953.8;1474.66
42502;407431.02;5282945.11;1023.44
9735;408686.54;5284817.3;1442.95
42506;407630.7;5283970.93;1347.34
9743;407740.48;5283825.69;1532.34
42513;408846.94;5284639.9;1444.0
9749;407215.4;5283179.26;1354.12
42518;407597.59;5283244.02;1424.78
42519;408269.76;5283812.85;1518.62
9751;407771.64;5283304.28;1533.96
42521;408643.71;5284680.18;1470.82
9756;407448.33;5282771.0;961.8
9757;409076.81;5285448.06;1583.63
42524;407248.68;5282802.15;1098.02
9761;408890.56;5285232.22;1435.33
42530;407754.97;5283846.93;1492.07
9765;408524.82;5284677.11;1416.09
9766;407671.29;5283898.8;1506.8
9767;408043.02;5283997.72;1244.3
9768;407182.79;5282843.3;1088.94
42538;407694.6;5283636.68;1484.99
42539;408584.29;5284943.15;1582.24
9772;408791.13;5285022.46;1569.16
9771;407258.97;5283170.51;1379.87
9770;407675.24;5282982.98;920.91
42543;408989.64;5285419.09;1607.48
9775;407696.69;5283856.32;1533.97
9778;408222.85;5283860.51;1516.97
42546;407442.22;5282779.59;922.71
9780;407694.37;5283678.21;1503.38
9783;408588.44;5284657.53;1480.83
9786;407741.37;5283638.2;1412.3
42555;407285.9;5283039.04;1109.52
42556;407826.4;5283745.83;1568.2
9789;407442.81;5282889.29;981.83
9790;408268.36;5283781.86;1497.23
42557;407393.98;5282843.84;979.38
9792;407812.78;5283725.97;1491.54
42563;407713.83;5283663.63;1506.25
42564;409129.7;5285510.35;1679.74
9798;408173.72;5283917.99;1485.39
9800;407656.97;5283721.74;1463.27
9801;407803.08;5283649.13;1502.54
42573;408894.54;5285347.71;1448.5
9805;407818.32;5283629.51;1482.45
9807;408194.44;5283990.02;1489.86
42577;407671.19;5283958.56;1454.03
9809;407253.97;5283179.71;1370.96
42580;407994.2;5283748.92;1410.36
9813;408796.14;5284997.39;1540.2
9814;408737.76;5285126.66;1584.43
9817;409164.78;5285582.34;1720.73
42586;408330.72;5284568.69;1593.24
42585;407674.58;5283613.64;1505.27
9819;407439.06;5283039.89;1088.71
42591;408141.66;5283875.68;1477.03
9823;407717.05;5283663.7;1444.03
42595;408748.95;5285023.67;1581.59
9830;409067.57;5285285.76;1516.84
42598;407692.87;5283885.28;1422.05
42600;409053.93;5285302.77;1504.94
42601;407724.72;5283047.66;1528.18
9833;407136.62;5283234.16;1472.75
9837;407858.09;5283743.79;1491.7
42608;407643.81;5283604.82;1470.19
9842;407639.66;5283854.26;1471.28
9843;408688.21;5284749.3;1448.44
9846;408668.61;5285139.0;1612.52
42615;407663.21;5283760.5;1520.58
9847;407656.39;5283190.36;1467.64
42614;407649.74;5283963.2;1467.4
42618;407580.09;5283827.99;1325.24
9854;407586.03;5283865.28;1477.13
42623;408571.39;5284895.74;1600.13
9855;408083.11;5284010.54;1503.18
9857;407825.01;5283990.69;1454.85
9859;408872.56;5285010.74;1510.32
9862;407680.77;5283890.44;1501.63
9868;408751.04;5285036.25;1587.49
9869;408247.13;5283912.35;1471.96
9870;407660.78;5283006.29;937.22
42646;407829.91;5284055.74;1450.5
42649;407657.44;5283645.98;1464.47
9884;407550.32;5282898.49;933.8
9885;407607.58;5283101.61;1035.98
42654;407733.25;5283905.04;1385.52
9887;408926.95;5285381.98;1549.67
42659;408603.3;5284970.89;1609.89
42660;407715.25;5283667.16;1509.78
42661;407790.37;5283501.01;1475.33
42662;408584.73;5284674.31;1496.16
42664;407506.32;5283004.93;1017.16
9902;407718.27;5283746.51;1493.96
42671;408697.59;5284864.99;1466.45
42674;407566.64;5282986.08;979.34
42680;407395.21;5283386.6;1467.47
9912;407473.8;5283262.94;1329.69
9914;408872.87;5284637.59;1455.68
9913;407652.88;5283950.87;1431.4
9916;408257.57;5284358.87;1512.9
42686;407837.8;5283747.01;1502.49
9921;407208.86;5283208.51;1405.23
42689;407335.8;5283066.57;1139.74
42692;407297.51;5283162.46;1266.25
42694;408959.86;5285314.82;1460.05
42695;407589.0;5283839.25;1332.24
9928;407674.06;5283958.73;1460.65
42697;407338.38;5283148.96;1151.72
42698;407916.44;5283782.82;1555.0
9932;408762.27;5285022.2;1576.77
42701;407799.98;5284065.71;1429.43
9934;407999.42;5284062.61;1496.26
9936;407701.15;5283892.82;1518.09
42705;407240.37;5283184.08;1378.48
42706;407883.18;5283531.16;1312.9
42707;407649.5;5283981.29;1453.79
9937;407601.23;5283159.12;1300.14
9941;408117.37;5283708.68;1340.43
42710;409144.44;5285555.05;1699.7
9942;407800.84;5283510.33;1514.01
9945;408536.58;5284576.08;1501.89
42713;407480.96;5283028.14;1043.19
42714;407278.41;5282978.7;1075.01
9948;407244.54;5282889.54;1115.12
9951;409116.03;5285626.58;1679.32
42723;408266.4;5284375.77;1505.85
9958;407756.17;5283994.06;1340.72
9959;407733.73;5283796.14;1540.06
9960;408357.71;5284616.5;1635.59
42728;407819.32;5283789.84;1514.83
42731;407803.68;5283562.61;1446.67
42733;407701.99;5283915.21;1320.04
9967;408355.1;5284589.01;1586.9
42735;408210.8;5284077.7;1515.38
9973;407677.53;5283890.13;1489.11
42741;407621.59;5283904.05;1472.23
9974;407240.26;5282545.17;933.42
9977;408814.78;5284956.27;1464.83
9978;408218.1;5283828.1;1528.55
9979;408216.8;5283872.2;1472.41
9980;408834.79;5285185.63;1431.16
9981;407988.97;5283480.26;1196.5
9984;408270.25;5284047.37;1515.47
42754;407736.1;5283609.32;1584.17
9987;407804.06;5283837.96;1501.17
9988;407600.44;5283099.31;1038.32
9989;408343.43;5283796.5;1488.48
9991;407779.82;5283648.71;1501.58
42760;407668.76;5283935.5;1381.14
10000;407946.6;5283593.48;1344.0
42771;408012.23;5283888.29;1517.95
10003;407726.25;5283651.97;1504.15
10006;407822.39;5283676.97;1485.73
42775;408340.05;5283798.25;1493.33
10008;407876.7;5284110.22;1335.98
42777;407313.89;5283072.7;1072.65
10010;407735.55;5283836.1;1505.34
42778;407602.14;5283786.38;1458.19
10012;407993.03;5283719.74;1413.52
42779;407593.85;5283911.85;1484.24
42780;407717.93;5283568.44;1347.73
10017;407979.41;5283784.88;1416.16
42786;407603.64;5283237.14;1430.0
10019;407535.75;5283292.14;1253.94
42789;408018.7;5284049.88;1514.86
10023;407990.68;5283478.0;1209.23
10025;407674.65;5283885.16;1388.64
42800;408210.38;5283858.11;1502.37
10035;407567.3;5283528.26;1479.55
42804;407493.5;5282906.16;973.8
42805;408800.4;5284996.7;1559.15
10038;407665.04;5283665.84;1481.42
10040;408193.6;5284030.9;1479.49
42810;407431.9;5282810.28;922.66
42811;407825.56;5283981.41;1464.97
42813;409170.31;5285583.9;1721.78
10046;409056.39;5285326.67;1510.04
42815;408002.14;5284064.63;1521.49
10048;407985.55;5283479.37;1212.68
10050;407338.68;5283071.3;1111.2
10052;407461.48;5283847.08;1417.02
10053;408395.44;5284736.21;1603.13
42826;408017.76;5284049.72;1507.05
42827;407906.53;5283782.41;1533.38
10060;407476.49;5283395.43;1432.71
42831;409106.68;5285496.65;1684.12
10065;407900.5;5283791.11;1531.61
42834;407832.81;5284000.28;1463.09
10069;408191.87;5284219.58;1518.0
10070;408324.31;5284556.44;1593.91
42839;407655.35;5283950.68;1436.17
10075;407877.19;5283660.37;1443.11
10076;407860.21;5284106.42;1336.33
42846;408148.08;5283633.22;949.53
42847;408177.59;5283923.11;1492.66
10080;408967.6;5285498.85;1771.73
42849;407549.48;5283785.81;1437.42
10082;407650.95;5283774.52;1469.65
10084;407651.51;5283910.74;1511.93
42852;407644.95;5283697.3;1440.07
42859;407927.44;5283798.27;1555.99
42860;407440.88;5283375.98;1445.65
10096;407807.43;5283990.14;1435.12
42865;407757.15;5283251.56;1532.54
42867;407781.74;5283688.69;1518.35
10103;407427.57;5282940.17;1020.96
10104;407260.49;5283175.24;1383.72
10105;408408.11;5284766.39;1517.92
42875;407786.79;5283570.3;1424.53
10110;408088.56;5283998.71;1480.02
42878;407275.58;5282995.08;1083.47
42881;408123.07;5284068.4;1510.04
42889;408581.76;5284582.94;1484.03
10124;408202.33;5284003.76;1496.23
42892;407914.49;5283868.83;1478.24
10126;408185.27;5283932.55;1497.38
42897;407726.49;5283788.48;1538.44
10130;408932.99;5285387.06;1615.32
42899;408825.38;5285377.94;1837.0
42900;407650.97;5283958.17;1264.2
42904;407634.34;5283564.96;1505.5
42905;407713.62;5283872.83;1402.08
42907;407542.1;5283313.14;1236.52
10143;407681.73;5283217.9;1487.59
42912;409169.56;5285587.95;1723.26
42913;407729.52;5283192.88;1523.37
10144;407583.95;5283144.32;1295.11
10150;409125.98;5285390.01;1442.76
42919;407820.88;5283509.13;1509.77
10152;408656.63;5284918.39;1592.87
42920;408786.93;5284743.99;1403.83
10153;407587.39;5283816.86;1321.16
10156;407331.4;5283102.6;1167.84
10157;407488.71;5283015.74;1031.82
10158;408356.94;5284586.88;1585.21
10160;407714.88;5283777.87;1480.49
10161;407311.54;5283070.11;1117.48
10163;407793.74;5283758.87;1508.87
42933;407809.76;5283558.27;1448.98
42934;408911.93;5285343.27;1440.39
10169;407711.02;5283512.5;1447.84
10170;407667.74;5283952.02;1458.85
10171;407862.69;5283674.2;1511.88
42939;407695.33;5283675.95;1504.23
42943;408262.05;5283805.59;1513.3
10176;407334.67;5282638.29;921.79
42945;408207.34;5283751.93;1434.82
10184;407270.54;5282912.38;1044.62
10185;407606.61;5283915.76;1402.55
10186;408208.64;5283781.98;1496.78
42957;408197.26;5284021.94;1481.72
10189;408369.22;5283843.9;1567.98
42958;407700.85;5283673.57;1503.36
10192;408080.02;5284014.72;1496.03
42959;407590.82;5283933.67;1481.47
42960;407650.39;5283896.1;1459.58
10194;407541.15;5283266.36;1280.12
10196;407933.63;5283892.06;1496.94
42962;407261.73;5282931.54;1085.34
10193;407537.03;5282993.26;987.5
42967;408229.28;5283871.53;1512.56
10199;407606.47;5283918.22;1398.75
10203;407655.05;5283971.89;1390.02
42973;408043.84;5284013.78;1529.75
42977;408302.68;5283825.9;1544.47
10210;407676.89;5283887.57;1495.63
42979;407736.49;5283677.66;1513.88
10217;408005.3;5283602.66;1359.09
42986;408618.83;5284775.1;1461.14
10218;407942.74;5283695.85;1381.94
10222;409104.54;5285443.56;1588.22
10225;407607.69;5283805.27;1502.53
10226;407824.74;5283511.26;1518.78
42996;408385.92;5284440.5;1479.33
10229;408804.26;5285213.63;1606.15
42998;407438.68;5282926.74;1017.33
43007;409075.58;5285438.15;1642.61
10241;407583.99;5283882.87;1425.5
43012;407629.84;5283153.87;1212.39
43014;407597.39;5283898.71;1483.22
43017;407661.05;5283935.07;1383.85
43019;407644.08;5283622.52;1460.91
43023;407711.09;5283842.7;1412.55
10256;408713.01;5285201.89;1616.61
10257;407849.01;5283864.15;1406.93
43027;408093.23;5284059.49;1508.69
43028;407577.92;5283974.65;1382.82
43035;407565.27;5283025.96;1013.45
43036;408104.64;5284034.62;1516.36
43037;408686.19;5285128.05;1643.83
43039;407764.78;5283320.14;1523.89
43046;408749.99;5285091.49;1578.11
10278;407581.7;5283890.67;1416.71
43048;407340.43;5282944.53;1079.07
43049;407815.72;5283765.44;1588.35
10285;408286.82;5284341.62;1492.19
10286;407835.67;5284056.3;1453.68
10288;407711.2;5283607.77;1427.91
43056;407202.24;5283189.76;1363.11
43058;407796.52;5283254.33;1550.24
43059;408179.65;5284221.15;1488.34
43062;407701.14;5283805.35;1504.94
43066;407578.32;5282880.37;914.86
10301;407663.42;5283853.03;1490.01
43069;407816.12;5284083.15;1452.52
10304;408247.9;5284307.33;1510.32
43074;407581.09;5283876.76;1436.59
43075;408005.22;5284094.93;1493.66
10308;409043.13;5285424.15;1622.85
43078;407198.57;5282823.12;1071.2
10311;408767.51;5285174.17;1606.26
43081;409148.86;5285361.01;1434.57
43082;408147.69;5283864.42;1486.62
10318;407592.36;5283798.91;1511.78
43088;408577.87;5284953.29;1586.45
43089;407673.71;5283767.64;1479.35
10325;407668.91;5283971.4;1455.63
10326;407766.34;5283506.97;1469.71
43095;407670.05;5283917.26;1378.49
43096;407609.53;5283896.98;1466.67
43097;408404.71;5284582.08;1579.61
43098;408535.31;5284847.65;1603.86
10330;407602.87;5283747.44;1521.63
10331;407976.28;5283517.93;1262.98
43102;407662.18;5283905.16;1490.04
10335;407447.17;5283380.64;1438.21
10341;408580.52;5284909.51;1589.04
10345;408241.95;5283922.65;1482.56
10346;408755.82;5284636.47;1477.31
43116;407998.72;5284032.45;1300.34
43117;408207.01;5284081.21;1496.81
43118;408676.6;5284955.52;1580.05
10352;407717.56;5283691.87;1508.96
43121;408584.15;5284942.89;1603.74
43122;408023.13;5284059.98;1513.54
10356;407938.08;5283359.43;932.24
10358;407378.52;5283176.16;1339.07
43128;407414.53;5283378.3;1455.29
43129;407462.81;5283360.01;1367.77
43131;408758.26;5285091.86;1582.96
43133;407729.17;5283831.81;1369.83
10367;407772.93;5283302.32;1488.48
43138;407439.89;5283218.87;1371.55
10373;407336.14;5282679.72;930.37
43142;407204.03;5283221.71;1363.65
43143;408118.18;5284050.25;1523.66
43144;408009.67;5284011.08;1469.67
43145;408347.74;5284545.08;1622.51
10378;408883.17;5285162.87;1420.67
10380;407694.03;5283667.47;1482.54
43150;407578.94;5283887.84;1464.22
43152;408202.38;5283899.63;1504.45
10384;407761.37;5283085.67;1266.71
43154;407486.51;5283329.25;1391.52
10385;407688.81;5282981.74;920.18
10389;407703.19;5283914.36;1319.73
43158;407649.01;5283978.16;1454.7
10391;407701.12;5283835.0;1527.02
10394;407928.16;5283818.08;1390.24
10398;407687.46;5283794.27;1495.21
43168;407590.6;5283884.42;1425.04
43169;408342.03;5283859.72;1589.56
10402;408271.08;5283819.85;1519.75
43170;407920.27;5283880.0;1483.16
10407;407746.01;5283126.44;979.62
43177;408094.48;5284012.7;1511.21
43178;408104.32;5284020.85;1489.06
43186;407764.86;5283827.68;1475.43
43188;407213.1;5283211.66;1403.89
43190;407762.03;5283640.06;1460.33
43191;408805.59;5285017.06;1562.86
10423;407825.51;5283693.51;1476.26
43193;408203.91;5284246.25;1501.39
43196;407347.47;5282942.3;1076.83
10430;408013.41;5284031.04;1508.13
43200;407174.7;5282861.86;1114.54
10433;408331.37;5283850.87;1584.19
10436;407450.43;5282812.66;918.76
10437;407651.21;5283932.96;1251.65
43206;408874.08;5285380.55;1824.78
10438;407707.25;5283038.65;1485.55
10441;407744.7;5283884.82;1466.67
43210;407380.99;5282970.96;1084.23
43214;408196.55;5284014.76;1491.79
43215;407730.37;5283778.18;1539.14
43216;408920.37;5285461.09;1617.58
43217;408488.15;5284517.33;1485.07
10448;407687.71;5283830.18;1544.75
10451;408882.45;5285440.3;1640.86
43218;407670.79;5283886.36;1410.61
43221;408648.47;5284988.25;1618.86
10447;407584.9;5283139.89;1285.78
10456;408723.41;5285018.93;1568.64
10459;408021.18;5284045.82;1520.98
43227;407760.19;5283941.73;1350.56
43229;407872.74;5283746.62;1503.53
10462;407779.35;5283341.97;1518.33
43231;408505.22;5284656.11;1419.65
10461;407263.3;5282661.02;996.23
43233;407659.78;5283191.8;1471.41
10466;408014.28;5284038.27;1510.97
43235;409133.24;5285551.82;1610.13
43234;407965.21;5283671.92;1401.1
10469;407676.0;5283928.57;1379.66
43238;407803.48;5283723.78;1547.85
10472;407621.84;5283993.39;1426.68
43242;407908.12;5283842.05;1379.65
10477;407857.24;5283515.49;1510.67
43248;407878.79;5283536.96;1320.55
43249;408407.45;5284584.65;1577.66
10481;408375.56;5283818.0;1480.4
43253;407662.77;5283783.38;1519.46
10485;407591.09;5283874.68;1432.33
43256;407569.18;5283498.38;1452.51
43257;408191.77;5283939.41;1497.23
43259;408331.92;5283843.54;1582.26
43260;408907.15;5285454.06;1620.49
10497;407778.2;5283374.92;1520.91
43266;407381.89;5283191.17;1282.56
43265;407302.67;5283181.71;1350.89
10500;407689.25;5283906.85;1413.44
10501;409000.1;5285455.46;1414.8
43270;409061.44;5285326.76;1519.55
10505;408725.58;5285009.55;1582.93
43277;407822.08;5283678.34;1495.32
10509;408025.7;5283501.62;1229.74
43281;408344.55;5284578.07;1617.54
10514;407986.5;5283706.34;1369.18
10521;407645.76;5283957.79;1464.0
43290;407817.05;5283684.77;1500.26
43293;407625.31;5283087.06;1023.35
43295;408832.91;5285358.5;1799.8
43297;408029.2;5283606.88;1334.64
10529;408228.23;5283738.02;1377.24
10530;407383.46;5282860.1;998.09
10534;408230.62;5283864.4;1464.7
10535;407192.76;5282880.53;1097.48
43304;407319.34;5282594.86;930.88
43305;407725.76;5283790.43;1542.63
10539;408262.69;5283803.02;1513.82
10540;408367.35;5283839.11;1545.69
43309;408168.22;5283862.63;1469.3
10542;407884.98;5283507.23;1276.04
10544;407697.45;5283918.61;1401.42
10545;407461.48;5283335.72;1399.06
43312;407576.39;5283906.88;1430.96
10547;408659.44;5285133.49;1610.63
10549;408226.65;5283926.02;1500.03
43317;407559.19;5283523.63;1503.11
43319;407685.58;5283748.13;1484.33
10551;407561.81;5283101.72;1026.97
10553;407825.47;5283745.96;1566.97
10554;407811.76;5283505.01;1512.16
43322;407340.98;5283071.68;1148.23
43324;407408.83;5282938.67;1046.34
43325;407643.72;5283955.72;1461.47
10558;407706.32;5283820.73;1517.68
43327;407649.45;5283696.16;1444.15
10556;407796.66;5284073.45;1437.15
43330;408259.98;5283801.31;1514.81
43332;408176.49;5283940.88;1486.02
43335;407564.37;5283479.98;1438.39
10568;407680.83;5283186.03;1489.78
10569;407586.85;5283909.47;1433.64
10573;407699.38;5283208.82;1502.38
43344;407401.79;5282845.63;974.24
43346;407590.58;5283875.23;1441.6
43348;407732.28;5283670.26;1510.39
10581;407207.3;5283212.27;1407.57
10584;407333.34;5283091.27;1133.84
10587;407737.94;5283583.96;1467.39
10588;408008.16;5284065.38;1518.53
43356;407313.32;5282935.91;1090.29
10593;408996.68;5285423.44;1668.15
43363;408194.98;5284082.25;1463.03
10600;407595.75;5283859.5;1383.49
43369;407740.83;5284017.35;1392.04
43370;407597.71;5283909.95;1386.57
10605;408650.06;5285156.03;1633.26
10606;407215.63;5282884.92;1079.6
10616;407723.86;5283858.65;1487.27
43386;407762.57;5283861.48;1558.27
43387;407670.17;5283926.15;1362.34
43390;408186.74;5284204.63;1505.51
10623;407831.55;5283652.77;1484.3
10624;408177.52;5283889.79;1493.05
43393;408979.66;5285431.11;1686.71
43394;409022.71;5285409.21;1638.46
10625;408239.55;5283923.93;1483.83
10628;407273.62;5282931.86;1094.39
43397;407849.79;5283499.06;1504.0
10629;407687.02;5283911.3;1494.26
43399;407721.49;5283635.41;1488.39
10633;407918.79;5283731.44;1468.51
10634;407708.16;5283808.39;1536.96
10635;408110.06;5284053.91;1518.41
43402;407651.93;5283934.5;1250.81
43405;407631.88;5283851.1;1506.94
10641;407744.84;5283788.66;1544.98
10643;407774.25;5283844.68;1489.2
43412;407943.47;5283855.85;1528.41
43413;407240.94;5282870.37;1155.83
43414;407681.61;5283141.07;1238.06
43417;407312.55;5283066.83;1066.03
10650;409088.9;5285446.42;1590.56
43420;407739.22;5283650.57;1512.59
43421;408772.31;5284996.4;1461.49
43422;407981.76;5283493.06;1219.64
43423;407948.33;5283751.65;1382.11
43425;407434.72;5282805.99;918.8
10658;408100.06;5284056.52;1513.33
43427;407614.49;5283839.87;1501.54
10667;407670.12;5283868.4;1499.11
10668;409063.03;5285432.38;1553.26
43437;408047.42;5283934.61;1531.08
10670;407706.93;5283921.15;1513.31
10669;407705.81;5283987.7;1362.0
43441;407683.48;5283509.39;1428.47
43443;409109.57;5285312.14;1557.75
10676;407936.15;5283676.03;1412.58
43444;407210.38;5283251.89;1450.98
10680;407586.57;5283905.06;1426.88
43448;408257.89;5283749.75;953.56
43450;407654.97;5283835.63;1484.44
43452;407651.76;5283895.61;1459.86
43454;408688.11;5284853.67;1457.02
43456;409062.28;5285430.98;1551.18
10688;408063.67;5283960.38;1545.04
43459;407599.71;5283699.36;1543.42
10694;407839.32;5284027.99;1464.9
43462;407208.09;5282828.77;1060.24
43464;409019.63;5285485.92;1626.7
10697;409101.97;5285302.91;1548.2
10698;407691.17;5283887.75;1427.15
43468;407674.81;5283817.42;1517.73
10700;407627.11;5283566.33;1503.35
43470;407917.93;5283878.24;1475.31
10703;407598.99;5283890.54;1430.5
43472;408684.33;5285133.16;1637.67
10705;407413.57;5283390.24;1466.35
10708;407735.06;5283879.97;1466.88
43477;407599.41;5283847.95;1454.76
43481;407728.56;5283780.37;1570.46
43482;407645.0;5283901.28;1521.32
10715;407603.98;5283741.82;1519.43
43484;408918.53;5285180.31;1432.04
10717;407725.49;5283859.35;1537.25
10713;407582.09;5283894.7;1419.22
43490;407640.19;5283802.47;1518.72
10727;407430.97;5282850.59;952.33
10734;407790.1;5283831.74;1374.12
10735;407628.55;5284004.05;1428.48
43506;408400.48;5284753.15;1625.55
43513;407719.45;5283136.92;1158.89
43515;408288.63;5284345.46;1491.75
43516;407668.61;5283648.77;1473.68
10750;408315.02;5283816.52;1501.55
43521;407927.86;5283609.12;1362.77
10754;407900.61;5283739.58;1480.62
10755;408510.28;5284746.54;1584.43
10753;407444.97;5282967.57;1041.48
10757;407828.34;5283747.24;1565.97
43525;407677.22;5283859.97;1447.45
10758;407821.11;5284080.61;1449.79
10761;408159.49;5283843.42;1504.83
43532;407642.8;5283561.84;1509.58
10764;407743.89;5283623.25;1525.87
43535;409016.03;5285400.82;1634.11
43538;408120.05;5283851.83;1482.27
43540;407656.19;5283900.04;1391.0
43541;408916.45;5285422.73;1787.74
10774;407459.33;5283350.07;1369.71
10775;407750.57;5284017.79;1400.7
43546;407605.61;5283807.04;1509.09
43548;407519.89;5282969.74;981.07
10781;408161.24;5283930.71;1489.07
43553;407877.03;5283352.43;953.83
43554;407325.27;5283023.03;1118.3
10787;407690.07;5283125.05;1156.43
10788;408253.22;5283776.77;1489.95
43557;408174.55;5284064.27;1485.71
10789;407685.9;5283861.87;1406.56
43560;407730.44;5283034.86;947.23
10796;407764.57;5283838.89;1481.95
10798;407714.81;5283666.89;1507.34
43566;407427.67;5282947.7;1042.24
43568;407856.72;5283673.49;1454.71
10808;407675.68;5283942.54;1335.48
43577;407184.28;5282800.41;1028.27
43578;408500.62;5284742.43;1608.53
43580;408117.29;5283664.7;1312.66
10813;407675.37;5283840.96;1503.45
10814;408328.85;5283810.01;1490.36
10821;408327.75;5283846.22;1583.18
10822;407555.69;5283127.92;1223.24
43592;408121.97;5283667.82;1312.21
10828;408088.16;5283981.87;1465.5
43596;408009.58;5283587.02;1332.77
43598;408212.47;5284242.12;1458.37
43599;408226.63;5284263.04;1502.69
43602;407555.36;5283896.39;1418.16
43604;407711.45;5283536.01;1512.89
10837;407820.03;5283685.28;1499.22
10840;407598.75;5283778.69;1495.53
43610;407635.36;5283156.47;1222.9
43613;408190.66;5284019.1;1480.39
10847;407981.7;5283672.17;1410.25
43616;407718.9;5283196.12;1515.53
10848;407642.36;5283953.48;1348.11
10850;407739.23;5283852.32;1540.63
43619;407782.43;5283388.13;1511.6
10852;408347.61;5283863.94;1590.53
10854;408193.0;5284022.75;1483.42
10855;408873.77;5285017.44;1512.8
10856;407881.53;5283773.16;1611.77
10857;407728.64;5283765.83;1483.13
43625;407552.81;5283522.86;1492.01
43626;407407.09;5283206.65;1362.21
10860;407649.91;5283931.97;1281.63
43623;407266.9;5282701.46;1020.57
43631;408230.61;5284087.46;1502.16
10865;408999.59;5285454.43;1412.55
10866;408202.89;5284056.75;1479.01
43633;407709.41;5283692.69;1512.23
43636;407750.38;5283736.35;1496.68
43637;407691.43;5283837.27;1544.14
43638;408463.3;5284682.62;1626.29
43639;408274.17;5284373.94;1500.18
10867;407608.68;5283789.9;1507.75
10873;407774.8;5283649.06;1497.36
43640;407381.51;5283206.28;1327.5
43643;407700.72;5283677.17;1454.02
43645;407251.03;5283169.62;1391.13
10882;409070.43;5285482.37;1593.95
10889;407663.04;5283780.0;1478.66
43659;408272.69;5283819.46;1566.85
10891;407313.0;5283166.74;1320.48
10893;408225.74;5284009.09;1504.6
10892;407459.75;5282983.08;1035.49
43668;407876.51;5284121.44;1317.57
43669;407914.15;5284176.83;1266.19
10902;407764.17;5283506.58;1468.54
43672;408727.6;5285104.92;1576.67
10905;407633.94;5283927.22;1500.2
43678;407557.78;5283527.54;1478.42
43680;407172.21;5282802.98;1053.36
43684;407730.31;5283587.32;1320.94
10917;407701.77;5283822.03;1503.94
10918;408330.53;5284564.11;1609.33
10919;407671.22;5283840.92;1503.99
10920;408299.65;5284399.53;1475.08
43689;409119.49;5285408.98;1597.34
10922;409144.68;5285365.45;1586.47
43692;408413.64;5284750.41;1598.53
10927;408407.69;5284594.99;1670.03
43695;407824.01;5283837.19;1418.94
43699;407250.26;5283179.92;1370.45
43702;407617.91;5283869.78;1382.44
10935;407800.21;5283553.83;1464.01
10934;407627.97;5283213.32;1450.97
43710;407446.78;5283368.46;1432.24
43712;407334.48;5282656.56;920.76
10950;407629.46;5283909.25;1506.07
43719;407853.11;5283668.14;1457.08
10952;407358.38;5282951.96;1043.91
43721;407954.95;5283672.35;1404.29
10956;407576.98;5283887.8;1363.11
10958;407373.72;5283171.56;1336.0
43729;408521.76;5284555.06;1496.29
10961;407716.56;5283217.08;1507.52
43732;407686.44;5283523.31;1435.56
43734;408058.75;5283977.08;1534.88
10967;408159.14;5283913.86;1499.79
10968;408900.18;5285140.38;1412.67
10969;408740.1;5284679.55;1469.52
10970;409172.32;5285586.38;1724.11
43737;408183.13;5284209.07;1504.67
43740;408213.51;5283910.89;1507.99
10972;407627.09;5283844.19;1503.3
10974;407879.03;5283513.9;1294.27
10973;407251.7;5282880.84;1143.01
10976;407592.39;5283065.96;1311.92
43746;408212.29;5283763.95;1501.28
10978;407574.31;5282892.41;932.43
10980;408742.75;5285125.02;1597.35
43748;407526.31;5283458.99;1447.8
43749;407610.03;5283784.19;1501.76
43755;409135.05;5285343.93;1594.75
10987;407854.31;5283744.19;1491.3
43761;407369.43;5283046.82;1078.45
43765;407603.09;5283946.47;1477.23
10998;407525.9;5282879.73;1032.38
10999;407576.78;5283756.33;1440.63
43768;408193.66;5284060.17;1500.93
11000;408041.91;5283445.36;922.7
43770;408363.08;5283825.24;1517.07
11004;407795.98;5283400.74;1516.49
43773;407604.8;5283863.88;1449.66
43775;407742.93;5283615.62;1523.65
11007;407661.47;5283573.15;1517.66
11012;408795.13;5285242.18;1607.31
43785;407600.29;5283557.56;1492.46
11019;407393.74;5283392.65;1472.95
43788;407729.85;5283870.71;1471.08
11021;407660.61;5283977.45;1386.3
43792;408067.27;5284014.75;1498.4
11024;407670.59;5283962.26;1452.89
43793;407279.84;5283013.46;1098.09
43795;407833.09;5283698.99;1477.36
11026;407864.62;5284068.15;1481.07
43801;407779.34;5283341.98;1516.41
43804;408177.64;5283978.21;1484.43
43805;408163.12;5284120.25;1525.61
11037;407694.37;5283798.52;1517.88
11042;407815.23;5283758.36;1505.82
11043;407494.16;5283310.57;1386.53
43812;409120.37;5285362.72;1578.33
11045;408382.56;5284531.07;1622.01
11046;408582.08;5284942.1;1582.76
11044;407600.08;5283972.0;1351.74
11048;407653.64;5283565.24;1517.79
43813;407307.06;5282955.9;1080.52
11051;408183.34;5283756.53;1485.42
11055;407629.82;5283854.49;1378.4
11057;407650.3;5283869.41;1517.97
11061;408222.15;5284009.69;1500.29
43830;407740.97;5283772.47;1542.67
43829;407651.05;5283881.03;1513.92
11065;407822.37;5283533.19;1485.17
43834;407365.77;5283168.66;1335.72
11067;407642.33;5283975.73;1456.78
43838;407714.7;5283208.52;1512.12
11070;407220.34;5283266.06;1453.57
11075;407857.19;5283770.46;1601.19
11076;408199.46;5283863.5;1472.45
11078;407713.3;5283907.22;1512.92
43847;407747.4;5283103.43;1536.24
43850;408269.27;5284343.74;1520.09
11084;407676.99;5283885.69;1492.73
11086;408082.15;5283993.29;1477.37
43855;407653.68;5283624.15;1477.76
11088;408921.73;5285376.25;1528.61
43857;408868.87;5285350.2;1807.26
43856;409107.16;5285505.56;1683.13
11093;408219.4;5283952.56;1506.88
43862;407787.28;5283750.04;1508.26
11094;407348.55;5283179.35;1173.44
43864;407367.69;5282946.88;1070.29
43866;408320.4;5284557.83;1589.77
11099;407853.91;5283663.36;1502.25
11100;407250.64;5283175.63;1388.07
43869;407713.59;5283041.08;1498.42
11102;407726.42;5283643.86;1401.88
11098;408243.83;5283707.88;930.61
11105;407700.22;5283794.86;1517.88
11107;407750.53;5283942.31;1350.39
11111;408172.3;5283906.76;1489.12
43884;408340.08;5283800.66;1481.7
43885;408241.92;5283774.69;1489.51
11116;407610.63;5283915.45;1410.78
11123;408164.73;5284078.77;1511.39
11127;408160.24;5283896.91;1485.59
11128;408009.14;5284018.4;1446.65
43898;407544.63;5283126.84;1223.84
11133;407612.7;5283876.87;1352.3
11139;408771.62;5285184.43;1606.24
11141;407700.27;5283629.15;1507.84
43911;408045.01;5283922.34;1527.27
11145;407572.14;5283958.3;1400.18
11151;408892.55;5285364.98;1620.34
11153;407599.93;5283732.98;1518.64
43923;407857.41;5284117.41;1325.19
11159;407966.22;5283870.65;1523.23
43930;407674.55;5283570.39;1519.28
11164;407834.54;5283988.01;1493.66
43935;407650.21;5283830.71;1446.01
11168;408312.59;5284465.06;1479.33
43936;408331.08;5283849.76;1577.87
11171;407586.19;5283824.46;1330.78
11172;407548.83;5283533.53;1498.81
11173;407300.36;5282632.16;957.76
43943;407972.05;5283599.68;1344.19
43944;407694.22;5283628.31;1449.28
11179;407895.29;5284111.03;1332.09
11181;408441.42;5284640.96;1595.87
43950;408223.91;5283795.52;1507.6
11183;408191.3;5284214.27;1510.54
43951;408258.02;5283993.22;1503.09
43953;407210.53;5283207.13;1339.46
43956;408291.65;5284433.7;1496.97
11190;408205.83;5284034.25;1485.61
11191;408985.0;5285446.18;1619.91
43962;407890.85;5283266.85;931.44
43965;408222.65;5283857.96;1512.98
11200;407542.68;5283126.33;1221.73
43971;407618.2;5283863.22;1460.16
11206;407331.32;5283159.75;1317.25
11207;408050.81;5284011.25;1533.8
43975;407244.29;5282881.08;1122.38
43977;407293.98;5283027.95;1119.41
43980;407352.07;5283044.61;1136.82
43981;408115.62;5283965.04;1573.9
43982;407697.18;5283866.64;1537.72
11215;407828.28;5283679.67;1490.38
11214;407865.14;5283877.76;1391.31
43985;408080.5;5284002.71;1488.9
11218;407329.21;5283054.27;1118.91
11216;407633.5;5283122.07;1028.67
11221;407778.76;5283857.31;1326.57
43990;407700.09;5283646.84;1460.54
43992;407598.22;5283785.49;1510.68
11226;407536.93;5282996.73;989.29
43997;407810.13;5283468.09;1515.54
43998;407906.8;5283779.3;1539.22
11237;407821.04;5283698.01;1500.53
44006;407743.57;5284002.97;1379.42
11239;407522.6;5282851.53;915.49
11240;407784.25;5283860.41;1485.32
11241;408816.12;5284994.91;1488.84
11245;408770.79;5284732.64;1412.25
44013;407659.98;5283775.83;1539.71
11247;407628.7;5283791.91;1512.54
44014;407620.18;5283937.94;1465.55
11250;408200.22;5283998.56;1495.24
44018;407462.21;5283288.05;1375.44
44020;407659.23;5283898.3;1391.25
44022;408559.49;5284875.97;1604.09
44028;407611.61;5283718.03;1535.06
11263;407671.13;5283819.99;1506.7
11265;408168.66;5284114.21;1518.74
44033;407494.17;5283035.16;1036.57
44035;408418.0;5284645.6;1568.84
11267;408232.21;5283807.04;1486.8
11268;407792.61;5283826.04;1458.01
11270;407609.2;5283811.28;1456.64
11269;407651.03;5283569.42;1508.33
11272;407883.42;5283758.96;1506.04
44041;407960.21;5283876.15;1511.78
44042;407635.11;5283591.47;1465.93
44043;408010.57;5284095.69;1499.12
44045;408191.35;5283899.07;1500.26
44052;408884.54;5285345.47;1448.27
11284;407369.05;5283164.26;1329.39
11287;407427.72;5282815.83;930.3
44056;408151.06;5283916.69;1506.82
11288;407705.6;5283527.38;1443.64
44057;407679.58;5283962.45;1481.16
44059;408521.17;5284661.62;1431.23
11292;407739.55;5283898.15;1419.18
44061;408006.59;5283462.95;1167.0
11294;408403.06;5284746.17;1621.33
11295;407360.52;5283060.87;1099.78
44068;408411.22;5284599.26;1670.39
11301;408086.48;5284003.42;1505.87
11303;407606.85;5283882.76;1451.19
11304;407698.74;5283635.97;1484.81
11305;408090.18;5284010.84;1507.59
11308;407716.58;5283978.82;1399.4
44076;407636.64;5283918.67;1290.42
11312;407613.48;5283865.45;1348.4
44088;407707.94;5283698.21;1455.52
11321;407815.91;5283689.18;1501.9
44089;407680.27;5283890.51;1405.03
11325;408209.97;5283769.57;1499.24
44094;408609.7;5284777.75;1464.48
11329;407776.6;5284018.1;1351.66
11330;407726.31;5283882.76;1428.11
44098;407877.58;5283862.48;1362.05
11332;408583.92;5284877.59;1603.93
11339;407698.3;5283901.92;1414.45
44109;408464.73;5284840.74;1643.53
44110;407226.01;5283182.94;1284.46
11342;407353.96;5282959.99;1046.38
11344;408536.04;5284660.57;1445.13
11345;408073.64;5284100.96;1546.41
44113;407217.74;5283182.22;1354.23
11347;408101.4;5283996.11;1512.14
11358;408200.59;5284075.25;1477.3
11359;407677.6;5283881.18;1407.47
11364;407697.05;5283792.32;1515.7
44134;407223.31;5283190.61;1387.94
11367;407757.61;5283675.95;1524.22
11368;407805.92;5283656.62;1484.09
11369;407694.01;5283754.93;1480.3
44136;407607.88;5283876.02;1447.17
11371;408424.07;5284645.43;1619.76
44135;407645.09;5283898.37;1353.47
11374;407868.46;5283501.57;1300.18
44143;407753.31;5283266.32;1526.26
44144;407620.66;5283563.68;1500.95
44146;407728.99;5283804.59;1534.48
44147;407668.72;5283826.34;1505.76
44148;407634.0;5283825.25;1436.57
44150;407600.25;5283744.46;1511.68
11383;408008.06;5284032.94;1497.58
44153;407809.44;5283583.87;1464.92
11385;407860.01;5284049.0;1481.77
44156;408012.04;5283615.04;1369.16
44161;407907.98;5284162.29;1276.12
44163;407736.7;5283843.95;1503.19
11396;408373.57;5284526.48;1653.81
11401;407625.39;5283991.28;1428.35
11402;408814.11;5284968.29;1466.72
44171;407655.81;5283816.57;1475.74
44173;409121.8;5285326.03;1574.97
44174;407676.03;5283953.07;1480.04
44175;408846.8;5285319.71;1779.37
11406;407630.07;5283176.62;1258.55
11409;407186.79;5282844.37;1095.97
44182;409066.49;5285287.6;1514.49
11415;408175.41;5284081.2;1492.07
11417;407608.1;5283158.03;1302.54
11418;407706.78;5283689.92;1457.46
44188;407334.12;5283160.88;1166.04
11421;407279.46;5282945.79;1083.61
44190;407781.07;5283341.49;1523.79
11423;408190.49;5283929.54;1499.11
44194;407783.72;5283270.13;1544.08
11427;407672.31;5283716.64;1473.82
44201;407725.3;5283756.65;1490.13
11433;407655.65;5283929.54;1378.7
44205;407627.07;5283153.46;1233.72
11438;408099.4;5283991.29;1516.45
44206;408082.98;5283985.1;1503.16
11440;407217.09;5283249.6;1444.89
11441;407791.9;5283790.69;1517.04
44210;408531.65;5284658.18;1442.28
11443;409079.08;5285409.67;1601.43
11444;407605.52;5283565.01;1495.25
44213;408187.47;5283756.4;1482.42
44212;407730.63;5283027.19;1546.63
11442;407230.3;5282865.56;1142.35
11449;407740.66;5283905.98;1337.1
11450;407647.59;5283585.12;1523.36
44219;407687.96;5283873.39;1507.97
44218;407728.06;5283585.11;1321.13
11452;407435.03;5282814.64;924.7
11457;407583.83;5283888.2;1468.46
44229;407935.3;5283757.83;1491.32
44230;408742.02;5285119.57;1590.22
44233;408666.02;5284958.92;1598.48
44235;407669.96;5283151.16;1235.07
44236;408057.5;5283951.35;1540.16
44239;409003.57;5285479.74;1652.02
11474;407828.84;5283700.77;1515.07
44242;407452.19;5282993.56;1051.55
44244;408123.9;5283873.88;1473.58
44247;408248.69;5283722.64;932.79
11481;407637.56;5282952.15;910.72
44250;407379.98;5283021.1;1120.98
44251;407646.8;5283886.18;1410.09
44252;407576.17;5283910.71;1422.08
11486;408210.23;5283713.04;985.53
44255;407538.64;5283764.11;1274.42
44256;408361.92;5284568.14;1613.98
44257;407568.91;5283750.39;1431.73
11488;407627.07;5283164.72;1231.32
44262;407396.83;5283217.2;1356.2
11495;407623.97;5283905.97;1475.24
44264;407574.95;5283903.09;1421.46
11497;408174.38;5283925.41;1486.29
11494;407673.66;5283930.84;1378.9
44267;408163.24;5284106.76;1451.54
44268;407752.21;5283250.08;1526.84
11500;407645.95;5283477.31;1424.99
11502;407687.6;5283679.57;1512.22
11503;407558.82;5283812.66;1448.31
11501;407810.13;5284047.17;1438.45
11506;407696.79;5283705.18;1459.89
44275;408350.13;5283865.37;1591.8
44277;407566.35;5283953.08;1402.57
11511;408171.0;5284116.2;1512.03
44280;407418.08;5282887.3;980.52
11513;408109.31;5284000.27;1517.69
11514;409092.57;5285475.65;1629.61
11515;407540.76;5283058.46;1055.59
11516;407698.44;5283906.25;1385.75
44286;408462.8;5284826.78;1643.14
11520;407175.59;5282886.58;1112.81
11522;408131.74;5283869.44;1480.81
44291;407610.0;5283575.2;1508.64
44293;408034.29;5283925.99;1513.69
11532;407897.06;5283741.81;1483.37
44301;408039.28;5283938.76;1506.85
11533;407602.0;5283545.94;1472.93
8806;407197.34;5282816.0;1035.57
11539;408356.7;5284614.01;1636.16
44312;407461.8;5283360.79;1385.12
44313;408326.49;5283857.1;1577.73
11546;407609.67;5283846.64;1437.3
44315;407710.46;5283623.19;1448.16
11547;407564.27;5283789.42;1308.38
11549;408973.9;5285498.27;1775.29
44318;407778.38;5283664.97;1508.59
11552;407703.88;5283514.45;1441.44
11554;407783.55;5283492.94;1483.36
44323;407650.99;5283821.91;1507.48
44324;407847.84;5283865.7;1390.07
44326;407714.73;5283658.51;1421.93
11558;407740.11;5283882.34;1465.83
44329;407731.6;5283208.39;1508.88
44330;408402.17;5284594.36;1603.46
11562;407342.84;5283077.44;1152.25
11564;407828.87;5284001.72;1458.26
44331;407181.38;5282879.93;1112.81
44334;409141.81;5285568.84;1615.04
11566;407604.69;5283895.07;1415.05
11568;407495.16;5283304.08;1377.41
44337;407704.87;5283523.65;1444.95
44340;407800.41;5283350.69;1523.02
11573;408160.67;5283855.66;1496.15
11572;407636.19;5283861.9;1471.15
11575;408636.75;5284922.52;1606.92
44346;407551.31;5283890.19;1415.32
11578;407412.48;5283002.2;1081.57
11583;407603.7;5283897.59;1408.63
44353;407446.08;5283362.8;1393.5
11588;408493.79;5284726.26;1605.88
11589;408171.58;5283924.61;1482.72
11590;407563.82;5283891.38;1430.78
11591;407591.47;5283937.81;1481.14
44356;407823.01;5284089.58;1452.52
44361;408547.73;5284862.59;1603.99
44362;407591.19;5283547.01;1478.52
44366;407398.97;5282940.97;1053.39
44368;408733.55;5285180.99;1606.6
11601;407640.0;5283853.39;1408.05
44371;407578.28;5283890.36;1362.15
11608;407713.03;5283119.38;1506.9
11610;408338.75;5284562.63;1612.32
44378;408269.04;5283805.86;1515.12
44381;407469.82;5283369.27;1422.46
44382;407659.98;5283827.1;1460.65
44384;408992.36;5285449.16;1659.42
11616;407747.96;5283777.63;1542.35
44386;407718.32;5283865.59;1534.3
11618;407937.91;5283530.54;1289.21
11620;408184.83;5283748.93;1489.48
44389;407969.24;5283755.5;1396.42
11622;408861.63;5285396.79;1624.86
11619;407664.57;5283888.99;1379.56
44387;407642.4;5283170.34;1254.58
11621;407639.52;5283150.65;1042.99
44396;407575.5;5283382.39;1403.09
11629;407536.98;5283924.25;1406.76
44403;409106.56;5285305.81;1553.64
11636;407986.38;5283573.84;1348.7
44405;407788.43;5283827.77;1497.36
11635;407408.04;5282967.26;1063.3
11639;407901.92;5283889.23;1471.43
11640;408523.45;5284736.23;1586.79
44410;407811.3;5283749.63;1502.81
11642;407782.46;5283815.09;1495.94
11643;407577.72;5283978.53;1385.54
44414;407527.17;5283046.31;1034.41
11647;407628.97;5283972.24;1381.69
11649;407826.8;5283518.48;1469.73
11651;407597.56;5283872.56;1416.0
11652;408401.63;5284569.38;1635.0
11659;407722.31;5283145.95;1148.6
11660;407592.0;5283869.58;1440.86
44430;407589.47;5283886.41;1486.2
44431;407610.02;5283895.01;1467.82
11665;409009.02;5285410.63;1652.64
44433;407237.21;5282873.23;1137.76
11667;407599.54;5283853.56;1453.41
11668;408281.68;5283795.85;1494.84
11669;407796.7;5284067.82;1439.69
11677;407677.27;5283933.64;1374.17
44452;407677.81;5283886.04;1391.12
11686;408617.35;5284779.65;1460.8
44456;408734.14;5284679.76;1486.83
44457;407669.53;5283822.51;1505.63
44458;407733.11;5283596.18;1517.22
44459;407692.05;5283902.65;1413.2
11691;407819.86;5284074.23;1443.37
11694;408629.59;5284652.2;1472.96
44465;408337.05;5284568.54;1609.11
11698;409076.05;5285546.82;1665.47
11697;407755.88;5283108.59;956.61
44472;407738.66;5283609.72;1537.73
11705;409001.34;5285414.92;1605.8
11704;407454.0;5283339.61;1359.12
44473;407744.33;5283960.07;1353.33
11708;407990.34;5283442.15;1129.49
44479;407818.4;5283661.37;1424.94
44483;407642.22;5283804.43;1469.77
44485;407892.75;5283576.34;1336.23
44487;408241.88;5283943.66;1494.03
11724;408875.89;5285380.55;1837.58
44492;407675.39;5283867.53;1422.8
44494;408694.26;5285148.25;1628.38
11728;408723.51;5285020.46;1569.52
44504;409019.91;5285400.99;1629.74
44505;408723.96;5284927.38;1475.13
44507;408142.57;5283840.48;1514.67
11740;408224.49;5283830.85;1531.4
11739;407358.09;5283165.06;1330.3
44508;407298.36;5283015.28;1106.6
11742;407448.67;5282972.53;1041.23
11744;408032.2;5284054.61;1516.51
44509;407679.78;5283014.51;939.77
11746;407293.99;5283000.34;1092.93
44515;408145.03;5283957.9;1505.41
11747;407593.33;5283550.17;1479.54
44517;408534.98;5284550.94;1491.53
44520;408682.15;5284801.34;1436.77
44521;408255.78;5283772.43;1483.17
11753;407377.32;5282947.12;1062.98
44525;408704.33;5284859.32;1438.77
44527;407670.53;5283912.83;1384.46
44528;407767.44;5283831.84;1472.06
11761;407684.29;5283136.05;1233.78
44538;407688.36;5283778.74;1547.53
11770;407295.22;5283157.94;1319.57
44540;408412.86;5284644.05;1584.41
11773;408182.89;5283937.58;1491.22
44548;408894.77;5285367.12;1626.97
11780;408905.29;5285355.9;1458.18
44552;409098.14;5285438.65;1580.5
11785;407740.25;5283825.67;1531.7
11787;407742.6;5283818.42;1493.89
11788;407646.19;5283856.45;1474.74
44557;407156.89;5282860.42;1126.69
11790;408102.61;5284003.7;1512.92
11791;407733.61;5283637.16;1498.64
44559;407848.21;5284068.02;1462.92
11795;407614.83;5283728.3;1534.28
11796;407523.68;5282982.63;988.38
11798;408216.95;5283866.38;1485.99
44566;408180.52;5284198.29;1508.28
44569;407705.03;5283823.72;1521.59
11804;408855.97;5285199.88;1430.97
11805;408188.45;5284086.22;1497.29
11806;407413.82;5283381.46;1461.54
11807;408700.5;5285022.4;1590.45
44577;407644.19;5283916.97;1466.92
44580;408711.69;5284655.81;1494.26
44581;408645.56;5284986.05;1618.22
44582;408095.63;5284036.28;1504.7
11812;408171.43;5283927.99;1485.09
44583;408122.49;5283844.24;1475.68
11814;407715.61;5283764.8;1499.65
11816;407329.8;5283117.15;1143.73
11813;407878.11;5283314.18;940.55
11823;407703.42;5283834.67;1527.08
44592;407141.6;5283221.52;1479.45
11830;407438.74;5283321.74;1354.28
44599;408383.46;5284595.61;1607.18
11832;408093.1;5284024.64;1498.2
11833;407429.68;5282779.88;949.11
44602;407471.41;5282841.87;927.3
11835;408193.07;5284255.74;1514.04
11836;407213.89;5282808.94;1050.62
11837;407681.37;5283799.8;1523.71
44605;407727.7;5283065.3;1527.84
11841;408774.2;5285181.81;1606.61
44609;407590.58;5283875.23;1477.92
44614;408226.13;5283737.34;1377.13
44617;407749.97;5283122.42;978.31
11853;407577.19;5283146.36;1253.48
44621;407519.38;5282861.06;927.56
11855;407379.47;5282916.33;981.07
44625;408329.25;5283849.47;1550.26
11859;407771.62;5283301.59;1490.09
11861;408005.54;5283463.76;1171.09
44631;407459.27;5282916.86;1001.38
11864;408326.35;5284478.24;1485.22
11865;408583.97;5284883.63;1601.21
44637;407323.04;5283178.9;1338.58
11869;407553.41;5283150.45;1265.89
44639;408249.51;5283772.87;1484.28
44640;407832.93;5283695.11;1503.49
11876;407839.48;5283543.46;1485.6
44645;407811.25;5283530.38;1473.53
44646;408187.36;5284107.61;1504.32
11878;407950.66;5283872.06;1530.15
44648;408696.69;5284843.8;1439.61
11877;407793.83;5283484.91;1487.07
11881;407587.96;5283791.44;1510.25
44650;407700.49;5283906.8;1386.66
11884;408509.59;5284745.16;1596.5
11880;407521.61;5283311.61;1249.79
11887;407721.69;5283860.73;1487.72
11890;407619.26;5283808.03;1503.66
44664;408263.89;5284017.46;1507.67
11898;407633.32;5283552.02;1503.43
11903;407356.59;5283172.05;1170.37
44672;408183.78;5283947.78;1490.93
11910;408403.02;5284647.17;1595.56
44678;407592.91;5283249.52;1424.13
11915;407897.64;5283593.5;1328.74
44684;408696.46;5285118.6;1604.98
44685;408526.53;5284827.37;1601.81
11917;407168.57;5283240.89;1453.53
11919;407809.5;5284063.44;1436.69
44688;408106.81;5283697.89;1338.11
11922;407817.07;5283712.95;1555.61
44691;408412.84;5284755.25;1629.34
44693;408184.1;5283950.08;1452.86
44694;407640.26;5283941.27;1384.01
11930;407301.33;5283172.79;1344.51
11931;408794.94;5285265.2;1651.31
11932;408798.53;5285231.94;1600.88
44700;408827.89;5285271.79;1588.42
11933;407544.06;5283129.82;1228.35
11937;407639.22;5283849.71;1470.17
44705;407610.6;5283552.51;1501.72
11941;407980.41;5283503.09;1239.43
11943;408367.77;5284634.17;1617.54
44713;407671.65;5283944.11;1462.47
44714;408181.21;5283743.76;1489.61
44716;407480.88;5283022.6;1038.7
44717;407666.57;5283667.37;1481.04
44723;407406.55;5282851.84;975.04
11956;407964.65;5283694.03;1399.94
11957;407742.16;5283880.65;1536.62
11958;407184.76;5282796.97;1023.02
44729;407373.67;5283169.68;1282.57
44730;407815.51;5283663.26;1475.17
11970;407725.2;5283861.95;1486.08
44740;407419.35;5282981.6;1067.19
44744;407461.5;5283285.05;1371.5
11977;407372.03;5283175.7;1341.36
44746;407635.96;5283887.72;1354.4
44750;408086.18;5283971.53;1547.78
11984;407585.63;5282973.15;1376.81
11985;407590.0;5282952.36;956.55
44756;407654.52;5283921.67;1515.45
44757;407981.68;5283487.06;1215.8
11990;407343.77;5283161.4;1316.91
11991;409060.54;5285466.4;1509.41
11993;408350.47;5283837.34;1586.22
44762;408065.46;5284047.26;1534.06
11994;407717.5;5283027.56;1530.17
11998;408228.72;5283741.58;1378.21
12001;407396.2;5283199.46;1268.08
44773;407633.0;5284008.56;1414.82
12007;407678.77;5283221.68;1485.35
44776;407782.86;5283851.85;1502.4
44775;407567.04;5283272.32;1405.67
12010;407928.31;5283683.92;1426.6
12011;408864.86;5285337.27;1806.22
44780;407598.79;5283791.71;1492.85
44782;408221.65;5284257.55;1488.14
12016;407549.17;5283524.71;1483.97
44785;408086.01;5283998.33;1477.81
44784;407577.4;5283753.84;1457.26
12019;407697.49;5283728.87;1459.6
12020;407908.07;5283847.5;1541.92
44792;408502.93;5284761.37;1599.47
44793;407253.63;5282824.63;1110.91
44794;408180.43;5283945.03;1507.0
12027;408114.17;5284044.1;1522.17
12029;407931.17;5283677.09;1416.85
44799;408415.29;5284593.21;1537.26
44800;409155.63;5285322.42;1602.21
12031;408081.0;5284077.35;1549.61
44801;407839.24;5284064.77;1456.88
44803;407665.07;5283762.9;1520.25
44804;407534.36;5282864.19;920.81
12038;409111.27;5285275.36;1555.84
44808;407637.17;5283823.55;1473.38
12040;407681.51;5283954.28;1470.63
44810;409165.27;5285335.65;1611.8
44811;408720.51;5285024.4;1575.17
12042;407276.24;5283176.7;1356.91
44813;407735.58;5283831.01;1510.1
44814;407673.08;5283574.32;1509.85
44809;407440.43;5282751.88;923.92
12049;407960.89;5283685.05;1398.82
44819;409062.21;5285428.94;1549.81
12053;408406.7;5284769.73;1601.89
44821;407764.27;5283642.0;1512.57
12054;407743.01;5283869.04;1525.11
44824;407795.34;5283434.08;1516.71
44822;407649.17;5283575.67;1516.44
12058;407615.45;5283104.37;1034.53
12061;408178.9;5284202.47;1507.99
44830;408244.01;5283697.62;926.67
12063;407750.04;5283109.03;965.01
44832;407738.44;5283787.65;1543.91
12066;408072.36;5284037.67;1541.02
12068;407595.61;5283544.08;1502.79
12069;408179.46;5283938.1;1506.87
12070;407958.16;5283867.63;1521.93
44837;407675.45;5283824.63;1516.98
12072;408672.99;5284694.13;1453.81
44842;407754.81;5283268.94;1527.49
44843;407343.16;5283070.45;1149.66
12076;407727.88;5283871.63;1453.86
44845;407505.91;5282863.17;935.01
12079;407684.03;5283617.41;1508.82
12084;407772.96;5283712.82;1527.3
12088;407745.62;5283876.0;1534.69
44856;407208.43;5283247.47;1446.65
44858;408040.35;5283682.57;1409.97
12091;408014.68;5283680.19;1416.95
12093;408006.47;5284031.05;1498.68
44863;408321.77;5284564.05;1588.52
44864;408980.65;5285427.09;1684.98
44867;408502.11;5284696.88;1625.28
12101;408504.71;5284759.82;1598.16
44870;407725.46;5283773.15;1541.47
12103;408403.7;5284776.19;1636.7
44871;407352.5;5282683.87;918.81
44873;408251.17;5283829.84;1496.76
12106;408429.45;5284860.12;1666.51
44874;409070.31;5285447.07;1580.24
44877;408203.26;5284257.35;1508.72
12113;407710.12;5283826.91;1521.05
44882;407373.19;5283004.14;1106.48
44883;407328.06;5282625.57;928.88
44884;407714.29;5283909.85;1253.62
44885;408182.88;5283750.52;1480.68
44886;407521.43;5282955.72;972.94
12120;407867.07;5283762.7;1601.32
44889;408168.09;5284121.69;1529.69
12122;407346.1;5283071.08;1110.56
12124;407677.87;5283891.73;1498.16
12128;407204.83;5282793.13;1065.07
44898;407984.03;5283477.2;1211.07
12131;407778.33;5283401.85;1516.13
44902;407492.87;5283345.63;1409.14
12136;407697.87;5283859.38;1543.32
44906;407564.68;5283514.48;1504.39
12139;408459.61;5284817.1;1644.13
12141;407654.32;5283806.53;1473.74
12144;407816.07;5284074.66;1440.99
44915;408344.55;5283787.11;1471.16
44916;407639.34;5283939.66;1417.69
44917;407704.95;5283594.6;1524.73
12149;407852.02;5284104.72;1338.01
44919;407728.96;5283635.9;1486.02
12152;407639.88;5283577.5;1519.0
44921;408021.9;5284057.59;1512.09
12157;407573.88;5283865.66;1351.41
12158;407828.66;5283763.26;1506.5
12159;408269.5;5283811.62;1511.49
44928;407696.73;5283881.72;1409.3
12161;408441.83;5284674.86;1596.98
44931;408532.23;5284827.96;1595.47
12164;407760.04;5283868.58;1477.63
44933;408986.73;5285434.88;1618.43
12163;407656.38;5283863.96;1459.33
12167;407632.17;5283858.18;1405.48
44937;407927.32;5283738.76;1474.14
12170;408242.74;5283767.92;1486.34
44941;407445.33;5283332.36;1348.52
44942;408748.75;5285083.15;1573.19
44944;409071.3;5285442.81;1585.42
12177;407550.92;5283542.71;1485.47
44948;409073.9;5285479.02;1639.38
12180;407818.38;5283681.88;1491.6
44951;408190.35;5284218.97;1508.93
12184;408013.79;5284089.22;1514.27
44952;407645.02;5283904.84;1517.78
44954;407724.47;5283578.86;1355.41
12187;407692.23;5283846.52;1545.5
12183;407672.11;5283954.1;1453.58
44958;407553.12;5283390.34;1402.29
44960;407305.95;5283176.71;1348.89
44961;408759.35;5285224.14;1615.43
44965;407677.62;5283177.19;1486.2
44967;407722.96;5283572.81;1351.36
44968;408858.84;5285336.85;1807.66
12199;407427.55;5282838.76;949.71
44976;407790.65;5283795.74;1517.83
12208;408041.78;5283617.28;1335.26
12213;409064.66;5285487.65;1547.87
12214;407647.12;5283829.89;1504.27
44983;408090.76;5284024.86;1499.28
12217;407601.66;5283901.28;1417.41
44989;409069.44;5285337.1;1527.89
44990;407651.27;5283840.77;1481.85
12223;407800.38;5283827.82;1378.28
12227;407694.93;5283717.81;1458.61
12228;407537.85;5283743.85;1303.74
12230;407583.2;5283869.82;1469.95
12231;407542.95;5282870.24;1040.08
45001;407493.37;5283326.5;1393.27
45002;407818.53;5283681.13;1491.46
12240;409116.37;5285500.96;1685.28
45008;407650.82;5283811.76;1473.02
12244;407761.44;5283304.29;1526.34
45016;407587.75;5283902.25;1424.28
12249;407606.79;5283746.89;1519.43
12250;408763.32;5285014.06;1463.56
45018;407337.68;5283096.42;1136.79
12254;407644.69;5283806.89;1469.46
12255;407386.31;5283179.46;1335.97
45023;407506.4;5283872.38;1395.75
12257;407563.89;5283836.56;1434.85
12259;408027.09;5284063.0;1509.59
45027;407730.51;5283785.52;1478.35
45033;407302.02;5282666.43;955.57
12266;407697.35;5283847.29;1547.37
45034;407842.15;5283863.04;1386.45
45036;407485.93;5282888.49;968.76
12271;408744.8;5284633.81;1486.77
45041;408043.55;5283444.5;924.23
45042;407293.23;5282991.63;1090.26
45043;408787.81;5285106.84;1438.01
12275;407895.42;5283600.43;1330.35
12277;407658.58;5283730.1;1456.29
45044;407643.9;5283866.19;1405.09
45047;409064.95;5285462.28;1582.29
12279;407567.94;5283493.16;1453.92
12276;407716.61;5283135.28;1159.58
45050;408095.47;5284028.18;1508.05
12284;407745.89;5283614.9;1302.74
12285;407385.34;5283166.03;1267.88
12290;407296.25;5282625.83;958.35
45059;407598.6;5283129.24;1296.24
12293;408865.91;5285334.19;1450.14
45063;408505.52;5284754.72;1597.61
12297;407624.68;5283853.57;1371.66
45068;407592.74;5283889.12;1398.37
45073;407734.9;5283005.05;916.63
12307;408176.23;5283636.02;953.16
12308;407587.07;5283530.59;1450.02
45077;408504.92;5284750.91;1588.76
12309;407742.47;5283884.44;1466.65
12310;407155.08;5282770.94;1013.67
45080;408744.3;5285186.95;1611.81
45076;407629.9;5282977.11;946.99
45084;407355.98;5283172.72;1321.38
12319;408923.28;5285379.88;1532.04
45088;407175.96;5282807.06;1049.94
12322;407205.18;5282874.05;1082.19
12326;409124.49;5285298.8;1580.55
45094;407371.5;5283048.11;1073.67
45097;408704.35;5284996.88;1593.57
45099;408012.9;5283881.99;1517.11
12332;407677.88;5283868.38;1442.03
12333;408725.43;5284949.78;1466.24
12334;408188.22;5283938.32;1494.89
45103;407847.8;5283770.73;1507.74
45101;407902.24;5283783.23;1629.86
45100;407542.9;5283758.75;1295.96
45107;408018.9;5284020.23;1496.39
45112;408016.75;5283602.07;1353.23
45113;408873.84;5285422.41;1628.01
45115;407588.36;5283854.4;1340.65
45116;408205.3;5284245.79;1476.88
12349;407565.43;5282861.01;1044.47
12351;408688.0;5285000.95;1549.35
12353;408080.81;5284008.65;1492.67
12354;407646.42;5283878.67;1522.92
45123;407376.92;5283049.08;1071.92
45124;407461.48;5283332.18;1396.58
45125;407643.78;5283891.07;1472.34
45127;407823.42;5283512.05;1509.9
12360;408004.15;5284074.58;1510.82
45129;408288.39;5284424.82;1502.59
12361;407342.67;5283040.34;1130.88
45132;407466.17;5283348.92;1412.46
12365;408326.96;5283845.53;1560.21
12370;407329.89;5282665.52;928.5
45139;407634.32;5284007.66;1419.75
45140;409146.71;5285562.77;1647.94
12371;407401.78;5282849.08;978.26
12374;408030.04;5283503.18;1235.9
45143;407636.66;5283949.98;1459.83
12376;407960.57;5283790.13;1404.16
45146;407822.13;5283678.49;1487.47
45152;408918.82;5285459.87;1794.91
45155;407799.42;5283835.4;1490.36
12388;407778.28;5283255.51;1543.03
45159;408096.19;5284034.43;1502.95
45161;407644.7;5283811.51;1470.76
45162;407696.87;5283903.08;1414.48
45163;408185.07;5284208.55;1513.97
45165;407333.91;5283194.62;1211.2
12397;407584.06;5283087.56;1038.95
45170;407562.05;5283530.32;1485.26
45171;408200.53;5283987.21;1470.96
12405;408206.58;5284049.1;1482.7
45173;407434.12;5282936.83;1028.55
45175;408215.86;5283843.65;1517.59
12408;408486.12;5284504.32;1500.51
12412;407944.65;5283786.37;1629.94
12413;408197.08;5284281.51;1504.69
12416;408335.84;5283822.22;1530.84
45187;408510.7;5284749.05;1576.94
12422;408155.23;5284094.59;1441.36
12426;408722.14;5285021.42;1588.02
45195;408090.09;5284002.91;1476.43
45196;407337.77;5283065.32;1143.89
12431;407587.76;5283859.8;1332.78
45199;407321.29;5283145.08;1225.86
45201;408741.71;5285026.49;1587.48
12433;407552.1;5283151.56;1264.38
45203;407595.77;5283916.86;1391.56
45204;408106.19;5283846.12;1483.3
12437;409120.76;5285413.69;1598.43
12432;407569.19;5282990.04;979.34
12445;407929.39;5283675.59;1417.18
12448;408747.34;5284932.36;1475.98
45219;407907.04;5284107.21;1321.34
45220;407316.89;5283063.71;1065.68
45223;407903.35;5283826.16;1441.58
45224;408239.11;5283929.85;1488.71
12455;407598.11;5283878.13;1466.33
12461;407611.23;5283932.85;1371.79
45232;407793.92;5283829.68;1491.56
12465;407826.48;5283701.95;1512.54
12466;407783.25;5283858.13;1394.2
12469;408646.54;5284918.38;1598.76
12470;407728.93;5283066.53;1510.62
45238;407506.29;5283027.38;1037.28
12472;407313.12;5283058.05;1064.28
45242;407672.18;5283624.67;1472.06
45243;408113.57;5283668.42;1315.7
45244;407689.69;5283767.13;1494.54
12476;407253.59;5283171.85;1388.08
12479;408191.87;5284270.64;1497.66
45248;407837.14;5283512.57;1487.0
12481;408149.91;5283838.92;1508.27
45250;407655.43;5283186.04;1470.54
12483;407413.7;5282843.54;962.36
12486;407652.53;5283814.49;1467.44
12487;408478.15;5284509.25;1493.77
45255;407731.32;5283581.33;1513.2
45261;409158.16;5285380.43;1588.24
45264;408473.22;5284772.4;1626.18
12496;407915.59;5283782.46;1530.43
45267;407429.97;5283048.19;1089.59
45271;407551.79;5283886.41;1423.61
12504;407715.99;5283781.25;1498.74
45272;407505.07;5283002.76;1015.95
12511;408990.3;5285459.2;1619.33
45281;407634.32;5283874.67;1397.03
12517;407200.45;5283184.46;1361.97
45288;407795.81;5283501.49;1478.38
45289;408694.96;5284696.84;1445.63
12521;408315.74;5283818.32;1503.35
12520;407994.09;5283768.33;1421.05
12528;407207.68;5282786.18;1058.26
45303;408650.6;5284973.35;1610.67
12538;407422.64;5283223.82;1367.54
12546;407734.44;5283607.34;1517.87
12547;407771.08;5283702.79;1497.15
45316;407845.24;5283673.28;1464.34
45317;408014.24;5283597.99;1357.44
45319;407763.13;5283376.96;1496.28
45320;407354.88;5282932.47;1030.8
45324;407489.98;5283306.67;1384.36
12560;407674.66;5283941.53;1335.48
45330;408171.9;5284069.69;1495.2
12564;407881.11;5284127.48;1289.87
12566;407688.35;5283889.51;1425.11
12567;407783.51;5283270.46;1543.42
45334;407862.54;5283392.34;991.14
12569;407139.26;5283164.57;1371.88
45338;408185.81;5284093.37;1504.85
45339;408271.38;5283817.85;1555.17
45337;407446.56;5282839.34;936.81
12573;408309.1;5283810.06;1499.98
12577;407698.91;5283856.3;1393.8
12580;407566.68;5283536.04;1479.47
45351;407710.88;5283594.11;1520.62
12583;407593.51;5283915.5;1406.66
12587;409101.61;5285482.29;1670.57
12589;407632.7;5283876.55;1385.95
45357;407443.74;5283322.12;1354.52
12591;408833.63;5285282.46;1589.04
45359;407577.78;5283757.53;1449.33
12593;408271.76;5283810.57;1513.35
12594;407730.72;5283642.75;1488.64
12595;407657.37;5283936.42;1450.12
12600;407522.49;5283029.51;1034.23
12604;407630.87;5283441.81;1425.04
45375;409167.79;5285339.7;1614.34
12607;407908.54;5283816.49;1535.35
12608;407652.87;5283617.67;1474.75
45376;407387.24;5282999.01;1095.57
45379;407765.24;5283644.48;1476.91
12611;407134.92;5283234.02;1472.78
12614;407708.85;5283515.98;1446.74
45383;407637.46;5283572.55;1454.5
12616;408589.64;5284877.23;1603.69
45385;408853.18;5285340.11;1808.74
12618;407988.99;5283893.98;1531.42
45387;407372.1;5283175.18;1334.78
45388;408804.74;5285184.96;1425.65
12622;407262.0;5282877.64;1130.17
45391;407329.71;5283126.72;1187.22
12627;408260.19;5283993.81;1501.9
45397;407596.46;5283880.85;1464.56
45398;409178.92;5285349.27;1456.51
45399;407742.99;5283892.83;1537.6
45400;407613.59;5283864.03;1351.02
45404;407981.6;5283477.79;1212.47
45405;408123.19;5283871.93;1485.35
45412;407777.58;5283248.78;1542.8
45414;407849.17;5283665.74;1460.23
12648;408679.51;5284692.77;1451.54
45416;407709.61;5283842.41;1414.04
45417;407624.93;5283957.06;1472.25
45418;407895.32;5283297.27;932.6
45421;407766.41;5283849.47;1378.67
45424;407171.4;5282850.87;1085.22
12657;407493.86;5283876.19;1428.0
12658;407657.76;5283805.55;1475.41
45428;407568.17;5282859.95;1037.99
12662;408344.02;5284570.53;1653.31
45433;407853.26;5283504.94;1496.59
12666;407682.52;5283833.76;1504.89
12667;407422.15;5282944.62;1043.76
12668;409067.21;5285460.47;1551.52
12669;408320.11;5283841.02;1576.73
12673;407638.33;5283822.25;1506.33
12674;407537.17;5283278.6;1270.06
12675;408694.33;5285131.92;1630.72
12677;408029.54;5283896.3;1514.63
12678;408196.43;5284253.78;1491.4
45445;407640.15;5283533.13;1511.24
12681;407641.94;5283189.29;1462.69
45452;407216.14;5283239.44;1451.09
12685;407567.73;5283798.41;1313.07
12686;407751.78;5283838.67;1548.53
12689;407294.78;5282995.93;1093.1
45461;408045.01;5284016.63;1532.46
12696;408317.39;5283839.75;1531.23
12697;408024.01;5284056.45;1521.05
12698;407681.14;5283761.2;1520.25
12699;407921.81;5283821.51;1382.41
45468;408097.41;5284020.29;1496.05
45471;408214.38;5284021.04;1509.18
45473;407883.4;5283554.7;1331.91
12706;407661.54;5283867.24;1501.68
12705;407231.11;5282906.18;1069.68
12708;407834.86;5284109.31;1455.46
12710;408288.13;5284341.9;1493.28
45479;408534.23;5284659.83;1441.23
45480;407863.64;5283486.74;1280.88
45481;408995.67;5285461.11;1652.76
12714;407268.69;5282916.17;1048.42
12716;408426.49;5284632.56;1610.86
12717;407385.11;5282960.85;1054.16
45485;407584.53;5282934.99;950.79
12720;407953.95;5283370.25;931.49
45492;407982.8;5283483.85;1215.33
12725;407590.58;5282960.11;961.88
45497;407932.51;5283815.92;1544.0
12732;407636.36;5283966.77;1398.61
12733;407790.96;5283713.56;1535.94
45502;408697.42;5284660.18;1484.57
12737;407376.25;5282909.53;974.41
45507;408839.0;5285318.27;1771.57
12740;407644.41;5283562.3;1449.22
45509;408022.45;5283673.9;1408.7
12741;407582.52;5283885.17;1468.0
45508;407226.77;5283191.15;1386.93
12744;408399.27;5284770.03;1638.23
12745;408326.59;5284558.83;1593.45
45512;407999.71;5283675.56;1410.27
45515;409098.01;5285448.14;1592.27
12742;407764.7;5284011.07;1346.72
12751;408790.56;5285129.17;1444.46
12755;407465.79;5283261.76;1340.57
45528;408127.34;5283714.2;1339.9
12760;407911.33;5283594.04;1323.74
45530;408204.32;5284028.82;1483.17
45533;407438.42;5282887.74;985.95
12771;407249.4;5282914.89;1099.61
45542;408670.34;5284794.5;1423.63
12774;407221.53;5283182.59;1329.92
45544;407643.72;5283949.44;1414.23
12777;407402.59;5283371.22;1453.56
45545;407316.0;5283114.17;1160.9
12779;408220.73;5283856.32;1516.65
45548;408221.01;5283981.46;1503.5
12781;407709.47;5283683.87;1507.0
12784;407604.51;5283885.98;1455.61
45553;408165.68;5283929.12;1483.89
12788;409034.04;5285444.49;1447.75
45557;407683.73;5283572.84;1521.87
12790;407573.56;5282984.44;981.46
12791;408077.55;5283972.24;1453.27
12792;408873.09;5285371.73;1816.21
45561;407448.87;5282922.15;1004.38
45563;407738.57;5283845.9;1505.08
45565;407841.67;5284067.56;1458.16
12799;408095.1;5284055.93;1499.56
12801;408174.2;5283925.34;1488.37
45573;407608.93;5283939.63;1398.97
45579;407336.43;5283188.81;1343.45
45580;407924.71;5283746.54;1480.73
45581;407425.05;5282922.0;1020.84
45582;407745.52;5283874.62;1549.34
12815;408475.16;5284708.75;1599.34
45585;407904.59;5283812.37;1533.84
45586;407556.76;5283004.99;989.41
45590;407627.93;5283915.89;1477.2
45595;407684.71;5283132.94;1240.38
45596;408007.94;5284028.37;1373.42
12828;407624.3;5283875.56;1411.51
12830;408161.24;5283930.71;1481.25
12827;407596.85;5282953.36;956.65
12832;409068.05;5285430.03;1636.68
12833;408300.0;5283840.19;1549.08
12834;407676.08;5283920.81;1477.34
45600;407772.24;5283843.01;1372.27
12836;407670.42;5283983.89;1453.8
12838;409014.86;5285487.08;1633.03
12845;407618.67;5283866.89;1383.32
12850;407995.21;5284125.22;1485.57
45619;407354.76;5283158.71;1158.46
12852;407773.67;5283724.07;1501.86
45622;407899.26;5283509.37;1267.54
12856;408134.0;5283869.93;1481.19
45628;409082.23;5285460.56;1617.96
45629;407676.09;5283913.34;1474.56
45630;407684.93;5283891.61;1503.95
12860;407587.5;5283913.0;1432.41
12866;407831.61;5283796.29;1525.3
12867;409146.79;5285295.73;1416.89
45637;407218.07;5283252.73;1449.97
45641;408180.65;5283912.6;1493.72
45643;407805.39;5283591.5;1464.17
12876;408070.19;5283971.79;1461.0
12878;407219.95;5282762.05;1050.37
12879;408122.17;5284010.13;1506.44
45650;408996.54;5285478.58;1657.0
12882;408167.42;5283917.28;1481.59
12883;407853.55;5283708.01;1481.86
45652;407625.66;5283797.72;1506.14
12889;408213.5;5284019.14;1509.0
45657;407729.51;5283839.84;1368.6
12891;407593.27;5283101.6;1292.6
12892;407712.4;5283869.93;1421.37
12893;407502.41;5283866.81;1426.34
45662;407648.26;5283945.26;1394.57
12896;407209.79;5283194.39;1395.53
12897;407605.29;5283119.63;1182.79
45665;407498.62;5282889.7;959.63
45668;407473.22;5283263.73;1340.03
12901;407425.42;5282800.51;922.75
45671;408899.58;5284535.98;1439.81
45672;407996.19;5284115.11;1491.4
45676;407813.28;5283241.76;1557.0
12909;408627.79;5284751.14;1490.13
45677;407633.44;5283895.31;1362.43
12912;407831.35;5283748.68;1569.11
12915;408929.82;5285368.21;1448.65
45689;408035.54;5283508.73;1243.37
12922;408412.47;5284601.6;1670.82
45691;408692.32;5284833.89;1441.44
12924;408855.91;5285336.29;1807.34
45692;407339.44;5283061.06;1143.05
12926;407834.74;5283770.62;1587.08
45696;407653.07;5283124.85;1012.42
12929;408865.17;5285328.58;1614.86
45697;407830.94;5283809.87;1492.78
12931;409024.02;5285442.65;1432.17
12932;407713.57;5283638.79;1511.12
45702;408190.72;5283967.67;1492.85
45705;408086.06;5283682.0;1339.51
12940;407700.96;5283817.61;1504.82
45709;407437.93;5283320.14;1354.77
12943;408178.42;5283853.33;1443.68
45716;407598.79;5283916.82;1376.34
12952;408234.59;5283874.36;1517.93
45721;408087.16;5284005.18;1506.42
45722;407281.9;5283014.6;1100.28
45725;407352.85;5283010.84;1120.33
12958;407680.6;5283816.38;1548.06
45733;407598.96;5283828.44;1484.89
12965;407308.38;5283166.47;1317.75
12967;407770.71;5283374.22;1495.66
45736;408084.54;5283986.07;1502.94
45737;408301.74;5284420.76;1497.65
45734;407656.54;5283971.63;1386.42
45743;407580.27;5283762.55;1451.32
45746;407643.54;5283950.43;1414.68
12979;409019.0;5285408.78;1608.57
45748;407681.61;5283134.8;1236.26
45749;408245.79;5283822.86;1478.15
45751;407458.97;5283279.87;1361.6
12984;407462.4;5283295.68;1380.83
45753;408071.9;5283953.58;1544.77
12985;407396.15;5283202.87;1325.44
45755;407455.93;5283288.74;1367.37
12988;408181.85;5283899.64;1496.85
12987;407988.68;5283519.3;1352.93
12990;408740.79;5284673.34;1485.53
12991;408204.21;5284243.74;1475.94
45760;407670.43;5283640.44;1472.05
12989;407682.54;5283020.43;940.57
12994;407757.92;5283681.84;1524.02
45772;407847.96;5283501.33;1498.39
13006;408174.12;5284151.46;1521.84
13009;407854.88;5283777.57;1514.35
45778;408159.11;5283961.73;1513.14
13011;408216.95;5284073.79;1491.0
45780;408179.71;5283742.4;1465.95
13013;408330.34;5283841.99;1549.62
13010;407655.92;5283870.6;1456.25
45782;407985.02;5283488.31;1217.46
45784;407651.73;5283832.34;1513.1
45779;407788.67;5283133.64;956.86
13020;408356.62;5284573.99;1580.03
45789;408169.06;5284065.96;1479.78
13023;407650.4;5283889.46;1463.05
45793;408258.9;5283952.29;1480.97
13029;407464.75;5283282.29;1369.67
45798;408197.37;5284247.95;1511.07
45799;408109.97;5283996.88;1513.69
13031;408140.32;5283903.85;1502.15
45801;407832.34;5283672.99;1466.46
13032;407644.5;5283563.59;1453.22
45800;407628.59;5283879.68;1434.02
45802;407661.25;5283904.16;1463.92
13035;407818.63;5283984.66;1445.83
13036;407860.92;5284087.94;1472.21
13043;407379.58;5283047.84;1072.6
13044;408819.96;5285160.57;1428.74
45813;407731.23;5283221.25;1525.17
13045;408231.37;5283667.48;942.9
13050;408232.38;5284255.54;1455.73
13052;407623.9;5283904.92;1510.67
13053;408339.43;5283823.7;1574.76
13054;407661.2;5283695.79;1463.59
13055;407421.41;5282886.28;980.34
45824;407942.34;5283808.65;1393.11
13058;408621.05;5284992.81;1612.86
13064;408702.99;5285019.45;1587.62
45832;407664.49;5283697.64;1472.19
45833;407908.41;5283582.83;1340.93
45834;407951.99;5283519.92;1324.65
13068;408415.98;5284828.36;1549.75
13069;408321.04;5283802.09;1490.26
13070;407656.43;5283896.66;1403.16
45847;408735.51;5285090.06;1570.9
45848;408338.25;5283862.11;1583.99
45849;408022.97;5283856.1;1514.41
45850;407851.31;5283682.79;1468.28
13083;408156.75;5284188.96;1395.31
13079;407408.76;5283386.08;1468.38
13080;407365.57;5283168.27;1335.54
13081;407662.21;5283917.0;1371.36
13082;407659.3;5283930.79;1380.26
45857;407585.26;5283903.82;1477.23
13090;408459.74;5284698.91;1599.17
13091;407926.86;5283874.71;1480.05
13093;407677.99;5283748.97;1479.47
13095;407801.21;5284044.35;1354.52
13096;408258.03;5284350.05;1515.6
13100;407223.39;5282825.51;1038.16
13101;407596.54;5282950.73;954.53
13103;408269.48;5283817.19;1521.55
13105;407277.28;5282945.94;1092.41
13106;408180.5;5284133.12;1517.12
45874;407725.38;5283965.94;1309.64
45876;408192.91;5283745.85;1456.4
45877;407632.86;5283169.78;1251.93
45879;407685.97;5283968.61;1485.41
45881;407566.77;5283533.15;1484.38
13114;407433.28;5282896.26;997.4
45883;408369.34;5284548.11;1572.2
45884;407607.06;5283545.24;1516.39
45885;409066.42;5285461.79;1513.25
45886;408007.58;5283598.99;1350.35
45887;407566.94;5283747.68;1427.88
13116;407820.3;5284031.07;1443.13
13115;407827.63;5284061.95;1450.86
45882;407337.07;5282997.45;1079.19
13123;407439.69;5282777.99;924.44
45891;407662.63;5282979.47;929.38
45894;407566.75;5282988.64;979.98
13128;407685.99;5283880.02;1415.97
45900;407668.41;5283953.3;1449.37
45902;408706.95;5284641.68;1495.04
45904;407589.26;5283876.29;1421.04
13139;407959.87;5283673.85;1393.69
45911;407579.3;5283909.99;1431.79
13148;407910.03;5283883.8;1466.19
45918;407996.79;5283764.32;1420.23
45921;407674.91;5283946.64;1467.77
13156;407440.86;5283327.04;1348.16
13157;407729.55;5283621.95;1423.55
45926;407593.85;5283847.23;1451.83
13159;407854.28;5283673.57;1454.59
13158;407252.77;5283170.53;1378.71
45928;407569.61;5282985.65;979.53
45931;408436.17;5284845.69;1653.56
13167;408085.17;5283985.53;1482.55
45935;407423.64;5282933.53;1025.22
45937;407548.23;5283934.08;1406.63
13171;408792.31;5285272.43;1689.91
13172;407707.05;5283514.0;1443.28
45939;407506.53;5282991.72;1006.85
45942;407774.14;5283299.62;1495.41
13175;407209.0;5283186.88;1392.78
13178;407737.1;5283218.07;1529.76
13179;408394.19;5284728.71;1603.81
13180;407684.08;5283966.22;1483.9
45946;407754.43;5283112.56;958.58
45950;407977.93;5283861.44;1512.2
13183;409068.53;5285429.96;1551.41
45952;408408.45;5284641.4;1603.22
13185;408194.34;5284283.58;1468.17
13184;408109.02;5284059.43;1517.71
13186;407704.68;5283586.77;1427.5
45956;407197.47;5282837.59;1125.99
45957;409188.43;5285353.51;1461.15
13190;407855.31;5284068.23;1466.89
13191;408511.64;5284667.82;1414.26
45959;407902.09;5283894.08;1475.56
13192;407428.15;5282843.91;944.77
13194;407207.41;5282796.7;1059.59
13198;407593.02;5283159.17;1290.32
13202;408367.4;5284572.11;1611.22
45979;408005.11;5283463.47;1167.1
13212;407402.81;5283010.13;1092.09
45981;407764.18;5283316.18;1524.51
45982;408098.63;5284018.47;1508.4
45987;408910.67;5284506.22;1428.62
13219;407822.95;5283738.62;1495.67
13222;407667.68;5283762.58;1476.49
45991;407831.43;5284115.49;1454.0
45992;407464.04;5283341.47;1412.38
13224;407178.98;5282888.02;1111.96
13226;409160.29;5285574.51;1717.14
13227;407858.89;5283495.05;1290.63
45996;408518.52;5284894.56;1648.86
13232;407691.42;5283621.32;1481.25
13237;407823.14;5283682.6;1491.07
46006;408511.94;5284672.19;1411.35
13239;407587.23;5283074.88;1042.22
13240;407785.04;5283819.62;1494.33
13243;408163.0;5284066.76;1514.5
46011;407544.16;5283787.44;1463.49
13244;407627.74;5283853.25;1378.4
13252;409069.25;5285441.03;1543.26
46021;408897.06;5285227.37;1423.95
46026;407704.31;5283036.2;1479.9
13259;407667.75;5283753.53;1476.94
13260;407796.48;5283919.64;1483.13
13261;407678.19;5283991.71;1440.84
13267;407617.38;5283810.82;1508.93
46036;407495.57;5283018.85;1031.73
46038;408352.66;5283838.36;1590.09
13272;409078.96;5285447.51;1557.02
46041;407687.04;5283848.44;1515.01
13276;407648.47;5283822.78;1458.78
46048;407568.08;5283536.78;1482.89
46053;407590.74;5282991.55;1362.53
46054;408177.02;5284123.32;1511.32
13286;407564.26;5283129.86;1230.12
13288;407620.96;5283867.18;1459.05
46057;408002.77;5283896.56;1517.43
13290;408785.22;5285059.83;1586.93
46055;407351.66;5282937.72;1076.08
13292;407914.55;5283835.87;1380.83
13294;407812.46;5283486.93;1514.33
46064;407696.96;5283622.02;1487.93
13298;408250.44;5283905.84;1468.07
46067;407439.25;5283318.25;1356.1
13300;408311.85;5283774.89;1456.76
46066;407617.71;5283131.22;1310.42
46070;407187.52;5282881.58;1109.71
13307;407907.28;5283738.08;1478.32
46076;408527.88;5284555.83;1498.04
46075;407640.6;5283850.7;1470.66
46077;407583.6;5283897.05;1361.42
46079;408880.84;5284629.14;1438.58
46080;408219.22;5283849.2;1520.21
13314;408872.32;5285332.78;1610.52
46084;407623.96;5283995.22;1428.5
13321;407698.66;5283873.67;1538.99
46089;407577.95;5283090.55;1034.55
46092;407159.69;5283233.56;1413.19
46093;407682.82;5283927.35;1374.78
46095;407427.02;5283391.34;1451.66
46097;408281.91;5283796.71;1503.31
46100;408004.19;5283892.9;1521.26
46105;409051.09;5285527.66;1649.53
13340;408803.23;5284621.34;1477.04
13341;408745.89;5285124.69;1593.6
13342;408910.84;5285373.13;1608.33
13345;407869.35;5283742.22;1461.84
13346;407982.74;5284062.54;1508.33
13348;408084.94;5284043.91;1516.37
46117;408560.65;5284685.32;1473.13
46119;408247.04;5283988.59;1509.7
13352;408093.97;5284045.52;1510.48
13353;407408.1;5283192.27;1312.28
46122;408558.62;5284613.24;1500.7
46121;407212.41;5283184.53;1360.77
13357;407312.39;5283059.86;1064.07
13358;408252.64;5283924.91;1476.86
46127;407660.46;5283900.16;1518.11
13359;407708.15;5283510.4;1441.7
13361;407803.23;5283939.13;1481.29
46131;407634.92;5283570.74;1518.21
46132;407714.74;5283596.56;1518.28
13367;408097.51;5284054.99;1501.5
46138;407664.36;5283617.51;1476.7
13371;407251.25;5282912.96;1058.6
46142;407558.07;5283480.55;1452.99
46144;408208.2;5283876.24;1481.93
13376;407719.62;5283995.2;1363.27
46146;407767.86;5283833.5;1471.27
13381;407823.45;5283695.87;1478.08
13382;407724.24;5283765.86;1534.27
46150;407991.86;5283638.45;1382.33
46161;407673.46;5283917.89;1476.5
46163;408380.34;5284533.76;1636.26
13395;408349.08;5283868.55;1592.12
46165;408226.53;5283802.05;1486.21
13398;408625.34;5284953.93;1618.06
46166;407782.33;5283561.5;1507.02
46164;407913.1;5283587.71;1324.42
46170;407627.76;5283976.36;1419.44
46171;408909.4;5285367.9;1604.78
13403;407734.46;5283610.9;1516.76
46174;407935.34;5283683.8;1422.17
46176;407652.05;5283860.78;1503.67
13410;407698.62;5283680.88;1458.55
13411;407704.14;5283895.36;1409.24
46182;407614.05;5283943.29;1341.89
13416;407605.44;5283913.32;1403.2
46185;408667.72;5284940.84;1583.29
13420;408817.97;5285290.69;1587.6
46188;407291.4;5282632.01;964.28
46190;407795.96;5283721.33;1544.43
46193;407585.83;5283872.41;1486.47
13429;407882.22;5283762.97;1503.27
46198;408834.6;5285306.68;1768.73
13432;407200.97;5283266.21;1456.32
46202;408066.25;5283956.04;1461.21
46203;407577.01;5283891.72;1418.21
13440;407240.65;5283177.33;1371.57
46210;407659.27;5283123.07;1006.81
46211;407436.61;5282892.67;991.6
46212;408642.88;5285140.96;1564.88
13444;408338.4;5283862.17;1583.88
46214;408748.93;5285183.68;1604.53
46215;408690.96;5285145.48;1623.92
13447;408334.71;5283781.84;1485.54
13450;407827.18;5284058.11;1448.74
46221;408820.07;5285290.65;1751.49
13455;408905.46;5285184.96;1427.21
13456;407982.0;5283896.59;1539.66
46226;408106.39;5284001.96;1517.23
46227;408864.53;5285381.28;1620.0
13459;407278.69;5282974.7;1072.91
46229;407466.48;5282911.58;998.41
13462;407733.53;5283605.74;1516.6
46232;407628.18;5283994.63;1430.22
46237;408900.26;5285371.73;1632.78
46245;407882.03;5283876.16;1384.96
46248;408213.31;5283871.08;1508.56
13480;408281.76;5283823.55;1527.36
46250;408557.08;5284872.75;1591.98
13483;407758.18;5283869.56;1478.54
46249;407335.85;5282678.51;930.2
13485;408888.27;5285137.73;1412.64
46255;409149.97;5285339.06;1436.75
46256;407337.42;5282634.31;920.47
13490;408509.4;5284628.97;1427.97
46261;407652.51;5283788.0;1473.77
13494;407713.3;5283665.14;1503.72
13496;407551.33;5283549.46;1489.3
46267;407953.87;5283886.46;1541.28
46268;408163.56;5283867.29;1493.9
46269;407676.56;5283607.73;1508.4
13501;407853.96;5283870.21;1395.03
46276;407705.16;5283891.54;1542.76
46279;407860.37;5283746.79;1461.66
13515;407785.64;5283827.14;1501.09
46286;407359.31;5283053.02;1135.21
13521;408517.45;5284647.73;1432.74
13522;408087.24;5284018.89;1505.33
46289;407882.41;5283750.82;1495.54
13530;408715.47;5285018.98;1580.01
13531;407233.04;5282916.52;1090.78
46300;407610.43;5283864.75;1440.81
46301;407358.7;5283174.4;1315.77
13534;408363.43;5284531.01;1624.81
13536;407983.48;5283705.61;1391.58
13538;407752.4;5283251.47;1530.37
46310;407819.84;5283663.88;1469.06
13543;407655.16;5283763.98;1540.26
13546;408047.94;5284006.73;1530.7
13547;408161.39;5283958.17;1528.1
46316;409142.4;5285322.79;1595.21
13554;408371.11;5284552.0;1578.03
46324;407303.97;5283171.98;1342.01
46327;409125.1;5285382.52;1587.21
13560;407727.46;5283619.96;1516.35
46328;407858.83;5284084.31;1471.92
46330;407619.97;5283869.07;1345.76
13566;408872.9;5285413.65;1637.68
46337;407322.82;5283163.75;1317.63
46339;407320.71;5282987.44;1103.6
46341;408204.42;5283883.82;1505.78
46342;407708.25;5283673.3;1503.35
46344;407700.33;5283860.16;1543.52
13577;407732.91;5283901.57;1542.49
13578;407675.69;5283173.56;1484.94
13581;407929.57;5283523.76;1312.16
46350;407888.85;5283853.59;1388.89
46357;408029.13;5284061.82;1510.44
13589;407665.57;5283917.68;1463.13
13593;408789.44;5285242.53;1608.73
13594;408901.14;5285347.32;1454.25
46363;408819.44;5285300.96;1599.67
46362;407377.08;5283202.27;1348.59
13597;407715.48;5283578.01;1516.88
13598;408073.01;5284011.24;1490.79
46367;407808.46;5283729.43;1549.67
13596;407721.8;5283984.46;1381.11
46369;407777.97;5283363.02;1518.53
46370;407707.51;5283682.0;1475.53
13603;407578.61;5282881.86;920.22
13604;407866.84;5284121.22;1330.15
13606;407429.18;5283052.87;1104.75
46375;407823.61;5283819.36;1383.65
13609;407685.48;5283740.09;1513.37
13610;408433.39;5284851.1;1659.61
46382;408344.37;5283815.74;1508.47
13622;407671.45;5283890.28;1504.66
46392;407428.65;5282785.03;937.72
46394;407753.62;5283300.97;1525.07
13627;407610.72;5283818.19;1504.61
13631;407910.1;5283782.72;1536.58
46400;408203.84;5284079.14;1465.26
46401;407900.66;5283895.85;1477.03
46399;407772.76;5284030.66;1357.7
13635;408086.06;5284004.65;1485.49
13633;407427.17;5283055.26;1105.42
46405;407814.15;5283780.29;1519.28
13637;407816.9;5283687.3;1500.79
46406;407650.3;5283902.81;1474.28
46408;408514.01;5284756.65;1601.12
46409;408697.41;5284995.85;1596.71
46410;408132.98;5283956.77;1500.3
13642;407888.85;5283305.15;935.58
13645;407811.3;5283716.99;1551.21
13646;407939.66;5283807.92;1402.26
13647;407627.54;5283092.06;1022.19
13648;408181.04;5284221.22;1499.02
46416;407832.9;5283517.12;1483.69
46419;407968.21;5283895.66;1545.77
13652;409084.16;5285461.07;1571.99
13651;407140.56;5283236.7;1470.17
46420;407881.4;5283272.74;926.61
46421;407921.24;5283320.63;922.03
46426;407725.84;5283628.24;1510.05
46430;408572.03;5284887.57;1609.13
13663;408193.86;5284018.51;1485.54
13662;408321.41;5283842.16;1531.39
13664;407760.18;5283820.21;1468.79
46431;407724.33;5283819.61;1401.68
46435;407408.45;5283384.32;1462.86
13668;408744.4;5285162.96;1594.63
46439;407609.52;5283779.18;1502.47
46440;407726.9;5283809.91;1399.37
13674;407667.82;5283929.32;1222.36
13676;407442.1;5282887.76;982.3
13678;408198.92;5283751.44;1453.41
46447;408509.64;5284757.29;1598.56
13681;407710.16;5283890.42;1519.32
46450;408790.45;5285273.61;1691.66
13683;407896.35;5283774.96;1614.83
13682;407717.9;5283208.54;1514.95
46454;407587.12;5283835.41;1327.9
13687;408343.35;5283797.92;1470.86
46457;408469.41;5284843.91;1643.46
46458;407751.29;5283838.98;1537.95
13690;407504.1;5283840.55;1411.35
46462;407286.49;5283018.19;1101.31
13696;407337.15;5283087.07;1158.71
13697;407645.04;5283534.26;1514.9
46467;407739.97;5283894.4;1435.54
13702;409100.53;5285298.04;1546.89
13704;408212.92;5284251.99;1504.67
46473;408040.28;5283499.05;1229.0
13706;407895.11;5283786.45;1633.06
13708;408269.81;5283809.6;1504.53
13710;408793.57;5284978.04;1482.09
46480;408188.84;5284009.13;1480.67
13713;408721.23;5285019.57;1570.74
46482;408773.91;5285061.37;1451.64
13712;407465.23;5283279.4;1366.63
46481;407840.63;5284056.48;1456.9
46483;407439.47;5282804.39;925.16
13718;407712.82;5283770.25;1503.08
13715;407512.28;5282867.3;937.24
46488;407701.98;5283857.64;1533.18
13720;407564.43;5283536.13;1480.06
46490;408192.44;5284228.4;1517.98
13722;407602.0;5283894.68;1458.58
46492;407849.67;5283720.87;1489.1
13721;407647.82;5283937.89;1437.03
46493;407583.56;5283914.52;1430.56
46496;407485.77;5283312.46;1382.38
13730;407961.98;5283879.11;1529.9
13732;407658.77;5283589.43;1463.53
13735;407785.12;5283824.25;1494.57
13742;409153.4;5285344.99;1440.4
46511;407742.91;5283222.92;1527.9
13744;407822.2;5283545.55;1475.36
13746;407661.57;5283837.91;1450.74
13748;407954.9;5283878.89;1516.88
46518;408216.54;5283763.52;1498.66
13750;407672.86;5283845.51;1501.77
46522;407941.78;5283751.85;1451.03
46523;408045.89;5283441.31;922.34
46526;407609.44;5283557.38;1503.71
13759;407716.72;5283798.5;1489.26
46530;408243.36;5284310.33;1508.36
46531;407604.57;5283889.73;1465.86
13762;407607.59;5283408.88;1411.28
13765;408574.69;5284947.26;1584.88
46534;408261.74;5283776.26;1516.13
46535;408179.44;5283960.45;1479.07
13766;407502.95;5283066.49;1047.77
46538;408268.45;5283701.1;932.46
13771;407573.33;5283100.38;1032.5
13772;408034.76;5284001.58;1255.16
46541;408776.49;5285070.89;1584.13
13775;408145.53;5283882.73;1478.25
46544;407457.8;5283344.14;1357.33
13776;407566.01;5283795.5;1457.89
13777;407676.96;5283871.84;1421.74
46549;408356.61;5283836.08;1574.64
46550;408174.36;5283925.6;1485.09
13783;408450.48;5284800.06;1642.59
13782;407762.49;5283847.16;1487.29
46552;407808.79;5284072.41;1436.03
46554;408820.05;5285371.0;1830.71
13786;408010.42;5284038.23;1498.71
13789;408891.46;5285357.87;1619.0
46558;408016.22;5284023.36;1400.6
13791;407810.76;5283685.32;1477.66
46561;407612.24;5283861.14;1440.64
46562;408798.61;5285276.58;1756.26
13795;407615.28;5283410.3;1418.46
13796;407535.43;5283297.13;1394.85
13793;407613.9;5283107.46;1061.31
13798;408220.47;5284275.7;1505.35
46567;407658.95;5283910.66;1482.12
46568;407867.97;5283775.27;1513.88
13803;407385.3;5282860.23;997.93
13807;409026.41;5285444.75;1566.83
46579;407645.58;5283916.36;1507.12
13812;408406.69;5284756.11;1616.25
46580;407335.08;5283166.48;1317.87
46582;407883.42;5284125.24;1290.61
13815;407887.75;5283529.54;1300.28
46584;407554.56;5283541.9;1500.33
13817;407570.43;5282987.79;977.89
46587;407658.02;5283757.2;1545.26
13822;408171.51;5283934.7;1485.95
13827;407908.88;5283775.3;1507.63
13828;407201.02;5283250.45;1455.06
46599;407795.88;5283566.88;1442.15
46606;407583.99;5283822.6;1329.46
13839;407556.42;5282905.45;934.78
46608;407769.67;5283835.13;1470.24
46613;408301.93;5283839.59;1558.59
46614;408511.7;5284766.3;1619.03
13845;408197.99;5283767.31;1487.03
13848;407674.87;5283950.41;1468.84
13849;407586.15;5283987.76;1407.84
13847;407965.84;5283367.89;924.55
46619;407558.64;5283184.74;1253.92
46624;407707.29;5283919.82;1513.31
13857;407858.0;5283671.66;1508.58
13858;409081.29;5285447.64;1637.31
46626;407832.75;5283692.21;1504.57
46628;408529.53;5284562.48;1496.29
46625;407867.0;5283666.87;1457.77
46632;409062.22;5285419.49;1559.8
13864;408985.82;5285470.59;1678.85
46633;407542.86;5283523.08;1479.38
13867;407658.96;5283838.1;1447.57
46636;407997.5;5283716.1;1392.44
46637;407642.59;5283795.96;1515.26
46639;409106.82;5285431.55;1588.77
46642;409098.07;5285299.77;1545.75
13875;408663.3;5284939.45;1590.7
46646;407617.56;5283108.27;1168.56
46648;407728.44;5283833.56;1400.59
13881;407638.2;5283530.3;1510.26
13882;408405.67;5284583.34;1603.82
13883;407668.11;5283969.29;1447.26
13884;408410.62;5284635.02;1609.17
13880;407520.58;5282957.64;974.36
46655;407207.3;5283180.36;1367.45
13887;407256.24;5282882.68;1142.23
46657;407260.74;5282734.61;1047.25
46658;407959.76;5283886.42;1524.26
13891;409062.64;5285253.41;1529.86
13893;407643.3;5283887.46;1351.28
13894;408180.13;5283914.19;1492.82
13896;408847.72;5285331.48;1777.8
13897;407593.35;5283951.96;1479.35
13898;408151.65;5284095.69;1449.4
46667;408136.05;5283955.21;1502.05
13902;408693.35;5285130.07;1631.58
13905;408480.74;5284528.42;1492.46
46674;407982.28;5283497.89;1220.01
46679;407602.27;5283748.96;1511.7
46680;407679.14;5283940.46;1376.79
13913;407799.62;5284043.79;1428.77
46682;407719.88;5283877.44;1425.03
13917;407804.15;5283530.4;1506.06
13918;407340.27;5282976.86;1054.53
46687;409053.67;5285320.46;1505.27
13920;407727.49;5283072.1;1529.31
46689;407675.43;5283859.5;1445.7
13928;407983.48;5283750.89;1403.85
13929;407630.27;5283843.07;1433.48
46696;407584.83;5283147.37;1295.78
13930;407578.22;5282910.65;941.8
13932;408272.6;5283794.03;1519.96
13933;408270.97;5283826.56;1537.6
13935;407656.82;5283539.67;1522.09
46703;407576.42;5283977.52;1406.03
46712;408083.82;5284018.96;1512.95
13952;407608.35;5283893.57;1486.09
13957;407855.08;5283686.07;1468.54
46726;407324.58;5282671.89;939.83
46730;407836.74;5283836.05;1497.19
46732;407157.95;5282864.05;1128.4
13965;407558.04;5282878.6;1053.84
13966;408882.49;5284627.14;1436.82
13967;408690.04;5284689.14;1454.72
46737;408941.45;5285412.89;1618.26
46738;407683.73;5283132.91;1232.49
13971;407612.06;5283866.45;1381.33
13973;407832.95;5283694.96;1504.43
46742;408452.85;5284687.53;1569.13
46748;407208.05;5283197.19;1398.95
13982;407646.62;5283949.29;1392.54
46752;407743.32;5284018.9;1388.28
46753;407652.32;5283856.37;1502.01
13990;407641.39;5282954.1;920.44
13992;408514.32;5284666.38;1425.21
13993;408025.73;5284065.32;1515.7
46761;407816.53;5283648.19;1381.24
13997;407206.31;5283246.98;1448.12
13999;407655.01;5283969.92;1390.95
14000;407549.27;5283098.0;1183.48
46767;407166.11;5283241.12;1427.92
46770;407696.36;5283893.9;1414.64
14002;408256.62;5283737.68;949.62
46772;408734.07;5285127.51;1584.24
14007;407960.16;5283709.01;1399.51
14008;407645.94;5283698.71;1440.38
46775;407619.92;5283897.73;1494.54
46778;407717.61;5283878.15;1490.16
14011;407975.56;5283597.49;1343.9
14014;408218.78;5283860.53;1505.69
14016;407973.27;5283522.31;1268.55
46785;407624.72;5283952.87;1463.11
14017;407517.07;5283771.45;1470.42
14019;407667.65;5283487.35;1427.68
46788;407351.16;5282961.48;1047.29
14023;407816.91;5283665.21;1475.97
14026;407727.99;5283581.45;1456.24
46794;407681.17;5283000.76;913.92
14028;407159.88;5283237.17;1464.77
14032;408916.85;5285368.52;1606.18
46801;407132.76;5283225.6;1473.44
14035;408332.39;5284573.25;1595.2
14037;407786.58;5283821.89;1501.25
14040;407953.31;5283826.39;1391.64
14046;408279.47;5284356.3;1492.35
46817;408339.43;5283804.79;1480.18
14050;407591.17;5283861.78;1381.13
46821;409064.33;5285438.63;1559.35
14053;407733.49;5283825.16;1507.46
46823;407379.25;5283168.25;1275.12
46822;407312.07;5283057.01;1116.3
46827;407544.07;5283528.46;1502.15
14061;407731.05;5284015.98;1377.59
46830;407727.2;5283872.51;1473.03
46831;409094.32;5285283.79;1543.85
14062;407719.35;5283052.9;1525.15
14066;407382.31;5282960.07;1075.08
46835;407634.46;5283829.41;1472.47
46834;407349.7;5282964.02;1047.6
46837;407365.96;5283052.27;1082.13
46839;407741.39;5283889.83;1537.6
46841;407766.15;5283691.48;1524.64
14074;408016.59;5284063.97;1502.65
14075;407194.05;5282839.85;1089.54
46845;407652.14;5283146.64;1195.54
14078;408514.22;5284753.12;1579.26
14079;408017.88;5283921.83;1530.94
14080;407627.4;5283958.99;1471.03
14082;407790.68;5283826.25;1501.99
14085;407452.87;5283267.97;1348.17
14086;407690.94;5283888.69;1430.73
14089;407273.43;5282570.37;933.69
46860;407289.82;5283031.46;1105.95
14094;407888.01;5283901.09;1483.04
14097;407665.86;5283943.88;1323.82
46866;408863.28;5285408.68;1623.69
14101;407605.07;5283856.68;1353.58
14105;408558.44;5284877.1;1611.06
46874;408160.63;5284183.25;1412.59
14107;407366.37;5283050.6;1081.89
46882;407771.06;5283641.21;1490.33
14115;408080.13;5283975.65;1550.0
46883;407651.59;5282971.24;928.79
14117;407728.74;5283779.87;1489.31
46888;407671.88;5283648.02;1469.82
46890;407589.15;5283153.44;1285.97
46893;408089.21;5284003.46;1476.5
14126;407364.02;5283166.71;1295.65
46895;409023.18;5285428.02;1623.61
14130;407575.91;5283083.32;1032.27
46900;407720.39;5283164.84;1518.03
46901;407694.59;5283843.01;1518.9
46902;407705.99;5283126.06;990.61
14135;407611.58;5283797.05;1505.94
14136;407634.36;5283564.55;1505.61
46907;408057.8;5283445.92;919.55
46908;408243.17;5283944.35;1494.24
14141;407696.82;5283907.75;1511.83
46909;407735.96;5283627.69;1428.56
46911;407951.52;5283821.95;1391.98
14140;407634.03;5283975.56;1461.16
14147;407918.12;5283737.49;1473.58
46917;407688.74;5283769.85;1525.18
14151;407826.67;5283693.19;1506.14
14152;408147.7;5283887.13;1483.78
14153;407726.07;5283638.51;1485.81
46920;407994.74;5283475.04;1204.06
14156;407816.19;5283534.97;1484.93
14157;407405.9;5283387.76;1472.01
46926;407657.14;5283914.62;1415.68
46930;408079.37;5284013.88;1497.62
46931;407801.41;5283553.88;1502.04
46932;408697.85;5284851.32;1438.77
14164;407765.05;5283825.12;1476.95
14162;407482.72;5282860.98;938.02
14167;407726.88;5283794.7;1537.84
14168;409089.32;5285299.94;1537.05
46936;407968.62;5283812.58;1513.57
14165;407265.44;5282884.63;1123.54
46939;407726.61;5283863.13;1485.65
46940;407979.81;5283751.33;1402.36
46942;407313.69;5282978.17;1094.11
46945;408181.92;5284274.15;1458.84
14178;407960.48;5283878.32;1514.39
46946;407838.17;5283704.25;1515.28
14179;407397.75;5282899.14;981.38
14181;407655.34;5283918.17;1361.14
14182;408028.63;5283906.69;1508.14
14183;407649.55;5283890.67;1436.02
46949;407763.8;5283960.29;1355.09
14186;409163.03;5285380.44;1581.06
14187;408235.1;5283876.93;1470.11
46954;407993.2;5283588.32;1347.31
14190;408875.51;5285384.7;1834.07
46959;407615.49;5283166.93;1302.56
46960;408514.93;5284747.49;1572.83
46961;408176.65;5284130.12;1524.46
14193;408264.23;5283804.31;1515.12
14196;407632.37;5283921.47;1510.28
46965;408128.23;5283868.06;1481.22
14200;407629.47;5283159.6;1223.25
46968;408786.38;5285023.24;1573.62
14201;407390.28;5283386.95;1473.37
46970;408616.93;5284782.73;1464.87
14203;408422.9;5284640.77;1614.73
46971;408201.2;5283870.58;1483.11
14202;407827.44;5283661.68;1482.08
14206;407710.7;5283510.99;1434.21
46973;407995.97;5283522.04;1262.45
14208;407563.91;5283483.36;1462.21
14209;407596.73;5283792.51;1493.04
14211;407820.09;5283465.08;1515.89
46980;407598.39;5283874.22;1461.99
46979;407834.28;5284054.05;1453.4
14207;407237.92;5282847.8;1133.9
14218;408410.46;5284725.15;1606.23
46987;408080.23;5283970.96;1476.22
46992;408191.66;5284015.44;1483.8
46993;407786.49;5283785.32;1519.21
14225;407729.22;5283847.04;1485.44
46996;408585.75;5284904.32;1608.52
14231;407574.54;5283530.53;1466.78
47000;408809.37;5285025.64;1514.33
14232;407869.95;5283483.17;1274.13
47002;407418.39;5283145.74;1351.1
14233;407937.25;5284224.47;1248.74
47004;408491.15;5284726.28;1610.1
47005;407846.94;5283864.16;1404.23
47007;407758.86;5283648.49;1510.17
14240;407496.13;5283355.2;1411.35
14242;407541.88;5283311.32;1236.85
47012;407618.35;5283884.11;1364.94
14245;407640.36;5283558.49;1507.61
14246;408515.51;5284639.96;1429.38
14247;408324.91;5283802.5;1490.94
14248;407758.35;5283257.64;1526.37
47017;409016.66;5285398.26;1629.66
47016;407340.13;5283043.37;1128.95
47020;409106.55;5285340.77;1558.0
47028;407780.19;5283343.88;1516.41
14266;407734.11;5283817.09;1383.43
47037;407818.61;5284055.12;1444.52
47041;408013.5;5284061.86;1528.14
14273;408271.78;5283812.79;1507.02
47046;407822.83;5283691.47;1497.81
14280;407782.64;5283278.29;1541.39
14282;407643.87;5283962.41;1445.64
14283;407720.93;5283683.85;1505.22
47052;407549.61;5283043.6;1001.56
47053;408075.73;5283954.43;1557.41
14288;407262.53;5282919.05;1053.8
14289;407957.6;5283694.27;1395.03
47058;407566.79;5283889.0;1426.46
14291;409083.44;5285521.37;1653.58
14292;407608.99;5283813.6;1507.48
14293;407938.36;5283757.76;1472.05
47062;407751.41;5283719.96;1526.65
14295;409133.57;5285325.79;1589.88
14298;408291.96;5283833.31;1558.08
47069;407813.93;5283946.91;1494.07
14303;407669.19;5283878.91;1493.25
47072;408106.74;5284061.89;1516.0
14304;407682.19;5283946.54;1473.84
47074;407786.64;5283848.29;1346.42
47073;407221.32;5283206.9;1396.65
14309;408641.29;5285148.43;1632.6
14310;408581.5;5284913.46;1581.37
47079;408456.06;5284776.04;1630.46
47080;407694.32;5283555.28;1429.55
47077;407854.34;5283231.4;920.11
14314;408109.78;5284017.48;1518.88
14316;408698.82;5285031.1;1548.81
47090;408009.75;5284107.89;1497.25
47092;407626.14;5283921.66;1371.24
14328;407967.89;5283734.65;1397.52
47098;407630.6;5283948.89;1412.51
14331;407232.84;5283263.51;1450.02
14333;408267.58;5283782.35;1514.34
14334;408189.26;5283895.42;1501.23
14335;408412.73;5284824.62;1541.18
47102;407649.51;5283566.43;1449.59
14336;408118.56;5283675.45;1322.81
47104;407733.75;5283611.4;1302.23
47107;408167.58;5284082.5;1476.43
14340;408680.75;5284991.38;1599.2
14341;407893.46;5283903.39;1484.0
47115;407617.25;5283174.01;1294.73
14350;409079.23;5285408.46;1568.63
47120;407735.56;5283883.58;1464.7
47122;407726.5;5283839.65;1487.7
14358;407664.58;5283888.52;1511.74
47127;407654.5;5283909.74;1515.11
14360;407624.3;5283875.56;1423.91
14359;407730.81;5283627.87;1426.78
14364;408085.96;5283996.89;1476.53
47132;407642.41;5283923.87;1285.57
47134;407223.6;5283184.45;1286.69
47135;407725.93;5283632.93;1511.82
47137;408117.53;5284004.67;1510.67
47141;408129.14;5283872.52;1487.35
14375;408347.71;5283797.32;1474.46
14377;407595.12;5283091.25;1039.54
47152;409013.84;5285397.45;1630.97
14384;407433.39;5282866.6;970.96
47154;408190.27;5283963.44;1494.53
14388;407298.47;5283159.32;1328.88
14394;407214.09;5283244.66;1440.91
47163;407670.46;5283942.07;1460.67
14396;407595.31;5283908.18;1486.3
47165;407622.87;5283868.31;1420.49
14399;407722.7;5283662.86;1502.22
47170;409145.48;5285539.09;1693.43
14403;407862.58;5284095.67;1472.91
14404;407566.64;5283887.6;1419.36
47174;408105.1;5284030.01;1515.07
47175;408400.56;5284777.76;1554.57
14408;407544.52;5283881.38;1418.17
47177;408006.18;5284030.7;1338.27
14410;407669.84;5283878.89;1386.39
47179;407419.32;5282963.34;1055.89
47183;407903.18;5283782.75;1513.64
47185;407738.51;5283607.78;1307.25
47186;408150.48;5284102.91;1531.6
47188;409093.47;5285299.78;1541.69
14422;407668.64;5283569.02;1516.43
47191;407208.23;5283185.64;1365.91
14424;408041.24;5283966.5;1525.23
14427;407327.51;5283119.48;1143.22
14428;408815.35;5285285.51;1587.19
14432;408099.56;5284017.63;1512.13
14434;407939.61;5283523.98;1307.55
47203;407574.29;5283261.19;1412.46
47204;408527.12;5284547.47;1495.42
47206;408378.94;5283812.15;1476.5
14439;407372.4;5283188.78;1335.32
14440;407745.5;5283887.57;1430.25
14441;408874.61;5285339.94;1802.52
14443;408923.71;5285372.86;1607.74
47213;408986.39;5285439.28;1679.53
14447;407609.74;5283077.54;1311.43
14450;407783.38;5283652.53;1505.38
14451;408316.8;5284417.62;1510.28
14452;409157.89;5285327.27;1605.88
47221;407763.99;5283852.23;1373.99
14454;407234.01;5283179.4;1376.14
47220;407156.05;5282895.44;1107.84
14456;409113.79;5285617.35;1714.62
14459;408329.37;5283844.35;1577.39
14460;407786.18;5283822.07;1495.18
47228;407965.56;5283787.07;1406.46
47231;408178.61;5284106.26;1507.06
47234;407742.78;5283887.66;1428.35
47235;407697.72;5283834.19;1392.72
47236;408157.28;5284067.16;1510.22
47238;407934.35;5284227.95;1243.76
14473;408713.91;5284906.77;1485.34
47242;407303.66;5283094.01;1137.59
14476;407958.65;5283841.28;1514.08
47246;408182.54;5283989.42;1484.87
47247;407742.27;5283880.34;1536.15
14478;407620.52;5283903.24;1506.55
14481;407925.44;5283732.67;1468.8
47250;407950.11;5283592.2;1342.02
47253;409152.65;5285567.48;1708.42
14486;408205.25;5284041.4;1482.87
47256;408699.43;5284694.14;1442.51
14488;407674.17;5283693.19;1466.98
14492;408802.58;5285219.01;1607.81
14493;407686.78;5283151.18;1486.84
14494;407786.46;5283295.17;1538.69
47264;407771.96;5283703.27;1527.3
14498;408898.36;5285178.51;1427.86
47267;408652.07;5284930.23;1595.01
47268;407917.46;5283760.33;1493.66
47266;407684.52;5283757.13;1484.49
14499;407686.31;5283863.67;1406.91
14503;407467.61;5283348.37;1413.32
14504;408495.78;5284873.53;1644.59
47272;409054.85;5285430.32;1645.83
47273;407614.16;5283104.52;1058.35
47275;407549.46;5283312.21;1243.87
14507;407288.02;5283011.94;1109.23
14509;408274.73;5284032.17;1507.96
14510;408040.03;5283860.08;1522.01
47279;407633.02;5283952.56;1389.74
47280;407544.49;5283525.86;1486.47
47282;408164.12;5284074.9;1504.0
47283;407706.87;5283545.03;1514.65
14517;407615.86;5283763.68;1510.61
14518;408205.71;5284313.48;1475.96
47287;408343.25;5284569.2;1651.34
14525;407304.56;5282609.65;944.97
14529;407746.12;5283244.08;1529.27
47297;407436.62;5283346.58;1452.82
47301;407865.51;5284064.21;1480.15
47302;407184.37;5282876.84;1111.89
14536;408354.97;5284572.97;1618.26
14538;407850.47;5283865.96;1405.29
14541;408495.5;5284723.02;1606.11
47309;408860.5;5285327.6;1803.85
47312;408328.76;5283821.35;1529.32
14546;407673.54;5283986.37;1455.22
47316;407517.64;5282827.82;892.01
47317;408208.77;5283785.54;1495.83
47318;408752.63;5284696.8;1450.99
14551;407328.74;5283148.93;1157.22
47322;407575.13;5283966.99;1386.63
14555;408770.87;5284622.13;1482.61
47324;408856.26;5285206.33;1431.09
14557;407607.34;5283890.23;1451.05
47326;409078.12;5285449.32;1605.8
47323;407576.41;5283861.57;1475.2
47328;408117.62;5283867.47;1500.79
14559;407614.05;5283914.13;1374.42
47330;407484.93;5283299.7;1367.03
14562;407891.79;5283612.41;1324.55
14561;407681.41;5284003.74;1470.16
14565;408176.48;5283923.96;1491.76
47333;407616.02;5283849.19;1330.7
47335;407580.2;5283504.84;1450.3
14571;408212.06;5284012.3;1491.5
14572;408509.3;5284743.66;1612.73
14574;407595.17;5283915.93;1390.92
14576;408876.05;5285234.55;1436.57
47344;407716.24;5283912.76;1512.37
47346;407861.84;5284074.32;1473.65
47347;408197.59;5284275.67;1506.25
14580;407769.43;5283270.31;1537.64
47349;407718.35;5283780.32;1531.83
14583;407541.47;5283894.02;1399.42
14584;408172.36;5284180.53;1446.14
14585;408306.31;5284384.03;1505.05
47361;408316.18;5284564.01;1599.99
47363;408162.15;5284055.66;1515.42
14595;407606.77;5283773.87;1503.86
47365;407601.52;5283827.06;1324.18
47364;407325.95;5283122.14;1143.73
14599;407680.91;5283921.69;1219.73
47368;407994.91;5283479.8;1206.7
14602;409067.02;5285455.54;1591.14
14603;407934.04;5283590.34;1342.64
14604;407741.42;5283895.05;1436.38
14606;409035.58;5285492.14;1638.74
47379;408035.38;5283507.19;1238.33
14612;407459.39;5283375.46;1430.37
14613;408579.55;5284908.1;1582.38
47381;408906.9;5285361.84;1611.9
47383;408386.72;5284554.3;1621.45
47384;408820.06;5285363.95;1814.25
14615;407741.05;5283863.74;1521.91
14611;407641.54;5283968.74;1454.85
14620;407407.18;5283217.02;1320.03
14621;407585.11;5283900.15;1474.0
47390;407196.87;5283181.18;1368.57
14623;407474.56;5283024.7;1044.86
14625;407659.51;5283489.98;1425.8
14628;408811.21;5284949.45;1468.8
14631;408120.53;5283869.13;1474.03
47399;407636.8;5283947.26;1402.27
14634;408341.33;5283798.44;1485.32
47403;407650.15;5283825.05;1520.81
14635;407587.93;5283909.21;1368.27
47406;407595.47;5283854.2;1460.77
14639;408856.72;5284543.87;1422.37
47408;408185.34;5284126.27;1510.99
47407;407554.41;5283521.2;1489.96
47409;407833.33;5284082.73;1353.77
47411;408307.24;5283831.0;1563.16
14647;407596.95;5283548.4;1475.96
14648;407996.94;5283888.38;1523.23
47417;407819.52;5283683.48;1500.05
47418;407846.02;5283984.71;1512.26
14653;407605.59;5283875.13;1453.83
47422;408037.59;5283936.07;1506.91
14654;408266.38;5284048.26;1517.5
14656;407894.37;5283899.66;1482.62
14655;407840.95;5283542.77;1486.04
14658;407717.58;5283868.07;1409.79
47427;407871.39;5283356.32;959.4
47421;407240.75;5282881.2;1124.53
14666;407254.17;5283173.42;1387.99
14667;408808.3;5284638.72;1483.8
14675;409068.88;5285430.96;1638.91
47448;408134.93;5283709.1;1331.27
14681;407896.8;5283898.31;1479.42
14682;408834.41;5285313.65;1769.05
47449;407728.07;5283631.79;1475.03
47452;408872.3;5285364.81;1813.88
47453;408991.01;5285316.33;1451.36
47451;407267.49;5282915.02;1097.55
47459;407579.87;5283881.05;1426.72
14692;407822.11;5284029.44;1444.47
14693;407800.78;5284063.04;1430.19
47463;409099.54;5285452.65;1587.51
14697;408528.97;5284544.93;1471.83
47466;407224.68;5282895.75;1066.92
14699;407659.61;5283900.92;1463.04
14700;408086.62;5283972.14;1519.15
47468;407717.36;5283819.11;1405.96
14702;408222.79;5283858.58;1442.89
14705;407243.73;5282843.42;1129.7
47474;408187.76;5283759.14;1479.36
14707;408085.82;5284020.64;1499.97
47476;408942.74;5285357.38;1610.84
14709;409164.34;5285579.91;1719.77
14710;407881.49;5283751.94;1498.56
47479;409081.0;5285518.47;1654.52
47480;407660.64;5283614.38;1475.07
14713;407379.27;5283207.44;1359.02
47482;407623.31;5283132.72;1313.12
47477;407341.42;5283004.24;1114.51
14719;408300.04;5283821.31;1537.44
47488;407312.43;5282603.41;940.19
14722;409071.28;5285377.33;1446.06
14724;407909.45;5283759.11;1493.61
14725;408761.27;5284986.57;1460.51
47496;407722.54;5283753.44;1491.66
14729;408405.7;5284774.32;1547.59
47498;408044.27;5283683.5;1405.65
14728;407304.69;5283165.05;1316.7
47500;408869.03;5285197.91;1430.15
14734;407716.39;5283784.53;1498.59
14735;407223.31;5283197.92;1392.92
14737;407655.11;5283899.78;1480.6
47505;407313.84;5282982.26;1098.83
14739;407660.41;5283611.06;1473.99
47508;407700.38;5283867.29;1543.66
14742;407700.71;5283640.75;1454.81
47512;407631.97;5283668.05;1348.78
47517;407678.09;5283961.51;1474.12
47520;407818.87;5283676.69;1494.45
14753;409112.53;5285417.27;1599.88
14754;407632.78;5284007.06;1425.79
47527;407869.57;5283538.47;1329.41
14761;408732.49;5285016.88;1586.47
14762;408319.77;5284561.43;1608.75
47534;407652.23;5283566.64;1516.63
47535;407731.37;5283639.48;1427.83
47537;407315.05;5283164.42;1319.4
14774;407644.24;5283855.49;1461.19
14775;407810.01;5283162.0;910.85
47545;407664.71;5283906.52;1378.12
47547;407601.89;5283880.03;1471.24
47550;408183.77;5284060.87;1493.45
47551;407688.5;5283190.66;1494.34
47552;407724.5;5283900.22;1536.93
14787;409136.01;5285518.96;1683.69
47555;407641.76;5283749.82;1539.89
47558;408179.65;5284221.15;1484.04
47559;407421.89;5282821.65;942.21
47563;407586.12;5283878.11;1471.87
47564;407673.6;5283916.29;1475.91
47569;407460.76;5283282.61;1364.62
14804;408391.47;5284757.76;1634.98
47574;407866.3;5283374.44;976.25
14807;408024.77;5283504.01;1237.81
47576;407667.07;5283757.57;1477.2
47577;407627.09;5283156.53;1244.13
47578;408343.04;5283861.22;1587.48
14812;408273.73;5283794.96;1518.8
14813;407278.85;5283012.56;1097.14
14815;408213.53;5284250.79;1507.16
14816;407389.37;5283196.82;1271.52
47585;407712.84;5283849.5;1412.56
14818;408306.56;5284390.48;1502.05
47587;407426.47;5282842.82;941.43
14820;409065.39;5285470.82;1548.42
14822;407385.54;5282978.85;1084.81
14823;409016.17;5285340.08;1459.42
14826;407720.65;5283042.46;1528.18
14827;408755.09;5284604.0;1465.86
47595;407715.66;5283677.18;1449.83
47598;407665.44;5283108.99;1152.34
14833;407645.56;5283753.3;1544.66
47602;407570.45;5283776.75;1522.81
47601;407148.96;5282869.03;1134.64
47604;407764.68;5283821.79;1476.81
14839;407653.09;5283820.22;1476.46
14840;408098.0;5284054.35;1512.94
47609;408287.32;5284348.52;1490.75
14845;407593.6;5283988.43;1407.38
14847;407750.84;5283618.58;1300.35
14848;408803.0;5284619.5;1478.49
47618;407892.59;5283786.52;1530.26
14852;407698.04;5283546.59;1434.03
47620;407584.17;5283080.26;1033.7
14857;407293.11;5283102.13;1152.81
14859;408369.06;5284564.87;1597.46
47628;407321.54;5283131.24;1198.13
14862;407551.9;5283891.36;1415.68
14865;407748.48;5283244.1;1528.57
47633;407731.76;5283120.58;979.36
47637;407981.55;5283672.15;1410.04
14870;408450.43;5284793.48;1631.32
47642;407556.83;5283006.93;989.78
47643;408246.29;5283830.38;1499.87
14877;408148.49;5283833.0;1508.51
47648;407596.64;5283549.2;1486.67
14880;407552.97;5283881.99;1411.33
14883;407972.98;5283817.64;1519.09
47653;407162.24;5282774.67;1016.89
14887;408317.91;5283815.19;1506.04
14888;407742.45;5283687.47;1514.52
47655;407352.3;5283068.96;1103.26
47658;409039.82;5285443.84;1455.7
14891;407691.9;5283513.16;1436.93
14892;408299.94;5284398.22;1459.74
47662;407939.92;5283837.55;1527.02
14895;407291.31;5282942.55;1081.99
14896;409148.41;5285560.88;1709.06
14897;407594.94;5283893.57;1396.07
47666;408184.07;5283945.89;1491.14
14899;409008.08;5285487.62;1641.01
14900;408062.17;5283962.78;1503.93
14898;407717.41;5283769.32;1500.26
47664;407514.19;5283061.7;1044.5
14904;408656.73;5285031.45;1615.21
47672;407200.49;5283259.88;1473.55
47673;407182.26;5282888.48;1107.4
14908;407678.9;5283137.65;999.96
14909;408082.55;5283967.5;1440.93
47680;408575.9;5284949.15;1585.12
14916;408828.85;5285297.96;1755.35
47685;408893.07;5285134.67;1418.82
14918;408154.9;5284095.45;1442.1
14917;408005.78;5283604.32;1353.06
47689;407540.24;5283768.25;1276.12
14924;407640.46;5283902.71;1515.43
14925;407677.29;5283906.11;1403.65
14926;408466.46;5284834.93;1642.52
14927;408978.19;5285413.2;1681.95
47696;408790.63;5284998.02;1546.74
47692;407708.23;5283007.26;922.93
14938;407544.01;5283521.11;1481.28
47711;407525.32;5283909.34;1407.75
14944;407813.98;5283524.26;1478.77
47715;407955.22;5283876.91;1530.53
14948;408124.27;5284040.21;1491.39
47717;407395.59;5282898.52;977.24
47718;408738.26;5285009.36;1577.05
47719;407657.38;5283872.79;1517.7
14953;409109.49;5285560.2;1659.55
14955;407850.78;5283678.05;1456.65
47726;407341.09;5282985.53;1056.26
47730;408397.78;5284741.64;1606.13
47732;407969.45;5283677.19;1401.17
47733;407139.1;5283237.59;1430.08
47739;408127.06;5283873.14;1494.17
14974;407669.2;5283649.27;1473.21
47743;407810.89;5283695.0;1503.81
14976;408042.63;5283961.94;1525.81
14977;408699.68;5285115.16;1610.57
47746;408569.79;5284678.21;1472.47
47745;408172.87;5283944.04;1483.78
14983;408914.64;5285372.49;1605.31
47753;408202.58;5283869.58;1478.73
14985;407711.58;5283607.75;1445.4
47754;407611.33;5283721.28;1533.62
14997;407648.77;5283571.41;1457.98
47765;407358.47;5282967.02;1053.76
47767;407273.81;5282924.59;1094.0
47770;408218.87;5283957.9;1505.43
47774;407595.47;5283920.34;1401.02
15008;409047.36;5285369.93;1446.0
15011;407714.21;5283651.36;1495.22
47780;408181.04;5284221.22;1489.99
15013;407832.6;5283702.45;1511.6
15012;407591.16;5282957.85;965.37
47786;407983.1;5283702.9;1382.33
47789;407761.29;5284050.01;1411.78
47790;407604.92;5283897.57;1412.14
47791;407469.56;5283277.13;1353.89
15024;407601.39;5283792.33;1498.15
15027;408001.49;5284103.36;1497.1
15028;408563.09;5284876.13;1609.62
47797;408119.03;5284024.48;1521.05
15030;407768.27;5283503.76;1471.38
15032;407574.13;5283268.42;1409.29
15041;408008.08;5284096.04;1497.06
15042;408860.86;5285198.91;1430.47
47814;408225.39;5283855.75;1519.23
47816;408895.68;5285371.81;1630.93
15048;407204.35;5282829.65;1119.38
47818;407330.47;5282579.79;916.48
15051;407945.14;5283743.5;1427.84
47819;407606.76;5283858.21;1351.99
15053;409117.46;5285586.85;1685.06
47822;408263.69;5283788.61;1497.92
15055;408015.12;5284060.09;1504.41
15054;407988.98;5283498.0;1227.83
15057;408696.17;5284789.48;1454.76
15059;407243.64;5282896.92;1120.53
47830;408540.25;5284842.36;1619.52
15063;407432.34;5283387.49;1448.67
47836;407985.83;5283810.18;1514.96
15072;408225.25;5283865.88;1516.08
15076;407919.29;5283815.06;1418.91
47845;407831.24;5283516.12;1475.3
47847;407304.38;5283177.01;1347.28
15080;407222.11;5282709.18;1045.76
47849;407536.6;5282987.2;987.51
47850;408333.66;5283810.13;1495.66
47851;407744.4;5283897.02;1411.51
47856;407755.09;5284044.2;1410.08
47858;408083.36;5283977.67;1489.45
47859;408695.87;5285115.04;1623.62
15092;407967.65;5283812.41;1514.74
15094;409178.27;5285344.29;1612.91
47864;407218.37;5283249.92;1452.03
15099;407335.6;5283050.42;1112.74
47872;407293.17;5283020.62;1112.46
15105;407594.16;5283538.99;1468.31
47875;407327.71;5283156.23;1161.65
15108;407933.1;5284227.47;1241.85
15109;407550.16;5283798.22;1442.49
47880;407650.53;5283617.28;1475.52
47881;408182.03;5284076.42;1496.23
15118;407708.19;5283651.62;1495.4
47887;407599.41;5283880.28;1463.81
47888;407415.84;5282890.38;982.59
47891;408179.09;5283897.89;1495.4
15127;407669.62;5283908.9;1503.04
47895;407530.39;5283349.55;1228.11
15128;407569.66;5283887.07;1421.93
47898;407781.42;5283854.65;1335.89
47899;407635.62;5283747.5;1539.36
47905;407682.64;5283895.0;1508.72
47908;407600.38;5283732.2;1520.08
15142;409083.56;5285306.3;1529.99
15144;407849.09;5283501.72;1493.71
15146;407649.37;5283890.72;1419.45
15147;407388.92;5282953.66;1049.91
15148;407199.06;5282822.02;1037.79
47921;408239.36;5283829.4;1511.99
47924;407440.21;5283323.2;1353.53
47926;408129.38;5283709.26;1336.36
47927;408740.46;5285014.65;1578.3
47929;408171.69;5284076.29;1476.53
47930;409122.25;5285356.54;1571.55
15163;407830.84;5283676.98;1481.36
47932;407709.83;5283669.97;1505.54
47934;409021.83;5285424.28;1657.23
15169;407544.82;5283474.71;1447.16
47938;408274.66;5283820.93;1550.16
47940;407473.73;5282847.06;930.02
15179;407686.29;5283824.81;1503.33
47950;408267.75;5283790.61;1523.71
47952;407685.49;5283796.32;1496.19
47956;407706.81;5283891.92;1545.47
15192;408000.71;5283673.57;1409.57
15195;408352.95;5283795.32;1474.56
15196;407563.79;5283890.64;1435.27
47966;407636.17;5283853.69;1472.33
47967;407708.7;5283788.58;1534.97
47968;408083.94;5284001.23;1508.23
47970;407802.95;5284062.57;1431.99
15205;408179.24;5284184.15;1519.39
47974;408244.06;5283947.66;1494.97
15208;408115.35;5283956.55;1575.8
15210;408866.58;5285397.06;1631.84
47978;407792.26;5283394.44;1520.17
47985;408678.97;5285000.51;1597.0
15218;407206.09;5282819.34;1033.87
47987;408392.27;5284566.4;1631.38
15220;407687.26;5283858.58;1514.41
47990;408218.86;5284008.22;1497.47
47991;407588.99;5283905.07;1363.63
15224;407654.93;5283771.69;1518.96
47992;407537.57;5283757.91;1291.72
15225;407304.41;5283168.25;1261.25
47995;407325.16;5283136.4;1195.97
47997;407954.57;5283679.63;1403.0
48002;409069.59;5285434.19;1556.75
48004;407613.22;5283920.74;1413.57
48007;407838.5;5283673.38;1463.8
15240;408158.41;5283914.39;1483.18
48009;408174.27;5284127.23;1522.87
48010;407731.46;5283779.72;1480.27
15241;407699.09;5283865.66;1522.26
48012;407847.9;5283674.82;1463.84
48013;408207.4;5283902.85;1502.02
15249;407655.78;5283866.56;1481.85
48019;408062.23;5283969.43;1541.23
15251;407646.67;5283831.94;1510.36
48023;407661.36;5283897.3;1395.2
15256;408327.87;5283803.69;1503.74
15260;408399.97;5284594.25;1601.92
48028;407593.1;5283859.91;1465.12
48030;407643.73;5283568.19;1501.77
48031;407664.95;5283897.77;1382.74
48029;407770.33;5283145.79;937.85
15273;407864.54;5283496.08;1301.4
48042;407809.94;5283873.95;1501.08
15275;407592.91;5283914.53;1395.98
48044;408706.94;5284988.05;1565.79
48046;407875.72;5284115.76;1334.88
15279;407991.59;5284052.69;1512.46
15280;407138.27;5283243.77;1481.99
48050;407826.62;5283669.78;1460.35
48051;407609.44;5283917.82;1461.27
48055;407554.08;5283121.24;1208.89
15287;407343.69;5283069.85;1111.88
15289;407797.61;5283829.23;1501.36
48059;408263.82;5283999.55;1501.55
15292;407595.36;5283727.04;1517.83
15295;408266.2;5283800.09;1496.07
15297;407749.2;5284007.07;1378.44
48066;408321.21;5283818.75;1509.57
48065;407566.49;5283953.48;1394.48
15300;407953.85;5283661.85;1403.36
48069;408091.27;5284015.12;1517.32
15301;407610.1;5283729.04;1527.26
48071;409186.35;5285394.28;1441.09
48078;409068.02;5285436.43;1540.4
48079;409027.01;5285435.79;1667.45
15310;407751.36;5283746.64;1532.66
15312;407588.3;5283000.77;1345.41
48082;408185.77;5284213.58;1506.64
15316;408182.99;5284191.84;1526.81
15317;407627.19;5283853.05;1500.87
15318;407754.86;5283088.07;1504.58
15323;408200.2;5283980.26;1494.5
48094;408337.88;5284574.57;1613.89
48096;407626.78;5283974.27;1420.01
15330;407656.13;5283588.15;1462.58
48099;408354.78;5283838.45;1584.89
48102;407662.86;5283573.15;1517.74
48103;408232.4;5283873.97;1502.77
48104;407974.3;5283603.57;1350.85
15339;407884.93;5283537.92;1313.93
15341;407509.02;5283885.2;1403.97
15344;407727.56;5283854.15;1485.35
15346;407742.69;5283343.07;1451.21
15347;408293.38;5283835.19;1558.12
48120;407571.19;5283490.01;1449.19
15353;407714.61;5283131.15;1153.42
48125;408337.38;5284583.11;1621.44
15357;407765.47;5283832.12;1473.2
48127;407792.78;5283346.46;1517.87
48126;407679.99;5283207.07;1489.32
48129;407605.78;5283912.05;1417.47
15362;407688.06;5283846.6;1512.14
48133;407583.33;5283886.43;1381.85
15367;407169.26;5282847.57;1080.69
15372;407647.46;5283923.73;1502.76
15373;407730.34;5283148.0;1197.39
15376;408863.51;5285035.66;1525.42
15381;407484.16;5283857.09;1417.67
48156;408190.09;5284174.16;1492.6
48157;408172.46;5283914.41;1484.64
15388;407594.81;5283907.6;1384.74
48159;407592.13;5283835.64;1476.17
15392;409000.68;5285476.12;1619.8
15393;407950.5;5283900.16;1501.97
15396;407918.14;5283754.05;1492.67
48165;408699.51;5284870.89;1466.45
15401;408198.75;5283745.23;1448.76
15402;408009.69;5283601.91;1329.93
15403;409197.62;5285393.44;1443.55
15404;407724.81;5283969.12;1361.34
48171;407901.9;5284151.78;1273.76
48174;407644.79;5283663.53;1411.96
48176;408269.41;5283713.42;924.35
48180;408206.07;5284024.04;1491.42
15413;407808.46;5283758.41;1506.96
15414;408682.61;5284960.62;1579.62
15417;407652.56;5283841.46;1518.25
15418;407776.73;5283833.49;1483.11
48187;407200.48;5282878.94;1090.5
15419;407860.35;5284091.98;1473.67
15423;407608.14;5283754.4;1515.74
15424;407794.62;5284043.13;1425.1
15425;408525.72;5284885.76;1639.29
48193;407767.02;5283683.19;1527.17
15427;407630.03;5283879.78;1431.62
48196;408156.19;5284092.22;1438.09
48197;408081.18;5283980.07;1468.6
15431;407387.99;5282896.78;960.52
15434;408165.46;5284090.34;1470.75
48204;407680.07;5283205.52;1490.29
15436;408057.04;5283454.0;921.9
15439;408871.96;5285375.39;1622.49
48209;407419.12;5282997.88;1075.45
15444;408916.85;5285370.4;1523.62
48212;407473.08;5283268.89;1343.56
15447;407466.52;5283011.86;1038.54
15449;407907.34;5283815.97;1535.67
15450;407570.05;5283524.29;1464.76
48223;408093.52;5284007.66;1481.95
48224;407864.32;5283487.93;1282.16
15458;407549.34;5283791.5;1443.27
15460;407976.37;5283899.08;1543.79
15464;407872.07;5283883.42;1406.69
15466;407643.99;5283829.98;1474.7
48235;407448.25;5282819.26;924.28
15472;407722.58;5283036.78;1531.26
15478;408030.58;5283985.24;1513.91
48250;407746.06;5283805.23;1468.33
15487;408445.98;5284650.51;1582.21
15488;408026.4;5283910.57;1532.78
48258;407587.34;5283911.35;1369.93
15494;407651.4;5283647.27;1463.38
48263;407675.03;5283854.82;1448.08
48265;408794.85;5285201.92;1612.6
15500;407728.44;5283637.71;1433.13
15504;408815.96;5285006.77;1497.46
48272;407963.62;5283699.57;1398.23
15507;407623.3;5283775.16;1513.87
48277;407805.24;5284068.45;1447.33
48278;407672.77;5283656.15;1472.15
15512;407990.95;5283482.83;1214.3
15514;408037.17;5283623.37;1342.6
48282;407379.7;5282914.63;979.91
15516;409087.49;5285473.02;1626.51
48285;407405.77;5282940.82;1047.0
48288;408933.21;5285372.41;1448.84
15522;408481.76;5284514.41;1494.0
48291;409090.97;5285275.34;1544.75
15524;408155.02;5284095.35;1441.92
48299;407740.24;5283636.08;1415.49
48303;407878.38;5283483.42;1251.62
15539;407310.6;5283183.26;1347.46
15541;408451.87;5284838.72;1643.42
48309;407671.89;5283788.92;1542.06
48311;407981.71;5283643.63;1401.58
48310;407411.64;5282979.88;1070.2
15546;407985.16;5283571.0;1353.05
48318;407726.51;5283655.45;1496.73
48321;407562.42;5283276.58;1402.86
48323;407810.31;5283754.12;1504.86
48333;407331.26;5282671.19;929.14
15568;407672.32;5283822.24;1506.53
15569;407562.13;5283519.37;1505.95
15571;407737.16;5283802.82;1540.69
48340;409111.22;5285537.92;1651.36
15573;407886.26;5283759.13;1499.35
48342;408123.41;5283870.65;1485.35
48343;408620.04;5284783.47;1468.82
48345;409011.47;5285423.44;1603.49
15578;408525.31;5284735.06;1593.22
48347;407605.74;5283066.67;1315.71
48348;407270.3;5282897.19;1124.11
15583;407628.78;5283865.34;1340.89
15584;407707.03;5283641.06;1430.49
48358;407834.58;5283671.32;1464.4
15591;407641.56;5283571.83;1510.76
15593;407606.5;5283917.33;1388.59
48363;408402.98;5284592.88;1674.69
15596;409141.44;5285398.23;1443.98
48365;408858.84;5285203.35;1428.78
15597;407255.35;5282792.62;1087.92
15601;407613.86;5283850.76;1434.45
48370;407209.07;5283182.82;1388.9
48372;408114.03;5283668.42;1318.3
15610;407895.86;5283783.67;1632.71
15611;407411.95;5282850.08;966.75
15612;408237.28;5283930.84;1491.38
48382;407171.01;5282842.47;1078.18
48383;407591.63;5283860.57;1369.58
15617;407649.44;5283788.69;1469.02
15618;407522.46;5283315.63;1394.36
15620;407700.12;5283680.16;1507.18
15622;407594.73;5283906.61;1384.39
48393;407567.75;5283905.88;1415.44
15625;407743.56;5283122.2;976.91
48395;407798.65;5283927.2;1477.62
48398;407706.09;5283602.32;1508.39
15632;408891.63;5285145.01;1411.1
15634;408378.59;5284610.44;1580.34
48403;408784.75;5284738.73;1400.17
15636;407690.38;5283903.9;1415.57
48406;407761.74;5284026.3;1365.99
48407;407570.77;5283520.84;1464.77
48408;408834.66;5285362.92;1604.77
15648;409080.85;5285457.72;1612.5
48416;407579.96;5283875.26;1422.45
15650;407564.62;5283034.98;1018.83
15653;407788.23;5283843.65;1360.36
15654;408317.25;5283823.43;1515.94
15659;407756.18;5283515.58;1463.73
15660;408259.1;5283944.69;1481.93
15661;407625.03;5283958.1;1475.14
15663;408994.93;5285422.15;1667.57
48431;407239.92;5282902.08;1107.37
48433;407583.21;5283892.41;1376.87
15665;407454.0;5283033.7;1070.96
48436;407909.37;5283829.1;1531.53
15668;407639.16;5283898.92;1516.74
48440;408428.94;5284845.88;1658.27
15674;407995.45;5283601.77;1337.98
15677;407928.66;5283742.27;1476.75
15680;408409.83;5284834.7;1484.42
48448;407606.76;5283802.3;1507.95
15681;407357.8;5283007.63;1117.36
15686;409173.1;5285370.1;1448.69
48454;407222.95;5282909.74;1091.82
48457;407674.45;5283987.18;1448.96
15690;407767.17;5283322.33;1523.16
48458;408003.57;5283423.73;931.2
15693;407267.96;5282726.87;1037.39
15694;409047.57;5285306.47;1508.25
48463;407207.83;5282794.32;1059.64
48466;407680.37;5283155.6;995.87
15702;407212.18;5282818.98;1118.89
48476;407626.18;5283869.37;1419.17
48477;407267.76;5283175.36;1376.94
15710;407359.88;5282951.1;1045.59
48480;408714.98;5285020.92;1577.57
15712;407869.84;5283765.57;1603.72
15713;407675.26;5283749.36;1479.47
15721;407586.37;5283827.88;1330.72
48490;407815.68;5283854.15;1334.31
15723;407604.88;5283898.9;1365.07
48491;407353.95;5283060.01;1127.43
48493;407740.27;5283120.72;975.66
48495;407779.32;5283342.01;1521.98
15729;407493.76;5282903.34;1024.77
48499;408702.46;5284803.33;1463.18
48500;408316.48;5283815.67;1510.57
15731;407999.34;5283601.77;1336.41
15737;407557.76;5283024.46;1110.84
15738;407610.37;5283103.27;1036.18
48510;408350.11;5283833.39;1568.4
48513;407550.94;5283046.49;1056.14
48519;408096.81;5284008.8;1480.78
15751;407672.01;5283984.86;1454.23
48521;407743.46;5283874.69;1549.74
48523;407448.57;5282908.23;997.45
48524;407651.05;5283874.44;1516.58
15757;407783.04;5283387.26;1511.5
15760;407945.61;5283670.67;1405.68
15762;407845.81;5283995.15;1479.37
15763;407950.55;5283839.56;1518.12
48534;407589.77;5283876.2;1421.08
15768;407777.14;5283306.05;1537.58
48536;407657.12;5282979.67;928.41
15773;408159.38;5283862.6;1495.01
15776;407570.92;5283915.38;1402.04
48547;408031.61;5283503.43;1236.07
15780;408533.94;5284828.2;1595.56
48551;407697.51;5283733.46;1462.94
48553;407461.6;5283347.61;1419.65
15791;407798.81;5283480.27;1489.42
48560;408489.68;5284517.73;1481.15
48559;407203.26;5282864.61;1082.64
15796;408272.78;5283794.38;1528.01
48565;408939.2;5285347.67;1621.17
48566;407793.01;5283402.01;1516.01
15799;407582.72;5283483.68;1442.81
15801;407952.69;5283814.48;1517.91
48570;407660.5;5283736.33;1466.45
48572;408073.73;5283994.3;1488.69
48573;407669.34;5283702.32;1470.75
15806;408144.6;5283842.18;1513.14
15807;408059.59;5284022.51;1529.56
48574;407377.36;5283016.57;1130.06
48580;407705.45;5283687.82;1510.12
48582;407523.6;5283885.82;1383.31
48584;407597.13;5283831.3;1455.66
15817;407952.94;5283644.49;1406.26
48588;407187.52;5283270.56;1469.38
48589;407577.99;5282882.5;920.1
15826;408568.51;5284909.65;1624.25
48594;407650.23;5283792.41;1469.05
15830;407745.07;5283943.51;1352.02
48599;408120.85;5284040.75;1494.86
48601;408156.62;5283914.09;1491.02
15835;407588.24;5283880.15;1423.66
15837;407817.42;5283632.09;1483.71
48605;407639.84;5283860.94;1512.31
48606;407444.69;5283321.95;1353.37
48608;407174.9;5283169.96;1393.26
15841;408894.32;5285165.5;1414.99
48610;408384.85;5284716.65;1599.11
15842;408176.37;5284113.46;1511.4
15843;407905.38;5283812.14;1527.44
15845;407195.57;5283273.49;1453.28
15846;407733.3;5283789.93;1541.5
15844;407435.59;5283042.51;1091.76
15849;407707.15;5283826.06;1522.81
15850;407618.47;5283836.62;1497.91
48617;407610.52;5283715.15;1541.14
48620;407452.3;5283338.82;1358.85
15853;407599.32;5283944.24;1477.77
15852;407211.76;5283183.6;1359.59
15855;407614.24;5283806.26;1504.33
15857;407981.83;5283481.61;1214.99
48626;409151.54;5285570.82;1710.28
48628;408571.68;5284896.84;1590.88
15861;407671.91;5283958.36;1459.93
48632;407776.61;5283708.62;1528.55
15866;408169.07;5283930.23;1483.26
15868;407555.87;5283036.1;1122.99
48637;407696.73;5283794.16;1516.06
15873;407212.7;5282746.94;1055.91
15875;408187.54;5284246.74;1513.0
48643;408194.44;5284025.2;1479.25
48645;407755.06;5284011.48;1379.38
48647;408900.45;5285453.0;1624.24
15883;409122.44;5285513.46;1683.13
15885;407410.54;5283191.97;1305.88
15887;407708.74;5283880.51;1417.28
48656;408080.52;5283994.82;1508.24
15888;407734.65;5283094.65;1254.49
48655;408039.66;5283439.11;924.28
15891;407679.68;5283888.43;1402.56
48661;407741.36;5283811.4;1542.53
15895;407817.72;5283549.29;1461.59
48663;407730.32;5283848.95;1482.81
15897;408501.87;5284499.06;1494.37
48665;407604.55;5283893.69;1461.58
15901;407748.64;5283221.4;1529.72
15902;407893.88;5283840.61;1455.18
48671;407520.62;5282974.79;985.43
15905;409102.52;5285293.23;1554.86
48676;407796.28;5283843.13;1505.29
15910;408018.18;5284047.92;1510.51
48681;408218.31;5283867.11;1467.5
15915;407677.22;5283917.78;1376.4
48684;407660.45;5283839.41;1505.53
48685;407837.8;5283765.04;1505.67
15918;407597.2;5283864.52;1459.44
48688;408162.81;5284086.67;1476.7
48689;408334.58;5284574.63;1597.08
48690;407311.48;5283069.8;1116.12
48692;407795.97;5283823.56;1498.74
48694;407411.57;5283365.73;1453.31
15927;407725.12;5283641.69;1489.47
15928;407463.52;5283297.34;1377.28
48695;407207.73;5283215.91;1518.6
15936;407687.12;5283935.02;1372.84
15939;408175.73;5284159.29;1521.97
15941;408719.04;5285026.64;1576.72
48709;408965.15;5285312.33;1461.28
48710;409092.42;5285451.93;1583.7
15943;408164.27;5283930.61;1486.94
15947;409130.4;5285335.73;1581.36
15948;407552.22;5283523.03;1495.53
15951;408075.21;5284009.38;1496.64
15952;407363.48;5283195.17;1345.34
15955;407446.04;5283193.06;1297.89
15956;407318.3;5282993.29;1107.15
48725;408410.59;5284593.13;1528.07
15957;408911.54;5285304.98;1429.81
48727;407722.08;5283878.93;1425.96
15960;408174.92;5283939.42;1486.68
48729;407587.96;5283130.01;1286.69
15962;407579.32;5283865.03;1472.7
15963;407909.95;5284106.75;1308.96
48732;407339.01;5283005.99;1114.77
48735;408452.13;5284816.34;1650.93
15969;408091.32;5283991.82;1467.47
48738;408052.57;5283680.76;1395.94
15971;408195.09;5284056.24;1502.45
15972;408405.3;5284580.47;1650.39
15973;407711.36;5283781.93;1535.98
15974;407795.94;5283696.64;1483.72
48737;407472.11;5283285.01;1354.68
15977;408671.46;5284812.34;1481.7
48746;408334.22;5283801.14;1484.68
15979;407963.59;5283863.89;1519.51
48748;408196.69;5284180.42;1519.35
15981;408163.42;5284094.65;1454.12
15982;408197.4;5283959.56;1496.23
48752;409067.43;5285414.16;1551.82
15985;407245.98;5282904.14;1106.51
15986;408337.38;5283860.58;1547.72
15992;407928.62;5283820.83;1384.18
48762;408348.96;5283804.51;1472.8
48764;407525.95;5283775.39;1472.0
15997;407809.28;5283755.52;1505.79
15999;408247.95;5283722.79;943.54
48768;407937.19;5283684.55;1418.7
48769;407629.28;5283672.09;1337.13
48773;407349.0;5283070.46;1109.37
16007;408236.04;5284257.16;1496.65
16008;407770.18;5283833.58;1477.71
16012;407558.12;5283807.18;1432.3
48782;409051.95;5285251.5;1519.75
48785;407689.31;5283897.81;1411.47
16017;407368.65;5283177.72;1342.79
48788;407968.41;5283756.44;1395.65
48791;407568.56;5283529.61;1473.15
48797;408190.68;5283916.47;1500.13
48800;407710.53;5283639.14;1425.14
16037;407623.86;5283874.38;1424.92
48807;407844.91;5283674.29;1464.71
16044;408210.11;5283868.6;1474.5
16045;407711.02;5283774.5;1502.41
48815;407601.7;5283791.98;1500.73
16048;407574.9;5283912.17;1416.63
16049;407636.93;5283898.93;1364.67
48818;407250.55;5282532.18;920.18
16055;408810.88;5284619.34;1467.12
16056;407630.85;5283956.94;1390.49
16057;408506.51;5284742.41;1613.96
48827;408999.59;5285454.43;1370.05
48829;408818.03;5285300.82;1597.4
16063;408881.28;5285349.63;1454.19
16064;408394.09;5284565.31;1632.65
48832;407990.41;5283780.44;1423.89
16066;407514.07;5283449.44;1442.65
48835;407613.19;5283901.88;1440.44
16067;407263.33;5282942.23;1082.31
48839;409088.83;5285450.41;1577.99
16073;407217.88;5282819.36;1043.83
16074;407452.58;5283321.73;1388.2
16075;409161.01;5285382.49;1586.13
48846;408331.44;5284569.44;1614.21
48848;408278.56;5283818.0;1542.36
48849;407995.44;5283762.52;1418.77
16083;407598.83;5283131.45;1297.62
48855;407403.13;5283197.09;1254.95
16087;407296.92;5282644.15;961.8
16092;407722.8;5283580.72;1452.96
16093;407643.12;5283913.93;1365.32
48862;408537.23;5284552.4;1489.98
48863;407755.45;5283882.78;1554.43
48864;407492.37;5283304.91;1370.7
16096;407985.94;5283488.4;1217.41
16098;409080.67;5285434.08;1637.93
48868;409165.86;5285583.96;1719.85
16101;407650.13;5283983.11;1453.1
16104;407606.38;5283863.71;1444.8
48873;408504.95;5284884.24;1647.75
16105;407550.35;5283123.8;1216.15
48876;407814.56;5283691.92;1503.6
16108;407315.94;5283197.01;1246.69
48878;407789.33;5283676.25;1506.68
48880;408458.64;5284813.11;1649.5
48882;407730.87;5283586.47;1321.6
16115;407637.41;5283934.58;1294.89
48884;407610.19;5283557.63;1503.35
16118;407766.18;5283830.34;1473.02
16120;407599.86;5283898.41;1416.47
16126;407553.44;5283058.42;1033.72
16128;409000.19;5285425.94;1606.38
48899;408173.07;5284119.33;1522.72
16136;408584.61;5284952.21;1607.26
48906;408872.91;5285215.68;1443.94
16139;407263.11;5283175.63;1365.38
48908;408364.28;5283842.57;1571.38
16141;407723.42;5283054.35;1529.75
48910;408522.77;5284735.89;1602.29
16143;409067.17;5285429.88;1567.79
16140;407878.83;5283515.03;1295.92
16146;407210.6;5283200.83;1401.12
48921;407687.41;5283831.74;1518.77
48922;409126.56;5285377.58;1587.48
48923;407999.99;5284115.11;1492.27
16153;407605.54;5283834.15;1494.06
16157;407721.53;5283770.08;1541.12
48924;407640.05;5282965.29;924.77
16160;407662.66;5283548.33;1522.82
48932;408008.11;5283601.35;1359.92
16165;408143.3;5284099.68;1528.21
16166;407586.94;5283824.05;1471.51
48935;408454.69;5284700.57;1602.43
48938;407659.4;5283894.43;1463.45
48939;407272.99;5283004.73;1106.8
48942;408807.72;5285307.35;1788.32
16174;407469.16;5283352.89;1413.07
16178;407661.03;5283697.74;1461.96
48947;408368.23;5284550.93;1615.11
16188;407287.82;5283038.6;1108.33
48958;408082.64;5283992.54;1463.63
48960;407836.65;5283832.7;1501.86
48962;407745.83;5283111.36;967.78
16195;407893.88;5283841.77;1455.97
48963;407676.36;5283210.35;1484.6
48965;408867.14;5285214.3;1442.9
48964;407451.18;5282981.89;1039.03
16200;407586.01;5283918.34;1380.32
16201;407733.4;5283768.1;1486.26
16202;408455.27;5284495.63;1496.95
48971;407713.96;5283663.53;1505.81
48970;407583.62;5283917.5;1376.08
16205;407630.5;5283874.13;1396.55
16203;407306.39;5282616.41;948.09
48976;407736.58;5283788.1;1487.32
48979;407987.65;5283483.41;1213.83
48980;407994.68;5283724.73;1409.69
48983;407599.51;5283015.65;1340.45
16216;407402.86;5283197.09;1262.7
16217;407730.82;5283655.37;1497.73
48989;407993.27;5283748.44;1409.85
48990;408202.37;5283860.11;1472.55
48991;407672.61;5283856.41;1410.88
16224;408852.87;5284559.0;1428.11
48992;407847.25;5283674.45;1460.2
48994;407629.23;5283856.95;1428.69
48995;407582.24;5283532.04;1463.47
48996;407397.03;5282941.48;1060.85
16229;408194.98;5283975.07;1492.91
16232;409097.3;5285331.31;1550.91
49002;407176.62;5282843.56;1084.64
16235;407988.39;5283708.27;1385.0
49004;408456.19;5284693.31;1579.81
49005;407199.84;5283220.11;1415.5
49003;407328.03;5282953.65;1079.72
16239;407651.08;5283943.83;1436.4
49010;409040.33;5285485.83;1639.99
16242;407698.15;5283135.64;1498.08
49014;408377.27;5284532.5;1641.77
49016;408874.27;5285157.35;1421.23
16249;408185.47;5283895.14;1499.57
16250;409086.25;5285455.75;1609.81
49018;407691.51;5283927.62;1516.46
16252;407824.85;5283669.51;1491.63
16253;408143.8;5283852.28;1478.8
49022;407742.25;5283607.47;1517.61
49024;407956.0;5283522.94;1328.57
49025;409112.5;5285510.19;1681.16
16258;408479.36;5284706.22;1589.1
49026;407652.0;5283696.89;1448.39
16257;407375.2;5283013.11;1129.92
16256;407421.66;5282951.46;1047.02
16262;408673.49;5284973.75;1604.54
16265;407739.11;5283862.38;1480.57
49039;407516.84;5282991.14;998.74
16273;408199.74;5283985.28;1482.78
16274;407351.27;5283196.5;1191.68
49046;407994.2;5283583.63;1359.13
49047;407741.09;5283602.85;1516.69
16280;408618.98;5284954.26;1619.65
49049;407472.0;5283018.21;1040.43
16282;407709.17;5283891.29;1415.06
16279;408223.99;5283705.8;951.54
16287;407674.74;5282984.86;918.96
49057;407198.23;5282880.19;1089.14
16290;407442.57;5283258.01;1368.74
49062;408584.02;5284881.21;1606.04
49063;407640.0;5283953.36;1390.57
16295;407527.13;5283189.86;1263.63
16299;408714.26;5285200.76;1613.15
16302;408175.3;5283868.84;1483.59
49073;407933.38;5283810.43;1554.76
49074;407651.23;5283934.04;1385.53
16312;407744.87;5283830.82;1533.42
49081;407191.57;5283273.47;1434.77
16314;408182.71;5283953.24;1455.96
49082;408075.59;5284109.05;1550.37
16316;407509.32;5283442.6;1438.6
49086;407728.16;5283636.74;1436.48
49087;408005.36;5283460.77;1164.3
16322;408275.55;5283819.62;1573.86
16325;407816.58;5283675.01;1478.64
16326;407641.18;5283814.55;1523.37
49095;407641.12;5283570.69;1453.41
16331;407748.9;5283242.64;1528.07
49102;408092.43;5284006.11;1508.28
49103;408932.51;5285382.5;1618.9
16335;408168.35;5283924.03;1481.59
49105;407642.6;5282978.99;936.47
16339;407710.84;5283872.07;1536.66
49108;408326.78;5283841.51;1528.49
49110;407620.88;5283991.85;1427.03
49111;408833.8;5284631.52;1452.13
49112;407782.05;5283300.97;1539.14
16344;407564.51;5283888.43;1439.29
16343;407209.47;5283182.31;1366.33
49116;407497.48;5283229.12;1285.7
49117;407499.45;5283035.32;1038.77
49119;408694.78;5285084.61;1608.82
16352;408165.21;5283916.78;1480.89
16351;407874.37;5283751.53;1503.18
16355;407758.18;5283869.56;1470.69
49124;408853.4;5285329.71;1804.12
16356;408301.24;5284403.35;1457.61
49127;407995.18;5283604.55;1341.92
49128;408407.95;5284801.3;1636.86
16359;407585.69;5283926.0;1467.54
49130;407739.25;5283823.94;1531.09
16363;407971.02;5283758.67;1398.73
16365;407566.76;5283780.19;1528.42
49134;407518.82;5282958.85;976.0
49137;407695.75;5283889.41;1400.81
16371;407668.66;5283789.36;1485.25
16376;408412.14;5284590.46;1576.21
49145;408065.4;5283969.94;1523.2
49144;408125.05;5283712.77;1339.17
16379;407249.11;5282706.77;1032.23
49148;407678.84;5283614.29;1478.9
16381;407942.51;5283852.02;1503.94
49149;407663.21;5283894.98;1518.8
49151;409055.31;5285515.46;1647.26
16380;407718.32;5283149.54;1153.12
16386;408873.5;5285021.52;1516.61
49158;408278.06;5283809.71;1514.58
16390;407671.09;5283773.72;1485.24
49160;407863.01;5284092.04;1483.43
16397;407795.91;5283830.03;1491.91
49167;407682.29;5283880.93;1408.62
16400;409144.08;5285560.71;1640.44
49170;407801.88;5283867.4;1495.88
16402;407640.68;5283963.17;1391.1
16403;407274.23;5282954.24;1066.33
49175;407910.1;5283786.52;1526.48
49178;407599.77;5283884.76;1355.45
16412;407664.48;5283598.48;1466.12
16413;408400.88;5284745.59;1618.25
16414;409100.05;5285448.59;1592.56
49182;408150.62;5283846.22;1490.47
16415;407988.05;5283578.1;1346.06
49185;407753.73;5283683.84;1522.82
49181;407995.57;5283481.18;1200.36
16420;407287.97;5282970.93;1087.17
49189;407523.38;5283776.94;1471.9
16422;408422.21;5284644.98;1616.27
16423;407465.7;5283335.04;1398.75
49194;407940.69;5283770.19;1497.86
49195;407666.35;5283602.42;1453.62
16428;408282.0;5283806.6;1522.15
16429;408341.28;5283787.21;1487.01
16432;407633.81;5283920.94;1448.98
49201;407651.8;5283831.55;1505.94
16434;407867.94;5283877.52;1394.32
49202;407707.65;5283913.84;1311.26
49204;407732.22;5283573.95;1477.09
49205;408206.24;5284256.57;1509.84
16435;407493.28;5283238.3;1317.38
16440;407653.6;5282974.28;926.23
16444;407657.2;5283972.09;1388.96
49212;407595.42;5283144.29;1292.21
16445;407536.76;5282994.74;990.53
16448;408276.16;5283822.38;1561.54
16452;407621.77;5283916.47;1474.23
49221;408000.47;5283601.67;1336.02
16454;408073.04;5284013.18;1497.73
16456;408733.17;5285017.73;1585.14
49225;408264.58;5283817.35;1546.2
49230;408822.56;5285305.18;1613.81
16467;407525.12;5282983.63;988.58
16469;407926.69;5283535.27;1293.83
49238;408188.2;5284104.4;1484.23
16470;407908.46;5283771.32;1552.47
16472;407898.78;5283541.67;1306.21
16473;408084.99;5283983.4;1459.16
49241;407383.09;5282964.65;1057.9
49243;407604.29;5283917.53;1414.74
16479;407830.55;5284091.48;1356.18
16485;408615.78;5284755.75;1487.16
16487;407685.29;5283124.22;987.11
16488;407731.86;5283629.87;1436.61
49258;407707.68;5283909.05;1544.75
49259;408407.42;5284588.31;1602.25
16491;408222.36;5283859.77;1457.44
49262;408578.65;5284576.58;1481.86
49263;408530.18;5284751.99;1607.07
49264;407665.22;5283594.3;1455.05
49268;408330.42;5284568.56;1614.38
16501;407459.78;5283350.84;1365.5
49271;407763.04;5283305.7;1455.59
49272;408648.47;5285150.48;1633.36
16505;407878.37;5283785.95;1522.16
16503;407619.36;5283851.91;1422.23
49273;407264.39;5282880.96;1126.62
16508;407668.31;5283771.27;1543.68
16509;408022.19;5283627.76;1358.39
49279;408998.85;5285418.38;1660.27
49281;407583.26;5282977.95;972.13
49283;408347.44;5284579.72;1662.64
16515;407596.17;5283919.97;1409.66
49284;407619.39;5283084.09;1032.5
49287;408293.53;5284343.23;1497.03
16520;409070.82;5285494.4;1607.34
49289;407590.66;5283932.19;1477.6
49288;407603.09;5283911.92;1397.09
49291;409127.03;5285507.81;1678.13
16523;407476.66;5283348.6;1412.75
16522;407498.66;5283892.99;1430.59
16521;407270.91;5282639.79;980.95
49295;407654.04;5283532.64;1521.29
49296;408364.73;5284553.82;1596.89
16528;408900.54;5285347.34;1449.2
16527;407581.01;5283822.63;1327.64
49299;407678.25;5283889.83;1512.18
49302;407200.4;5282848.92;1083.89
16536;407659.76;5283572.85;1517.18
16537;408236.32;5283717.59;970.12
16540;407678.68;5283176.91;1486.16
16541;408649.71;5284986.09;1619.62
16542;407568.56;5283516.33;1505.29
16544;407684.83;5283892.07;1392.63
16548;408346.8;5284592.27;1627.6
16549;408209.58;5283866.35;1506.87
49324;407629.4;5283879.07;1376.42
16556;407205.81;5282772.94;1060.09
16559;408578.5;5284946.89;1584.14
16560;408578.5;5284949.44;1585.02
49328;407670.34;5283901.33;1508.38
16562;407652.6;5283589.15;1468.9
16564;407797.72;5283347.7;1515.24
49332;407995.99;5283675.37;1407.84
16566;407507.76;5283880.58;1401.58
49335;407552.64;5282889.06;925.71
49337;408090.07;5283985.36;1485.38
16570;408568.76;5284639.9;1493.29
49340;407243.93;5282908.61;1104.04
16573;407628.7;5283927.89;1520.87
16576;408282.03;5283796.09;1514.06
49345;408659.78;5285000.81;1617.08
49347;407591.73;5283885.67;1398.6
16583;407622.93;5283113.57;1032.36
16584;408369.78;5284552.09;1591.55
16585;407436.04;5282775.58;926.7
49355;407651.14;5283823.93;1506.61
16587;407940.19;5283528.5;1304.86
16588;407590.66;5283888.15;1425.12
49358;407640.34;5283571.15;1455.5
49360;407663.5;5283950.47;1444.61
49361;408043.04;5283619.98;1337.85
49362;409054.23;5285372.83;1445.45
16594;407636.89;5283867.73;1469.91
16599;407990.81;5283520.47;1261.78
49371;407441.59;5283318.22;1338.98
16608;407629.36;5283895.71;1468.58
49379;407610.86;5283150.81;1246.42
16612;408151.62;5284065.51;1509.22
16614;409060.24;5285333.22;1520.89
16615;407696.24;5283674.89;1460.5
49383;407373.51;5283167.41;1278.29
49389;407599.2;5283880.92;1476.75
16625;408917.27;5285378.62;1607.81
49394;408021.64;5284024.74;1283.65
49393;407828.84;5283699.98;1512.05
16627;407576.92;5283133.74;1279.47
49397;407779.59;5283350.94;1518.41
16630;408233.55;5283807.14;1500.62
16631;407367.46;5283168.7;1290.61
16628;407645.76;5283950.27;1258.64
49401;408324.29;5284473.46;1480.85
16632;407358.16;5282958.0;1048.76
49403;407705.25;5283977.25;1356.76
16636;407817.73;5283684.63;1500.21
16637;408176.53;5283961.94;1485.08
49406;409100.22;5285656.15;1685.87
16639;409042.12;5285481.16;1639.99
16638;407564.61;5283889.48;1437.02
16641;407661.03;5283884.54;1468.86
49413;408256.53;5283935.08;1479.86
49414;408803.93;5284626.03;1476.99
16647;408076.75;5284107.96;1550.48
16645;407746.06;5283908.76;1316.61
16649;408519.49;5284664.16;1428.12
16650;408220.79;5283860.58;1436.56
16653;407166.28;5283233.8;1415.56
49422;408333.48;5283781.84;1471.39
49423;408914.78;5285368.04;1501.23
49424;409134.13;5285553.31;1619.97
16657;407347.01;5283074.84;1155.1
49430;407644.41;5283812.48;1471.04
16667;408411.32;5284826.88;1476.31
49435;408993.54;5285476.41;1662.83
49438;407982.88;5283518.48;1348.67
49439;407630.59;5283882.82;1460.2
16672;409130.37;5285516.54;1685.28
16671;407703.56;5283870.69;1392.78
16674;408352.43;5283807.23;1498.0
49443;407661.13;5283594.63;1468.18
16676;408242.21;5283941.2;1492.54
16677;409072.09;5285456.3;1581.61
49445;408202.16;5284022.23;1489.57
49446;408051.58;5284004.51;1531.69
49448;408756.72;5284715.49;1416.86
16679;407905.94;5283794.71;1624.25
16681;407593.65;5283839.16;1461.29
16683;407554.15;5283774.44;1272.12
16684;407911.88;5283840.44;1380.99
49447;407871.47;5284118.04;1296.19
49457;407810.32;5284047.43;1438.66
49458;407689.7;5283834.94;1545.45
16690;408004.65;5283461.19;1170.1
16692;407762.74;5283294.71;1513.81
49461;407415.08;5283383.29;1466.2
16694;407438.31;5283217.78;1369.71
16697;407731.49;5283566.13;1472.56
16699;408413.1;5284830.37;1474.73
49468;408004.09;5284028.83;1295.29
49469;408708.7;5285110.56;1610.21
49471;407486.96;5283858.3;1427.11
49472;407295.02;5282606.66;945.78
16708;408646.03;5285152.4;1629.32
49476;407660.3;5283977.85;1408.9
49482;407837.96;5283833.03;1499.92
49483;408198.63;5284262.88;1515.63
16718;407897.05;5283573.95;1333.39
49487;407799.62;5283828.79;1504.51
16719;407658.18;5283934.71;1450.85
49488;407289.64;5283012.75;1109.67
49495;408180.94;5284122.61;1505.47
16727;407833.44;5283988.09;1476.3
16729;408267.86;5284357.83;1515.42
16728;407506.91;5283061.45;1045.91
49499;407863.21;5283669.23;1510.45
16731;407693.55;5283575.54;1499.09
49501;407636.4;5283975.85;1459.89
49503;408565.62;5284875.65;1606.76
49504;408134.45;5283868.01;1478.98
16737;408856.93;5284533.82;1419.85
49508;407208.48;5283186.62;1361.96
16743;407946.01;5283739.06;1431.13
16745;407509.11;5282941.62;970.39
49514;407673.03;5283792.48;1537.91
16751;407557.97;5283905.53;1404.76
16752;407557.15;5283526.73;1501.4
49521;407736.8;5283115.51;1527.25
16756;408468.24;5284703.72;1596.89
16757;408207.99;5283641.96;941.4
16761;408202.61;5284250.68;1483.64
16762;407231.1;5282909.84;1070.19
49535;408210.9;5283871.24;1477.31
16768;407595.97;5283915.84;1391.21
49538;407798.3;5283832.96;1501.75
49539;408890.49;5285347.97;1448.4
16771;408682.11;5284694.06;1452.09
16772;408156.35;5284116.15;1517.66
16774;407731.88;5283804.89;1540.03
16775;408892.75;5285346.44;1616.12
49547;408018.12;5284045.78;1505.63
49548;408366.04;5283831.38;1514.67
49549;408088.64;5283984.33;1493.08
16782;407597.04;5283896.29;1405.74
16783;408958.78;5285479.89;1757.06
49553;407602.02;5283893.91;1415.99
49554;407732.63;5283840.28;1501.21
49555;407267.23;5282910.05;1101.88
16789;407638.55;5283587.45;1462.35
16792;409063.03;5285432.38;1549.4
49563;407826.04;5283673.03;1471.38
49567;407323.05;5283172.48;1334.31
16800;407593.63;5283718.01;1530.72
49573;407606.96;5283161.35;1300.51
16806;408758.2;5285093.3;1585.12
16810;408089.2;5284022.82;1506.15
49578;408088.72;5283996.41;1474.71
16812;409011.73;5285415.98;1605.41
49579;408198.25;5283765.89;1492.41
16811;407741.87;5283997.22;1390.09
16814;407723.92;5283963.32;1309.64
49586;408812.55;5284633.22;1475.81
16819;409089.93;5285314.59;1536.74
16821;407822.16;5283661.28;1466.88
16822;407570.09;5282904.72;933.15
16823;407829.16;5283663.13;1463.58
49589;407500.11;5282886.15;956.41
49596;407422.85;5282943.79;1026.32
16829;408271.66;5284371.03;1502.67
16830;407742.16;5283631.2;1414.4
16831;407736.65;5283148.22;1192.27
49600;407383.21;5282925.34;991.79
16833;407378.67;5283404.77;1499.35
16835;408163.73;5283631.01;953.11
16837;408211.15;5284241.2;1458.51
16839;407612.46;5283939.29;1406.58
16845;408796.63;5285262.75;1623.79
16847;408165.48;5284119.35;1521.06
49618;408112.21;5284055.92;1520.35
49620;407666.5;5283653.38;1475.89
16854;407399.18;5283390.73;1470.38
16856;408933.31;5285461.03;1595.25
16860;407688.15;5283857.79;1542.49
49631;408223.24;5283796.79;1492.94
49632;408363.03;5284528.52;1629.01
16864;407671.2;5283610.94;1489.31
49634;408092.06;5284062.0;1507.45
49635;407247.75;5282896.88;1112.13
16868;407579.33;5283902.77;1423.12
49640;407986.41;5283705.73;1380.2
16874;407580.38;5283890.58;1426.71
16875;407489.52;5283312.04;1387.29
16879;407858.41;5283746.06;1491.78
16880;407290.37;5283047.86;1110.17
16882;407942.87;5283673.72;1407.29
16883;407815.64;5283680.65;1497.75
49651;407427.59;5283211.15;1369.25
49654;408751.49;5285182.21;1601.12
49656;407816.5;5283761.67;1507.87
49660;408089.11;5284061.16;1504.59
16894;408022.37;5284063.67;1509.54
49662;407513.36;5282993.42;1002.22
16898;407700.53;5283668.33;1499.77
16899;408436.97;5284716.25;1600.14
49668;408189.0;5283939.91;1495.16
49669;407547.22;5283259.63;1290.9
49670;407640.83;5283541.57;1510.67
49673;407602.18;5283713.45;1539.57
49674;407683.26;5283887.37;1406.84
16911;408534.83;5284871.27;1626.27
16914;407938.0;5283804.8;1400.38
49686;408691.47;5284693.55;1456.32
49687;408911.24;5285182.8;1421.54
16918;407438.38;5283387.7;1444.9
16923;408077.36;5283979.48;1547.81
49698;407683.67;5283614.59;1503.74
16930;407185.42;5282886.93;1105.03
16936;407498.96;5283863.91;1425.13
16940;408017.46;5283888.58;1507.56
49709;407589.46;5283396.41;1410.43
16942;408081.62;5284011.79;1502.27
49714;407983.79;5283643.71;1400.73
49715;407633.11;5283919.27;1506.41
16949;407687.79;5283741.26;1513.47
49718;407267.75;5282711.21;1028.21
49722;407761.41;5283824.57;1474.51
16955;407310.67;5283181.91;1349.06
16954;407886.03;5284134.4;1289.58
49733;407611.02;5283915.64;1411.13
16970;407938.19;5283674.06;1409.43
49740;407687.46;5283731.43;1510.76
49742;407824.63;5283692.87;1497.1
16974;407639.27;5283593.0;1466.41
16976;408051.71;5283978.1;1532.31
49745;407416.7;5283193.64;1316.99
49744;407281.6;5282967.3;1078.83
49747;407813.4;5284064.66;1439.79
49748;408831.79;5285298.2;1611.18
49746;407302.9;5282617.01;951.91
16982;407593.83;5283896.18;1385.16
16986;407509.95;5283364.56;1407.13
16987;408799.67;5284976.83;1477.73
16988;407652.59;5283898.93;1460.46
16991;407275.07;5282946.16;1085.0
49761;407880.61;5283318.89;940.17
16994;407637.71;5283833.16;1473.06
49767;407655.06;5283878.59;1515.77
49769;408215.32;5283788.62;1495.42
17002;407833.5;5283690.26;1503.53
17004;407549.1;5282900.39;933.9
49773;407990.37;5283591.89;1337.35
49774;407391.13;5282852.16;988.73
49778;407793.4;5283736.2;1500.35
17011;407543.3;5283291.8;1396.73
49781;407799.13;5283485.44;1499.15
17016;408388.83;5284587.99;1604.21
49785;407708.52;5283798.15;1536.06
49786;408847.56;5285010.57;1519.57
17019;408339.43;5284538.06;1611.9
17021;408174.1;5283946.04;1485.17
49789;407834.8;5283689.91;1503.65
17023;408007.87;5284073.12;1517.76
49792;409133.29;5285356.06;1587.72
17024;407488.15;5283333.95;1397.88
49798;407636.81;5283949.78;1401.05
49801;408188.31;5283958.99;1429.61
17035;408456.63;5284816.73;1647.13
49806;407777.07;5283331.26;1520.24
17039;408187.79;5283905.57;1499.54
17040;408903.91;5285347.63;1449.19
49814;407765.58;5283872.4;1492.21
17047;407741.36;5283843.1;1497.46
17049;408225.32;5283857.11;1519.6
17051;407987.97;5283750.62;1407.26
49820;408875.88;5285397.83;1828.84
17052;407681.15;5283925.43;1375.22
49822;407841.96;5283670.55;1463.54
17055;408179.31;5284194.97;1518.53
17054;407632.84;5283850.09;1410.72
17053;407668.09;5283162.08;1219.3
49826;407142.37;5283223.26;1479.38
49827;409088.97;5285466.04;1620.58
49828;408211.02;5283868.59;1474.37
17059;407629.74;5283975.56;1384.67
49829;407288.5;5283043.86;1109.86
49831;407414.46;5283385.91;1470.96
49832;408177.56;5283925.43;1489.49
17066;407628.12;5283211.17;1440.21
17067;407833.29;5283691.12;1503.87
49838;407925.65;5283738.44;1472.47
49841;407362.59;5283059.43;1099.86
17076;407551.97;5283051.96;1136.2
17078;409143.66;5285393.09;1443.84
49853;407978.38;5283897.9;1543.19
49854;408215.32;5283869.56;1509.73
17089;407204.51;5283248.9;1451.57
17090;407946.41;5283785.25;1630.47
49859;408065.69;5284019.5;1500.35
49858;407656.97;5283970.6;1385.48
17094;408335.51;5283796.26;1490.63
49862;407656.78;5283887.31;1374.44
49864;407611.09;5283881.27;1354.16
17098;408176.2;5284123.76;1504.63
49866;407625.14;5283792.43;1503.33
17100;408938.97;5285464.29;1599.84
49871;409080.83;5285404.71;1567.11
17103;407360.47;5283079.35;1153.66
49873;408120.35;5283669.55;1316.32
49878;408204.47;5283753.22;1507.19
17113;407574.54;5283525.59;1464.39
49881;407745.58;5283914.13;1334.98
17115;407652.33;5283809.06;1468.4
49884;407912.68;5283748.8;1486.76
49885;407619.75;5283842.99;1372.49
49886;408172.01;5284108.11;1515.82
17118;407439.63;5283345.36;1452.93
49889;408316.6;5284409.88;1507.37
49893;407902.44;5283780.17;1511.32
17126;409063.52;5285435.11;1627.49
49894;407218.67;5283264.07;1450.37
17128;408743.31;5284685.58;1436.34
49898;408186.34;5283617.6;940.81
49899;408681.69;5284731.17;1451.91
49900;407628.28;5283876.28;1418.05
17133;407692.39;5283120.51;1151.34
17134;407313.21;5283095.71;1139.01
17135;408961.15;5285371.46;1610.11
49904;408044.57;5283980.71;1525.53
17137;408001.61;5284060.49;1511.96
17138;407887.7;5283901.61;1483.74
49907;407594.72;5283772.91;1498.13
49903;407585.03;5283884.19;1470.46
17141;407455.13;5283281.91;1361.75
49902;407875.87;5284116.87;1294.17
49912;408068.52;5284038.48;1537.7
17144;407502.15;5283318.96;1390.22
17146;408220.23;5284256.52;1495.76
17147;407796.07;5283832.44;1461.96
49915;407609.04;5283810.41;1502.0
17145;407899.94;5283560.32;1323.4
17150;408265.19;5283779.71;1515.7
49922;407923.23;5283707.52;1446.71
17154;407702.71;5283900.69;1406.67
17157;407582.28;5283814.59;1466.99
17159;407641.67;5283880.33;1468.0
17161;408406.22;5284583.99;1545.29
17168;408414.28;5284642.37;1606.35
17172;408322.62;5284558.6;1594.54
49940;407653.66;5283836.28;1513.95
17173;407879.58;5283862.48;1368.22
17177;407591.19;5283839.42;1452.82
17178;408263.63;5283976.65;1490.65
17180;407736.52;5283611.83;1302.27
49950;407884.87;5283758.48;1501.66
17187;408080.42;5283981.17;1501.41
49956;407315.87;5283068.52;1066.03
49962;408403.03;5284761.82;1605.01
49963;407650.44;5283582.88;1513.48
17197;407976.46;5283753.89;1400.37
17199;407356.09;5282952.0;1042.94
49969;408048.24;5283941.98;1532.81
17201;408017.31;5284044.88;1508.54
49972;407987.71;5283725.61;1407.9
49974;408609.33;5284896.18;1597.42
49978;408398.38;5284548.82;1635.86
17211;407586.33;5283987.34;1407.39
49979;407500.43;5282894.63;1027.26
17210;407453.2;5282744.2;910.92
49986;407970.71;5283748.7;1393.79
49989;408039.67;5283944.12;1523.89
49993;409007.67;5285425.83;1607.55
49994;407719.2;5283661.75;1421.54
17227;408015.22;5283679.72;1418.59
17229;407697.69;5283645.64;1451.01
49997;407612.23;5283098.11;1048.78
50000;408016.38;5283858.25;1519.43
50002;408093.12;5284033.88;1506.72
17237;407671.37;5283785.15;1541.85
17240;407819.38;5283717.54;1487.69
17241;407652.72;5283841.58;1514.9
17242;407658.77;5283935.61;1451.0
50011;407649.37;5283882.45;1402.67
17245;407600.2;5283881.66;1483.27
50015;407645.54;5283566.83;1450.39
50019;407824.3;5283698.79;1478.58
50020;408010.41;5283586.38;1329.79
50025;407612.4;5283726.29;1531.53
50026;407825.85;5283514.61;1512.99
50027;407792.35;5283823.92;1463.23
50031;407793.33;5283838.34;1505.01
17266;407338.18;5283048.74;1110.82
50035;408184.35;5283943.98;1491.8
50036;407802.96;5284078.53;1434.61
17269;407765.52;5283995.58;1376.34
50038;408564.4;5284675.62;1510.63
17271;407657.36;5283896.06;1461.68
17277;407696.37;5282993.03;919.4
50046;407654.19;5283898.14;1459.34
17279;407598.55;5283939.72;1478.42
17280;407804.2;5283840.47;1383.36
17283;408450.23;5284834.85;1642.29
17285;407682.41;5283945.62;1474.66
50054;408631.59;5284906.94;1613.52
17290;409107.09;5285500.78;1682.96
50059;408262.33;5284020.79;1509.79
50063;408886.55;5285332.56;1453.96
17295;407329.99;5283105.51;1168.58
50064;407665.35;5283930.22;1245.95
50066;407229.98;5282849.92;1137.22
17300;407586.11;5283877.31;1422.87
17301;407783.93;5283341.49;1530.93
50069;408105.48;5283685.83;1331.81
50071;407802.34;5284040.56;1431.12
50074;407516.24;5282944.77;967.92
17307;408921.81;5285433.96;1786.23
17308;408047.8;5284017.49;1534.63
50075;407556.11;5283055.46;1052.16
17310;407368.19;5283202.59;1327.74
50081;408900.09;5285211.49;1422.87
17316;408200.27;5284023.68;1488.01
50086;407799.85;5283822.59;1498.74
50088;407821.65;5283672.71;1484.13
50091;407903.04;5283602.97;1324.03
50092;407611.83;5283102.11;1056.79
50094;408695.25;5285003.16;1552.88
50095;408214.89;5283862.16;1502.89
17329;407657.76;5283811.07;1476.89
17331;407768.14;5283844.87;1487.12
50103;407136.21;5282770.7;1023.91
50104;409120.89;5285503.84;1681.97
17341;407915.5;5283818.26;1527.92
50110;407782.35;5283777.14;1518.25
17343;407994.1;5283675.69;1408.72
17344;407602.85;5283084.79;1028.23
17349;407816.54;5283658.61;1483.48
50120;408695.31;5284858.56;1456.94
50122;407318.59;5283180.96;1342.32
50123;408041.57;5284018.23;1529.92
50124;407692.89;5283553.54;1430.08
17357;407718.16;5283799.36;1486.92
17358;409012.42;5285424.48;1619.6
17359;407383.44;5283195.73;1278.05
50128;407627.8;5284000.9;1430.33
50127;407341.31;5283074.74;1150.11
17362;407638.45;5283966.37;1446.07
50125;407352.0;5283069.13;1106.5
17363;407227.22;5282915.19;1091.08
50129;407897.08;5283293.54;923.44
17373;407680.4;5283866.24;1447.76
50142;407668.32;5283941.25;1460.66
17375;408204.97;5284240.55;1447.96
50145;408211.41;5283853.59;1493.76
50148;408181.2;5283848.52;1429.93
17384;408356.0;5284584.56;1583.76
50155;408005.37;5284117.51;1499.41
50157;407614.56;5283090.41;1040.04
17390;407642.58;5283577.85;1456.95
50160;407616.49;5283882.66;1364.74
17393;407977.83;5283865.31;1515.74
50162;408437.58;5284781.15;1634.93
50163;407400.71;5283192.69;1322.06
50165;408511.43;5284744.63;1582.28
50172;407564.69;5283519.65;1469.21
50173;408393.59;5284563.98;1599.18
17407;407694.93;5283677.24;1506.87
17408;407768.01;5283638.6;1446.33
17410;407688.69;5283910.13;1497.66
17412;409155.41;5285572.64;1712.39
17415;408705.7;5285021.97;1588.8
17416;407880.07;5283757.5;1508.19
50183;408258.44;5283691.76;929.05
50186;407922.67;5283535.74;1297.91
50188;407762.01;5283318.27;1527.01
50189;408880.63;5285361.54;1622.57
50190;408712.32;5284982.61;1559.03
17423;407331.61;5283089.52;1135.35
17424;407561.34;5283128.61;1228.85
50195;407651.83;5283933.26;1280.19
50196;408119.11;5283866.71;1490.76
50201;408196.11;5283746.88;1452.11
50202;407472.69;5282902.81;1004.61
17435;407710.51;5283667.39;1503.06
50204;408824.55;5285264.79;1588.84
17438;407550.77;5283892.35;1428.08
50209;408049.72;5284014.61;1534.77
50210;407597.22;5283153.92;1301.75
17443;409144.08;5285551.09;1707.64
50211;407798.36;5283838.97;1468.43
17446;407443.28;5283030.83;1077.31
17447;408308.38;5284575.02;1594.69
50216;408030.63;5283673.89;1410.59
50219;407649.42;5283870.35;1459.53
50220;407794.26;5283851.79;1493.75
17451;407483.38;5283309.22;1386.47
50223;407818.14;5283677.33;1486.73
17456;408855.87;5284549.2;1422.71
50225;407613.03;5283870.12;1376.23
17458;407328.95;5283083.64;1113.8
17460;407878.12;5283536.05;1308.6
17462;409069.13;5285432.8;1639.78
17464;408050.11;5283457.45;925.74
50235;408703.98;5284675.64;1487.23
50239;407875.45;5283511.57;1290.69
50242;408208.41;5283973.45;1498.16
17474;407670.98;5283984.12;1450.39
17478;408304.8;5283800.95;1494.16
17480;407647.87;5283572.99;1513.04
50249;407876.44;5283657.65;1443.75
50250;407768.74;5283713.6;1499.83
50252;408821.06;5285260.52;1586.26
17487;407558.97;5283793.65;1306.81
17488;407903.22;5283792.08;1623.92
50257;408198.04;5283884.02;1493.39
50255;407530.38;5283887.45;1393.39
17491;407695.38;5283720.62;1458.46
50260;408008.65;5283479.83;1191.16
50262;407742.98;5283752.38;1492.02
17495;407605.79;5283099.07;1043.87
17496;408171.45;5283953.73;1518.35
50265;408563.26;5284924.33;1622.23
17497;408217.97;5283957.33;1504.17
50267;407595.83;5283950.28;1478.38
50268;407736.43;5283855.39;1479.25
17498;407745.7;5283944.63;1351.86
17502;407724.85;5283887.27;1536.4
17503;407827.24;5283809.18;1511.35
50272;407622.68;5283156.03;1231.61
50273;407705.3;5283671.46;1502.98
17499;407432.78;5282908.17;1006.95
17506;407562.46;5282906.77;934.35
50276;407192.26;5282844.36;1128.7
17510;407596.08;5283788.84;1490.81
50281;407643.88;5283798.27;1515.26
50282;407617.47;5283560.98;1514.58
17515;407542.13;5282910.66;942.57
50285;409014.47;5285414.8;1602.51
50286;408696.73;5284865.44;1463.33
50287;407701.62;5283971.37;1352.63
17520;407668.35;5283915.18;1469.26
50288;407605.55;5283834.64;1327.39
50294;407231.7;5282891.09;1113.07
50302;407618.59;5283870.13;1348.65
50305;408163.74;5284084.02;1478.27
17537;407621.09;5283839.42;1499.3
17539;408896.4;5285184.59;1424.17
17540;407575.76;5283903.39;1433.47
17545;408333.04;5284549.56;1623.84
50313;408469.0;5284766.11;1618.35
17546;409168.62;5285337.99;1613.53
50315;407723.32;5283862.94;1536.58
50317;407765.3;5283841.27;1483.28
17550;407688.8;5283695.29;1516.07
17547;407180.34;5283174.77;1396.44
17552;408327.48;5283812.7;1506.74
17549;407265.64;5282555.85;928.52
50324;407627.47;5283760.64;1530.45
50326;408271.5;5283800.76;1520.42
50327;408231.89;5283926.69;1495.31
50328;408460.73;5284780.84;1631.13
50329;407859.53;5283672.32;1454.55
17559;407657.29;5283824.85;1460.65
17560;407448.02;5283324.03;1360.16
17564;407819.03;5283690.16;1499.69
50333;407895.17;5283581.3;1337.31
50330;408022.43;5283505.36;1239.43
17565;407595.06;5283911.24;1371.34
17568;407649.74;5283890.61;1453.55
50337;407723.04;5283871.54;1432.81
50338;409149.43;5285358.05;1434.94
50340;407630.95;5283197.59;1454.67
50342;408892.8;5285354.22;1610.4
50343;407751.36;5283094.65;1536.67
17576;407857.49;5283876.12;1410.95
50349;407826.28;5283532.26;1483.83
17583;407334.87;5283035.08;1124.53
17584;407788.04;5283812.58;1508.01
17585;407707.94;5283813.47;1532.26
50355;409110.47;5285507.67;1680.88
50359;407625.07;5283205.37;1448.38
50360;407716.3;5283773.21;1529.89
17592;407666.06;5283571.18;1517.64
17594;408220.79;5283860.58;1440.06
17595;408110.36;5283845.08;1480.72
17607;408403.92;5284701.54;1605.1
17608;408744.54;5285119.66;1592.49
50378;407823.45;5283660.29;1458.09
50379;407397.68;5283399.88;1477.59
17612;407809.27;5283676.42;1482.51
50382;407786.73;5284040.85;1357.86
17615;408351.7;5283804.07;1474.86
50383;407792.76;5283861.86;1489.59
17619;407744.37;5283836.91;1500.5
17620;407885.86;5283506.14;1275.77
17621;408820.45;5285299.76;1604.04
50391;407837.62;5283666.45;1462.78
17626;407925.02;5283825.24;1382.29
17627;408690.06;5285137.8;1630.55
50395;407592.69;5283791.56;1440.19
17631;407613.84;5283806.12;1512.33
50400;407591.25;5282957.36;959.59
50401;409065.08;5285425.17;1559.04
17634;408511.47;5284889.23;1648.05
17635;407773.88;5283861.41;1305.72
50407;409144.18;5285395.18;1442.88
17640;409070.74;5285468.98;1556.14
50408;407228.24;5282898.25;1107.61
50411;407781.93;5283277.65;1547.99
50416;407601.7;5283808.85;1497.23
50417;409012.93;5285407.92;1643.48
17648;407695.7;5283563.48;1429.49
17649;407599.36;5283158.28;1293.86
17652;408871.82;5285161.46;1422.97
50423;408165.47;5284119.55;1531.76
17657;407319.38;5282591.32;928.02
50426;408715.83;5285020.16;1585.14
50427;408788.94;5284618.56;1466.14
50430;408291.6;5284443.96;1477.66
50431;407702.69;5283909.37;1410.58
17665;407655.45;5283488.55;1425.31
50435;407574.79;5283138.84;1228.64
50436;408265.59;5283803.67;1514.55
17670;408898.73;5285282.03;1436.1
50439;407925.37;5283714.17;1452.61
50444;407810.71;5283678.27;1478.74
17677;408403.64;5284562.09;1627.72
50448;407693.92;5283913.51;1503.17
17682;407354.54;5283050.01;1139.82
17683;407469.88;5283275.03;1360.15
17684;407647.48;5283874.05;1457.02
50452;407600.38;5283156.57;1299.99
17688;408355.12;5283808.49;1474.84
50457;407958.79;5283776.97;1400.02
50458;409113.86;5285308.41;1567.09
17690;408086.27;5283986.84;1501.43
50460;407839.74;5283697.54;1511.05
50461;407495.8;5283860.48;1421.58
17695;407582.31;5283261.04;1414.91
50464;408165.57;5283848.89;1500.43
50466;408208.76;5283756.65;1501.39
50467;407322.75;5283119.84;1186.7
50469;407446.99;5283306.27;1340.98
50470;407856.79;5283675.64;1510.01
50471;407687.93;5283945.93;1478.81
17704;407662.39;5283841.3;1448.54
17703;407270.72;5282656.9;993.63
17708;407881.88;5283482.49;1252.39
50479;407883.74;5283668.42;1448.01
50481;408536.62;5284564.1;1501.16
50485;407669.31;5283917.04;1362.88
50487;408211.57;5284018.11;1507.35
17725;408009.86;5284030.18;1495.68
17727;408481.82;5284515.07;1495.36
17731;408191.03;5283961.14;1439.42
50499;407604.68;5283867.43;1451.88
17734;408429.57;5284668.7;1597.82
17736;407434.42;5283396.74;1451.83
17739;407839.41;5283668.19;1463.34
17740;408700.12;5285025.07;1592.27
50509;407652.52;5283725.66;1454.9
50508;407828.49;5283820.0;1388.34
17742;407763.96;5283845.7;1378.83
17744;407151.27;5283244.67;1472.16
17747;407952.82;5283672.72;1404.05
17749;407691.0;5283843.15;1395.01
17750;408001.83;5283897.8;1519.55
50521;408039.25;5283871.85;1517.71
50522;407663.12;5283903.78;1406.18
17755;409124.5;5285394.47;1591.77
17756;407822.37;5283955.65;1499.73
50529;407962.63;5283725.73;1397.47
17762;408688.95;5284776.77;1449.24
17763;407603.0;5283550.88;1490.33
17765;408004.52;5283606.08;1357.91
17770;407670.22;5283745.03;1475.49
50545;407221.78;5282864.0;1050.26
17781;407817.59;5283983.57;1446.77
17782;408337.43;5283805.04;1480.0
17783;408723.37;5284988.68;1567.41
50551;408238.38;5283914.55;1480.8
50550;407700.57;5283679.36;1459.18
17785;407555.72;5283778.32;1272.42
50555;408940.49;5285322.32;1446.71
50556;409022.39;5285424.68;1621.86
17789;407613.4;5283918.21;1416.37
17795;407927.71;5283527.21;1307.44
50564;407512.66;5283887.64;1409.67
17798;408273.57;5284032.27;1509.13
17799;407782.46;5283782.2;1518.51
17800;408813.6;5285305.21;1781.37
50568;408618.57;5284782.99;1465.79
50570;407383.38;5282894.33;956.72
50571;407627.82;5283094.04;1027.93
17805;407447.02;5283326.07;1355.03
17809;407749.03;5283733.03;1526.72
50581;407672.9;5283853.4;1446.77
17817;408482.41;5284697.04;1616.63
17818;408998.42;5285320.63;1449.03
17819;407960.21;5283876.15;1505.68
50588;408471.71;5284527.25;1498.16
50585;407711.16;5283210.2;1507.61
17821;407945.59;5283517.66;1322.53
17823;409121.54;5285318.0;1558.31
50591;407656.0;5283687.94;1472.52
50586;407347.49;5283161.34;1317.56
17820;407527.27;5282859.4;919.15
50600;408675.22;5285145.41;1613.34
50602;408251.08;5283810.91;1518.59
50603;408094.65;5284060.74;1494.87
17836;408203.38;5284236.19;1403.75
17834;407712.53;5283594.71;1522.1
50607;409133.67;5285340.37;1583.34
50614;409103.03;5285498.11;1680.79
17849;408091.69;5283983.85;1516.26
50618;409034.04;5285444.49;1433.7
50619;409028.97;5285498.09;1636.02
17850;407953.1;5283903.38;1505.49
50617;407155.72;5283235.66;1425.7
17854;407343.13;5283012.33;1120.08
50623;407779.03;5283736.39;1509.24
50624;407313.05;5283075.85;1067.43
50625;407866.03;5283649.8;1428.31
50627;407932.01;5283699.63;1437.6
17862;407426.02;5282802.27;920.68
17864;408866.34;5284585.62;1431.45
50636;408347.87;5284537.34;1617.09
17869;408488.6;5284523.85;1490.65
50640;407779.26;5283096.82;981.11
17873;407927.46;5283738.31;1472.96
50641;407749.28;5283882.91;1440.29
17874;407703.73;5283541.64;1436.31
17878;408646.6;5284914.88;1600.79
50647;408885.06;5285221.95;1432.21
17883;408154.16;5284097.02;1457.19
50651;407598.75;5283802.36;1496.13
50652;407817.1;5283842.23;1412.95
50655;409067.8;5285478.77;1549.32
17887;408024.85;5284064.41;1512.38
17888;407727.14;5283670.47;1436.74
50656;407852.38;5284065.1;1465.98
17891;408184.06;5283751.11;1486.39
50660;407613.51;5283900.02;1443.67
17893;408091.87;5284018.78;1518.13
17889;407228.53;5282805.09;1109.86
17898;407878.16;5283775.03;1610.82
50666;407982.24;5283495.56;1219.59
50667;407870.84;5283372.29;971.2
50671;407816.79;5283686.78;1497.12
17904;409039.11;5285454.49;1452.17
17905;407981.39;5283707.67;1413.21
50675;408093.69;5284003.94;1476.17
17907;407854.36;5283498.88;1499.87
17908;407496.86;5283860.91;1422.56
50678;407933.66;5283605.06;1357.44
17911;408511.89;5284628.05;1430.52
50681;408342.33;5283802.92;1499.08
50682;407539.44;5282910.19;945.31
50684;407530.51;5283301.48;1393.98
17917;407649.1;5283662.56;1462.66
17919;407627.86;5283148.99;1236.23
17922;409106.89;5285298.03;1554.23
50691;408091.31;5284061.09;1494.34
17923;407634.38;5283903.66;1470.75
17927;407579.26;5282873.68;907.92
17930;407942.51;5283682.33;1389.48
17934;408071.8;5284087.89;1544.79
50702;407743.05;5283921.6;1328.95
50704;407827.14;5283671.76;1469.75
50705;407728.52;5283995.42;1359.0
17938;407839.85;5283699.07;1511.6
17939;408873.94;5285170.87;1429.41
17941;407222.92;5282830.99;1037.9
50710;407615.31;5283715.86;1539.63
17942;407442.43;5282802.24;925.41
50712;407584.1;5282941.13;950.68
50713;407751.93;5283635.31;1412.37
17948;407683.7;5283840.57;1508.51
17949;407515.24;5283319.99;1393.14
17950;409080.17;5285422.99;1624.67
50718;408103.54;5284058.05;1514.34
50720;408337.8;5284571.12;1607.65
17953;407704.36;5283869.82;1418.33
17954;408521.62;5284680.2;1410.89
17955;408026.34;5284051.67;1511.08
50724;408487.81;5284528.02;1489.6
50722;407888.75;5283613.06;1324.44
17958;408324.69;5284562.37;1588.93
50721;407262.21;5282760.54;1067.03
17966;408028.2;5284059.73;1509.66
17967;407547.83;5283043.84;1014.92
17968;407733.27;5283670.01;1420.24
50737;407738.4;5283766.07;1539.39
50738;407735.88;5283580.48;1320.72
50742;407402.82;5282939.5;1052.66
17976;408170.49;5284103.31;1518.78
17977;407575.87;5283966.19;1389.61
50746;407813.41;5283493.7;1514.44
17980;407655.85;5283934.02;1249.61
17982;408186.09;5283749.78;1489.98
50751;408179.46;5284105.67;1500.39
50750;407546.11;5283894.36;1409.05
17987;407698.53;5283180.6;1502.87
50756;409105.74;5285448.7;1587.76
17988;407269.02;5282922.95;1054.48
17990;407687.77;5283579.57;1521.87
17998;408670.37;5284705.37;1455.89
50767;408506.62;5284628.45;1427.19
18000;407877.19;5283534.31;1307.59
50771;407831.73;5283672.75;1463.57
18003;407271.08;5282896.55;1111.39
18006;408488.82;5284503.04;1500.82
50776;407800.65;5283652.03;1503.28
18010;407548.9;5283309.06;1246.75
50783;407280.35;5282970.01;1077.31
18016;407982.37;5283827.58;1517.2
18020;408718.42;5285101.4;1578.01
18021;407930.07;5283528.99;1305.87
18022;407610.98;5283889.9;1445.35
50789;407372.11;5282945.7;1067.48
50793;407835.71;5283670.52;1463.88
50794;407849.1;5283502.95;1496.56
18027;407172.32;5283250.67;1458.27
50797;409146.79;5285306.2;1418.36
50800;407812.65;5283487.82;1517.54
18035;408206.05;5283869.43;1476.27
50804;409091.8;5285447.7;1591.29
18038;407637.79;5283854.62;1438.45
50806;407669.9;5283871.81;1487.44
50808;407679.36;5283627.0;1450.21
50807;407646.16;5283938.74;1433.98
18044;407623.18;5283087.75;1028.16
18045;408342.27;5284423.08;1504.87
50814;407503.43;5283855.57;1416.58
50817;407391.69;5283174.79;1340.43
18054;408187.81;5284200.17;1507.29
18057;407922.77;5283738.75;1472.98
18058;407611.07;5283130.0;1305.77
18060;408188.29;5283945.22;1493.94
18061;408045.49;5283949.09;1506.85
18062;408561.41;5284600.07;1493.04
50830;407883.45;5283756.52;1501.52
18063;407635.05;5283853.51;1507.52
50834;408027.21;5284128.65;1515.75
18067;408181.12;5284119.53;1511.68
18066;407638.93;5283920.22;1504.32
18068;407596.57;5283795.61;1435.53
18070;407587.23;5283924.93;1478.15
50839;407818.88;5283654.16;1508.62
18072;407723.79;5283870.82;1488.48
18073;408164.3;5283935.27;1495.04
50838;407685.97;5283965.98;1485.5
18075;408035.46;5283681.41;1411.41
50843;407693.52;5283914.52;1327.46
18071;407536.03;5283760.67;1275.36
50837;407729.1;5283031.7;945.98
50841;407480.86;5283034.12;1049.29
50848;408721.85;5285202.94;1616.34
50850;407204.45;5283216.97;1498.7
50851;407681.25;5283947.61;1472.8
18084;408054.57;5283501.53;1221.22
18085;408572.62;5284896.02;1600.31
18087;407671.5;5283226.59;1481.45
50856;407594.44;5283855.4;1426.85
50857;408405.73;5284762.68;1498.43
18092;408207.61;5284255.82;1505.68
50861;407686.83;5283919.87;1215.79
50863;407760.31;5284014.51;1378.53
50864;407830.56;5283676.95;1490.44
18096;407644.72;5283879.63;1403.34
50867;408151.25;5283911.06;1501.58
18100;408227.67;5283873.53;1468.11
18101;408076.98;5283958.54;1557.64
50872;407734.0;5283624.49;1420.63
50874;407832.42;5283510.69;1499.73
18108;407530.38;5283888.69;1395.55
50880;407333.43;5282630.15;923.72
50889;407622.44;5283552.66;1498.73
18122;408840.94;5285307.34;1607.43
50890;407996.54;5283758.65;1417.15
18127;407731.04;5283024.57;1550.15
50897;407238.06;5282873.8;1160.15
50899;408910.43;5285362.14;1500.67
18133;407613.78;5283920.85;1413.92
50905;407329.08;5282624.05;929.2
18138;407655.24;5283906.98;1479.82
50908;407594.41;5283123.42;1193.23
18143;408387.98;5284550.84;1618.46
50913;407434.1;5283198.27;1299.55
18147;407825.84;5283666.94;1459.78
18148;407656.58;5283716.22;1463.07
18155;407190.86;5283256.8;1460.77
50924;407831.18;5283681.18;1469.26
50926;407748.01;5283940.32;1350.11
50927;407790.96;5283734.16;1500.46
50935;407723.58;5283783.02;1528.01
50938;407835.63;5283845.24;1457.91
18170;407434.51;5282767.43;938.52
18173;407580.0;5283980.45;1387.26
50943;407624.09;5283544.49;1495.15
18177;407488.25;5283308.36;1373.53
50945;407717.42;5283589.17;1518.94
18178;407467.57;5283284.12;1353.86
50947;407480.34;5282907.9;1012.39
50949;408319.17;5284564.01;1606.1
50951;407335.15;5283126.14;1179.6
50952;407618.69;5283879.04;1444.84
18186;407843.66;5283988.55;1508.99
18187;408579.32;5284908.04;1600.99
50957;407965.5;5283688.04;1400.65
50958;407156.57;5282769.04;1013.2
18191;408439.71;5284636.95;1595.88
50959;408910.44;5285346.22;1460.92
18189;407602.27;5282956.77;956.24
50962;408538.71;5284831.75;1610.38
50965;407600.87;5283888.87;1461.72
50966;407600.7;5283913.46;1390.38
18203;407206.35;5283223.69;1456.61
50972;407612.91;5283859.65;1463.39
18206;407919.39;5283869.25;1475.44
18208;407289.01;5283021.19;1102.03
50978;407556.75;5283883.37;1413.47
18211;407660.0;5283702.93;1465.6
18212;407274.07;5282906.94;1038.74
50981;407723.43;5283872.59;1426.88
50982;407873.34;5284116.91;1317.86
50983;409008.71;5285487.14;1646.85
18216;408094.81;5283972.61;1560.87
50987;407642.01;5283579.5;1459.67
50988;407797.96;5284062.09;1427.13
50989;407644.13;5283850.13;1447.03
18222;409100.09;5285334.32;1549.18
18223;407705.82;5283827.72;1412.73
50992;407309.38;5283179.65;1345.05
18221;407345.46;5283146.9;1154.22
18226;407368.48;5283002.14;1107.71
50991;407554.13;5283045.58;1008.26
18228;407722.79;5283859.08;1484.12
18229;407791.15;5283828.99;1491.15
50999;407839.62;5283852.81;1441.96
51000;409127.48;5285358.95;1584.8
18236;407246.87;5283183.75;1373.49
51007;407637.52;5283893.66;1358.31
18241;407786.21;5283296.06;1522.15
18242;408205.99;5284248.18;1480.42
51011;407327.2;5283112.72;1179.13
18244;408120.4;5284041.21;1493.01
51012;408039.43;5284001.25;1518.2
18245;407670.09;5283608.1;1497.06
51014;407972.22;5283506.9;1255.8
51009;407366.99;5283047.91;1080.54
18249;407736.11;5283880.99;1465.86
51018;407788.85;5283386.89;1520.37
51019;408170.7;5283863.01;1499.03
18252;407878.08;5283755.15;1504.93
18253;407840.73;5283506.31;1485.01
51024;408761.12;5285036.18;1467.1
51027;407307.73;5283109.59;1149.23
51028;407475.71;5282901.77;1005.71
18261;407760.17;5283844.41;1371.33
51031;407635.54;5283836.06;1470.94
51036;407775.03;5283343.93;1518.27
18270;407628.48;5283897.12;1469.43
18272;407390.68;5283013.63;1107.17
18274;407459.78;5283350.84;1357.84
51042;407549.14;5283886.69;1420.1
51047;407300.13;5282603.34;941.67
51048;408142.3;5283855.86;1481.43
51049;408400.1;5284776.03;1567.35
18283;407908.68;5283844.71;1380.64
18284;408706.1;5285206.71;1626.56
51055;407647.04;5283830.43;1519.26
18287;407325.99;5282680.5;938.91
18289;407671.53;5283637.42;1459.8
51057;407420.87;5282937.04;1025.88
18290;407822.42;5283983.81;1456.79
18291;407230.26;5282902.12;1105.86
51064;407571.41;5283135.35;1234.99
18298;407825.74;5283655.65;1484.11
51066;407672.73;5283965.1;1461.02
18301;408389.81;5284542.85;1641.53
51073;407581.55;5283755.77;1450.22
18306;407826.55;5283685.86;1472.43
18308;407334.23;5283076.62;1111.61
18310;407622.17;5283864.47;1434.08
51083;407942.34;5283735.92;1466.34
51084;408009.46;5284016.14;1431.04
18317;407188.83;5282869.44;1115.68
51087;407245.59;5283167.82;1380.8
51088;408002.58;5283767.34;1423.26
51089;408934.05;5285401.81;1449.47
51092;407677.81;5283868.65;1409.25
18327;407882.21;5283552.23;1332.45
51098;407594.9;5283864.03;1453.23
51103;407890.45;5283530.16;1296.73
51105;407951.57;5283675.0;1400.73
18340;407456.89;5283290.99;1368.62
18341;408021.14;5284043.56;1527.88
18344;408167.44;5283862.07;1489.71
18345;407639.86;5283944.78;1408.12
51114;407727.02;5283885.37;1539.62
51117;407543.6;5283785.21;1465.42
18349;407460.13;5283004.03;1040.87
51120;407725.98;5283861.48;1478.64
18352;407332.87;5283053.05;1115.7
18355;407698.18;5283907.28;1378.22
18362;408213.05;5283692.87;968.38
18365;407340.89;5283000.88;1114.15
51133;407428.74;5282970.87;1054.88
51134;407557.26;5283013.8;992.55
51137;407633.14;5283859.18;1413.6
18370;407703.97;5283641.9;1444.98
18372;407797.11;5283252.29;1550.32
18373;407702.19;5283684.42;1509.03
51141;407141.97;5283237.57;1473.43
18375;408386.63;5284719.29;1599.5
51144;407744.66;5283823.59;1497.42
18377;408689.1;5284959.36;1567.0
51146;409050.26;5285321.9;1502.78
18379;408902.12;5285143.03;1411.79
18380;408934.58;5285453.34;1606.54
18386;407541.96;5283466.95;1448.66
18387;407896.16;5284146.46;1285.05
51159;408202.36;5284250.5;1497.66
18392;408077.86;5283951.65;1452.91
51161;409066.5;5285423.51;1564.24
18393;408168.93;5283861.52;1499.65
18397;407801.74;5283564.16;1447.09
51168;407650.39;5283807.74;1519.04
18403;408391.02;5284585.55;1601.83
18404;408670.59;5284955.54;1589.32
51171;408208.95;5283895.9;1506.05
51172;407906.97;5283644.45;1417.56
51175;407836.41;5283522.06;1494.09
51177;408355.88;5284592.68;1589.43
51181;407479.69;5283870.58;1412.97
51183;407621.11;5283945.36;1334.58
18416;408323.28;5283844.38;1577.7
51185;407210.76;5283224.02;1508.55
51186;408159.8;5284190.07;1389.2
18419;407800.32;5283552.95;1496.24
51187;407537.23;5283038.32;1129.68
51190;408184.48;5283753.26;1482.0
18423;407444.95;5282816.64;922.19
51195;407150.85;5282857.91;1130.43
18431;407767.44;5283307.29;1530.45
51200;408014.85;5283511.87;1249.44
18436;408016.86;5283506.35;1242.43
18440;407670.96;5283865.3;1411.71
51211;407942.22;5283825.32;1526.61
51212;408568.39;5284944.12;1585.0
18446;409128.1;5285513.03;1683.94
51214;408801.46;5284989.64;1486.65
51215;408220.09;5283726.32;993.85
51222;407200.54;5283261.39;1472.94
18460;407774.95;5283831.71;1481.02
18462;408255.23;5283784.3;1491.09
18463;408187.66;5284069.28;1487.91
51234;407639.74;5283921.94;1456.05
51235;408342.05;5283790.59;1487.19
18468;408083.53;5283985.89;1469.14
18466;407675.45;5283897.28;1398.47
51238;409091.75;5285523.48;1655.56
51239;407952.34;5283836.2;1511.54
51242;409124.21;5285505.22;1672.85
51249;408324.92;5283844.53;1529.6
18482;407924.63;5283789.67;1542.58
18483;407666.44;5283953.29;1452.53
18485;408560.46;5284893.86;1623.01
18486;407987.35;5283446.75;1136.37
51256;407735.13;5283787.19;1488.06
18490;408237.43;5283928.47;1486.17
51258;407643.84;5283165.43;1228.99
18492;408180.72;5283924.11;1496.3
51261;407712.96;5283777.53;1536.39
18496;408702.79;5284868.36;1441.78
51264;407579.52;5283158.09;1278.01
18498;407402.59;5282939.54;1055.82
18497;407175.28;5282789.45;1021.47
51273;407682.88;5283675.3;1468.22
18506;407816.0;5283737.66;1557.87
51276;407748.46;5283859.27;1503.46
51278;408704.21;5285027.36;1593.88
18510;407873.04;5284108.77;1334.75
18512;407667.54;5283952.91;1454.43
51286;407563.05;5283014.54;1100.4
18519;407911.71;5283835.97;1379.89
18520;407579.87;5283910.05;1427.86
51290;407661.33;5283921.25;1374.66
18523;408022.12;5284060.09;1515.08
51291;407575.14;5283909.43;1421.21
51297;407440.76;5283035.21;1086.9
51299;409134.0;5285346.56;1588.13
51300;408928.53;5285381.47;1552.66
51302;407773.43;5283343.58;1517.57
51303;408604.18;5284882.0;1596.58
18535;407327.62;5283009.54;1113.82
51304;407374.92;5282867.67;996.83
18540;408083.46;5283993.81;1507.02
18543;407197.6;5283271.46;1461.32
18547;407307.03;5283177.96;1350.25
18550;408166.46;5284065.37;1504.26
18554;407654.18;5283689.21;1473.11
51327;407610.47;5283555.99;1496.24
18560;407690.76;5283209.4;1494.56
18561;407526.72;5282878.19;1034.12
51330;407703.32;5283121.14;1244.32
51332;407643.48;5283808.03;1471.83
51334;407825.33;5284104.55;1462.88
51336;407631.18;5283666.62;1348.46
51337;407843.81;5283668.73;1464.33
51338;408135.86;5283829.85;1488.82
18570;407701.39;5283038.04;1446.01
51339;407401.18;5282891.63;968.31
18574;408290.47;5283802.76;1511.59
18576;408159.79;5283904.68;1481.51
51345;407787.5;5284063.72;1430.62
18580;409132.14;5285329.17;1589.37
51349;408638.4;5285143.09;1593.44
51348;408192.27;5284196.55;1513.49
18583;408358.87;5284575.41;1615.6
18584;407991.07;5283713.43;1371.18
51353;408181.28;5283847.08;1418.17
18586;407333.08;5283005.35;1113.83
51358;407923.82;5283642.71;1410.96
18590;407606.56;5283811.17;1508.42
51360;407879.22;5283305.13;937.4
51361;408446.46;5284646.61;1593.6
18596;408265.97;5284056.71;1523.92
18597;407704.27;5283646.73;1447.24
51364;407651.98;5283904.89;1410.71
18599;407646.65;5283572.1;1455.6
18600;407602.57;5283860.93;1378.62
18601;408316.4;5283813.44;1499.97
51366;407433.39;5282813.83;924.69
18603;409209.06;5285390.3;1444.86
18604;408702.28;5284867.07;1468.65
18605;407733.08;5283775.76;1481.11
51371;407694.52;5283747.82;1532.73
51373;407829.84;5283675.16;1475.95
18606;407291.53;5283105.51;1157.25
18610;408339.67;5283825.4;1546.5
51384;407622.28;5283849.08;1368.02
18617;408034.05;5283621.57;1345.12
18620;408418.62;5284762.28;1632.28
51389;407928.73;5283883.34;1480.74
18623;407772.5;5283300.47;1535.38
51391;407464.57;5283277.73;1363.19
51392;407673.26;5283005.26;923.94
51396;407695.51;5283908.52;1324.0
18630;407571.47;5283542.47;1479.42
51401;407843.26;5283676.0;1475.31
51402;408032.25;5283902.38;1511.39
18635;407787.89;5283846.54;1504.11
18636;407467.58;5283851.97;1410.23
18638;407746.73;5283887.85;1465.72
51407;407553.4;5283943.03;1404.25
18640;407911.83;5283737.54;1477.15
51409;407467.52;5283346.85;1409.07
18645;408300.56;5284413.3;1506.04
18646;407788.2;5283926.59;1485.43
51415;407826.07;5283687.41;1472.72
18649;407640.69;5283929.74;1497.78
18653;407865.56;5283882.54;1410.66
51422;408192.75;5283950.57;1496.66
51429;407880.75;5283326.89;942.62
18662;408834.42;5285391.85;1850.91
18663;408701.8;5284863.49;1476.13
51433;407376.47;5282995.2;1099.59
18666;407449.87;5283354.66;1395.54
18667;408034.7;5283918.18;1515.35
51436;407336.98;5283074.23;1110.97
18669;407626.98;5283920.08;1437.7
51437;407538.26;5283136.14;1236.67
51439;407685.04;5283822.61;1545.51
51438;407194.21;5282856.64;1123.68
51442;408643.29;5284663.91;1472.12
51443;407698.73;5283912.9;1331.83
18674;407175.25;5283173.38;1391.02
18680;407687.15;5283619.99;1504.99
51449;407697.27;5283732.01;1460.81
18685;407678.72;5283943.96;1336.07
18689;407777.06;5283331.28;1520.75
51458;407624.02;5283745.9;1528.07
51457;407640.15;5283894.79;1469.06
18692;408095.94;5284049.83;1512.69
51460;408197.05;5283965.93;1496.31
18690;407643.19;5283862.85;1405.88
18696;407819.49;5283654.89;1457.75
51467;407753.89;5283700.08;1522.38
18703;407699.45;5283672.11;1502.62
18704;407699.57;5283865.52;1543.97
51472;407572.64;5283972.31;1403.51
51475;407637.83;5283875.26;1471.4
18710;407583.64;5283256.0;1417.45
18711;407382.13;5283169.47;1271.89
51481;408686.6;5284995.3;1551.24
18713;407689.22;5283928.95;1516.75
51484;407617.62;5283857.01;1433.32
18716;407210.53;5283207.13;1354.06
51486;407726.35;5283888.81;1539.68
51487;407334.78;5282672.95;929.5
18722;409117.98;5285310.29;1552.16
51490;407836.88;5283512.6;1512.28
18725;407693.68;5283666.53;1460.35
18726;407855.09;5284106.87;1336.42
18729;408702.29;5284857.95;1473.88
51504;408002.98;5283603.07;1359.01
18738;407838.7;5284052.95;1456.36
18739;409109.33;5285563.31;1658.77
51508;407842.46;5283669.82;1456.68
18741;408263.83;5283803.37;1516.26
18742;408512.4;5284666.2;1415.46
51510;408141.52;5283714.1;1331.02
51512;407739.93;5283888.87;1426.41
18744;407457.6;5283283.48;1353.63
18746;407736.72;5283853.29;1500.69
18749;407652.61;5283817.52;1508.65
18750;407604.28;5283700.24;1544.24
51519;407606.64;5283804.01;1502.01
51521;407124.48;5282748.86;1012.4
18754;407644.11;5283786.15;1478.54
18756;409088.35;5285409.19;1608.62
51526;407327.3;5283160.11;1317.32
18760;407660.45;5283905.75;1387.15
51530;408789.61;5285019.81;1566.59
51531;407790.12;5283571.29;1437.75
51532;407911.24;5283751.46;1492.98
18766;407717.31;5283785.41;1539.23
51535;407727.77;5283214.14;1522.66
18768;407985.61;5283492.1;1220.92
18771;407863.15;5283670.85;1454.21
51539;408000.21;5283593.74;1334.99
51543;407736.54;5283786.62;1484.5
18777;407677.93;5283925.15;1220.39
51545;408153.08;5283549.69;915.43
51549;407640.54;5283952.19;1459.09
51550;407739.0;5283123.29;1529.5
18782;407633.75;5283949.07;1389.34
18785;407691.53;5283917.78;1215.15
18787;407563.27;5283038.48;1020.92
18788;407945.57;5283787.06;1630.6
18792;408143.68;5284102.13;1527.62
51560;407647.46;5283611.36;1472.61
18794;407678.94;5283951.4;1469.32
51562;407620.55;5283213.76;1443.08
18796;407691.34;5283666.75;1478.41
18797;407639.44;5283592.34;1466.19
51566;408370.75;5284564.53;1593.14
18802;407733.79;5283898.66;1543.36
51571;407905.66;5283312.64;924.46
51572;407702.03;5283786.96;1513.29
18806;407637.61;5283870.44;1461.87
18809;409073.54;5285440.27;1553.19
51579;407604.65;5283744.84;1512.54
51580;407710.16;5283932.51;1515.72
51581;407427.74;5282803.69;919.89
51582;407375.79;5282946.52;1065.82
18817;407824.72;5283688.65;1500.36
51586;407945.9;5283860.29;1528.26
18818;407591.75;5283813.54;1450.17
18820;407554.48;5283881.13;1413.4
18821;409078.63;5285334.71;1534.23
18822;407957.78;5283701.94;1395.1
18823;408178.9;5284199.74;1507.26
18824;407933.47;5283525.1;1311.73
18825;409068.64;5285431.59;1555.46
18827;407622.06;5283934.28;1497.02
3742;407283.1;5282579.87;935.78
51606;408212.58;5284253.33;1508.9
51607;407410.29;5282991.09;1078.45
51608;407286.25;5282941.65;1081.96
51609;409016.95;5285445.3;1429.86
51610;407931.36;5283805.68;1554.19
18843;407752.08;5284027.09;1405.72
51612;407728.94;5283865.02;1493.04
51613;407419.85;5283197.02;1301.23
18845;407206.45;5283187.25;1357.38
51614;407210.44;5283220.92;1514.43
18851;407611.13;5283955.77;1465.61
51621;407668.95;5283866.33;1449.44
51622;408772.57;5285190.09;1589.67
18855;407795.37;5284040.26;1425.7
18856;408807.2;5284964.11;1470.16
18857;407637.32;5283822.05;1444.87
18859;407166.2;5283231.83;1468.44
18861;407541.57;5283790.0;1465.42
51631;407683.32;5283611.17;1509.88
51632;407735.3;5283988.77;1385.84
18866;407994.35;5283481.67;1201.35
51636;407391.65;5283211.71;1353.34
51638;407718.0;5283761.34;1537.86
51640;407725.76;5283980.81;1379.1
18873;407686.71;5283792.11;1495.41
51643;407822.08;5283634.7;1489.4
51648;407894.73;5283746.67;1488.08
18883;408063.21;5283956.2;1484.7
18886;407416.31;5283194.75;1304.03
51654;407540.19;5283926.04;1406.63
18891;408920.02;5285375.37;1527.71
51659;408192.53;5284235.89;1517.2
51662;409029.46;5285406.96;1627.49
18895;408351.66;5283794.15;1491.38
18898;407611.42;5283850.08;1333.63
18899;407597.53;5283541.63;1455.75
18906;408020.01;5283621.38;1354.88
18907;407489.61;5283866.38;1423.42
51680;408596.82;5284969.84;1593.64
51681;407609.65;5283711.02;1539.73
18916;407675.67;5283008.65;936.88
18917;407203.03;5283258.46;1481.61
51685;407246.76;5282908.59;1058.95
18919;407627.7;5284003.67;1430.58
18921;407782.81;5283663.49;1503.31
51691;407824.46;5283788.06;1521.33
18926;407928.51;5283806.5;1383.57
18927;407991.27;5283773.79;1422.26
18928;408824.3;5285324.25;1608.12
18929;408770.72;5285059.57;1587.54
51695;407316.25;5283072.8;1123.17
51699;408250.93;5283722.16;937.29
18934;407653.99;5283891.89;1401.93
18938;408002.86;5284073.96;1512.48
51711;407816.72;5283553.16;1443.41
18945;408090.84;5284041.76;1509.49
18947;408323.37;5283843.09;1577.42
51715;407758.42;5283737.29;1530.38
18948;407772.71;5283345.34;1516.41
18951;407645.47;5283829.87;1441.2
18952;408113.44;5283701.6;1337.37
51725;409145.24;5285545.52;1704.37
51727;407818.0;5283760.49;1587.67
18962;407540.1;5283143.12;1247.55
18963;409077.44;5285473.02;1583.32
51732;408343.1;5284577.48;1670.66
18965;408998.33;5285472.26;1652.84
51734;407807.14;5283560.1;1450.14
18964;407322.97;5283141.2;1212.9
18968;407813.12;5283674.35;1480.77
51736;407746.25;5283895.79;1421.59
18970;408248.39;5283932.04;1481.42
51738;407722.47;5283652.52;1495.02
51739;408012.9;5283604.47;1352.01
18973;408225.73;5283740.2;1376.62
18974;407200.04;5283260.86;1474.6
51743;407304.62;5283128.1;1165.57
51744;407980.21;5283600.93;1344.05
51745;407727.71;5283780.23;1488.82
51747;408461.76;5284821.64;1641.63
51749;407457.94;5283349.27;1371.31
51753;408101.97;5284044.23;1515.25
51754;407570.73;5283749.11;1434.03
51758;408494.67;5284756.34;1607.19
18990;408707.68;5285213.56;1625.07
51759;408906.6;5285351.37;1622.79
51761;408397.83;5284720.79;1616.17
51760;407612.01;5283898.16;1444.35
18995;409139.0;5285322.85;1593.9
51763;407373.16;5282961.07;1077.19
51766;408007.48;5283446.08;1155.0
51767;407696.19;5283736.73;1466.35
51768;407667.86;5283948.89;1383.9
19002;407593.19;5283781.9;1481.97
51774;407853.89;5283734.03;1496.62
19007;408193.96;5284095.81;1488.94
51775;407835.04;5283845.81;1432.94
51777;407151.43;5283220.2;1485.46
51778;407415.99;5282887.2;979.96
51779;408695.02;5285143.93;1627.37
19013;407315.85;5283083.31;1129.72
19015;407553.94;5282904.94;935.34
51785;408601.47;5284968.76;1611.08
19018;408238.84;5283652.56;932.47
19019;408117.81;5284019.69;1520.67
51788;407777.9;5283496.89;1480.55
19022;407588.85;5283874.69;1484.11
51791;408322.47;5284565.55;1588.46
19026;408275.67;5283813.46;1514.4
19028;408371.71;5284612.96;1585.47
51798;407853.04;5283737.75;1500.72
19032;407496.62;5283227.87;1271.66
51801;408820.34;5285298.62;1607.95
19034;407626.59;5283872.37;1445.21
19035;408202.71;5283868.24;1477.82
19036;408571.22;5284666.56;1473.7
51804;407693.04;5283840.63;1544.31
19038;407710.25;5283761.43;1479.33
51807;407553.31;5283888.51;1424.91
51808;407725.02;5283593.79;1314.17
51802;407889.68;5284139.56;1295.24
19043;407654.31;5283822.11;1476.7
51812;408077.35;5284071.75;1493.67
51811;407390.92;5282953.89;1051.49
19049;409125.95;5285316.35;1564.27
51817;407633.83;5283971.34;1414.7
51819;407692.21;5283542.11;1432.04
51820;407738.82;5283604.28;1516.6
19052;407606.42;5283847.8;1440.11
19054;408213.97;5283886.92;1484.75
51824;407994.37;5283397.12;924.02
51826;407651.06;5283693.87;1481.65
19060;407825.62;5283507.81;1515.57
19061;407315.81;5283059.74;1064.28
51830;407492.76;5283250.79;1326.84
51832;407723.64;5283860.99;1487.87
51833;407568.21;5283893.89;1434.08
51836;407301.27;5283113.5;1154.05
19071;407224.87;5283209.18;1397.74
51846;407305.77;5282966.12;1089.06
51847;407647.67;5283883.07;1407.81
19080;407936.43;5283645.11;1410.49
51849;408685.1;5284990.7;1557.43
19083;409092.78;5285297.93;1540.59
51851;408198.75;5283889.79;1500.31
19085;408712.63;5284987.95;1572.59
51854;408239.56;5283937.02;1492.86
51852;408270.29;5284036.18;1511.19
19087;407725.76;5283113.98;1514.28
19086;407654.55;5283899.35;1462.69
19090;408198.35;5284093.94;1482.61
19092;408518.7;5284754.22;1565.21
51861;408264.98;5283819.16;1510.99
51863;409063.93;5285383.4;1526.24
51864;407826.58;5283760.51;1507.97
19095;407882.48;5283757.2;1501.09
19098;407929.46;5283701.32;1438.96
19101;407568.1;5282990.01;980.2
19107;407672.59;5283137.67;1013.65
19108;407591.78;5283784.82;1435.06
19110;407466.26;5283361.0;1363.49
19123;407648.77;5283976.84;1455.97
19125;407931.59;5283855.81;1535.19
51896;408332.83;5284568.28;1611.3
51898;408195.28;5284291.31;1489.91
51901;408299.2;5284398.88;1497.74
51903;407760.79;5283726.77;1531.34
19136;408390.82;5284563.68;1625.32
51906;408275.49;5283814.48;1509.1
51908;408203.64;5284249.22;1483.08
51910;408182.52;5284234.47;1494.08
19143;408211.3;5284322.42;1476.45
19142;407622.23;5283805.19;1504.94
19145;408297.15;5284407.48;1521.13
51914;408201.93;5283898.26;1503.53
19147;408873.99;5285414.5;1639.8
51911;407884.75;5283509.84;1277.87
19149;408743.77;5284926.9;1475.53
51919;408461.05;5284849.94;1646.58
19152;407979.33;5283488.52;1226.19
19153;408146.63;5284080.68;1505.92
51924;407592.03;5283878.16;1422.23
51925;407792.23;5283734.76;1498.68
51926;408218.87;5283758.54;1487.6
51927;407596.58;5283531.26;1456.29
19159;407544.89;5283523.14;1476.5
19158;407510.74;5283871.33;1397.99
19157;407646.79;5283955.17;1461.84
51931;409164.07;5285374.12;1454.64
19164;407893.14;5283769.87;1505.71
51934;407688.17;5283887.48;1397.13
51935;407255.79;5282546.76;926.31
51938;407211.33;5283257.94;1453.35
19172;407591.11;5283912.14;1485.83
51942;408509.4;5284632.79;1430.96
19174;407788.56;5283841.58;1363.04
19175;407591.8;5283076.35;1298.49
51945;407766.26;5283636.1;1445.79
51947;407575.81;5283744.43;1439.89
19179;408140.97;5283627.46;951.48
19183;407144.81;5283165.74;1377.84
19185;408349.04;5283867.3;1591.3
19187;407740.06;5283051.52;957.89
19189;407599.51;5283010.24;1346.67
19190;407617.91;5283220.89;1441.84
51957;407384.58;5282950.09;1047.43
19193;407933.45;5283790.3;1628.18
19194;408082.6;5283993.36;1506.46
51961;407570.67;5282856.75;1036.51
51964;407414.39;5282981.91;1069.2
19197;407730.62;5283575.85;1474.42
51967;407799.63;5283768.85;1520.29
19202;407707.38;5283540.23;1513.92
19204;407578.5;5283835.89;1302.78
19205;407283.43;5282948.23;1088.34
19206;407660.18;5283776.57;1477.42
19207;408191.7;5284087.94;1457.52
19211;408308.05;5284398.03;1504.01
51981;407710.21;5283866.53;1421.37
19216;408797.12;5285235.02;1603.01
19218;407735.16;5283820.09;1544.26
51987;408199.02;5284043.69;1479.21
19219;407459.42;5283329.3;1394.54
51988;407277.12;5283009.33;1091.17
51990;407677.05;5283991.19;1460.78
19223;407911.83;5283785.32;1527.3
19224;408889.55;5285334.64;1450.05
19222;407272.16;5282887.7;1118.75
51994;407693.38;5283727.15;1512.3
51996;407668.53;5283866.42;1457.31
19231;408148.58;5283890.85;1485.15
52002;408168.15;5283630.15;952.11
52008;407467.55;5283327.73;1391.37
52009;407374.24;5283185.2;1292.58
19243;408893.41;5285322.3;1455.04
19246;408014.48;5284045.43;1524.3
19247;407536.23;5283742.28;1307.22
52016;409062.1;5285462.82;1546.16
52017;408680.7;5284801.89;1437.49
19250;408062.94;5283964.24;1544.47
52014;407213.07;5282762.89;1055.23
52020;407292.45;5283108.35;1159.76
19253;408086.28;5283978.7;1465.3
19254;407222.12;5283194.36;1391.86
19258;408418.35;5284608.42;1616.7
52026;408102.75;5284063.77;1513.83
19260;408284.33;5284433.52;1494.88
52029;408892.89;5285193.16;1433.25
52032;409146.86;5285555.15;1711.53
52033;409138.25;5285344.82;1588.84
19266;407858.83;5284073.21;1461.85
19267;408863.0;5285197.05;1427.89
52036;407308.22;5283176.4;1343.87
52039;408187.98;5284255.1;1511.52
19272;407746.23;5283644.48;1522.9
52052;407685.15;5283854.46;1383.32
19284;407566.09;5282859.88;1041.68
19286;407195.9;5283247.22;1457.31
52057;408754.98;5285074.77;1601.21
19291;407899.62;5283788.09;1623.36
19295;407810.12;5283526.21;1509.62
19296;407488.48;5283229.66;1317.49
19297;407625.22;5283162.03;1232.62
19298;408609.41;5284764.87;1480.39
52072;407506.42;5282860.28;933.64
19306;408801.62;5285266.41;1624.74
19307;408011.83;5283610.25;1356.16
19308;407714.44;5283118.36;1507.78
52078;407691.44;5283546.82;1430.36
19311;407706.18;5283675.06;1502.45
19312;407208.57;5282723.85;1058.12
19315;407815.54;5283648.67;1381.37
19316;409066.31;5285437.3;1630.94
19318;407435.66;5283199.41;1299.24
19319;408770.08;5285034.11;1469.56
52087;408281.87;5283801.81;1508.96
52089;409108.97;5285296.46;1552.85
52086;407671.7;5283989.49;1445.73
19323;408855.48;5285001.84;1515.31
52093;407829.85;5283682.19;1469.58
52094;407703.57;5283875.59;1537.89
19328;407756.74;5284044.23;1409.41
52102;407669.75;5283598.54;1465.81
19335;407577.41;5283385.28;1405.2
19336;407375.93;5282939.79;1038.25
52108;408168.41;5283919.62;1482.37
19343;407699.47;5283648.47;1494.43
52113;409144.08;5285560.71;1614.94
52115;407888.13;5283611.36;1323.85
52116;407764.86;5284006.48;1348.57
19352;407713.11;5283968.97;1367.17
19354;407831.5;5283704.43;1514.85
19355;407653.51;5283822.54;1476.22
19362;408178.38;5284197.67;1516.89
19363;408470.96;5284781.03;1629.05
52130;407404.25;5283157.25;1344.43
19372;408550.42;5284666.87;1456.97
52140;407724.7;5283662.37;1504.31
52141;407354.34;5283202.01;1338.16
52143;407830.48;5284027.93;1454.76
52144;407807.28;5283720.26;1549.67
52145;407881.63;5283509.56;1286.47
19374;407345.54;5282681.16;923.01
19383;407625.05;5283795.95;1504.5
19384;408204.57;5284073.36;1479.47
19385;407648.65;5283960.02;1455.21
19386;407740.73;5283865.09;1525.92
19387;408816.31;5284643.75;1481.8
52151;407209.55;5283223.24;1516.44
19389;407725.42;5283870.73;1484.58
19390;407210.14;5283191.5;1353.12
52152;407348.54;5283020.98;1127.76
19400;408680.21;5284800.75;1435.78
19403;407563.76;5283146.25;1266.68
52172;408189.57;5283948.3;1493.23
19404;407457.8;5283344.14;1363.47
19406;407709.26;5283544.09;1513.92
19408;407621.61;5283556.06;1456.84
52176;407582.7;5283889.64;1425.75
52178;409074.43;5285452.89;1612.64
52181;407593.25;5283251.93;1423.66
52189;407827.17;5283994.46;1472.82
52194;407828.3;5283752.02;1574.93
19426;407738.49;5283677.96;1433.45
19428;409076.31;5285558.41;1673.08
52197;407365.59;5283008.63;1113.67
19436;407709.51;5283920.89;1414.05
19437;409084.76;5285453.5;1580.69
19440;408712.4;5284756.86;1434.09
52211;408207.95;5283887.17;1505.71
19445;407678.69;5283923.48;1477.37
52215;407275.76;5282992.5;1081.72
19448;409084.16;5285461.07;1575.14
52216;407742.35;5283825.62;1545.26
52218;408361.08;5284590.41;1591.42
19451;407599.99;5283914.42;1386.54
52221;407520.05;5283893.55;1417.78
19455;408488.45;5284519.64;1486.13
19458;408342.78;5283806.61;1498.76
52226;407669.29;5283961.31;1458.16
19460;408879.35;5285353.45;1458.95
52235;407631.95;5283924.86;1512.86
19467;407337.05;5283109.41;1143.59
52237;408427.81;5284853.01;1656.47
19471;408263.72;5283787.85;1494.33
52240;408939.36;5285442.08;1615.42
19472;407618.33;5283895.96;1494.84
19474;408698.3;5285134.87;1625.34
19473;407648.6;5283883.98;1398.02
52244;408695.99;5285118.68;1622.58
52247;408725.51;5284995.06;1572.82
19482;407603.01;5283877.99;1469.82
19485;408235.61;5283772.72;1498.88
52259;408357.03;5283837.36;1570.94
52260;407343.96;5282689.51;925.13
19493;407133.33;5283232.42;1472.38
19498;407542.29;5283148.31;1270.53
52267;407730.45;5283071.47;1530.85
19504;408365.68;5284645.72;1640.34
19506;407760.79;5283878.72;1498.02
19507;407959.88;5283886.78;1540.4
19509;407855.98;5283504.47;1497.84
19510;409066.68;5285463.19;1549.92
52279;408493.16;5284522.79;1484.18
52278;407789.24;5283388.83;1520.28
19513;407656.22;5283909.08;1480.76
52280;407671.63;5283796.61;1540.83
19512;407313.17;5283070.19;1091.21
52286;408042.65;5283888.15;1516.8
19520;407739.87;5283889.02;1435.82
52291;407640.16;5283757.21;1537.72
19524;407745.7;5283096.6;1533.88
19526;407823.14;5283670.36;1472.38
52295;407761.55;5283299.94;1530.27
52294;407380.37;5283398.83;1495.78
52298;407695.87;5283835.77;1397.5
19531;407708.72;5283129.35;1505.45
19530;407253.21;5282899.34;1111.23
19536;407653.12;5283990.43;1424.97
19537;408790.35;5285056.99;1560.24
52305;408027.63;5283631.87;1357.11
19538;407513.12;5283771.79;1470.98
19540;407705.51;5283840.62;1525.5
19541;407729.15;5283792.86;1538.79
19542;407708.38;5283987.97;1361.64
52309;407204.5;5282823.97;1036.47
19545;408287.46;5283830.97;1529.09
52314;408384.41;5284587.79;1604.44
52317;408890.08;5285343.52;1446.02
52321;407927.0;5283693.94;1433.37
52322;408488.92;5284716.84;1607.2
19555;407626.1;5283153.79;1233.77
52325;407849.77;5284058.24;1463.44
19558;407849.67;5283500.07;1500.04
52329;407276.83;5282885.11;1119.69
52330;408993.04;5285318.36;1450.19
52331;409138.12;5285340.04;1589.69
19564;408686.03;5285119.56;1630.68
52332;408861.15;5285221.11;1437.83
19562;407762.8;5283707.97;1500.71
19568;407731.88;5283111.93;1520.94
19570;407706.77;5283878.76;1538.65
19571;407393.14;5283199.99;1268.08
52340;407766.72;5283346.47;1517.81
19574;407328.45;5283136.9;1197.48
52343;408190.2;5284283.92;1479.01
19576;408229.22;5283650.09;937.1
52346;407589.77;5283253.17;1421.85
19581;407689.13;5283902.35;1414.55
19582;407179.49;5283260.53;1463.32
52352;407673.93;5283914.0;1479.56
19585;409138.25;5285347.08;1590.88
19586;408097.5;5284009.6;1481.41
52353;407816.29;5283680.53;1490.84
19590;407674.18;5283798.51;1521.9
19591;407878.02;5284102.28;1336.32
52360;407595.01;5283855.03;1470.61
19593;407607.02;5283914.88;1388.01
52359;407770.63;5283102.7;948.94
19595;407192.44;5282829.76;1047.97
52362;407671.81;5283010.7;928.34
19600;408290.61;5284349.72;1476.39
52369;407732.32;5283847.98;1483.2
52370;407789.22;5283736.46;1499.41
52372;407781.86;5283821.35;1483.67
52373;409099.13;5285290.47;1545.0
19605;407730.34;5283815.86;1395.24
19607;408701.21;5284761.61;1446.25
52376;407589.99;5283922.07;1482.26
52375;407593.87;5283140.6;1293.72
52378;407498.72;5283221.34;1279.75
52380;408264.71;5284056.94;1525.07
19613;408635.96;5284964.54;1610.08
19615;407988.69;5283412.85;934.82
52383;408275.22;5283799.54;872.54
19619;407601.9;5283925.65;1415.72
52390;407887.58;5283749.01;1490.4
19623;407207.69;5283251.63;1453.09
52394;407641.32;5283695.98;1436.83
19628;407696.59;5283576.36;1499.64
52398;407904.97;5283840.86;1539.41
19631;407568.01;5283518.48;1507.23
19632;408321.79;5283845.66;1575.83
52401;408079.87;5284015.81;1496.94
52402;407617.65;5283900.49;1471.34
52400;407706.69;5283832.6;1410.75
52404;407707.03;5283675.03;1513.51
19635;407289.81;5283022.1;1102.36
52406;408812.36;5285165.51;1439.93
52413;408782.36;5285204.21;1592.41
19649;408760.04;5285022.95;1471.14
19651;408091.58;5283965.86;1439.48
19653;407491.16;5283022.62;1034.43
52424;407304.04;5282940.85;1083.97
52427;407681.93;5283780.33;1494.56
52428;407945.85;5283839.71;1525.44
19659;407613.96;5283847.09;1330.63
19660;407656.28;5283956.07;1389.77
52431;407393.99;5282897.12;971.42
52433;407545.97;5283772.06;1272.29
19667;408121.78;5284037.02;1523.49
52436;407583.98;5283857.77;1382.38
19668;407381.41;5282946.54;1044.37
19671;408879.14;5285408.16;1819.52
52441;408001.81;5283721.61;1393.18
19674;407703.34;5283846.59;1530.15
52442;407591.4;5283788.25;1445.53
19677;407414.01;5282890.91;981.86
52446;407885.12;5283650.74;1420.11
19680;407627.72;5283945.59;1415.9
52452;407680.8;5283607.58;1511.05
19687;407333.12;5283070.26;1136.16
19689;408667.65;5285050.35;1610.18
52458;407204.73;5283219.76;1493.58
19691;408127.65;5283705.34;1333.11
19696;407872.12;5283355.67;957.63
19697;408189.52;5283855.82;1470.74
19698;407625.69;5283851.41;1376.76
19701;407600.05;5283924.02;1414.89
52470;408430.4;5284715.67;1604.93
52472;407704.5;5283901.29;1541.18
19708;408393.03;5284721.66;1613.53
19709;407843.96;5284097.46;1344.52
52478;407769.42;5283345.62;1516.41
19711;408811.66;5285280.1;1624.06
19712;407695.87;5283867.84;1543.3
19713;408536.24;5284831.31;1606.92
52481;408192.33;5283956.66;1494.63
52480;407597.01;5283787.02;1487.66
52489;408239.23;5283766.92;1486.08
19721;407743.79;5283090.38;1258.99
52491;408343.62;5283796.53;1487.82
19725;407655.77;5283104.95;1156.01
19726;407587.76;5283859.8;1365.78
19728;408120.97;5283842.43;1471.9
52497;407664.52;5283159.94;1235.55
52498;408175.1;5284131.43;1522.83
19733;408122.8;5284070.61;1510.84
52501;407640.24;5283619.92;1459.67
52506;407408.16;5283011.17;1090.28
19739;408919.41;5285346.95;1438.95
19740;408024.69;5283895.85;1504.16
52508;407648.19;5283847.58;1515.89
52510;408786.03;5285021.0;1577.89
19743;407508.4;5283445.75;1441.69
19742;407510.62;5282829.71;898.56
52518;407740.26;5283828.87;1534.04
19751;407779.75;5283572.62;1429.11
52519;407295.36;5283006.89;1094.09
52521;407658.0;5283910.44;1481.73
19753;407332.04;5283069.15;1132.12
19755;407816.31;5284073.89;1440.52
19759;407579.24;5283904.22;1428.94
19760;408509.87;5284752.67;1595.51
52528;408685.98;5284698.55;1451.15
19761;408242.98;5283932.54;1486.7
19763;408886.6;5285340.4;1446.42
19764;408006.14;5283595.44;1351.83
19769;409080.73;5285473.02;1630.9
52540;408593.12;5284653.46;1480.83
52543;407721.69;5283635.57;1397.08
52544;407824.68;5283667.55;1489.79
19778;407578.23;5283883.26;1371.08
19779;407740.62;5283120.19;1530.35
52550;407442.22;5283196.85;1299.04
19783;407269.12;5282679.65;1001.77
19785;407705.25;5283898.69;1541.9
19787;408075.57;5283955.31;1459.81
52557;408126.55;5283835.22;1484.48
19791;407297.0;5283032.41;1122.77
19797;408158.17;5283913.53;1489.05
52565;407706.14;5283522.34;1445.96
19800;408366.98;5283843.3;1541.48
52569;407708.51;5283691.58;1456.75
19804;407634.31;5283927.56;1373.32
52573;408864.99;5285310.57;1592.66
52577;407706.19;5283822.0;1524.96
52578;407870.6;5283475.71;1262.93
19812;408679.12;5284991.64;1598.88
52583;408156.94;5283889.61;1481.73
19818;408180.99;5283936.64;1500.64
52590;407188.32;5282839.11;1093.65
19826;408837.0;5285364.27;1601.44
19827;408921.84;5285347.83;1436.06
52596;408199.1;5283887.69;1503.41
19829;408264.23;5283812.29;1519.21
52595;407702.55;5283685.03;1459.27
52598;407323.17;5283187.82;1227.45
52601;407314.47;5283192.05;1250.69
52602;407584.3;5283909.93;1433.53
52605;408163.94;5284063.05;1516.46
52607;407736.79;5283599.73;1516.6
52608;407380.35;5283210.72;1365.93
52610;407639.68;5283535.76;1511.46
19845;407299.57;5283016.72;1108.72
19848;407655.1;5283695.67;1472.92
52619;408695.65;5284863.44;1458.25
19852;407873.47;5284118.77;1319.7
19853;407952.44;5283796.63;1396.84
19855;407690.15;5283899.3;1412.3
19856;408134.65;5283831.57;1489.01
52625;408109.66;5284027.02;1512.22
19857;407432.74;5283047.8;1099.7
19860;407757.74;5283254.24;1527.28
52631;407710.0;5283790.25;1499.16
19866;408909.86;5284506.43;1429.2
19867;408809.02;5284641.86;1480.14
52635;408191.25;5284247.25;1509.5
52642;408701.47;5284865.21;1434.03
52645;407816.58;5283674.83;1491.83
19881;407594.21;5283866.79;1451.23
19884;408873.06;5284627.0;1446.15
19885;407698.95;5283632.11;1484.38
52656;407672.61;5283742.55;1480.19
52657;409019.59;5285408.11;1639.79
19889;407653.61;5283615.82;1474.61
52662;407399.52;5282933.09;1054.87
19895;409078.34;5285443.16;1591.12
52665;408730.19;5285127.13;1588.23
19898;407671.38;5283775.83;1543.49
19897;407412.23;5283386.46;1469.43
52668;407608.18;5283896.25;1363.49
52669;407814.63;5283515.02;1510.97
19902;408658.27;5284788.9;1483.43
52674;407504.71;5282858.24;932.4
52676;407815.0;5283690.76;1504.75
52677;407858.9;5283500.07;1504.15
19910;408226.66;5283950.27;1510.66
19908;407703.32;5283006.21;921.59
52680;408295.52;5283835.85;1559.31
19915;408171.12;5283921.69;1482.32
52683;408859.7;5284566.58;1423.69
52684;409068.31;5285432.68;1568.4
52687;408901.45;5284529.47;1439.22
19921;408516.31;5284755.22;1576.82
52690;408051.25;5283489.87;1199.62
19923;408802.06;5284996.59;1529.39
52692;407586.12;5283894.86;1394.07
52691;407480.1;5283852.29;1420.78
19927;407907.42;5283841.75;1357.9
19929;408242.12;5283810.99;1509.6
19930;408745.2;5284937.76;1467.92
52700;407893.86;5283609.37;1324.2
52701;407718.19;5283998.55;1368.66
52702;407609.55;5283084.18;1307.74
19937;408895.86;5285451.59;1631.01
52707;407707.55;5283922.7;1514.27
19940;408636.57;5284896.19;1596.16
52709;408012.98;5284093.72;1502.59
52710;407441.34;5282770.58;954.25
52712;408111.03;5284060.74;1507.49
19944;407700.09;5283644.29;1458.07
19947;407836.12;5283679.43;1466.75
19948;407836.56;5283705.32;1515.66
52721;407992.05;5283583.63;1346.86
52722;407581.97;5283892.75;1419.07
52724;407663.44;5283571.57;1517.74
52725;408414.34;5284592.12;1568.65
52726;407456.18;5283198.33;1296.48
52727;407813.19;5283489.49;1517.1
19961;407581.19;5283884.16;1427.77
19963;407437.48;5282901.79;999.07
52733;407216.67;5282857.79;1051.24
52736;407553.76;5283103.35;1189.77
19969;407572.24;5283153.69;1268.73
52738;407823.57;5283690.36;1502.42
52741;408171.71;5284112.69;1511.23
19974;408535.08;5284581.31;1510.28
19978;407587.67;5283987.05;1403.19
19982;407914.82;5283877.78;1476.61
52751;408882.05;5285203.97;1426.81
19984;408768.06;5284617.81;1485.59
52753;407642.71;5283795.89;1511.72
19986;408156.5;5284187.17;1397.89
19983;407696.5;5283551.42;1431.25
19988;407406.05;5283191.46;1308.41
52757;407301.6;5283110.05;1151.12
52754;407814.36;5284035.35;1439.85
52759;409156.5;5285342.98;1442.79
19992;409134.47;5285357.05;1587.98
19993;408373.61;5284553.09;1566.32
52761;407205.53;5283188.16;1359.17
52760;407574.85;5282905.83;942.73
19998;408136.52;5284060.4;1519.52
52768;407284.28;5282607.67;955.51
20001;407625.92;5283874.02;1381.12
52770;407659.09;5283896.24;1392.69
20003;407698.02;5283674.83;1504.87
52772;407788.8;5283860.49;1485.4
52775;407633.77;5283160.46;1216.92
52776;407667.5;5283949.32;1459.43
20009;408009.14;5284021.94;1408.04
20013;407313.54;5283178.42;1348.04
52782;408185.0;5284177.34;1528.86
52784;407472.69;5283269.96;1350.51
52787;408023.82;5283990.15;1511.54
52788;407341.02;5283113.73;1177.95
20022;408125.08;5284061.61;1505.14
20023;408333.62;5283789.76;1468.17
52790;407578.46;5283918.51;1392.88
52793;407995.35;5283596.11;1335.66
20029;407698.38;5283213.25;1501.19
52799;407180.18;5282788.65;1020.25
52803;407632.3;5283850.62;1408.54
20035;407421.82;5282943.96;1027.15
52806;407706.02;5283878.95;1417.15
20038;408147.39;5283536.92;915.68
20042;407664.44;5283163.06;1222.14
20044;407656.39;5283789.78;1472.73
52812;407664.47;5283974.22;1450.83
20046;407508.89;5283048.41;1041.48
20047;408167.1;5284074.1;1505.88
52816;407650.6;5283913.55;1360.27
52817;408756.74;5284942.37;1473.46
20049;407275.45;5282637.76;976.92
52822;407710.05;5283695.51;1455.96
52824;408508.06;5284736.98;1614.42
52825;408821.46;5285366.59;1813.94
20056;407586.81;5283110.16;1289.53
52827;408021.15;5284051.87;1516.27
52828;407768.43;5283105.53;949.5
52830;407658.12;5283913.54;1479.71
52833;407353.86;5283008.2;1118.35
52834;407428.42;5282984.21;1065.02
20067;407789.26;5283348.83;1522.93
20069;408189.73;5283972.87;1469.46
52837;407429.6;5283045.18;1089.75
52839;407197.9;5283269.34;1463.06
52840;407677.37;5283125.31;1158.06
52841;407634.17;5284007.62;1424.44
52842;407787.08;5283815.03;1504.74
20075;408255.92;5283821.79;1524.4
20076;408025.69;5283988.79;1512.08
52845;408181.28;5284224.12;1495.16
52846;407458.8;5283359.51;1369.74
52847;407713.85;5283789.46;1499.16
20077;407808.27;5283167.07;915.35
20081;407275.31;5282997.04;1084.39
20082;408267.9;5283711.62;926.62
20086;407181.19;5283171.06;1390.93
52856;407826.81;5284000.41;1456.42
52860;407999.11;5283769.14;1422.57
20097;408334.35;5283801.7;1481.72
20098;408700.19;5284998.98;1587.19
52867;407374.81;5282950.36;1044.77
20100;407955.34;5283806.33;1518.65
52865;407306.83;5282589.04;929.89
20102;408560.65;5284685.32;1459.93
52871;409143.59;5285530.37;1688.54
52873;407575.34;5283543.96;1508.55
20108;407659.52;5283900.32;1389.97
52883;408856.16;5285322.99;1755.32
20117;408393.32;5284726.69;1609.82
20124;408031.44;5283913.02;1530.63
20126;407455.04;5283038.19;1072.46
52895;407566.29;5283833.16;1432.91
52896;407686.54;5283776.5;1538.83
52899;408928.43;5285381.0;1542.14
20132;409053.89;5285463.88;1500.71
20135;408356.86;5283826.73;1514.28
52905;407203.84;5283183.26;1368.09
52906;407667.4;5283596.38;1461.63
20146;408422.15;5284642.24;1581.87
52915;407568.85;5283527.2;1470.97
52917;407726.71;5283860.31;1485.71
52919;408274.63;5283808.51;1519.41
52920;407820.95;5283801.41;1514.21
20152;407720.79;5283783.3;1521.94
20155;407972.73;5283754.37;1398.38
52924;407703.22;5283677.83;1504.67
52926;407640.02;5283857.58;1504.17
52927;407672.2;5283172.81;1484.44
52929;407286.71;5283043.28;1109.63
52931;407588.89;5283147.44;1299.71
52938;408062.11;5283968.38;1542.98
20170;407808.74;5284047.6;1437.5
20174;408997.55;5285448.58;1611.69
20175;408901.46;5285342.91;1587.66
20176;409001.01;5285479.18;1654.65
52942;407733.22;5283074.28;1507.27
52943;407550.82;5283774.32;1272.47
20180;407354.41;5282940.61;1035.62
52949;407200.48;5282837.59;1125.02
20183;408539.71;5284573.63;1499.21
52954;407718.55;5283656.71;1497.33
20186;407669.53;5283901.78;1382.17
20190;409106.75;5285440.12;1593.18
52959;407718.41;5283773.52;1481.26
52965;407411.7;5283378.2;1455.53
20198;407474.06;5283013.16;1033.89
20201;407645.49;5283570.34;1510.93
20202;408772.02;5285041.02;1579.64
52972;407719.44;5283641.33;1500.42
52973;408687.26;5284803.73;1435.04
20206;407655.1;5283692.63;1474.33
20207;408388.66;5284542.77;1642.68
52976;408284.98;5284439.07;1491.37
20210;408066.74;5283968.94;1462.75
52979;407755.21;5283297.05;1512.95
52982;409077.19;5285462.74;1517.92
20215;407668.94;5283889.75;1407.36
52984;407653.47;5283974.16;1377.49
20217;407680.16;5283948.75;1380.7
52986;407747.6;5283526.04;1463.46
20221;407172.02;5282780.72;1019.05
20224;408182.87;5283871.09;1496.02
52993;408564.38;5284682.14;1477.88
52992;407781.83;5283776.08;1518.8
20227;407452.01;5283354.78;1403.34
20226;407578.75;5283145.05;1253.01
52995;407982.15;5283401.53;931.07
20232;407744.68;5283934.88;1346.23
53001;407762.81;5283716.33;1503.8
20234;407684.61;5283893.76;1406.58
53003;407645.86;5283614.66;1473.8
20238;407661.64;5283925.49;1377.43
53008;407788.88;5283734.53;1500.09
53011;407240.66;5282886.58;1121.79
20244;407641.75;5283967.19;1450.58
20245;408193.07;5284019.45;1484.36
20247;407269.39;5282691.47;1013.36
20250;408281.2;5284354.85;1491.62
53018;408356.47;5283796.46;1474.82
53019;407395.29;5282950.74;1049.31
20254;408246.41;5283713.5;926.91
20257;407468.69;5283359.51;1389.84
53028;407829.71;5283827.34;1370.87
53029;407825.89;5283691.37;1493.19
53033;407955.26;5283879.09;1527.99
20266;407789.9;5283334.52;1536.9
20270;407580.92;5283982.34;1405.99
53039;407465.73;5283006.88;1036.3
53041;408640.06;5285148.23;1632.71
53043;409097.38;5285430.99;1578.1
53044;407307.5;5283165.37;1260.47
20280;407676.34;5283220.7;1481.97
53050;408193.0;5284027.57;1478.59
53051;408354.84;5284540.11;1621.3
53053;407449.11;5283195.16;1296.51
20287;408700.84;5285015.16;1553.11
20290;407301.96;5283182.12;1350.92
20293;408565.42;5284938.73;1598.77
53061;407460.5;5283339.19;1409.06
53062;407746.68;5283620.7;1302.14
20296;408910.38;5285347.16;1440.92
53063;407559.37;5283061.02;1029.47
53066;407904.88;5283738.33;1479.59
20298;407581.17;5283388.51;1408.4
20303;409145.21;5285315.87;1598.85
53076;407339.91;5282994.66;1054.26
20309;407979.47;5283707.53;1413.55
53079;407955.13;5283826.7;1520.58
53082;408088.8;5283972.78;1456.77
20314;408305.53;5283842.22;1568.22
20318;407698.59;5283834.29;1524.05
53088;408398.54;5284746.95;1607.41
20320;408174.52;5284071.74;1494.85
53091;407836.28;5283702.24;1509.13
53093;407679.76;5283989.0;1441.74
20328;408444.47;5284650.75;1563.4
20330;408797.04;5285167.66;1437.48
20331;408352.59;5284566.47;1578.46
53099;407408.67;5282847.93;970.78
53101;408262.07;5283717.49;912.76
20334;407627.87;5283881.14;1460.65
53103;408332.36;5283856.32;1578.22
53104;407167.14;5282792.17;1045.86
20337;408697.7;5285026.43;1594.25
53108;408185.1;5283908.54;1498.22
20342;407627.23;5283892.66;1511.94
20344;407649.35;5283759.71;1538.18
53112;407638.59;5283187.53;1459.28
20345;408225.21;5283661.32;941.05
53117;407967.02;5283810.68;1513.55
20350;408266.06;5284012.8;1506.0
53118;407968.03;5283536.21;1339.36
20355;407791.2;5283256.44;1547.52
53124;409162.44;5285576.98;1718.73
20356;407978.82;5283477.3;1213.61
53128;407710.34;5283956.93;1375.31
53131;408186.63;5283956.59;1446.26
53132;407946.14;5283839.22;1523.78
53133;407878.28;5283858.18;1366.13
53135;407626.56;5283854.65;1369.5
20368;407450.2;5283357.68;1404.51
20369;408699.06;5285025.08;1592.58
53138;407570.68;5282909.52;932.54
53139;408909.91;5285358.23;1624.63
20373;407764.35;5283278.69;1532.82
53142;408413.96;5284593.43;1538.47
53144;408521.55;5284889.67;1643.87
53148;407636.81;5283550.39;1505.66
53149;407225.38;5283202.96;1393.86
53150;408004.19;5283901.18;1521.05
53154;408399.47;5284568.42;1635.42
20390;407500.37;5283342.86;1406.23
53159;408765.68;5285174.92;1606.06
20392;407833.17;5283664.14;1463.09
20393;408161.83;5283840.09;1504.11
53165;408579.24;5284883.99;1600.22
53171;407483.48;5283039.82;1045.15
20405;407594.44;5283874.16;1419.27
53174;407968.78;5283814.12;1515.1
20407;407806.41;5283164.44;936.17
53177;407762.66;5283845.83;1370.9
53182;407495.47;5283304.18;1379.52
53183;409113.43;5285626.13;1679.36
20416;407537.14;5283295.77;1396.96
20414;407335.45;5283094.76;1162.73
20418;408091.25;5283969.72;1440.23
53189;407600.73;5283914.6;1370.91
53191;408522.44;5284648.21;1434.18
53192;409094.0;5285279.08;1549.78
20425;408177.51;5283959.25;1482.59
20427;407644.27;5283904.98;1507.78
53196;407893.83;5283290.27;929.05
20429;407678.7;5283866.96;1445.82
20430;407612.24;5283904.12;1437.83
20431;407652.77;5283618.4;1474.75
20432;408176.9;5284181.33;1518.68
53200;407766.2;5283730.62;1507.86
53201;407941.01;5283672.6;1407.28
20435;408418.34;5284637.7;1613.25
53204;408065.46;5284038.58;1532.95
53205;407693.42;5283930.44;1517.24
53202;407386.66;5283199.21;1329.23
20433;407641.31;5283945.29;1395.71
53211;408410.06;5284646.31;1587.43
20444;408182.85;5284201.61;1509.76
20445;407661.16;5283870.45;1506.38
53215;407836.52;5283667.51;1455.57
53216;407776.73;5283113.87;968.87
20449;409113.6;5285410.67;1598.87
53217;407518.35;5283260.64;1270.83
53219;408659.89;5284793.29;1482.86
53218;407565.23;5283885.91;1417.15
20453;408156.18;5284183.38;1396.39
20454;407357.84;5283164.11;1299.99
20451;407747.36;5283161.17;950.33
20452;407428.08;5282879.82;976.8
20459;407819.46;5283551.37;1448.83
20460;408183.74;5283952.71;1510.52
53228;408071.86;5283956.39;1547.47
53229;407834.95;5283700.68;1510.47
53231;407598.07;5283866.78;1459.22
53233;407611.47;5283555.63;1496.19
20467;407698.97;5283891.19;1516.93
53237;407800.22;5284064.31;1429.48
20470;407247.45;5282882.42;1126.33
20471;407585.83;5283891.37;1430.15
20472;407852.91;5283513.91;1512.26
53240;407881.53;5283663.41;1444.22
20474;407597.18;5283914.2;1389.33
20476;409128.34;5285517.63;1686.61
53248;407502.91;5283007.18;1022.03
20483;407812.61;5283986.56;1435.06
53255;407710.98;5283900.92;1543.94
20491;407664.83;5283930.9;1380.34
20494;407692.09;5282982.03;919.95
20495;409092.94;5285479.95;1631.62
53263;407444.33;5283375.43;1441.48
20500;408090.63;5283968.25;1455.36
53269;407571.09;5283890.9;1439.74
20503;409101.95;5285490.3;1675.46
20506;409072.95;5285460.28;1516.51
53274;407858.17;5283666.5;1509.0
53275;407364.56;5283166.34;1329.39
53277;407793.49;5283401.65;1515.88
53278;407629.81;5283880.99;1375.71
20514;408168.63;5284078.34;1506.59
53282;408010.59;5284050.41;1521.74
20516;407346.38;5283079.94;1156.83
20517;409003.83;5285454.22;1418.6
53285;408525.49;5284653.36;1433.4
20518;407841.11;5283677.24;1477.79
53283;407561.36;5283064.19;1049.24
53289;407794.2;5283344.48;1536.04
53291;408581.76;5284582.94;1484.63
20523;408799.72;5284618.81;1479.54
20526;407591.52;5283875.72;1465.57
53295;407691.64;5283892.59;1396.51
53300;407562.44;5283900.62;1421.59
20533;407926.13;5283872.86;1539.74
20537;407216.84;5283199.26;1324.89
53308;407710.49;5283091.48;1112.39
20541;407557.01;5283896.72;1420.2
53313;407396.67;5283199.49;1262.63
20546;407615.28;5283903.57;1442.54
53315;407800.28;5283772.98;1591.07
53318;407430.47;5282941.85;1032.87
20552;407430.26;5282946.61;1039.53
53323;407965.09;5283759.38;1395.6
53326;407787.86;5283729.02;1492.04
20558;407358.93;5283052.31;1139.65
53329;407536.8;5283869.43;1424.12
53336;408223.05;5283747.78;1407.5
53339;407639.61;5283550.73;1507.5
20572;407596.78;5283791.97;1514.87
20574;409167.75;5285583.33;1720.18
53343;408159.89;5284097.18;1511.38
20576;409135.77;5285558.8;1612.98
20582;408175.31;5284096.51;1508.98
20583;408636.57;5285143.0;1593.15
53352;408790.48;5285273.62;1698.92
53355;407820.6;5283773.08;1512.63
20589;407677.73;5283574.19;1520.0
20590;408157.4;5284097.51;1449.73
20591;407320.53;5283199.03;1236.13
53361;408400.1;5284645.22;1597.65
53362;408235.43;5283643.2;931.07
53363;409112.36;5285312.19;1559.28
53364;407659.0;5283922.84;1453.42
53365;407593.86;5283855.84;1447.21
20596;407667.0;5283979.11;1450.24
20600;408462.06;5284817.78;1644.95
53371;408869.98;5285327.99;1610.33
53372;409103.78;5285282.05;1559.39
53374;407842.46;5283673.95;1464.0
53377;407913.58;5284104.57;1314.66
53379;407717.45;5283839.97;1408.42
53380;407868.09;5283749.3;1448.24
20614;408268.0;5284366.21;1499.67
20615;407705.66;5283514.1;1442.57
53384;407410.37;5283385.77;1473.05
53385;408374.57;5284553.17;1565.27
53394;407211.74;5283244.52;1438.76
53396;408020.69;5284042.74;1521.76
20629;408452.45;5284706.38;1584.79
20630;407631.96;5283760.8;1533.95
20632;407304.36;5283020.99;1112.35
53400;407331.76;5282992.43;1108.81
53408;407620.63;5283900.63;1495.13
53409;408324.79;5283839.39;1561.45
20642;408436.69;5284846.07;1652.74
53410;407548.74;5283046.83;1016.87
20640;407329.5;5282583.42;917.63
20645;408203.68;5284052.22;1511.2
20648;408791.75;5284628.74;1474.86
53418;407699.64;5283693.88;1460.42
53419;407821.46;5283668.7;1472.73
53420;408019.72;5284101.91;1506.55
20651;407634.9;5283942.28;1395.52
20654;407772.29;5283373.45;1515.26
20662;407975.42;5283520.4;1343.39
53432;408679.06;5284704.62;1458.23
20664;407820.59;5283991.71;1446.6
20666;407579.96;5283875.26;1432.9
20667;407807.36;5283247.22;1516.35
53440;408858.63;5285330.69;1809.61
53441;408232.01;5283767.18;1497.48
53446;407702.21;5283698.14;1515.01
20680;407996.21;5283888.11;1514.36
53452;409096.31;5285299.98;1544.87
20685;408009.01;5283863.22;1525.66
53453;407714.22;5283848.22;1523.77
20684;407166.05;5282776.43;1017.2
53457;408081.38;5283974.23;1508.77
53459;407893.2;5283506.04;1265.34
20691;407206.27;5283222.71;1361.87
20693;407349.96;5283070.36;1105.48
20695;408185.99;5283954.52;1447.71
20697;409069.52;5285427.36;1543.22
53470;408153.01;5284108.68;1529.37
20703;408019.63;5284097.19;1513.57
20704;409000.5;5285477.76;1656.02
53471;407219.93;5283207.15;1395.83
20707;408794.33;5285236.66;1605.04
20708;407654.76;5283624.18;1472.61
53476;407498.59;5283011.7;1024.34
20714;408857.66;5284553.05;1423.21
20715;408487.02;5284866.41;1644.51
20716;407818.35;5283666.05;1510.16
53484;407741.41;5283823.29;1543.79
53485;407575.43;5283500.69;1451.52
53487;407788.58;5283825.35;1501.25
20717;407638.56;5283758.13;1539.32
20721;407714.83;5283879.58;1531.83
20718;407465.26;5283296.26;1380.19
53490;407200.39;5282821.21;1068.56
53493;407635.48;5283919.18;1507.14
20726;407807.01;5283756.46;1506.56
53495;407307.93;5282966.74;1089.57
20728;407572.32;5283910.96;1414.32
53501;407754.78;5283348.31;1487.7
20734;408283.29;5283802.35;1521.96
53502;407426.37;5282816.92;931.75
53504;407648.68;5283799.09;1510.28
53506;408269.11;5283788.98;1526.52
20739;407880.48;5283773.85;1612.33
53510;407603.05;5283853.43;1449.16
20743;408270.06;5283799.5;1511.51
53512;408780.34;5285055.49;1586.07
53513;408444.5;5284644.97;1596.55
53515;407719.54;5283638.53;1496.28
20747;407585.7;5283895.12;1442.35
20750;407350.17;5283193.22;1187.4
20754;408430.64;5284652.03;1618.15
53523;407937.71;5283802.32;1390.2
20759;407943.98;5283730.46;1461.5
20761;407646.2;5283807.3;1516.51
20763;407701.23;5283899.89;1413.56
53533;408777.63;5284976.99;1488.87
53536;407637.05;5283839.3;1468.63
20772;408172.02;5284181.8;1449.78
20773;408152.28;5284121.75;1505.67
53544;407357.84;5283062.89;1099.06
20781;408564.84;5284875.56;1610.9
53549;407841.55;5283509.94;1505.79
20782;407695.64;5283877.72;1545.85
20784;407854.13;5283769.64;1599.65
20785;407825.01;5283690.99;1500.5
20786;407719.99;5283780.25;1504.74
20787;407749.68;5284012.75;1398.84
53556;407616.49;5283722.81;1537.44
53557;409059.6;5285253.04;1527.2
20788;407382.61;5283194.67;1279.26
53551;408243.94;5283710.94;930.72
53561;407670.77;5283864.67;1452.28
20794;407685.59;5283621.63;1482.11
53562;407266.75;5282972.19;1098.59
20797;408185.85;5284244.36;1499.42
20799;407588.24;5282974.72;970.09
53573;408176.08;5284102.56;1508.45
53575;408302.12;5283837.52;1549.73
20807;407905.61;5283778.23;1623.52
20810;407137.47;5283166.07;1371.3
53579;407685.56;5283848.63;1386.69
53580;407782.92;5283569.76;1431.29
20815;407878.15;5283756.61;1505.86
53586;407662.6;5283772.2;1538.33
20818;407541.04;5283766.12;1274.03
53588;407858.13;5283672.17;1453.89
53589;407717.73;5283570.78;1320.83
53591;407740.38;5283633.84;1472.5
53592;408625.64;5284903.01;1596.1
20826;408346.08;5284573.49;1657.36
20827;407866.82;5283745.68;1476.41
53596;408535.61;5284846.88;1602.97
53598;408469.6;5284699.54;1591.06
20832;407753.77;5283678.89;1522.98
20835;407724.16;5283767.66;1492.71
20837;408184.83;5283748.93;1469.67
53606;407547.31;5283878.32;1427.21
20840;407701.9;5283514.9;1438.86
20844;407711.06;5283128.0;1505.55
20846;409080.35;5285302.61;1527.71
20854;408325.73;5283838.74;1574.5
20855;407946.04;5283860.99;1495.31
53624;408261.56;5283819.38;1522.34
20856;407679.06;5283923.41;1219.51
20862;407485.43;5283852.44;1428.77
53635;407202.34;5283244.88;1448.78
53636;408824.87;5285179.37;1442.9
53641;408703.44;5285033.0;1551.87
53642;408271.64;5284373.5;1497.8
20874;407643.55;5283602.24;1469.35
20876;408760.91;5285021.89;1578.95
20877;408790.1;5285209.01;1590.62
53644;407925.62;5283875.0;1540.92
53647;408382.56;5284531.07;1633.41
53646;407976.29;5283825.6;1517.43
20881;407818.9;5283673.89;1484.33
20882;407650.74;5283869.07;1452.98
20884;407820.75;5283682.51;1499.53
20885;407681.03;5283880.28;1407.97
20886;407471.69;5283356.66;1345.12
53657;408432.0;5284491.38;1501.58
53658;407592.28;5283893.14;1383.35
53662;408320.91;5284564.03;1597.69
20895;407678.54;5283860.96;1402.05
20896;407804.97;5283519.17;1506.65
53665;408200.07;5284022.04;1485.97
20897;407587.79;5283804.51;1449.15
53668;407405.9;5283151.11;1345.26
53669;407681.19;5283888.26;1392.29
53670;407641.34;5283890.66;1354.34
20903;407687.51;5283615.09;1506.56
20912;407509.61;5282949.97;974.66
53682;408497.7;5284780.05;1598.41
53683;408804.64;5285346.87;1618.27
20914;408944.27;5285313.28;1451.42
53686;408178.64;5283746.92;1478.28
53688;407719.03;5283037.73;1528.18
53689;407724.16;5283149.52;1227.77
20920;407308.43;5282915.83;1102.72
20923;407612.98;5283945.3;1341.2
20921;407933.98;5284220.12;1255.7
20925;408835.82;5285318.38;1773.96
53690;407575.3;5282873.81;915.01
20927;407640.05;5283851.7;1470.66
53699;407836.96;5283676.06;1478.37
20935;407726.08;5283804.9;1502.23
53704;407650.35;5283818.44;1516.59
53707;408203.09;5283865.12;1475.19
53708;408204.65;5283861.77;1472.4
20941;407438.13;5282891.57;989.32
20942;408172.66;5283911.07;1488.23
53711;407736.9;5283605.64;1309.34
53712;407991.58;5283859.37;1516.4
20948;407379.27;5282995.85;1098.37
53718;407820.99;5283544.0;1475.71
53719;407688.12;5283197.62;1495.05
20962;407339.33;5282993.97;1046.93
53732;407393.71;5283006.29;1101.98
20968;407559.78;5283536.2;1479.24
53742;407688.64;5283027.63;941.53
20975;407677.97;5283787.59;1487.68
53744;407211.5;5282735.54;1056.91
20977;407598.06;5283865.38;1449.42
20978;407743.9;5283885.96;1467.02
53747;407796.82;5283721.55;1547.16
53749;407125.05;5283229.71;1462.3
53752;407459.11;5283352.99;1372.04
20985;408192.53;5284253.0;1484.18
20986;407666.21;5283860.44;1459.07
20987;408283.73;5283799.44;1511.61
53755;407564.69;5283746.27;1410.25
20989;408275.17;5283814.19;1519.09
20988;407671.89;5283931.44;1380.82
53768;408007.68;5284087.78;1496.23
53769;408325.48;5283845.27;1550.45
21002;407617.01;5283227.93;1442.85
21001;407267.77;5282943.51;1083.07
21004;409064.55;5285473.76;1545.72
53773;408220.74;5283866.47;1504.31
53772;407438.95;5282749.19;923.16
21008;407479.16;5283255.97;1335.28
21009;408185.82;5283625.12;945.17
53778;407430.79;5283214.13;1369.63
53781;408731.59;5285135.94;1588.23
53783;407725.01;5283638.67;1486.36
21015;407657.08;5283696.89;1454.44
21017;407602.37;5283888.31;1468.33
53784;407144.0;5282866.72;1138.19
21020;407656.48;5283613.65;1451.27
21022;408188.39;5284109.37;1510.75
53790;407628.56;5283957.52;1470.45
21024;407627.11;5283570.05;1517.2
21027;408991.99;5285455.34;1367.47
21028;408647.27;5285136.83;1539.99
21030;407728.62;5283765.85;1487.25
21033;408716.62;5284653.62;1496.12
21034;407468.41;5283326.46;1389.93
21035;408323.22;5283843.25;1577.22
53801;407666.22;5283890.87;1403.55
21040;407729.49;5283608.37;1301.94
53809;408674.33;5284796.99;1430.1
21041;408161.29;5283949.72;1521.62
53811;408511.89;5284752.6;1597.4
21044;407305.21;5283178.28;1350.73
53813;407608.2;5283946.85;1477.78
53814;408250.1;5284328.26;1504.29
21048;407724.3;5283873.88;1489.49
21051;407582.83;5282935.53;954.56
53819;407648.25;5283963.05;1462.52
53820;409124.87;5285373.82;1584.88
21053;407969.75;5283742.01;1394.62
53822;407655.5;5283622.94;1477.36
53821;407599.16;5283035.96;1329.65
21052;407213.37;5283183.88;1359.64
21056;407811.82;5284076.58;1437.91
53826;407784.03;5283825.62;1371.21
21058;407303.36;5283035.51;1129.15
53828;407732.83;5282995.92;903.5
21061;407422.93;5282883.63;978.11
21057;407522.7;5283033.53;1034.37
53831;407676.13;5283184.56;1489.16
21065;407654.01;5283804.46;1474.86
21066;407362.18;5283181.04;1311.03
21067;407968.96;5283521.44;1339.08
53836;407648.77;5283899.45;1354.32
53837;408708.76;5285044.33;1545.63
21069;407347.43;5282986.63;1059.26
53840;409063.5;5285456.28;1546.1
53841;407336.86;5283150.62;1148.83
53843;408304.46;5284421.32;1498.5
21076;408192.93;5283962.58;1495.54
53845;407797.35;5283840.97;1489.44
53846;407889.14;5284139.32;1289.42
21078;407704.91;5283884.06;1414.19
53847;409079.75;5285420.61;1622.57
21080;407670.24;5283815.35;1508.31
21081;408395.96;5284656.15;1593.59
21079;407603.72;5283806.52;1497.55
53851;407635.61;5283876.88;1387.4
53852;408121.58;5283963.2;1571.65
21085;407518.37;5283363.11;1402.56
21086;407872.1;5283503.42;1300.98
21087;408896.96;5285355.05;1624.08
53855;407522.61;5283900.99;1411.85
21089;408665.11;5284804.24;1483.67
21090;408142.26;5283853.66;1480.46
53858;407376.96;5283166.22;1277.24
21094;408258.2;5283820.6;1530.45
53864;408002.68;5284110.05;1494.67
53865;407734.59;5283625.65;1420.68
21098;407564.54;5283494.2;1452.72
21099;408171.49;5283923.77;1483.27
21100;407709.9;5283628.87;1482.18
53867;408066.63;5283661.43;1348.72
53870;407883.27;5283536.05;1313.94
21104;407315.59;5283071.7;1065.64
21105;407986.81;5283390.78;924.02
21106;408216.34;5283914.74;1513.64
21111;408043.31;5283974.23;1525.65
21112;408527.65;5284732.26;1590.27
53880;407840.39;5283834.29;1540.19
21114;407611.4;5283731.38;1526.39
21116;408157.07;5283917.76;1492.35
21117;407669.34;5283878.17;1480.35
53886;407584.91;5283891.17;1387.71
21120;407692.75;5283876.1;1414.04
21122;407812.58;5283699.36;1505.09
53890;407265.12;5282896.19;1123.08
21128;408875.93;5285340.15;1451.16
21130;407682.27;5283772.77;1546.45
53900;407605.86;5283892.08;1485.03
21134;407648.44;5283924.43;1284.0
21135;407544.76;5282905.93;939.32
21138;408143.67;5283861.5;1487.49
53908;407581.45;5283816.01;1468.53
53917;407537.75;5283748.62;1301.76
53919;407437.36;5282851.73;955.45
53921;407697.34;5283884.85;1515.81
21154;407538.6;5283139.38;1242.01
21156;408166.48;5284082.0;1478.46
53926;408423.91;5284830.21;1586.08
21159;407644.72;5283793.69;1496.62
21162;408498.65;5284790.68;1599.87
21164;407592.23;5283911.28;1485.89
53934;408792.98;5285266.99;1651.42
53937;407714.84;5283789.32;1493.05
53939;407508.47;5282866.96;937.54
53944;407784.39;5283294.11;1522.15
21177;409108.36;5285496.37;1674.26
21176;407510.88;5282868.24;936.91
53947;408299.64;5284452.21;1482.54
21183;407386.29;5283179.51;1327.87
53953;407598.81;5283542.69;1469.67
53955;407412.99;5283379.4;1459.32
53956;407832.02;5283661.65;1511.86
21189;408031.87;5283993.49;1515.13
53957;407676.57;5283989.53;1451.18
21192;408521.19;5284651.74;1438.22
21194;408499.57;5284739.43;1601.83
53963;407764.18;5283377.26;1499.02
21198;407794.32;5283826.92;1500.51
21199;408024.29;5283861.13;1520.62
21200;407428.88;5283387.25;1449.29
21202;407484.14;5283253.73;1331.45
21207;407663.2;5283736.69;1469.68
53976;407334.49;5283107.81;1173.48
53977;408730.13;5285126.67;1584.95
21209;407605.8;5283822.82;1507.24
53979;407680.47;5283925.59;1477.81
21212;407652.53;5283953.78;1342.05
21214;408241.41;5283829.86;1504.78
53986;407633.42;5283745.06;1539.41
53987;407636.7;5283570.98;1511.03
53988;408325.14;5283807.36;1497.73
21220;407545.24;5283760.46;1295.83
21222;408183.32;5284198.92;1513.02
53991;409010.08;5285483.5;1637.81
53995;408586.33;5284958.18;1609.77
53996;407688.75;5283802.6;1520.97
21229;408613.03;5284780.75;1463.44
53997;407773.86;5283325.85;1521.4
21227;407815.23;5283256.25;1503.75
21231;407211.98;5283195.6;1396.86
53999;407815.14;5283180.2;923.24
54002;408821.3;5285007.12;1497.93
21239;407667.83;5282982.56;925.24
21243;407949.23;5283675.69;1405.57
21244;408237.02;5283928.76;1491.38
54021;408207.85;5283877.79;1505.8
21255;407159.35;5283243.38;1466.12
21256;409001.77;5285465.8;1614.96
21257;407214.91;5282770.88;1054.08
54026;407439.46;5283313.64;1336.07
21259;408689.02;5285129.02;1633.04
21258;407298.28;5283014.2;1105.12
21264;407799.39;5283496.38;1479.26
54033;408304.17;5284574.01;1595.44
21266;407299.83;5283181.13;1332.94
21269;407924.29;5284202.68;1261.49
54038;407616.61;5283931.5;1493.63
54039;408726.62;5284984.23;1565.25
54040;407646.96;5283887.68;1407.67
21271;407729.0;5283604.87;1303.82
21273;407484.56;5282840.89;920.42
54044;408283.26;5284426.97;1499.35
21277;408454.53;5284805.79;1647.09
54046;407327.12;5283129.49;1145.53
54047;408577.09;5284592.09;1484.63
54050;408930.31;5285380.06;1615.24
21283;408530.86;5284650.03;1442.97
21285;407595.23;5283854.64;1469.29
21289;408707.04;5285014.77;1582.75
21291;407762.16;5283098.72;951.38
21292;407706.82;5283992.08;1363.2
54061;407706.29;5283630.84;1507.34
21294;407613.57;5283836.18;1501.73
54063;407768.0;5283881.27;1491.52
54062;407454.66;5283227.81;1375.57
54065;407810.81;5283177.33;911.06
54066;408314.62;5284397.2;1506.42
21298;407706.05;5283890.33;1411.57
54068;407210.88;5283223.87;1502.9
54069;407538.46;5282996.86;988.67
21302;407879.84;5283759.39;1505.66
21304;408702.16;5284863.5;1464.7
54074;407644.79;5283659.93;1417.5
21306;407342.18;5282658.2;918.72
21308;408008.51;5284082.1;1507.94
54076;407799.33;5284061.48;1429.0
54078;407605.73;5283828.59;1495.04
54082;407600.29;5283548.04;1504.99
21315;407522.19;5282959.86;974.89
54085;407635.66;5283663.82;1381.85
21320;407597.76;5283886.81;1418.34
21322;407979.42;5283508.2;1246.72
21323;407795.87;5283865.98;1491.47
21326;407734.13;5283828.48;1508.96
21327;408232.61;5283873.52;1467.67
21333;407683.65;5283838.04;1540.37
21334;407701.84;5283649.59;1479.31
54105;407756.56;5284006.58;1354.51
54109;407427.63;5282857.13;961.65
54110;407435.4;5283239.51;1368.13
54111;407603.26;5283405.76;1410.2
21344;407830.76;5283698.03;1508.82
54112;407436.14;5283220.7;1371.69
54115;407664.61;5283922.4;1362.81
21347;407198.04;5283263.66;1476.35
54120;408075.57;5283955.31;1453.06
21354;407661.28;5283928.94;1456.75
21356;407658.05;5283935.18;1450.57
54125;407864.09;5283750.45;1441.92
21358;408418.8;5284669.03;1590.18
21359;407650.99;5283821.88;1507.01
54128;407558.99;5283526.86;1475.21
21361;407452.89;5283371.53;1433.94
21362;407630.75;5283670.67;1340.4
54131;407666.63;5283943.44;1456.09
21357;407632.23;5283918.46;1369.2
54133;407211.3;5283182.94;1376.24
21366;407697.9;5283662.07;1485.56
54135;407381.61;5282885.22;949.11
54136;407638.11;5283823.75;1444.8
21370;407232.45;5282902.57;1106.3
21371;407596.36;5283151.04;1252.54
54144;407226.57;5282902.51;1104.05
54145;407445.08;5283195.38;1298.52
21379;407718.59;5283784.56;1499.99
21381;407685.14;5283905.08;1404.22
21382;407739.46;5283143.54;1141.61
21387;407488.15;5283307.25;1372.0
21388;409037.27;5285528.34;1641.89
21389;408746.5;5285016.02;1578.34
54158;408236.37;5284266.21;1502.52
21391;408188.0;5284118.62;1512.2
21390;407795.36;5283411.2;1520.62
21394;407840.61;5283827.98;1510.99
21398;407214.79;5283200.54;1328.92
54168;408531.52;5284739.71;1616.46
54171;408993.93;5285419.93;1666.1
21404;408726.2;5285120.13;1586.2
21405;408011.0;5283605.07;1353.67
54174;407821.34;5283664.39;1510.64
54175;407990.07;5283479.95;1211.29
54173;407468.89;5282847.28;931.64
54177;408216.66;5283976.09;1501.65
21410;408876.17;5285393.13;1828.55
21413;409096.74;5285290.58;1544.27
54181;408120.39;5283876.18;1463.73
54186;408664.27;5285006.77;1619.36
21418;407302.22;5282593.03;934.53
21424;407630.07;5283953.24;1464.55
54195;407863.0;5283678.64;1514.77
21428;407605.64;5283564.48;1495.28
21429;407700.28;5283911.39;1408.69
54200;408842.72;5285330.94;1780.29
21433;407429.26;5282811.46;925.12
21434;407613.46;5283864.04;1441.81
21439;407837.21;5283676.49;1466.01
21444;408204.03;5284053.45;1480.52
54213;408816.63;5285018.58;1506.42
54212;407819.25;5283681.51;1499.39
21445;407729.59;5283625.24;1427.56
21455;408453.49;5284685.7;1596.35
54225;407895.65;5283788.58;1629.94
54228;407603.15;5283727.04;1524.49
21461;407591.92;5283876.37;1479.03
54229;407647.86;5283936.63;1266.02
54232;407611.53;5283877.17;1364.09
21468;407652.45;5283918.66;1471.52
54238;407637.51;5283855.62;1474.76
54239;407821.56;5283657.96;1457.56
54241;407801.62;5283783.35;1516.83
54244;408899.76;5285297.23;1432.8
54248;407604.04;5283578.31;1505.07
54253;407602.56;5283731.0;1517.1
54255;408407.66;5284603.7;1677.81
21489;407653.57;5283542.21;1519.09
54262;407311.92;5283171.61;1246.63
21495;407391.25;5283369.3;1451.69
54264;408181.69;5284201.81;1516.42
21496;407541.77;5283753.6;1291.66
21498;408185.45;5284218.25;1508.22
21499;407633.15;5284010.59;1430.7
21500;408687.09;5285129.5;1640.32
54269;408714.79;5285108.77;1605.23
21502;408521.13;5284669.42;1419.95
54271;408032.09;5283917.62;1513.41
54265;407428.07;5282880.16;976.66
54267;407314.79;5282961.11;1080.14
54274;408213.82;5283899.61;1497.38
54275;408188.66;5283950.82;1487.33
54276;408871.97;5285350.25;1808.9
21504;407353.94;5282945.96;1037.91
21510;407600.57;5283547.55;1487.86
21511;408005.53;5284086.49;1493.82
54278;407616.58;5283910.69;1473.3
21516;407657.7;5283870.11;1457.94
21517;408037.48;5283683.25;1415.02
21520;407903.61;5283772.81;1505.7
54289;407641.46;5283586.14;1464.28
54291;408188.56;5283592.49;926.94
54302;408368.55;5284560.75;1594.99
21535;407990.9;5283580.47;1359.09
54303;407277.05;5282639.2;975.71
54305;408894.59;5285198.03;1431.06
21540;407597.63;5283807.84;1437.18
54310;408798.13;5285201.49;1602.72
54313;408146.56;5283887.51;1483.99
21547;408018.61;5284013.32;1497.45
54317;407698.93;5283866.87;1539.46
21552;407700.37;5283574.39;1431.2
54321;408565.3;5284879.88;1604.95
21554;408809.1;5284643.64;1486.67
21555;408918.35;5285376.06;1605.31
54320;407629.72;5283851.2;1430.11
54323;407425.65;5282941.76;1041.76
54330;407560.66;5283517.65;1467.16
21563;408064.79;5284034.91;1529.48
54332;407230.8;5283177.35;1283.64
54333;407725.89;5283698.59;1512.67
54335;407467.94;5283295.21;1381.03
54337;407615.21;5283851.39;1459.85
54340;407703.6;5283841.72;1402.81
54341;408169.79;5283926.88;1481.49
54346;407450.77;5282868.05;961.63
54347;407777.97;5283363.02;1502.4
54351;408328.83;5283843.31;1571.88
54354;407599.06;5283855.58;1455.44
21589;408183.23;5283753.32;1481.59
54360;407784.57;5283780.09;1517.93
54367;407916.07;5283878.84;1459.45
21601;407898.6;5283563.49;1323.48
21602;407397.57;5282939.76;1052.48
21603;407879.78;5284117.07;1288.57
21604;407670.03;5283745.74;1476.36
21606;407827.56;5284100.29;1450.05
54377;407528.51;5283858.95;1422.22
21610;407986.93;5283707.97;1370.81
54380;408119.06;5284065.38;1508.3
54382;407482.27;5283354.02;1412.75
21615;407729.27;5283817.12;1390.63
54386;407667.79;5283557.57;1523.56
54393;407562.38;5282869.5;1044.28
54394;408741.65;5285015.13;1466.41
21627;408452.8;5284673.32;1626.06
54396;407609.39;5283754.69;1520.26
21629;407709.66;5283208.65;1508.66
54395;407509.12;5282995.75;1007.24
21632;407963.32;5283598.08;1344.57
21634;407506.45;5283764.09;1471.51
21635;408989.74;5285442.68;1663.13
54403;407628.48;5283806.52;1504.94
54405;407227.84;5282860.93;1143.18
21638;407579.84;5283876.52;1466.67
54407;407584.26;5283912.24;1433.8
54411;407589.92;5283823.43;1476.52
54412;407929.09;5283871.93;1538.3
21646;409072.22;5285445.42;1601.19
54417;407535.57;5283140.79;1244.13
54418;407645.9;5283904.41;1356.19
54419;408131.31;5284055.28;1523.25
54422;407620.13;5283224.17;1443.72
54423;407698.09;5283882.97;1410.41
21656;407902.33;5283298.81;922.29
21661;407619.07;5283088.23;1033.83
54430;407589.59;5283893.71;1388.98
21665;407395.8;5282936.63;1059.66
21666;407814.62;5283241.28;1556.93
21667;408351.57;5284567.06;1580.33
54435;407600.38;5283808.5;1507.7
21670;408282.15;5283810.93;1522.3
21671;407334.92;5283088.99;1159.31
21673;407900.57;5283312.61;933.97
54442;409147.29;5285564.21;1710.87
21675;409146.66;5285559.86;1649.0
21674;407656.3;5283862.84;1502.24
54444;407628.02;5283880.7;1463.92
21678;407576.53;5283148.36;1256.6
21676;407294.13;5282984.44;1090.82
21680;407749.4;5283841.92;1523.28
21686;408213.36;5283890.87;1489.77
54456;408032.08;5283634.05;1355.38
21690;408334.12;5283861.16;1570.58
21691;407744.15;5283940.67;1352.24
21692;407268.75;5282719.32;1031.02
54461;407665.04;5283192.31;1476.56
54462;407606.14;5283548.82;1491.8
21695;407649.07;5282968.73;926.98
21696;408083.48;5283973.83;1551.32
21697;407554.68;5282881.18;1058.36
54469;407661.61;5283775.49;1541.5
54470;407719.02;5283824.62;1405.29
21704;407313.86;5283163.29;1322.26
21705;409103.7;5285587.09;1682.88
54473;407578.67;5283883.85;1464.56
21708;407527.0;5283172.87;1277.88
21711;407276.6;5282986.52;1080.22
21712;408265.29;5284343.4;1517.29
21715;407717.09;5283653.09;1495.59
54483;407995.0;5283588.08;1350.53
54486;408784.91;5284741.84;1402.27
21719;407384.06;5282944.34;1059.87
54488;407397.61;5283189.51;1309.03
21718;407602.89;5282951.63;950.7
21722;407922.82;5283872.38;1478.89
54494;407899.24;5283901.62;1475.68
21726;407160.87;5283240.26;1461.02
21729;408759.9;5284609.73;1461.88
54497;407964.37;5283869.08;1520.65
21733;407823.04;5284028.41;1445.24
21735;407582.0;5283777.77;1512.6
21736;407610.33;5283857.76;1441.25
54503;408024.89;5283424.2;919.86
54510;407747.28;5283877.45;1472.73
54512;408212.9;5283865.23;1477.94
21744;408266.54;5283790.43;1513.49
21745;407625.11;5283924.62;1290.05
54517;407727.12;5283979.55;1384.87
21752;407909.42;5283823.06;1532.81
21753;407526.89;5283141.5;1256.54
21754;407973.34;5283453.07;1129.05
21758;408151.97;5283959.55;1509.06
54528;407430.61;5282879.34;976.71
54529;407584.66;5283884.22;1426.63
21762;407809.53;5283605.24;1469.96
54531;407385.23;5283397.88;1489.89
54532;408496.78;5284734.2;1608.13
21764;409075.14;5285398.7;1532.89
21767;407690.43;5283193.49;1496.69
21768;407362.87;5283012.98;1117.68
54537;407594.22;5283802.57;1511.52
54538;407231.94;5282894.45;1109.89
21771;407816.02;5283585.89;1469.9
21772;408084.14;5284065.27;1500.46
54545;408253.19;5283833.29;1500.7
54546;407656.9;5283873.26;1517.49
21777;407714.89;5283213.42;1508.66
54549;407640.99;5283883.29;1350.61
21782;407968.38;5283896.58;1544.43
54551;407710.13;5283992.3;1363.43
21784;407680.38;5283713.52;1509.89
54552;407298.94;5283160.89;1328.52
21787;408231.58;5283805.49;1489.7
21788;407219.92;5282716.35;1050.45
54556;407612.33;5283893.08;1443.37
21789;407961.14;5283669.41;1402.77
21790;408204.61;5283901.42;1502.61
21791;409029.33;5285449.98;1563.95
54559;407682.76;5283809.75;1518.24
21792;407688.33;5283147.99;1489.92
21793;407329.22;5283007.77;1113.27
21795;407435.39;5282825.3;933.74
21796;407686.2;5283905.32;1403.9
54565;408308.32;5283779.18;1462.76
21798;408908.23;5285368.59;1637.19
21799;407955.83;5283830.75;1388.97
54576;408089.27;5283986.42;1466.62
54579;409061.75;5285291.28;1511.02
54581;407803.47;5284066.35;1430.96
21813;407155.92;5283241.46;1423.47
21819;407761.52;5283646.96;1515.09
21823;408423.56;5284639.9;1597.56
21824;407582.99;5282937.74;956.0
21826;408205.71;5283901.67;1502.69
54596;409108.12;5285411.82;1599.57
21828;407742.43;5284011.6;1359.99
21830;407718.33;5283845.33;1378.61
54600;408798.58;5285198.89;1608.24
54605;407315.21;5282606.19;940.32
54607;407731.28;5283811.58;1503.06
21842;407764.2;5283643.24;1475.74
21843;407616.5;5283868.24;1439.37
21849;407765.18;5283835.0;1474.61
54618;408363.11;5284565.44;1608.14
21851;407509.8;5283867.28;1423.26
54620;407562.41;5283868.91;1354.98
54621;407422.55;5282844.99;936.63
54622;407650.8;5283973.55;1450.33
54623;407673.25;5283869.24;1455.1
54626;408066.9;5283968.89;1472.91
21859;407628.28;5283939.96;1323.89
21860;407726.2;5283766.23;1491.68
21861;407502.8;5283062.24;1046.76
54630;408276.24;5283811.71;1518.59
54633;408900.15;5284514.71;1439.22
54634;408626.21;5284900.09;1591.14
21868;407300.23;5283162.72;1321.98
21869;407787.53;5283742.13;1484.8
21873;407831.52;5283674.84;1468.5
54641;407669.45;5283966.59;1448.65
54643;408549.87;5284897.07;1629.21
21875;408855.58;5284551.93;1424.05
21877;408024.3;5283853.7;1513.46
21879;407999.39;5283748.25;1414.5
54648;408700.91;5284866.33;1438.77
54651;407891.39;5284134.91;1299.83
21884;407754.95;5283245.44;1527.07
21885;408349.98;5283873.17;1590.59
21886;407620.65;5283555.35;1498.79
54655;407622.69;5283848.89;1376.26
21888;407697.51;5283881.17;1512.39
21889;407599.59;5283555.5;1489.13
54667;408698.66;5285003.3;1590.64
54671;408315.51;5284414.46;1509.55
21904;408027.25;5284053.02;1510.49
21905;407817.85;5283754.92;1503.99
21906;408127.86;5284088.39;1527.38
54674;407600.33;5283788.74;1497.32
54678;407816.8;5283676.32;1493.84
54679;407653.42;5283874.04;1451.4
54680;407396.16;5283393.35;1475.85
21915;408067.57;5284054.61;1537.0
54686;407211.75;5282769.13;1055.05
21919;408312.23;5284571.55;1593.01
21920;407469.07;5283365.02;1419.43
21921;408535.52;5284846.46;1599.04
54690;407544.58;5283769.92;1272.74
21924;407811.75;5283755.41;1505.03
21928;407783.95;5283389.88;1510.42
54696;407838.98;5283985.61;1503.9
54698;409067.13;5285465.24;1551.46
21931;407932.67;5283591.98;1341.68
54700;407729.63;5283884.03;1430.01
21933;407545.2;5283311.21;1239.38
21932;407757.71;5283992.41;1340.12
54704;407197.25;5282812.52;1033.18
54708;407739.48;5283804.39;1541.77
21941;407794.24;5283827.34;1499.6
54711;408024.08;5284125.17;1511.23
54713;407694.86;5283879.32;1408.74
54714;408109.37;5283685.49;1331.47
54715;407729.36;5283783.85;1543.07
21948;407868.22;5283663.87;1458.16
21949;408187.87;5284222.69;1508.62
54716;407590.13;5283065.98;1301.27
21951;407614.44;5283720.77;1536.98
21952;407665.26;5283915.5;1370.45
54721;407808.56;5283748.38;1503.05
54723;407820.0;5283676.96;1494.37
21956;407567.65;5283897.27;1430.53
54725;407187.39;5282807.67;1034.72
54729;407867.4;5283743.34;1468.01
21963;407792.82;5283825.81;1464.54
54731;407699.03;5283682.2;1508.63
21966;407283.49;5283010.16;1109.55
54740;407614.16;5283845.62;1501.76
54744;407609.91;5283894.76;1446.81
54745;407798.73;5283834.54;1479.37
21978;408170.14;5284140.96;1522.72
21977;407990.21;5283776.58;1422.84
54748;407789.96;5283441.73;1515.4
21982;407690.19;5283869.76;1546.77
54751;407696.25;5283685.0;1512.53
54750;407737.81;5283676.26;1426.27
21987;408146.16;5284097.07;1529.44
54756;407532.62;5283185.36;1285.08
21992;407932.99;5283883.34;1488.46
54760;407647.79;5283897.16;1360.51
54762;407380.68;5283032.59;1122.07
54765;407690.64;5283648.33;1456.72
54766;407556.52;5283523.8;1501.29
21999;408595.54;5284697.55;1497.81
22000;408049.92;5284003.69;1530.86
54772;407528.16;5283886.14;1398.38
22007;407945.41;5283694.24;1384.29
54776;408540.37;5284654.46;1452.08
54775;408014.09;5283602.72;1351.99
54780;407649.01;5283787.52;1469.79
54781;407491.46;5283033.34;1042.57
54783;407520.55;5282881.78;1030.06
22017;408431.63;5284703.66;1594.61
22019;409154.76;5285359.28;1439.37
22022;407560.94;5283835.23;1436.72
54791;407711.6;5283800.69;1505.99
54792;407477.31;5283030.7;1047.27
22025;407825.06;5283690.19;1491.8
54794;407650.13;5283983.11;1439.77
22030;407638.98;5283190.65;1460.88
54800;408936.27;5285461.18;1596.96
22034;408582.88;5284912.19;1625.79
54802;407637.66;5283590.52;1465.03
54805;408501.24;5284708.3;1613.4
22037;407522.66;5282854.63;920.08
22041;407634.2;5283857.49;1408.66
22043;407737.93;5283895.08;1542.95
22044;407739.55;5283854.72;1504.72
54814;407668.15;5283881.71;1383.12
54815;408195.68;5284026.0;1480.48
22049;407377.09;5283195.38;1332.19
22050;408192.88;5283947.09;1496.19
54820;408266.68;5283805.63;1489.9
54823;407873.11;5283506.7;1301.16
22057;407655.43;5283863.69;1482.73
22058;407677.92;5283925.07;1473.75
22059;407696.23;5283670.91;1460.08
54828;407345.32;5282983.56;1065.3
22061;407821.0;5284058.07;1445.9
22064;407679.74;5283872.47;1442.65
22066;407505.35;5282993.46;1007.66
22067;407603.03;5283883.45;1470.94
54838;407609.6;5283899.15;1464.5
54845;407566.59;5283482.21;1449.01
22079;407457.65;5283283.86;1365.86
22082;407999.07;5283842.28;1522.22
54850;407726.29;5283630.37;1509.04
22083;407652.06;5283969.21;1382.53
22086;407741.25;5283852.55;1505.7
54855;407589.61;5282960.49;963.7
54856;408522.03;5284752.22;1594.77
54860;407643.17;5283568.62;1451.43
54862;408267.88;5284366.35;1501.75
54865;409082.2;5285454.68;1612.38
22108;408159.74;5284072.71;1509.22
54877;407609.83;5283776.77;1501.73
54878;407827.93;5283661.59;1482.23
22109;407151.03;5282768.31;1012.75
22115;407775.67;5283073.27;942.13
22119;407760.83;5283510.22;1464.98
54888;407554.46;5283041.34;1000.52
54889;409011.49;5285331.59;1453.84
22122;408583.62;5284941.98;1577.84
54890;407896.91;5283787.22;1633.48
22123;407695.69;5283568.78;1430.88
54901;408343.98;5283800.43;1488.48
54902;407177.8;5283178.4;1401.03
54903;408336.96;5283845.04;1597.27
54905;407695.44;5283835.52;1516.98
22143;407772.05;5284050.35;1414.93
22144;407697.64;5283636.83;1484.76
22146;407895.78;5283288.68;933.51
54917;407894.77;5283674.03;1443.03
22151;408768.16;5284961.97;1487.63
54923;407561.0;5283523.77;1486.74
22156;407850.37;5283729.52;1495.2
22157;407562.69;5283531.78;1478.21
54934;408574.89;5284897.51;1604.39
22168;408904.66;5285241.67;1433.88
22170;407998.3;5283635.3;1375.65
54939;407644.38;5283817.14;1462.21
22172;407543.12;5283522.75;1477.66
54944;407881.71;5283552.71;1331.82
22177;407966.06;5283682.37;1391.83
22179;408210.23;5284035.95;1487.77
22181;407602.33;5283543.66;1455.6
22182;407695.99;5283637.18;1484.91
54950;407325.32;5283133.32;1147.76
22184;407364.5;5283169.17;1293.82
22188;408391.49;5284595.61;1603.12
22190;409070.2;5285447.45;1557.06
22191;408574.76;5284943.71;1605.29
54960;407464.66;5283854.71;1420.93
22193;407883.07;5283481.02;1252.59
54969;407423.66;5282806.61;928.22
54971;407817.71;5283553.06;1447.74
54972;408513.23;5284778.53;1614.27
22207;407871.14;5283652.88;1440.12
54980;407644.82;5283870.54;1404.39
22213;408176.92;5283955.35;1478.97
22214;407650.65;5283863.23;1513.57
54981;407632.2;5283951.21;1410.13
54984;407891.47;5284140.56;1288.9
22219;407713.37;5283121.97;987.2
22221;407551.79;5283525.97;1498.5
22222;407589.18;5283874.28;1480.84
22225;408539.9;5284889.25;1632.41
22228;407735.43;5283795.46;1483.53
54998;407595.23;5282987.79;1369.34
22231;408312.24;5283837.35;1573.22
54999;407186.9;5282797.37;1024.42
55005;407985.5;5283888.89;1528.98
55006;407640.41;5282985.02;941.67
55007;408008.32;5284012.58;1465.87
22246;407433.46;5282810.72;923.2
55016;407652.88;5283843.31;1516.47
55017;407723.39;5283870.07;1488.25
55018;407627.15;5283542.58;1498.17
22249;407552.94;5282895.42;931.29
22252;408008.03;5284097.99;1497.13
55020;407803.66;5283716.19;1489.66
55022;407694.83;5283696.43;1515.67
55025;407687.09;5283920.42;1520.49
22260;408254.95;5283823.05;1519.28
22262;408154.09;5284071.82;1509.51
22263;407679.13;5283790.38;1527.62
22264;408347.54;5284579.61;1662.38
22266;407618.79;5283415.91;1415.88
55035;407635.8;5283999.34;1450.46
22269;407686.01;5283203.59;1492.44
22270;408153.61;5284115.91;1517.13
55040;407375.12;5282903.78;968.29
22273;408388.18;5284751.56;1636.21
22274;407583.6;5283884.21;1388.6
55043;408036.28;5283898.75;1514.39
22276;407898.71;5283787.71;1518.36
22275;407893.05;5283746.41;1488.88
22278;407722.96;5283572.81;1308.96
22289;408229.82;5283801.03;1512.26
22291;408884.83;5285171.2;1422.42
22294;408708.35;5285019.09;1582.82
55067;407671.65;5283183.61;1482.33
22299;407762.23;5283953.26;1353.79
55069;407942.76;5283873.84;1535.16
55072;408456.54;5284710.46;1583.35
55074;408924.68;5285465.14;1787.82
55075;407784.47;5283555.61;1509.55
22307;407508.45;5283438.53;1438.74
22311;407507.07;5283869.14;1416.37
55081;407768.58;5283641.94;1514.88
22313;407588.12;5283509.37;1448.5
22315;407888.34;5283757.18;1497.35
55083;407443.65;5282924.53;1012.86
22318;407579.84;5283879.47;1466.62
55086;407693.0;5284029.08;1401.49
55088;408052.75;5283958.41;1506.76
22322;407780.3;5283258.39;1543.34
22323;407550.52;5283041.63;1129.68
55092;408345.81;5284573.62;1657.89
55093;408084.42;5283983.96;1497.32
22326;407837.37;5283511.26;1512.16
55097;407326.02;5282961.22;1080.13
22330;407814.81;5283716.5;1555.15
22331;407994.35;5284098.47;1487.8
22332;407795.85;5283649.64;1498.01
55099;407666.58;5283845.88;1447.23
22334;408010.47;5284086.57;1505.63
55102;407619.93;5283872.74;1409.3
22336;407386.71;5282856.9;997.03
22337;408174.46;5283927.0;1487.87
22338;407964.64;5283867.62;1524.15
22341;407310.68;5283164.45;1328.95
55113;408048.14;5283965.38;1530.55
55114;407438.87;5283350.96;1388.12
22348;407600.72;5283058.25;1316.75
55121;407657.26;5283778.03;1475.77
22354;407734.26;5283878.25;1468.79
22355;408796.13;5285200.5;1611.58
55123;408236.79;5283940.33;1496.74
22353;407585.12;5283913.25;1432.88
55132;407604.06;5283897.96;1456.77
55139;407798.66;5283766.18;1510.98
55142;407624.49;5283994.63;1426.94
55145;408524.0;5284711.64;1608.13
22378;407704.17;5283651.76;1496.19
22380;407494.13;5282913.27;980.94
55154;407677.75;5283892.3;1408.98
55156;407627.43;5283815.59;1468.35
22389;407662.7;5283702.84;1459.09
22388;407628.81;5283206.39;1451.91
55159;407750.94;5283728.0;1526.7
22392;407299.04;5282621.96;954.79
55162;409065.28;5285436.29;1549.96
22394;407995.83;5283754.42;1414.88
55164;408219.44;5283636.12;936.21
55166;407737.19;5283784.97;1484.85
55167;407655.46;5283170.26;1244.28
55168;407299.46;5283019.29;1110.96
22404;407674.74;5283986.12;1433.31
22406;408570.37;5284945.06;1584.88
22407;408185.49;5283748.08;1470.75
55177;407874.38;5283762.88;1604.63
55178;408220.9;5284257.32;1500.66
22411;407872.29;5284120.46;1323.99
55181;407188.49;5283245.3;1457.47
55185;407679.74;5283812.77;1510.29
55189;407213.81;5282816.89;1120.02
22423;407757.96;5283248.08;1533.92
22424;408392.14;5284591.68;1597.63
22425;408167.77;5284103.77;1510.85
22429;408253.13;5283782.17;1492.41
22430;409121.32;5285505.07;1675.54
22431;407652.33;5283809.06;1464.9
55200;407824.13;5283636.62;1491.43
22433;407237.56;5283174.27;1372.54
22435;408107.3;5284018.94;1479.71
55204;407379.28;5282949.44;1048.46
55207;407789.16;5283384.56;1513.84
55208;408178.64;5283951.3;1490.85
22441;407980.41;5283865.72;1513.55
22442;408943.18;5285378.34;1616.62
55209;407809.99;5283576.91;1465.91
55212;408332.86;5284567.56;1611.27
22443;407685.18;5283633.24;1451.42
55217;408337.38;5283860.58;1558.24
22450;408387.57;5284545.13;1647.21
22455;407635.19;5283885.52;1376.27
55224;408884.13;5285264.53;1454.42
22459;407442.85;5282755.37;923.25
22463;407315.76;5283063.41;1119.75
55232;407511.1;5283000.7;1011.5
55233;407973.95;5283787.05;1411.71
55234;408786.11;5284620.19;1466.26
22468;407750.06;5283879.2;1460.17
22469;407689.01;5283739.51;1513.28
22470;408270.19;5284367.14;1498.7
55238;407617.68;5283089.51;1040.04
55240;407566.48;5283890.81;1428.5
55242;408099.58;5284021.27;1493.68
22474;407676.74;5283971.02;1467.97
55245;407533.48;5282971.74;978.44
22481;407948.51;5283681.52;1397.25
22489;407930.35;5283331.76;921.46
22490;408989.9;5285443.61;1675.36
55258;407625.5;5283877.01;1376.81
22493;408145.26;5283705.32;1324.64
55262;409162.24;5285328.85;1605.55
22495;409073.62;5285328.24;1530.7
55264;407785.66;5283290.3;1546.12
55265;407582.77;5283487.63;1444.65
22496;407692.05;5283534.14;1438.69
22494;407618.88;5283567.96;1514.77
55261;407591.53;5283154.38;1286.61
22497;407411.34;5282891.07;980.57
22501;407562.96;5283044.42;1024.5
55271;407707.69;5283852.23;1415.08
22504;407761.1;5283732.42;1505.5
22505;408015.56;5283914.65;1529.32
55272;407655.86;5283966.68;1390.99
55276;407416.61;5283003.19;1080.65
55277;408085.04;5283993.14;1506.03
55280;407672.8;5283967.83;1461.6
22518;408408.26;5284643.2;1584.41
55294;408579.38;5284660.11;1494.38
55295;408272.31;5284370.29;1509.97
55296;407614.93;5283758.06;1517.37
22528;407648.2;5283806.85;1517.45
55298;407689.84;5283902.31;1411.66
22533;407566.36;5283128.97;1231.94
22534;407657.06;5283614.93;1474.09
55301;407406.95;5282943.47;1050.72
22536;407597.62;5283822.92;1322.69
55305;408293.86;5284448.5;1485.87
22537;407487.44;5283313.07;1381.27
22539;407598.08;5283881.72;1465.49
22543;408147.24;5283855.76;1487.73
55312;409085.97;5285452.7;1642.43
22544;408278.95;5284374.78;1493.25
55313;407732.65;5283790.37;1484.28
55316;408427.62;5284712.36;1605.38
22549;407378.71;5282943.37;1041.91
22552;408730.66;5285005.63;1579.43
55323;407803.5;5284042.42;1432.68
22556;407381.11;5282920.84;985.88
55325;407719.82;5283092.57;1102.25
55326;408221.33;5284263.41;1504.63
22558;408253.83;5283774.97;1486.22
55327;408000.67;5283722.71;1403.95
55328;407494.16;5283306.5;1382.48
55330;407842.69;5283721.48;1493.47
55331;407755.21;5283260.3;1529.58
22564;408326.81;5283843.12;1527.48
55333;407714.61;5283612.86;1447.74
55332;407924.61;5283587.64;1341.96
55336;408324.02;5283812.16;1505.26
55338;407218.19;5282881.13;1065.15
55339;407740.07;5283029.26;947.87
55340;408590.75;5284960.24;1613.86
55341;407494.69;5282888.34;961.14
55342;407739.85;5283863.4;1540.3
22574;407218.12;5282825.26;1038.68
22576;408325.78;5283851.32;1579.86
55344;407792.14;5283483.59;1489.98
55348;408817.35;5285302.26;1597.35
55349;407998.35;5284031.72;1301.16
22580;408025.52;5284018.47;1276.36
22583;407762.19;5283509.3;1467.25
55352;408729.44;5284967.14;1453.76
22584;408771.88;5284638.27;1471.36
22586;407966.87;5283745.25;1393.16
22589;408887.89;5284548.09;1435.93
22592;409054.34;5285317.28;1507.04
55360;407730.09;5283994.79;1358.94
22594;407688.84;5283862.76;1405.06
22595;407994.35;5284098.47;1491.75
22598;409107.11;5285303.54;1551.44
55366;407406.79;5282983.49;1075.71
22600;408111.07;5284026.5;1517.9
55370;407680.38;5283728.68;1512.57
55373;407754.11;5283167.55;1541.77
55374;407758.13;5283089.8;1515.33
22607;407453.97;5282934.3;1009.25
22608;407762.22;5283840.91;1378.92
55380;408204.05;5283769.78;1497.09
22614;408009.59;5283409.42;919.48
22617;408183.34;5283910.57;1495.75
55386;408691.85;5284832.12;1472.42
22621;407614.55;5283853.59;1319.17
55390;407714.88;5283630.2;1481.58
22623;407204.18;5283218.47;1493.23
22625;407992.81;5283773.44;1422.76
55396;407617.3;5283164.88;1241.62
55404;409148.72;5285558.67;1649.77
22637;407334.86;5282952.47;1079.46
22636;407264.58;5282669.14;1003.37
22639;409078.35;5285476.87;1576.79
55407;408161.63;5283889.61;1485.01
55409;408205.69;5284023.3;1485.85
22638;407239.91;5282867.3;1154.44
55414;408482.48;5284517.76;1492.48
22646;407807.52;5283775.96;1516.42
22648;407301.44;5283176.38;1346.19
55415;407728.4;5283668.52;1418.78
55417;407710.43;5283646.25;1444.78
55418;407809.03;5283480.42;1514.55
55419;408131.87;5283876.77;1487.93
22652;408269.28;5283820.99;1515.5
22651;407826.55;5283685.7;1494.01
22654;408122.48;5283690.89;1330.84
55420;407706.33;5283856.08;1418.73
55421;407608.45;5283904.2;1411.4
55422;407673.1;5283928.21;1374.63
22658;407623.17;5283871.08;1444.3
22661;408304.43;5283796.6;1493.26
22663;407602.83;5283889.36;1459.26
55434;407723.31;5283831.49;1382.86
55437;407610.31;5283096.7;1038.96
22671;407874.76;5283882.76;1384.58
55440;407822.02;5283689.24;1499.81
55441;407813.14;5283988.17;1439.26
55442;407561.33;5283487.49;1455.99
55443;407695.34;5283864.18;1411.39
22674;407736.82;5283094.05;1529.57
22679;407735.36;5283639.66;1506.58
22682;408710.03;5284982.24;1559.65
22688;407633.47;5283963.67;1408.06
55460;407420.83;5282935.55;1037.3
22693;407597.4;5283893.45;1428.93
55463;407405.94;5283006.65;1088.69
55466;407588.26;5283837.93;1327.25
55468;407700.3;5283861.12;1393.17
22700;407729.96;5283013.52;1550.37
22705;407671.57;5283954.03;1452.39
22707;408751.83;5285011.53;1468.28
55476;407711.72;5283680.6;1482.62
55475;407573.74;5283882.21;1361.35
22710;407583.73;5283822.5;1472.6
55477;407723.57;5283970.98;1379.8
55482;407731.55;5283876.28;1471.8
22715;407726.29;5283827.69;1499.76
22717;409054.82;5285436.39;1613.93
22720;407913.42;5283588.68;1326.87
22723;409106.48;5285280.85;1555.92
55493;408191.01;5283955.09;1494.52
55494;408136.77;5283827.9;1490.62
22726;407749.29;5284026.81;1385.81
22733;407823.58;5283666.45;1488.7
22736;407739.91;5283633.0;1415.74
55505;407323.84;5283013.09;1114.62
22739;409211.59;5285384.06;1445.81
55507;407641.46;5283960.07;1391.32
55511;408339.29;5284533.65;1612.98
22743;407871.79;5284119.95;1323.25
22745;407739.54;5283611.35;1303.76
22746;407574.56;5283545.64;1506.88
22752;408163.89;5284058.27;1516.59
55520;407682.48;5283781.24;1526.35
22753;407276.71;5283011.91;1093.7
55523;407601.94;5283550.72;1505.85
22759;407834.85;5283502.79;1513.8
22762;407258.53;5282780.76;1077.61
55536;407340.69;5282662.76;919.99
22769;408090.51;5284000.73;1475.21
55537;407753.23;5283844.65;1555.12
22773;408894.44;5285226.55;1426.53
55541;408160.53;5283901.47;1482.58
55543;408529.61;5284732.05;1589.92
22775;408521.93;5284652.2;1437.01
55545;408019.47;5283607.66;1355.88
55546;408586.26;5284664.23;1477.24
55547;407515.31;5282861.18;933.8
22780;407933.52;5283807.1;1554.42
55549;408578.0;5284938.35;1598.07
22782;407197.35;5282844.77;1084.59
22783;407745.45;5283942.6;1352.03
55554;407605.04;5283780.78;1504.22
22787;408800.54;5285310.21;1798.31
22786;407665.07;5283572.01;1517.75
55558;408186.74;5284075.18;1499.7
55560;408097.36;5283998.08;1508.98
22793;408412.68;5284587.66;1590.87
22794;407586.31;5283908.8;1430.67
55565;407511.24;5283184.14;1267.81
55566;407585.76;5283860.3;1379.93
55568;407730.91;5283783.36;1539.42
55569;407603.59;5283786.25;1509.23
55571;408181.36;5283953.24;1490.18
55573;408182.24;5283749.9;1483.62
55574;407787.15;5283571.13;1435.89
55575;407609.29;5283936.79;1400.94
55576;407204.17;5283221.85;1468.93
22811;408201.14;5284059.93;1507.92
55579;407595.17;5282945.59;950.71
55581;408963.23;5285496.63;1765.49
22814;407644.29;5283477.64;1425.13
55584;407550.88;5283149.17;1254.27
22821;407660.33;5283157.99;1237.52
22822;407427.2;5283353.07;1453.33
22823;408004.24;5284071.36;1492.41
55591;407563.2;5283068.93;1046.93
55595;407869.7;5283506.62;1305.42
22828;407218.7;5282855.04;1049.57
55597;407588.1;5282966.84;965.69
22830;407723.74;5283588.06;1516.88
22833;408579.58;5284874.36;1604.28
55602;408086.92;5284017.69;1514.92
55603;407920.39;5284192.91;1261.56
55604;407672.98;5283008.96;934.44
55605;408336.78;5284572.92;1603.57
55607;407599.33;5283812.26;1454.38
22841;408009.58;5283605.1;1335.47
55612;407711.34;5283125.26;1505.6
22846;407930.99;5284104.22;1300.35
22849;408850.82;5285381.89;1616.32
22852;407750.34;5283252.96;1529.3
22855;408562.52;5284918.32;1624.2
55624;408820.48;5285300.64;1609.7
22858;407432.31;5283215.95;1369.51
22863;407996.07;5283680.09;1407.93
55632;407715.55;5283764.17;1499.32
22867;408688.7;5284995.74;1596.55
55635;407370.73;5283187.74;1313.85
55637;408434.12;5284630.96;1599.19
22869;408081.78;5284001.86;1486.15
22870;407796.84;5283827.21;1497.89
55640;407616.98;5283807.77;1503.9
55641;407594.0;5283094.91;1294.79
55643;408266.35;5284365.76;1504.96
22875;407303.75;5283162.72;1324.82
55649;408089.07;5283995.73;1473.7
55651;409094.68;5285436.41;1580.07
22885;407649.43;5283794.24;1503.35
55654;408302.41;5283766.97;1451.78
55653;407635.38;5283548.09;1505.18
22891;407786.93;5283738.41;1503.78
55659;407728.93;5283066.53;1521.32
55661;407551.16;5283068.5;1049.75
22897;408749.9;5285087.44;1576.92
22898;407742.42;5283613.57;1521.67
55666;407361.26;5283166.78;1329.7
55671;408151.78;5284090.93;1505.68
55673;407871.12;5283758.83;1513.51
22905;407619.33;5283855.61;1337.1
22906;407753.88;5284030.34;1407.38
22910;408185.43;5284070.96;1490.8
55681;407883.82;5283279.75;923.91
55682;407641.63;5283913.47;1461.49
55686;408171.45;5284102.97;1512.96
22924;407714.83;5283898.69;1237.74
22925;407605.11;5283928.85;1414.16
43634;407701.42;5283094.02;1119.7
55695;407696.4;5283171.06;982.19
22928;407686.29;5283618.05;1507.76
55697;409115.33;5285414.92;1596.97
22929;409003.93;5285484.66;1649.49
55696;407637.66;5283801.8;1520.85
55694;407193.07;5282864.73;1118.77
55702;407810.84;5284075.18;1438.09
55706;407894.08;5284145.16;1288.3
55708;407963.47;5283694.01;1398.54
55714;407603.41;5283163.47;1296.66
55717;407270.46;5282929.9;1056.62
22952;407522.11;5282843.7;912.17
22953;408577.06;5284902.17;1599.42
22956;408435.5;5284844.58;1653.79
55724;407216.32;5283203.5;1403.41
55727;408183.73;5283746.13;1469.79
55728;408448.8;5284699.29;1587.78
22960;407995.04;5283591.64;1347.64
55730;408904.66;5285253.84;1426.86
22965;407394.67;5283179.34;1339.97
22967;407887.31;5283765.61;1508.44
22968;408828.19;5285282.79;1608.68
55737;408415.99;5284595.82;1559.99
22972;407884.76;5283900.88;1482.99
22974;407635.18;5283845.62;1471.0
55746;407587.07;5283882.2;1423.97
55748;407866.77;5283499.15;1301.14
55750;407716.24;5283604.68;1427.47
55751;408650.88;5285155.2;1633.36
55752;407982.44;5283751.81;1403.75
55753;407267.81;5282682.51;1009.31
55754;408018.77;5284049.87;1528.01
55755;407653.91;5283730.61;1463.1
55756;407736.17;5283805.72;1493.79
55764;407969.3;5283876.39;1529.79
55765;408166.93;5283943.99;1491.97
55766;407708.23;5283846.58;1415.89
22996;407883.54;5284123.58;1291.46
55767;407211.51;5282883.63;1082.62
23001;408742.03;5285084.83;1573.38
55774;408201.82;5284036.2;1461.57
23007;408572.33;5284599.62;1490.53
55778;408717.02;5285020.26;1569.66
23011;408232.71;5283804.87;1510.98
23016;407629.51;5283885.72;1456.48
55785;408519.6;5284756.9;1576.17
55784;407437.67;5282780.31;926.53
23019;408705.14;5285036.45;1554.83
55793;407797.37;5283485.86;1485.12
55795;407388.79;5283396.51;1474.71
23028;408685.34;5284822.11;1442.25
23030;407333.65;5283029.33;1121.7
55801;407436.04;5283241.09;1367.5
23036;407734.73;5283583.34;1320.99
23037;407564.16;5283067.8;1149.29
55806;407585.27;5283878.53;1439.77
23042;408855.9;5285321.7;1600.61
23043;407642.13;5283937.77;1417.73
23044;408121.94;5283870.49;1475.16
55813;408216.42;5284075.95;1519.92
23045;407646.03;5283956.14;1345.28
55821;408190.14;5284238.87;1520.1
55822;407507.9;5283771.55;1469.76
23056;408248.02;5283811.23;1510.62
23058;407824.45;5283703.5;1482.29
23065;407152.11;5282862.11;1131.16
23066;407625.88;5283212.68;1440.21
55837;408153.59;5283633.6;951.12
23070;408162.46;5284069.52;1504.58
55839;408688.32;5284745.29;1451.31
55841;407733.55;5283655.76;1499.32
23074;407353.95;5283050.17;1132.88
55843;408600.14;5284892.15;1598.59
23075;407983.44;5283480.61;1213.81
23077;407781.89;5283283.48;1546.03
55846;407885.54;5283666.14;1447.79
55848;407775.77;5283370.12;1492.34
55852;407600.71;5283090.86;1043.34
23087;407670.04;5283925.05;1465.46
55856;408036.57;5283938.27;1508.74
23090;409126.8;5285548.47;1644.5
55859;408353.55;5284565.93;1655.52
23091;408898.12;5285311.25;1437.22
23092;407765.02;5283841.21;1371.35
55858;407503.47;5283037.93;1041.29
55860;407737.26;5283120.29;976.31
23100;407209.86;5283188.4;1353.38
55873;408223.42;5283932.13;1512.08
55875;408204.07;5284308.71;1479.24
55876;408182.87;5283872.15;1489.89
23109;408349.14;5284565.22;1579.74
23108;407747.08;5283348.31;1466.56
55878;407699.92;5283577.89;1519.78
23118;407314.53;5283063.11;1065.66
23120;407611.42;5283836.8;1502.25
23121;407446.74;5283266.01;1369.17
23129;407366.07;5283183.48;1305.74
23130;407410.63;5283371.08;1452.83
23131;407790.34;5283686.22;1512.37
55897;407581.97;5283910.51;1433.7
55901;407718.33;5283994.34;1364.62
23136;407638.77;5283941.48;1386.25
23140;408074.07;5283668.43;1345.8
55909;407570.97;5283159.34;1267.79
23143;408798.8;5284609.37;1462.0
23144;408229.62;5283800.94;1495.71
23145;407850.37;5283511.59;1511.95
55911;407209.94;5283219.63;1348.71
55915;407557.73;5283152.64;1267.98
55916;407563.64;5283892.52;1429.48
23149;408343.13;5283797.0;1473.9
55918;407798.64;5284066.5;1443.4
23152;408871.87;5285362.88;1810.79
55928;407706.32;5283864.67;1528.18
23165;407615.17;5283879.07;1441.71
23166;408011.47;5283881.68;1517.67
55936;407720.14;5283694.98;1509.99
23172;409063.36;5285364.06;1525.11
23173;408109.29;5284016.73;1473.32
55943;407626.25;5283848.91;1386.12
55944;408347.4;5284574.59;1668.24
23177;407609.58;5283229.28;1434.31
55946;408313.96;5283780.69;1461.08
23176;407137.87;5283221.52;1478.38
23181;408253.06;5284267.11;1498.42
55949;407614.62;5283941.06;1373.67
55954;407356.43;5282926.08;1026.73
55957;407998.6;5284032.82;1307.78
55958;407720.08;5283791.39;1495.5
23189;407492.61;5283232.89;1314.58
23193;407930.6;5283345.93;926.62
23196;407597.17;5283801.94;1511.57
55969;407406.72;5283192.44;1307.15
23205;407858.26;5284057.97;1474.37
55974;407736.28;5283837.63;1505.5
23208;407785.78;5283352.31;1528.91
55977;407726.54;5283865.9;1492.06
23210;407646.86;5283910.82;1361.55
23211;408207.44;5284017.3;1489.74
23212;408398.87;5284773.83;1640.91
55976;407511.83;5282944.38;969.62
55981;408265.92;5283722.5;924.18
23216;407603.75;5283882.26;1472.29
23217;407668.15;5283956.73;1455.44
23219;407391.85;5283185.93;1321.75
55988;407670.94;5282981.73;926.11
55989;409035.35;5285452.32;1448.78
23225;407652.25;5283847.15;1511.34
55994;407640.13;5283949.61;1457.89
23227;407666.43;5283887.38;1381.24
55995;407665.35;5283930.22;1221.4
23229;407602.86;5283832.33;1488.07
23228;407686.22;5282977.1;922.29
23231;407660.17;5283872.84;1451.44
56000;407594.84;5283784.44;1485.21
23232;407731.02;5283631.21;1432.5
23233;407162.27;5283233.42;1466.18
55999;407835.76;5283989.26;1490.51
56004;408070.26;5284010.38;1496.55
56008;407721.98;5283966.57;1379.93
23241;409129.37;5285331.31;1585.44
23242;407555.45;5283536.12;1497.5
56011;408579.32;5284913.65;1603.97
23244;407654.19;5283579.14;1456.32
56009;407588.56;5283873.27;1443.5
23247;407629.88;5283925.79;1375.4
56018;407758.43;5283827.43;1474.59
23252;407665.37;5283833.3;1502.27
23253;408220.77;5283867.43;1470.86
56020;407652.0;5283575.64;1515.43
23255;407788.73;5283484.83;1485.33
23256;407355.07;5283164.08;1317.24
23257;408008.47;5283608.49;1334.84
56026;407330.47;5283086.11;1130.18
23259;407731.94;5283202.84;1511.56
23260;408779.9;5284635.03;1473.52
56033;409058.82;5285434.09;1627.7
23267;408447.07;5284634.67;1575.3
23274;408143.2;5283855.28;1481.14
56042;407713.27;5283686.34;1507.47
23277;407500.44;5283843.92;1420.56
23284;407636.22;5283872.7;1343.8
23286;407265.97;5282932.28;1059.65
56055;408892.33;5285336.72;1586.61
56059;407261.95;5282767.99;1071.17
23295;409088.98;5285502.55;1665.9
56063;407747.33;5283634.98;1410.97
56067;407587.14;5283771.05;1453.35
56068;408507.41;5284766.6;1604.43
23300;407789.7;5283756.29;1511.13
56071;407704.38;5283528.57;1442.98
23307;407613.6;5283841.78;1502.43
56076;407770.54;5283270.38;1537.33
56078;408142.1;5283956.83;1504.46
23311;407685.73;5283728.46;1511.07
23312;407684.22;5283716.97;1512.3
23310;407590.61;5283798.24;1511.29
23319;407697.99;5283890.72;1401.61
23322;408573.67;5284878.19;1605.26
56091;407732.83;5282995.92;887.5
56093;407540.86;5283143.49;1248.06
56094;407429.6;5283042.42;1086.46
23328;407686.56;5283615.89;1504.59
56099;407227.12;5282875.2;1056.84
23332;408230.11;5283861.51;1463.8
23333;407759.66;5283841.18;1372.58
23334;408566.37;5284915.53;1625.47
56103;408689.63;5284997.98;1592.95
56102;407824.02;5283694.28;1499.72
56105;408884.72;5285174.53;1426.9
56106;409063.39;5285426.31;1632.51
23339;407899.97;5283609.26;1329.08
56104;407668.57;5283777.02;1542.0
23340;407448.53;5283304.98;1341.15
23342;408233.62;5283808.98;1501.01
56111;408174.03;5284180.12;1461.16
23341;407326.39;5283050.06;1130.32
56108;407275.78;5283000.03;1086.67
23348;407675.53;5283136.07;1011.97
56117;408216.39;5284252.29;1504.6
23351;407658.0;5283935.89;1247.13
56120;407732.17;5283008.68;919.81
56121;407967.65;5283812.41;1513.74
23355;407464.02;5283848.55;1412.83
56124;407858.21;5283761.43;1505.6
23358;407446.19;5282882.76;978.19
23361;407822.15;5283988.35;1455.48
56129;408807.19;5285238.01;1573.71
23362;407807.28;5284064.14;1433.96
23363;407830.46;5284061.62;1450.88
23364;407846.19;5283512.18;1513.47
56133;408808.86;5284975.17;1471.67
56134;408202.26;5283885.05;1492.77
23367;407757.72;5283615.53;1296.15
23368;407661.45;5283766.61;1476.65
56137;407596.42;5283871.81;1415.86
23366;407277.33;5282992.44;1081.06
56140;407839.36;5283774.49;1581.33
23372;407797.81;5283856.29;1393.21
23375;407775.63;5283268.41;1540.39
23376;407698.08;5283572.26;1500.26
56145;408001.5;5284112.28;1492.39
56146;407612.62;5283952.42;1470.92
56144;407785.89;5283855.91;1397.1
56147;407856.85;5284062.85;1471.11
56150;409095.53;5285470.09;1655.94
56152;407601.74;5283909.81;1417.58
23387;407837.49;5283812.38;1530.96
23388;407826.28;5284002.32;1456.33
56157;407929.05;5283815.76;1393.19
56158;409091.61;5285483.81;1635.17
23396;407575.63;5283531.91;1493.06
56165;408295.97;5283809.81;1514.49
23401;407210.2;5282874.49;1070.07
56172;407688.2;5283778.79;1551.74
56173;408763.78;5284635.79;1472.86
56174;407732.58;5283077.65;1532.72
56175;408912.83;5285369.07;1603.61
23408;408448.6;5284650.09;1568.57
56177;407820.48;5283764.31;1588.31
56181;407794.29;5283712.01;1532.13
23416;407629.7;5283875.66;1383.29
56185;409066.14;5285401.95;1544.69
23417;408135.24;5283703.9;1329.19
23419;407898.14;5283561.92;1323.66
23418;407256.61;5282877.37;1133.31
56188;407168.78;5282825.92;1061.76
56192;407650.02;5283842.55;1511.27
56193;407808.41;5284039.11;1435.45
23427;407707.01;5283658.1;1424.89
23428;407713.72;5283837.6;1379.35
56197;408633.76;5284920.65;1609.78
56198;407704.5;5283911.3;1413.84
23430;407644.5;5283532.59;1515.19
23432;407701.66;5283855.82;1516.94
56196;407728.63;5283970.42;1312.84
56204;408507.2;5284742.6;1597.99
23436;407643.47;5283936.84;1430.5
56206;408790.05;5285196.99;1605.08
56207;407459.8;5283283.44;1353.59
23440;408836.9;5285191.74;1456.17
56210;407451.07;5283305.22;1342.75
56217;408238.32;5284258.94;1497.99
23450;408563.28;5284873.18;1603.52
56219;408332.84;5283842.33;1583.88
23451;407193.82;5283270.51;1464.05
56221;407769.32;5283830.37;1476.81
23454;408739.73;5284933.68;1470.41
23453;407708.64;5283878.38;1524.08
56223;407283.48;5282883.94;1120.52
56225;407678.24;5283872.18;1408.42
56227;408161.35;5284119.72;1522.65
23460;407668.14;5283791.85;1545.57
23462;408782.69;5284736.67;1397.81
23463;408182.7;5284227.36;1504.65
23464;407726.02;5283815.25;1398.07
56232;407776.35;5284049.83;1416.36
56233;407201.29;5282783.65;1067.49
23468;408167.26;5283934.2;1486.81
56239;408207.76;5283863.48;1474.82
23479;407673.17;5283948.65;1465.08
56250;407557.34;5282875.98;1049.14
56251;408807.84;5285345.37;1614.98
56253;407567.5;5283514.88;1504.52
56254;407689.76;5283914.99;1521.76
56256;407338.77;5283046.72;1124.64
23489;407651.82;5283914.27;1511.3
56258;408709.32;5285020.27;1590.39
23490;407828.87;5284077.62;1354.98
23495;408098.37;5283495.12;924.78
23497;407763.72;5283852.86;1561.33
23498;407973.43;5283814.94;1514.26
56267;408269.58;5283819.8;1522.49
56266;407288.72;5283019.69;1101.98
23502;407696.58;5283669.53;1480.43
56271;407861.56;5283502.78;1518.94
56272;407589.41;5283158.98;1248.08
23505;408007.31;5283462.32;1168.57
23507;407802.3;5283156.53;940.85
23511;407424.01;5283225.78;1367.29
23512;408176.46;5283958.4;1517.99
23515;407674.18;5283693.2;1466.76
56284;407743.39;5283616.17;1304.29
23516;407364.41;5282950.7;1044.62
56288;407791.63;5283840.96;1504.37
23522;407592.34;5283881.3;1423.38
56294;408274.39;5283796.69;1521.17
56296;408273.27;5284372.94;1500.18
23529;408209.62;5284033.6;1487.81
56298;407589.49;5283908.19;1483.48
56301;407190.86;5283256.8;1467.37
23536;409125.99;5285504.97;1668.4
56304;407751.12;5283604.61;1307.0
23538;407845.51;5283501.04;1515.06
56309;407531.2;5282971.57;977.36
23545;409040.72;5285493.26;1639.48
23547;407641.39;5283953.6;1463.64
56317;407599.27;5283720.32;1528.91
23549;407736.97;5284011.65;1380.44
23550;407583.77;5282932.73;957.2
56320;407182.94;5283245.68;1452.26
23555;407587.69;5283884.86;1471.85
56326;407843.89;5283508.59;1491.42
56327;408196.1;5284254.16;1487.33
23559;408190.23;5283871.68;1501.9
23558;407762.43;5283883.52;1491.52
23564;408806.14;5285305.17;1789.94
23566;407670.31;5283870.62;1412.95
56335;408505.11;5284766.52;1605.44
56336;407833.07;5283677.79;1481.03
23567;407582.75;5283901.41;1425.7
56339;407865.42;5283679.24;1515.93
23572;407899.45;5283786.03;1530.99
56342;407624.82;5283986.6;1422.08
23579;407821.13;5283630.76;1507.77
56348;407665.11;5283641.56;1464.01
56351;407622.41;5283950.39;1462.99
23584;408270.78;5283791.15;1528.68
23585;407492.96;5282934.72;978.98
56356;407871.71;5283365.43;971.27
23589;408208.57;5284251.52;1503.26
56361;408422.89;5284644.25;1619.37
56363;408652.73;5284910.74;1596.16
23596;408530.49;5284840.16;1604.87
56364;407437.58;5282775.48;925.66
23598;407731.53;5283071.18;1512.42
23604;408186.61;5283965.11;1491.27
23614;407812.35;5283713.83;1485.88
56384;407824.07;5283668.42;1461.57
23616;407649.62;5283907.69;1473.75
23618;407814.86;5283784.32;1520.66
56388;408188.09;5284212.93;1516.67
56390;408757.02;5285023.05;1469.53
23627;407213.1;5283203.18;1330.84
56397;407647.56;5283563.7;1453.0
23632;407913.73;5283763.9;1498.9
56402;407587.55;5283906.34;1480.8
23634;407660.17;5283959.21;1388.22
23640;408498.83;5284738.41;1605.1
56410;407716.77;5283850.54;1409.99
56413;407810.7;5283673.93;1508.24
23646;407940.9;5283844.16;1530.82
56415;408104.66;5284021.96;1507.79
23645;407712.65;5283026.17;1526.08
23648;407180.31;5282863.47;1110.75
23652;407707.34;5283871.13;1420.16
56420;407267.29;5282928.72;1089.29
23656;407736.59;5283825.27;1533.05
23658;408877.25;5285350.34;1805.85
56430;408513.45;5284748.29;1579.76
56432;408999.1;5285476.02;1656.05
23665;407616.82;5283853.11;1320.01
56435;407648.71;5283956.98;1464.83
56437;407673.21;5283563.68;1523.98
56439;408794.6;5285014.81;1561.64
23671;407782.72;5283807.11;1504.9
56446;407935.83;5283523.36;1312.89
56447;408901.77;5285225.23;1423.68
23680;408075.23;5284007.35;1497.48
23681;408214.89;5283790.52;1493.11
23685;408594.68;5284951.6;1586.86
56456;407516.64;5282986.86;994.8
56461;409091.49;5285488.29;1640.83
23695;407601.59;5283773.96;1501.66
23696;407498.95;5283338.0;1399.37
56463;408262.73;5283724.54;909.63
56467;407558.84;5283530.35;1479.13
23702;408441.45;5284649.71;1555.07
56472;407848.57;5283494.6;1508.13
56473;407498.77;5283036.03;1040.57
23706;407961.25;5283386.9;935.62
56478;407840.08;5283515.72;1496.75
23711;407651.15;5283858.56;1503.5
23712;408171.63;5284065.07;1481.83
23714;407726.7;5283617.11;1517.08
56483;407435.28;5283349.94;1446.83
56485;407822.08;5283695.17;1498.78
56487;408331.12;5283845.73;1585.61
56488;407739.5;5283609.79;1561.93
56489;408575.13;5284875.22;1606.35
56491;408104.93;5283507.46;926.0
23725;408792.54;5284998.15;1546.84
23726;408379.09;5284644.77;1596.33
56495;408797.26;5285274.45;1620.1
56496;407721.85;5283869.63;1489.66
23727;407990.24;5283579.18;1357.33
23730;409068.22;5285454.36;1556.43
23729;407414.53;5282967.73;1064.21
56500;408164.93;5284071.66;1506.2
23732;408275.08;5283974.54;1483.07
56502;407897.48;5283284.48;936.92
23736;407708.45;5283602.9;1522.49
56505;407588.58;5282971.44;967.95
23739;407612.93;5283918.09;1416.02
23740;408791.7;5284738.05;1390.33
56509;407810.61;5283835.87;1383.27
23745;407691.76;5283192.41;1496.63
56515;408171.81;5284130.22;1519.85
23750;407597.76;5283893.57;1398.89
23754;407532.98;5283299.72;1395.6
23755;407820.73;5283671.53;1491.3
56523;407136.15;5283163.79;1371.35
56525;407556.19;5283019.98;993.58
56526;408499.34;5284881.35;1648.93
23758;407694.52;5283552.86;1430.54
56527;407695.45;5283546.46;1434.82
56529;408466.19;5284850.35;1645.06
23762;408885.92;5285337.71;1448.23
23763;409178.83;5285381.34;1450.02
56530;407761.98;5284008.42;1379.73
56533;407782.19;5283340.66;1528.58
56536;407518.41;5282884.25;1030.17
23769;408035.94;5283935.93;1509.08
23771;407779.12;5283298.9;1537.93
56541;408014.95;5284059.79;1529.0
23774;407242.09;5282908.55;1105.64
23775;408812.52;5284989.0;1514.77
56545;408328.06;5283843.25;1577.52
23778;408116.41;5283665.58;1316.16
56546;407599.81;5283862.04;1456.4
23780;407837.27;5283820.76;1509.72
56550;407609.58;5283821.44;1425.21
23788;407930.58;5283793.37;1627.11
23789;408732.87;5285124.8;1587.35
56558;408211.36;5283854.22;1481.81
56557;407684.2;5283188.62;1491.44
56563;407329.2;5283145.74;1149.63
56564;408188.29;5284279.19;1462.33
23796;407144.31;5283225.84;1480.25
23798;407719.49;5283099.52;1249.32
56567;407256.33;5282874.35;1132.77
56569;407354.98;5283065.93;1100.99
23806;407628.81;5283436.42;1424.47
23811;407487.5;5283414.44;1434.87
56579;407642.23;5283536.19;1512.93
23813;409075.08;5285315.33;1515.66
23814;407435.32;5282920.42;1016.79
23815;407610.63;5283874.43;1366.85
23816;408515.81;5284663.66;1426.05
23817;407671.83;5283763.93;1478.62
56587;408006.47;5284098.49;1496.53
23820;408326.92;5283843.18;1557.41
23821;407906.89;5283764.69;1498.09
23822;407786.31;5283852.05;1344.74
56589;407334.22;5283112.2;1144.16
23826;407343.94;5282980.97;1063.61
23827;407893.65;5283290.58;930.62
56599;407512.46;5283891.79;1411.57
23833;407731.71;5283018.15;1551.24
23838;407588.25;5283889.74;1427.02
56607;407675.96;5283961.51;1473.13
56611;407509.35;5283769.11;1471.41
56612;407697.42;5283864.59;1396.35
56614;407609.39;5283557.67;1504.0
56615;407724.39;5283877.91;1489.14
23846;407607.6;5283899.32;1461.4
23850;407834.15;5283203.96;913.54
56619;408862.77;5284569.01;1426.1
23852;408266.08;5284020.49;1508.32
23855;407655.55;5282977.66;927.06
23857;407675.21;5283963.32;1461.2
23858;408005.68;5283603.05;1351.51
56627;408936.38;5285431.47;1611.22
56629;408269.6;5284363.36;1506.32
23865;407438.64;5282897.94;994.76
56634;407227.63;5282874.6;1055.41
23867;407845.1;5283724.06;1491.82
56636;409022.32;5285405.92;1634.79
56635;407628.14;5283859.37;1426.45
23870;408614.26;5284782.97;1459.24
23869;407737.68;5283628.8;1415.74
56638;407320.07;5283179.76;1342.32
56641;408474.79;5284849.18;1643.99
23873;408078.29;5284016.75;1499.35
23875;408129.09;5284091.65;1527.03
56639;407281.66;5282582.58;936.55
56646;407747.71;5283886.77;1431.96
56647;407316.89;5282990.29;1104.95
56649;407371.88;5283179.55;1335.64
56652;407600.91;5283915.34;1370.81
23886;408021.83;5284047.82;1523.39
23891;407770.12;5283848.69;1373.49
23893;407808.05;5283752.3;1504.21
23896;407569.56;5283072.33;1154.04
23897;407800.7;5283722.46;1543.65
23899;407926.7;5283817.41;1383.65
23906;409148.72;5285558.67;1692.07
23907;408610.77;5284946.18;1619.79
23911;408203.84;5284079.14;1488.58
56680;407962.14;5283892.03;1524.47
23913;408932.72;5285464.33;1593.39
23914;407992.71;5283599.49;1337.48
23915;407654.37;5283956.93;1392.47
23918;409133.91;5285350.25;1591.01
23919;407767.28;5283852.79;1487.28
23920;407600.56;5283903.75;1364.63
56686;407689.44;5284009.06;1382.3
56690;408096.38;5284019.98;1495.32
56691;407725.37;5283566.19;1434.13
23922;407207.71;5282810.64;1061.04
56693;407701.62;5283884.93;1410.56
56694;408515.41;5284774.25;1621.38
23926;408047.44;5283686.61;1408.01
56697;408385.49;5284536.05;1631.54
23932;407745.76;5283584.21;1456.21
56701;407740.68;5283898.76;1410.25
56705;408128.93;5284044.22;1526.11
56706;407680.71;5283200.29;1488.42
23939;408190.16;5284121.5;1516.12
56708;407212.63;5283223.08;1502.35
56709;407185.9;5283176.59;1394.49
23945;407663.41;5283862.15;1452.19
23947;408209.47;5283749.47;1431.2
56721;408470.35;5284848.16;1644.63
56722;407650.91;5283621.76;1476.07
56728;407463.02;5283352.6;1365.76
23961;407823.47;5283660.18;1484.31
23960;407242.46;5283179.14;1385.71
23964;407577.75;5283074.81;1158.63
56734;408065.62;5283970.12;1502.11
56738;407334.94;5283189.03;1210.37
23971;408159.2;5284092.01;1436.87
23972;407645.56;5283868.11;1444.49
23973;408709.83;5285019.88;1589.14
56742;407297.54;5283011.62;1100.58
23970;407489.96;5283024.88;1042.91
23981;407816.69;5283824.77;1384.27
23986;407984.36;5283572.3;1349.94
23987;408754.75;5284703.06;1416.86
56755;407457.38;5282935.65;1001.92
56762;407452.79;5283326.49;1391.61
23997;408713.9;5285019.99;1579.5
56766;407308.69;5283125.84;1164.33
56765;407127.31;5282759.43;1016.39
24001;407360.47;5283083.71;1156.95
56770;407593.07;5283841.82;1445.21
24004;407706.37;5283667.46;1503.27
24006;407214.82;5282906.49;1097.62
56775;408431.58;5284631.32;1601.34
56778;407804.08;5283722.86;1548.48
24010;407238.76;5282906.73;1106.52
24011;407287.29;5282582.85;934.81
56781;408460.19;5284695.53;1562.17
24014;408711.28;5285052.96;1547.52
56784;407673.01;5283914.26;1381.97
56787;408264.33;5284346.06;1505.85
24019;407598.41;5283786.78;1510.96
24023;408262.88;5283800.56;1514.84
56794;408441.22;5284714.87;1594.43
24026;409052.4;5285316.06;1505.93
56796;408162.51;5283866.8;1494.32
24028;407792.35;5283823.92;1449.03
24036;407856.91;5283491.32;1297.77
24037;407380.24;5283198.28;1331.49
56806;408519.85;5284744.63;1608.45
56807;408208.62;5284006.0;1491.86
24038;407641.27;5283888.42;1400.52
56805;407513.35;5282993.48;1002.28
24042;407932.11;5283712.61;1448.1
56811;407669.64;5283628.71;1471.78
24046;408211.17;5283874.38;1478.99
24050;407205.11;5283218.95;1498.62
24052;407900.92;5283793.57;1524.53
24053;409078.94;5285404.2;1567.93
24056;407709.52;5283833.47;1412.66
24057;407794.0;5283717.05;1540.33
56825;407688.75;5283200.84;1493.85
24061;407863.03;5283516.92;1510.46
56836;407584.88;5283528.1;1463.32
24069;408578.7;5284894.61;1608.1
56838;407652.2;5282972.72;926.45
24071;407592.52;5283125.27;1291.62
56840;407648.8;5283955.59;1461.08
56842;407679.86;5283818.89;1511.66
24074;407597.8;5283880.74;1418.38
24076;408020.69;5284056.25;1514.49
24077;408853.56;5285200.17;1427.97
56845;408220.17;5283865.43;1467.5
56844;407234.06;5282843.81;1134.49
56848;408618.84;5284656.74;1479.95
24081;407428.05;5282940.58;1020.41
24082;407592.64;5283910.8;1370.49
24084;407649.92;5283615.6;1475.68
56853;407681.27;5283774.44;1548.27
56865;407664.34;5283954.01;1435.14
24101;408205.16;5284077.7;1512.05
56869;407661.13;5283749.02;1470.86
56874;407587.79;5283829.41;1462.0
24107;407569.26;5283802.2;1312.13
56877;407733.34;5283789.49;1484.15
24110;407458.98;5283286.6;1371.79
56879;409006.94;5285411.19;1601.66
24112;407610.66;5283789.63;1501.78
56878;407159.47;5282779.04;1019.97
56882;407459.81;5283338.33;1409.72
56883;407802.63;5283758.92;1510.02
24114;407594.4;5283905.6;1485.01
24117;407135.83;5282870.27;1142.31
24119;407667.24;5283764.28;1543.2
56888;407630.57;5283849.16;1506.4
56890;408422.59;5284646.45;1568.84
24122;407966.17;5283707.95;1398.86
56893;407985.68;5283676.43;1412.22
24128;408314.92;5283812.65;1501.1
56897;408496.72;5284730.51;1607.21
56901;407988.31;5283707.35;1395.56
24144;407710.04;5283942.79;1298.34
56912;407139.89;5283241.54;1462.32
56915;408087.77;5284001.77;1481.58
24148;408436.26;5284830.97;1618.01
56917;408015.44;5283612.05;1364.05
24150;407898.44;5283765.44;1499.4
24152;407727.96;5283666.42;1427.49
56921;407708.6;5283643.81;1430.02
24154;407590.32;5282949.1;953.97
56922;407845.86;5283515.32;1508.5
56923;408000.05;5283599.98;1350.82
56924;408571.96;5284936.26;1604.33
56925;409076.12;5285546.81;1666.65
24157;407827.18;5283510.4;1511.7
24159;407612.83;5283088.99;1026.68
24160;407824.83;5283691.31;1474.91
24161;407209.04;5283236.47;1441.63
24162;407709.66;5283595.02;1523.9
56930;407535.97;5282875.35;1036.76
56932;407693.98;5283876.89;1410.15
24165;407396.04;5283390.01;1480.63
24167;407554.97;5283117.37;1203.62
56937;407694.86;5283685.8;1516.9
24169;407650.41;5283821.47;1479.36
56939;408275.26;5283822.81;1522.65
24171;407615.29;5283992.6;1428.17
56941;409056.49;5285304.41;1507.89
56942;407754.38;5283120.08;976.08
24175;407690.83;5283763.95;1491.78
24176;407194.9;5283270.01;1463.91
56945;408707.71;5285202.74;1622.28
56948;407300.3;5283099.79;1141.94
56949;407239.38;5283181.92;1385.42
24185;407756.38;5283876.3;1484.41
24186;409083.29;5285550.67;1665.47
24187;407817.93;5283681.82;1499.4
24188;407508.98;5283334.73;1397.02
56956;407641.62;5283954.78;1461.27
56959;407655.36;5283702.44;1465.68
24192;407644.16;5283594.15;1467.64
24194;407854.7;5283678.51;1510.2
56962;407232.84;5283174.63;1283.64
24195;407441.34;5282961.36;1039.57
24197;409094.86;5285281.58;1546.44
56965;408270.84;5283806.25;1493.94
24199;408668.26;5285057.75;1603.3
24200;408167.57;5284110.84;1514.77
24198;407664.44;5283980.09;1421.11
24202;408271.9;5283806.27;1518.53
24206;407443.99;5283323.05;1356.59
56975;408249.33;5283829.29;1496.95
56977;407725.35;5283814.07;1542.6
56979;408854.02;5284519.15;1416.95
24212;407650.15;5283938.43;1439.23
24219;409074.8;5285313.86;1519.76
24223;408100.26;5283994.59;1512.34
24224;407581.48;5283979.63;1401.7
24227;408196.64;5283975.52;1494.11
56997;407497.02;5283223.82;1284.57
24230;408171.97;5284143.57;1522.44
57001;409058.99;5285465.84;1506.78
57004;408177.31;5284188.68;1517.61
57005;407522.54;5282971.6;981.64
24239;408124.72;5284016.99;1512.63
57008;407437.44;5282753.66;927.91
57009;407877.11;5283864.45;1380.54
24241;407726.75;5283589.17;1516.32
24244;407200.52;5282818.57;1035.91
24252;408901.83;5285238.84;1435.34
57024;408621.92;5284901.35;1600.96
24258;407745.52;5283874.62;1543.14
24259;408726.82;5285114.81;1584.56
24260;407962.02;5283879.71;1514.03
57028;407947.36;5283520.49;1322.47
57031;409141.99;5285312.04;1593.09
57032;408011.56;5284026.83;1290.12
57033;408354.73;5284567.98;1655.94
24267;407758.53;5283119.44;971.39
57038;407334.51;5283106.47;1143.57
24271;408240.92;5283878.5;1500.19
24276;407752.05;5284001.4;1353.05
24278;407620.66;5283867.86;1336.71
24279;407818.79;5283676.31;1487.27
24280;407676.82;5283110.78;1149.16
57050;407674.34;5283803.67;1516.18
57052;407336.6;5283189.18;1209.67
57053;407656.23;5283824.94;1476.78
24287;407792.45;5283386.98;1520.22
57056;408077.39;5284116.89;1552.08
57058;408284.18;5283828.5;1527.99
57059;408924.57;5285375.69;1557.91
24290;407796.61;5283830.54;1468.31
57060;407682.41;5283868.63;1509.41
24295;407890.88;5283609.16;1323.23
24297;407362.45;5283073.6;1150.43
24302;407710.36;5283639.2;1427.83
57073;407517.31;5283836.13;1410.32
57077;407912.13;5283878.77;1461.55
24311;409020.29;5285428.58;1621.69
57079;407677.24;5283818.03;1548.18
24315;407648.25;5283811.04;1516.86
24316;407635.65;5283955.41;1389.16
57086;408021.38;5283608.43;1355.66
57090;408267.61;5284364.06;1496.38
24323;408892.45;5285345.7;1448.45
57092;407789.49;5283422.34;1516.41
57091;407730.84;5283609.82;1302.22
24322;408172.09;5283639.49;955.68
57095;408502.75;5284747.87;1588.16
24327;408053.48;5283958.17;1532.11
24328;407823.77;5283660.97;1467.41
24332;407711.97;5283967.02;1369.65
57100;407353.71;5282938.46;1034.61
57102;408834.92;5285315.09;1771.08
24334;408265.37;5284002.87;1502.07
57104;407203.27;5283185.27;1365.34
24342;407292.06;5282594.98;940.66
24343;407999.86;5283677.7;1410.72
57112;408749.16;5285015.56;1577.27
24345;408833.11;5285011.84;1509.56
57113;407331.52;5283090.57;1141.44
57117;407480.77;5283299.16;1382.1
24350;408499.07;5284752.27;1608.56
24352;409083.65;5285446.86;1586.86
24353;409109.93;5285424.8;1587.36
24354;407727.48;5283657.32;1508.45
57122;407222.79;5282889.05;1068.05
57124;408465.07;5284821.85;1646.34
24358;407818.56;5284073.65;1442.05
57129;407843.28;5283218.57;915.96
57130;407720.77;5283847.1;1407.86
24365;408641.29;5285137.84;1552.68
57135;407245.1;5282854.64;1137.62
57136;407657.21;5283755.37;1472.72
57137;408115.5;5284058.16;1521.74
24371;407985.43;5283483.17;1214.08
24374;407446.08;5283362.8;1416.98
57146;407652.2;5283898.43;1362.75
24381;407627.44;5283962.11;1350.29
24383;408092.52;5284014.38;1490.13
24384;408638.47;5284770.93;1495.23
57153;408150.35;5283839.86;1504.4
57155;407799.03;5283833.3;1500.62
57162;408901.37;5285292.76;1431.11
24395;407762.29;5283956.34;1354.11
57163;408166.23;5283629.25;951.58
24397;408788.75;5285271.82;1754.89
57165;407789.88;5283740.16;1486.04
57169;407592.58;5283778.01;1458.66
57171;408003.57;5284100.02;1494.52
24404;407650.42;5283954.36;1264.16
24406;407243.58;5283170.0;1282.63
57176;408558.51;5284872.95;1603.35
24409;407582.73;5283541.01;1462.89
57178;407819.53;5283517.57;1496.36
24408;407561.98;5283050.56;1027.7
24412;408574.89;5284673.77;1471.84
57182;408201.82;5283965.72;1497.74
24415;408188.37;5284229.99;1509.36
24416;407684.95;5283160.64;993.05
57185;407631.63;5283577.68;1511.48
57186;408390.07;5284557.87;1605.09
24422;407690.91;5283173.55;1496.97
57192;407731.49;5283205.13;1508.42
24430;408198.92;5283873.83;1486.47
24431;407185.75;5283267.36;1469.7
57203;407574.15;5283973.58;1403.61
24441;408230.04;5284321.79;1490.35
57210;408296.81;5284398.76;1500.59
24445;407822.98;5283666.66;1469.74
57214;407761.98;5283838.43;1481.68
57215;407797.77;5283567.48;1444.34
24447;407975.16;5283699.56;1397.76
57216;407558.88;5283788.62;1450.95
57219;407787.8;5283705.78;1531.59
24456;407809.57;5283762.0;1508.64
57225;408901.37;5285378.0;1636.76
57228;408535.56;5284879.71;1628.07
24462;408188.6;5284070.78;1488.1
57231;407264.96;5282989.13;1101.71
24467;408726.1;5284661.87;1493.45
57235;407530.12;5283299.9;1247.23
57238;407447.23;5283353.59;1398.7
24476;407589.2;5283875.25;1478.92
57245;407337.05;5283104.72;1142.96
57251;407641.0;5283878.84;1403.41
24484;408691.55;5284995.99;1594.9
57252;408575.8;5284938.66;1599.81
57253;407724.9;5283784.79;1478.26
24488;407734.39;5283676.55;1435.38
24492;407734.21;5283125.72;1526.63
57264;407831.41;5283696.05;1506.9
24497;408679.59;5285161.73;1614.89
57268;407773.94;5283821.5;1486.69
24502;407443.15;5282825.84;928.94
24505;407676.8;5283803.04;1548.28
57274;407526.52;5283307.08;1392.22
57275;407424.01;5282885.25;979.84
57280;407853.22;5283498.98;1501.77
57281;407204.03;5283221.71;1393.3
57284;408807.05;5284991.94;1521.54
24518;408357.13;5284580.87;1582.36
24520;407475.38;5283268.65;1343.79
57290;409118.74;5285580.58;1657.58
57292;408196.46;5284029.86;1482.92
57294;408423.02;5284664.64;1588.92
57295;408796.99;5285214.38;1593.5
57296;407353.41;5282689.01;918.26
24529;407983.61;5283705.83;1355.38
57298;408928.44;5285381.0;1547.76
57297;407965.49;5283534.01;1337.42
24532;408349.64;5283803.33;1472.89
24530;407729.65;5283586.02;1321.62
57303;407739.15;5283890.57;1419.8
24536;407204.06;5283220.7;1395.55
57306;407248.19;5282904.6;1106.45
57309;407883.03;5284107.75;1335.49
24542;407416.63;5283382.34;1471.54
57314;407672.19;5283879.15;1451.17
57317;408179.4;5284075.28;1497.29
24549;407172.19;5283233.02;1419.03
24551;407923.1;5283730.06;1465.44
24553;409038.45;5285450.71;1457.57
57324;407278.56;5282614.06;960.44
24558;407787.73;5283712.13;1534.61
57326;407654.9;5283622.58;1470.89
24562;407203.05;5283221.71;1451.94
57331;407796.91;5283754.17;1507.15
24569;407612.49;5283804.56;1503.99
24570;407245.8;5282704.93;1034.08
57341;407225.54;5282912.81;1091.69
24574;408186.17;5283910.57;1492.99
24575;407726.67;5283882.38;1489.58
24576;407962.22;5283688.37;1397.65
57345;407327.42;5283108.36;1175.87
24578;407565.95;5283771.57;1526.31
24580;409062.97;5285428.94;1537.47
57349;409073.32;5285339.76;1531.32
57350;408326.04;5284417.18;1506.12
57351;407595.31;5283879.3;1480.25
24584;408380.72;5284565.02;1614.75
57354;407678.16;5283927.16;1376.98
57355;409095.25;5285494.81;1648.54
24587;407604.13;5283928.3;1413.55
57358;407668.35;5283850.49;1445.31
57363;407733.74;5283590.4;1515.07
57366;407876.26;5283254.0;929.32
24599;407761.9;5283646.59;1472.56
24601;407574.5;5283522.62;1461.39
57376;408182.21;5284099.71;1483.45
24608;407557.87;5283001.43;988.17
57378;407581.77;5283887.07;1466.87
57379;407827.99;5283822.05;1374.77
57381;408899.16;5285347.39;1624.67
57383;408194.6;5284016.08;1487.45
24617;407355.77;5283170.98;1169.8
57386;407659.15;5283783.94;1475.13
24619;407668.48;5283930.0;1379.42
24618;407578.95;5283132.05;1209.05
57390;408018.27;5284062.46;1504.62
24624;407612.38;5283714.36;1538.7
24625;407662.15;5283814.49;1505.46
57392;407524.78;5283846.3;1419.15
24627;407252.41;5283167.17;1379.87
57396;408654.4;5284686.55;1459.75
24628;408306.2;5284409.56;1513.38
57399;407730.81;5283960.52;1359.49
57403;407428.3;5282914.5;1012.51
57404;407473.91;5283857.09;1411.26
57405;407855.67;5284058.76;1468.23
24638;407728.92;5283800.65;1535.17
57407;407619.87;5283157.16;1235.6
24642;408202.14;5283888.47;1496.45
57410;407793.82;5283568.62;1442.15
24644;407697.82;5283789.97;1515.35
57414;407653.52;5283936.32;1444.69
57417;407641.79;5283863.54;1440.42
24649;407618.21;5283842.17;1365.48
57419;407731.38;5283593.4;1317.66
57420;407900.55;5283579.65;1338.5
24653;407683.04;5283894.76;1416.72
57424;407490.15;5283243.59;1323.33
24657;407764.36;5283343.58;1495.13
57427;408159.5;5284084.36;1510.53
57428;408890.39;5285168.25;1418.45
24660;407694.19;5283549.69;1433.11
24664;407683.19;5283772.58;1546.53
57438;407556.6;5283484.6;1454.78
24672;407377.62;5283408.45;1502.56
57442;407597.7;5283908.88;1386.21
24677;409040.6;5285459.99;1474.4
57446;409128.3;5285350.8;1590.74
57447;407705.43;5283037.8;1482.69
57449;408180.12;5283915.83;1492.36
57450;408925.53;5285383.77;1533.51
57451;409147.8;5285354.96;1590.47
24683;408154.4;5284180.28;1388.73
57454;407664.39;5283934.07;1457.75
57457;407587.34;5283909.56;1435.61
24690;407669.87;5283884.03;1415.48
24691;407972.07;5283538.93;1341.24
24693;407489.37;5283238.05;1320.63
24699;407603.34;5283097.1;1049.69
24703;408372.16;5284564.23;1591.65
24704;407962.28;5283703.73;1392.68
57479;407637.93;5283953.66;1390.39
24714;408273.23;5283808.58;1517.92
57483;407856.18;5283711.63;1483.86
57486;407909.81;5283856.76;1469.3
24718;407306.83;5282949.74;1081.07
24720;407723.83;5283635.43;1486.36
57489;407669.12;5283138.62;1184.22
57490;407445.83;5283366.68;1422.76
57494;408107.52;5284053.21;1518.65
24726;407609.14;5283561.31;1501.56
57496;407807.98;5283724.7;1555.43
57495;407386.6;5282968.83;1063.75
57503;409099.08;5285481.87;1668.1
57512;409072.53;5285308.24;1523.12
24745;407762.21;5283698.49;1531.38
24746;407648.99;5283893.57;1457.69
24744;407258.8;5282908.03;1104.9
24748;408883.64;5285407.92;1656.45
57517;407989.97;5284051.83;1511.97
24751;408442.68;5284677.46;1597.17
57519;407707.67;5283762.8;1527.53
24753;407333.01;5283072.25;1137.41
57522;407839.12;5283672.95;1463.78
57523;409098.7;5285297.46;1545.41
24755;408223.79;5283924.75;1501.75
24759;407785.02;5283654.96;1504.31
57528;407965.7;5283457.48;1123.96
57529;408690.25;5285125.28;1629.45
24762;407643.88;5283636.16;1459.81
24761;407659.15;5283571.55;1517.43
24764;408995.32;5285465.11;1657.22
57532;408279.39;5283822.45;1526.66
24765;407781.03;5283330.54;1534.79
57530;407675.31;5283926.07;1372.95
24772;407647.49;5283890.43;1405.57
24774;407688.06;5283890.9;1426.21
57543;407439.51;5282912.58;1014.22
24776;407446.89;5283376.84;1440.24
57544;407508.98;5283055.73;1043.33
24777;407250.99;5282821.89;1110.3
57548;408020.71;5283610.05;1359.57
57549;408466.77;5284700.4;1598.28
57551;407592.4;5283065.97;1307.46
57556;407878.28;5283757.97;1507.62
24792;407469.04;5283288.96;1379.91
57566;407734.77;5283838.36;1502.41
24798;407569.67;5283907.03;1414.24
57568;408063.55;5283962.7;1482.33
57571;407649.62;5283882.28;1441.67
57575;407564.68;5283528.96;1506.29
24809;407909.72;5283681.62;1434.79
24810;408890.29;5285358.06;1617.64
24811;408194.96;5284019.85;1487.33
57580;408405.88;5284754.89;1614.16
57581;408992.12;5285439.12;1614.57
57585;407633.3;5283194.3;1455.98
57586;408851.68;5285329.39;1772.09
24820;407663.22;5283718.26;1467.25
57589;407786.78;5283109.69;971.35
57590;409006.94;5285411.19;1601.96
57591;407133.4;5283224.21;1474.73
57593;407238.38;5283175.83;1378.3
57597;407594.64;5283797.87;1498.13
24830;409123.25;5285377.82;1585.65
24831;407632.63;5283814.1;1503.66
24832;407820.86;5283713.64;1484.64
57601;408203.56;5284040.21;1465.33
57599;407609.81;5283087.95;1026.73
57605;407697.66;5283893.24;1417.15
24839;407611.31;5283918.01;1412.02
24840;407820.22;5283740.0;1561.92
57610;407562.27;5282999.92;986.83
57614;407911.47;5283875.41;1456.82
57615;407173.02;5283164.2;1389.18
24848;407691.75;5283530.76;1439.79
24849;407609.24;5283862.42;1351.17
24851;407906.56;5283835.48;1535.9
57619;407806.78;5283868.69;1500.22
24855;408055.52;5283957.22;1502.91
57625;408174.54;5284106.57;1511.57
24858;407449.87;5283031.11;1073.03
57628;407257.99;5282877.0;1131.65
24862;407710.19;5283774.66;1534.53
57631;408351.26;5283825.39;1558.7
24865;407723.19;5283979.86;1359.55
57634;407730.11;5283147.28;1521.14
57635;407930.63;5283594.02;1343.35
57636;407649.02;5283878.44;1403.45
24869;408518.4;5284738.52;1590.31
24872;408761.91;5284623.99;1470.53
57641;407778.75;5283352.93;1518.07
57644;408069.05;5283954.55;1548.0
24877;407643.46;5283665.66;1410.68
24878;408120.26;5284046.15;1526.29
24880;408368.15;5284576.53;1612.86
57649;407404.65;5283236.06;1383.26
57652;407736.23;5283603.81;1310.75
24886;407795.13;5283494.21;1480.72
24888;407681.8;5283135.47;994.8
57658;407651.14;5283861.15;1505.59
57660;407741.41;5283880.18;1539.17
24893;408568.1;5284633.74;1494.46
57662;407584.39;5283860.25;1472.53
24894;408236.78;5283656.9;936.75
24897;407825.38;5284057.27;1447.14
24898;407716.18;5283610.67;1513.48
57670;408086.64;5283986.95;1461.33
57671;407498.53;5282939.3;978.82
57672;408845.46;5285333.85;1630.98
57673;408018.01;5283673.42;1411.39
24906;408616.19;5284768.94;1479.14
57674;407708.68;5283860.75;1418.45
24905;407705.47;5283896.36;1409.75
24909;407579.13;5283784.29;1515.35
24903;408242.48;5283665.39;937.38
24907;407286.07;5282639.34;968.89
57681;407844.37;5283671.15;1463.98
57685;408931.59;5285386.83;1609.78
24919;407526.9;5283882.01;1400.59
57688;408101.66;5284004.87;1514.14
24922;407600.27;5283568.09;1503.24
24923;409173.52;5285586.97;1725.08
57690;407667.47;5283981.63;1426.17
57694;407734.91;5283613.48;1516.59
24928;407315.9;5282590.18;927.98
24929;407554.8;5283005.57;990.37
24931;409106.5;5285494.23;1674.2
57700;407728.67;5283565.78;1456.41
57701;407383.32;5282976.46;1085.5
24934;407672.15;5283885.18;1504.92
24935;408118.51;5284038.57;1494.0
24937;408486.71;5284714.09;1604.33
57705;407446.53;5283233.67;1373.81
24939;409030.88;5285433.33;1663.46
57707;407735.37;5283839.53;1492.86
24940;407340.23;5283195.19;1344.08
24941;407265.81;5282741.26;1052.14
57711;408560.33;5284954.7;1591.4
24943;407571.21;5283381.81;1401.34
57713;407319.97;5283139.55;1216.61
57714;408327.1;5283807.2;1493.04
57715;407796.37;5283720.19;1539.89
24948;408287.68;5283803.7;1510.03
24950;407622.83;5283874.26;1384.44
57719;408489.18;5284704.12;1611.61
24955;409022.47;5285437.31;1564.92
57724;408898.26;5285455.57;1632.98
24958;408062.11;5284020.28;1521.99
24959;407897.32;5283814.31;1529.55
24960;407465.47;5283279.3;1367.89
57729;408510.53;5284885.27;1646.88
57730;407643.77;5283572.77;1455.5
57731;407781.55;5284061.36;1420.13
57735;407622.32;5283886.62;1464.58
57739;408102.62;5284061.55;1498.33
24972;409062.13;5285427.81;1642.84
24971;407285.01;5282580.64;934.87
57744;407653.13;5283851.28;1515.62
57745;407710.99;5283637.25;1423.96
24976;407604.32;5283890.49;1483.99
24979;407557.06;5283780.86;1301.84
57746;407592.27;5283151.92;1299.02
24978;407595.24;5282946.65;951.88
24984;408333.85;5283864.97;1580.59
57753;408382.22;5284535.29;1635.66
24987;408517.4;5284643.83;1430.78
57757;408060.46;5283653.49;1345.5
24990;409171.08;5285595.16;1720.93
57759;407210.6;5282772.89;1057.05
57760;407354.25;5282947.39;1039.42
24993;407313.17;5283070.19;1108.61
24996;407831.15;5283992.07;1478.93
57766;407541.09;5283308.9;1238.56
24999;407611.35;5283894.26;1479.53
57768;407443.95;5283386.53;1442.04
57769;407385.98;5283397.82;1485.6
57774;407997.3;5283716.35;1397.2
25007;408175.81;5283957.44;1482.76
25006;407988.87;5283599.47;1335.45
25009;407391.39;5282951.18;1049.35
25015;407480.57;5282940.25;988.03
57786;407677.7;5283916.35;1483.69
57787;409083.91;5285298.58;1532.98
25019;407686.38;5283877.46;1406.41
25021;407681.7;5283835.95;1537.71
57790;409132.23;5285401.19;1598.94
25026;407744.89;5283246.59;1529.15
57800;407500.15;5282898.7;1027.19
57802;408244.28;5283912.75;1475.77
57804;407591.33;5283540.08;1470.82
25043;407754.01;5283521.88;1466.7
25046;408009.33;5283586.47;1330.5
57815;407768.69;5283720.74;1500.56
57816;407673.52;5283830.29;1508.0
57817;407512.74;5283321.98;1393.63
25048;407461.37;5283282.93;1367.49
25049;407693.85;5283886.42;1433.31
57820;408516.63;5284752.72;1574.48
25052;407742.36;5283791.73;1544.46
57818;407674.47;5283942.71;1462.35
57823;408015.64;5283874.31;1516.8
25056;407429.06;5282840.47;945.26
57825;407336.75;5283073.3;1144.94
57826;407944.03;5283780.1;1390.21
57831;408197.65;5283876.88;1489.27
25063;407914.63;5283782.44;1625.27
57834;408403.91;5284779.18;1636.28
57837;407192.97;5283247.38;1457.83
57838;408087.16;5284009.77;1508.4
57839;408403.53;5284592.63;1603.49
25072;407726.83;5283806.32;1398.48
57841;407210.02;5283216.21;1408.68
25070;407820.4;5284067.36;1446.83
25071;407554.03;5283007.09;990.68
25076;407761.34;5284004.84;1350.81
57846;407282.59;5282968.05;1082.9
25079;407725.53;5283832.07;1401.94
25082;407846.17;5283761.51;1503.95
25085;407866.33;5283654.1;1435.5
57853;407682.55;5283892.4;1508.03
57855;407570.17;5283535.62;1484.16
57856;408128.95;5284021.43;1506.0
25088;407660.83;5283848.84;1492.66
25090;407719.05;5283975.35;1362.64
57861;407745.33;5284018.93;1379.23
57863;407863.41;5283241.83;921.56
25096;408328.13;5284564.19;1592.96
57867;408459.51;5284821.04;1628.43
25100;407631.9;5284009.25;1430.0
57870;408839.03;5285192.2;1429.53
57871;408715.26;5284891.32;1482.33
25102;407282.78;5282945.24;1089.3
25106;407812.99;5283877.01;1503.88
57874;407562.2;5283549.89;1487.68
57877;407298.8;5282672.28;948.46
25111;407333.66;5282658.93;922.29
25112;407686.69;5283891.16;1394.57
57881;407385.62;5283022.83;1112.56
25114;407764.98;5283307.87;1529.25
57883;407451.0;5282979.18;1038.57
57884;408356.03;5284432.63;1494.4
25117;407643.06;5283565.73;1450.72
25119;407605.78;5283912.05;1399.95
57889;408834.32;5285302.82;1607.87
57890;407712.58;5283637.33;1412.61
57892;408328.1;5283845.31;1524.75
57899;408269.75;5283793.68;1522.38
57904;407695.28;5283534.48;1440.0
57905;407640.26;5283941.27;1393.71
57907;407891.41;5284143.91;1289.5
57912;408126.29;5283505.97;921.06
57913;407912.5;5283590.07;1323.88
25146;407724.52;5283210.67;1519.46
25147;407957.96;5283380.15;934.16
25149;407770.56;5283718.68;1514.78
57917;407620.94;5283904.59;1482.05
25152;407312.09;5282970.62;1090.68
25153;408345.57;5283828.14;1582.33
25154;408820.72;5285299.97;1606.14
57921;407834.54;5283751.55;1570.1
25155;407647.37;5283892.29;1523.18
57924;407638.96;5283883.22;1399.92
25159;407913.9;5283876.44;1456.11
25160;407591.78;5283784.82;1443.16
25161;407511.21;5283767.5;1470.98
25163;407811.77;5283697.62;1504.39
57932;408956.64;5285422.02;1621.39
57931;407869.37;5283544.53;1334.99
25166;407820.62;5283545.64;1463.38
25168;407795.83;5283829.53;1456.58
57938;407583.69;5282937.19;957.83
25175;408698.44;5285109.27;1616.09
25177;407611.38;5283896.46;1479.1
57946;407169.06;5283243.37;1459.84
57947;407974.12;5283536.87;1342.02
57949;408025.8;5284052.01;1510.69
25181;407992.54;5283866.2;1516.4
25184;407794.48;5283826.1;1478.24
57956;407706.73;5283549.14;1515.75
57958;407707.61;5283809.36;1535.48
57959;407655.8;5283888.48;1462.54
25192;407466.27;5283348.58;1415.26
25191;407699.49;5283913.99;1321.0
57964;408794.75;5285265.11;1625.04
57965;407734.86;5283119.01;1526.66
25200;408923.04;5285465.43;1777.35
57968;407709.8;5283770.18;1526.74
57970;409071.57;5285470.86;1585.78
25203;407722.29;5283789.37;1538.44
57972;407966.24;5283745.23;1396.24
25204;407660.57;5283846.26;1508.16
57971;407882.48;5283523.69;1300.56
57975;407593.28;5283898.32;1391.64
57976;407694.76;5283736.56;1466.17
25209;409097.73;5285463.12;1649.36
57978;407735.66;5283787.48;1489.23
25205;407588.25;5283921.51;1383.01
57980;407825.88;5283531.42;1485.82
57981;407730.92;5283015.57;1551.42
25218;407558.52;5282870.66;915.14
25220;407603.09;5283543.43;1489.71
25222;407737.65;5283178.65;1526.26
57990;407490.05;5283257.25;1331.2
57992;407617.17;5283832.62;1499.52
25225;407815.4;5283555.27;1443.8
25224;407726.92;5283148.72;1226.6
57996;408910.81;5285255.03;1424.32
25232;407906.51;5283794.84;1628.34
58001;407654.02;5283155.2;1243.67
58002;407944.07;5283856.31;1490.54
58003;408889.89;5285142.14;1412.88
58008;408227.24;5283630.09;931.88
25241;407379.99;5282961.31;1076.59
25242;407743.85;5283870.87;1543.14
58009;408228.6;5283737.2;997.55
58013;408144.47;5283886.96;1485.68
25248;408691.19;5284966.83;1573.09
25249;408714.34;5285130.56;1607.85
25252;407893.73;5283803.88;1525.1
58020;407770.36;5283725.28;1502.79
25253;407895.92;5283608.74;1326.08
58023;408674.91;5284745.98;1454.54
25255;407519.13;5283318.6;1394.35
58022;407587.92;5283859.21;1397.71
25258;407954.73;5283749.19;1386.08
58027;408218.84;5283793.17;1498.67
25257;407161.16;5283242.78;1465.47
58029;407921.97;5283794.65;1552.57
25261;407737.97;5283853.35;1362.41
58031;407236.94;5283175.96;1371.85
25264;408407.56;5284584.84;1600.03
58033;407742.93;5283116.59;972.13
58034;407650.94;5283945.2;1259.06
58035;407646.22;5283794.73;1502.19
58037;407661.88;5283976.82;1449.2
58038;408892.85;5285289.85;1441.93
58039;407688.0;5283902.07;1405.63
25272;408368.15;5284576.53;1603.14
25274;407957.28;5283705.25;1395.21
58044;407581.65;5283886.76;1426.08
58046;408078.13;5284026.1;1508.59
25281;407989.7;5283891.52;1529.24
25290;407653.96;5283897.14;1459.31
25291;408372.92;5284548.66;1618.95
25293;408423.3;5284468.45;1503.33
25294;407775.77;5283267.6;1539.67
58063;408216.55;5284249.84;1497.33
25295;408184.41;5284132.65;1509.95
58062;407459.59;5283351.71;1394.25
25298;407614.65;5283872.41;1375.24
58070;408037.35;5284031.21;1533.84
25303;407787.54;5283742.57;1504.11
58072;408332.65;5284580.57;1625.85
25304;408705.89;5285018.42;1587.46
58071;407764.64;5283673.99;1519.99
25308;408074.84;5284012.2;1496.87
58080;409091.03;5285452.04;1585.25
58083;407639.18;5283955.44;1390.77
58084;407632.97;5283883.8;1376.02
25317;407596.58;5283858.05;1463.68
25318;407587.62;5283531.33;1464.61
58086;407204.14;5282800.26;1063.98
58088;407990.25;5283517.73;1354.31
58090;407371.24;5283004.89;1107.85
25323;408898.54;5285142.04;1413.43
58092;407323.45;5283016.27;1116.19
25327;407642.56;5283935.92;1253.85
25329;407718.97;5283782.99;1537.0
25330;407624.03;5283857.29;1424.74
58097;407585.31;5283903.75;1473.29
25332;407447.02;5283282.57;1359.87
58100;407217.67;5283196.98;1323.66
25335;408198.86;5284239.88;1463.84
58103;407877.57;5284121.7;1315.89
25339;408360.32;5283839.8;1568.81
58108;407429.2;5282876.45;972.77
58110;408518.1;5284670.08;1417.12
25342;407415.87;5283202.93;1317.74
25345;407541.35;5283524.55;1488.66
58113;407555.19;5283892.36;1425.96
58116;407603.75;5283891.05;1466.22
58117;407688.31;5283779.83;1539.84
25350;408873.63;5285007.21;1507.93
58119;407187.4;5283244.42;1457.4
25352;407897.47;5283555.26;1319.56
58121;407670.86;5283136.69;1182.03
25354;407645.8;5283820.98;1520.56
58123;409105.5;5285493.46;1675.03
25356;407828.26;5283832.09;1395.56
25357;407624.28;5283902.92;1498.49
25355;407763.76;5283101.61;950.8
58127;408211.97;5283667.82;954.73
58128;407799.47;5283169.96;916.8
58129;407700.71;5283650.36;1468.2
58132;407658.17;5283618.5;1477.05
25366;407553.01;5283892.84;1416.42
58137;407556.57;5283532.65;1478.11
25370;407846.7;5283985.31;1517.99
58140;409059.05;5285377.83;1445.05
25374;407421.7;5282934.76;1025.08
25378;407802.39;5283760.54;1507.25
58148;408079.46;5284028.4;1510.82
58154;407992.88;5283480.54;1206.2
58160;407712.28;5283802.6;1539.31
25393;408690.67;5284853.03;1457.57
58165;407341.04;5283192.67;1193.78
25399;408672.84;5284754.57;1460.19
58168;408220.6;5283839.2;1523.06
58169;407301.99;5283181.47;1350.02
25400;407660.37;5283959.5;1388.37
25404;407863.09;5284074.28;1477.71
25406;407246.88;5282899.45;1110.19
58175;409050.08;5285421.05;1639.73
58178;407763.4;5283855.34;1486.3
25410;407619.26;5283859.94;1457.16
58179;407629.56;5283952.33;1414.22
25413;408216.13;5283821.06;1528.28
58182;407313.46;5283084.28;1130.32
58183;407552.61;5283785.1;1447.02
58184;407789.26;5283348.83;1529.78
58180;407386.07;5282884.75;948.96
58186;407703.24;5283122.54;990.92
25419;407474.58;5282841.93;925.39
25420;409098.51;5285286.33;1545.78
25421;408456.78;5284689.62;1569.75
58188;408260.53;5283954.24;1480.84
58191;408642.57;5285142.43;1564.81
58190;407636.88;5283594.62;1468.01
25425;407597.58;5283884.18;1466.1
58189;407722.12;5283816.47;1402.78
25423;407317.67;5283089.77;1136.02
58197;407813.57;5283508.16;1510.24
58199;408019.09;5284014.65;1497.58
25431;407605.91;5283790.49;1506.98
25434;407463.25;5283200.38;1300.42
25436;408272.76;5283815.0;1604.71
25438;407721.34;5283875.96;1489.17
58212;407711.07;5283147.21;1238.92
25448;407603.44;5283907.64;1416.51
25451;407834.86;5283509.75;1484.83
58222;407539.69;5283761.44;1288.38
25458;407635.44;5283161.59;1223.67
25459;409083.23;5285430.56;1632.55
25463;407168.26;5283236.39;1415.49
58234;407581.18;5283883.63;1368.26
58235;408015.3;5284026.83;1391.52
25468;408053.45;5283680.58;1394.87
58236;407649.8;5283892.94;1354.1
58238;408098.03;5284045.42;1508.94
25472;408020.9;5283671.58;1410.01
25473;408788.38;5285273.28;1725.54
58241;408072.43;5284004.02;1494.71
25480;407687.3;5283863.12;1542.96
58249;407179.97;5282848.68;1099.92
25484;409042.43;5285429.55;1623.18
25488;408679.2;5284971.67;1598.88
25489;407500.28;5283851.53;1430.08
25496;407626.93;5283900.12;1470.86
25497;407393.74;5283201.18;1326.01
25498;407469.06;5282907.29;1001.41
25499;407783.78;5283822.34;1494.33
25500;409147.09;5285556.43;1710.3
58269;408108.1;5283997.43;1516.87
58270;408167.11;5283929.93;1483.38
25503;408379.82;5284641.63;1598.04
25502;408264.8;5283822.03;1523.84
25507;407587.53;5282993.41;1353.35
25510;407676.26;5283492.8;1431.2
58281;407903.97;5283780.35;1537.55
25514;408273.56;5284364.84;1518.07
25516;408682.08;5284812.51;1438.53
25519;407713.38;5283771.32;1503.81
25520;408899.67;5285210.68;1420.33
58290;408354.11;5283800.79;1475.55
25523;408821.3;5285007.12;1499.98
25524;408357.8;5283834.85;1585.89
58293;407146.2;5283242.09;1473.16
58294;407820.52;5283685.46;1500.61
25530;407699.87;5283036.85;1439.7
58299;408012.17;5284020.53;1431.81
58300;407810.41;5283750.79;1503.36
25536;407984.74;5283673.61;1411.02
25537;408520.35;5284670.63;1424.07
58306;407579.08;5283155.11;1277.98
58307;407838.98;5283672.08;1470.85
25539;407451.81;5283282.36;1353.73
58310;408040.34;5283982.25;1521.88
58311;408511.04;5284747.15;1583.95
58312;407817.08;5283424.56;1522.46
25545;409019.23;5285424.83;1620.27
25547;407844.93;5284049.97;1460.66
25550;408003.51;5283464.16;1169.53
25551;407639.57;5283862.5;1439.59
25556;408463.56;5284829.54;1642.39
58325;408006.18;5284030.7;1367.42
25561;407678.5;5283812.9;1510.09
25562;407635.72;5283930.32;1380.64
25563;407747.67;5283141.34;1141.31
25564;407617.4;5283853.75;1327.07
58332;407639.37;5282970.85;930.78
58334;407605.3;5283710.85;1541.24
25568;408966.91;5285434.41;1624.01
58336;408177.64;5283902.99;1492.63
58338;408188.38;5283972.03;1469.32
58346;409008.58;5285422.67;1606.93
58347;408380.14;5284533.44;1637.38
25579;408696.53;5284873.87;1457.85
58351;408125.63;5283873.73;1467.07
25585;408960.9;5285407.18;1614.52
58353;407883.23;5283860.35;1380.59
58355;408786.94;5284739.67;1399.3
58356;407245.49;5283175.92;1368.73
25589;409128.3;5285321.33;1577.04
25593;407667.43;5283877.42;1385.6
58362;407518.73;5283054.97;1041.86
25597;407520.27;5282869.75;934.03
58366;407685.18;5283619.02;1482.91
25598;407285.67;5282617.84;961.57
25600;407377.67;5282912.73;978.04
58369;408565.42;5284938.73;1588.67
25601;408196.68;5283865.53;1475.35
25602;407807.23;5283722.98;1551.06
25603;407642.04;5283555.51;1508.16
58374;407755.78;5283123.36;976.02
25607;407337.39;5282986.24;1068.75
58376;407549.65;5282998.01;987.87
25611;407790.85;5283404.0;1519.2
25614;408090.11;5284003.0;1480.29
58383;408571.61;5284878.56;1604.04
25616;409100.82;5285318.74;1542.11
58386;407338.88;5283078.44;1149.62
25619;407599.58;5283718.21;1534.14
58389;407924.26;5283728.14;1464.5
58390;407357.44;5282943.35;1074.06
58392;408889.63;5285221.15;1426.34
25624;407218.25;5283181.71;1328.12
25630;407338.85;5282982.95;1055.28
58399;407745.81;5283986.09;1328.41
58400;407710.67;5283981.32;1359.62
58401;407730.29;5283635.14;1483.92
58407;407498.08;5283237.76;1274.91
25639;407725.24;5283029.0;944.63
25642;408687.64;5284696.04;1457.8
25643;408511.63;5284665.38;1417.0
58410;407642.97;5283933.11;1275.61
58413;407941.53;5283674.03;1408.06
25646;407990.88;5283780.54;1423.62
58415;408329.4;5283853.68;1581.1
58414;407789.28;5284062.46;1424.49
58417;407744.36;5283831.64;1536.92
58420;409039.7;5285437.37;1665.15
58422;407715.44;5283039.63;1520.8
25660;407741.34;5283126.76;979.06
58430;407649.62;5283907.69;1475.15
25666;408344.79;5284576.12;1660.35
25667;408263.98;5284347.32;1504.25
58436;408082.52;5284014.39;1495.44
58434;407703.75;5283649.08;1449.16
25669;407881.51;5284128.72;1290.65
25672;408071.33;5283960.1;1460.44
58440;407824.59;5283630.84;1487.83
25673;407503.51;5283859.01;1417.87
25677;407601.07;5283784.87;1509.49
25678;407670.17;5283954.99;1447.4
58447;407593.85;5283847.23;1460.48
58448;408694.16;5284840.9;1439.61
58449;407735.59;5283781.55;1484.57
25679;407613.82;5282956.04;948.13
25687;407540.63;5283876.84;1422.27
58461;407646.52;5282960.41;925.73
25694;408344.77;5284532.6;1615.81
25697;407591.3;5283922.95;1484.33
25705;407670.44;5283946.86;1461.94
25707;407615.59;5283713.55;1539.01
58476;408790.35;5285056.99;1579.69
58475;407674.55;5283924.18;1372.93
25710;407682.27;5283700.29;1462.57
25709;407336.53;5283067.15;1146.35
58480;407607.63;5283915.55;1400.98
58482;408215.12;5284324.45;1488.62
25716;407535.87;5283137.68;1241.56
58485;407573.18;5283174.78;1256.89
25719;407952.17;5283690.18;1390.91
58487;407621.35;5283853.36;1423.99
58489;408787.53;5284738.05;1391.14
25721;408084.79;5283988.87;1503.43
25724;408185.97;5284182.82;1528.77
58493;407701.67;5283908.7;1310.35
25726;407430.51;5282805.54;920.68
25727;407651.49;5283189.93;1464.37
25732;408517.17;5284730.79;1591.97
58503;408792.23;5285272.39;1672.99
58506;407311.73;5283159.72;1248.18
25738;407172.92;5283244.56;1453.12
25741;408176.04;5284133.29;1528.57
25742;408885.97;5285332.55;1619.42
58512;407649.11;5283775.31;1469.75
58517;407982.07;5283701.89;1394.49
25750;409084.81;5285441.75;1594.25
25752;407605.2;5283830.29;1489.45
25753;409057.74;5285434.06;1560.88
58522;407192.47;5283262.69;1458.49
58523;407636.72;5283816.63;1451.51
25756;407426.98;5282932.8;1026.69
25759;407850.88;5283225.42;918.51
25761;407716.48;5283214.85;1507.52
25762;407753.58;5284008.0;1378.44
25763;408085.76;5284065.01;1501.53
58531;407591.58;5283778.1;1479.49
58529;407430.01;5282872.37;969.5
25766;408262.62;5284342.39;1506.57
58530;407647.29;5282964.09;926.77
25770;407609.91;5283897.57;1446.62
25774;407204.47;5283255.77;1469.97
58544;407908.49;5283600.3;1324.29
58546;408450.78;5284703.23;1586.31
58548;407650.41;5283975.62;1451.6
58550;407681.35;5283816.49;1514.76
58551;408217.7;5284260.96;1507.47
25783;407729.02;5283777.9;1491.95
25782;407606.97;5283836.73;1496.29
25785;407682.65;5283810.03;1498.6
25786;407583.66;5283858.69;1336.88
58557;408369.04;5284638.33;1615.51
58558;407653.58;5283886.98;1465.38
58559;407620.46;5283841.75;1464.62
25789;407628.32;5283940.62;1302.15
58561;407672.54;5283868.15;1392.51
58565;408885.39;5285250.09;1447.04
25798;408102.09;5284065.09;1494.29
58567;407179.21;5282814.16;1047.92
58568;407718.17;5283783.07;1479.8
58571;407217.07;5282764.65;1051.2
25808;407898.09;5283896.32;1478.26
58578;407766.44;5283088.0;1043.69
58579;407682.76;5283125.69;1158.82
58581;408689.02;5285128.05;1653.28
58582;407179.44;5282849.88;1088.17
58585;407737.16;5283882.23;1538.16
25819;407172.64;5283242.37;1454.93
58588;407673.26;5283792.32;1541.3
58590;407997.45;5283595.81;1348.32
25827;407584.45;5283868.82;1485.07
25828;408284.27;5284440.26;1487.09
58597;409077.19;5285417.96;1620.77
58599;408427.4;5284699.99;1595.57
25838;407641.23;5283160.32;1231.26
25839;408489.65;5284519.04;1486.33
58609;407706.64;5283857.43;1529.08
25845;408215.74;5283859.2;1511.75
58614;407587.7;5283891.09;1472.01
58617;407326.06;5282665.37;933.48
58618;407586.22;5283519.87;1454.23
25850;407551.5;5283525.07;1474.36
58621;408718.29;5285022.08;1575.85
58623;407654.36;5283623.55;1477.23
58625;407319.38;5283146.73;1235.18
25858;407298.0;5283011.89;1102.15
58626;407596.62;5282946.7;950.92
58628;408165.21;5283946.02;1517.75
25860;407221.19;5283208.38;1395.2
25857;407578.59;5282874.48;911.71
25865;407692.97;5283885.0;1513.39
58636;407899.3;5283605.53;1323.79
25873;407591.23;5283151.31;1248.38
58642;408901.98;5285421.37;1795.92
25875;409076.57;5285273.49;1528.82
25874;407839.19;5283704.74;1511.76
58648;408652.48;5284963.1;1602.34
25880;409066.48;5285465.15;1550.58
58649;407207.79;5283220.25;1412.29
25889;408161.53;5283915.25;1492.71
58661;407381.82;5282991.44;1093.62
25894;407711.63;5283546.46;1515.71
58663;407470.28;5283867.31;1416.57
25901;408169.84;5283951.94;1518.14
58673;408163.04;5284117.59;1532.77
58674;407613.02;5283108.34;1034.95
25908;407704.78;5283912.77;1516.81
25909;407212.43;5283249.39;1446.36
58680;407737.95;5283881.19;1465.95
58682;407611.42;5283853.78;1335.28
25915;407650.28;5283805.46;1507.6
25916;407729.07;5283768.51;1488.02
25914;407763.87;5284004.09;1376.94
58689;408309.1;5283817.98;1508.73
25921;407689.51;5283722.58;1510.7
25922;407837.83;5283986.31;1501.27
25925;407923.28;5284200.85;1261.27
25927;408209.85;5283851.21;1493.9
25928;407669.99;5283632.14;1473.62
58697;407636.01;5282960.39;922.07
25934;408211.16;5283880.02;1480.94
25935;407375.93;5282938.0;1036.46
58706;408526.5;5284676.08;1420.29
58707;407725.62;5283647.38;1401.56
25938;407607.19;5283713.31;1541.75
25939;407681.93;5283920.65;1218.65
25942;408984.94;5285414.7;1611.04
58710;407685.77;5283844.24;1510.66
25944;409060.17;5285477.82;1549.79
25945;408415.98;5284828.36;1554.75
58713;407600.77;5283945.6;1478.65
25948;407829.59;5283810.04;1508.57
58717;407782.94;5283843.09;1506.79
58716;407651.99;5283816.89;1467.0
25951;407907.39;5283768.51;1501.0
58718;407571.05;5283905.84;1420.2
25949;407622.2;5283941.24;1416.59
25954;408079.11;5284023.43;1502.49
25955;408251.12;5284270.39;1458.53
58724;407926.27;5283809.94;1381.39
58726;407838.9;5283672.12;1468.2
25958;408012.47;5283675.63;1413.73
58731;407557.99;5282871.84;1047.93
25965;407429.97;5282897.75;1001.59
25966;407710.01;5283601.08;1427.22
25968;408272.16;5283818.52;1521.1
58737;409055.26;5285323.34;1508.24
25970;408120.14;5284064.71;1524.13
58738;407940.44;5283801.43;1391.08
25971;407353.15;5283155.85;1157.36
25975;408713.95;5284994.15;1568.14
25976;407952.59;5283691.7;1392.43
25978;407724.82;5283645.38;1490.98
58749;408898.2;5285365.07;1617.08
25981;407618.32;5283107.93;1065.6
25983;407619.16;5283874.32;1376.74
25986;407713.97;5283884.84;1540.07
58755;407765.73;5283858.03;1489.21
58757;408408.3;5284648.41;1590.07
58758;408191.59;5283593.13;927.6
25992;408183.84;5284096.79;1506.69
58761;407697.75;5283913.03;1510.6
58762;407934.38;5283812.67;1405.72
25996;407634.35;5283569.28;1508.14
58767;408428.79;5284642.83;1614.93
58776;407738.3;5283032.9;948.51
58779;407665.57;5283734.31;1541.46
26012;408226.17;5283871.38;1457.31
58780;407989.72;5283594.32;1336.96
26014;408408.91;5284763.42;1500.47
58781;407630.94;5283956.59;1382.71
26021;407994.34;5283593.74;1335.72
58790;408009.95;5283607.67;1335.89
58791;407760.1;5283285.94;1527.29
26030;408178.85;5284100.74;1506.14
26031;407466.73;5283283.4;1370.79
26035;407816.46;5283694.79;1500.63
58805;407976.09;5283881.53;1530.1
26040;407439.35;5282982.99;1057.85
26043;408023.56;5284064.12;1507.85
26044;408679.15;5284687.55;1449.84
58815;408193.45;5284229.51;1518.01
26048;407655.48;5283777.46;1517.63
58816;407305.74;5283179.35;1346.47
26051;407710.73;5283795.32;1492.87
58824;408816.0;5285285.83;1756.26
26057;407546.81;5283283.28;1275.37
58827;407690.49;5283787.81;1542.34
58830;407614.16;5283864.76;1387.1
58833;407482.54;5282938.22;985.4
26066;407796.6;5283505.89;1503.11
26068;408696.38;5285133.58;1627.35
58836;407623.34;5283874.32;1381.0
58839;408299.17;5284407.57;1522.4
26072;408887.39;5285344.35;1446.21
26071;408122.09;5284056.15;1525.88
58849;407663.06;5283872.04;1488.72
26082;407671.76;5283008.85;934.61
58852;408694.79;5285021.42;1548.54
26084;407790.7;5283845.72;1353.12
58854;407686.97;5283866.79;1501.01
58856;407755.83;5283953.23;1353.66
58857;407994.9;5283717.0;1405.38
26090;409081.13;5285455.37;1579.61
26091;408289.08;5283807.02;1515.8
26094;407637.09;5283869.79;1470.61
26095;408004.69;5283450.9;1151.1
58864;407395.46;5283394.21;1476.68
58866;407820.16;5283980.96;1455.09
58867;407905.54;5283767.13;1499.69
26101;407200.86;5283187.55;1366.32
26104;407809.51;5283778.41;1518.91
58873;407715.41;5283772.12;1483.33
58872;407615.85;5283845.32;1421.58
26107;409100.85;5285450.79;1592.25
26108;407689.04;5283538.2;1437.14
26112;407685.42;5283618.16;1504.12
58881;407812.26;5283751.27;1502.73
26114;407767.98;5283858.55;1376.4
26115;407564.69;5283746.27;1424.65
26116;407617.46;5283412.86;1418.56
58884;407997.39;5283479.91;1195.26
58886;408712.4;5284762.68;1433.17
26113;407303.94;5282636.01;959.0
58889;408087.76;5284009.67;1506.42
26122;407638.3;5283854.67;1409.71
58891;407708.92;5283510.71;1439.16
26124;408211.12;5284248.5;1493.66
58893;407785.37;5283692.01;1486.61
26123;407916.38;5284187.96;1249.05
26127;407869.28;5283746.05;1460.29
58896;408810.49;5285195.77;1430.35
26129;407851.99;5283497.26;1513.31
58897;407596.63;5283920.76;1407.59
58890;407146.44;5282768.3;1016.33
58901;407720.23;5283857.54;1482.73
58902;408334.9;5283823.17;1541.76
26134;408315.86;5283808.87;1498.48
26136;407619.54;5283949.04;1419.67
26139;409142.64;5285321.85;1596.21
58908;407431.18;5282879.84;976.59
58909;407732.61;5283769.41;1486.59
58907;407438.5;5282773.09;923.87
26143;407951.93;5283901.36;1504.64
58911;409110.63;5285283.98;1558.13
58916;407683.76;5283790.54;1491.43
26148;407684.9;5283161.13;991.74
58918;407741.85;5283111.65;1530.07
58920;407354.57;5282929.57;1028.83
58923;409077.61;5285579.59;1683.14
58924;409060.22;5285442.74;1607.23
26156;408102.46;5284024.19;1512.54
58926;407736.73;5283628.13;1420.09
58927;408756.01;5285017.28;1575.96
26158;407666.4;5283928.46;1378.52
26162;407692.37;5283535.97;1438.3
26164;407304.4;5282621.57;947.98
5201;407174.81;5283230.2;1420.44
26171;407682.45;5283739.05;1484.16
26172;407567.3;5283830.67;1436.23
58944;407773.46;5283898.08;1488.08
26177;407208.07;5282769.41;1059.15
26179;407666.79;5283938.69;1459.41
26181;407708.13;5283694.72;1513.67
58954;407453.27;5282928.63;1007.82
26187;407714.16;5283875.48;1422.07
26188;408868.36;5285024.63;1522.41
58955;407833.22;5284114.94;1454.95
26193;408359.53;5284605.78;1596.18
58965;407608.13;5283893.75;1481.7
58966;407696.85;5283684.73;1458.9
58967;408003.52;5284063.31;1519.61
26197;407442.58;5283032.98;1079.49
58969;408246.73;5283883.09;1480.4
26203;408000.85;5284103.73;1491.77
58971;407362.52;5283011.46;1117.79
58975;408795.6;5285249.87;1617.99
26207;407384.33;5283179.27;1336.62
26210;407446.13;5282822.52;926.51
58979;407699.04;5283681.63;1460.19
58980;407635.53;5283932.46;1380.62
58982;407893.0;5283592.17;1329.51
26229;408814.03;5284952.77;1462.93
26232;407693.06;5283842.82;1518.34
26233;407861.81;5283367.28;968.86
26234;408323.15;5283840.8;1530.8
26235;407508.27;5283871.21;1395.77
26238;407732.09;5283013.37;1551.64
59010;407545.92;5283522.02;1489.58
26243;408518.7;5284754.22;1594.43
59011;407859.93;5283516.92;1510.24
59012;407694.56;5283919.31;1521.76
26252;407150.53;5282783.86;1033.63
26263;407422.65;5283241.68;1364.68
26264;407626.48;5283942.72;1414.6
26266;409073.65;5285384.27;1449.01
26267;407619.84;5283571.47;1515.68
26271;407722.39;5283593.86;1301.79
26272;407894.0;5283508.15;1268.59
26276;407680.44;5283893.52;1500.4
26279;407464.17;5283368.89;1424.35
26282;407577.25;5283159.46;1277.33
26285;408745.01;5285161.96;1597.75
26291;407573.38;5283070.91;1045.29
26293;407668.88;5283893.93;1505.67
26294;407942.01;5283850.65;1483.11
26297;407625.69;5283851.25;1426.95
26301;407221.49;5283264.95;1453.26
26304;407565.45;5283824.54;1435.1
26309;409068.96;5285428.15;1542.86
26312;407862.53;5284089.49;1474.15
26316;407557.8;5283766.79;1299.1
26321;407765.9;5283640.13;1514.25
26330;408299.53;5283835.71;1543.79
26335;407563.67;5282993.36;983.56
26344;407805.99;5283666.51;1485.91
26350;408456.92;5284698.1;1600.35
26351;408697.63;5285023.56;1548.54
26353;407209.11;5283236.69;1435.04
26354;408840.66;5285346.71;1782.71
26357;407587.0;5283836.59;1331.02
26359;407712.07;5283764.97;1489.07
26363;407193.03;5282844.1;1092.76
26366;407677.06;5283779.9;1491.26
26368;407648.71;5283903.15;1512.32
26370;408177.14;5284129.01;1523.97
26376;409045.91;5285466.02;1482.99
26377;407533.29;5283273.64;1268.04
26378;407324.44;5282961.81;1079.93
26382;408189.48;5284228.37;1519.16
26383;407424.71;5282819.49;934.93
26384;408051.71;5283682.76;1397.91
26386;407750.06;5283879.2;1448.22
26391;407903.53;5283791.83;1521.76
26396;409112.09;5285450.52;1591.06
26403;407540.73;5283313.31;1238.92
26410;407684.21;5283887.97;1392.89
26411;407396.94;5282940.9;1053.04
26413;407687.86;5283892.85;1394.91
26424;407930.09;5283884.9;1479.77
26427;407645.57;5283803.83;1469.65
26429;408980.73;5285454.99;1338.37
26435;407581.94;5283863.64;1470.85
26438;407702.1;5283891.14;1407.14
26444;407792.99;5283801.08;1517.38
26449;407813.96;5283752.56;1583.33
26456;408796.32;5285200.55;1600.12
26457;408359.4;5283826.73;1514.96
26459;408349.04;5283790.68;1490.21
26466;408169.46;5284104.38;1512.36
26468;407402.78;5283388.53;1473.52
26471;407686.83;5283216.64;1491.16
26472;407193.9;5282843.88;1086.21
26475;408769.56;5284622.78;1467.56
26478;408021.83;5283608.35;1360.73
26480;407805.59;5283870.74;1498.43
26485;407649.79;5283162.65;1232.78
26487;408579.91;5284948.6;1584.29
26488;407774.64;5284053.56;1416.6
26489;407696.6;5283905.54;1319.93
26491;408464.08;5284701.43;1596.48
26505;408861.71;5285332.76;1806.22
26506;407740.1;5283848.79;1506.38
26507;407697.54;5283627.79;1483.66
26511;407822.98;5284073.2;1444.6
26512;408198.59;5283953.94;1501.25
26520;408772.18;5285024.37;1580.53
26523;408198.66;5283768.79;1489.26
26525;407653.17;5283890.3;1459.39
26530;407565.0;5283893.99;1429.72
26534;407663.97;5283659.01;1479.12
26536;407270.67;5282937.54;1064.2
26537;408407.25;5284768.31;1604.06
26541;408095.59;5284029.71;1501.31
26544;407642.65;5283757.33;1536.72
26548;407465.29;5283296.93;1380.07
26557;408428.81;5284847.25;1662.53
26563;407585.27;5283903.52;1427.44
26572;408339.97;5283855.19;1552.28
26573;407617.61;5283857.39;1456.34
26577;407243.09;5282920.97;1088.71
26583;407649.76;5283158.44;1234.53
26584;407832.95;5283694.96;1505.98
26589;407763.22;5283832.61;1476.3
26593;407986.16;5283703.61;1373.68
26597;408534.74;5284667.0;1434.55
26606;407826.15;5283672.59;1474.72
26609;407589.92;5283158.4;1287.38
26610;407676.27;5283813.06;1507.86
26620;408023.94;5284021.45;1279.19
26624;407932.49;5283590.48;1342.95
26626;407977.79;5283662.75;1404.01
26629;408149.42;5283706.44;1322.63
26631;407850.21;5283867.48;1386.66
26638;408779.25;5284731.75;1406.08
26641;408017.88;5284011.95;1495.06
26645;407820.38;5283632.75;1488.29
26648;407399.35;5283390.48;1474.28
26649;407382.13;5282886.81;950.79
26653;407931.76;5283881.71;1486.03
26657;408580.01;5284943.97;1584.31
26661;408018.78;5283868.66;1524.19
26663;407735.74;5283838.81;1503.11
26664;407215.4;5282858.81;1051.87
26671;407197.96;5282839.93;1085.13
26675;408170.62;5283891.6;1482.81
26678;407679.01;5283178.07;1486.18
26679;408215.09;5283858.12;1507.72
26680;407995.71;5284118.19;1490.5
26681;409147.29;5285556.7;1697.8
26692;408204.19;5284305.08;1488.24
26696;407627.58;5283550.81;1505.06
26700;407316.36;5283168.24;1321.46
26710;407712.63;5283637.68;1487.02
26714;407308.33;5283014.75;1113.71
26718;407345.02;5282968.85;1051.38
26719;407415.54;5282958.15;1053.91
26724;407652.62;5283879.27;1445.45
26726;408802.22;5284643.45;1475.6
26734;408587.05;5284667.2;1471.66
26739;408183.42;5283868.37;1501.28
26747;407644.16;5283961.96;1445.73
26748;407506.28;5282996.92;1008.96
26749;408351.76;5284568.32;1654.89
26750;407665.14;5283931.23;1246.52
26752;407443.21;5282973.01;1042.91
26757;407273.52;5282624.06;970.04
26760;407718.33;5283665.11;1442.65
26763;408856.25;5285310.93;1594.33
26764;407821.58;5283664.82;1479.3
26765;407708.87;5283545.53;1514.06
26771;408449.94;5284702.49;1606.89
26775;407379.15;5282943.24;1061.39
26778;409134.3;5285320.46;1589.15
26781;407561.45;5283787.79;1307.86
26782;407135.91;5282875.33;1141.33
26793;409108.87;5285307.44;1557.53
26802;407547.41;5283758.76;1295.26
26805;407297.05;5283107.67;1148.85
26815;408120.42;5284009.2;1509.49
26818;407702.21;5283545.24;1435.12
26819;408858.27;5284561.67;1422.6
26820;407745.42;5283884.73;1350.88
26822;407625.46;5283101.54;1031.44
26825;408515.93;5284631.1;1428.57
26826;408175.42;5283924.16;1491.07
26836;407456.7;5283350.57;1360.94
26837;407157.17;5283234.86;1429.25
26840;409013.32;5285411.63;1648.8
26848;407917.58;5283785.42;1535.17
26854;407262.43;5282748.16;1060.17
26855;407667.51;5283861.14;1458.17
26857;407577.79;5283163.84;1272.9
26858;407756.12;5283835.86;1482.11
26868;407242.68;5282869.91;1136.81
26872;407622.5;5283941.42;1418.4
26879;407841.42;5283671.62;1458.55
26889;408599.02;5284968.74;1607.58
26890;408165.54;5284088.02;1474.46
26897;407435.77;5282819.22;927.07
26898;407774.02;5283832.24;1484.93
26899;408889.84;5285328.75;1455.56
26902;407137.83;5283234.63;1468.37
26906;408076.44;5284015.11;1496.98
26913;407740.69;5283670.34;1517.06
26921;407623.41;5283839.12;1399.31
26927;407495.49;5283848.64;1431.34
26930;408256.53;5283931.63;1477.95
26932;407329.93;5283147.14;1149.44
26936;407598.41;5283875.77;1416.12
26937;408175.13;5284140.01;1521.33
26940;407985.76;5283599.47;1336.52
26941;408169.14;5284079.4;1498.85
26949;407673.36;5283894.29;1395.06
26952;407686.91;5283768.87;1490.19
26956;407721.97;5283872.78;1408.3
26961;408198.72;5284261.79;1510.53
26965;408215.32;5283760.51;1494.36
26966;407784.24;5283490.82;1484.26
26967;407859.5;5283533.3;1344.22
26968;407603.52;5283737.42;1520.29
26977;407717.17;5283775.54;1530.05
26979;407340.62;5283099.37;1138.04
26981;407714.47;5283636.14;1398.57
26987;408066.25;5283956.04;1484.16
26990;407266.92;5283171.95;1363.96
26997;407831.96;5283965.62;1505.33
26999;407570.11;5282916.04;932.62
27003;408621.28;5284899.16;1600.72
27007;407943.69;5283752.72;1379.36
27008;407206.91;5283263.57;1452.41
27009;408695.65;5284863.44;1452.95
27011;408036.2;5283633.32;1351.2
27018;408189.79;5284273.5;1475.34
27019;408298.51;5284572.69;1597.16
27024;407554.69;5283792.27;1464.06
27035;408152.22;5283920.65;1506.58
27039;408518.78;5284672.1;1424.96
27042;408680.54;5284694.97;1453.51
27047;409113.09;5285346.27;1564.92
27048;407322.49;5283174.55;1336.11
27049;407938.85;5283800.33;1390.04
27056;407784.2;5283302.08;1541.61
27065;407850.25;5283514.11;1510.33
27067;407760.09;5283997.46;1344.36
27070;407638.71;5283155.69;1222.54
27078;407341.15;5282992.95;1056.77
27079;408179.62;5283917.49;1491.65
27080;407596.74;5283922.44;1369.65
27082;408324.32;5284559.61;1594.66
27095;407644.03;5283947.81;1415.21
27098;407159.56;5282769.3;1013.68
27099;407271.95;5282942.08;1063.78
27103;407201.62;5282776.57;1063.35
27104;407639.02;5283583.51;1460.27
27107;407557.72;5283085.48;1168.89
27113;407680.91;5283921.12;1219.3
27120;407727.92;5283874.43;1478.86
27122;407994.32;5283726.41;1410.39
27124;407451.19;5283276.37;1354.63
27127;407725.34;5283862.22;1485.93
27133;407782.49;5283772.36;1518.47
27137;407834.35;5283678.28;1467.39
27140;408125.85;5283963.99;1494.98
27149;407942.31;5283757.83;1472.05
27151;407704.04;5283828.82;1523.03
27157;407900.44;5283511.41;1266.13
27159;408176.28;5283870.77;1495.83
27160;408205.42;5283890.14;1504.77
27165;407584.48;5283786.04;1512.68
37964;407295.98;5283028.03;1105.5
27169;409106.31;5285586.1;1688.24
27171;408177.81;5284167.3;1522.68
37965;407629.5;5283992.66;1434.67
27177;408183.04;5284202.06;1503.27
27187;409100.14;5285302.91;1546.7
27188;407214.49;5283238.64;1417.43
27190;408848.02;5285320.88;1795.65
27191;407455.94;5283327.04;1392.59
27194;407932.35;5283681.11;1424.78
27195;407652.02;5283759.48;1518.78
27196;407356.17;5282955.84;1046.54
27198;408124.16;5283965.26;1494.13
27202;407429.5;5282771.28;952.05
27203;407471.42;5283271.43;1354.67
27210;407704.84;5283742.93;1512.3
27212;408305.27;5284575.91;1595.32
27214;407825.88;5283523.29;1489.44
27219;409093.02;5285455.3;1582.59
27221;407316.36;5283156.94;1239.23
27223;409154.83;5285323.76;1602.97
27230;407701.87;5283581.86;1430.88
27237;407752.15;5283838.04;1543.91
27238;407579.53;5283126.15;1283.69
27239;407756.03;5283806.36;1479.36
27241;407984.16;5283489.7;1217.88
27256;407803.38;5283556.59;1497.43
27266;407988.58;5283829.48;1518.35
27267;407715.41;5283893.87;1540.85
27269;407736.88;5283627.06;1420.28
27273;407784.81;5283834.53;1367.59
27274;407840.42;5283988.8;1505.38
27278;407572.59;5283897.53;1421.73
27282;407721.28;5283896.1;1535.23
27283;408908.65;5285310.24;1434.1
27284;407826.94;5283676.02;1481.32
27292;407848.5;5283494.8;1514.04
27293;407419.66;5283386.26;1456.98
27297;407755.45;5283259.23;1528.37
27298;407703.08;5283631.78;1444.15
27299;408634.0;5284657.7;1473.02
27300;407947.93;5283874.78;1534.12
27307;407316.37;5283065.22;1065.71
27309;407622.91;5283088.81;1030.48
27310;409082.15;5285456.1;1578.49
27312;407979.38;5283606.31;1353.5
27317;407606.14;5283881.41;1354.11
27324;408367.77;5284629.56;1623.24
27350;407751.42;5283664.61;1523.76
27352;408370.18;5284639.43;1614.87
27354;407991.71;5283878.05;1521.35
27355;407481.28;5283299.44;1366.52
27358;407266.16;5282973.24;1098.61
27359;407809.59;5283168.12;931.53
27386;407198.98;5283182.89;1368.99
27392;407551.65;5282871.5;1046.72
27393;407158.86;5283173.32;1382.53
27395;407665.07;5283733.37;1468.84
27397;408053.6;5283685.42;1398.59
27398;408956.65;5285375.65;1604.58
27399;408166.37;5284079.0;1505.96
27408;407899.54;5283568.61;1328.62
27422;407557.49;5283897.02;1419.1
27429;409038.2;5285498.64;1642.16
27431;407620.93;5283162.26;1231.71
27438;407608.43;5283890.48;1448.83
27439;407674.89;5283874.67;1498.48
27445;407910.03;5283824.25;1437.23
27450;407726.03;5283758.05;1489.97
27452;407712.06;5283902.6;1512.92
27454;407823.98;5283677.16;1484.08
27457;408237.85;5283664.32;938.57
27459;407605.82;5283149.53;1252.76
27464;407995.13;5283471.94;1191.73
27470;408738.09;5285021.93;1585.3
27475;407683.3;5283149.91;995.06
27481;408704.8;5285032.47;1555.83
27482;407347.74;5282973.57;1060.02
27487;408403.67;5284800.47;1638.11
27497;407555.36;5283116.25;1203.09
27499;408184.13;5284068.52;1494.6
27500;407597.44;5283868.42;1462.69
27501;408001.57;5283768.83;1423.33
27505;407804.43;5283727.5;1547.45
27509;407693.47;5283213.78;1498.24
27512;408057.31;5283972.23;1534.53
27518;407785.99;5283296.1;1541.55
27521;407885.96;5283859.01;1381.58
27523;408043.12;5283640.33;1351.99
27525;407689.56;5283870.11;1505.69
27526;408553.36;5284590.48;1496.16
27529;409068.21;5285426.64;1545.61
27538;407689.54;5283974.8;1488.01
27539;407872.32;5283361.78;961.69
27548;408018.98;5284026.33;1286.34
27549;407662.24;5283846.29;1493.19
27556;407720.14;5283826.37;1395.16
27559;407702.08;5283527.94;1442.82
27560;407815.31;5283507.42;1509.15
27561;407735.84;5283880.46;1465.72
27562;407689.33;5283778.42;1540.25
27573;408026.93;5284064.36;1512.97
27574;407965.4;5283863.32;1519.78
27584;407674.52;5283972.82;1463.56
27594;407196.14;5282827.0;1043.61
27597;408613.35;5284777.39;1468.42
27598;407714.03;5283821.16;1503.48
27603;407695.59;5283183.48;1499.3
27604;407726.16;5283873.86;1488.35
27608;407789.53;5283791.28;1518.03
27609;407713.23;5283534.29;1512.13
27612;407631.68;5283823.55;1471.51
27615;408116.0;5283959.6;1576.24
27619;407600.58;5283791.28;1495.03
27625;408392.53;5284591.38;1596.82
27629;407630.17;5283675.42;1334.54
27637;407132.12;5283230.33;1469.4
27639;407638.04;5283946.5;1389.83
27644;408854.09;5285328.83;1774.84
27647;408191.33;5283976.77;1470.06
27651;408200.06;5284032.76;1480.49
27652;407794.97;5283668.17;1493.13
27653;407954.71;5283679.65;1402.98
27658;407741.19;5284011.85;1395.19
27659;408402.48;5284577.55;1648.67
27662;407991.06;5283708.75;1394.88
27663;408768.8;5285058.17;1589.2
27665;407912.56;5284170.02;1263.54
27668;407667.51;5283956.32;1379.44
27669;407437.04;5282918.05;1017.7
27672;407295.45;5282947.59;1084.12
27674;407271.62;5282681.91;1002.68
27675;407207.74;5283247.13;1447.05
27683;407637.78;5283948.86;1459.09
27686;407646.14;5283943.26;1255.44
27695;407652.11;5283987.76;1432.83
27701;407694.7;5283880.91;1415.34
27704;407630.26;5283945.68;1411.83
27705;408289.61;5283804.65;1523.27
27716;407823.27;5283746.85;1565.91
27737;407980.58;5283449.22;1132.04
27739;407715.85;5283785.08;1537.76
27747;409031.3;5285491.79;1636.24
27753;408993.81;5285458.41;1663.74
27758;407587.08;5283797.82;1518.03
27759;407642.66;5283896.69;1355.71
27760;407855.99;5283691.78;1472.3
27767;408633.26;5284917.54;1611.82
27776;407340.99;5283159.8;1316.74
27779;407662.15;5283787.49;1478.05
27780;408058.03;5283991.71;1532.17
27782;407567.34;5283793.96;1309.95
27788;408692.28;5285119.15;1623.39
27795;407721.48;5283883.63;1548.07
27796;408803.36;5285210.09;1600.96
27797;408000.43;5284099.15;1490.15
27800;407735.46;5283888.72;1421.77
27801;407526.13;5283054.37;1061.52
27815;407735.58;5283213.15;1530.06
27819;408280.74;5284405.66;1502.72
27830;407727.57;5283662.58;1500.66
27835;408903.69;5285316.24;1437.26
27839;407719.48;5283777.72;1507.67
27844;408268.75;5284369.67;1502.22
27851;407335.49;5282636.54;921.63
27852;407501.38;5283825.82;1410.84
27853;407685.65;5283934.36;1373.31
27854;407177.68;5283255.3;1460.21
27856;409047.13;5285428.02;1648.57
27858;407450.44;5283231.23;1374.71
27860;408407.5;5284769.84;1546.48
27862;407700.68;5283570.76;1519.22
27870;407709.25;5283929.36;1515.32
27879;407667.06;5283785.88;1482.68
27882;407834.92;5283575.73;1478.07
27885;408195.44;5283969.69;1428.28
27892;408409.22;5284637.91;1605.98
27900;408073.71;5283958.67;1460.14
27901;408889.09;5285330.39;1617.01
27903;409150.43;5285333.82;1435.64
27908;407510.79;5283352.19;1226.19
27912;407833.98;5283703.5;1513.93
27914;407650.07;5283886.73;1433.26
27915;408166.57;5283857.43;1496.1
27920;407907.2;5283314.8;922.7
27924;407693.29;5283816.28;1527.5
27925;407461.06;5283338.65;1400.14
27927;408689.26;5284686.85;1472.73
27929;408209.7;5284051.08;1515.74
27930;408177.65;5283917.85;1490.28
27931;408005.77;5283602.92;1348.97
27933;407211.71;5282864.09;1057.27
27937;408747.0;5285188.17;1609.28
27939;407460.55;5283351.16;1370.23
27941;407893.24;5283610.42;1324.42
27943;408219.35;5283721.84;991.17
27948;407602.17;5283872.58;1458.17
27951;407720.53;5283646.43;1506.22
27953;407468.28;5283319.59;1384.53
27958;407992.75;5284095.8;1494.26
27959;407506.88;5282881.75;949.87
27963;409076.55;5285403.29;1558.85
27967;407697.96;5284024.9;1396.54
27969;407614.86;5283126.83;1307.97
27990;407582.49;5282877.15;911.0
27991;407762.03;5283089.85;1520.31
27992;408957.8;5285290.03;1452.7
28001;407552.88;5283001.24;988.84
28002;408323.6;5283803.31;1486.71
28004;407703.34;5283846.59;1527.32
28007;407691.36;5283512.41;1435.25
28013;407739.1;5283913.13;1334.57
28014;407405.28;5283368.8;1453.31
28015;408203.34;5283976.38;1496.02
28018;407818.28;5283676.84;1486.54
28026;407815.17;5284081.63;1444.48
28031;407686.72;5283610.26;1507.68
28033;408167.81;5284078.39;1510.22
28046;407698.48;5283626.64;1486.89
28048;407636.13;5283589.07;1464.71
28049;408859.56;5285398.46;1627.43
28050;407910.24;5283798.44;1626.35
28051;408923.04;5285465.43;1769.75
28057;407991.43;5283602.41;1338.61
28058;407895.23;5283283.75;936.2
28060;408195.93;5284237.05;1464.48
28061;407822.61;5283688.1;1499.21
28065;407687.2;5283803.89;1518.62
28066;407713.29;5283530.86;1511.21
28076;407671.25;5283485.71;1430.53
28078;408526.09;5284557.56;1496.29
28081;407945.26;5283857.35;1492.49
28086;407741.84;5283830.58;1500.29
28087;407630.96;5283847.48;1411.6
28088;409190.63;5285396.85;1446.07
28094;407839.11;5283760.24;1571.35
28097;407834.01;5283842.18;1455.2
28098;408686.24;5284740.87;1453.7
28109;408619.18;5284770.46;1477.35
28111;408178.03;5283953.64;1514.0
28117;407227.25;5282869.09;1053.16
28122;407931.74;5284214.87;1258.37
28129;407287.39;5282950.83;1088.22
28131;407838.3;5283510.44;1512.11
28135;407757.4;5283958.37;1357.71
28138;407739.87;5284012.77;1394.06
28139;408830.54;5285181.32;1441.41
28141;407146.65;5283241.46;1427.22
28146;407997.12;5283589.71;1354.0
28147;407168.77;5283241.44;1449.75
28150;407673.63;5283622.02;1450.61
28152;408353.61;5283785.8;1468.71
28165;407248.98;5282815.69;1105.57
28166;407545.17;5282871.2;918.07
28170;407622.23;5283864.9;1339.83
28173;407541.92;5282989.23;991.8
28175;407774.94;5283823.17;1487.78
28179;409131.74;5285359.44;1584.0
28183;407287.82;5283036.72;1107.72
28200;408880.06;5285412.03;1814.54
28218;408339.57;5283858.77;1588.16
28221;407605.07;5283707.82;1540.85
28222;409036.15;5285513.27;1638.2
28226;407627.02;5283965.68;1350.05
28238;408209.29;5283904.88;1505.46
28240;407611.03;5283841.05;1330.86
28241;408874.98;5285426.42;1630.32
28242;409033.97;5285448.33;1446.04
28247;409172.31;5285363.65;1451.72
28252;407457.94;5283351.2;1371.14
28254;407823.98;5284069.86;1351.6
28255;407610.53;5283710.04;1542.01
28266;407820.36;5283682.02;1490.57
28267;408556.36;5284871.56;1598.14
28273;407617.67;5283726.93;1537.06
28280;408850.03;5285328.78;1626.2
28281;407130.96;5282880.47;1140.2
28291;407709.75;5283010.51;924.46
28292;407862.98;5283491.62;1285.81
28301;407648.38;5283680.97;1473.37
28303;408173.54;5283892.38;1489.3
28304;407984.87;5283502.4;1220.57
28307;408036.5;5284055.72;1522.25
28308;407202.05;5282858.61;1082.9
28309;407476.48;5282914.35;1012.8
28313;407657.09;5283592.72;1466.63
5628;407249.46;5282924.27;1086.66
28321;407722.05;5283766.3;1491.37
28323;407663.17;5283792.3;1478.38
28332;407824.52;5283687.55;1473.51
28338;408913.79;5285449.7;1793.73
28343;407905.08;5283601.79;1324.03
28346;407577.93;5283505.28;1452.02
28350;408700.89;5285027.22;1593.99
28354;407679.31;5283963.07;1465.82
28359;407718.17;5283595.31;1520.15
28360;409019.98;5285433.98;1565.27
28361;407507.44;5283245.06;1277.01
28364;408490.15;5284757.23;1606.47
28370;407474.11;5283875.53;1422.69
28373;408164.41;5284112.28;1447.88
28374;407678.13;5282976.53;925.29
28375;408393.96;5284543.21;1641.16
28380;407584.37;5283905.09;1428.8
28381;408298.65;5283800.08;1496.79
28382;408032.03;5283605.24;1337.11
28383;408167.69;5283890.82;1478.48
28384;407576.83;5282984.79;976.76
28402;408282.01;5283824.48;1535.72
28409;407562.35;5283139.43;1232.45
28410;407555.32;5283805.49;1428.66
28413;407371.66;5283204.76;1327.96
28417;408232.42;5284261.38;1484.15
28422;407910.06;5283592.35;1322.93
28424;408328.74;5284569.55;1615.26
28432;407395.04;5283186.89;1310.15
28434;409078.57;5285403.32;1568.15
28442;407572.19;5283539.55;1481.09
28445;408792.37;5285214.03;1591.85
28450;407598.62;5283572.75;1494.36
28451;407259.57;5282888.66;1126.88
28452;407642.83;5283603.48;1469.81
28455;408004.93;5283677.62;1415.02
28460;407300.79;5283013.04;1110.2
28470;408930.72;5285472.83;1615.92
28472;407582.13;5283827.98;1474.03
28473;409173.09;5285585.81;1724.21
28475;408733.44;5285126.96;1586.44
28481;408881.26;5284626.44;1438.09
28482;407832.0;5283678.67;1468.5
28488;407576.96;5283896.47;1417.85
28489;408343.47;5283824.38;1548.69
28491;408875.25;5285373.08;1624.36
28493;407677.94;5283785.93;1528.24
28494;407710.55;5283628.92;1447.24
28499;407196.67;5282822.12;1039.97
28502;408211.91;5283869.53;1508.0
28503;407292.42;5283017.07;1110.99
28506;408018.42;5283624.77;1356.27
28510;407244.53;5282879.36;1122.92
28511;407536.6;5282990.26;989.5
28513;408894.42;5285423.12;1800.96
28520;408489.87;5284505.08;1500.7
28525;407639.37;5283890.18;1468.74
28535;408005.83;5284084.14;1495.8
28536;408528.58;5284761.08;1573.88
28540;408338.04;5284532.16;1614.1
28543;407251.37;5282882.3;1129.14
28545;408897.62;5285427.6;1798.99
28546;409021.9;5285343.38;1457.74
28549;407584.37;5283790.38;1515.09
28552;407641.76;5283891.4;1350.41
28554;408701.97;5285022.2;1590.0
28556;407694.8;5283137.54;1241.25
28559;408085.84;5283988.6;1460.59
28563;407726.17;5283821.54;1401.64
28565;407755.02;5283296.59;1522.42
28572;407823.69;5284022.7;1447.84
28573;408410.97;5284594.93;1673.75
28575;408530.49;5284666.75;1431.57
28580;408182.85;5284233.92;1502.99
28584;409084.53;5285302.39;1531.13
28586;408274.49;5284359.33;1519.32
28587;408214.22;5283866.9;1477.5
28598;407542.86;5283191.19;1281.04
28600;408230.54;5283739.25;1377.24
28601;407594.31;5283855.5;1441.91
28602;407499.63;5283030.34;1036.01
28603;407706.56;5283895.86;1542.92
28604;407709.62;5283651.99;1446.13
28608;407662.96;5283908.43;1388.15
28612;408266.3;5283780.12;1498.55
28613;409155.56;5285362.26;1443.62
28614;407595.25;5283912.67;1371.68
28616;408002.05;5284106.93;1502.41
28629;407659.9;5283900.56;1390.94
28631;407363.79;5283057.34;1090.87
28634;407699.55;5283536.46;1438.48
28635;408898.07;5285343.32;1624.67
28636;407810.67;5283758.95;1506.93
28637;407729.28;5283071.21;1500.64
28638;408192.26;5283857.39;1475.78
28644;408934.04;5285332.43;1440.69
28652;407824.17;5283694.39;1476.22
28653;407787.9;5283153.34;925.66
28654;408354.79;5284570.06;1580.41
28656;409005.11;5285406.91;1646.43
28658;407593.07;5283841.82;1451.71
28659;408876.27;5285340.53;1619.85
28668;408086.34;5284020.08;1498.68
28672;408802.08;5285013.9;1560.85
28674;407419.04;5283129.3;1351.48
28675;408396.46;5284576.39;1599.62
28677;407670.21;5283909.83;1389.3
28683;408459.29;5284703.33;1601.39
28684;407696.66;5283172.22;1501.75
28689;407585.77;5283895.31;1420.13
28690;408202.84;5284087.02;1475.93
28698;407643.9;5283791.66;1469.19
28701;407665.05;5283008.85;935.8
28720;407651.25;5283828.89;1450.57
28722;409129.29;5285374.55;1589.38
28724;407296.67;5282632.06;960.67
28727;407387.46;5282995.83;1094.32
28738;408202.41;5283869.77;1505.03
28739;407707.83;5283201.36;1509.4
28740;407645.86;5283610.72;1471.77
28742;407843.06;5284055.14;1458.0
28743;407696.75;5283966.57;1348.01
28748;407472.09;5283289.58;1377.87
28757;407892.35;5283597.35;1325.3
28761;407752.19;5283109.99;965.01
28775;407731.91;5283821.49;1505.33
28783;407584.82;5283532.85;1465.73
28788;407647.33;5283897.23;1353.66
28790;407751.5;5284016.33;1364.83
28791;407411.18;5283147.4;1347.51
28794;407607.79;5283817.88;1504.41
28796;407327.05;5282991.85;1107.18
28799;407593.97;5283896.64;1394.29
28804;407608.74;5283571.56;1508.22
28808;408203.95;5283868.13;1477.97
28813;407616.84;5283988.98;1429.97
28814;407732.55;5283072.44;1509.6
28816;407540.1;5283277.24;1272.08
28824;407603.42;5283903.27;1365.33
28825;409019.5;5285443.94;1432.74
28826;407269.88;5282924.33;1092.96
28828;407604.88;5282954.27;954.35
28830;407830.55;5283656.18;1483.32
28835;408013.79;5283595.45;1364.53
28838;408036.9;5283679.39;1410.79
28843;407809.6;5283497.64;1498.27
28844;408264.23;5283804.31;1508.85
28845;407909.26;5284163.83;1277.92
28850;407433.68;5282939.49;1022.11
28851;407961.99;5283841.51;1513.73
28853;408519.69;5284676.93;1411.44
28854;407325.84;5283140.33;1149.35
28864;408218.71;5283763.66;1496.9
28867;407722.03;5283910.04;1534.19
28873;408471.77;5284853.12;1643.57
28875;407617.83;5283862.18;1423.64
28878;407604.97;5283933.06;1483.69
28880;407797.84;5283567.29;1462.09
28881;407916.43;5284184.8;1262.67
28883;407755.45;5283741.87;1530.27
28884;407616.83;5283854.33;1433.56
28885;407846.64;5283506.57;1514.06
28886;407155.92;5283241.46;1468.43
28889;408139.71;5283527.44;915.68
28891;407601.3;5283798.28;1511.27
28892;407360.49;5283166.63;1331.29
28893;407566.6;5283522.79;1496.19
28898;407155.01;5282766.34;1012.48
28907;407582.27;5282889.37;925.41
28908;407649.84;5283963.19;1465.2
28913;408737.57;5285154.45;1594.23
28914;407613.47;5283944.84;1475.81
28916;408712.75;5284873.47;1481.07
28919;408675.75;5284951.19;1581.8
28923;409075.05;5285445.92;1588.75
28926;408081.57;5283994.59;1479.22
28928;407985.12;5283714.4;1416.55
28935;407636.97;5283540.95;1509.1
28947;407141.15;5283238.07;1466.72
28954;407821.94;5283543.17;1464.03
28955;408877.73;5284631.03;1445.5
28959;407985.85;5283575.04;1343.58
28971;408403.84;5284750.41;1623.33
28973;407523.55;5282946.67;966.37
28978;408381.87;5284585.84;1606.13
28983;407635.36;5283540.13;1506.65
28984;408217.64;5283858.61;1508.02
28989;408569.07;5284601.28;1491.11
28990;408729.11;5285131.15;1593.76
28991;407673.47;5283816.81;1562.01
28992;408933.21;5285379.83;1447.79
28995;407424.68;5282890.26;995.65
28996;408022.98;5283435.09;923.04
29004;408275.32;5283820.97;1606.03
29009;408123.63;5284017.89;1514.13
29020;408508.54;5284798.65;1601.83
29022;407598.51;5283146.07;1294.35
29025;407644.68;5283863.9;1445.11
29026;407646.36;5283827.75;1495.72
29028;408514.01;5284747.61;1593.46
29029;408076.58;5283976.36;1501.58
29030;407671.83;5283986.76;1448.72
29047;407622.52;5283879.67;1377.29
29054;409063.62;5285338.09;1526.45
29056;408126.97;5284041.59;1522.38
29063;407672.31;5283791.49;1541.2
29065;408043.54;5284009.22;1528.83
29067;408524.78;5284660.67;1434.56
29068;407834.82;5283697.77;1508.7
29074;407309.09;5283059.13;1062.15
29078;408166.99;5283905.83;1490.23
29088;407607.06;5283787.21;1505.55
29090;407670.12;5283973.71;1456.69
29097;407895.53;5283772.53;1506.88
29099;407697.83;5283887.98;1403.19
29101;408137.0;5283701.38;1326.69
29105;407676.57;5282986.14;917.28
29108;408045.5;5283990.09;1524.25
29112;407642.31;5283805.88;1517.04
29113;407685.14;5283905.08;1405.62
29114;407632.71;5283868.52;1342.43
29115;407913.02;5284104.16;1312.1
29119;408896.61;5285189.89;1421.35
29123;407914.43;5283775.28;1555.14
29124;407534.19;5282986.91;987.05
29125;407704.6;5283549.71;1515.75
29138;408718.83;5285149.44;1603.39
29139;408404.09;5284796.0;1635.11
29148;408086.21;5283972.15;1543.99
29150;408149.15;5283840.53;1509.08
29158;407641.97;5283695.22;1443.13
29163;407829.58;5283676.67;1471.09
29179;408091.43;5284001.23;1506.79
29182;407929.85;5283686.74;1429.34
29192;407668.51;5283862.23;1458.5
29194;407711.89;5283966.92;1365.88
29195;407648.41;5283875.53;1454.2
29197;407299.86;5283161.41;1319.26
29198;407490.43;5283340.6;1402.36
29199;407726.85;5283031.68;1540.76
29201;409068.13;5285287.49;1514.91
29202;407697.79;5283728.71;1459.26
29205;407402.0;5283392.07;1473.11
29207;408211.18;5284320.08;1486.82
29215;407773.2;5283861.86;1488.23
29216;407790.49;5283731.47;1499.88
29220;407579.57;5283757.75;1445.27
29226;407702.48;5283658.54;1475.69
29232;407614.18;5283916.28;1386.07
29233;407634.87;5283446.32;1426.04
29235;407987.37;5283445.69;1136.1
29236;407850.37;5283513.66;1509.08
29241;407291.64;5282989.5;1089.5
29242;409069.49;5285490.85;1601.98
29244;407786.0;5283385.07;1509.83
29256;408105.62;5284027.89;1512.63
29258;407819.68;5283547.04;1461.51
29259;407617.0;5283158.6;1228.61
29260;407637.42;5283854.37;1504.17
29265;408189.0;5283967.13;1490.65
29267;407930.4;5283756.54;1488.01
29270;408189.01;5284274.28;1462.79
29272;408695.17;5285019.28;1552.62
29276;407642.29;5283596.81;1468.45
29280;407722.53;5283835.3;1404.09
29281;408159.38;5283912.15;1485.43
29282;407811.62;5283846.06;1505.64
29283;408976.11;5285309.12;1457.26
29284;407623.11;5283851.09;1376.58
29288;407705.83;5283911.16;1418.86
29292;407687.5;5283781.15;1536.32
29295;407975.02;5283512.02;1259.21
29296;407595.32;5283918.99;1408.84
29305;408325.93;5283846.68;1582.21
29309;408217.21;5283823.98;1528.33
29310;407925.02;5283826.63;1532.13
29311;408186.56;5283867.88;1500.77
29315;407646.91;5283822.45;1478.21
29317;407606.8;5283856.16;1354.26
29322;407833.71;5283815.06;1506.44
29326;409089.7;5285458.45;1609.35
29328;407729.42;5283856.28;1485.42
29329;407871.47;5284118.04;1315.14
29333;407980.26;5283497.27;1220.74
29336;407344.52;5282986.16;1059.16
29338;408695.78;5284694.33;1443.49
29341;408279.61;5283811.44;1513.74
29343;407593.97;5283893.47;1409.42
29348;408422.94;5284643.24;1617.37
29359;407834.99;5284092.34;1353.77
29372;407661.03;5283697.74;1470.91
29373;408154.27;5283842.32;1508.99
29378;407727.35;5283769.25;1489.49
29383;407524.65;5283058.95;1039.47
29384;407683.34;5283677.9;1470.95
29390;407649.29;5283820.56;1517.56
29404;407461.13;5283338.57;1413.4
29405;409019.94;5285421.06;1655.24
29408;407875.51;5283516.74;1519.64
29409;407736.52;5283888.44;1416.05
29411;407426.88;5282768.14;946.92
29415;407520.61;5283347.82;1229.68
29416;408695.33;5284851.91;1469.39
29429;407956.55;5283702.97;1393.98
29431;408191.75;5283762.73;1494.21
29435;407197.59;5283260.43;1481.81
29437;407328.53;5283085.83;1132.6
29439;408687.75;5284695.04;1449.41
29441;407818.93;5283547.34;1461.51
29442;409146.17;5285542.53;1703.11
29443;408697.15;5284758.51;1443.68
29445;407168.0;5282780.03;1017.26
29446;407647.14;5283560.53;1430.71
29448;408910.16;5285349.77;1442.49
29451;407827.38;5283676.13;1472.36
29453;407734.96;5283609.66;1517.99
29455;407349.45;5283150.13;1154.06
29457;407338.94;5283091.23;1161.55
29458;407606.57;5283155.68;1297.01
29469;408416.51;5284640.6;1607.85
29477;407560.53;5283486.06;1455.0
29478;407219.22;5282768.87;1051.86
29479;407796.75;5284070.3;1436.84
29481;407469.57;5283275.22;1359.69
29484;407567.02;5283890.59;1435.47
29485;407621.17;5283846.87;1376.62
29488;407575.11;5282887.82;933.42
29491;408931.64;5285436.2;1605.98
29496;407305.77;5283177.85;1350.87
29505;407670.78;5283887.23;1410.88
29516;407674.8;5283921.62;1473.16
29517;407691.05;5283147.51;1491.33
29518;408275.45;5283824.75;1538.89
29523;408322.82;5283843.39;1547.95
29524;407565.52;5283027.72;1014.43
29525;407802.9;5283563.73;1447.7
29530;407671.91;5283970.86;1447.99
29534;407658.08;5283903.96;1518.13
29537;409086.65;5285450.61;1583.41
29539;407726.13;5283119.59;979.56
29543;408989.47;5285475.3;1666.63
29549;407762.57;5283092.78;950.96
29553;408382.7;5284532.95;1634.94
29560;408604.11;5284930.5;1627.74
29565;408230.35;5283927.64;1495.12
29567;407450.88;5283336.15;1358.43
29570;408226.9;5283712.72;972.88
29571;407724.32;5283587.09;1315.12
29576;407642.81;5283817.6;1473.55
29579;407938.79;5283744.81;1473.91
29581;407668.39;5283915.14;1469.73
29585;407727.44;5283585.56;1515.64
29588;408321.91;5284563.59;1596.52
29590;407710.24;5283897.5;1545.53
29594;407670.16;5283954.39;1455.73
29598;408055.31;5283686.98;1399.67
29605;408859.02;5284992.97;1507.57
29606;408426.87;5284851.23;1666.51
29610;408688.74;5284828.78;1441.99
29635;407444.55;5282739.0;916.99
29638;407594.08;5283916.68;1368.76
29649;407692.94;5283812.12;1528.47
29652;408255.44;5283704.48;918.66
29654;408095.26;5284057.84;1500.69
29655;408423.06;5284634.46;1609.66
29663;407803.89;5283491.52;1499.75
29674;407533.48;5282974.62;980.5
29675;407588.09;5283876.45;1421.4
29677;407613.33;5283877.42;1364.94
29687;409094.44;5285456.36;1641.77
29688;407598.53;5283865.31;1451.73
29693;407761.69;5283636.2;1453.03
29697;407817.39;5284057.64;1353.08
29698;408197.8;5283975.17;1493.93
29699;407767.99;5284013.21;1346.1
29702;408201.11;5284013.91;1492.09
29703;407611.0;5283558.18;1503.21
29707;409096.04;5285473.11;1658.95
29714;407435.56;5282945.46;1025.21
29719;408028.71;5284041.1;1529.86
29723;407678.48;5283707.72;1465.28
29731;407731.07;5283201.04;1525.82
29736;407606.86;5283550.75;1494.25
29738;407445.33;5283332.36;1359.02
29741;408083.43;5284018.48;1499.08
29742;407415.17;5283156.36;1349.0
29744;407673.83;5283863.66;1397.3
29745;408824.17;5285289.86;1616.25
29747;407835.89;5283667.67;1462.3
29756;408340.72;5283824.74;1584.26
29757;408868.32;5285415.79;1626.33
29761;407489.08;5282911.9;1023.95
29764;408101.35;5284024.58;1524.01
29769;408268.0;5283819.0;1549.18
29770;407640.36;5283946.64;1398.95
29772;407835.05;5283667.14;1463.49
29773;407652.67;5283725.05;1454.9
29776;408730.33;5285193.62;1603.81
29777;408406.75;5284790.66;1636.12
29778;407617.48;5283946.13;1335.51
29780;407635.81;5283554.68;1506.89
29781;407628.76;5283875.47;1374.21
29785;407320.27;5283074.31;1125.66
29786;407245.04;5283177.02;1382.95
29788;408263.19;5284011.01;1506.0
29796;408289.22;5284418.6;1499.43
29797;408535.52;5284846.46;1555.04
29801;408042.92;5284007.65;1528.25
29802;407610.49;5283912.12;1369.64
29807;407716.53;5283897.46;1532.82
29815;407643.68;5283979.24;1458.62
29817;407675.77;5283789.19;1488.06
29820;407929.03;5283711.88;1449.77
29823;407722.07;5283065.08;1498.16
29826;407704.0;5282998.57;921.23
29828;407626.09;5283876.9;1438.54
29832;407734.76;5283203.62;1527.96
29833;407633.39;5283849.07;1410.72
29840;407823.82;5284081.04;1356.57
29845;407609.73;5283812.67;1427.24
29846;408200.81;5283955.11;1498.44
29850;407719.62;5283692.32;1508.81
29853;407423.75;5283358.81;1453.09
29857;407606.47;5283555.18;1495.98
29867;407831.09;5283700.14;1511.02
29874;407987.19;5283573.88;1353.15
29875;407329.93;5283084.91;1126.82
29877;407851.33;5283513.6;1512.43
29892;407237.23;5282886.88;1117.74
29897;407818.3;5283762.95;1588.67
29898;407355.0;5282942.58;1074.2
29899;408397.43;5284596.57;1600.75
29900;407676.4;5283003.72;920.07
29904;407665.7;5283659.1;1480.63
29906;407661.41;5283943.55;1450.89
29914;407670.93;5283969.88;1458.7
29916;407751.68;5283807.92;1477.06
29919;407905.45;5283535.0;1302.33
29925;407790.85;5283402.01;1517.06
29931;407683.66;5283804.29;1496.48
29932;407623.42;5283867.82;1432.18
29933;408245.84;5283933.23;1482.92
29940;408401.43;5284757.18;1628.44
29944;407605.75;5283558.54;1503.06
29946;408403.53;5284635.0;1581.61
29954;407462.28;5283342.43;1402.95
29956;407138.15;5282752.34;1015.79
29959;407429.93;5282779.54;935.87
29969;408268.06;5284359.87;1501.78
29970;408983.39;5285429.96;1680.85
29974;408084.25;5283982.69;1483.38
29977;407781.45;5283493.91;1482.43
29979;407660.1;5283932.6;1382.62
29980;407836.93;5284026.56;1460.92
29994;408850.97;5285383.58;1619.52
29995;408196.9;5283867.3;1484.72
30002;408698.25;5284856.79;1459.0
30006;407790.11;5283385.66;1513.45
30013;408385.92;5284541.43;1641.63
30021;407887.15;5283480.23;1252.0
30023;407617.04;5283855.47;1336.46
30026;408797.92;5284996.81;1537.88
30027;407923.12;5283730.11;1466.93
30028;407828.21;5283694.14;1477.2
30029;407836.36;5283690.64;1504.94
30032;407437.7;5282746.34;922.78
30034;408251.76;5283835.97;1494.17
30037;407738.13;5284001.35;1391.18
30038;407656.12;5283947.78;1441.18
30043;408365.02;5284546.02;1616.57
30046;408165.2;5284101.99;1514.1
30047;408009.29;5283602.52;1348.0
30049;407640.73;5283843.18;1464.43
30050;409133.85;5285345.58;1586.6
30052;407668.46;5283872.54;1413.97
30056;408421.24;5284666.22;1588.67
30059;407742.29;5283825.53;1544.83
30065;407875.4;5283660.52;1444.12
30066;408225.42;5283868.04;1469.15
30068;407418.6;5283194.0;1303.14
30080;407415.33;5283231.6;1362.93
30084;407146.43;5283167.81;1378.54
30087;407226.16;5282539.57;938.57
30088;407885.94;5283881.67;1387.21
30094;409140.2;5285334.52;1589.11
30095;408821.43;5285371.61;1839.28
30099;407863.35;5283383.47;979.04
30100;407662.38;5283948.18;1449.92
30108;407730.17;5283789.47;1539.33
30111;408013.64;5283598.92;1339.8
30118;408177.85;5284133.6;1520.21
30121;407681.13;5283637.8;1455.41
30123;409070.02;5285443.73;1583.25
30126;407362.23;5283053.06;1084.6
30128;407657.24;5283897.34;1461.96
30130;408368.13;5284554.45;1613.31
30134;407644.05;5283820.63;1499.06
30135;407686.7;5283879.85;1440.84
30137;407278.58;5282889.05;1116.56
30140;407820.29;5284065.61;1352.49
30143;407821.38;5283669.41;1480.9
30147;407590.98;5282966.94;967.35
30151;407871.54;5283247.74;922.97
30152;408230.87;5283808.23;1489.84
30155;407648.13;5283830.96;1520.02
30157;407191.89;5282833.23;1088.8
30158;408820.54;5285349.98;1609.7
30165;407675.9;5283928.86;1373.18
30166;407781.88;5283262.13;1543.83
30167;408023.64;5283504.07;1233.29
30169;407962.0;5283810.85;1514.89
30170;407624.72;5283871.01;1376.17
30173;407476.24;5283020.11;1039.6
30174;407751.6;5284001.89;1379.0
30177;407654.04;5283989.12;1430.7
30180;407392.13;5283213.55;1353.76
30183;407687.2;5283833.55;1504.23
30188;407693.76;5283937.0;1369.1
30190;408416.79;5284638.26;1610.14
30191;407553.88;5283799.23;1431.9
30197;408091.27;5283991.42;1467.58
30205;407560.62;5283524.67;1473.2
30208;407784.04;5284062.39;1424.2
30216;407302.84;5282655.59;957.15
30218;407619.44;5283945.39;1454.01
30221;407690.11;5283883.06;1436.58
30222;407512.85;5282874.38;941.91
30225;407244.03;5282909.89;1103.79
30226;407490.23;5283311.11;1380.09
30228;408229.55;5284255.54;1463.51
30234;407484.95;5283026.04;1041.78
30235;407511.92;5283445.62;1441.51
30240;407897.44;5283762.62;1498.39
30242;407950.23;5283834.11;1523.8
30248;407549.99;5283896.08;1411.59
30252;407880.53;5283863.17;1367.3
30255;407745.35;5283873.83;1533.97
30257;407581.97;5283485.53;1443.92
30259;409133.08;5285337.35;1583.72
30269;408119.85;5283843.08;1471.15
30272;407299.2;5283133.52;1165.04
30274;408756.04;5284702.47;1430.28
30277;408688.11;5284853.67;1448.82
30278;408669.24;5285168.71;1626.13
30285;407586.76;5283892.55;1429.42
30287;407601.55;5283875.93;1413.48
30288;407404.5;5282892.79;978.41
30289;409083.82;5285440.74;1570.96
30293;407440.04;5282815.16;925.16
30308;409203.98;5285395.38;1444.36
30310;409150.42;5285564.79;1709.1
30312;407875.24;5284097.08;1333.86
30321;407205.27;5282832.19;1119.38
30323;407846.02;5283503.91;1491.32
30326;407165.78;5283249.75;1462.56
30333;408200.12;5283859.06;1474.71
30343;407738.61;5283884.68;1422.68
30345;407668.06;5282981.24;925.38
30348;407735.49;5283860.87;1544.7
30354;407748.18;5283896.82;1345.34
30355;407957.99;5283359.76;922.56
30359;407634.52;5283871.64;1470.13
30360;407701.67;5283890.47;1406.22
30366;407676.78;5283731.8;1489.69
30372;408089.1;5283991.99;1469.61
30373;407569.78;5283745.93;1434.86
30380;407664.94;5283774.31;1479.69
30385;407731.56;5283821.12;1379.01
30389;407529.43;5283369.5;1398.95
30392;407347.37;5283199.03;1191.84
30396;407978.9;5283650.54;1398.27
30399;407803.66;5283840.81;1499.0
30401;407736.89;5283615.77;1586.66
30403;409117.68;5285350.26;1569.02
30406;408212.72;5284324.53;1476.45
30407;407708.28;5283672.57;1516.26
30411;408031.35;5284054.76;1513.27
30414;409069.74;5285490.97;1603.53
30421;407455.25;5283344.72;1372.68
30424;407203.58;5283191.07;1360.87
30435;408448.8;5284702.22;1588.04
30441;407688.26;5283887.3;1420.87
30449;407787.38;5283829.2;1494.17
30450;407464.4;5283278.14;1361.99
30456;407732.38;5283613.04;1586.62
30459;407838.84;5283850.57;1460.92
30460;407494.17;5283024.57;1038.43
30469;408786.03;5285026.75;1582.54
30470;408184.28;5283873.43;1488.3
30473;408865.16;5284633.99;1459.12
30475;407657.39;5283622.14;1477.29
30479;407814.64;5283752.24;1502.96
30488;407718.94;5283768.92;1531.92
30492;408330.56;5283816.86;1506.07
30496;407921.7;5283750.01;1483.27
30501;407809.52;5283765.17;1510.12
30502;407545.68;5283464.45;1462.45
30504;407795.83;5283829.53;1464.88
30507;407813.56;5283243.11;1559.46
30508;407195.24;5283265.87;1458.86
30510;408343.0;5284577.53;1661.85
30523;407648.91;5283811.07;1472.11
30524;408274.29;5283813.03;1508.69
30525;408008.93;5283607.88;1359.55
30526;407629.17;5283959.54;1415.37
30527;407229.25;5282890.76;1113.46
30528;407577.23;5283887.72;1363.18
30536;408001.79;5283452.25;1148.01
30543;407643.6;5283628.04;1462.93
30544;407700.02;5283921.46;1403.13
30546;407910.44;5283864.0;1473.49
30547;407908.14;5283885.03;1467.77
30548;407615.11;5283711.63;1542.88
30552;407358.44;5283051.73;1139.17
30554;407569.49;5283891.49;1436.8
30556;407822.96;5283664.15;1468.39
30558;407611.42;5283841.56;1503.55
30562;407826.83;5283828.0;1365.27
30564;407646.86;5283943.7;1265.05
30566;407570.05;5283972.94;1403.52
30570;408188.82;5283910.89;1500.93
30571;407643.78;5283572.2;1509.11
30576;407634.71;5283582.6;1461.09
30578;408694.61;5284689.32;1451.89
30586;408837.28;5285188.1;1454.62
30587;407707.44;5283876.61;1536.4
30591;407823.23;5283697.1;1506.76
30592;408790.3;5285272.48;1759.45
30594;407834.59;5283509.85;1512.79
30598;408229.52;5283923.78;1496.55
30605;408929.5;5285372.35;1616.89
30611;407831.98;5283653.13;1485.3
30615;408351.89;5283816.8;1506.29
30620;407974.13;5283665.73;1403.57
30622;407741.43;5283869.74;1539.46
30623;407267.76;5282645.02;986.84
30624;407826.7;5283699.07;1498.56
30625;407235.75;5283172.6;1283.45
30626;409073.66;5285444.53;1587.87
30627;409192.88;5285346.96;1623.16
30628;407577.33;5283896.51;1442.91
30634;407827.93;5283672.34;1475.27
30636;407156.44;5283233.05;1412.49
30639;409107.95;5285597.29;1722.27
30650;407581.91;5283536.6;1494.43
30657;407488.69;5283320.29;1385.06
30662;408298.6;5284402.34;1524.74
30675;408200.68;5284296.76;1493.97
30680;407446.04;5283233.11;1373.14
30687;407764.95;5283635.07;1450.62
30692;407641.22;5283864.51;1514.26
30697;407642.11;5283937.77;1425.84
30702;407557.76;5283131.49;1226.14
30703;408229.3;5283869.42;1515.29
30715;407798.84;5283695.19;1482.67
30725;407741.74;5284021.53;1382.82
30734;407655.49;5283849.66;1483.44
30736;407334.19;5283090.18;1133.85
30737;407193.91;5283209.85;1413.62
30739;407586.25;5283889.16;1389.49
30740;408134.52;5284025.97;1500.82
30741;408732.38;5284994.22;1569.15
30748;407598.18;5283569.39;1502.68
30754;407619.86;5283090.99;1043.8
30758;407921.36;5283759.19;1492.64
30767;407314.99;5283176.48;1243.88
30768;407653.57;5283622.42;1476.86
30771;407583.94;5283890.3;1380.68
30773;407641.2;5283936.85;1385.21
30774;407263.28;5282540.83;919.97
30775;408989.43;5285436.04;1677.04
30780;408587.64;5284884.67;1601.76
30782;408004.62;5283463.01;1170.81
30791;407231.95;5282803.12;1107.4
30798;407936.06;5283801.44;1396.07
30799;408203.04;5283862.41;1487.85
30800;407333.71;5283199.72;1224.57
30803;408862.72;5285339.59;1814.62
30814;407212.49;5283205.31;1331.52
30822;408010.46;5283599.22;1328.12
30823;407960.84;5283870.82;1523.45
30828;408242.33;5284304.64;1507.17
30829;407341.18;5283154.74;1164.39
30831;407450.35;5283224.21;1374.78
30836;407741.01;5284014.0;1390.26
30837;407547.14;5283885.92;1416.96
30846;407938.32;5283849.85;1529.97
30850;407798.22;5283721.8;1543.66
30852;408092.97;5284037.91;1507.47
30854;407593.16;5283920.12;1393.02
30868;409077.34;5285565.18;1675.33
30871;407705.0;5283878.58;1416.33
30872;408268.36;5283781.86;1511.11
30877;407654.9;5283936.36;1446.55
30879;408406.02;5284751.18;1617.86
30889;407289.39;5283035.35;1107.2
30899;407632.88;5283883.37;1376.05
30900;407886.88;5283610.55;1324.25
30903;407927.92;5283679.5;1423.24
30904;407591.73;5283846.38;1338.64
30907;407563.68;5283386.31;1401.11
30909;407704.16;5283894.03;1517.16
30911;407695.53;5283847.85;1521.09
30914;407829.58;5283519.23;1510.61
30916;409059.41;5285297.13;1509.05
30917;407187.51;5283264.05;1466.74
30920;407749.93;5283880.49;1447.99
30924;408267.76;5283809.47;1504.04
30931;407524.39;5283311.16;1392.4
30934;408192.54;5283966.79;1436.69
30936;407989.16;5283707.88;1377.47
30938;409077.69;5285574.68;1681.28
30941;407487.8;5283018.23;1035.47
30944;407581.04;5283495.19;1447.08
30945;407452.58;5283319.32;1386.58
30947;407792.77;5283794.43;1517.8
30948;407259.46;5283179.04;1365.9
30949;408072.95;5284073.84;1543.04
30953;407291.41;5283022.72;1114.38
30954;408687.57;5284995.17;1597.97
30973;407678.81;5283913.22;1515.14
30979;408540.08;5284661.93;1445.28
30986;407948.59;5283817.92;1392.33
30989;408906.38;5284502.62;1327.11
30990;407703.49;5283865.12;1392.98
31000;407611.13;5283895.11;1445.45
31004;407328.18;5283136.64;1148.49
31006;407720.96;5283210.96;1517.92
31009;407562.34;5283501.8;1459.32
31010;407817.15;5283669.74;1510.16
31011;408175.56;5284127.48;1525.24
31018;407643.51;5283792.69;1467.83
31020;407264.64;5282936.69;1084.13
31021;408504.59;5284750.32;1608.15
31030;407651.29;5282993.23;937.51
31032;409043.39;5285463.31;1481.34
31034;407736.9;5284004.33;1391.87
31042;408690.87;5285129.71;1629.0
31050;408302.01;5284574.01;1596.23
31052;407553.0;5283804.59;1444.88
31055;408134.72;5283864.44;1476.66
31064;408897.01;5285296.65;1443.02
31065;408307.52;5284418.12;1501.83
31070;407443.29;5283220.31;1372.74
31072;407589.98;5283787.46;1445.18
31083;407578.95;5283809.79;1466.17
31087;407745.06;5283999.05;1378.99
31095;408195.02;5284212.86;1514.2
31097;407801.89;5283500.96;1500.76
31099;407462.79;5283365.18;1409.26
31103;407222.94;5282843.8;1044.02
31117;407755.8;5283867.96;1506.06
31121;407608.81;5283810.52;1505.31
31122;407641.44;5283664.62;1465.09
31127;407654.35;5283709.28;1461.27
31129;408788.2;5285273.19;1699.93
31134;408011.48;5284099.11;1501.94
31139;408085.61;5284010.5;1504.97
31141;407294.79;5283030.09;1105.16
31148;407652.27;5283584.4;1454.81
31151;407820.8;5283509.34;1515.71
31154;407921.05;5283876.72;1478.12
31158;407596.88;5283524.06;1450.1
31164;408003.9;5284109.71;1495.34
31167;407537.15;5283746.01;1302.37
31174;407507.46;5283189.29;1268.17
31178;407778.15;5283342.73;1519.69
31179;407648.86;5283191.98;1463.03
31181;408801.35;5285238.77;1593.63
31182;407615.66;5283109.87;1034.32
31184;408390.63;5283829.36;1485.1
31201;407728.47;5283991.52;1358.85
31203;407576.09;5283902.54;1434.11
31204;407397.65;5282938.23;1046.78
31212;408684.63;5284698.76;1451.27
31219;407445.0;5282901.91;992.92
31220;409074.89;5285320.39;1529.29
31223;409023.36;5285401.88;1628.59
31226;408973.22;5285436.35;1623.26
31235;408168.86;5284179.91;1425.98
31236;407606.64;5283914.87;1402.36
31239;409111.88;5285588.04;1714.42
31243;408161.78;5284058.3;1514.77
31247;407703.05;5283922.5;1408.26
31253;408664.62;5284675.34;1462.66
31255;407698.93;5283150.24;1244.75
31261;407715.26;5283775.61;1500.96
31269;408584.61;5284944.59;1604.33
31271;408077.39;5284116.89;1542.58
31274;407798.73;5283834.54;1469.11
31278;407638.11;5283861.69;1474.29
31285;407603.25;5283091.68;1300.81
31288;407662.0;5283782.49;1478.81
31291;407734.92;5283625.03;1420.68
31300;408255.21;5283991.8;1504.43
31301;408181.71;5284229.23;1493.4
31302;407491.63;5282936.78;979.38
31305;407820.58;5283667.2;1479.77
31307;408230.42;5283743.16;1379.05
31308;408384.85;5284716.65;1553.26
31310;407839.84;5283825.6;1511.08
31313;408162.37;5283955.25;1526.02
31314;407604.6;5283893.58;1466.69
31318;407617.07;5283941.99;1374.57
31320;408405.27;5284761.07;1618.43
31321;407404.49;5282936.34;1049.7
31322;407657.14;5283142.03;1021.66
31324;407806.26;5283760.12;1508.61
31328;408008.09;5284025.57;1374.97
31331;407321.64;5283018.96;1117.5
31335;407626.27;5283864.81;1341.02
31336;407787.73;5283707.74;1534.61
31344;408284.46;5283828.08;1535.04
31346;407950.52;5283733.68;1433.01
31348;407445.81;5283305.59;1339.83
31355;407682.65;5283876.03;1442.32
31356;408694.46;5284861.64;1438.21
31358;407806.06;5283547.33;1466.52
31363;408016.76;5284047.11;1505.02
31369;407619.61;5283871.6;1410.9
31370;407469.93;5282940.34;994.39
31373;408207.96;5284012.3;1490.63
31379;407396.2;5282900.93;981.38
31398;408273.56;5283809.22;1517.88
31402;407751.53;5283127.21;978.13
31411;407660.81;5283788.64;1476.02
31412;407740.35;5283893.04;1421.59
31417;408276.24;5283824.55;1563.18
31426;408335.42;5284572.53;1607.4
31434;407429.57;5282887.64;991.03
31448;407591.03;5283079.94;1033.82
31449;407722.77;5283569.29;1394.47
31452;408388.19;5284721.03;1599.87
31459;407580.76;5283152.83;1279.92
31464;408326.71;5283844.54;1525.53
31472;408973.57;5285498.19;1774.38
31473;408019.85;5284119.96;1509.01
31476;407745.41;5283637.27;1412.37
31478;408411.19;5284753.65;1600.34
31495;408184.36;5284239.93;1494.22
31496;407663.69;5283912.63;1372.97
31497;407393.87;5282952.32;1050.42
31498;407782.1;5283860.19;1484.94
31499;407630.4;5283952.3;1306.81
31500;408880.28;5285173.36;1426.9
31503;407193.63;5283262.72;1474.63
31508;407552.9;5283786.2;1439.12
31513;408633.5;5284996.86;1617.36
31518;407755.39;5283815.43;1466.86
31520;407631.52;5283846.02;1398.26
31525;408393.77;5284590.68;1601.62
31526;407701.15;5283897.67;1413.98
31531;407841.1;5283669.88;1463.98
31532;408077.52;5283972.85;1499.89
31543;408264.07;5284361.42;1512.06
31547;407369.73;5283163.58;1329.13
31549;407698.64;5283791.3;1518.08
31551;408205.0;5283869.2;1505.21
31555;407651.51;5283904.73;1512.14
31557;408784.72;5285057.35;1586.47
31559;408121.95;5284053.47;1501.8
31570;408821.7;5285298.97;1611.15
31577;407387.03;5282880.59;945.38
31581;407809.7;5284070.25;1435.03
6277;407197.08;5283273.7;1463.24
31587;407142.84;5283237.78;1431.67
31589;408410.25;5284808.37;1633.21
31590;407199.42;5283259.94;1479.19
31591;407589.5;5283917.89;1368.27
31594;407649.53;5283818.07;1473.78
31596;408197.86;5284035.99;1475.66
31601;407376.84;5283187.8;1287.33
31602;408372.54;5284568.16;1615.98
31604;408197.76;5283957.5;1499.34
31607;407610.31;5283716.58;1536.05
31611;407673.69;5283866.37;1502.13
31612;407577.36;5283891.22;1427.74
31619;408738.38;5285028.46;1589.17
31620;408339.22;5283847.99;1605.43
31621;407519.02;5283050.82;1040.01
31624;407729.05;5283609.27;1515.17
31625;407868.17;5283516.74;1515.26
31638;407810.6;5283250.93;1503.99
31644;407673.67;5283960.86;1462.5
31645;407875.45;5283745.06;1501.73
31646;408897.98;5285450.78;1628.21
31648;409123.58;5285548.8;1645.55
31649;407166.58;5282778.02;1020.02
31655;407301.54;5282945.35;1082.59
31662;407615.35;5283912.25;1472.24
31664;408825.65;5285327.78;1607.72
31665;407988.02;5283674.35;1409.6
31678;407689.72;5282982.79;922.67
31684;407647.82;5283960.76;1465.04
31689;407543.6;5283259.63;1288.07
31691;407719.53;5283669.9;1444.56
31698;407677.69;5283816.81;1505.18
31699;408962.83;5285293.3;1452.49
31700;407805.51;5284063.86;1432.74
31704;407622.0;5283902.55;1503.21
31705;407762.07;5283644.63;1473.2
31711;407602.26;5283884.72;1485.51
31715;407820.17;5283662.57;1426.03
31721;407977.51;5283868.15;1497.18
31722;407990.02;5283446.65;1141.71
31731;407939.21;5283745.41;1472.16
31741;408008.68;5283675.13;1412.92
31742;409071.18;5285333.05;1527.19
31743;408743.99;5284997.05;1466.91
31745;407623.43;5283159.59;1233.69
31749;407669.27;5283923.92;1374.85
31750;407661.48;5283952.67;1428.66
31753;407193.82;5282824.14;1043.5
31755;408804.73;5285286.94;1764.99
31761;407912.43;5283589.84;1327.18
31766;407731.11;5283759.0;1536.33
31773;408045.53;5283958.69;1529.03
31774;407865.22;5283668.92;1456.5
31775;407667.31;5283865.45;1449.67
31776;407550.36;5282903.67;935.69
31799;407184.42;5283241.97;1449.55
31800;407708.09;5283559.29;1515.75
31805;407635.18;5283939.16;1298.73
31806;409167.7;5285350.26;1447.39
31808;408350.52;5283799.52;1474.4
31817;407571.53;5283875.75;1358.95
31818;407784.37;5283388.74;1514.52
31819;409026.47;5285490.39;1632.32
31825;408338.56;5283822.37;1514.26
31827;407647.08;5283189.41;1464.89
31828;408792.67;5285233.67;1603.08
31830;408118.62;5283846.48;1477.06
31831;407930.39;5283751.59;1482.07
31832;408184.91;5284233.87;1504.8
31836;407668.36;5283912.6;1373.54
31838;409109.35;5285275.91;1555.94
31839;407682.56;5283892.79;1502.51
31843;407680.25;5283996.12;1463.39
31844;407256.06;5282892.27;1112.84
31846;407908.91;5283819.74;1434.1
31851;407859.27;5283494.23;1297.04
31855;408411.87;5284826.99;1539.84
31859;407668.44;5283641.88;1464.69
31865;407457.71;5283339.55;1404.28
31866;408042.22;5283496.2;1226.49
31871;407339.19;5283063.9;1143.0
31875;407493.62;5283305.16;1381.93
31882;408062.49;5283454.39;919.38
31886;408725.97;5285107.87;1581.15
31887;407579.8;5282984.47;975.73
31890;407595.45;5283092.66;1038.41
31893;407242.86;5282857.96;1141.91
31902;407195.46;5283275.72;1451.54
31903;407793.45;5283707.24;1527.46
31905;407406.71;5283395.62;1470.67
31906;407315.77;5282989.01;1104.12
31907;408176.01;5284131.85;1521.88
31910;407772.56;5283828.53;1478.57
31917;407714.65;5283784.18;1498.76
31923;407244.7;5282894.72;1136.19
31926;407672.06;5283925.05;1374.52
31930;407393.62;5282897.87;972.58
31932;407961.77;5283689.62;1397.45
31933;407823.67;5283521.23;1509.81
31937;407594.55;5283891.38;1397.53
31938;407191.55;5283171.13;1388.89
31939;407729.29;5283082.01;1529.57
31942;407731.32;5283581.33;1455.4
31943;407600.71;5283804.95;1508.54
31946;407836.97;5283503.42;1515.26
31949;408865.65;5285378.88;1619.86
31951;408861.65;5285329.59;1805.78
31957;407705.08;5283878.87;1519.46
31960;407664.7;5283656.86;1478.01
31962;408079.74;5284132.84;1557.43
31965;407740.59;5283589.38;1462.14
31966;408011.95;5284066.99;1499.05
31972;407792.3;5284061.49;1424.57
31974;407709.44;5283877.47;1419.1
31975;407898.23;5283296.65;923.52
31981;407881.6;5283751.99;1498.29
31983;408322.41;5283809.1;1490.59
31984;407753.19;5283875.27;1480.17
31988;407757.58;5284043.58;1410.47
31991;407807.91;5284071.22;1451.24
31992;407478.35;5283297.46;1365.83
31994;407941.23;5283701.67;1430.79
31997;409124.82;5285365.5;1581.87
32000;408170.53;5284073.7;1508.56
32004;407500.8;5283820.35;1410.45
32005;407825.7;5283695.57;1506.11
32007;407760.91;5283088.22;951.13
32008;407746.6;5283530.37;1461.93
32012;407796.1;5283836.33;1497.76
32017;407913.74;5283587.3;1343.6
32029;407774.37;5283854.54;1386.17
32030;407607.08;5283551.77;1507.46
32031;407679.81;5283852.53;1392.5
32032;407815.14;5284071.5;1438.66
32033;407605.07;5283233.44;1431.36
32036;408714.57;5285051.76;1547.64
32037;407774.6;5283735.28;1511.28
32044;407520.54;5282951.89;969.44
32055;407715.94;5283841.01;1381.44
32061;407535.73;5283888.24;1402.64
32062;408192.8;5283964.53;1489.27
32063;407498.94;5283895.61;1429.36
32066;407841.38;5283863.78;1407.46
32072;408183.24;5283951.99;1456.71
32075;408709.01;5285139.69;1612.16
32079;407803.85;5283835.92;1501.8
32088;407631.82;5283553.81;1505.07
32089;408117.14;5283693.97;1332.49
32090;407374.1;5282998.98;1102.95
32091;408789.41;5285251.71;1753.65
32097;407610.05;5283930.39;1488.28
32111;408275.77;5283806.67;1510.78
32112;407914.54;5283751.17;1490.62
32114;407649.86;5283532.35;1522.65
32116;408557.11;5284865.14;1603.07
32118;408181.4;5283944.29;1450.53
32121;407934.22;5283816.07;1541.55
32131;408758.8;5285173.92;1596.04
32135;407948.42;5283530.91;1282.89
32137;407759.51;5283956.54;1356.28
32138;407994.74;5283587.11;1350.45
32139;408126.3;5284015.11;1498.71
32141;407680.0;5283179.33;1487.0
32147;407649.54;5283939.64;1391.07
32150;407196.2;5282832.84;1082.47
32151;408188.45;5284177.5;1510.73
32153;407636.69;5283819.28;1471.81
32168;408185.18;5283954.3;1490.17
32172;407669.16;5283947.36;1385.12
32173;407873.59;5283508.4;1303.26
32176;409116.7;5285314.96;1564.99
32177;407432.29;5283045.27;1097.9
32178;407823.7;5283688.28;1502.61
32179;407437.44;5282772.4;953.18
32181;408919.56;5285373.41;1527.52
32183;408069.15;5284012.4;1494.97
32184;407416.27;5282981.12;1068.39
32193;408573.91;5284599.23;1488.44
32197;407260.92;5282676.31;1007.84
32203;408408.94;5284714.31;1607.38
32206;407652.63;5283969.33;1445.34
32218;407700.59;5283856.64;1545.34
32221;407879.63;5283649.13;1419.27
32223;407647.24;5283170.78;1252.45
32226;407577.3;5283830.29;1306.09
32241;408401.79;5284683.94;1600.39
32242;408599.63;5284897.01;1600.37
32246;407972.92;5283524.03;1341.19
32254;407146.05;5283241.21;1473.02
32257;407935.93;5283853.67;1532.37
32260;407147.29;5282776.78;1026.05
32263;407575.97;5283889.83;1428.92
32264;407642.32;5283801.24;1467.94
32265;407958.23;5283832.07;1520.8
32268;407842.71;5283979.38;1512.03
32271;407618.24;5283558.88;1498.6
32274;408300.0;5283838.7;1558.46
32275;407682.28;5283772.73;1549.3
32277;408255.42;5283937.47;1480.51
32278;407563.28;5283494.55;1456.02
32279;407859.62;5283770.42;1601.36
32280;407330.04;5283045.03;1132.83
32281;407586.71;5283257.01;1419.25
32284;407614.52;5283552.14;1516.13
32289;407715.21;5283686.97;1454.33
32291;408490.18;5284771.29;1611.05
32294;408171.86;5283860.93;1463.57
32295;407659.08;5283797.63;1476.02
32302;407899.54;5283565.75;1326.31
32307;407822.0;5283654.31;1454.48
32308;407899.58;5283276.22;933.7
32313;407621.77;5283555.94;1499.46
32315;407513.29;5283164.34;1277.51
32318;407827.22;5283689.33;1500.41
32323;407852.93;5283673.21;1453.15
32328;407651.42;5283616.22;1475.07
32329;407292.71;5283027.24;1116.98
32330;408208.22;5284023.91;1503.48
32332;407387.73;5282957.83;1052.51
32333;407580.13;5283837.17;1301.9
32338;408278.33;5283808.92;1516.28
32339;407323.41;5283191.55;1209.99
32340;407684.14;5283944.62;1476.01
32341;407385.1;5282961.68;1075.65
32343;409007.56;5285410.04;1648.54
32345;408734.73;5284632.04;1486.42
32346;407711.81;5283649.85;1494.62
32353;407795.72;5284043.77;1354.04
32355;407959.48;5283704.12;1392.34
32358;407593.8;5283862.7;1384.32
32360;408697.9;5285094.8;1609.75
32361;408160.92;5284066.91;1513.51
32362;407735.0;5283762.22;1539.53
32365;407249.06;5282875.07;1132.44
32366;407711.83;5283782.6;1501.17
32367;408081.44;5284020.95;1513.78
32370;407712.46;5283655.69;1445.32
32371;408348.24;5284580.92;1664.5
32374;407959.58;5283713.4;1398.5
32379;408997.7;5285473.92;1654.76
32390;408008.61;5283678.17;1417.17
32396;408297.59;5284342.95;1492.13
32398;407878.8;5283889.91;1386.56
32401;407850.69;5283743.91;1501.39
32403;407959.93;5283533.75;1333.45
32414;408427.78;5284645.53;1619.6
32415;407774.67;5283299.93;1504.16
32416;408321.61;5284561.8;1588.96
32418;407813.95;5283696.17;1501.98
32420;407518.73;5282983.69;991.65
32421;408216.83;5283953.5;1505.29
32422;407706.16;5283104.91;1245.47
32423;407689.21;5283940.17;1373.43
32425;407573.45;5283897.92;1435.77
32431;408653.91;5285136.37;1525.71
32432;408894.63;5285335.7;1453.05
32433;407797.21;5284064.38;1427.92
32435;407561.8;5283945.36;1392.82
32436;407305.79;5283177.03;1349.66
32441;407439.19;5282773.23;923.16
32449;407602.39;5283812.13;1508.89
32452;409063.56;5285389.94;1529.41
32453;407728.1;5283781.62;1537.58
32456;407453.26;5283262.59;1370.61
32457;408437.5;5284667.01;1592.76
32460;407416.59;5283230.51;1362.01
32462;407644.45;5283808.65;1517.47
32463;408105.36;5284061.93;1497.85
32469;407637.93;5283806.08;1523.59
32475;408271.07;5284040.63;1512.66
32476;408649.64;5285020.93;1615.88
32477;408017.32;5283678.16;1415.25
32479;407401.09;5283159.55;1343.84
32483;409068.95;5285421.93;1548.36
32484;407862.45;5284070.28;1476.76
32485;407790.17;5283732.09;1491.91
32486;408054.65;5283959.11;1507.32
32488;408176.27;5284135.83;1524.34
32489;408021.42;5283611.8;1340.05
32495;407649.21;5283890.98;1457.42
32503;408065.19;5283969.94;1536.77
32504;407862.47;5283662.35;1448.17
32505;408440.51;5284679.38;1594.57
32508;407675.7;5283944.28;1463.28
32525;409151.76;5285565.62;1708.6
32528;409104.5;5285494.84;1678.05
32530;407309.48;5283103.89;1145.05
32531;408179.43;5284062.91;1489.3
32534;407599.37;5283793.73;1505.3
32535;408160.28;5283964.95;1512.47
32536;407817.96;5284082.99;1447.51
32537;407354.03;5283088.32;1166.42
32539;407870.93;5283517.64;1515.72
32542;407901.98;5283607.09;1325.04
32556;409133.2;5285333.44;1588.67
32573;407895.67;5283651.46;1415.36
32574;407334.83;5283116.12;1176.16
32580;408793.68;5285203.02;1594.96
32581;408004.23;5283853.34;1522.22
32584;408801.35;5285235.18;1596.44
32589;408159.08;5284183.28;1410.36
32597;407592.67;5283849.45;1462.91
32600;407587.5;5283790.31;1512.14
32601;407623.86;5283874.38;1413.02
32602;408187.31;5283871.04;1491.03
32604;407767.0;5283856.7;1376.62
32609;408748.47;5285200.54;1608.25
32611;407700.28;5283968.22;1351.91
32612;407867.18;5283680.18;1516.58
32620;408833.2;5285182.21;1432.53
32625;407327.52;5283138.5;1149.61
32627;408219.34;5283721.55;992.56
32628;408786.62;5285025.15;1575.75
32636;407678.13;5282976.53;917.29
32638;408276.16;5283822.38;1554.04
32639;407756.02;5283710.98;1526.59
32640;407714.95;5283529.9;1510.87
32641;407409.44;5283150.96;1346.45
32642;409103.11;5285289.68;1550.39
32645;408266.42;5283796.11;1512.93
32646;407598.74;5283789.08;1512.51
32650;407443.05;5283305.83;1344.26
32654;407651.52;5283889.94;1401.71
32658;408593.83;5284931.94;1628.56
32660;407710.07;5283593.97;1515.99
32669;407659.79;5283794.05;1519.6
32671;407584.55;5283818.53;1470.52
32672;407773.88;5283819.29;1471.85
32677;407604.66;5283910.64;1416.77
32678;407825.23;5283664.39;1510.3
32679;407594.37;5282953.1;962.16
32690;407670.11;5283983.05;1428.07
32694;407403.33;5283212.08;1319.37
32696;409065.9;5285426.83;1633.77
32697;409159.46;5285366.03;1448.5
32699;407998.03;5283590.75;1353.18
32704;407767.51;5283717.55;1521.85
32705;407663.07;5283868.23;1501.94
32706;407607.2;5283863.23;1379.79
32707;407750.27;5283805.57;1473.55
32711;407684.75;5283810.99;1519.14
32713;409092.48;5285301.59;1540.81
32718;407995.67;5283674.91;1407.71
32720;407669.95;5283946.81;1382.52
32722;409077.28;5285443.31;1637.4
32723;407347.03;5283160.91;1340.08
32727;407795.96;5283505.97;1512.01
32730;407381.89;5283194.07;1280.88
32734;407305.29;5282923.76;1098.06
32742;407174.61;5282892.75;1111.02
32745;408672.53;5284947.94;1581.88
32747;407846.24;5284045.81;1463.14
32749;407588.69;5283084.15;1041.4
32758;407886.73;5283261.94;931.44
32761;408029.11;5283915.61;1511.66
