from_id;to_id
0;12971
0;11886
1;23892
1;17525
2;12640
2;17218
2;10443
3;4863
3;22481
7;2441
7;20039
8;4566
8;271
11;24271
11;19121
12;2547
12;19393
14;6734
14;20011
25;16494
25;23128
28;8600
28;7223
31;18544
31;12378
32;14321
32;17042
39;41
39;21110
41;14318
41;17029
41;20834
42;19810
42;23749
44;11237
44;18399
45;14949
45;6032
47;21797
47;12878
50;21984
50;21023
52;4516
52;4293
60;723
60;17584
61;20386
61;6790
63;4040
63;12553
64;1006
64;18845
66;2934
66;15300
69;18716
70;18485
70;18947
71;20771
71;2661
78;1541
78;12223
79;16391
79;13972
80;21078
80;11557
83;22563
84;13327
84;4507
84;23455
84;2441
85;12590
85;21439
86;14961
86;6870
90;11884
90;21900
91;4981
91;10072
99;23245
99;6698
106;717
106;23821
107;21445
107;18279
108;9617
108;11705
109;13266
109;23932
110;18809
110;23275
111;11344
111;2099
119;10455
119;3470
119;24140
120;970
120;9508
125;5515
125;10398
126;19766
126;9095
129;7324
129;258
130;17688
130;17764
133;17303
133;12295
136;22670
136;23448
137;6063
137;356
138;9114
138;1289
141;18287
141;8302
143;20557
143;3150
144;24145
144;17148
146;8120
146;21477
147;1229
147;937
148;14565
151;18317
151;6418
152;15440
152;23664
155;23298
155;18270
156;23937
156;16892
161;9259
161;4449
164;20366
164;2876
167;13403
167;22303
168;18904
168;3616
168;1633
169;20233
172;21915
173;20433
175;8715
175;18242
177;4402
177;18075
178;2719
178;8329
183;17447
183;4826
186;23705
186;6673
193;10256
193;14193
194;20339
194;22985
195;7903
195;7350
197;10618
197;12733
206;7922
206;22380
207;21573
207;14879
208;23718
208;11594
209;17199
209;15013
210;4964
210;3320
212;8819
212;13318
215;3558
215;2074
216;3427
216;4106
231;24161
231;5759
232;6085
232;7128
237;23670
237;14162
238;23936
238;17588
239;9721
239;17797
240;23956
240;1878
241;13766
241;17139
241;11435
243;18524
243;1077
244;23425
244;4038
247;8783
247;2260
247;3513
247;16800
253;18727
253;7955
255;2763
255;12148
257;14061
257;3548
257;11461
258;15384
258;982
259;5773
259;18763
261;4471
261;14462
263;1089
270;17335
270;4779
274;9028
274;10729
275;20708
275;5180
275;22378
277;10583
277;19232
277;19830
277;2824
277;3589
278;6772
278;5321
280;15219
280;796
281;23798
281;20528
282;6992
282;22236
283;14910
283;15889
283;23717
285;3470
285;20393
286;17976
286;3714
287;11824
288;10043
288;4393
289;5319
289;4358
295;19761
295;5535
298;18070
298;9140
302;4687
302;20170
303;15077
303;1389
304;6282
304;15549
305;12507
305;14782
306;7423
306;11688
308;12907
308;21511
309;4963
309;7426
311;21164
311;20296
313;6045
313;9028
316;11906
316;1134
319;10539
323;15644
323;11596
324;3594
324;9604
327;1265
327;16258
328;24098
329;21477
329;11920
341;22974
341;1049
342;5444
342;23342
343;18715
343;1771
344;11592
345;20271
345;21296
350;6337
350;7067
354;15444
354;4529
355;15042
355;16431
356;11693
358;14963
358;18474
370;11133
370;11248
371;654
371;6646
376;619
376;21810
377;22226
377;5725
378;7062
378;17479
382;7030
382;2175
384;23368
385;2276
385;22376
386;13466
386;19159
388;11257
388;24168
389;424
391;10456
391;12389
392;22649
392;10352
393;5389
393;4491
394;2166
396;14670
396;15330
396;10625
398;20430
398;7506
399;11405
399;9601
400;14408
400;16594
400;18197
401;4710
401;13853
402;6498
402;995
406;542
406;13317
407;13317
407;10272
409;1424
409;1164
412;8313
412;18393
419;22393
419;7664
419;9902
419;13361
419;11049
421;9686
421;5371
422;16785
422;15976
423;9195
423;19002
424;20160
429;3132
429;6734
432;9286
432;6117
432;3717
438;20628
438;14807
439;11145
439;8023
440;19149
440;24180
441;23568
441;11624
441;17746
443;16775
443;23311
446;11865
446;2792
448;23777
448;1111
448;23674
450;19657
450;6337
453;8417
453;8071
453;17241
455;16201
455;14342
457;18135
457;19736
458;20826
458;15873
460;6870
460;6281
463;9843
463;18603
465;4370
465;6023
469;6715
471;9313
471;10628
473;5564
473;11736
473;7863
476;8050
476;10896
479;4326
479;13647
487;16824
487;5116
488;12877
488;13052
492;13150
492;14093
504;4457
504;17195
505;13431
505;20316
506;23521
506;834
507;19373
507;11743
510;17064
510;4824
511;21564
511;17341
513;5112
513;3608
513;22786
514;7392
514;22520
517;11603
517;20109
519;1526
519;2630
520;17297
520;5000
520;9111
523;12205
523;5310
526;1005
526;6788
531;22003
531;22249
533;17235
533;7763
534;14724
534;18922
535;17526
535;19104
536;15871
536;9254
536;8101
536;12097
538;3764
538;5392
539;16746
542;14396
544;8821
544;23125
545;13530
545;14673
546;2986
546;22756
546;10144
547;13563
547;21808
549;17031
549;18150
551;3220
551;8613
552;8151
552;16795
553;1888
553;11678
555;5923
555;13982
557;3679
557;16746
562;21526
562;22712
565;16135
565;23949
571;6132
571;13488
571;1531
574;20320
574;20055
578;18915
578;10505
579;17584
579;10121
581;7595
581;12776
583;21147
583;19776
584;2598
584;22975
586;21538
586;19331
587;1478
587;21385
588;16302
588;5422
595;22227
595;10001
598;1211
598;21273
604;15230
604;8778
607;6243
608;10655
608;6214
608;17823
609;19498
609;22979
615;19710
615;11219
616;23292
616;9970
619;13145
620;16006
620;3510
625;18356
628;12816
628;4632
630;18335
630;13959
633;9431
633;22532
636;23873
636;20297
637;20913
637;22557
648;16912
648;9113
649;14958
650;10934
650;3291
651;22944
651;16183
653;6712
653;22245
654;18530
659;22590
659;5128
661;23390
661;1595
663;13609
663;927
664;19214
664;22448
666;12559
666;9785
667;19616
669;4207
669;4744
672;918
672;704
673;5731
673;16236
674;4337
674;22776
676;15157
676;8966
677;5936
677;12643
678;8489
678;3230
681;23204
681;6663
682;15812
682;14788
685;19144
685;8693
689;22503
690;21564
693;11426
693;19431
695;886
695;7784
700;20944
700;1551
700;4272
701;23318
701;6090
702;12632
702;24055
704;15097
707;8060
707;781
707;3666
708;19394
708;15140
714;1000
714;13594
715;20928
715;6114
715;18049
717;2775
720;11625
720;20851
723;15994
723;22665
723;13929
723;6981
725;12606
726;8126
726;14288
728;1209
728;7740
732;4076
732;13512
733;9673
733;2721
734;18968
734;13493
736;13433
736;3017
737;3655
737;11372
737;8481
738;13906
738;8177
740;20163
740;15877
741;6136
741;23007
742;11951
742;2424
743;10743
743;10500
748;19429
748;15241
757;8306
757;17921
759;11232
759;17658
762;7737
762;6782
768;4512
768;3031
769;3092
769;16643
771;4152
771;4539
772;2108
773;17610
773;21618
775;14575
775;3464
778;16647
778;22525
779;9246
779;23101
781;11245
782;14007
782;21502
785;16551
785;4487
787;18922
787;6856
789;4065
789;18003
789;12287
793;17538
793;15031
795;8059
795;11665
796;4781
805;10186
805;10299
807;10498
807;14082
812;11566
812;15126
813;11730
813;6994
815;8877
816;18440
820;19609
820;1237
821;13375
821;18141
823;1051
823;9123
824;9125
825;14693
825;12930
826;4873
826;5670
828;8329
828;2201
828;5343
830;16274
830;8905
832;23369
832;8063
834;9985
836;22481
836;10701
841;18790
841;16648
846;17767
846;13644
848;6216
848;2328
848;11954
849;853
849;6691
849;23103
851;6340
851;8058
853;21355
855;3471
855;20309
856;22462
857;22033
857;4492
858;17295
858;23851
861;1387
861;15305
862;7027
862;23541
864;6642
864;13790
868;8389
868;1805
868;17253
870;12301
870;8362
871;5836
871;9872
874;9685
874;4622
875;22905
875;22880
876;10059
876;1466
877;6878
877;22366
878;6319
878;11863
879;18858
879;12323
885;3982
885;12649
885;6966
886;11245
894;23275
894;13120
895;10583
895;6498
896;21385
896;18590
901;23909
901;19919
904;12334
904;21592
907;8503
907;13141
908;20385
908;22344
909;5900
909;12348
910;1512
910;23540
914;17188
914;3564
917;4266
917;10285
918;21564
920;22338
920;13597
922;13785
922;5017
927;17477
930;4884
930;19241
932;15486
932;7861
933;19441
933;11264
936;13493
936;20113
937;20649
939;8349
939;22466
941;12355
941;9819
942;13120
942;20380
944;20646
944;16175
948;6669
948;15895
953;21693
953;10409
954;8046
955;22647
955;22842
957;8615
957;13544
960;20448
960;6217
962;5565
962;15978
963;6554
963;13382
964;16739
964;17594
965;9276
965;13747
968;9038
968;24037
968;17100
969;1476
969;6269
970;12874
973;3253
973;7811
983;19019
983;19107
984;24157
984;10412
984;4797
985;12253
985;2582
986;15142
986;10059
987;12206
987;20140
988;17333
988;22683
989;10549
989;8813
995;15329
999;16808
999;23155
1000;5390
1000;16076
1001;23147
1001;23498
1003;3080
1003;10286
1005;15522
1006;11366
1007;4570
1007;2334
1007;6511
1008;6940
1008;12039
1009;18110
1009;7349
1011;2679
1016;5353
1016;15252
1017;18744
1017;11294
1020;12067
1020;13095
1021;21065
1021;21037
1022;2204
1022;8441
1023;23652
1026;9247
1026;21334
1026;13277
1026;7575
1027;16993
1028;10501
1028;14362
1029;19322
1029;2317
1030;2835
1030;12924
1034;5496
1034;13651
1034;24008
1034;16492
1035;9688
1037;9151
1037;21127
1039;6352
1039;21318
1047;7531
1047;21298
1051;15280
1054;13518
1054;23583
1056;15514
1056;10240
1059;3152
1059;5394
1066;9716
1066;1285
1071;5254
1071;2608
1072;17643
1072;12355
1073;6152
1073;10973
1074;2828
1074;10130
1075;21318
1075;1896
1077;5038
1078;11312
1078;17304
1079;18661
1079;6898
1080;12418
1080;10215
1086;7122
1086;13038
1087;7961
1087;21208
1089;14294
1091;11147
1091;3234
1094;10112
1094;3275
1096;22396
1096;15378
1097;2690
1097;6239
1101;19765
1101;23043
1112;13995
1112;5036
1114;11219
1114;18493
1117;8775
1117;19256
1122;14352
1122;17278
1133;8239
1133;9295
1134;1704
1135;6289
1135;8318
1137;5812
1137;7316
1138;9081
1138;10901
1142;8613
1149;4532
1150;15800
1150;17481
1151;4506
1151;10574
1152;8659
1152;19536
1155;7631
1155;14771
1155;8381
1156;18700
1156;21627
1158;20242
1158;21848
1160;22748
1160;7479
1168;7515
1168;19632
1170;2800
1170;8763
1170;2650
1176;3028
1176;5595
1181;15344
1181;20723
1183;12287
1183;8560
1183;23174
1184;7785
1184;13572
1185;12117
1185;9907
1186;20063
1186;12376
1187;14245
1187;1822
1188;14864
1192;12295
1192;19996
1193;4079
1193;18453
1197;14551
1198;15404
1198;6773
1199;2165
1199;19374
1200;18811
1200;10723
1202;5367
1202;9783
1203;19681
1203;13921
1205;5908
1205;9531
1206;13426
1206;14673
1209;16614
1209;6510
1211;18014
1212;10039
1212;11547
1213;9481
1213;18797
1215;14421
1215;20350
1216;2943
1216;1661
1217;15127
1217;6421
1219;3884
1222;15425
1222;23198
1226;19591
1226;6682
1227;14788
1227;21462
1228;9581
1228;9074
1229;5115
1236;5064
1237;23542
1240;20810
1240;22203
1241;12761
1241;10326
1243;7558
1243;9313
1247;20760
1247;2821
1253;15130
1253;20323
1259;3961
1259;22680
1261;7552
1261;19558
1262;13105
1262;11533
1264;10525
1264;16620
1265;22906
1265;2136
1268;19185
1268;14960
1271;20074
1271;8242
1272;7658
1272;17971
1273;10076
1273;20769
1275;7785
1275;6216
1277;7171
1285;15771
1287;17279
1287;24245
1289;23269
1290;20816
1290;5818
1290;21259
1295;17485
1295;3886
1296;4331
1296;16462
1297;8027
1297;18348
1300;10768
1300;14428
1300;4620
1304;3866
1304;18728
1306;1896
1310;3514
1310;7742
1317;16820
1317;23484
1318;19416
1318;6360
1321;6302
1321;23761
1324;18128
1324;20208
1324;18282
1324;6798
1327;23398
1327;9099
1329;7454
1329;15314
1334;5587
1334;10186
1336;15491
1338;12849
1338;5888
1342;14129
1342;9496
1343;6071
1344;23249
1344;2835
1350;6983
1350;13367
1351;7079
1351;12329
1354;20078
1354;12428
1355;7955
1355;10379
1362;21821
1362;15866
1364;5430
1364;2154
1366;10483
1366;2861
1367;3532
1367;5371
1376;22948
1376;6150
1379;12418
1379;23330
1380;19335
1380;6373
1387;18818
1387;11712
1387;20452
1388;6513
1388;1884
1389;6427
1390;21429
1390;7009
1390;22266
1391;6734
1391;1601
1395;21254
1395;16526
1395;11930
1397;3899
1397;4747
1403;9446
1403;9742
1404;20804
1404;15559
1404;2240
1405;19021
1409;23814
1409;19792
1410;17914
1410;5793
1420;5314
1420;15881
1422;5237
1422;23133
1422;5174
1424;20732
1425;13647
1425;8506
1426;15106
1426;8075
1427;4526
1433;7010
1433;17205
1437;9304
1437;20051
1438;6378
1438;12334
1440;20421
1440;6192
1441;15440
1442;7835
1442;5737
1449;16628
1449;9481
1450;19748
1450;22396
1452;13243
1452;8619
1454;23246
1454;2786
1457;9866
1457;19550
1458;21611
1458;6847
1460;19114
1462;17841
1462;16641
1465;9947
1465;6419
1466;9859
1466;19458
1472;6899
1472;5524
1474;12310
1474;18267
1476;9176
1477;14193
1477;14785
1478;14219
1479;20582
1479;5137
1481;2692
1481;2792
1486;7949
1486;4435
1487;20687
1487;22565
1491;14777
1491;21486
1492;19232
1492;23182
1495;11003
1495;10330
1496;15977
1496;11521
1502;24199
1502;10860
1504;14884
1504;7436
1504;9297
1506;17585
1506;9085
1507;13509
1508;4676
1508;14559
1511;9469
1511;9581
1512;3414
1513;6681
1513;15534
1515;8456
1515;16404
1520;7386
1521;1567
1521;12276
1522;11409
1522;18599
1525;3440
1525;12173
1526;8538
1531;11798
1534;2853
1534;9961
1535;11552
1535;12961
1536;2807
1536;6488
1536;15997
1538;14604
1541;22266
1545;22659
1545;9925
1551;7654
1552;17373
1552;9554
1553;6931
1553;8760
1557;7506
1557;23537
1560;7399
1560;2482
1563;10582
1563;19950
1564;4232
1564;9245
1566;8855
1566;19595
1567;6828
1567;23373
1567;8757
1568;14896
1572;20748
1572;10480
1577;6488
1577;13433
1584;22977
1584;14578
1585;9925
1586;23756
1586;16145
1591;11487
1591;14961
1593;22726
1593;2225
1595;3606
1597;23565
1597;17361
1600;18902
1600;8486
1601;16584
1606;8274
1606;12086
1610;15503
1610;16352
1611;15292
1611;9417
1614;23146
1614;18918
1615;11639
1615;11312
1617;8891
1617;19586
1622;10192
1626;4349
1626;2891
1627;19762
1627;7458
1628;11424
1628;12019
1631;3829
1631;9519
1633;18232
1634;13372
1635;23652
1640;4038
1640;22590
1642;14004
1642;1691
1643;6353
1643;18095
1644;13171
1644;4707
1645;18285
1645;3193
1646;21830
1646;12217
1648;2116
1648;15204
1649;16150
1651;2630
1651;10062
1652;16344
1652;4251
1653;7024
1653;23256
1654;7613
1654;15290
1656;6022
1656;2345
1657;1781
1660;3106
1660;18702
1661;19280
1661;23874
1662;4606
1662;4862
1663;23623
1663;22781
1665;5316
1665;23367
1667;18391
1667;14925
1670;9191
1670;4468
1671;5844
1671;8279
1674;22385
1674;8759
1677;11281
1677;2932
1678;5884
1678;9175
1682;13587
1682;10162
1684;7634
1684;9444
1685;14012
1685;16142
1688;22504
1688;9434
1691;15322
1691;20570
1698;9502
1698;4221
1700;21625
1700;21055
1701;3100
1701;11257
1704;15639
1707;13098
1707;20582
1708;16061
1708;18426
1711;14494
1711;3421
1726;11423
1726;3149
1727;13043
1727;21806
1728;19362
1730;10138
1730;18449
1731;21279
1731;11629
1733;8683
1733;6453
1740;17121
1740;11726
1743;10468
1743;13797
1746;3796
1746;19349
1752;17659
1752;21923
1753;17111
1753;16909
1754;5184
1754;7936
1756;9789
1756;6607
1759;16363
1759;21244
1759;20163
1762;3789
1762;13252
1771;6971
1777;21987
1777;12105
1781;21561
1781;2278
1781;3431
1782;6378
1782;21766
1786;16506
1786;21071
1786;20664
1786;8686
1786;8040
1787;22469
1787;8858
1787;7900
1791;7038
1791;17610
1794;19877
1800;2211
1800;24194
1803;8676
1803;8276
1804;18663
1804;15827
1805;1818
1810;22082
1810;23086
1811;13976
1811;5615
1816;16404
1816;3675
1818;20308
1819;14912
1819;2837
1822;3207
1823;14240
1823;11088
1825;2357
1825;13467
1827;17876
1827;8595
1828;11123
1828;18189
1830;19587
1830;5545
1832;6213
1832;23691
1834;7213
1834;14575
1845;11824
1845;3623
1852;19491
1852;22348
1854;5382
1854;14641
1855;3496
1855;16455
1862;18127
1862;14505
1867;13221
1867;8066
1868;5651
1868;12826
1870;6593
1870;14286
1872;17237
1872;9875
1873;17553
1873;3779
1874;19745
1874;3123
1878;5881
1878;10547
1882;13788
1882;15498
1883;23074
1883;23298
1884;4676
1885;18439
1885;7184
1887;23871
1887;13947
1888;23193
1892;12680
1892;11116
1892;22896
1894;15227
1894;20993
1897;18369
1899;12329
1899;22975
1902;8239
1902;9295
1902;2790
1904;6751
1904;17686
1905;4511
1909;6284
1909;21011
1913;13778
1913;2971
1913;7414
1915;19323
1915;13330
1916;17686
1916;10263
1921;16017
1921;16929
1922;10189
1922;10010
1923;12457
1923;11746
1924;2724
1924;3658
1925;10231
1925;10586
1932;22525
1932;14598
1937;3186
1937;3973
1937;2452
1940;19060
1940;22833
1940;20824
1940;16565
1940;17257
1941;13295
1941;5497
1948;23014
1948;14777
1949;3144
1949;16223
1951;12974
1951;18667
1955;17730
1955;16665
1959;5716
1959;7610
1960;8028
1960;8795
1961;3463
1961;20497
1964;11680
1964;23355
1966;6289
1966;11448
1971;9111
1971;17808
1975;10175
1975;20137
1981;5824
1981;22800
1982;22616
1982;20562
1984;10661
1984;18128
1989;20945
1989;19028
1990;8259
1990;7463
1993;13943
1993;14293
1997;20811
1997;2257
1998;6287
1998;17590
2006;5623
2006;17163
2011;14310
2011;11167
2014;12628
2014;23851
2018;8747
2018;21619
2022;6575
2022;5984
2025;8237
2026;10341
2026;22944
2031;9841
2031;8296
2035;20499
2035;6102
2036;6841
2036;21745
2038;8543
2038;17721
2039;22606
2039;18019
2039;8590
2043;17669
2043;3160
2044;7234
2044;3390
2056;6032
2056;20168
2058;22310
2058;4339
2061;16676
2061;4646
2068;6759
2068;10271
2073;16620
2073;2813
2074;21190
2075;12243
2076;12157
2078;4180
2078;17865
2080;8403
2080;16252
2083;19199
2083;20435
2084;3985
2084;16726
2085;2109
2085;14717
2087;23321
2090;16303
2090;14403
2093;23075
2093;4071
2093;19487
2099;12191
2103;22136
2103;20444
2108;13871
2108;22215
2108;6080
2108;20504
2109;12087
2110;10973
2110;19250
2116;18916
2118;13578
2118;5886
2119;6643
2119;15677
2123;14579
2123;5280
2124;21920
2124;7766
2128;20653
2128;9126
2129;21743
2129;12973
2131;8763
2132;22639
2132;23636
2133;9877
2133;6261
2134;14528
2136;13587
2138;9341
2138;22960
2138;12746
2138;16536
2138;9698
2139;19797
2139;5679
2144;4464
2144;11330
2146;20414
2146;23727
2148;10019
2148;14303
2149;4306
2149;16303
2149;5413
2152;23348
2152;16983
2153;18641
2153;5847
2154;7442
2155;6538
2157;5489
2157;19381
2158;22054
2158;19182
2159;8300
2159;20483
2159;12323
2160;20711
2160;21995
2162;4891
2162;11147
2163;2487
2163;22401
2165;3896
2166;7787
2168;3447
2168;23879
2173;22756
2173;2757
2175;19422
2179;4279
2179;10887
2182;9099
2182;7675
2185;9974
2185;11143
2186;13156
2186;6824
2190;19545
2190;15977
2193;12969
2194;7944
2194;2925
2197;12666
2197;12185
2202;7029
2204;3257
2204;9368
2204;8354
2204;12915
2204;22101
2211;21506
2212;3310
2212;12910
2218;20868
2218;21838
2220;6784
2220;23171
2222;15877
2225;13700
2232;14540
2232;20365
2234;17676
2234;8896
2236;12056
2236;18690
2238;11688
2238;19517
2239;17814
2239;11215
2240;9129
2246;15805
2246;16605
2248;11138
2248;5042
2249;7158
2249;13991
2253;21563
2253;3064
2254;19534
2254;19946
2256;8309
2256;18181
2258;2592
2258;16445
2260;22902
2264;11482
2264;11239
2265;16726
2265;14091
2265;10525
2267;17341
2269;8295
2269;15818
2270;4548
2270;23259
2272;6027
2272;6623
2276;2359
2277;22689
2277;7075
2279;4865
2279;3031
2280;17983
2280;2954
2281;10992
2281;15889
2285;4176
2285;11275
2286;4813
2286;17227
2292;18095
2292;9469
2294;10581
2294;15005
2297;20893
2297;8673
2301;22410
2301;22503
2303;14067
2303;11916
2303;10581
2309;3343
2309;21835
2313;13405
2313;13824
2314;6788
2314;20893
2315;19978
2315;6983
2316;22095
2316;23099
2317;23643
2318;2992
2318;24136
2320;11116
2322;19901
2322;16591
2326;17812
2326;14387
2329;14323
2329;11984
2330;11435
2330;4557
2330;7657
2333;7845
2333;15644
2334;12637
2335;16536
2335;11405
2336;21564
2336;9081
2337;20746
2337;11355
2340;19089
2340;10556
2341;6084
2341;11015
2345;22135
2346;20953
2346;4305
2351;20891
2351;5770
2354;6736
2357;6007
2358;11521
2358;11035
2359;13718
2363;13465
2363;3795
2364;3537
2364;17007
2370;19954
2370;12167
2374;21745
2376;6478
2376;19011
2380;9626
2381;20571
2381;5963
2382;5619
2384;15188
2384;10785
2400;2587
2400;20072
2402;20154
2402;4428
2404;21715
2404;17007
2406;19582
2406;13439
2411;16707
2411;14001
2419;7869
2419;5304
2419;6509
2422;10904
2422;20047
2423;11916
2424;10381
2429;23970
2429;19800
2430;5117
2430;21164
2433;14655
2433;7762
2434;4958
2434;7516
2435;16925
2435;15384
2438;13127
2439;7419
2439;23436
2439;3719
2440;16141
2440;16221
2443;6282
2443;18245
2446;7724
2446;4997
2446;23684
2451;7135
2451;20154
2452;20625
2467;19884
2467;4325
2468;16328
2468;5692
2468;16707
2470;20264
2470;18588
2471;8975
2471;16649
2472;11399
2472;23323
2474;3321
2475;6437
2475;10122
2477;10227
2477;23720
2482;22008
2483;21323
2483;17459
2484;5605
2484;21898
2485;10352
2485;23916
2487;11959
2487;10708
2489;22732
2489;17830
2490;15577
2490;20867
2504;8817
2504;13034
2505;4684
2505;10351
2506;5400
2506;5433
2509;11158
2509;17663
2517;21096
2517;7663
2518;6083
2518;16191
2520;9883
2520;4090
2523;11712
2523;2559
2524;15541
2524;8226
2525;16718
2525;4032
2526;9149
2526;12184
2533;11234
2533;23329
2534;23246
2534;9532
2535;20087
2535;4181
2536;17830
2536;7759
2540;22570
2540;21376
2544;20137
2544;20009
2545;6673
2545;3844
2547;5137
2551;4518
2551;8393
2558;15052
2558;14986
2559;7337
2561;10902
2561;15593
2573;10240
2573;17792
2577;10011
2577;17559
2582;12822
2583;12203
2585;23472
2585;12737
2586;6948
2587;6207
2587;12091
2592;4001
2592;12686
2593;12794
2593;4802
2594;3147
2594;14515
2597;6297
2597;18085
2598;16632
2602;5917
2604;9588
2604;8122
2608;4817
2610;18036
2610;5804
2612;20996
2612;2977
2617;6702
2619;20925
2619;5561
2620;21339
2620;4009
2621;11088
2621;23998
2623;10129
2623;11201
2624;10609
2624;19298
2627;21229
2627;20742
2627;21244
2627;3449
2627;11184
2629;15979
2629;14792
2630;10948
2636;10605
2636;19334
2636;17924
2641;6757
2641;7177
2641;8473
2647;18517
2647;8961
2650;12786
2657;5363
2657;24001
2660;21468
2661;12877
2663;4250
2663;12101
2665;20025
2665;18372
2667;14594
2667;17224
2669;5643
2669;5454
2669;9725
2671;14089
2671;19673
2675;16970
2675;20835
2676;15173
2676;9734
2679;19110
2681;7857
2681;2684
2684;14660
2685;13558
2685;6156
2686;17488
2686;3049
2690;13057
2690;16389
2692;21704
2695;16571
2695;23452
2696;14674
2696;17774
2700;9009
2700;10163
2701;22090
2701;12632
2702;20113
2702;14453
2705;18216
2709;11839
2709;9436
2718;11461
2718;20146
2719;4521
2721;18006
2721;14011
2722;5435
2723;12802
2723;23176
2724;9232
2724;12884
2740;12881
2740;3508
2741;22222
2741;2921
2751;17368
2751;3699
2753;7591
2753;7741
2756;14082
2756;20639
2757;23147
2758;23143
2759;22836
2759;20544
2762;10590
2762;14105
2763;5027
2765;15184
2765;23538
2766;7664
2766;7622
2774;15932
2774;19601
2775;23632
2775;19510
2775;9799
2776;23900
2776;12361
2777;22804
2777;17912
2780;4014
2780;14628
2782;24160
2782;19155
2786;20333
2787;13778
2787;4134
2789;21488
2789;18421
2790;12969
2797;3257
2797;5574
2798;9484
2798;11062
2799;11035
2799;12622
2800;12202
2800;23117
2802;6360
2802;20292
2805;16850
2805;7419
2805;10640
2807;10319
2808;20408
2808;14737
2809;22413
2809;22347
2812;8466
2812;11915
2813;5264
2814;14197
2814;17417
2816;22498
2816;17028
2816;15604
2821;22141
2824;4117
2826;15094
2826;8540
2828;4213
2829;12935
2831;14549
2831;4411
2836;5568
2837;4920
2837;17468
2838;20072
2838;8640
2839;9526
2839;13104
2841;17361
2841;7546
2847;16904
2847;17600
2853;9283
2858;11283
2861;11899
2865;15466
2865;12506
2867;9067
2867;9436
2868;21859
2868;8222
2870;9147
2871;10935
2871;3652
2876;23356
2878;15626
2878;7992
2880;19750
2881;17836
2881;16302
2884;5139
2884;18018
2885;16619
2885;18194
2889;3967
2889;12170
2890;10446
2890;8444
2891;15069
2894;20947
2894;6352
2895;16675
2895;19847
2895;19820
2898;17140
2898;24002
2899;4398
2899;23350
2903;3476
2903;15647
2905;4316
2905;19239
2907;9098
2907;12175
2909;22499
2909;23799
2911;12576
2911;15800
2912;7168
2912;21388
2914;23709
2915;17823
2915;18522
2921;14674
2924;9175
2924;14219
2925;6496
2927;18707
2927;22737
2927;3556
2929;5898
2929;22246
2932;17192
2933;4260
2933;13938
2934;4714
2943;21047
2943;23853
2943;14497
2945;7983
2945;2946
2946;8452
2948;22953
2948;9195
2950;20387
2950;3274
2952;10623
2952;12438
2953;8427
2953;4780
2954;7306
2959;3128
2959;19718
2960;6071
2960;20264
2965;15124
2965;10802
2966;12129
2966;10368
2968;21237
2969;15608
2969;10509
2971;23345
2972;7886
2972;23318
2977;22077
2978;19978
2978;12682
2981;3352
2981;21504
2982;20742
2985;21229
2985;20163
2986;20614
2986;4538
2988;10776
2990;12933
2990;8056
2991;3485
2991;16039
2991;4565
2992;13836
3003;12643
3003;23064
3005;16722
3005;3447
3012;10005
3012;16947
3013;17795
3013;15267
3017;10892
3019;14960
3019;14247
3028;19833
3030;23018
3030;22643
3035;15945
3035;16295
3039;19861
3039;13228
3040;9516
3040;9426
3044;5488
3044;15902
3044;8037
3047;7775
3047;7963
3047;22054
3049;4004
3049;10999
3051;4779
3051;14417
3052;9609
3052;9101
3053;14593
3053;4770
3056;22427
3056;18340
3061;5539
3061;19178
3064;20693
3065;12615
3065;13971
3066;22434
3066;22974
3070;12627
3070;15709
3071;8514
3071;8816
3075;11783
3075;9957
3079;16470
3080;9052
3084;3578
3084;22717
3086;10178
3086;8246
3089;17148
3089;6972
3090;8757
3090;6029
3092;21532
3097;18144
3097;10603
3097;4364
3097;10694
3097;6411
3100;7128
3101;7720
3101;17213
3106;4242
3109;16584
3109;22676
3113;19048
3113;23059
3116;23974
3116;5897
3122;14783
3122;13043
3123;8969
3124;20580
3124;18286
3125;11730
3125;17030
3126;11079
3128;13776
3130;7011
3130;13877
3132;8624
3132;20038
3134;19651
3134;18157
3135;13326
3135;15952
3136;14492
3136;17658
3138;8798
3138;23608
3143;10001
3143;19739
3144;5742
3146;6546
3146;20018
3147;20221
3147;9305
3149;14360
3150;8533
3151;6392
3152;5904
3153;17788
3153;16635
3155;10979
3155;23389
3156;20091
3156;7944
3160;20104
3164;15574
3164;9673
3166;23621
3166;6230
3166;20609
3171;15450
3171;5018
3173;20782
3173;18641
3184;19643
3184;15411
3186;19412
3187;20731
3187;4511
3188;23235
3188;10198
3189;16594
3189;21055
3192;24181
3192;11766
3193;5178
3202;7473
3202;9429
3203;6376
3203;14015
3204;14840
3204;6465
3205;23173
3205;4110
3207;21183
3208;6112
3208;4958
3213;18438
3213;19613
3213;24049
3220;8292
3222;8778
3222;13908
3223;18165
3223;19978
3224;8613
3224;21358
3229;12389
3229;23904
3230;10920
3234;16036
3235;23370
3235;20878
3237;8941
3237;20835
3239;15485
3239;21199
3241;5015
3241;23900
3243;8572
3243;15130
3246;15004
3247;14499
3247;23235
3248;3484
3248;20847
3252;6793
3252;21348
3253;8507
3257;4370
3265;17252
3265;13452
3267;7729
3267;20794
3274;16808
3275;4159
3275;23566
3279;17696
3279;4908
3282;16978
3282;3898
3291;9347
3295;6654
3295;10005
3298;17224
3298;8427
3305;10368
3305;14240
3306;21393
3306;10700
3307;3861
3307;21283
3307;22226
3307;23075
3308;15982
3308;9149
3310;13569
3312;5319
3312;16799
3313;4440
3313;5963
3316;15302
3316;12874
3316;14765
3318;6736
3318;13882
3320;22304
3321;6011
3329;14570
3330;21699
3330;13932
3331;20590
3331;11808
3333;8228
3333;13477
3337;22600
3337;24034
3338;5556
3338;14472
3339;5366
3339;11634
3343;24055
3347;9041
3347;18923
3348;15280
3348;18017
3348;9975
3349;13566
3349;11052
3352;17163
3355;15617
3355;9286
3358;21136
3358;10041
3359;7022
3359;12349
3363;11984
3363;14223
3366;18882
3366;7468
3369;7610
3369;5490
3371;17149
3371;22803
3373;9698
3373;17028
3374;3817
3374;13831
3380;21502
3380;8243
3390;8507
3392;6027
3392;23494
3395;3480
3395;16021
3395;13705
3398;5403
3402;3876
3402;13842
3404;20160
3404;24264
3406;21441
3406;15041
3408;19614
3408;8050
3408;16885
3414;4950
3415;11065
3415;9868
3416;11595
3416;12453
3419;11899
3419;21201
3421;9924
3422;5081
3422;8889
3427;16507
3430;19256
3430;17054
3438;21040
3438;8758
3440;5856
3443;22478
3443;9369
3445;20989
3445;14887
3448;5407
3448;3490
3449;10781
3454;18977
3454;14004
3455;4175
3456;20380
3456;13323
3460;19639
3460;9579
3461;7124
3461;4663
3462;9953
3462;23393
3463;20018
3464;5513
3465;8911
3471;20094
3476;11420
3478;23603
3478;19000
3480;9790
3484;17575
3485;17534
3486;9291
3486;7905
3487;12115
3491;20427
3491;5587
3492;21307
3492;11291
3493;20603
3493;15293
3495;20489
3496;5042
3500;12331
3500;9547
3501;7964
3501;16907
3502;21753
3502;6345
3502;4391
3503;3589
3503;11627
3505;5343
3505;11816
3508;12100
3510;23497
3511;10665
3511;14218
3511;3752
3513;15536
3514;5763
3514;22475
3518;19520
3518;4229
3519;12381
3519;23157
3532;13489
3536;23670
3536;10569
3537;11425
3538;11853
3540;22066
3540;7407
3548;14001
3551;18367
3551;13981
3553;15180
3555;23188
3558;4110
3564;9519
3569;8438
3569;14904
3569;3570
3570;4926
3578;15378
3584;6835
3591;19474
3591;23412
3593;22227
3593;17455
3594;6409
3596;4493
3596;13876
3596;18485
3598;19952
3598;7880
3602;22392
3602;9521
3604;15547
3604;12771
3606;18988
3615;15394
3615;22576
3615;4378
3623;9213
3625;13717
3625;15274
3637;16121
3638;24006
3638;12868
3639;15646
3639;7866
3645;6897
3645;8047
3648;11651
3648;19905
3652;14420
3653;11663
3654;5395
3654;21096
3654;13040
3654;14802
3655;8715
3655;15571
3656;6834
3656;19189
3658;4260
3659;23156
3662;18826
3662;10638
3663;22906
3663;16614
3664;18757
3664;4690
3665;21394
3665;4657
3666;5589
3668;9427
3668;3747
3670;3919
3670;21047
3673;6784
3673;11202
3674;10510
3674;17633
3675;17936
3677;12870
3677;5673
3677;21255
3679;9113
3679;9649
3681;10906
3681;4822
3682;12676
3682;16167
3692;12052
3692;11037
3693;7502
3693;15626
3694;22074
3694;11896
3696;22333
3698;16341
3698;22770
3699;19194
3701;5158
3701;20171
3702;15566
3702;4867
3704;11695
3704;15226
3705;16456
3705;10442
3707;11505
3707;6493
3709;19944
3709;10498
3711;15156
3711;12596
3713;11289
3713;8664
3714;10455
3717;21855
3719;18067
3723;20256
3723;9489
3724;5221
3724;4608
3724;18366
3727;16011
3727;21198
3729;23423
3729;8009
3730;5265
3730;13168
3731;5759
3731;21720
3733;17663
3733;5504
3733;20433
3734;18474
3735;9986
3735;11777
3736;14641
3736;4323
3737;12586
3737;19373
3739;20117
3739;10151
3741;4516
3741;23892
3743;9954
3743;23027
3744;13294
3744;16993
3747;5622
3752;5722
3753;14562
3753;5333
3754;14174
3754;10205
3762;10161
3762;19969
3764;19946
3768;23084
3768;5165
3768;3969
3768;8971
3768;14900
3772;23206
3772;4150
3773;23776
3773;13756
3778;8420
3778;20004
3779;5029
3782;20530
3782;5181
3784;6835
3786;4252
3786;6809
3789;16481
3791;21148
3791;8181
3793;6933
3793;12271
3795;7528
3796;4984
3797;5654
3797;15965
3802;11773
3802;15344
3805;15949
3810;13594
3810;9020
3814;17136
3814;11835
3815;18169
3815;18911
3817;4036
3819;6875
3822;22704
3826;10746
3826;16086
3826;20124
3829;7052
3830;10291
3830;18621
3831;22341
3831;24191
3834;21634
3834;7376
3835;6754
3835;20352
3836;20121
3836;9804
3837;20952
3839;13593
3839;23444
3844;15353
3844;19782
3845;17863
3845;11119
3846;14798
3846;15619
3846;16276
3852;8201
3852;8873
3854;7310
3854;11013
3855;21022
3855;21309
3857;14085
3857;11846
3858;21388
3858;4042
3861;18629
3862;17295
3862;10122
3864;15053
3864;9916
3866;17192
3867;11121
3867;6035
3869;9714
3874;13167
3874;5272
3876;18591
3878;16145
3878;21539
3880;12289
3880;18663
3883;22334
3883;18744
3884;8846
3884;5112
3884;9917
3884;23321
3886;19017
3888;10935
3894;23634
3894;11644
3896;23446
3898;22714
3899;11275
3899;14899
3899;20044
3899;19441
3902;17670
3902;20299
3902;10248
3902;6385
3905;15109
3905;15751
3909;8795
3909;4482
3917;15820
3917;19325
3919;12608
3919;15675
3920;12655
3920;8386
3921;16444
3921;15065
3923;11788
3923;12559
3924;14778
3924;13901
3925;14877
3925;6951
3929;15416
3929;12291
3937;6464
3937;21685
3941;13646
3941;7280
3943;23068
3943;18112
3946;18314
3946;7549
3948;5985
3948;14614
3950;12238
3950;20929
3951;16118
3952;9671
3954;5389
3954;11431
3957;9689
3957;15162
3959;23811
3959;12090
3961;7933
3962;22412
3962;14659
3964;4993
3964;7276
3967;20162
3969;19644
3973;15685
3975;23963
3975;10448
3976;15733
3976;5547
3982;23942
3984;12647
3984;5430
3985;12446
3985;11438
3989;17732
3989;14117
3990;20489
3998;23518
3998;7660
4001;22542
4002;7806
4002;11485
4003;17963
4003;6998
4003;4516
4004;8158
4005;10935
4010;18585
4010;14915
4014;6646
4023;12608
4023;19643
4025;18193
4025;14337
4028;4226
4028;5059
4029;17921
4029;8983
4030;21870
4030;9877
4032;7068
4035;24037
4035;8266
4036;23485
4037;22183
4037;11171
4040;23596
4042;8667
4044;22546
4044;11980
4045;16843
4045;15716
4046;22822
4046;11024
4049;4732
4051;16297
4051;15520
4052;10448
4052;15526
4054;17625
4054;9790
4055;8136
4055;13150
4055;12655
4056;14747
4056;7789
4058;10325
4058;7979
4059;9236
4061;9236
4061;10138
4061;21341
4065;20533
4068;5515
4068;23517
4069;19289
4069;15368
4070;19345
4070;23774
4071;17226
4073;4426
4073;13575
4073;11661
4074;6815
4074;23944
4076;10317
4077;18707
4077;19411
4079;8927
4083;12434
4084;20892
4084;5180
4090;5062
4091;15255
4091;4245
4093;22579
4093;15601
4094;6029
4094;20545
4098;23503
4098;9525
4099;13413
4099;20653
4100;20453
4100;7193
4101;7788
4101;6188
4104;9774
4104;9464
4106;5129
4112;17802
4112;17523
4113;18542
4113;21072
4117;13593
4120;12326
4120;6518
4122;21533
4122;18534
4123;19375
4123;23244
4127;16513
4127;9406
4131;13590
4131;19983
4133;19983
4133;8054
4134;5694
4135;9645
4135;22377
4136;12788
4136;9402
4137;17172
4140;18518
4140;23591
4144;22219
4144;13193
4146;7240
4146;18127
4149;23061
4149;9068
4150;17152
4152;22066
4153;22379
4153;21276
4155;14282
4155;14595
4156;18096
4156;16156
4158;11037
4158;17714
4159;17819
4160;6542
4160;5273
4165;16934
4165;19004
4166;4322
4166;17121
4175;12107
4176;15295
4180;12908
4182;19721
4182;22029
4186;22300
4186;23153
4187;23117
4187;23015
4192;6936
4192;18429
4194;11083
4194;18352
4194;8601
4199;22847
4199;23782
4199;23392
4202;23879
4202;19645
4207;17188
4209;5126
4209;6185
4210;20116
4212;8157
4212;5846
4213;17417
4215;5181
4215;6710
4220;13153
4220;9495
4221;18464
4226;6252
4228;9015
4228;18356
4229;8678
4232;22929
4232;17994
4235;21239
4235;11121
4242;9464
4244;7540
4244;4882
4244;15924
4244;13640
4245;20565
4247;22829
4247;14586
4249;22861
4249;6350
4250;23840
4251;7096
4252;7880
4258;6737
4259;21154
4259;9777
4261;15810
4261;19813
4262;13471
4262;15523
4263;18547
4263;17311
4266;10542
4269;9108
4270;24004
4270;6625
4271;11845
4271;15714
4272;10481
4274;14647
4274;19345
4276;18038
4276;17485
4279;11044
4292;23862
4292;14556
4293;16118
4293;23911
4296;23986
4296;12983
4297;23338
4297;23775
4301;13940
4301;8809
4303;8179
4303;22397
4304;14008
4304;23687
4305;22640
4306;11129
4307;22043
4307;20209
4310;9871
4310;15501
4314;5618
4314;23098
4316;17375
4321;23059
4321;21572
4322;18617
4323;12789
4324;20286
4324;6074
4325;9715
4326;18728
4330;4744
4330;13336
4331;21309
4334;17079
4334;15567
4335;24237
4335;8734
4337;9675
4339;9544
4343;8971
4343;7557
4344;4612
4349;4891
4349;18891
4352;11114
4352;15492
4353;22877
4353;11782
4354;23394
4354;19093
4358;11492
4359;23717
4359;7206
4361;7583
4362;10500
4362;19149
4363;4982
4363;14371
4364;9747
4366;4455
4366;11243
4367;14331
4367;19402
4370;15264
4370;5898
4370;4606
4371;19596
4371;8975
4375;15437
4375;4671
4378;5501
4379;11513
4379;13855
4386;20943
4386;10590
4390;24033
4390;23008
4393;8527
4398;20051
4398;13162
4399;14567
4399;5402
4402;11747
4403;7739
4403;9775
4406;14929
4406;8414
4407;11850
4407;16651
4411;13888
4425;10106
4425;10058
4426;8545
4426;15478
4428;15196
4429;12975
4429;20860
4431;19667
4431;14462
4434;10121
4434;5219
4436;22717
4436;14157
4437;5794
4437;12672
4438;19207
4438;20242
4440;16661
4442;21358
4442;17761
4446;21923
4446;21054
4448;23821
4448;16680
4449;19060
4453;14674
4453;18832
4455;13674
4455;10063
4456;13635
4456;7636
4457;20936
4458;10272
4458;11561
4461;5964
4461;5890
4464;18336
4467;23939
4467;13610
4468;11725
4471;13951
4476;21073
4479;13478
4479;10221
4481;5179
4481;10184
4482;22932
4485;10641
4488;21704
4488;11698
4489;14577
4489;10761
4492;10196
4493;17860
4495;13857
4497;7193
4497;17689
4499;18405
4499;22381
4500;23831
4500;15953
4506;8180
4507;13327
4512;23690
4518;5620
4521;17563
4524;15241
4524;14170
4525;13095
4525;22043
4526;14793
4526;4732
4526;12081
4526;13724
4526;12207
4528;15784
4528;5192
4528;22891
4529;17211
4529;12059
4532;8445
4532;13156
4538;18208
4539;9754
4540;17139
4540;14155
4541;19103
4541;18557
4545;7703
4545;11903
4547;20637
4548;6809
4549;8698
4549;16838
4550;23653
4550;24128
4551;18797
4551;20098
4553;20518
4555;21439
4559;13402
4559;8263
4564;22565
4564;16406
4565;5781
4566;6781
4570;23519
4575;23303
4575;6068
4577;5175
4577;23452
4579;21004
4579;18806
4580;11457
4580;10866
4584;9368
4584;9439
4587;16843
4587;11783
4590;16506
4593;8414
4593;4971
4597;21640
4597;20211
4597;21971
4607;10500
4607;7534
4608;22900
4608;15508
4612;12175
4612;16472
4613;11222
4613;6243
4613;22300
4615;12777
4615;11254
4617;5693
4617;12892
4619;18268
4619;16398
4620;4714
4621;23963
4621;18373
4622;12158
4623;7717
4623;16928
4624;21841
4624;9716
4625;16776
4625;10661
4627;17020
4628;10442
4628;23625
4629;20918
4632;8632
4636;22583
4636;19877
4646;10057
4647;10359
4647;6476
4648;16553
4648;6403
4648;23811
4649;5036
4649;14533
4651;9395
4651;12647
4653;7878
4653;20770
4657;22853
4661;18968
4661;22894
4664;17917
4664;19360
4665;15420
4665;18715
4667;8376
4667;10776
4667;11926
4671;20479
4672;23126
4672;11834
4675;5269
4675;16304
4677;20146
4677;18780
4679;5804
4679;5926
4681;16501
4681;20820
4684;6790
4684;8505
4687;16602
4689;7212
4690;7237
4691;22962
4699;15163
4703;12596
4703;10131
4705;5403
4705;5482
4707;17408
4707;15629
4710;6266
4713;6333
4713;19741
4715;15113
4715;23541
4725;4824
4741;21037
4741;7723
4747;7174
4757;11529
4757;5423
4766;8174
4766;13737
4769;20693
4769;5603
4770;8742
4772;20993
4772;12398
4773;22344
4773;13028
4774;6719
4774;10812
4775;15557
4775;5941
4779;6675
4780;21735
4781;14970
4786;18096
4786;7089
4787;13891
4787;23598
4790;15196
4790;6701
4797;22850
4802;18910
4805;20774
4805;10538
4811;14041
4811;7903
4813;22781
4817;23615
4818;5100
4818;13222
4819;13108
4819;22445
4822;9563
4824;14304
4824;24135
4824;6726
4826;11944
4827;16147
4827;20868
4831;23860
4831;16722
4851;19735
4851;6931
4852;5346
4852;9114
4855;6074
4855;14166
4857;15162
4857;13739
4862;14841
4863;22441
4864;23155
4864;5856
4865;13407
4865;12595
4865;22825
4866;9134
4866;8618
4867;8562
4873;6928
4875;10395
4875;21736
4876;14549
4876;13447
4876;5461
4877;10080
4877;11482
4882;9289
4883;18462
4884;22630
4889;15953
4889;14934
4890;18614
4891;6281
4893;20195
4893;13891
4896;23490
4896;9063
4903;14412
4903;15133
4907;18233
4907;20974
4908;13221
4911;18005
4911;7962
4914;23686
4914;14471
4916;5749
4916;17064
4920;20483
4921;21900
4921;6781
4926;22676
4927;15999
4927;12061
4933;9595
4933;19224
4934;23455
4934;17685
4942;16142
4942;17534
4945;7935
4945;8614
4945;16518
4948;24194
4948;18984
4950;8026
4955;20893
4962;23128
4963;19977
4964;9665
4965;6848
4965;7178
4968;19853
4968;8159
4968;10936
4971;9385
4972;14795
4972;15382
4973;6959
4973;8076
4976;9582
4976;12881
4977;15453
4977;10434
4981;16824
4982;10348
4984;22198
4986;21920
4988;15567
4988;15670
4993;17383
4994;5582
4994;11546
4997;8121
5000;21227
5003;15908
5004;7467
5004;21938
5009;19343
5009;10604
5015;5763
5015;6720
5018;22662
5018;14822
5020;21672
5020;9996
5024;21343
5024;14035
5026;6574
5026;10273
5027;14737
5029;10549
5032;15501
5032;21140
5037;8922
5037;19019
5038;13841
5048;6682
5048;13748
5049;16641
5049;21776
5050;10131
5050;7198
5054;13652
5054;20443
5055;8434
5055;14705
5058;5336
5058;22194
5059;12974
5061;22582
5061;13222
5062;5319
5063;7108
5063;19723
5064;16131
5069;19601
5069;13471
5071;15338
5071;11152
5076;22958
5076;6227
5077;22305
5077;7130
5080;17503
5080;13503
5081;6443
5088;13128
5088;18481
5091;24062
5092;9623
5092;13042
5093;13642
5093;9423
5099;15369
5099;12285
5100;20289
5107;9049
5107;10175
5110;22512
5110;11750
5112;16513
5115;21242
5116;12628
5117;17054
5120;18968
5120;8698
5121;16010
5121;13105
5126;10684
5129;14201
5131;10299
5131;12838
5133;23701
5133;17458
5135;7749
5135;20913
5136;21983
5136;5777
5139;19924
5139;9441
5139;6103
5139;19982
5140;5545
5140;5216
5141;7402
5141;6899
5143;6534
5143;21097
5146;16438
5146;5428
5147;20068
5147;9689
5151;19415
5151;15084
5153;13372
5153;6900
5158;11880
5158;11906
5159;12752
5159;7749
5160;9073
5160;9176
5165;6296
5173;11795
5173;23088
5174;22583
5175;6757
5175;21986
5175;18318
5175;19380
5177;11576
5177;20162
5178;10891
5179;11338
5179;24101
5181;13027
5184;19431
5185;20489
5186;9022
5186;24263
5189;10258
5189;21686
5191;20444
5191;21215
5192;17508
5193;21073
5193;22002
5200;20615
5200;21771
5203;15016
5203;10959
5210;11347
5215;22495
5215;13667
5216;11433
5218;9489
5219;5328
5220;13374
5220;16647
5221;20293
5221;9613
5225;20478
5225;23010
5228;15368
5228;8814
5229;12036
5229;19097
5230;16470
5232;23120
5232;8848
5236;10729
5236;23768
5237;23231
5240;8192
5240;10517
5241;7258
5241;17315
5245;20940
5245;13030
5247;15716
5247;8492
5248;22229
5248;22294
5249;18882
5249;7068
5254;16533
5261;8018
5261;13607
5265;9955
5267;13644
5267;19562
5268;12788
5268;9557
5269;9986
5272;23521
5273;21764
5274;23005
5274;20944
5277;21584
5277;10332
5278;16204
5278;20863
5280;18351
5281;22778
5281;21402
5284;21659
5284;18036
5284;11097
5288;11704
5288;18937
5290;23013
5290;11016
5293;14055
5293;11242
5295;16269
5295;22901
5297;11144
5297;11643
5297;12268
5300;17967
5300;22145
5303;20702
5303;22074
5304;5695
5309;20378
5309;16916
5310;6158
5312;9742
5312;17795
5313;22888
5314;22020
5314;10904
5314;21585
5315;14843
5315;10746
5316;15118
5319;15602
5319;19214
5319;22666
5321;5956
5327;6520
5327;6448
5327;20436
5328;15374
5332;9745
5332;16155
5336;10285
5338;15385
5341;22194
5341;11019
5342;18438
5342;8891
5345;10104
5345;23503
5346;22507
5346;17147
5347;17920
5347;16868
5348;7740
5348;8773
5350;17667
5350;23238
5351;13531
5353;6655
5358;9880
5358;15394
5363;7221
5366;18534
5367;13544
5369;14934
5369;18825
5370;10803
5374;6696
5374;15551
5377;12151
5377;12356
5379;21786
5380;10216
5380;17131
5381;22523
5381;7292
5382;12380
5384;21617
5384;18135
5384;13699
5386;20754
5386;6864
5389;8509
5390;17501
5392;20810
5393;15461
5393;20402
5394;10983
5395;19613
5400;7177
5402;20530
5403;11769
5407;20763
5407;17501
5409;23166
5409;13776
5412;23269
5412;9614
5412;10519
5413;8742
5418;5960
5418;14528
5419;5791
5419;15536
5421;14609
5421;13749
5422;19486
5423;20915
5423;9571
5425;11200
5425;15693
5427;19103
5427;14085
5432;16526
5432;12341
5433;21485
5435;7012
5437;21200
5437;21387
5440;6255
5440;17495
5440;11749
5444;11195
5450;9236
5451;6062
5451;18410
5454;12036
5455;22258
5456;19663
5457;9819
5457;9294
5460;14001
5460;16151
5461;18305
5468;23178
5472;5671
5472;6053
5473;22497
5473;8783
5479;12633
5479;11247
5486;11034
5486;22663
5488;8508
5489;11427
5490;14129
5496;19492
5497;22267
5498;12733
5498;19277
5500;10709
5500;19882
5501;10319
5506;19033
5506;9851
5508;14830
5508;5826
5513;18005
5514;14429
5514;22937
5515;23871
5518;12505
5518;18774
5519;19210
5519;18957
5522;13661
5522;23076
5522;9866
5524;20568
5525;18216
5525;14388
5535;9142
5539;14705
5540;19995
5540;19895
5544;23375
5545;20732
5545;19719
5547;11394
5548;7636
5551;13171
5551;10450
5551;13319
5553;22334
5553;18296
5556;12875
5560;13303
5560;23760
5560;23586
5560;7441
5561;7147
5563;21481
5563;9789
5564;23198
5565;9803
5566;10512
5566;7594
5568;9047
5572;18001
5572;8426
5574;16009
5575;6513
5575;6018
5580;23591
5580;6746
5580;23890
5582;22960
5589;6837
5589;6058
5589;6812
5589;6648
5595;9009
5599;18105
5599;8444
5600;7181
5600;11344
5603;18482
5604;12755
5605;8723
5605;9526
5610;10824
5610;7163
5615;6528
5618;9868
5619;6243
5620;16095
5621;10885
5621;6572
5622;18537
5623;23985
5629;13456
5629;10784
5634;20426
5634;24014
5636;11575
5636;17291
5641;11573
5641;19401
5643;6996
5644;23004
5644;21563
5651;15670
5654;7428
5657;6186
5657;17245
5657;15756
5659;15532
5659;22191
5659;5786
5661;15619
5661;13281
5665;12115
5665;14034
5667;6984
5667;11268
5670;14375
5671;20445
5673;14891
5679;5936
5680;17930
5680;10293
5682;23960
5682;14569
5687;7181
5687;10542
5692;15863
5693;16086
5694;22379
5695;13535
5707;17150
5707;7103
5707;18932
5708;15581
5708;12139
5709;8579
5709;20692
5712;9691
5712;21912
5715;21288
5715;13979
5716;13473
5716;23204
5717;17924
5717;9669
5722;13193
5731;11823
5737;17228
5741;14664
5742;21963
5744;8660
5744;24250
5749;19543
5750;17663
5750;19436
5751;22836
5751;10047
5760;9202
5760;13442
5764;15653
5764;22647
5765;9597
5765;10078
5770;10436
5772;12223
5773;17205
5775;6993
5775;12446
5777;10652
5779;22998
5779;16074
5781;12255
5786;17599
5787;9134
5790;13496
5790;8461
5791;9391
5792;7165
5792;21828
5793;16716
5794;10024
5795;20962
5795;23563
5796;19996
5796;23242
5800;15997
5800;20952
5801;23197
5801;16503
5807;11044
5807;11124
5810;8086
5810;10441
5812;23323
5818;13329
5822;16164
5822;23146
5824;14492
5824;9311
5826;24006
5827;17722
5827;18794
5831;21427
5831;7447
5836;19599
5844;13330
5846;20651
5847;16663
5847;12114
5849;21132
5849;16943
5852;13309
5852;19187
5857;17763
5857;14985
5858;20098
5859;18686
5859;11644
5859;6727
5860;9297
5860;6207
5870;17459
5870;7472
5872;12349
5872;11868
5874;7205
5874;22441
5877;11140
5877;18423
5881;18154
5881;19012
5882;18959
5882;20714
5884;19373
5885;16369
5885;23458
5886;13266
5887;7553
5887;15908
5887;14830
5888;12060
5890;19352
5894;6048
5894;7934
5897;13071
5900;18332
5902;8872
5902;15038
5904;17086
5905;22203
5905;6224
5906;13618
5906;6023
5907;16428
5907;7969
5908;24186
5909;7219
5909;20414
5912;13926
5912;21184
5913;21399
5913;23062
5916;21140
5916;6996
5917;7534
5918;15273
5918;8962
5923;23685
5926;7434
5930;20331
5930;10446
5935;7280
5935;12702
5937;17703
5937;12261
5941;15076
5948;7997
5948;10338
5952;7006
5952;9384
5953;12155
5953;12693
5956;19456
5958;8037
5958;23491
5958;17511
5960;10937
5960;23563
5962;21735
5962;12662
5964;12227
5967;11203
5967;17613
5970;20612
5970;18414
5976;9345
5976;17455
5984;10169
5985;11967
5985;10075
5985;12420
5985;17662
5987;22671
5987;19806
5989;14604
5990;11109
5990;7433
5996;7088
5997;6290
5997;12706
6000;14208
6000;10866
6002;16885
6002;7458
6004;23890
6007;22484
6010;13689
6011;9597
6012;10615
6012;15703
6017;10959
6017;14037
6020;18666
6020;14096
6022;9236
6028;6469
6028;23047
6030;6588
6030;18962
6031;12539
6031;16810
6035;23105
6045;24034
6047;20206
6047;23322
6048;12896
6053;10329
6059;21684
6059;21698
6062;12637
6063;12924
6064;21108
6064;16629
6065;21511
6065;13837
6066;11191
6066;22482
6067;22915
6067;23444
6068;18171
6073;7288
6073;7169
6080;21796
6083;6606
6084;16338
6085;10868
6086;23419
6086;14793
6087;8623
6087;22186
6087;19004
6087;9602
6089;20642
6089;21162
6090;17900
6094;14984
6096;24116
6096;8433
6102;19124
6103;18532
6107;21769
6107;17008
6111;11338
6111;12894
6112;17410
6113;19795
6113;14935
6114;23529
6115;22381
6118;18243
6118;24012
6120;6965
6120;21532
6124;23263
6124;11459
6132;13557
6136;14455
6136;19386
6140;13028
6140;10043
6143;18884
6143;8557
6150;7775
6152;18857
6156;21553
6156;7423
6158;21976
6159;20393
6159;14877
6163;10208
6163;19819
6166;20433
6174;16605
6174;6897
6175;9042
6175;21468
6178;11798
6178;18382
6183;18040
6183;9267
6185;15635
6186;9024
6186;8014
6186;11525
6187;17344
6187;19054
6188;17130
6192;8707
6192;21652
6193;15440
6193;16598
6198;15593
6198;20391
6201;22985
6204;16626
6204;13674
6206;6219
6206;20464
6208;21897
6208;15025
6209;15213
6212;17565
6212;13894
6213;12389
6214;20914
6214;6875
6215;14574
6215;7142
6217;17519
6219;19993
6220;23256
6220;22847
6226;8051
6226;15474
6227;21794
6229;14958
6229;15537
6230;9804
6234;12304
6234;7694
6236;20499
6236;11133
6239;23119
6242;7009
6247;11373
6247;9914
6248;13071
6248;14609
6250;12356
6250;10129
6252;14829
6254;16562
6254;6832
6255;20255
6258;18489
6258;13281
6261;11281
6264;20474
6264;6426
6266;15780
6268;15362
6268;7829
6269;19869
6270;23650
6270;14119
6272;8941
6272;12239
6273;12740
6273;16912
6276;16586
6276;23518
6280;18412
6280;7826
6282;15516
6282;16164
6283;13810
6283;9133
6283;9841
6284;16420
6285;7012
6285;6538
6287;19381
6289;10503
6290;17353
6290;18137
6292;9476
6292;11297
6296;13810
6297;10089
6299;19137
6299;7742
6300;9645
6300;13618
6302;15701
6305;9015
6305;12905
6308;20486
6308;13355
6310;19331
6310;19555
6314;18287
6316;8391
6316;10032
6318;19956
6318;11828
6319;12880
6320;16116
6320;18881
6324;13510
6324;8620
6333;21009
6333;7356
6335;20223
6339;23836
6339;8015
6340;8198
6341;14034
6341;10363
6344;8032
6345;15986
6346;15949
6346;10304
6350;13073
6352;12509
6353;14917
6355;12827
6356;23434
6356;9053
6358;11933
6358;13975
6360;23885
6363;17379
6363;8694
6364;22937
6364;20679
6365;22267
6365;12392
6373;7961
6376;20254
6378;11530
6378;13404
6379;11110
6379;23366
6383;11929
6383;11840
6385;13513
6387;15342
6387;18686
6392;9785
6399;18882
6399;23285
6399;23056
6403;8747
6406;16929
6406;10464
6408;9654
6408;13588
6409;6918
6409;23332
6409;17667
6410;18420
6410;23824
6410;10504
6411;19960
6415;10047
6415;10208
6415;20666
6416;23494
6416;21098
6418;19413
6419;13532
6421;9590
6425;14011
6425;11963
6426;19079
6427;9786
6428;23131
6428;10084
6429;16236
6429;17333
6431;13493
6431;14863
6432;21023
6432;8296
6434;20674
6437;11201
6440;21738
6440;18886
6443;7516
6448;11461
6449;9768
6449;8089
6453;22956
6453;18081
6454;6757
6454;22245
6457;13703
6457;21007
6460;22529
6460;17388
6461;22951
6461;6600
6464;20017
6465;22877
6469;8689
6469;20239
6469;15230
6471;6494
6474;15411
6474;23839
6476;20005
6476;17783
6477;15250
6477;13652
6478;10511
6485;12451
6485;19017
6485;9089
6486;15525
6486;22596
6490;22921
6490;10077
6492;13570
6492;13284
6493;11158
6494;20752
6494;7552
6496;20629
6497;22156
6497;23030
6503;22964
6503;6565
6506;11814
6506;11639
6507;18799
6507;8376
6510;23556
6511;20918
6513;15251
6517;20651
6517;6803
6517;18015
6518;23985
6520;20542
6525;15614
6525;18274
6527;19206
6527;8772
6528;13139
6528;7171
6534;13233
6540;21625
6540;22020
6542;17948
6542;23820
6545;16209
6545;23454
6546;20047
6550;14228
6550;6994
6551;9526
6551;7983
6554;18604
6557;9884
6557;17303
6565;22747
6569;18633
6572;17695
6574;18662
6574;22792
6575;9678
6579;11188
6579;9625
6584;22919
6584;9849
6586;24267
6586;12877
6586;7244
6588;18845
6589;24118
6589;23288
6590;19338
6590;13280
6593;13168
6595;23846
6595;7514
6600;13176
6604;22663
6604;24160
6605;16196
6605;9272
6606;11274
6607;10684
6610;18019
6610;13041
6610;23965
6612;13431
6612;17095
6617;19187
6617;11017
6623;12624
6624;21619
6624;22292
6625;8832
6631;24083
6631;20945
6635;11926
6635;21339
6637;9931
6637;20231
6638;13717
6638;17353
6642;16472
6643;21810
6649;21912
6649;8034
6654;8681
6655;19783
6656;16856
6656;8872
6663;12184
6665;12687
6665;15514
6666;9389
6667;15751
6667;21280
6669;21828
6676;16473
6676;18077
6681;8135
6691;8424
6695;17705
6695;18313
6696;13073
6697;23693
6697;18833
6698;20612
6701;11651
6701;21316
6702;15956
6703;18673
6703;12418
6705;19902
6705;18499
6707;10487
6707;17575
6710;17744
6710;8446
6712;23452
6714;20570
6714;21554
6715;23035
6715;8573
6718;6898
6718;19190
6719;14353
6720;22782
6721;22430
6721;23961
6722;10896
6722;18920
6726;14984
6736;18608
6736;21688
6737;22825
6738;7349
6742;20207
6742;21584
6743;7191
6743;21674
6746;16186
6749;8939
6751;24007
6752;18683
6754;17770
6754;24111
6754;20339
6755;15827
6755;17172
6759;9033
6766;21404
6766;20427
6769;19244
6769;16856
6771;10923
6771;7632
6772;24101
6773;16170
6774;22683
6774;19967
6784;12893
6793;11112
6795;24095
6795;14770
6795;16037
6797;23010
6797;16843
6798;10241
6800;15481
6800;15521
6803;16345
6811;8758
6811;10215
6815;10526
6818;6820
6818;19955
6820;13841
6822;19166
6822;13879
6824;8474
6825;14401
6825;7897
6828;21200
6828;12236
6832;20792
6834;7099
6835;12118
6836;18067
6836;21892
6841;18373
6845;17472
6845;18316
6856;24251
6858;8129
6858;15694
6858;13634
6859;13425
6859;21693
6861;8054
6861;15361
6864;19841
6866;21976
6866;6932
6867;21818
6869;22643
6869;18564
6871;22389
6871;15053
6871;14576
6877;13756
6877;21562
6878;13673
6880;9907
6880;17151
6882;7827
6882;22090
6883;10567
6883;23044
6887;23030
6887;17778
6889;15762
6889;23693
6900;11809
6900;15152
6903;9067
6903;23249
6906;9688
6906;7085
6907;20114
6907;15885
6910;10018
6910;21052
6910;23290
6911;19054
6911;11882
6916;22304
6916;18125
6918;17400
6923;14944
6923;19049
6928;18278
6928;12502
6932;18536
6933;17695
6936;20904
6940;9300
6941;14417
6941;7662
6943;7324
6943;19558
6945;22952
6945;17799
6945;14535
6948;11297
6954;10613
6959;23262
6965;20122
6967;8010
6967;17336
6969;17073
6969;22928
6971;18974
6972;14724
6976;22040
6976;19061
6977;24022
6977;14455
6981;16673
6982;14093
6982;19089
6984;13244
6991;14792
6991;16921
6992;21439
6993;18742
6998;12778
6999;20675
6999;9285
7006;14731
7009;13001
7010;14201
7011;10841
7012;9612
7015;21217
7015;22334
7018;8585
7018;10636
7020;9842
7020;8648
7022;24244
7024;14471
7027;15287
7029;23800
7030;8505
7031;17050
7031;14299
7034;17398
7034;8674
7038;8443
7046;23528
7049;21822
7052;16263
7053;17330
7053;23374
7055;16503
7055;11402
7060;15941
7060;20731
7062;23126
7063;19332
7063;20766
7067;16196
7071;7573
7071;11590
7073;12032
7073;7108
7075;15468
7079;7232
7084;9447
7084;17909
7085;9896
7087;17819
7087;19289
7088;22137
7088;19206
7089;15338
7096;23430
7098;10742
7098;9207
7099;8843
7101;14166
7101;15174
7103;15144
7105;7500
7105;9487
7110;14576
7110;17145
7121;23599
7121;16690
7122;9285
7123;13833
7123;10605
7124;19722
7129;16031
7129;22127
7130;16727
7130;21515
7135;16514
7138;14439
7138;17233
7140;16156
7140;9370
7141;14275
7141;22561
7142;17773
7144;22073
7144;17765
7145;15422
7147;10268
7148;8040
7148;19838
7151;16159
7151;8729
7152;11730
7152;15600
7158;20637
7159;23611
7159;10276
7160;7567
7160;10501
7163;19875
7165;14734
7168;13055
7169;23882
7172;23998
7172;21045
7174;7918
7175;10676
7175;14735
7176;20034
7176;22768
7178;21457
7181;20794
7183;23277
7183;10262
7184;10962
7185;15422
7185;13469
7188;21652
7188;9373
7191;9433
7195;13648
7195;8750
7198;8310
7204;21674
7205;20937
7206;15941
7207;8906
7207;13975
7207;7553
7212;13470
7212;19184
7213;11167
7219;20281
7221;7962
7222;11670
7222;16762
7223;17597
7226;12286
7230;11725
7230;21681
7232;13223
7232;11459
7234;19229
7235;17029
7235;17092
7237;23394
7240;11135
7240;9169
7240;17606
7241;21808
7241;12117
7244;21578
7250;19336
7250;21881
7255;15934
7255;8567
7256;23445
7258;23511
7258;14696
7258;19502
7259;15746
7259;16813
7262;24064
7262;17531
7264;20715
7264;16449
7268;8017
7268;14715
7270;21881
7270;22330
7276;14949
7278;24163
7278;15906
7280;9682
7284;7849
7284;19495
7288;10304
7289;14237
7290;20664
7290;14612
7292;12458
7293;18364
7293;15776
7294;10481
7294;16494
7296;12566
7296;9314
7298;21009
7298;10054
7299;24234
7299;7486
7301;17258
7301;18785
7305;16789
7305;13502
7306;24095
7308;20824
7308;11484
7310;9085
7321;20350
7321;8822
7324;11915
7324;22416
7325;17152
7325;16159
7326;18528
7326;15284
7332;15310
7332;14227
7332;18220
7337;8320
7337;23421
7340;23332
7340;15497
7343;9330
7343;23337
7344;20268
7344;14688
7345;15136
7345;10023
7347;12440
7347;10886
7350;16398
7353;11757
7354;15005
7355;7999
7355;12750
7356;12788
7364;16622
7364;24120
7366;17188
7366;15513
7368;8191
7368;19732
7369;9218
7369;22095
7371;23670
7371;18084
7373;18244
7373;9433
7377;10041
7377;18066
7381;21376
7383;21335
7386;21751
7386;11951
7386;10824
7387;11606
7387;15105
7392;15254
7394;15843
7394;18956
7399;13531
7402;22348
7403;8762
7403;16151
7404;11427
7404;16267
7409;23647
7409;20415
7411;17370
7411;18615
7414;18034
7426;20745
7427;19374
7427;17965
7428;13367
7433;12674
7434;14858
7435;15965
7435;23509
7436;17460
7441;17199
7442;21357
7447;16203
7450;23377
7450;20845
7451;8243
7451;10108
7454;7567
7455;14563
7455;18038
7457;16985
7457;23711
7459;21815
7459;11269
7462;15901
7462;10657
7463;18487
7464;21162
7464;10511
7465;11462
7466;22512
7467;15376
7467;20905
7468;7473
7471;15174
7471;11399
7472;21657
7472;12107
7479;12518
7484;23615
7484;9853
7486;11546
7486;11554
7487;8753
7487;13096
7494;14625
7494;23645
7500;20483
7502;20676
7511;7578
7511;15817
7512;23150
7512;23077
7512;13510
7514;11733
7515;9104
7521;9134
7521;21353
7524;21735
7525;18435
7526;13067
7526;22604
7528;14975
7531;12914
7533;9277
7540;9310
7541;16877
7541;7756
7542;16813
7542;8028
7546;19151
7549;13117
7556;8880
7556;23994
7557;8319
7558;14605
7561;16235
7561;18440
7564;14826
7564;14008
7567;22470
7567;23709
7572;18571
7572;16881
7573;10054
7578;23407
7582;9024
7583;17305
7590;23378
7590;14917
7591;18598
7592;23111
7592;7925
7592;20891
7593;13161
7594;20262
7595;17582
7604;24204
7604;15554
7607;21849
7607;21495
7613;15719
7613;21729
7622;20005
7622;23926
7624;14428
7624;8471
7629;13176
7629;7918
7631;8705
7632;22457
7634;13790
7640;14997
7640;23366
7645;18705
7645;23903
7647;11841
7647;24129
7651;16995
7651;17463
7654;20962
7655;9482
7655;14494
7658;8933
7658;8767
7660;16662
7662;14467
7663;7667
7667;21953
7669;9485
7669;13333
7670;8202
7670;17289
7675;16754
7676;22443
7676;21171
7677;22207
7682;20195
7689;14370
7689;15905
7691;10679
7691;9135
7694;13645
7701;21402
7703;21650
7706;13663
7706;20238
7711;17797
7711;21822
7716;20965
7716;14146
7717;20365
7719;19092
7719;10759
7720;19189
7724;24212
7724;14551
7724;20550
7725;21395
7725;9688
7729;8344
7736;14131
7736;19565
7737;11543
7739;11534
7745;13027
7745;14055
7748;15961
7754;15478
7755;12095
7755;22579
7755;17903
7755;9618
7756;20842
7757;17512
7757;19421
7759;17143
7760;15574
7761;18564
7761;11796
7762;17344
7763;16938
7764;23322
7764;8313
7766;20353
7779;20867
7779;16731
7781;17836
7781;16547
7781;17069
7784;22121
7784;12017
7785;10192
7787;17698
7787;7788
7789;24130
7791;12096
7791;22796
7794;8241
7794;20806
7796;16352
7796;8017
7796;23805
7799;15400
7804;9140
7804;18449
7805;18963
7805;7910
7806;17770
7811;13287
7815;22768
7815;23623
7818;17213
7818;21724
7819;19393
7819;21077
7819;23013
7820;22569
7820;20911
7827;7960
7829;20642
7830;9554
7832;15264
7832;19155
7835;19379
7836;10318
7836;11614
7843;10665
7843;20319
7845;10476
7849;19806
7854;15382
7854;9768
7855;16110
7855;8607
7857;14844
7858;21863
7858;12666
7859;11468
7859;12793
7861;14862
7863;17863
7866;9305
7868;14799
7869;15126
7874;11216
7876;8775
7876;23055
7878;16907
7882;11184
7882;13716
7884;9590
7884;17854
7886;17508
7898;11248
7898;10982
7900;14301
7901;17709
7901;12935
7904;13203
7904;8745
7905;15253
7910;18734
7919;8896
7919;14958
7922;15712
7925;19767
7931;8222
7931;9685
7932;11083
7932;15623
7933;16508
7934;20996
7935;10085
7935;13322
7936;11412
7939;20625
7939;9440
7949;22668
7956;23298
7956;18420
7957;12210
7957;19995
7959;15836
7959;13641
7960;8486
7964;13748
7969;23196
7971;11743
7971;18598
7973;22127
7973;17683
7973;20164
7978;20295
7978;23501
7981;16447
7981;23742
7991;15204
7991;13347
7992;21474
7993;9609
7993;21395
7994;8942
7994;15849
7997;14275
7999;22979
8007;10891
8007;13030
8009;8046
8010;20338
8014;9585
8015;11237
8016;15361
8016;15646
8018;10262
8023;17798
8023;12253
8026;8809
8027;22842
8029;19417
8029;24057
8032;15580
8032;21951
8038;18737
8038;13935
8042;16320
8042;20223
8043;11097
8043;10364
8045;9512
8047;17261
8051;16682
8056;21300
8058;22024
8059;11960
8060;20199
8060;23341
8061;23430
8061;21911
8062;22366
8062;20392
8063;15052
8064;9153
8064;19412
8066;12212
8075;13102
8076;16089
8078;19049
8080;23355
8080;13286
8081;16035
8081;17237
8083;23047
8086;21924
8089;15503
8092;8610
8092;11893
8095;8607
8095;8545
8098;23552
8098;15123
8101;11849
8103;19190
8107;13428
8108;23966
8108;17402
8110;23782
8110;12657
8118;16470
8118;19021
8120;12823
8120;8179
8121;8247
8122;20332
8126;21085
8128;15762
8129;8800
8129;17810
8135;18141
8136;14596
8141;21925
8141;16978
8144;14057
8144;9814
8149;12437
8151;20842
8154;9824
8154;12777
8157;11265
8158;12856
8159;21308
8159;9482
8160;11795
8160;22448
8161;22665
8161;22149
8166;19807
8166;16111
8173;20979
8173;13158
8174;14243
8177;14948
8180;18890
8181;10753
8182;11499
8182;21422
8183;22786
8191;22935
8192;19385
8198;22269
8201;15010
8202;13293
8221;22154
8221;15530
8226;10951
8228;23073
8232;13909
8232;23596
8237;20039
8238;11229
8238;18087
8239;15466
8241;13513
8242;22427
8246;12093
8247;22393
8248;8889
8248;15588
8250;11809
8250;9043
8256;16123
8256;20575
8259;16115
8263;14838
8266;13339
8272;20211
8272;21815
8274;17341
8278;13784
8278;17790
8279;22582
8284;8690
8284;17652
8292;12858
8293;16941
8293;9530
8295;18123
8297;12826
8297;12914
8298;20489
8300;13997
8301;23363
8301;23377
8304;10849
8304;15689
8306;20316
8309;17075
8311;18886
8311;17981
8312;22777
8312;23507
8318;17752
8319;8619
8320;20270
8327;13822
8327;22812
8328;9310
8328;16171
8334;8487
8334;13686
8338;18232
8338;21456
8344;14770
8346;21052
8346;9359
8349;22024
8350;9508
8350;20061
8353;13515
8353;8708
8354;23731
8355;8840
8355;17090
8360;16488
8360;23966
8362;11553
8365;12292
8365;18438
8367;19701
8367;22998
8368;14015
8368;20785
8370;16013
8370;12644
8380;19645
8380;21702
8380;13779
8381;9746
8386;11126
8389;22417
8391;19495
8393;15420
8395;12336
8395;11499
8396;10478
8396;13462
8397;18974
8399;9703
8399;22544
8401;13407
8401;20439
8401;21338
8401;8550
8403;21668
8406;22186
8406;22163
8417;23653
8419;9595
8420;15031
8421;19201
8421;8708
8421;18452
8424;12267
8426;15696
8426;15360
8433;8509
8434;15537
8438;19303
8441;11059
8443;12035
8445;17138
8452;13269
8453;14821
8453;15956
8456;12630
8458;12306
8458;12561
8461;9504
8466;14430
8468;23415
8468;24198
8473;23074
8474;15351
8479;21832
8479;14650
8481;8715
8482;8531
8482;19644
8484;17439
8484;17285
8485;16259
8485;22846
8487;22983
8489;14166
8489;13292
8492;10189
8496;10075
8496;13907
8499;13442
8499;17814
8500;15703
8500;15280
8502;17100
8503;8648
8506;22284
8508;19489
8514;18002
8516;22947
8516;20308
8517;21276
8517;12339
8518;12659
8518;14664
8518;22931
8520;19108
8520;11850
8521;17258
8525;20452
8527;21524
8529;18786
8529;11387
8531;20016
8533;20599
8534;13792
8534;16408
8535;19430
8535;22639
8538;18993
8539;18388
8539;12308
8540;20028
8540;24133
8543;17790
8545;17990
8550;22888
8553;14343
8553;13383
8560;15269
8561;23068
8561;9391
8562;9049
8567;17526
8569;16275
8569;23685
8570;19436
8572;20906
8577;14758
8577;13519
8579;15483
8585;9975
8595;19346
8600;13078
8601;12592
8610;9213
8614;9185
8615;23084
8618;17893
8621;17329
8621;22159
8623;11401
8624;10053
8625;22417
8625;18060
8628;8776
8628;10380
8632;19281
8640;22006
8649;16036
8649;22748
8657;8807
8657;14067
8659;24103
8660;23916
8664;16945
8667;20153
8669;15667
8673;18199
8676;12173
8678;21859
8680;13623
8680;17052
8681;16680
8683;12877
8686;22606
8686;20015
8688;15936
8688;14010
8689;10308
8689;10444
8690;13911
8691;18536
8691;18640
8693;10619
8694;16788
8705;21460
8707;13630
8710;13899
8710;23902
8719;15523
8719;14423
8720;22594
8720;22258
8723;24002
8724;14688
8724;13490
8726;14564
8726;14622
8729;18398
8732;14846
8732;21279
8734;10709
8735;17311
8735;13374
8736;17262
8736;10192
8736;23037
8744;21127
8744;11204
8750;12781
8752;14155
8752;19207
8753;8882
8754;18793
8754;16533
8758;11110
8759;10077
8760;23109
8762;10562
8767;21184
8772;14556
8773;18405
8775;15456
8776;9961
8777;20289
8777;9875
8778;9683
8782;15873
8784;10297
8788;10252
8788;19745
8797;15410
8797;22632
8798;22482
8800;23244
8801;14800
8801;16692
8802;11472
8802;21327
8805;21848
8805;21256
8807;16686
8812;24255
8812;16016
8813;21409
8814;10357
8816;19125
8817;15374
8819;19357
8821;10458
8832;17088
8840;14867
8843;23749
8846;10672
8847;20528
8847;14103
8848;13955
8849;13680
8849;16889
8855;8969
8857;17336
8857;21398
8858;16101
8862;22051
8862;16882
8864;17838
8864;17057
8864;19016
8873;22919
8876;17822
8876;15376
8877;22977
8880;9251
8882;20435
8885;19919
8885;18793
8886;13861
8886;23831
8887;13727
8887;11450
8888;14617
8888;19655
8890;20969
8890;15469
8892;16895
8892;17358
8894;11727
8894;13578
8898;12911
8898;11731
8900;10285
8900;16154
8905;10683
8906;11933
8911;22714
8911;21001
8919;20827
8919;21169
8920;22774
8920;16314
8922;13337
8927;17128
8933;13774
8936;18657
8936;13719
8939;20232
8941;9037
8942;16164
8943;15949
8943;11588
8958;11416
8958;9442
8958;19123
8960;11565
8961;22596
8966;13899
8967;22357
8967;21227
8979;21190
8983;15868
8984;15006
8984;10104
8985;22613
8987;18901
8987;14606
8991;12274
8992;16253
8992;22112
8993;19718
8993;9884
8996;9748
8996;9871
9007;19957
9007;16369
9008;20678
9008;16165
9015;19291
9015;9488
9019;15338
9019;15876
9020;16910
9022;21271
9023;20609
9023;16710
9024;17245
9025;23731
9030;13641
9030;14944
9033;22893
9037;21812
9038;21671
9040;21040
9040;16621
9041;15025
9041;14742
9041;11809
9042;21486
9043;14396
9046;16600
9046;13689
9046;19616
9047;23586
9050;21809
9050;11157
9052;9421
9053;18117
9058;23422
9058;15219
9061;18259
9061;12348
9062;11792
9063;11393
9066;15641
9067;17211
9068;15392
9073;16936
9074;12545
9080;16327
9080;19681
9084;10937
9084;20979
9089;19143
9094;15302
9094;15094
9095;21992
9095;17671
9096;18572
9096;11695
9097;18910
9097;14260
9098;22645
9101;15098
9104;17481
9108;19952
9110;12458
9110;18263
9115;13068
9115;12711
9116;16913
9116;14444
9123;23104
9125;11845
9126;17743
9128;22678
9128;16888
9129;22125
9130;20055
9133;12236
9134;22504
9134;12831
9134;10691
9135;21982
9139;9924
9139;19103
9140;19444
9142;14005
9147;12090
9150;20608
9150;18212
9151;9615
9153;10578
9154;13138
9154;14404
9156;12098
9156;23797
9157;17900
9157;22003
9158;22924
9158;11991
9167;18075
9167;22239
9169;18297
9170;20979
9177;21800
9177;20220
9185;23263
9191;15029
9202;16016
9207;14779
9208;9376
9208;18174
9216;18034
9216;18565
9217;15734
9217;18142
9218;9314
9220;18259
9220;23822
9230;10707
9230;11173
9231;18676
9232;13623
9234;18709
9234;9897
9236;24246
9237;19468
9237;13187
9237;16263
9239;20666
9239;11472
9239;18390
9243;13879
9243;20676
9245;20814
9246;20421
9246;13888
9247;13689
9248;11637
9248;12520
9251;20331
9253;12361
9253;14109
9254;23595
9254;12556
9259;19059
9260;18702
9260;14087
9261;10409
9261;19959
9264;15108
9264;21061
9265;22330
9265;16877
9267;17572
9272;19939
9275;17151
9275;10955
9276;19266
9277;12822
9283;13901
9288;14230
9288;23712
9289;20584
9291;23751
9294;19735
9295;19481
9295;22207
9298;20993
9298;16637
9299;13361
9299;23413
9300;14170
9303;19184
9304;11955
9306;22163
9306;20346
9310;11856
9327;13179
9327;15032
9329;10509
9329;23599
9330;13220
9335;13426
9335;21797
9341;17688
9345;12657
9345;16317
9347;14275
9349;16904
9349;17397
9358;13329
9358;23459
9359;11649
9363;22915
9363;19316
9363;20524
9369;12069
9370;16382
9373;20286
9376;10338
9378;20430
9381;14085
9384;16723
9387;11926
9387;22982
9389;11483
9391;18629
9393;10585
9393;9535
9395;20989
9395;12375
9398;22795
9402;20342
9405;23583
9405;18716
9415;18539
9415;20862
9416;22434
9416;9458
9416;21645
9417;20049
9420;12409
9420;9910
9421;21208
9423;16374
9424;15259
9424;23419
9426;20961
9427;18481
9429;14265
9431;11817
9431;20474
9434;20080
9440;19761
9444;12124
9446;15293
9447;16534
9450;18287
9452;12984
9452;13537
9454;12100
9454;16320
9456;12373
9456;21203
9456;15056
9458;13350
9460;14756
9476;19915
9484;15521
9485;17555
9486;10418
9486;16103
9487;11735
9488;13730
9490;20489
9494;21098
9494;12633
9495;15815
9496;20454
9502;22141
9504;23710
9512;16408
9513;16648
9513;11765
9516;20307
9521;20959
9522;13284
9522;14273
9525;9939
9530;20826
9531;20711
9534;15912
9534;16562
9535;21173
9544;16134
9547;22859
9549;17068
9549;13044
9550;21909
9550;10076
9557;11347
9560;10396
9560;22718
9563;22282
9571;18162
9571;12289
9579;13727
9580;18493
9580;17730
9582;12060
9585;18318
9588;21045
9590;11680
9590;15580
9595;11525
9597;24267
9599;21144
9599;23886
9601;18040
9602;10690
9604;12654
9605;18641
9605;12698
9609;12155
9610;19716
9610;23847
9612;21234
9613;10822
9614;20615
9615;16039
9617;20814
9623;9993
9625;10244
9626;17760
9626;17809
9626;18384
9626;22621
9629;12856
9636;15365
9636;10261
9645;17732
9646;17849
9646;23640
9647;21625
9647;23624
9648;10147
9648;20947
9654;23420
9657;19276
9657;16420
9659;22997
9659;24114
9662;14880
9662;20518
9665;13830
9666;12519
9666;11566
9667;12495
9667;15604
9669;16628
9670;13626
9671;18622
9672;20497
9672;14408
9675;17505
9677;11027
9677;17696
9678;23881
9680;21229
9680;21947
9680;16363
9681;13631
9681;17737
9686;15127
9686;15696
9688;18661
9688;12275
9690;16444
9690;21234
9691;14103
9693;15890
9693;11781
9694;11463
9697;14468
9697;14514
9699;12091
9699;18653
9703;13211
9704;14433
9705;13836
9705;14069
9708;13694
9708;22133
9714;23652
9715;16637
9717;17273
9717;13098
9720;14530
9720;17460
9721;13395
9721;20763
9722;22076
9722;14348
9725;10526
9729;23797
9729;10669
9737;21783
9737;13950
9740;21850
9740;17582
9745;20069
9746;20900
9747;23767
9748;22768
9750;12827
9754;20058
9756;14005
9756;11990
9762;16223
9762;13898
9763;21736
9763;11805
9774;17556
9774;21973
9775;22868
9777;12056
9783;15632
9785;14245
9786;16571
9789;24112
9795;19452
9795;23846
9799;15421
9803;14360
9806;18316
9806;10181
9807;16186
9807;17676
9809;15876
9812;12249
9812;19618
9814;21721
9824;21634
9825;19328
9825;16295
9827;15043
9827;13900
9830;10196
9830;18008
9837;22675
9837;10843
9842;15935
9843;13012
9849;12800
9851;18051
9853;11573
9856;12420
9856;14263
9856;18963
9859;21338
9862;23598
9862;19667
9862;22533
9872;22338
9880;14854
9882;10816
9883;20486
9883;21786
9883;16627
9887;15213
9887;16902
9891;24127
9891;23664
9894;15489
9894;14513
9896;18014
9897;14406
9900;21387
9900;15934
9902;13926
9910;11458
9912;15849
9912;20000
9914;11079
9917;22539
9926;21576
9926;16799
9927;22667
9927;21959
9928;21433
9928;17788
9931;13662
9933;24027
9939;9986
9943;11044
9944;22933
9944;13589
9945;20679
9947;22973
9951;20188
9951;13755
9953;23939
9954;12011
9955;16304
9957;22114
9966;22038
9966;17602
9967;24078
9967;23650
9968;19532
9968;20012
9970;13397
9974;24267
9978;17971
9978;20516
9985;24235
9986;14370
9988;17477
9988;10090
9991;23414
9991;10386
9993;14752
9996;23751
9999;23176
9999;21131
10003;14312
10003;23815
10005;15480
10010;22616
10011;14595
10018;19586
10019;20633
10023;18506
10024;23509
10032;15261
10039;18085
10051;12633
10051;22951
10053;17232
10055;14838
10055;23305
10057;21263
10058;11473
10062;10142
10063;15831
10072;16646
10079;18813
10079;22156
10080;11628
10082;11250
10082;21600
10083;15994
10083;19723
10084;22171
10085;23923
10087;10761
10087;14831
10089;20396
10090;18559
10091;16902
10091;12067
10093;17738
10093;10302
10100;10198
10100;10232
10106;16859
10110;18316
10110;12654
10112;13876
10118;10892
10118;14057
10130;12875
10132;19410
10132;14060
10133;12257
10133;12336
10142;20761
10144;18381
10144;13200
10147;16386
10150;12019
10150;20637
10151;11052
10152;19522
10152;19699
10154;14018
10154;14217
10161;18217
10162;19727
10163;23317
10164;13728
10164;23855
10165;19605
10165;14604
10166;22608
10166;14996
10169;11369
10171;15040
10171;19474
10178;11305
10181;20674
10184;17009
10190;14294
10192;13925
10199;10330
10199;13558
10205;10251
10207;11073
10207;12058
10210;21140
10214;23713
10214;11814
10216;11444
10219;20633
10219;16418
10221;21043
10222;17279
10227;18955
10231;18744
10232;18901
10235;15915
10235;23641
10237;12226
10237;10383
10237;22989
10241;14822
10244;22902
10245;12800
10245;18123
10246;14568
10246;16687
10248;14431
10251;21217
10252;12285
10254;19061
10254;18856
10256;18937
10258;19852
10258;23701
10261;15745
10263;14392
10263;12273
10268;16784
10271;19147
10273;10708
10274;17609
10274;18369
10276;12908
10288;10692
10288;14481
10291;16953
10293;10885
10294;17571
10294;12321
10297;11450
10297;11145
10302;17917
10303;19401
10303;14540
10308;11048
10317;11258
10318;17062
10318;24070
10323;13531
10323;16937
10325;11954
10326;18953
10329;22952
10332;13337
10341;11891
10342;10955
10342;23154
10343;22687
10343;10641
10348;12114
10351;15810
10353;22712
10353;22350
10355;20597
10355;24011
10356;19492
10356;11489
10357;23185
10359;13079
10362;20989
10362;20793
10363;18959
10364;14426
10364;20094
10366;23597
10366;14596
10371;13480
10371;18583
10372;15179
10372;19724
10376;14441
10376;11792
10379;16211
10380;16820
10381;23049
10383;19387
10386;20281
10388;18446
10391;11185
10395;22376
10396;12788
10397;19642
10397;12752
10398;13662
10406;10700
10406;12373
10410;12519
10410;21743
10412;21753
10416;15530
10416;16859
10418;18540
10420;11062
10420;11426
10422;12254
10422;22791
10425;23944
10425;24087
10432;17410
10434;10841
10440;22159
10440;14778
10441;20016
10443;20981
10446;17763
10448;21083
10449;19818
10449;23345
10450;23881
10456;16338
10458;22532
10464;11960
10468;20637
10469;11598
10469;13425
10470;16886
10470;20473
10475;16226
10475;14310
10476;15921
10478;21474
10480;12226
10483;21367
10484;21685
10484;13183
10485;12509
10485;14799
10487;23020
10488;18024
10488;22046
10489;23947
10489;21618
10503;14542
10504;12795
10505;20441
10510;23007
10512;15658
10517;13703
10519;14468
10522;18603
10522;18112
10530;14343
10530;19591
10538;16443
10539;11463
10540;14098
10540;15323
10547;15140
10551;16440
10551;17368
10551;17277
10556;24204
10559;17257
10559;18119
10562;15863
10562;15412
10567;13908
10567;17967
10569;17999
10574;15842
10575;17540
10578;11619
10582;19503
10585;14096
10586;12734
10598;11021
10603;22693
10604;17302
10604;12441
10609;11126
10613;22520
10615;11404
10617;22032
10617;14562
10618;20436
10619;23425
10623;21182
10625;16728
10628;15157
10630;18371
10633;13731
10633;23705
10635;19344
10635;20969
10637;11019
10637;15970
10638;11124
10640;14896
10641;14361
10655;15734
10657;19533
10672;12105
10673;17431
10673;23986
10675;11493
10675;11139
10676;16071
10679;18961
10683;21130
10685;23194
10685;13424
10690;12239
10692;24127
10693;15868
10693;22149
10694;21963
10695;20805
10695;23262
10701;22594
10704;16224
10704;13663
10707;21353
10715;22350
10715;21194
10719;17463
10719;18154
10719;17466
10719;19338
10723;11092
10726;10753
10726;21940
10728;23824
10728;14271
10733;24037
10736;13661
10736;23647
10737;16955
10737;21323
10741;22915
10741;23493
10742;24008
10743;19349
10747;13262
10747;23260
10752;19923
10752;16974
10758;12118
10758;23463
10759;16445
10768;19517
10770;14357
10770;16626
10779;18326
10779;20702
10781;12357
10784;18813
10786;21830
10789;13595
10789;16488
10793;16400
10793;17171
10794;16492
10794;11415
10795;21266
10795;12315
10798;19595
10798;21800
10802;15936
10803;15176
10803;24026
10805;22073
10805;17482
10806;14236
10806;24261
10812;20555
10813;19727
10813;19291
10814;13087
10814;20925
10816;22334
10817;14735
10817;20382
10819;23542
10819;11359
10822;18286
10828;14425
10828;20911
10837;17689
10837;19082
10842;20464
10842;20422
10843;15557
10849;11649
10849;13364
10850;15774
10860;18297
10862;19325
10864;14037
10864;16682
10865;17981
10865;20793
10868;12831
10869;11157
10869;23446
10872;13507
10872;14722
10875;24241
10876;11997
10876;14709
10879;15466
10880;13041
10881;13383
10881;17637
10886;17836
10887;15836
10888;18780
10901;13003
10902;18820
10902;20943
10902;22370
10906;12520
10908;14785
10908;21022
10909;20802
10909;15843
10918;17838
10918;15678
10920;12304
10923;17188
10927;20168
10927;11958
10928;14168
10928;16124
10934;18979
10935;21484
10936;20941
10937;12873
10938;18416
10938;16061
10940;15828
10940;19114
10951;16017
10954;22905
10954;17398
10954;15719
10967;12734
10967;13214
10968;23949
10968;11493
10971;11591
10971;20767
10974;13270
10974;15876
10979;11542
10980;18487
10980;11625
10982;19081
10983;15369
10989;17989
10989;21004
10992;21350
10992;18305
10994;16522
10994;23504
10995;20058
10995;14727
10995;11260
10998;22862
10998;19496
10999;12203
11000;11222
11000;23621
11003;17799
11013;15830
11015;19324
11016;22624
11017;19633
11020;22891
11021;19622
11024;18695
11025;12032
11025;22627
11027;18263
11034;17400
11036;19104
11036;11154
11037;21821
11041;20391
11041;12301
11044;19044
11048;12058
11049;23522
11056;14301
11059;16430
11059;22302
11065;18653
11073;17100
11082;24214
11082;17194
11083;14928
11087;19012
11087;20832
11090;16849
11090;12798
11092;11781
11102;11561
11102;11274
11103;13979
11103;18835
11105;20649
11105;16424
11107;19101
11107;15215
11109;17783
11112;21070
11114;14250
11119;24244
11121;13145
11123;24011
11129;18677
11130;11832
11130;22589
11135;17659
11138;13557
11139;13768
11140;15215
11144;22933
11144;23303
11151;18785
11151;18164
11152;13989
11153;22696
11153;14892
11154;22766
11156;24070
11156;15032
11165;13365
11165;15416
11171;23111
11179;22931
11179;23020
11185;22101
11188;23946
11191;21911
11194;21504
11194;21894
11195;18294
11200;21751
11202;24064
11203;20989
11204;15255
11207;11951
11210;17572
11210;19795
11215;11306
11216;21108
11222;13774
11222;13079
11222;18572
11223;19133
11223;19797
11225;17918
11225;13228
11229;21751
11231;11402
11231;22252
11232;16120
11234;23901
11239;19353
11241;12046
11241;16035
11242;23009
11247;18706
11250;21375
11254;13334
11256;12079
11256;19362
11258;13936
11259;21810
11260;12482
11264;22965
11265;21717
11268;18888
11269;18977
11277;15906
11277;23565
11278;19853
11278;12645
11282;22370
11282;14522
11283;16118
11283;11343
11284;22160
11284;18400
11289;20767
11291;21458
11295;17457
11295;12286
11304;17169
11304;13167
11305;13178
11306;21421
11321;21810
11330;18428
11337;11450
11337;13087
11338;19456
11339;23938
11339;16100
11346;15337
11346;20627
11347;17038
11355;13846
11356;21854
11356;15187
11359;18087
11366;23189
11369;16130
11372;19136
11373;20863
11386;21645
11386;19257
11387;11774
11390;23249
11394;13766
11396;16357
11396;14014
11401;13477
11404;21553
11408;20127
11408;22942
11409;20153
11415;13729
11416;21711
11420;23578
11423;17626
11424;20965
11425;16542
11425;22726
11430;21429
11431;18136
11431;16990
11433;15337
11438;15404
11443;21350
11443;14910
11444;20439
11447;15815
11447;16399
11448;22995
11451;20498
11457;22529
11458;18573
11462;22651
11462;13642
11463;22378
11463;17000
11464;12175
11464;19931
11464;16206
11464;21903
11467;17216
11467;14250
11468;20831
11472;19980
11472;20563
11473;17811
11474;14376
11474;18044
11483;11557
11483;21660
11485;23713
11487;23425
11488;12261
11488;21369
11489;19912
11491;12771
11491;24111
11492;23690
11492;13631
11498;13137
11505;22623
11505;12396
11505;19924
11510;21778
11513;12815
11514;19536
11514;17813
11518;22830
11518;19783
11519;16155
11519;13023
11519;12425
11523;15559
11523;13525
11529;20627
11530;18078
11534;23436
11534;16297
11534;13303
11536;18578
11536;16140
11541;19353
11541;15212
11542;22632
11543;16662
11547;13231
11547;22066
11548;17809
11552;18142
11553;14553
11554;17764
11554;17687
11555;23687
11555;11592
11564;21951
11564;17563
11565;17227
11575;20565
11576;18953
11581;17062
11581;15326
11583;23529
11583;15220
11588;14119
11590;17329
11590;12934
11591;14760
11591;17869
11593;20104
11593;13997
11595;23410
11596;20478
11598;14047
11603;23614
11605;23171
11605;13223
11605;23923
11606;14247
11608;18174
11608;18462
11611;18610
11611;13174
11614;20422
11615;20082
11615;17378
11615;18868
11617;17642
11617;11715
11619;17254
11627;13375
11628;14929
11629;21977
11634;14731
11636;20094
11637;11709
11638;18421
11638;23493
11641;18989
11641;24118
11642;13824
11642;12993
11643;24035
11645;20892
11645;13494
11645;17200
11647;16095
11647;17095
11658;15468
11658;17482
11663;12842
11665;12393
11670;17823
11673;23428
11673;23527
11673;14380
11678;18914
11693;17375
11695;23413
11698;14983
11703;23329
11703;15733
11704;14217
11705;24252
11709;20078
11715;17171
11718;20769
11718;19753
11726;13456
11727;16258
11730;18268
11731;16625
11733;21561
11735;17468
11740;16455
11740;22953
11744;16202
11744;12977
11746;20802
11747;16070
11750;12363
11754;16478
11754;15116
11757;14535
11757;11837
11762;15472
11762;14041
11765;16633
11766;21980
11769;12818
11773;12255
11774;20213
11777;13796
11781;23982
11782;14952
11784;18930
11784;15287
11788;18393
11795;12466
11795;16685
11796;17031
11799;24135
11799;19777
11802;16673
11802;17771
11805;18820
11806;15279
11806;11817
11808;22476
11815;16102
11815;12020
11816;22948
11819;12587
11819;20127
11823;12291
11824;20489
11825;20815
11828;20737
11830;22130
11832;19093
11834;12328
11835;19911
11836;14650
11836;12096
11837;15310
11839;12798
11840;18666
11841;14472
11845;19136
11845;21182
11849;19884
11851;16681
11851;14821
11852;19147
11852;19475
11853;19666
11856;13640
11865;19502
11868;24270
11869;16221
11869;12640
11876;12678
11880;14986
11882;15472
11883;11943
11884;14286
11886;21560
11891;21976
11893;22312
11893;12054
11895;13840
11902;20999
11902;19717
11903;22619
11906;15667
11910;13768
11910;23832
11916;23778
11920;12606
11922;22730
11922;22929
11929;19231
11930;22183
11933;14523
11934;23194
11934;16871
11934;15489
11942;12595
11942;12537
11943;16667
11944;20107
11944;21135
11949;16685
11949;22130
11950;14816
11950;20091
11954;22704
11954;14221
11954;16373
11955;20633
11958;21519
11959;15495
11960;22535
11967;17128
11972;17836
11973;22162
11973;22319
11980;13026
11983;23351
11983;21646
11984;13354
11991;12274
11994;13162
11997;13914
12011;12207
12017;13138
12032;21296
12035;19281
12037;24208
12039;16147
12046;23843
12052;17597
12054;12582
12059;18244
12060;24177
12061;15239
12069;15780
12079;18044
12080;15952
12080;13722
12087;14293
12093;17409
12095;23902
12098;19911
12101;23005
12115;15577
12118;21782
12124;12210
12129;21011
12130;23862
12130;19055
12136;21798
12136;13932
12137;13329
12137;16591
12139;24176
12141;14497
12144;20489
12148;12698
12151;16040
12155;14970
12155;20755
12157;24127
12158;24234
12166;23624
12166;12676
12167;22945
12170;16292
12171;20392
12171;12381
12175;15627
12178;13898
12178;18912
12185;19766
12188;17948
12188;23820
12189;18047
12189;21042
12191;15796
12194;20836
12194;12281
12202;18006
12205;14157
12206;23498
12212;21924
12214;12725
12214;22392
12217;20950
12220;20111
12220;19280
12227;24251
12229;15797
12229;17729
12231;16328
12231;22947
12238;21640
12240;23156
12242;23027
12243;16835
12249;12953
12254;20356
12257;16470
12267;20447
12267;19534
12270;19053
12270;17876
12271;19852
12273;12457
12276;15919
12278;13476
12278;21698
12281;17571
12288;21007
12288;18617
12292;16382
12296;12597
12297;19639
12297;13830
12299;17714
12299;13784
12300;12434
12302;20223
12302;21239
12306;15073
12308;14574
12310;23950
12311;19518
12321;12322
12322;18253
12326;15601
12328;19522
12329;14832
12331;17009
12332;15272
12334;23405
12339;14364
12341;13995
12341;21961
12346;19016
12346;12905
12354;17909
12354;24027
12355;22862
12355;14677
12357;20906
12363;14633
12372;17088
12372;20646
12375;22523
12376;13270
12378;12923
12380;20487
12392;19663
12393;21087
12398;21136
12399;18067
12409;13431
12409;14058
12410;22345
12410;21343
12418;16732
12425;17068
12428;24121
12428;12928
12430;13755
12430;18078
12434;18199
12437;23871
12438;17643
12440;20382
12445;16082
12445;14600
12451;24010
12452;17877
12452;16633
12452;20796
12452;17457
12453;24256
12456;15970
12464;18423
12464;18805
12466;12861
12472;22292
12472;13557
12482;21355
12483;22303
12483;17168
12493;15810
12493;22197
12495;18101
12495;22498
12502;23243
12505;24087
12507;22900
12518;15584
12519;21617
12519;18517
12526;19444
12526;18573
12537;13523
12539;17555
12539;23370
12540;20238
12540;19901
12544;15227
12544;23421
12545;15379
12547;13716
12553;16053
12561;21870
12563;23871
12563;18909
12566;24082
12566;23956
12569;22561
12569;23420
12576;18537
12577;22806
12582;23553
12586;13462
12587;23374
12590;19792
12592;21271
12597;18295
12605;20011
12614;15516
12614;15549
12614;19915
12615;13455
12616;23842
12616;18363
12616;18047
12622;21979
12624;18585
12625;19219
12625;12691
12627;12977
12630;13337
12633;18657
12633;17084
12639;18770
12639;24078
12640;17476
12640;18446
12642;17555
12644;17583
12645;18437
12649;19335
12653;20454
12653;22438
12659;21723
12661;20332
12661;17169
12662;17490
12678;20183
12680;18382
12682;16447
12686;14490
12687;17347
12691;18915
12693;23206
12695;13051
12699;16639
12699;14230
12702;21535
12711;17631
12712;12829
12712;15266
12723;14612
12723;18707
12725;21946
12726;13308
12726;22552
12734;18904
12737;16732
12740;22284
12741;13532
12746;22894
12750;15921
12752;16849
12754;22221
12754;13015
12755;23815
12757;18424
12757;15548
12759;20489
12761;17195
12761;21805
12763;18690
12763;22269
12769;14531
12769;13906
12776;21031
12778;12782
12781;14077
12782;13115
12786;14357
12787;20437
12788;20979
12789;18700
12790;21202
12790;12879
12794;23412
12795;22007
12802;15330
12802;15033
12812;15707
12812;13871
12813;16588
12813;14410
12815;23489
12816;21226
12818;13797
12819;22896
12823;20296
12827;22942
12827;22136
12827;13635
12829;17381
12835;14065
12835;22678
12838;21375
12842;20545
12843;13037
12849;12868
12852;24250
12852;20608
12858;15323
12861;17860
12862;21751
12862;12959
12863;19044
12863;24073
12867;23870
12867;19357
12870;21660
12873;22734
12876;14513
12876;20936
12877;15890
12877;22328
12878;15743
12878;13204
12879;24073
12880;15706
12884;15181
12892;20715
12893;13930
12894;14976
12895;20955
12895;16275
12896;20004
12899;22544
12899;19199
12899;12937
12902;14677
12907;15958
12910;19923
12911;20132
12911;24004
12911;19176
12915;16686
12923;13728
12930;13078
12933;16470
12933;16011
12934;18435
12935;13372
12935;20063
12939;14771
12939;19721
12939;18326
12948;22549
12948;13378
12953;18343
12959;15077
12966;20728
12966;15185
12969;13413
12971;19493
12973;22928
12975;18868
12975;23402
12983;15461
12984;19428
12993;13507
12997;18464
12997;23850
13001;13174
13003;16675
13003;16815
13004;18363
13004;20855
13009;15076
13009;18424
13012;15151
13015;18409
13023;16973
13026;20254
13035;22549
13035;16199
13037;15113
13037;13815
13038;14430
13040;14441
13042;17092
13044;22499
13051;23463
13052;22526
13055;20404
13055;17254
13057;13520
13067;15701
13068;21562
13069;21894
13069;13233
13076;14680
13076;21971
13096;22512
13102;15892
13103;16200
13103;13694
13104;13509
13108;22932
13111;16089
13111;24017
13114;14576
13115;19241
13117;17359
13124;16199
13126;21907
13126;17410
13126;17872
13127;13857
13127;14110
13128;16197
13130;15894
13130;15665
13135;24270
13137;14559
13139;18407
13141;15946
13153;15635
13161;18982
13163;24002
13163;19493
13170;17606
13170;19605
13171;20940
13178;19268
13179;20804
13183;16123
13187;16663
13188;16668
13188;14302
13200;17607
13200;22087
13203;23824
13204;20578
13206;16292
13206;16278
13211;17135
13213;23361
13213;18024
13214;13358
13215;20044
13215;18852
13220;19722
13234;23527
13234;19491
13239;18873
13239;17609
13243;17429
13244;19081
13251;21580
13251;23131
13252;17831
13255;22841
13255;13913
13262;15345
13267;23911
13269;21112
13276;23652
13280;14401
13286;21108
13287;13940
13293;20891
13294;17127
13295;23037
13302;22072
13302;13481
13308;23994
13309;16789
13318;15643
13323;17738
13326;18117
13327;23388
13333;15705
13334;20875
13336;13478
13339;16412
13340;22077
13340;21242
13346;14372
13346;18439
13347;23957
13354;20557
13355;13398
13355;14450
13357;13475
13357;23101
13357;18906
13364;14830
13365;16973
13378;17113
13382;19598
13391;15543
13395;17934
13397;20092
13398;14798
13402;15946
13403;18687
13404;19201
13405;23138
13410;22317
13412;23337
13418;22137
13418;23398
13424;19303
13426;16205
13426;14372
13426;14560
13427;20375
13427;14066
13428;16436
13439;24184
13447;13630
13450;18223
13450;15169
13452;15188
13453;23259
13453;21186
13455;15577
13465;18017
13466;16586
13467;19796
13469;15302
13470;21535
13470;20257
13471;23406
13473;18025
13475;18641
13476;14254
13479;21706
13479;18902
13480;20109
13481;14829
13488;17512
13489;18001
13489;23368
13490;21711
13492;16835
13494;15717
13496;22552
13502;17288
13503;19029
13506;15639
13506;14314
13512;17656
13515;13822
13518;19870
13519;17275
13520;21721
13523;21782
13525;14897
13529;23025
13529;16308
13530;15169
13531;21199
13535;16110
13536;23831
13536;15422
13537;20052
13560;21977
13560;14747
13563;16122
13566;16882
13569;20714
13570;23538
13571;21495
13571;18996
13575;13781
13581;22722
13581;21393
13588;14273
13589;22689
13590;14375
13595;20369
13597;22830
13604;15191
13604;15350
13604;13794
13607;18165
13609;20981
13609;17305
13610;14887
13613;21751
13613;18798
13616;21350
13616;16396
13619;20353
13619;16792
13623;23006
13624;15776
13624;17252
13626;17593
13627;19879
13627;23552
13634;16933
13638;21812
13638;20703
13646;22821
13648;15885
13651;24076
13654;18722
13666;17761
13666;13878
13667;19385
13673;22447
13680;19108
13684;17515
13684;20399
13686;20068
13696;14588
13700;15050
13700;20121
13704;19359
13704;23073
13705;24083
13709;18920
13709;19886
13717;23590
13717;23442
13717;20271
13717;15655
13717;20727
13718;21087
13719;17773
13722;22841
13729;23611
13730;18916
13731;15325
13737;23373
13739;14605
13742;21728
13742;20514
13746;17798
13747;18273
13749;18476
13771;22164
13771;20040
13781;14075
13785;14514
13786;23388
13786;21394
13788;19075
13792;20001
13796;16456
13797;22671
13798;23244
13806;17000
13807;18535
13807;19833
13807;16131
13812;23928
13815;20817
13816;20489
13822;21592
13824;13827
13833;21061
13836;19111
13837;18727
13838;17970
13838;14880
13840;17050
13846;18467
13853;22804
13855;23867
13855;15961
13857;19182
13860;21539
13860;18683
13861;23904
13865;19724
13865;20356
13877;15186
13878;23819
13885;23016
13885;22589
13894;14975
13895;20520
13895;17273
13900;16082
13902;15123
13902;16775
13907;20299
13909;19836
13911;17168
13913;19765
13914;20590
13921;15828
13925;16982
13926;23605
13929;14290
13930;21850
13931;15554
13931;18191
13935;14403
13936;18681
13938;23178
13943;19871
13947;15400
13950;14234
13951;20041
13955;21882
13956;20209
13956;15700
13959;15891
13965;17936
13971;19428
13972;22730
13976;19570
13981;18705
13982;23655
13989;23208
13991;23460
14007;16517
14010;16293
14011;18209
14012;14863
14014;23445
14015;18718
14018;23608
14019;23260
14019;20233
14035;19903
14047;17293
14050;24067
14050;18809
14058;24265
14060;18030
14061;17412
14065;23416
14066;16052
14069;16102
14072;15103
14072;23843
14075;17073
14077;18227
14079;23742
14079;19127
14086;20447
14086;14237
14087;24271
14089;20890
14098;20629
14099;22440
14099;20188
14102;19031
14102;21886
14105;19871
14109;15602
14117;18144
14131;19282
14146;14160
14146;23478
14152;23963
14152;21083
14162;17647
14168;23996
14168;22305
14170;20490
14174;24114
14174;17436
14190;19565
14197;16559
14199;14598
14199;20307
14204;16183
14204;14752
14208;18794
14218;17271
14221;20668
14227;14564
14228;15390
14229;20563
14236;21118
14243;19011
14249;23283
14254;21746
14256;21357
14256;15614
14259;22778
14259;22507
14260;16793
14263;14832
14265;14700
14271;17556
14282;16983
14290;20430
14294;22766
14297;14841
14297;23102
14299;23277
14302;16070
14304;22659
14307;22709
14307;23997
14312;16267
14318;16522
14319;16940
14319;20261
14321;16625
14323;14542
14331;23553
14333;16904
14333;17920
14335;20510
14337;16143
14337;19283
14337;19708
14342;16013
14347;20959
14348;23691
14352;23963
14353;22455
14356;18273
14356;23603
14362;23790
14362;16262
14364;20552
14365;18287
14376;15314
14380;22762
14382;22797
14382;22973
14384;18348
14384;19786
14387;16115
14388;22909
14392;22871
14393;23602
14393;20827
14397;19365
14397;16500
14404;20183
14406;16985
14410;21897
14412;18428
14418;18381
14420;23601
14421;24091
14423;22822
14425;21467
14426;23750
14429;19512
14431;22081
14433;20578
14435;15899
14435;19122
14439;19982
14441;17210
14442;21171
14442;20327
14444;21769
14445;16709
14445;16904
14447;20990
14447;21577
14463;19320
14463;20246
14467;22604
14481;16337
14486;19190
14486;23422
14490;14537
14492;23709
14497;22415
14499;21882
14505;21957
14510;19127
14510;22893
14514;18611
14515;23767
14522;21085
14523;23061
14527;19181
14527;24068
14530;18058
14530;18578
14531;20326
14533;19993
14537;19675
14544;16775
14544;23733
14546;19360
14553;18542
14563;21909
14565;20905
14567;17458
14568;22854
14569;15274
14570;19759
14570;19701
14577;18272
14579;24035
14582;20880
14586;18933
14588;15457
14593;21439
14594;15116
14599;17511
14599;19343
14606;14846
14614;23887
14615;20195
14617;20319
14622;19358
14625;22909
14628;17505
14640;23517
14640;15860
14647;14736
14651;15353
14655;17524
14656;15665
14656;21033
14659;15899
14660;24103
14664;22899
14670;19969
14670;16886
14680;23016
14688;20510
14693;16338
14696;21280
14700;22150
14714;17724
14714;17934
14715;23887
14722;22971
14734;17433
14734;20911
14736;18150
14742;20817
14747;20958
14756;20350
14758;18060
14760;24057
14766;20107
14766;17132
14767;17241
14767;20571
14776;17765
14776;24112
14779;20617
14783;17853
14790;20855
14790;20376
14795;23577
14800;21186
14802;16235
14804;24008
14804;16535
14807;24214
14812;19847
14812;18561
14816;23125
14831;16913
14840;15881
14843;20742
14844;19652
14848;18056
14848;19410
14854;23356
14858;19317
14864;16340
14867;23311
14872;15622
14872;16045
14875;23996
14875;24121
14879;21643
14884;18852
14884;14928
14886;17893
14886;22515
14888;18107
14888;20043
14891;20295
14892;21425
14897;14912
14899;15820
14904;16247
14912;16776
14915;19181
14920;21112
14920;20132
14921;18212
14921;16740
14922;21316
14922;17136
14924;15283
14924;16138
14925;18171
14929;16598
14935;17439
14940;22800
14940;20946
14948;21533
14949;22660
14955;20130
14955;22921
14962;23238
14962;20274
14963;18085
14976;18741
14978;21464
14978;19323
14985;20552
14987;18634
14987;22495
14992;23348
14992;15279
14996;19642
14997;15915
15004;22859
15004;23912
15010;19107
15013;22042
15016;23313
15021;20533
15021;22828
15027;20768
15027;22377
15028;17304
15028;23643
15029;18763
15033;24149
15033;18722
15038;18179
15040;18429
15041;19419
15042;18076
15043;23595
15050;16109
15054;20489
15056;21830
15057;23389
15057;15292
15061;21461
15061;16395
15065;20697
15069;20811
15073;19123
15084;17276
15088;18867
15088;22744
15097;15103
15098;23906
15104;18741
15104;22958
15105;18610
15106;20533
15108;15127
15109;21885
15113;17291
15118;16317
15124;23430
15133;23363
15136;21462
15142;19812
15144;23870
15151;23975
15155;23710
15155;20081
15156;24014
15163;23226
15170;22563
15173;22557
15176;23224
15179;24234
15180;23055
15181;21847
15184;23706
15185;22578
15186;22709
15191;23088
15211;20078
15211;19786
15220;17841
15227;23639
15239;19394
15250;22749
15251;19458
15252;19520
15253;22416
15254;23425
15259;15866
15261;21585
15266;17943
15267;15746
15269;17848
15272;22292
15273;17514
15277;24177
15277;21818
15283;19002
15284;16386
15295;17388
15300;22713
15300;20385
15302;15346
15305;19229
15320;19317
15320;20139
15322;18110
15325;15379
15326;17669
15329;23836
15342;15678
15345;19046
15350;22455
15351;17963
15353;15949
15360;18790
15362;16740
15365;22391
15366;22649
15366;18857
15371;23684
15371;23519
15372;16253
15376;18546
15384;22837
15385;21834
15386;15743
15390;23544
15392;21568
15392;15509
15399;15793
15399;20805
15410;20770
15412;19359
15412;20052
15420;19395
15421;15894
15425;15534
15426;18506
15426;23987
15437;18189
15444;20139
15450;23068
15453;17638
15456;24001
15457;17276
15464;21896
15464;20057
15467;22638
15467;22115
15474;16310
15477;18197
15480;22164
15481;16838
15483;23987
15485;22457
15486;18862
15488;20860
15488;19870
15491;23109
15495;22341
15497;15541
15498;16955
15505;20195
15505;19787
15509;16034
15513;20470
15520;20499
15521;15878
15521;18614
15522;18481
15525;22227
15532;19574
15543;18181
15543;15784
15547;21369
15551;16909
15553;17130
15556;22571
15556;16668
15566;24107
15571;23867
15574;22605
15581;20234
15581;16718
15584;17447
15588;19266
15600;18343
15608;20479
15610;20900
15610;23950
15617;19769
15622;24256
15623;22162
15632;22385
15634;17402
15634;21464
15641;23369
15643;16810
15647;21723
15653;16400
15655;24213
15658;22046
15675;15712
15685;23379
15685;16375
15689;16469
15693;18386
15695;20220
15695;20426
15700;16071
15705;24242
15705;16934
15706;21018
15707;20059
15710;19812
15710;21782
15714;17537
15717;16300
15723;18948
15723;23483
15724;16074
15728;24137
15734;20946
15743;23758
15745;19031
15750;17381
15750;19532
15751;23035
15762;17997
15762;21452
15766;21979
15766;23462
15774;17409
15774;23946
15784;23777
15793;17831
15796;18538
15797;21298
15800;17906
15803;17188
15803;20408
15805;18774
15812;22791
15817;20498
15818;17079
15820;15862
15825;22776
15825;21659
15829;16513
15829;16600
15830;16925
15838;17181
15838;23182
15842;22385
15847;21425
15847;18234
15860;17309
15862;16661
15864;16004
15864;18615
15864;16222
15871;16375
15878;18571
15879;24010
15879;19753
15889;22420
15891;21172
15892;17670
15893;23367
15893;22310
15895;20892
15901;19283
15903;18164
15903;21512
15905;21215
15912;17774
15915;23677
15915;23004
15916;24182
15916;17708
15919;21301
15924;24149
15932;21886
15935;23064
15945;18832
15949;22282
15958;17113
15961;23554
15962;21429
15970;22220
15976;16167
15978;20369
15979;23462
15982;16203
15986;20111
15994;23634
15999;20914
16004;23665
16006;16462
16009;17999
16010;17955
16018;20792
16018;16842
16021;16121
16031;19985
16032;22064
16032;17540
16037;16926
16040;24065
16045;19710
16048;19380
16048;21485
16052;16247
16053;20983
16064;19306
16064;20256
16090;19636
16090;21336
16091;21805
16091;19033
16100;19562
16100;21089
16101;19932
16103;18679
16109;16545
16111;19512
16116;21135
16120;22121
16122;18858
16122;16345
16124;21515
16130;22597
16134;22345
16135;16665
16138;20086
16140;20766
16141;19198
16143;20351
16150;21449
16156;16239
16156;16551
16161;22590
16165;22964
16170;19185
16171;17363
16172;16276
16175;18223
16191;21538
16197;16431
16200;18677
16201;22542
16201;18025
16202;23103
16204;21198
16205;23728
16205;22018
16209;22742
16211;21484
16214;17792
16222;16709
16224;17600
16226;21421
16239;16490
16252;21399
16253;23764
16253;20020
16255;23181
16255;21082
16259;21794
16269;23405
16274;23879
16277;19778
16277;16619
16278;22812
16287;17519
16287;20074
16293;19086
16296;18962
16296;17989
16300;19618
16307;23196
16307;20013
16308;19208
16310;19879
16314;18349
16327;22007
16334;20160
16334;22328
16340;17637
16341;18096
16344;18313
16355;16762
16355;23224
16357;17531
16361;21429
16370;19813
16370;22651
16373;16835
16374;24022
16379;20755
16389;18249
16391;24242
16395;20208
16399;20999
16400;17642
16404;18633
16406;17812
16407;22800
16407;19666
16412;21151
16414;19114
16418;20610
16424;16667
16427;21014
16427;18056
16428;23733
16430;17647
16436;16982
16436;17585
16438;22965
16440;20352
16443;21706
16444;16792
16449;21307
16450;21766
16450;17431
16451;21763
16451;20215
16451;22219
16469;22229
16470;22627
16470;20831
16471;18351
16473;23454
16477;23086
16477;18217
16478;22617
16481;17926
16488;19356
16490;22765
16501;21745
16502;20171
16502;21506
16502;20815
16505;20194
16507;19510
16508;18004
16511;24198
16511;19836
16513;19750
16514;20643
16517;19895
16519;23208
16519;22064
16529;20918
16534;21524
16535;22118
16542;17215
16545;19274
16547;19075
16553;19796
16555;21033
16555;17013
16559;21560
16586;22670
16586;20252
16588;20710
16602;23805
16616;22503
16621;23593
16622;20323
16629;23319
16630;18798
16630;16824
16632;18943
16633;23652
16635;21460
16639;18590
16643;23390
16646;21751
16649;22128
16651;18392
16676;20723
16677;17683
16677;23936
16681;16842
16687;22323
16690;22198
16691;21792
16691;19092
16692;20445
16695;22624
16695;22675
16707;18568
16710;17127
16716;23685
16718;19888
16723;20207
16725;23709
16727;20692
16739;22352
16746;17735
16754;18826
16773;17041
16773;20120
16784;17360
16785;17041
16787;17383
16787;20295
16788;22667
16789;21519
16793;20431
16795;18924
16800;17923
16815;22538
16819;23911
16839;20211
16850;20351
16868;22301
16871;18037
16881;23842
16892;21536
16895;21230
16904;18740
16905;22207
16905;22118
16910;22821
16910;24144
16916;18003
16921;22696
16925;18843
16926;17771
16928;23410
16933;23964
16933;18948
16933;23416
16936;24068
16937;23292
16938;21863
16940;22101
16941;18400
16945;19344
16953;17373
16955;20232
16961;23762
16961;17767
16970;20346
16974;20542
16991;22997
16995;21909
17008;23776
17010;18209
17010;17286
17012;22713
17012;20001
17013;19944
17019;18362
17019;17472
17020;23601
17030;23126
17033;20638
17033;22668
17041;20782
17042;19989
17045;17431
17045;22604
17052;23273
17052;21281
17053;21554
17057;23556
17073;21849
17084;21169
17086;18398
17096;23926
17111;23452
17131;17943
17132;21699
17135;22945
17138;23016
17140;19494
17143;21125
17145;21320
17147;21709
17149;20953
17150;17869
17164;22301
17181;20862
17193;20031
17194;24182
17215;22518
17216;17289
17218;17231
17221;18161
17221;18862
17225;19386
17228;19231
17231;18622
17235;24261
17253;18546
17261;18009
17262;23034
17263;17760
17263;23728
17264;18399
17264;22778
17271;23602
17275;17565
17278;18309
17279;18559
17285;18923
17286;22997
17288;24157
17288;21483
17293;17778
17295;18835
17297;21288
17306;22385
17306;20221
17307;17590
17307;23459
17309;23628
17314;22197
17314;19518
17315;21885
17330;21900
17335;17989
17338;18279
17338;17703
17347;20568
17358;23192
17359;17926
17360;24255
17363;23607
17370;22804
17373;18588
17379;19334
17381;23522
17383;20816
17408;22258
17412;20818
17424;24235
17424;23901
17427;18611
17429;18077
17431;18547
17433;19741
17467;22613
17467;18808
17488;19989
17490;21644
17495;20101
17502;19478
17502;18442
17503;22249
17514;23628
17515;21422
17520;23781
17520;19503
17521;19950
17521;19716
17524;18773
17526;21426
17536;20974
17536;20456
17537;23974
17538;22191
17540;22765
17553;22358
17559;17705
17565;21643
17584;17983
17588;24217
17593;18163
17594;20687
17599;19810
17602;23407
17607;22435
17614;21072
17614;24107
17623;21334
17625;17662
17626;20851
17631;19778
17638;19959
17639;20796
17639;23820
17641;23507
17641;22813
17642;20790
17647;19108
17656;22040
17659;18811
17659;24199
17671;23107
17674;19216
17674;22563
17697;20989
17697;23342
17698;20142
17708;23177
17709;22549
17710;20806
17721;23910
17722;22744
17724;18084
17729;24096
17735;24098
17737;19882
17743;18742
17752;20754
17760;20489
17770;22857
17770;19328
17781;23448
17781;19985
17802;19708
17808;21227
17811;20614
17813;20017
17819;18528
17822;21573
17839;23193
17839;21078
17848;23174
17849;23540
17853;23192
17866;23273
17872;20262
17875;20597
17877;21986
17906;24122
17912;23154
17914;20492
17918;18386
17923;20994
17930;23008
17946;23189
17946;22440
17948;18001
17955;22917
17965;23564
17967;24230
17970;18295
17976;18220
17994;19150
17997;20419
18002;20875
18004;18234
18008;19932
18009;19807
18015;22566
18018;18332
18018;23231
18021;19055
18021;21798
18030;22546
18033;21043
18033;21738
18034;21545
18035;20489
18037;20375
18048;23322
18048;21572
18049;18317
18051;18161
18052;22887
18052;23369
18058;22529
18066;18604
18070;18309
18076;19360
18101;18930
18105;19869
18107;22116
18108;21082
18108;23546
18111;18260
18111;22462
18119;19050
18125;20396
18128;21684
18136;19709
18137;22924
18163;21341
18167;20047
18169;23317
18179;21058
18187;21681
18191;21690
18193;22380
18194;22148
18200;22887
18216;18679
18223;18287
18227;23120
18233;22501
18242;21697
18243;20834
18253;22413
18259;18563
18260;23554
18272;19000
18274;22051
18278;21950
18282;19859
18285;22787
18287;21046
18294;22115
18295;19375
18295;22034
18300;24129
18300;21014
18306;18657
18314;18667
18325;20293
18325;22900
18328;19732
18328;21744
18334;23677
18334;19082
18335;18442
18336;21308
18337;21644
18337;21226
18340;18736
18340;19243
18349;21634
18362;21077
18364;20170
18367;18522
18371;19699
18372;21578
18383;21704
18383;22640
18388;22006
18391;20915
18392;22806
18399;20087
18407;22501
18409;24208
18412;23035
18414;20037
18416;19475
18426;24186
18437;20620
18452;19110
18453;23434
18467;19111
18468;24010
18468;20633
18476;21946
18477;21961
18482;19066
18489;19137
18490;19999
18490;20059
18492;22837
18492;20034
18499;20638
18518;19262
18520;19436
18524;18673
18530;23665
18535;23409
18538;20346
18539;19316
18540;18912
18544;22008
18557;23415
18561;18773
18563;19726
18565;19968
18583;20760
18591;22970
18599;23490
18608;23862
18614;20678
18621;20487
18634;23305
18640;23232
18641;19346
18646;22150
18646;19596
18650;23156
18660;23862
18660;20728
18662;21182
18673;19066
18676;21957
18676;22116
18681;22575
18681;21809
18687;19402
18695;20082
18701;23244
18703;21600
18703;23689
18706;19622
18709;21577
18712;24265
18718;23018
18723;20584
18723;22082
18734;23850
18736;24067
18737;22578
18757;20297
18757;20023
18760;22694
18760;23978
18766;19960
18766;22749
18770;23711
18786;20906
18799;19028
18806;20955
18808;23528
18818;19598
18825;21950
18825;20194
18833;23036
18834;20456
18834;21755
18839;23939
18839;20120
18856;21147
18860;22128
18860;22252
18867;20292
18873;19496
18880;22279
18880;19781
18884;23586
18890;19178
18892;19705
18892;23338
18897;18918
18909;21947
18911;20255
18912;22934
18914;18943
18924;23485
18933;19048
18947;18961
18955;19270
18956;20800
18957;22297
18979;22515
18982;22769
18984;20597
18988;23166
18989;20941
18993;19871
18994;19277
18996;23960
18998;21263
18998;22279
19029;19762
19046;19176
19053;20961
19059;22813
19079;20579
19086;21854
19101;24212
19101;22597
19111;21671
19121;21841
19122;22081
19125;23873
19133;22680
19137;21576
19144;21704
19150;19587
19151;21282
19156;19575
19156;22333
19159;24130
19166;20002
19187;19563
19195;19555
19198;23330
19200;22666
19200;23185
19208;20289
19210;20580
19216;21630
19219;22494
19220;20470
19224;23188
19239;19418
19243;20361
19244;20225
19250;23351
19262;23871
19264;23193
19268;24168
19270;20261
19274;23605
19276;21097
19282;23079
19282;20752
19298;19705
19306;21341
19308;20080
19308;22412
19320;20361
19322;24181
19324;23578
19332;22323
19336;23775
19339;21190
19339;22107
19352;22430
19358;20628
19360;19582
19365;23099
19375;23128
19379;23997
19387;20448
19395;22977
19415;20319
19416;22845
19417;20049
19418;21352
19419;22613
19422;19599
19425;19902
19425;21427
19429;23882
19430;19886
19435;19633
19445;20013
19452;19861
19456;24039
19468;22638
19473;20251
19473;22469
19478;20970
19481;21445
19486;19769
19487;23014
19489;22094
19494;21194
19498;21907
19509;20514
19509;22694
19533;22221
19543;19861
19545;23727
19550;22576
19568;24245
19570;20086
19574;22161
19575;21851
19588;20639
19588;23928
19609;22718
19614;19999
19636;22891
19639;22484
19651;20761
19652;22312
19657;19767
19660;19955
19673;23761
19675;24213
19717;23999
19719;23633
19722;20333
19726;22623
19730;22566
19736;22373
19739;20746
19748;23607
19757;22397
19757;21610
19759;19980
19776;21668
19781;21611
19781;21783
19800;23159
19811;22297
19811;22566
19812;24237
19818;22133
19819;20544
19830;20366
19841;21404
19859;22732
19861;23049
19875;23846
19902;21202
19903;21237
19905;23938
19912;24076
19922;21822
19931;24216
19933;21564
19933;20338
19939;22892
19954;20950
19956;21753
19957;23076
19967;22983
19968;23814
19977;23055
19991;23133
19991;20437
20000;21144
20002;22829
20009;22038
20012;23519
20020;22916
20025;22597
20031;23406
20037;21016
20038;21154
20040;22774
20041;23601
20043;20898
20057;22033
20061;21987
20069;24216
20081;20904
20101;21488
20114;20557
20116;23957
20117;23685
20122;22995
20126;22112
20129;20473
20129;21118
20130;23393
20140;21433
20142;21451
20149;21042
20160;24267
20164;20415
20195;22476
20195;23937
20199;21568
20206;23640
20213;22032
20215;22854
20225;21690
20234;22494
20246;23138
20246;22094
20251;20685
20251;21896
20252;21110
20257;22693
20268;21031
20270;23639
20286;21409
20296;20919
20320;21183
20326;20327
20365;22575
20376;21851
20378;23590
20386;23906
20387;23774
20402;23637
20404;21426
20419;23156
20431;23798
20436;21691
20441;22447
20443;20928
20453;22475
20455;20927
20455;20602
20466;21835
20486;20771
20486;21715
20489;24031
20492;22166
20494;24122
20494;23181
20504;21481
20520;22535
20555;22526
20562;22617
20575;23375
20580;20845
20599;22917
20602;23361
20603;21995
20610;24163
20617;21438
20620;21580
20640;23652
20643;23504
20665;23799
20665;22160
20675;22401
20685;22787
20697;24259
20703;20878
20708;21071
20710;23396
20722;23903
20727;22853
20737;22570
20748;21796
20768;22806
20774;23249
20787;21127
20790;23632
20818;21573
20836;23392
20847;24161
20877;21720
20880;22158
20890;21016
20901;23177
20901;22605
20927;21806
20929;21815
20937;22962
20958;23293
20965;21608
20970;24165
20984;21429
20990;23159
20993;22935
20994;24264
21001;24065
21018;24263
21040;23472
21046;21719
21050;22373
21050;23686
21058;23428
21065;24191
21070;23102
21071;22569
21073;22470
21076;23243
21076;23718
21089;24217
21116;21388
21125;23641
21130;23489
21132;23367
21134;23322
21134;23625
21148;23712
21151;22803
21155;23564
21155;21915
21172;21672
21173;21230
21201;23079
21203;22391
21215;22829
21254;23593
21256;23197
21259;22510
21266;21724
21271;21636
21273;22158
21283;24123
21300;21335
21301;23910
21312;23157
21320;23283
21327;21925
21348;21630
21352;22600
21367;21731
21389;24128
21389;23313
21398;23544
21429;23975
21441;23015
21449;23007
21450;21627
21450;24033
21451;21688
21456;23070
21457;22072
21458;22154
21461;22662
21467;22737
21507;23049
21512;22962
21526;21755
21544;23855
21544;22358
21545;22640
21608;21771
21610;24127
21646;22037
21650;22935
21657;23034
21679;21953
21697;22792
21704;23511
21717;22171
21728;23245
21728;22166
21731;24002
21744;23226
21745;21834
21746;22125
21763;22845
21778;23528
21792;23442
21803;22868
21810;21990
21832;23832
21838;22630
21847;23739
21850;23637
21898;23056
21900;22001
21915;22161
21920;24259
21920;23191
21922;23298
21940;21983
21948;23664
21959;23348
21973;22861
21980;23423
21984;22908
22002;24082
22029;22908
22037;23766
22042;22389
22076;22899
22076;23379
22105;22297
22105;22608
22114;22795
22128;23947
22135;23601
22148;22645
22157;23932
22187;22795
22215;23636
22220;23648
22222;23288
22239;22742
22246;23764
22317;22747
22333;23822
22341;24039
22347;22508
22347;23568
22352;23961
22357;22836
22358;22970
22366;23285
22410;23099
22434;23885
22436;23244
22438;23614
22443;22466
22445;23378
22478;23839
22497;24123
22518;23982
22571;24180
22594;23150
22609;23546
22609;22797
22660;23577
22687;23778
22722;23119
22734;23840
22737;23930
22738;24252
22769;23766
22770;23396
22777;24096
22796;23085
22857;23726
22892;24116
22901;23756
22905;23036
22989;23942
22997;24062
23006;23273
23009;24176
23025;23689
23043;23706
23062;23781
23068;23423
23077;23800
23085;24145
23104;23173
23140;23498
23143;23874
23156;24012
23186;23847
23186;23844
23191;23726
23242;23762
23246;24140
23263;23433
23341;24241
23398;24007
23409;23458
23414;24017
23478;24137
23484;24165
23497;23597
23566;23907
23653;23687
23655;23978
23739;23768
23819;23909
23860;23886
23970;23996
24031;24091
