id;x;y;z
3655;531746.83;6007781.88;250.86
8715;531749.99;6007780.25;251.18
737;531743.72;6007788.06;253.15
15571;531743.14;6007781.75;250.6
8481;531751.41;6007783.56;251.82
175;531750.54;6007773.18;251.54
17948;532085.8;6007870.22;266.81
18001;532096.87;6007873.3;267.4
12188;532080.08;6007869.63;266.65
6542;532083.02;6007864.17;266.46
13489;532101.81;6007872.63;267.63
5572;532099.33;6007876.11;267.15
11372;531749.11;6007788.44;254.46
824;531758.57;6007790.11;259.21
6574;531760.81;6007767.78;258.58
9125;531754.05;6007786.9;258.07
17642;533022.99;6008616.78;315.47
16400;533023.52;6008616.87;314.31
20790;533025.91;6008614.65;316.97
11617;533021.46;6008612.97;316.18
15653;533023.18;6008618.13;315.9
10793;533020.49;6008617.51;314.92
13327;532500.81;6008313.35;262.63
84;532494.55;6008312.39;262.24
4507;532496.55;6008315.75;262.56
23388;532507.07;6008321.67;262.91
23455;532498.99;6008310.11;260.66
2441;532496.86;6008310.94;262.69
1902;532632.0;6008099.75;309.81
8239;532634.8;6008103.39;309.18
9295;532628.6;6008102.33;306.43
2790;532634.76;6008099.53;309.84
1133;532630.37;6008103.98;306.54
15466;532636.85;6008102.91;309.26
19481;532622.74;6008105.62;304.06
22207;532626.33;6008104.4;306.03
723;532599.01;6008413.8;266.67
15994;532596.1;6008420.33;269.37
60;532599.53;6008412.71;266.59
22665;532599.73;6008417.93;266.57
13929;532598.58;6008414.51;266.57
6981;532599.01;6008413.8;269.97
10083;532590.38;6008420.35;269.86
23634;532598.56;6008421.34;270.77
12539;532642.28;6008335.94;273.62
17555;532646.25;6008337.34;273.73
6031;532642.28;6008335.94;274.8
23370;532646.77;6008336.63;273.62
9485;532646.3;6008337.3;270.16
12642;532646.25;6008337.34;270.29
15915;532536.08;6008243.06;262.06
23677;532535.37;6008247.37;262.32
10235;532536.91;6008237.45;262.33
23004;532520.94;6008256.11;258.87
14997;532532.59;6008244.33;261.85
18334;532535.09;6008250.3;262.66
20025;532613.38;6008201.72;294.96
24212;532612.61;6008204.58;294.66
2665;532612.64;6008198.87;295.25
7724;532616.44;6008203.01;295.35
1135;531783.5;6007959.78;218.88
6289;531785.76;6007965.55;218.62
8318;531780.36;6007955.72;218.9
1966;531785.77;6007965.53;219.12
10503;531780.2;6007970.56;221.13
16506;531960.4;6007861.8;264.34
21071;531953.07;6007854.14;263.61
4590;531960.45;6007861.7;279.94
1786;531958.97;6007859.37;264.11
22569;531952.21;6007854.16;263.51
20708;531933.99;6007855.08;262.99
21751;531988.65;6007848.05;258.13
7386;531986.3;6007851.46;258.57
12862;531990.45;6007846.69;258.37
11200;531988.12;6007851.68;254.28
11229;531985.78;6007849.07;258.02
13613;531987.69;6007851.55;254.46
16646;531986.28;6007849.16;258.83
11951;531992.01;6007862.21;259.26
10824;531987.88;6007854.45;258.67
1520;531986.58;6007849.94;252.36
2641;532042.72;6007861.18;265.27
6757;532037.05;6007862.01;264.78
7177;532042.75;6007861.17;263.91
8473;532045.77;6007860.83;266.3
5175;532030.81;6007868.3;264.58
6454;532038.13;6007861.94;264.47
21986;532030.81;6007868.3;265.27
4577;532036.54;6007862.02;263.58
18318;532023.9;6007866.23;264.72
19380;532030.77;6007868.32;264.74
3257;531487.32;6008215.78;267.27
4370;531471.94;6008210.09;260.27
2797;531486.26;6008212.87;266.48
2204;531506.21;6008225.13;262.64
465;531471.17;6008217.67;256.17
15264;531480.01;6008210.01;260.97
5898;531463.62;6008219.45;261.03
4606;531471.94;6008210.09;264.37
6828;531470.41;6008327.24;216.76
1567;531462.44;6008319.65;216.77
21200;531463.58;6008339.71;218.62
12236;531494.38;6008335.84;217.07
1521;531454.69;6008323.88;218.56
23373;531471.94;6008301.15;216.05
8757;531481.13;6008331.24;216.39
9680;531522.14;6008374.86;275.07
21229;531519.22;6008378.97;274.32
21947;531524.39;6008372.08;276.07
16363;531522.1;6008374.85;272.79
2627;531518.88;6008382.82;272.52
2985;531518.38;6008378.27;273.93
9395;531717.14;6008305.0;230.93
20989;531717.14;6008305.01;230.13
4651;531716.28;6008321.26;229.09
12375;531712.36;6008309.87;232.35
3445;531716.31;6008303.41;230.92
10362;531717.17;6008305.09;228.38
17697;531712.01;6008296.99;234.94
11203;531709.6;6008300.95;232.91
16122;532508.17;6008197.65;259.51
13563;532507.43;6008198.81;259.0
18858;532507.48;6008198.73;259.04
16345;532513.77;6008197.64;259.42
547;532500.57;6008198.23;257.68
9609;533034.37;6008576.41;316.7
12155;533034.69;6008578.57;302.38
7993;533035.98;6008572.12;318.39
3052;533032.3;6008575.32;317.16
14970;533034.71;6008578.6;311.92
20755;533033.67;6008576.07;303.15
5953;533031.9;6008575.85;302.52
23996;532996.41;6008627.3;307.1
14168;532989.94;6008631.34;307.14
23970;532999.99;6008628.02;307.08
14875;532996.42;6008627.69;307.06
22305;532989.83;6008631.24;306.34
10928;532987.59;6008633.07;308.71
5605;531774.62;6007534.1;261.12
2484;531779.88;6007528.4;262.48
8723;531787.4;6007546.07;261.85
9526;531771.74;6007527.63;259.99
21898;531786.36;6007519.54;264.81
23068;532594.89;6008180.2;276.01
8561;532594.16;6008183.86;277.41
23423;532602.0;6008180.97;276.79
15450;532590.68;6008181.01;272.44
9391;532588.82;6008186.16;276.55
18629;532585.95;6008189.43;276.84
3861;532583.56;6008189.06;275.8
3307;532583.14;6008191.3;275.15
21283;532582.88;6008195.64;275.28
22226;532583.14;6008191.3;274.53
23075;532583.14;6008191.3;274.37
24123;532587.3;6008197.47;275.5
22497;532591.08;6008196.99;277.18
5473;532593.55;6008196.09;278.47
8783;532591.44;6008195.36;280.45
247;532591.45;6008195.39;279.46
2260;532592.35;6008197.34;279.23
3513;532592.41;6008192.68;279.04
16800;532591.48;6008195.47;281.06
17149;532651.08;6008267.0;284.63
3371;532652.28;6008271.6;289.08
20953;532651.07;6008266.93;283.66
9251;532659.26;6008260.31;284.86
20331;532660.55;6008257.96;286.42
8880;532662.29;6008261.04;285.84
3768;531553.39;6008320.75;219.19
23084;531547.3;6008320.53;219.36
5165;531546.41;6008320.71;218.92
3969;531561.66;6008322.6;218.36
8971;531550.99;6008318.55;220.71
14900;531554.49;6008321.44;218.1
8615;531547.99;6008317.09;220.15
957;531548.03;6008317.05;224.7
13544;531548.77;6008316.96;224.99
5367;531548.66;6008314.86;226.86
1202;531550.22;6008315.31;227.54
9783;531550.25;6008315.29;228.64
15632;531551.11;6008313.77;229.97
22385;531554.61;6008312.8;232.79
17306;531542.8;6008316.76;247.36
1674;531554.61;6008312.78;234.39
15842;531552.03;6008317.64;230.81
789;532500.36;6008332.92;280.31
4065;532495.54;6008331.66;281.14
18003;532500.47;6008335.76;280.74
12287;532502.7;6008334.0;276.56
20533;532482.0;6008327.27;280.05
15106;532468.83;6008329.78;276.91
15021;532491.4;6008323.14;280.94
1426;532467.76;6008329.63;277.73
8075;532467.74;6008329.64;279.43
13102;532460.77;6008330.88;276.48
15892;532451.55;6008340.26;278.29
17670;532439.11;6008336.78;277.85
3902;532437.9;6008334.38;277.59
20299;532409.42;6008327.53;275.27
10248;532432.9;6008332.42;277.5
6385;532428.54;6008342.15;277.38
1387;531280.79;6008684.76;244.0
861;531279.32;6008690.67;244.86
18818;531278.66;6008683.3;242.98
11712;531278.5;6008682.33;242.81
20452;531274.57;6008680.57;242.27
15305;531283.43;6008704.99;244.6
19229;531285.07;6008705.45;244.68
7234;531283.99;6008714.21;245.3
2044;531288.29;6008720.36;244.38
3390;531287.43;6008736.77;244.67
8507;531284.45;6008765.22;244.67
3253;531284.45;6008765.22;248.37
973;531285.18;6008764.91;248.54
7811;531285.18;6008764.91;250.24
13287;531285.18;6008764.91;250.54
13940;531285.52;6008774.61;250.54
4301;531283.61;6008796.52;250.54
8809;531285.55;6008804.92;249.32
8026;531289.45;6008804.02;248.47
4950;531291.32;6008803.1;248.84
3414;531291.32;6008803.1;251.14
1512;531293.96;6008802.83;252.73
910;531293.49;6008800.44;253.34
23540;531293.49;6008800.44;256.24
17849;531293.13;6008795.39;257.13
9646;531294.85;6008793.55;258.2
23640;531298.99;6008792.36;261.11
20206;531300.68;6008795.06;261.11
6047;531301.98;6008795.8;261.16
23322;531301.98;6008795.8;264.16
21134;531301.25;6008800.55;263.02
18048;531299.78;6008797.16;265.11
7764;531303.49;6008784.98;263.4
15227;531258.99;6008606.79;243.62
1894;531260.82;6008610.87;243.48
23639;531261.34;6008610.17;243.1
12544;531260.29;6008603.29;243.49
20993;531263.57;6008618.07;243.52
4772;531268.03;6008631.09;246.13
22935;531261.87;6008626.26;244.25
12398;531273.38;6008632.64;246.35
21136;531274.08;6008639.6;246.88
3358;531274.29;6008646.71;246.91
10041;531277.86;6008651.75;247.32
7377;531282.88;6008647.93;247.45
18066;531284.91;6008646.85;247.38
18604;531288.86;6008653.93;247.64
6554;531288.3;6008665.82;248.04
963;531287.88;6008672.93;247.88
13382;531290.39;6008680.68;245.84
19598;531283.51;6008680.36;244.91
15006;531311.65;6008815.41;288.65
8984;531309.73;6008814.43;287.03
10104;531309.42;6008805.71;286.42
5345;531310.07;6008805.11;286.59
23503;531310.07;6008805.11;283.61
4098;531310.33;6008804.48;283.37
9525;531310.33;6008804.48;280.61
9939;531313.83;6008807.21;279.91
9986;531315.82;6008816.54;279.24
3735;531312.22;6008818.04;277.12
5269;531316.39;6008838.38;279.5
14370;531314.84;6008823.77;277.38
11777;531309.7;6008809.35;275.78
13796;531310.19;6008805.74;276.44
16456;531308.49;6008804.31;276.69
3705;531308.47;6008804.3;270.96
10442;531305.88;6008802.94;270.2
4628;531305.87;6008802.93;265.84
23625;531301.25;6008800.56;264.59
4675;531318.23;6008843.04;281.77
16304;531318.42;6008849.11;282.14
9955;531317.75;6008853.76;283.1
5265;531317.77;6008853.77;284.15
3730;531318.29;6008854.33;284.3
13168;531317.71;6008857.54;284.0
6593;531317.39;6008860.12;283.8
1870;531316.42;6008862.17;282.96
14286;531317.94;6008865.66;282.81
11884;531317.41;6008867.53;283.53
90;531316.33;6008867.76;283.22
21900;531315.34;6008868.41;283.29
17330;531315.35;6008868.43;282.46
22001;531314.7;6008870.83;283.29
4921;531314.94;6008872.33;284.72
7053;531315.85;6008870.47;281.56
23374;531315.87;6008870.5;277.99
12587;531316.84;6008867.9;276.23
11819;531317.05;6008869.15;276.2
20127;531317.07;6008869.17;275.22
11408;531318.09;6008868.93;274.95
22942;531318.11;6008868.95;273.66
12827;531318.28;6008864.88;272.83
22136;531316.33;6008865.62;272.52
9750;531317.44;6008860.99;272.97
6355;531319.36;6008872.38;272.5
13635;531318.28;6008864.88;274.61
2103;531316.38;6008865.67;262.42
20444;531313.41;6008863.19;263.45
5191;531308.97;6008858.46;261.87
7689;531314.93;6008827.58;275.97
15905;531310.79;6008838.41;269.94
21215;531308.23;6008858.67;262.59
22829;531304.37;6008861.94;260.08
4247;531303.76;6008852.51;261.84
20002;531304.12;6008869.47;258.06
14586;531297.64;6008836.36;263.72
18933;531298.61;6008833.27;261.66
19048;531297.94;6008826.69;261.84
3113;531294.31;6008816.63;264.22
23059;531293.29;6008804.04;265.18
4321;531297.43;6008800.23;263.95
21572;531298.5;6008797.8;264.55
7337;531261.51;6008630.3;242.36
8320;531264.32;6008628.5;243.22
2559;531276.67;6008670.57;241.43
23421;531252.54;6008601.31;242.08
20270;531266.95;6008627.07;245.15
2523;531271.38;6008670.33;241.5
9645;531479.79;6008225.77;248.37
17732;531483.8;6008229.33;248.07
6300;531475.96;6008221.38;249.53
4135;531483.41;6008224.39;247.8
3989;531483.15;6008231.25;248.15
14117;531493.78;6008238.48;247.59
18144;531489.42;6008256.79;247.6
3097;531495.56;6008264.62;247.2
10603;531495.57;6008264.63;246.75
4364;531494.85;6008270.71;246.85
10694;531488.99;6008261.01;247.0
6411;531506.3;6008264.81;246.26
13618;531473.5;6008219.25;251.58
5906;531473.49;6008219.25;252.26
6023;531471.17;6008217.67;254.03
6296;531544.91;6008318.0;217.3
13810;531527.15;6008311.11;216.99
6283;531527.11;6008311.11;217.51
9133;531508.51;6008311.54;217.97
9841;531527.09;6008311.15;216.25
23939;531692.62;6008288.1;248.89
4467;531700.94;6008288.57;243.17
9953;531688.57;6008293.82;250.3
18839;531708.56;6008285.38;249.33
13610;531695.77;6008292.69;237.87
14887;531701.34;6008300.06;233.83
6378;532069.19;6008268.24;240.88
1782;532067.08;6008258.21;241.69
11530;532070.93;6008266.65;241.51
1438;532077.68;6008264.77;239.99
13404;532077.55;6008273.23;246.83
21766;532062.84;6008257.74;242.27
16450;532045.29;6008267.01;241.66
17431;532019.62;6008277.16;252.38
10673;532029.4;6008268.06;254.47
18547;531999.67;6008284.09;252.93
17045;532022.31;6008280.97;250.32
6784;532126.73;6008275.5;264.76
2220;532126.72;6008275.51;263.75
12893;532109.64;6008271.21;265.54
3673;532116.8;6008273.06;264.76
23171;532132.51;6008280.17;262.58
11605;532132.08;6008286.64;260.84
13223;532135.97;6008289.15;260.99
7232;532136.7;6008291.34;262.76
7079;532163.86;6008309.41;265.11
1351;532203.47;6008310.81;265.14
12329;532221.51;6008293.91;266.76
14832;532237.5;6008289.3;267.7
1899;532212.25;6008291.31;267.54
5985;532306.4;6008306.15;265.71
11967;532307.32;6008310.0;265.71
10075;532310.81;6008322.78;270.17
12420;532296.55;6008303.19;270.89
3948;532305.17;6008305.56;265.56
17662;532303.75;6008304.37;265.4
17128;532308.5;6008309.45;269.29
8927;532314.97;6008309.01;271.66
4079;532317.84;6008306.79;272.43
1193;532323.57;6008306.0;272.74
18453;532328.56;6008308.24;272.75
23434;532333.13;6008311.6;272.76
6356;532336.7;6008311.18;272.76
9053;532344.26;6008313.36;273.05
18117;532352.61;6008312.65;273.64
13326;532361.75;6008306.0;274.06
3135;532363.51;6008301.92;274.06
15952;532365.29;6008303.15;274.14
12080;532372.39;6008301.13;274.67
13722;532380.92;6008297.16;274.35
22841;532383.19;6008300.87;274.36
13255;532385.62;6008299.66;274.36
13913;532390.54;6008300.37;274.63
19765;532395.23;6008298.94;274.46
1101;532402.59;6008302.25;274.9
23043;532408.25;6008302.07;275.5
23706;532416.67;6008308.46;275.51
15184;532421.19;6008312.16;276.04
2765;532427.14;6008312.39;275.52
23538;532429.57;6008308.41;276.34
13570;532435.38;6008305.96;276.13
6492;532445.96;6008309.61;278.14
13284;532446.22;6008313.97;278.14
64;532004.74;6008287.01;238.43
1006;532004.74;6008287.01;240.61
18845;532001.09;6008290.1;238.15
11366;532004.08;6008283.16;240.05
23189;532006.69;6008280.66;239.19
17946;532014.58;6008276.56;239.83
22440;532017.37;6008275.44;241.9
14099;532020.28;6008274.27;241.75
20188;532020.28;6008274.27;240.2
9951;532033.09;6008270.57;241.02
13755;532040.17;6008262.86;240.89
12430;532053.18;6008263.42;239.64
18078;532066.01;6008257.68;241.64
6588;531998.64;6008294.6;235.66
6030;531996.85;6008293.92;236.12
18962;531996.84;6008293.91;234.49
16296;531992.69;6008303.56;235.06
17989;531993.29;6008307.99;234.88
10989;531976.69;6008324.51;234.71
21004;531965.99;6008325.99;234.34
4579;531953.68;6008322.09;233.77
18806;531945.24;6008325.59;233.15
20955;531932.1;6008328.56;232.54
12895;531914.64;6008332.74;232.16
16275;531910.97;6008338.03;230.51
8569;531905.57;6008341.29;230.2
23685;531891.66;6008337.24;229.67
20117;531877.57;6008341.4;229.41
5923;531892.47;6008333.92;233.73
16716;531893.22;6008333.25;234.29
12334;532086.27;6008268.52;240.27
904;532085.71;6008272.34;240.65
23405;532095.84;6008264.02;239.71
21592;532085.67;6008272.36;242.38
13822;532088.28;6008272.37;243.24
13515;532088.23;6008272.39;245.69
8327;532087.91;6008273.04;242.98
19201;532090.55;6008276.89;246.71
8421;532093.9;6008277.36;247.86
8708;532092.92;6008275.12;248.04
18452;532096.99;6008277.96;248.25
8353;532090.85;6008273.97;245.95
23670;531500.81;6008209.03;250.36
7371;531512.35;6008217.12;249.44
3536;531502.32;6008203.66;253.57
237;531499.24;6008208.77;250.34
18084;531513.2;6008220.11;249.85
17724;531513.0;6008221.73;250.14
14714;531516.1;6008224.29;250.28
17934;531513.45;6008231.79;251.04
13395;531518.87;6008235.58;250.97
9721;531520.19;6008240.95;251.35
20763;531520.36;6008243.19;249.76
239;531524.55;6008238.14;251.71
5407;531520.34;6008243.18;248.55
17501;531522.27;6008244.66;247.29
3448;531523.31;6008246.29;248.92
5390;531524.76;6008246.0;247.24
1000;531525.46;6008248.96;247.24
714;531524.48;6008251.96;246.96
16076;531526.54;6008250.63;247.24
13594;531523.68;6008254.41;246.95
3810;531525.68;6008255.39;246.95
9020;531524.13;6008258.57;246.82
16910;531525.48;6008259.46;246.82
22821;531524.08;6008262.09;246.56
24144;531527.13;6008260.54;247.17
13646;531522.24;6008265.55;247.25
3941;531521.59;6008265.64;247.24
7280;531520.49;6008268.2;247.34
5935;531519.26;6008270.24;247.09
9682;531518.21;6008266.24;247.34
12702;531517.26;6008273.77;247.58
21535;531512.51;6008270.23;247.47
13470;531514.41;6008265.52;247.47
20257;531511.92;6008263.3;247.93
7212;531517.13;6008267.48;247.35
22693;531507.3;6008263.44;246.17
10569;531502.14;6008203.52;261.13
17999;531495.6;6008205.54;263.73
16009;531492.55;6008208.51;262.92
5574;531489.33;6008209.72;264.3
6409;531457.4;6008171.95;247.48
6918;531457.4;6008171.95;246.38
23332;531439.94;6008153.08;250.1
3594;531453.82;6008172.06;244.66
17667;531457.88;6008184.55;248.03
17400;531482.76;6008162.97;251.61
11034;531501.82;6008172.88;254.63
5486;531501.82;6008172.88;259.93
22663;531499.84;6008175.75;259.62
6604;531498.5;6008180.28;260.46
24160;531494.73;6008188.56;260.77
2782;531491.36;6008192.51;260.96
19155;531490.17;6008194.7;260.78
7832;531486.74;6008199.01;260.97
7340;531436.0;6008147.77;250.37
15497;531425.15;6008144.74;250.17
15541;531420.65;6008149.84;248.36
2524;531417.7;6008141.5;248.23
8226;531420.51;6008135.12;248.14
10951;531417.93;6008132.7;245.81
16017;531417.94;6008132.69;243.15
1921;531415.29;6008132.26;242.13
16929;531417.76;6008127.35;241.11
6406;531417.25;6008124.97;240.79
10464;531419.74;6008118.06;240.07
11960;531417.62;6008115.69;239.59
22535;531415.33;6008118.65;237.78
8059;531417.62;6008115.69;241.49
20520;531416.19;6008122.77;237.7
13895;531415.36;6008132.06;237.56
17273;531419.85;6008139.49;236.98
9717;531425.3;6008139.27;236.63
13098;531426.68;6008137.67;236.43
1707;531436.66;6008141.83;235.11
20582;531436.34;6008143.65;235.09
1479;531438.14;6008144.69;234.85
5137;531442.63;6008145.1;234.65
2547;531444.49;6008141.72;235.02
12;531446.91;6008138.5;233.98
19393;531449.18;6008137.51;234.22
7819;531451.59;6008144.5;233.34
21077;531451.9;6008146.47;233.31
23013;531455.2;6008142.89;232.71
18362;531450.93;6008147.9;233.79
17019;531447.22;6008154.85;235.98
17472;531450.05;6008156.21;236.39
6845;531450.23;6008159.07;236.41
18316;531452.35;6008160.35;237.14
10110;531452.36;6008160.33;237.88
9806;531454.04;6008156.75;237.63
12654;531454.16;6008163.01;238.36
9604;531455.98;6008161.55;239.89
324;531456.0;6008161.53;242.32
16338;531359.11;6008406.76;239.11
6084;531356.69;6008410.72;239.32
14693;531358.82;6008402.13;238.99
10456;531364.3;6008407.38;242.67
2341;531339.65;6008415.1;239.6
11015;531335.78;6008427.25;239.88
19324;531332.28;6008431.94;240.03
23578;531323.92;6008435.77;240.59
11420;531321.8;6008440.47;240.55
3476;531318.32;6008442.78;240.66
2903;531316.48;6008449.8;240.72
15647;531309.82;6008462.06;240.74
21723;531310.04;6008465.42;241.01
12659;531315.72;6008473.01;241.06
8518;531324.77;6008481.22;244.23
14664;531330.47;6008483.15;244.18
22931;531324.77;6008481.22;242.23
22899;531342.71;6008471.29;244.65
5741;531334.63;6008492.57;244.36
22076;531354.21;6008475.46;244.68
23379;531374.71;6008487.0;244.19
9722;531352.29;6008470.99;244.92
825;531359.89;6008399.24;240.72
12930;531362.02;6008390.45;240.19
13078;531363.0;6008387.25;237.68
8600;531368.35;6008375.09;237.94
28;531376.87;6008367.85;238.13
7223;531379.01;6008362.7;237.99
17597;531395.17;6008342.89;237.9
12052;531398.21;6008335.33;237.26
3692;531401.09;6008330.3;237.33
11037;531406.34;6008317.76;237.6
4158;531419.74;6008300.81;237.43
21821;531406.34;6008317.76;242.0
17714;531428.2;6008302.81;237.09
12299;531424.38;6008313.25;236.72
13784;531430.02;6008317.68;236.32
8278;531424.76;6008327.31;234.66
17790;531422.14;6008334.27;231.76
8543;531426.06;6008338.12;231.53
2038;531430.51;6008339.43;229.74
17721;531433.95;6008339.1;228.17
23910;531436.83;6008338.13;224.55
21301;531436.84;6008338.22;220.01
15919;531438.42;6008333.97;218.88
12276;531452.22;6008333.98;220.35
3147;531506.41;6008300.0;243.66
20221;531518.66;6008308.12;247.32
2594;531506.45;6008295.78;245.33
9305;531502.37;6008302.09;245.71
14515;531501.61;6008293.07;245.51
23767;531506.42;6008289.52;245.79
9747;531502.35;6008280.1;245.96
17647;531497.41;6008212.88;257.09
14162;531499.44;6008208.92;257.29
19108;531494.11;6008209.5;253.76
16430;531496.67;6008216.02;258.46
8520;531496.53;6008211.45;253.78
13680;531492.63;6008211.95;252.11
11850;531498.88;6008212.65;252.7
4407;531498.89;6008212.68;251.45
16651;531496.08;6008216.97;250.78
18392;531497.45;6008218.69;250.5
22806;531497.46;6008218.73;248.15
20768;531496.04;6008219.91;248.07
12577;531497.46;6008218.73;242.15
15027;531491.35;6008218.18;247.58
22377;531488.02;6008219.08;247.12
9368;531507.68;6008227.38;262.61
1022;531502.84;6008223.95;264.64
8354;531512.12;6008222.72;264.97
12915;531511.83;6008222.72;264.51
22101;531502.6;6008222.44;262.8
4584;531507.68;6008227.36;260.06
9439;531507.72;6008226.87;293.99
8441;531495.96;6008218.07;262.78
11059;531495.84;6008218.02;258.69
22302;531487.67;6008215.8;257.95
3462;531664.74;6008290.3;250.24
23393;531658.15;6008301.98;250.72
20130;531630.71;6008299.62;248.69
14955;531622.65;6008316.02;248.19
22921;531598.99;6008332.36;249.33
6490;531595.88;6008326.04;249.01
10077;531573.36;6008323.88;248.03
8759;531568.96;6008319.32;245.81
17041;531726.68;6008278.43;247.72
20782;531723.48;6008280.94;248.71
16773;531724.24;6008277.03;247.32
16785;531726.7;6008278.42;247.12
3173;531731.42;6008288.7;250.14
18641;531737.18;6008289.9;249.75
19346;531743.57;6008301.43;250.39
13475;531737.3;6008290.18;274.85
9605;531742.63;6008296.12;251.07
2153;531737.61;6008289.78;234.58
20120;531722.27;6008280.02;247.43
9856;532264.33;6008323.63;264.69
14263;532249.13;6008305.49;267.25
18963;532279.28;6008317.43;260.34
23986;532052.82;6008243.83;256.34
4296;532052.82;6008243.84;254.48
12983;532058.56;6008241.42;255.29
15461;532062.34;6008244.69;255.24
5393;532065.93;6008251.4;255.49
20402;532065.92;6008251.4;257.28
23637;532075.46;6008254.67;260.94
21850;532077.83;6008253.84;260.36
13930;532089.43;6008265.91;260.97
9740;532074.08;6008256.32;260.51
4263;531985.13;6008301.22;255.82
17311;531977.16;6008310.71;254.56
8735;531948.55;6008319.18;256.87
13374;531948.57;6008319.18;255.86
5220;531945.99;6008318.15;255.81
16647;531935.58;6008320.55;256.69
778;531912.94;6008326.86;253.42
22525;531889.63;6008340.66;252.96
1932;531865.9;6008338.7;252.48
14598;531859.58;6008351.85;252.21
14199;531855.84;6008350.89;250.82
20307;531830.61;6008336.64;253.22
9516;531803.9;6008339.81;254.48
3040;531789.82;6008351.56;254.15
9426;531771.58;6008350.55;251.96
20961;531771.6;6008350.55;251.18
19053;531771.24;6008353.03;250.48
12270;531750.99;6008342.66;250.53
17876;531743.25;6008339.62;250.72
1827;531730.08;6008326.81;247.8
8595;531726.69;6008312.56;250.68
23923;532130.74;6008283.43;260.71
10085;532118.22;6008292.98;262.51
7935;532101.11;6008308.59;261.96
4945;532104.91;6008311.18;260.65
13322;532097.43;6008313.16;263.26
8614;532108.04;6008309.74;261.99
16518;532103.95;6008314.01;261.71
9185;532117.91;6008302.75;261.69
23263;532121.7;6008305.24;260.86
6124;532127.85;6008303.48;263.09
23433;532121.41;6008308.66;262.22
11459;532139.25;6008291.9;263.48
8496;532333.22;6008353.96;267.75
13907;532377.99;6008333.7;274.44
12647;531714.14;6008327.07;229.01
3984;531739.96;6008336.39;227.48
5430;531739.97;6008336.39;228.85
1364;531753.85;6008331.52;228.74
2154;531759.49;6008335.48;228.71
7442;531759.2;6008354.26;228.53
21357;531775.09;6008356.38;228.4
14256;531791.86;6008368.51;228.18
15614;531797.8;6008366.25;228.21
6525;531797.0;6008360.68;228.38
18274;531793.03;6008351.36;228.24
22051;531800.72;6008341.47;228.81
8862;531813.4;6008341.3;228.83
16882;531822.57;6008346.74;228.95
13566;531836.46;6008337.19;228.8
3349;531852.7;6008338.39;228.67
11052;531854.79;6008350.14;227.35
10151;531854.81;6008350.14;228.93
3739;531867.69;6008352.76;229.4
22523;531700.92;6008300.8;229.7
5381;531701.24;6008295.85;230.23
7292;531701.23;6008295.83;229.64
12458;531693.65;6008291.9;227.52
9110;531693.78;6008288.77;227.39
18263;531688.82;6008281.61;227.28
11027;531686.85;6008278.18;225.44
9677;531675.96;6008285.89;223.99
17696;531678.6;6008299.58;222.94
3279;531665.75;6008299.95;223.12
4908;531648.96;6008302.92;222.07
13221;531646.19;6008308.8;221.52
1867;531630.86;6008316.06;221.35
8066;531619.22;6008311.75;220.14
12212;531615.17;6008317.05;221.05
21924;531607.87;6008323.03;218.38
8086;531609.88;6008326.72;218.7
5810;531605.33;6008338.13;218.65
10441;531605.32;6008338.11;217.47
20016;531597.93;6008336.98;218.6
8531;531593.0;6008334.05;218.76
8482;531580.67;6008321.82;218.74
19644;531573.62;6008316.56;218.63
1321;531998.24;6008294.34;239.65
6302;531998.27;6008294.35;244.95
23761;531995.22;6008295.48;236.12
15701;531997.74;6008294.44;246.42
13067;531998.01;6008293.54;246.22
7526;532001.1;6008290.04;249.03
22604;532001.12;6008290.05;251.63
21728;531929.92;6008298.93;237.45
23245;531937.31;6008302.39;238.09
13742;531924.11;6008306.41;239.91
22166;531912.81;6008303.85;235.9
99;531943.37;6008301.46;240.14
6698;531969.84;6008302.94;239.99
20612;531973.1;6008300.59;240.04
5970;531973.11;6008300.6;237.15
18414;531976.48;6008298.84;237.53
20037;531980.42;6008297.81;237.22
21016;531985.96;6008298.6;236.8
20890;531985.97;6008298.61;238.51
14089;531987.5;6008299.88;237.12
2671;531989.41;6008301.07;236.67
19673;531992.88;6008299.47;236.39
20514;531922.27;6008315.27;239.52
19509;531919.16;6008318.87;239.31
22694;531917.05;6008320.85;239.63
18760;531913.7;6008325.84;237.6
23978;531913.71;6008325.84;235.94
23655;531909.31;6008330.76;235.88
13982;531902.25;6008329.91;237.19
555;531895.36;6008331.01;233.99
20492;531914.08;6008312.31;236.95
17914;531905.47;6008324.56;239.3
1410;531895.98;6008330.55;236.1
5793;531895.96;6008330.55;234.42
5437;531455.02;6008360.95;219.82
21387;531456.83;6008364.83;219.92
9900;531456.41;6008366.92;219.9
15934;531456.4;6008366.95;221.93
7255;531461.69;6008369.35;222.07
8567;531460.18;6008374.55;221.74
17526;531463.98;6008375.23;221.42
21426;531461.86;6008381.71;221.24
535;531463.98;6008375.23;222.52
20404;531457.21;6008390.49;221.33
13055;531452.84;6008396.56;228.58
17254;531449.64;6008401.49;233.42
7168;531452.84;6008396.56;229.78
11619;531443.19;6008409.88;236.85
10578;531436.6;6008416.18;238.18
9153;531427.91;6008438.78;239.09
8064;531422.17;6008446.25;239.01
19412;531406.54;6008467.93;239.63
3186;531398.14;6008483.3;240.19
1937;531393.11;6008493.67;240.51
3973;531382.41;6008488.87;241.88
2452;531393.31;6008493.33;242.28
15685;531374.63;6008492.5;242.1
16375;531359.11;6008518.17;242.62
12389;531367.43;6008412.99;243.81
6213;531366.24;6008417.07;244.11
391;531361.15;6008412.74;243.31
3229;531367.41;6008412.95;245.49
1832;531365.01;6008421.89;245.34
23691;531367.59;6008431.69;245.72
14348;531355.15;6008449.07;245.5
23904;531375.18;6008400.27;245.88
13861;531381.09;6008381.04;246.52
8886;531381.19;6008368.5;246.44
23831;531381.17;6008368.47;246.92
4500;531392.82;6008367.09;247.06
13536;531378.76;6008359.47;243.89
15953;531406.07;6008370.4;246.21
4889;531413.73;6008358.96;246.47
14934;531419.82;6008362.89;245.98
5369;531429.64;6008361.42;245.84
18825;531435.5;6008357.58;245.63
21950;531439.58;6008353.58;245.26
20194;531432.36;6008354.38;245.98
18278;531460.83;6008344.71;244.58
6928;531467.1;6008336.35;244.98
4873;531475.73;6008325.77;244.65
12502;531463.03;6008330.06;245.3
826;531476.61;6008323.33;244.57
5670;531480.09;6008322.73;244.37
14375;531480.6;6008318.77;245.34
13590;531482.57;6008310.95;246.2
4131;531482.55;6008310.91;245.48
19983;531482.61;6008306.82;246.03
4133;531482.89;6008301.92;245.71
8054;531485.48;6008306.0;245.83
6861;531485.46;6008305.96;246.41
15361;531489.7;6008304.92;247.17
8016;531491.84;6008305.01;248.04
15646;531492.93;6008303.46;247.53
3639;531492.91;6008303.43;246.31
7866;531494.61;6008300.77;246.52
18200;531676.35;6008102.36;272.0
22887;531672.24;6008098.62;271.32
18052;531673.19;6008094.22;271.16
23369;531667.39;6008088.76;270.46
832;531667.39;6008088.76;262.96
15641;531665.92;6008084.3;276.94
8063;531661.15;6008090.17;262.96
15052;531661.15;6008090.17;259.46
2558;531661.15;6008090.17;257.06
14986;531660.25;6008091.83;255.74
11880;531659.47;6008091.21;255.74
5158;531659.47;6008091.21;253.04
3701;531656.0;6008094.42;252.21
11906;531656.36;6008094.55;252.81
20171;531662.64;6008099.66;251.47
16502;531661.12;6008106.08;251.47
21506;531661.12;6008106.08;252.47
20815;531656.19;6008112.34;252.17
2211;531667.47;6008110.49;253.15
1800;531667.47;6008110.49;249.9
24194;531665.42;6008126.49;248.48
4948;531665.42;6008126.49;244.13
18984;531664.43;6008130.68;244.13
20597;531668.73;6008133.09;244.65
10355;531661.46;6008130.83;243.17
17875;531677.47;6008122.77;248.28
24011;531657.13;6008140.9;242.21
11123;531654.06;6008140.77;242.21
1828;531650.54;6008143.3;241.84
18189;531646.65;6008142.74;241.56
15437;531643.8;6008143.82;241.02
4375;531640.63;6008146.72;240.8
4671;531639.73;6008146.32;240.76
20479;531634.13;6008151.66;240.36
15608;531632.66;6008153.68;240.36
2969;531629.74;6008154.13;240.36
10509;531627.64;6008159.24;239.48
9329;531622.74;6008163.17;240.03
23599;531620.82;6008164.82;239.81
7121;531617.93;6008163.52;240.25
16690;531610.88;6008162.75;240.5
22198;531607.1;6008167.54;240.39
4984;531607.1;6008167.54;237.64
3796;531600.49;6008173.64;237.17
1746;531598.15;6008181.69;236.88
19349;531585.93;6008190.8;236.35
10743;531577.95;6008199.28;235.94
743;531572.7;6008201.47;235.45
10500;531566.75;6008205.15;235.45
4362;531566.57;6008208.35;235.39
4607;531564.63;6008202.76;235.45
19149;531569.33;6008211.23;235.18
440;531573.24;6008212.6;234.45
24180;531579.38;6008220.84;233.91
22571;531579.38;6008220.84;236.81
15556;531578.52;6008224.03;236.81
16668;531578.52;6008224.03;234.01
13188;531578.32;6008225.76;234.01
14302;531580.55;6008230.83;233.53
16070;531579.03;6008236.79;232.77
11747;531581.08;6008240.85;232.77
4402;531581.08;6008240.85;231.77
177;531586.87;6008247.35;231.77
18075;531586.87;6008247.35;233.32
9167;531582.91;6008252.73;232.03
22239;531582.04;6008255.38;231.23
22742;531582.04;6008255.38;230.63
16209;531581.14;6008260.84;231.01
6545;531581.01;6008266.69;232.58
23454;531574.8;6008274.55;231.35
16473;531574.8;6008274.55;229.75
6676;531571.39;6008280.4;230.34
18077;531566.37;6008288.99;230.17
17429;531566.37;6008288.99;231.12
13243;531561.46;6008297.41;231.12
1452;531561.46;6008297.41;228.02
8619;531559.3;6008299.78;227.45
8319;531556.47;6008305.26;226.81
7557;531550.82;6008313.55;224.3
4343;531552.66;6008315.69;221.18
21625;531721.21;6008266.62;244.33
9647;531723.16;6008263.96;246.51
6540;531719.09;6008264.49;248.4
1700;531722.22;6008267.58;243.76
23624;531726.34;6008266.24;245.08
12166;531723.27;6008271.01;242.82
12676;531725.56;6008274.15;246.33
3682;531725.16;6008277.56;246.63
16167;531721.8;6008281.46;246.82
15976;531724.57;6008282.99;246.71
422;531725.18;6008280.85;248.17
5314;531727.87;6008257.25;247.36
22020;531721.31;6008260.67;247.59
10904;531727.77;6008257.23;243.53
21585;531731.51;6008254.45;248.16
1420;531725.86;6008251.44;245.25
2422;531727.67;6008257.22;239.99
20047;531726.92;6008258.11;239.81
6546;531726.97;6008259.35;239.66
18167;531722.09;6008251.96;241.91
3146;531724.38;6008259.31;239.87
20018;531720.04;6008261.22;239.37
3463;531716.88;6008264.09;238.17
1961;531719.42;6008266.88;238.02
20497;531722.38;6008267.93;237.3
9672;531723.92;6008267.41;237.17
14408;531723.12;6008272.58;236.95
400;531724.59;6008272.85;237.05
16594;531724.51;6008272.84;237.91
18197;531727.2;6008274.0;236.18
3189;531722.42;6008271.3;239.52
21055;531722.31;6008267.59;241.0
277;531863.93;6008124.65;269.78
10583;531860.51;6008129.4;267.33
19232;531863.82;6008124.62;268.61
19830;531865.62;6008129.87;267.08
2824;531871.29;6008111.88;271.3
3589;531855.44;6008133.81;267.01
895;531855.75;6008143.76;267.87
6498;531855.17;6008144.85;267.7
402;531855.29;6008146.28;268.82
995;531852.09;6008147.69;268.15
15329;531848.72;6008153.14;266.81
23836;531849.88;6008156.92;265.68
6339;531843.62;6008163.03;265.39
8015;531840.08;6008164.81;265.32
11237;531836.77;6008165.98;265.14
44;531833.75;6008169.39;265.38
18399;531830.25;6008164.62;266.43
17264;531825.33;6008164.86;265.92
20087;531833.71;6008164.42;264.43
22778;531821.55;6008163.71;268.18
14259;531818.22;6008161.11;268.18
5281;531829.98;6008166.26;268.18
22507;531813.89;6008161.33;265.6
5346;531805.31;6008156.06;264.39
4852;531800.08;6008159.65;264.62
17147;531809.95;6008154.31;265.81
9114;531798.4;6008159.48;265.1
138;531795.16;6008159.58;265.78
1289;531788.76;6008161.03;264.41
23269;531785.02;6008164.83;263.95
5412;531782.43;6008165.85;262.67
9614;531783.0;6008167.14;263.8
10519;531781.24;6008161.6;261.4
20615;531782.33;6008170.61;263.68
5200;531781.69;6008171.9;262.82
21771;531780.7;6008172.94;261.73
21608;531779.69;6008177.36;261.81
20965;531779.42;6008182.68;260.78
11424;531779.4;6008182.69;256.19
7716;531778.28;6008187.14;260.78
1628;531778.73;6008182.33;254.33
12019;531780.53;6008181.38;252.34
10150;531783.89;6008184.18;252.34
20637;531784.84;6008185.83;252.96
10468;531778.43;6008193.81;251.37
4547;531785.51;6008187.26;252.19
7158;531786.45;6008184.2;252.17
1743;531781.3;6008195.39;252.08
13797;531780.36;6008199.53;250.21
22671;531769.28;6008217.69;249.17
12818;531783.57;6008203.73;249.84
5987;531762.19;6008225.9;248.06
19806;531751.61;6008238.1;247.54
7849;531747.69;6008239.9;245.9
7284;531744.33;6008239.12;247.08
19495;531742.48;6008239.05;247.25
8391;531737.22;6008249.37;246.66
6316;531735.19;6008250.72;246.32
10032;531735.41;6008251.58;246.45
15261;531731.75;6008255.06;247.7
16586;531917.83;6008093.39;251.08
22670;531914.42;6008097.52;250.3
13466;531912.88;6008087.88;251.21
20252;531917.84;6008093.4;250.72
6276;531917.83;6008093.39;250.68
136;531910.49;6008096.15;251.02
23448;531908.36;6008100.38;250.81
17781;531911.11;6008104.25;250.69
19985;531909.57;6008108.77;250.69
16031;531906.38;6008107.55;250.66
7129;531902.89;6008109.4;250.22
22127;531902.02;6008111.94;249.58
7973;531898.0;6008109.55;249.95
17683;531903.64;6008112.1;249.24
20164;531896.13;6008108.27;250.51
238;531903.84;6008116.34;221.82
23936;531904.12;6008116.29;246.26
17588;531904.23;6008117.19;221.82
16677;531904.24;6008114.47;248.27
20557;531775.81;6007973.97;242.64
20114;531776.7;6007973.61;242.85
143;531773.6;6007973.05;242.47
13354;531773.37;6007978.49;240.73
6907;531780.42;6007970.0;244.67
15885;531782.97;6007972.53;244.73
13648;531782.94;6007972.55;245.73
7195;531787.55;6007975.3;245.73
8750;531790.77;6007977.23;245.86
12781;531792.19;6007982.8;246.06
14077;531792.01;6007988.97;245.95
18227;531795.0;6007993.24;245.95
23120;531798.25;6007996.48;245.95
5232;531800.73;6007997.89;246.05
8848;531804.47;6008003.23;246.16
13955;531812.22;6008011.16;246.54
21882;531815.16;6008018.86;246.54
14499;531816.87;6008022.05;246.54
3247;531815.38;6008023.95;246.66
23235;531817.15;6008026.99;246.78
3188;531822.57;6008027.23;246.78
10198;531831.68;6008033.51;246.78
10100;531838.48;6008034.82;247.02
10232;531840.96;6008036.95;247.25
18901;531851.61;6008050.34;247.83
8987;531858.27;6008046.51;248.24
14606;531862.36;6008046.19;248.31
14846;531871.59;6008047.48;248.64
8732;531877.22;6008045.79;249.06
21279;531881.62;6008045.83;249.45
1731;531890.36;6008046.27;250.54
11629;531895.97;6008048.75;250.97
21977;531898.28;6008048.82;251.09
13560;531900.04;6008050.57;251.18
14747;531900.94;6008054.11;251.18
4056;531902.62;6008060.33;251.51
20958;531903.93;6008047.34;251.44
7789;531901.4;6008064.02;251.44
24130;531899.69;6008068.4;251.12
19159;531906.23;6008079.66;251.11
386;531909.78;6008083.45;251.02
22915;531891.14;6008091.73;275.05
9363;531895.71;6008096.66;274.99
10741;531899.72;6008083.69;275.93
6067;531881.86;6008096.58;275.47
19316;531895.5;6008101.97;274.94
20524;531902.03;6008099.39;275.59
18539;531894.46;6008105.49;272.75
9415;531894.58;6008105.51;270.52
20862;531889.36;6008109.13;270.1
17181;531883.45;6008118.04;269.54
15838;531873.59;6008123.15;269.36
23182;531871.69;6008124.12;269.26
1492;531871.8;6008124.13;268.71
5522;531887.59;6008119.39;252.79
13661;531888.96;6008120.06;253.0
23076;531885.81;6008121.18;254.88
9866;531886.29;6008120.93;254.15
10736;531891.44;6008118.11;253.39
23647;531893.57;6008113.8;254.05
7409;531893.66;6008111.41;253.89
20415;531893.68;6008111.41;251.28
19957;531888.85;6008120.3;255.49
9007;531888.84;6008120.31;253.87
16369;531888.83;6008120.32;257.64
5885;531889.63;6008119.78;257.64
23458;531889.62;6008119.79;260.07
23409;531893.28;6008114.87;260.26
18535;531898.77;6008112.07;260.67
13807;531898.76;6008112.08;262.45
19833;531902.4;6008108.78;266.17
16131;531902.05;6008107.98;264.26
3028;531904.92;6008106.48;265.92
1176;531911.16;6008100.61;264.2
5595;531912.21;6008100.26;263.49
9009;531913.73;6008101.04;263.64
2700;531916.67;6008102.96;264.44
10163;531916.63;6008104.89;262.99
23317;531918.57;6008106.58;263.03
18169;531921.14;6008104.32;265.17
3815;531919.43;6008100.37;266.0
18911;531917.44;6008097.49;265.99
20255;531913.78;6008094.89;266.13
6255;531913.06;6008093.72;266.3
5440;531912.07;6008092.29;266.32
17495;531911.0;6008091.44;268.33
11749;531915.8;6008086.29;266.44
20101;531913.55;6008087.9;269.91
21488;531913.67;6008086.66;272.39
2789;531913.26;6008083.92;272.62
18421;531913.25;6008083.92;274.81
11638;531909.82;6008088.18;274.89
23493;531907.41;6008084.56;276.63
20366;531865.62;6008129.87;265.76
164;531865.8;6008131.98;264.85
2876;531867.61;6008133.46;263.08
23356;531871.38;6008136.12;262.9
14854;531872.69;6008138.15;262.16
9880;531880.65;6008127.48;262.06
5358;531880.66;6008127.48;260.53
15394;531877.72;6008130.83;259.41
3615;531879.02;6008132.56;258.1
22576;531881.98;6008128.9;257.84
4378;531876.93;6008134.74;257.84
19550;531884.08;6008126.79;257.67
1457;531884.79;6008125.82;257.13
4117;531872.64;6008110.22;272.61
13593;531873.12;6008106.93;272.47
3839;531879.1;6008101.26;275.5
23444;531880.08;6008099.08;274.35
8533;531766.31;6007958.85;242.52
3150;531772.05;6007966.42;242.35
20599;531768.53;6007955.89;242.52
41;531934.19;6008092.63;252.28
39;531932.53;6008093.38;251.46
14318;531934.73;6008092.36;251.53
17029;531944.71;6008093.8;252.84
20834;531934.38;6008091.8;252.21
21110;531925.5;6008090.68;250.9
16522;531931.48;6008090.19;249.57
10994;531931.51;6008090.21;242.41
23504;531932.81;6008086.7;239.21
20643;531932.83;6008086.72;232.75
16514;531934.69;6008084.89;232.73
7135;531934.7;6008084.9;230.57
2451;531938.56;6008076.07;225.02
20154;531934.3;6008081.91;223.4
2402;531930.87;6008082.36;223.19
4428;531930.94;6008084.49;223.24
15196;531929.98;6008087.1;223.65
4790;531926.83;6008088.16;222.79
6701;531927.29;6008090.24;223.71
11651;531928.64;6008092.06;224.08
21316;531932.11;6008088.84;224.59
3648;531926.43;6008094.03;223.59
19905;531923.72;6008092.78;223.77
23938;531916.7;6008097.33;223.22
11339;531909.93;6008102.61;222.96
9310;532028.45;6008113.1;255.91
8328;532037.17;6008108.22;255.65
11856;532024.9;6008114.05;255.79
7540;532024.1;6008112.79;256.48
16171;532044.86;6008109.55;255.72
17363;532044.86;6008109.55;253.92
23607;532049.45;6008111.77;253.88
19748;532051.97;6008109.64;253.85
1450;532054.12;6008110.87;253.48
22396;532059.02;6008110.94;253.61
1096;532059.68;6008114.27;253.75
15378;532057.19;6008115.33;253.83
3578;532060.3;6008116.45;253.97
3084;532061.19;6008118.78;253.86
22717;532064.4;6008118.66;253.94
4436;532060.49;6008123.34;254.0
14157;532062.45;6008124.34;254.13
12205;532063.48;6008127.47;254.22
523;532062.08;6008127.49;254.23
5310;532058.07;6008133.96;254.16
6158;532058.43;6008134.86;254.38
21976;532053.37;6008143.02;254.46
11891;532048.78;6008141.42;255.15
6866;532053.85;6008143.06;254.51
10341;532043.93;6008136.68;254.79
2026;532033.47;6008130.81;255.21
22944;532026.18;6008141.11;253.88
651;532009.68;6008132.95;253.88
16183;532003.7;6008129.8;254.59
14204;531991.48;6008122.37;254.34
14752;531988.43;6008119.64;254.27
9993;531981.56;6008116.39;253.87
9623;531979.17;6008109.08;254.14
5092;531968.95;6008103.58;253.94
13042;531962.82;6008092.8;253.83
17092;531959.62;6008091.97;253.77
7235;531948.47;6008090.14;253.58
4244;532021.07;6008112.69;257.71
4882;532021.36;6008113.62;257.51
15924;532014.18;6008113.21;260.57
13640;532021.32;6008113.94;256.22
9289;532017.61;6008115.43;256.97
20584;532015.9;6008114.25;256.98
18723;532014.66;6008115.66;258.67
22082;532009.51;6008116.03;258.4
1810;532009.56;6008115.99;262.18
23086;532005.43;6008115.48;261.09
16477;532000.64;6008120.38;262.2
18217;531998.12;6008117.3;261.4
10161;531995.9;6008119.24;263.61
3762;531995.58;6008120.64;263.72
19969;531994.39;6008122.22;263.84
14670;531994.45;6008122.18;268.21
396;531997.21;6008118.31;267.14
16886;531999.62;6008122.98;265.72
15330;532000.67;6008119.87;266.65
10625;531999.24;6008115.6;268.01
12802;532004.51;6008113.67;266.89
15033;532015.32;6008111.48;264.28
2723;531997.98;6008111.44;265.74
24149;532014.12;6008113.25;263.6
18722;532027.86;6008108.08;264.16
17752;531782.09;6007946.78;218.93
20754;531781.92;6007942.7;219.28
5386;531786.66;6007929.1;219.29
6864;531780.82;6007916.69;219.18
19841;531784.44;6007909.66;219.07
21404;531783.14;6007903.8;219.04
6766;531786.08;6007898.45;219.39
20427;531788.33;6007891.94;219.73
3491;531789.98;6007886.38;219.76
5587;531793.19;6007882.41;219.92
1334;531796.38;6007875.61;219.95
10186;531795.17;6007856.75;219.91
805;531793.85;6007856.12;219.71
10299;531797.54;6007851.01;220.02
5131;531806.04;6007848.91;220.2
12838;531810.72;6007849.06;220.39
21375;531817.83;6007843.66;220.5
11250;531819.67;6007845.12;220.61
10082;531822.59;6007842.09;220.86
21600;531824.36;6007845.65;220.98
18703;531823.32;6007847.34;220.83
23689;531824.9;6007847.34;220.92
23025;531828.77;6007851.32;221.09
13529;531828.11;6007852.55;221.03
16308;531830.22;6007853.75;220.95
19208;531829.97;6007855.13;221.02
20289;531832.48;6007857.78;221.01
5100;531833.83;6007861.34;220.92
8777;531836.4;6007859.36;221.41
11448;531784.95;6007987.57;219.19
22995;531782.48;6007992.75;218.95
20122;531779.52;6007993.82;219.0
6965;531776.06;6008000.06;218.76
6120;531777.3;6008007.42;218.9
21532;531772.71;6008015.08;218.44
3092;531774.32;6008021.33;218.5
769;531773.29;6008025.86;218.35
16643;531783.85;6008030.9;218.67
23390;531791.07;6008031.2;218.99
661;531790.42;6008026.4;219.17
1595;531797.04;6008022.59;219.51
3606;531803.99;6008029.58;220.21
18988;531809.85;6008031.92;220.17
23166;531812.16;6008036.99;220.27
5409;531822.7;6008035.56;220.47
13776;531825.67;6008038.37;220.48
3128;531831.74;6008039.7;220.37
2959;531832.52;6008042.55;220.53
19718;531838.01;6008043.7;220.1
8993;531841.75;6008041.3;220.18
9884;531848.35;6008043.35;220.19
6557;531849.85;6008042.13;220.43
17303;531856.19;6008045.54;220.56
133;531858.41;6008043.3;220.73
12295;531864.32;6008048.68;221.02
1192;531868.19;6008047.53;220.92
19996;531871.99;6008049.94;220.92
5796;531870.79;6008055.26;220.93
23242;531874.41;6008058.23;220.85
23762;531875.33;6008061.82;221.51
16961;531877.09;6008063.12;221.7
17767;531875.87;6008071.67;221.87
846;531878.25;6008073.94;221.87
13644;531891.99;6008075.49;222.14
5267;531896.63;6008078.79;222.25
19562;531901.82;6008099.29;222.69
16100;531909.74;6008102.85;222.09
21089;531911.74;6008107.94;222.05
24217;531904.23;6008117.2;222.71
14542;531778.04;6007972.85;224.2
14323;531776.5;6007973.94;224.66
2329;531773.41;6007977.95;231.6
11984;531772.01;6007979.24;228.28
3363;531768.67;6007984.43;227.08
17188;531739.54;6008306.41;234.56
4207;531740.32;6008306.8;234.27
15803;531739.6;6008306.44;235.91
10923;531740.21;6008306.97;234.53
914;531739.53;6008306.47;235.74
7366;531738.5;6008310.32;236.03
669;531736.59;6008307.76;233.69
4744;531735.38;6008307.02;230.65
4330;531735.35;6008306.94;231.6
13336;531734.3;6008307.68;230.93
13478;531731.82;6008304.99;231.56
4479;531730.24;6008306.78;230.78
10221;531729.85;6008305.03;231.13
21043;531727.93;6008304.66;230.38
18033;531726.41;6008303.46;230.23
21738;531726.38;6008303.38;230.08
6440;531725.94;6008304.7;230.0
18886;531723.26;6008302.93;229.42
8311;531721.92;6008302.67;229.69
17981;531721.89;6008302.59;228.14
10865;531720.38;6008301.11;229.51
20793;531720.49;6008302.98;228.42
9246;531749.42;6008292.32;290.76
779;531742.41;6008291.76;290.75
20421;531749.1;6008292.76;290.75
13888;531750.37;6008287.98;289.46
23101;531742.37;6008291.68;278.55
13357;531740.11;6008291.06;278.52
18906;531747.05;6008293.29;278.52
6192;531759.19;6008285.18;291.7
1440;531756.9;6008294.27;291.93
8707;531755.62;6008285.05;291.82
21652;531762.25;6008282.06;291.85
4876;531752.56;6008282.32;288.79
14549;531751.1;6008283.37;289.78
13447;531752.53;6008282.48;291.82
5461;531751.49;6008277.53;288.96
2831;531751.23;6008285.18;289.11
4411;531749.12;6008286.5;288.63
13630;531754.33;6008282.79;291.77
20408;531736.42;6008301.37;235.86
2808;531735.29;6008302.13;236.65
14737;531735.34;6008302.16;238.3
5027;531736.81;6008306.52;241.36
2763;531736.14;6008306.87;241.39
255;531735.87;6008312.65;245.43
12148;531735.92;6008312.68;247.73
12698;531735.21;6008309.35;250.66
6771;531742.53;6008306.82;233.59
7632;531742.77;6008307.81;233.59
22457;531743.51;6008309.14;233.47
15485;531745.37;6008310.1;233.55
3239;531750.52;6008311.89;236.5
21199;531753.24;6008313.24;236.56
13531;531753.22;6008313.2;244.52
7399;531756.11;6008312.1;244.15
5351;531748.53;6008314.92;244.52
10323;531750.45;6008316.08;244.66
1560;531761.71;6008307.87;244.02
2482;531767.37;6008308.88;244.02
22008;531770.19;6008307.58;243.98
18544;531777.45;6008299.13;243.87
31;531782.7;6008293.87;243.86
12378;531800.27;6008271.53;244.02
12923;531801.72;6008272.48;244.02
13728;531811.78;6008271.91;243.95
10164;531811.77;6008271.89;246.25
23855;531816.99;6008266.67;248.91
21544;531818.55;6008265.65;250.49
22358;531814.28;6008262.04;253.82
17553;531814.19;6008261.83;275.12
22970;531812.32;6008265.75;256.15
1873;531813.02;6008259.73;277.51
3779;531812.55;6008256.78;280.3
5029;531799.72;6008259.44;281.96
10549;531796.19;6008263.04;281.35
989;531784.69;6008259.78;282.87
8813;531772.36;6008261.26;282.73
21409;531772.89;6008264.58;283.22
20286;531772.87;6008264.54;291.72
9373;531770.79;6008267.57;293.09
4324;531775.95;6008260.79;290.51
7188;531764.18;6008275.5;292.1
9237;531732.6;6008288.47;236.23
19468;531733.48;6008287.61;234.91
13187;531735.66;6008286.73;236.34
16263;531728.78;6008295.5;239.01
22638;531731.44;6008284.63;235.26
15467;531729.62;6008285.53;235.05
22115;531723.06;6008279.35;233.79
18294;531721.13;6008282.38;235.66
11195;531717.54;6008283.01;238.37
5444;531714.98;6008285.35;238.15
342;531713.73;6008287.54;238.03
23342;531714.29;6008290.52;238.84
16663;531739.47;6008287.84;234.7
5847;531737.68;6008289.75;236.05
12114;531741.28;6008294.31;237.83
7052;531729.34;6008298.09;238.58
3829;531729.36;6008298.02;240.19
1631;531735.07;6008302.06;237.47
9519;531735.09;6008301.99;235.33
3564;531738.16;6008302.4;235.66
10992;531753.61;6008267.26;288.76
21350;531753.37;6008267.19;293.08
2281;531758.44;6008265.07;290.92
18305;531751.89;6008272.17;288.58
11443;531753.59;6008263.09;292.8
13616;531751.2;6008272.77;293.29
14910;531755.9;6008260.9;293.34
283;531755.4;6008257.76;292.4
15889;531759.27;6008261.44;292.52
23717;531755.88;6008253.74;292.47
22420;531759.27;6008261.44;285.12
11934;532188.6;6008190.64;251.49
23194;532191.32;6008187.17;253.9
16871;532191.92;6008189.32;251.78
15489;532175.78;6008197.36;251.24
10685;532202.58;6008181.16;254.53
13424;532217.53;6008169.64;255.56
19303;532217.47;6008169.69;254.89
8438;532221.28;6008170.12;254.49
3569;532229.79;6008167.03;254.06
14904;532229.28;6008166.6;254.39
3570;532229.79;6008167.03;254.56
18037;532197.02;6008190.77;251.66
20375;532203.13;6008188.99;251.83
13427;532213.14;6008185.95;252.26
14066;532221.51;6008179.11;252.69
16052;532226.36;6008176.02;252.85
16247;532226.81;6008172.34;253.27
9894;532173.59;6008199.05;253.64
14513;532170.97;6008198.33;252.0
12876;532170.97;6008198.33;252.49
20936;532170.97;6008198.32;251.94
4457;532152.82;6008213.64;250.28
504;532138.17;6008229.45;250.65
17195;532113.58;6008253.34;249.45
12761;532113.58;6008253.34;247.35
1241;532111.89;6008255.1;246.47
21805;532111.66;6008253.58;247.22
10326;532110.17;6008254.71;246.09
18953;532108.79;6008258.76;246.39
11576;532106.53;6008257.9;245.79
5177;532106.53;6008257.9;244.53
20162;532103.84;6008259.87;244.23
3967;532102.64;6008262.06;244.32
2889;532097.78;6008263.84;243.87
12170;532096.79;6008267.58;243.46
16292;532095.34;6008267.2;243.49
13206;532092.04;6008269.44;243.21
16278;532090.57;6008271.1;242.86
22812;532090.57;6008271.1;242.4
3132;532267.4;6008159.86;257.12
429;532264.5;6008158.7;256.46
8624;532263.2;6008165.08;258.79
20038;532267.4;6008159.86;256.62
6734;532259.4;6008160.09;256.55
1391;532260.77;6008164.27;256.09
14;532255.42;6008163.1;259.21
1601;532255.94;6008165.95;255.37
16584;532251.45;6008170.79;254.56
3109;532246.7;6008171.3;254.56
22676;532237.0;6008167.98;254.56
4926;532234.87;6008166.21;255.56
17383;532301.57;6008233.75;267.09
20816;532301.41;6008233.74;257.56
4993;532298.23;6008227.01;268.3
16787;532304.57;6008237.79;266.93
1290;532296.85;6008244.03;256.89
5818;532296.79;6008244.03;253.79
21259;532295.51;6008246.58;256.86
13329;532294.52;6008251.4;253.42
12137;532301.58;6008247.47;253.56
9358;532294.47;6008251.41;251.65
14949;532307.1;6008213.52;272.39
45;532312.16;6008204.98;276.68
7276;532302.56;6008215.46;268.78
22660;532306.12;6008217.04;274.61
6032;532311.28;6008201.7;276.09
2056;532311.32;6008201.65;278.38
20168;532317.92;6008199.84;277.67
10927;532333.27;6008180.21;278.63
11958;532342.77;6008180.78;278.12
21519;532366.5;6008161.23;279.23
16789;532376.57;6008151.34;279.85
7305;532386.93;6008148.75;280.36
13309;532374.51;6008143.18;280.08
13502;532392.23;6008148.97;280.89
17288;532396.46;6008144.27;281.3
24157;532405.27;6008141.48;282.21
21483;532395.61;6008133.89;282.58
984;532412.5;6008140.87;282.44
10412;532421.21;6008140.1;282.71
4797;532413.73;6008137.93;282.86
21753;532424.68;6008137.37;283.08
3502;532428.37;6008129.45;284.36
19956;532426.74;6008138.7;283.22
6345;532428.41;6008129.4;283.75
4391;532429.02;6008128.01;284.61
15986;532427.56;6008128.95;283.75
20111;532427.63;6008128.86;277.44
3964;532298.69;6008218.89;268.31
23577;532306.03;6008227.99;273.77
14795;532315.88;6008232.93;273.88
4972;532329.17;6008238.28;273.09
15382;532336.66;6008243.62;274.07
7854;532344.21;6008246.3;274.66
9768;532344.59;6008252.85;274.58
6449;532341.21;6008260.05;274.28
8089;532341.25;6008265.75;273.97
15503;532339.79;6008273.67;273.59
1610;532335.14;6008276.91;273.24
16352;532332.17;6008280.96;272.75
7796;532331.08;6008285.18;272.48
8017;532325.33;6008290.93;272.38
23805;532332.37;6008285.15;272.75
7268;532323.32;6008294.81;272.26
14715;532316.22;6008298.44;272.16
23887;532312.64;6008303.51;271.98
14614;532305.16;6008305.53;271.34
23193;532267.11;6008228.02;264.2
17839;532267.1;6008227.99;263.39
1888;532261.15;6008235.63;263.74
19264;532272.64;6008221.38;266.68
21078;532276.14;6008234.91;263.36
80;532280.95;6008236.35;263.36
11557;532281.08;6008238.9;263.44
11483;532278.47;6008241.81;264.42
21660;532282.66;6008246.01;266.16
9389;532281.45;6008241.85;264.79
12870;532289.7;6008248.64;264.93
3677;532299.17;6008250.3;265.59
5673;532300.59;6008243.63;265.7
21255;532300.04;6008255.12;265.34
14891;532302.62;6008243.11;267.05
20295;532305.47;6008240.12;268.45
7978;532305.47;6008240.12;266.95
553;532241.47;6008258.43;262.0
11678;532229.69;6008267.66;262.11
18914;532229.71;6008267.66;262.63
18943;532220.12;6008275.12;263.13
16632;532215.71;6008279.34;264.02
2598;532207.9;6008284.97;264.75
584;532207.1;6008286.92;266.08
22975;532210.45;6008288.98;267.43
14431;532447.13;6008309.92;278.47
22081;532455.0;6008304.41;279.07
9522;532443.53;6008316.29;278.73
9134;532520.43;6008266.27;285.46
22504;532516.7;6008271.14;283.2
12831;532520.41;6008266.27;283.76
4866;532517.87;6008269.69;284.85
5787;532523.07;6008263.39;285.46
10691;532517.53;6008266.23;285.46
7521;532522.35;6008257.67;291.18
1688;532510.12;6008271.71;283.55
9434;532505.18;6008272.81;282.22
20080;532493.29;6008284.91;278.68
19308;532493.31;6008284.91;280.38
22412;532489.03;6008288.23;280.0
3962;532483.69;6008287.32;279.62
14659;532481.01;6008292.5;279.51
15899;532474.61;6008296.89;279.17
14435;532458.21;6008301.48;277.95
19122;532456.92;6008304.48;278.83
10868;532523.36;6008263.63;283.9
6085;532531.66;6008261.39;284.2
232;532532.98;6008260.29;284.16
7128;532535.52;6008262.18;284.05
3100;532536.65;6008260.21;284.11
1701;532544.6;6008257.61;284.33
11257;532551.31;6008243.83;284.88
388;532550.03;6008235.96;285.3
24168;532551.89;6008231.18;285.48
19268;532560.38;6008216.13;285.17
13178;532560.35;6008216.13;282.67
11305;532560.42;6008214.85;282.81
10178;532560.39;6008214.85;280.46
3086;532569.96;6008214.39;279.08
8246;532573.09;6008210.53;280.71
12093;532575.13;6008209.24;279.49
17409;532574.69;6008208.05;279.26
15774;532574.66;6008208.06;274.44
23946;532580.78;6008205.38;278.98
10850;532571.1;6008209.09;275.79
11188;532581.25;6008206.55;278.84
6579;532584.75;6008200.78;279.8
9625;532584.72;6008200.79;276.65
10244;532588.1;6008198.4;275.76
22902;532592.38;6008197.33;276.63
8618;532517.88;6008269.69;283.66
17893;532517.28;6008270.79;282.96
14886;532525.21;6008273.46;283.62
22515;532528.49;6008277.75;283.9
18979;532526.1;6008280.08;283.49
10934;532523.8;6008279.84;283.53
650;532521.2;6008285.76;283.76
3291;532519.37;6008286.02;283.69
9347;532512.47;6008296.38;283.91
14275;532512.48;6008299.2;283.21
7141;532504.47;6008301.66;282.99
7997;532526.79;6008309.9;284.3
22561;532494.01;6008307.62;282.03
12569;532494.01;6008307.62;280.38
23420;532486.97;6008310.48;275.88
9654;532480.05;6008307.26;275.81
6408;532473.09;6008308.5;279.51
13588;532469.46;6008312.29;280.39
14273;532461.55;6008313.27;280.18
23871;531534.12;6008364.24;279.8
12437;531533.99;6008364.45;300.31
19262;531526.56;6008363.4;281.06
12563;531532.22;6008365.93;277.81
5515;531534.12;6008364.24;278.1
8149;531534.73;6008364.32;300.44
7799;531537.62;6008372.26;300.44
18518;531527.09;6008358.25;277.4
4140;531526.23;6008357.76;277.49
23591;531526.22;6008357.78;274.99
5580;531524.04;6008358.0;273.48
6746;531525.82;6008349.97;273.33
23890;531522.78;6008363.94;276.57
16186;531531.3;6008348.4;273.43
9807;531530.84;6008351.41;273.68
17676;531532.7;6008349.41;273.63
2234;531534.87;6008350.43;273.6
8896;531531.5;6008358.14;273.59
7919;531532.29;6008359.2;273.63
14958;531535.41;6008359.09;273.72
6229;531535.89;6008356.16;273.46
649;531532.47;6008368.65;273.72
15537;531537.82;6008355.68;273.78
8434;531538.08;6008357.78;273.32
5055;531542.38;6008356.63;273.45
14705;531545.34;6008352.2;273.45
5539;531547.31;6008351.68;273.11
3061;531550.99;6008345.22;273.31
19178;531547.18;6008345.96;273.55
18890;531548.16;6008343.19;273.58
8180;531542.33;6008338.5;273.19
4506;531550.12;6008330.69;272.86
1151;531550.61;6008322.28;273.3
10574;531552.32;6008317.02;273.16
18909;531527.43;6008371.81;276.36
20742;531516.61;6008387.77;271.08
21244;531523.12;6008379.23;272.98
3449;531521.23;6008385.8;272.32
11184;531515.72;6008389.68;272.91
14843;531516.63;6008387.73;272.04
2982;531516.61;6008387.77;266.52
5315;531516.66;6008387.68;266.97
10746;531515.4;6008387.51;266.96
3826;531514.33;6008386.38;262.75
16086;531514.07;6008384.59;259.71
20124;531510.68;6008388.02;262.75
5693;531514.49;6008383.76;255.75
4617;531513.2;6008381.33;253.76
12892;531511.58;6008379.58;254.21
20715;531507.88;6008378.3;252.75
7264;531505.89;6008378.01;251.83
16449;531503.98;6008379.48;250.92
21307;531502.59;6008378.49;250.75
3492;531502.02;6008379.77;250.41
11291;531498.18;6008378.13;250.38
21458;531497.06;6008377.56;250.03
22154;531498.25;6008376.66;249.92
8221;531494.65;6008375.55;249.9
15530;531494.78;6008374.62;249.76
10416;531493.67;6008374.46;249.47
16859;531493.34;6008375.77;249.58
10106;531488.56;6008373.29;249.26
4425;531490.56;6008369.93;248.97
10058;531492.85;6008368.22;248.46
11473;531496.21;6008356.02;246.18
17811;531496.46;6008356.96;244.97
20614;531496.52;6008356.84;234.43
2986;531496.72;6008352.91;232.18
546;531496.74;6008352.87;233.34
4538;531496.79;6008350.92;229.8
22756;531496.77;6008352.82;237.97
10144;531499.48;6008344.07;232.53
2173;531497.58;6008351.74;237.96
2757;531497.6;6008351.69;241.92
23147;531498.34;6008348.88;242.4
1001;531499.89;6008348.49;242.53
23498;531502.14;6008348.22;242.71
12206;531503.82;6008348.7;242.7
23140;531502.14;6008348.22;238.71
987;531505.19;6008347.48;242.84
20140;531506.75;6008346.77;242.68
21433;531506.74;6008345.83;242.67
9928;531511.15;6008343.9;242.64
17788;531513.16;6008342.53;242.63
3153;531513.87;6008341.26;242.74
16635;531515.2;6008340.32;242.75
21460;531514.74;6008339.33;242.74
8705;531516.3;6008337.86;242.73
7631;531517.4;6008335.56;242.72
1155;531516.65;6008331.98;243.33
14771;531517.13;6008330.18;243.32
8381;531511.91;6008331.2;243.58
12939;531525.04;6008327.98;243.32
19721;531525.08;6008327.91;236.38
18326;531525.17;6008326.43;242.96
4182;531524.27;6008327.51;235.42
22029;531524.28;6008327.47;235.08
22908;531525.16;6008325.51;234.85
21984;531527.08;6008320.71;233.84
50;531529.26;6008318.43;232.44
21023;531529.28;6008318.39;230.2
6432;531530.46;6008315.93;229.77
8296;531526.61;6008313.95;226.69
2031;531526.65;6008313.88;219.45
1759;531521.97;6008372.64;272.78
20163;531518.8;6008375.04;272.7
740;531518.8;6008375.04;273.2
3919;532425.64;6008151.47;256.06
12608;532420.76;6008154.23;255.52
3670;532425.54;6008151.6;264.97
15675;532432.05;6008145.12;262.41
4023;532417.29;6008159.43;255.03
19643;532414.15;6008165.44;254.76
3184;532412.67;6008166.51;254.58
15411;532413.05;6008168.15;255.54
6474;532410.86;6008169.44;255.56
23839;532409.25;6008171.82;255.75
22478;532409.38;6008173.29;255.74
3443;532407.85;6008175.67;255.31
9369;532405.74;6008176.91;255.34
12069;532405.35;6008178.37;255.5
15780;532402.03;6008180.02;255.14
6266;532401.94;6008181.26;255.04
4710;532399.78;6008183.18;254.5
401;532399.83;6008183.17;252.87
13853;532395.39;6008193.76;252.05
22804;532391.06;6008200.3;251.46
2777;532395.97;6008202.54;251.58
17370;532383.56;6008202.3;251.33
21047;532427.94;6008141.73;265.56
2943;532431.89;6008138.35;266.43
1216;532428.76;6008137.96;267.44
23853;532430.14;6008144.09;266.43
14497;532434.76;6008132.21;267.02
1661;532427.5;6008134.62;270.01
19280;532427.42;6008134.73;277.43
23874;532423.74;6008128.85;270.38
12220;532427.12;6008133.83;277.43
15712;532433.76;6008143.46;262.18
7922;532435.39;6008140.54;263.2
206;532437.89;6008138.77;263.22
22380;532439.99;6008136.17;263.76
18193;532442.08;6008132.85;264.54
4025;532444.47;6008129.44;265.13
14337;532444.46;6008129.4;265.86
16143;532446.37;6008126.57;265.76
19283;532444.46;6008129.4;266.36
19708;532448.0;6008122.13;267.72
20351;532454.76;6008124.31;266.37
16850;532454.75;6008124.24;271.79
2805;532456.9;6008119.22;277.68
7419;532463.72;6008121.88;287.91
10640;532460.73;6008115.38;272.07
2439;532463.72;6008121.84;289.84
23436;532466.74;6008121.18;290.02
3719;532459.91;6008124.52;289.18
11534;532467.97;6008118.18;290.71
16297;532467.96;6008118.14;291.64
7739;532466.28;6008117.32;290.71
13303;532466.84;6008120.61;289.89
4051;532463.02;6008116.78;296.39
15520;532465.6;6008119.78;308.45
20499;532465.6;6008119.73;311.17
6236;532463.96;6008120.12;311.15
2035;532469.83;6008117.75;311.66
11133;532462.57;6008118.64;311.12
370;532459.56;6008117.7;310.65
11248;532455.4;6008119.71;310.1
7898;532451.9;6008116.68;309.97
10982;532451.33;6008111.33;308.97
19081;532453.74;6008107.75;308.92
13244;532459.13;6008105.62;310.49
6984;532461.19;6008104.82;312.49
5667;532468.86;6008109.13;312.65
11268;532468.85;6008109.09;313.57
18888;532472.61;6008108.93;315.53
13623;532466.37;6008120.64;283.81
23006;532468.67;6008117.97;284.79
8680;532469.73;6008120.68;283.4
9232;532460.92;6008123.79;282.7
23273;532470.43;6008117.51;284.0
17052;532471.62;6008118.52;283.51
17866;532472.12;6008117.36;284.6
21281;532472.28;6008124.77;283.29
18673;532487.18;6008283.68;252.6
6703;532487.24;6008283.6;254.58
19066;532486.77;6008280.44;252.63
18524;532473.37;6008298.19;251.9
9067;532462.82;6008184.51;260.71
6903;532461.18;6008182.82;259.97
17211;532458.97;6008185.28;261.58
2867;532466.28;6008183.44;261.8
23249;532453.03;6008183.57;259.76
1344;532450.35;6008182.6;259.93
20774;532446.93;6008176.31;259.14
11390;532458.45;6008183.08;259.92
2835;532450.58;6008181.94;259.92
1030;532443.17;6008174.83;260.19
12924;532444.32;6008173.62;261.62
6063;532443.08;6008171.79;263.03
137;532443.43;6008166.57;263.53
356;532442.99;6008164.69;266.67
11693;532446.66;6008161.48;266.54
17375;532449.23;6008159.67;266.52
4316;532449.08;6008157.71;266.85
2905;532449.81;6008155.78;267.42
19239;532452.22;6008152.68;267.25
19418;532455.42;6008150.75;268.65
21352;532456.5;6008148.85;268.55
22600;532456.45;6008146.43;267.74
3337;532457.32;6008146.17;267.78
24034;532457.76;6008144.5;268.76
6045;532460.83;6008141.82;269.81
313;532463.45;6008137.59;271.1
9028;532462.63;6008134.92;270.98
274;532461.07;6008135.53;272.08
10729;532461.8;6008132.41;274.81
5236;532461.1;6008133.48;276.08
23768;532459.01;6008133.44;278.1
23739;532461.2;6008132.13;279.26
21847;532464.59;6008132.98;282.25
15181;532463.47;6008129.51;279.97
12884;532460.92;6008125.59;279.44
2724;532460.92;6008123.79;279.5
1924;532460.23;6008122.49;280.12
16004;532373.6;6008203.93;251.82
23665;532374.16;6008200.63;254.22
18530;532372.97;6008200.53;255.41
654;532374.11;6008200.27;256.69
371;532374.23;6008201.23;257.36
6646;532374.23;6008201.23;258.97
4014;532373.63;6008199.5;260.48
2780;532378.9;6008196.5;261.73
14628;532386.32;6008191.74;259.31
17505;532390.36;6008195.77;260.8
9675;532392.89;6008193.03;265.17
4337;532398.22;6008188.12;264.88
674;532400.03;6008188.96;263.3
22776;532403.67;6008188.82;263.02
15825;532406.18;6008186.7;262.65
21659;532410.25;6008188.49;260.44
5284;532410.25;6008188.49;261.06
18036;532413.22;6008190.13;260.49
11097;532410.25;6008188.49;260.61
2610;532416.11;6008188.58;259.77
5804;532417.99;6008189.46;260.77
4679;532420.57;6008190.82;260.55
5926;532423.36;6008191.72;260.06
7434;532437.64;6008199.59;260.71
14858;532444.91;6008195.35;261.47
19317;532447.92;6008195.03;264.66
15320;532452.48;6008192.69;265.53
20139;532452.48;6008192.69;264.94
15444;532457.37;6008189.84;264.81
354;532456.01;6008187.6;264.42
4529;532458.97;6008185.28;263.66
12059;532465.21;6008188.71;263.73
21808;532494.41;6008195.13;257.38
7241;532479.16;6008188.57;256.52
12117;532466.95;6008189.8;254.88
1185;532462.19;6008194.39;255.55
9907;532457.08;6008194.98;255.43
6880;532451.44;6008196.7;255.08
17151;532441.73;6008196.06;255.12
9275;532436.75;6008191.7;255.31
10955;532420.59;6008194.33;254.16
10342;532417.82;6008188.71;254.57
23154;532412.66;6008187.6;253.29
17912;532404.28;6008193.29;252.76
10318;532499.31;6008218.03;271.01
17062;532502.65;6008213.58;271.3
7836;532498.49;6008218.38;270.7
24070;532499.3;6008218.0;270.39
11581;532499.79;6008209.75;270.71
15326;532497.39;6008208.81;269.24
17669;532495.0;6008203.79;268.16
2043;532495.06;6008203.77;266.96
3160;532497.13;6008205.01;266.02
20104;532497.99;6008206.07;265.34
11593;532499.81;6008209.7;265.28
13997;532499.64;6008212.64;262.72
8300;532502.59;6008210.5;260.38
21040;532498.18;6008272.07;270.43
9040;532500.94;6008269.18;270.81
23472;532492.66;6008274.59;269.24
3438;532502.31;6008269.04;267.37
16621;532500.98;6008269.13;272.7
23593;532503.77;6008265.66;272.06
21254;532502.25;6008262.84;273.0
1395;532504.72;6008259.43;274.77
16526;532501.22;6008249.97;275.44
11930;532515.79;6008252.86;275.45
5432;532500.82;6008243.33;275.7
12341;532500.86;6008243.28;273.94
13995;532499.31;6008243.21;274.01
21961;532502.69;6008242.78;273.99
1112;532497.87;6008241.29;274.07
5036;532497.97;6008239.39;273.69
4649;532496.16;6008239.77;273.08
14533;532496.3;6008238.14;273.4
19993;532497.42;6008237.37;273.12
6219;532496.48;6008235.74;273.01
6206;532495.48;6008235.55;273.06
20464;532494.49;6008234.47;273.09
10842;532493.85;6008234.75;272.96
20422;532492.82;6008232.65;273.06
11614;532492.33;6008226.56;271.07
12418;532491.52;6008280.31;257.33
16732;532491.62;6008280.25;259.47
1080;532490.65;6008278.1;256.96
1379;532491.52;6008280.31;259.17
12737;532491.96;6008277.45;263.31
2585;532492.09;6008277.38;267.66
14912;532525.5;6008229.23;265.74
16776;532534.8;6008220.71;265.47
1819;532522.18;6008230.48;264.99
14897;532526.92;6008229.6;266.3
4625;532541.19;6008218.03;266.34
10661;532543.73;6008213.25;266.46
1984;532549.51;6008213.64;266.79
18128;532551.03;6008207.25;267.27
1324;532554.95;6008207.73;267.16
20208;532552.73;6008201.91;266.99
18282;532554.91;6008207.84;270.42
21684;532549.81;6008208.97;267.24
21429;532608.01;6008160.7;281.51
23975;532604.08;6008164.91;282.17
1029;532606.64;6008163.08;279.67
1390;532612.84;6008153.3;282.16
22266;532613.77;6008152.27;284.15
15151;532601.31;6008162.41;281.94
13012;532599.25;6008162.03;281.36
9843;532593.94;6008168.8;281.05
463;532589.54;6008171.68;279.1
18603;532589.53;6008171.69;277.51
10522;532589.16;6008176.55;274.76
18112;532592.42;6008180.51;272.3
3943;532592.41;6008180.52;274.79
3729;532601.08;6008180.14;277.2
8009;532602.37;6008178.75;276.08
19322;532604.56;6008170.36;278.3
2317;532606.04;6008161.74;280.21
24181;532606.66;6008172.43;278.04
3192;532604.67;6008174.37;277.89
11766;532604.76;6008175.33;277.87
21980;532601.66;6008176.61;277.34
17770;532602.96;6008111.02;287.72
7806;532599.34;6008120.45;288.39
6754;532611.19;6008114.16;291.35
22857;532617.13;6008099.26;289.49
19328;532596.51;6008115.82;286.68
4002;532602.72;6008123.27;286.45
11485;532602.87;6008125.54;285.98
23713;532600.48;6008128.08;285.47
10214;532598.88;6008129.54;285.23
11814;532598.65;6008135.94;284.25
6506;532596.2;6008136.44;284.26
11639;532600.32;6008143.54;283.73
1615;532602.84;6008146.8;283.74
11312;532603.37;6008154.62;282.61
1078;532605.23;6008156.0;281.96
17304;532602.18;6008158.44;281.63
15028;532604.37;6008160.2;281.42
23643;532606.21;6008159.28;281.12
3171;532577.48;6008183.92;270.26
5018;532571.74;6008186.45;268.43
22662;532568.33;6008187.42;269.02
21461;532566.45;6008188.71;269.65
15061;532565.62;6008190.44;269.77
16395;532563.7;6008190.04;268.78
5791;532589.99;6008186.32;276.26
5419;532592.53;6008190.69;277.37
15536;532592.55;6008190.66;277.99
19859;532562.92;6008210.52;271.1
22732;532560.44;6008214.2;269.35
2489;532560.39;6008214.34;264.47
17830;532554.75;6008225.88;263.44
2536;532548.71;6008226.24;263.04
7759;532545.4;6008226.07;262.88
17143;532546.34;6008229.7;263.02
21125;532540.83;6008233.52;262.59
23641;532541.71;6008238.47;262.57
5644;532521.14;6008257.48;257.64
21563;532507.76;6008266.09;254.2
2253;532502.23;6008267.29;254.06
3064;532501.24;6008269.0;253.66
20693;532496.29;6008269.48;253.76
4769;532496.18;6008273.03;253.38
5603;532491.41;6008274.63;253.39
18482;532490.63;6008278.99;253.19
2865;532638.63;6008102.68;310.0
10879;532637.95;6008101.41;308.88
12506;532638.64;6008102.69;314.29
12969;532634.78;6008099.47;294.86
13413;532637.06;6008097.61;294.82
2193;532640.72;6008095.75;294.86
4099;532636.95;6008106.26;294.35
20653;532636.2;6008110.14;294.09
2128;532630.77;6008112.08;293.7
9126;532627.72;6008115.85;293.29
17743;532629.15;6008119.01;293.06
18742;532632.63;6008121.51;293.0
6993;532631.96;6008125.8;292.64
5775;532631.97;6008125.79;290.95
12446;532633.84;6008124.56;290.92
3985;532633.85;6008124.55;287.23
11438;532634.96;6008126.06;287.21
2084;532633.66;6008121.96;287.37
15404;532631.79;6008128.34;286.46
1198;532630.69;6008130.51;286.0
6773;532629.04;6008131.17;285.87
16170;532630.29;6008132.68;285.57
19185;532631.82;6008134.84;285.95
1268;532630.2;6008135.17;285.63
14960;532630.38;6008136.92;285.42
3019;532627.81;6008139.07;285.08
14247;532628.83;6008142.36;284.73
11606;532626.88;6008142.15;284.42
7387;532624.45;6008142.65;284.39
15105;532621.69;6008144.72;284.04
18610;532622.46;6008146.4;283.68
11611;532622.2;6008147.64;283.66
13174;532620.2;6008149.55;283.48
13001;532618.38;6008148.31;283.33
7009;532615.41;6008148.02;283.29
6242;532617.0;6008142.48;284.94
21445;532622.16;6008107.09;303.4
107;532621.39;6008106.29;303.4
18279;532619.77;6008108.15;302.51
17338;532619.79;6008105.55;302.3
17703;532618.72;6008105.66;301.92
5937;532614.83;6008102.89;300.04
12261;532612.04;6008102.62;299.72
11488;532612.57;6008105.31;299.16
21369;532612.08;6008106.51;298.99
15547;532613.2;6008108.7;298.16
3604;532612.52;6008109.27;297.47
12771;532613.89;6008111.91;296.32
11491;532610.46;6008110.7;299.34
24111;532610.44;6008110.7;291.13
3835;532609.56;6008112.86;293.13
20339;532618.5;6008111.19;293.69
1034;532615.38;6008102.32;303.99
5496;532614.98;6008110.2;303.84
13651;532611.91;6008103.1;303.02
24008;532615.38;6008102.32;301.34
16492;532615.16;6008098.53;304.09
19492;532612.61;6008112.5;303.56
10356;532614.41;6008113.22;302.27
11489;532614.4;6008113.27;301.96
19912;532612.25;6008110.56;300.4
24076;532612.93;6008108.5;302.28
14804;532622.39;6008106.02;303.24
10742;532615.12;6008104.55;300.8
16535;532622.04;6008108.02;303.58
22118;532624.49;6008106.59;304.58
16905;532624.42;6008105.6;304.64
7677;532622.59;6008112.48;307.84
21920;532631.68;6008054.97;292.63
2124;532628.94;6008049.21;292.75
24259;532630.65;6008052.02;293.61
23191;532628.86;6008063.76;291.82
4986;532628.96;6008056.28;293.47
7766;532630.02;6008044.62;292.8
20353;532625.55;6008037.18;293.02
13619;532625.54;6008037.17;294.68
16792;532628.17;6008036.16;296.5
16444;532626.82;6008031.47;297.67
3921;532628.19;6008036.84;298.72
9690;532620.76;6008024.42;299.73
15065;532631.71;6008044.12;298.37
20697;532630.67;6008052.03;297.88
23726;532621.0;6008082.93;290.37
2837;532512.95;6008222.45;263.08
4920;532501.89;6008221.73;262.26
17468;532509.97;6008217.72;265.15
20483;532499.62;6008215.56;262.34
2159;532503.63;6008209.57;260.38
7500;532499.91;6008212.71;262.58
12323;532507.79;6008205.26;259.52
879;532507.3;6008202.17;259.47
7105;532499.88;6008212.72;263.86
9487;532502.58;6008215.67;264.7
11735;532507.06;6008214.52;265.01
14822;532571.63;6008187.18;268.3
10241;532568.63;6008192.74;267.58
6798;532553.59;6008203.96;266.56
4968;532555.14;6008134.55;275.85
19853;532549.23;6008134.56;274.13
8159;532553.13;6008134.38;275.31
10936;532560.95;6008132.34;276.97
11278;532547.92;6008132.73;272.87
12645;532544.48;6008134.43;271.68
18437;532544.49;6008134.43;270.37
20620;532541.07;6008135.9;270.76
21580;532543.27;6008142.76;270.24
13251;532540.75;6008144.84;270.81
23131;532540.34;6008149.29;269.08
6428;532538.16;6008156.76;268.38
10084;532533.46;6008162.69;267.56
22171;532533.3;6008165.87;267.39
21717;532530.23;6008168.4;264.24
11265;532525.86;6008168.87;264.08
8157;532523.13;6008172.43;263.76
4212;532521.29;6008173.42;263.61
5846;532522.09;6008175.42;263.34
20651;532520.83;6008178.06;262.92
6517;532516.55;6008191.29;260.4
6803;532517.75;6008194.0;260.29
21308;532547.36;6008137.15;274.91
9482;532559.58;6008125.03;277.72
18336;532542.82;6008140.17;276.29
4464;532542.8;6008140.15;274.62
2144;532544.34;6008139.38;273.5
11330;532544.32;6008139.38;271.54
18428;532540.77;6008145.86;272.22
14412;532540.74;6008145.85;270.46
4903;532540.92;6008154.53;269.58
15133;532539.28;6008156.68;269.93
23363;532539.25;6008156.68;268.91
8301;532535.61;6008160.26;268.41
23377;532538.62;6008164.46;267.89
7450;532539.69;6008162.51;270.69
20845;532539.53;6008161.2;272.82
20580;532535.0;6008165.35;273.71
19210;532530.05;6008169.88;269.29
3124;532531.29;6008169.35;270.09
20941;532560.24;6008126.42;277.21
18989;532564.57;6008125.67;278.65
11641;532563.32;6008123.22;278.38
24118;532565.85;6008122.74;278.75
6589;532564.46;6008119.78;280.44
23288;532568.07;6008118.82;281.24
22222;532567.95;6008121.69;281.81
2741;532571.57;6008123.45;282.18
2921;532574.68;6008123.57;282.52
14674;532576.32;6008121.82;282.61
4453;532578.9;6008121.04;282.91
2696;532576.32;6008121.82;284.61
18832;532581.09;6008122.51;283.67
15945;532583.32;6008121.7;284.14
3035;532584.63;6008120.31;284.73
16295;532586.53;6008120.95;285.39
9825;532588.69;6008117.88;285.93
22297;532515.45;6008182.54;263.05
19811;532515.42;6008182.54;261.45
22105;532512.54;6008186.73;263.17
18957;532516.88;6008183.85;263.51
22566;532521.56;6008182.71;260.62
18015;532516.68;6008190.85;260.2
19730;532520.83;6008179.83;261.8
22608;532509.49;6008187.28;262.92
10166;532509.49;6008187.28;262.61
14996;532505.67;6008189.15;262.19
19642;532504.85;6008190.17;262.01
10397;532498.84;6008192.04;261.72
12752;532496.43;6008190.35;261.49
16849;532482.69;6008184.85;261.16
5159;532493.0;6008192.86;261.45
11090;532477.87;6008182.08;261.34
12798;532475.77;6008183.03;260.91
11839;532472.67;6008183.7;260.93
2709;532467.61;6008183.18;260.61
9436;532466.28;6008183.44;260.62
5519;532526.67;6008174.12;269.51
5221;532519.31;6008182.73;275.7
20293;532516.39;6008187.28;277.96
3724;532516.11;6008185.34;275.65
9613;532529.45;6008173.85;273.92
18325;532516.75;6008189.1;277.49
22900;532515.39;6008192.32;275.13
4608;532515.23;6008189.1;276.5
12507;532518.15;6008191.08;273.81
15508;532513.65;6008189.98;277.36
18366;532514.29;6008186.15;275.66
10822;532529.45;6008173.85;271.52
18286;532527.59;6008172.06;270.45
7411;532373.82;6008203.85;251.31
18615;532373.84;6008203.86;252.33
15864;532373.32;6008205.46;251.83
16222;532363.22;6008212.92;252.85
16709;532357.38;6008220.18;251.53
14445;532347.23;6008222.73;251.31
16904;532346.55;6008228.9;247.51
2847;532339.29;6008240.78;247.39
18740;532348.48;6008223.58;250.59
9349;532354.16;6008222.25;248.22
14333;532342.03;6008240.21;247.4
17600;532336.07;6008247.37;248.43
16224;532323.71;6008253.0;248.08
10704;532322.83;6008253.29;247.7
13663;532321.34;6008249.76;247.65
7706;532321.35;6008249.77;248.37
20238;532318.92;6008248.76;248.25
12540;532318.61;6008247.37;248.02
19901;532317.1;6008246.67;249.46
2322;532317.11;6008246.69;251.13
16591;532310.83;6008247.32;253.73
5489;532269.01;6008278.89;243.53
2157;532272.01;6008275.4;244.14
11427;532265.75;6008285.36;243.34
19381;532275.78;6008268.24;245.49
6287;532281.01;6008265.12;245.76
1998;532288.0;6008251.62;247.12
17590;532291.86;6008249.99;248.19
17307;532291.9;6008249.98;250.06
23459;532291.73;6008252.1;250.82
8758;532502.4;6008269.02;261.47
6811;532497.64;6008271.87;258.32
11110;532512.32;6008261.36;260.65
10215;532494.59;6008273.83;259.34
6379;532512.33;6008261.32;264.3
23366;532519.55;6008256.56;268.19
7640;532525.81;6008251.63;271.77
1404;532521.37;6008227.68;271.09
20804;532517.83;6008221.83;271.54
15559;532521.11;6008227.1;271.65
2240;532526.61;6008225.86;271.5
13179;532514.29;6008219.12;271.75
9327;532513.44;6008220.17;271.36
15032;532509.98;6008215.48;271.95
11156;532505.2;6008215.77;270.04
11523;532521.1;6008227.06;268.37
13525;532523.13;6008226.27;267.7
9129;532531.26;6008223.22;271.32
22125;532538.15;6008219.44;272.33
21746;532541.1;6008219.43;272.38
14254;532546.15;6008216.89;270.76
13476;532547.89;6008210.94;270.67
12278;532550.13;6008209.81;271.59
21698;532550.12;6008209.8;269.95
6059;532549.82;6008208.97;269.99
20160;532603.25;6008198.48;287.36
3404;532604.48;6008196.75;285.45
24267;532606.91;6008199.95;288.37
16334;532602.17;6008201.29;286.83
424;532605.25;6008194.84;294.57
24264;532599.57;6008196.12;283.12
20994;532596.96;6008196.7;280.98
17923;532594.63;6008194.29;280.94
20486;532603.79;6008218.76;281.59
20771;532603.95;6008215.96;282.72
9883;532600.65;6008221.66;281.43
6308;532601.49;6008219.6;281.51
21715;532602.39;6008221.13;281.1
71;532606.78;6008211.38;283.23
2661;532608.39;6008209.55;283.67
12877;532604.06;6008206.53;285.71
6586;532605.97;6008202.0;289.28
15890;532607.77;6008206.3;284.64
22328;532603.63;6008203.33;285.94
488;532601.23;6008204.45;283.44
8683;532610.16;6008206.61;285.12
11425;532607.61;6008220.2;278.79
16542;532607.79;6008216.07;280.31
22726;532610.83;6008218.81;279.07
3537;532607.18;6008219.06;278.96
17215;532609.66;6008214.63;280.36
22518;532612.87;6008213.39;280.54
23982;532613.31;6008211.01;280.54
11781;532614.82;6008209.4;281.54
9693;532613.16;6008206.93;283.59
11092;532617.71;6008206.68;281.89
13700;532620.42;6008214.46;281.15
2225;532617.79;6008219.09;280.45
15050;532620.27;6008215.35;280.86
20121;532623.33;6008215.91;281.62
1593;532611.92;6008219.63;279.35
7244;532607.47;6008198.14;289.74
9597;532609.62;6008197.22;290.59
9974;532606.45;6008197.11;288.17
2446;532618.55;6008210.43;294.17
4997;532618.54;6008210.45;294.39
23684;532617.1;6008212.47;293.96
14551;532621.76;6008198.19;297.89
20550;532614.31;6008208.07;295.49
8121;532622.28;6008203.93;294.61
8247;532625.44;6008205.73;288.24
22393;532624.33;6008206.82;286.52
419;532624.32;6008206.84;285.16
7664;532627.49;6008209.04;285.64
9902;532623.63;6008204.72;283.57
13361;532624.32;6008206.82;286.23
11049;532626.19;6008210.17;285.47
17659;532619.48;6008194.23;283.04
18811;532619.83;6008195.46;282.89
24199;532620.57;6008193.75;282.6
11135;532616.33;6008192.84;282.46
1752;532622.89;6008192.94;283.33
1200;532619.98;6008199.25;282.35
10723;532617.34;6008204.05;282.35
1502;532620.69;6008191.23;283.72
10860;532618.82;6008188.48;284.22
18297;532616.4;6008187.21;284.11
9169;532616.14;6008190.43;285.5
7240;532615.96;6008191.59;283.55
4146;532617.73;6008191.34;284.01
17606;532614.29;6008191.86;283.78
3514;532557.73;6008241.63;264.31
5763;532557.33;6008241.21;264.48
22475;532554.33;6008245.77;265.19
1310;532564.42;6008238.72;264.97
5015;532556.79;6008251.81;265.48
3241;532559.83;6008251.95;266.63
6720;532553.04;6008249.49;264.05
23900;532564.04;6008249.38;267.38
2776;532564.72;6008246.57;267.63
12361;532567.41;6008247.01;267.31
9253;532571.34;6008244.03;268.86
14109;532576.18;6008238.8;269.52
15602;532580.59;6008234.37;270.81
5319;532583.59;6008233.92;269.59
3312;532580.51;6008230.76;268.01
5062;532597.43;6008225.37;270.27
19214;532580.59;6008230.59;268.32
22666;532580.08;6008234.67;271.03
289;532586.89;6008234.61;270.21
20453;532554.68;6008247.47;264.65
4100;532552.3;6008250.15;264.4
7193;532548.75;6008250.91;264.38
4497;532547.42;6008253.4;264.04
17689;532543.88;6008256.14;263.79
10837;532537.9;6008254.82;263.47
19082;532539.25;6008252.35;263.19
19137;532572.0;6008233.96;266.08
6299;532571.81;6008235.71;266.06
21576;532574.26;6008234.81;266.07
18489;532571.99;6008233.91;267.77
7742;532566.83;6008236.97;265.47
16799;532577.61;6008234.0;267.04
9926;532575.28;6008233.39;266.46
4090;532602.62;6008221.68;269.56
2520;532600.68;6008221.73;269.57
21786;532596.7;6008223.19;281.8
16627;532595.26;6008217.91;285.86
13355;532599.9;6008216.67;279.27
13398;532595.85;6008219.1;277.57
14450;532599.9;6008216.67;273.94
14798;532595.86;6008219.15;274.7
3846;532588.5;6008223.18;272.79
15619;532582.88;6008225.59;272.38
16276;532580.73;6008231.28;269.15
5661;532575.28;6008227.85;271.42
13281;532572.93;6008230.7;270.59
6258;532571.98;6008233.86;268.59
2404;532603.32;6008221.84;281.62
17007;532605.89;6008220.23;281.78
2364;532605.87;6008220.2;277.2
11795;532575.88;6008230.91;277.62
8160;532574.93;6008232.09;277.24
12466;532573.99;6008233.25;276.11
5173;532575.88;6008230.89;280.84
16685;532577.12;6008232.4;277.38
22448;532574.95;6008232.13;269.41
664;532574.96;6008232.15;270.1
12861;532570.54;6008234.95;276.0
17860;532570.54;6008234.96;275.04
4493;532568.58;6008235.62;273.82
3596;532566.56;6008236.49;275.42
13876;532565.87;6008239.47;274.82
18485;532558.92;6008237.18;276.1
10112;532567.0;6008241.81;274.95
1094;532566.99;6008241.82;277.78
3275;532570.38;6008242.61;278.01
4159;532568.17;6008246.96;279.95
23566;532572.03;6008240.0;278.23
17819;532570.36;6008248.28;278.07
7087;532570.35;6008248.28;275.66
18528;532570.36;6008248.28;272.77
19289;532571.86;6008245.47;274.51
4069;532575.91;6008244.97;274.89
15368;532576.65;6008241.8;274.45
5228;532577.54;6008241.57;273.27
8814;532578.46;6008240.49;272.67
10357;532577.89;6008238.81;272.23
23185;532574.03;6008241.94;269.19
19200;532575.31;6008239.56;269.01
23088;532575.87;6008229.94;281.02
15191;532577.69;6008227.78;280.66
13604;532577.69;6008227.75;279.58
15350;532578.55;6008224.44;279.56
13794;532578.52;6008229.53;278.36
22455;532580.46;6008222.65;281.28
14353;532581.76;6008222.83;281.4
6719;532583.07;6008220.58;280.39
4774;532585.37;6008217.67;282.15
10812;532588.53;6008215.78;282.13
20555;532590.0;6008215.43;281.45
22526;532594.03;6008212.51;282.65
13052;532596.73;6008207.26;282.63
13926;532622.71;6008205.36;283.29
23605;532622.74;6008205.39;282.81
5912;532624.2;6008204.03;283.52
19274;532622.25;6008207.56;282.57
16545;532620.36;6008210.44;282.32
16109;532619.24;6008210.47;282.65
11222;532632.98;6008198.05;285.41
13774;532631.84;6008197.85;284.31
11000;532630.67;6008205.47;283.51
13079;532635.76;6008195.23;288.16
18572;532630.71;6008200.56;289.32
4613;532637.66;6008195.04;287.11
8933;532630.74;6008198.58;284.47
7658;532630.72;6008199.43;284.36
8767;532630.72;6008199.41;283.95
1272;532629.86;6008195.48;284.64
21184;532626.18;6008203.32;283.27
23621;532629.97;6008208.09;283.3
3166;532630.42;6008209.14;283.12
6230;532628.42;6008211.69;282.53
20609;532630.23;6008209.61;283.12
9804;532626.02;6008213.43;282.1
3836;532624.9;6008215.53;281.66
10359;532635.5;6008198.38;288.77
4647;532633.62;6008200.96;287.4
6476;532632.84;6008204.03;286.71
20005;532632.78;6008204.95;286.77
17783;532632.84;6008204.03;288.07
7622;532631.38;6008204.86;285.46
2766;532631.43;6008206.1;286.82
23926;532631.38;6008204.86;284.59
9299;532627.04;6008202.46;288.66
23413;532627.05;6008202.43;295.63
11695;532629.21;6008199.55;296.36
9096;532630.71;6008200.6;297.05
3704;532632.69;6008195.32;299.79
17381;532623.93;6008213.48;284.77
15750;532624.63;6008213.5;284.46
23522;532623.68;6008209.6;285.19
12829;532624.23;6008216.49;284.95
19532;532624.14;6008213.47;284.5
9968;532624.14;6008213.5;287.9
20012;532622.14;6008213.32;288.28
23519;532620.08;6008211.7;288.27
15371;532617.1;6008212.44;288.2
4570;532617.95;6008212.52;288.29
8401;532612.12;6008227.86;282.68
13407;532605.08;6008228.27;283.22
20439;532612.23;6008227.07;282.85
21338;532612.1;6008227.83;284.47
8550;532614.24;6008224.29;286.29
4865;532602.01;6008228.22;281.76
2279;532601.43;6008228.42;281.02
12595;532602.01;6008228.22;282.73
22825;532600.08;6008228.47;282.97
11444;532613.78;6008227.76;282.42
10216;532615.84;6008227.17;282.78
5380;532616.44;6008223.88;283.22
17131;532618.39;6008221.57;283.45
17943;532619.05;6008218.77;284.82
15266;532621.37;6008217.83;284.85
12712;532621.55;6008216.28;284.97
11492;532590.71;6008235.79;273.11
4358;532586.91;6008234.61;272.16
23690;532591.85;6008233.97;272.93
13631;532593.44;6008237.11;273.52
4512;532596.41;6008232.34;273.81
768;532601.45;6008228.51;273.84
3031;532601.44;6008228.48;273.5
18372;532611.85;6008197.37;295.04
21578;532611.84;6008197.37;291.28
19812;532604.6;6008237.48;282.86
15142;532607.7;6008236.09;282.86
24237;532604.58;6008237.46;281.52
15710;532600.76;6008240.95;282.61
986;532609.75;6008236.95;282.94
10059;532610.6;6008234.46;283.08
876;532613.39;6008233.76;283.58
1466;532613.41;6008233.79;284.68
9859;532611.78;6008231.86;285.04
19458;532614.6;6008235.8;285.43
4335;532603.13;6008237.43;281.08
8734;532601.34;6008236.76;280.11
10709;532599.53;6008237.27;279.19
5500;532599.12;6008236.63;278.69
19882;532597.53;6008237.74;277.94
17737;532595.11;6008236.79;277.56
9681;532593.46;6008237.14;276.38
21782;532596.78;6008240.13;282.27
13523;532598.88;6008236.15;283.09
12118;532591.29;6008238.88;282.87
12537;532600.81;6008232.79;282.77
11942;532601.95;6008229.43;282.91
2592;532489.44;6008333.67;253.68
4001;532483.41;6008336.21;254.44
2258;532493.77;6008333.63;254.97
12686;532505.36;6008347.51;253.73
22542;532473.63;6008344.79;254.07
16201;532443.0;6008347.53;252.91
18025;532422.06;6008358.37;251.95
13473;532420.1;6008353.35;252.63
5716;532420.16;6008353.38;251.12
1959;532415.82;6008359.14;250.71
23204;532420.92;6008343.7;251.96
7610;532406.04;6008358.49;250.14
3369;532378.98;6008351.07;248.24
5490;532375.57;6008354.03;248.22
14129;532370.64;6008353.35;248.81
1342;532361.73;6008355.27;249.08
9496;532357.27;6008356.64;249.8
20454;532354.26;6008359.65;249.03
12653;532345.99;6008357.0;249.59
22438;532344.37;6008357.06;249.58
23614;532344.37;6008357.06;246.56
11603;532340.27;6008355.17;246.54
517;532340.26;6008355.17;248.82
20109;532333.49;6008352.6;247.25
13480;532324.84;6008350.48;246.73
10371;532320.26;6008347.42;246.71
18583;532316.15;6008343.06;246.47
20760;532317.29;6008335.76;246.83
1247;532312.06;6008331.72;246.8
2821;532309.4;6008324.11;247.46
22141;532305.23;6008319.18;246.06
9502;532300.27;6008319.62;245.34
1698;532291.36;6008315.52;245.28
4221;532289.05;6008314.69;246.99
18464;532286.0;6008313.01;248.24
12997;532285.22;6008314.09;249.87
23850;532284.26;6008316.02;253.57
18734;532284.26;6008316.02;256.05
7910;532278.11;6008318.16;256.47
7805;532278.11;6008318.16;260.35
13717;532527.93;6008349.25;259.26
23590;532516.83;6008336.97;264.92
23442;532526.74;6008350.9;257.33
20271;532528.81;6008365.29;263.82
15655;532520.56;6008347.73;256.34
3625;532527.91;6008349.23;260.94
20727;532527.94;6008349.27;259.96
6638;532527.93;6008349.25;262.76
20378;532508.28;6008346.93;270.88
5309;532502.19;6008336.47;274.24
16916;532500.5;6008335.74;274.24
21792;532525.25;6008342.98;257.14
16691;532521.95;6008340.83;257.05
19092;532521.99;6008340.84;257.66
7719;532518.04;6008333.75;257.91
10759;532513.69;6008325.16;258.04
16445;532503.04;6008327.88;257.6
345;532529.88;6008369.66;261.21
21296;532543.92;6008377.77;263.28
12032;532548.32;6008382.56;262.48
7073;532550.41;6008384.82;262.1
11025;532548.32;6008382.56;264.68
7108;532556.49;6008395.29;263.65
5063;532554.39;6008404.01;266.6
19723;532571.34;6008416.52;267.79
24213;532514.08;6008348.25;255.38
19675;532510.28;6008348.55;255.13
14537;532507.82;6008347.45;254.95
14490;532507.84;6008347.47;254.18
1183;532502.7;6008334.0;272.76
8560;532498.87;6008336.68;270.89
23174;532510.29;6008338.39;270.67
15269;532504.81;6008343.29;271.87
17848;532514.21;6008349.74;270.25
22227;532617.43;6008325.5;271.31
595;532615.62;6008319.77;271.66
3593;532627.27;6008318.22;271.8
15525;532614.86;6008329.85;271.23
10001;532621.59;6008312.55;272.02
3143;532624.89;6008307.05;272.39
19739;532628.35;6008301.48;273.34
20746;532629.92;6008299.07;273.87
2337;532632.23;6008295.53;275.18
11355;532636.58;6008291.87;277.51
13846;532636.56;6008291.84;280.94
18467;532637.1;6008291.23;280.93
19111;532637.09;6008291.22;282.33
21671;532642.88;6008288.37;284.99
13836;532634.29;6008288.89;283.27
9038;532644.27;6008284.77;285.21
968;532647.06;6008282.95;285.35
24037;532653.75;6008279.82;285.45
17100;532645.24;6008281.26;286.82
4035;532652.89;6008276.73;286.2
10733;532655.82;6008275.87;286.12
8266;532651.66;6008276.6;286.44
13339;532651.65;6008276.58;287.82
16412;532651.1;6008275.69;288.44
21151;532651.08;6008275.68;290.93
22803;532651.42;6008273.13;290.85
17073;532573.44;6008370.67;265.13
21849;532565.06;6008369.64;265.24
14075;532573.65;6008373.09;265.43
6969;532585.08;6008367.27;265.38
7607;532565.07;6008369.66;265.86
21495;532561.54;6008369.52;265.15
13571;532557.6;6008367.99;264.52
18996;532555.42;6008364.06;264.17
23960;532551.02;6008363.34;263.99
5682;532548.39;6008360.24;264.62
14569;532551.27;6008350.74;263.87
15274;532531.61;6008347.18;262.43
12519;532614.22;6008341.45;270.76
21617;532620.21;6008339.86;275.23
9666;532602.66;6008351.85;270.34
18517;532612.17;6008339.44;268.6
5384;532622.98;6008337.04;273.63
18135;532622.97;6008336.95;283.68
13699;532625.66;6008337.53;273.99
457;532623.84;6008335.71;283.82
19736;532626.42;6008335.88;283.47
22373;532627.31;6008334.22;282.63
21050;532629.71;6008332.14;284.46
23686;532631.82;6008328.2;288.46
4914;532630.65;6008323.54;288.41
14471;532631.79;6008320.45;288.43
7024;532634.73;6008319.13;288.45
1653;532636.01;6008317.25;288.38
23256;532635.09;6008314.97;288.4
6220;532637.13;6008306.93;288.48
22847;532640.75;6008307.89;283.68
4199;532639.65;6008308.85;282.66
23782;532639.65;6008308.83;282.2
23392;532642.58;6008306.0;282.94
8110;532633.35;6008308.94;282.69
12657;532633.2;6008311.63;282.8
9345;532633.12;6008316.39;279.17
5976;532633.11;6008316.35;274.22
16317;532633.92;6008319.17;276.79
17455;532633.1;6008316.32;272.51
11566;532594.4;6008359.78;268.83
812;532595.9;6008362.54;267.84
15126;532594.44;6008363.83;267.32
7869;532594.99;6008365.85;268.78
2419;532594.14;6008368.67;271.61
5304;532590.94;6008371.48;271.46
6509;532599.07;6008368.4;271.78
5695;532590.94;6008371.48;269.49
13535;532589.57;6008372.97;268.87
16110;532587.98;6008374.27;266.15
7855;532586.64;6008373.27;265.89
8607;532585.32;6008373.98;265.97
8095;532581.48;6008375.11;266.17
8545;532581.48;6008375.11;268.48
4426;532580.2;6008377.12;268.4
17990;532585.16;6008373.38;268.98
4073;532574.01;6008374.91;268.62
15478;532574.62;6008383.56;267.95
13575;532572.39;6008374.26;266.39
11661;532571.32;6008374.44;268.96
13781;532572.39;6008374.27;265.55
2647;532612.16;6008339.45;267.44
8961;532615.41;6008334.59;267.22
22596;532615.4;6008334.6;268.76
6486;532614.26;6008331.21;269.07
10410;532606.45;6008348.82;270.47
21743;532606.47;6008348.84;267.49
2129;532596.01;6008358.84;267.97
12973;532596.03;6008358.86;266.69
22928;532590.18;6008363.95;265.84
13786;532507.61;6008323.6;262.9
21394;532513.93;6008327.05;263.09
3665;532516.48;6008331.65;263.33
4657;532527.76;6008334.06;263.44
22853;532524.74;6008337.59;263.16
13171;532664.24;6008182.24;307.99
5551;532652.75;6008185.78;307.14
1644;532667.61;6008176.82;308.13
20940;532664.94;6008186.99;307.98
10450;532640.54;6008182.25;305.57
13319;532650.23;6008196.83;307.33
23881;532637.66;6008184.64;305.04
9678;532634.59;6008183.04;305.04
6575;532634.56;6008183.05;301.38
2022;532629.84;6008188.75;298.24
5984;532624.73;6008194.51;295.87
10169;532622.59;6008193.2;295.91
11369;532620.8;6008195.02;295.64
16130;532616.59;6008196.09;295.9
8521;532676.13;6008130.39;314.3
17258;532675.44;6008132.27;314.86
7301;532675.46;6008132.29;313.16
18785;532674.15;6008132.23;313.17
11151;532673.5;6008133.45;313.05
18164;532671.88;6008133.03;312.67
15903;532673.19;6008135.67;311.88
21512;532673.21;6008135.68;310.21
22962;532673.99;6008137.76;310.16
20937;532672.82;6008139.32;310.08
4691;532676.71;6008138.38;310.21
7205;532672.24;6008143.95;309.98
5874;532670.24;6008147.16;309.77
22441;532670.24;6008153.72;309.74
4863;532674.11;6008154.16;309.79
3;532674.26;6008157.24;309.77
22481;532676.76;6008159.18;309.32
836;532675.77;6008161.13;309.12
10701;532677.57;6008164.46;309.17
22594;532678.51;6008164.16;309.16
8720;532680.15;6008162.55;309.19
23150;532679.46;6008159.6;309.08
22258;532682.19;6008163.46;308.87
17408;532681.02;6008167.84;308.3
5455;532682.19;6008163.46;309.37
4707;532681.98;6008171.29;309.1
15629;532690.36;6008173.98;310.09
20251;532677.27;6008185.79;310.26
20685;532676.79;6008186.93;310.13
21896;532677.32;6008185.77;311.07
19473;532677.73;6008185.0;310.56
22787;532675.73;6008187.1;309.74
18285;532674.92;6008188.56;308.77
1645;532674.52;6008189.41;308.74
3193;532674.48;6008189.4;311.0
5178;532670.79;6008190.79;309.72
10891;532671.2;6008191.17;309.67
8007;532670.92;6008192.29;308.73
13030;532670.88;6008192.29;308.23
5245;532666.41;6008188.13;307.82
15464;532678.85;6008185.82;311.09
20057;532680.05;6008184.43;311.12
22033;532682.77;6008184.32;311.73
857;532687.62;6008180.89;313.04
4492;532692.21;6008177.25;315.3
10196;532692.27;6008177.24;316.93
9830;532689.26;6008177.82;316.44
22469;532677.37;6008182.95;312.85
1787;532679.46;6008181.65;313.66
8858;532680.98;6008179.45;314.97
7900;532676.73;6008182.65;313.99
16101;532683.04;6008179.54;316.02
19932;532687.22;6008179.64;316.32
18008;532688.86;6008178.5;316.39
10446;532660.61;6008256.24;283.54
5930;532660.62;6008256.19;285.92
17763;532657.59;6008255.01;283.46
2890;532662.88;6008254.84;283.67
1913;532640.58;6008271.7;277.12
13778;532642.15;6008270.08;276.85
2971;532640.01;6008268.95;277.13
7414;532641.86;6008270.69;278.26
2787;532644.17;6008267.68;278.06
4134;532644.2;6008267.6;281.7
5694;532644.43;6008265.84;281.17
22379;532644.46;6008265.77;283.87
4153;532646.62;6008262.29;283.65
21276;532648.99;6008259.35;283.55
8517;532649.89;6008259.17;283.58
12339;532651.2;6008257.74;283.74
14364;532652.14;6008257.8;283.8
20552;532653.97;6008256.63;283.98
14985;532655.16;6008256.83;284.03
5857;532656.37;6008255.05;284.0
2149;532626.67;6008275.76;269.68
4306;532626.87;6008277.0;269.48
16303;532623.39;6008274.95;269.45
5413;532626.61;6008276.45;268.95
11129;532628.66;6008277.16;269.63
18677;532629.68;6008278.86;269.52
16200;532632.56;6008278.65;269.61
13103;532633.94;6008276.66;269.72
13694;532633.83;6008271.81;270.26
9708;532635.93;6008271.04;270.4
22133;532636.33;6008269.27;270.42
19818;532638.09;6008262.02;271.1
10449;532640.13;6008267.04;273.54
23345;532639.97;6008268.93;274.3
23862;532606.98;6008290.23;267.96
18660;532609.94;6008287.95;268.44
12130;532605.33;6008292.94;267.43
4292;532604.57;6008293.49;267.86
18608;532606.98;6008290.23;270.54
20728;532610.54;6008285.22;268.43
12966;532612.86;6008283.65;268.81
15185;532613.88;6008279.86;269.14
22578;532615.48;6008279.51;269.39
18737;532614.77;6008278.69;269.25
8038;532615.99;6008276.59;269.33
13935;532619.05;6008277.71;269.32
14403;532620.29;6008276.1;269.37
2090;532622.12;6008276.14;269.34
11044;532536.05;6008298.35;261.83
5807;532541.47;6008300.47;263.13
19044;532525.55;6008294.82;260.69
4279;532537.77;6008299.84;262.92
9943;532536.05;6008298.35;263.13
18021;532597.11;6008294.08;267.09
19055;532602.61;6008291.91;267.44
21798;532596.7;6008292.77;267.6
18034;532642.2;6008270.69;278.24
9216;532642.72;6008270.84;278.3
21545;532644.83;6008270.09;279.37
18565;532642.73;6008270.85;280.44
19968;532641.31;6008272.15;280.54
23814;532642.27;6008274.11;280.11
1409;532640.87;6008277.32;279.68
19792;532639.27;6008277.78;279.41
12590;532636.64;6008281.59;279.32
85;532633.24;6008279.42;276.46
21439;532629.62;6008282.1;273.17
14593;532626.82;6008280.83;272.79
4555;532630.37;6008283.96;273.16
6992;532628.51;6008283.15;274.66
3053;532625.54;6008278.74;272.78
4770;532625.19;6008276.73;272.6
8742;532626.6;6008276.43;272.63
21704;532640.68;6008266.98;282.17
19144;532640.78;6008267.62;282.12
18383;532644.13;6008267.95;282.04
23511;532637.05;6008270.96;282.07
2692;532640.58;6008265.66;282.31
4488;532640.48;6008265.72;282.4
685;532640.78;6008267.62;283.86
8693;532643.41;6008265.17;285.46
10619;532643.41;6008265.17;285.84
23425;532644.29;6008262.73;289.5
11487;532640.96;6008262.91;289.44
15254;532647.57;6008261.65;290.39
244;532645.64;6008263.12;290.02
1591;532640.03;6008262.55;289.28
14961;532638.69;6008264.16;289.3
86;532636.22;6008262.51;288.99
6870;532632.79;6008263.26;288.87
460;532631.36;6008261.88;288.79
6281;532631.24;6008260.9;288.73
4891;532627.43;6008262.15;288.66
2162;532622.83;6008259.74;288.23
4349;532627.43;6008262.15;292.42
11147;532620.54;6008261.18;288.11
1091;532619.93;6008262.79;287.99
3234;532619.78;6008263.73;287.84
16036;532619.25;6008265.62;287.78
8649;532616.91;6008264.95;287.59
22748;532616.41;6008266.71;287.47
1160;532615.19;6008266.67;287.46
7479;532614.34;6008267.91;287.35
12518;532613.73;6008272.26;287.08
15584;532610.19;6008273.04;286.73
17447;532606.95;6008276.08;286.29
183;532604.77;6008277.02;286.22
4826;532602.75;6008280.68;284.5
11944;532602.75;6008280.68;281.15
20107;532602.36;6008284.59;279.29
21135;532603.36;6008280.53;281.15
14766;532601.05;6008286.54;278.0
17132;532599.51;6008287.95;277.51
21699;532599.51;6008287.96;274.93
3330;532597.91;6008289.21;274.39
13932;532597.91;6008289.22;270.51
12136;532596.7;6008292.76;269.15
22529;532729.88;6008223.75;312.27
6460;532730.12;6008223.02;311.51
18058;532731.46;6008225.29;309.62
11457;532727.88;6008223.82;312.31
17388;532731.78;6008220.59;312.88
15295;532732.88;6008221.94;312.07
4176;532733.47;6008218.48;312.74
2285;532735.49;6008218.13;314.16
11275;532734.08;6008217.02;310.53
3899;532734.58;6008215.31;311.31
14899;532734.6;6008215.29;315.29
1397;532734.71;6008218.74;310.58
20044;532734.81;6008217.66;308.98
19441;532735.48;6008217.9;308.97
14530;532732.12;6008228.27;308.65
9720;532736.22;6008226.14;308.98
18578;532728.27;6008230.92;308.56
3392;532704.12;6008245.86;292.23
6027;532702.51;6008246.1;292.13
23494;532704.74;6008247.25;292.31
2272;532701.7;6008249.49;292.21
6623;532700.05;6008249.3;292.27
12624;532697.54;6008245.56;292.05
18585;532696.29;6008245.64;291.96
4010;532694.26;6008243.61;291.92
14915;532690.31;6008243.61;291.74
19181;532689.22;6008246.3;291.35
14527;532687.79;6008248.1;291.0
24068;532688.53;6008249.89;290.85
16936;532687.16;6008249.61;291.97
9073;532687.14;6008249.63;288.24
5160;532683.58;6008249.91;287.79
9176;532680.08;6008252.66;287.11
1476;532678.81;6008252.25;287.05
969;532678.36;6008250.27;286.57
6269;532674.75;6008254.26;285.89
19869;532671.98;6008254.68;285.83
18105;532668.9;6008254.12;285.16
5599;532667.96;6008256.62;285.12
8444;532663.59;6008257.61;284.56
6416;532707.83;6008247.16;292.89
21098;532710.86;6008245.26;292.78
9494;532711.1;6008247.17;292.82
12633;532713.39;6008245.2;293.15
10051;532724.88;6008235.19;295.66
18657;532714.48;6008243.48;294.34
17084;532714.5;6008243.98;292.69
5479;532712.49;6008242.28;293.02
7088;532594.38;6008297.26;267.69
22137;532593.64;6008300.71;268.53
5996;532592.61;6008292.14;265.45
19206;532595.89;6008296.07;267.64
13418;532592.17;6008301.61;268.35
23398;532582.15;6008296.34;267.64
1327;532581.43;6008290.84;268.55
9099;532572.25;6008288.61;268.23
2182;532567.75;6008294.39;267.93
7675;532560.94;6008297.08;267.26
16754;532559.59;6008298.65;265.69
18826;532557.61;6008301.58;265.1
3662;532555.94;6008301.66;264.83
10638;532552.97;6008298.67;264.41
11124;532543.58;6008296.31;264.16
6527;532595.32;6008293.04;267.63
8772;532598.01;6008293.42;267.96
14556;532602.79;6008292.04;268.48
19902;532498.87;6008312.59;256.25
19425;532492.45;6008315.18;257.35
6705;532500.49;6008311.52;257.92
21202;532501.94;6008308.56;256.66
21427;532486.53;6008318.59;256.84
5831;532481.43;6008317.7;256.69
7447;532476.56;6008316.35;256.49
16203;532467.32;6008320.14;255.88
15982;532460.17;6008326.24;255.14
3308;532456.74;6008326.83;254.49
9149;532456.12;6008326.04;254.67
2526;532446.75;6008329.79;254.31
12184;532441.19;6008333.95;253.73
6663;532438.78;6008332.47;253.19
681;532436.5;6008332.65;253.25
18499;532508.81;6008315.18;258.63
12790;532499.2;6008308.2;258.09
12879;532500.48;6008303.89;258.57
24073;532507.08;6008302.79;259.0
12863;532515.71;6008299.8;259.93
15820;532731.59;6008213.2;315.83
15862;532734.62;6008212.3;316.97
3917;532731.59;6008213.2;317.83
16661;532737.65;6008204.41;317.83
4440;532737.66;6008204.39;318.72
22951;532732.71;6008226.12;295.98
6461;532732.71;6008226.13;301.05
6600;532733.7;6008224.67;302.34
13176;532734.22;6008220.82;303.96
7629;532734.22;6008220.82;306.32
7918;532734.6;6008219.8;306.65
7174;532734.6;6008219.8;308.32
4747;532734.71;6008218.73;308.56
1504;532738.21;6008222.81;307.33
14884;532738.88;6008221.54;307.2
7436;532735.36;6008223.27;308.04
9297;532739.55;6008225.55;306.41
18852;532738.93;6008221.55;309.5
14928;532741.94;6008220.93;307.22
13215;532738.64;6008220.36;309.54
17460;532735.35;6008223.24;308.98
5860;532739.52;6008225.56;304.84
6207;532739.37;6008226.83;305.27
2587;532739.76;6008232.18;304.01
2400;532739.0;6008234.33;303.78
12091;532741.5;6008230.03;304.4
20072;532737.22;6008234.08;303.44
2838;532735.51;6008234.46;303.11
8640;532737.88;6008237.37;302.52
22006;532735.64;6008239.6;302.04
18388;532732.9;6008236.97;301.72
8539;532729.23;6008240.89;300.71
12308;532726.8;6008240.76;300.42
14574;532725.9;6008243.04;300.85
6215;532724.88;6008243.49;300.54
7142;532723.3;6008241.63;299.03
17773;532721.91;6008243.06;298.94
13719;532721.52;6008242.39;298.68
8936;532721.49;6008242.41;295.18
18306;532714.48;6008243.48;304.89
3511;532706.91;6008242.59;302.31
10665;532707.45;6008243.62;302.56
14218;532709.68;6008241.43;301.7
3752;532706.68;6008239.02;303.11
7843;532705.79;6008243.95;302.49
20319;532704.83;6008242.81;303.05
14617;532703.02;6008244.97;302.83
19415;532704.83;6008242.81;307.09
17271;532709.82;6008242.77;301.98
23602;532711.17;6008242.92;301.91
14393;532711.7;6008241.42;302.07
20827;532712.7;6008242.64;302.48
8919;532714.16;6008241.29;301.85
21169;532714.47;6008243.96;300.51
16451;532709.55;6008236.05;305.4
21763;532710.22;6008235.82;305.44
20215;532709.66;6008236.44;305.98
22219;532708.25;6008237.02;304.82
22845;532710.01;6008235.04;306.02
19416;532709.11;6008234.58;306.16
1318;532708.37;6008231.5;306.74
6360;532708.56;6008231.77;307.04
2802;532709.57;6008230.06;307.0
23885;532706.71;6008230.34;307.14
20292;532711.56;6008227.38;307.72
18867;532713.3;6008227.72;307.49
15088;532713.29;6008227.72;310.43
22744;532715.35;6008227.27;310.88
17722;532719.61;6008228.49;311.66
5827;532718.74;6008227.35;311.58
18794;532720.69;6008225.42;311.72
14208;532721.87;6008225.79;311.84
6000;532724.36;6008223.88;312.23
10866;532726.34;6008224.3;312.33
4580;532726.97;6008222.97;312.35
22854;532710.6;6008236.84;306.16
14568;532712.25;6008236.62;306.49
10246;532713.07;6008236.24;306.91
16687;532714.01;6008234.94;306.99
22323;532717.82;6008234.09;307.55
19332;532719.67;6008233.58;307.55
7063;532720.52;6008232.43;307.68
20766;532723.73;6008230.54;307.75
16140;532725.15;6008229.97;307.77
11536;532725.68;6008230.62;308.1
4144;532708.93;6008238.02;304.57
13193;532707.9;6008238.28;304.53
5722;532707.91;6008238.29;303.14
7556;532663.4;6008259.4;286.47
23994;532667.46;6008261.78;286.71
13308;532668.45;6008261.95;286.96
12726;532668.86;6008260.72;287.25
22552;532670.29;6008260.98;287.36
13496;532671.85;6008259.98;287.48
5790;532672.46;6008261.5;287.72
8461;532674.1;6008261.69;287.82
9504;532674.96;6008258.93;288.15
23710;532677.28;6008258.29;288.43
15155;532679.86;6008258.76;288.54
20081;532682.83;6008260.51;288.76
20904;532685.34;6008261.41;288.92
6936;532687.32;6008260.29;289.22
4192;532688.54;6008260.34;289.21
18429;532688.96;6008259.18;289.28
15040;532687.89;6008257.89;289.36
10171;532688.5;6008256.54;289.5
19474;532687.93;6008252.3;290.14
3591;532692.3;6008252.1;290.41
23412;532693.12;6008253.28;290.38
12794;532695.98;6008253.96;290.66
2593;532697.26;6008251.58;290.78
4802;532697.02;6008249.8;290.95
18910;532700.1;6008244.74;291.58
9097;532701.91;6008244.37;291.4
14260;532702.85;6008242.3;291.7
16793;532704.31;6008241.53;291.89
20431;532705.0;6008240.6;291.86
22640;532646.37;6008268.41;280.72
4305;532646.37;6008268.48;281.48
2346;532648.14;6008266.98;282.6
7258;532636.38;6008270.03;282.28
5241;532636.48;6008269.61;282.35
14696;532635.74;6008273.2;281.31
19502;532636.55;6008268.49;282.03
17315;532636.46;6008269.63;284.71
21885;532630.91;6008270.58;284.4
15109;532633.33;6008277.09;284.33
3905;532632.84;6008276.62;282.75
15751;532632.82;6008276.64;280.93
6667;532633.84;6008275.95;280.62
23035;532631.59;6008278.98;280.53
21280;532634.3;6008273.23;281.05
11865;532636.56;6008268.49;283.47
446;532637.5;6008267.49;283.61
2792;532637.94;6008265.29;284.13
1481;532640.56;6008265.66;283.52
14343;532704.57;6008261.62;289.77
10530;532701.3;6008264.65;289.42
8553;532704.75;6008258.05;290.18
19591;532700.1;6008265.22;289.24
1226;532699.26;6008267.12;289.05
6682;532698.06;6008267.69;288.87
5048;532697.64;6008269.91;288.77
13748;532695.76;6008270.03;288.56
7964;532693.17;6008275.04;288.41
3501;532691.76;6008275.03;288.37
16907;532689.95;6008275.87;288.32
7878;532687.35;6008276.43;287.88
4653;532684.26;6008277.79;288.14
20770;532684.68;6008280.95;288.06
15410;532684.0;6008281.63;288.05
8797;532682.44;6008285.42;288.09
22632;532681.65;6008286.6;288.27
11542;532681.5;6008289.28;288.2
10979;532682.15;6008290.56;288.22
3155;532680.77;6008295.26;288.0
23389;532677.66;6008295.3;287.08
15057;532678.06;6008296.56;286.93
15292;532675.57;6008296.59;286.65
1611;532674.58;6008299.67;286.51
9417;532671.56;6008302.66;286.17
20049;532668.53;6008303.18;285.6
19417;532665.72;6008305.35;285.13
8029;532662.74;6008309.95;284.8
24057;532659.91;6008310.97;284.4
14760;532656.98;6008316.08;283.73
11591;532655.17;6008320.98;282.95
17869;532660.03;6008320.59;281.69
10971;532653.66;6008322.33;282.39
17150;532661.08;6008319.85;281.47
5707;532663.31;6008321.26;280.69
7103;532660.15;6008323.97;279.38
18932;532667.92;6008317.44;281.16
15144;532656.38;6008327.17;277.53
23870;532654.98;6008330.0;277.34
12867;532653.36;6008331.49;276.97
19357;532652.19;6008330.57;276.91
8819;532652.24;6008330.02;276.85
212;532651.06;6008328.86;276.24
13318;532647.73;6008331.93;275.88
15643;532645.41;6008335.21;275.7
16810;532643.54;6008335.26;275.43
3408;532727.07;6008250.87;310.21
19614;532727.07;6008250.8;311.76
8050;532725.13;6008251.01;309.8
16885;532726.65;6008248.7;310.58
19999;532730.97;6008249.66;312.12
18490;532732.2;6008251.53;312.04
20059;532732.22;6008251.45;309.79
15707;532729.95;6008253.31;311.22
12812;532729.19;6008258.06;310.61
13871;532726.2;6008260.44;309.57
2108;532726.2;6008260.37;307.82
22215;532724.72;6008259.47;303.52
6080;532726.21;6008260.39;306.49
20504;532725.96;6008260.14;293.09
772;532719.65;6008261.76;306.63
476;532723.27;6008251.23;309.3
10896;532724.5;6008250.03;309.11
6722;532722.4;6008250.85;308.8
18920;532722.16;6008252.03;308.83
13709;532721.55;6008253.26;306.63
19886;532721.44;6008254.97;305.39
19430;532722.96;6008253.94;305.16
8535;532723.56;6008255.57;305.1
22639;532722.47;6008256.18;304.81
2132;532723.05;6008257.58;304.69
23636;532723.05;6008257.65;303.44
17075;532760.59;6008225.6;319.37
8309;532760.59;6008225.67;318.78
2256;532757.75;6008225.84;318.94
18181;532755.66;6008224.93;318.0
15543;532755.22;6008224.39;317.55
15784;532753.9;6008224.95;317.44
13391;532758.63;6008222.33;318.51
4528;532750.52;6008227.24;317.37
23777;532753.56;6008223.19;317.48
5192;532747.07;6008226.79;317.19
22891;532750.52;6008227.24;318.32
17508;532745.93;6008228.58;317.27
7886;532742.1;6008229.93;316.99
2972;532740.96;6008229.38;316.98
23318;532740.49;6008231.02;317.09
701;532738.85;6008232.03;317.07
6090;532738.2;6008232.85;317.06
17900;532736.95;6008232.95;317.13
9157;532737.84;6008234.84;317.06
22003;532736.74;6008235.24;317.11
531;532737.63;6008237.13;317.05
22249;532738.66;6008237.84;317.03
17503;532737.76;6008239.16;316.88
5080;532737.46;6008242.87;316.38
13503;532735.84;6008243.02;315.94
19029;532734.26;6008242.4;315.92
19762;532733.25;6008245.34;316.03
1627;532732.73;6008244.47;314.4
7458;532731.53;6008245.61;312.63
6002;532728.18;6008245.11;311.11
21796;532729.02;6008260.81;306.94
20748;532729.64;6008258.38;307.58
1572;532729.34;6008256.23;307.71
10480;532730.83;6008253.08;306.63
12226;532732.88;6008253.81;306.53
10237;532737.66;6008251.11;307.72
10383;532740.76;6008250.66;307.73
19387;532742.1;6008249.85;307.54
20448;532744.31;6008250.58;307.83
960;532749.23;6008250.29;307.93
6217;532749.75;6008251.21;307.94
17519;532751.15;6008251.35;308.0
16287;532751.88;6008250.2;307.84
20074;532755.93;6008252.39;308.17
1271;532759.82;6008251.6;308.6
8242;532759.99;6008253.45;308.58
22427;532762.46;6008252.99;308.76
3056;532762.74;6008255.26;309.37
18340;532764.45;6008254.73;309.16
18736;532766.79;6008256.78;309.98
19243;532770.03;6008252.68;310.15
24067;532765.68;6008260.55;310.34
14050;532763.67;6008263.62;310.09
18809;532760.91;6008264.51;310.0
110;532761.52;6008266.73;310.32
23275;532760.25;6008270.14;310.64
894;532758.74;6008273.08;310.82
13120;532763.2;6008278.43;311.46
942;532763.87;6008280.24;310.66
20380;532772.2;6008279.34;310.72
3456;532777.68;6008281.28;311.35
13323;532782.97;6008275.12;311.55
17738;532781.11;6008270.79;311.74
10093;532787.6;6008270.98;311.99
10302;532794.82;6008267.59;312.4
17917;532798.27;6008265.56;312.62
4664;532800.03;6008263.43;313.48
19360;532800.03;6008263.45;314.02
18076;532802.2;6008261.85;313.55
14546;532807.01;6008261.56;319.98
19582;532798.31;6008262.46;313.65
15042;532807.36;6008259.29;314.18
355;532809.88;6008259.06;314.06
16431;532811.91;6008255.44;314.14
16197;532813.58;6008255.23;314.12
13128;532815.18;6008252.7;314.07
5088;532816.87;6008251.54;314.12
18481;532816.88;6008251.56;314.09
9427;532814.57;6008247.61;314.19
15522;532818.34;6008251.54;314.08
3668;532814.39;6008247.03;314.22
3747;532815.6;6008245.05;314.23
5622;532814.42;6008240.97;314.24
18537;532812.32;6008237.23;314.03
12576;532811.81;6008231.33;314.47
2911;532814.03;6008229.28;314.59
15800;532813.31;6008226.91;314.86
1150;532813.32;6008226.93;317.17
17906;532814.08;6008227.22;314.96
17481;532809.96;6008229.45;318.46
9104;532810.86;6008232.72;319.69
7515;532808.88;6008233.77;319.73
1168;532808.89;6008233.79;321.88
19632;532808.2;6008236.94;322.56
22989;532739.87;6008250.45;307.98
23942;532742.76;6008247.47;309.2
3982;532745.63;6008247.55;309.47
885;532747.57;6008246.55;309.37
12649;532750.68;6008244.29;309.33
6966;532759.32;6008246.93;312.63
19335;532749.38;6008242.61;309.0
1380;532751.34;6008239.93;309.25
6373;532753.52;6008239.69;309.49
7961;532756.6;6008238.3;309.46
1087;532757.23;6008235.79;310.34
21208;532758.22;6008234.09;313.87
9421;532759.93;6008233.3;314.63
9052;532757.82;6008230.57;314.66
3080;532759.41;6008228.23;317.83
1003;532762.21;6008227.52;318.62
10286;532762.24;6008227.54;319.37
21481;532717.76;6008267.34;289.63
22073;532703.87;6008283.38;288.26
7144;532708.05;6008282.3;289.05
10805;532698.04;6008290.04;287.64
17765;532710.73;6008282.57;289.41
14776;532714.85;6008280.95;289.36
24112;532715.86;6008276.95;289.53
9789;532719.57;6008274.12;289.48
5563;532721.71;6008271.56;288.8
1756;532722.17;6008273.94;289.61
11144;532683.37;6008298.22;286.94
5297;532687.42;6008295.69;289.48
22933;532684.44;6008295.82;287.0
23303;532681.64;6008308.01;286.6
11643;532688.37;6008294.99;290.0
12268;532686.61;6008291.47;289.48
24035;532688.37;6008294.99;292.5
14579;532692.12;6008297.43;292.9
2123;532707.65;6008298.54;293.98
5280;532709.47;6008305.92;293.71
9944;532684.37;6008294.05;287.51
13589;532686.29;6008292.97;287.79
22689;532687.84;6008293.43;287.66
2277;532689.01;6008292.78;287.64
7075;532692.25;6008292.87;287.55
15468;532692.68;6008291.39;287.53
11658;532694.33;6008291.72;287.81
17482;532695.11;6008290.58;287.98
15705;532658.59;6008345.13;269.97
24242;532669.59;6008341.41;270.15
13333;532653.04;6008343.8;270.04
16934;532658.63;6008345.14;269.17
16391;532673.99;6008342.74;270.43
79;532680.99;6008343.39;270.21
13972;532685.62;6008341.74;270.32
22730;532687.15;6008342.81;270.27
11922;532684.41;6008340.6;270.47
22929;532684.39;6008340.55;272.31
4232;532685.73;6008338.78;273.92
17994;532690.55;6008339.78;275.58
1564;532688.65;6008341.61;276.46
19150;532689.44;6008336.84;277.37
19587;532692.89;6008334.82;278.7
1830;532694.1;6008330.71;279.77
5545;532692.43;6008327.89;282.22
5140;532692.42;6008327.85;283.65
20732;532694.27;6008322.78;278.83
19719;532694.09;6008329.04;281.52
5216;532688.11;6008328.11;283.23
11433;532685.89;6008331.62;282.74
15337;532683.55;6008331.31;282.55
11346;532681.84;6008334.79;282.58
20627;532679.7;6008336.33;282.5
11529;532676.36;6008339.72;283.65
4757;532670.68;6008335.09;283.93
5423;532666.27;6008332.82;285.45
20915;532667.46;6008323.38;286.26
9571;532656.27;6008330.86;285.81
18391;532669.88;6008323.58;286.41
1667;532672.22;6008320.22;286.72
14925;532673.36;6008312.36;286.87
18171;532675.78;6008312.25;287.23
6068;532679.44;6008310.59;287.05
4575;532679.71;6008307.87;286.7
7669;532649.91;6008341.95;270.09
868;532752.59;6008344.52;282.19
8389;532754.44;6008345.49;282.43
1805;532752.12;6008347.76;282.43
17253;532752.55;6008344.53;287.12
22417;532753.77;6008343.15;282.49
8625;532757.65;6008343.58;283.88
18060;532759.57;6008341.13;283.86
14758;532762.32;6008339.62;284.73
8577;532763.91;6008333.64;285.78
13519;532770.35;6008333.91;286.19
17275;532771.61;6008330.64;287.16
17565;532773.49;6008329.52;285.69
6212;532773.52;6008329.52;291.3
21643;532773.46;6008329.51;287.41
2468;532738.86;6008352.64;276.33
16328;532738.79;6008352.66;282.27
5692;532731.43;6008347.91;274.26
16707;532729.98;6008350.5;277.52
12231;532736.36;6008350.44;282.1
22947;532737.25;6008348.26;280.98
8516;532744.07;6008348.23;280.71
20308;532746.29;6008344.07;281.29
1818;532747.09;6008347.16;281.34
10562;532717.85;6008348.78;272.1
15863;532725.82;6008349.97;272.35
15412;532710.13;6008353.31;271.51
8762;532721.15;6008346.95;273.71
20052;532700.53;6008356.13;270.4
4269;532821.79;6008274.9;323.33
9108;532821.53;6008277.95;322.38
19952;532818.59;6008279.4;322.24
3598;532818.32;6008278.42;322.22
7880;532816.59;6008278.93;321.96
4252;532815.42;6008280.19;321.94
3786;532815.91;6008282.1;322.07
6809;532815.23;6008285.63;321.67
4548;532816.08;6008288.22;321.71
2270;532818.06;6008291.12;321.62
23259;532822.31;6008293.94;321.41
13453;532827.44;6008295.97;321.67
21186;532827.43;6008295.96;320.44
14800;532828.78;6008295.75;320.5
8801;532828.97;6008297.56;320.13
16692;532831.08;6008297.64;319.67
20445;532832.48;6008300.47;319.32
5671;532828.91;6008302.56;318.93
5472;532828.5;6008303.81;318.42
6053;532827.83;6008303.85;318.69
10329;532828.95;6008305.7;318.41
22952;532828.89;6008305.69;306.77
6945;532824.51;6008309.03;303.58
17799;532822.83;6008307.52;302.97
14535;532826.08;6008311.27;303.84
19359;532691.82;6008357.66;270.62
13704;532692.47;6008359.18;271.57
23073;532685.54;6008363.88;272.8
8228;532676.99;6008366.87;272.39
3333;532671.3;6008363.42;270.44
13477;532667.91;6008358.4;268.78
11401;532665.79;6008357.53;268.49
8623;532663.8;6008355.46;269.07
6087;532654.61;6008353.77;269.46
22186;532652.86;6008355.11;269.13
19004;532655.98;6008353.12;269.59
9602;532650.79;6008353.83;268.97
11003;532821.76;6008303.83;302.95
1495;532818.37;6008304.1;302.75
10330;532818.47;6008309.54;302.72
10199;532813.81;6008307.84;302.26
13558;532812.29;6008305.51;301.95
2685;532809.13;6008308.71;302.24
6156;532805.96;6008305.85;302.07
21553;532803.53;6008308.3;301.93
11404;532803.92;6008310.71;301.75
10615;532800.78;6008311.88;301.84
6012;532799.2;6008313.72;301.79
15703;532795.49;6008313.64;301.7
8500;532790.84;6008321.06;301.02
15280;532792.33;6008323.41;301.11
3348;532786.79;6008323.09;300.69
1051;532791.66;6008317.19;308.18
18017;532784.3;6008321.59;301.44
9975;532786.79;6008323.09;293.69
13465;532781.2;6008322.17;301.04
2363;532781.75;6008325.62;299.16
3795;532779.46;6008328.37;299.45
7528;532777.5;6008326.28;299.63
14975;532777.46;6008326.27;290.8
13894;532775.2;6008326.58;291.02
8406;532648.75;6008358.61;269.87
22163;532647.6;6008357.97;269.6
9306;532637.27;6008362.48;268.62
20346;532632.61;6008360.15;268.59
18538;532629.65;6008360.33;268.4
16970;532632.63;6008360.13;267.22
4165;532656.75;6008348.48;269.35
17584;532595.37;6008406.16;267.87
17983;532592.03;6008403.08;269.55
579;532595.37;6008406.16;268.47
2280;532592.79;6008398.72;267.84
2954;532594.89;6008395.48;267.55
7306;532596.79;6008394.13;267.73
24095;532597.91;6008391.99;266.65
6795;532607.39;6008386.75;266.52
14770;532608.89;6008388.09;266.51
8344;532608.22;6008388.68;266.79
7729;532610.33;6008390.32;266.67
3267;532616.76;6008386.36;267.66
20794;532619.54;6008387.36;267.33
7181;532619.72;6008382.66;268.11
5600;532622.63;6008377.34;268.06
11344;532621.8;6008372.61;268.11
111;532623.02;6008369.26;268.09
2099;532625.83;6008365.35;267.97
12191;532624.86;6008359.79;267.24
15796;532627.92;6008357.84;267.66
8941;532643.33;6008350.25;268.88
3237;532640.29;6008355.86;269.07
9037;532643.56;6008345.86;269.72
6272;532644.95;6008350.2;269.14
20835;532635.82;6008355.59;267.43
2675;532634.36;6008358.97;267.23
21812;532639.78;6008345.74;270.12
13638;532639.98;6008342.08;270.18
20703;532638.97;6008340.1;270.9
20878;532638.17;6008340.83;270.29
3235;532638.21;6008340.81;273.7
12239;532645.84;6008351.82;268.72
10690;532649.19;6008351.83;268.91
21573;532757.61;6008331.09;288.76
20818;532757.54;6008331.1;292.4
17822;532753.3;6008335.97;287.68
207;532763.38;6008333.74;288.07
17412;532751.5;6008334.32;291.53
14061;532743.41;6008332.16;288.83
257;532733.92;6008332.68;288.4
3548;532732.51;6008339.91;285.24
11461;532730.31;6008330.3;290.34
8876;532753.52;6008342.2;287.21
15376;532753.55;6008342.2;288.89
18546;532752.12;6008343.13;288.41
7467;532751.92;6008344.27;290.53
14879;532770.51;6008334.25;286.56
14001;532730.11;6008346.49;280.99
2411;532732.07;6008348.12;279.93
5460;532724.55;6008346.07;279.66
18568;532720.42;6008349.48;272.83
16151;532721.3;6008345.0;279.46
7403;532721.31;6008345.29;273.74
15577;532700.05;6008353.11;280.75
13455;532701.63;6008352.49;280.98
12115;532701.32;6008351.04;281.21
2490;532697.87;6008354.08;280.54
12615;532703.47;6008353.07;281.06
3065;532703.4;6008353.04;279.59
13971;532702.84;6008353.35;279.6
19428;532702.77;6008353.3;276.93
12984;532700.0;6008355.78;276.17
9452;532699.93;6008355.73;273.1
13537;532700.61;6008356.17;272.97
5665;532702.09;6008351.43;281.32
3487;532713.07;6008335.49;281.21
14034;532703.23;6008351.09;282.33
6341;532705.46;6008347.45;283.22
10363;532708.4;6008345.99;284.06
18959;532708.57;6008345.56;284.19
5882;532711.03;6008342.66;284.37
20714;532711.22;6008341.4;284.84
13569;532711.78;6008341.06;284.94
3310;532712.51;6008341.35;285.27
2212;532713.86;6008340.7;285.37
12910;532714.04;6008339.28;285.57
19923;532716.73;6008340.3;285.7
10752;532718.42;6008337.19;285.82
16974;532718.52;6008336.76;285.83
20542;532723.06;6008333.24;286.31
6520;532723.5;6008332.14;286.51
5327;532726.13;6008331.25;286.98
6448;532726.89;6008330.31;287.43
20436;532726.54;6008332.69;287.11
2718;532727.65;6008328.7;289.21
22470;532946.31;6008396.34;295.43
21073;532948.54;6008397.06;313.39
7567;532948.29;6008397.85;295.83
5193;532950.22;6008393.68;310.98
4476;532947.52;6008400.93;315.79
22002;532950.23;6008393.73;314.48
24082;532950.82;6008392.39;314.75
12566;532950.78;6008390.12;315.38
23956;532953.31;6008389.96;315.61
7296;532950.07;6008389.64;317.07
240;532956.04;6008389.23;315.91
1878;532957.84;6008389.05;315.88
5881;532956.07;6008384.02;315.94
10547;532959.17;6008389.96;315.95
24010;532959.7;6008364.67;323.21
18468;532956.72;6008363.26;323.36
15879;532960.4;6008364.75;322.64
12451;532961.73;6008364.34;323.07
20633;532955.82;6008361.46;323.34
11955;532957.27;6008359.08;323.45
10219;532953.12;6008362.25;323.1
10019;532957.62;6008357.19;323.71
9304;532958.82;6008357.85;325.06
1437;532958.83;6008357.87;326.35
20051;532965.21;6008357.05;326.92
4398;532966.52;6008363.07;328.61
2899;532966.52;6008363.09;329.95
13162;532969.32;6008358.55;330.34
23350;532969.77;6008368.63;330.85
21909;532960.59;6008369.58;317.29
9550;532958.81;6008370.4;316.86
14563;532961.02;6008368.2;317.35
16995;532957.52;6008371.7;316.92
10076;532958.78;6008370.43;318.36
1273;532958.76;6008370.45;319.14
20769;532958.23;6008367.14;320.19
11718;532959.06;6008366.96;320.22
19753;532959.03;6008366.99;322.1
7455;532960.56;6008367.01;317.39
18038;532963.25;6008365.53;317.81
4276;532963.28;6008365.53;319.25
17485;532964.61;6008366.53;318.77
1295;532964.64;6008366.52;320.3
3886;532964.67;6008366.52;322.18
19017;532965.05;6008365.32;322.24
6485;532965.07;6008365.32;323.45
9089;532967.63;6008366.4;326.59
7651;532954.28;6008372.91;316.89
17463;532954.72;6008375.98;316.58
10719;532954.18;6008377.37;316.51
18154;532951.1;6008381.68;315.9
17466;532953.12;6008375.13;316.84
19338;532956.76;6008377.31;316.56
19012;532958.63;6008386.38;315.85
14492;532937.74;6008410.41;292.75
5824;532939.01;6008412.77;291.9
23709;532943.03;6008405.0;294.31
3136;532935.21;6008413.13;292.23
7160;532945.59;6008400.65;295.76
1981;532942.29;6008413.06;293.26
9311;532938.31;6008418.59;290.6
22800;532946.74;6008412.13;294.18
14940;532947.81;6008411.21;295.37
20946;532950.47;6008411.51;295.96
15734;532952.57;6008413.87;296.44
10655;532960.31;6008412.08;301.87
608;532965.46;6008402.11;305.54
6214;532965.46;6008402.07;311.94
17823;532963.22;6008407.44;303.94
20914;532962.65;6008400.01;312.65
6875;532965.46;6008402.07;319.04
15999;532962.65;6008399.99;314.37
4927;532963.84;6008398.93;315.23
12061;532964.24;6008397.51;315.5
15239;532963.98;6008395.68;315.64
19394;532963.07;6008394.23;315.74
708;532964.25;6008390.51;316.18
15140;532962.67;6008390.05;316.11
16725;532943.72;6008411.37;295.85
2914;532942.07;6008400.18;296.55
7454;532951.63;6008390.63;296.03
11933;532900.06;6008486.36;275.0
14523;532901.47;6008484.32;276.8
8906;532903.2;6008489.51;274.87
6358;532902.79;6008485.68;274.45
23061;532904.18;6008483.98;279.17
4149;532902.27;6008489.59;278.55
9068;532902.27;6008489.59;279.3
15392;532899.25;6008496.12;279.49
21568;532892.8;6008489.71;283.82
15509;532899.25;6008496.12;279.39
20199;532888.95;6008482.8;282.92
8060;532890.42;6008474.27;280.11
707;532890.42;6008474.27;279.51
23341;532889.99;6008472.79;280.91
781;532891.84;6008468.23;279.78
3666;532890.97;6008476.66;280.19
11245;532895.1;6008470.85;280.26
886;532897.77;6008465.55;281.57
695;532902.95;6008465.54;281.84
7784;532911.49;6008446.21;284.44
22121;532921.95;6008427.94;287.96
12017;532914.89;6008445.6;285.8
16120;532926.38;6008424.07;289.7
11232;532926.53;6008419.08;290.01
759;532929.87;6008414.79;290.39
17658;532935.21;6008413.13;290.73
7207;532905.5;6008490.17;275.17
13975;532905.31;6008487.99;275.22
7553;532909.36;6008492.24;275.02
24234;532944.11;6008602.12;307.48
15179;532943.3;6008600.38;307.38
7299;532943.23;6008599.05;306.06
12158;532947.11;6008602.21;307.11
10372;532941.47;6008600.87;307.49
19724;532939.81;6008602.21;305.97
13865;532939.91;6008602.31;304.65
20356;532939.71;6008604.16;304.12
12254;532946.64;6008611.23;306.15
10422;532943.88;6008614.32;306.24
22791;532946.08;6008614.08;306.28
15812;532949.89;6008618.78;303.99
682;532955.75;6008617.69;305.02
14788;532958.41;6008619.77;307.95
1227;532961.09;6008619.91;309.03
21462;532960.78;6008618.27;307.93
15136;532963.52;6008617.39;307.84
7345;532963.5;6008621.67;306.99
10023;532967.31;6008621.67;306.43
18506;532970.79;6008625.99;306.99
15426;532971.39;6008628.44;306.95
23987;532973.78;6008629.8;307.01
15483;532976.03;6008626.44;307.17
8579;532979.5;6008630.47;305.51
5709;532976.15;6008638.86;305.26
20692;532979.59;6008642.03;305.35
16727;532981.27;6008641.32;305.86
7130;532982.19;6008637.12;305.64
5077;532988.05;6008635.91;305.86
2138;532937.77;6008586.04;300.54
9341;532936.36;6008592.5;300.85
22960;532933.41;6008590.09;304.08
12746;532939.07;6008585.7;300.63
16536;532936.47;6008589.59;299.49
9698;532936.32;6008583.32;300.66
11505;533015.57;6008553.66;316.21
22623;533010.7;6008557.6;314.99
12396;533015.6;6008553.66;316.97
19924;533017.45;6008554.06;316.77
3707;533021.37;6008546.96;317.07
19726;533006.67;6008560.84;314.54
18563;533005.07;6008564.94;314.24
18259;533002.29;6008567.52;314.11
9061;533006.33;6008568.22;315.08
9220;533002.23;6008572.13;313.87
5139;533017.41;6008554.05;315.98
2884;533019.69;6008559.45;316.5
9441;533017.41;6008554.05;322.18
6103;533013.55;6008555.62;316.61
19982;533020.42;6008552.76;316.71
18018;533020.2;6008563.65;315.97
18332;533015.49;6008565.14;315.75
23231;533020.2;6008563.65;316.27
5900;533010.82;6008563.82;315.86
909;533008.79;6008565.78;315.39
12348;533006.82;6008565.17;315.44
18096;532888.12;6008520.32;281.27
16341;532884.62;6008520.02;281.4
4156;532887.6;6008510.41;280.92
4786;532887.31;6008522.17;284.1
3698;532883.46;6008523.81;282.47
22770;532883.81;6008527.22;282.72
23396;532890.52;6008534.89;284.1
20710;532895.83;6008541.22;285.25
16588;532898.2;6008544.89;287.56
12813;532902.33;6008547.21;287.0
14410;532898.06;6008550.62;289.59
21897;532901.4;6008553.89;293.35
6208;532901.43;6008553.89;294.18
15025;532902.78;6008555.4;296.97
9041;532901.81;6008555.46;296.68
3347;532904.87;6008554.25;296.83
14742;532903.68;6008560.02;302.81
11809;532892.43;6008542.98;297.48
23016;533092.77;6008600.92;321.3
17138;533090.11;6008601.54;319.09
13885;533091.72;6008600.69;320.89
14680;533094.84;6008600.03;321.7
8445;533090.76;6008602.5;319.02
4532;533089.23;6008604.11;318.75
13156;533087.79;6008605.03;318.8
1149;533092.51;6008605.76;319.0
2186;533085.62;6008604.82;318.77
6824;533083.77;6008601.84;318.78
8474;533081.18;6008602.5;318.08
15351;533080.36;6008602.29;317.15
17963;533080.3;6008602.24;314.29
4003;533079.17;6008603.02;314.26
6998;533081.26;6008608.16;315.34
4516;533074.98;6008596.38;316.22
2775;533025.04;6008615.0;319.6
717;533026.57;6008615.33;319.45
23632;533025.53;6008615.44;318.83
19510;533028.52;6008614.69;318.57
9799;533025.99;6008614.76;319.67
106;533029.78;6008615.16;318.38
23821;533032.23;6008615.86;319.25
4448;533032.18;6008615.81;320.74
16680;533033.47;6008615.82;320.55
8681;533033.41;6008615.77;318.64
6654;533034.31;6008616.26;318.55
3295;533037.12;6008614.67;318.79
10005;533037.07;6008614.63;319.44
15480;533038.2;6008615.49;319.49
3012;533035.86;6008613.72;319.44
22164;533039.12;6008615.25;319.46
13771;533042.53;6008618.78;319.5
20040;533044.36;6008617.69;319.73
22774;533046.47;6008619.03;320.19
8920;533047.79;6008617.71;319.72
16314;533049.45;6008619.37;320.03
18349;533051.31;6008619.51;319.47
21634;533055.67;6008619.75;320.27
9824;533055.62;6008619.71;319.5
3834;533057.48;6008622.15;321.42
8154;533056.59;6008619.81;319.42
12777;533061.06;6008614.63;319.76
4615;533064.58;6008614.58;317.83
11254;533064.53;6008614.54;316.12
13334;533064.46;6008614.47;319.93
20875;533065.68;6008613.51;319.29
18002;533066.81;6008615.29;319.49
8514;533068.01;6008613.48;319.75
3071;533068.35;6008613.99;319.91
8816;533070.81;6008613.42;319.96
19125;533070.74;6008611.36;319.96
23873;533072.49;6008611.0;320.18
636;533073.01;6008609.04;320.21
20297;533075.84;6008606.78;320.28
18757;533077.74;6008606.91;320.49
3664;533080.14;6008604.62;320.49
20023;533077.01;6008608.55;320.49
4690;533081.87;6008604.49;320.61
7237;533083.46;6008602.85;320.7
23394;533084.14;6008599.82;320.97
4354;533084.56;6008601.16;321.14
19093;533087.88;6008600.51;321.33
11832;533087.83;6008600.46;320.81
11130;533090.18;6008599.02;320.86
22589;533091.09;6008599.22;320.66
15949;533033.21;6008654.71;309.03
6346;533033.21;6008654.71;307.6
8943;533028.69;6008651.64;308.6
15353;533031.7;6008658.05;314.49
22282;533030.63;6008652.59;311.52
3805;533032.03;6008657.85;308.44
10304;533033.21;6008654.71;312.14
7288;533036.74;6008657.55;312.78
6073;533037.72;6008660.51;312.62
7169;533042.04;6008661.74;312.77
23882;533051.19;6008665.03;312.6
19429;533053.58;6008660.08;313.09
748;533059.05;6008660.73;313.09
15241;533061.27;6008659.34;312.77
4524;533066.91;6008660.21;313.37
14170;533070.96;6008656.79;314.89
9300;533070.28;6008653.35;313.88
20490;533077.09;6008661.21;318.25
6940;533073.74;6008653.16;313.46
1008;533072.13;6008650.18;313.87
12039;533068.34;6008647.12;314.47
16147;533070.21;6008646.09;314.47
4827;533069.49;6008643.25;314.47
20868;533067.21;6008642.39;314.13
2218;533069.37;6008638.6;314.66
21838;533072.05;6008636.18;314.47
22630;533071.46;6008634.2;314.51
4884;533076.13;6008627.73;314.65
930;533076.77;6008624.38;314.71
19241;533078.52;6008624.53;314.04
13115;533083.08;6008618.44;315.1
12782;533081.47;6008612.54;315.21
12778;533079.15;6008609.88;315.15
2429;533001.59;6008632.45;307.21
19800;533003.9;6008632.11;307.28
23159;533008.58;6008633.77;307.25
20990;533008.35;6008635.66;307.53
14447;533011.07;6008637.11;307.62
21577;533012.37;6008637.03;307.59
18709;533014.74;6008639.29;307.46
9234;533019.23;6008634.43;307.32
9897;533020.01;6008639.13;308.18
14406;533021.68;6008640.83;307.84
16985;533023.16;6008644.89;308.18
7457;533025.14;6008645.79;308.43
23711;533022.67;6008648.91;308.13
18770;533019.94;6008648.42;308.66
12639;533018.21;6008649.46;308.33
24078;533018.8;6008650.73;308.26
9967;533021.83;6008651.13;308.77
23650;533023.42;6008651.99;308.39
6270;533025.65;6008651.94;308.34
14119;533026.11;6008653.63;308.57
11588;533027.76;6008653.95;308.39
21515;532981.33;6008637.23;305.41
16124;532982.45;6008634.85;307.93
17688;532941.45;6008594.84;300.83
130;532942.97;6008598.57;303.1
17764;532937.79;6008599.13;301.67
5582;532930.66;6008592.75;304.27
4994;532931.4;6008595.55;304.37
11546;532935.3;6008593.62;303.9
7486;532940.97;6008598.57;302.96
11554;532937.89;6008598.88;302.88
11895;533136.37;6008644.99;343.09
13840;533136.36;6008644.96;340.16
17050;533134.79;6008647.07;338.27
7031;533132.18;6008650.12;338.35
14299;533130.15;6008650.56;338.16
23277;533127.46;6008652.83;337.89
7183;533127.38;6008655.43;337.74
10262;533122.81;6008659.04;338.23
8018;533116.57;6008657.27;338.37
5261;533113.46;6008655.28;338.09
13607;533107.2;6008659.04;338.07
18165;533102.58;6008659.75;338.04
3223;533099.48;6008662.12;338.09
19978;533096.87;6008662.55;338.12
2978;533096.53;6008664.67;337.8
2315;533095.07;6008660.56;337.96
12682;533095.0;6008664.62;337.96
16447;533093.7;6008665.85;337.89
7981;533091.69;6008664.97;337.91
23742;533090.93;6008666.58;337.95
14079;533089.34;6008667.48;337.98
19127;533089.29;6008668.48;338.05
14510;533090.16;6008669.95;338.08
22893;533089.57;6008672.47;338.21
9033;533089.5;6008674.42;338.23
6759;533091.05;6008676.25;338.05
2068;533090.75;6008677.2;337.99
10271;533086.82;6008677.56;338.07
19147;533086.62;6008678.59;338.14
11852;533085.9;6008679.43;338.16
19475;533086.3;6008681.39;338.22
18416;533084.07;6008682.64;338.21
10938;533082.78;6008684.71;338.11
16061;533082.48;6008685.75;338.09
1708;533083.31;6008687.74;338.07
18426;533083.05;6008688.91;338.11
24186;533081.63;6008692.18;337.91
5908;533081.75;6008693.84;338.23
1205;533082.88;6008694.14;338.22
9531;533084.0;6008694.46;338.22
20711;533084.82;6008695.19;338.23
2160;533086.62;6008695.05;337.97
21995;533090.5;6008697.03;336.77
20603;533090.49;6008697.0;338.15
3493;533091.62;6008695.57;337.86
15293;533091.79;6008694.22;337.52
9446;533092.78;6008692.45;336.66
1403;533092.77;6008692.42;337.4
9742;533093.43;6008695.78;336.83
5312;533093.94;6008694.75;337.5
17795;533093.88;6008694.49;317.86
3013;533090.64;6008692.72;317.87
15267;533088.75;6008697.8;317.12
15746;533087.77;6008697.85;317.22
7259;533085.81;6008696.46;317.35
16813;533084.26;6008696.48;317.33
7542;533082.71;6008697.12;317.28
8028;533077.02;6008695.93;317.2
1960;533076.02;6008693.87;316.77
8795;533070.07;6008695.48;316.8
3909;533068.12;6008695.41;316.77
4482;533066.89;6008694.54;316.65
22932;533064.54;6008696.08;316.96
13108;533061.25;6008695.7;316.8
4819;533058.27;6008693.87;316.75
22445;533056.44;6008693.52;316.79
23378;533055.43;6008690.88;316.75
7590;533053.12;6008689.47;316.67
14917;533053.98;6008687.78;316.64
6353;533050.74;6008686.69;316.89
1643;533051.03;6008685.83;316.28
18095;533050.56;6008683.49;315.75
2292;533051.17;6008681.95;316.45
9469;533050.29;6008678.91;315.45
1511;533049.98;6008677.33;315.46
9581;533051.3;6008676.56;315.39
1228;533048.62;6008675.45;315.29
9074;533048.63;6008673.98;315.28
12545;533047.02;6008672.69;315.39
15379;533045.29;6008672.76;315.34
15325;533045.96;6008671.09;317.0
13731;533040.91;6008669.18;315.78
10633;533038.63;6008668.87;315.35
23705;533037.78;6008665.77;315.3
186;533036.84;6008663.98;315.1
6673;533034.06;6008660.87;314.76
2545;533034.23;6008659.23;314.91
3844;533032.66;6008658.93;314.8
19782;533031.54;6008658.15;314.68
14651;533031.7;6008658.05;308.08
21395;533037.69;6008573.21;319.53
7725;533043.56;6008570.77;319.9
9688;533053.47;6008573.88;320.53
18661;533054.53;6008572.59;320.97
6906;533052.63;6008567.08;318.31
1035;533057.8;6008572.12;321.02
12275;533049.77;6008572.67;320.19
1079;533052.41;6008567.92;318.99
6898;533050.25;6008569.66;317.3
6718;533047.87;6008569.03;316.81
19190;533043.15;6008567.93;315.22
14486;533040.38;6008569.77;314.44
8103;533046.76;6008565.29;315.26
23422;533041.5;6008572.14;313.52
9058;533040.26;6008573.51;313.35
15219;533040.46;6008575.37;313.82
280;533038.69;6008575.68;313.66
796;533037.0;6008576.68;313.12
4781;533035.91;6008577.97;313.44
9101;533027.92;6008577.98;316.34
15098;533027.14;6008579.89;316.09
23906;533027.14;6008579.72;318.53
20386;533025.44;6008581.99;318.34
61;533023.97;6008581.41;316.57
6790;533023.83;6008584.27;315.7
4684;533018.95;6008585.33;316.22
8505;533016.84;6008583.81;315.33
2505;533018.52;6008586.39;317.7
7030;533012.86;6008586.21;315.33
382;533005.39;6008586.24;313.32
2175;532996.84;6008581.54;311.25
19422;532991.33;6008583.35;310.54
19599;532990.39;6008584.86;311.15
5836;532988.72;6008585.58;311.37
871;532987.57;6008587.34;311.23
9872;532983.68;6008588.48;311.01
22338;532982.27;6008587.58;311.16
920;532980.38;6008590.19;311.05
13597;532975.85;6008589.0;308.96
22830;532975.38;6008586.99;308.74
11518;532972.33;6008587.16;308.09
19783;532968.74;6008591.48;307.9
6655;532968.74;6008591.48;309.01
5353;532967.48;6008598.08;309.59
1016;532965.07;6008597.07;311.79
15252;532965.09;6008600.96;308.41
19520;532959.81;6008602.69;310.0
3518;532958.45;6008600.43;310.76
4229;532956.05;6008601.62;308.95
8678;532954.06;6008600.01;309.5
21859;532954.18;6008600.91;309.67
2868;532954.18;6008600.91;312.48
8222;532954.55;6008602.98;312.59
7931;532951.53;6008603.9;311.25
9685;532951.86;6008601.5;309.42
874;532949.86;6008599.04;305.78
4622;532946.9;6008599.42;306.41
18968;532946.3;6008589.24;305.75
734;532948.22;6008586.36;306.13
5120;532949.33;6008588.91;306.62
4661;532943.22;6008590.58;302.48
13493;532947.75;6008584.37;307.32
6431;532946.6;6008582.96;307.07
936;532948.99;6008584.58;306.53
14863;532946.05;6008582.46;305.14
14012;532946.24;6008579.48;305.21
1685;532944.28;6008577.39;304.37
16142;532943.76;6008576.13;304.4
4942;532943.07;6008571.9;303.51
17534;532942.17;6008569.66;304.16
3485;532941.85;6008564.15;305.31
2991;532940.76;6008560.81;306.88
16039;532941.37;6008561.15;307.1
4565;532940.02;6008562.64;306.16
9615;532938.03;6008562.77;308.18
9151;532938.03;6008562.77;310.5
1037;532932.11;6008560.97;311.51
21127;532930.02;6008559.03;312.28
8744;532926.86;6008557.63;312.29
20787;532929.61;6008560.45;301.74
11204;532924.71;6008557.1;312.2
15255;532923.39;6008556.03;312.06
4091;532922.05;6008556.44;312.39
4245;532920.85;6008557.87;311.83
20565;532920.85;6008557.87;312.4
11575;532918.58;6008557.59;311.62
5636;532916.68;6008558.24;310.52
17291;532913.5;6008558.68;307.95
15113;532913.44;6008562.34;305.3
13037;532913.45;6008562.29;306.81
4715;532913.41;6008562.36;306.86
8698;532951.44;6008586.71;306.73
4549;532953.44;6008589.77;305.95
16838;532953.44;6008589.77;307.45
15481;532955.89;6008588.52;307.94
6800;532957.84;6008583.38;307.94
15521;532962.26;6008583.76;308.4
15878;532965.78;6008583.13;308.72
9484;532960.25;6008583.45;307.13
18614;532962.47;6008582.43;307.61
18571;532970.58;6008581.45;308.89
7572;532971.78;6008579.58;309.21
16881;532976.03;6008580.86;309.44
23842;532976.03;6008580.86;310.82
12616;532976.73;6008579.48;311.29
18363;532979.97;6008579.59;311.01
18047;532976.28;6008579.01;313.25
13004;532987.58;6008578.21;311.15
20855;532987.58;6008578.21;312.62
14790;532988.7;6008575.11;312.85
20376;532990.1;6008572.44;313.54
21851;532992.23;6008573.92;313.82
19575;532993.97;6008573.23;314.32
19156;532996.01;6008574.76;314.27
22333;532998.33;6008573.3;312.35
23822;533002.77;6008573.52;313.3
3696;533000.66;6008567.77;313.41
22894;532942.22;6008583.54;301.32
16156;532889.25;6008509.41;279.86
7140;532891.04;6008506.16;279.31
16239;532889.66;6008508.75;279.64
16551;532889.25;6008509.41;283.61
9370;532891.18;6008501.68;278.31
16382;532892.44;6008499.29;277.76
12292;532892.11;6008497.62;277.09
8365;532892.11;6008497.62;274.24
18438;532891.74;6008494.19;274.27
5342;532896.23;6008495.13;274.79
3213;532890.48;6008493.41;274.07
8891;532897.93;6008495.52;274.75
1617;532900.48;6008497.71;274.89
19586;532903.76;6008495.4;275.21
10018;532904.97;6008495.21;275.0
6910;532906.27;6008493.49;275.9
21052;532908.19;6008496.15;275.81
23290;532903.91;6008490.37;276.13
8346;532909.5;6008494.27;275.55
9359;532911.38;6008493.26;276.26
11649;532911.38;6008493.26;276.36
10849;532912.08;6008493.81;276.48
8304;532911.53;6008494.05;276.34
13364;532909.93;6008494.04;275.8
2335;532936.46;6008589.61;296.92
11405;532936.63;6008585.48;297.76
399;532930.52;6008582.27;296.59
9601;532926.39;6008572.25;294.15
18040;532926.38;6008572.27;292.95
6183;532922.69;6008570.84;292.28
9267;532917.76;6008568.96;291.38
17572;532912.11;6008572.56;291.42
11210;532906.76;6008572.19;290.51
19795;532906.74;6008572.21;289.98
6113;532904.51;6008566.39;289.35
14935;532898.53;6008563.74;288.48
17439;532899.16;6008561.31;288.44
8484;532901.19;6008559.05;290.32
17285;532901.74;6008556.33;291.25
18923;532901.66;6008553.6;293.14
15338;532886.01;6008524.31;287.76
7089;532888.13;6008525.65;284.61
5071;532883.62;6008523.01;287.46
9019;532885.04;6008527.23;287.43
11152;532884.12;6008520.34;287.83
13989;532884.23;6008516.51;287.75
23208;532884.85;6008512.91;287.9
16519;532884.85;6008512.91;286.49
22064;532887.71;6008514.44;286.37
16032;532887.79;6008511.87;286.18
17540;532889.02;6008512.24;286.7
22765;532888.78;6008509.02;283.2
10575;532889.36;6008508.98;286.67
16490;532889.66;6008508.75;283.24
4597;533103.01;6008594.91;325.01
21640;533103.27;6008592.99;325.02
20211;533102.88;6008594.86;322.29
21971;533101.51;6008597.34;325.16
12238;533103.49;6008591.86;325.26
3950;533106.75;6008592.23;325.64
20929;533107.91;6008588.23;326.84
21815;533107.94;6008589.59;324.35
8272;533106.88;6008594.96;323.79
7459;533109.84;6008587.68;324.21
16839;533098.76;6008599.32;321.44
13076;533097.69;6008598.24;321.87
20078;533009.99;6008625.77;312.62
11709;533014.66;6008629.58;310.98
1354;533001.18;6008625.07;311.24
15211;533008.7;6008625.36;313.46
11637;533014.2;6008632.72;311.33
9248;533020.44;6008635.9;311.81
12520;533020.23;6008638.78;312.03
10906;533022.78;6008640.53;312.31
3681;533023.7;6008648.14;312.84
4822;533020.02;6008651.04;312.64
9563;533027.85;6008654.01;312.09
12428;532998.92;6008625.36;311.24
24121;532996.3;6008625.63;310.91
12928;532999.81;6008629.11;314.26
5764;533021.79;6008619.53;315.35
22647;533021.16;6008620.63;315.05
955;533020.34;6008620.82;314.82
22842;533020.31;6008623.13;314.59
8027;533017.7;6008621.32;314.79
1297;533014.95;6008623.41;313.96
18348;533014.05;6008622.22;313.89
14384;533011.0;6008623.22;314.37
19786;533011.13;6008625.65;314.82
11715;533020.37;6008613.72;315.67
17171;533019.85;6008615.61;316.19
16507;533031.48;6008615.36;318.91
3427;533032.93;6008615.33;315.75
216;533034.26;6008615.14;314.98
4106;533036.38;6008616.12;313.61
5129;533037.31;6008614.27;312.44
14201;533038.79;6008614.66;313.95
7010;533040.62;6008614.21;314.72
1433;533041.34;6008615.92;315.1
17205;533043.13;6008615.46;315.34
5773;533044.54;6008617.99;315.83
259;533045.43;6008617.94;315.55
18763;533044.75;6008616.17;315.2
15029;533046.42;6008616.07;316.04
9191;533048.45;6008617.64;315.47
1670;533048.4;6008615.36;315.49
4468;533049.43;6008615.51;316.01
11725;533050.79;6008616.7;316.68
7230;533053.35;6008616.6;317.06
21681;533054.79;6008618.09;316.57
18187;533055.5;6008618.26;316.28
23601;532822.58;6008481.98;284.44
20041;532826.61;6008477.9;290.58
14420;532826.92;6008484.43;283.05
22135;532822.37;6008478.49;284.39
17020;532826.96;6008480.01;285.07
13951;532826.61;6008477.9;291.13
4471;532827.78;6008477.86;291.58
261;532827.33;6008470.58;292.19
13815;532908.88;6008566.0;305.46
12843;532913.62;6008558.85;305.72
20817;532907.37;6008565.72;304.05
23963;532850.63;6008484.16;270.37
14352;532847.54;6008479.43;270.67
3975;532858.01;6008483.03;269.88
14152;532855.15;6008487.78;271.37
4621;532850.63;6008484.16;271.37
1122;532841.75;6008475.69;270.67
17278;532831.51;6008471.18;270.27
18309;532823.5;6008473.5;270.13
18070;532808.95;6008472.79;270.38
298;532804.44;6008474.63;270.13
9140;532801.09;6008477.9;270.45
19444;532785.03;6008491.17;269.9
7804;532806.63;6008474.27;272.4
10448;532864.8;6008483.2;270.39
21083;532864.79;6008483.2;271.24
4052;532867.52;6008480.74;273.25
22549;532857.32;6008526.96;291.47
17709;532856.98;6008526.31;291.15
12948;532854.97;6008526.02;291.06
13035;532854.84;6008528.52;293.49
7901;532872.33;6008530.48;295.16
12935;532880.16;6008534.7;296.7
13372;532882.11;6008532.38;293.97
2829;532884.14;6008542.79;307.63
5153;532884.34;6008539.15;294.68
1634;532882.36;6008533.2;292.0
6900;532888.64;6008542.26;299.07
15152;532883.65;6008542.8;306.95
8250;532893.07;6008543.8;300.29
13378;532846.65;6008522.35;291.18
17113;532845.11;6008517.05;291.24
15958;532843.2;6008514.91;291.03
12907;532841.42;6008514.92;291.05
308;532837.88;6008516.52;291.1
21511;532835.66;6008515.61;291.13
6065;532835.04;6008512.16;291.11
13837;532830.8;6008511.05;291.09
18727;532829.15;6008508.08;291.01
253;532829.13;6008506.12;291.0
7955;532827.17;6008503.51;291.04
1355;532826.72;6008500.97;291.2
10379;532827.11;6008497.54;290.88
16211;532824.82;6008495.07;290.63
21484;532823.79;6008491.52;290.55
10935;532826.22;6008487.33;289.24
2871;532825.41;6008487.83;287.55
4005;532819.23;6008480.62;289.32
3888;532829.79;6008485.73;289.61
3652;532826.93;6008484.46;287.78
20063;532880.29;6008533.13;295.27
1186;532883.04;6008533.07;292.86
12376;532883.06;6008533.07;291.22
13270;532883.82;6008530.94;290.45
10974;532883.85;6008530.93;286.25
15876;532885.48;6008530.03;286.61
9809;532883.6;6008530.92;287.73
12495;532934.88;6008567.74;300.61
18101;532928.87;6008566.47;300.84
22498;532934.75;6008570.76;302.12
9667;532933.69;6008568.56;299.78
18930;532926.57;6008564.39;299.72
11784;532926.61;6008564.36;305.38
15287;532922.34;6008562.73;306.72
7027;532917.48;6008564.98;306.93
862;532914.39;6008566.84;306.94
23541;532911.79;6008564.24;306.24
2816;532930.41;6008573.65;300.78
17028;532931.87;6008577.08;300.9
15604;532929.4;6008571.53;300.3
3373;532930.57;6008581.79;300.88
13431;532701.32;6008483.51;268.04
505;532695.59;6008486.83;267.43
12409;532713.21;6008496.83;268.49
20316;532679.05;6008481.22;266.99
8306;532672.76;6008477.95;267.97
757;532671.34;6008467.15;268.58
17921;532646.6;6008453.19;267.49
4029;532640.5;6008450.8;266.54
8983;532640.25;6008446.57;265.86
15868;532629.3;6008442.47;266.0
10693;532617.69;6008442.2;266.05
22149;532607.7;6008430.48;266.49
8161;532607.99;6008425.3;266.43
9420;532734.35;6008508.18;268.94
9910;532747.34;6008494.65;269.25
11458;532751.22;6008492.53;269.26
18573;532754.64;6008487.77;269.28
12526;532770.62;6008485.72;269.39
9236;532826.09;6008468.37;276.59
10138;532827.15;6008474.42;274.15
6022;532826.1;6008468.39;279.42
4061;532827.11;6008476.51;273.44
1730;532814.61;6008474.8;272.17
18449;532811.98;6008473.29;272.08
6612;532704.87;6008487.98;267.36
16095;532699.88;6008492.67;270.71
11647;532703.64;6008489.76;269.99
5620;532694.57;6008492.32;271.36
17095;532703.66;6008489.76;268.43
14058;532712.62;6008495.67;267.17
1656;532825.76;6008471.4;281.21
2345;532825.76;6008471.42;282.35
8864;532615.36;6008472.17;279.01
17838;532615.48;6008461.74;278.9
17057;532611.35;6008469.12;275.95
19016;532618.95;6008472.32;279.32
10918;532613.19;6008458.33;277.03
15678;532613.19;6008458.3;275.26
15342;532609.48;6008452.62;275.36
6387;532608.18;6008448.3;274.43
18686;532598.8;6008440.76;277.05
5859;532593.41;6008437.77;276.54
11644;532597.25;6008435.58;275.56
6727;532588.68;6008439.89;278.03
3894;532597.26;6008435.56;273.28
1265;532671.16;6008480.76;282.8
22906;532654.97;6008482.34;282.06
2136;532673.3;6008475.36;285.47
327;532674.14;6008481.66;283.91
3663;532636.77;6008489.33;281.2
16614;532618.59;6008482.28;279.67
1209;532609.09;6008485.1;278.14
6510;532603.36;6008480.39;279.34
728;532603.08;6008484.32;273.73
23556;532606.95;6008473.09;277.07
13587;532673.06;6008470.97;285.48
1682;532675.25;6008464.07;284.62
10162;532667.72;6008464.66;282.31
19727;532659.17;6008460.9;282.33
10813;532655.47;6008456.75;282.05
19291;532642.11;6008457.21;281.14
9015;532640.6;6008457.77;280.39
6305;532636.75;6008459.89;282.01
4228;532640.6;6008457.77;273.57
9488;532640.6;6008457.77;278.57
12905;532630.1;6008468.33;281.65
12346;532624.49;6008468.18;281.85
11727;532717.8;6008474.42;287.78
16258;532690.0;6008487.5;286.68
8894;532736.99;6008471.95;289.13
13914;532739.57;6008470.97;290.69
20590;532743.05;6008461.69;290.56
11997;532739.57;6008470.97;288.77
3331;532742.81;6008458.69;290.52
11808;532746.17;6008453.22;290.65
22476;532751.09;6008450.21;292.66
20195;532751.09;6008450.21;296.09
4893;532756.28;6008460.6;295.53
14615;532756.31;6008448.46;298.0
15505;532757.53;6008452.74;298.49
7682;532746.9;6008440.58;300.81
23937;532758.26;6008443.4;301.61
13891;532767.31;6008465.64;295.36
4787;532776.84;6008464.39;295.9
23598;532780.28;6008462.53;296.12
9862;532782.66;6008458.78;295.27
19667;532788.92;6008460.76;292.78
22533;532787.58;6008455.14;295.19
4431;532793.09;6008462.32;291.94
14462;532822.47;6008468.96;292.08
13578;532740.06;6008477.0;290.38
15366;531418.49;6007999.28;185.09
22649;531420.56;6008016.15;185.09
18857;531417.32;6007996.52;185.09
392;531418.82;6008036.07;184.59
10352;531410.05;6008064.75;185.58
2485;531411.1;6008084.72;186.08
23916;531411.79;6008089.65;185.58
8660;531413.88;6008104.46;186.68
5744;531412.14;6008124.38;186.58
24250;531406.96;6008143.68;185.57
12852;531401.35;6008157.59;185.47
20608;531403.86;6008163.53;184.67
9150;531407.21;6008165.23;186.07
18212;531408.38;6008167.99;190.07
14921;531412.74;6008170.22;191.07
16740;531418.26;6008183.22;196.07
15362;531421.67;6008186.29;198.07
6268;531423.62;6008194.73;203.06
7829;531429.71;6008201.26;207.56
20642;531432.84;6008208.61;207.06
6089;531433.81;6008215.54;207.06
21162;531441.2;6008222.19;206.06
7464;531445.9;6008231.01;205.56
10511;531450.53;6008245.28;205.56
6478;531459.92;6008262.93;205.06
2376;531465.37;6008271.31;205.06
19011;531469.36;6008274.31;205.06
14243;531477.35;6008274.6;205.06
8174;531483.59;6008277.77;204.86
4766;531484.33;6008278.37;204.56
13737;531485.45;6008283.21;205.06
725;531933.89;6007613.75;320.16
12606;531933.16;6007612.63;319.35
1441;531938.6;6007611.53;301.19
15440;531938.57;6007611.57;303.78
6193;531940.98;6007611.98;304.03
16598;531940.92;6007612.04;311.52
14929;531944.37;6007615.23;311.43
4406;531945.22;6007616.04;311.49
11628;531944.56;6007614.79;309.15
8414;531947.57;6007616.17;313.57
4593;531947.54;6007616.22;317.69
4971;531945.86;6007614.71;320.19
9385;531946.07;6007615.08;321.19
2487;531756.47;6007739.28;257.13
2163;531759.44;6007724.52;257.06
11959;531756.2;6007739.7;257.13
10708;531756.07;6007756.07;256.06
22401;531773.86;6007716.44;256.81
20675;531773.87;6007716.45;257.74
6999;531774.68;6007714.2;257.08
9285;531782.88;6007710.1;257.5
7122;531785.67;6007703.38;256.9
1086;531787.18;6007688.54;256.31
13038;531787.19;6007688.55;257.05
14430;531789.55;6007684.36;257.05
8466;531795.26;6007677.46;257.08
2812;531799.06;6007677.93;257.17
11915;531810.71;6007672.52;258.49
7324;531814.11;6007666.51;259.62
22416;531811.32;6007673.3;259.26
6943;531814.11;6007666.51;259.15
129;531814.13;6007666.51;258.81
19456;531761.26;6007744.98;270.13
11338;531766.44;6007748.48;270.14
5956;531761.27;6007744.98;268.31
24039;531761.34;6007743.83;269.42
5179;531759.79;6007755.64;271.32
6111;531768.45;6007748.09;270.12
24101;531759.79;6007755.64;268.26
4481;531753.66;6007760.13;271.12
6772;531759.34;6007756.03;268.32
278;531753.7;6007751.38;268.08
5321;531753.69;6007751.38;267.45
22341;531756.2;6007739.7;263.78
15495;531756.2;6007739.7;256.83
3831;531756.2;6007739.7;262.93
19136;531749.09;6007788.39;256.84
11845;531750.47;6007787.55;257.95
21182;531754.19;6007790.21;259.75
4271;531753.3;6007788.09;258.51
18662;531760.31;6007774.97;257.53
10623;531756.92;6007806.25;262.46
5026;531757.43;6007765.36;257.01
22792;531752.86;6007763.78;253.88
2952;531752.19;6007809.52;262.27
12438;531752.18;6007809.51;263.02
17643;531749.22;6007813.75;262.71
1072;531749.12;6007814.35;263.27
12355;531748.65;6007816.2;262.9
22862;531751.87;6007816.38;263.02
14677;531748.65;6007816.2;262.35
941;531748.65;6007816.2;258.8
10998;531756.24;6007819.22;262.89
19496;531754.91;6007822.36;263.49
18873;531750.72;6007828.8;265.32
13239;531753.94;6007830.71;265.39
17609;531752.5;6007834.48;266.82
10274;531755.35;6007836.01;268.66
18369;531755.34;6007836.0;272.72
1897;531755.06;6007836.54;272.74
10273;531757.44;6007765.36;256.45
18242;531753.24;6007770.69;251.93
21697;531754.03;6007768.81;252.04
6282;531634.15;6007647.23;242.53
15516;531632.18;6007638.88;242.87
304;531626.72;6007643.96;244.23
16164;531631.7;6007650.18;243.07
2443;531639.01;6007649.27;243.08
12614;531635.43;6007629.74;242.75
15549;531626.05;6007634.51;244.85
19915;531627.83;6007612.02;242.75
8942;531632.22;6007657.25;244.58
5822;531626.94;6007655.89;242.81
7994;531634.27;6007666.74;245.77
15849;531638.92;6007669.75;245.58
9912;531640.43;6007676.19;245.58
20000;531643.74;6007680.71;245.68
21144;531645.73;6007687.18;245.32
9599;531652.78;6007694.68;246.4
23886;531654.8;6007700.47;245.21
23860;531654.8;6007700.47;246.68
4831;531657.94;6007703.59;247.3
16722;531657.94;6007703.59;245.55
3005;531658.02;6007705.75;244.77
3447;531656.31;6007709.74;244.77
2168;531655.1;6007714.0;245.55
23879;531655.46;6007718.85;245.89
16274;531655.46;6007718.85;244.74
4202;531652.47;6007720.12;244.61
830;531656.01;6007721.08;244.07
8905;531659.97;6007720.52;244.21
10683;531668.41;6007726.6;244.58
21130;531687.0;6007734.41;245.63
23489;531688.02;6007743.86;245.3
12815;531701.18;6007748.6;246.04
11513;531722.34;6007757.5;247.24
4379;531728.33;6007764.58;247.89
13855;531733.99;6007776.61;250.23
23867;531738.91;6007778.58;250.23
15961;531728.68;6007783.23;250.83
10828;531952.88;6007851.98;264.56
14425;531953.02;6007850.26;265.46
7165;531954.25;6007844.84;262.82
5792;531949.3;6007845.2;262.9
21828;531938.87;6007848.37;262.89
6669;531931.15;6007846.51;262.59
948;531926.77;6007850.6;261.5
15895;531926.8;6007850.57;260.3
20892;531923.05;6007849.28;259.66
11645;531921.21;6007851.12;259.8
4084;531927.93;6007851.22;261.22
12959;531998.66;6007849.59;258.87
15077;532001.85;6007849.19;259.74
303;532008.92;6007851.89;259.57
1389;532011.76;6007853.25;259.91
6427;532017.34;6007856.44;259.94
9786;532017.34;6007856.45;260.66
16571;532022.15;6007857.91;260.59
2695;532033.6;6007852.61;262.11
23452;532035.64;6007855.9;263.19
6712;532036.9;6007854.61;262.43
17111;532034.82;6007853.71;262.9
6333;531923.6;6007819.67;261.32
4713;531930.73;6007826.79;262.06
21009;531923.6;6007819.71;261.07
7356;531912.26;6007823.21;260.7
19741;531945.45;6007833.49;262.39
17433;531952.19;6007833.45;263.01
14734;531956.08;6007841.29;263.28
20911;531952.68;6007852.56;264.57
7820;531952.68;6007852.51;262.76
7298;531922.17;6007812.16;260.62
10054;531923.17;6007809.5;260.72
7573;531922.09;6007807.49;260.75
7071;531923.8;6007805.29;260.6
11590;531929.38;6007803.89;260.51
17329;531930.17;6007799.62;260.48
12934;531934.46;6007803.44;260.51
8621;531926.67;6007795.25;260.25
22159;531918.61;6007791.07;259.09
10440;531910.68;6007780.78;258.66
14778;531909.73;6007779.62;258.81
3924;531903.68;6007773.29;257.92
13901;531900.3;6007771.88;258.05
9283;531897.69;6007767.17;258.11
2853;531893.22;6007766.06;257.43
1534;531889.95;6007764.08;257.13
9961;531887.67;6007766.96;256.53
8776;531886.96;6007770.3;256.06
8628;531884.14;6007769.35;256.01
10380;531881.26;6007769.93;255.26
16820;531872.85;6007762.9;254.08
1317;531867.14;6007760.56;254.15
23484;531866.06;6007758.22;254.18
24165;531866.05;6007758.26;255.44
20970;531862.34;6007757.43;254.95
19478;531862.33;6007757.47;254.01
17502;531860.3;6007755.59;253.54
18442;531856.61;6007751.38;253.61
18335;531849.06;6007749.62;253.57
630;531844.17;6007746.07;255.17
13959;531837.75;6007736.66;254.56
15891;531829.36;6007730.47;254.18
21172;531824.18;6007723.24;257.3
21672;531818.88;6007724.51;257.5
5020;531814.75;6007714.21;258.91
9996;531809.86;6007711.34;258.37
23751;531807.24;6007708.91;258.15
9291;531811.01;6007703.43;258.59
3486;531811.0;6007703.47;258.16
7905;531812.92;6007699.02;258.21
15253;531814.37;6007695.16;258.73
10937;531916.82;6007818.37;255.63
9084;531912.77;6007817.6;255.42
12873;531916.82;6007818.36;255.13
5960;531926.79;6007815.39;256.51
20979;531908.1;6007817.94;259.01
12788;531910.0;6007821.63;260.28
8173;531911.03;6007819.83;259.1
9170;531903.63;6007821.46;260.7
10396;531909.15;6007819.2;259.45
5268;531910.0;6007821.63;259.88
4136;531904.93;6007819.07;258.65
22734;531915.75;6007822.81;254.72
23840;531917.91;6007822.97;254.79
4250;531919.58;6007825.59;254.78
2663;531919.19;6007826.34;255.11
12101;531921.2;6007827.52;254.94
23005;531923.46;6007829.89;255.05
5274;531926.29;6007828.48;255.26
20944;531927.55;6007828.34;255.81
700;531927.55;6007828.32;255.59
1551;531932.04;6007826.6;255.91
4272;531923.23;6007832.52;255.33
7654;531932.84;6007824.88;255.96
20962;531932.33;6007823.22;256.09
5795;531934.84;6007822.23;256.13
23563;531932.52;6007814.71;256.78
5418;531931.75;6007810.41;256.51
22245;532038.08;6007861.95;262.82
653;532039.42;6007858.54;262.32
19861;531992.04;6007878.58;256.48
23049;531994.31;6007876.07;257.2
19452;531993.05;6007876.04;257.22
3039;531992.06;6007878.58;256.16
19543;531993.29;6007879.19;256.48
10381;531994.38;6007868.02;257.67
21507;531997.01;6007877.47;257.79
2424;531994.55;6007862.77;257.76
742;531992.0;6007859.3;257.98
11207;531990.12;6007866.4;260.66
9795;531993.92;6007876.58;257.26
23846;531994.5;6007869.8;257.98
19875;531993.95;6007866.29;258.25
6595;531994.5;6007869.8;260.45
7163;531994.68;6007863.85;258.31
5610;531992.33;6007858.27;258.64
9686;532120.87;6007884.57;268.31
15127;532138.05;6007877.67;269.29
15696;532112.5;6007884.1;267.87
421;532119.58;6007875.19;268.27
15108;532138.06;6007877.67;262.49
1217;532142.74;6007881.05;268.83
9264;532141.21;6007872.65;262.25
21061;532142.57;6007869.96;261.37
13833;532142.61;6007869.97;244.41
7123;532139.9;6007872.92;243.31
10605;532139.14;6007873.75;239.22
2636;532135.59;6007877.22;239.02
19334;532131.19;6007874.04;238.61
17924;532139.71;6007877.64;238.48
17379;532128.86;6007873.1;238.33
6363;532130.11;6007868.44;238.06
8694;532132.6;6007866.7;237.77
16788;532130.63;6007863.56;237.49
22667;532127.8;6007863.37;237.73
9927;532124.03;6007865.23;237.34
21959;532122.08;6007861.73;236.96
23348;532119.1;6007860.82;237.11
2152;532117.37;6007854.79;236.64
16983;532111.35;6007851.74;236.61
14282;532109.6;6007847.17;235.62
4155;532107.27;6007846.14;235.83
14595;532108.07;6007841.56;235.56
10011;532104.99;6007841.73;235.36
2577;532103.85;6007838.43;235.15
17559;532100.81;6007836.3;234.87
17705;532098.92;6007834.06;235.06
6695;532096.5;6007828.08;235.03
18313;532094.89;6007824.91;235.2
16344;532091.47;6007822.7;235.18
1652;532085.63;6007818.16;234.23
4251;532084.98;6007813.79;233.9
7096;532080.0;6007812.28;233.92
23430;532076.02;6007811.66;234.25
8061;532072.51;6007803.84;233.57
15124;532077.73;6007812.65;234.58
14992;532119.95;6007860.55;240.71
15279;532117.01;6007861.8;240.58
11806;532115.92;6007863.57;240.46
11817;532113.79;6007865.13;240.21
9431;532113.63;6007867.1;240.34
633;532111.61;6007869.46;240.27
20474;532113.1;6007866.58;240.15
22532;532110.44;6007872.58;239.96
10458;532110.39;6007876.77;239.94
8821;532108.38;6007878.6;240.07
544;532104.5;6007879.59;239.9
23125;532102.52;6007882.68;239.95
14816;532099.49;6007886.34;239.42
11950;532099.95;6007889.89;239.65
20091;532098.11;6007891.1;239.79
3156;532094.66;6007889.98;239.2
7944;532094.25;6007892.68;239.23
2194;532091.73;6007896.2;239.28
2925;532093.43;6007898.42;239.76
6496;532096.24;6007899.32;239.69
20629;532096.84;6007902.09;239.77
14098;532093.55;6007903.3;239.26
10540;532091.9;6007908.5;239.61
15323;532088.79;6007909.59;239.36
12858;532089.17;6007913.07;239.28
8292;532091.69;6007915.48;239.2
3220;532089.45;6007917.31;238.98
551;532090.23;6007919.1;239.01
8613;532086.08;6007923.31;239.08
3224;532085.23;6007923.18;238.14
1142;532083.27;6007926.03;238.98
21358;532082.81;6007923.31;237.96
4442;532080.94;6007924.9;237.86
17761;532079.78;6007925.97;237.83
13666;532079.01;6007926.6;237.68
13878;532077.91;6007928.7;237.63
23819;532076.4;6007928.82;237.54
23909;532075.63;6007929.21;237.57
901;532072.81;6007929.93;237.25
19919;532070.83;6007929.8;237.48
8885;532069.5;6007931.61;237.31
18793;532065.16;6007931.69;237.06
8754;532062.92;6007931.54;236.97
16533;532061.2;6007933.55;236.77
5254;532059.41;6007933.18;236.7
1071;532058.98;6007936.47;236.51
2608;532056.26;6007936.29;236.45
4817;532054.82;6007935.13;236.37
23615;532054.05;6007935.76;236.25
7484;532052.49;6007937.04;236.02
9853;532052.42;6007938.65;235.82
11573;532052.06;6007940.77;235.65
5641;532050.08;6007941.27;235.32
19401;532049.32;6007943.81;235.21
10303;532047.9;6007944.7;235.12
14540;532047.26;6007945.73;235.01
2232;532045.4;6007947.2;234.83
20365;532040.88;6007947.21;234.64
7717;532036.6;6007943.75;234.71
4623;532037.17;6007940.8;234.76
22575;532041.98;6007947.58;234.78
16928;532036.07;6007938.08;234.71
23410;532034.14;6007936.46;234.57
11595;532034.08;6007933.53;234.58
3416;532031.3;6007931.87;234.53
12453;532031.71;6007928.54;234.52
24256;532029.64;6007925.47;234.46
15622;532029.27;6007922.83;234.34
14872;532022.82;6007921.83;233.98
16045;532021.74;6007920.34;233.93
19710;532023.61;6007918.34;234.05
615;532021.97;6007913.59;233.98
11219;532019.34;6007912.94;233.85
1114;532016.64;6007913.2;233.73
18493;532014.03;6007910.5;233.56
9580;532008.8;6007912.64;233.42
17730;532007.94;6007909.65;233.34
1955;532006.18;6007906.04;233.32
16665;532003.55;6007905.77;232.61
16135;532001.17;6007907.95;233.11
565;531999.21;6007911.53;233.16
23949;531995.59;6007911.49;233.03
10968;531992.69;6007912.68;232.88
11493;531984.04;6007910.86;232.03
10675;531982.16;6007907.63;232.08
11139;531978.81;6007906.99;231.79
13768;531976.11;6007905.79;231.68
11910;531971.98;6007900.52;231.17
23832;531970.85;6007897.86;231.18
21832;531968.12;6007896.6;231.1
8479;531964.24;6007890.62;231.05
14650;531962.86;6007889.66;231.15
11836;531960.84;6007888.72;231.11
12096;531957.06;6007888.0;230.93
7791;531955.55;6007887.66;230.72
22796;531954.27;6007887.14;230.7
23085;531953.85;6007889.39;230.13
24145;531952.21;6007890.13;230.7
144;531950.28;6007890.77;230.5
17148;531948.47;6007892.0;230.27
3089;531944.57;6007892.63;229.89
6972;531941.97;6007889.67;229.7
14724;531940.24;6007888.62;229.4
534;531938.84;6007886.11;229.24
18922;531937.23;6007884.99;229.17
787;531936.5;6007885.55;228.87
6856;531935.62;6007884.89;229.19
24251;531934.63;6007886.17;229.26
12227;531932.96;6007886.9;229.18
5964;531931.53;6007889.21;229.19
4461;531930.16;6007890.38;228.54
5890;531929.71;6007888.78;228.98
19352;531928.55;6007888.83;228.92
22430;531926.08;6007888.88;228.65
6721;531925.53;6007888.76;228.34
23961;531925.77;6007889.71;228.1
22352;531923.69;6007890.64;228.01
16739;531920.81;6007892.98;227.99
964;531919.29;6007890.11;227.9
17594;531917.2;6007891.08;227.82
20687;531916.18;6007890.55;227.49
1487;531913.18;6007895.58;227.33
22565;531912.84;6007898.42;227.06
4564;531913.13;6007900.44;227.08
16406;531913.37;6007903.2;226.73
17812;531911.63;6007905.89;226.84
2326;531908.38;6007908.94;226.41
14387;531907.6;6007910.96;226.41
16115;531906.68;6007910.96;226.52
8259;531903.85;6007911.11;225.93
1990;531900.96;6007911.52;225.77
7463;531897.71;6007909.7;225.52
18487;531894.25;6007908.9;225.49
10980;531892.47;6007910.01;225.57
11625;531893.26;6007907.31;225.49
720;531892.03;6007905.6;224.97
20851;531889.43;6007905.92;225.22
17626;531887.06;6007903.46;224.89
11423;531884.22;6007906.04;224.71
1726;531882.2;6007908.13;224.75
3149;531876.4;6007908.03;224.36
14360;531875.04;6007907.56;224.32
9803;531871.58;6007909.4;224.1
5565;531867.38;6007908.27;223.85
962;531864.78;6007906.69;223.59
15978;531864.09;6007904.99;223.82
20369;531858.99;6007904.27;223.58
13595;531854.84;6007901.56;223.0
10789;531852.91;6007902.98;222.86
16488;531850.86;6007901.18;222.46
8360;531848.67;6007902.96;222.33
19356;531853.12;6007896.94;222.46
23966;531846.01;6007901.88;222.54
8108;531844.94;6007902.34;222.2
17402;531843.35;6007902.28;222.03
15634;531840.28;6007904.97;222.09
21464;531837.0;6007900.23;221.94
14978;531833.96;6007896.19;221.85
19323;531832.02;6007895.77;221.78
1915;531830.24;6007890.51;221.19
13330;531833.07;6007884.99;221.46
5844;531833.66;6007881.35;221.18
1671;531832.75;6007880.13;221.17
8279;531831.15;6007873.03;220.54
22582;531831.16;6007873.03;219.65
5061;531831.11;6007869.29;219.52
13222;531833.02;6007865.24;220.43
4818;531833.43;6007863.53;221.0
5425;531989.05;6007858.6;255.36
15693;531987.49;6007863.47;254.89
18386;531988.91;6007867.53;254.57
17918;531988.65;6007869.75;255.48
11225;531985.38;6007874.14;255.56
13228;531987.82;6007878.46;255.8
520;531939.56;6007821.66;249.66
17297;531945.2;6007821.42;249.38
5000;531935.71;6007818.88;248.87
9111;531939.67;6007819.36;250.78
21288;531946.05;6007823.42;250.31
5715;531947.87;6007823.69;249.65
13979;531950.91;6007824.14;249.82
11103;531953.05;6007821.79;250.15
18835;531956.14;6007824.99;250.01
17295;531959.57;6007824.72;249.95
858;531968.89;6007835.41;250.66
3862;531959.56;6007824.75;248.83
22836;531920.24;6007820.39;246.13
22357;531920.51;6007820.01;246.13
5751;531918.11;6007818.26;244.86
2759;531922.94;6007819.24;246.82
6186;532013.14;6007866.68;265.81
9024;532010.71;6007871.26;265.61
5657;532020.54;6007870.67;266.28
8014;532016.02;6007867.66;265.91
11525;532011.54;6007867.9;265.62
17245;532020.0;6007872.35;266.23
7582;532005.59;6007870.56;265.88
15756;532024.39;6007872.61;266.58
11730;531900.3;6007849.96;251.39
7152;531903.03;6007848.55;253.73
813;531900.3;6007849.94;252.18
18268;531906.71;6007857.66;252.43
3125;531895.87;6007848.75;251.99
15600;531904.0;6007846.69;254.67
18343;531905.3;6007845.11;255.39
12953;531907.61;6007846.03;255.15
12249;531909.71;6007849.19;255.48
9812;531909.5;6007850.91;255.93
19618;531910.34;6007851.61;256.03
16300;531912.1;6007850.36;256.94
15717;531912.1;6007850.39;258.44
13494;531915.93;6007849.32;259.51
17200;531926.68;6007853.44;259.07
21564;531881.64;6007847.87;224.5
19933;531884.24;6007846.79;225.5
2336;531882.81;6007849.79;225.64
918;531876.0;6007852.14;223.63
511;531888.14;6007845.98;226.25
690;531882.8;6007852.27;226.87
20338;531884.19;6007846.98;246.06
8010;531885.0;6007848.66;246.48
6967;531884.21;6007850.38;248.18
17336;531885.75;6007851.44;248.63
8857;531885.75;6007851.46;248.94
21398;531888.17;6007850.33;249.24
23544;531889.02;6007851.6;249.1
15390;531889.02;6007851.61;248.56
14228;531892.09;6007851.81;250.37
6550;531894.16;6007852.14;250.71
6994;531895.71;6007848.58;251.33
9081;531881.78;6007851.85;226.3
1138;531881.78;6007851.86;229.23
10901;531880.02;6007855.9;228.77
13003;531877.53;6007858.82;227.74
16675;531874.39;6007860.9;229.66
16815;531876.19;6007856.77;230.24
2895;531871.94;6007861.22;230.66
19847;531871.94;6007861.23;229.39
19820;531873.36;6007862.84;226.14
14812;531871.99;6007861.31;248.93
18561;531871.76;6007862.83;249.86
18773;531871.57;6007863.72;249.8
17524;531872.55;6007864.42;250.01
14655;531869.51;6007863.52;249.98
2433;531869.53;6007867.45;250.02
7762;531872.13;6007870.23;250.45
17344;531875.25;6007872.93;250.76
6187;531876.96;6007872.96;250.8
19054;531878.17;6007873.12;250.74
6911;531879.99;6007872.54;250.72
11882;531880.15;6007874.63;251.07
15472;531882.52;6007874.46;251.46
11762;531886.02;6007874.44;251.74
14041;531889.33;6007875.24;252.0
4811;531892.76;6007873.24;252.38
7903;531895.61;6007872.29;252.56
195;531897.15;6007873.27;252.7
7350;531900.62;6007873.73;253.04
16398;531901.79;6007868.5;252.88
4619;531901.1;6007866.03;252.77
672;531867.41;6007857.88;222.99
704;531866.95;6007859.93;222.96
15097;531865.9;6007859.27;222.8
15103;531864.92;6007863.66;222.88
14072;531863.12;6007861.96;222.75
23843;531859.7;6007862.92;222.44
12046;531859.4;6007864.79;222.24
11241;531856.23;6007865.92;222.18
16035;531855.4;6007864.69;222.31
8081;531850.03;6007863.05;222.17
17237;531844.77;6007865.63;221.81
1872;531840.82;6007862.63;221.68
9875;531839.58;6007863.81;221.5
20664;531959.46;6007849.65;264.35
8686;531969.66;6007857.25;264.68
8040;531957.41;6007857.31;264.2
7290;531959.96;6007849.97;263.25
14612;531960.89;6007845.87;264.24
12723;531964.3;6007848.59;267.32
18707;531964.3;6007848.59;270.65
2927;531960.32;6007847.14;269.77
4077;531971.92;6007851.49;270.79
22737;531958.84;6007849.18;269.69
3556;531960.32;6007847.14;263.57
21467;531955.13;6007848.99;268.5
23930;531960.9;6007850.08;270.25
275;531929.71;6007857.2;263.65
5180;531927.96;6007851.23;262.12
22378;531926.45;6007855.96;264.33
17877;532045.11;6007872.52;264.61
12452;532056.41;6007876.83;265.95
16633;532056.4;6007876.82;265.7
20796;532067.36;6007867.16;266.3
17457;532057.53;6007878.36;265.3
23652;532056.41;6007876.83;265.47
9560;531909.15;6007819.2;257.77
22718;531911.88;6007817.28;256.89
19609;531911.87;6007817.28;255.66
820;531917.03;6007817.8;255.49
1237;531930.8;6007814.03;256.21
23542;531932.72;6007813.51;256.3
10819;531935.0;6007821.7;255.59
11359;531939.66;6007821.12;256.18
18087;531959.96;6007826.44;256.74
8238;531973.71;6007843.99;257.94
9585;532016.01;6007867.75;264.59
5400;532041.79;6007861.28;263.9
2506;532041.93;6007864.47;263.21
5433;532043.56;6007865.44;263.08
21485;532042.38;6007867.2;263.38
16048;532039.8;6007871.13;265.13
23074;532049.48;6007859.5;266.75
1883;532051.08;6007859.55;268.54
23298;532054.91;6007859.36;270.7
7956;532054.98;6007851.41;270.87
155;532053.68;6007862.97;270.4
21922;532062.44;6007861.93;271.75
18420;532047.56;6007844.24;270.55
6410;532052.28;6007840.22;269.81
23824;532052.08;6007837.85;269.94
10504;532061.63;6007835.62;269.99
10728;532053.93;6007836.68;268.71
13203;532062.07;6007838.52;270.29
14271;532051.81;6007834.25;266.96
17556;532050.6;6007835.03;265.2
9774;532048.78;6007833.86;265.22
21973;532047.17;6007833.08;264.92
4104;532048.78;6007833.86;264.63
22861;532044.77;6007834.82;264.91
4249;532042.11;6007833.35;264.78
6350;532041.17;6007835.55;264.77
13073;532040.82;6007838.64;264.64
6696;532041.24;6007839.89;264.86
5374;532038.41;6007843.63;264.5
15551;532036.02;6007844.4;264.35
16909;532035.74;6007849.4;264.11
1753;532036.98;6007850.96;264.2
8426;532099.42;6007878.09;267.46
15360;532087.49;6007883.0;266.91
18790;532083.9;6007883.42;266.72
841;532077.21;6007885.84;266.59
16648;532075.53;6007888.21;266.59
9513;532070.41;6007887.92;266.32
11765;532067.36;6007879.98;266.07
23820;532077.6;6007864.8;266.31
17639;532077.58;6007864.79;265.94
4160;532088.29;6007862.94;266.7
3532;532107.32;6007872.28;267.79
23368;532101.81;6007869.72;267.76
1367;532110.04;6007873.98;267.89
5371;532113.96;6007873.24;268.0
18798;531986.59;6007849.67;253.41
16630;531982.98;6007850.9;252.74
16824;531978.79;6007846.87;251.53
487;531975.09;6007845.79;251.13
5116;531971.04;6007844.47;250.38
12628;531969.56;6007841.59;251.24
2014;531966.64;6007839.63;251.25
23851;531966.11;6007837.21;251.42
21227;531932.36;6007818.81;249.51
8967;531925.37;6007819.9;246.57
17808;531935.98;6007817.65;251.64
1971;531936.01;6007817.69;250.12
4981;531976.99;6007845.77;253.23
91;531979.97;6007845.13;254.05
10072;531983.44;6007848.35;256.26
6415;531913.98;6007817.04;243.75
10047;531915.54;6007816.82;244.16
10208;531914.27;6007821.72;242.96
20666;531912.98;6007818.09;242.92
6163;531914.26;6007821.7;244.42
19819;531915.24;6007823.88;244.32
20544;531919.95;6007823.38;247.76
9239;531911.48;6007811.26;243.5
11472;531913.7;6007809.07;242.13
18390;531908.98;6007815.46;249.32
8802;531915.79;6007810.3;242.82
19980;531913.44;6007808.65;241.98
20563;531915.52;6007811.38;242.65
21327;531919.09;6007808.32;246.1
21925;531920.94;6007807.71;246.09
8141;531922.97;6007808.28;246.39
16978;531924.35;6007808.1;246.16
3282;531925.83;6007808.83;246.39
3898;531926.8;6007808.8;246.25
22714;531929.31;6007810.73;246.53
8911;531931.9;6007814.55;246.76
21001;531933.0;6007814.43;246.78
3465;531929.89;6007821.67;246.76
24065;531933.96;6007815.53;246.85
16040;531936.58;6007815.65;247.03
12151;531938.91;6007816.67;247.29
5377;531941.22;6007817.02;247.41
12356;531942.46;6007816.3;247.41
6250;531943.17;6007818.5;247.49
10129;531945.57;6007819.91;247.53
2623;531950.09;6007818.44;247.85
11201;531951.43;6007819.07;247.95
6437;531955.04;6007818.3;248.33
2475;531957.24;6007822.09;248.71
10122;531959.57;6007823.16;248.84
18882;531785.51;6007509.88;260.73
3366;531781.03;6007486.69;254.56
7468;531779.96;6007474.67;246.33
7473;531779.95;6007474.65;245.26
3202;531783.13;6007475.9;243.01
9429;531781.65;6007484.0;243.17
14265;531783.77;6007485.31;242.74
14700;531784.0;6007487.41;242.53
22150;531787.37;6007489.22;242.69
18646;531786.91;6007491.91;242.87
19596;531787.79;6007495.82;242.94
4371;531790.12;6007496.96;243.28
8975;531794.5;6007502.17;243.12
2471;531797.99;6007504.82;243.69
16649;531795.57;6007514.56;243.68
22128;531796.56;6007519.37;243.8
23947;531801.29;6007513.56;247.75
18860;531799.57;6007521.78;243.64
19639;531870.15;6007577.39;255.99
3460;531872.64;6007574.87;255.49
22484;531870.08;6007575.39;255.95
12297;531872.79;6007579.3;256.53
9579;531874.3;6007574.16;255.43
13727;531876.45;6007575.79;256.72
8887;531881.89;6007571.34;255.86
11450;531881.94;6007571.34;261.15
11337;531884.0;6007572.54;262.4
10297;531881.94;6007571.34;263.95
13087;531886.56;6007571.38;262.49
10814;531889.33;6007572.94;263.94
20925;531890.17;6007572.29;264.18
2619;531894.8;6007576.69;264.06
5561;531894.6;6007578.46;264.25
7147;531896.24;6007580.04;264.4
10268;531899.42;6007581.29;264.34
16784;531901.88;6007579.27;264.23
17360;531903.59;6007579.23;264.26
24255;531902.82;6007577.23;264.41
8812;531903.53;6007576.55;264.42
16016;531903.56;6007576.55;265.12
9202;531906.13;6007577.04;265.16
5760;531907.53;6007576.82;265.13
13442;531908.13;6007575.84;264.97
8499;531909.05;6007575.92;264.95
17814;531908.95;6007578.11;265.03
2239;531910.52;6007579.75;265.1
11215;531911.47;6007580.33;265.14
11306;531912.25;6007581.32;264.96
21421;531913.96;6007581.14;264.93
16226;531915.14;6007582.34;264.09
10475;531915.3;6007582.94;263.99
14310;531915.33;6007582.94;265.38
2011;531916.82;6007583.77;265.29
11167;531917.07;6007584.47;265.3
7213;531919.63;6007583.98;265.44
1834;531922.1;6007589.72;265.54
14575;531920.49;6007592.12;266.43
775;531920.52;6007592.12;268.62
3464;531919.73;6007593.16;268.9
5513;531919.95;6007593.67;268.96
18005;531919.07;6007595.06;269.77
4911;531917.18;6007594.52;270.5
7962;531916.21;6007593.09;271.1
7221;531916.27;6007593.09;277.39
5363;531917.57;6007591.91;278.05
2657;531917.61;6007591.91;280.05
24001;531916.39;6007595.72;282.46
15456;531915.87;6007594.29;283.11
8775;531916.0;6007594.29;295.0
1117;531919.35;6007596.75;295.57
7876;531913.3;6007592.39;295.0
19256;531919.38;6007596.75;296.57
3430;531922.16;6007599.46;296.83
17054;531920.76;6007603.15;299.31
5117;531919.74;6007603.2;300.11
2430;531919.78;6007603.2;304.3
21164;531922.47;6007605.4;306.04
311;531922.51;6007605.4;309.33
20296;531921.33;6007607.54;309.5
12823;531923.09;6007609.43;309.59
20919;531921.33;6007607.54;303.8
8120;531924.85;6007609.92;309.53
146;531924.3;6007610.68;309.49
8179;531924.85;6007609.92;299.18
21477;531924.81;6007612.65;309.52
329;531929.92;6007613.25;310.41
11920;531933.09;6007612.63;311.75
6007;531868.56;6007570.02;255.25
2357;531866.49;6007569.73;254.37
1825;531865.17;6007570.33;254.14
13467;531860.69;6007566.9;253.73
19796;531860.58;6007565.39;253.67
16553;531861.27;6007564.11;253.41
4648;531861.23;6007562.02;253.08
6403;531860.09;6007560.38;253.46
23811;531860.26;6007560.29;252.87
8747;531860.34;6007556.92;252.9
2018;531859.24;6007556.01;253.12
21619;531857.22;6007555.6;252.83
6624;531855.38;6007552.01;252.47
22292;531852.63;6007549.75;252.46
12472;531851.3;6007545.32;252.37
15272;531852.63;6007549.75;255.46
13557;531852.06;6007543.83;252.37
11138;531849.13;6007541.5;251.97
6132;531847.78;6007547.31;253.95
2248;531848.25;6007539.46;252.2
5042;531846.8;6007539.57;251.96
3496;531846.84;6007543.05;251.83
1855;531845.99;6007543.68;251.72
16455;531843.31;6007542.5;251.25
11740;531841.48;6007543.86;250.68
22953;531838.41;6007544.63;250.84
2948;531837.04;6007546.17;250.25
9195;531834.8;6007546.18;250.59
423;531832.98;6007547.13;250.45
19002;531830.91;6007546.43;249.82
15283;531830.41;6007547.76;249.94
14924;531830.35;6007549.31;250.24
16138;531829.32;6007550.12;250.56
20086;531825.37;6007548.47;250.55
19570;531825.46;6007546.17;250.5
13976;531823.83;6007545.81;250.41
1811;531821.75;6007546.92;250.36
5615;531818.37;6007542.04;250.04
6528;531818.35;6007542.04;252.32
13139;531818.33;6007542.04;250.16
7171;531818.75;6007529.3;252.1
18407;531816.17;6007541.41;249.86
22501;531814.17;6007542.98;249.67
18233;531812.41;6007548.57;249.91
4907;531809.33;6007548.58;249.91
20974;531807.03;6007549.9;249.9
17536;531805.7;6007552.64;249.47
20456;531807.49;6007553.15;249.23
18834;531808.68;6007555.79;248.86
21755;531805.52;6007557.82;248.63
21526;531803.64;6007555.77;249.21
562;531801.77;6007555.75;249.2
22712;531800.69;6007554.14;249.0
10353;531799.26;6007553.79;249.09
22350;531796.32;6007555.41;248.85
10715;531793.94;6007553.65;248.97
21194;531791.28;6007558.18;250.97
19494;531791.26;6007558.18;252.5
17140;531791.06;6007560.51;252.29
2898;531789.51;6007560.84;253.42
24002;531780.59;6007566.85;257.02
13163;531788.69;6007564.26;251.05
15213;531793.64;6007554.18;247.55
9887;531797.33;6007555.84;247.5
6209;531791.51;6007556.56;247.39
21731;531779.94;6007568.85;256.21
21367;531785.97;6007580.0;260.69
10483;531787.84;6007592.58;260.35
1366;531789.17;6007596.83;260.08
2861;531796.9;6007608.53;260.81
11899;531801.77;6007610.18;258.99
3419;531808.59;6007617.93;258.89
21201;531807.99;6007623.99;260.82
23079;531809.7;6007630.71;259.78
19282;531807.7;6007638.37;259.02
20752;531808.36;6007647.06;259.7
14131;531802.85;6007634.61;258.75
6494;531812.46;6007653.79;259.08
7552;531816.26;6007656.32;260.09
6471;531809.58;6007658.63;259.13
1261;531814.43;6007658.97;259.61
19558;531814.57;6007662.5;259.33
16902;531797.31;6007555.84;246.92
10091;531797.29;6007555.84;249.74
12067;531796.25;6007559.66;249.97
1020;531793.8;6007561.57;249.87
13095;531800.23;6007565.63;249.77
4525;531802.09;6007571.16;249.69
22043;531800.77;6007579.01;249.59
4307;531798.26;6007583.13;249.95
20209;531797.77;6007589.36;249.43
13956;531800.72;6007591.59;249.18
15700;531800.56;6007595.34;249.13
16071;531803.8;6007598.6;248.82
10676;531803.97;6007602.3;248.84
7175;531808.39;6007602.3;249.09
14735;531816.0;6007608.77;249.68
10817;531817.83;6007608.68;249.62
20382;531820.4;6007612.27;249.56
12440;531823.76;6007613.62;249.25
7347;531825.57;6007611.06;249.54
10886;531827.92;6007610.24;249.81
17836;531828.48;6007608.02;250.66
7781;531833.51;6007607.29;251.12
11972;531828.82;6007607.62;250.66
2881;531829.19;6007605.49;250.93
16547;531834.65;6007606.24;250.8
17069;531836.69;6007611.2;251.48
19075;531841.52;6007609.04;251.22
13788;531842.58;6007612.57;251.37
1882;531845.08;6007615.27;251.44
15498;531845.46;6007618.17;251.61
16955;531847.02;6007620.18;251.8
10737;531857.36;6007627.85;252.35
20232;531848.28;6007623.61;252.05
21323;531861.0;6007628.62;252.69
2483;531863.38;6007634.09;252.56
17459;531862.48;6007637.37;253.05
5870;531868.64;6007641.73;253.75
7472;531870.67;6007642.86;253.84
21657;531872.41;6007644.05;253.89
12107;531872.26;6007641.01;254.59
23034;531876.93;6007640.31;254.01
17262;531877.0;6007642.94;255.25
8736;531875.62;6007643.09;255.25
10192;531874.09;6007646.82;260.31
23037;531877.35;6007640.08;253.96
13925;531872.66;6007649.37;259.99
1622;531877.48;6007640.65;260.25
7785;531880.6;6007645.17;260.66
16982;531866.43;6007651.28;259.96
16436;531860.62;6007653.63;261.02
17585;531859.44;6007654.85;260.92
13428;531859.07;6007654.43;260.5
1506;531857.23;6007654.07;261.85
9085;531857.22;6007654.07;264.37
7310;531852.93;6007651.46;262.53
3854;531852.92;6007651.46;261.35
11013;531852.35;6007652.61;260.55
15830;531845.65;6007653.1;258.24
16925;531840.3;6007654.94;258.65
2435;531833.49;6007658.27;258.42
18843;531831.12;6007650.5;259.63
15384;531827.78;6007660.34;259.45
258;531821.09;6007668.45;259.34
982;531822.11;6007673.18;259.72
13426;531611.77;6007410.4;256.87
16205;531599.81;6007388.88;256.99
1206;531611.91;6007421.67;257.66
14372;531611.77;6007410.4;264.27
14560;531611.8;6007417.21;255.79
9335;531613.27;6007414.25;258.21
11824;531578.63;6007320.37;261.47
20489;531575.08;6007336.92;267.8
1845;531577.71;6007316.1;261.01
287;531572.1;6007333.87;261.99
17760;531578.22;6007357.67;266.9
24031;531583.57;6007324.93;263.87
17263;531582.28;6007363.72;263.3
23728;531594.71;6007381.43;257.06
22018;531604.91;6007385.35;256.77
6551;531755.98;6007515.18;259.64
2839;531771.74;6007527.63;266.49
7983;531746.27;6007509.61;259.25
2945;531743.37;6007502.7;258.86
2946;531743.37;6007502.7;258.36
8452;531742.08;6007495.12;258.76
13269;531742.08;6007495.12;259.76
21112;531728.91;6007487.73;259.5
14920;531722.05;6007484.49;259.16
20132;531722.05;6007484.49;260.46
12911;531718.72;6007482.91;261.73
24004;531718.72;6007482.91;261.33
19176;531718.72;6007482.91;260.58
8898;531719.65;6007482.81;260.82
4270;531703.21;6007487.71;257.88
6625;531687.46;6007485.69;257.05
8832;531684.27;6007490.93;256.19
17088;531681.11;6007493.04;256.25
12372;531678.82;6007493.99;256.56
20646;531672.22;6007499.57;257.62
944;531652.83;6007495.34;256.23
16175;531656.92;6007480.91;255.71
18223;531652.96;6007464.68;253.95
13450;531650.14;6007455.84;253.46
18287;531652.41;6007475.85;250.1
15169;531631.37;6007441.53;253.46
13530;531628.12;6007434.78;253.86
545;531625.29;6007430.85;254.62
14673;531620.02;6007426.9;256.64
13126;531946.68;6007464.28;294.43
21907;531937.9;6007467.51;293.83
17410;531950.9;6007461.7;297.46
17872;531949.63;6007466.11;294.95
19498;531935.0;6007469.21;293.61
609;531932.62;6007468.57;293.49
22979;531930.45;6007471.27;293.14
7999;531928.25;6007469.61;293.0
7355;531928.26;6007469.61;291.33
12750;531925.02;6007472.07;291.35
15921;531925.03;6007472.07;292.98
10476;531921.5;6007473.88;292.71
7845;531918.81;6007475.38;291.96
2333;531920.09;6007477.77;291.64
15644;531920.5;6007481.05;288.89
323;531918.25;6007480.77;288.86
11596;531917.66;6007486.74;288.47
20478;531917.94;6007488.92;288.29
5225;531915.41;6007492.85;287.23
23010;531913.56;6007498.35;286.24
6797;531910.68;6007501.05;285.7
16843;531910.78;6007501.08;265.43
4045;531904.48;6007494.14;263.48
4587;531910.78;6007501.08;277.48
15716;531901.86;6007499.47;262.78
5247;531906.06;6007502.25;262.63
8492;531906.44;6007507.96;261.95
10189;531904.93;6007508.79;262.11
1922;531904.12;6007510.89;262.12
10010;531902.48;6007511.97;262.34
22616;531902.35;6007515.23;262.35
1982;531904.36;6007516.78;262.36
20562;531898.88;6007518.41;262.39
22617;531895.18;6007518.71;262.41
16478;531893.29;6007522.22;262.42
11754;531895.98;6007531.1;262.48
15116;531893.42;6007532.02;262.5
14594;531887.19;6007530.28;262.53
2667;531879.8;6007529.44;261.91
17224;531876.52;6007527.73;261.86
3298;531868.09;6007527.07;261.47
8427;531865.15;6007524.8;261.49
2953;531855.03;6007527.45;261.01
4780;531852.84;6007531.08;260.88
21735;531844.4;6007530.72;260.33
5962;531841.89;6007527.65;260.28
7524;531844.98;6007533.39;260.57
12662;531841.37;6007523.45;260.37
17490;531843.54;6007522.18;260.3
21644;531842.0;6007517.72;260.32
18337;531843.34;6007516.42;259.57
21226;531840.25;6007514.87;259.29
12816;531839.4;6007515.1;259.73
628;531838.41;6007512.67;259.03
4632;531836.34;6007511.76;259.12
8632;531834.68;6007509.22;257.45
19281;531829.24;6007508.7;257.28
12035;531827.09;6007514.56;256.98
8443;531820.39;6007514.86;256.67
7038;531821.14;6007513.0;256.78
1791;531819.21;6007512.67;256.82
17610;531816.96;6007514.17;256.45
773;531815.19;6007517.75;253.47
21618;531807.33;6007511.2;251.35
10489;531804.13;6007509.38;249.87
6112;531955.95;6007458.36;297.83
10432;531953.75;6007464.36;298.36
3208;531958.52;6007456.95;297.9
4958;531962.17;6007457.7;297.92
2434;531965.48;6007457.72;298.12
7516;531966.26;6007455.2;298.3
6443;531968.42;6007456.32;298.4
5081;531974.29;6007454.38;298.72
3422;531972.1;6007452.44;299.43
8889;531975.0;6007450.12;299.71
8248;531982.09;6007451.84;300.41
15588;531984.75;6007450.52;300.64
19266;531986.33;6007447.57;300.87
9276;531994.02;6007447.0;300.94
965;531996.51;6007443.19;301.21
13747;531998.35;6007443.74;301.2
18273;531999.24;6007441.69;301.49
14356;532001.08;6007442.57;301.54
23603;532002.68;6007440.22;301.76
3478;532006.04;6007442.43;302.14
19000;532011.42;6007443.05;302.27
18272;532013.49;6007441.52;302.52
14577;532020.48;6007441.97;302.33
4489;532022.79;6007445.05;302.63
10761;532025.31;6007444.49;302.69
10087;532024.5;6007446.37;302.85
14831;532026.11;6007450.19;303.23
16913;532029.8;6007451.79;303.54
9116;532032.05;6007449.73;305.72
14444;532034.53;6007450.6;305.83
21769;532034.94;6007452.93;306.01
6107;532037.76;6007454.04;306.13
17008;532038.77;6007456.82;306.3
23776;532041.41;6007456.61;306.32
3773;532042.17;6007457.86;306.44
13756;532049.23;6007460.95;307.04
6877;532055.33;6007461.02;307.31
21562;532057.88;6007461.86;307.32
13068;532061.15;6007468.93;308.48
9115;532058.36;6007468.81;312.36
12711;532058.86;6007475.67;313.49
17631;532059.96;6007477.58;313.59
19778;532057.55;6007482.02;313.8
16277;532065.9;6007488.02;313.56
16619;532069.67;6007488.78;314.4
2885;532069.76;6007491.24;314.46
18194;532076.7;6007495.34;315.24
22148;532080.98;6007498.61;314.24
22645;532091.96;6007506.53;314.9
9098;532104.04;6007514.06;315.12
2907;532109.63;6007518.49;315.67
12175;532113.08;6007521.23;317.47
11464;532110.24;6007524.33;319.46
4612;532111.05;6007520.91;317.87
15627;532114.25;6007512.88;324.54
19931;532111.24;6007528.15;319.82
16206;532109.0;6007520.68;316.95
21903;532108.81;6007520.19;323.55
24216;532111.19;6007530.52;319.88
20069;532109.11;6007531.25;319.82
9745;532107.33;6007531.08;319.77
5332;532105.73;6007534.23;319.67
16155;532100.85;6007533.32;319.27
11519;532099.44;6007531.92;319.18
13023;532098.03;6007530.51;319.09
12425;532095.48;6007531.36;319.18
16973;532097.62;6007528.51;318.48
13365;532095.05;6007526.52;318.33
11165;532090.67;6007526.47;318.13
15416;532087.77;6007526.69;317.43
3929;532083.37;6007529.06;317.12
12291;532081.09;6007528.84;317.09
11823;532079.36;6007529.31;317.01
5731;532074.63;6007527.13;316.32
673;532072.86;6007527.86;316.27
16236;532070.19;6007527.59;316.14
6429;532067.95;6007525.98;316.21
17333;532064.38;6007526.89;314.97
988;532062.36;6007526.69;314.55
22683;532061.61;6007528.47;314.87
6774;532056.73;6007528.25;314.82
19967;532052.49;6007520.61;310.78
22983;532051.12;6007520.59;309.84
8487;532051.12;6007520.62;305.58
8334;532043.18;6007515.54;302.41
13686;532041.84;6007518.28;302.27
20068;532039.9;6007518.78;302.29
5147;532037.76;6007518.56;301.96
9689;532036.01;6007519.85;301.48
3957;532036.13;6007522.28;301.12
15162;532031.1;6007524.14;300.5
4857;532029.39;6007526.67;300.52
13739;532026.96;6007527.78;300.11
14605;532026.13;6007530.62;299.98
7558;532024.17;6007531.76;299.56
1243;532022.33;6007527.18;299.42
9313;532017.42;6007528.9;299.46
471;532016.69;6007528.02;299.47
10628;532016.69;6007528.03;298.41
15157;532012.91;6007529.91;298.44
676;532010.87;6007528.54;298.46
8966;532006.41;6007531.05;298.5
13899;532005.66;6007533.81;298.52
8710;531999.74;6007534.78;298.57
23902;531997.82;6007536.1;298.58
12095;531998.88;6007538.54;298.6
7755;532002.99;6007543.91;298.66
22579;532002.99;6007543.93;294.1
17903;532006.13;6007549.0;298.97
9618;532002.99;6007543.9;298.66
4093;531999.13;6007550.94;291.77
15601;531999.05;6007554.21;286.05
12326;531996.15;6007552.68;282.77
4120;531996.27;6007550.79;280.94
6518;531996.28;6007550.85;271.29
23985;531997.52;6007549.46;270.73
5623;531997.53;6007549.48;266.47
2006;531996.19;6007554.76;266.13
17163;531993.61;6007555.0;266.02
3352;531992.94;6007558.09;265.93
2981;531989.85;6007559.53;265.89
21504;531989.85;6007559.55;265.95
11194;531986.67;6007559.62;265.86
21894;531986.21;6007558.47;265.83
13069;531983.02;6007558.54;265.74
13233;531981.08;6007557.38;265.63
6534;531979.7;6007561.18;265.38
5143;531977.47;6007562.93;265.3
21097;531974.5;6007566.36;265.18
19276;531974.51;6007566.38;261.42
9657;531970.21;6007564.84;261.29
16420;531970.28;6007562.1;261.21
6284;531963.93;6007561.47;260.93
1909;531962.59;6007559.55;260.91
21011;531960.91;6007559.43;260.83
12129;531960.74;6007562.47;260.48
2966;531957.86;6007563.82;260.06
10368;531954.13;6007562.91;259.61
3305;531952.68;6007564.01;259.53
14240;531950.14;6007559.2;259.57
1823;531945.17;6007559.13;259.18
11088;531941.78;6007560.65;259.01
2621;531935.88;6007558.3;258.61
23998;531933.28;6007554.83;258.41
7172;531928.09;6007555.04;258.27
21045;531926.62;6007557.7;258.08
9588;531925.31;6007556.88;257.93
2604;531924.36;6007554.64;257.24
8122;531922.56;6007555.38;256.77
20332;531921.23;6007556.92;256.72
12661;531919.7;6007556.52;256.68
17169;531916.64;6007554.46;257.43
11304;531914.73;6007555.98;258.14
13167;531913.32;6007555.59;257.95
3874;531910.26;6007556.8;256.77
5272;531908.29;6007559.35;258.29
23521;531905.42;6007555.12;257.42
506;531899.94;6007554.88;257.17
834;531899.41;6007554.38;255.94
9985;531893.1;6007557.82;254.87
24235;531887.88;6007560.32;253.69
17424;531886.17;6007560.22;253.46
23901;531882.05;6007557.48;253.24
11234;531880.2;6007558.79;253.45
2533;531878.67;6007554.13;252.88
23329;531874.6;6007551.32;252.92
11703;531872.08;6007554.15;256.98
15733;531870.6;6007553.53;255.87
3976;531870.61;6007550.62;255.58
5547;531869.27;6007549.35;255.6
11394;531867.06;6007551.75;255.33
13766;531865.02;6007553.62;255.79
241;531862.45;6007552.75;255.62
17139;531862.45;6007552.77;252.66
11435;531864.64;6007552.56;256.08
4540;531860.54;6007548.28;251.92
14155;531858.6;6007542.67;251.65
8752;531859.52;6007541.25;251.69
19207;531859.52;6007541.26;251.75
4438;531857.11;6007535.29;251.8
20242;531851.2;6007530.76;251.48
1158;531847.73;6007529.46;251.24
21848;531842.16;6007533.74;251.18
8805;531842.16;6007533.76;247.23
21256;531836.55;6007536.94;246.26
23197;531829.1;6007535.45;247.68
5801;531825.25;6007539.22;246.49
16503;531815.94;6007531.85;245.17
7055;531813.59;6007531.11;245.1
11402;531810.32;6007534.53;244.39
11231;531806.87;6007534.2;244.84
22252;531800.62;6007527.81;244.46
6848;532246.16;6007165.43;341.6
4965;532245.23;6007164.4;339.06
7178;532244.66;6007166.96;338.63
21457;532243.21;6007168.61;338.39
22072;532242.27;6007172.83;337.83
13302;532240.11;6007174.76;337.56
13481;532239.35;6007176.3;336.97
14829;532236.53;6007175.67;336.48
6252;532234.88;6007178.08;335.74
4226;532236.1;6007179.23;334.96
4028;532236.1;6007179.25;331.23
5059;532234.22;6007183.05;330.38
12974;532234.39;6007190.01;329.88
1951;532233.1;6007196.33;329.52
18667;532230.0;6007198.47;329.1
18314;532230.03;6007202.45;328.93
3946;532234.8;6007209.55;328.34
7549;532226.46;6007209.53;327.88
13117;532218.6;6007214.46;327.23
17359;532218.22;6007218.33;326.46
17926;532216.72;6007217.8;326.19
16481;532216.78;6007215.52;325.15
3789;532215.11;6007214.57;325.0
1762;532213.69;6007213.66;325.76
13252;532211.64;6007215.25;325.51
17831;532209.85;6007215.62;325.21
15793;532207.79;6007213.57;325.04
15399;532205.29;6007214.14;324.84
20805;532203.19;6007216.7;324.59
10695;532199.37;6007215.41;324.42
23262;532195.76;6007217.55;324.47
6959;532195.14;6007217.02;324.98
4973;532193.62;6007217.97;324.84
8076;532193.89;6007219.32;324.82
16089;532191.59;6007219.75;324.55
13111;532191.93;6007223.58;323.58
24017;532191.36;6007229.52;323.45
23414;532189.1;6007228.93;323.6
9991;532186.05;6007232.93;323.57
10386;532183.25;6007233.55;323.76
20281;532181.08;6007240.98;323.2
7219;532179.83;6007241.18;323.09
5909;532175.13;6007242.51;322.28
20414;532168.89;6007244.51;321.8
2146;532166.36;6007249.2;321.4
23727;532165.72;6007248.55;321.95
19545;532163.62;6007252.45;321.62
2190;532164.43;6007255.06;321.17
15977;532161.23;6007257.9;320.7
1496;532159.92;6007256.66;320.66
11521;532158.14;6007256.32;320.01
2358;532156.51;6007249.63;319.5
11035;532153.47;6007248.72;320.16
2799;532154.0;6007249.86;319.98
12622;532150.69;6007249.49;319.67
21979;532148.68;6007252.25;319.41
15766;532147.13;6007252.23;319.29
23462;532145.79;6007254.52;319.28
15979;532141.86;6007254.35;319.11
2629;532141.19;6007257.12;318.95
14792;532138.97;6007257.54;318.77
6991;532138.94;6007259.79;318.08
16921;532135.5;6007260.75;317.99
22696;532134.88;6007262.82;318.09
11153;532133.26;6007262.93;317.49
14892;532131.61;6007265.09;317.61
21425;532130.72;6007268.29;317.13
15847;532128.95;6007267.16;316.93
18234;532128.83;6007268.62;316.88
18004;532125.93;6007269.94;316.85
16508;532126.37;6007272.37;316.63
7933;532125.36;6007272.67;316.44
3961;532124.95;6007274.57;316.33
1259;532123.65;6007275.69;316.29
22680;532123.58;6007277.32;316.0
19133;532122.01;6007278.08;315.65
11223;532121.14;6007280.01;315.31
19797;532119.12;6007280.42;314.42
2139;532117.1;6007283.17;314.16
5679;532114.84;6007283.28;314.18
5936;532115.02;6007285.14;314.04
677;532113.99;6007286.27;314.2
12643;532110.73;6007284.08;313.4
3003;532106.46;6007284.36;314.29
23064;532105.84;6007286.44;313.74
15935;532103.53;6007288.35;313.51
9842;532100.24;6007289.4;313.24
7020;532098.92;6007288.83;313.26
8648;532098.07;6007291.56;313.29
8503;532095.39;6007289.63;312.92
907;532094.51;6007290.93;312.05
13141;532090.8;6007289.39;312.09
15946;532090.22;6007290.81;311.98
13402;532088.54;6007288.96;312.36
4559;532087.16;6007290.59;311.78
8263;532085.01;6007290.53;311.73
14838;532084.01;6007291.53;311.75
10055;532079.16;6007293.27;312.36
23305;532075.71;6007291.62;312.27
18634;532073.73;6007292.26;312.15
14987;532070.01;6007291.21;311.5
22495;532065.81;6007293.06;311.55
5215;532064.8;6007295.4;311.67
13667;532062.53;6007298.48;311.51
19385;532063.79;6007300.97;311.49
8192;532062.97;6007303.16;311.36
5240;532063.61;6007305.73;311.02
10517;532061.61;6007307.72;311.15
13703;532059.48;6007314.15;310.18
6457;532061.14;6007317.88;310.22
21007;532055.84;6007325.45;310.06
12288;532053.79;6007328.69;310.04
18617;532054.65;6007335.42;310.01
4322;532052.85;6007336.48;310.0
4166;532050.3;6007335.09;309.83
17121;532043.53;6007337.14;309.8
1740;532042.95;6007339.73;309.6
11726;532039.78;6007342.01;309.51
13456;532038.47;6007344.15;309.19
5629;532034.07;6007344.12;308.61
10784;532032.78;6007345.8;307.96
18813;532029.54;6007348.13;307.79
10079;532027.57;6007346.92;307.74
22156;532027.74;6007345.39;307.87
6497;532025.29;6007343.63;308.01
23030;532021.1;6007341.79;307.41
6887;532019.59;6007347.66;307.28
17778;532020.79;6007349.67;306.9
17293;532018.54;6007353.5;306.72
14047;532017.39;6007354.04;306.69
11598;532014.26;6007354.57;306.73
10469;532012.96;6007354.52;307.18
13425;532011.76;6007357.71;306.68
6859;532009.72;6007360.95;306.52
21693;532009.41;6007364.0;306.71
953;532006.67;6007364.27;306.0
10409;532004.05;6007364.16;305.71
9261;532001.44;6007362.35;306.25
19959;531998.42;6007364.13;306.29
17638;531999.69;6007369.56;306.17
15453;531998.44;6007373.09;306.01
4977;532001.39;6007378.65;305.77
10434;532004.29;6007380.56;305.74
10841;532005.51;6007382.85;305.68
7011;532010.23;6007388.51;305.41
3130;532007.28;6007388.55;305.34
13877;532006.29;6007391.65;305.6
15186;532004.33;6007392.35;305.62
22709;532001.77;6007393.87;305.39
14307;532000.85;6007399.35;305.08
23997;531997.93;6007400.88;305.11
19379;531996.61;6007395.01;305.19
7835;531992.36;6007394.76;304.41
1442;531991.29;6007396.22;304.27
5737;531990.51;6007403.05;304.36
17228;531991.61;6007406.25;304.52
19231;531990.95;6007411.98;304.59
11929;531986.97;6007413.81;304.79
6383;531984.01;6007415.5;304.89
11840;531980.96;6007415.69;304.92
18666;531978.62;6007417.03;304.95
6020;531978.93;6007418.56;305.27
14096;531982.83;6007421.14;305.4
10585;531984.71;6007428.53;305.78
9393;531992.3;6007433.78;306.73
9535;531996.24;6007439.41;306.23
21173;531996.24;6007439.44;303.1
21230;531995.3;6007443.06;302.95
16895;531997.37;6007447.49;302.83
8892;531996.33;6007451.49;303.98
17358;531998.04;6007452.98;303.81
23192;531998.05;6007453.01;300.88
17853;531997.02;6007456.11;298.74
14783;531997.25;6007459.37;298.55
3122;531992.98;6007459.41;297.03
13043;531989.76;6007458.76;296.54
1727;531988.72;6007456.7;296.37
21806;531987.1;6007456.41;296.39
20927;531985.07;6007459.17;296.31
20455;531982.3;6007455.75;296.04
20602;531976.48;6007454.58;295.81
23361;531973.5;6007456.42;295.84
13213;531971.67;6007455.0;295.83
18024;531969.38;6007455.52;295.65
10488;531967.73;6007457.83;295.68
22046;531965.83;6007456.7;295.55
15658;531963.9;6007458.89;295.53
10512;531960.82;6007459.42;295.07
5566;531958.77;6007458.35;295.43
7594;531957.33;6007459.6;295.52
20262;531957.03;6007461.83;295.86
15581;531775.3;6007483.29;276.78
20234;531775.29;6007483.25;279.97
16718;531779.59;6007487.03;275.04
5708;531776.35;6007480.23;284.59
22494;531772.71;6007483.02;278.38
19219;531771.97;6007485.09;275.14
12625;531769.84;6007485.9;272.78
12691;531769.84;6007488.5;270.71
18915;531765.47;6007494.93;269.98
578;531764.13;6007494.96;269.87
10505;531763.68;6007492.87;269.8
20441;531761.29;6007490.09;266.27
22447;531761.28;6007490.05;262.69
13673;531759.42;6007488.35;262.04
6878;531763.12;6007483.78;262.26
877;531765.46;6007483.94;260.48
22366;531768.78;6007474.83;261.02
23285;531774.76;6007496.25;260.43
8062;531761.23;6007469.16;266.48
6399;531785.08;6007509.55;259.33
23056;531788.04;6007514.68;263.58
2525;531782.63;6007487.69;272.42
19888;531779.48;6007481.99;273.4
4032;531785.24;6007490.79;269.73
7068;531785.29;6007491.28;249.68
5249;531780.69;6007496.16;257.42
1343;531821.52;6007454.43;314.79
6071;531816.53;6007455.1;309.93
2960;531816.52;6007455.12;306.4
20264;531812.98;6007454.41;305.14
2470;531812.52;6007457.38;303.04
18588;531812.51;6007457.4;299.61
17373;531811.54;6007457.17;299.81
16953;531807.65;6007458.48;299.79
1552;531811.6;6007455.49;298.72
10291;531806.95;6007459.76;299.78
3830;531808.81;6007460.48;299.77
18621;531806.31;6007461.37;299.76
20487;531803.53;6007459.1;299.74
12380;531802.56;6007456.96;299.73
5382;531802.35;6007454.31;299.72
1854;531799.84;6007452.19;299.7
14641;531798.48;6007451.55;299.7
3736;531797.36;6007450.9;299.69
4323;531795.81;6007449.99;299.68
12789;531796.62;6007452.51;299.66
18700;531796.25;6007454.43;299.65
1156;531795.16;6007455.05;299.64
21627;531795.41;6007457.38;299.63
21450;531794.23;6007457.8;299.58
24033;531794.84;6007458.63;299.56
4390;531794.38;6007459.69;299.53
23008;531794.93;6007460.91;299.49
17930;531794.5;6007463.62;299.43
5680;531794.6;6007465.57;299.36
10293;531796.12;6007467.84;299.34
10885;531795.85;6007470.98;299.27
5621;531795.91;6007473.23;299.22
6572;531796.61;6007476.5;299.09
17695;531797.7;6007478.89;298.85
6933;531797.69;6007478.92;292.92
3793;531799.27;6007481.9;292.25
12271;531799.6;6007483.76;291.77
19852;531799.59;6007483.78;289.24
10258;531801.0;6007485.21;289.23
23701;531800.99;6007485.23;292.2
5189;531801.0;6007485.21;284.63
5133;531800.98;6007485.24;291.87
17458;531799.3;6007488.08;292.14
14567;531803.0;6007490.06;292.34
4399;531797.34;6007497.39;291.95
5402;531795.2;6007496.84;291.9
20530;531792.89;6007492.45;291.88
3782;531793.52;6007489.88;291.77
5181;531793.26;6007488.89;291.99
13027;531791.12;6007486.64;291.48
4215;531793.26;6007488.89;293.69
7745;531787.16;6007481.72;287.46
14055;531784.32;6007480.78;287.13
5293;531784.32;6007480.79;284.75
11242;531780.43;6007478.43;282.89
23009;531780.42;6007478.45;289.06
24176;531778.57;6007478.19;289.05
12139;531778.56;6007478.21;284.86
8313;531304.28;6008780.56;263.4
412;531301.67;6008755.81;264.26
18393;531301.67;6008755.81;261.96
11788;531302.41;6008755.14;261.93
3923;531302.05;6008748.4;261.93
12559;531303.92;6008742.28;260.8
666;531303.92;6008742.28;262.8
9785;531301.62;6008736.89;261.12
14245;531303.82;6008730.85;259.03
6392;531294.73;6008728.67;263.01
1187;531302.98;6008727.45;254.86
1822;531304.21;6008722.81;254.94
3207;531304.21;6008722.81;256.24
21183;531303.39;6008718.17;258.97
20320;531303.39;6008718.17;260.57
574;531308.0;6008704.78;256.78
20055;531309.89;6008704.31;257.23
9130;531311.17;6008700.11;259.28
3151;531296.66;6008723.87;265.65
8525;531270.59;6008673.08;242.86
19166;531296.55;6008874.58;255.45
6822;531288.51;6008873.61;255.45
13879;531289.42;6008878.99;254.78
9243;531291.75;6008879.23;250.36
20676;531291.75;6008879.23;249.96
7502;531290.7;6008885.24;249.69
3693;531288.92;6008884.72;252.06
15626;531284.69;6008880.5;259.44
2878;531282.17;6008889.94;261.61
7992;531280.8;6008894.77;262.49
21474;531280.8;6008894.77;262.19
10478;531281.56;6008897.84;260.71
8396;531280.87;6008898.56;260.71
13462;531280.05;6008900.95;258.74
12586;531279.18;6008902.35;257.79
3737;531285.22;6008915.86;247.04
19373;531286.15;6008918.71;245.64
5884;531288.73;6008924.0;243.73
507;531292.08;6008905.98;242.91
1678;531291.7;6008929.34;243.73
9175;531291.7;6008929.34;244.73
2924;531290.84;6008934.25;244.64
14219;531295.19;6008934.79;244.25
1478;531295.04;6008939.08;244.48
587;531292.79;6008940.38;245.53
21385;531294.12;6008951.1;245.62
896;531296.48;6008951.52;245.64
18590;531299.43;6008965.3;245.64
16639;531296.28;6008974.47;245.39
12699;531297.07;6008979.41;245.52
14230;531298.91;6008983.18;245.52
9288;531301.45;6008992.33;245.85
23712;531303.03;6008999.66;245.79
21148;531303.71;6009004.51;245.79
3791;531307.1;6009013.8;246.3
8181;531312.73;6009012.39;246.46
10753;531319.49;6009017.03;246.67
10726;531320.12;6009022.99;246.83
21940;531324.91;6009031.26;245.99
21983;531324.61;6009036.96;245.84
5136;531324.61;6009036.96;246.84
5777;531335.15;6009061.71;247.08
10652;531337.68;6009064.4;245.81
11743;531292.08;6008905.98;241.11
7971;531294.18;6008899.1;241.11
18598;531296.61;6008896.75;243.06
7591;531295.9;6008892.33;243.57
2753;531294.9;6008886.33;243.2
7741;531294.9;6008886.33;244.2
21650;531258.39;6008624.73;245.48
8191;531257.34;6008623.77;246.66
7703;531256.17;6008622.44;247.17
4545;531256.32;6008620.69;248.11
11903;531256.32;6008620.69;249.11
22619;531253.06;6008619.58;250.72
7368;531257.55;6008621.75;247.52
19732;531257.55;6008621.75;249.02
18328;531259.28;6008618.96;250.48
21744;531256.12;6008619.75;254.66
23226;531255.82;6008622.74;254.82
15163;531254.08;6008620.36;259.34
4699;531251.16;6008616.37;264.29
4456;531319.7;6008864.97;274.97
7636;531322.74;6008875.46;275.93
5548;531326.6;6008870.84;278.61
6781;531315.4;6008873.43;284.89
4566;531314.44;6008875.73;284.67
8;531316.3;6008878.36;280.22
271;531315.29;6008881.16;279.8
2929;531463.81;6008222.99;264.7
22246;531455.69;6008219.7;268.24
23764;531456.12;6008218.75;267.64
16253;531453.73;6008219.64;262.16
8992;531457.65;6008221.79;261.04
15372;531451.76;6008223.69;265.43
20020;531451.23;6008217.06;259.55
22112;531458.63;6008221.27;261.26
20126;531458.92;6008221.3;262.32
22916;531452.92;6008214.72;258.78
1662;531463.95;6008208.87;265.79
4862;531458.29;6008204.51;268.05
14841;531452.67;6008199.25;267.98
14297;531436.76;6008195.27;269.85
23102;531424.09;6008186.69;267.15
21070;531417.18;6008208.49;269.55
11112;531426.23;6008212.35;269.55
6793;531421.52;6008222.18;269.55
3252;531411.69;6008218.39;269.55
21348;531409.86;6008219.71;268.73
21630;531408.52;6008221.1;269.25
19216;531405.92;6008223.12;269.48
17674;531405.43;6008226.58;269.78
22563;531405.43;6008226.58;270.78
83;531402.38;6008233.39;268.21
15170;531411.87;6008227.26;273.14
17582;532079.46;6008252.63;263.56
7595;532089.89;6008246.0;264.64
581;532095.1;6008238.44;265.12
12776;532090.16;6008233.9;267.7
21031;532086.77;6008230.31;266.92
20268;532096.77;6008216.83;262.73
7344;532107.92;6008209.19;267.39
14688;532112.8;6008203.07;265.73
20510;532117.13;6008201.88;265.57
8724;532115.99;6008200.72;265.17
14335;532125.58;6008196.71;266.96
13490;532114.14;6008199.35;265.17
21711;532117.45;6008195.87;265.17
11416;532123.23;6008190.95;265.57
8958;532126.88;6008188.63;267.14
9442;532130.73;6008186.88;268.94
19123;532126.55;6008188.11;266.77
15073;532128.07;6008187.75;267.71
12306;532128.44;6008186.01;266.68
8458;532128.44;6008186.01;267.36
12561;532125.33;6008182.45;266.53
21870;532122.48;6008181.01;266.7
4030;532120.89;6008179.91;267.17
9877;532120.89;6008179.91;266.47
2133;532122.24;6008177.48;266.82
6261;532122.19;6008176.11;267.13
11281;532122.19;6008176.11;268.03
1677;532121.99;6008174.54;269.26
2932;532120.42;6008173.79;270.48
17192;532119.38;6008172.77;271.07
3866;532119.38;6008172.77;271.77
1304;532117.62;6008172.05;271.97
18728;532117.71;6008170.68;271.52
4326;532119.65;6008168.59;271.87
479;532120.16;6008166.78;272.14
13647;532119.01;6008165.37;271.91
1425;532117.91;6008163.56;272.37
8506;532117.39;6008161.74;272.37
22284;532117.59;6008160.66;272.29
12740;532119.98;6008160.66;272.29
6273;532119.6;6008162.64;273.7
16912;532120.82;6008162.33;273.83
648;532121.93;6008162.74;274.72
9113;532123.42;6008163.2;274.39
3679;532124.38;6008162.87;274.86
9649;532125.96;6008163.77;274.34
557;532122.14;6008161.37;275.74
16746;532122.16;6008161.67;276.2
539;532120.91;6008161.52;276.0
17735;532122.44;6008161.24;276.58
24098;532122.92;6008161.16;276.48
328;532123.94;6008161.41;276.18
21963;531485.95;6008266.53;246.84
5742;531483.72;6008267.4;246.69
3144;531478.4;6008274.76;247.25
1949;531478.4;6008274.76;259.15
16223;531477.56;6008276.01;259.11
9762;531477.56;6008276.01;266.01
13898;531478.65;6008276.36;266.63
12178;531478.44;6008279.57;268.23
18912;531479.9;6008279.82;268.45
18540;531479.9;6008279.82;278.25
22934;531478.46;6008281.33;265.04
10418;531480.91;6008279.45;279.57
9486;531482.11;6008277.43;281.43
16103;531483.93;6008277.62;281.97
18679;531484.34;6008276.18;281.93
18216;531484.34;6008276.18;287.53
5525;531483.95;6008276.76;287.58
2705;531486.56;6008272.86;287.64
14388;531484.71;6008279.76;287.71
22909;531481.89;6008281.67;287.68
14625;531481.54;6008283.94;287.78
7494;531481.81;6008285.41;287.74
23645;531478.81;6008285.48;287.66
8849;531492.63;6008211.95;251.61
16889;531489.56;6008210.77;251.9
17625;532306.71;6008303.68;262.99
4054;532303.18;6008300.05;260.01
9790;532300.08;6008297.08;260.12
3480;532300.08;6008297.08;257.57
3395;532301.14;6008292.75;254.51
16021;532289.4;6008293.1;255.96
13705;532306.25;6008294.9;256.26
16121;532286.52;6008298.54;255.85
3637;532285.94;6008302.33;255.55
24083;532312.22;6008307.03;256.38
6631;532313.11;6008307.17;255.55
20945;532318.25;6008303.41;254.71
1989;532318.25;6008303.41;254.11
19028;532319.9;6008307.46;254.23
18799;532322.48;6008319.37;254.33
6507;532323.11;6008328.01;254.41
8376;532321.59;6008330.36;254.87
4667;532319.92;6008329.69;254.62
10776;532317.25;6008333.01;256.94
11926;532318.98;6008327.37;252.07
2988;532314.5;6008332.23;259.65
9387;532316.6;6008329.51;252.87
6635;532320.91;6008330.11;251.23
22982;532315.2;6008326.53;252.78
21339;532334.13;6008333.98;251.23
2620;532337.52;6008343.19;251.49
4009;532345.06;6008343.5;252.35
23731;531518.7;6008214.54;269.42
9025;531522.9;6008207.76;269.84
16686;531514.09;6008217.6;268.01
8807;531521.64;6008209.45;270.57
8657;531524.11;6008204.78;270.3
14067;531526.59;6008201.21;270.98
2303;531527.39;6008199.86;272.39
11916;531536.91;6008183.9;274.34
10581;531525.85;6008202.55;273.22
2423;531540.68;6008184.34;274.15
23778;531540.69;6008184.34;274.51
2294;531518.81;6008201.33;270.62
15005;531515.03;6008201.35;271.56
7354;531511.17;6008196.61;267.75
22687;531543.82;6008185.05;274.91
10343;531545.89;6008183.94;274.62
10641;531555.65;6008178.04;274.42
4485;531555.65;6008178.04;285.42
14361;531566.22;6008177.26;274.23
11185;531502.6;6008222.44;248.2
16940;531502.6;6008222.44;257.2
10391;531502.6;6008222.44;240.2
14319;531496.85;6008218.29;256.83
20261;531496.85;6008218.29;255.13
19270;531493.81;6008218.04;250.92
18955;531497.32;6008215.07;250.68
10227;531500.48;6008209.55;250.01
2477;531500.48;6008209.55;245.01
23720;531504.21;6008204.18;249.09
11202;532116.78;6008266.23;267.38
24064;532124.71;6008267.6;267.8
7262;532130.15;6008265.16;268.54
17531;532135.6;6008263.98;269.32
16357;532142.38;6008257.62;269.16
11396;532145.28;6008254.6;270.52
14014;532152.49;6008247.08;269.61
23445;532156.52;6008247.49;266.21
7256;532156.71;6008243.5;265.93
22828;532494.21;6008319.94;281.51
13513;532422.7;6008348.81;276.76
8241;532421.19;6008351.84;276.64
7794;532417.85;6008353.74;276.37
20806;532415.71;6008357.55;276.22
17710;532411.41;6008361.12;275.93
16269;532121.99;6008275.56;240.71
5295;532132.25;6008282.69;241.15
22901;532140.62;6008286.39;245.42
23756;532157.73;6008291.89;242.57
1586;532165.07;6008293.69;244.88
16145;532169.78;6008293.51;243.96
3878;532169.78;6008293.51;241.46
21539;532176.56;6008293.97;241.23
13860;532180.73;6008295.3;241.61
18683;532182.97;6008295.9;242.23
6752;532184.19;6008291.56;242.23
19110;532099.0;6008283.75;246.61
2679;532102.66;6008285.43;246.61
1011;532107.63;6008283.5;247.36
17335;531995.83;6008307.87;238.41
270;532000.57;6008306.26;238.59
4779;532005.4;6008300.36;240.21
6675;532001.39;6008299.34;239.48
3051;532010.46;6008295.53;240.09
14417;532012.85;6008290.71;241.23
6941;532016.43;6008290.35;241.23
7662;532016.43;6008290.35;249.83
14467;532001.38;6008290.26;251.14
11179;531324.26;6008483.22;242.63
23020;531321.11;6008486.56;242.87
10487;531318.45;6008486.12;242.87
6707;531313.67;6008484.35;243.14
17575;531311.43;6008483.87;243.3
3484;531307.99;6008484.52;243.3
3248;531306.6;6008486.47;243.26
20847;531305.89;6008489.07;243.49
24161;531304.48;6008489.54;243.65
231;531298.13;6008487.44;243.88
5759;531288.72;6008495.53;243.88
3731;531288.14;6008496.2;243.74
21720;531281.09;6008500.39;243.6
20877;531276.58;6008503.18;243.6
2912;531454.9;6008391.13;230.6
21388;531456.77;6008392.85;230.82
21116;531458.62;6008388.67;230.94
3858;531456.77;6008392.85;232.52
4042;531455.96;6008397.55;236.66
8667;531453.81;6008406.99;237.42
20153;531448.5;6008417.96;238.7
11409;531447.54;6008417.2;239.07
1522;531443.86;6008423.76;239.53
18599;531440.73;6008428.82;239.53
23490;531440.73;6008428.82;240.03
4896;531436.13;6008437.16;240.03
9063;531433.4;6008444.74;240.18
11393;531432.48;6008446.55;240.18
3090;531494.29;6008334.85;216.27
6029;531491.43;6008341.65;215.23
4094;531490.12;6008348.56;215.85
20545;531488.29;6008350.83;215.85
12842;531486.59;6008356.13;216.34
11663;531482.64;6008362.27;218.29
3653;531481.58;6008365.05;218.55
19104;531465.57;6008372.48;222.19
11036;531467.94;6008372.72;222.44
11154;531467.24;6008375.57;223.06
22766;531469.24;6008376.49;223.53
14294;531468.69;6008378.91;223.83
10190;531467.26;6008382.65;223.83
1089;531470.32;6008380.42;222.49
263;531471.27;6008378.25;220.5
20625;531394.38;6008493.92;242.22
7939;531404.77;6008492.34;241.95
9440;531407.2;6008488.02;242.25
19761;531411.24;6008486.8;242.36
295;531416.1;6008480.42;242.57
5535;531417.97;6008474.46;242.63
9142;531422.6;6008468.14;242.7
14005;531424.72;6008465.15;242.92
9756;531426.59;6008460.62;243.39
11990;531432.71;6008454.76;243.32
1362;531404.4;6008313.64;242.64
15866;531405.8;6008310.76;242.58
15259;531407.55;6008304.93;242.9
9424;531407.35;6008299.63;242.99
23419;531400.54;6008297.31;243.24
6086;531397.27;6008296.44;243.54
14793;531393.21;6008289.46;244.11
4526;531389.9;6008287.16;244.89
4732;531385.37;6008287.97;244.97
12207;531384.5;6008287.18;244.79
4049;531378.83;6008292.58;244.97
12011;531379.74;6008284.22;246.3
9954;531377.74;6008283.27;246.33
3743;531372.45;6008281.25;247.03
23027;531371.07;6008279.29;247.15
12242;531368.86;6008274.81;247.15
17797;531529.37;6008240.1;251.62
7711;531535.72;6008237.17;250.39
21822;531541.8;6008245.01;251.61
19922;531539.31;6008246.67;251.87
7049;531548.19;6008247.87;251.37
3490;531525.86;6008247.84;249.19
19960;531505.22;6008262.35;243.57
18766;531505.05;6008263.92;241.63
22749;531503.56;6008262.32;240.65
15250;531500.96;6008265.3;238.97
6477;531496.63;6008268.69;238.97
13652;531493.48;6008272.32;238.8
5054;531488.92;6008276.71;237.34
20443;531486.42;6008278.82;236.09
20928;531488.58;6008273.49;234.76
715;531487.2;6008271.28;234.8
6114;531487.96;6008265.03;234.8
18049;531483.88;6008271.81;233.02
23529;531487.96;6008265.03;237.7
11583;531485.82;6008264.25;237.98
15220;531485.22;6008255.77;238.13
17841;531487.06;6008250.69;238.32
1462;531494.7;6008242.51;238.71
16641;531500.88;6008235.64;239.04
5049;531505.89;6008231.12;238.92
21776;531505.89;6008231.12;237.77
18317;531483.18;6008274.87;232.86
151;531482.93;6008277.32;232.42
6418;531480.18;6008276.1;232.42
19413;531480.18;6008276.1;214.42
4689;531518.68;6008263.8;247.35
19184;531517.06;6008268.98;247.35
9303;531519.42;6008270.82;247.35
5350;531460.71;6008196.19;247.4
23238;531460.03;6008206.63;248.32
14962;531465.07;6008209.88;250.99
20274;531463.7;6008211.11;252.53
5290;531457.92;6008144.99;232.47
11016;531459.59;6008146.49;232.27
22624;531459.59;6008146.49;226.27
16695;531459.59;6008146.49;227.97
22675;531456.24;6008149.37;226.71
9837;531456.24;6008149.37;225.31
10843;531455.37;6008149.45;225.09
15557;531452.78;6008152.6;223.44
4775;531450.93;6008153.98;223.48
5941;531450.61;6008155.74;223.51
15076;531448.72;6008156.0;222.89
13009;531448.72;6008156.0;221.79
18424;531447.52;6008159.28;221.73
12757;531445.81;6008163.87;221.65
15548;531444.42;6008167.62;221.65
10181;531456.3;6008154.09;237.32
20674;531459.05;6008149.57;237.14
6434;531461.77;6008147.89;237.31
795;531419.02;6008109.35;241.83
11665;531419.02;6008109.35;241.03
12393;531417.35;6008106.52;241.2
21087;531417.06;6008104.57;239.83
13718;531417.06;6008104.57;238.73
2359;531417.75;6008102.06;238.59
2276;531417.95;6008097.68;238.9
385;531417.95;6008097.68;237.7
22376;531414.12;6008094.64;238.04
10395;531415.92;6008092.12;236.91
4875;531417.15;6008089.84;237.18
21736;531417.15;6008089.84;236.68
9763;531418.91;6008082.48;234.8
11805;531419.99;6008080.49;233.74
18820;531417.29;6008077.43;235.39
10902;531415.94;6008070.77;230.45
2561;531411.65;6008075.87;231.86
20943;531423.19;6008065.98;227.45
22370;531413.41;6008070.46;232.23
15593;531401.74;6008079.29;232.23
6198;531393.27;6008076.7;233.16
20391;531390.2;6008074.48;233.23
11041;531386.63;6008075.43;233.42
12301;531382.0;6008089.7;233.68
870;531376.63;6008097.97;232.65
8362;531375.54;6008100.81;232.0
11553;531375.67;6008103.31;232.09
14553;531373.46;6008109.07;233.4
18542;531375.41;6008112.72;233.47
4113;531373.12;6008113.65;233.64
21072;531370.08;6008116.4;233.64
17614;531359.34;6008127.15;233.91
24107;531354.25;6008146.18;234.25
15566;531354.95;6008148.11;234.65
3702;531348.46;6008160.85;234.65
4867;531345.94;6008166.78;237.12
8562;531343.02;6008170.96;237.12
9049;531343.02;6008170.96;236.52
5107;531344.62;6008178.45;238.01
10175;531354.13;6008182.89;241.63
1975;531352.75;6008190.69;242.74
20137;531362.34;6008202.1;246.18
2544;531356.88;6008208.61;246.48
20009;531348.34;6008220.82;246.48
22038;531344.01;6008231.04;246.67
9966;531343.88;6008238.63;246.67
17602;531345.54;6008241.1;246.31
23407;531347.19;6008247.25;246.97
7578;531349.37;6008253.58;246.86
7511;531347.89;6008258.77;246.86
15817;531348.18;6008262.97;246.86
20498;531349.58;6008269.51;246.62
11451;531360.09;6008277.15;246.4
4386;531428.53;6008062.01;226.04
10590;531431.88;6008055.3;226.04
2762;531436.05;6008048.74;224.67
14105;531435.79;6008042.93;223.64
19871;531438.59;6008034.08;223.0
13943;531437.71;6008034.33;223.0
18993;531439.97;6008028.29;222.26
1993;531437.71;6008034.33;225.5
14293;531432.93;6008032.82;226.38
12087;531430.2;6008030.72;226.99
2109;531426.96;6008027.07;227.42
2085;531424.11;6008027.15;227.97
14717;531419.0;6008026.84;228.87
8538;531441.82;6008021.15;217.47
1526;531441.82;6008021.15;215.37
519;531441.82;6008021.15;217.07
2630;531439.75;6008030.63;221.59
10948;531437.56;6008035.96;223.25
1651;531439.75;6008030.63;223.29
10062;531441.88;6008020.88;228.38
10142;531443.35;6008015.48;231.48
20761;531444.94;6008010.37;236.3
19651;531444.94;6008010.37;243.1
3134;531446.77;6008004.53;245.82
18157;531447.33;6008000.14;246.61
11282;531413.03;6008067.13;232.82
14522;531413.26;6008066.39;234.66
21085;531414.39;6008063.61;234.87
8126;531414.7;6008062.88;236.25
726;531412.87;6008060.75;237.0
14288;531412.0;6008062.45;238.1
16505;531431.78;6008351.86;245.8
23243;531460.49;6008332.87;246.87
21076;531455.17;6008330.71;247.68
23718;531451.79;6008331.0;247.41
208;531446.89;6008329.31;247.82
11594;531445.39;6008328.14;247.7
15422;531377.04;6008350.67;246.72
7145;531380.97;6008351.43;246.72
7185;531374.2;6008349.49;247.04
13469;531371.88;6008343.88;247.15
15302;531369.76;6008342.51;247.48
15346;531367.54;6008340.65;246.7
9094;531364.15;6008347.47;247.54
3316;531371.01;6008339.57;247.2
15094;531358.54;6008352.44;247.61
2826;531355.67;6008352.69;247.86
8540;531351.69;6008349.7;247.86
20028;531348.27;6008349.15;248.92
24133;531355.31;6008344.9;247.86
12874;531375.69;6008331.77;247.2
14765;531372.93;6008340.12;247.2
970;531377.47;6008331.59;247.36
120;531380.02;6008329.36;247.71
9508;531382.56;6008328.44;247.81
8350;531383.35;6008325.24;247.98
20061;531386.04;6008323.5;248.03
21987;531386.4;6008321.94;248.03
1777;531380.49;6008320.03;248.03
12105;531384.63;6008311.92;247.88
10672;531387.99;6008307.45;247.68
8846;531390.32;6008301.67;246.8
3884;531393.48;6008295.21;248.59
5112;531388.68;6008296.58;248.86
9917;531397.64;6008296.1;250.32
23321;531391.95;6008296.78;248.86
1219;531395.23;6008291.61;248.8
16513;531384.72;6008295.31;249.97
513;531386.75;6008300.55;248.86
19750;531379.95;6008300.42;250.21
4127;531387.6;6008292.72;250.44
15829;531379.54;6008305.93;250.59
2880;531375.18;6008305.54;250.21
9406;531387.6;6008292.72;255.44
3608;531385.43;6008303.24;248.86
22786;531386.75;6008300.55;252.26
8183;531385.28;6008303.69;255.85
22539;531397.64;6008296.1;256.42
2087;531397.19;6008299.0;249.16
16600;531376.48;6008305.61;250.91
9046;531375.18;6008306.7;251.06
13689;531371.13;6008303.76;254.56
19616;531374.31;6008307.92;251.06
9247;531371.13;6008303.76;257.56
6010;531372.44;6008305.37;256.29
1026;531369.24;6008304.14;254.89
21334;531371.49;6008303.36;255.62
13277;531371.12;6008303.48;254.99
7575;531371.21;6008304.35;252.91
17623;531372.87;6008304.03;256.37
667;531370.11;6008306.47;250.28
9066;531665.92;6008084.3;283.94
7534;531558.52;6008202.84;235.45
5917;531556.6;6008205.28;235.45
2602;531551.03;6008212.34;235.45
11825;531649.52;6008118.29;253.26
316;531655.91;6008094.67;252.16
15667;531662.83;6008099.75;252.52
1134;531654.13;6008097.23;252.49
1704;531652.2;6008099.63;253.73
15639;531649.74;6008100.59;256.56
13506;531649.66;6008099.23;259.23
14314;531649.66;6008099.23;267.23
8669;531660.05;6008105.03;252.1
21709;531815.76;6008151.39;265.81
21402;531830.24;6008163.07;268.4
7701;531830.24;6008163.07;278.4
2535;531835.24;6008166.3;261.63
4181;531837.87;6008165.69;261.45
5064;531908.25;6008101.95;263.81
1236;531911.24;6008098.1;263.21
14468;531778.18;6008163.88;260.23
9697;531778.18;6008163.88;259.63
14514;531773.93;6008160.88;259.81
18611;531770.51;6008159.03;259.95
13785;531771.68;6008164.18;258.89
17427;531766.78;6008160.36;260.51
922;531768.17;6008170.45;259.14
5017;531763.06;6008169.53;259.5
2249;531788.67;6008184.23;251.97
13991;531789.91;6008184.25;251.75
23460;531790.35;6008183.48;251.6
14146;531773.22;6008186.57;261.96
14160;531770.59;6008185.91;263.23
23478;531767.12;6008196.21;261.96
24137;531762.58;6008199.12;261.96
15728;531760.71;6008198.79;261.96
15881;531730.46;6008244.02;246.32
14840;531727.67;6008240.94;246.25
3204;531728.88;6008236.94;246.54
6465;531732.91;6008231.94;247.56
22877;531730.0;6008228.23;247.56
4353;531731.17;6008225.58;247.56
11782;531734.1;6008223.36;247.95
14952;531732.17;6008221.06;247.95
23293;531901.32;6008044.35;250.95
22917;531764.04;6007949.28;242.94
17955;531757.24;6007944.19;242.94
16010;531753.99;6007937.88;243.06
5121;531741.65;6007932.42;243.06
13105;531737.12;6007920.14;243.29
1262;531730.89;6007914.36;243.29
11533;531720.11;6007913.63;243.1
23518;531914.28;6008087.98;250.79
3998;531911.1;6008086.0;250.72
7660;531913.35;6008083.19;250.72
16662;531916.08;6008079.93;251.7
11543;531916.08;6008079.93;252.74
7737;531908.16;6008069.52;252.52
762;531907.5;6008070.88;252.36
6782;531907.5;6008070.88;250.84
15477;531726.32;6008276.18;235.76
11769;531790.59;6008201.08;252.57
5403;531794.82;6008200.99;251.03
4705;531796.86;6008198.27;251.03
3398;531796.92;6008203.0;251.03
5482;531800.13;6008193.91;252.29
5501;531873.81;6008139.4;257.93
10319;531870.6;6008142.4;257.78
2807;531870.97;6008147.45;257.78
1536;531872.72;6008147.06;257.5
6488;531872.72;6008147.06;253.9
15997;531871.56;6008146.11;258.4
1577;531874.49;6008146.72;253.9
13433;531877.84;6008150.97;254.47
736;531878.66;6008150.23;254.74
3017;531880.32;6008150.51;254.95
10892;531881.21;6008151.23;255.09
10118;531881.45;6008152.25;255.18
14057;531881.45;6008152.25;258.13
8144;531891.02;6008159.15;258.34
9814;531896.31;6008159.51;258.52
21721;531906.03;6008165.53;258.52
13520;531904.68;6008172.61;258.52
13057;531907.32;6008173.82;258.63
2690;531916.25;6008171.06;258.79
16389;531918.42;6008170.26;259.59
1097;531916.51;6008174.71;259.3
18249;531921.42;6008170.3;259.48
6239;531912.44;6008177.48;259.91
23119;531905.48;6008187.49;260.12
22722;531910.12;6008190.03;260.58
13581;531911.69;6008189.4;261.0
21393;531913.23;6008190.94;260.74
3306;531916.79;6008190.55;261.18
10700;531916.79;6008190.55;262.18
10406;531920.15;6008191.38;262.66
12373;531921.46;6008190.26;263.19
9456;531923.91;6008191.15;263.19
21203;531913.53;6008205.54;263.5
15056;531923.91;6008191.15;260.33
22391;531900.14;6008222.79;264.26
15365;531900.14;6008222.79;267.01
9636;531896.16;6008227.25;267.53
10261;531893.57;6008230.7;266.69
15745;531894.86;6008232.68;267.11
19031;531899.51;6008232.18;267.6
14102;531899.51;6008232.18;266.6
21886;531904.38;6008232.76;267.56
15932;531904.38;6008232.76;268.51
2774;531905.62;6008232.97;268.51
19601;531915.12;6008230.4;268.85
5069;531919.1;6008230.17;268.15
13471;531927.82;6008228.76;268.61
23406;531928.33;6008228.7;268.8
4262;531928.77;6008228.91;268.61
20031;531928.93;6008229.22;268.77
17193;531930.58;6008228.89;269.07
15523;531930.82;6008228.43;268.61
8719;531933.67;6008227.91;268.71
14423;531933.67;6008227.91;267.86
22822;531935.0;6008229.28;268.3
4046;531930.66;6008235.29;269.34
11024;531925.32;6008243.57;271.26
18695;531923.42;6008247.68;272.06
20082;531921.67;6008252.53;272.97
11615;531926.78;6008248.21;270.53
17378;531926.78;6008248.21;279.53
18868;531926.78;6008248.21;277.45
12975;531931.6;6008246.0;277.82
4429;531931.6;6008246.0;286.03
23402;531928.43;6008249.14;280.4
20860;531932.9;6008242.65;287.95
15488;531932.9;6008242.65;292.47
19870;531934.8;6008240.71;292.47
13518;531939.48;6008239.12;292.81
1054;531941.24;6008236.46;292.81
23583;531947.47;6008234.47;293.15
9405;531949.6;6008229.52;293.44
18716;531949.91;6008226.22;293.44
69;531947.63;6008226.01;293.64
5800;531869.43;6008152.02;260.74
20952;531865.6;6008157.52;259.56
3837;531867.44;6008158.33;259.56
16728;532002.2;6008112.91;270.66
23176;531988.76;6008110.66;264.84
9999;531976.91;6008110.5;263.7
21131;531973.22;6008108.12;263.43
13654;532024.48;6008103.09;262.72
6932;532057.4;6008149.96;254.78
18536;532056.25;6008152.24;254.78
8691;532058.24;6008154.01;255.25
18640;532065.04;6008155.07;255.37
23232;532071.79;6008158.32;255.5
14922;531941.11;6008087.06;225.39
17136;531943.54;6008081.27;226.62
3814;531946.89;6008080.49;226.38
11835;531950.17;6008077.71;226.6
19911;531952.89;6008077.17;227.04
12098;531953.75;6008076.02;227.04
9156;531956.02;6008076.62;227.28
23797;531957.77;6008074.7;227.37
9729;531961.66;6008073.94;227.93
10669;531964.41;6008071.78;228.18
18243;531932.98;6008089.89;254.2
6118;531932.98;6008089.89;256.8
24012;531936.88;6008084.86;258.87
23156;531943.35;6008091.06;263.84
20419;531951.73;6008096.47;265.07
17997;531951.44;6008092.41;266.47
15762;531953.51;6008085.1;264.29
21452;531960.51;6008091.83;265.14
8128;531959.24;6008093.53;266.09
6889;531962.18;6008078.03;269.04
23693;531965.92;6008083.35;268.87
6697;531973.6;6008083.86;269.0
18833;531979.83;6008079.78;269.2
23036;531982.43;6008068.33;270.33
22905;531983.74;6008065.64;270.59
875;531983.6;6008063.7;271.04
10954;531988.65;6008068.23;270.59
22880;531978.73;6008060.19;271.04
17398;531990.13;6008064.53;270.94
15719;531993.4;6008066.67;270.68
7034;531991.94;6008063.72;271.11
8674;531996.54;6008059.25;273.07
7613;532002.04;6008063.83;270.99
21729;532004.34;6008065.75;271.1
1654;532012.71;6008059.04;271.3
15290;532012.71;6008059.04;271.9
10470;531999.62;6008122.98;272.52
20473;532000.46;6008123.3;273.16
20129;532001.75;6008122.28;275.43
21118;532004.04;6008122.97;275.39
14236;532005.45;6008121.91;276.32
10806;532008.62;6008122.81;276.38
24261;532010.32;6008122.62;276.41
17235;532012.64;6008122.03;276.54
533;532012.64;6008122.03;277.44
7763;532015.95;6008118.7;277.44
16938;532018.76;6008117.99;277.59
21863;532018.76;6008117.99;278.59
7858;532017.55;6008121.02;279.11
12666;532017.55;6008121.02;280.61
2197;532015.32;6008122.16;280.56
12185;532015.32;6008122.16;286.91
19766;532012.77;6008125.12;286.08
126;532012.77;6008125.12;297.28
9095;532016.02;6008126.84;297.67
21992;532007.77;6008130.89;297.99
17671;532016.98;6008126.54;297.68
23107;532026.97;6008126.69;297.86
14223;531765.21;6007990.6;225.19
3503;531852.1;6008141.75;262.9
11627;531856.09;6008143.6;262.94
13375;531853.77;6008146.7;261.97
821;531851.33;6008153.87;261.9
18141;531845.17;6008158.21;261.31
8135;531842.68;6008161.55;260.76
6681;531841.27;6008164.89;260.48
1513;531838.05;6008166.54;260.32
15534;531836.34;6008166.37;260.22
15425;531834.84;6008168.17;260.07
1222;531831.97;6008168.53;259.9
23198;531831.08;6008170.29;259.91
5564;531826.84;6008170.08;260.1
473;531822.95;6008166.95;260.14
11736;531818.7;6008164.42;260.62
7863;531822.95;6008166.95;259.05
17863;531816.13;6008170.61;258.58
3845;531811.86;6008177.75;256.5
11119;531811.02;6008179.07;254.64
24244;531809.19;6008179.04;254.58
7022;531805.89;6008184.15;253.4
3359;531802.32;6008183.59;253.02
12349;531801.51;6008183.97;252.83
5872;531796.31;6008182.1;253.12
11868;531796.31;6008182.1;252.07
24270;531794.64;6008182.02;251.52
13135;531791.94;6008182.75;252.12
21830;531925.57;6008189.15;260.17
10786;531926.89;6008187.03;260.02
1646;531929.41;6008188.04;259.93
12217;531930.31;6008186.26;259.93
20950;531930.85;6008184.82;260.03
19954;531934.71;6008181.68;260.29
2370;531939.79;6008181.57;260.29
12167;531942.3;6008178.55;260.57
22945;531947.96;6008178.73;260.57
17135;531956.92;6008177.45;260.88
13211;531961.29;6008171.59;260.88
9703;531965.89;6008170.17;260.88
8399;531970.66;6008170.49;261.05
22544;531973.98;6008169.2;261.11
12899;531977.36;6008170.04;261.36
19199;531975.77;6008171.89;261.44
12937;531979.29;6008166.53;261.36
2083;531973.35;6008174.24;261.92
20435;531972.33;6008175.81;262.18
8882;531965.84;6008185.87;261.34
8753;531960.53;6008192.25;261.34
7487;531957.0;6008190.91;261.74
13096;531953.12;6008191.33;261.95
22512;531949.27;6008198.34;261.95
5110;531950.83;6008199.23;261.95
7466;531946.75;6008203.77;262.26
11750;531955.74;6008197.9;262.39
12363;531956.04;6008201.29;262.39
14633;531956.04;6008201.29;287.39
18681;532043.03;6007953.78;234.78
13936;532041.72;6007954.87;234.71
21809;532044.06;6007955.53;234.78
11258;532041.98;6007956.25;234.66
10317;532043.11;6007957.36;234.53
4076;532043.61;6007958.23;234.52
732;532044.0;6007959.15;234.46
13512;532041.5;6007959.89;234.46
17656;532040.0;6007961.05;234.4
22040;532039.07;6007962.83;234.26
6976;532038.59;6007964.86;234.14
19061;532037.91;6007966.08;234.05
10254;532035.92;6007966.31;234.03
18856;532033.04;6007965.98;233.92
21147;532032.46;6007965.05;233.98
583;532032.5;6007963.85;234.08
19776;532031.74;6007962.8;234.0
21668;532030.45;6007961.84;233.95
8403;532027.21;6007960.58;233.6
2080;532026.93;6007962.45;233.66
16252;532026.4;6007963.3;233.69
21399;532025.64;6007963.08;233.55
5913;532024.77;6007963.9;233.52
23062;532023.78;6007964.75;233.51
23781;532023.97;6007965.32;233.51
17520;532023.33;6007966.45;233.53
19503;532023.99;6007968.12;233.41
10582;532024.78;6007969.51;233.44
1563;532024.88;6007971.02;233.39
19950;532025.86;6007972.39;233.26
17521;532026.03;6007974.18;233.15
19716;532025.45;6007975.66;233.21
9610;532025.81;6007976.01;233.15
23847;532028.16;6007975.17;233.18
23186;532030.32;6007976.44;233.2
23844;532030.61;6007980.13;233.2
9050;532044.93;6007957.44;234.76
11157;532046.97;6007957.92;234.88
10869;532048.71;6007959.57;234.96
23446;532051.01;6007957.22;235.12
3896;532052.99;6007956.23;235.23
2165;532054.16;6007957.6;235.18
1199;532054.16;6007957.6;237.38
19374;532053.57;6007958.68;237.81
7427;532052.89;6007960.72;236.54
17965;532052.56;6007961.71;235.93
23564;532052.72;6007963.09;235.78
21155;532051.53;6007965.84;235.78
21915;532051.37;6007966.51;235.92
22161;532053.9;6007968.12;235.95
172;532050.47;6007966.96;235.92
19574;532052.85;6007972.9;235.95
15532;532057.03;6007974.8;236.04
5659;532056.7;6007979.07;235.65
22191;532062.37;6007979.71;236.0
5786;532055.44;6007981.42;235.25
17538;532064.5;6007982.48;236.07
793;532068.28;6007982.17;236.1
15031;532073.0;6007983.75;236.15
8420;532081.77;6007984.27;236.07
3778;532081.21;6007984.69;236.07
20004;532085.35;6007988.88;235.96
12896;532086.61;6007994.11;235.3
6048;532090.42;6007988.76;235.65
5894;532094.86;6007989.5;235.65
7934;532103.37;6007991.06;235.34
20996;532111.09;6007995.41;234.88
2612;532114.92;6007994.69;234.74
2977;532118.65;6007996.47;234.67
22077;532123.31;6007994.62;234.85
13340;532123.38;6007991.56;234.85
21242;532126.1;6007988.88;235.05
5115;532130.63;6007991.54;235.97
1229;532134.3;6007991.76;235.97
147;532135.55;6007994.62;235.53
937;532138.24;6007995.95;235.69
20649;532142.49;6007992.44;236.17
11105;532143.55;6007987.63;236.17
16424;532145.57;6007983.37;237.01
16667;532147.1;6007979.05;237.33
11943;532148.15;6007974.24;238.1
11883;532144.71;6007968.41;238.58
17599;532054.45;6007982.47;235.25
19810;532053.97;6007983.56;235.37
42;532052.41;6007984.35;235.37
23749;532054.13;6007988.69;235.33
8843;532053.98;6007990.59;235.38
7099;532052.78;6007993.12;235.33
6834;532050.0;6007996.62;234.88
3656;532048.67;6007997.68;234.81
19189;532047.17;6007996.69;234.81
7720;532046.03;6007998.57;234.68
3101;532043.46;6008003.31;234.3
17213;532040.31;6008004.25;234.2
7818;532037.83;6008006.86;234.13
21724;532031.41;6008005.33;233.93
21266;532024.23;6008005.66;233.79
10795;532023.0;6008010.09;233.74
12315;532022.17;6008011.34;233.82
6264;532113.02;6007865.47;240.02
6426;532110.42;6007864.48;240.05
19079;532109.05;6007862.14;240.07
20579;532107.4;6007859.31;240.1
15513;531743.24;6008313.48;236.03
20470;531743.24;6008313.48;237.03
19220;531747.07;6008316.68;237.03
10348;531741.28;6008294.31;245.83
4982;531747.12;6008286.91;246.98
4363;531747.12;6008286.91;247.18
14371;531747.12;6008286.91;277.18
5967;531709.6;6008300.95;227.91
17613;531707.72;6008297.58;228.95
16396;531750.45;6008280.74;293.29
6074;531777.83;6008252.8;290.37
4855;531778.12;6008251.35;290.21
14166;531777.22;6008246.53;290.04
8489;531780.2;6008242.17;289.67
7101;531777.22;6008246.53;293.54
678;531783.24;6008241.59;289.62
13292;531778.82;6008239.44;288.74
3230;531786.77;6008240.6;289.17
10920;531786.06;6008237.68;289.17
12304;531787.97;6008235.37;289.17
6234;531793.83;6008229.35;289.17
7694;531797.72;6008225.08;288.66
13645;531801.14;6008218.74;288.66
15174;531773.95;6008245.29;293.66
7471;531772.23;6008244.74;293.76
11399;531768.04;6008245.64;294.06
2472;531764.92;6008245.16;294.56
23323;531764.84;6008247.77;295.83
5812;531763.91;6008246.06;297.7
1137;531763.45;6008242.31;298.1
7316;531763.2;6008240.33;298.24
18591;531808.63;6008264.84;256.21
3876;531808.63;6008264.84;248.71
3402;531804.49;6008266.12;250.55
13842;531788.84;6008285.6;250.11
16937;531746.78;6008315.77;244.46
23292;531744.79;6008315.1;244.54
616;531740.99;6008320.98;244.29
9970;531738.3;6008324.45;244.29
13397;531736.69;6008323.9;244.32
20092;531736.69;6008323.9;237.82
4359;531755.88;6008253.74;293.47
7206;531756.63;6008252.12;293.66
15941;531758.86;6008252.51;293.7
7060;531763.25;6008252.5;293.39
20731;531764.37;6008248.54;293.46
3187;531767.94;6008242.31;293.71
4511;531770.28;6008235.82;293.71
1905;531772.53;6008231.35;293.98
16091;532110.83;6008255.71;246.98
19033;532110.53;6008256.74;247.07
5506;532110.53;6008256.74;249.06
9851;532108.33;6008255.88;248.64
18051;532105.56;6008256.66;249.25
18161;532104.25;6008258.59;249.46
17221;532108.23;6008261.63;249.37
18862;532109.08;6008262.77;249.09
15486;532104.38;6008267.25;248.75
932;532100.01;6008270.17;248.29
7861;532099.89;6008279.17;248.29
14862;532108.88;6008279.3;248.29
20011;532250.77;6008167.79;259.09
12605;532242.45;6008167.67;259.82
10053;532263.2;6008165.08;260.49
17232;532264.67;6008170.9;260.49
21154;532272.76;6008159.66;256.81
4259;532284.1;6008150.74;257.56
9777;532284.1;6008150.74;256.64
12056;532290.49;6008149.12;256.41
2236;532293.09;6008148.27;256.41
18690;532300.11;6008147.26;256.29
12763;532300.11;6008147.26;257.99
22269;532302.24;6008146.39;258.23
8198;532304.84;6008147.07;258.51
6340;532307.43;6008144.46;258.45
851;532308.73;6008141.52;257.15
8058;532308.73;6008141.52;258.85
22024;532312.15;6008139.29;259.06
8349;532314.98;6008139.03;259.31
939;532319.9;6008136.61;259.7
22466;532326.15;6008139.51;259.7
22443;532323.29;6008153.17;259.7
7676;532323.56;6008154.22;259.58
21171;532329.14;6008153.66;259.48
14442;532333.69;6008156.11;259.67
20327;532336.58;6008155.07;259.67
20326;532336.93;6008153.62;259.72
14531;532336.93;6008153.62;260.07
12769;532344.06;6008147.69;259.91
13906;532349.17;6008147.36;260.26
738;532350.24;6008147.9;260.47
8177;532352.65;6008147.39;260.56
14948;532356.24;6008145.0;261.17
21533;532357.6;6008145.91;260.85
4122;532360.52;6008143.62;261.91
18534;532364.79;6008140.26;261.91
5366;532364.79;6008140.26;261.51
3339;532366.56;6008138.77;261.27
11634;532368.55;6008138.8;261.66
14731;532371.16;6008138.16;261.37
7006;532372.33;6008136.16;263.25
5952;532372.32;6008136.46;263.7
9384;532373.84;6008135.69;264.61
16723;532375.78;6008135.98;264.67
20207;532378.83;6008132.5;264.76
6742;532378.83;6008132.5;266.15
21584;532380.8;6008127.17;266.24
5277;532380.8;6008127.17;263.73
10332;532379.96;6008125.57;265.15
13337;532382.23;6008125.02;264.66
12630;532381.84;6008123.53;264.47
8922;532382.56;6008123.61;263.49
8456;532383.14;6008123.12;265.29
1515;532384.79;6008120.41;265.51
16404;532386.55;6008116.33;267.98
18633;532391.5;6008114.85;268.89
1816;532387.1;6008115.49;268.66
6569;532393.83;6008111.0;269.21
3675;532386.49;6008114.42;269.89
17936;532386.49;6008114.42;271.62
13965;532389.22;6008113.34;272.3
5037;532381.47;6008121.99;263.42
19019;532379.48;6008121.13;265.17
983;532377.64;6008119.67;265.4
19107;532376.83;6008117.81;265.36
15010;532375.63;6008116.02;265.48
8201;532378.16;6008112.93;265.41
3852;532378.37;6008107.47;266.27
8873;532381.11;6008102.6;267.06
22919;532380.63;6008101.49;266.33
6584;532382.33;6008099.92;266.82
9849;532380.09;6008098.56;267.29
12800;532379.95;6008096.47;268.0
10245;532379.16;6008094.56;267.13
18123;532382.63;6008090.61;267.4
8295;532386.58;6008085.96;267.83
2269;532386.37;6008082.69;268.23
15818;532387.27;6008079.8;268.05
17079;532387.34;6008076.96;268.75
4334;532388.96;6008076.18;268.81
15567;532388.96;6008076.18;268.73
4988;532391.85;6008069.13;268.99
15670;532392.82;6008068.49;268.72
5651;532393.22;6008066.01;268.14
1868;532395.71;6008061.93;268.48
12826;532394.38;6008059.28;268.58
8297;532393.7;6008058.68;268.83
12914;532393.13;6008057.51;269.84
7531;532393.75;6008056.07;270.06
1047;532395.7;6008052.75;271.16
21298;532395.02;6008051.46;270.48
15797;532394.86;6008048.04;271.86
12229;532398.99;6008035.54;273.24
17729;532398.99;6008035.54;272.92
24096;532400.59;6008033.44;273.48
22777;532400.47;6008030.8;273.67
8312;532401.72;6008029.16;273.52
23507;532401.98;6008027.64;273.74
17641;532401.5;6008026.47;273.06
22813;532402.97;6008025.11;273.31
19059;532405.06;6008024.44;273.54
9259;532411.18;6008017.47;276.2
161;532411.19;6008016.23;278.19
4449;532410.29;6008012.21;279.45
19060;532409.82;6008011.53;281.47
1940;532410.87;6008013.09;279.07
22833;532416.78;6008011.38;279.39
20824;532410.19;6008011.76;278.94
16565;532413.16;6008009.93;279.07
17257;532411.33;6008015.9;277.86
7308;532410.19;6008011.76;278.24
11484;532408.9;6008010.64;276.81
10559;532413.53;6008017.33;278.46
18119;532414.63;6008015.86;280.12
19050;532416.41;6008012.89;282.12
6666;532288.81;6008244.07;265.19
23501;532314.92;6008240.58;266.13
16602;532336.9;6008284.1;273.11
4687;532342.24;6008277.91;273.9
302;532344.81;6008277.54;273.9
20170;532349.37;6008274.56;274.18
18364;532351.63;6008271.54;274.18
7293;532352.44;6008270.7;274.18
15776;532353.7;6008270.23;274.28
13624;532354.83;6008267.27;274.45
17252;532356.73;6008266.82;274.56
3265;532359.74;6008266.06;274.81
13452;532360.2;6008264.64;274.82
15188;532362.05;6008265.15;274.96
2384;532363.17;6008260.59;275.41
10785;532365.4;6008257.26;275.66
5852;532375.51;6008137.41;280.23
19187;532373.58;6008135.43;280.47
19563;532372.4;6008128.58;281.63
6617;532373.15;6008132.92;280.9
11017;532373.15;6008132.92;281.53
19633;532379.43;6008131.28;282.27
19435;532380.13;6008126.18;282.94
22850;532413.37;6008135.63;282.96
6318;532429.28;6008137.34;283.5
11828;532431.3;6008140.42;283.41
20737;532434.53;6008142.19;283.57
22570;532436.05;6008141.23;283.55
2540;532437.81;6008135.04;284.29
21376;532440.95;6008131.75;284.8
7381;532443.77;6008128.49;285.29
22510;532289.45;6008246.49;256.6
5948;532540.94;6008308.61;285.17
10338;532547.96;6008307.73;285.73
9376;532549.43;6008300.73;286.16
9208;532552.4;6008298.31;286.23
18174;532555.01;6008297.65;286.47
11608;532556.1;6008293.23;286.63
18462;532560.88;6008291.47;286.98
4883;532563.82;6008289.89;287.21
21353;532531.93;6008258.1;291.68
10707;532542.0;6008251.2;291.68
9230;532546.83;6008248.8;291.68
11173;532549.81;6008249.2;291.68
6004;531524.31;6008364.72;277.09
15400;531537.62;6008372.26;291.24
1887;531534.95;6008364.12;278.96
13947;531534.95;6008364.12;280.66
4068;531526.39;6008363.23;279.9
125;531528.17;6008362.44;280.61
23517;531526.39;6008363.23;282.1
14640;531527.84;6008365.04;283.03
15860;531527.84;6008365.04;285.93
17309;531525.83;6008371.04;284.47
23628;531520.33;6008369.2;284.57
17514;531513.3;6008365.39;284.29
15273;531513.3;6008365.39;284.59
5918;531508.14;6008369.35;284.71
8962;531505.84;6008375.54;284.71
10398;531528.17;6008362.44;286.01
13662;531529.55;6008360.89;286.72
9931;531530.47;6008353.16;289.87
6637;531529.34;6008351.92;289.63
20231;531528.33;6008349.75;289.84
10781;531522.35;6008387.33;272.59
12357;531525.59;6008388.02;272.41
20906;531528.69;6008388.52;272.36
8572;531529.71;6008386.27;273.67
18786;531527.69;6008392.95;271.14
3243;531531.22;6008385.76;273.74
15130;531531.84;6008381.51;273.1
1253;531536.35;6008379.58;273.1
20323;531537.59;6008374.13;274.29
16622;531532.63;6008372.15;274.06
7364;531535.68;6008370.15;274.9
24120;531537.63;6008366.47;274.09
15877;531520.98;6008369.59;274.29
2222;531523.32;6008368.81;274.7
7882;531513.73;6008390.49;272.95
13716;531512.92;6008393.36;273.21
12547;531512.92;6008393.36;275.01
8529;531527.69;6008392.95;265.74
11387;531526.66;6008393.19;266.24
11774;531528.93;6008393.43;265.79
20213;531528.39;6008395.64;264.01
22032;531530.22;6008394.66;262.27
10617;531530.22;6008394.66;258.07
14562;531530.47;6008392.56;257.88
3753;531530.47;6008392.56;257.08
5333;531532.61;6008388.97;256.76
10779;531521.01;6008321.83;242.96
20702;531523.4;6008320.38;243.05
5303;531520.69;6008317.87;243.38
22074;531522.19;6008316.43;243.16
3694;531522.19;6008316.43;242.46
11896;531525.81;6008315.02;242.87
18208;531496.79;6008350.92;219.8
18381;531499.48;6008344.07;227.23
13200;531499.48;6008344.07;216.66
14418;531497.69;6008349.8;227.23
17607;531499.48;6008344.07;219.98
22087;531495.8;6008347.46;216.66
22435;531497.46;6008350.57;219.98
9746;531510.76;6008327.78;243.58
20900;531505.87;6008326.35;243.85
15610;531501.11;6008326.92;243.85
23950;531494.71;6008323.62;243.72
12310;531493.9;6008326.59;243.88
1474;531483.73;6008325.83;244.06
18267;531482.53;6008325.8;244.08
14896;532465.13;6008111.95;272.55
1568;532468.46;6008111.36;272.79
18067;532458.8;6008130.81;288.85
12399;532454.97;6008134.02;288.85
6836;532462.76;6008131.36;288.85
21892;532463.99;6008127.56;288.85
4403;532465.03;6008116.68;288.29
9775;532465.43;6008114.93;288.29
22868;532465.43;6008114.93;284.99
21803;532470.89;6008116.18;284.99
6102;532476.03;6008117.86;311.77
19124;532475.54;6008113.2;312.18
5560;532472.44;6008120.41;289.7
23760;532470.21;6008130.06;289.53
23586;532478.12;6008118.23;289.91
7441;532475.7;6008111.4;289.2
9047;532478.12;6008118.23;287.71
18884;532482.29;6008117.79;289.77
5568;532477.72;6008113.68;284.64
2836;532477.2;6008107.72;284.11
6143;532484.93;6008121.55;289.68
8557;532496.83;6008125.41;289.9
17199;532482.5;6008098.05;289.98
209;532477.98;6008101.34;290.08
15013;532473.66;6008099.51;290.49
22042;532468.74;6008100.38;290.49
22389;532462.23;6008105.85;290.34
6871;532458.65;6008109.57;289.15
15053;532460.44;6008109.41;289.12
14576;532452.03;6008112.66;289.02
3864;532460.44;6008109.41;285.82
9916;532457.86;6008110.9;285.5
13114;532450.59;6008113.33;288.99
7110;532453.26;6008110.52;285.99
17145;532453.63;6008112.68;283.39
21320;532450.54;6008120.76;279.71
23283;532450.54;6008120.76;275.31
14249;532445.57;6008126.9;274.06
15901;532442.26;6008136.16;264.72
7462;532441.95;6008142.17;263.66
10657;532442.88;6008144.24;263.98
19533;532437.89;6008147.74;263.66
22221;532432.03;6008154.03;263.51
12754;532427.31;6008153.62;261.6
13015;532425.83;6008156.66;260.37
18409;532423.8;6008159.68;261.01
24208;532423.4;6008162.5;259.36
12037;532423.11;6008165.89;257.24
17802;532451.6;6008119.51;268.92
4112;532455.89;6008111.76;269.69
17523;532459.13;6008107.46;270.83
23143;532426.06;6008122.46;270.61
2758;532428.89;6008119.63;270.68
22415;532435.02;6008129.22;267.02
12141;532440.5;6008127.38;267.02
3658;532460.62;6008120.64;280.26
4260;532460.46;6008120.05;279.91
2933;532460.46;6008120.05;277.01
13938;532458.18;6008120.21;276.79
23178;532453.83;6008123.61;278.86
5468;532453.83;6008123.61;281.46
16726;532635.06;6008119.89;287.41
2265;532637.73;6008118.35;287.79
14091;532636.92;6008121.86;287.79
10525;532641.19;6008118.71;289.35
1264;532643.21;6008116.55;289.87
16620;532644.79;6008114.52;290.23
2073;532646.95;6008113.28;290.45
2813;532646.79;6008114.26;290.59
5264;532649.67;6008113.54;291.0
1541;532610.88;6008151.77;286.57
78;532609.87;6008147.93;287.82
12223;532609.87;6008147.93;289.42
5772;532612.47;6008145.8;289.98
243;532471.1;6008299.13;251.84
1077;532472.31;6008302.52;251.74
5038;532463.52;6008306.14;251.58
13841;532458.73;6008316.14;251.29
6820;532448.12;6008321.88;250.34
6818;532448.81;6008323.01;252.09
19955;532439.56;6008335.04;251.17
19660;532442.14;6008338.45;250.68
10794;532613.57;6008096.17;304.67
11415;532618.35;6008092.42;305.9
13729;532618.35;6008092.42;305.1
23611;532618.97;6008087.92;305.78
7159;532620.43;6008087.03;306.6
10276;532625.34;6008085.88;307.36
12908;532626.65;6008083.05;307.99
4180;532629.88;6008080.68;307.81
2078;532632.75;6008080.78;308.24
17865;532634.08;6008078.92;308.5
7098;532614.41;6008105.68;300.11
9207;532615.5;6008107.98;299.59
14779;532614.63;6008108.88;298.97
20617;532615.36;6008111.21;297.8
21438;532612.54;6008110.52;297.53
377;532579.5;6008191.69;274.11
5725;532576.36;6008196.21;274.25
2093;532580.0;6008192.26;273.93
4071;532578.21;6008196.3;274.64
19487;532580.0;6008192.26;272.55
17226;532578.21;6008196.3;274.29
23014;532578.77;6008193.96;272.11
1948;532577.16;6008194.37;271.9
14777;532576.11;6008197.25;271.14
1491;532570.23;6008204.26;269.69
21486;532564.92;6008211.71;268.4
9042;532563.47;6008212.35;268.01
6175;532563.05;6008212.17;267.95
21468;532562.06;6008213.64;268.36
2660;532562.06;6008213.64;267.94
21234;532620.76;6008024.42;303.08
9612;532623.2;6008022.74;304.16
7012;532618.69;6008019.54;306.4
6285;532617.41;6008022.27;306.13
5435;532628.33;6008011.82;310.89
6538;532617.41;6008022.27;310.73
2155;532614.02;6008024.89;312.29
2722;532625.42;6008007.12;313.13
20352;532603.54;6008114.27;293.4
16440;532602.22;6008121.2;292.84
10551;532604.33;6008125.12;292.73
17368;532605.52;6008124.72;293.03
17277;532604.33;6008125.12;285.73
2751;532607.23;6008125.17;293.94
3699;532607.23;6008125.17;295.87
19194;532614.44;6008127.63;298.28
194;532619.76;6008113.99;293.87
22985;532624.07;6008114.51;294.06
6201;532627.27;6008115.6;294.09
8046;532604.4;6008177.84;276.96
954;532604.4;6008177.84;279.96
305;532520.43;6008188.15;272.99
14782;532520.43;6008188.15;270.99
7749;532496.95;6008193.62;261.46
5135;532498.49;6008198.04;262.04
20913;532497.06;6008199.12;262.95
637;532496.95;6008202.6;263.5
22557;532498.84;6008204.84;263.45
15173;532497.42;6008206.44;264.74
2676;532499.71;6008212.66;263.82
9734;532499.71;6008212.66;260.82
18244;532474.34;6008189.0;264.93
7373;532478.34;6008192.44;265.62
9433;532478.96;6008194.88;266.28
7191;532480.37;6008196.02;267.14
6743;532478.24;6008198.16;268.33
21674;532479.39;6008200.07;268.46
7204;532482.64;6008201.51;268.43
8043;532408.63;6008190.91;259.86
10364;532406.73;6008191.88;259.14
14426;532407.48;6008190.4;257.52
20094;532396.36;6008199.75;259.94
23750;532411.38;6008188.04;256.99
11636;532391.05;6008201.2;259.79
3471;532394.05;6008197.3;260.26
855;532392.26;6008196.9;260.5
20309;532390.87;6008196.1;261.44
4805;532442.46;6008177.51;258.75
10538;532440.47;6008175.61;258.62
16443;532435.07;6008176.08;258.17
21706;532433.1;6008177.46;257.49
13479;532431.17;6008176.77;257.43
18902;532423.44;6008176.37;257.05
1600;532420.49;6008179.42;256.92
8486;532417.84;6008177.95;257.26
7960;532416.73;6008178.38;256.88
7827;532416.21;6008180.45;256.66
6882;532414.79;6008181.28;256.55
22090;532412.11;6008183.45;256.33
2701;532409.9;6008182.77;255.93
12632;532406.91;6008183.92;255.77
702;532406.08;6008186.22;255.7
24055;532403.83;6008187.8;255.62
3343;532401.16;6008187.13;255.48
2309;532397.02;6008189.53;255.09
21835;532397.02;6008191.23;253.77
20466;532397.02;6008191.23;251.72
17774;532578.1;6008118.5;285.14
15912;532582.75;6008113.55;288.31
9534;532584.89;6008109.55;289.11
16562;532589.21;6008108.8;289.49
6254;532591.98;6008105.95;289.84
6832;532595.62;6008100.58;290.18
20792;532594.36;6008098.45;290.57
16018;532594.17;6008095.69;290.96
16842;532591.67;6008093.71;291.13
16681;532591.05;6008091.4;291.26
11851;532588.7;6008089.55;291.52
14821;532588.08;6008083.43;292.27
8453;532589.22;6008081.47;292.63
15956;532591.54;6008076.94;293.08
6702;532591.31;6008073.49;293.56
2617;532586.23;6008068.72;294.17
7404;532264.13;6008287.76;244.09
16267;532262.43;6008294.19;244.03
14312;532259.14;6008303.34;243.78
10003;532256.27;6008300.18;243.06
23815;532254.55;6008299.45;243.55
12755;532251.97;6008299.18;243.3
5604;532250.37;6008301.33;242.42
17397;532359.33;6008216.26;247.25
17920;532342.66;6008247.11;246.43
5347;532338.21;6008251.14;246.22
16868;532332.45;6008252.38;246.12
22301;532332.45;6008252.38;245.8
17164;532327.1;6008253.64;245.8
7655;532559.58;6008125.03;281.02
14494;532560.0;6008123.12;280.68
1711;532561.12;6008120.57;281.07
3421;532562.21;6008119.9;281.27
9924;532562.47;6008118.18;281.73
9139;532561.98;6008116.16;281.95
19103;532564.22;6008112.51;283.34
4541;532559.79;6008108.96;284.55
5427;532565.99;6008108.6;284.33
18557;532561.87;6008100.36;285.48
23415;532565.92;6008095.3;285.93
8468;532565.8;6008090.81;286.25
24198;532568.5;6008087.77;286.75
16511;532572.0;6008084.79;287.15
19836;532572.92;6008080.95;289.08
13909;532571.04;6008078.74;289.85
8232;532571.83;6008076.42;290.33
23596;532573.84;6008075.9;290.55
4040;532573.74;6008071.71;290.84
63;532571.67;6008071.43;291.03
12553;532571.42;6008069.19;291.43
16053;532570.17;6008066.69;291.72
20983;532566.35;6008063.74;293.01
14085;532566.01;6008104.12;284.73
9381;532563.16;6008105.03;284.73
3857;532568.3;6008102.96;285.18
11846;532568.84;6008100.01;285.18
18477;532504.12;6008239.53;275.61
23330;532490.59;6008283.61;259.54
19198;532490.36;6008285.56;258.11
16141;532487.68;6008288.88;259.67
2440;532487.68;6008288.88;263.03
16221;532483.65;6008292.06;261.84
11869;532483.65;6008292.06;266.35
12640;532477.69;6008295.66;266.11
2;532477.69;6008295.66;264.64
17476;532477.56;6008295.22;266.12
18446;532493.11;6008285.96;268.99
17218;532470.33;6008300.49;263.71
10443;532477.69;6008295.66;262.28
17231;532465.07;6008304.05;265.53
18622;532462.32;6008305.86;263.31
9671;532460.0;6008307.14;263.17
3952;532459.26;6008307.45;264.89
10388;532495.18;6008282.48;268.06
20981;532476.85;6008296.04;260.97
13609;532476.85;6008296.04;259.37
17305;532479.27;6008296.03;259.27
663;532474.3;6008298.69;258.42
7583;532481.52;6008293.14;259.04
4361;532486.05;6008289.82;260.19
927;532469.92;6008301.14;258.29
17477;532462.26;6008306.34;256.07
9988;532462.26;6008306.34;255.07
10090;532458.59;6008309.03;254.39
18559;532456.91;6008308.65;254.97
17279;532455.23;6008310.12;254.35
10222;532454.66;6008314.27;252.78
1287;532451.96;6008307.59;254.09
24245;532448.33;6008309.7;253.84
19568;532444.21;6008308.45;253.5
22183;532521.96;6008246.98;274.7
4037;532523.22;6008243.35;275.04
11171;532526.98;6008246.66;275.13
23111;532535.58;6008239.26;275.52
7592;532543.89;6008232.85;275.71
7925;532544.27;6008230.92;276.12
20891;532550.18;6008229.62;276.26
19767;532545.08;6008229.43;276.27
19657;532544.07;6008227.05;276.5
450;532545.39;6008224.13;276.61
6337;532547.74;6008223.69;276.82
350;532547.74;6008223.69;277.37
7067;532549.42;6008221.84;277.32
16196;532550.18;6008219.99;277.29
6605;532553.82;6008219.69;278.13
9272;532555.93;6008217.29;278.24
19939;532557.02;6008215.44;278.47
22892;532558.82;6008213.72;278.64
24116;532558.97;6008212.03;278.53
6096;532561.46;6008209.89;278.81
8433;532562.89;6008207.24;278.81
8509;532564.07;6008207.13;279.88
5389;532565.5;6008204.23;280.17
393;532570.35;6008202.1;280.35
3954;532567.78;6008202.53;279.46
4491;532573.04;6008198.01;280.27
11431;532567.78;6008202.53;274.64
18136;532567.09;6008203.13;274.38
16990;532572.21;6008200.69;274.64
19709;532561.95;6008204.38;273.73
2351;532551.76;6008226.63;276.59
13293;532550.18;6008229.62;273.67
5770;532552.8;6008224.27;276.93
10436;532554.54;6008222.33;276.3
8202;532549.69;6008229.07;273.96
7670;532550.15;6008227.88;273.09
17289;532552.21;6008227.24;273.03
17216;532553.97;6008225.06;273.55
11467;532553.58;6008222.69;273.53
14250;532555.08;6008220.46;275.24
11114;532559.43;6008215.93;278.1
4352;532564.95;6008214.11;279.18
15492;532560.93;6008215.36;281.87
455;532447.49;6008348.12;250.74
14342;532441.54;6008339.36;250.65
16013;532441.81;6008335.71;250.61
8370;532436.65;6008329.59;250.41
12644;532441.83;6008323.39;250.62
17583;532441.83;6008323.39;252.09
18127;532619.7;6008192.21;282.59
1862;532619.7;6008192.21;287.41
14505;532621.08;6008190.82;287.08
21957;532623.58;6008190.89;288.01
18676;532627.13;6008190.0;287.72
22116;532627.26;6008188.1;287.74
9231;532631.38;6008187.81;288.79
18107;532628.32;6008187.32;287.89
14888;532629.3;6008185.53;288.31
20043;532630.21;6008185.09;288.41
20898;532631.19;6008183.92;288.74
13170;532612.01;6008188.25;284.46
19605;532609.64;6008186.26;284.46
10165;532610.85;6008182.01;287.44
14604;532611.41;6008177.33;290.75
1538;532612.88;6008179.14;291.99
5989;532614.29;6008176.97;292.86
5379;532596.48;6008225.34;280.55
16172;532580.73;6008231.28;267.81
70;532557.5;6008240.73;274.63
18947;532559.11;6008242.17;274.24
18961;532556.88;6008243.74;273.57
10679;532553.38;6008240.0;273.93
7691;532552.17;6008241.12;272.98
9135;532540.07;6008248.74;272.73
21982;532536.72;6008249.59;271.8
7326;532572.26;6008251.09;271.44
15284;532571.12;6008254.43;270.04
16386;532571.07;6008256.21;270.31
10147;532569.24;6008257.41;270.06
9648;532566.98;6008260.92;269.59
20947;532565.3;6008260.03;269.44
2894;532563.06;6008262.92;268.83
6352;532561.12;6008264.44;268.46
12509;532561.12;6008264.44;271.36
1039;532558.25;6008266.43;269.1
10485;532559.48;6008261.74;271.83
14799;532559.56;6008260.19;272.93
7868;532562.26;6008259.8;274.6
17971;532630.86;6008194.86;284.81
9978;532631.13;6008193.41;284.6
20516;532633.46;6008192.73;285.48
6737;532597.36;6008227.03;283.02
4258;532597.36;6008227.03;268.32
10758;532591.12;6008236.08;282.32
6835;532588.9;6008242.86;282.7
23463;532592.81;6008234.84;282.5
13051;532593.7;6008231.9;282.66
12695;532594.93;6008228.67;282.91
3784;532588.9;6008242.86;302.7
3584;532581.35;6008243.03;281.64
22782;532553.04;6008249.49;263.96
389;532608.45;6008193.27;295.2
5765;532611.27;6008195.44;293.39
6011;532610.15;6008194.17;291.6
10078;532614.55;6008193.96;295.91
3321;532610.94;6008192.78;291.51
2474;532612.44;6008190.18;291.51
2185;532606.53;6008194.64;288.43
11143;532608.93;6008190.26;288.61
1197;532625.41;6008195.61;301.08
15226;532634.23;6008193.43;299.79
17096;532630.85;6008204.99;284.63
11109;532635.84;6008204.95;289.21
5990;532635.84;6008204.95;294.88
7433;532633.53;6008206.88;296.34
12674;532633.53;6008206.88;301.84
6243;532636.11;6008192.54;288.95
22300;532635.76;6008197.88;288.7
607;532635.13;6008190.19;290.42
5619;532640.04;6008189.56;289.29
2382;532641.62;6008188.38;289.6
1007;532617.36;6008211.13;288.14
2334;532617.36;6008211.13;286.66
6511;532617.05;6008210.37;288.06
12637;532617.22;6008212.85;286.15
6062;532617.35;6008214.06;285.41
5451;532616.57;6008213.63;284.78
18410;532615.75;6008214.13;284.55
20918;532616.79;6008208.95;288.03
16529;532619.58;6008207.39;288.11
4629;532618.72;6008205.44;288.13
23907;532578.29;6008236.64;278.98
11949;532584.21;6008225.14;282.12
22130;532584.74;6008223.05;281.46
11830;532588.5;6008221.0;282.45
21923;532625.94;6008190.5;284.38
4446;532629.84;6008188.94;284.9
21054;532631.39;6008189.28;285.12
1733;532612.05;6008206.08;288.65
6453;532614.97;6008202.98;289.02
22956;532616.92;6008200.91;289.27
18081;532613.81;6008200.45;288.97
21318;532559.1;6008268.52;271.84
1075;532558.13;6008270.09;270.71
1896;532558.13;6008270.09;268.86
1306;532555.9;6008275.66;268.81
4186;532636.85;6008198.97;288.7
23153;532636.85;6008198.97;293.97
9023;532631.03;6008209.31;283.05
16710;532631.68;6008207.75;283.11
17127;532633.37;6008206.27;283.19
13294;532634.45;6008206.64;283.31
3744;532639.21;6008199.54;284.36
16993;532640.65;6008199.17;284.17
1027;532641.12;6008196.72;284.26
22888;532616.23;6008224.29;286.79
5313;532617.45;6008221.99;286.83
15251;532616.88;6008234.36;285.62
6513;532618.01;6008235.61;285.38
5575;532618.01;6008235.61;287.08
1388;532619.19;6008235.39;285.45
6018;532619.56;6008237.82;287.08
1884;532619.58;6008233.19;285.6
4676;532623.33;6008233.1;286.2
1508;532624.38;6008232.28;287.25
14559;532624.67;6008230.41;287.41
13137;532627.7;6008226.49;287.5
11498;532634.97;6008223.24;288.19
22627;532555.26;6008380.57;269.36
16470;532557.81;6008375.53;274.26
12257;532554.63;6008371.97;280.17
8118;532551.96;6008376.81;273.84
20831;532557.04;6008379.98;271.11
12933;532577.26;6008379.21;281.86
5230;532550.86;6008374.19;274.76
3079;532566.82;6008383.93;276.66
10133;532548.36;6008363.56;280.72
12336;532534.07;6008361.22;279.96
8395;532524.26;6008358.9;279.43
11499;532523.86;6008361.05;279.62
8182;532520.8;6008360.66;279.51
21422;532518.21;6008359.38;279.87
17515;532514.58;6008357.26;280.01
13684;532513.21;6008348.27;279.85
20399;532513.21;6008348.27;272.35
19021;532542.73;6008375.73;265.48
1405;532536.04;6008372.36;262.14
11468;532555.98;6008383.55;268.96
7859;532559.52;6008385.91;268.36
12793;532558.69;6008394.3;262.45
2990;532588.11;6008372.6;283.42
8056;532598.04;6008369.5;283.42
21300;532610.85;6008360.09;283.42
21335;532621.96;6008355.75;284.67
7383;532626.14;6008351.96;286.73
16011;532571.17;6008377.57;279.65
3727;532566.14;6008384.69;274.41
21198;532568.75;6008386.9;276.72
16204;532570.93;6008388.57;276.58
5278;532574.7;6008392.58;277.06
20863;532578.73;6008395.55;277.36
11373;532581.18;6008397.85;277.42
6247;532585.78;6008398.86;277.42
9914;532585.78;6008398.86;276.02
11079;532588.25;6008399.09;275.36
3126;532591.24;6008403.11;270.69
17353;532533.33;6008344.38;263.39
6290;532531.53;6008343.13;263.13
18137;532545.14;6008337.63;263.89
5997;532530.93;6008340.29;263.13
22924;532561.65;6008326.9;264.93
9158;532566.64;6008326.81;265.19
11991;532574.5;6008325.43;265.61
12274;532582.28;6008319.34;266.12
8991;532589.85;6008321.36;267.79
12706;532525.95;6008339.86;263.13
7754;532577.33;6008388.03;267.95
20836;532645.59;6008303.08;283.91
12194;532646.65;6008300.27;284.66
12281;532648.85;6008299.59;284.82
17571;532650.63;6008299.1;285.45
10294;532650.63;6008299.1;288.05
12321;532653.32;6008298.96;288.13
12322;532653.32;6008298.96;288.63
18253;532654.36;6008295.0;288.8
22413;532658.01;6008295.83;288.11
2809;532659.07;6008293.57;288.85
22347;532662.48;6008289.19;289.58
22508;532664.4;6008286.88;289.61
23568;532662.08;6008295.07;289.74
441;532656.95;6008297.82;288.76
11624;532658.24;6008300.41;289.56
17746;532655.61;6008300.72;288.9
15118;532633.92;6008319.17;274.89
5316;532634.45;6008318.69;274.88
1665;532633.44;6008322.77;273.56
23367;532633.89;6008325.89;274.86
21132;532630.07;6008328.77;274.48
15893;532633.89;6008325.89;273.86
5849;532627.97;6008332.05;274.31
16943;532626.77;6008333.55;272.56
22310;532636.36;6008325.7;274.94
2058;532641.38;6008319.98;278.25
4339;532643.19;6008318.57;279.47
9544;532645.82;6008315.93;281.05
16134;532647.3;6008312.02;282.57
22345;532647.3;6008312.02;285.97
12410;532647.79;6008310.39;286.09
21343;532649.02;6008308.54;286.01
5024;532648.9;6008306.95;286.01
14035;532649.5;6008306.08;286.03
19903;532649.41;6008304.54;286.09
21237;532651.57;6008303.38;286.17
2968;532652.76;6008303.9;286.19
8502;532643.72;6008283.36;286.94
11073;532648.39;6008278.6;288.04
10207;532648.39;6008278.6;290.64
12058;532650.55;6008278.36;290.93
11048;532650.55;6008278.36;292.13
10308;532652.93;6008276.2;294.68
8689;532659.74;6008270.25;297.89
10444;532654.8;6008270.69;299.08
6469;532661.67;6008270.51;298.01
20239;532669.16;6008265.42;300.86
6028;532662.63;6008272.22;297.61
15230;532664.33;6008273.66;300.06
23047;532662.63;6008272.22;296.01
8083;532660.01;6008274.35;293.86
604;532669.28;6008274.79;300.46
8778;532673.8;6008267.78;301.56
9683;532678.25;6008270.44;301.24
3222;532678.95;6008266.85;302.34
13908;532682.18;6008269.54;302.16
10567;532686.07;6008270.87;302.7
6883;532688.79;6008271.85;302.82
17967;532689.7;6008266.66;302.75
23044;532690.81;6008274.07;302.95
24230;532692.08;6008265.06;303.12
5300;532690.32;6008259.28;303.46
22145;532692.97;6008258.46;303.83
9705;532630.23;6008289.47;281.82
2992;532632.28;6008293.43;279.73
14069;532628.93;6008289.54;280.74
16102;532627.65;6008291.26;280.02
11815;532626.28;6008291.31;279.19
12020;532623.49;6008289.14;277.34
2318;532630.1;6008295.09;278.3
24136;532606.0;6008312.73;275.42
4934;532498.99;6008310.11;257.7
17685;532500.37;6008311.17;257.93
7;532498.34;6008310.52;264.26
20039;532509.16;6008299.24;262.76
8237;532511.19;6008300.5;261.46
2025;532511.19;6008300.5;260.17
7512;532682.87;6008161.33;309.35
23077;532684.18;6008162.99;309.76
13510;532682.87;6008161.33;308.3
23800;532688.05;6008158.49;310.18
7029;532688.05;6008158.49;313.02
2202;532689.04;6008158.34;313.04
6324;532681.74;6008163.43;308.09
8620;532682.21;6008164.16;308.51
22597;532613.54;6008201.64;295.18
19101;532612.8;6008204.43;294.95
11107;532611.5;6008205.33;294.32
15215;532611.11;6008204.17;293.42
11140;532609.1;6008207.61;293.63
5877;532608.45;6008206.47;292.57
18423;532608.09;6008207.17;291.09
12464;532608.09;6008207.17;286.07
18805;532604.33;6008206.14;286.61
14301;532676.41;6008185.38;314.11
11056;532676.84;6008188.85;314.08
14826;532738.27;6008200.39;318.31
7564;532738.27;6008200.39;317.96
14008;532737.0;6008201.72;317.94
4304;532734.25;6008200.01;317.92
23687;532729.47;6008198.66;317.87
11555;532730.41;6008200.48;317.71
23653;532729.47;6008198.66;319.06
11592;532730.41;6008200.48;315.77
344;532730.41;6008200.48;311.57
8417;532730.66;6008199.18;319.07
4550;532728.68;6008198.22;319.02
453;532732.12;6008200.7;319.13
8071;532734.51;6008199.62;319.57
17241;532733.54;6008201.79;319.08
14767;532734.84;6008204.03;319.1
20571;532736.17;6008204.92;319.12
2381;532735.15;6008205.71;319.88
5963;532736.88;6008206.63;319.93
3313;532738.86;6008204.91;320.09
24128;532725.35;6008198.94;318.87
21389;532720.09;6008197.75;318.83
23313;532719.25;6008197.85;318.83
15016;532717.92;6008196.92;318.74
5203;532716.15;6008196.89;318.63
10959;532714.31;6008200.56;318.73
6017;532713.87;6008202.31;318.81
14037;532711.6;6008205.83;319.22
10864;532710.37;6008205.46;319.21
16682;532709.34;6008207.9;318.27
8051;532708.32;6008207.14;318.27
6226;532707.72;6008209.14;318.09
15474;532705.99;6008209.08;318.06
16310;532704.86;6008210.65;318.06
19879;532703.11;6008211.92;318.44
13627;532702.26;6008211.14;318.17
23552;532701.11;6008211.12;317.05
8098;532700.54;6008212.19;317.0
15123;532698.69;6008213.55;316.84
13902;532698.65;6008214.36;316.96
16775;532695.67;6008215.23;312.35
443;532698.31;6008211.27;315.68
14544;532695.62;6008216.68;312.54
23311;532699.58;6008208.28;316.67
14867;532699.58;6008208.28;317.37
8840;532701.86;6008203.54;317.93
8355;532701.86;6008203.54;317.31
17090;532703.83;6008201.1;317.58
23733;532694.95;6008217.65;312.99
16428;532693.67;6008219.88;311.73
5907;532694.53;6008220.4;311.68
7969;532693.16;6008221.57;311.29
23196;532692.82;6008223.97;311.29
16307;532692.82;6008223.97;310.81
20013;532690.94;6008223.64;310.54
19445;532690.2;6008226.1;310.27
19325;532730.93;6008211.85;317.78
10862;532731.51;6008211.04;317.78
11083;532743.51;6008217.94;308.62
7932;532745.65;6008217.44;308.76
4194;532745.98;6008216.14;308.33
15623;532747.79;6008218.71;308.69
22162;532749.81;6008216.94;311.42
11973;532748.65;6008214.6;313.43
22319;532750.65;6008214.55;313.45
18352;532748.02;6008214.75;308.35
8601;532748.1;6008209.13;308.78
12592;532750.5;6008203.41;310.04
21271;532750.49;6008202.18;310.31
21636;532751.83;6008201.14;313.25
9022;532749.41;6008200.52;309.74
5186;532748.45;6008200.45;309.74
24263;532748.44;6008199.68;309.82
21018;532745.6;6008199.29;310.07
15706;532742.76;6008199.0;309.97
12880;532741.92;6008199.98;309.91
6319;532738.84;6008197.67;309.91
878;532737.04;6008199.75;309.81
11863;532732.32;6008200.51;309.73
8888;532701.79;6008245.63;302.79
19655;532702.65;6008246.73;302.63
22434;532707.65;6008227.89;308.13
9416;532707.65;6008227.89;310.24
3066;532707.65;6008227.89;307.44
9458;532705.39;6008230.08;309.6
21645;532710.22;6008222.31;311.82
13350;532703.71;6008227.61;309.88
11386;532712.43;6008221.46;313.06
19257;532715.94;6008217.67;315.41
22974;532708.19;6008226.67;307.61
341;532705.61;6008225.7;307.51
1049;532706.31;6008222.04;307.81
5151;532700.26;6008240.59;306.96
15084;532695.48;6008239.51;306.91
17276;532691.88;6008233.79;306.86
15457;532692.44;6008229.78;306.54
14588;532689.16;6008225.61;306.49
13696;532682.84;6008220.71;306.35
933;532738.69;6008216.17;311.66
11264;532738.96;6008215.09;312.32
22965;532742.19;6008213.04;314.58
16438;532741.91;6008212.09;314.64
5146;532743.85;6008209.6;315.57
5428;532746.88;6008210.07;316.31
11247;532714.76;6008239.45;293.17
18706;532716.48;6008238.57;293.23
19622;532717.24;6008237.58;293.28
11021;532719.24;6008238.15;293.44
10598;532721.08;6008234.94;293.67
9699;532742.85;6008230.01;304.47
18653;532743.01;6008228.42;305.15
11065;532741.9;6008227.11;305.71
3415;532746.22;6008223.95;306.46
9868;532747.28;6008224.19;306.29
5618;532748.11;6008223.08;306.14
4314;532753.19;6008222.88;306.59
23098;532762.85;6008217.92;308.31
24007;532582.3;6008294.92;267.17
6751;532582.3;6008294.92;264.67
1904;532578.49;6008296.1;264.25
17686;532582.03;6008300.44;264.45
1916;532580.7;6008301.73;264.45
10263;532577.58;6008300.54;264.39
14392;532574.8;6008291.56;264.55
12273;532577.51;6008301.89;264.41
22871;532578.78;6008286.42;264.67
12457;532574.96;6008301.26;264.32
1923;532571.82;6008303.74;264.18
11746;532569.87;6008302.95;264.07
20802;532569.56;6008300.08;263.77
10909;532562.03;6008298.1;263.23
15843;532562.03;6008298.1;264.48
7394;532561.71;6008298.82;264.78
18956;532559.99;6008297.83;264.92
20800;532554.02;6008297.74;264.29
1626;532623.48;6008264.45;292.42
18891;532632.32;6008258.44;293.28
2891;532622.62;6008266.17;292.35
15069;532624.86;6008269.14;292.28
20811;532624.06;6008271.94;292.03
1997;532624.17;6008274.68;291.79
2257;532621.74;6008276.45;291.79
16116;532603.36;6008280.53;280.4
6320;532601.94;6008275.32;277.03
18881;532598.59;6008278.94;276.24
2179;532542.86;6008296.12;263.97
10887;532548.06;6008292.18;265.66
15836;532547.44;6008289.56;265.96
7959;532545.98;6008286.72;266.05
13641;532548.51;6008285.19;266.23
9030;532554.21;6008279.65;267.85
14944;532554.21;6008279.65;270.18
6923;532555.58;6008278.66;271.62
19049;532554.08;6008275.32;274.42
8078;532551.99;6008277.66;275.41
20638;532520.37;6008310.71;259.17
17033;532521.43;6008308.93;259.23
22668;532526.47;6008308.87;259.76
7949;532530.92;6008312.21;259.71
1486;532531.3;6008314.32;259.6
4435;532536.86;6008314.69;259.89
23798;532705.95;6008240.22;291.83
281;532706.03;6008239.16;291.86
20528;532707.85;6008236.39;292.24
8847;532709.64;6008238.62;292.61
14103;532709.95;6008240.28;292.66
9691;532713.13;6008239.38;292.75
5712;532714.03;6008237.96;292.91
21912;532717.51;6008236.28;293.14
6649;532718.13;6008235.17;293.18
8034;532719.81;6008234.92;293.56
11698;532640.48;6008265.72;283.25
14983;532641.34;6008259.46;284.77
7392;532651.01;6008263.07;290.81
514;532653.5;6008264.03;291.12
22520;532654.85;6008263.66;291.23
10613;532655.3;6008262.37;291.36
6954;532657.32;6008262.17;291.52
4038;532646.43;6008263.98;290.12
1640;532648.64;6008264.07;290.17
22590;532650.09;6008266.42;290.25
16161;532648.7;6008267.57;290.45
659;532650.97;6008264.5;290.3
5128;532650.97;6008264.5;295.96
282;532628.51;6008283.15;277.46
22236;532630.04;6008284.66;279.11
6715;532631.42;6008280.66;280.4
18412;532629.25;6008280.19;280.51
8573;532631.42;6008280.66;272.4
469;532631.28;6008282.02;280.61
6280;532629.25;6008280.19;282.11
7826;532627.29;6008282.1;281.94
6736;532607.35;6008288.44;273.11
2354;532603.81;6008292.01;273.07
3318;532603.36;6008288.8;273.08
21688;532608.24;6008286.84;273.26
13882;532603.36;6008288.8;269.78
21451;532610.39;6008286.91;273.58
20142;532610.39;6008286.91;275.98
17698;532613.47;6008287.5;276.22
7787;532615.29;6008289.02;277.99
7788;532615.29;6008289.02;277.24
2166;532617.66;6008287.95;278.66
4101;532612.44;6008289.38;277.16
6188;532611.41;6008290.32;277.17
17130;532611.41;6008290.32;279.31
15553;532609.66;6008290.89;280.83
394;532619.48;6008287.52;279.85
20767;532651.63;6008322.9;282.44
11289;532650.27;6008324.97;282.16
3713;532649.91;6008326.93;282.0
8664;532648.75;6008327.65;281.7
16945;532649.5;6008328.13;281.66
19344;532647.14;6008330.93;281.12
10635;532645.81;6008332.03;280.63
20969;532644.62;6008331.28;280.57
8890;532643.44;6008332.62;279.48
15469;532643.44;6008332.62;272.48
13383;532706.23;6008255.45;290.26
10881;532707.12;6008256.18;290.41
17637;532711.89;6008253.0;290.76
16340;532712.81;6008248.94;290.94
14864;532714.45;6008247.96;291.26
1188;532715.49;6008246.27;291.52
11020;532751.26;6008225.08;319.56
19636;532751.25;6008228.54;318.91
16090;532752.1;6008229.23;319.07
21336;532753.32;6008228.19;319.17
448;532751.72;6008221.81;317.95
1111;532753.48;6008221.29;318.95
23674;532751.57;6008219.95;318.92
9245;532679.14;6008347.83;276.46
20814;532673.91;6008351.95;276.11
9617;532667.13;6008346.3;275.8
108;532666.16;6008346.78;275.78
11705;532662.68;6008346.49;275.48
24252;532661.8;6008344.63;274.43
22738;532658.33;6008342.94;274.43
1424;532694.16;6008319.98;276.12
409;532699.34;6008312.53;277.08
1164;532704.12;6008306.38;280.07
23633;532700.32;6008330.69;285.55
2406;532798.54;6008259.0;313.56
13439;532800.31;6008257.96;314.77
24184;532800.91;6008254.07;317.47
6607;532723.76;6008272.61;289.87
10684;532724.39;6008271.05;290.14
5126;532726.01;6008270.3;290.36
4209;532727.51;6008268.57;290.56
6185;532731.83;6008267.89;291.09
15635;532733.12;6008266.51;291.26
13153;532733.28;6008264.31;291.26
4220;532735.82;6008265.05;291.77
9495;532737.07;6008261.25;292.05
15815;532739.2;6008260.73;292.05
11447;532739.34;6008257.03;292.05
16399;532740.25;6008256.66;291.91
20999;532741.7;6008253.94;291.59
11902;532742.68;6008253.75;291.59
19717;532744.44;6008250.96;291.53
23999;532747.66;6008250.73;292.22
18351;532717.04;6008302.55;294.29
16471;532722.34;6008298.82;294.63
18162;532655.35;6008325.58;287.44
12289;532652.94;6008329.9;286.8
3880;532649.68;6008331.21;287.94
18663;532650.75;6008334.02;287.99
1804;532650.75;6008334.02;288.99
15827;532641.66;6008332.73;290.45
6755;532634.11;6008336.39;290.16
17172;532630.8;6008338.0;288.12
4137;532636.08;6008333.26;288.24
24122;532817.5;6008224.71;314.99
20494;532823.04;6008225.28;315.24
23181;532825.53;6008223.71;315.26
16255;532827.54;6008220.33;315.43
21082;532826.86;6008219.47;315.44
18108;532828.09;6008218.09;315.43
23546;532828.42;6008216.59;315.68
22609;532829.92;6008216.15;315.73
22797;532832.0;6008214.58;315.79
14382;532831.95;6008212.41;316.04
22973;532832.76;6008209.89;316.02
9947;532833.64;6008209.0;316.01
1465;532834.18;6008205.91;316.09
6419;532834.82;6008204.68;316.03
13532;532837.04;6008202.02;315.57
12741;532837.04;6008202.02;329.78
20361;532770.76;6008250.76;310.53
19320;532771.98;6008251.83;310.43
14463;532771.98;6008251.83;311.77
20246;532774.1;6008252.99;311.96
23138;532773.98;6008251.73;311.91
22094;532774.78;6008254.02;311.26
13405;532774.59;6008250.84;312.03
2313;532773.3;6008249.61;313.49
13824;532773.3;6008249.61;315.65
11642;532772.84;6008248.41;315.66
13827;532771.77;6008252.29;315.52
12993;532773.53;6008247.26;315.74
13507;532774.9;6008245.83;315.9
10872;532776.18;6008245.63;315.71
14722;532776.45;6008244.44;315.97
22971;532775.13;6008239.57;316.2
19489;532775.87;6008253.53;311.48
8508;532777.61;6008253.53;311.29
5488;532779.49;6008250.13;311.73
3044;532782.3;6008248.91;312.41
15902;532785.44;6008251.26;313.57
8037;532782.37;6008247.91;312.42
5958;532786.2;6008245.68;313.0
23491;532788.2;6008247.61;314.58
17511;532784.21;6008244.72;313.02
14599;532785.96;6008243.04;313.6
19343;532786.93;6008242.47;314.56
5009;532788.88;6008241.1;315.22
10604;532788.88;6008241.1;316.64
17302;532788.46;6008242.62;318.04
12441;532790.92;6008238.46;318.69
1005;532822.73;6008253.38;314.54
526;532823.95;6008252.89;314.27
6788;532824.96;6008253.38;314.26
2314;532825.64;6008253.58;314.33
20893;532826.82;6008252.56;314.79
4955;532829.01;6008253.18;314.89
2297;532826.83;6008252.16;314.74
8673;532829.76;6008249.78;315.17
18199;532830.19;6008248.4;315.16
12434;532830.92;6008248.27;315.14
12300;532832.96;6008249.64;315.29
4083;532834.45;6008242.77;315.77
14290;532598.58;6008414.51;266.04
20430;532574.41;6008401.76;265.8
9378;532568.13;6008399.75;264.58
398;532573.91;6008394.82;265.68
7506;532581.95;6008391.38;265.83
1557;532590.7;6008391.73;266.14
23537;532607.98;6008387.03;267.07
10121;532597.14;6008404.71;267.59
4434;532598.53;6008404.64;267.93
5219;532600.19;6008403.85;269.08
5328;532601.81;6008403.03;269.89
15374;532603.81;6008401.33;270.31
8817;532605.44;6008401.41;270.37
2504;532605.05;6008399.73;270.22
13034;532611.46;6008398.69;270.1
823;532792.0;6008314.33;308.4
9123;532786.45;6008313.76;307.87
23104;532780.04;6008316.12;307.21
23173;532777.01;6008318.76;306.89
3205;532774.98;6008318.81;306.84
4110;532771.27;6008323.95;306.67
3558;532767.69;6008323.78;306.01
215;532766.2;6008325.34;305.95
2074;532765.25;6008323.83;305.94
21190;532763.57;6008326.65;305.79
8979;532763.57;6008326.65;297.97
19339;532760.61;6008331.6;300.51
22107;532760.61;6008331.6;286.68
8585;532783.38;6008323.95;293.93
7018;532782.1;6008326.73;294.2
10636;532778.48;6008325.91;292.23
7423;532807.14;6008305.78;301.95
306;532805.84;6008308.06;304.16
11688;532806.15;6008309.4;305.34
2238;532804.46;6008308.21;306.35
19517;532804.46;6008308.21;309.35
10768;532802.62;6008306.58;309.24
1300;532801.35;6008306.76;310.35
14428;532805.88;6008308.75;310.7
4620;532797.56;6008301.16;310.77
7624;532809.2;6008307.4;310.89
8471;532814.93;6008309.69;310.89
4714;532796.82;6008293.06;310.91
2934;532794.46;6008292.07;310.87
66;532794.24;6008288.96;310.87
15300;532793.16;6008287.99;310.92
22713;532793.16;6008287.99;311.42
20385;532792.26;6008286.52;310.87
17012;532793.16;6008287.99;302.67
20001;532792.87;6008288.47;302.67
13792;532792.87;6008288.47;299.02
8534;532792.29;6008289.45;298.9
16408;532791.43;6008294.19;295.4
9512;532789.83;6008296.37;292.96
8045;532789.14;6008298.42;292.34
908;532795.71;6008284.97;310.94
22344;532798.77;6008284.14;310.88
4773;532800.35;6008285.27;311.51
13028;532800.35;6008285.27;310.91
6140;532804.5;6008285.04;311.43
10043;532805.36;6008282.81;311.8
288;532806.59;6008281.21;311.41
4393;532806.59;6008281.21;312.82
8527;532808.22;6008280.1;313.46
21524;532809.36;6008280.26;312.83
16534;532812.52;6008279.03;312.83
9447;532812.52;6008279.03;313.74
7084;532814.5;6008277.05;314.28
17909;532815.44;6008278.44;313.99
12354;532817.48;6008276.64;314.47
24027;532819.14;6008273.06;314.64
9933;532819.14;6008273.06;320.89
11757;532831.18;6008311.57;304.84
7353;532832.39;6008308.83;305.05
11837;532832.97;6008314.1;304.76
15310;532832.01;6008316.5;304.96
7332;532833.41;6008318.05;305.91
14227;532832.98;6008320.52;305.87
18220;532836.71;6008317.34;306.48
14564;532832.09;6008321.45;305.92
8726;532834.33;6008321.41;305.78
14622;532835.45;6008323.57;306.19
19358;532838.46;6008321.83;306.99
20628;532839.84;6008320.41;307.09
438;532841.78;6008323.02;307.29
14807;532846.3;6008322.13;308.19
24214;532847.02;6008324.53;308.67
11082;532852.29;6008324.69;309.79
17194;532852.29;6008324.69;308.49
24182;532853.26;6008326.07;308.96
15916;532852.65;6008327.73;308.95
17708;532856.0;6008327.68;309.24
23177;532856.35;6008329.45;309.72
20901;532858.39;6008328.78;309.76
22605;532859.45;6008326.87;309.72
15574;532861.36;6008326.44;309.94
7760;532861.66;6008326.15;310.53
3164;532864.28;6008326.28;310.22
17976;532837.49;6008315.98;306.71
286;532839.63;6008316.08;306.84
3714;532840.64;6008314.51;307.29
10455;532845.02;6008312.81;307.83
119;532847.88;6008305.67;311.02
3470;532858.12;6008303.64;311.66
24140;532839.38;6008314.53;310.48
285;532865.14;6008299.88;313.13
20393;532868.41;6008304.89;313.39
6159;532871.86;6008303.82;313.61
14877;532873.35;6008306.84;313.7
3925;532878.9;6008307.21;314.04
6951;532882.47;6008310.08;314.08
23246;532837.87;6008313.56;311.74
1454;532837.37;6008310.45;312.94
2534;532836.57;6008313.01;311.41
2786;532837.37;6008310.45;314.74
20333;532838.92;6008308.3;315.26
19722;532839.96;6008306.92;315.47
13220;532842.2;6008307.03;315.55
7124;532839.96;6008306.92;313.4
9330;532845.01;6008304.28;315.48
7343;532848.31;6008299.88;315.67
23337;532850.92;6008297.6;316.35
13412;532854.32;6008298.76;316.35
3461;532839.42;6008305.08;312.71
4663;532835.35;6008305.16;312.28
9532;532835.16;6008310.48;314.31
9673;532867.21;6008324.74;310.69
733;532868.47;6008327.71;311.28
2721;532870.18;6008328.46;311.53
18006;532870.5;6008330.67;311.71
14011;532870.87;6008328.52;311.41
12202;532869.48;6008333.24;312.52
2800;532874.34;6008338.79;314.3
1170;532877.96;6008342.6;315.65
23117;532872.06;6008334.71;314.75
8763;532883.75;6008341.02;315.92
2650;532876.93;6008339.24;315.93
2131;532885.66;6008338.97;316.04
12786;532878.56;6008338.0;316.42
14357;532878.59;6008336.08;316.59
10770;532878.59;6008336.08;317.89
16626;532879.59;6008334.52;318.23
6204;532880.84;6008334.46;318.6
13674;532880.84;6008334.46;319.6
4455;532881.72;6008334.74;320.13
4366;532880.49;6008336.39;321.08
10063;532880.92;6008332.53;319.91
11243;532878.2;6008336.68;319.17
15831;532883.76;6008332.82;320.57
4187;532877.49;6008334.41;315.46
23015;532877.49;6008334.41;316.28
21441;532878.35;6008332.14;317.44
3406;532877.9;6008330.6;317.68
15041;532878.73;6008330.8;317.84
19419;532878.36;6008327.85;318.1
22613;532877.64;6008325.87;318.72
8985;532881.11;6008325.74;321.03
17467;532878.56;6008325.71;319.59
18808;532877.84;6008322.87;321.18
23528;532879.88;6008321.74;321.37
7046;532879.88;6008321.74;326.37
21778;532880.01;6008319.0;321.63
11510;532883.46;6008315.41;322.11
6425;532872.8;6008327.16;312.59
18209;532869.71;6008329.25;311.92
11963;532872.95;6008325.66;312.55
17010;532869.71;6008329.25;315.41
17286;532867.36;6008331.46;315.61
22997;532865.32;6008330.68;317.05
16991;532865.28;6008333.75;317.51
24062;532865.0;6008326.39;317.32
9659;532869.08;6008328.4;319.65
5091;532865.0;6008326.39;322.32
24114;532868.64;6008326.1;320.66
14174;532869.04;6008324.47;320.89
17436;532870.67;6008320.77;321.2
3754;532869.04;6008324.47;318.62
10205;532867.01;6008323.9;317.7
10251;532865.82;6008321.48;316.58
21217;532864.81;6008321.92;315.86
7015;532864.81;6008321.92;313.53
22334;532865.61;6008324.35;312.91
10816;532870.1;6008328.89;312.18
3883;532866.26;6008323.27;313.06
5553;532867.33;6008320.26;314.02
9882;532870.88;6008328.52;311.44
18744;532861.95;6008322.06;311.7
1017;532862.17;6008321.07;311.82
10231;532861.95;6008322.06;312.9
11294;532859.67;6008317.79;314.5
18296;532872.24;6008318.16;315.75
1925;532860.28;6008327.59;312.09
10586;532856.09;6008327.32;312.45
12734;532853.63;6008324.69;312.33
18904;532858.13;6008319.66;317.41
10967;532850.94;6008322.19;312.33
168;532860.3;6008316.53;316.24
3616;532863.12;6008314.95;319.84
1633;532856.68;6008316.41;313.61
18232;532855.39;6008319.35;311.91
8338;532854.04;6008320.62;311.09
21456;532851.66;6008325.15;310.73
23070;532851.66;6008325.15;306.61
13214;532847.37;6008321.64;312.45
13358;532844.77;6008323.15;311.47
20905;532756.56;6008340.79;293.88
5004;532748.4;6008345.27;289.54
14565;532759.5;6008344.56;294.3
148;532764.31;6008342.63;294.75
21938;532745.32;6008343.57;290.97
20146;532724.08;6008329.07;289.21
4677;532721.09;6008329.97;287.41
18780;532717.43;6008331.23;286.94
10888;532717.43;6008331.23;281.44
20867;532696.94;6008355.97;279.93
7779;532690.97;6008360.46;279.28
16731;532690.97;6008360.46;272.88
21691;532728.84;6008332.12;287.53
10618;532728.35;6008334.38;287.51
197;532726.72;6008335.47;287.16
12733;532726.59;6008342.42;286.31
5498;532726.59;6008342.42;285.21
19277;532726.17;6008343.51;284.92
18994;532726.17;6008343.51;280.82
16673;532596.59;6008405.25;270.59
11802;532592.59;6008396.98;270.59
17771;532601.52;6008388.98;271.01
16926;532604.92;6008388.99;268.54
16037;532607.87;6008386.05;266.6
5687;532620.47;6008383.44;268.99
10542;532621.35;6008379.39;270.5
4266;532624.54;6008372.29;272.3
917;532627.06;6008359.53;272.52
10285;532629.52;6008357.25;273.81
8900;532628.9;6008352.66;276.07
5336;532629.52;6008357.25;272.91
16154;532631.61;6008340.07;281.02
5058;532638.55;6008355.69;273.72
22194;532642.6;6008350.35;273.72
5341;532643.05;6008345.46;275.7
11019;532643.05;6008345.46;274.1
10637;532641.27;6008343.24;272.84
15970;532643.4;6008339.1;273.41
22220;532658.57;6008335.09;273.96
12456;532642.21;6008335.41;273.82
23648;532672.89;6008331.03;274.48
11994;532968.27;6008358.74;334.33
16418;532952.43;6008363.17;323.02
20610;532950.53;6008362.89;322.85
24163;532948.75;6008358.71;323.17
7278;532948.25;6008353.24;322.97
15906;532947.38;6008351.39;322.94
11277;532947.15;6008348.81;322.85
23565;532943.17;6008346.97;322.46
1597;532941.4;6008346.95;322.46
17361;532937.7;6008343.63;322.29
2841;532936.49;6008341.47;322.18
7546;532934.15;6008342.05;322.01
19151;532934.14;6008343.21;322.0
21282;532928.96;6008342.23;321.91
2148;532954.64;6008355.4;326.9
14303;532951.82;6008351.54;327.02
11087;532959.69;6008384.18;317.41
20832;532962.86;6008383.13;319.79
19143;532970.87;6008363.01;326.96
6590;532957.76;6008376.28;316.51
13280;532959.72;6008374.62;316.51
14401;532959.98;6008372.02;317.67
6825;532959.33;6008371.37;318.03
7897;532958.85;6008370.0;317.77
5589;532882.25;6008480.22;283.53
3819;532965.46;6008402.07;339.04
13138;532911.1;6008444.94;287.17
9154;532916.49;6008447.78;294.06
14404;532917.72;6008447.5;293.28
20183;532920.68;6008444.07;294.53
12678;532922.35;6008443.94;294.64
11876;532926.62;6008445.82;295.0
24241;532886.96;6008474.16;279.18
10875;532886.13;6008472.03;276.5
16034;532906.19;6008497.95;279.7
5887;532912.85;6008492.32;275.51
15908;532916.25;6008492.07;275.87
5003;532920.22;6008492.9;276.66
16407;532946.37;6008412.1;293.34
19666;532947.7;6008412.08;293.95
9217;532955.33;6008412.5;298.84
18142;532954.72;6008408.74;297.64
11552;532954.72;6008408.74;298.82
1535;532954.77;6008405.55;301.26
12961;532954.77;6008405.55;299.39
11853;532947.81;6008412.91;294.5
3538;532951.02;6008413.82;295.3
10501;532952.48;6008405.27;296.56
1028;532954.98;6008406.36;301.38
14362;532957.87;6008406.15;302.95
23790;532960.72;6008404.35;311.99
16262;532959.99;6008409.4;302.99
1329;532954.92;6008389.02;296.52
15314;532957.98;6008388.9;298.71
14376;532957.37;6008386.06;298.99
11474;532955.74;6008385.44;299.19
18044;532956.59;6008381.39;299.73
12079;532956.59;6008381.39;300.43
11256;532957.58;6008379.11;300.23
19362;532960.66;6008378.72;303.28
1728;532964.5;6008371.11;304.86
11670;532962.72;6008411.18;301.05
7222;532962.72;6008411.18;304.55
16762;532964.15;6008411.72;305.81
16355;532964.6;6008413.03;306.01
23224;532967.19;6008414.06;305.94
15176;532967.19;6008414.06;310.39
10803;532971.87;6008415.48;311.98
5370;532976.25;6008411.91;312.43
24026;532974.42;6008419.53;312.61
2915;532968.38;6008409.29;308.97
18522;532968.45;6008408.19;309.32
18367;532970.46;6008406.67;310.96
3551;532976.14;6008399.86;311.81
13981;532983.64;6008400.5;312.53
18705;532983.64;6008400.5;315.07
7645;532984.77;6008404.12;315.64
23903;532985.86;6008405.56;315.69
20722;532988.42;6008405.87;315.94
9314;532949.55;6008388.59;317.19
9218;532948.89;6008388.21;317.42
7369;532950.27;6008387.56;318.17
22095;532949.78;6008386.81;318.11
2316;532949.05;6008386.93;318.33
23099;532948.69;6008385.1;318.83
19365;532950.03;6008383.96;319.65
22410;532948.69;6008385.1;320.75
14397;532952.46;6008383.35;322.74
16500;532955.02;6008382.75;323.11
2301;532949.14;6008380.67;320.6
22503;532951.0;6008379.04;322.14
689;532954.73;6008378.44;325.09
16616;532950.44;6008376.25;323.99
17687;532937.89;6008598.88;301.33
6983;533098.02;6008657.69;338.07
1350;533093.16;6008656.95;338.45
13367;533092.91;6008654.12;339.03
7428;533095.48;6008650.43;339.15
5654;533096.38;6008645.24;339.19
3797;533096.11;6008643.43;339.4
15965;533098.07;6008641.83;339.6
7435;533099.95;6008635.99;339.92
23509;533102.71;6008634.44;340.17
10024;533105.21;6008634.6;340.26
5794;533108.09;6008631.8;340.22
4437;533117.5;6008629.6;340.48
12672;533122.26;6008629.5;340.44
16379;533033.56;6008577.01;302.15
10351;533023.89;6008585.53;324.18
15810;533028.54;6008583.43;326.34
12493;533032.79;6008584.05;326.23
4261;533033.34;6008585.65;326.8
22197;533034.6;6008590.49;327.41
17314;533034.6;6008590.49;326.41
19518;533036.34;6008591.21;327.09
12311;533042.39;6008591.22;331.18
19813;533035.56;6008585.76;330.64
16370;533030.79;6008583.57;330.5
22651;533026.06;6008582.31;330.37
11462;533021.61;6008579.34;329.95
7465;533016.56;6008577.9;330.09
13642;533023.81;6008580.92;331.24
5093;533024.11;6008578.94;331.16
9423;533021.64;6008575.45;330.36
16374;533020.06;6008567.43;330.58
24022;533016.57;6008563.45;330.9
6977;533018.48;6008561.09;331.09
14455;533020.78;6008559.33;331.21
6136;533023.42;6008559.28;331.33
741;533031.14;6008554.97;328.54
19386;533031.18;6008569.89;330.06
23007;533045.56;6008549.95;332.49
10510;533048.34;6008551.36;332.13
21449;533047.54;6008542.42;332.15
3674;533046.47;6008552.94;330.39
17633;533046.47;6008552.94;324.49
16150;533047.54;6008542.42;331.35
1649;533050.0;6008541.05;331.27
17225;533035.51;6008570.87;330.26
2798;532960.25;6008583.45;314.13
11062;532959.55;6008581.23;315.03
10420;532961.16;6008579.7;316.89
11426;532964.97;6008576.46;317.95
693;532964.97;6008576.46;317.15
19431;532966.19;6008575.08;316.73
5184;532966.19;6008575.08;318.03
1754;532968.15;6008573.35;318.68
7936;532970.38;6008573.44;320.54
11412;532972.88;6008571.24;321.76
12693;533031.9;6008575.85;299.72
23206;533026.62;6008575.1;298.87
3772;533023.29;6008577.49;299.16
4150;533021.2;6008580.16;299.04
17152;533017.14;6008582.68;298.62
7325;533012.14;6008580.64;298.34
16159;533011.29;6008582.54;298.01
7151;533009.45;6008585.97;297.87
8729;533005.9;6008586.46;297.56
18398;533004.15;6008582.99;297.22
17086;533002.73;6008584.8;297.22
5904;533000.47;6008585.89;297.13
3152;532998.81;6008587.32;297.06
1059;532997.52;6008590.69;297.06
5394;532995.54;6008589.96;297.06
10983;532988.94;6008585.47;296.5
15369;532985.55;6008590.67;296.5
5099;532982.07;6008588.31;296.5
12285;532976.96;6008586.32;296.11
10252;532972.75;6008578.35;294.85
8788;532973.21;6008576.22;294.54
19745;532971.79;6008573.94;294.78
1874;532969.7;6008569.62;294.94
3123;532967.87;6008567.5;294.94
8969;532965.45;6008562.91;295.13
8855;532965.69;6008561.22;295.13
1566;532963.76;6008557.72;295.13
19595;532963.76;6008557.72;292.83
10798;532962.58;6008554.9;292.06
21800;532963.25;6008552.03;291.11
9177;532962.0;6008549.45;290.65
20220;532960.74;6008549.67;290.4
15695;532959.48;6008550.23;289.98
20426;532958.52;6008549.51;289.9
5634;532959.01;6008548.52;289.84
24014;532958.45;6008547.41;289.79
15156;532956.98;6008542.86;288.33
3711;532956.44;6008541.5;288.98
12596;532951.3;6008538.39;288.77
4703;532950.82;6008535.24;288.5
10131;532949.74;6008532.42;285.96
5050;532948.19;6008533.09;285.81
7198;532947.35;6008531.44;285.41
8310;532946.43;6008527.01;284.61
7085;533053.86;6008564.31;319.35
9896;533056.82;6008562.73;321.53
18014;533057.5;6008560.34;323.54
1211;533057.5;6008560.34;324.54
598;533059.2;6008561.17;325.86
21273;533060.51;6008559.54;325.86
22158;533062.72;6008559.69;326.49
20880;533065.83;6008557.5;328.03
14582;533071.49;6008553.38;330.72
20113;532950.38;6008582.43;306.12
2702;532951.93;6008583.6;306.36
14453;532952.88;6008582.5;306.75
5781;532937.8;6008563.55;302.32
12255;532934.48;6008563.04;300.61
11773;532932.45;6008562.34;300.8
3802;532928.57;6008562.02;301.77
15344;532926.36;6008559.31;300.64
1181;532920.27;6008559.33;301.38
20723;532915.71;6008560.22;300.48
16676;532913.48;6008559.28;297.26
2061;532912.49;6008559.12;295.66
4646;532910.31;6008558.38;294.49
10057;532910.31;6008558.38;291.98
21263;532907.74;6008556.84;291.98
18998;532904.25;6008552.7;291.5
22279;532903.58;6008550.53;291.26
18880;532901.62;6008549.45;290.95
21611;532900.83;6008546.32;290.44
19781;532902.08;6008549.1;290.92
1458;532900.29;6008544.77;290.44
21783;532899.93;6008545.54;288.12
9737;532900.26;6008544.21;287.65
13950;532898.26;6008542.44;287.08
14234;532897.58;6008540.57;286.91
6847;532899.63;6008542.88;290.44
12189;532976.95;6008575.49;314.17
21042;532978.12;6008579.04;314.08
20149;532978.12;6008579.04;310.21
4890;532960.34;6008584.17;308.43
20678;532965.35;6008583.3;308.74
9008;532964.79;6008581.24;308.53
16165;532964.79;6008581.24;311.82
22964;532966.13;6008580.72;312.54
6503;532966.09;6008579.49;314.47
6565;532966.18;6008576.73;315.5
22747;532966.1;6008576.05;316.76
22317;532969.43;6008573.96;318.72
13410;532973.63;6008571.11;321.95
18532;533010.49;6008557.41;319.33
14439;533025.73;6008546.82;317.34
7138;533025.46;6008545.65;317.31
17233;533028.49;6008542.37;317.82
6493;533021.96;6008543.54;317.34
11158;533027.14;6008539.45;317.51
2509;533027.29;6008534.85;317.95
17663;533030.21;6008532.65;318.11
5750;533029.58;6008530.46;318.01
3733;533036.28;6008529.79;318.41
19436;533030.0;6008528.04;318.42
18520;533030.0;6008528.04;320.02
8570;533029.51;6008526.36;318.53
5504;533036.03;6008533.53;318.37
20433;533037.07;6008529.6;320.73
6166;533037.71;6008526.61;321.18
173;533038.12;6008529.24;323.27
5237;533021.25;6008561.89;316.43
1422;533026.49;6008562.6;316.66
23133;533031.76;6008556.29;317.31
5174;533031.45;6008562.15;317.14
19991;533033.68;6008555.43;317.33
20437;533036.38;6008551.24;317.89
12787;533036.38;6008551.24;322.71
22583;533034.7;6008564.59;317.18
4636;533036.52;6008560.49;317.45
19877;533040.75;6008555.59;318.07
1794;533045.54;6008550.03;318.27
19613;532890.7;6008491.79;273.77
24049;532893.86;6008494.97;274.76
5395;532889.76;6008491.26;273.45
3654;532890.67;6008489.31;273.93
21096;532888.11;6008489.23;274.4
13040;532893.11;6008487.71;274.42
14802;532893.23;6008489.7;276.87
2517;532888.11;6008489.23;273.05
7663;532885.56;6008488.45;272.37
7667;532884.62;6008485.91;272.01
21953;532882.72;6008484.26;271.99
21679;532880.82;6008483.73;272.38
14441;532896.31;6008487.76;274.9
17210;532893.63;6008490.27;276.81
10376;532900.32;6008488.74;275.52
11792;532900.32;6008488.74;277.07
9062;532904.27;6008488.94;277.52
785;532891.23;6008511.3;283.49
4487;532891.72;6008505.49;283.54
16235;532893.77;6008491.43;278.2
7561;532891.71;6008491.22;279.62
18440;532892.51;6008494.18;280.77
816;532892.51;6008494.18;273.27
15689;532911.26;6008492.57;276.95
16469;532910.9;6008492.35;277.93
22229;532911.98;6008491.39;279.59
5248;532913.56;6008489.61;280.1
22294;532912.27;6008489.43;282.11
52;533071.89;6008593.08;316.45
3741;533077.56;6008596.05;315.9
4293;533066.6;6008589.67;318.38
16118;533061.04;6008585.36;318.13
23911;533070.34;6008588.08;318.16
11283;533059.41;6008581.17;318.13
3951;533063.86;6008582.08;318.36
11343;533055.78;6008580.48;318.13
2858;533061.41;6008577.39;318.58
16819;533072.68;6008585.63;318.64
13267;533067.45;6008580.24;318.16
23892;533079.23;6008593.57;318.07
1;533077.61;6008591.1;318.75
17525;533080.19;6008588.0;321.79
11269;533108.76;6008585.16;324.69
18977;533106.44;6008584.24;325.36
3454;533106.37;6008583.2;325.35
14004;533106.86;6008581.98;325.35
1642;533106.09;6008578.74;325.76
1691;533105.8;6008577.91;325.9
15322;533104.28;6008576.34;325.9
20570;533107.01;6008575.96;326.38
18110;533104.39;6008574.03;326.34
1009;533104.39;6008574.03;327.29
7349;533106.22;6008574.95;327.66
6738;533107.73;6008571.98;330.46
6714;533107.57;6008575.54;327.12
21554;533109.37;6008574.28;327.32
17053;533110.75;6008572.43;327.44
15421;533022.78;6008612.44;321.11
15894;533023.1;6008610.33;321.0
13130;533029.02;6008610.61;321.21
15665;533029.84;6008608.64;321.43
14656;533031.72;6008607.72;321.43
21033;533036.68;6008607.62;321.69
16555;533036.91;6008604.95;321.64
17013;533039.91;6008605.47;322.35
19944;533041.3;6008605.12;322.35
3709;533040.91;6008603.27;322.25
10498;533044.32;6008601.74;322.51
807;533045.75;6008604.08;323.09
14082;533046.67;6008603.47;323.21
2756;533047.26;6008601.22;323.29
20639;533048.71;6008600.27;323.29
19588;533049.44;6008598.03;323.58
23928;533055.41;6008597.71;324.53
13812;533059.69;6008597.62;327.1
16947;533034.48;6008614.31;319.44
7376;533060.46;6008622.61;321.11
14830;532913.98;6008492.31;276.85
5508;532916.42;6008491.87;278.5
5826;532923.36;6008492.45;281.97
24006;532923.99;6008493.99;282.25
3638;532923.99;6008493.99;285.2
12868;532926.87;6008495.99;287.99
12849;532927.9;6008497.2;288.26
1338;532930.19;6008497.44;289.12
5888;532931.21;6008497.33;290.24
12060;532933.88;6008497.74;290.5
24177;532933.88;6008497.74;288.9
9582;532936.5;6008497.18;292.56
15277;532936.64;6008496.33;289.15
21818;532937.28;6008492.97;287.29
6867;532933.2;6008494.31;285.51
4976;532936.5;6008497.18;293.47
12881;532942.16;6008494.69;294.84
2740;532950.71;6008496.02;295.52
3508;532957.52;6008496.23;296.18
12100;532965.98;6008494.09;296.86
9454;532967.51;6008494.0;297.7
16320;532969.69;6008493.62;297.37
8042;532971.35;6008494.9;297.83
20223;532971.35;6008494.9;299.43
6335;532975.51;6008495.18;301.88
12302;532971.35;6008494.9;300.9
21239;532971.23;6008494.21;301.27
4235;532971.23;6008494.21;302.87
11121;532969.95;6008493.38;303.41
3867;532969.95;6008493.38;304.0
13145;532971.7;6008489.92;303.72
6035;532971.72;6008494.01;303.98
23105;532977.48;6008492.99;304.14
619;532975.33;6008485.85;304.05
376;532980.72;6008489.33;305.95
21810;532987.56;6008491.14;308.18
6643;532995.75;6008491.82;309.26
2119;532995.75;6008491.82;308.48
15677;532995.12;6008488.34;308.14
4627;532830.87;6008482.73;285.44
16199;532860.16;6008530.55;296.21
13124;532860.16;6008530.55;310.49
9043;532893.07;6008543.8;308.29
14396;532895.89;6008540.87;311.2
542;532900.85;6008540.68;311.76
406;532902.34;6008539.33;311.74
13317;532905.56;6008535.73;313.0
407;532909.41;6008536.81;312.89
10272;532914.91;6008532.49;312.71
4458;532917.26;6008534.32;313.05
11561;532918.01;6008532.47;313.17
11102;532920.86;6008533.39;313.25
11274;532922.31;6008532.07;313.65
6606;532923.38;6008533.76;313.7
6083;532928.26;6008532.97;314.44
2518;532928.35;6008533.96;314.41
16191;532932.56;6008536.58;315.06
21538;532938.1;6008534.32;315.54
586;532945.67;6008534.83;316.81
19331;532949.91;6008532.36;317.8
6310;532953.47;6008534.4;317.91
19555;532957.24;6008537.66;318.13
19195;532948.47;6008542.37;330.65
24265;532719.14;6008490.36;267.75
18712;532721.68;6008490.22;267.93
4518;532692.85;6008494.62;270.37
2551;532686.86;6008493.59;269.84
8393;532679.21;6008500.04;269.67
15420;532670.86;6008499.04;270.11
4665;532668.52;6008498.56;270.23
19395;532669.22;6008501.81;269.42
18715;532664.81;6008500.89;269.77
343;532662.61;6008500.9;269.97
1771;532662.02;6008499.12;269.97
6971;532661.09;6008499.03;269.65
18974;532657.55;6008497.39;269.85
8397;532656.62;6008494.19;270.5
22977;532669.7;6008503.61;268.85
8877;532668.86;6008506.58;268.36
1584;532673.09;6008503.95;268.44
815;532665.88;6008509.92;268.13
14578;532681.17;6008505.5;268.87
15526;532871.43;6008480.66;276.65
18373;532854.95;6008480.76;272.44
6841;532856.56;6008479.49;273.18
2036;532859.01;6008481.93;273.06
21745;532861.17;6008484.31;273.99
16501;532863.48;6008483.81;274.44
2374;532858.58;6008486.35;274.39
21834;532861.17;6008484.31;275.33
4681;532862.75;6008482.17;273.4
20820;532861.53;6008479.37;273.4
15385;532858.7;6008484.45;275.9
5338;532856.53;6008482.89;278.97
21341;532834.85;6008480.76;274.52
19306;532836.21;6008483.18;274.48
18163;532839.06;6008481.19;274.67
16064;532833.45;6008486.87;274.8
20256;532833.45;6008486.87;275.71
3723;532832.57;6008488.09;275.76
9489;532833.84;6008488.82;276.38
5218;532844.49;6008492.87;276.78
17593;532842.76;6008483.87;276.42
13626;532848.2;6008480.57;277.66
9670;532850.92;6008482.27;277.32
7740;532606.52;6008487.86;272.95
5348;532608.03;6008488.39;272.95
8773;532606.45;6008490.28;271.23
18405;532602.87;6008490.54;270.98
4499;532599.53;6008485.44;271.09
22381;532603.79;6008470.43;271.36
6115;532606.11;6008467.31;271.63
10876;532738.36;6008472.95;288.81
14709;532736.66;6008471.22;288.84
19787;532762.94;6008456.88;298.39
156;532759.0;6008440.31;302.12
16892;532762.75;6008438.6;302.06
21536;532768.7;6008437.16;301.97
18356;532639.4;6008454.85;270.62
625;532650.55;6008456.76;270.23
13730;532642.72;6008456.73;277.71
18916;532646.26;6008455.69;277.19
2116;532647.8;6008453.0;276.86
1648;532649.06;6008452.81;276.03
15204;532650.26;6008451.68;275.59
7991;532650.27;6008452.6;275.59
13347;532650.27;6008452.6;274.27
23957;532648.65;6008452.49;273.68
20116;532647.71;6008454.65;272.32
4210;532649.16;6008455.35;272.24
2118;532744.77;6008477.74;290.63
5886;532754.13;6008470.64;291.25
13266;532760.62;6008470.73;291.36
109;532765.58;6008471.95;291.63
23932;532768.15;6008471.67;291.54
22157;532771.56;6008469.92;291.67
6152;531413.4;6007987.37;186.09
1073;531409.48;6007978.23;185.09
10973;531405.55;6007969.04;185.59
2110;531400.83;6007960.24;185.09
19250;531395.36;6007951.89;185.59
23351;531389.9;6007943.53;186.09
11983;531385.2;6007934.75;185.09
21646;531381.26;6007925.56;185.09
22037;531373.39;6007907.2;186.09
23766;531358.8;6007905.52;189.09
22769;531350.88;6007887.26;191.09
18982;531331.74;6007858.24;195.09
13161;531330.55;6007838.37;197.09
7593;531329.08;6007813.6;194.09
15871;531354.2;6008540.84;242.21
536;531342.27;6008554.02;241.59
9254;531342.05;6008569.02;241.59
8101;531326.9;6008579.78;241.59
12097;531333.68;6008548.9;241.59
23595;531330.43;6008578.49;241.59
12556;531339.05;6008568.98;241.59
15043;531317.34;6008585.81;241.59
9827;531309.59;6008592.13;241.59
13900;531302.71;6008588.03;241.59
16082;531275.72;6008587.65;241.59
12445;531276.52;6008592.59;241.59
14600;531276.45;6008597.59;241.59
11849;531314.1;6008601.25;241.59
19884;531299.29;6008603.65;241.59
2467;531289.29;6008603.51;241.59
4325;531281.39;6008604.79;241.59
9715;531272.09;6008612.37;241.59
16637;531270.31;6008617.04;241.59
9298;531267.75;6008621.34;241.59
15714;531759.33;6007789.24;259.16
17537;531761.71;6007790.67;257.21
23974;531762.89;6007791.31;256.12
3116;531765.17;6007792.79;254.86
5897;531767.01;6007793.92;256.11
13071;531771.06;6007796.15;255.62
6248;531773.11;6007795.14;255.78
14609;531778.91;6007800.32;255.78
5421;531786.44;6007805.76;255.46
13749;531785.46;6007807.27;255.07
18476;531784.01;6007806.94;255.53
21946;531783.01;6007808.69;256.99
12725;531783.19;6007809.71;253.39
12214;531783.16;6007811.69;251.48
22392;531784.65;6007812.97;250.29
3602;531786.55;6007814.35;250.62
9521;531789.46;6007816.68;250.36
20959;531793.19;6007817.46;250.36
14347;531795.12;6007818.85;250.36
12902;531743.17;6007812.26;263.06
9819;531745.99;6007815.51;258.32
5457;531742.84;6007812.69;257.5
9294;531744.65;6007808.98;254.5
19735;531741.39;6007809.38;252.2
4851;531739.92;6007806.11;252.45
6931;531739.74;6007802.93;252.23
1553;531737.06;6007800.26;251.9
8760;531731.91;6007802.57;251.11
23109;531732.39;6007807.04;251.26
15491;531732.39;6007807.04;250.36
1336;531730.38;6007806.31;249.83
24191;531750.92;6007736.29;266.2
21065;531741.01;6007731.71;267.06
1021;531737.99;6007735.15;268.08
21037;531729.46;6007728.77;268.54
4741;531724.88;6007726.14;268.22
7723;531722.31;6007724.9;267.54
12894;531772.52;6007744.89;270.17
14976;531775.84;6007745.25;269.36
18741;531777.31;6007748.22;269.39
15104;531779.61;6007750.95;269.42
22958;531778.52;6007752.16;269.69
5076;531784.52;6007756.18;269.25
6227;531791.23;6007747.37;268.28
21794;531785.54;6007736.28;267.08
16259;531785.54;6007736.28;264.62
8485;531786.39;6007735.63;264.27
22846;531793.4;6007737.23;264.58
10184;531748.9;6007764.14;270.19
17009;531743.43;6007770.48;268.94
12331;531735.8;6007776.7;267.47
3500;531727.81;6007783.45;267.93
9547;531730.13;6007785.41;268.06
22859;531725.01;6007791.33;267.99
15004;531725.01;6007791.33;270.9
3246;531718.37;6007793.51;270.6
23912;531724.74;6007799.85;270.53
7748;531732.92;6007791.15;251.3
23554;531724.52;6007780.12;250.46
18260;531720.28;6007783.11;250.19
18111;531713.52;6007780.12;249.8
22462;531712.54;6007776.25;249.94
856;531704.63;6007773.71;249.94
19645;531646.92;6007720.93;244.12
8380;531642.01;6007724.65;244.01
21702;531640.03;6007724.45;243.83
13779;531641.46;6007728.68;244.15
23146;531621.17;6007656.52;242.61
1614;531617.87;6007662.06;242.61
18918;531618.08;6007664.34;242.73
18897;531615.79;6007666.99;242.73
18245;531643.57;6007647.22;243.35
9476;531636.0;6007584.99;244.72
6292;531644.1;6007583.24;244.87
11297;531645.67;6007578.38;244.01
6948;531654.96;6007579.65;243.27
2586;531659.71;6007577.9;244.26
22606;531970.57;6007857.45;265.36
20015;531972.5;6007854.08;267.89
2039;531972.03;6007860.68;265.17
18019;531975.95;6007863.84;265.44
8590;531971.28;6007863.68;265.23
6610;531976.66;6007864.23;266.07
13041;531975.53;6007865.64;267.39
23965;531980.13;6007861.69;266.15
10880;531977.31;6007867.13;269.49
7148;531955.76;6007862.79;267.51
19838;531955.76;6007862.79;271.67
11463;531923.26;6007856.25;267.02
17000;531924.02;6007852.91;267.26
9694;531929.36;6007857.31;267.35
10539;531920.71;6007856.48;268.95
13806;531920.11;6007854.66;272.95
319;531917.68;6007862.49;269.18
17030;531895.15;6007844.29;251.52
23126;531895.15;6007844.29;250.72
7062;531893.33;6007843.61;250.48
4672;531895.15;6007844.29;252.18
378;531889.24;6007844.46;249.74
17479;531888.41;6007841.86;248.7
11834;531894.06;6007842.12;251.92
12328;531890.31;6007841.37;251.45
19522;531888.63;6007842.01;251.45
10152;531885.93;6007845.96;251.04
19699;531887.34;6007847.55;251.22
18371;531886.75;6007848.63;251.16
10630;531887.34;6007850.28;251.34
17341;531886.61;6007841.93;228.7
8274;531890.08;6007840.03;230.43
2267;531888.59;6007842.73;228.8
1606;531892.83;6007836.29;230.55
12086;531895.69;6007832.67;233.72
11295;532052.84;6007885.33;265.44
12286;532045.1;6007892.08;266.16
7226;532041.52;6007892.46;266.38
13158;531916.01;6007817.59;258.58
10481;531914.98;6007834.92;254.73
7294;531913.21;6007834.96;254.56
16494;531910.96;6007831.38;254.37
25;531905.79;6007830.77;254.15
23128;531897.32;6007834.22;253.43
4962;531901.64;6007826.36;255.09
19375;531890.64;6007836.68;251.72
14528;531946.59;6007808.8;257.29
2134;531949.4;6007806.17;257.29
9557;531902.56;6007817.37;258.37
11347;531897.9;6007814.01;258.17
5210;531894.72;6007813.05;258.29
17038;531897.9;6007814.01;253.87
9402;531904.93;6007819.07;257.68
20342;531906.73;6007815.18;254.57
9595;532007.28;6007870.74;265.48
4933;532006.62;6007871.59;265.64
8419;532004.58;6007868.27;265.32
19224;532006.62;6007871.59;267.12
23188;532004.72;6007874.86;269.44
3555;532004.72;6007874.86;280.14
12795;532064.78;6007826.86;270.97
22007;532064.78;6007826.86;270.34
16327;532079.98;6007829.22;271.41
9080;532084.3;6007827.0;271.75
19681;532088.25;6007831.06;271.95
1203;532089.33;6007832.34;272.19
13921;532091.35;6007831.67;272.08
15828;532098.09;6007830.94;272.31
10940;532103.01;6007833.21;272.79
19114;532106.34;6007832.97;272.9
1460;532109.61;6007835.8;272.29
16414;532111.06;6007833.79;273.07
18270;532053.68;6007862.97;277.27
7904;532062.07;6007838.52;269.67
8745;532067.73;6007838.61;270.11
9464;532049.26;6007832.15;263.65
4242;532048.19;6007831.09;263.49
3106;532049.73;6007829.53;263.41
1660;532049.33;6007828.25;263.41
18702;532046.88;6007827.74;263.24
9260;532046.65;6007826.72;263.25
14087;532045.47;6007826.12;263.09
24271;532045.32;6007824.94;263.13
11;532046.03;6007823.53;263.1
19121;532045.16;6007821.02;263.01
21841;532042.6;6007819.9;262.77
4624;532039.68;6007819.18;262.45
9716;532037.06;6007817.43;262.23
1066;532036.01;6007816.51;262.13
1285;532034.97;6007816.72;262.11
15771;532033.49;6007815.84;262.05
9714;532059.37;6007874.29;265.5
3869;532056.73;6007873.51;265.43
18435;531935.43;6007804.84;260.59
7525;531937.13;6007807.31;260.72
5749;531993.95;6007882.63;256.42
4916;531994.12;6007885.33;256.42
17064;531994.19;6007887.93;256.51
510;531995.1;6007890.77;256.72
4824;531996.64;6007891.16;256.97
14304;531997.27;6007892.34;256.5
4725;531993.73;6007890.92;259.29
24135;531994.41;6007892.09;258.48
6726;532000.22;6007890.8;259.5
22659;531997.81;6007898.39;256.66
1545;532000.81;6007901.57;256.92
9925;532002.5;6007902.46;258.33
1585;532006.68;6007905.16;260.93
7514;531995.66;6007871.51;260.54
11733;531998.51;6007874.88;260.74
21561;532000.79;6007874.42;260.92
1781;532001.17;6007875.56;261.98
2278;531997.75;6007877.97;261.43
3431;532004.32;6007873.87;263.32
1657;532001.26;6007872.41;261.95
11799;531992.87;6007891.08;260.68
19777;531991.32;6007890.21;261.55
14984;532001.91;6007890.34;259.4
6094;532005.13;6007887.25;260.43
21911;532067.38;6007799.72;232.71
11191;532068.87;6007797.0;232.49
6066;532067.83;6007792.53;232.45
22482;532068.48;6007789.11;232.97
8798;532067.24;6007781.49;232.02
3138;532065.65;6007776.02;234.04
23608;532054.88;6007765.68;230.18
14018;532055.68;6007763.16;229.97
10154;532051.77;6007757.6;229.91
14217;532048.53;6007753.9;229.7
11704;532050.56;6007744.98;229.62
5288;532047.01;6007741.34;229.4
18937;532049.11;6007733.39;229.18
10256;532039.86;6007725.95;228.87
193;532040.23;6007720.45;228.73
14193;532036.47;6007716.58;228.49
1477;532036.86;6007713.33;228.23
14785;532032.87;6007704.02;227.79
10908;532029.37;6007700.02;228.12
21022;532028.41;6007696.92;227.28
3855;532027.22;6007692.56;227.12
21309;532022.71;6007686.84;226.67
4331;532017.42;6007689.67;227.36
1296;532012.37;6007691.84;227.55
16462;532007.55;6007687.67;227.61
16006;532006.79;6007681.72;227.29
620;532003.87;6007679.91;226.87
3510;531999.85;6007683.81;226.87
23497;531996.32;6007683.94;226.31
23597;531993.36;6007677.92;226.43
10366;531993.61;6007672.79;226.34
14596;531991.49;6007668.65;225.52
8136;531992.46;6007661.59;225.83
4055;531992.8;6007656.37;226.66
13150;531989.51;6007658.54;225.96
12655;531993.02;6007649.59;225.58
492;531986.12;6007666.21;226.47
14093;531986.53;6007671.76;226.72
6982;531982.01;6007676.15;227.21
19089;531982.38;6007693.83;227.06
2340;531986.8;6007696.16;227.19
10556;531986.64;6007707.06;227.09
24204;531978.99;6007708.16;227.03
7604;531975.3;6007711.75;226.98
15554;531969.69;6007711.67;227.23
13931;531965.37;6007714.19;227.36
18191;531964.86;6007719.21;227.4
21690;531966.23;6007731.88;227.73
20225;531960.78;6007736.82;227.93
19244;531959.69;6007740.22;227.9
6769;531959.91;6007745.95;227.85
16856;531959.99;6007750.1;227.95
6656;531958.55;6007751.83;227.94
8872;531953.43;6007750.28;227.98
5902;531946.48;6007751.91;227.79
15038;531940.97;6007756.4;227.73
18179;531937.22;6007756.48;227.7
21058;531936.3;6007758.08;227.68
23428;531933.67;6007760.46;227.78
11673;531932.15;6007763.22;227.58
23527;531928.79;6007758.44;227.33
14380;531927.74;6007768.72;228.39
13234;531924.84;6007751.66;227.26
19491;531921.81;6007748.07;227.22
1852;531920.64;6007741.58;227.16
22348;531917.81;6007740.44;227.14
7402;531914.8;6007742.12;227.11
5141;531912.21;6007738.31;227.07
6899;531902.38;6007736.43;226.8
1472;531900.55;6007732.16;226.76
5524;531896.04;6007730.08;226.46
20568;531894.07;6007720.92;226.05
17347;531891.03;6007719.31;226.02
12687;531883.69;6007706.7;225.64
6665;531875.98;6007702.63;225.26
15514;531873.49;6007698.82;225.06
1056;531866.58;6007686.94;224.7
10240;531861.78;6007670.42;223.95
2573;531854.54;6007668.63;223.36
17792;531845.71;6007661.02;222.44
16214;531836.71;6007656.66;222.18
22762;531929.17;6007774.37;227.93
5273;532090.78;6007864.15;267.09
21764;532096.81;6007859.74;267.29
384;532105.45;6007867.85;268.16
3920;531990.35;6007647.68;226.16
8386;531985.09;6007643.87;225.59
11126;531984.23;6007638.63;225.03
10609;531979.79;6007628.24;226.42
2624;531979.23;6007622.08;225.77
19298;531971.47;6007612.57;225.56
19705;531964.65;6007608.5;223.13
18892;531960.4;6007601.48;222.84
23338;531956.04;6007597.85;221.74
4297;531949.98;6007599.04;221.74
23775;531943.13;6007596.44;221.61
19336;531939.99;6007593.1;223.28
7250;531933.59;6007586.51;221.49
21881;531924.11;6007592.71;220.5
7270;531914.1;6007599.0;221.74
22330;531907.75;6007604.0;221.46
9265;531905.97;6007611.24;219.88
16877;531897.79;6007612.26;219.59
7541;531890.34;6007610.3;219.25
7756;531888.25;6007611.99;219.21
20842;531883.15;6007613.38;218.93
8151;531877.85;6007613.76;218.84
552;531862.73;6007618.44;217.73
16795;531858.95;6007609.17;217.73
18924;531853.12;6007609.71;217.22
23485;531849.94;6007615.75;216.98
4036;531841.74;6007610.25;217.15
3817;531840.63;6007595.19;216.76
3374;531833.85;6007591.15;216.2
13831;531825.43;6007587.95;216.2
5717;532142.75;6007879.75;239.51
9669;532141.43;6007883.64;240.8
16628;532141.58;6007886.47;241.22
1449;532140.45;6007890.77;241.65
9481;532141.45;6007894.21;241.81
1213;532139.88;6007896.47;241.88
18797;532140.78;6007901.05;241.84
4551;532139.13;6007904.05;241.93
20098;532137.95;6007911.68;241.59
5858;532137.1;6007920.06;241.52
2965;532076.73;6007814.8;233.71
10802;532076.73;6007814.8;236.02
15936;532076.17;6007815.87;236.2
8688;532078.97;6007818.13;236.42
14010;532078.97;6007818.13;236.57
16293;532079.97;6007818.32;236.49
19086;532082.13;6007821.49;236.59
21854;532083.69;6007822.58;236.61
11356;532084.54;6007824.67;236.63
15187;532087.15;6007825.46;237.14
22538;531876.19;6007856.77;239.74
4123;531891.04;6007836.41;257.33
18295;531892.37;6007834.93;252.76
23244;531888.87;6007837.29;257.7
8800;531880.05;6007824.31;258.52
8129;531872.71;6007818.81;259.48
17810;531869.48;6007826.49;259.34
6858;531870.07;6007825.41;265.88
15694;531874.92;6007829.31;266.87
13634;531863.76;6007829.08;266.01
16933;531858.53;6007830.02;265.64
23964;531858.53;6007830.02;262.14
18948;531856.02;6007836.99;265.64
23416;531853.81;6007834.3;265.19
15723;531855.68;6007839.82;265.74
23483;531852.82;6007843.95;267.67
14065;531853.18;6007837.65;265.19
12835;531848.65;6007844.39;265.19
22678;531852.48;6007845.48;265.54
9128;531854.88;6007846.15;265.76
16888;531854.88;6007846.15;270.76
12597;531896.76;6007840.51;253.01
22034;531890.66;6007839.69;253.47
17970;531886.5;6007837.21;252.98
12296;531895.77;6007844.23;253.41
13838;531885.61;6007839.55;252.94
14880;531882.55;6007839.4;252.99
9662;531882.26;6007841.54;252.76
20518;531879.24;6007844.0;252.76
4553;531876.4;6007843.3;252.76
19411;531974.68;6007853.41;271.32
6421;532148.24;6007883.71;268.99
9590;532156.74;6007874.85;269.75
11680;532161.92;6007870.15;270.05
7884;532159.36;6007866.18;270.3
1964;532171.74;6007878.34;270.39
23355;532169.93;6007885.69;270.39
8080;532179.84;6007892.57;270.7
13286;532179.84;6007892.57;269.48
21108;532177.24;6007899.76;270.62
6064;532180.74;6007907.19;270.62
11216;532175.39;6007899.47;270.94
16629;532180.75;6007911.11;270.59
23319;532177.85;6007914.02;270.55
7874;532174.49;6007897.98;273.38
17854;532164.5;6007862.7;271.12
19759;531915.94;6007805.64;239.54
14570;531918.56;6007799.41;236.94
19701;531923.93;6007791.38;234.71
3329;531921.03;6007800.66;235.82
8367;531928.96;6007783.61;229.79
22998;531930.06;6007782.32;227.91
5779;531932.57;6007779.32;226.71
16074;531935.4;6007774.56;225.73
15724;531929.52;6007772.32;225.62
14229;531910.68;6007817.62;242.79
15580;532156.71;6007873.88;269.01
8032;532156.92;6007873.07;273.75
6344;532157.57;6007873.69;273.89
21951;532158.21;6007873.34;274.5
11564;532159.76;6007872.92;274.83
17563;532161.12;6007872.89;274.97
4521;532162.67;6007872.53;274.81
2719;532164.31;6007871.93;274.84
178;532164.29;6007870.65;274.86
8329;532166.18;6007870.06;274.97
828;532167.71;6007870.55;275.55
2201;532164.17;6007854.17;275.26
5343;532170.34;6007873.25;275.48
3505;532176.65;6007879.98;275.48
11816;532183.68;6007882.79;275.62
22948;532187.42;6007885.7;275.62
1376;532191.02;6007886.13;275.55
6150;532195.93;6007884.7;275.69
7775;532199.81;6007885.59;275.83
3047;532202.12;6007888.33;275.83
7963;532195.74;6007889.02;275.71
22054;532209.78;6007887.5;276.09
2158;532213.75;6007886.2;275.84
19182;532221.4;6007886.71;276.17
13857;532226.31;6007885.28;276.8
13127;532227.99;6007886.85;279.27
4495;532238.58;6007881.25;277.25
14110;532227.67;6007887.82;289.95
2438;532228.77;6007889.51;279.76
3959;531860.26;6007560.29;254.97
12090;531856.64;6007559.6;254.71
9147;531855.66;6007560.99;254.89
2870;531859.04;6007562.92;258.03
12332;531851.37;6007552.47;255.41
571;531848.37;6007548.11;258.22
13488;531845.29;6007545.73;258.49
1531;531849.41;6007553.39;258.59
17512;531843.4;6007545.08;258.45
7757;531841.86;6007543.8;258.42
19421;531837.87;6007543.46;258.35
11798;531851.36;6007556.76;258.66
6178;531853.91;6007557.94;258.52
18382;531853.34;6007562.1;258.66
12680;531854.33;6007563.82;258.91
1892;531857.32;6007564.12;258.85
11116;531857.58;6007566.2;258.82
22896;531861.88;6007562.62;258.77
2320;531859.97;6007565.46;258.77
12819;531863.43;6007567.36;258.68
1277;531818.75;6007529.3;248.3
7736;531797.92;6007630.2;258.75
19565;531795.95;6007626.95;258.78
14190;531794.54;6007622.12;258.78
19493;531786.88;6007564.88;248.75
12971;531786.88;6007564.88;245.05
0;531785.56;6007564.59;244.64
11886;531785.56;6007564.59;242.14
21560;531781.24;6007562.55;241.81
16559;531781.24;6007562.55;240.81
14197;531780.19;6007560.16;240.72
2814;531775.66;6007560.7;240.08
17417;531771.67;6007565.57;239.86
4213;531768.86;6007564.64;238.66
2828;531770.69;6007556.88;238.1
1074;531773.13;6007554.1;237.84
10130;531769.81;6007548.52;237.84
12875;531768.15;6007546.78;237.8
5556;531758.26;6007536.45;237.55
3338;531753.69;6007534.68;237.47
14472;531747.39;6007537.46;237.83
11841;531740.18;6007530.67;237.83
7647;531740.44;6007527.18;237.83
24129;531738.67;6007521.65;237.63
18300;531732.4;6007519.58;237.63
21014;531722.42;6007520.06;237.63
16427;531714.16;6007509.78;237.63
18056;531706.55;6007501.83;237.63
14848;531698.59;6007502.62;237.63
19410;531698.61;6007498.33;237.93
10132;531705.93;6007493.45;238.08
14060;531710.44;6007492.17;238.41
18030;531712.37;6007487.48;238.85
22546;531718.77;6007484.92;238.85
4044;531722.92;6007481.94;238.94
11980;531729.28;6007475.18;238.62
13026;531731.89;6007476.14;238.27
20254;531742.52;6007470.79;238.27
6376;531749.0;6007468.2;238.76
3203;531751.51;6007469.9;239.41
14015;531756.49;6007470.98;239.59
8368;531762.38;6007469.55;238.95
18718;531751.0;6007467.79;238.23
20785;531761.08;6007473.49;240.06
4303;531925.01;6007611.61;299.18
22397;531925.01;6007611.61;296.28
19757;531928.31;6007613.69;296.28
21610;531928.31;6007613.69;292.98
24127;531929.69;6007613.03;295.08
9891;531931.83;6007611.76;294.91
12157;531929.69;6007613.03;297.08
10692;531929.06;6007612.01;295.08
23664;531933.82;6007607.71;299.73
21948;531926.79;6007603.77;304.77
152;531938.52;6007608.07;301.93
2076;531927.47;6007609.7;297.08
10288;531929.06;6007612.01;291.58
14481;531927.8;6007610.7;290.73
16337;531928.78;6007608.95;290.66
23055;531907.07;6007590.92;295.0
15180;531907.92;6007589.69;295.0
19977;531910.28;6007586.21;295.0
3553;531907.92;6007589.69;287.2
4963;531904.12;6007582.47;295.0
309;531900.63;6007582.58;295.0
7426;531900.08;6007580.86;295.0
20745;531897.32;6007577.97;295.0
8784;531880.67;6007568.31;266.25
11145;531885.47;6007567.84;264.48
439;531886.98;6007570.01;266.62
8023;531884.68;6007573.04;268.39
17798;531880.18;6007569.48;272.41
12253;531886.09;6007571.9;269.24
13746;531877.94;6007574.94;273.99
985;531883.96;6007570.46;270.78
2582;531882.68;6007568.1;273.03
12822;531887.08;6007569.73;281.86
9277;531891.77;6007571.46;281.86
7533;531898.73;6007572.22;293.99
16302;531830.4;6007593.71;251.35
588;531829.71;6007589.9;251.41
5422;531833.72;6007589.03;251.49
19486;531836.91;6007592.21;251.72
19769;531839.73;6007592.3;251.52
15617;531842.96;6007588.56;251.7
3355;531841.75;6007585.55;252.57
9286;531841.75;6007585.55;253.81
432;531843.59;6007580.43;253.52
6117;531842.84;6007577.69;255.3
3717;531845.37;6007581.08;253.52
21855;531845.37;6007581.08;259.92
4175;531874.96;6007633.09;257.88
3455;531875.79;6007630.18;260.91
8939;531848.28;6007623.61;253.35
6749;531848.27;6007621.26;260.58
13830;531874.56;6007580.94;256.96
9665;531874.94;6007585.99;256.87
4964;531878.32;6007593.89;257.02
210;531883.75;6007599.47;257.16
3320;531883.08;6007602.0;257.11
22304;531891.59;6007604.74;257.27
6916;531893.95;6007610.54;257.38
18125;531898.75;6007612.76;257.47
20396;531901.74;6007617.33;257.66
10089;531906.08;6007619.42;257.91
6297;531911.55;6007625.9;258.28
2597;531913.32;6007626.96;258.28
18085;531914.83;6007629.45;257.93
14963;531916.22;6007633.26;257.93
10039;531916.85;6007629.04;258.44
358;531918.64;6007636.42;258.31
18474;531924.86;6007639.3;258.79
3734;531924.81;6007638.01;266.97
1212;531922.76;6007629.91;258.76
11547;531924.65;6007627.3;258.78
13231;531924.72;6007622.42;258.95
22066;531926.7;6007625.95;259.04
3540;531926.69;6007623.1;260.37
4152;531929.04;6007625.7;259.27
7407;531927.12;6007619.91;263.59
771;531937.76;6007630.9;259.62
4539;531940.23;6007634.54;259.89
9754;531943.67;6007636.05;260.02
20058;531943.21;6007638.67;260.16
10995;531950.4;6007639.78;260.42
14727;531951.36;6007643.33;260.54
11260;531953.69;6007635.54;260.7
12482;531950.23;6007625.59;260.7
21355;531952.93;6007625.58;260.46
13104;531772.08;6007526.92;266.49
13509;531772.08;6007526.92;270.49
1507;531775.77;6007525.37;270.49
20392;531761.23;6007469.16;268.48
12171;531759.94;6007466.4;271.12
12381;531762.89;6007462.52;271.81
3519;531760.47;6007457.89;272.54
23157;531756.38;6007460.83;271.47
21312;531754.67;6007463.42;270.59
24091;531584.25;6007317.7;259.84
14421;531584.52;6007315.38;261.19
1215;531584.64;6007312.49;264.64
20350;531584.71;6007307.26;266.34
7321;531587.19;6007303.88;266.12
14756;531585.85;6007308.3;263.77
8822;531590.04;6007301.07;266.12
9460;531585.85;6007308.3;258.77
21046;531652.41;6007475.85;226.1
141;531644.54;6007480.26;255.96
21719;531660.26;6007466.77;226.1
8302;531646.93;6007488.0;257.98
13346;531610.79;6007408.23;264.56
18439;531610.15;6007405.68;267.09
1885;531608.69;6007404.97;268.42
7184;531608.69;6007404.97;273.42
10962;531607.07;6007403.8;277.89
21797;531612.32;6007425.48;256.43
47;531613.55;6007428.34;254.08
12878;531615.63;6007432.06;253.48
15743;531613.57;6007430.01;253.48
13204;531612.08;6007434.04;254.88
23758;531611.48;6007427.93;254.0
15386;531613.57;6007430.01;249.98
20578;531613.56;6007435.67;254.88
14433;531613.56;6007435.67;265.28
9704;531610.75;6007438.5;265.63
9626;531573.11;6007357.98;267.54
17809;531567.18;6007365.49;270.37
11548;531564.09;6007370.38;278.5
19046;531716.86;6007475.82;259.94
15345;531712.77;6007473.61;260.02
13262;531716.8;6007469.2;260.02
10747;531719.29;6007463.41;257.6
23260;531731.11;6007448.97;262.43
14019;531749.51;6007457.28;264.19
20233;531753.74;6007457.82;267.65
169;531754.29;6007462.54;269.1
11731;531716.96;6007478.17;260.36
16625;531714.87;6007474.58;260.06
14321;531714.14;6007473.02;259.23
32;531714.66;6007471.64;259.18
17042;531715.29;6007469.91;260.03
19989;531716.39;6007466.67;258.92
17488;531716.57;6007464.94;258.18
2686;531721.63;6007461.37;259.72
3049;531723.23;6007458.34;258.12
4004;531724.62;6007454.26;262.01
10999;531721.11;6007457.26;271.62
8158;531725.16;6007451.13;263.22
12856;531726.39;6007453.26;270.8
9629;531723.21;6007455.67;270.94
12203;531721.54;6007458.19;270.4
2583;531721.43;6007457.97;271.08
853;531958.65;6007624.62;260.58
849;531960.1;6007625.52;260.25
6691;531967.12;6007630.68;260.55
23103;531962.29;6007619.75;260.25
8424;531972.23;6007632.88;260.75
12267;531973.14;6007635.59;261.15
20447;531975.47;6007636.15;261.23
19534;531972.87;6007638.07;261.28
14086;531977.29;6007635.56;261.4
14237;531981.45;6007637.19;261.48
7289;531985.53;6007637.71;261.55
2254;531977.25;6007641.17;261.28
19946;531978.89;6007642.38;261.46
3764;531980.98;6007647.36;262.02
538;531982.61;6007650.49;262.21
5392;531983.35;6007656.71;262.43
20810;531992.09;6007658.77;262.59
1240;532002.3;6007657.04;262.77
22203;532009.21;6007661.08;263.75
5905;532010.15;6007657.85;263.63
6224;532015.6;6007655.35;263.63
16202;531964.72;6007619.82;260.46
11744;531966.01;6007616.04;260.46
12977;531968.76;6007617.68;260.4
12627;531973.3;6007617.82;260.48
3070;531974.72;6007616.56;260.58
15709;531976.51;6007618.01;260.5
3623;531575.14;6007314.74;260.86
9213;531572.0;6007312.64;260.53
8610;531561.12;6007305.36;260.07
8092;531556.42;6007309.61;259.18
11893;531542.43;6007309.17;259.18
22312;531538.02;6007309.65;259.88
12054;531542.06;6007304.18;257.45
19652;531534.13;6007309.52;259.54
14844;531534.42;6007306.68;261.55
7857;531534.42;6007306.68;264.05
2681;531535.03;6007303.49;263.48
2684;531535.11;6007298.02;264.05
14660;531535.11;6007298.02;262.05
24103;531535.94;6007295.83;258.45
8659;531537.69;6007286.63;260.1
1152;531535.84;6007280.25;261.51
19536;531535.96;6007276.33;262.27
11514;531534.1;6007272.37;262.81
17813;531535.8;6007261.4;263.0
20017;531538.84;6007259.34;263.99
6464;531539.87;6007253.99;263.22
3937;531540.2;6007249.01;262.96
21685;531536.79;6007243.61;256.34
10484;531542.44;6007227.04;261.69
13183;531545.52;6007220.91;265.19
16123;531548.8;6007213.84;265.05
8256;531555.97;6007200.8;265.83
20575;531556.71;6007198.0;264.48
23375;531564.39;6007188.1;269.79
5544;531568.0;6007183.29;276.48
12582;531545.19;6007303.55;257.18
23553;531550.58;6007303.26;257.27
14331;531554.31;6007302.92;258.35
4367;531558.32;6007301.98;259.22
19402;531557.6;6007292.23;257.67
18687;531557.5;6007290.84;265.55
13403;531557.31;6007288.25;267.05
167;531557.17;6007286.29;267.4
22303;531557.17;6007286.29;271.4
12483;531556.87;6007282.35;272.09
17168;531556.6;6007278.5;273.13
13911;531556.31;6007274.52;273.13
8690;531556.31;6007274.52;268.13
8284;531556.31;6007274.52;264.13
17652;531556.1;6007271.69;266.95
8107;531856.36;6007652.62;258.09
13295;531879.86;6007634.89;254.01
1941;531885.2;6007637.83;254.49
5497;531887.46;6007636.3;254.61
22267;531893.11;6007636.47;255.15
6365;531893.31;6007637.03;255.2
12392;531895.16;6007634.98;255.37
19663;531895.31;6007630.29;255.32
5456;531894.5;6007622.83;255.13
1184;531879.76;6007646.45;262.28
1275;531882.54;6007645.1;260.05
13572;531871.81;6007639.09;262.18
6216;531885.07;6007646.85;260.29
848;531885.07;6007646.85;261.36
2328;531883.31;6007651.46;262.36
11954;531887.47;6007647.01;258.65
22704;531891.67;6007648.12;257.52
14221;531891.79;6007651.95;259.51
10325;531889.5;6007649.33;258.89
16373;531887.47;6007647.01;259.28
3822;531891.67;6007648.12;258.89
20668;531895.09;6007654.61;259.85
4058;531889.53;6007651.25;258.71
7979;531890.91;6007654.47;258.49
16835;531887.36;6007645.24;258.95
13492;531891.15;6007642.27;256.66
12243;531888.45;6007639.51;261.25
2075;531888.45;6007639.51;255.25
22837;531829.44;6007658.39;259.56
18492;531834.93;6007661.1;257.28
20034;531834.93;6007661.1;254.23
7176;531833.47;6007664.03;253.47
22768;531837.42;6007667.26;252.53
9748;531840.68;6007672.96;252.7
7815;531835.12;6007665.91;252.53
8996;531848.58;6007678.77;253.13
9871;531850.43;6007686.37;253.47
4310;531850.36;6007689.2;253.45
15501;531854.46;6007693.63;253.66
5032;531854.06;6007700.6;253.66
21140;531856.19;6007701.7;253.93
10210;531862.11;6007699.92;254.09
5916;531856.13;6007712.1;254.2
23623;531837.4;6007667.19;252.74
1663;531834.92;6007666.13;250.88
22781;531834.42;6007663.11;248.08
4813;531834.85;6007660.7;249.25
2286;531839.84;6007658.31;249.49
17227;531842.8;6007655.85;247.82
11565;531843.93;6007656.59;247.17
8960;531845.82;6007652.76;247.13
6996;531854.83;6007717.64;254.15
5643;531859.08;6007725.41;254.54
2669;531857.68;6007727.38;254.69
5454;531854.73;6007730.29;254.87
9725;531862.41;6007730.61;254.84
12036;531851.71;6007731.37;254.9
5229;531848.93;6007730.66;254.82
19097;531847.09;6007735.38;254.78
10526;531865.15;6007730.34;254.86
6815;531870.73;6007732.3;254.81
4074;531878.47;6007731.8;254.88
23944;531883.13;6007736.86;255.18
10425;531883.12;6007740.2;255.15
24087;531886.9;6007742.5;255.57
12505;531888.2;6007742.11;255.56
5518;531892.55;6007742.21;255.91
18774;531892.41;6007739.17;256.09
15805;531891.33;6007737.11;255.91
2246;531894.1;6007735.05;256.12
16605;531896.86;6007729.7;256.33
6174;531899.02;6007729.94;256.04
6897;531899.35;6007727.73;256.54
3645;531902.69;6007726.27;256.7
8047;531906.01;6007726.23;256.9
17261;531908.8;6007727.11;256.87
18009;531913.15;6007727.28;256.61
19807;531914.51;6007727.53;256.79
8166;531915.06;6007728.78;256.78
16111;531916.67;6007729.54;256.95
19512;531917.97;6007731.91;256.97
14429;531917.56;6007733.2;256.35
5514;531920.24;6007736.33;256.75
22937;531922.63;6007736.3;256.73
6364;531924.52;6007734.63;256.79
20679;531927.46;6007737.21;256.93
9945;531929.78;6007741.26;256.97
23018;531745.14;6007459.93;237.89
3030;531742.03;6007461.01;237.6
22643;531742.03;6007461.01;226.4
6869;531744.58;6007457.49;223.02
18564;531745.51;6007456.22;219.46
7761;531748.09;6007449.49;219.2
11796;531750.49;6007446.53;216.63
17031;531751.79;6007443.61;216.74
549;531754.95;6007438.13;214.69
18150;531728.65;6007421.82;214.69
14736;531708.66;6007443.39;214.69
14647;531695.37;6007452.42;214.69
4274;531674.98;6007430.69;214.69
19345;531670.22;6007415.28;214.69
4070;531660.06;6007405.86;214.69
23774;531632.47;6007394.27;214.69
20387;531630.4;6007365.79;214.69
2950;531630.49;6007359.54;214.69
3274;531626.11;6007350.25;214.69
16808;531617.29;6007340.51;214.69
999;531607.86;6007326.64;214.69
23155;531597.05;6007310.72;214.69
4864;531609.82;6007277.11;214.69
5856;531612.77;6007263.01;214.69
3440;531619.62;6007263.23;214.69
1525;531621.07;6007253.84;214.69
12173;531618.21;6007243.97;214.69
8676;531617.59;6007237.12;214.69
1803;531621.5;6007231.9;214.69
8276;531627.53;6007222.17;214.69
2330;531863.4;6007544.62;253.32
4557;531865.41;6007537.14;253.18
7657;531863.4;6007544.62;258.32
17068;532090.7;6007534.97;319.08
9549;532089.86;6007540.91;318.77
13044;532088.87;6007540.78;318.77
22499;532088.18;6007545.73;318.77
2909;532087.91;6007547.7;318.77
23799;532084.94;6007547.29;318.77
20665;532084.52;6007550.27;318.77
22160;532079.74;6007553.88;318.77
11284;532077.72;6007557.31;318.42
18400;532077.72;6007557.31;315.42
16941;532069.83;6007551.17;315.24
8293;532055.64;6007540.1;314.93
9530;532054.64;6007536.23;314.86
20826;532048.61;6007528.25;314.68
458;532049.02;6007525.28;314.63
15873;532044.2;6007518.89;314.63
8782;532045.17;6007511.99;314.02
11783;531911.04;6007501.3;277.83
3075;531915.97;6007504.25;279.58
9957;531914.65;6007507.69;283.81
22114;531911.73;6007511.72;286.24
22795;531913.56;6007512.14;290.11
22187;531884.02;6007517.38;290.11
9398;531917.54;6007512.56;290.11
4344;532111.94;6007517.99;319.78
16472;532118.43;6007515.41;318.19
6642;532121.21;6007506.44;318.52
864;532120.39;6007505.84;321.34
13790;532122.32;6007502.55;328.52
7634;532125.34;6007499.76;328.81
1684;532129.33;6007500.71;329.46
9444;532130.36;6007496.7;329.46
12124;532138.53;6007496.61;329.74
12210;532143.78;6007499.55;330.8
7957;532145.92;6007499.75;330.73
19995;532147.91;6007499.76;330.56
5540;532150.62;6007501.04;330.56
19895;532153.6;6007500.69;330.56
16517;532156.59;6007501.51;330.77
14007;532160.5;6007500.19;331.06
782;532162.75;6007500.68;331.1
21502;532173.67;6007496.55;331.92
3380;532178.84;6007494.18;332.22
8243;532184.16;6007492.47;332.51
7451;532186.96;6007489.9;332.71
10108;532186.72;6007487.02;332.76
10080;531946.42;6007616.04;308.88
4877;531946.42;6007616.04;301.94
11482;531945.23;6007615.05;300.03
2264;531945.44;6007614.65;298.47
11239;531944.84;6007616.72;297.82
19353;531944.84;6007616.72;294.56
11541;531944.04;6007618.04;294.39
15212;531940.46;6007615.87;293.19
6710;531799.1;6007491.97;297.65
17744;531803.58;6007491.48;296.01
8446;531803.1;6007497.45;300.96
9554;531809.26;6007453.4;296.98
7830;531809.58;6007452.73;296.85
21686;531805.66;6007488.83;284.63
