id;x;y;z
32768;450337.52;4793696.79;272.66
24577;450810.48;4792832.91;287.79
65539;450352.17;4792752.84;309.96
40963;450324.86;4793533.24;269.79
49158;450449.34;4793779.7;321.24
73736;450407.56;4793511.88;335.52
16393;450708.78;4792903.33;302.01
49161;450000.62;4793022.05;247.98
11;450227.91;4794029.45;326.35
8204;450314.15;4793123.18;260.44
49167;450743.82;4792650.45;290.35
16399;450845.39;4792823.98;289.52
90128;450303.38;4793564.23;269.48
16404;450385.44;4793199.88;261.05
90138;450302.4;4792965.58;279.47
32795;450664.24;4792707.8;307.15
81949;449796.99;4793145.09;270.23
8221;450765.84;4792489.96;306.5
73759;450677.36;4792587.47;305.66
57379;450671.86;4792554.61;301.28
16420;450576.48;4792750.8;305.46
98340;450556.48;4792699.37;298.8
16289;449788.42;4793018.85;266.18
24616;449995.28;4793442.65;271.79
57388;450585.54;4793744.25;318.02
73776;450689.94;4792717.81;305.39
49202;449748.33;4793485.0;299.15
73779;450875.01;4793018.42;331.2
8243;450291.87;4793117.62;261.15
73781;450503.33;4792565.86;303.89
16438;450782.66;4792515.88;306.08
90166;449794.69;4793529.28;395.21
98360;450298.95;4793593.71;334.56
32825;449542.34;4793431.32;332.97
41018;450394.08;4793148.59;269.85
90171;450694.48;4792726.36;304.14
49212;450641.1;4792977.99;258.27
57406;450041.76;4793567.57;270.22
41024;450085.99;4793472.02;270.1
41029;450843.04;4792773.08;304.61
32842;450675.45;4792891.46;278.06
41034;450546.64;4793019.23;255.46
57421;450751.62;4792663.64;308.48
32846;450758.31;4792847.37;284.79
98386;450711.55;4792581.58;326.83
16466;451059.81;4793391.15;265.83
49238;449714.17;4793442.21;336.56
86;450349.72;4793803.34;281.12
90206;451302.97;4793346.72;275.99
57443;450757.99;4793007.84;294.13
16484;450641.88;4792973.03;258.91
24678;450621.9;4792720.05;300.37
41062;450437.96;4793450.07;277.87
98408;450087.67;4793560.88;269.53
73833;450723.98;4792691.64;290.7
41066;450844.21;4792809.34;294.18
24685;450249.9;4793992.66;327.1
8311;450796.54;4793158.22;298.74
65659;450188.16;4793372.69;325.54
73853;450307.72;4794042.69;324.93
16509;450370.82;4793203.4;261.17
65663;450005.45;4793371.43;371.5
90240;450637.0;4792542.17;330.7
49281;450790.23;4792579.67;304.74
16512;450704.92;4793026.01;315.74
65668;450821.99;4792678.58;310.66
16517;450026.61;4793564.82;269.28
98443;450753.34;4792799.61;306.8
16525;450585.35;4792917.78;293.4
144;449505.93;4793389.63;324.79
65682;449761.29;4792995.41;256.26
148;449886.99;4793382.57;287.75
65687;450317.36;4793936.72;317.42
90265;450415.03;4793554.08;334.23
49307;450695.98;4792937.43;301.81
82076;449784.34;4793537.49;333.91
159;450822.84;4793222.79;259.13
65698;450784.26;4793114.98;333.19
73892;450443.59;4793165.7;260.13
98470;449979.0;4793377.63;297.27
32936;450888.56;4792991.56;315.81
32937;450760.06;4792638.08;302.63
16554;449992.3;4793323.59;296.55
90280;449772.69;4793030.11;265.44
16556;451096.21;4793145.48;305.39
98475;449892.21;4793446.47;284.73
82088;449653.35;4793380.85;310.9
173;449993.44;4793339.62;363.42
24752;449844.96;4793059.81;239.1
180;450725.34;4792425.75;304.07
24757;451120.87;4793559.63;280.26
49341;450861.14;4792742.79;306.22
24768;450786.56;4793407.12;258.04
98496;450343.85;4793889.57;319.44
24776;450759.95;4792633.51;305.34
90314;450372.97;4793132.3;260.59
98508;450716.34;4792894.97;307.46
8397;450435.77;4793310.98;263.28
82133;450284.63;4794018.14;309.14
24790;450728.88;4792857.16;279.1
32982;449596.92;4793462.0;315.12
16605;450584.8;4793036.7;255.42
65758;450596.59;4793725.32;317.76
16608;450694.27;4792922.45;300.82
65761;450502.75;4792502.53;369.27
98528;450849.66;4793181.33;324.35
32993;450326.37;4792928.32;279.74
228;450677.01;4792970.98;292.25
41190;450838.72;4793381.22;260.25
8423;450488.82;4792509.73;305.76
41192;450909.6;4793345.15;262.34
232;450319.2;4793114.47;260.39
73964;450086.94;4792657.55;316.11
16621;449796.33;4793528.51;395.01
239;450741.12;4792370.76;303.66
73970;450604.43;4792706.11;302.62
49394;450804.66;4793151.59;332.68
242;450013.62;4793358.23;295.29
41202;449530.38;4793386.63;335.26
73974;450432.71;4792798.2;307.28
65783;450163.52;4793353.33;329.38
49400;450585.67;4792550.82;370.58
65781;450347.48;4794016.9;321.74
90362;450496.09;4792455.2;347.48
65787;450905.07;4793056.26;327.6
8445;450424.45;4793394.04;264.24
57598;450711.0;4792740.26;308.45
49408;450811.06;4793183.4;259.35
65793;450958.13;4792830.35;312.05
65792;450363.33;4793029.43;267.59
82179;450355.87;4794045.41;340.51
33030;450233.33;4793995.18;350.69
98569;450943.91;4792827.21;313.82
90378;450742.8;4792702.63;299.61
33035;450219.14;4792704.62;311.43
24844;450580.09;4792934.78;293.09
73998;450792.28;4793205.95;259.77
57614;449877.06;4793048.57;264.08
49424;451165.01;4793530.89;279.67
57619;450619.05;4792710.2;301.11
16660;450757.23;4792994.44;303.74
49427;450513.23;4793030.88;258.61
57623;451284.82;4793388.41;275.45
98588;450286.89;4794029.44;311.85
74017;450862.63;4793167.88;326.55
41249;450182.06;4793206.81;268.83
74019;450780.85;4792505.09;304.01
291;450083.72;4792656.07;314.46
24869;450818.84;4793233.12;259.13
98595;450510.87;4793027.65;258.61
8487;450682.99;4792700.04;311.72
16674;449878.24;4793245.59;287.28
8489;450557.21;4792929.07;293.91
16678;449830.16;4793594.61;327.62
82215;450258.47;4793982.9;327.59
8493;450257.13;4793190.7;266.31
82222;450783.7;4793007.2;293.51
57647;450738.1;4792424.89;306.27
65838;450855.28;4792972.86;338.35
24878;450331.6;4793080.83;258.03
305;450198.97;4793045.76;247.28
65839;450465.47;4793420.11;282.56
49460;450328.44;4793080.0;266.41
74038;450954.5;4792867.69;297.48
24887;450236.9;4793992.73;330.01
98616;450787.13;4793175.25;297.38
8508;450640.33;4792693.41;305.62
24894;450789.14;4793207.87;260.16
322;450699.17;4792910.82;299.14
326;451249.09;4793561.57;307.2
328;450718.88;4793188.96;335.09
33099;450560.27;4792780.82;303.74
33101;450493.26;4792455.58;347.98
49487;450281.09;4793952.84;320.2
24912;450463.51;4793345.82;264.06
90452;450806.86;4792505.6;300.98
16725;450809.62;4793208.49;259.59
33108;449884.05;4793247.51;271.82
16730;450799.59;4792521.07;298.69
16731;450697.79;4792599.58;305.85
65884;450363.24;4793853.2;316.11
74080;450730.18;4792403.69;303.4
57697;450762.54;4793012.27;293.91
65891;450621.6;4792550.61;312.38
98659;450956.94;4793182.34;264.99
57702;450638.45;4792693.6;305.85
359;450406.72;4793285.59;263.33
41320;450497.86;4792458.9;347.05
33129;450668.36;4792729.99;326.79
65899;450746.64;4792726.8;291.33
98669;450317.41;4793205.92;261.6
16752;450907.6;4793049.62;304.31
370;450002.04;4793340.71;295.29
8563;450659.65;4792614.41;303.82
372;450741.4;4792672.71;304.87
8568;450902.32;4793374.16;261.31
90489;449938.85;4793407.38;359.79
8570;450330.67;4793121.0;258.06
49531;450691.51;4792734.42;304.38
24955;450382.43;4793192.05;260.94
24954;450295.6;4793552.29;331.94
41343;450839.23;4792828.46;289.79
16771;450748.7;4793109.08;298.47
41348;450707.17;4792970.75;292.84
65924;450780.24;4793212.04;318.95
65925;450225.51;4793491.64;326.59
98695;450031.51;4792648.02;319.31
41352;450858.49;4793148.79;308.66
393;450725.15;4792644.86;294.85
392;450065.72;4793377.39;268.32
82314;450277.55;4793452.45;323.1
41351;449828.23;4793492.09;312.46
33165;450318.68;4792999.98;271.43
8589;450383.54;4793493.7;316.44
90514;449672.47;4793647.93;336.69
24979;450632.24;4792542.42;332.74
74131;450485.6;4793579.9;327.28
82327;451297.81;4793606.13;362.75
98712;450540.36;4792703.72;301.96
24985;450885.55;4792992.57;320.4
24986;450843.91;4792757.34;304.62
57760;450679.12;4792899.39;306.25
8609;450689.01;4792772.53;312.98
24995;450163.62;4793313.07;268.17
419;449773.89;4793550.76;396.35
65957;450697.51;4792599.04;369.55
98726;451303.95;4793315.85;275.7
422;450435.69;4793480.77;277.5
82339;450572.45;4793754.8;329.31
57771;450197.41;4792968.86;277.37
16811;450488.55;4793387.94;275.28
41389;450490.52;4792513.29;305.27
57772;449690.48;4793447.17;304.12
41391;450809.75;4792599.64;304.46
432;451138.76;4793544.67;280.11
90547;450872.66;4793152.28;310.01
65971;449534.78;4793387.58;323.08
16826;450810.32;4792739.56;304.74
49595;450816.82;4792592.9;306.32
49598;450361.63;4793790.09;274.39
90559;450332.52;4793084.38;251.72
33220;450005.55;4793362.95;371.16
74181;450473.08;4793408.47;278.13
65994;449881.32;4793281.0;269.13
74188;450346.45;4793726.41;269.17
90573;450731.79;4792687.65;335.09
462;449918.18;4793022.48;261.37
90574;450468.36;4793430.4;360.84
16850;450803.39;4793099.53;332.33
82387;450966.32;4792898.44;294.75
16855;450873.14;4793057.37;328.84
473;450743.11;4792621.5;316.37
90587;450796.49;4792521.71;298.83
49630;450829.51;4793153.84;295.63
8672;450594.9;4793021.3;257.12
16866;451196.54;4793536.69;283.48
489;450473.95;4792471.75;307.58
49643;450577.87;4792913.21;292.66
25068;449962.8;4793248.61;282.97
41453;450327.85;4793931.35;306.97
41454;449766.95;4793008.9;251.73
57839;450730.4;4792643.23;290.28
66031;450693.5;4793078.6;299.44
8686;450304.69;4794015.22;311.29
74228;449850.65;4793028.23;274.0
82427;450147.08;4794036.79;327.0
82428;450055.28;4792977.1;276.76
33275;450961.43;4792948.78;291.72
74236;450666.03;4793217.22;300.43
512;450746.24;4792833.82;281.24
98816;450683.51;4792933.68;314.77
66051;450843.55;4792794.7;298.88
16902;450748.44;4792639.47;306.07
74247;450992.3;4792876.99;327.17
25095;450746.16;4793522.63;256.03
57863;449927.84;4793195.58;271.79
98826;449569.06;4793449.55;334.07
57869;450448.71;4792762.99;306.57
98829;450615.57;4792571.54;370.07
74256;450247.17;4793547.61;331.92
532;449785.09;4793080.45;222.12
16918;450723.81;4792723.82;290.9
57878;450609.13;4792886.43;303.43
74265;450268.63;4793552.71;331.45
57882;450539.83;4792702.22;302.1
98844;450964.86;4793188.71;264.25
33310;450731.03;4792966.02;293.59
25122;450729.4;4792650.07;304.61
16930;450793.44;4793067.5;299.09
49700;450555.62;4792791.56;304.64
8739;449962.85;4793030.26;263.99
551;450013.44;4793472.26;271.1
49706;451274.0;4793582.27;326.02
555;450961.39;4792836.37;309.12
66093;450803.46;4793046.91;303.48
8750;449952.7;4793400.28;291.98
98866;450135.01;4792970.78;272.6
57907;450694.94;4792635.12;367.23
82482;449689.36;4793701.63;339.83
74293;450825.7;4793150.37;261.46
90678;450835.89;4793038.0;291.02
41527;451172.43;4793525.34;278.63
90679;450810.08;4792743.07;303.88
33337;450299.8;4792968.3;278.8
25146;450778.98;4793127.4;298.47
49720;449856.56;4793219.9;269.56
66108;451057.53;4793400.89;265.83
575;450369.28;4793467.21;266.84
66117;449932.44;4793006.76;254.17
25159;450221.67;4794038.88;327.08
16968;449707.36;4793472.99;301.53
49742;450368.24;4793507.36;321.45
90703;450400.05;4793168.55;264.43
8783;449935.37;4793033.18;262.03
8787;450954.45;4793220.28;299.78
597;450197.59;4794030.59;323.59
66134;450659.07;4792616.52;303.59
33369;450608.68;4792921.77;297.15
82524;450610.2;4792571.87;343.46
49761;450901.87;4792999.64;300.93
33379;449788.58;4793025.05;270.43
8807;451316.1;4793630.63;382.32
8808;449972.27;4793524.23;336.46
33385;451184.85;4793510.47;278.38
17002;450274.55;4793956.51;320.33
82539;450846.05;4792771.5;303.09
66156;450799.43;4792576.94;303.92
74349;450892.42;4793394.27;261.43
82541;450185.12;4793267.82;268.64
33393;450952.79;4792827.85;329.11
66162;450741.82;4792489.85;300.12
98931;450730.68;4792602.9;321.96
90740;450705.49;4793177.12;326.71
74358;450739.14;4793109.59;297.8
98938;450917.22;4792846.46;294.56
57979;450728.84;4792399.22;303.5
90748;450715.12;4792502.97;301.66
17021;450701.82;4792574.27;325.98
8826;450575.54;4793005.18;256.59
66175;450829.32;4793148.82;304.26
8830;449930.53;4793146.17;269.72
74370;450674.41;4792625.17;363.81
8835;450672.52;4793222.86;303.44
66179;450086.57;4793567.79;273.2
90758;450867.54;4793170.79;262.08
17031;449682.66;4793411.94;309.25
25225;450108.4;4794062.59;327.07
90761;450239.25;4793993.67;331.66
98955;450720.65;4792653.9;294.67
82575;449953.95;4793394.65;273.48
41616;450783.44;4792673.76;307.13
74389;450651.05;4792718.87;306.46
66199;450398.32;4792476.01;396.07
90779;450170.98;4792657.23;316.83
670;450834.01;4793060.75;298.16
74399;450806.87;4792568.69;300.24
17056;450815.83;4792566.61;297.42
25249;450034.65;4792993.48;250.93
98977;450419.0;4793468.03;265.14
17057;449849.23;4793031.07;275.69
17058;450493.43;4793558.46;363.68
41633;449988.75;4793425.92;360.57
17065;450117.63;4792659.75;309.7
98988;450752.16;4792815.9;289.2
90797;450929.56;4792861.71;288.85
8878;450920.76;4792832.29;303.26
49837;451095.66;4793130.23;314.93
58031;450304.92;4792957.33;275.28
33453;450442.88;4793468.52;359.79
82610;450723.52;4792437.2;303.18
49843;450828.1;4793201.17;320.45
66228;450468.01;4792473.28;307.82
33461;450948.25;4792932.06;295.13
66229;450696.08;4792735.72;308.72
25270;450711.65;4792912.06;300.24
90805;450322.94;4793943.34;307.85
691;449450.78;4793405.76;334.99
33457;449650.38;4793618.04;338.07
703;450683.23;4792542.35;303.37
41665;450997.01;4793135.79;288.78
8901;450097.78;4793495.67;269.85
74439;449956.93;4793401.01;333.61
82635;449967.91;4793392.38;273.88
90829;450710.97;4792726.84;286.17
41680;450739.07;4792722.36;296.64
25299;450914.39;4793353.65;262.08
25302;450570.03;4793715.98;319.6
729;450065.69;4792651.97;316.59
49885;450908.75;4793367.3;261.57
734;450596.43;4792494.82;353.33
8927;450791.59;4792590.5;302.4
66272;450844.08;4793009.07;331.99
49890;451072.51;4793401.71;265.83
82661;449658.37;4793561.23;335.19
90854;451300.95;4793353.13;276.45
74471;450783.42;4793255.13;264.98
751;450750.17;4792826.11;285.98
41713;450458.09;4792495.93;304.99
17140;450088.96;4792829.19;308.38
757;450289.37;4793070.95;252.11
8949;450352.02;4794015.63;321.99
41719;450672.98;4792705.13;304.18
99063;450727.84;4792653.88;303.07
66296;450532.1;4792820.95;299.91
8954;450688.42;4793190.35;296.08
759;451144.07;4793420.29;272.08
17148;450718.24;4792916.53;293.57
41720;451177.85;4793512.89;279.19
58110;450860.46;4792977.48;335.83
99070;450586.31;4792909.17;292.5
25342;450679.99;4793223.8;303.59
66305;450217.36;4792870.72;304.38
99078;450601.9;4792881.13;300.62
33542;450331.99;4794040.7;329.47
25353;450014.98;4792619.54;318.95
58122;450794.02;4792521.7;304.54
25355;450374.87;4793535.57;331.47
90892;450840.25;4793152.38;305.15
74509;450905.5;4793079.17;297.13
99089;450716.47;4792720.6;288.5
33554;450682.15;4792563.72;304.25
74514;450207.39;4793048.42;251.97
25362;449794.98;4793615.42;325.67
74517;449552.37;4793415.0;319.82
90908;450516.07;4793186.49;297.98
41756;450316.53;4793954.07;308.23
90913;450347.5;4793017.6;270.42
803;450158.49;4792978.33;275.29
58148;450915.9;4793103.24;326.91
66342;450889.52;4793027.66;313.31
49963;450274.17;4793448.4;323.1
33579;449741.07;4793487.32;299.27
49965;450348.35;4792752.54;313.03
58160;450947.21;4793188.08;271.09
9008;450886.89;4793025.13;327.7
90933;450730.2;4793099.49;296.76
822;450968.94;4793084.27;288.12
74549;449910.72;4793423.05;281.53
25400;450218.66;4793476.78;326.58
90941;450232.98;4793990.17;347.82
90945;450697.25;4792582.21;325.18
58177;450807.87;4792507.84;300.93
82755;450004.53;4793022.97;261.91
74561;450345.98;4793923.67;325.27
99142;450131.98;4792970.15;273.37
839;451000.59;4793124.03;322.45
82759;449774.39;4793505.2;293.81
82760;449772.27;4793568.49;393.99
99147;450532.33;4792752.77;303.02
17229;450349.19;4793102.16;254.24
99150;450864.42;4792815.53;291.99
99151;450272.32;4792422.34;374.3
90961;451128.76;4793554.53;279.8
33618;450619.91;4792710.09;302.31
41812;449685.65;4793672.28;337.94
74581;450806.15;4792617.31;305.5
853;450994.72;4793157.83;292.69
25431;450955.14;4792830.26;328.21
859;450832.19;4792758.75;301.45
33627;450422.29;4793379.27;264.0
90973;450640.8;4792712.13;307.92
33632;450050.17;4793516.99;271.55
99169;450927.75;4793031.75;299.81
74594;450694.67;4793045.74;260.23
41827;450710.58;4792973.34;303.74
50021;450415.21;4793056.81;263.27
66406;450641.88;4792973.03;266.31
50023;450382.2;4793473.92;265.84
33644;450796.32;4792666.35;306.37
9069;450680.05;4792640.01;303.22
50029;450694.03;4792940.62;307.66
74606;450936.06;4793334.54;265.83
41839;450961.12;4793129.32;327.4
33647;450419.9;4793367.52;264.45
9074;449974.53;4793550.16;332.45
50036;449987.42;4793311.43;296.75
41846;450055.86;4792414.98;403.02
17274;450358.2;4793872.95;325.95
9083;450635.34;4793059.23;306.28
58236;450817.67;4793027.99;292.31
33662;450510.65;4792811.79;304.48
99200;450665.03;4792704.43;307.05
9089;450745.62;4792625.97;314.05
33664;450770.9;4792500.98;305.56
33668;449777.24;4793625.16;334.11
99206;450816.52;4793392.61;259.55
41864;450961.72;4792821.15;330.55
33673;450248.7;4794014.12;326.65
914;450388.51;4793515.15;320.96
17301;450729.66;4792724.6;291.0
17302;450923.19;4793022.7;299.39
17307;450020.53;4793033.25;255.92
66461;450753.78;4793025.45;293.32
99229;450028.16;4793041.9;249.04
25506;450021.15;4793479.69;271.05
33698;449587.11;4793448.96;316.51
935;450803.71;4793239.25;260.92
58280;449912.0;4793011.26;266.42
41897;449922.18;4793155.16;269.46
99249;450158.04;4793359.07;330.36
9139;450496.05;4792515.97;303.13
66484;450214.31;4792701.21;297.57
949;450719.95;4792485.65;303.28
41912;450628.16;4792705.11;309.47
66490;450695.8;4792704.01;302.11
58302;449951.64;4793560.78;331.53
91071;450763.43;4793115.74;335.34
33733;450618.93;4792716.36;300.12
9159;451179.65;4793513.49;279.1
25543;450063.2;4793160.5;270.78
25545;450350.75;4793880.45;291.37
50122;450841.93;4792635.08;294.37
970;450622.87;4792981.64;256.96
41932;449831.58;4793483.68;303.4
82889;450051.78;4793487.79;339.75
25553;450834.57;4793038.7;290.92
66519;449861.09;4793239.73;269.48
50136;450847.32;4792758.03;304.25
50137;450217.69;4794023.03;327.1
66525;451158.54;4793417.67;272.59
66528;450499.69;4793432.58;355.37
993;450711.24;4793057.47;304.9
58336;449565.05;4793432.3;318.63
74726;450304.07;4793624.2;269.65
41959;450807.04;4793394.82;261.23
33767;449897.44;4793316.34;275.75
82922;450501.04;4793385.34;272.06
58347;450449.48;4793330.22;264.01
91118;450930.6;4793032.99;299.54
66543;450680.16;4793062.38;294.28
91128;450619.17;4792921.38;304.22
33787;450766.24;4792621.49;303.89
82940;450498.09;4793430.67;358.54
82945;450753.84;4792853.05;282.86
91138;450706.36;4792911.3;293.94
9221;450305.47;4793455.75;322.8
41990;450726.42;4792388.11;302.84
41996;450822.17;4793232.47;259.13
41999;450882.98;4793391.23;262.65
82960;449848.35;4793035.22;250.71
82968;450528.31;4792518.54;368.61
74777;450679.28;4792546.23;301.67
99352;450342.64;4793716.63;268.8
50200;450602.19;4793716.01;317.86
9245;450824.03;4792831.28;288.64
58397;450309.14;4792994.31;271.43
50210;450586.94;4792552.47;369.74
82981;450705.15;4792521.59;301.66
66598;451282.79;4793396.48;274.74
91174;450080.92;4793454.85;269.98
74792;450722.77;4792712.06;288.66
1064;450844.96;4792605.47;294.97
99369;450038.32;4793454.1;341.89
74799;450818.29;4792658.09;292.77
82992;450608.64;4792718.53;301.93
9265;450825.19;4792760.97;305.19
58418;450498.36;4793386.69;270.36
1078;450875.45;4793022.98;330.8
74807;450694.64;4792598.83;303.03
66615;450582.62;4792743.91;305.63
42040;450981.44;4792816.52;311.9
42042;450914.11;4793089.56;326.67
17463;449790.24;4793059.96;248.9
50236;450360.41;4793805.16;277.31
9284;450653.5;4792913.24;295.88
33860;451238.79;4793431.62;273.54
83014;450578.83;4793751.72;319.83
58439;450807.4;4792535.63;299.12
58440;451283.8;4793392.45;275.09
42057;450275.75;4792965.45;278.46
99399;450383.44;4793510.32;320.96
50251;450429.55;4793423.16;267.77
1100;450836.21;4793157.11;262.12
91211;450370.8;4793472.22;319.43
50254;449899.52;4793563.15;331.8
58447;450917.75;4792810.31;292.96
25680;450811.32;4793171.63;260.95
42065;450595.06;4792910.25;292.96
99407;450320.78;4793960.97;308.19
74827;450664.95;4793722.62;317.86
91224;449983.89;4793352.42;297.75
1112;450338.17;4793935.0;324.67
17498;450290.18;4793462.81;322.9
66651;450719.3;4793179.62;308.68
42076;450016.68;4793382.18;344.64
66653;450807.86;4792570.78;302.85
83040;450358.25;4793139.08;258.18
1121;450965.68;4792880.59;298.78
66658;450698.34;4792751.27;305.16
50274;449880.34;4793466.06;301.03
58464;450293.17;4794032.81;320.19
58470;450222.88;4793209.57;268.55
58473;450340.41;4793835.9;285.2
42093;450725.06;4792599.3;370.34
1134;450151.8;4792669.4;312.89
50285;450792.86;4793251.21;262.23
25709;450842.11;4793002.45;336.01
9329;449342.01;4793338.35;351.41
33908;450926.52;4792825.0;310.7
33909;450144.24;4794039.79;327.73
91258;450353.46;4793817.36;299.8
33917;450021.49;4792988.93;273.44
74878;451229.25;4793559.75;298.24
42112;450568.72;4792605.56;304.46
1152;450178.22;4794032.74;324.27
99461;450744.7;4792754.64;306.94
42119;450691.69;4793731.92;316.42
9352;450396.99;4793063.65;253.51
1162;450393.36;4793836.89;314.68
74894;450710.89;4793180.06;334.21
9359;449916.64;4793186.73;268.02
1167;449857.54;4793040.67;246.62
1173;450384.51;4792759.61;306.6
58518;450984.89;4792861.23;329.67
66711;450265.41;4793438.25;324.81
83097;450436.75;4793168.63;265.76
66714;451198.49;4793413.48;272.55
74910;450428.37;4792802.8;307.92
42142;449805.66;4793499.14;278.95
33953;450245.93;4792723.43;308.34
99490;450255.29;4793069.42;252.07
99492;450643.05;4792618.09;302.87
9384;449367.85;4793265.91;361.35
50345;450655.83;4792586.48;331.56
83115;450489.7;4792551.8;303.65
25772;450734.41;4792380.77;302.69
66733;450763.43;4793115.74;335.24
50347;450484.47;4792913.09;296.41
58539;450091.88;4793013.12;251.14
83120;450591.16;4793719.24;317.86
9400;450174.0;4793412.83;334.69
25789;449554.53;4793440.29;334.51
9408;450588.02;4792614.51;303.97
74945;450500.07;4792493.56;371.56
83137;450934.4;4793123.22;328.15
99523;450843.41;4792756.25;305.95
50371;450575.21;4792921.97;260.22
25797;450473.41;4792487.24;307.64
17608;449689.55;4793394.1;336.11
25806;450689.41;4792703.84;309.14
66767;450690.45;4793065.1;295.06
42193;450602.74;4792948.63;293.39
34001;450646.7;4793070.72;256.97
83154;450056.4;4792826.01;308.92
74970;450374.71;4793540.95;331.0
25819;450357.28;4793862.8;318.8
91356;450126.02;4793563.04;329.14
17630;450784.03;4793173.39;259.39
1248;450475.49;4792508.46;303.19
50401;450725.92;4792682.38;336.15
17633;451205.29;4793490.89;276.73
99553;449814.05;4793549.86;329.08
34020;450366.55;4792436.26;367.11
58597;450446.72;4792808.65;308.46
91366;450758.89;4793189.01;307.53
42214;450597.1;4792926.2;297.65
74981;450650.53;4792952.11;262.06
9445;450487.26;4793389.17;277.44
1258;451182.77;4793415.11;272.57
25834;450343.35;4793713.72;277.3
1264;450231.87;4792410.94;382.21
74993;450420.21;4793369.15;264.01
9457;451305.5;4793340.96;276.56
91380;450247.21;4792980.99;273.96
1269;450361.16;4793204.38;261.49
83190;449667.55;4793446.5;307.15
17655;450489.07;4792468.3;326.61
17656;450679.95;4792560.63;304.23
17661;450123.69;4793335.36;269.16
42240;449964.72;4793530.45;335.94
66817;450005.48;4793026.32;247.86
99586;450564.84;4792904.03;260.22
42245;450457.95;4792475.37;361.33
9477;450381.85;4793485.15;265.81
42247;450356.68;4793471.98;321.55
25864;450623.63;4792973.23;263.13
25868;450642.67;4792617.22;303.18
83212;450724.03;4792656.05;291.17
42253;450627.15;4792562.17;372.15
66829;450761.46;4793207.19;299.81
91408;450432.82;4793454.87;276.37
50448;450049.42;4793576.87;271.01
83218;450744.35;4792631.08;318.96
9490;450887.45;4793036.83;310.6
25874;450904.28;4793369.56;261.14
9493;450697.08;4793065.44;296.01
50450;450233.48;4794032.28;330.33
17688;451311.13;4793320.17;276.09
42266;450230.76;4793214.97;268.63
58652;451152.37;4793535.71;279.56
91421;450921.23;4792849.25;294.21
58655;450783.44;4793261.39;268.5
66848;450756.15;4792815.28;289.32
17695;450381.33;4792900.37;300.5
75042;450173.73;4793402.34;334.87
83235;451299.99;4793366.96;276.99
1317;450688.37;4792700.08;310.94
9509;450353.41;4793851.33;300.86
17705;450153.63;4793554.24;327.83
50474;450340.58;4792895.0;301.1
50476;450659.53;4792901.99;288.96
42285;450358.37;4792448.42;371.95
1326;450630.2;4792500.48;348.46
99631;450725.26;4792673.27;336.92
42287;449540.22;4793399.39;321.73
17718;450422.13;4793358.98;264.02
75065;450506.11;4792503.55;370.8
83261;450358.86;4793797.43;275.92
66878;450747.11;4792622.41;318.64
17728;450131.35;4793160.8;269.18
1348;451291.71;4793609.71;363.3
91461;450655.64;4792944.92;292.96
9543;450923.33;4793193.83;265.14
91464;450679.63;4792579.06;325.45
34120;450770.86;4793160.26;259.07
17737;450746.33;4793508.97;257.85
34123;450614.83;4792922.91;296.68
1351;450228.39;4793453.47;324.85
34125;450724.31;4792609.76;359.64
75086;450987.86;4793264.61;296.8
25935;450506.96;4792811.51;304.35
58697;450283.33;4794032.13;318.18
34131;451259.3;4793412.69;273.92
99669;450777.22;4793016.59;300.6
9558;450709.78;4792760.41;283.35
75094;450505.94;4792880.83;261.88
42327;450446.14;4793329.74;264.01
58713;449582.64;4793454.2;332.66
9566;450717.89;4792446.68;302.71
66911;450429.68;4793431.72;264.61
50533;450754.31;4793005.94;294.13
83309;450196.1;4794028.97;326.24
17775;450789.44;4793241.05;263.96
66929;450843.36;4793004.51;334.66
75122;450946.12;4793034.7;295.27
91508;450687.86;4792861.31;279.03
91509;450736.28;4792484.73;302.2
99702;450378.09;4793486.42;318.1
66934;450151.77;4793345.65;337.99
99705;450325.92;4793471.42;266.14
99709;451319.04;4793613.01;384.58
83326;450457.82;4792811.34;310.38
1406;450013.42;4793472.24;272.11
1405;450340.29;4793916.91;295.77
83331;449950.99;4793134.45;270.15
17796;450979.76;4793125.65;325.47
42371;450466.47;4793409.23;284.29
42372;449760.77;4793000.63;254.57
66952;450702.76;4792876.73;279.07
75144;450527.89;4793726.27;326.21
42379;450965.81;4793080.28;289.29
91531;450296.82;4794012.79;311.39
91537;450993.56;4792813.04;313.48
9617;450854.03;4793076.1;329.99
26003;450628.31;4793019.91;257.64
99732;450671.94;4792945.71;306.78
99733;450884.68;4792996.12;318.77
1430;450951.6;4792827.28;319.56
17813;450693.58;4793050.25;262.53
50582;450121.11;4793543.21;270.26
91545;450130.3;4792664.68;308.78
34202;450828.77;4792597.09;295.03
50587;450374.27;4792760.01;310.34
42393;450314.32;4793660.98;269.65
58783;450244.99;4794018.18;326.65
17825;450266.59;4793065.36;252.11
75170;450479.01;4793607.0;329.72
17835;450716.91;4793110.38;257.44
34219;449747.26;4793641.89;334.73
1456;450691.68;4792705.11;309.19
83377;450179.89;4792981.99;274.12
42420;450624.1;4792503.07;353.73
75188;450049.88;4792999.82;250.93
58809;450607.7;4792917.76;297.33
26049;450331.73;4792750.72;308.24
75201;450654.59;4793058.75;304.7
1475;450732.43;4792407.21;304.49
58823;450813.38;4792754.49;305.51
91592;450311.37;4793952.71;327.39
17865;450947.53;4793126.86;327.61
1483;450481.41;4793033.9;253.87
50638;449910.09;4793423.03;281.58
1488;449999.61;4793388.82;371.16
75217;450720.97;4793599.23;261.71
34258;450392.23;4792471.86;397.32
17874;450666.95;4793210.97;298.84
26066;450713.99;4792908.76;301.28
83413;450392.31;4793831.29;321.18
75222;450309.8;4793080.49;251.15
91607;450765.42;4792743.53;297.42
83416;450642.34;4792714.5;306.66
50648;450904.22;4793002.56;280.45
42458;450432.62;4793172.03;268.25
9691;450311.06;4794043.26;327.05
17884;449892.99;4793392.03;288.04
99806;450809.98;4792500.03;300.57
58850;449903.59;4793190.85;268.92
26083;450308.77;4793195.57;261.8
1511;449764.85;4793575.17;356.9
83432;450686.17;4793187.89;264.33
26090;450793.13;4792661.28;306.68
75244;451244.74;4793419.91;273.83
75247;450690.11;4793187.16;264.02
67056;450745.25;4792843.57;281.13
83440;450693.58;4793050.25;271.13
99825;450325.71;4792932.71;279.1
34291;450692.43;4793192.48;296.8
34289;449635.4;4793476.05;310.76
99831;450637.12;4793054.57;305.93
58871;451311.21;4793320.37;276.1
83447;449792.0;4793143.31;269.4
75260;450933.78;4792819.32;322.58
42492;450197.9;4793379.68;324.91
26110;450097.95;4794074.86;327.42
58881;450234.4;4793999.02;323.58
50693;450700.36;4792729.88;304.98
91656;450142.77;4792646.99;312.65
17928;450747.09;4792694.16;334.74
34314;450776.99;4793415.06;261.06
50698;450347.05;4792904.74;279.21
1548;450648.72;4792701.75;307.69
17933;451003.8;4793127.89;326.66
75278;450739.3;4792686.72;304.4
99852;449925.64;4793200.67;269.16
91664;450628.53;4792556.85;372.52
42513;449637.95;4793475.15;310.47
42514;450728.15;4792725.91;289.29
1555;450552.38;4793014.56;255.72
58901;450354.26;4793458.0;320.68
67094;449798.39;4793507.67;279.7
83479;450534.97;4792925.78;294.45
99866;450595.0;4792560.49;327.68
26139;449953.98;4793399.61;360.95
99869;450001.45;4793381.89;371.49
34335;449885.68;4793440.22;301.95
1569;450692.33;4793048.18;261.13
58914;450096.16;4793493.95;270.22
17955;450381.91;4793196.51;260.63
75299;449768.91;4793571.53;371.14
34342;450887.04;4792812.27;294.29
34346;450792.36;4792684.25;305.62
50733;450327.35;4793125.99;262.44
75313;451256.45;4793576.46;313.19
9781;449686.36;4793441.19;304.61
91701;450298.67;4794033.55;316.99
91704;450645.43;4792715.33;305.8
1592;450161.51;4794042.11;327.74
99900;450551.54;4792534.25;369.87
67133;450774.7;4793206.5;317.37
9790;449374.53;4793258.67;373.92
9794;450707.68;4792930.15;287.96
83524;450625.38;4792531.99;332.87
91716;450958.22;4792804.65;325.21
26182;449679.95;4793661.03;337.84
42566;450879.07;4792811.71;294.57
26183;450350.16;4794042.43;334.08
91717;449769.11;4793503.51;298.18
34376;450499.11;4792808.73;303.81
9800;450612.3;4792540.25;303.37
9802;450781.63;4793181.7;296.95
17994;450467.86;4793348.51;263.38
83527;449694.93;4793457.95;303.26
50759;449661.39;4793563.5;355.19
50768;450243.17;4792405.71;385.68
58961;450713.16;4792901.62;298.88
99923;451157.35;4793534.03;279.94
67157;450646.93;4792966.02;292.34
26197;450710.35;4792927.54;291.01
18006;450964.76;4793192.17;264.25
83542;449944.64;4793401.93;276.89
9817;450475.94;4793373.39;265.87
91733;449912.9;4793420.0;358.81
67160;450310.36;4793939.98;323.11
18012;450177.82;4792683.68;285.32
67164;451312.3;4793599.7;376.65
75358;449693.6;4793715.32;341.47
67167;450997.86;4792816.54;353.27
50783;450873.31;4793163.45;316.78
83553;450855.58;4793283.16;265.8
99939;450691.43;4792745.5;305.16
1636;450852.68;4792728.99;311.22
1637;450178.66;4792971.96;275.3
99945;450693.49;4792721.6;304.32
83561;450842.78;4793041.65;296.34
34410;450414.81;4793056.3;255.66
34412;451100.55;4793121.73;317.74
91760;450937.08;4793037.55;299.17
75379;450555.45;4792527.89;326.43
83573;450238.34;4793972.72;321.5
75382;450790.58;4793257.65;265.24
18040;450660.31;4793061.21;304.41
99969;450140.06;4792844.67;304.65
42627;450278.3;4792966.62;279.07
50824;450739.6;4792640.52;290.92
18057;450648.35;4792589.13;329.24
91786;449970.29;4793288.82;280.52
67215;450636.12;4792864.21;313.41
42640;450680.94;4792581.24;327.04
67216;450686.12;4792977.85;292.25
9872;450594.49;4792944.79;293.55
75411;450769.4;4793193.44;298.76
91801;450811.58;4793173.61;260.77
1690;450705.48;4793188.37;297.9
67228;449794.18;4793601.15;331.25
1693;450412.82;4793316.62;263.74
67231;451277.39;4793584.11;330.83
83617;450763.07;4792646.69;291.79
50852;450686.1;4792896.03;277.46
59044;450705.59;4792935.66;292.19
91819;450335.74;4793517.72;270.29
42670;450720.6;4792713.19;299.92
91822;450990.55;4792805.83;308.45
67247;450404.61;4793511.95;326.87
1713;450591.31;4793029.72;257.71
18098;450726.51;4792450.41;303.61
91823;450314.6;4793561.49;332.36
67252;450495.08;4792513.48;306.02
9909;450290.78;4792419.19;371.94
83634;450327.35;4793976.92;308.53
59057;449341.46;4793304.17;355.99
42680;450329.35;4793079.47;260.37
42681;450402.04;4793054.71;263.13
34488;449889.35;4793447.89;284.57
59067;450721.33;4792724.93;289.05
67259;450217.69;4793056.35;251.97
100030;450340.24;4793012.25;270.24
100031;450730.41;4792683.4;336.15
26304;449903.73;4793416.79;288.51
59078;450576.65;4793749.13;321.4
75465;450684.31;4793063.8;294.51
50889;449786.94;4793134.84;271.53
75468;450790.2;4793093.54;300.41
91855;450827.87;4792590.85;302.96
18128;450435.35;4793459.4;278.62
75471;450058.22;4793535.94;270.71
75474;450086.19;4793160.06;272.1
59094;450780.33;4793114.14;309.84
42713;450608.23;4792538.47;303.14
9946;450708.26;4792469.05;298.94
75482;450463.66;4792906.99;297.32
67289;451194.46;4793501.83;276.19
18138;449885.0;4793257.06;271.42
59104;450328.17;4793089.36;252.19
18145;450746.58;4792827.86;284.81
34529;450988.31;4792849.11;326.76
42723;450637.49;4792965.63;270.4
91874;450798.82;4793239.79;263.14
67296;450331.04;4793078.44;260.09
1764;450380.41;4793039.95;265.66
9963;450408.44;4792860.46;263.44
50924;450623.37;4792554.07;315.85
26349;450757.45;4792998.97;294.4
34543;450599.88;4793707.11;319.86
100082;450745.94;4792631.16;321.73
42740;450385.19;4793153.98;271.31
100087;450717.05;4792866.32;278.46
83704;450421.91;4793461.71;265.13
59129;450620.86;4792714.32;300.56
59130;450910.41;4793114.24;327.13
18171;450363.59;4793505.36;322.15
75516;450227.7;4793209.29;267.26
91901;450680.4;4792734.2;304.27
34557;449951.02;4793399.54;286.72
9982;450336.73;4793922.28;326.92
67329;450373.33;4794013.19;329.8
42756;450780.04;4793254.27;265.28
75525;451296.21;4793639.96;383.1
1797;449932.58;4793410.61;278.08
1798;450026.39;4793584.19;331.24
100104;450780.76;4793162.57;316.28
18186;450009.53;4793024.49;260.89
59147;450659.65;4793200.44;297.62
50955;450005.52;4793498.63;338.26
34573;450350.45;4793885.49;320.0
67342;450710.69;4792722.43;287.26
42767;449469.42;4793387.55;337.73
59152;450606.58;4792698.76;307.13
59154;450018.0;4793458.17;370.37
59156;450326.98;4793858.42;287.86
42778;450981.24;4793120.89;294.32
59162;450959.49;4793179.24;263.51
75549;450245.27;4793437.06;324.83
67358;450700.57;4792908.5;298.55
10020;450171.16;4793175.61;268.99
67366;451273.8;4793662.81;386.78
59175;450359.23;4793025.77;269.38
100134;449773.32;4793558.85;397.34
67369;450903.6;4793007.22;291.43
26409;450418.41;4793329.73;263.78
10029;450913.42;4793177.29;263.14
50994;451211.03;4793417.57;269.21
59188;450719.95;4792653.02;371.2
83765;450913.96;4793015.17;301.03
50997;449333.31;4793269.33;368.51
73638;450014.24;4793434.91;342.43
51005;450056.7;4792975.12;276.97
83778;450875.89;4793050.4;328.71
91975;449387.56;4793309.98;346.47
1866;450721.61;4792496.37;303.29
83787;450460.06;4792766.27;306.22
67405;450444.35;4793319.16;262.94
18254;450805.09;4793166.51;302.22
18255;450319.29;4793940.88;325.45
18257;450506.32;4792561.41;303.89
100178;449340.44;4793281.47;354.47
59223;450254.54;4793436.62;324.81
100185;450149.6;4793555.48;328.59
59225;449967.99;4793407.27;359.79
67419;449629.88;4793511.47;333.8
42846;450630.2;4792500.48;343.46
91998;450203.53;4793528.17;327.33
67424;450064.64;4792434.0;394.84
100194;450461.7;4792904.09;297.32
59234;450057.66;4793048.65;248.83
42853;450302.12;4792961.1;275.53
1893;449847.94;4793082.63;230.1
83816;450739.85;4792718.69;298.68
83819;450469.89;4793362.76;263.37
92012;450003.62;4793404.72;371.17
83821;450858.67;4793284.9;266.42
75635;450961.6;4792902.15;299.37
100211;451148.03;4793536.24;279.26
59253;450743.4;4793546.26;255.15
83831;450703.36;4792930.31;292.77
100220;450725.36;4792861.36;278.62
42876;449662.63;4793564.14;364.9
1918;450014.79;4793412.8;343.57
26493;450008.16;4793353.87;367.18
10112;450650.19;4792697.82;305.78
1920;450999.0;4792821.0;403.0
34693;450645.71;4792960.86;267.1
34695;450311.83;4793991.3;308.65
34698;449773.74;4793015.08;251.7
10124;449993.32;4793430.55;360.87
75661;450675.48;4792580.93;306.11
34702;450556.5;4792693.83;298.52
51087;451284.82;4793651.34;384.58
10128;451210.2;4793481.42;275.48
59284;450170.51;4793563.26;329.08
92055;450016.49;4793000.15;269.78
51103;450986.6;4792819.54;311.48
59295;450492.31;4793425.42;358.17
51105;450690.23;4793187.01;263.97
51106;449852.56;4793445.42;277.08
18339;450520.21;4792777.05;305.18
75684;450683.28;4792946.28;303.74
1951;449492.24;4793380.12;326.23
51112;450114.71;4794055.52;326.88
1962;450971.28;4793200.13;266.06
18346;450804.68;4793396.61;260.77
92074;450429.11;4793297.26;262.61
67501;450436.17;4793455.57;277.12
42923;449745.53;4793646.22;335.1
34743;450210.81;4793497.32;326.61
18362;450836.11;4793159.31;293.65
92093;450686.4;4792918.82;300.39
100286;450739.07;4792722.36;296.74
100291;450364.09;4793072.16;253.43
34756;450797.11;4792579.42;303.17
83907;450170.9;4793392.75;334.87
10182;450901.24;4793009.64;293.89
34759;451296.13;4793372.56;277.15
75721;450862.91;4793175.6;262.83
1999;450166.84;4794043.1;329.82
75728;450989.94;4792812.47;331.24
2000;450667.43;4792934.37;266.47
75733;451002.37;4792869.59;328.92
2008;450904.07;4793004.43;280.45
42969;450532.86;4792762.62;300.08
83930;450479.79;4792464.6;320.24
10202;450425.31;4792757.59;306.44
2010;450496.58;4792912.19;295.96
51165;451234.8;4793416.25;273.63
10206;450870.0;4793154.51;309.59
2013;449971.17;4793403.99;274.37
42978;450739.7;4792407.66;302.44
67555;450965.27;4792869.35;302.01
26596;450354.41;4792444.48;371.24
92133;450503.76;4792558.47;303.76
51174;450681.1;4793035.98;258.93
100323;450423.11;4793343.37;263.72
83941;450418.73;4793299.02;262.1
51171;450108.48;4793568.33;329.39
34796;450688.41;4792941.91;285.78
34797;450802.65;4792499.55;299.51
42989;450699.61;4793102.59;258.14
51183;450995.21;4793127.24;327.59
10224;450649.84;4792575.89;330.82
51184;450717.51;4793178.77;336.21
83950;450483.03;4793381.2;278.16
92147;450534.74;4793374.3;273.36
10228;449904.39;4793007.11;267.18
100339;449640.02;4793471.77;309.71
2037;449559.64;4793443.31;333.68
43001;450748.7;4793162.9;302.29
26619;449337.73;4793285.86;361.39
43003;450889.76;4793032.49;328.52
51195;450068.68;4792437.94;393.76
34813;450597.71;4792726.85;303.11
34815;450797.12;4792579.38;304.12
34816;450163.77;4793383.1;334.87
75778;450697.39;4793181.13;273.27
83971;450664.56;4792892.11;289.92
34821;450760.62;4792478.51;305.93
100359;450718.67;4793185.46;329.85
67591;449789.77;4793606.32;331.02
43017;450433.73;4792903.37;298.43
18441;450163.09;4792971.43;276.13
100363;450559.95;4792605.87;304.61
83981;450764.57;4792624.07;305.51
51214;450206.81;4793497.79;326.61
43023;450226.63;4792708.21;310.4
83985;450342.76;4793828.75;284.58
59410;450062.1;4792828.08;308.44
34838;450223.02;4794015.99;327.67
10263;450808.92;4792739.19;305.01
67609;450668.09;4792723.35;305.6
51229;450345.27;4792916.43;277.65
84000;451117.64;4793562.07;281.07
51233;450421.1;4792484.4;395.64
67616;449965.63;4793401.4;360.02
75811;450749.53;4792612.06;339.85
92195;450111.69;4793028.37;251.14
18469;450709.51;4793178.78;327.65
2081;450345.14;4793909.37;296.67
92199;450669.96;4792582.79;369.24
26668;450375.02;4792461.2;398.92
2093;450800.01;4793083.46;298.79
34863;450753.31;4792985.56;293.35
67632;450395.41;4793230.77;272.09
43055;450239.99;4793203.45;266.51
51254;450843.36;4793004.51;333.46
59447;450451.95;4792495.25;307.16
59448;450744.14;4793518.71;258.38
67641;450557.92;4792778.34;302.85
26682;450798.41;4792764.05;307.75
10295;450421.12;4793359.0;264.13
18492;450665.92;4793213.38;298.72
67645;450831.31;4792810.41;293.59
100414;450359.37;4793510.4;323.31
18495;450740.54;4792595.85;326.95
100407;450849.3;4793022.07;332.32
67652;450256.96;4792875.7;304.57
67654;450008.32;4793360.88;370.58
43079;450804.98;4792762.79;313.88
92234;450389.59;4793214.57;271.47
67660;450578.93;4793747.82;322.09
26701;450757.19;4792797.1;300.3
43086;450413.86;4793294.55;261.82
59469;450338.59;4793909.92;326.92
10317;450349.65;4793876.21;310.94
2136;450662.77;4792559.02;302.22
59483;450699.16;4792731.7;305.24
34908;450429.79;4793431.45;278.6
59488;450664.06;4793068.54;303.6
92258;450887.74;4793028.42;327.81
84068;450803.02;4793192.25;259.43
92261;450358.82;4793120.42;254.56
59496;450704.51;4792967.59;293.35
51305;450059.39;4792423.48;399.58
75882;450751.54;4792629.86;311.07
43113;450306.59;4793576.82;269.93
26731;450327.85;4793931.35;313.47
92269;450961.78;4793061.4;291.0
67695;450789.02;4792689.69;306.45
84079;450742.33;4792838.74;281.12
59503;450078.49;4792442.37;393.71
2162;450746.58;4792827.86;281.62
34931;450787.44;4792525.08;304.44
10355;450476.97;4792509.49;303.19
92271;451311.54;4793329.52;275.94
51318;450308.13;4792743.94;313.13
100469;450087.3;4793057.5;249.0
43119;451123.08;4793408.49;267.83
43121;450715.64;4793058.26;304.35
67707;450706.71;4792673.14;304.6
18556;450803.18;4792609.37;304.91
2173;450043.7;4793485.54;339.46
34939;450952.49;4793242.88;285.22
67713;450499.67;4792566.78;304.29
10370;450630.35;4792931.43;296.49
26757;450809.15;4792721.69;304.17
75332;449755.98;4793488.78;300.82
51336;449833.8;4793588.91;331.91
2186;449774.96;4793610.38;333.94
18571;449369.14;4793262.8;365.82
18572;450942.07;4792844.5;306.56
92300;450693.94;4792938.66;303.38
10391;450757.02;4792465.55;309.79
51354;450473.06;4792484.43;354.22
75930;450420.4;4793353.52;264.12
18590;450229.36;4793996.17;321.93
43172;449703.34;4793465.31;302.89
43176;449601.54;4793467.97;327.93
67753;450592.49;4792703.29;305.22
100522;450723.46;4792628.95;353.4
75947;450795.15;4793139.03;300.48
18604;450711.1;4792742.57;284.67
10413;450951.19;4792827.45;319.04
10414;450645.96;4792563.07;307.15
26796;450540.33;4792737.89;302.72
84144;450699.63;4792939.19;295.11
26797;449343.59;4793282.71;343.31
75954;450721.18;4792865.28;277.86
100523;450454.83;4793336.66;264.2
18613;450340.4;4793913.47;307.41
67765;450699.17;4793720.7;315.71
51383;449914.15;4793185.09;269.02
35000;450364.57;4793516.32;320.79
92345;450116.49;4793164.79;268.77
10428;450990.23;4792813.2;336.2
26812;450820.48;4793151.4;309.77
10433;450590.62;4793737.09;317.97
51402;450356.3;4793465.09;320.14
43211;450735.04;4792421.61;306.6
26827;450248.95;4792872.14;303.8
18638;451313.65;4793326.41;276.3
26831;450369.0;4792458.98;396.97
84177;450757.14;4792799.99;301.41
92369;450188.17;4792982.24;273.62
2258;450419.58;4793487.25;265.42
10454;450682.46;4792644.33;303.34
43222;449924.25;4793020.61;248.13
51416;451224.19;4793557.42;297.11
26840;450141.06;4794042.31;326.01
35035;450022.41;4792990.85;272.4
2269;450662.29;4792904.01;295.05
84190;450393.44;4793068.33;260.98
35037;450423.39;4793394.06;264.8
26849;450044.21;4793046.25;250.09
51428;449522.72;4793380.04;323.71
35045;450713.24;4793052.8;306.77
100582;450922.28;4793341.54;265.48
76006;451194.33;4793543.98;287.38
35048;450238.55;4792870.86;304.54
43242;450197.33;4792981.49;273.09
35051;450273.85;4793982.27;327.59
76014;450476.19;4793384.96;266.82
35054;450255.05;4793560.66;334.56
59633;450764.44;4793021.42;293.91
51443;449905.88;4793424.77;280.93
51444;450679.3;4792709.87;304.31
26869;450387.63;4793189.48;264.29
84214;450377.63;4793193.48;261.2
10484;450345.74;4793903.74;311.49
51448;450889.02;4793033.71;310.47
67835;450703.68;4793175.13;318.09
76029;450350.26;4794017.35;321.72
92415;450149.63;4792453.54;361.41
35077;450615.81;4792568.69;370.29
84229;450961.93;4793161.65;327.5
26887;449799.37;4793030.55;269.25
100616;450589.7;4792983.76;257.55
92425;450671.83;4793745.55;315.03
67850;450708.0;4792794.15;324.22
84234;449907.05;4793413.76;288.51
51469;450680.92;4792697.54;313.03
26893;449794.1;4793145.31;269.45
10511;450932.22;4792873.47;288.35
76049;450360.73;4793141.04;255.53
26901;450752.54;4792626.27;316.39
26902;450822.77;4792832.01;288.89
10518;451235.48;4793433.6;273.78
67864;451193.97;4793525.31;284.52
35093;450436.75;4793451.51;277.19
2331;450664.79;4792616.02;304.19
100642;451023.66;4793347.78;265.83
26916;450838.0;4792758.7;303.3
51492;450791.93;4792845.65;285.81
100644;450218.65;4792968.69;277.76
92455;450697.88;4792901.54;302.89
100649;450672.37;4792599.53;304.54
10538;450053.31;4793459.64;342.31
100652;450168.79;4792970.28;276.13
59693;450643.72;4792561.04;332.11
67887;450611.55;4792623.09;303.53
92466;449666.53;4793596.15;336.19
84276;450337.78;4794042.22;329.38
26936;450556.76;4792607.99;303.87
59706;450956.39;4792778.26;302.58
26939;450082.74;4792826.68;309.08
76092;450805.6;4792537.34;298.63
67900;450926.29;4793029.7;299.81
59709;450701.08;4792969.11;303.74
59711;450489.16;4792511.2;305.27
35141;450235.24;4793216.66;270.09
10566;450647.29;4792636.04;300.34
76101;449891.94;4793295.55;282.08
67914;450761.55;4793115.85;333.54
35146;450455.1;4793541.17;344.47
76108;450617.15;4792917.56;300.07
84301;450745.42;4792757.46;307.4
67917;450346.19;4793017.02;270.24
35151;450558.59;4793022.41;256.33
67919;450297.35;4792971.95;279.11
10572;450335.22;4794018.56;316.97
67923;451307.95;4793338.25;275.95
84308;450737.86;4792374.44;304.24
26963;450069.89;4792976.21;275.78
43347;449814.76;4793021.37;258.34
100697;450612.38;4792974.65;258.72
100698;450620.92;4792537.1;330.59
43354;450495.74;4792524.74;303.26
92507;449908.04;4793350.91;282.72
51551;450678.23;4792697.12;311.6
2400;450236.13;4793224.73;268.37
2401;450675.54;4792729.12;325.65
84322;450711.29;4792467.61;300.44
18791;450560.64;4792773.4;303.91
10599;451093.45;4793415.38;265.83
10605;450490.14;4793383.65;278.68
67952;450987.14;4792821.95;311.87
35184;450490.37;4793392.1;278.51
51569;449812.7;4793491.17;278.6
76148;450334.09;4793125.04;256.55
2422;450678.44;4792646.31;303.22
100726;450391.46;4793483.3;265.79
84345;450685.32;4792915.92;296.03
2426;450018.26;4793377.97;344.87
43387;450547.58;4793030.34;255.31
2432;449772.04;4793030.95;249.95
10630;450252.22;4792968.39;277.72
76170;450426.69;4792489.94;394.64
35210;450795.54;4793207.47;260.97
59788;450542.34;4792923.24;294.59
92557;450487.08;4793384.06;277.04
100750;450020.53;4793033.25;245.42
59793;449672.48;4793660.35;337.61
76178;450778.29;4792746.18;299.82
27027;450528.07;4792520.28;369.59
92562;450713.21;4792641.13;368.5
100756;450855.69;4793281.83;265.39
10646;450831.17;4793145.36;308.9
51606;450335.46;4793088.38;258.42
67989;450410.26;4793300.93;263.31
2457;450460.26;4792490.25;307.16
59797;450492.84;4793388.34;270.24
51611;450699.69;4793169.12;293.62
84378;449869.51;4793434.01;277.15
10648;450326.93;4793979.61;308.52
100766;451207.34;4793486.69;276.75
35234;449791.14;4793048.52;248.12
84388;450699.43;4793072.01;296.9
51621;450969.44;4793088.97;286.85
18853;450452.44;4793167.36;258.54
84391;450892.0;4793037.75;328.71
10661;450036.96;4793568.54;270.05
43430;449973.55;4793381.29;296.4
84394;450342.81;4792916.28;277.65
51630;450692.52;4792873.02;278.5
10673;450234.7;4794017.27;326.56
51637;450346.62;4793825.7;283.71
18870;450453.91;4793333.36;264.2
35254;450701.23;4793714.59;314.92
84412;450717.28;4792512.73;301.84
35261;450708.4;4792649.97;303.05
35262;450604.79;4792705.75;305.06
51647;450794.5;4792531.39;297.36
59839;450942.23;4792801.05;325.79
92607;450694.1;4793069.51;301.77
18881;450197.34;4793216.68;268.57
18880;450321.49;4793573.9;334.56
2500;450863.78;4793030.59;330.39
2495;449841.85;4793581.66;332.79
35267;450171.24;4794030.54;326.49
51656;450640.3;4792578.15;329.7
92617;450799.67;4793209.19;319.67
76234;450706.53;4792606.56;369.7
51659;450670.61;4793219.22;303.12
18888;450293.03;4793113.6;262.34
84428;450224.42;4794032.36;326.52
27086;450432.45;4793412.39;264.57
76240;449886.75;4793275.46;285.75
27089;450684.56;4792759.36;306.3
2513;451144.29;4793416.36;271.63
18899;450715.91;4793063.85;305.95
35284;450371.8;4792459.19;398.16
2515;450102.62;4793507.73;269.92
18900;450465.37;4793428.25;283.56
59863;450699.67;4792678.57;305.66
43480;449901.98;4793438.84;283.79
27097;450800.7;4793017.29;297.01
2522;450056.7;4792975.12;272.97
27099;450739.52;4792425.54;306.38
100830;449359.04;4793270.47;353.21
76259;450798.34;4792536.94;297.98
43492;450344.37;4792915.47;277.65
10725;450903.19;4792815.03;294.33
59878;450891.29;4792815.46;292.87
35302;450480.75;4792546.0;305.34
84456;450795.03;4792504.42;299.26
27113;450826.09;4792585.44;297.37
51688;450686.8;4793185.78;294.87
43493;450658.93;4792902.77;288.63
18921;450859.82;4793188.73;331.82
51690;450281.62;4792881.52;303.48
59877;450170.89;4793301.25;268.58
51695;450579.26;4792749.04;305.34
68079;450192.61;4792425.38;369.85
18927;450960.67;4793119.96;326.58
51697;449882.96;4793326.19;270.71
51699;450300.26;4793644.2;269.65
43505;449781.65;4793026.45;254.71
2549;450796.03;4792513.91;299.11
100853;449831.33;4793031.04;271.51
92665;451315.64;4793627.75;384.18
2554;450853.98;4793020.6;332.32
2553;449786.39;4793030.24;271.72
35324;450723.64;4792669.08;337.31
100861;450686.48;4792944.32;292.23
92669;451133.35;4793412.3;268.83
59904;450232.47;4792714.53;310.4
35330;449836.92;4793482.4;277.74
84484;450291.59;4792425.9;372.2
100869;450853.06;4793376.8;260.25
35334;450426.37;4793054.63;260.81
2567;450876.22;4793175.25;261.95
2569;450806.04;4792526.68;299.49
27145;449765.87;4793007.76;250.77
76299;449899.06;4793442.9;283.79
100877;450865.58;4792961.65;322.85
27151;450804.63;4792692.13;304.73
35345;450737.66;4792644.42;292.68
18963;450049.0;4793453.46;342.08
92691;450490.8;4793674.39;322.61
76309;450244.05;4792409.44;385.29
51734;449678.2;4793592.3;336.35
43543;450749.39;4792795.93;306.52
10776;450681.8;4792943.31;288.75
18969;450525.78;4792882.9;260.49
27160;450328.0;4792929.0;279.71
18970;451256.66;4793574.68;312.35
10780;450070.71;4792441.54;382.85
59925;449419.38;4793409.52;338.81
59934;450839.13;4792772.23;304.61
43550;450374.5;4792447.83;398.4
84512;450628.0;4792918.3;298.34
43553;449489.61;4793378.69;326.23
10791;450227.43;4793056.79;249.72
2599;451190.28;4793505.87;278.17
35368;450009.5;4793485.21;338.5
84523;450721.16;4792653.43;304.25
27180;451014.09;4793141.54;289.28
18991;451119.28;4793561.0;280.78
76336;449642.26;4793471.63;309.16
76337;450581.6;4792946.08;258.72
51759;450231.37;4793987.91;321.78
84532;450798.3;4792548.58;297.67
2613;450794.76;4792692.57;304.79
76342;450890.58;4793040.15;309.96
76340;450859.73;4793025.52;331.65
35382;450331.65;4792920.37;279.26
2617;449838.89;4793028.72;273.18
51770;450897.19;4793329.88;264.35
68155;450615.7;4792927.09;297.47
59962;449807.72;4793031.86;269.38
59965;451123.81;4793558.15;280.58
19002;449345.7;4793313.15;344.2
27200;450159.04;4793382.59;325.99
27201;450828.6;4792590.05;305.12
43586;450973.54;4793090.63;285.58
2626;450707.8;4792917.95;291.34
2628;450837.85;4792658.71;293.8
59973;450855.35;4793174.28;320.13
68162;450366.08;4793143.74;256.21
35402;450069.0;4793407.04;268.65
27211;449630.18;4793367.87;311.34
43596;450645.38;4792600.12;330.34
51789;450911.05;4793349.93;262.61
100942;449802.38;4793019.43;258.86
51791;449905.78;4793426.23;280.67
35408;450608.75;4792703.58;305.29
51793;449767.6;4793634.45;334.49
100948;450296.89;4792735.24;310.78
59989;450967.66;4793129.34;326.94
51797;451296.71;4793607.87;358.02
19028;450499.53;4793558.31;363.79
19032;450787.33;4792544.35;306.84
43609;450955.2;4793028.47;294.89
100954;450308.34;4794016.25;311.28
27224;450700.13;4792908.93;299.93
2650;450720.3;4792910.07;299.71
35418;450583.26;4793018.41;256.7
2648;450066.8;4792973.95;276.24
19038;450378.48;4792756.3;307.2
92766;450886.38;4792979.04;320.21
51807;450686.97;4793190.16;263.45
51809;451102.86;4793120.28;313.55
84578;450668.14;4792608.24;308.37
35427;450427.59;4793419.93;264.74
76388;450944.07;4792862.84;296.86
76382;449883.32;4793234.66;272.01
68198;450966.12;4792955.56;300.08
35430;450400.3;4793066.32;261.85
43617;449955.27;4793401.19;321.71
100973;450747.09;4792765.36;307.69
92784;451003.2;4792875.89;327.32
60017;450372.48;4792455.94;398.55
43633;450798.5;4793148.19;334.03
100976;450428.27;4793492.95;359.24
76404;450725.95;4792808.64;328.7
60016;449675.56;4793378.34;337.22
60022;450151.79;4793375.71;326.34
84599;450454.1;4793456.96;360.82
76401;449508.69;4793385.91;324.55
27258;450617.71;4792572.98;338.34
10874;450252.15;4793988.31;327.32
76412;449712.21;4793476.82;301.21
19071;450692.82;4792776.69;322.55
92800;450346.64;4793097.14;261.14
100999;450489.0;4792476.9;328.87
68232;450648.86;4792582.43;328.61
84615;450598.03;4792884.47;298.39
2698;450707.27;4792907.99;295.16
27273;451230.51;4793567.91;299.93
10894;449341.07;4793287.06;355.36
10895;450953.98;4792872.66;297.22
43664;450583.46;4793193.85;295.92
19091;450414.59;4792454.55;363.9
101012;450077.59;4793360.77;268.66
27283;450088.81;4793551.23;269.83
10900;449628.86;4793479.05;311.37
43672;450021.38;4793562.54;269.38
68249;450810.27;4792843.14;287.14
43676;450865.02;4793035.05;329.57
35485;450999.5;4792808.1;310.5
19100;450979.76;4793125.65;325.99
10911;450471.58;4792908.9;297.59
84638;449917.62;4793414.51;286.63
2724;450842.99;4793003.26;336.01
101028;450130.53;4793334.24;268.66
60072;450488.31;4793031.51;254.13
27304;449943.91;4793037.29;263.99
84656;450680.75;4792651.98;305.08
84660;450046.44;4793514.19;270.42
60086;450872.56;4792982.13;331.58
19128;450812.31;4792574.74;299.24
43705;450375.63;4793148.41;272.08
60090;450417.25;4793300.26;261.71
92859;450690.93;4792948.51;302.13
2748;450718.72;4792710.12;298.56
60092;450659.87;4793206.75;298.52
84670;450750.64;4792649.47;290.83
19134;450114.6;4792837.21;306.96
2752;450758.52;4792803.86;290.78
101057;450693.63;4792944.2;283.06
27326;449897.65;4793304.55;273.0
60099;450301.91;4792888.84;302.69
76481;450200.55;4793537.86;327.35
60100;449710.13;4793675.76;337.31
51905;449691.67;4793724.53;342.62
19146;450533.01;4792755.17;303.02
27340;449977.32;4793375.08;296.63
10958;450784.41;4792749.68;299.37
27346;449887.44;4793011.46;267.18
19156;450775.78;4792511.17;305.28
76500;450881.3;4793157.1;312.98
101077;451271.19;4793404.88;274.03
2773;449864.49;4793479.04;301.39
35549;450336.46;4793212.01;261.67
101085;449780.25;4793544.09;396.08
43743;450698.15;4792636.45;305.23
101087;450719.27;4793180.82;323.03
84708;450805.58;4793214.98;320.39
68329;450874.85;4793163.37;316.37
51945;450656.83;4792940.47;311.32
51949;450620.89;4792868.58;306.22
19181;450323.75;4793933.31;324.15
10992;450700.38;4792928.27;285.15
84721;450694.28;4793185.79;275.38
68338;450174.01;4793413.35;331.73
60147;450856.49;4792735.53;307.43
84725;450721.38;4792722.44;288.58
10998;450928.18;4793189.56;265.82
27383;450678.19;4793227.44;304.57
27386;450635.44;4793058.25;256.81
101116;450024.86;4793454.95;373.49
101122;449776.06;4793547.19;396.15
35590;450593.49;4792495.29;356.01
35591;450265.88;4793188.72;264.75
60167;449974.34;4793369.23;296.94
2826;450535.51;4792894.87;260.22
19218;450970.78;4792970.11;290.86
2834;450313.34;4793083.56;250.9
2836;449764.62;4793546.36;335.25
51990;449771.59;4793555.15;397.06
19224;450349.67;4792755.68;310.29
43801;450074.16;4793049.65;248.45
19226;450635.37;4792966.38;269.62
35612;450671.91;4792896.88;277.5
68380;450204.15;4794029.32;328.15
60190;450464.96;4792904.6;297.32
60191;450005.23;4793444.68;364.23
84768;450235.74;4794000.85;326.0
19235;450579.8;4793752.45;319.21
2857;450683.64;4792914.56;295.21
52010;450731.05;4792644.02;294.45
84782;450694.04;4792940.61;305.3
68398;449917.35;4793018.84;262.76
43825;450751.84;4792732.38;296.64
92980;450791.92;4792596.78;304.46
84792;450433.21;4793455.89;276.48
43832;450663.41;4793746.48;315.77
101178;450576.7;4793752.6;320.22
68412;450742.81;4792366.08;309.47
84796;450845.85;4793008.15;331.99
68414;450741.77;4792599.8;330.43
43838;450703.09;4792483.45;298.43
2880;450810.84;4793226.86;261.42
27457;450623.88;4792514.52;360.37
92992;451224.36;4793461.0;275.13
84805;450744.86;4792837.51;281.11
92999;450550.07;4792613.33;304.62
19273;450983.79;4792793.68;307.77
93001;450722.98;4792587.85;332.18
35658;450967.26;4792808.5;314.18
101195;450702.97;4792670.63;304.6
11082;450955.19;4793198.3;295.5
27470;450733.11;4793182.14;299.9
35663;450550.85;4792796.49;303.8
84817;449880.93;4793318.11;270.72
52052;450371.29;4793078.78;260.55
11093;450988.56;4793043.98;290.45
68440;449769.67;4793025.0;261.78
76634;450181.53;4794018.61;324.55
35678;450300.58;4794041.41;319.28
68447;450966.88;4792928.42;295.79
35680;450687.68;4792899.84;304.27
93024;450328.82;4793853.79;287.42
19299;450666.67;4793214.29;299.64
11108;450141.94;4792845.58;304.8
35689;450698.48;4792928.52;293.81
27498;450318.7;4793127.13;255.22
60268;450965.99;4793185.03;263.84
27509;450629.54;4792556.38;372.15
84853;450166.89;4792848.47;306.91
11127;451121.01;4793560.26;279.79
35702;450284.35;4793453.38;323.09
52089;451109.08;4793412.22;268.93
101244;450845.16;4793017.0;332.32
52093;451273.83;4793400.66;273.64
52096;449699.01;4793090.51;216.47
84867;450739.28;4792627.87;292.17
93060;449780.15;4793030.61;271.94
43909;450127.75;4792663.69;311.42
60291;449764.55;4793574.28;334.27
84871;450245.91;4793998.52;326.27
2952;450509.17;4792915.11;294.53
60299;450320.55;4794038.16;324.0
52118;450782.73;4792529.09;305.64
11159;450935.04;4792817.21;311.19
60312;450646.27;4793026.07;258.31
35740;450595.52;4792901.08;293.1
11166;450903.02;4793045.09;310.75
43941;450915.86;4793014.13;300.99
60329;450764.3;4792485.33;305.65
52137;449776.72;4793505.38;292.91
35757;450396.39;4793803.99;325.49
2990;450697.37;4793636.47;262.93
52144;450559.5;4792800.27;305.31
76721;450806.33;4792514.71;302.42
35762;450592.83;4792557.32;371.22
60339;451008.38;4793127.67;329.31
11186;450431.32;4793449.68;276.87
84919;450794.36;4793109.73;330.9
27576;450833.73;4793272.57;263.82
93111;450021.59;4793033.92;248.13
68539;450723.23;4793122.75;257.44
76731;450454.0;4793042.25;253.55
11198;451040.12;4793357.43;265.83
52159;449721.02;4793671.66;336.68
11200;450323.54;4793983.7;308.49
35777;450774.47;4793147.98;298.63
76738;450759.39;4792803.37;290.8
60355;450106.81;4792461.91;377.28
93121;450716.8;4792645.13;366.78
43972;450479.04;4793422.16;360.71
3009;449799.35;4793080.2;229.51
68551;450728.32;4792648.8;305.75
60360;450684.3;4792899.05;304.76
93122;449342.16;4793343.22;350.9
60366;450067.13;4792825.29;308.44
68566;450650.46;4792608.55;334.89
93142;450488.66;4792498.06;370.41
3032;450665.73;4792613.9;364.86
76762;450637.0;4792542.17;331.35
35804;450853.18;4793047.19;296.13
68574;450692.02;4792594.87;369.9
11231;450616.29;4792982.69;258.5
52190;449688.2;4793673.2;356.56
11233;450738.75;4792419.21;306.37
27617;450875.2;4793063.54;328.96
52195;450741.12;4792594.04;323.66
93156;450751.19;4792680.69;305.94
93155;450252.24;4793063.05;252.57
93158;450346.06;4793575.05;334.99
3047;450921.4;4792830.16;308.89
101349;449518.46;4793380.74;324.16
68587;450684.77;4792712.78;306.04
52203;451000.27;4792819.91;355.03
35821;450408.6;4793060.54;259.28
3053;449911.7;4793417.2;288.92
19440;449805.6;4793607.61;328.38
60402;450495.35;4792447.45;350.07
101362;449939.1;4793223.67;277.76
52215;450628.71;4792500.35;354.68
76792;450940.61;4792838.85;309.52
19448;450479.41;4792906.38;296.55
35834;449857.23;4793047.37;269.85
76798;450696.09;4792837.95;281.75
19455;450502.47;4792805.69;304.78
93184;450910.56;4793359.51;261.71
35840;450600.75;4792981.39;257.55
27650;450527.14;4792509.61;326.91
76803;451106.23;4793118.26;310.09
27651;450746.23;4793082.46;309.33
68617;450657.12;4793054.9;305.58
85002;450645.94;4792953.56;293.06
76811;450702.24;4793177.2;278.07
3083;451152.03;4793421.23;272.47
52237;450775.65;4793095.42;300.92
101386;450048.34;4793162.02;271.71
27664;450864.95;4792808.97;295.95
93423;450310.18;4793960.62;327.39
3093;450481.31;4792537.84;304.28
35861;449693.18;4793568.25;331.84
44057;451259.32;4793412.69;273.88
68635;449974.96;4793383.27;296.32
68636;450664.13;4793216.21;299.97
19485;450668.34;4792565.84;304.39
101405;450735.36;4792592.75;323.66
60447;449527.36;4793404.61;333.66
60448;450773.54;4793123.22;336.32
52257;450764.5;4792648.48;291.63
19487;449672.46;4793647.78;336.7
93219;451091.77;4793139.57;315.47
19493;450797.85;4792522.43;298.39
44069;450215.36;4792413.62;381.54
60454;450356.72;4793512.68;323.92
19498;449852.82;4793194.2;269.61
11307;450430.52;4793050.74;261.6
27692;451132.31;4793549.55;279.9
44077;449899.93;4793313.48;274.54
44078;450233.87;4792413.95;381.9
3119;450848.67;4793287.59;263.82
3120;450886.78;4792983.39;316.54
27693;450292.82;4793945.41;319.95
60468;450193.58;4792860.85;305.31
27702;450833.12;4792810.97;293.69
3131;450978.83;4793254.85;296.45
27711;450643.96;4792556.52;301.53
35903;450370.47;4792753.67;307.81
93249;450714.08;4792676.25;304.74
60479;450629.63;4792969.01;292.14
76866;450433.04;4793436.83;276.57
52292;449690.19;4793451.81;303.79
93253;450663.03;4792720.46;306.01
60485;450216.84;4792703.95;307.12
11333;449981.31;4793024.85;264.99
68681;449478.97;4793387.0;336.89
52298;450947.76;4792962.06;295.13
19530;450440.32;4793163.93;261.86
52300;450600.65;4793703.48;319.61
19533;450849.19;4793019.78;332.32
44110;450866.3;4793178.51;328.95
68687;449954.58;4793401.37;310.99
27728;450342.9;4793831.24;284.8
27729;450402.38;4793262.45;263.27
27730;450717.02;4792660.41;342.53
44115;450870.86;4793165.51;317.0
44111;450193.82;4794041.77;329.04
52309;450376.78;4793147.21;256.8
27733;449914.91;4793400.17;283.3
3161;450386.99;4793187.24;262.59
76893;450045.94;4792652.78;317.1
52319;450650.1;4792521.61;371.77
35938;450026.36;4792406.3;410.58
85092;450747.94;4792650.21;307.02
44132;449887.54;4793036.04;246.87
27750;450656.53;4792891.83;289.14
11366;450377.74;4793852.81;313.49
3179;451225.45;4793442.09;275.03
44143;450743.1;4793139.98;257.44
27759;450209.42;4792866.32;305.02
101499;450932.01;4793035.95;299.54
52348;450994.31;4793085.48;284.2
52351;450641.66;4792503.99;364.66
27778;450910.7;4793051.79;327.1
93316;450300.8;4792995.03;272.5
52358;450691.67;4792706.96;309.22
68742;450418.71;4792484.98;394.37
27784;450709.58;4792731.26;286.02
101511;450679.91;4792587.68;370.01
101514;450727.87;4792515.67;300.29
11401;450423.96;4793060.32;257.17
60552;450108.44;4792972.19;274.66
11400;451272.14;4793583.99;327.39
93326;451237.76;4793416.85;273.97
3213;450434.84;4793455.2;276.83
101521;450401.62;4792867.06;263.44
52370;450282.57;4794031.86;317.22
11411;450716.09;4792909.71;300.55
85139;450777.94;4793250.06;265.36
27798;450757.19;4792797.1;290.4
101526;451003.39;4793128.75;330.13
76951;451312.8;4793326.97;276.08
19609;450687.24;4792712.97;306.39
11417;450689.18;4792592.4;369.65
44184;449691.37;4793699.28;339.99
60572;450058.19;4792647.33;318.48
3231;450574.45;4792992.94;257.23
60577;449723.58;4793473.87;301.19
27810;450758.84;4793183.81;306.28
101540;450973.58;4793126.74;326.37
76967;450921.82;4793074.98;295.36
11433;450354.33;4793789.04;294.2
3242;450744.41;4792626.54;291.89
76971;450655.83;4792586.48;329.96
101549;450790.22;4793161.21;339.06
27822;450874.86;4793378.64;262.93
52400;450424.63;4793479.72;265.4
85173;450844.68;4793041.03;296.31
68790;450232.74;4793434.68;324.84
19637;450666.15;4793080.69;257.05
19639;450343.03;4793102.88;252.47
76984;450866.28;4793181.6;295.33
11449;449930.61;4793028.15;258.03
85177;449971.37;4793286.77;282.21
36027;450845.13;4793189.52;326.0
19644;450706.66;4793174.54;336.73
3261;450471.86;4792765.8;305.65
85178;450412.71;4793512.63;338.38
68799;450821.31;4792758.82;305.9
85183;450061.07;4792978.97;266.28
27836;449842.43;4793473.78;277.76
19650;450023.96;4793567.96;269.38
52411;449737.19;4793651.65;335.24
76996;450836.09;4793150.79;301.09
52423;450666.64;4792726.66;305.36
3272;449787.86;4793140.44;271.04
36041;450383.33;4792468.99;398.0
44234;450648.03;4792625.04;301.97
60617;450058.03;4792640.83;318.48
101581;451294.19;4793377.96;277.16
101582;450491.21;4792488.95;372.81
19662;450961.96;4792912.14;299.37
93390;450082.34;4793158.67;270.73
44242;449836.21;4793032.43;272.0
19669;450891.97;4793020.32;327.12
52438;450488.41;4792491.24;356.87
3287;450957.18;4793165.2;329.31
36059;450987.01;4793128.64;330.13
93409;449920.85;4793412.1;358.53
68834;450685.59;4792581.13;327.04
27875;450510.99;4793440.09;354.67
93414;450782.23;4792541.19;305.92
11495;450778.84;4793171.97;296.71
52456;450246.22;4793994.05;326.25
36070;450167.11;4793163.93;268.9
60649;450131.96;4793326.65;268.77
19690;450811.7;4792844.77;287.4
27880;450026.34;4793444.36;373.76
101612;450903.71;4793007.54;293.89
19692;450428.31;4793444.34;277.65
85229;449995.08;4793329.79;362.67
36079;450664.0;4793062.7;304.0
36080;450623.77;4792579.56;368.65
44272;450887.57;4793160.42;313.35
3314;450939.72;4792810.71;312.68
68850;450980.26;4793096.74;285.45
3316;450731.66;4793184.29;299.76
101621;450817.2;4793158.13;261.41
85238;450657.82;4792618.42;303.91
36081;451175.11;4793515.13;279.35
19706;450688.47;4792656.89;304.12
68865;450689.62;4792941.35;284.85
68866;449785.89;4793604.87;331.74
85251;450716.13;4792471.64;303.07
11523;450902.03;4793005.88;300.61
68867;451271.24;4793660.61;386.57
3329;449696.43;4793730.53;341.82
52488;450295.74;4793637.33;269.65
52489;450739.32;4792895.89;299.21
19726;450697.5;4792705.29;304.49
27922;450344.07;4793915.62;300.95
52500;449579.62;4793452.69;333.07
68885;450992.13;4792813.05;308.95
11544;450431.14;4793446.09;276.62
101659;450675.89;4792932.12;315.39
11547;450400.44;4793060.56;261.12
93471;450319.65;4792891.0;302.56
85284;449872.68;4793190.97;270.2
19749;450333.38;4793552.63;332.36
19750;451308.7;4793313.82;275.86
68904;450983.42;4792844.59;329.05
3368;451252.39;4793418.54;274.46
52523;449819.01;4793595.99;329.42
52527;450729.58;4792388.53;302.68
101680;449916.22;4793042.92;264.49
93492;450077.85;4793563.45;271.46
101687;451100.42;4793417.15;268.23
77112;450406.11;4793059.57;254.03
60728;451210.36;4793557.42;294.46
52538;450721.6;4792663.57;338.54
19772;450775.71;4793124.35;337.21
93502;450737.06;4792381.36;302.79
19777;450387.47;4793045.91;265.11
36165;450719.1;4792614.03;370.37
44360;449745.92;4793495.03;335.91
93515;450793.05;4793014.58;293.16
19791;450012.99;4793424.36;372.26
60752;450502.16;4792773.37;304.35
60756;450871.36;4793040.4;329.01
77144;450891.12;4793034.58;328.94
60761;450340.27;4793092.68;255.0
85336;449760.44;4793496.93;298.16
77147;450558.74;4793036.51;255.31
101729;450356.93;4793542.3;332.23
68962;450807.63;4793179.76;259.35
77158;450848.24;4792801.23;295.03
44390;450483.54;4792509.81;304.86
44393;449799.89;4793148.17;270.97
101740;449627.25;4793364.73;311.12
11633;450680.72;4792736.76;303.48
36209;450732.76;4792383.52;302.73
44405;450218.18;4792970.63;277.66
85366;450727.94;4792420.67;302.7
19832;450362.83;4793465.6;266.03
60793;450519.44;4792515.08;372.27
44410;450956.85;4793183.31;266.08
60798;450719.39;4792648.01;368.49
85381;450002.3;4793140.64;270.72
3464;449680.45;4793581.39;333.24
60810;450298.31;4792985.15;273.76
28042;449872.68;4793263.05;269.2
85388;450839.91;4792634.75;294.31
60812;450536.23;4792699.38;301.7
101775;449585.43;4793450.45;317.11
3472;450097.35;4792645.41;316.23
52625;450652.18;4792562.04;304.47
44436;450333.32;4793849.83;287.11
60821;450663.16;4793207.04;298.4
36244;449790.85;4793534.55;395.26
101785;450411.48;4792842.26;265.36
101786;450810.4;4792617.28;304.9
11674;450755.35;4792978.55;293.35
85404;450783.32;4792548.5;308.49
28060;451232.99;4793424.97;273.51
28059;449992.26;4793018.44;266.33
52639;450698.6;4792921.94;295.1
19871;450333.04;4794020.56;315.91
11683;450556.5;4792693.83;302.82
44458;450393.29;4793221.95;272.07
28081;450699.48;4793179.04;273.64
85426;450337.87;4793515.67;296.65
93619;450391.62;4793513.6;321.9
77236;449594.37;4793462.64;328.96
11701;450672.12;4792583.61;369.9
93622;450903.8;4793007.38;292.91
19899;450650.89;4792946.75;291.88
3516;449645.96;4793610.85;337.21
77249;450953.76;4793022.24;294.66
3521;450337.76;4793841.94;286.36
60867;450746.18;4792723.94;291.92
11716;450677.02;4792735.28;303.13
77252;450946.8;4792842.63;307.01
11718;450605.06;4792918.44;300.63
52679;450958.32;4793200.51;265.73
69062;449376.13;4793342.42;344.17
28107;450828.19;4793157.44;264.27
60876;450782.55;4792604.18;304.3
69068;449858.43;4793174.27;269.61
52687;450809.32;4792653.68;292.65
11728;450500.0;4792495.24;371.59
101839;449883.12;4793257.22;270.96
85458;450686.14;4793070.36;301.77
60882;451135.22;4793547.59;279.76
3540;450201.61;4792697.07;307.51
36307;449778.62;4793032.46;271.38
19919;449987.66;4793519.49;337.14
28119;450552.94;4792713.29;301.96
52696;450146.81;4792846.01;305.14
36313;450758.65;4792796.39;292.02
19928;451314.27;4793620.13;381.01
85468;449517.75;4793386.74;324.25
77276;449339.84;4793324.53;352.02
69087;449844.41;4793035.02;253.61
69089;450696.23;4792912.15;299.69
93669;450490.37;4793392.1;250.51
28134;450703.39;4793082.27;297.09
36327;450805.93;4793154.01;328.14
93672;450550.45;4792697.03;298.8
69094;450196.97;4792865.52;305.31
101867;450038.96;4793504.01;271.77
36332;450921.25;4792812.53;293.62
77294;450754.03;4793505.0;262.85
19950;450014.09;4793429.02;342.74
77297;450636.34;4792543.86;332.05
69106;449861.43;4793069.5;234.1
19956;450967.59;4793187.05;263.39
11765;451217.94;4793420.68;270.21
19959;451207.38;4793548.46;292.56
19960;450327.85;4793130.6;255.45
3577;450964.33;4792847.17;308.54
11770;450709.77;4792741.08;284.94
19961;450305.45;4793535.27;269.1
52732;450288.36;4792989.74;273.52
28153;449951.49;4793399.59;289.13
60926;450659.53;4792906.57;295.21
77317;450688.56;4793097.22;257.49
69127;450829.37;4792603.66;294.57
77320;450752.01;4792473.12;307.36
77319;450105.0;4794063.79;327.07
28172;449647.08;4793609.88;336.68
77326;450797.88;4793142.78;298.47
3599;450735.47;4792595.44;323.52
3600;450319.68;4793085.02;250.9
11794;450317.51;4793935.73;317.42
85523;450376.54;4793477.42;318.91
3604;449341.7;4793331.27;351.78
52755;450615.18;4793716.64;317.86
93719;450940.9;4792862.49;296.18
3607;450013.65;4793026.94;260.22
44570;450299.04;4792995.16;272.34
60955;450306.1;4793999.59;308.58
101921;450656.43;4792560.02;301.24
60961;450340.93;4793920.91;313.49
60964;450808.54;4792551.0;298.61
11813;450796.23;4792600.51;304.72
36388;450690.31;4792902.8;303.72
77350;450720.06;4792614.71;370.29
20004;450798.34;4793256.48;262.23
69161;450503.4;4793026.86;254.81
85545;450018.51;4793027.16;258.64
60971;450748.85;4792722.94;296.64
3623;450151.01;4794036.42;328.13
85555;450493.88;4793030.72;255.53
101941;450720.3;4793604.12;262.5
28214;450343.78;4793105.16;252.39
69174;450510.65;4793386.45;272.42
28216;450991.74;4792872.53;328.04
28220;449772.04;4793030.95;259.91
69184;450714.89;4792723.51;288.82
101956;449785.57;4793038.24;249.62
52805;450699.12;4793180.28;294.4
93766;450872.42;4792979.46;325.48
28236;450731.14;4793117.61;295.8
93772;451276.6;4793663.89;387.62
101966;451292.98;4793616.04;366.48
85584;450743.52;4792971.65;293.35
28243;450778.1;4792686.37;305.04
85587;450229.63;4793440.73;324.85
36435;449829.71;4793025.74;256.7
43063;450286.37;4794032.52;315.09
11863;451310.23;4793636.34;382.52
77403;450978.04;4793126.13;326.37
69212;449964.7;4793276.64;280.05
61023;450839.42;4792809.54;294.1
93793;450480.48;4792508.87;304.86
3683;450863.07;4792958.69;324.91
61031;450330.89;4792893.81;301.95
52840;450107.42;4793547.67;270.35
101994;450336.11;4793133.66;255.84
85612;450925.59;4792852.7;293.53
28269;450821.91;4792579.33;297.37
77421;450744.74;4792366.61;309.95
11887;450655.8;4792601.06;330.3
20077;450703.14;4792968.82;294.37
28273;450922.76;4792803.01;295.26
3696;450347.9;4793096.04;256.02
3697;450405.08;4793289.2;263.33
36465;450026.19;4793153.58;270.53
11893;450792.64;4793150.03;339.46
69231;450234.45;4793990.34;327.94
69240;450325.16;4793932.74;315.22
52858;450364.83;4793132.91;258.25
36476;449882.09;4793258.62;287.76
11901;450695.84;4793052.51;271.36
61055;450204.94;4792970.95;276.73
77440;450173.27;4792973.48;275.28
77443;450545.33;4792699.17;298.8
69257;450641.27;4792560.53;308.68
69258;449881.43;4793240.48;273.8
52879;450954.31;4793177.42;264.28
44688;450672.81;4792646.95;308.5
77455;450662.06;4792579.96;368.2
93845;450723.41;4792661.76;340.3
44695;450363.13;4793125.87;256.82
93848;450952.27;4792832.91;314.53
3738;449974.45;4793371.57;296.86
11933;450837.41;4792790.8;299.38
69279;450952.94;4793187.76;300.76
69285;450471.05;4792803.21;307.14
28325;450744.95;4792756.36;307.4
11943;450928.99;4792823.52;321.91
3750;450440.94;4792904.51;298.17
11941;450857.61;4793299.63;264.35
102055;451314.0;4793327.29;276.33
28333;450345.37;4793760.54;291.59
44718;450626.36;4792967.09;292.34
36526;449851.36;4793182.46;269.64
3760;450581.64;4792611.89;304.21
69300;450585.22;4793037.91;255.31
3765;450608.02;4793717.43;317.86
3766;450309.8;4792422.91;367.87
3769;450833.99;4793151.25;296.45
102074;450297.82;4792889.78;302.84
11963;450198.13;4792694.78;298.27
20156;450832.18;4793036.03;296.55
52926;449808.68;4793080.59;233.1
11967;450605.17;4792904.13;297.19
11968;450721.63;4792862.44;278.21
3775;449921.71;4793182.78;268.67
28354;450829.62;4793265.75;264.52
77507;450935.67;4793134.39;326.97
85698;449598.22;4793465.93;327.79
85702;451184.38;4793510.4;277.43
20167;450792.86;4793147.64;298.96
102090;449957.28;4793279.14;295.72
11980;451171.62;4793524.84;278.95
52942;449981.43;4793358.76;297.65
52943;450861.47;4793151.75;308.8
28370;450938.4;4792822.98;311.95
11986;450419.85;4793175.31;275.52
69332;450576.87;4792548.52;327.11
20180;450938.83;4792810.41;311.61
3797;450870.0;4793037.12;329.57
52947;450099.97;4794072.33;329.0
11993;450390.7;4793047.26;265.11
77531;450421.19;4793379.69;264.49
28385;450964.79;4793179.91;299.77
36578;450681.5;4792577.89;306.87
93922;450676.02;4792911.69;295.3
44772;450931.3;4793179.33;263.45
20198;450187.21;4793244.98;269.79
85736;450701.48;4792735.53;304.83
77544;450666.19;4792609.6;332.92
93929;450236.92;4792407.33;385.68
36585;450673.16;4792584.45;370.19
85737;450063.51;4792973.17;276.86
77554;450760.54;4792643.4;291.86
102134;449791.95;4793015.94;258.87
20215;449974.94;4793409.33;271.86
85753;449770.86;4793567.19;394.67
93948;450700.3;4792488.38;299.84
102141;451060.99;4793371.18;265.83
77569;450961.93;4793183.26;264.34
102147;450607.29;4792707.16;304.82
28422;450575.91;4792609.28;304.32
20231;450784.14;4793168.58;302.57
85768;450966.72;4792954.91;300.55
20233;450959.17;4793184.0;302.58
102154;450953.29;4792815.45;330.0
28425;450775.67;4793119.96;331.78
93964;450192.68;4792861.92;305.31
53005;450741.78;4792839.95;281.03
28429;450692.84;4792845.33;281.25
77583;450200.26;4792864.7;305.02
20237;450714.9;4793612.54;262.32
12049;450959.01;4793344.47;265.83
36623;449883.58;4793317.17;270.97
61202;449377.96;4793341.95;344.33
61203;450221.72;4794028.07;327.37
102166;450299.35;4794004.98;308.68
102168;450809.68;4793393.47;260.77
53018;450802.25;4792612.02;304.78
28447;450751.36;4792848.79;280.74
12064;450649.87;4792585.45;328.89
44833;450180.31;4792438.78;361.44
85794;450827.05;4792600.83;294.62
69408;450238.55;4793475.4;325.89
3876;451298.8;4793356.57;275.64
53029;450326.19;4792925.93;279.79
69415;450791.12;4792521.59;305.06
36649;450800.44;4793200.73;259.05
12073;450310.05;4793459.59;323.06
102190;450716.85;4792646.41;367.44
53045;450593.91;4792883.29;297.4
77623;450236.33;4792410.19;384.62
102205;450834.2;4793072.42;330.54
94014;450735.93;4792681.13;302.89
69438;450769.24;4793449.05;264.11
20287;450607.17;4793686.09;319.95
44865;450264.42;4792875.31;303.92
44869;450005.83;4793014.1;268.21
85831;450135.01;4792970.78;275.49
36679;450347.87;4793883.47;293.05
53065;450451.99;4792804.52;306.73
77642;450862.68;4793185.96;329.52
85835;450836.62;4793192.56;327.41
69449;450693.25;4793188.63;275.08
77647;450659.53;4792892.23;289.38
20307;450443.97;4792906.26;298.11
85845;450802.47;4793092.38;299.76
12120;450294.15;4794005.09;308.65
77659;450484.72;4792496.37;369.92
94045;450561.23;4792694.35;304.36
61279;450431.79;4793791.02;318.05
77665;450754.25;4792821.6;285.06
12134;451293.77;4793376.29;276.48
69481;449765.83;4793602.26;334.14
20330;450834.8;4793160.34;260.47
77675;450795.4;4793149.1;337.02
53100;450348.88;4793100.43;260.79
3948;451215.87;4793473.55;275.42
69485;449988.46;4793010.93;248.15
12145;450586.0;4792740.56;304.04
69489;450838.57;4793161.48;260.79
61297;449588.64;4793458.99;332.12
44917;450362.13;4793129.96;258.11
69494;450638.59;4792561.44;366.77
3959;450700.88;4792900.78;300.14
94072;450704.65;4793166.87;338.1
12153;449979.91;4793525.65;337.14
61302;450363.03;4793539.79;332.23
20347;450695.84;4793052.51;288.86
3967;450608.85;4792569.86;328.82
36738;451186.33;4793513.48;279.58
3970;449834.02;4793034.35;254.3
28554;450342.44;4793892.84;313.34
94092;450709.54;4793090.13;296.56
61327;450141.26;4792459.93;370.56
36756;450430.19;4793437.28;275.75
36757;450603.62;4792896.77;301.36
85909;449969.54;4793410.67;360.25
36758;449340.44;4793281.47;343.67
28568;450219.18;4792979.3;275.01
44954;450949.31;4792868.06;296.47
12186;451302.21;4793346.25;276.45
61342;450577.88;4793042.33;255.31
36616;449780.11;4793027.59;251.23
94115;450779.17;4793165.27;297.64
94116;450599.98;4792726.06;303.23
69539;450412.58;4793063.01;255.06
28582;450701.95;4792600.12;306.07
53157;450476.31;4793624.7;327.84
53161;450354.33;4793778.4;272.25
28586;451201.2;4793534.34;285.38
69549;450851.69;4793281.06;264.89
28592;449813.54;4793027.98;271.76
36784;449850.46;4793581.3;331.62
77746;449394.3;4793301.81;346.47
20404;449906.72;4793434.08;281.51
28597;450638.99;4792539.38;331.43
12214;450696.26;4792908.77;300.9
94135;450346.19;4793937.48;344.04
61368;449984.13;4793432.91;271.62
53179;450009.93;4793459.76;366.26
61372;450728.5;4792910.36;295.57
44989;450668.22;4792949.5;293.43
53181;450923.29;4793197.33;265.14
20415;450493.83;4792913.09;296.01
4029;449856.14;4793214.09;269.57
85953;449924.75;4793405.5;290.99
36802;450341.41;4793832.55;285.07
44995;450151.25;4792658.58;312.98
12232;450609.65;4793042.27;256.28
94153;450700.59;4792637.7;368.34
69576;450348.86;4793753.53;269.85
4044;450698.47;4792833.11;282.21
77778;450657.45;4793056.24;305.0
85974;450495.88;4792466.46;356.54
94170;450172.54;4794028.79;326.83
85982;449779.44;4793029.49;250.68
4064;450834.26;4792658.49;293.61
45024;450690.55;4792918.68;298.09
4068;450821.76;4792597.18;296.26
94181;450735.94;4792389.66;302.63
36837;450901.06;4793007.19;283.35
12262;450268.56;4793063.82;252.11
45033;450612.07;4792543.02;307.75
85993;450670.55;4792951.33;305.66
69614;450630.8;4792522.05;358.01
12270;450867.06;4793170.45;319.24
28657;450727.69;4793018.51;294.26
94194;450902.4;4792989.21;302.77
12274;450462.09;4793345.62;264.11
36852;449716.8;4793477.25;301.22
4085;450807.76;4792499.66;300.1
69623;449770.34;4793569.8;386.23
4088;450237.13;4793207.29;265.44
45049;450930.31;4792865.63;289.05
28675;450646.57;4792959.14;267.1
20483;450799.34;4793399.35;260.77
36868;449957.78;4793238.0;280.93
69638;449919.94;4793175.22;269.51
61449;450621.36;4792566.15;368.46
69642;450337.44;4794016.94;319.83
45071;450076.17;4792970.87;276.74
20496;450506.44;4792504.37;370.53
94225;450661.43;4792577.07;364.91
102419;450505.67;4792503.58;369.64
69652;450607.92;4792495.2;353.73
45075;451296.23;4793300.75;275.55
94230;450469.62;4792486.98;307.77
61462;450216.17;4793223.43;268.29
53272;450724.91;4792657.49;290.3
28697;450720.7;4792618.9;368.42
45081;451182.15;4793415.11;272.59
12311;451310.02;4793333.4;276.08
28698;449884.78;4793253.39;272.97
102430;450862.3;4793172.58;263.49
61471;450726.62;4792592.62;332.18
20511;449926.58;4793166.36;269.58
28704;450242.43;4793997.87;349.12
28708;449789.1;4793608.41;324.94
94245;450424.55;4792799.01;310.49
28714;449766.47;4792994.98;259.36
28716;449788.91;4793510.89;284.75
102447;450682.61;4792636.13;302.57
77872;450580.76;4792493.24;354.96
102451;451011.0;4792880.9;327.5
45109;450720.62;4792696.24;288.89
94268;450465.62;4792501.39;304.99
36928;450248.63;4793968.96;321.21
77892;449507.31;4793395.17;336.22
69701;449358.16;4793319.68;345.18
94279;450123.84;4794050.98;326.7
45129;450308.07;4792889.38;302.15
53322;450485.83;4792771.77;305.33
77901;450738.51;4792488.23;301.08
69709;449659.88;4793558.54;335.41
69712;450560.13;4792774.54;302.93
28752;449854.94;4793044.26;270.75
94296;450121.48;4792968.73;273.64
69721;450270.59;4792962.78;278.89
28762;450845.9;4793059.25;291.06
77914;450705.14;4792924.53;289.06
4188;450679.57;4792626.3;302.28
102493;450619.86;4792546.46;328.48
45150;449898.75;4793310.47;273.87
53340;449968.45;4793399.39;273.99
28769;450742.49;4793077.5;310.87
69733;450519.36;4793186.37;297.75
4198;451286.84;4793643.7;383.49
20584;449773.8;4793552.87;396.7
53358;449973.18;4793132.62;270.4
102511;450771.35;4793118.84;330.67
12399;450058.54;4792661.12;309.39
20592;450593.26;4792918.83;293.23
45168;449879.12;4793215.07;271.12
45174;450430.23;4793529.32;329.11
12406;450176.14;4794029.33;324.55
20603;450959.3;4792826.2;331.16
77948;450595.2;4792912.83;293.98
20605;450740.1;4792665.73;304.99
28801;449871.52;4793049.99;264.31
94338;450606.95;4792921.38;302.47
93649;449655.67;4793628.39;336.38
102534;450375.73;4793071.34;254.25
45194;450387.57;4793069.32;253.89
102540;450693.54;4793193.71;297.21
37008;450828.35;4792597.05;295.14
77968;450766.65;4792844.62;284.83
86160;450948.06;4792806.44;311.97
94353;449975.11;4793303.27;295.72
37010;450345.88;4793745.89;269.85
102549;450620.38;4792508.94;358.97
4250;451041.29;4793154.18;289.8
77982;450694.21;4792948.2;303.74
20642;450706.95;4793035.5;313.32
20643;450842.55;4793159.25;261.18
53412;450056.99;4793475.23;340.22
4264;450850.5;4792610.36;295.27
37032;450992.36;4792809.13;328.85
37035;450982.96;4792827.83;313.53
37037;450621.68;4792626.45;302.78
53422;450668.01;4792909.45;294.92
61617;450746.61;4792853.1;279.99
78002;450385.22;4792442.64;368.02
94387;450300.79;4792980.06;274.05
78005;451302.33;4793308.56;276.53
94395;450032.09;4792625.32;318.07
20668;450658.88;4792904.05;295.79
78013;450684.23;4792860.35;279.62
61627;450939.85;4793174.9;263.95
28861;450172.73;4793554.02;328.21
28864;450765.47;4793108.62;302.38
12481;450615.82;4792558.61;327.56
20674;450327.3;4794018.21;315.62
86213;451162.27;4793532.19;280.34
69830;450333.99;4793930.45;306.97
61639;450497.37;4792492.51;372.84
102600;450767.19;4792494.86;305.69
94408;450835.85;4793196.77;326.02
45262;450092.3;4792642.78;315.13
37071;450945.59;4793175.78;265.84
20688;450942.92;4792822.61;321.73
28880;449959.54;4793134.47;270.04
102608;450127.06;4793539.89;270.12
45267;450932.83;4793098.52;296.27
69839;450346.14;4793897.36;294.38
4310;450874.6;4793036.88;329.42
69848;449893.33;4793447.11;284.92
78040;449768.42;4793572.1;362.98
45277;450670.85;4792616.68;363.8
20702;450906.75;4793006.65;280.15
94431;450730.28;4792684.29;335.72
37086;450424.99;4793444.81;264.98
28897;449861.78;4793193.97;286.71
102628;450391.94;4793202.18;260.91
69863;450491.25;4793383.09;277.84
94439;449499.74;4793372.46;325.7
53482;449929.77;4793037.62;263.99
86251;450711.53;4793096.22;295.44
86254;450304.21;4792737.94;315.65
28910;450643.38;4792961.6;266.4
12529;450606.66;4792912.71;300.49
28916;450732.69;4792589.25;325.01
102644;450584.42;4792740.0;304.5
53494;450825.41;4793388.05;259.2
53495;450695.89;4792707.5;303.66
20728;450642.83;4792593.73;368.0
45303;450694.3;4792965.16;291.46
78073;451010.01;4793357.91;265.83
4344;450326.12;4793079.24;263.5
78076;450630.1;4792577.49;333.1
61687;449808.94;4793019.93;258.61
12545;450707.8;4792711.7;301.02
102661;449847.42;4793484.69;304.24
12551;449607.49;4793470.79;314.23
28936;450335.95;4793083.77;256.0
94473;450800.98;4792499.27;299.39
94478;449907.13;4793028.16;247.34
37139;450415.29;4792904.69;298.87
20758;450782.67;4792700.36;304.72
37142;450767.46;4793116.93;335.24
78104;451201.76;4793493.62;276.97
78105;450524.73;4792516.14;370.39
28954;450714.89;4792723.51;287.02
61721;450866.79;4792975.26;330.77
45337;450798.07;4793203.13;259.47
78107;451298.64;4793305.15;276.39
61726;450899.99;4793007.24;289.42
78109;450302.47;4793619.65;271.6
94491;450396.2;4793509.65;319.71
61730;449843.33;4793034.92;245.85
53539;450356.03;4793117.56;258.56
86308;450559.89;4792774.69;304.04
78116;450348.17;4793911.84;307.14
37158;450475.74;4793643.95;320.83
78120;449964.32;4793388.65;273.59
20777;450683.85;4792716.09;306.06
45353;450408.72;4793059.38;258.6
86315;449853.21;4793160.38;269.72
28972;450710.15;4792640.92;302.97
37165;449880.97;4793288.13;269.12
45361;450353.16;4793934.02;336.26
37170;449919.72;4793181.51;269.05
53555;450861.0;4792815.55;292.58
61748;450707.86;4793167.42;338.31
37177;450583.71;4792716.68;305.7
28989;450469.82;4793432.76;287.92
53567;450237.98;4793216.54;269.26
4416;450387.48;4793047.42;264.5
28993;451009.73;4793137.56;343.55
86338;450017.42;4793422.34;343.39
53569;450298.41;4793638.91;269.65
78143;450234.62;4793557.17;332.75
102724;450666.69;4793208.88;298.8
94533;450454.4;4792765.4;306.42
94532;450908.47;4793032.18;325.85
45383;450735.73;4792652.48;305.03
45380;451314.31;4793614.92;384.56
78153;450699.88;4792481.24;298.43
102730;450062.16;4793578.98;271.18
102731;450807.64;4792566.34;298.81
69956;449699.28;4793421.42;336.11
86351;450297.68;4793073.48;251.15
94543;449998.38;4793017.86;263.55
86353;450297.68;4793073.48;251.65
20817;450323.97;4794040.74;326.1
102747;449900.97;4793027.29;247.48
12644;450692.72;4792576.21;322.45
29029;450642.77;4792566.2;331.92
86373;450740.09;4792855.61;279.74
61797;450970.64;4792978.69;297.31
53606;450821.12;4793086.14;331.0
61802;450778.87;4793126.8;337.18
53612;450602.36;4792532.06;305.47
102764;450360.46;4793111.62;260.64
29040;450823.67;4793067.53;331.27
45425;450620.53;4792709.42;302.03
53617;450300.08;4792974.47;278.46
33452;449869.59;4793220.39;289.61
53622;450217.55;4794009.24;322.88
4473;450000.61;4793449.9;272.06
20858;450926.44;4792823.98;310.42
29052;450033.68;4792986.91;274.74
61826;450845.18;4793045.27;290.82
70020;450725.67;4792808.53;282.36
29060;450373.86;4792897.51;300.5
70022;450350.01;4793114.04;248.87
4488;450886.97;4793071.82;297.13
78223;450516.06;4792499.89;327.05
12689;450186.69;4793270.12;268.4
53650;450439.04;4793444.55;278.77
102804;451261.79;4793576.56;319.62
94612;450336.45;4793848.28;286.93
61848;450625.82;4792564.6;371.23
45466;450503.74;4792563.29;303.89
4507;450491.58;4792805.33;304.97
94622;450323.29;4793972.36;308.36
86431;450079.29;4792972.97;274.36
102816;450541.69;4792779.11;304.16
78242;450234.78;4792416.25;378.62
53672;450259.9;4792980.71;275.29
70057;450186.73;4793233.32;268.69
70059;450993.39;4792813.69;310.5
20909;450348.95;4792902.09;279.61
29102;450190.24;4793253.35;268.55
4527;450785.35;4793170.39;304.91
102831;450763.49;4792702.5;334.87
94637;449820.74;4793023.36;256.98
86451;450686.02;4792568.25;315.66
45491;450422.52;4793298.51;261.96
102837;449982.16;4793512.59;338.15
29111;450746.37;4793023.57;293.72
61880;450380.97;4793162.73;260.32
102841;451201.65;4793552.67;290.58
53690;450387.6;4793835.5;314.2
94651;450789.7;4793212.37;319.17
86461;450738.93;4792751.7;308.2
78269;450087.66;4793560.86;270.54
86464;450201.16;4792699.31;312.41
45505;450660.59;4792720.2;304.76
94659;449682.91;4793671.35;337.14
4553;450810.71;4793096.36;331.77
102862;450678.4;4792591.36;333.66
70094;449672.82;4793441.12;307.03
102867;450852.25;4792806.4;294.61
78291;450149.52;4793368.04;326.34
70100;449956.25;4793399.43;346.63
29142;450853.25;4793060.29;297.49
20950;450408.3;4792478.13;395.61
94680;450690.37;4792709.73;304.86
61913;450881.25;4793029.04;328.52
37335;450959.17;4793183.09;264.99
61911;449739.23;4793658.56;335.08
37341;450376.25;4793138.63;258.27
12767;449400.84;4793383.96;339.71
94688;451145.78;4793542.04;279.23
45537;450602.44;4792913.86;298.76
29153;450014.14;4793151.52;270.72
70114;450580.3;4793747.49;322.36
102884;451229.33;4793439.84;274.63
86502;450420.7;4792484.13;366.74
45544;450102.67;4792971.32;275.22
78312;449845.26;4793051.41;240.1
94696;449794.06;4793604.47;326.4
102891;450049.21;4792659.38;312.85
102888;449532.5;4793388.58;323.51
37356;450353.09;4793825.72;302.85
86510;450226.56;4792980.22;274.08
70127;450739.25;4792656.15;303.8
86511;450569.63;4792917.13;260.22
61936;450703.28;4793634.67;262.76
45555;450514.34;4792523.0;305.92
53751;450777.63;4792505.98;303.2
45560;450332.8;4793085.12;254.89
20984;449694.27;4793717.94;341.37
37373;450741.81;4792745.2;306.16
78335;450728.98;4793186.46;307.33
53762;450670.04;4792575.96;321.58
20995;450190.47;4792689.95;295.85
37378;450949.51;4793125.1;327.7
70146;449826.21;4793506.73;316.7
45575;450963.87;4792843.19;308.54
12807;450843.16;4793285.21;263.82
102920;450427.4;4793295.64;263.24
29191;450355.51;4793476.14;321.54
53772;450800.54;4792548.04;298.18
4624;450453.45;4792809.48;308.75
29200;449923.96;4793197.94;275.91
21010;450585.47;4792934.17;260.22
29201;449965.58;4793261.62;279.76
12825;450795.2;4792761.31;306.22
86553;450755.45;4792816.13;289.38
53789;450639.27;4792584.78;328.47
102943;450961.78;4793061.4;292.0
21026;450587.63;4793034.8;256.03
12835;450902.48;4792997.57;302.33
78371;449707.77;4793678.58;337.5
61989;450559.56;4792785.03;304.09
12838;450254.58;4792415.08;379.13
94760;450347.45;4793914.87;307.16
12842;450346.39;4793902.06;295.5
4651;450824.07;4793206.64;322.53
94767;450717.3;4792462.79;303.46
12847;450939.13;4792850.09;299.77
21042;450021.57;4792992.86;272.09
12850;450380.3;4793846.83;313.44
21044;449926.33;4793578.76;331.43
62007;450802.99;4793394.65;261.5
86584;449925.73;4793253.9;290.37
94777;450664.41;4793208.96;298.48
78394;450411.73;4792902.88;299.08
12856;449983.15;4793503.89;337.66
86588;450525.37;4792516.61;367.28
102974;450591.88;4792924.44;297.81
29248;451259.18;4793410.41;273.8
78403;450821.66;4792746.27;302.7
70212;450231.17;4793976.27;321.64
29253;450734.6;4793044.34;309.39
21063;450724.54;4792655.92;290.4
29255;450287.2;4794034.43;320.49
45640;449335.39;4793279.9;362.52
21066;450537.83;4792817.59;304.31
4687;450817.0;4792599.46;301.45
94799;450827.77;4792598.48;294.52
102993;450929.63;4792817.21;321.91
53841;450766.95;4793213.02;300.45
45648;450722.71;4792600.71;370.93
78420;450602.31;4792929.16;297.47
70229;450909.33;4793009.75;300.66
4689;450574.11;4792942.75;258.72
21072;450101.24;4794087.28;334.41
53848;450960.94;4793057.8;292.27
94809;450225.67;4794026.72;326.58
29276;450590.7;4792735.34;304.02
12892;449882.96;4793326.2;274.2
21084;450345.88;4793917.27;309.19
37471;450795.35;4793244.69;261.62
29283;450984.93;4793037.71;293.08
70244;450402.18;4793252.09;264.92
4709;449794.06;4793067.42;247.48
53859;449978.21;4793419.49;360.26
86631;450920.6;4793020.85;299.89
103014;450381.91;4794012.48;332.95
37481;450952.25;4792828.89;315.55
21098;450706.16;4793173.82;336.68
78443;450757.61;4792798.32;300.41
12909;449881.89;4793228.16;271.76
70256;450349.38;4793767.57;270.19
45681;450444.45;4792762.45;306.27
86642;450301.17;4793074.68;250.89
103027;450113.35;4793507.23;269.96
62068;450426.93;4793449.06;264.99
37492;449594.37;4793462.64;331.76
12914;449646.29;4793614.18;337.55
53881;450344.04;4793886.23;320.5
53885;450840.38;4793053.4;295.36
86654;450434.55;4793305.09;263.07
21119;450742.7;4792369.0;303.73
78464;450945.41;4793032.21;294.66
37505;450812.44;4792837.94;287.11
78463;450165.62;4792972.94;275.78
103040;450341.0;4792919.88;277.58
86655;450440.86;4793448.66;278.77
78465;449940.76;4793002.4;251.27
78470;450817.42;4792545.53;298.42
70274;449644.77;4793466.83;308.7
78469;449607.71;4793469.18;314.06
29321;450328.98;4793486.28;266.45
45705;450341.48;4793903.27;323.54
12933;450359.82;4793856.83;316.14
94861;450639.53;4792976.09;281.69
45709;450250.18;4793470.88;325.49
94864;450544.57;4792618.57;304.88
53905;450223.12;4794004.68;322.63
37523;450402.85;4792834.24;267.02
21139;450073.45;4793564.42;271.62
78486;450683.66;4792755.47;306.02
53910;450481.35;4792766.34;305.48
103063;450697.07;4792886.17;278.82
78489;450628.04;4792558.59;372.68
12953;450407.49;4793511.72;332.31
103067;450352.01;4793776.55;271.84
86689;450735.01;4792411.59;306.02
45731;450222.13;4793443.23;324.85
21157;450418.79;4793057.66;256.56
78502;450562.89;4792603.16;304.68
86696;450106.99;4793346.4;268.96
37545;450267.75;4793963.15;320.66
37547;450701.75;4792908.99;299.0
86700;449883.16;4793295.23;269.1
62125;449923.06;4793187.73;270.34
4779;449881.3;4793429.28;276.52
94895;450673.35;4792612.3;309.08
103087;451106.23;4793118.26;312.79
70320;450689.45;4792915.88;296.66
62127;449684.89;4793435.1;305.42
12981;449990.41;4793143.72;270.63
12983;450352.76;4793860.17;303.87
86712;450926.7;4793024.45;300.74
53944;449978.83;4793356.35;297.64
94906;449829.8;4793157.42;269.51
70330;450371.42;4793476.32;319.63
4796;450185.74;4793274.41;267.86
86719;450579.4;4792486.33;357.53
45759;450324.44;4793559.69;332.36
4804;450766.86;4792651.06;291.75
29381;450498.54;4792501.61;369.45
94918;450465.49;4792458.82;360.19
78532;450849.88;4793280.04;264.6
21188;450729.92;4793582.18;260.14
94921;450761.94;4792635.75;305.34
62153;451004.37;4793134.75;292.9
4809;450858.72;4792972.78;338.95
103112;449901.49;4793010.88;261.51
103117;450993.09;4793081.23;286.55
45774;450710.33;4792608.92;369.66
13006;450400.91;4793249.54;266.07
78540;449886.99;4793382.57;281.35
53969;450186.3;4793208.04;268.84
4823;451289.77;4793641.02;383.44
94936;450302.36;4794013.23;311.41
86745;450998.15;4793105.1;284.2
21209;450659.62;4793199.6;297.93
4825;450380.86;4793148.44;258.79
37594;450297.51;4794040.3;318.82
29412;449759.55;4792997.63;255.51
62183;450709.41;4792765.34;283.37
29417;450875.73;4792978.57;329.26
45802;449828.22;4793083.33;233.1
29421;450207.75;4794011.2;323.05
29422;450736.99;4792398.5;303.02
45808;450759.14;4792801.99;290.82
54000;450357.44;4794049.44;342.34
70386;450611.04;4792913.32;296.43
78579;450489.12;4792487.5;372.5
21245;450694.18;4792730.84;304.53
54014;450848.1;4793281.31;264.37
37634;450948.53;4792812.78;307.99
70404;450653.4;4793706.91;317.86
86791;450815.41;4792556.97;297.42
13066;450352.66;4793857.83;303.37
54027;450908.22;4793060.67;326.64
21261;450685.01;4792590.33;370.91
70414;450962.06;4792823.22;330.59
13072;450869.84;4792813.25;294.21
45840;450814.42;4792561.84;297.94
86800;450549.95;4792718.02;301.77
13075;450405.75;4793058.7;262.59
70420;450629.46;4792540.85;332.52
70421;450759.8;4792801.74;290.86
21268;450993.48;4792811.2;314.33
45843;450404.86;4793256.81;263.26
54040;450983.46;4792797.09;307.29
29465;450247.08;4793200.63;266.52
103189;450011.39;4793146.44;270.6
95002;450307.68;4793551.89;331.87
78620;450807.84;4792665.06;292.77
86812;450058.71;4792667.89;306.66
78622;450450.88;4792763.58;306.49
78614;449517.02;4793359.79;336.31
62240;450739.47;4793579.21;259.97
78624;450178.43;4793560.46;328.52
13090;450470.5;4793542.07;353.42
70438;450710.25;4792799.72;282.42
27026;450205.02;4793565.28;333.29
37673;450629.67;4792970.21;263.85
70446;450528.76;4792780.04;305.02
13102;450940.47;4793039.7;298.02
86830;450620.38;4792875.77;303.0
4913;449657.37;4793387.28;310.23
37682;449680.7;4793437.01;305.89
78641;449914.02;4793417.97;358.73
29492;449727.94;4793460.76;336.15
29489;450301.91;4793592.8;269.93
4914;450729.71;4792813.89;282.38
78642;450328.76;4792430.64;373.04
70450;450755.68;4792806.28;288.85
54066;451113.69;4793411.84;267.03
13107;450299.49;4792992.99;273.11
37687;450971.23;4792814.54;312.9
21299;451305.1;4793343.69;277.4
13110;449956.63;4793397.9;356.4
62266;450989.71;4792824.95;311.24
103227;450686.22;4792708.82;304.19
95036;450346.64;4793097.14;259.44
95035;451231.68;4793418.74;273.21
21310;450745.1;4793103.85;299.73
62271;450934.65;4792812.85;310.88
86844;450072.78;4793554.5;270.8
103232;449542.28;4793398.66;321.35
62274;451286.34;4793387.67;275.44
4933;450356.03;4793117.56;254.56
103238;450110.79;4794062.4;327.03
4938;450383.95;4793537.78;330.49
95051;450686.02;4792568.25;318.86
4940;450258.18;4792722.78;311.51
13134;450658.87;4793076.5;256.9
78671;450345.69;4793900.27;294.95
78672;450729.88;4792385.08;302.7
21331;450283.37;4792986.27;274.28
70486;450647.34;4792556.59;301.76
78678;450828.02;4792811.58;293.47
13145;450855.73;4792734.14;309.61
13146;450841.33;4793003.36;336.01
62300;450798.52;4793205.08;320.73
37725;450215.07;4794029.31;327.62
45920;450748.74;4792851.61;280.17
95074;450506.88;4793438.71;355.58
95075;450744.4;4792725.51;296.39
103267;450555.68;4792808.79;304.93
86885;450237.89;4793996.03;350.0
4966;450680.43;4792628.52;364.05
103271;451206.78;4793482.94;276.04
62311;449343.48;4793344.06;351.2
54118;450098.04;4794092.11;342.68
4970;450330.5;4793085.8;251.28
54123;450691.13;4792944.92;294.42
95084;450603.27;4792912.77;300.06
54116;450571.3;4793754.81;326.25
78702;450986.89;4793124.68;325.74
21360;450893.89;4793399.04;261.78
103281;449981.32;4793418.15;360.6
21363;450812.44;4792607.72;303.27
45940;450001.33;4793017.05;263.34
62325;450356.76;4793782.33;272.86
103289;450952.51;4793254.28;285.22
78715;450950.67;4792819.45;323.98
21373;450098.21;4792833.91;307.74
45950;450489.71;4793385.44;276.82
86909;449687.9;4793670.94;337.92
37760;450264.36;4793467.48;325.68
86912;449838.02;4793083.41;231.1
95108;450339.54;4794017.31;321.05
45956;450687.6;4792755.75;305.4
86917;450963.8;4792792.27;302.99
21382;450325.6;4793084.85;251.02
45957;450141.58;4792970.93;275.33
29574;450492.93;4793395.66;284.54
70534;450062.58;4793565.33;271.66
13194;450716.92;4792635.77;368.02
95115;450939.65;4793133.65;327.61
103308;450596.77;4793032.68;256.52
70538;450388.57;4793510.62;318.71
54159;450720.57;4792806.12;282.44
78738;450889.94;4793021.56;327.45
62355;449922.73;4793023.84;257.87
29592;450932.21;4793340.39;265.83
103321;450070.59;4792827.09;308.43
37784;450399.59;4793187.08;264.08
70555;450382.81;4793487.02;317.03
95128;450450.04;4793462.09;360.11
95135;450564.77;4792696.5;304.65
37792;450676.68;4793223.44;303.52
21409;450966.62;4792949.75;302.13
95137;450178.12;4792688.86;311.07
5023;451296.43;4793602.49;349.72
37796;450748.13;4793099.15;298.33
21415;450993.88;4792812.11;347.89
86957;450395.01;4792451.9;365.3
62381;450943.07;4792805.51;313.06
37807;450724.48;4792667.18;336.88
103345;450176.4;4793555.51;328.18
46009;450606.77;4792883.41;298.55
37819;449791.88;4793017.58;257.25
70588;449351.53;4793274.95;346.07
62398;450173.48;4792979.47;274.25
21438;450131.63;4794044.57;326.18
62400;450624.93;4792575.67;335.06
5056;450679.99;4793223.8;281.69
46020;450683.61;4792939.73;283.92
21445;450432.07;4793425.52;273.74
5064;450860.61;4793168.85;261.83
5065;450854.12;4793056.05;294.87
54216;450710.82;4792915.65;292.65
95178;450637.9;4792964.23;268.15
21456;449899.11;4793321.09;278.99
29648;449797.68;4793605.62;326.47
78803;450902.39;4793023.82;326.92
70611;450428.63;4793464.43;277.65
86998;450692.44;4792544.74;304.04
37846;450840.94;4792752.66;305.34
37848;451292.05;4793381.4;276.72
37850;450565.96;4792476.93;357.53
70618;449792.45;4793017.76;260.8
70622;450512.74;4793434.97;356.49
103392;450727.73;4793591.9;261.02
54240;451299.66;4793353.15;275.9
29665;449883.69;4793267.27;287.45
21478;450796.07;4792509.52;299.26
95207;450752.48;4792828.95;285.74
95212;450678.66;4792730.13;325.65
46060;449670.95;4793400.63;310.1
29680;450294.46;4794011.44;309.53
62453;450355.17;4792897.31;300.33
70649;450425.39;4793296.02;262.85
5116;450632.65;4792968.65;263.25
13308;449685.98;4793430.99;306.09
78848;450793.03;4793206.77;260.92
70659;450592.08;4793024.8;258.23
62469;450284.5;4794033.73;320.44
37895;450906.77;4793030.96;327.01
21516;450754.25;4792821.6;287.86
29712;450594.95;4792727.72;304.58
95248;450005.72;4793381.66;371.55
21522;449869.3;4793180.12;272.22
70676;450667.07;4792518.46;362.59
13332;449802.82;4793076.85;240.29
46102;449880.29;4793210.99;270.45
29719;450960.05;4793183.84;265.22
13338;449775.23;4793632.98;334.67
78877;450372.27;4792751.26;307.81
54302;451194.29;4793501.06;276.51
70687;450684.22;4792699.47;311.31
103456;450643.47;4793062.33;256.81
103455;450335.66;4793926.57;304.38
46110;449513.05;4793350.18;336.49
5156;450376.54;4793141.29;255.86
87078;450764.84;4793206.28;299.81
29737;450799.71;4793149.45;334.47
87083;450903.71;4793007.54;300.39
29740;450073.85;4792444.52;393.42
70701;450609.56;4793037.57;256.28
87092;450970.64;4792978.69;291.31
62516;450843.03;4793005.56;333.46
103478;450733.96;4792816.57;282.22
70711;450224.88;4792711.47;305.31
21558;450530.38;4792921.93;294.87
5175;450907.05;4793178.69;263.14
13370;450753.62;4792801.87;303.02
87097;450392.43;4793050.48;264.79
29754;450345.47;4793888.95;293.37
21566;450630.36;4793708.17;317.86
21570;450587.39;4793741.62;317.88
78918;451296.74;4793609.15;357.07
37960;450921.65;4793180.23;263.45
46156;450767.67;4793163.57;259.07
92214;449832.73;4793162.65;269.72
62546;450777.96;4792846.37;285.16
54355;450628.8;4792549.03;303.36
5203;450899.32;4793390.64;261.61
78933;450970.72;4793144.59;326.83
5206;450636.87;4792579.24;331.86
78934;450936.02;4792846.39;298.48
70744;450716.66;4792632.63;368.69
29779;450314.65;4793120.13;261.95
5210;450682.5;4792941.43;307.18
21591;450074.0;4793432.73;269.82
37980;450167.53;4792845.45;307.18
103510;450476.36;4793390.3;269.91
78937;449969.74;4793384.9;294.82
10804;449686.62;4793438.56;305.42
29793;450003.48;4793446.26;362.43
5221;450628.52;4792867.91;307.71
87143;450964.42;4793183.37;264.16
62568;449891.3;4793001.66;270.2
87145;450637.4;4792552.47;302.12
29807;450966.89;4792956.28;291.23
13424;450824.74;4792753.86;303.24
70769;450123.59;4792458.48;372.12
29809;450323.59;4793681.49;270.49
70771;450757.05;4792830.7;285.57
29813;450776.0;4792687.3;305.04
87158;450349.83;4793812.13;280.4
95349;450316.93;4793986.89;308.45
29817;450890.04;4793004.25;315.25
103546;450704.31;4793108.17;257.88
78971;450127.75;4792841.48;306.23
62589;449919.15;4793408.95;295.41
70782;450916.55;4793117.17;327.13
78980;450727.56;4792742.19;308.18
103557;450443.19;4792849.67;261.88
5254;450785.0;4793169.26;304.19
21637;450335.66;4793926.57;308.58
78984;450681.02;4793066.36;301.77
54406;450512.81;4793738.72;327.85
21644;450844.24;4792626.32;294.29
13456;450887.34;4793047.72;328.71
95376;450703.41;4792904.1;301.45
103568;450403.22;4793288.97;263.51
103572;450823.9;4793033.61;292.17
78999;450622.96;4792574.47;328.69
29847;451097.43;4793415.4;266.23
21655;450335.69;4794043.76;329.36
5273;450344.66;4794045.51;331.01
46235;449909.6;4793377.99;283.01
13469;450521.97;4792812.75;304.06
95390;451167.59;4793529.94;278.81
54434;450312.57;4794015.15;312.21
87203;450352.15;4793925.16;328.23
62629;450170.7;4793551.37;327.58
70822;450394.07;4792900.82;299.39
13479;450334.22;4793494.76;266.47
29865;450467.25;4792476.59;307.64
46250;450418.28;4793301.07;261.99
95403;450353.32;4793841.19;299.8
95404;449774.05;4793561.34;395.76
13485;450679.97;4792743.06;321.13
21677;450849.63;4792821.45;289.58
87215;450827.95;4792589.1;297.15
5295;450056.61;4792637.38;316.15
13490;450705.77;4792968.69;293.05
29874;450402.94;4793061.43;262.06
5302;450752.19;4792826.93;286.25
70839;450351.61;4792896.7;279.71
87223;450272.45;4793609.21;334.56
87226;450798.24;4792584.55;304.05
5307;450379.89;4793069.73;253.62
54461;450181.29;4792687.27;298.4
5311;450342.64;4793716.63;277.3
79040;450994.87;4792814.49;351.58
46274;449947.81;4793013.42;248.42
95431;449834.52;4793034.54;271.01
21705;450627.04;4792702.44;306.56
54475;449998.62;4793345.13;299.14
38093;450663.43;4792556.16;301.46
87245;450654.76;4793056.76;304.81
103632;450037.9;4792410.81;406.86
38096;450668.45;4793216.75;300.82
13522;450682.3;4792615.86;304.54
62676;450005.77;4793375.69;371.63
103638;450781.87;4793118.27;303.78
54486;450654.19;4793197.94;297.44
5335;451281.68;4793400.49;274.36
13529;450014.42;4793462.24;366.65
21725;450954.56;4792828.97;322.53
13534;450907.33;4793340.65;264.69
46303;450719.63;4792654.13;370.0
29917;449887.15;4793049.93;264.28
70881;450360.17;4792887.41;280.59
103650;450491.46;4792499.34;370.33
70882;450937.47;4793160.51;263.74
62689;449957.13;4793404.07;276.01
54501;450516.54;4793188.36;300.28
54493;450320.41;4794017.71;314.68
29927;450252.8;4793066.57;252.07
79080;450637.22;4792560.19;336.87
103657;450381.41;4792465.52;397.89
70889;450982.77;4793259.97;295.08
54504;449945.49;4793226.83;278.49
21740;450462.64;4792488.98;307.16
95469;450664.96;4792574.11;320.71
54502;450235.13;4793995.57;329.51
5359;450739.79;4792633.04;291.44
29935;450612.92;4792883.52;301.91
38127;450676.95;4793224.39;303.38
87281;449898.92;4793308.42;273.29
38131;450701.43;4793639.08;264.22
95481;450815.16;4793064.88;298.67
79101;450686.78;4792636.45;303.01
103677;450773.39;4793171.93;293.56
70911;450789.31;4793112.13;333.29
5373;450156.9;4792658.11;313.58
21761;450215.62;4792703.25;313.19
87297;450790.32;4793008.14;293.16
29955;450736.57;4792402.86;302.48
79103;450439.88;4793315.5;263.14
46337;449770.94;4793569.97;394.0
46346;450105.96;4793582.29;330.78
13579;450832.17;4792758.77;300.43
38155;450753.82;4792853.06;280.54
54540;450832.33;4793066.09;330.66
103695;450869.85;4793173.82;261.95
46354;450482.31;4792535.76;303.61
103699;450848.86;4792758.07;303.13
62741;450744.71;4792716.96;296.1
21784;450653.14;4792559.66;301.19
46360;450407.77;4793513.75;328.88
79130;450422.11;4793509.59;344.72
95520;450340.8;4793139.5;255.31
13600;449686.43;4793673.38;339.93
103714;450439.77;4792800.89;307.06
46371;450712.43;4792899.86;303.63
5412;450879.07;4792811.71;295.67
54563;450154.89;4792971.4;276.35
103718;450915.25;4792807.3;293.79
38182;451263.69;4793669.8;387.32
103717;450298.02;4793555.47;331.87
38185;450159.54;4793040.51;251.46
62761;449912.01;4793418.88;289.53
87331;450712.19;4793698.41;314.92
79150;450907.94;4792809.99;295.49
70958;451001.99;4793123.05;289.12
30002;449845.55;4793457.33;277.52
38196;450682.21;4792563.76;307.88
95541;450334.21;4793007.57;271.06
30005;450475.85;4793382.31;266.49
103733;449521.7;4793386.69;324.05
79161;449913.11;4793382.94;282.56
38203;450406.49;4793514.09;324.78
38207;449972.57;4793415.85;360.16
62784;450348.35;4792901.08;279.61
5441;450736.25;4793023.7;294.43
5442;450352.29;4793797.54;295.28
38211;450724.69;4792652.62;289.63
79172;450546.93;4792768.67;301.69
70980;449790.32;4793055.62;247.86
62791;449650.05;4793596.19;336.08
70984;450090.08;4793566.55;273.38
103754;450721.4;4792722.48;290.9
87370;450752.21;4792818.59;288.97
5452;450892.71;4793033.49;327.69
62797;450223.27;4792969.8;277.93
70991;450553.57;4792776.1;302.59
100406;450968.73;4793346.78;265.83
30034;450716.53;4793189.14;298.67
54611;450675.86;4792726.64;305.31
38226;450009.48;4793416.48;371.0
46421;450900.23;4793387.79;261.87
62811;450673.76;4793229.7;305.72
79196;450737.24;4792655.4;305.93
95580;450954.55;4792820.09;329.66
13659;450396.26;4793160.52;268.57
62815;449858.86;4793175.07;269.66
87393;450532.46;4793190.36;297.75
5475;450756.26;4792462.11;309.42
103787;450481.75;4792542.82;304.28
79213;449345.58;4793291.73;346.07
5486;450701.55;4793171.8;282.54
103792;450616.35;4792544.37;308.95
30064;450742.31;4792429.18;305.98
71025;450588.18;4792496.23;354.96
95601;450771.67;4793119.62;335.24
79216;450881.77;4793155.22;310.68
103796;450704.38;4792906.09;300.17
71027;450315.03;4793123.24;257.88
5493;450001.11;4793566.18;332.09
54640;449978.02;4793506.33;338.15
21875;450234.8;4793983.62;321.78
71034;450474.83;4792465.83;358.99
21882;450412.71;4792760.59;306.29
62844;450713.24;4793052.8;312.37
38269;449876.56;4793236.45;287.61
46455;450549.95;4793721.86;321.43
30079;451098.03;4793147.36;315.47
30074;450100.3;4794078.71;329.06
79234;450639.17;4792973.01;272.7
30083;451288.72;4793588.99;338.42
13699;449917.79;4793027.35;257.55
62853;451007.34;4792875.91;328.26
87429;450332.32;4793934.64;323.42
62856;450355.46;4793884.91;323.51
5514;450383.28;4793168.96;261.13
46475;450722.41;4793187.22;299.1
87440;450625.51;4792630.07;302.14
103826;450609.4;4792553.94;328.25
21908;450841.82;4792809.43;294.1
54676;450343.75;4794016.76;321.4
62877;450347.07;4792908.38;278.96
30112;450197.05;4794032.93;328.06
103842;450729.68;4793185.62;306.98
103843;450789.92;4792697.32;304.03
38308;450073.43;4793161.94;270.84
79269;450047.86;4792979.57;275.52
38310;449887.8;4793313.01;269.07
46506;449828.02;4793499.29;317.5
46508;450990.23;4792813.2;331.2
5548;450715.56;4792673.37;354.86
103854;450329.31;4793936.32;325.45
54703;449957.38;4793243.58;280.35
13745;450401.42;4793571.08;335.37
46514;450465.59;4793344.54;263.4
103858;449777.64;4793021.52;251.7
21940;450233.37;4794007.5;325.7
95669;450739.06;4792492.39;300.12
13749;450925.62;4792808.48;295.8
46518;449729.12;4793477.24;300.05
87480;450393.75;4792470.65;396.62
54715;451270.33;4793407.91;273.88
95676;450072.14;4793424.54;269.79
21947;450322.52;4794043.49;324.3
46527;450680.53;4792558.92;303.17
38336;450544.37;4792818.82;304.54
30149;450330.62;4793932.17;323.42
71113;449894.79;4793325.4;283.13
71114;450374.62;4793037.87;265.98
87498;450302.92;4793077.58;251.8
95692;449822.8;4793028.17;272.46
38349;450066.4;4793578.27;271.18
95694;450623.83;4792536.24;329.6
87503;450099.65;4793166.92;268.61
5577;449981.14;4793366.39;297.06
71119;449943.91;4793403.94;359.57
103891;449376.17;4793308.88;345.26
13780;450145.77;4792971.13;275.55
5591;450669.35;4792627.81;306.77
21976;450856.25;4792821.28;290.99
54744;450634.12;4792559.6;371.21
46555;449893.92;4793299.26;272.8
71135;450594.78;4793719.66;318.51
95715;450201.62;4793419.51;324.91
38373;450533.57;4792513.9;326.86
46565;450316.59;4793124.71;256.33
62949;449719.99;4793587.04;330.44
5611;450783.12;4792506.4;304.42
87532;450795.92;4792846.25;285.41
62957;450476.13;4792507.22;303.12
103915;450658.27;4792907.34;295.5
79339;450602.43;4792917.07;298.11
95728;450732.9;4792684.99;335.49
38380;450026.01;4792986.28;274.74
62962;449856.04;4793166.11;269.61
54768;449356.56;4793273.94;350.22
46580;449783.25;4793605.9;332.35
62965;449625.07;4793478.22;311.84
71158;450316.74;4792941.39;278.7
30200;450856.01;4793067.22;329.67
62972;450486.53;4792876.02;261.88
95742;450719.81;4793180.85;318.59
38399;451006.89;4792876.26;327.77
87555;450328.98;4793001.87;270.65
103940;450784.11;4793049.01;311.02
30212;449769.49;4793024.87;264.24
103942;450736.76;4792605.24;321.77
22021;449756.61;4793598.9;327.75
71177;450279.04;4792965.08;279.37
62987;451277.4;4793402.43;273.78
54796;450472.16;4792507.69;304.51
22028;450690.18;4793187.12;264.27
38412;450007.33;4793025.06;261.42
13839;450720.6;4792713.19;289.92
62993;450706.14;4792702.53;305.44
22034;451259.21;4793412.72;273.88
79380;450772.05;4792606.59;304.17
79382;450772.68;4792501.05;304.18
38424;450449.6;4793539.0;337.42
54811;450810.54;4793050.82;296.93
87581;450657.15;4792523.42;370.36
79390;450746.88;4792648.72;290.51
71201;450895.03;4792801.95;295.56
95778;450418.52;4792795.78;312.58
30243;450594.17;4793734.63;318.94
30241;449971.07;4793281.0;283.11
79396;450770.05;4793205.03;316.92
103972;450072.13;4793360.53;268.58
95782;449992.76;4793515.59;338.15
5671;450611.09;4792930.64;297.34
71207;450955.88;4793122.81;328.18
5672;450356.3;4793784.23;273.28
5674;450509.47;4793025.22;255.03
46635;450488.71;4793378.06;282.07
5676;450784.44;4793130.77;301.9
63019;450359.1;4793807.54;278.58
22057;449764.76;4793004.81;251.7
87592;449665.66;4793641.57;336.34
38448;450872.14;4793313.37;264.35
103984;450335.66;4793926.57;308.48
38450;450883.48;4793052.94;328.71
54835;450442.32;4793321.65;263.98
13877;449813.12;4793148.53;270.08
5687;450810.81;4792555.43;298.33
95800;450639.24;4792552.78;301.98
30268;450780.13;4792641.81;305.5
71231;450644.88;4792930.47;305.18
63046;450345.75;4793893.92;293.89
63049;450649.03;4792632.54;301.18
104011;450756.28;4793097.89;301.51
13903;450098.55;4794085.99;332.39
30290;450862.34;4792819.83;291.45
87635;450799.0;4793196.94;260.19
104020;450939.51;4793169.1;276.67
22104;450207.93;4792688.7;294.43
104024;450640.61;4793192.26;294.4
79449;450071.69;4793567.19;271.33
22108;450167.94;4793403.47;325.81
38493;450383.14;4793042.56;265.59
46687;450015.72;4792401.41;412.45
22112;450679.26;4792622.81;302.4
46689;450962.6;4793244.55;294.77
79461;451009.73;4793137.56;341.75
104039;450565.82;4792789.38;306.13
22119;449928.84;4793022.73;256.78
22121;450624.93;4792575.67;334.26
30314;449971.45;4793286.79;288.61
30315;450461.16;4793546.93;350.99
13932;450753.62;4792801.87;307.12
22125;450654.45;4792910.22;294.15
38510;450152.72;4792663.78;312.89
63089;450617.68;4792571.23;368.43
63090;450817.74;4793082.32;331.18
95859;450956.96;4792880.14;296.6
79473;449882.91;4793225.33;271.55
63093;450755.37;4792810.87;288.93
13938;449660.48;4793562.53;336.14
54903;450903.6;4793007.22;282.43
104056;450297.33;4793542.67;269.48
5754;450909.74;4792809.15;295.24
87674;450125.66;4793531.7;270.24
71291;449911.98;4793418.89;286.31
87675;450295.94;4794011.86;311.26
95870;450661.2;4792589.89;332.91
13953;450330.8;4792921.93;279.84
46722;451172.46;4793520.0;279.26
63109;450381.5;4793509.71;315.77
79493;449890.33;4793290.41;284.95
13959;450841.33;4792758.02;303.48
54920;449884.92;4793273.96;272.19
71305;450662.65;4792563.8;303.21
54922;450382.16;4793506.46;319.93
22155;450663.13;4792937.93;265.39
5773;450716.68;4792802.34;282.33
95889;450838.0;4792758.7;300.3
38550;450130.23;4793572.57;330.3
22168;450261.6;4793590.65;334.56
54937;450814.02;4792573.57;297.79
95898;450833.08;4792601.25;294.94
54939;450676.07;4792592.46;304.8
79517;450682.09;4792732.62;304.89
87710;450345.65;4793916.95;302.42
79519;450834.8;4793160.34;291.66
46752;450720.16;4792494.93;302.41
46751;450339.99;4793702.25;271.06
38562;450354.77;4793780.85;272.56
30371;450332.92;4793870.51;289.12
71332;450839.65;4793139.18;309.26
54950;450050.75;4793466.47;341.93
87720;450663.62;4792903.13;294.8
13995;449611.5;4793354.55;312.26
30381;450234.94;4793998.3;328.6
5806;451118.79;4793561.89;280.87
30386;450597.74;4792951.61;258.72
46770;450340.13;4793534.42;272.18
5811;449413.33;4793401.58;339.33
79541;450668.36;4792729.99;334.43
95929;449674.37;4793650.54;336.88
5818;450903.16;4793337.9;264.52
38590;450994.07;4792812.2;324.7
95935;451191.73;4793505.87;277.17
104126;450298.59;4793554.1;269.48
87745;450701.08;4792969.11;295.34
63173;450482.4;4792906.49;296.24
22214;450524.11;4792920.25;294.53
63175;450846.7;4792800.72;297.18
46792;450137.26;4792842.32;305.23
79561;449878.49;4793388.51;276.78
38600;449951.58;4793402.4;360.39
63181;450315.58;4792746.31;314.0
71373;449999.32;4793437.01;361.4
5839;450646.78;4792939.34;293.37
22226;450755.57;4792662.92;306.95
46803;450443.75;4793320.54;263.95
38615;450565.45;4792772.87;306.15
79578;450684.2;4792868.23;278.34
55004;450530.1;4792522.05;370.47
79583;450619.88;4792923.18;304.92
5856;450909.69;4793067.92;326.51
22241;450475.47;4792467.3;307.66
30433;450665.05;4792580.98;368.37
71396;450688.15;4792611.35;303.28
14053;450703.8;4793721.86;314.92
71398;450692.64;4792907.22;303.98
14055;449736.65;4793484.07;299.36
95975;450341.76;4793871.86;290.06
55017;450675.08;4792709.61;306.79
5865;450647.93;4792606.94;334.84
46828;450691.01;4792893.34;277.46
38639;450630.77;4792549.36;301.71
87793;450640.72;4792568.31;331.44
87794;450953.31;4793120.44;296.27
71410;450719.44;4793040.52;309.46
14067;450649.22;4792959.73;292.69
22258;450818.04;4793154.02;261.12
87798;450632.65;4792968.65;265.14
14069;449953.23;4793400.67;299.68
22264;450316.99;4793947.75;327.39
79611;450336.13;4793516.59;293.55
38653;450301.76;4792994.22;272.34
63230;450744.86;4792719.88;293.07
79614;450695.4;4792717.3;302.61
46845;449876.79;4793199.42;270.32
30465;451199.05;4793411.16;271.81
104194;450565.66;4793198.64;297.53
5886;450220.71;4793481.14;326.63
96004;450697.26;4792972.88;292.47
5893;450269.29;4792982.83;275.29
87805;449797.47;4793605.25;331.59
22282;450673.79;4792564.09;303.17
63243;450693.63;4792944.2;280.06
55054;450425.56;4793299.63;262.08
87824;450468.43;4792803.4;306.44
55057;450821.65;4793028.4;296.55
5907;450305.66;4792741.77;314.32
22291;450548.44;4792892.58;260.22
5911;450828.64;4792592.21;295.21
63257;450726.64;4793046.34;311.59
14105;450683.26;4792940.71;292.06
30491;450807.59;4792572.61;303.72
104218;450356.63;4792886.8;280.84
79644;449852.33;4793201.62;269.6
55066;450484.66;4793371.19;280.5
38686;449647.64;4793613.73;337.32
46880;450850.34;4792616.64;294.99
79652;450494.38;4792771.96;305.18
5926;450837.32;4792603.82;294.84
104230;450725.49;4793185.36;299.23
46886;449737.41;4793660.5;335.32
46890;450664.39;4792906.61;295.63
55089;450868.92;4792972.29;327.97
46898;449693.67;4793705.45;340.53
79673;450332.52;4793084.38;255.82
46906;450723.1;4792668.35;291.55
104251;450962.03;4792833.3;310.18
104252;450792.25;4792651.32;306.33
63290;450720.66;4792918.28;293.27
14146;450712.7;4792924.85;292.05
87874;450630.85;4793053.51;256.7
5957;450288.19;4794012.83;308.6
104262;450864.37;4792971.42;329.21
104263;450483.13;4792494.85;369.14
79688;450989.61;4793360.54;265.83
14151;451215.59;4793480.51;274.95
5966;450698.96;4792762.95;305.57
71502;450503.97;4793384.73;272.17
14158;450436.12;4793476.48;358.64
55121;450861.77;4793070.22;329.56
14162;450788.47;4793404.16;259.92
96082;451300.31;4793348.4;276.31
87894;450384.83;4793197.72;266.99
38743;450490.85;4792529.31;303.61
71511;450427.08;4793428.08;264.76
14170;449956.29;4793400.65;360.82
38749;450738.45;4792724.9;291.19
63325;450949.17;4792816.32;310.86
96096;451259.55;4793414.09;273.85
87905;451205.93;4793485.97;276.18
38754;450395.09;4792897.47;299.39
14181;451005.09;4792871.63;328.92
46950;450723.2;4792676.04;291.47
104295;449955.83;4793397.51;358.64
87912;450768.17;4793201.97;317.11
87913;450081.7;4792657.57;313.01
79722;450178.84;4792975.15;274.96
38760;450014.86;4793437.52;372.86
5992;450342.93;4794045.27;326.44
22381;450647.18;4792716.67;306.33
22382;450431.99;4793444.19;276.36
55153;450834.59;4792586.72;297.37
87923;450740.36;4792623.93;320.5
71541;450442.25;4793455.21;279.95
63353;450898.92;4793178.88;263.14
87930;450789.39;4792847.01;285.81
104315;450704.1;4792730.53;304.84
46972;450233.84;4792983.9;274.42
46969;449799.19;4793611.28;325.56
38782;450678.12;4792697.43;314.78
87935;450339.99;4793702.25;276.26
87936;451286.72;4793385.92;275.38
30591;449978.68;4793379.49;296.98
46980;449804.46;4793028.86;269.53
30597;450677.01;4792714.59;306.18
38790;450657.13;4792893.48;290.21
71565;450510.87;4793027.65;256.11
79758;450545.64;4792727.58;302.32
30607;450627.51;4792975.04;258.16
6029;450695.84;4793052.51;295.86
46991;450160.34;4794031.77;325.72
71572;450862.27;4793168.25;325.43
87957;450765.97;4793210.19;300.24
71574;450432.2;4792463.41;362.88
6039;450671.07;4792587.09;304.79
46999;449866.26;4793180.1;270.46
30617;450933.7;4792774.69;301.78
71577;450391.29;4793813.71;324.92
55192;450357.62;4793811.09;296.3
6046;450697.67;4792710.68;302.61
104352;451162.47;4793413.96;272.69
14240;450362.32;4792886.29;280.59
71586;450529.88;4792815.7;304.48
55206;450046.87;4793570.71;270.43
30631;450349.67;4792755.68;311.59
55208;450601.25;4792562.41;370.6
22441;450603.57;4792619.38;303.68
6057;450940.7;4792825.52;312.68
96167;450398.16;4792859.75;269.39
79789;450776.02;4793115.62;332.47
71598;450515.02;4793025.01;255.63
14258;450359.11;4793112.16;260.46
63412;450473.55;4793369.24;277.56
30651;450794.91;4793040.0;306.84
14272;450111.31;4792656.07;311.39
96193;451301.73;4793359.74;276.71
22466;450707.23;4792663.52;303.29
14275;450636.03;4792700.38;305.72
79811;450688.06;4793186.14;264.29
104391;450478.63;4793378.88;279.68
47047;449583.25;4793450.82;333.28
79817;450746.44;4792826.92;281.72
22474;450808.09;4792568.47;300.09
55246;449994.53;4793498.71;337.87
96208;450620.23;4792573.83;335.77
30673;450302.11;4794040.45;321.01
38866;450737.13;4792810.6;331.11
38867;450646.31;4792530.79;330.24
63444;449606.0;4793471.3;332.58
30679;450725.15;4792725.36;289.25
22487;450756.39;4793047.38;309.39
6105;449873.86;4793051.01;264.22
55255;449814.53;4793031.82;270.7
38877;450850.54;4792803.12;294.61
88032;450646.08;4792922.45;298.46
88033;450657.0;4793191.61;296.46
79843;450640.83;4792565.7;331.85
79844;451228.67;4793418.85;271.81
71653;450061.22;4793574.7;270.8
71656;450678.34;4792578.77;306.58
79848;449401.17;4793281.94;352.5
55274;450943.85;4792814.5;330.83
96236;450749.37;4792778.23;308.38
30707;450368.06;4792898.32;299.78
104439;450330.57;4793469.15;266.13
71676;450803.7;4792498.09;299.51
47102;450338.93;4793095.87;254.06
71678;450352.15;4794042.52;338.55
55300;450752.55;4792651.5;305.41
38916;450737.39;4792479.62;303.46
14341;450501.09;4792557.34;304.53
30726;450843.07;4793280.11;263.82
14344;450801.96;4793113.69;331.64
104455;450292.71;4794008.97;308.63
6154;450598.69;4792723.91;304.63
14347;450724.03;4792656.05;294.67
38922;450610.65;4793193.34;295.45
6160;450792.82;4793152.92;339.51
79890;450716.16;4792612.26;369.25
6169;450676.56;4792706.05;304.31
104475;450815.41;4793229.18;260.05
38940;450736.15;4792416.32;306.1
6171;450083.97;4793564.25;271.55
22558;450207.23;4792693.54;289.71
88096;449661.84;4793634.02;336.74
6179;450504.08;4792810.56;304.09
96293;450700.77;4792932.01;294.09
47144;450479.79;4792464.6;307.84
55337;450470.76;4793364.01;263.37
14378;450678.36;4792952.98;306.21
63532;450679.69;4792722.8;306.35
96300;450652.2;4792620.2;303.7
38957;450428.36;4793455.47;265.11
63541;450427.97;4792905.36;298.43
38965;449922.73;4793023.84;247.37
47162;450642.44;4792563.78;365.7
96314;450659.85;4792904.12;289.22
30778;450705.41;4792901.8;301.57
55357;449909.26;4793430.79;278.91
38975;450828.32;4792757.46;302.96
55361;450294.12;4792969.63;279.04
47174;450101.44;4792834.65;307.42
96330;450864.62;4792962.81;323.39
47180;450310.86;4792950.41;276.4
6223;450947.06;4792819.48;310.99
30799;450904.57;4793011.44;300.39
30803;450748.88;4792828.35;285.67
88149;450538.58;4792519.78;327.39
30806;450191.87;4793399.79;324.91
47195;450085.96;4793357.4;269.09
104541;450768.9;4793176.51;290.29
22623;450655.68;4792897.05;295.73
47200;450703.46;4793175.85;281.76
96354;450620.69;4792978.91;258.3
88165;449824.78;4793155.72;269.6
39017;450232.15;4793989.46;345.28
96363;450333.54;4793518.15;291.2
30828;450690.65;4793059.39;296.07
104557;450797.61;4792522.34;298.45
96364;450971.57;4793184.9;264.83
30835;450756.55;4792432.16;305.4
71798;450336.98;4792920.99;279.35
39031;450703.83;4792706.66;305.52
88184;449656.17;4793595.77;336.37
47227;450801.41;4792666.62;307.36
6270;449814.11;4793599.28;325.9
104575;450414.31;4793060.44;256.7
96384;450719.61;4792910.88;299.87
63618;450893.9;4793039.43;309.96
39043;450745.79;4792829.38;281.38
30853;450010.25;4793468.37;272.13
88198;450668.69;4792571.57;308.93
71818;450687.5;4792750.8;304.7
22667;451215.16;4793563.79;295.61
30860;450645.49;4792600.27;368.49
30863;450353.66;4793101.61;262.77
39060;450939.83;4792844.05;306.84
30869;450718.29;4792651.16;367.92
71833;450130.66;4792671.11;311.14
47260;450015.97;4792996.69;271.36
39071;450490.37;4793392.1;270.01
6308;450693.78;4793188.06;274.89
104613;450729.36;4792470.24;304.21
80040;450928.66;4792855.22;293.04
80044;450418.75;4792754.06;306.44
47276;450021.4;4793154.39;270.76
104621;450400.28;4793836.08;314.5
47281;450756.55;4792432.16;306.4
104625;450461.43;4792763.72;306.02
47282;450495.65;4792490.73;372.27
39089;450466.72;4792860.47;261.88
39093;449790.2;4793029.75;271.74
22714;450651.73;4793705.8;317.86
22715;450372.61;4793500.7;321.47
14524;450921.4;4792830.16;305.73
14525;450622.82;4792531.33;335.17
55485;449985.82;4793352.42;297.89
88251;449760.7;4793004.48;252.04
55488;451214.29;4793420.34;271.81
71867;449696.36;4793681.81;337.78
6338;450828.89;4792665.6;294.02
88259;450724.97;4792642.63;294.33
71875;450701.87;4792603.3;369.79
20799;449769.73;4793571.67;334.7
104646;450345.36;4793099.28;252.77
30911;449690.09;4793673.01;372.96
63688;450509.5;4792504.64;372.26
30921;450968.19;4792809.71;312.9
22732;450323.28;4793462.76;322.93
30926;450348.6;4793818.67;282.56
80083;450769.12;4793197.43;298.9
80084;450635.14;4792501.3;358.74
14549;450963.19;4792987.66;297.75
47317;450603.72;4792909.93;300.64
63703;449838.61;4793585.58;328.75
47320;449669.64;4793559.93;332.04
6355;450657.83;4792944.39;262.99
96472;451172.57;4793414.53;272.62
96473;450862.48;4793172.17;322.96
96474;450779.17;4793165.27;309.24
14551;450150.5;4793166.31;269.04
71900;450955.96;4792872.79;296.94
63709;450153.54;4792677.78;315.34
55515;450095.03;4792973.25;275.84
39135;450603.77;4792889.68;296.85
47328;450368.84;4792756.31;309.07
55521;450692.82;4792772.32;317.87
39134;449804.97;4793602.64;330.38
88291;450663.28;4792968.9;292.34
96485;449872.39;4793183.04;270.24
104679;450805.14;4792588.47;303.83
47336;450224.51;4793997.32;322.36
71920;450765.97;4793054.58;310.02
88304;450703.15;4793177.04;278.64
96498;450802.0;4793148.5;334.77
63728;449770.67;4793026.3;261.37
30964;450625.18;4792543.69;330.55
88308;449515.3;4793406.25;333.05
104696;450245.93;4792723.43;289.34
80121;450992.6;4793122.85;325.53
30971;450796.58;4792600.54;304.77
80124;450139.92;4793554.5;329.14
22787;450030.65;4793498.15;270.94
6403;450350.86;4793545.7;332.97
88323;450281.53;4794029.05;317.22
80135;450351.55;4793021.2;269.85
14599;450384.75;4793150.29;265.82
71945;450499.32;4792517.7;303.13
30986;450905.92;4792808.08;295.78
63751;450277.21;4793434.1;323.81
6412;450442.06;4793322.96;264.1
104713;450506.06;4793384.48;272.24
47377;450751.08;4792633.13;308.85
14609;450812.24;4792841.18;287.1
71955;450636.02;4792633.57;301.56
63768;450564.37;4792775.36;305.57
39193;450427.75;4792842.81;263.36
104730;449919.12;4793427.64;278.6
31003;450617.47;4793717.64;317.86
104736;450647.68;4792567.23;307.39
55584;450924.46;4793120.08;326.87
47398;450746.36;4792475.13;305.66
63783;450674.1;4792708.04;306.85
80169;450638.2;4792934.93;296.19
80170;451183.95;4793521.77;280.78
63789;450967.29;4792958.0;290.86
104750;450631.96;4792584.27;367.62
6446;449869.59;4793220.39;287.61
104752;450854.82;4793151.88;308.57
22835;451261.43;4793416.6;274.97
63797;449882.96;4793181.32;269.96
104758;450798.34;4792584.02;303.61
39223;450742.72;4792366.94;307.11
80183;450841.31;4792826.07;289.58
55607;450241.3;4792403.67;385.59
104762;449876.04;4793215.69;273.86
88379;450833.56;4792831.12;290.31
71996;450700.69;4792700.07;304.91
47423;450995.44;4792814.03;300.14
22848;449833.93;4793036.61;246.15
14659;450509.97;4792508.49;371.89
6468;450500.64;4792455.73;354.04
80198;450788.25;4792661.91;292.0
22854;450180.38;4793410.0;325.95
39240;450487.3;4792768.66;305.15
88392;449484.5;4793386.55;334.88
55627;449786.25;4793608.97;332.21
104780;449949.26;4793399.92;277.32
22865;450006.88;4793368.67;371.5
63831;450756.52;4792994.5;293.51
22873;450382.19;4793045.21;264.7
31066;450668.16;4792608.26;304.56
55641;449792.8;4793601.68;332.09
96604;450281.72;4793553.32;331.45
63840;450398.04;4793512.92;319.13
14688;449653.0;4793626.57;336.62
47458;450662.72;4792892.93;277.5
80224;450584.63;4793746.15;318.08
6500;450723.49;4792615.71;369.28
14693;450450.17;4792471.59;362.24
31078;450732.06;4792424.04;306.84
14692;449770.19;4793500.31;295.17
22888;450696.24;4793041.17;258.93
6505;451164.81;4793533.09;279.6
6507;450670.44;4793189.09;294.92
47467;450803.01;4793150.52;334.37
6512;450709.05;4792900.34;302.94
80240;450253.68;4793062.63;252.57
39282;450737.86;4792617.44;317.3
88434;451099.53;4793101.75;298.96
96630;449997.12;4793017.55;264.02
31095;449916.82;4793148.28;269.36
39288;450715.17;4792737.94;307.95
96633;450898.46;4793006.38;290.29
104825;450171.22;4793545.37;327.56
96632;450340.04;4794042.41;328.6
88444;450204.35;4794026.32;323.59
22912;450141.11;4793047.17;248.7
63879;449798.43;4793019.68;258.81
31114;450336.38;4793092.73;256.03
63885;450819.21;4792619.34;302.13
104851;450479.5;4792464.86;323.14
39317;450704.84;4793060.88;271.36
63897;450858.97;4793168.6;261.51
31130;450681.42;4792749.91;321.13
80286;450381.68;4793579.59;334.99
22945;450546.2;4792475.58;354.74
31141;449382.59;4793360.87;341.77
88486;450321.66;4793965.71;308.17
88488;449648.35;4793603.33;336.49
31145;450979.32;4793090.11;285.69
96682;450073.2;4792441.47;393.73
14764;450132.4;4792665.14;309.24
6573;450585.91;4792710.1;304.84
80302;450802.43;4792552.36;297.77
39341;450107.86;4792646.45;310.13
55728;450351.31;4793584.03;334.99
72113;450760.99;4792437.08;307.93
14769;451186.64;4793507.58;278.89
55729;449889.96;4793286.98;272.52
47540;450802.3;4792519.77;300.69
31157;450788.33;4792578.04;307.53
6582;450638.52;4792927.2;305.13
80313;450848.45;4793020.72;332.32
22969;450384.65;4793190.42;263.25
63929;450295.43;4793633.24;269.65
88509;450963.54;4792820.79;330.13
104894;450739.55;4792647.1;290.28
72125;450909.52;4793034.58;322.83
6592;450708.61;4792794.91;282.67
72129;450544.81;4793192.3;297.53
72131;450877.92;4793029.6;329.42
80324;450810.45;4792832.18;287.76
14789;450964.08;4792941.95;301.99
63941;450369.2;4793033.2;266.98
96708;450358.68;4793864.13;321.18
72140;450782.35;4793409.28;259.67
55758;450583.09;4792549.96;370.08
39377;451208.23;4793416.53;269.01
96722;450665.06;4793064.39;303.89
104919;450691.2;4792724.57;305.04
55768;450653.62;4792572.2;328.54
96729;450643.81;4792604.8;334.1
63960;450730.85;4792422.18;305.8
14811;450692.35;4792891.36;277.71
55772;450833.99;4793151.25;300.71
31193;451196.23;4793499.54;276.41
31195;449484.51;4793386.53;327.99
23008;450818.02;4793265.96;264.52
6624;450310.35;4792949.97;276.62
47584;449676.44;4793437.35;306.41
104931;450851.57;4792759.19;302.51
23012;450550.17;4792779.59;303.72
104933;450809.51;4793213.42;321.61
96742;450819.07;4793210.93;322.3
39399;450785.11;4792698.97;304.62
39402;450357.94;4793487.4;321.51
104939;450609.37;4792890.67;296.65
80363;449889.01;4793264.23;272.93
88557;450441.14;4793052.02;252.96
72173;449914.56;4793025.28;260.77
104941;450606.29;4793700.0;319.21
55792;450727.19;4793185.33;299.17
31217;450683.08;4792552.16;303.53
80370;450620.21;4792930.89;297.2
39408;450655.1;4793077.51;256.97
39412;449881.42;4793238.01;272.14
39409;450105.69;4793578.36;329.55
31227;450729.15;4792391.39;303.22
47619;449652.78;4793623.78;336.61
23048;450820.45;4792542.22;300.61
23049;450918.61;4793020.15;301.11
72202;450029.54;4793448.95;373.73
6669;450775.06;4793166.9;296.37
64016;450285.55;4793952.27;320.12
104977;450300.79;4792980.06;275.05
23058;449598.7;4793466.08;314.74
72211;450647.85;4792570.08;307.89
6676;450616.38;4792547.32;311.18
64020;450746.21;4793555.29;258.41
55828;449853.53;4793064.86;238.1
104983;450286.85;4792730.07;310.48
31259;450788.21;4792600.3;305.09
96796;450349.41;4793800.6;284.92
80414;450786.15;4793162.58;332.91
55839;450691.63;4792951.42;301.97
64032;451149.15;4793418.09;272.42
64033;450823.67;4792759.2;305.77
31262;450281.0;4793977.75;328.11
31274;450240.14;4792721.75;309.3
14891;450705.91;4792969.66;290.78
31277;450075.94;4793435.27;269.83
55855;450821.89;4793149.38;261.12
6705;450493.96;4792514.34;305.27
80435;450815.55;4792834.61;286.73
6708;450932.06;4792836.14;298.86
14901;450498.31;4792516.09;306.6
14903;450721.92;4792702.21;289.24
96825;450937.57;4792865.46;291.22
47673;450705.88;4793173.79;283.35
47676;450439.6;4793442.07;278.59
88637;450625.77;4792711.9;301.42
72254;450846.64;4792774.95;299.18
39487;450569.79;4792766.64;305.76
14909;450227.25;4792868.25;304.74
105024;449887.8;4793264.15;272.7
47677;450422.39;4793824.5;315.66
47684;450778.94;4792510.67;306.08
88644;450797.24;4793014.73;292.94
14917;451258.9;4793416.28;274.65
47687;450556.49;4792696.86;298.49
14920;450709.92;4792733.73;285.07
39498;450729.8;4792433.73;303.43
105035;450734.9;4792613.02;320.5
80459;450164.74;4792449.36;358.9
72266;450765.43;4793472.14;262.07
23119;449956.65;4793400.43;341.51
64080;450816.18;4792606.62;301.45
64082;450679.7;4792735.07;321.27
39509;450832.29;4792638.98;293.92
80470;450712.2;4792647.4;302.73
23126;450658.63;4792894.29;292.62
31320;450708.27;4792633.68;304.29
64089;450789.91;4792576.26;306.37
64085;450867.86;4793374.94;261.82
64088;449789.76;4793027.48;272.1
72285;450727.34;4792724.47;290.91
55903;449956.05;4793398.59;349.78
55906;450556.09;4792687.5;300.83
31331;450791.38;4792645.89;306.33
88674;450412.5;4792483.0;395.39
55909;450700.97;4792670.83;304.25
80482;450167.77;4792654.51;313.78
14949;450168.23;4793305.39;267.98
64105;450901.77;4793384.14;261.31
72298;450236.49;4794032.34;336.81
80491;450351.43;4793868.91;313.68
96875;450682.19;4793734.7;315.03
105073;450757.85;4793495.86;264.24
88690;450458.55;4793341.65;264.2
80503;450566.82;4792538.95;369.12
14968;450746.05;4792762.51;307.05
105079;450583.67;4793749.59;318.21
55930;450837.16;4792604.08;294.64
31355;450692.38;4792708.94;305.09
6779;450625.74;4792540.66;331.43
88699;450664.5;4793729.58;317.25
14975;450707.79;4792773.53;283.55
105093;450838.35;4793185.83;323.86
39563;450504.88;4792499.51;372.26
23184;450474.97;4793356.27;278.7
31379;450348.93;4792427.82;370.06
55956;450669.22;4793083.08;257.32
88728;450668.67;4792938.9;317.02
80537;450002.99;4793394.53;370.91
105114;450358.43;4792448.43;371.36
80539;450674.57;4792694.72;310.63
6811;450789.33;4792673.58;306.56
47771;450720.87;4792648.96;370.19
72346;450811.83;4793260.0;264.22
39583;450229.36;4793205.84;266.09
80542;449340.14;4793294.32;355.27
80545;449880.55;4793587.22;333.06
72352;450575.53;4793718.39;319.6
96931;450489.78;4792477.5;353.39
39587;450923.22;4793186.38;264.57
6819;450381.98;4793149.18;263.81
15013;450348.84;4793514.06;313.02
72363;450462.03;4792806.63;306.49
39595;450001.22;4793016.06;248.68
72365;450640.88;4792553.4;301.98
23216;450169.31;4793291.98;268.88
105136;450154.2;4793565.47;329.45
55986;449820.28;4793029.37;271.76
47795;449886.35;4793372.75;277.74
31414;450328.55;4794020.28;315.47
23228;449648.44;4793464.31;307.92
96957;450179.19;4792851.14;306.53
31422;450744.03;4793564.92;259.97
88766;449693.2;4793709.5;340.96
39616;450763.43;4793115.74;333.74
56003;450806.06;4792845.6;285.98
23236;450087.6;4792973.74;275.24
31429;450780.92;4792550.64;304.74
105159;451003.03;4793357.5;265.83
96969;450697.26;4792837.01;281.85
23241;450013.09;4793000.96;269.78
31435;450256.78;4793966.57;321.06
6861;450091.45;4793354.93;269.08
31438;450550.01;4792808.22;305.73
39631;450443.78;4793444.42;280.14
96976;450687.95;4792945.54;313.56
72403;450327.89;4792923.07;279.73
72404;450889.04;4793010.77;314.9
105175;450293.63;4793187.23;261.75
39640;450648.14;4792594.05;329.76
72410;450709.38;4792755.66;283.17
105180;450570.91;4793757.15;328.56
105185;450784.74;4793161.75;331.44
64228;450363.65;4792896.72;300.03
39656;449931.62;4793411.57;359.66
6889;450012.48;4793003.13;268.82
80621;450847.08;4792609.04;295.07
72430;450340.13;4793534.42;347.18
39663;449999.38;4793347.07;296.4
64242;450056.21;4793592.51;330.88
39668;450744.46;4792679.69;305.94
23286;450272.81;4792964.15;279.35
105210;450657.62;4792559.44;302.04
6907;450685.72;4792940.01;283.88
88827;450651.46;4792919.19;296.59
6909;450869.27;4793171.08;317.31
88826;450918.26;4793121.12;327.2
105215;450305.94;4793590.8;269.93
15103;450345.32;4793552.14;333.41
47873;450655.44;4792910.75;295.61
105222;449757.59;4793515.16;334.69
72456;450618.84;4793022.89;257.9
6921;450774.71;4792847.26;285.44
39694;450293.66;4792991.23;273.43
6929;450831.77;4792665.26;294.02
56082;450149.69;4792453.59;364.94
97043;450478.94;4792509.8;304.86
39700;450620.44;4792546.09;303.36
64275;450044.28;4792984.2;274.17
39697;450471.35;4793371.93;263.79
97047;450811.06;4793023.92;296.96
80664;450249.13;4793070.77;252.07
64281;450680.63;4792625.66;303.86
6930;449725.13;4793474.67;335.91
39707;450676.34;4792617.97;303.1
15132;450767.99;4792845.91;285.3
15133;450850.72;4792746.98;305.06
39710;450669.01;4793212.55;298.88
39711;450018.05;4792995.16;271.86
64289;450080.42;4792639.19;318.08
47906;450430.39;4793300.46;261.88
6948;450989.62;4793169.33;298.83
88868;449911.59;4793372.36;283.24
64294;450640.0;4792622.06;303.48
97062;450474.48;4793373.98;264.18
105256;450578.87;4792739.56;305.51
47912;450308.93;4792746.17;310.76
64292;449572.76;4793448.32;334.07
64299;449620.36;4793478.03;312.75
80684;449877.76;4793399.48;277.71
97071;450739.43;4792620.29;292.31
47919;450436.53;4793176.46;272.54
97073;451116.74;4793562.72;280.8
47922;450507.39;4792521.53;306.05
39733;449973.38;4793408.08;272.03
72503;450861.91;4792789.97;295.78
88890;450187.82;4792690.08;295.23
23356;450067.22;4793550.6;271.17
105277;450488.67;4792487.32;353.9
64318;450805.56;4793149.67;300.74
23360;449671.19;4793651.26;336.61
105282;450797.36;4793115.14;333.59
15172;450682.43;4792950.15;310.05
80708;450252.0;4793207.67;268.53
88903;450634.67;4792966.44;269.17
80723;450259.81;4793981.09;332.0
15192;450625.7;4792533.88;330.13
7001;450650.07;4792526.05;330.24
15193;450525.97;4792670.5;299.31
39771;450663.75;4793067.08;303.73
56155;449934.1;4793035.08;263.19
23386;449778.87;4793507.2;291.94
56158;450687.46;4792595.11;306.98
31582;450911.99;4793038.32;327.81
56157;450524.01;4793696.04;325.15
56161;450509.77;4793678.66;323.97
39779;450706.63;4792909.07;297.48
97125;449834.19;4793025.1;275.23
80742;450831.33;4792830.06;289.69
88937;450967.77;4792958.07;294.82
80748;450831.78;4793149.67;297.95
97134;450660.17;4793204.58;298.32
80752;450738.97;4792855.19;279.64
105328;450649.77;4792916.12;294.87
72560;450460.2;4793450.66;360.44
72567;451232.39;4793416.02;273.61
88951;450159.04;4793355.55;329.38
80761;451184.21;4793510.03;278.77
56190;450812.98;4792739.58;304.27
88958;450718.86;4792958.34;291.82
47999;450632.85;4792558.82;371.95
80769;450624.64;4792567.09;369.54
72579;450306.46;4793652.04;269.65
88967;450476.84;4792861.7;261.88
7049;450774.78;4793190.8;298.55
72588;449722.62;4793471.31;301.67
64397;450726.86;4792642.54;294.53
88978;450229.46;4793995.25;346.49
72597;450990.28;4792810.61;329.76
15255;450388.15;4793198.93;260.65
39832;450786.29;4792505.08;305.21
56217;450087.44;4792646.11;315.44
72602;450686.59;4792846.11;281.25
23452;450070.81;4792441.61;388.88
56220;450476.55;4793383.89;266.25
88990;450960.47;4792993.01;294.14
56225;450944.05;4793162.99;263.13
39843;450410.38;4793287.64;263.19
72612;450507.67;4792916.67;294.91
15270;450170.76;4792978.06;274.39
15271;450075.88;4792825.47;308.72
56232;450498.36;4793386.69;272.06
31655;450462.77;4793441.66;360.29
89002;450051.18;4792826.56;309.2
89005;450718.64;4792483.95;302.79
7087;450077.15;4792655.39;311.75
64431;450604.51;4793018.53;257.12
72626;450064.19;4792639.02;319.5
15283;450174.79;4792849.0;306.61
48052;450718.97;4792629.15;368.84
72629;450914.66;4793080.58;326.51
64434;449879.73;4793049.84;264.28
89015;450208.18;4792967.66;278.13
64440;450687.47;4792865.76;278.48
31671;449978.34;4793300.36;294.8
39860;450223.67;4794035.78;326.25
31675;450476.23;4793379.38;266.18
97214;450326.2;4793002.18;270.79
23488;450431.89;4793814.23;315.46
48067;450022.37;4793033.78;254.94
48070;450545.87;4792803.11;303.98
39879;450808.28;4792502.32;300.02
80841;451100.71;4793129.36;314.29
97226;450423.23;4793344.07;264.03
23502;450734.05;4792618.28;320.58
105422;450798.06;4793197.62;259.88
48083;450969.05;4792827.15;311.33
23512;450307.73;4793559.81;332.98
97241;450831.02;4792663.47;292.99
56281;450281.43;4792969.25;279.04
48088;450312.11;4793938.25;318.0
31708;450677.08;4792710.41;306.68
15324;450271.18;4792965.31;278.46
48093;449882.96;4793301.57;269.09
23520;450754.0;4792637.4;302.58
72672;449374.53;4793316.91;344.98
23522;449818.63;4793080.67;232.1
94227;450351.77;4793798.79;287.6
80874;450242.23;4793057.46;252.07
7147;450866.28;4793181.6;265.33
80876;450284.74;4792988.72;273.78
105453;450822.68;4793083.6;331.27
89067;450260.73;4792965.91;278.49
80880;450663.39;4792730.59;334.43
105456;450424.99;4793442.47;274.84
72691;449549.38;4793407.82;319.95
89076;450583.01;4792921.98;293.69
80885;450145.94;4793358.97;334.87
31735;450660.06;4793059.22;304.41
15352;450628.16;4792705.11;307.52
39929;449696.35;4793682.12;337.9
72701;450669.92;4792575.55;308.95
97277;449950.5;4793232.72;278.76
56320;450608.11;4792956.21;258.72
7175;450556.3;4792773.13;302.57
105481;450626.06;4792502.24;351.61
80906;450632.36;4792549.35;301.6
7177;449949.87;4793267.03;295.72
23566;450730.02;4793121.82;295.19
15375;450553.13;4792927.17;293.99
48142;450999.59;4793361.13;265.83
15377;450845.47;4793013.78;332.95
80914;450490.37;4793392.1;265.51
48147;450688.99;4792579.95;327.04
23572;449950.11;4793398.1;274.9
39957;450728.4;4792502.18;300.22
97303;450220.04;4792414.22;381.01
31769;450817.05;4792743.53;302.72
89114;450246.16;4793970.28;321.21
97307;450408.9;4793484.68;265.74
7195;449912.13;4793023.27;261.67
31773;449838.86;4793040.71;245.16
15391;450215.51;4792704.95;303.85
64544;450519.15;4792524.94;306.2
31775;450175.95;4792685.41;297.09
105507;450941.58;4792847.47;307.31
15397;449927.49;4793201.33;272.52
80935;450726.73;4792726.41;289.29
72743;449782.61;4793020.76;258.02
72745;450355.43;4793139.46;260.32
31787;450634.67;4792966.44;267.65
64555;450302.94;4793603.85;269.93
80941;450483.1;4792475.64;328.84
80942;450274.08;4793185.94;265.83
15409;450293.71;4794011.16;309.18
15411;450582.36;4792937.79;293.55
48180;450757.27;4792805.67;288.96
23607;450538.84;4792678.01;299.31
80954;450912.51;4793042.89;327.73
31802;449651.51;4793620.91;337.34
72767;450700.83;4792883.04;279.07
72768;450326.39;4793127.43;255.76
80961;450899.37;4793040.46;310.54
23618;450789.8;4792752.28;301.55
48193;449869.26;4793258.34;269.41
40004;450687.75;4792853.41;280.99
97348;450861.77;4793070.22;328.66
7235;449905.08;4793436.2;281.89
15431;450706.66;4792500.62;301.05
23623;450961.11;4792848.41;328.87
97354;450721.23;4792914.1;293.95
64586;450362.38;4793119.0;260.84
31821;450574.38;4793752.25;324.67
72782;450149.01;4793586.59;332.22
40014;449733.79;4793589.54;328.27
7248;450413.63;4793487.87;265.53
80977;450802.41;4792762.17;311.51
105555;451000.59;4793124.03;328.25
23636;450730.12;4792518.83;300.56
56405;450854.47;4793188.36;327.33
7251;450401.76;4793270.09;263.28
31828;450232.47;4792967.95;277.93
72796;450423.38;4793055.92;262.26
23645;450624.53;4792915.2;296.43
80990;449892.84;4793188.15;269.02
80989;449486.46;4793380.86;326.22
40033;450320.52;4793530.86;269.1
23650;450466.79;4793345.99;263.74
80995;450321.7;4793002.67;272.9
64612;450727.42;4792476.09;305.06
80997;450346.92;4793138.68;255.96
15460;449869.92;4793037.32;246.71
56423;450679.01;4793068.52;302.3
97378;450172.39;4793409.5;325.81
97387;450511.33;4792488.03;326.68
81005;450227.48;4793473.09;326.66
56431;450775.21;4793123.13;298.47
48239;450939.51;4793169.1;264.67
105585;450825.81;4792645.84;293.24
23664;451191.8;4793412.7;272.62
48243;450741.81;4792745.2;307.16
81011;451258.02;4793413.25;273.75
40047;451239.47;4793560.6;302.29
31865;449823.23;4793493.82;277.68
64634;450464.35;4792486.43;307.59
89212;450767.17;4793207.73;300.0
105598;450353.23;4793828.91;300.44
64639;450437.21;4793049.09;259.97
81023;450118.7;4793581.96;330.61
72833;450519.21;4793567.29;342.15
81026;450438.89;4793313.63;263.28
15492;451184.21;4793510.01;279.01
72838;450881.78;4793389.65;262.93
7304;450809.85;4792657.14;292.77
23688;450336.83;4793918.87;298.93
105612;450904.69;4793029.97;324.79
97424;450356.28;4794014.15;323.35
40081;450851.42;4792621.64;295.28
72849;450776.95;4793212.83;319.3
81041;450700.23;4792917.71;302.86
40083;450439.85;4793162.43;262.52
64662;450820.22;4792594.21;307.02
56470;450658.0;4793202.56;297.91
15511;450803.93;4793238.27;262.29
64665;450680.67;4792914.83;294.29
23706;449803.8;4793149.73;270.08
56475;450668.3;4792565.9;308.14
105624;449996.04;4793328.58;362.04
23709;449803.02;4793551.69;316.59
56478;450658.25;4793025.84;258.93
40094;449799.71;4793603.56;330.3
23715;450848.39;4792806.78;294.27
89252;449443.14;4793403.9;335.81
64676;450643.81;4792604.8;332.4
40100;450001.18;4793014.95;265.49
40102;449914.77;4793017.1;265.05
7335;450686.74;4792768.77;308.89
89255;449806.93;4793603.44;329.0
48297;450879.51;4793175.93;261.77
89258;450620.89;4792929.56;297.64
23723;450742.76;4792600.8;322.55
105644;449904.81;4793046.7;264.28
23724;449623.77;4793363.8;311.18
72881;449888.82;4793281.28;272.44
81074;450694.47;4792743.35;308.86
72886;450747.88;4792846.05;280.96
15546;450333.37;4793004.27;270.65
105661;450171.49;4793369.85;327.32
31938;449790.43;4793019.04;260.06
72899;450818.88;4792580.22;305.61
105669;449759.33;4793001.46;253.02
31944;451240.56;4793416.42;273.71
72906;449792.01;4793084.04;223.92
72912;450029.78;4793493.21;338.5
72914;450376.11;4792753.69;307.57
48339;450078.2;4793008.79;246.76
56534;450404.84;4793804.35;329.0
97498;450606.77;4792883.41;300.15
97501;450489.13;4792488.91;372.9
31967;450349.72;4793214.59;261.71
97503;449335.67;4793276.38;364.39
15585;450799.45;4792576.96;302.98
56552;450432.6;4793054.46;260.53
23788;450796.6;4793148.72;333.75
15597;449916.09;4793417.04;298.56
89328;450397.57;4792751.04;306.6
7409;450814.9;4793219.26;259.59
89330;450807.3;4792553.81;298.21
48369;450887.08;4793041.52;328.71
64753;450531.94;4793011.76;254.88
40179;449910.13;4793423.01;287.0
15606;450019.33;4793440.92;373.15
56569;449963.6;4793403.7;275.95
48378;450376.23;4793473.49;265.84
40187;450841.8;4792765.39;299.87
56571;450310.15;4793937.95;318.24
48383;449614.0;4793485.29;334.49
40192;450431.95;4793439.39;276.28
72961;450086.43;4793585.98;329.6
81155;450428.92;4793438.54;275.53
72964;450955.31;4792879.03;296.39
40196;451282.75;4793396.57;274.73
56579;450467.9;4793346.72;263.5
105731;450488.74;4793371.07;281.83
7432;450868.09;4792814.39;292.53
56583;450174.66;4793569.72;332.22
56586;450938.97;4792851.9;304.22
32012;450433.19;4793303.72;261.73
81168;450462.42;4793038.31;253.87
105744;449822.94;4793597.85;326.9
89367;450839.06;4793075.17;330.25
7449;450759.12;4792454.86;309.15
72986;450730.75;4792497.67;299.77
64795;450738.08;4792482.76;303.06
72985;450744.08;4793531.86;259.28
15644;450340.98;4793515.61;302.06
56603;450485.05;4793387.09;275.25
32032;450988.58;4793061.8;287.94
105761;449637.17;4793367.5;311.34
97570;450739.0;4792821.44;281.88
89378;450780.84;4792505.08;303.02
23844;450805.68;4792498.0;299.23
97572;450823.67;4793151.38;308.61
40226;449825.74;4793562.68;333.25
15655;450743.55;4792628.74;321.73
81191;450819.02;4792660.38;292.77
15657;450299.8;4792982.33;273.92
81194;450688.15;4792700.67;311.03
56618;450812.4;4792589.31;304.99
56622;449683.6;4793422.69;307.15
81199;450684.28;4793186.99;264.26
105777;450680.43;4792589.34;305.54
97586;450809.38;4792672.9;307.18
97587;450471.4;4793417.72;282.71
40245;450378.34;4793507.59;317.63
73015;450966.88;4792852.73;329.38
97591;450384.31;4793186.72;261.76
64825;450711.75;4793161.33;341.85
105785;449954.36;4793401.13;313.8
81211;450734.43;4792664.38;302.87
105788;450973.68;4793138.59;326.6
40251;450463.19;4792849.64;261.88
32060;449640.36;4793372.41;310.63
48447;450794.34;4793205.05;321.17
89411;450048.36;4792651.79;318.1
97604;450854.17;4792747.42;305.49
15684;449923.96;4793197.94;272.51
32070;450694.97;4792666.59;301.63
105798;449928.64;4793203.66;275.66
105806;450017.56;4792997.71;270.59
32078;449987.41;4793349.46;298.06
48468;450718.72;4792468.78;303.39
23893;450692.45;4792912.82;301.58
48470;450764.0;4793026.22;293.32
23896;449989.51;4793513.43;338.15
15705;450004.19;4793460.41;271.82
56666;450612.68;4792721.5;302.19
23899;449883.6;4793267.89;272.1
73052;450086.98;4792462.31;377.53
97629;451011.21;4793144.69;342.26
56668;450303.53;4793941.23;319.54
40280;450611.15;4793690.52;319.26
15720;450337.13;4794016.93;317.42
48490;450776.2;4793119.98;302.38
23915;450736.64;4792428.68;306.52
97644;451154.69;4793415.04;272.17
32106;450508.35;4793385.46;272.33
15727;450827.98;4792764.1;305.12
97647;450829.54;4793035.67;292.17
32113;450637.35;4792982.56;258.16
15731;450587.83;4793717.03;317.86
7542;450276.72;4792966.88;278.49
56694;450421.04;4793351.93;264.02
15736;450091.63;4793481.34;270.15
105853;450536.57;4792523.6;369.68
105854;450026.57;4793483.09;271.03
97663;450655.56;4792605.81;366.13
89473;450428.36;4793055.23;261.14
89474;450739.74;4792823.49;282.08
56706;450344.56;4793468.99;266.1
40326;449905.28;4793425.28;300.23
7562;450795.58;4792500.76;299.39
40331;450173.21;4793189.02;268.61
40332;449558.96;4793421.2;319.04
56717;450738.0;4792985.51;303.74
64910;450834.2;4793149.48;307.33
97677;450323.8;4794016.94;314.76
81298;450552.29;4792769.35;301.6
105875;450763.43;4793462.84;265.16
48531;450001.0;4793443.01;361.5
81304;450515.79;4792776.33;305.57
73114;450234.08;4792402.6;385.84
15771;450386.92;4792760.88;306.6
89498;450699.11;4792966.63;288.78
7580;450175.9;4793279.35;268.29
89502;450743.92;4792728.09;292.3
56735;450576.0;4793752.37;324.35
32161;450790.75;4792548.97;305.51
56737;450429.97;4793798.82;315.23
81315;450320.75;4792938.1;278.97
15781;450745.0;4792722.47;292.45
48549;449876.21;4793203.32;270.65
105896;450434.71;4792760.69;306.44
89517;450335.84;4793506.92;266.72
73134;450690.04;4793187.32;261.87
81328;450469.98;4793358.69;263.01
23985;449853.05;4793040.93;241.9
81331;450676.34;4792629.61;303.1
89524;450289.31;4794017.53;308.91
7607;450431.04;4793061.55;253.02
40376;450845.94;4792750.16;304.25
81337;450888.08;4793022.38;313.88
40385;450778.43;4793112.21;310.57
15817;450368.39;4792457.25;394.04
40394;450386.12;4793507.05;319.93
64969;449880.69;4793342.74;275.3
48588;449924.41;4793415.43;277.79
89549;450686.59;4792631.5;364.48
48585;450370.58;4793854.96;313.56
48586;450000.43;4793346.35;363.96
7632;449694.35;4793712.42;341.57
89553;450401.94;4793056.48;263.63
15826;450357.27;4793862.79;316.76
48596;449910.02;4793404.73;283.05
15828;450348.41;4793821.62;283.08
64984;449725.85;4793592.22;330.15
56797;450941.2;4792854.52;298.73
40416;450694.11;4792923.38;299.29
64998;449374.53;4793258.67;367.02
32233;450787.23;4792571.52;308.03
105963;450565.41;4793029.7;255.63
81388;449378.77;4793323.58;344.98
48621;449344.87;4793288.51;345.96
15854;450397.96;4793172.38;263.82
7664;449667.48;4793394.1;310.23
105969;449342.65;4793301.43;356.2
15864;449400.87;4793293.27;347.22
15871;450758.93;4792829.38;285.69
73216;450545.63;4792681.88;300.0
105989;449798.32;4793029.08;270.56
24072;449721.63;4793669.57;336.69
89610;450801.92;4793198.65;260.02
48651;450731.46;4792637.98;290.53
81423;450061.07;4792978.97;274.28
56848;450720.6;4792713.19;288.32
73233;450606.86;4792567.3;371.29
48664;450404.48;4793514.94;320.33
40472;450693.76;4792715.14;301.92
48665;449973.41;4793288.62;291.71
32282;450598.26;4792910.31;297.73
73243;450709.39;4792737.84;284.93
65051;450932.35;4792860.37;289.67
81435;450997.6;4792878.29;327.74
48667;450711.43;4793178.7;335.82
15899;450672.13;4792969.21;292.34
73247;450608.7;4792900.22;295.98
65055;450780.07;4793247.17;265.24
89631;449856.59;4793077.73;231.1
15910;450323.13;4793084.46;251.02
24107;450914.87;4793052.66;308.86
56876;450962.59;4793223.72;294.88
7726;450957.77;4793229.09;284.19
73268;449880.3;4793252.53;271.41
15925;450383.76;4793155.34;260.32
48694;450265.84;4793546.52;331.92
97847;450043.56;4792635.87;317.53
73272;450240.15;4792983.32;275.54
97850;450814.11;4792652.0;293.16
89659;450495.96;4793386.76;270.36
89660;450816.16;4792675.23;307.81
24124;450706.16;4793712.15;314.92
73278;450469.45;4792504.93;307.16
106047;450759.42;4793204.49;298.9
65087;451035.64;4793348.49;265.83
7745;449578.99;4793444.18;319.01
97858;450232.9;4793209.47;266.62
106051;450708.34;4792786.86;282.92
81474;449737.86;4793099.06;212.29
89674;450346.81;4793876.43;308.99
40525;450329.31;4792425.17;370.3
24143;450761.28;4793163.8;259.18
56913;450796.31;4792756.31;302.93
24146;450920.2;4792808.18;294.65
15954;450367.13;4793514.75;320.79
65112;450283.39;4792969.31;278.61
52410;450588.27;4793740.04;317.52
89692;450935.68;4793060.59;294.66
24156;451273.48;4793658.44;385.44
48733;450288.52;4793551.71;331.82
7775;450793.49;4792585.2;300.88
73311;450539.67;4792680.59;301.07
65121;450804.24;4793023.09;292.56
89698;450728.31;4792483.78;305.05
32355;450659.56;4792721.99;304.77
65124;449842.81;4793057.97;240.1
32357;449931.14;4793132.47;270.28
81510;450732.3;4793190.34;306.98
97895;450752.48;4792448.41;308.18
73319;450703.77;4792944.63;292.53
48741;450348.08;4793758.66;270.03
32364;450829.57;4792600.4;295.28
24172;450698.87;4793070.63;296.3
7790;450804.29;4793257.42;264.92
48750;450034.84;4793564.47;270.29
48752;450807.04;4792757.57;313.91
81520;450177.82;4792683.68;296.12
89730;450722.8;4792682.92;290.33
48771;450846.95;4792822.77;289.52
89732;450162.19;4792653.4;314.08
73350;450598.27;4792915.97;293.7
73352;450838.63;4793152.89;305.15
50400;450049.99;4793456.6;342.31
32394;450320.83;4793669.84;269.65
32395;449864.06;4793181.76;289.35
106124;450888.31;4792996.93;317.98
89741;450944.05;4793162.99;298.13
16015;449692.64;4793678.19;337.2
56977;450441.14;4793052.02;259.46
56981;450180.81;4793426.31;334.87
65174;450337.87;4793011.21;270.15
106135;450702.31;4792878.27;279.07
48793;450178.22;4793413.25;328.2
106139;450802.44;4793067.44;297.99
56992;450765.41;4793121.69;333.54
48800;450885.6;4793033.03;328.52
106147;450730.02;4793125.62;295.19
106148;450341.28;4793736.01;288.98
48807;450455.05;4792908.82;297.32
89768;450783.91;4793215.27;318.6
89769;450694.27;4793074.21;300.06
7850;450949.96;4792823.75;315.18
40618;450637.97;4792977.47;287.1
48813;450812.72;4792560.05;298.33
73389;450483.02;4792476.6;327.7
73390;450642.58;4792975.91;258.86
48817;450304.28;4792963.39;277.73
40627;450609.91;4792885.19;303.74
65208;450200.74;4792413.67;383.9
40635;450341.59;4793917.48;298.24
16060;450803.41;4793151.31;334.21
97982;450684.04;4792583.93;327.04
57027;450644.78;4792604.67;332.2
97988;450334.16;4793089.04;252.29
97987;449949.48;4793402.99;277.1
81606;449780.36;4793033.01;251.15
16071;450874.51;4793006.94;331.8
106183;450121.52;4793545.57;270.27
106181;450608.0;4793695.53;319.37
89804;449769.91;4793570.09;377.69
24269;450665.41;4792613.91;304.12
24270;450211.97;4793447.46;324.97
32463;450061.32;4793363.58;268.24
7888;450107.08;4793575.4;329.57
89810;450455.58;4792496.02;305.66
106198;450864.77;4793171.29;321.6
32471;450468.31;4793425.49;285.93
73432;450474.91;4792506.52;303.12
16088;450242.65;4793209.37;265.44
24281;449937.01;4793221.78;277.37
106204;450406.21;4792842.45;263.44
65246;450836.33;4792767.87;303.5
57054;450539.97;4792780.87;304.82
98014;450719.95;4792653.16;370.08
7902;449985.02;4793419.48;360.62
89824;449744.24;4793643.25;335.28
65256;450692.11;4792749.73;305.53
106217;450966.8;4792953.56;297.81
98025;450777.17;4793123.52;337.51
73451;449962.76;4793008.2;248.01
7918;450480.95;4792544.32;304.28
73455;450794.56;4793401.03;258.46
40688;450797.05;4793209.86;259.47
16113;449667.79;4793548.34;332.34
32498;450878.2;4793187.76;330.1
81651;450766.33;4792635.98;306.28
7926;449801.58;4793607.24;325.64
24311;449888.24;4793261.34;274.87
81654;449645.56;4793605.43;336.42
7932;450361.75;4793144.88;273.59
65277;450781.87;4792546.38;305.83
81662;450668.0;4792554.98;302.03
32511;450947.61;4792849.68;306.76
98045;450029.85;4792621.79;317.63
40707;451225.05;4793449.56;274.97
57092;450759.29;4792806.75;290.57
65288;450114.37;4794058.5;326.93
106253;450354.26;4793076.35;252.87
106258;450012.83;4793011.22;267.68
7955;450644.16;4792937.11;296.42
73492;450803.41;4793016.02;296.96
106259;450036.42;4793491.74;338.62
73494;450871.88;4793068.44;297.13
7958;450445.32;4793326.61;264.01
98072;450812.8;4792547.17;298.33
32535;449897.3;4793305.16;272.66
98074;449672.36;4793595.79;336.3
40731;450341.71;4793460.31;321.72
7965;449571.22;4793439.47;319.31
81698;449889.5;4793388.94;289.2
73507;450680.77;4792941.7;287.25
65316;450715.64;4793058.26;306.15
32548;449770.51;4793533.21;334.3
40742;450704.74;4792784.7;324.56
32552;450255.64;4793989.27;327.15
7978;450882.8;4792980.97;326.98
16171;450540.6;4792700.74;300.65
57133;450753.38;4792851.14;280.53
48941;450679.14;4793084.28;257.49
7985;450078.59;4792444.39;377.78
40755;450619.81;4793020.07;257.64
16179;450349.19;4793102.16;260.84
16186;449693.37;4793691.56;339.29
106302;450651.87;4792602.74;364.86
81730;449341.95;4793345.81;350.15
40775;450182.53;4792969.23;276.85
73544;450440.0;4793184.11;276.28
8009;450365.97;4793499.69;321.45
57162;450829.52;4792589.31;298.97
106315;451071.27;4793153.62;290.85
48970;450184.71;4792976.41;274.96
81741;449911.42;4793431.64;279.11
24398;450769.15;4792656.58;291.23
57166;450347.03;4793878.34;307.38
65360;450828.09;4792642.1;293.67
98121;450488.57;4793758.06;325.31
106322;450843.49;4792771.37;299.53
24404;450784.57;4793178.3;297.03
16217;450704.85;4793139.61;295.19
48986;450471.52;4793367.68;263.57
73567;450723.91;4792609.83;368.62
65375;450400.47;4793245.68;267.26
8037;450510.42;4792457.8;354.04
48997;450993.63;4792811.85;327.87
98149;450772.03;4793206.2;317.04
65385;450729.32;4793183.84;299.03
81770;450330.16;4793863.45;288.59
57199;450769.02;4793124.46;330.35
16241;450733.31;4792662.61;302.89
89971;450430.58;4793453.82;275.98
57205;450424.89;4793440.44;264.98
98172;450342.62;4793922.24;310.61
81790;451307.8;4793339.31;276.79
49025;450349.47;4793873.84;301.89
81794;450641.87;4792579.07;328.65
8067;450732.59;4792714.97;299.59
81803;449653.33;4793624.62;336.59
81804;450068.98;4793407.01;269.67
81805;450421.02;4793060.73;256.76
40846;450315.9;4794015.74;312.4
8081;450540.31;4792698.26;300.56
40855;450695.25;4793061.34;296.24
16280;450749.24;4792686.36;306.15
32664;450205.82;4792979.66;274.17
73628;450750.89;4792428.07;307.14
98205;450813.7;4793167.92;261.41
98206;449835.62;4793037.41;240.1
16286;451163.45;4793533.89;280.04
8095;450692.04;4792967.85;292.47
40863;450404.57;4793062.36;260.88
81823;450429.63;4793045.27;260.42
57249;449865.34;4793049.49;264.2
57251;450915.58;4792835.58;294.75
90020;450650.64;4792584.13;329.36
40870;449339.91;4793289.04;356.79
8100;450344.3;4793112.19;248.66
65446;450528.71;4792465.91;354.04
49061;450258.74;4793071.62;252.07
65442;449978.45;4793362.17;297.49
90021;449954.16;4793401.38;305.89
16299;450710.54;4792747.56;284.15
40876;450154.8;4793316.1;268.53
40877;450716.17;4792908.18;300.49
90022;449979.78;4793420.18;360.41
90034;449487.53;4793382.45;326.35
57273;450233.11;4793990.5;343.07
81849;450240.88;4793997.56;324.48
49081;450806.65;4792670.27;306.91
35807;450208.74;4794031.5;327.74
98235;451248.8;4793561.55;305.72
90044;450008.86;4793455.52;366.09
32701;450875.2;4793063.54;328.66
57278;450729.89;4792905.44;298.32
81855;450969.1;4792806.11;317.53
32703;450694.71;4792841.8;281.46
8128;449652.96;4793531.52;332.04
40898;450670.46;4793221.31;303.08
32711;449906.63;4793424.09;280.71
73678;450150.0;4793043.5;251.46
57298;450855.18;4792789.63;298.16
24530;450858.81;4793027.29;331.65
24532;450696.6;4792734.14;304.38
16342;450471.46;4792473.76;307.58
32726;450161.06;4793400.48;325.68
32728;450333.67;4793082.44;256.2
49113;450183.9;4793217.78;268.88
98267;450581.37;4793750.07;318.9
8157;450364.72;4794013.71;326.56
24541;450836.42;4792811.11;293.8
98270;450530.51;4792760.48;301.77
90077;449361.32;4793266.08;359.11
57312;449676.41;4793439.56;306.76
65505;450656.44;4792896.44;290.63
57314;450811.01;4793188.12;259.43
40925;450318.77;4794017.44;313.18
49124;450015.1;4792994.04;271.86
57317;450756.7;4793154.03;258.8
73701;449892.31;4793293.37;272.61
65515;450683.66;4792755.47;321.02
98285;450744.02;4792433.64;306.21
24557;450783.57;4793245.56;263.84
16368;450184.8;4792690.19;313.42
73714;450735.04;4792726.09;291.5
65529;449755.49;4793089.84;214.38
40955;450360.77;4793507.39;322.77
32764;450714.85;4792896.59;305.95
40958;450275.23;4792877.22;303.34
