id;x;y;z
469;404565.57;123894.41;1728.66
5189;404581.2;123896.98;1729.8
4855;404583.8;123901.52;1730.59
436;404589.24;123896.44;1731.44
2336;404594.41;123891.95;1732.47
4736;404597.5;123895.65;1733.73
1030;404597.49;123895.66;1732.19
3818;404601.33;123896.27;1733.35
6735;404604.59;123894.31;1733.59
1242;404607.13;123896.46;1733.45
829;404609.2;123895.98;1731.64
5839;404609.86;123892.88;1729.93
6905;404609.84;123892.89;1719.89
393;404616.38;123884.5;1724.29
7224;404620.17;123881.31;1724.0
1769;404620.15;123881.33;1709.85
5367;404626.4;123876.62;1715.07
3261;404631.57;123874.21;1709.05
3492;404638.72;123872.7;1713.73
6764;404640.14;123869.92;1714.32
6512;404640.13;123869.93;1704.98
6492;404644.05;123868.95;1716.12
2624;404650.6;123867.33;1724.11
1813;404654.02;123863.09;1723.4
4618;404660.86;123857.56;1721.1
3732;404654.02;123863.09;1713.4
233;404668.11;123855.63;1720.9
1917;404667.44;123850.3;1721.68
5313;404677.49;123851.12;1745.31
6839;404677.63;123840.84;1711.16
1105;404678.45;123843.21;1711.48
2366;404679.23;123845.25;1712.08
6299;404676.84;123846.31;1712.26
2715;404680.02;123852.12;1713.57
2337;404683.13;123857.82;1714.98
7097;404683.58;123857.93;1716.67
2784;404683.01;123860.06;1717.1
3257;404685.67;123864.19;1717.36
7562;404685.75;123864.16;1718.04
4969;404687.9;123871.15;1719.8
1620;404687.82;123876.01;1720.65
1254;404685.14;123876.86;1722.06
1371;404687.08;123876.15;1722.69
496;404688.63;123877.94;1723.29
3631;404691.18;123882.38;1725.12
826;404695.74;123881.43;1725.65
2502;404698.52;123880.86;1725.96
7049;404703.1;123879.91;1726.51
7524;404705.51;123878.13;1727.08
2419;404707.33;123882.18;1728.93
3255;404709.16;123886.21;1730.75
341;404710.41;123887.65;1732.86
7069;404712.23;123892.65;1738.75
4750;404716.73;123889.34;1742.44
6893;404682.77;123825.38;1705.95
1309;404681.42;123824.92;1706.68
5167;404681.68;123822.05;1698.75
2685;404681.71;123833.39;1708.59
1157;404679.0;123825.87;1708.21
6821;404675.84;123817.59;1706.57
3073;404674.09;123816.44;1705.96
2402;404672.12;123808.37;1704.13
2160;404667.68;123782.56;1696.89
2583;404669.19;123781.52;1696.42
4949;404667.84;123778.59;1695.09
4242;404666.32;123773.13;1693.31
6017;404668.9;123769.86;1690.54
7541;404666.65;123764.73;1689.82
3264;404668.21;123763.89;1693.55
2186;404669.34;123762.02;1693.31
3199;404663.27;123760.16;1691.7
3346;404662.23;123756.14;1690.41
3417;404658.39;123752.9;1688.55
6866;404658.52;123750.02;1688.13
463;404655.67;123750.3;1687.77
4791;404649.11;123758.12;1689.38
6232;404655.54;123744.77;1686.45
2178;404645.22;123760.65;1690.2
2732;404645.01;123760.99;1690.1
1633;404645.22;123760.65;1673.45
6947;404641.86;123764.61;1674.5
888;404639.12;123767.01;1674.75
1383;404638.44;123767.27;1675.53
5882;404635.4;123770.73;1675.33
2307;404639.79;123771.42;1675.51
4092;404639.78;123771.92;1674.11
3210;404642.08;123773.94;1648.45
6796;404642.15;123768.3;1648.79
6595;404664.13;123725.46;1683.1
1160;404665.71;123727.41;1683.59
551;404660.73;123718.74;1681.45
2960;404669.37;123723.19;1683.98
3402;404659.51;123716.31;1680.95
3408;404657.37;123709.62;1676.61
5541;404655.44;123703.68;1676.07
247;404657.37;123709.62;1715.11
5389;404651.54;123705.22;1675.46
7205;404632.8;123693.79;1665.9
6422;404632.09;123694.25;1659.46
4321;404631.64;123693.94;1629.87
3129;404608.04;123680.96;1611.68
419;404606.97;123677.26;1611.63
1989;404646.99;123698.97;1629.64
3943;404649.9;123697.76;1627.42
4776;404643.43;123702.04;1630.44
1703;404654.67;123696.48;1628.1
2331;404648.09;123695.04;1622.62
5031;404644.59;123693.65;1622.16
90;404644.07;123691.37;1622.61
781;404642.89;123687.23;1619.84
3423;404642.15;123686.5;1617.88
6396;404642.49;123685.87;1617.29
78;404642.78;123683.03;1617.48
1942;404643.11;123682.36;1616.2
5706;404642.44;123683.4;1614.22
6283;404641.56;123682.67;1613.17
2908;404640.75;123680.82;1607.02
7035;404645.14;123680.45;1607.48
4039;404643.49;123679.31;1604.26
6397;404646.59;123679.93;1601.15
5009;404649.84;123677.93;1600.61
3916;404650.89;123675.3;1598.16
1676;404650.85;123675.03;1575.77
4190;404650.85;123666.55;1583.96
191;404659.23;123679.3;1579.19
5082;404644.69;123673.63;1569.72
4989;404665.88;123683.46;1580.15
2969;404668.88;123683.88;1581.69
3961;404670.29;123685.29;1581.04
5947;404670.5;123686.49;1581.49
6323;404673.63;123687.57;1582.63
1778;404672.18;123690.19;1582.63
3050;404669.9;123692.03;1583.3
212;404670.59;123693.45;1583.58
3456;404671.56;123698.92;1584.86
4257;404670.38;123700.33;1586.7
3776;404669.43;123700.75;1587.3
4512;404666.91;123704.09;1588.66
7102;404666.91;123709.95;1591.91
6982;404669.34;123711.99;1592.82
1689;404670.28;123712.43;1593.2
1499;404674.49;123711.38;1592.51
6535;404678.0;123715.87;1592.51
5598;404678.0;123715.87;1597.51
219;404679.08;123717.16;1603.79
5217;404680.11;123716.2;1604.3
1278;404680.36;123717.98;1604.3
7233;404682.16;123720.45;1604.84
1843;404684.39;123721.58;1604.84
1673;404686.17;123725.79;1608.41
5660;404642.46;123660.91;1567.71
2915;404642.45;123652.85;1565.93
1830;404641.18;123651.76;1566.11
2396;404642.36;123646.93;1565.94
7248;404643.86;123644.98;1565.98
1427;404645.76;123647.47;1567.77
6906;404643.86;123644.34;1548.08
443;404644.37;123633.62;1557.58
1394;404648.25;123631.2;1555.55
5466;404642.13;123630.65;1557.64
2032;404652.06;123628.83;1553.49
7424;404651.4;123634.47;1556.76
1389;404654.85;123634.04;1555.22
107;404657.59;123630.66;1555.83
6341;404659.86;123626.88;1555.83
6780;404664.41;123627.36;1555.43
3698;404666.9;123622.27;1556.03
925;404670.3;123620.22;1555.54
1764;404670.53;123621.29;1556.05
707;404675.06;123619.17;1556.05
2742;404675.06;123619.17;1546.55
5686;404678.04;123616.09;1552.93
4484;404645.19;123628.38;1557.69
3216;404645.3;123626.82;1556.19
166;404640.9;123630.51;1557.75
4934;404648.54;123623.28;1556.21
3651;404651.34;123622.17;1555.05
2795;404654.27;123613.16;1555.11
1042;404651.22;123613.0;1554.86
2493;404651.86;123607.16;1554.48
3092;404649.89;123606.11;1554.14
3641;404645.32;123597.5;1551.79
374;404644.38;123590.69;1550.74
674;404645.39;123582.62;1546.08
1008;404639.26;123579.42;1544.42
63;404639.39;123573.83;1543.36
7495;404638.71;123571.04;1538.81
5024;404630.7;123564.03;1532.38
1527;404633.49;123553.57;1529.84
5010;404635.85;123554.48;1529.9
3954;404641.42;123547.16;1528.98
568;404640.69;123573.5;1543.97
5676;404644.13;123561.51;1546.62
3101;404644.9;123559.94;1544.69
110;404652.19;123559.18;1542.86
95;404645.57;123557.42;1544.41
2338;404652.19;123559.18;1547.86
665;404646.27;123554.81;1540.69
4972;404649.05;123554.76;1535.67
2921;404649.05;123554.76;1538.23
2246;404650.11;123552.14;1537.99
5124;404649.79;123547.57;1532.52
380;404646.22;123547.88;1530.85
4895;404649.64;123544.74;1533.78
2434;404646.9;123545.52;1530.5
5517;404645.66;123544.8;1528.45
2076;404647.94;123538.53;1527.28
6300;404642.54;123538.81;1527.47
3953;404651.24;123540.57;1532.83
2985;404650.12;123538.91;1531.08
3279;404648.85;123536.42;1530.64
3896;404644.91;123540.22;1532.85
4671;404649.8;123532.85;1529.0
4291;404644.54;123539.07;1526.69
6123;404640.05;123533.66;1521.88
906;404640.07;123532.47;1522.03
4557;404636.9;123524.94;1524.11
4861;404629.98;123511.6;1521.63
7380;404636.95;123504.95;1522.73
1800;404638.97;123497.97;1522.51
368;404631.91;123494.74;1522.55
4682;404623.44;123485.96;1520.1
3890;404620.76;123482.37;1518.56
4836;404629.48;123479.96;1526.21
2165;404624.12;123483.42;1519.04
679;404616.1;123491.98;1522.64
5482;404533.2;123409.9;1435.01
2529;404529.92;123370.22;1436.1
1489;404530.04;123370.29;1423.07
3430;404531.06;123374.28;1436.08
2509;404529.92;123370.22;1423.6
7383;404535.06;123366.66;1425.16
2332;404537.05;123373.65;1422.82
2161;404535.92;123375.87;1414.19
79;404542.91;123378.18;1413.67
2382;404542.95;123378.21;1408.62
6543;404537.2;123375.14;1369.93
3336;404537.15;123368.8;1375.96
4996;404529.4;123362.38;1368.02
5885;404526.44;123357.21;1349.63
7300;404539.88;123360.84;1368.92
6808;404513.32;123350.22;1330.89
5405;404516.59;123349.69;1335.07
5280;404512.49;123349.67;1309.44
2163;404512.69;123349.75;1336.1
2608;404513.02;123348.62;1334.09
388;404512.43;123343.66;1333.36
6500;404512.39;123343.76;1330.16
2349;404507.88;123342.57;1331.41
2943;404505.01;123341.8;1328.94
6987;404504.3;123339.85;1329.91
5098;404503.89;123340.97;1328.83
6803;404505.0;123337.61;1330.09
4435;404499.73;123334.02;1326.51
3381;404506.5;123336.35;1329.85
3397;404500.15;123330.21;1324.96
3233;404510.19;123338.84;1336.45
3841;404513.73;123336.79;1341.88
7167;404497.54;123329.02;1322.83
7540;404500.56;123329.14;1318.36
6055;404501.27;123327.62;1319.21
4694;404501.23;123331.79;1318.82
2731;404503.73;123321.17;1317.38
4634;404503.7;123321.26;1315.37
4382;404506.55;123318.82;1315.38
3495;404509.89;123320.46;1314.19
2990;404507.57;123326.81;1316.0
4888;404512.42;123314.79;1313.03
7157;404517.66;123305.15;1310.93
865;404517.62;123305.26;1307.37
6358;404519.29;123297.51;1309.56
7489;404518.18;123308.63;1306.12
5185;404520.19;123307.66;1305.37
1440;404520.66;123307.98;1304.37
2572;404520.45;123306.27;1297.78
2386;404519.43;123305.4;1288.46
3110;404516.2;123305.0;1284.54
1956;404512.36;123301.58;1282.21
7448;404510.69;123300.75;1279.53
204;404509.61;123300.31;1278.04
5453;404510.02;123302.94;1280.72
7163;404508.5;123296.14;1274.29
3981;404504.82;123294.27;1271.9
4408;404505.8;123291.95;1270.56
2623;404503.02;123290.47;1269.84
6398;404503.52;123288.12;1266.26
1926;404504.67;123284.6;1266.26
7228;404503.44;123283.28;1266.71
5701;404503.01;123281.8;1266.27
4828;404501.66;123280.49;1261.62
2986;404500.09;123280.88;1261.19
5494;404498.46;123278.79;1260.91
3723;404496.52;123277.33;1258.12
6249;404494.22;123277.45;1254.7
2126;404486.54;123279.37;1248.06
7375;404486.54;123279.37;1239.44
3028;404484.6;123277.43;1248.06
2042;404483.35;123280.1;1240.69
1259;404481.71;123280.64;1238.96
682;404477.39;123280.71;1238.28
2014;404476.45;123283.45;1237.87
3076;404472.4;123283.3;1237.23
3354;404466.79;123285.35;1236.71
5909;404461.4;123284.97;1235.16
671;404457.57;123288.19;1234.46
6361;404456.86;123290.37;1234.38
5357;404454.3;123295.38;1233.49
4885;404453.41;123300.44;1232.3
4196;404446.38;123306.77;1231.31
5805;404443.39;123308.71;1230.21
5715;404441.01;123311.01;1224.27
3148;404438.02;123308.98;1213.77
796;404437.66;123310.39;1211.96
1255;404437.24;123308.49;1211.26
5223;404437.34;123308.7;1198.02
855;404437.76;123308.87;1194.68
5410;404437.72;123309.0;1192.03
2416;404438.71;123309.05;1183.43
5394;404439.25;123308.27;1170.17
7365;404439.18;123308.41;1162.84
764;404432.5;123306.76;1153.67
4763;404424.02;123305.42;1152.91
7395;404434.6;123312.51;1149.91
2683;404422.52;123311.29;1153.42
7544;404431.16;123297.03;1165.01
287;404433.94;123315.8;1148.27
2408;404431.41;123318.01;1147.14
5966;404431.94;123315.0;1145.92
5351;404431.53;123315.41;1145.32
6382;404430.92;123316.9;1144.61
1533;404433.52;123318.22;1144.28
4552;404434.07;123319.59;1143.87
339;404436.86;123323.45;1140.5
6732;404439.26;123327.16;1139.56
1749;404441.02;123331.93;1138.59
7116;404447.14;123349.3;1141.44
2852;404449.32;123349.35;1141.91
3534;404451.04;123352.82;1147.11
6367;404451.55;123354.93;1148.46
7528;404450.29;123356.44;1148.1
3461;404450.63;123358.33;1148.09
1552;404421.77;123306.03;1152.22
3551;404424.16;123303.91;1149.0
4475;404425.68;123303.43;1148.41
3054;404425.43;123301.96;1145.46
6234;404429.86;123293.37;1137.28
3874;404431.46;123284.03;1133.89
3971;404432.84;123280.07;1133.58
3917;404433.48;123264.75;1128.51
6610;404435.87;123278.48;1130.66
3315;404435.9;123277.63;1131.72
2304;404432.36;123257.24;1126.16
2309;404432.36;123246.79;1121.81
2713;404431.94;123240.77;1120.61
2944;404430.9;123236.82;1121.03
4645;404430.11;123232.18;1120.79
3850;404427.01;123229.27;1124.69
353;404426.13;123225.91;1125.24
2390;404425.71;123223.0;1124.64
228;404425.45;123219.54;1124.63
2297;404424.55;123214.25;1123.76
5062;404423.64;123208.13;1123.6
1607;404422.45;123204.94;1123.46
4026;404423.32;123202.29;1122.88
3929;404419.91;123194.01;1122.78
3530;404437.19;123279.64;1129.3
804;404435.62;123280.86;1129.44
3001;404437.32;123286.07;1130.81
1363;404435.39;123292.07;1132.53
5733;404435.63;123294.97;1133.72
4380;404435.88;123297.48;1135.28
4978;404435.21;123305.39;1138.03
3813;404436.1;123304.34;1137.45
58;404436.41;123305.1;1136.67
631;404436.82;123305.55;1138.61
4646;404437.57;123302.83;1139.86
7320;404438.09;123298.26;1138.79
734;404438.95;123276.2;1124.82
6376;404440.37;123273.34;1120.6
698;404441.59;123272.45;1116.35
3046;404446.53;123269.73;1106.43
3844;404446.55;123269.95;1101.99
4336;404450.25;123270.05;1095.41
6644;404450.19;123271.47;1095.21
2999;404450.48;123273.1;1092.12
19;404451.38;123279.3;1091.06
7090;404451.91;123284.08;1088.55
5870;404454.38;123290.13;1082.85
7054;404454.52;123293.11;1081.6
4369;404456.84;123295.85;1077.88
5038;404455.24;123302.67;1078.92
6202;404456.82;123310.05;1076.67
663;404456.99;123314.52;1073.6
1434;404457.89;123315.63;1073.13
3504;404459.15;123313.0;1071.47
428;404459.58;123311.68;1068.89
5542;404461.58;123316.86;1068.89
4715;404463.0;123323.45;1064.69
5227;404462.29;123324.9;1061.31
1420;404461.22;123330.75;1062.06
2599;404460.42;123335.9;1053.42
6707;404459.57;123336.14;1053.92
203;404460.32;123336.04;1047.31
5269;404462.26;123338.64;1041.36
3545;404463.36;123340.0;1031.65
1067;404463.59;123338.4;1015.79
6700;404459.71;123342.73;1002.04
2265;404459.4;123344.7;994.21
2853;404457.46;123349.45;982.51
5177;404456.87;123350.02;958.86
5045;404452.37;123339.32;957.06
3338;404459.75;123325.37;957.17
5169;404464.89;123324.07;955.36
6863;404467.12;123322.71;949.34
1719;404467.78;123326.89;948.89
4619;404483.43;123335.92;954.76
6182;404473.94;123328.74;949.74
5641;404483.43;123335.92;951.36
1047;404480.09;123335.15;949.97
3356;404474.35;123343.35;935.13
5651;404473.22;123343.65;930.07
2801;404475.99;123348.09;931.77
136;404470.45;123351.82;916.03
7130;404468.0;123346.79;919.13
1164;404468.92;123347.98;916.42
2340;404467.25;123353.83;915.99
3341;404471.61;123357.0;916.09
125;404471.84;123360.27;915.74
5954;404474.06;123362.14;915.84
4375;404475.54;123362.27;916.08
4295;404475.02;123365.19;915.66
5856;404478.34;123373.0;916.1
5006;404486.56;123384.32;915.37
4160;404493.17;123394.51;910.21
5326;404473.92;123344.01;954.9
5397;404480.93;123345.8;957.9
4595;404484.14;123352.25;957.55
839;404487.96;123351.65;959.45
4261;404486.58;123340.87;965.93
6033;404501.69;123322.99;972.38
2687;404518.72;123328.36;978.28
1146;404520.86;123326.52;978.72
695;404513.24;123317.49;974.28
7077;404516.31;123313.29;975.86
6426;404525.59;123302.92;980.41
1688;404521.99;123292.55;978.2
4185;404524.22;123278.65;976.86
4461;404522.02;123274.68;976.0
719;404523.64;123271.77;976.84
3379;404532.09;123264.9;980.72
2982;404532.06;123259.75;981.5
5732;404532.25;123238.38;986.2
3808;404530.78;123229.11;987.12
7451;404529.54;123226.04;986.71
4684;404529.81;123212.05;989.28
531;404520.29;123198.5;991.2
4358;404506.12;123182.87;991.46
4818;404498.46;123175.06;991.82
4410;404494.75;123165.14;992.88
1992;404490.1;123154.96;992.07
4522;404481.09;123149.57;991.87
6784;404470.68;123133.04;992.79
121;404471.51;123117.11;998.32
6141;404468.28;123103.23;1001.5
1114;404465.43;123098.6;1001.88
5945;404468.93;123083.79;1005.48
968;404470.92;123068.1;1008.76
1476;404470.95;123067.84;1008.83
1081;404474.38;123050.05;1015.85
3493;404457.72;123312.84;1076.56
1451;404456.46;123314.23;1077.83
3093;404454.86;123314.8;1080.23
1474;404454.38;123319.25;1083.13
7514;404453.22;123326.12;1086.75
1716;404454.02;123330.92;1087.17
6513;404455.77;123330.95;1091.35
3662;404457.02;123329.99;1092.57
6214;404432.92;123314.82;1148.33
4751;404432.83;123312.39;1148.3
1647;404419.31;123315.23;1155.6
4008;404417.16;123321.82;1157.59
5727;404429.13;123292.37;1168.76
5279;404429.69;123286.29;1162.95
4730;404430.81;123279.89;1163.23
3295;404427.8;123284.36;1165.02
7483;404429.01;123274.58;1163.51
1399;404428.86;123268.84;1167.65
200;404426.52;123267.44;1167.85
6699;404426.74;123267.55;1173.26
343;404425.62;123264.68;1173.55
965;404422.85;123262.12;1175.57
4385;404423.83;123258.84;1176.25
6521;404423.53;123254.92;1175.93
389;404424.1;123253.93;1159.58
4193;404424.15;123246.32;1159.82
3912;404422.4;123242.83;1160.88
3601;404421.96;123240.44;1161.84
5048;404421.34;123237.47;1161.62
670;404419.23;123232.19;1164.84
3771;404418.78;123229.21;1164.99
3404;404417.41;123225.39;1165.54
5291;404417.43;123221.79;1163.85
4447;404415.98;123218.86;1163.68
1388;404415.09;123213.37;1162.76
1089;404413.54;123208.66;1156.73
2069;404413.96;123207.54;1155.74
2821;404413.31;123201.69;1152.06
5588;404413.67;123197.35;1150.96
3089;404413.03;123194.61;1149.66
2347;404414.15;123190.68;1148.52
2005;404413.63;123188.13;1147.24
2108;404412.99;123182.19;1147.14
2680;404411.12;123178.39;1146.52
5263;404410.04;123174.85;1147.04
3696;404408.97;123168.83;1148.43
6845;404407.3;123164.6;1148.74
1468;404406.54;123158.24;1150.1
3722;404403.33;123154.35;1153.89
5710;404401.84;123147.99;1154.44
4620;404402.22;123144.22;1154.18
2543;404400.79;123143.41;1154.78
957;404400.29;123134.69;1153.85
109;404400.9;123132.66;1153.12
6189;404399.62;123125.48;1151.68
4102;404401.03;123114.41;1150.68
6518;404399.89;123099.18;1150.84
1095;404395.94;123083.67;1152.46
1738;404395.17;123071.77;1150.47
7326;404393.39;123060.31;1149.9
658;404391.93;123052.78;1150.73
3956;404389.05;123045.28;1153.85
2834;404425.97;123286.92;1167.5
6625;404424.65;123285.9;1167.41
4263;404421.08;123287.55;1170.07
3618;404419.45;123287.13;1170.38
4500;404415.65;123285.34;1170.38
4405;404417.28;123282.62;1170.89
6369;404416.85;123280.14;1170.84
5888;404411.85;123282.86;1170.66
3113;404411.7;123281.13;1168.62
3523;404410.54;123281.23;1169.44
6819;404412.05;123280.86;1168.89
917;404410.87;123279.11;1168.67
6622;404409.48;123280.56;1171.33
5868;404412.52;123287.86;1169.58
5307;404411.0;123293.36;1168.85
2827;404406.83;123294.15;1163.74
6474;404410.75;123295.53;1166.23
4080;404410.95;123299.78;1165.8
677;404411.31;123307.71;1166.84
2388;404411.87;123310.6;1167.08
7276;404412.35;123319.4;1167.08
5303;404408.5;123275.71;1168.54
402;404406.71;123272.75;1167.43
5;404406.58;123269.22;1168.91
7405;404402.59;123267.08;1168.62
2106;404407.68;123281.31;1171.95
626;404405.36;123278.58;1171.74
6678;404403.51;123276.08;1173.57
4677;404404.89;123273.5;1175.21
1408;404398.86;123260.13;1179.41
3454;404393.32;123261.09;1177.35
4770;404395.12;123266.12;1180.18
899;404393.05;123269.34;1180.43
5745;404393.73;123276.29;1173.62
7253;404394.6;123283.98;1171.74
414;404394.21;123269.84;1172.17
2354;404396.3;123271.31;1168.56
7510;404397.47;123272.63;1168.92
1195;404400.36;123273.11;1159.45
7272;404404.94;123274.21;1160.4
7497;404402.09;123280.07;1157.12
7511;404402.57;123282.52;1154.18
2869;404402.87;123280.81;1150.9
5095;404402.94;123285.38;1147.81
101;404402.57;123288.13;1147.35
5214;404403.22;123289.47;1145.83
4544;404403.54;123289.07;1139.85
803;404401.69;123294.33;1140.64
4584;404401.93;123296.07;1140.98
474;404397.38;123299.43;1136.03
197;404394.82;123304.0;1135.18
6756;404395.18;123300.4;1133.71
5092;404392.25;123302.6;1130.27
4079;404391.69;123305.45;1128.79
5004;404389.06;123303.61;1124.69
4361;404393.22;123299.31;1120.34
5561;404392.11;123298.86;1116.45
6921;404392.41;123300.94;1116.67
5197;404390.3;123301.7;1113.35
3650;404387.83;123307.01;1113.35
460;404390.87;123303.96;1109.48
3646;404388.27;123309.46;1111.79
2383;404386.97;123311.61;1108.34
2870;404385.23;123314.02;1106.95
4663;404385.23;123314.02;1104.38
4177;404385.92;123315.82;1103.31
2913;404380.92;123311.32;1100.59
4208;404379.01;123310.35;1097.52
5949;404375.48;123314.7;1096.53
4305;404375.22;123329.5;1096.53
6914;404387.44;123338.37;1096.27
1407;404388.69;123309.09;1107.66
7463;404474.13;123273.62;1238.02
4255;404510.6;123308.12;1284.72
4519;404511.96;123310.99;1287.12
6334;404507.26;123311.7;1286.84
2582;404506.79;123311.23;1287.15
3730;404507.31;123316.09;1289.09
3546;404508.99;123315.85;1289.81
5901;404506.13;123318.74;1290.65
281;404508.14;123321.0;1289.76
6270;404508.22;123320.92;1291.82
730;404510.41;123324.25;1292.03
773;404510.89;123323.71;1292.0
5682;404513.0;123329.17;1295.53
5535;404512.0;123328.06;1295.55
1570;404510.6;123331.13;1299.07
4899;404508.77;123334.32;1300.87
1251;404506.46;123335.65;1301.21
4035;404506.53;123336.74;1301.76
4083;404504.1;123338.86;1301.92
5224;404501.61;123341.79;1303.14
2301;404504.12;123341.7;1303.79
5084;404501.91;123347.31;1303.69
4312;404505.79;123350.28;1305.26
2881;404506.16;123349.76;1306.16
1724;404512.61;123350.64;1308.56
447;404513.94;123350.8;1309.19
4437;404515.37;123348.85;1309.63
4027;404518.1;123345.39;1298.49
686;404512.39;123351.45;1333.3
5760;404513.84;123346.12;1305.57
238;404519.1;123344.63;1303.34
1122;404522.19;123347.06;1283.6
5527;404522.33;123345.13;1283.4
4900;404520.49;123344.42;1282.52
6851;404521.3;123341.91;1279.91
311;404523.33;123335.9;1282.67
2610;404522.53;123335.82;1281.09
1470;404523.43;123333.06;1280.85
1060;404520.29;123330.51;1273.29
5878;404520.89;123327.7;1272.36
5219;404520.7;123332.28;1271.86
6508;404521.69;123324.0;1270.92
4986;404520.12;123323.6;1269.86
607;404518.99;123317.29;1262.19
7308;404518.65;123316.62;1262.9
5111;404518.57;123315.63;1263.14
5785;404499.9;123314.56;1240.42
550;404490.03;123310.58;1197.73
2829;404493.57;123318.51;1231.54
4927;404504.53;123308.84;1240.32
7222;404501.76;123335.33;1177.66
873;404501.37;123337.58;1175.88
4062;404500.62;123339.42;1176.16
964;404500.78;123348.3;1175.69
6026;404501.4;123354.17;1175.59
4364;404500.67;123361.05;1173.99
6266;404500.42;123365.88;1173.22
1867;404501.62;123369.38;1173.09
735;404500.54;123372.72;1170.45
7557;404503.05;123374.54;1170.39
4530;404503.05;123374.54;1162.29
3751;404500.34;123371.64;1160.92
1520;404500.34;123371.64;1155.92
5777;404495.31;123365.86;1154.44
4957;404487.57;123367.79;1152.15
3428;404482.64;123369.89;1151.49
3296;404482.3;123372.66;1151.29
7422;404476.42;123375.03;1150.4
526;404474.77;123371.49;1139.06
1484;404474.29;123368.05;1130.0
3221;404473.5;123356.82;1123.5
5895;404472.28;123357.84;1120.84
2188;404471.16;123347.44;1122.66
1760;404473.5;123356.82;1114.9
1464;404472.28;123357.84;1113.24
1791;404476.33;123357.47;1112.29
4386;404477.19;123357.97;1112.21
3150;404477.19;123357.97;1102.71
3906;404480.25;123357.37;1100.36
6681;404479.46;123366.35;1094.05
2804;404479.17;123366.41;1094.06
4768;404480.46;123363.76;1092.0
4224;404480.05;123362.21;1088.56
6276;404480.05;123362.21;1082.26
3898;404477.92;123363.34;1078.82
6172;404477.19;123358.16;1076.81
359;404474.74;123354.24;1074.65
7439;404473.36;123351.94;1072.91
545;404491.52;123321.2;1188.73
566;404492.24;123323.4;1187.55
3556;404494.16;123323.5;1185.0
171;404497.22;123324.67;1182.7
332;404499.08;123329.28;1182.09
4136;404501.04;123332.54;1178.55
521;404501.04;123332.54;1168.15
4243;404493.57;123318.51;1217.54
4068;404492.95;123324.48;1217.54
806;404489.76;123326.4;1216.75
6194;404489.76;123326.4;1188.65
4212;404507.65;123309.57;1240.68
5212;404513.25;123307.84;1241.13
6882;404517.55;123310.67;1243.47
7293;404517.52;123311.76;1264.1
4585;404519.53;123319.43;1271.6
621;404519.83;123325.09;1273.77
4790;404519.96;123333.1;1281.78
4099;404518.23;123338.26;1283.14
4948;404518.12;123344.97;1285.96
25;404523.04;123355.33;1349.72
5743;404518.7;123295.29;1303.26
1762;404522.39;123285.93;1308.93
4935;404502.42;123333.56;1320.11
6915;404500.27;123336.51;1321.0
5646;404501.33;123338.71;1323.22
2542;404499.25;123339.45;1325.19
6969;404500.31;123341.89;1327.29
4962;404542.42;123364.49;1371.96
357;404545.98;123377.54;1389.42
3853;404545.99;123378.39;1408.21
3406;404540.07;123381.98;1413.98
3038;404540.09;123383.13;1435.97
2669;404545.27;123384.86;1435.94
4982;404549.53;123390.49;1435.89
2259;404546.1;123395.17;1438.74
5498;404546.96;123408.47;1439.63
3222;404548.79;123406.02;1441.33
2237;404552.33;123410.64;1445.86
1384;404555.46;123409.86;1448.34
1128;404561.59;123412.56;1447.13
2414;404572.17;123423.59;1446.94
6011;404571.74;123427.25;1488.4
1897;404578.33;123433.12;1497.84
439;404584.69;123439.23;1497.77
7505;404590.16;123444.23;1497.72
5668;404592.46;123449.11;1501.88
5025;404593.57;123451.92;1505.2
7479;404599.26;123458.82;1508.18
7211;404603.22;123462.49;1508.15
6066;404608.0;123468.0;1506.62
5487;404607.97;123468.19;1513.38
3962;404613.39;123474.06;1516.84
3306;404536.85;123368.0;1387.37
2449;404540.13;123363.67;1387.18
3239;404531.24;123353.71;1383.81
4917;404524.08;123358.54;1381.93
6004;404519.32;123379.59;1378.34
5800;404516.6;123382.05;1377.27
6113;404515.24;123385.48;1375.2
1490;404514.58;123384.6;1374.99
4366;404515.11;123388.37;1376.03
1334;404511.79;123383.96;1363.52
6451;404509.69;123382.38;1357.63
6739;404510.03;123378.52;1356.37
6187;404512.23;123372.81;1357.34
20;404514.58;123369.45;1354.02
4423;404514.58;123369.45;1351.86
7340;404514.58;123369.45;1349.78
1452;404516.97;123390.53;1379.68
4561;404518.97;123389.08;1382.9
2781;404521.06;123389.28;1383.58
3657;404521.6;123390.63;1382.21
6053;404518.72;123393.84;1380.62
5679;404516.35;123404.72;1385.87
481;404513.36;123412.3;1386.29
1677;404510.44;123417.85;1390.58
1919;404506.49;123430.58;1390.78
4714;404504.63;123438.35;1392.64
2872;404506.05;123444.19;1393.05
3749;404502.7;123443.45;1391.13
6755;404502.71;123443.44;1387.6
6480;404501.8;123445.53;1388.53
4718;404496.29;123454.12;1387.79
2671;404496.1;123454.81;1390.35
4175;404490.63;123468.15;1390.57
2530;404490.65;123468.14;1394.77
4723;404485.88;123484.72;1395.03
4823;404483.31;123491.56;1393.17
7423;404482.41;123491.82;1392.41
2496;404487.75;123489.39;1398.19
6281;404482.56;123492.36;1390.18
3195;404480.82;123492.7;1389.39
1577;404478.73;123497.88;1388.3
2843;404476.03;123501.33;1386.88
6541;404476.85;123503.85;1387.79
2343;404477.12;123511.52;1389.85
2251;404470.65;123520.76;1390.84
2806;404469.46;123522.46;1389.44
1663;404470.65;123520.76;1344.84
6917;404466.88;123526.01;1364.52
5422;404457.73;123533.97;1354.71
1009;404457.38;123535.98;1350.33
3484;404446.24;123558.81;1351.22
4468;404444.93;123560.37;1350.67
3640;404443.39;123569.46;1358.11
1553;404450.31;123558.53;1350.2
1524;404445.55;123563.91;1347.08
3058;404443.48;123565.98;1345.71
6503;404442.59;123566.87;1341.01
6959;404442.59;123566.87;1335.25
4726;404439.24;123571.66;1334.74
4991;404438.26;123575.3;1331.58
7098;404436.17;123581.06;1325.45
2511;404452.1;123556.39;1347.6
3212;404456.96;123546.42;1341.95
3669;404461.61;123540.47;1332.62
4237;404470.04;123519.08;1344.01
5750;404468.8;123523.72;1344.01
3479;404468.8;123523.72;1339.34
2266;404468.8;123531.21;1339.99
5113;404466.6;123535.02;1340.22
5770;404466.6;123535.02;1336.79
5719;404466.89;123538.24;1336.51
6389;404466.89;123542.49;1323.43
3804;404490.88;123492.91;1398.68
6770;404493.64;123491.44;1398.73
525;404505.82;123497.6;1388.55
6919;404508.38;123502.11;1388.81
4799;404518.96;123507.96;1383.95
6169;404521.54;123520.03;1387.97
3170;404524.09;123524.17;1402.15
5689;404525.47;123526.7;1423.25
6498;404525.11;123528.61;1423.38
5074;404526.97;123530.5;1423.94
2272;404528.65;123531.89;1426.35
2095;404528.61;123531.7;1441.34
4839;404527.1;123521.18;1444.53
194;404527.38;123514.87;1444.58
3597;404526.8;123511.4;1442.49
5555;404525.21;123511.81;1442.9
2833;404539.51;123501.41;1446.45
1323;404524.17;123504.18;1442.22
6861;404526.53;123515.05;1444.53
3269;404524.45;123523.09;1444.94
825;404522.33;123523.57;1444.43
7559;404522.18;123525.66;1444.46
5425;404521.07;123525.8;1444.38
6170;404521.51;123527.31;1444.48
4464;404519.61;123527.67;1444.62
6812;404518.51;123529.29;1444.48
3666;404516.88;123530.68;1444.56
6693;404514.53;123532.38;1444.7
2928;404510.69;123533.61;1444.65
4498;404511.23;123535.83;1444.41
2221;404509.34;123535.98;1444.44
1779;404510.15;123537.47;1444.72
120;404509.19;123537.96;1444.75
5571;404508.3;123536.97;1444.07
834;404507.74;123536.0;1442.45
5240;404505.7;123536.98;1441.86
4126;404505.73;123535.89;1439.51
1865;404504.73;123533.39;1438.74
6427;404504.54;123530.08;1438.56
6064;404504.83;123528.23;1439.24
1163;404503.13;123527.46;1439.14
1153;404500.99;123526.42;1439.24
1921;404501.26;123525.01;1439.47
3612;404501.9;123521.74;1439.39
7168;404497.84;123519.98;1439.71
3869;404502.39;123518.48;1439.28
7173;404494.94;123510.85;1438.8
3458;404492.86;123510.56;1438.14
1372;404491.24;123508.65;1437.92
503;404488.76;123509.33;1437.67
3784;404488.08;123506.0;1437.28
173;404486.48;123503.9;1436.96
2308;404486.22;123505.65;1437.21
6186;404484.39;123505.95;1437.07
851;404486.32;123510.92;1437.65
2528;404484.58;123511.97;1437.62
4501;404483.2;123515.75;1437.25
4367;404481.13;123515.77;1437.92
4968;404482.91;123512.32;1443.1
1883;404479.02;123514.5;1438.62
1594;404477.57;123514.77;1437.89
1492;404476.93;123512.43;1438.57
134;404474.83;123509.41;1439.43
1728;404475.61;123508.56;1439.13
1003;404472.79;123509.7;1439.79
1049;404480.07;123509.47;1441.6
2034;404466.06;123503.2;1441.75
4779;404463.93;123502.51;1442.88
645;404461.62;123503.52;1442.59
2706;404459.48;123503.49;1443.6
7436;404455.45;123503.02;1441.49
5276;404481.52;123510.34;1443.55
2855;404486.27;123514.87;1441.41
1243;404486.87;123519.63;1438.53
3005;404488.69;123521.59;1438.28
5952;404491.2;123524.8;1437.77
1174;404503.37;123515.1;1437.03
213;404539.61;123501.42;1463.71
1001;404541.38;123500.75;1463.69
2389;404542.44;123500.27;1463.68
2220;404548.76;123500.38;1463.73
595;404549.91;123504.03;1463.15
7107;404562.2;123507.74;1464.21
2138;404562.47;123503.87;1464.14
2840;404571.33;123507.76;1462.23
5883;404562.34;123506.29;1460.55
5468;404558.14;123502.23;1460.55
6854;404558.14;123502.23;1458.18
963;404556.84;123499.97;1458.5
4613;404554.95;123502.88;1457.57
1068;404554.13;123499.06;1459.32
4832;404551.9;123499.61;1458.74
4472;404549.69;123501.05;1457.09
3675;404549.78;123499.42;1456.98
5607;404550.4;123497.39;1457.43
4043;404548.7;123492.45;1457.43
5363;404545.48;123494.7;1458.19
2001;404546.35;123497.09;1457.17
1213;404543.3;123497.74;1457.11
3277;404540.7;123494.41;1452.07
596;404539.33;123495.68;1451.91
4419;404534.28;123493.33;1447.56
2616;404539.33;123495.68;1441.41
7445;404532.11;123497.98;1446.09
6133;404532.2;123499.62;1443.83
6226;404526.29;123499.52;1443.52
4378;404526.29;123499.52;1441.06
3088;404524.55;123497.66;1440.97
2849;404524.22;123499.99;1440.39
1482;404522.04;123503.49;1439.95
6580;404519.58;123501.43;1437.79
1920;404516.57;123503.46;1434.64
6815;404506.97;123499.19;1418.45
1789;404513.47;123495.73;1417.42
5270;404504.74;123499.38;1416.77
3012;404519.78;123500.15;1410.24
4873;404524.42;123506.54;1411.91
5183;404503.63;123500.54;1407.67
5995;404503.63;123500.54;1392.07
3799;404539.33;123495.68;1442.61
299;404540.23;123498.3;1443.25
5685;404535.38;123501.95;1443.89
6830;404536.02;123503.8;1441.93
431;404536.02;123503.8;1438.43
2666;404571.41;123507.76;1477.38
4060;404578.65;123507.4;1478.32
2294;404578.7;123507.4;1490.0
4288;404576.57;123509.09;1493.97
3705;404575.64;123522.38;1497.24
2361;404574.43;123527.05;1497.95
2397;404571.16;123534.61;1500.09
5239;404570.19;123542.11;1502.92
3616;404569.59;123536.41;1506.94
6581;404574.67;123541.72;1508.25
7347;404567.57;123531.85;1500.32
4741;404563.07;123530.56;1498.98
6486;404557.86;123522.83;1488.98
4798;404562.56;123518.29;1486.47
5459;404563.06;123515.75;1485.15
7525;404565.97;123516.65;1483.32
6263;404566.89;123510.88;1479.08
2083;404561.58;123507.43;1480.65
3474;404560.5;123505.21;1478.27
2133;404551.67;123503.97;1477.02
4960;404551.23;123501.47;1476.24
3699;404550.33;123502.91;1476.15
4349;404548.31;123500.58;1475.83
4412;404547.18;123501.11;1475.83
7412;404547.18;123501.11;1470.93
547;404580.13;123538.86;1508.94
3750;404585.93;123538.66;1510.63
4936;404588.49;123535.06;1510.12
4628;404591.49;123538.71;1510.99
3213;404591.5;123538.72;1512.03
2128;404594.52;123538.72;1510.11
3829;404596.6;123541.35;1508.21
5707;404597.48;123542.16;1504.43
293;404596.95;123539.58;1504.17
1669;404596.96;123539.58;1503.22
3845;404596.95;123539.83;1472.81
640;404620.5;123585.89;1512.99
497;404625.22;123589.58;1508.47
398;404635.13;123593.61;1513.48
4359;404617.1;123572.26;1513.35
6922;404623.04;123590.37;1504.61
2312;404628.49;123589.89;1491.08
6237;404626.23;123590.71;1491.08
1018;404625.83;123593.0;1489.9
7208;404621.9;123594.43;1489.53
2447;404619.91;123596.1;1488.03
2958;404617.86;123601.72;1485.24
6652;404619.38;123603.53;1484.82
4847;404623.9;123599.87;1485.85
2468;404628.38;123605.21;1485.24
3168;404630.64;123601.31;1483.6
7408;404634.86;123598.87;1483.09
2364;404634.03;123598.99;1483.09
4951;404634.74;123593.91;1481.42
4849;404636.61;123592.7;1480.08
1763;404641.22;123597.81;1481.68
4514;404635.02;123591.41;1479.21
4728;404637.64;123595.44;1479.3
3289;404643.88;123598.47;1479.77
6683;404643.88;123598.47;1474.17
7484;404643.32;123601.99;1473.67
600;404641.72;123602.67;1474.51
6965;404640.69;123604.6;1474.71
3451;404637.08;123606.21;1475.55
4539;404637.27;123608.33;1478.36
4970;404634.37;123610.36;1477.61
5152;404665.8;123610.64;1516.45
7492;404666.84;123607.32;1517.26
5860;404669.91;123609.97;1516.37
6023;404671.92;123613.6;1512.98
5831;404662.61;123612.75;1515.72
1837;404662.84;123608.19;1513.7
2249;404675.75;123616.75;1529.24
2720;404672.77;123621.18;1528.88
6130;404677.02;123625.78;1530.16
6927;404676.36;123630.67;1529.87
4424;404670.25;123633.29;1528.45
4821;404664.63;123641.71;1527.94
1518;404659.17;123649.92;1526.49
6855;404658.96;123649.6;1526.47
6176;404659.86;123651.74;1527.28
5134;404654.47;123655.13;1520.91
5204;404649.01;123657.21;1521.45
6218;404645.7;123662.58;1519.42
3013;404649.42;123655.56;1521.59
3529;404650.29;123682.49;1528.09
6718;404662.76;123651.2;1520.16
5210;404668.27;123646.12;1515.79
5507;404679.51;123640.65;1518.14
7301;404679.56;123630.61;1514.94
3329;404680.39;123627.41;1518.49
898;404678.01;123626.41;1520.25
863;404673.61;123622.16;1519.04
2817;404678.06;123616.66;1520.23
7473;404671.62;123613.11;1520.13
3478;404669.93;123609.55;1537.66
4769;404669.94;123611.13;1541.63
7079;404673.19;123621.13;1542.17
5630;404673.2;123621.09;1547.66
1973;404669.3;123619.86;1551.65
5703;404664.96;123624.54;1551.98
4749;404661.55;123630.77;1554.17
6609;404655.95;123631.94;1553.76
6984;404655.93;123690.55;1531.48
761;404655.58;123700.6;1537.05
2031;404655.59;123700.85;1546.54
127;404645.87;123701.52;1535.89
3796;404650.36;123705.93;1552.98
490;404651.0;123706.02;1552.98
1637;404644.82;123708.8;1555.7
4014;404643.51;123712.14;1555.69
6826;404640.83;123714.91;1555.69
5125;404638.62;123718.69;1557.69
161;404639.37;123722.52;1558.02
4533;404636.41;123723.48;1558.74
1971;404631.3;123723.48;1559.45
3502;404622.17;123730.55;1559.42
4643;404617.48;123734.64;1558.21
1175;404611.98;123742.29;1559.16
4339;404607.7;123741.99;1556.65
3536;404598.13;123748.39;1550.55
3704;404595.06;123757.28;1544.13
4958;404590.57;123761.2;1546.27
4084;404590.05;123758.73;1541.32
3125;404588.99;123764.29;1546.76
6442;404595.98;123752.21;1538.9
1026;404603.03;123750.23;1540.57
501;404609.08;123744.84;1534.11
5853;404615.1;123738.0;1531.61
3392;404618.39;123736.99;1533.21
6547;404621.45;123732.76;1532.83
4556;404621.46;123732.85;1528.02
3270;404630.64;123726.11;1530.01
5267;404641.16;123719.52;1536.64
3432;404622.04;123734.61;1536.48
4905;404622.04;123734.61;1516.75
495;404624.67;123730.23;1515.18
6817;404627.2;123726.02;1512.23
5083;404626.9;123721.78;1510.07
4289;404630.44;123723.1;1512.92
6114;404629.32;123719.68;1510.81
4016;404631.01;123716.2;1509.98
7376;404631.01;123716.2;1504.13
5420;404632.35;123709.9;1502.29
979;404632.35;123709.9;1495.94
3588;404631.07;123706.38;1496.6
6158;404632.14;123703.61;1494.43
869;404628.48;123701.49;1493.84
4172;404626.68;123697.25;1488.89
3974;404627.69;123696.48;1487.79
3819;404627.69;123696.48;1483.34
6553;404629.05;123690.06;1482.77
7491;404630.07;123687.27;1482.14
5491;404632.37;123680.19;1480.55
3389;404635.37;123678.16;1480.81
5816;404635.85;123676.7;1478.14
1639;404640.61;123669.09;1478.61
4482;404640.66;123665.87;1477.5
3497;404643.82;123658.05;1475.55
553;404643.05;123656.31;1475.65
6714;404644.22;123653.78;1475.95
1391;404642.28;123648.71;1474.59
610;404630.44;123723.1;1500.32
3361;404645.65;123709.96;1537.75
2679;404587.17;123766.11;1547.86
1074;404584.35;123765.66;1547.35
5146;404581.39;123766.18;1550.57
5659;404584.16;123768.86;1553.92
849;404586.32;123771.94;1554.93
2238;404578.35;123777.73;1559.11
7165;404572.01;123779.79;1561.53
3164;404570.62;123783.08;1563.35
3350;404570.51;123785.14;1558.91
7358;404566.47;123793.42;1560.2
3448;404567.87;123796.89;1560.86
5308;404566.7;123800.13;1562.47
2125;404567.6;123804.77;1564.1
3688;404565.24;123804.44;1564.43
5225;404564.91;123808.2;1563.13
4458;404561.82;123808.26;1563.96
1966;404560.91;123814.05;1564.57
1192;404563.99;123817.03;1566.95
6978;404568.08;123828.92;1571.28
509;404567.66;123834.96;1573.02
3018;404572.11;123843.69;1576.2
1972;404571.55;123846.87;1581.37
4316;404569.04;123850.46;1581.83
3248;404569.04;123850.46;1588.03
7199;404569.04;123852.72;1594.23
3780;404560.3;123869.14;1601.01
1285;404573.41;123877.02;1612.95
6082;404582.39;123890.85;1617.06
6456;404562.42;123900.59;1637.07
5848;404675.05;123612.39;1512.01
2207;404675.46;123616.98;1512.04
5401;404673.7;123621.18;1512.22
6340;404676.4;123623.88;1512.59
2182;404673.9;123628.51;1512.38
4124;404671.01;123631.73;1512.48
3390;404671.57;123635.64;1512.11
4733;404673.73;123636.84;1512.04
1471;404670.83;123634.94;1511.22
80;404672.2;123637.72;1511.77
2533;404668.44;123634.0;1511.25
5616;404666.93;123632.91;1511.46
709;404666.84;123630.93;1511.76
3325;404664.6;123629.21;1511.8
6515;404664.69;123626.77;1512.53
4170;404665.76;123623.62;1511.56
5958;404664.28;123620.11;1512.03
3190;404666.43;123615.48;1512.34
2195;404661.59;123615.28;1512.03
6013;404661.96;123616.42;1509.73
3817;404661.08;123617.54;1506.96
6294;404662.7;123614.88;1505.0
5360;404664.59;123612.15;1504.12
3440;404669.41;123614.11;1504.35
2876;404672.86;123618.94;1501.4
5549;404670.78;123618.46;1502.18
1299;404673.24;123618.29;1500.87
7490;404667.59;123623.27;1499.97
4887;404669.81;123626.99;1497.62
4360;404669.33;123629.75;1497.3
5431;404668.79;123627.47;1497.33
624;404673.01;123632.63;1497.14
3449;404665.95;123625.64;1497.06
1757;404662.23;123627.23;1497.44
4947;404660.66;123629.8;1497.88
4022;404661.11;123631.96;1498.13
6394;404662.84;123632.37;1498.7
4709;404662.83;123637.58;1500.23
3174;404663.73;123637.37;1499.88
6956;404664.9;123637.14;1501.13
4499;404668.01;123639.77;1502.42
3765;404674.43;123643.11;1505.94
5530;404674.72;123638.99;1509.79
2851;404676.58;123629.85;1492.62
6997;404675.49;123649.49;1492.25
2474;404674.43;123651.26;1491.15
2686;404675.3;123651.69;1491.45
3116;404668.41;123652.11;1489.75
4114;404665.75;123655.39;1488.93
7367;404666.56;123659.55;1489.0
3560;404665.9;123663.71;1490.29
2835;404664.39;123668.67;1490.66
5891;404662.95;123672.4;1489.88
2964;404661.45;123675.78;1490.01
5138;404659.07;123675.7;1487.86
7304;404655.33;123677.77;1488.31
5699;404654.47;123682.68;1489.19
5081;404654.97;123688.39;1493.2
6955;404658.68;123690.53;1495.77
5170;404663.23;123696.8;1501.2
2553;404666.03;123693.34;1502.14
1036;404671.05;123651.91;1489.64
140;404671.38;123653.77;1489.31
5697;404673.73;123653.28;1481.94
4427;404673.66;123651.43;1472.41
4523;404675.84;123650.17;1467.46
7140;404673.44;123652.66;1472.63
2115;404676.48;123649.29;1475.69
2141;404679.89;123644.92;1474.61
667;404683.91;123640.45;1470.08
1545;404683.12;123640.31;1470.61
1438;404684.32;123637.48;1470.66
6203;404687.14;123629.74;1470.66
1020;404687.38;123622.95;1470.3
1560;404688.83;123620.22;1470.25
5232;404690.57;123615.42;1471.24
1694;404691.25;123612.24;1470.06
7118;404692.28;123607.38;1469.97
7299;404693.0;123601.52;1470.38
250;404691.5;123596.61;1470.2
6191;404692.14;123596.92;1470.28
1000;404689.42;123594.3;1469.93
48;404692.9;123594.84;1469.68
5106;404695.64;123591.8;1468.81
5071;404699.83;123584.83;1467.82
6942;404701.85;123585.77;1468.81
2185;404704.07;123583.03;1466.25
2593;404706.52;123580.3;1464.69
23;404708.88;123576.23;1464.44
2538;404710.6;123573.11;1464.25
5552;404711.95;123572.98;1464.36
153;404712.23;123570.07;1460.9
1792;404713.1;123566.73;1460.78
4115;404715.72;123562.98;1461.52
2394;404714.6;123561.33;1460.35
2348;404714.57;123559.9;1455.71
5817;404715.16;123557.07;1454.89
2498;404715.75;123554.5;1453.17
345;404716.12;123551.56;1452.82
5692;404714.44;123550.05;1451.78
832;404715.19;123551.28;1441.9
1465;404716.8;123549.6;1440.85
5583;404712.99;123550.52;1442.22
1240;404715.35;123547.31;1446.16
6204;404719.03;123550.43;1440.04
5441;404718.99;123546.76;1440.8
6616;404719.29;123543.51;1440.4
1578;404714.73;123543.34;1438.9
461;404721.9;123543.05;1441.49
3615;404714.2;123541.26;1437.8
2356;404711.62;123541.11;1436.29
3039;404710.69;123542.88;1436.04
2767;404710.73;123543.37;1435.76
3487;404712.92;123547.35;1435.11
1076;404716.22;123545.18;1434.33
555;404718.37;123545.72;1430.63
5897;404718.69;123547.75;1425.86
3234;404721.1;123547.62;1425.23
1754;404720.17;123548.22;1424.75
6425;404721.73;123545.82;1424.75
5157;404717.64;123546.83;1425.34
6617;404717.35;123550.66;1420.8
5063;404713.01;123548.24;1418.67
5987;404712.19;123547.49;1410.22
557;404714.42;123550.71;1410.27
6163;404711.51;123551.73;1408.86
2802;404708.98;123553.08;1407.56
4322;404709.64;123551.64;1407.3
5934;404709.0;123552.31;1407.25
6971;404711.88;123551.36;1405.67
3320;404708.27;123553.12;1406.59
6584;404707.39;123553.15;1406.37
3163;404706.77;123553.44;1404.34
2571;404707.97;123553.34;1403.66
3552;404709.49;123553.22;1403.15
5060;404709.64;123553.95;1403.15
2830;404713.6;123555.31;1400.46
1573;404714.76;123553.15;1389.81
7372;404716.12;123550.04;1382.74
3360;404718.55;123548.1;1381.52
290;404718.79;123545.0;1380.44
6301;404718.16;123545.19;1379.33
5570;404719.45;123548.0;1375.08
3009;404717.09;123543.6;1383.04
743;404717.39;123542.39;1381.76
3053;404715.01;123542.19;1385.36
2288;404715.92;123543.13;1385.76
1854;404721.72;123546.72;1373.89
98;404721.9;123549.1;1372.18
2040;404724.12;123548.52;1368.98
753;404726.3;123547.77;1365.78
1982;404727.89;123549.55;1365.74
6511;404727.37;123551.82;1363.12
2172;404725.75;123556.25;1358.44
7344;404727.19;123555.15;1356.69
2919;404728.2;123553.33;1356.17
4786;404727.58;123551.94;1355.21
3921;404728.78;123551.21;1355.32
4049;404731.9;123549.21;1353.99
3043;404731.71;123548.58;1354.58
7519;404731.51;123549.04;1352.83
4752;404734.31;123550.02;1352.29
5087;404737.87;123550.08;1348.84
5718;404737.24;123549.5;1348.02
1795;404738.3;123550.75;1347.81
976;404738.57;123551.21;1347.67
4061;404739.0;123552.3;1347.73
1239;404740.53;123552.59;1347.8
270;404740.27;123554.56;1347.28
1561;404739.73;123553.57;1346.59
2028;404738.64;123554.77;1346.41
728;404718.78;123547.58;1419.51
3944;404715.6;123544.35;1446.91
4735;404714.92;123542.2;1446.03
6309;404717.07;123542.17;1444.98
7480;404716.89;123545.64;1444.44
3206;404709.29;123579.04;1464.37
4103;404709.29;123579.04;1468.59
1171;404714.56;123571.51;1468.43
5862;404719.08;123568.11;1468.83
1622;404720.25;123565.22;1467.37
7414;404721.13;123564.36;1466.31
1877;404726.95;123562.69;1466.31
672;404726.7;123559.07;1464.91
1318;404727.61;123554.38;1463.08
1943;404729.7;123548.3;1462.51
2916;404731.01;123546.12;1462.06
6691;404733.54;123539.54;1453.97
559;404739.12;123537.17;1452.68
6236;404739.12;123528.21;1450.77
2554;404737.93;123529.21;1450.78
3897;404737.93;123527.65;1450.97
5586;404736.72;123527.62;1448.87
4802;404733.51;123532.61;1449.33
5871;404730.78;123536.7;1444.52
5559;404730.61;123526.63;1443.21
4575;404734.69;123522.28;1442.94
1617;404733.25;123518.57;1442.27
272;404737.31;123516.31;1442.29
1148;404738.05;123510.75;1440.74
7403;404738.07;123510.48;1427.05
7355;404735.98;123508.34;1427.06
2850;404738.03;123507.46;1428.05
2092;404735.89;123501.3;1427.18
3258;404732.66;123499.21;1425.49
7370;404732.34;123496.73;1423.63
2613;404731.97;123490.1;1421.8
5222;404732.99;123492.53;1423.67
1605;404732.65;123488.03;1420.48
1559;404734.11;123493.54;1429.71
6087;404734.37;123492.29;1429.52
1273;404734.39;123492.27;1433.4
2618;404736.49;123491.01;1434.75
2392;404735.86;123486.05;1434.96
3716;404734.62;123485.92;1437.59
3909;404732.91;123492.58;1438.62
5054;404734.41;123494.92;1444.94
100;404737.64;123498.65;1446.77
4248;404740.28;123499.23;1447.31
6107;404744.3;123501.12;1448.85
1893;404746.64;123505.95;1449.07
1709;404748.91;123506.16;1449.56
6935;404754.45;123507.37;1450.89
2980;404753.6;123511.56;1451.6
5624;404753.38;123511.56;1451.6
6173;404753.56;123517.33;1452.56
4168;404751.18;123516.57;1452.09
2769;404750.48;123519.99;1451.29
6459;404748.09;123519.75;1450.57
5332;404741.68;123520.48;1450.04
4406;404729.58;123484.62;1418.25
3181;404730.71;123483.17;1405.15
5786;404727.31;123481.91;1405.66
2514;404726.58;123481.25;1400.51
4214;404726.72;123478.35;1400.24
1355;404726.32;123474.11;1397.88
2224;404724.84;123475.41;1401.32
3865;404724.03;123475.39;1397.05
70;404725.25;123471.26;1398.65
3244;404725.96;123477.95;1392.01
5340;404729.78;123477.45;1391.43
5981;404731.39;123474.05;1391.49
2129;404733.91;123474.77;1389.05
3204;404733.39;123470.02;1388.36
4189;404734.9;123468.67;1388.72
5892;404737.71;123469.67;1388.01
617;404738.35;123467.87;1386.23
4311;404737.15;123464.22;1386.25
5899;404734.96;123470.02;1386.0
2828;404738.52;123457.82;1373.48
5250;404739.02;123455.04;1373.82
512;404742.11;123455.51;1369.09
1194;404745.01;123448.52;1358.72
4629;404743.73;123448.0;1361.48
2516;404739.33;123452.24;1358.87
1928;404743.71;123446.61;1362.78
3326;404742.16;123445.59;1364.24
2151;404745.48;123442.99;1364.62
3855;404742.4;123447.6;1366.21
4883;404740.54;123448.7;1369.57
6568;404739.49;123449.31;1369.55
6137;404734.88;123451.64;1370.73
175;404733.52;123452.04;1372.76
6365;404731.7;123453.23;1373.8
1810;404729.57;123451.84;1373.41
6379;404723.84;123455.39;1374.12
2147;404723.41;123453.73;1373.07
3752;404722.63;123454.65;1381.72
1135;404721.74;123456.1;1381.8
4013;404716.28;123456.17;1382.21
4959;404716.21;123456.15;1392.51
6593;404715.28;123457.69;1393.65
1357;404715.29;123459.98;1394.2
2094;404711.68;123465.57;1394.24
7238;404713.32;123467.79;1394.11
2674;404718.12;123466.55;1394.06
7551;404721.42;123465.39;1394.65
5275;404722.43;123469.33;1394.25
6607;404722.4;123469.32;1398.44
1224;404723.12;123470.1;1398.05
5233;404747.78;123442.97;1365.41
2818;404747.74;123445.94;1364.16
4436;404748.93;123445.5;1363.77
988;404751.0;123445.1;1363.82
7337;404753.77;123446.31;1363.28
7091;404754.9;123447.35;1360.14
6223;404753.43;123450.98;1359.08
5597;404754.57;123451.93;1356.6
5460;404754.94;123448.99;1355.25
3476;404754.61;123447.39;1353.2
981;404753.52;123446.68;1349.69
216;404752.77;123447.3;1348.56
569;404754.93;123445.37;1347.87
5794;404751.09;123445.16;1346.38
6096;404756.36;123444.51;1347.47
4450;404749.91;123442.78;1346.2
5461;404747.26;123441.49;1346.88
4981;404742.54;123443.18;1346.48
2637;404740.71;123442.84;1346.83
6992;404738.27;123442.31;1346.69
2996;404736.98;123442.8;1346.92
3828;404734.79;123445.88;1334.37
960;404735.67;123443.4;1353.95
2564;404737.59;123448.86;1335.09
2897;404737.47;123443.48;1354.25
3795;404737.9;123443.35;1355.73
6006;404740.84;123442.25;1358.12
3800;404743.73;123440.32;1358.47
2724;404740.69;123444.98;1358.4
1221;404737.07;123450.65;1357.91
5295;404732.32;123452.39;1335.14
7469;404730.97;123452.12;1332.48
2046;404730.28;123455.11;1332.21
6960;404732.26;123457.5;1331.54
878;404724.07;123463.29;1329.52
3626;404722.09;123462.96;1329.98
1765;404724.55;123462.73;1325.63
340;404724.08;123461.14;1325.86
1729;404718.9;123465.92;1319.84
4491;404714.71;123466.76;1314.54
1946;404714.76;123468.83;1313.98
6489;404706.48;123468.29;1302.47
6979;404708.02;123464.65;1302.95
4692;404704.25;123461.72;1302.83
3465;404705.67;123453.96;1302.47
4903;404703.61;123452.32;1303.41
4579;404703.51;123450.58;1303.44
778;404710.25;123445.34;1302.64
7402;404709.45;123442.09;1302.28
5475;404712.08;123438.92;1302.07
5220;404714.73;123431.24;1301.19
5206;404715.08;123429.43;1301.97
6936;404716.54;123426.29;1302.14
1832;404713.8;123419.55;1301.75
5439;404710.77;123418.39;1300.28
6727;404708.66;123413.57;1299.26
1152;404705.24;123411.24;1299.67
6778;404702.55;123409.33;1298.47
425;404700.86;123405.3;1297.85
6278;404695.93;123403.18;1299.33
6656;404695.51;123401.18;1299.32
5976;404693.51;123401.28;1299.29
864;404692.4;123398.52;1298.52
2219;404691.68;123394.64;1295.27
1415;404691.16;123393.58;1296.58
5930;404691.16;123393.58;1267.67
2137;404688.22;123390.65;1268.33
4265;404682.32;123386.27;1266.95
7442;404690.37;123393.78;1267.78
4218;404681.45;123383.93;1267.31
2217;404677.95;123382.67;1266.27
541;404675.23;123383.02;1265.18
493;404672.99;123386.45;1264.18
2914;404671.15;123386.3;1263.9
6975;404668.45;123391.78;1262.65
5740;404664.72;123391.14;1261.8
1265;404662.73;123392.16;1261.73
6491;404660.34;123393.55;1261.26
1331;404661.33;123398.38;1261.2
333;404661.47;123390.24;1260.32
1514;404663.55;123400.2;1261.56
3263;404668.25;123401.05;1261.59
6058;404672.33;123399.41;1264.17
4881;404674.05;123397.02;1264.6
1684;404678.03;123394.73;1264.95
3118;404680.38;123395.07;1265.64
5566;404684.41;123393.45;1266.35
5427;404661.55;123386.21;1260.74
5796;404658.78;123383.97;1259.16
6259;404656.4;123386.26;1257.17
5700;404655.14;123384.86;1255.86
7468;404654.11;123389.0;1256.76
4440;404648.13;123384.12;1254.74
85;404655.87;123390.64;1257.01
6828;404658.41;123391.27;1257.15
1005;404659.92;123394.37;1257.88
3578;404662.84;123395.49;1258.16
6184;404643.57;123379.24;1254.85
5602;404639.53;123378.45;1253.19
4945;404638.81;123374.35;1252.97
5202;404640.74;123371.14;1253.24
889;404638.03;123367.4;1253.32
6100;404637.76;123364.35;1252.72
3756;404630.84;123363.13;1253.09
1747;404627.59;123358.98;1251.17
2604;404624.39;123357.13;1251.04
2122;404619.29;123356.23;1252.43
1039;404616.94;123352.62;1251.51
3670;404618.01;123349.12;1251.32
1541;404623.91;123350.27;1251.01
1632;404622.23;123345.09;1251.48
312;404624.2;123341.68;1251.42
2896;404621.29;123339.42;1252.06
1374;404619.72;123334.57;1252.15
3694;404616.02;123332.6;1252.45
3327;404613.43;123328.29;1252.1
7316;404608.05;123325.9;1252.2
3469;404606.89;123322.87;1251.97
2448;404605.02;123322.33;1250.4
7361;404598.34;123321.28;1248.84
6704;404596.54;123324.97;1247.96
5278;404598.82;123332.93;1247.38
3822;404593.19;123333.32;1245.44
5018;404590.95;123338.34;1243.86
2500;404584.72;123340.99;1241.92
5003;404583.33;123345.27;1239.73
6539;404585.23;123345.0;1238.79
5940;404584.3;123347.44;1236.68
1423;404588.46;123348.55;1234.85
7532;404588.37;123349.27;1235.52
6516;404589.71;123350.01;1236.16
4724;404588.97;123349.44;1218.74
3964;404590.5;123356.46;1218.64
487;404590.4;123358.27;1218.51
7142;404590.0;123362.74;1218.45
291;404591.07;123362.57;1217.88
717;404591.96;123363.97;1215.3
2861;404593.84;123365.87;1214.97
4665;404592.33;123367.5;1214.89
5576;404594.3;123369.14;1215.04
5236;404595.69;123371.97;1214.59
4755;404594.7;123372.65;1201.62
7062;404595.22;123374.35;1201.37
951;404600.07;123370.66;1201.5
724;404594.99;123377.21;1201.71
986;404595.08;123381.89;1201.42
691;404592.03;123391.52;1200.63
7350;404599.49;123368.98;1201.28
6366;404598.91;123366.77;1199.49
2949;404596.71;123366.74;1198.98
3655;404598.34;123364.77;1198.9
1656;404597.58;123362.02;1198.27
3246;404598.12;123360.13;1197.65
4925;404759.7;123443.49;1347.58
6435;404761.87;123441.43;1347.66
6555;404763.5;123438.13;1347.92
4901;404766.38;123436.91;1349.13
3812;404768.26;123435.83;1348.66
1306;404770.31;123435.2;1347.72
7036;404769.93;123435.92;1345.27
647;404771.44;123435.63;1345.41
2534;404774.23;123434.81;1346.03
4919;404779.57;123434.59;1346.34
2483;404780.55;123433.5;1346.49
6529;404782.53;123432.57;1346.05
4250;404784.73;123433.33;1345.55
274;404785.95;123434.17;1343.88
1674;404785.09;123433.51;1344.21
1356;404783.98;123433.94;1344.32
4825;404782.74;123433.48;1343.74
2968;404778.98;123434.67;1344.3
1508;404784.26;123434.74;1342.21
5789;404777.31;123434.36;1344.2
4222;404784.58;123435.68;1341.85
2109;404790.04;123434.38;1341.47
5562;404790.18;123435.13;1341.5
6742;404791.47;123435.28;1340.97
3740;404792.63;123433.05;1340.99
1070;404792.54;123431.91;1341.6
614;404793.65;123429.34;1341.39
3398;404794.18;123427.98;1341.42
4721;404795.68;123425.73;1340.31
7106;404797.37;123424.61;1339.09
2588;404796.93;123424.52;1339.37
6723;404797.7;123422.24;1333.63
5846;404800.51;123423.86;1332.08
4572;404806.87;123421.19;1330.36
410;404806.64;123420.05;1330.27
1645;404811.56;123417.08;1319.77
7261;404813.51;123410.98;1317.47
770;404812.95;123407.39;1315.61
4874;404815.66;123406.15;1312.65
3785;404815.81;123404.01;1311.43
1405;404819.77;123400.23;1312.18
4050;404822.69;123398.25;1304.22
1264;404824.36;123395.06;1302.96
6242;404825.64;123391.14;1300.02
6716;404827.45;123391.61;1299.82
7312;404828.52;123390.29;1295.13
1325;404831.94;123389.84;1294.22
361;404836.56;123389.16;1293.59
1437;404836.67;123387.92;1291.75
2648;404838.73;123387.02;1290.8
6534;404837.71;123385.32;1290.77
7394;404839.04;123383.42;1290.67
7146;404840.31;123381.23;1284.4
4521;404842.88;123379.21;1284.23
3321;404844.28;123381.04;1275.85
4030;404846.02;123375.74;1272.71
7292;404848.96;123373.24;1272.75
7070;404853.44;123372.54;1262.37
4157;404856.32;123372.79;1259.06
6545;404856.99;123370.1;1257.42
1186;404854.99;123367.04;1257.37
6468;404860.17;123369.75;1255.27
6048;404852.41;123366.12;1258.52
4667;404860.06;123378.3;1255.3
7143;404862.74;123380.67;1255.58
1535;404860.94;123378.28;1245.43
5114;404854.18;123384.81;1264.37
7255;404864.11;123377.81;1256.57
1889;404852.88;123387.56;1265.42
2043;404852.96;123390.4;1265.25
5086;404854.11;123396.42;1268.37
2442;404853.6;123400.22;1266.33
1788;404851.69;123422.19;1266.58
2946;404853.6;123399.12;1266.5
3;404849.6;123431.05;1262.77
7083;404851.4;123435.15;1261.96
6546;404853.15;123436.76;1261.07
599;404851.66;123439.8;1264.31
6671;404852.54;123436.06;1257.24
4284;404849.76;123435.53;1257.26
3702;404843.18;123460.3;1258.68
1223;404844.46;123462.12;1258.25
6502;404845.14;123464.63;1258.71
448;404844.88;123466.32;1259.17
4287;404843.66;123466.83;1257.2
5973;404843.63;123466.19;1256.54
4937;404841.53;123468.0;1256.65
4640;404843.42;123469.4;1257.82
1292;404842.45;123472.25;1257.66
2971;404842.48;123472.35;1257.51
507;404842.53;123470.69;1258.13
5548;404840.75;123471.07;1257.82
2591;404841.01;123470.86;1255.08
7085;404837.51;123465.46;1252.05
2372;404836.85;123463.27;1250.03
3374;404830.46;123463.82;1249.63
4624;404828.6;123460.02;1248.61
3438;404826.07;123459.31;1247.61
242;404826.74;123454.81;1247.17
2023;404829.82;123450.98;1247.07
6730;404828.88;123448.98;1247.0
995;404826.9;123444.07;1245.88
3426;404823.05;123443.88;1246.31
2955;404822.89;123444.04;1245.43
2927;404823.52;123446.59;1243.68
4886;404822.46;123443.89;1242.91
6687;404820.44;123442.47;1241.22
3711;404817.81;123439.36;1241.58
696;404816.67;123439.42;1241.69
3928;404813.94;123441.93;1240.93
4742;404810.35;123441.82;1242.4
6495;404806.2;123442.1;1241.99
948;404804.92;123439.25;1241.3
4044;404801.62;123437.89;1237.73
6737;404799.17;123439.25;1235.47
5118;404796.21;123432.77;1234.69
2505;404790.09;123434.56;1235.44
7324;404781.34;123436.87;1235.14
1129;404778.49;123436.7;1236.08
4227;404770.79;123443.22;1231.71
2670;404775.97;123438.91;1229.87
5665;404768.54;123438.63;1231.06
3857;404764.4;123438.21;1228.54
6903;404763.34;123434.25;1224.31
1158;404761.81;123431.54;1222.87
1629;404759.28;123427.15;1220.12
3731;404758.36;123428.2;1219.51
6305;404757.56;123427.76;1219.03
5913;404752.18;123432.44;1208.65
1726;404749.92;123432.85;1197.07
89;404749.79;123432.81;1194.55
2293;404749.54;123432.9;1193.34
4420;404748.0;123432.57;1169.0
3245;404744.18;123431.71;1163.57
2222;404743.21;123430.6;1148.74
5243;404747.78;123424.05;1134.56
5799;404744.99;123430.81;1131.04
4400;404742.99;123421.67;1131.89
1143;404740.96;123425.62;1131.98
7366;404738.37;123423.01;1130.24
5099;404737.35;123424.54;1129.2
3187;404736.43;123424.08;1127.35
1159;404735.96;123425.03;1126.87
6902;404735.5;123426.34;1125.3
6018;404733.25;123427.91;1124.88
2067;404730.29;123425.58;1122.89
1657;404729.39;123425.46;1122.88
5055;404727.93;123424.45;1118.78
3109;404727.65;123427.39;1119.17
7267;404728.27;123423.72;1118.43
7305;404728.75;123428.85;1120.72
5807;404723.13;123425.71;1119.21
6205;404728.97;123426.15;1114.57
7529;404727.36;123431.79;1110.96
6805;404729.05;123433.34;1110.47
1592;404728.9;123438.3;1111.06
2909;404732.4;123438.82;1109.37
4239;404735.25;123438.21;1099.84
3215;404732.28;123443.63;1098.73
7201;404731.67;123445.78;1097.8
394;404731.89;123451.13;1097.99
3521;404730.35;123452.85;1098.01
2455;404730.65;123454.31;1097.98
288;404730.37;123456.79;1096.67
3334;404730.41;123459.85;1097.7
1324;404730.29;123462.93;1098.75
2709;404732.06;123465.12;1097.96
3902;404733.09;123464.7;1093.58
3095;404732.17;123466.47;1092.24
5190;404730.88;123429.63;1121.68
5595;404721.32;123422.38;1117.57
973;404718.64;123418.39;1116.67
4354;404715.86;123414.43;1115.76
742;404717.81;123410.31;1115.9
7454;404719.81;123406.22;1116.01
6733;404720.54;123401.58;1115.95
6775;404715.51;123398.02;1113.7
6368;404718.86;123388.68;1114.03
985;404717.1;123386.47;1113.16
2310;404718.44;123380.61;1112.58
3319;404705.52;123374.69;1105.49
1945;404692.66;123368.58;1098.36
5734;404692.01;123360.9;1096.65
6268;404693.03;123355.77;1096.2
4245;404692.34;123349.76;1094.16
4757;404684.51;123346.39;1089.7
3254;404676.82;123342.71;1085.23
195;404677.86;123340.9;1085.17
4350;404676.82;123335.71;1084.42
4471;404677.88;123330.38;1083.72
6401;404678.24;123319.63;1082.74
7444;404679.78;123317.49;1082.88
627;404682.27;123313.91;1082.95
4059;404850.57;123439.33;1256.29
4976;404849.62;123429.91;1257.42
1398;404849.85;123442.31;1257.04
1106;404847.85;123442.6;1258.13
2410;404846.86;123444.33;1258.29
5959;404844.51;123447.36;1259.82
885;404842.64;123443.53;1259.8
6957;404846.71;123455.47;1259.32
1930;404843.77;123456.14;1260.01
4906;404843.75;123459.28;1260.79
2167;404843.66;123458.42;1260.18
1781;404844.97;123460.18;1259.82
1815;404844.98;123459.73;1256.76
725;404848.84;123460.36;1256.04
5331;404849.91;123460.48;1251.71
2214;404850.63;123458.98;1251.05
563;404847.51;123456.02;1252.39
477;404845.49;123458.13;1250.52
4784;404854.04;123460.95;1252.89
5445;404849.64;123457.66;1251.85
1111;404842.27;123453.27;1249.84
3543;404844.67;123451.7;1249.61
2244;404843.69;123449.19;1249.23
6036;404844.4;123446.28;1248.7
5741;404842.11;123443.2;1248.19
1117;404839.53;123443.2;1247.7
6121;404837.52;123439.49;1247.37
715;404835.17;123440.41;1246.81
486;404833.14;123440.54;1246.28
6034;404831.9;123439.39;1245.64
5137;404830.13;123439.83;1243.93
4194;404828.2;123440.52;1244.99
2247;404847.13;123428.43;1255.48
5556;404850.21;123415.66;1258.13
2950;404851.43;123415.83;1262.74
6688;404851.37;123410.03;1256.32
1715;404854.58;123415.27;1265.61
408;404853.33;123411.72;1265.5
3643;404851.15;123406.17;1255.59
3193;404855.4;123403.46;1256.23
7384;404859.14;123401.99;1253.41
1402;404861.48;123401.85;1253.18
326;404861.18;123400.97;1253.02
1888;404859.4;123396.58;1247.26
5149;404862.13;123394.24;1251.23
2241;404862.72;123389.67;1251.47
2038;404866.86;123386.17;1250.25
1282;404866.85;123382.04;1253.36
784;404863.19;123386.25;1246.89
1894;404868.23;123379.47;1254.1
1486;404879.36;123369.52;1249.88
1741;404852.7;123377.08;1240.31
2901;404851.41;123377.65;1238.28
2189;404849.55;123376.43;1237.71
43;404849.11;123376.69;1235.38
713;404844.67;123369.39;1235.02
2443;404844.77;123368.02;1235.04
4151;404843.72;123367.06;1235.36
4387;404842.22;123366.01;1235.36
7310;404838.72;123365.09;1215.44
7254;404835.95;123365.86;1215.33
3135;404832.55;123363.37;1214.37
2485;404831.86;123361.73;1214.06
324;404830.44;123361.61;1213.83
2021;404824.16;123357.92;1212.02
3253;404822.34;123357.79;1204.98
1571;404820.39;123353.74;1207.68
5735;404819.74;123352.19;1208.41
5020;404814.37;123349.53;1192.96
3324;404811.03;123348.12;1194.24
6715;404805.99;123347.29;1185.6
7252;404802.86;123345.19;1183.87
2540;404799.78;123342.73;1184.18
334;404803.26;123343.41;1184.83
1071;404799.62;123345.36;1184.71
4372;404802.24;123341.8;1182.16
5772;404804.67;123337.82;1177.5
2898;404802.63;123333.77;1176.01
4932;404803.9;123333.59;1175.72
2951;404802.77;123333.07;1172.38
3918;404802.1;123330.93;1171.74
2930;404800.08;123330.68;1171.86
6576;404796.61;123327.29;1169.02
705;404795.8;123325.29;1167.1
5855;404797.37;123321.3;1166.47
1806;404797.21;123319.63;1165.75
1751;404796.96;123316.11;1163.36
404;404797.42;123314.79;1162.54
124;404794.64;123313.24;1159.5
1444;404789.28;123311.33;1153.84
6582;404790.35;123308.61;1149.62
2494;404796.68;123306.72;1140.9
1;404797.79;123307.42;1133.15
1189;404798.65;123307.25;1128.49
5353;404800.64;123308.19;1122.47
613;404800.5;123310.02;1113.77
4003;404798.63;123308.44;1114.02
2970;404796.1;123313.58;1113.39
4909;404792.94;123313.02;1111.54
5638;404796.67;123344.91;1183.17
3753;404791.96;123344.06;1180.46
587;404784.59;123343.56;1173.81
6450;404786.98;123340.64;1173.35
3548;404783.76;123334.84;1166.28
348;404781.47;123336.64;1164.67
6080;404848.27;123448.37;1266.3
1713;404844.65;123449.63;1269.16
5636;404845.42;123456.03;1265.82
2892;404841.89;123440.67;1261.97
7063;404839.06;123445.81;1262.8
7549;404845.17;123458.45;1266.46
3914;404844.72;123461.58;1266.74
5840;404843.71;123464.72;1266.36
5021;404839.82;123477.43;1267.1
2866;404837.39;123480.67;1269.15
3602;404832.02;123487.07;1268.98
3922;404721.22;123478.59;1402.0
5258;404687.01;123595.48;1470.31
1511;404685.39;123595.91;1471.24
5563;404684.56;123595.22;1471.86
494;404674.26;123627.61;1492.33
7170;404675.26;123635.77;1492.48
4754;404676.76;123650.03;1492.48
2584;404676.24;123654.31;1494.05
2697;404676.24;123654.31;1492.6
4841;404678.14;123655.12;1494.66
4201;404680.12;123656.17;1493.66
867;404680.99;123658.57;1494.11
313;404680.42;123663.27;1492.39
643;404678.22;123664.81;1491.87
6171;404678.22;123664.81;1474.57
838;404679.2;123665.2;1473.58
2629;404682.15;123665.72;1473.58
76;404687.26;123660.61;1470.52
7202;404694.01;123651.98;1471.86
5982;404698.7;123653.87;1471.86
7230;404699.35;123659.19;1471.39
7040;404705.67;123655.97;1468.95
3386;404706.62;123657.62;1469.88
2099;404669.29;123618.7;1492.35
7336;404658.29;123596.86;1513.76
4303;404646.09;123594.29;1514.63
1565;404611.9;123567.24;1510.06
6771;404603.79;123564.76;1512.01
4829;404602.72;123559.74;1508.81
7231;404598.32;123552.95;1508.52
1666;404599.95;123548.9;1506.0
7503;404597.28;123546.12;1505.39
7112;404595.65;123542.29;1502.36
4943;404595.29;123540.74;1501.07
2722;404595.29;123540.74;1473.47
137;404593.16;123543.8;1473.53
3115;404587.19;123545.91;1469.81
2586;404584.06;123548.3;1467.4
7335;404575.04;123548.24;1464.59
6736;404576.16;123544.1;1460.31
3871;404572.91;123541.6;1454.25
1932;404580.37;123530.11;1452.81
6475;404570.34;123547.42;1453.08
7348;404567.91;123547.78;1453.44
1403;404566.12;123553.0;1454.36
937;404563.59;123558.23;1454.41
7382;404561.2;123566.13;1454.79
6099;404560.39;123568.38;1454.13
7031;404551.58;123577.04;1454.74
1659;404546.19;123577.18;1454.6
6471;404544.99;123565.18;1456.12
4494;404544.81;123560.1;1451.38
2158;404543.31;123558.25;1449.16
6350;404543.3;123557.26;1449.14
7401;404543.48;123555.0;1449.62
321;404544.24;123555.95;1449.0
3061;404542.2;123556.31;1445.11
2746;404540.44;123559.5;1441.33
4153;404539.19;123559.39;1437.89
6655;404537.48;123557.96;1425.26
4805;404537.85;123554.49;1423.63
1750;404543.21;123552.79;1448.06
2232;404541.11;123550.1;1446.61
7001;404537.34;123548.01;1440.45
6634;404537.34;123548.01;1431.26
591;404537.34;123548.01;1421.96
846;404546.24;123574.04;1456.1
3351;404544.39;123572.56;1455.01
1687;404544.62;123566.12;1455.53
731;404542.54;123559.78;1453.15
939;404534.79;123566.4;1452.22
261;404533.33;123558.98;1452.43
4244;404534.6;123551.01;1454.26
7275;404533.65;123546.16;1454.65
4966;404533.52;123538.95;1451.64
2956;404533.86;123537.48;1451.79
6337;404527.5;123532.23;1434.01
192;404526.69;123501.65;1441.27
3876;404518.8;123501.44;1438.88
1430;404526.69;123501.65;1438.77
5767;404516.73;123500.85;1433.55
1777;404516.73;123500.85;1429.91
3519;404534.66;123413.68;1437.96
6265;404530.3;123417.89;1439.36
1648;404526.53;123419.34;1438.12
2060;404529.98;123420.07;1438.43
4722;404534.24;123422.53;1438.26
3224;404537.67;123424.44;1441.22
1507;404539.32;123423.93;1440.89
1650;404542.26;123427.7;1445.51
5381;404531.51;123436.1;1451.87
5617;404531.83;123434.08;1450.64
1156;404523.78;123420.12;1444.45
2401;404519.8;123420.23;1454.54
668;404522.94;123418.83;1443.8
1167;404522.94;123418.83;1434.55
3634;404513.46;123414.0;1434.18
6160;404514.61;123411.16;1431.86
5658;404511.35;123410.58;1426.96
1058;404509.42;123404.64;1423.78
5790;404512.27;123396.28;1426.49
7409;404503.23;123405.13;1427.09
5925;404509.84;123398.43;1426.6
4762;404510.11;123394.47;1426.11
1736;404511.59;123392.68;1426.91
6320;404508.67;123393.02;1425.96
4780;404506.55;123392.84;1424.47
6680;404503.82;123393.42;1424.23
4807;404501.52;123389.73;1422.9
3278;404498.67;123390.49;1422.08
123;404501.07;123386.23;1421.41
4942;404498.81;123391.53;1423.32
2805;404498.54;123391.22;1423.18
2303;404498.51;123391.37;1423.64
7084;404501.03;123392.82;1421.96
552;404501.07;123386.23;1412.91
5472;404497.21;123388.46;1412.36
1557;404497.21;123388.46;1402.66
2317;404497.98;123387.17;1403.04
5409;404497.98;123387.17;1398.14
3111;404496.27;123387.86;1395.18
6804;404496.27;123387.86;1365.75
1162;404496.46;123387.14;1365.64
3608;404492.54;123389.88;1363.61
5572;404492.54;123389.88;1356.02
6071;404493.49;123388.41;1355.17
424;404492.53;123386.25;1354.66
6386;404493.0;123385.87;1352.91
484;404492.6;123386.49;1351.52
5364;404492.38;123386.04;1347.43
5581;404489.59;123378.78;1348.52
5402;404490.01;123378.18;1347.47
5557;404492.53;123370.86;1344.35
4389;404496.34;123369.25;1343.16
5962;404494.52;123369.15;1343.0
3126;404494.17;123365.15;1342.93
805;404490.14;123362.22;1346.68
5128;404488.93;123362.33;1348.18
1154;404506.78;123392.34;1428.85
5936;404502.69;123393.41;1429.13
351;404501.08;123393.55;1428.96
6025;404499.08;123393.85;1428.37
4638;404495.4;123391.16;1427.2
6476;404494.77;123390.02;1424.45
3935;404492.21;123389.69;1423.13
3802;404492.37;123389.8;1429.17
4661;404491.62;123389.93;1428.31
5991;404484.66;123387.84;1434.01
1266;404486.88;123387.45;1435.71
49;404490.22;123397.57;1435.38
6931;404486.88;123387.45;1427.6
314;404490.17;123379.7;1428.19
3998;404491.21;123376.49;1427.71
4476;404489.55;123374.13;1427.81
928;404485.07;123367.96;1412.17
3242;404486.14;123363.94;1413.45
4304;404485.35;123360.52;1414.13
5587;404484.65;123352.47;1415.99
2790;404488.72;123348.11;1418.65
6073;404492.69;123348.8;1415.27
1965;404484.08;123346.23;1417.03
6405;404496.56;123348.6;1414.01
6635;404499.12;123356.49;1414.3
6814;404502.06;123356.75;1414.2
1320;404503.32;123358.42;1415.55
3774;404506.82;123361.57;1411.46
5117;404510.57;123360.7;1409.66
131;404510.33;123362.44;1408.43
1359;404515.05;123359.33;1409.25
1343;404508.98;123363.31;1405.77
4051;404508.3;123359.79;1404.6
2844;404507.05;123358.07;1403.06
2786;404504.56;123352.96;1400.41
3421;404505.58;123353.62;1400.17
5543;404503.8;123351.77;1399.34
4716;404503.8;123351.77;1395.79
5451;404497.71;123349.91;1395.34
2893;404493.45;123353.24;1381.26
2152;404491.34;123357.21;1380.38
6210;404486.42;123357.99;1373.27
2765;404484.18;123357.47;1373.64
7209;404484.18;123357.47;1368.7
6831;404484.18;123357.47;1362.5
7193;404482.61;123356.25;1362.64
3175;404483.04;123344.69;1414.97
3287;404479.3;123336.67;1413.57
4047;404477.0;123329.6;1411.71
2764;404469.9;123323.24;1410.67
5421;404477.0;123329.6;1409.17
2614;404476.13;123326.54;1407.18
4272;404476.13;123326.54;1398.42
7464;404490.06;123402.09;1432.28
7438;404485.6;123400.47;1429.08
2524;404498.15;123403.08;1437.99
2437;404485.6;123400.47;1420.76
1564;404629.67;123478.22;1527.57
1568;404631.75;123476.34;1526.67
2507;404630.32;123477.2;1526.56
1899;404625.99;123470.61;1525.55
6650;404624.18;123468.41;1524.95
732;404621.16;123463.48;1524.51
5091;404618.57;123460.51;1524.04
5023;404617.69;123458.23;1523.9
6847;404614.89;123454.75;1522.74
2313;404616.36;123449.34;1521.58
5159;404616.02;123449.69;1521.19
3112;404613.53;123444.26;1520.47
26;404610.05;123445.06;1516.83
4894;404610.38;123441.83;1517.27
5508;404613.51;123436.1;1516.5
2280;404615.82;123435.19;1516.69
4407;404616.25;123431.71;1516.56
6766;404615.88;123429.05;1516.93
7041;404614.13;123427.21;1515.55
479;404612.41;123424.73;1515.48
3583;404610.02;123422.0;1514.72
5110;404607.05;123418.65;1513.22
4297;404605.22;123417.59;1513.53
1801;404603.85;123414.77;1511.88
4133;404598.23;123408.42;1512.43
2770;404596.85;123409.1;1513.14
476;404596.21;123407.4;1513.33
5791;404619.16;123449.67;1525.1
34;404620.64;123447.16;1523.4
897;404619.04;123446.72;1522.6
3309;404620.31;123446.02;1522.86
4104;404617.86;123444.74;1516.67
4094;404615.61;123449.23;1517.71
6460;404611.56;123451.89;1513.99
1184;404609.95;123451.9;1511.54
790;404608.96;123451.11;1510.46
4370;404608.05;123451.2;1508.78
4328;404606.92;123449.49;1505.29
3084;404607.21;123454.46;1505.07
444;404621.72;123442.51;1521.84
3238;404626.28;123439.17;1522.95
6588;404624.12;123483.42;1513.97
275;404624.35;123486.74;1513.68
5019;404627.0;123491.94;1516.15
1906;404631.98;123496.58;1516.51
37;404632.62;123500.25;1515.08
6527;404631.31;123505.93;1514.36
659;404631.31;123505.93;1518.52
5661;404626.53;123507.77;1518.26
2911;404622.83;123514.17;1519.03
622;404616.41;123512.2;1519.03
3575;404614.09;123519.33;1519.16
6677;404613.48;123525.18;1519.06
7377;404613.61;123532.94;1517.55
6101;404610.92;123539.61;1517.3
3512;404609.88;123538.12;1516.95
4623;404606.63;123543.11;1519.98
1007;404609.49;123502.73;1519.96
6399;404609.18;123512.53;1523.57
2521;404611.55;123514.59;1525.01
6250;404611.68;123518.73;1525.03
6346;404613.65;123522.3;1525.05
3967;404614.13;123528.31;1525.08
3077;404607.9;123537.78;1529.63
5999;404597.9;123553.64;1527.08
2433;404603.8;123555.91;1542.32
6559;404599.96;123561.22;1545.09
240;404596.29;123562.21;1549.49
6895;404599.02;123567.65;1551.75
4771;404598.08;123578.47;1551.85
6697;404598.15;123583.3;1553.62
6140;404595.04;123586.35;1555.92
2148;404590.49;123590.81;1563.24
3787;404589.36;123593.75;1565.68
2262;404593.18;123603.75;1565.78
3183;404589.15;123610.7;1568.85
4810;404589.19;123613.27;1571.25
967;404589.37;123619.74;1573.89
3065;404588.46;123618.25;1575.58
785;404588.93;123620.99;1578.09
1448;404589.71;123625.08;1578.11
5477;404593.7;123632.18;1577.45
6908;404595.4;123634.72;1576.35
3107;404595.0;123638.53;1578.23
5801;404597.01;123645.85;1581.35
2963;404597.33;123648.95;1581.26
1032;404600.87;123648.4;1576.7
1317;404604.95;123646.12;1578.01
1997;404604.91;123646.13;1582.64
5730;404605.76;123648.52;1583.28
4132;404607.98;123648.57;1584.31
2727;404607.63;123642.59;1583.82
2240;404607.6;123642.61;1586.59
5854;404607.71;123644.86;1587.16
21;404607.67;123644.88;1590.23
5452;404605.35;123646.15;1589.25
2791;404608.56;123648.16;1588.52
7374;404608.39;123651.24;1588.27
2289;404613.7;123649.72;1588.3
2839;404618.75;123651.71;1585.37
1443;404614.61;123656.72;1586.32
5417;404617.35;123659.13;1588.46
4609;404617.37;123659.12;1591.15
6708;404619.88;123663.19;1594.06
4292;404622.37;123666.66;1597.44
771;404625.77;123669.46;1599.43
7420;404627.6;123669.57;1599.95
2880;404628.79;123670.62;1602.01
52;404628.34;123668.84;1604.58
4686;404623.73;123663.93;1607.36
5203;404616.94;123664.92;1610.03
913;404600.09;123667.25;1609.87
328;404623.61;123689.14;1615.48
41;404605.79;123684.35;1618.68
6046;404607.16;123687.8;1620.02
4785;404605.43;123690.79;1619.73
2940;404603.21;123690.87;1618.14
2997;404603.02;123689.01;1615.46
6110;404600.58;123690.92;1613.58
3533;404601.03;123692.86;1610.5
5520;404598.53;123696.43;1605.87
7318;404592.23;123697.37;1603.64
1782;404594.89;123701.31;1599.93
65;404594.92;123701.43;1599.9
879;404598.75;123698.01;1605.71
3803;404594.81;123700.87;1605.27
7369;404594.64;123695.61;1602.93
534;404592.16;123697.41;1596.48
956;404590.74;123699.17;1596.62
3541;404590.86;123696.42;1595.71
3169;404591.67;123698.74;1595.88
3589;404591.54;123696.35;1596.25
2552;404592.88;123694.86;1596.2
7218;404592.15;123694.19;1595.66
4001;404594.36;123692.56;1596.61
7433;404593.6;123689.24;1597.92
776;404595.93;123684.96;1599.53
6044;404594.45;123682.67;1599.91
5567;404600.34;123695.9;1604.92
5215;404601.09;123692.75;1603.7
7321;404602.69;123688.05;1605.49
3553;404602.95;123685.37;1608.14
6557;404605.43;123684.92;1609.51
3444;404583.35;123735.77;1645.96
3772;404580.69;123740.77;1667.06
3605;404584.72;123733.78;1646.32
4077;404584.17;123743.9;1668.55
6050;404582.32;123748.25;1671.19
1655;404580.99;123750.21;1678.82
1293;404581.34;123750.45;1672.56
1059;404582.9;123751.11;1683.81
5501;404588.42;123752.94;1690.49
4679;404588.51;123756.01;1690.64
2889;404591.6;123757.47;1693.65
1662;404598.04;123766.54;1699.54
923;404598.06;123767.18;1719.52
2922;404598.07;123767.31;1728.0
5231;404599.27;123767.35;1729.54
4210;404598.07;123767.31;1707.06
4547;404597.92;123770.97;1737.1
4924;404602.09;123769.97;1731.76
5430;404602.09;123769.97;1744.9
7501;404603.31;123770.86;1747.51
641;404602.64;123772.06;1750.47
5000;404602.94;123773.26;1750.71
5432;404604.5;123773.37;1750.87
708;404605.08;123773.68;1750.87
3140;404607.04;123774.6;1751.22
367;404610.12;123777.0;1751.22
59;404610.12;123777.0;1764.42
2762;404610.12;123777.0;1734.42
4149;404608.65;123779.35;1765.26
5725;404608.91;123774.82;1730.09
4633;404608.22;123773.71;1730.09
7223;404608.22;123773.71;1722.73
3086;404603.86;123770.05;1722.92
2200;404603.86;123770.05;1719.82
604;404606.86;123769.52;1719.82
1500;404606.86;123769.52;1703.77
5040;404608.26;123781.82;1765.44
3080;404608.26;123781.82;1769.04
2375;404608.11;123784.7;1770.64
5709;404605.73;123787.0;1769.87
6963;404605.96;123790.34;1769.04
1236;404604.18;123790.99;1767.56
3026;404604.18;123790.99;1774.71
1665;404601.66;123791.91;1774.38
6564;404601.27;123793.73;1773.59
3558;404600.88;123795.93;1774.54
4069;404599.59;123797.22;1774.86
4854;404597.54;123800.5;1774.39
409;404596.87;123801.93;1774.36
3182;404594.36;123805.27;1775.1
1373;404594.36;123805.27;1786.06
4782;404594.9;123760.17;1698.98
1447;404590.6;123757.69;1695.87
6526;404587.24;123753.96;1692.23
5502;404595.3;123775.69;1736.61
1281;404595.3;123775.69;1725.61
5907;404592.11;123781.23;1736.04
7552;404598.13;123767.47;1716.92
3695;404593.1;123782.74;1736.03
3632;404591.09;123784.96;1736.02
6813;404580.12;123799.24;1735.27
7325;404565.76;123803.01;1727.05
3941;404561.84;123802.45;1727.1
6103;404558.95;123778.99;1703.68
5631;404561.84;123802.45;1728.1
2941;404575.39;123797.0;1735.06
3932;404573.49;123792.65;1734.07
3236;404579.88;123790.86;1749.54
1044;404578.84;123797.4;1749.35
7545;404579.51;123802.28;1763.49
1773;404577.69;123805.24;1766.26
6554;404575.53;123807.47;1766.75
5371;404563.54;123776.06;1701.97
2391;404568.6;123777.75;1704.31
4445;404573.02;123776.58;1704.8
449;404574.99;123772.87;1702.88
1803;404575.2;123769.9;1698.18
6628;404572.7;123768.29;1696.44
3934;404573.96;123766.93;1695.07
4457;404574.16;123765.33;1694.3
6336;404574.49;123762.73;1684.16
7188;404573.21;123753.99;1669.55
5836;404590.34;123730.92;1643.84
2333;404590.95;123730.06;1643.73
2733;404589.48;123728.07;1640.86
3035;404589.61;123720.62;1623.77
6403;404590.61;123715.9;1616.27
7330;404594.33;123707.09;1610.89
5804;404588.41;123698.81;1609.78
3639;404591.56;123695.4;1609.14
4066;404597.79;123696.47;1600.75
3991;404599.31;123694.28;1599.81
2497;404599.58;123690.18;1598.18
6284;404599.08;123688.35;1577.76
3518;404606.11;123679.2;1577.58
3920;404604.07;123674.01;1578.61
1137;404608.03;123671.68;1576.44
3068;404601.64;123677.95;1589.44
2931;404606.94;123665.52;1569.3
3055;404606.26;123662.39;1564.1
637;404609.39;123659.38;1559.63
3805;404615.02;123662.74;1562.9
3192;404617.78;123663.61;1562.4
3074;404617.62;123659.14;1559.69
2705;404619.42;123652.44;1557.52
4357;404623.62;123647.51;1557.08
4737;404627.45;123643.96;1556.26
4145;404633.46;123642.46;1558.18
4760;404633.81;123637.41;1556.47
598;404637.37;123633.45;1556.5
6881;404602.94;123680.3;1590.42
3806;404611.22;123667.0;1586.68
5209;404613.05;123665.46;1583.59
1640;404612.57;123661.64;1584.85
853;404615.56;123658.72;1586.17
941;404629.55;123683.4;1614.76
1396;404630.22;123699.55;1621.75
464;404637.08;123701.64;1630.01
5046;404648.54;123650.25;1570.52
5678;404651.49;123650.51;1571.04
5469;404653.7;123650.47;1568.2
6558;404649.78;123651.02;1566.52
7338;404653.58;123654.1;1569.32
2641;404647.7;123652.77;1567.2
2039;404647.89;123654.96;1567.32
3619;404645.89;123656.26;1567.48
3015;404658.61;123659.32;1570.2
6624;404649.51;123662.63;1576.02
4294;404665.5;123661.16;1565.4
7066;404642.73;123654.55;1569.69
3457;404650.11;123666.95;1578.86
6658;404653.02;123676.44;1572.66
6308;404669.31;123663.1;1567.57
1912;404670.21;123664.73;1571.56
6993;404670.81;123676.29;1579.08
4138;404673.47;123678.44;1589.01
3312;404674.18;123681.5;1592.37
827;404674.18;123681.5;1598.37
2719;404656.29;123699.66;1631.44
7144;404658.22;123699.15;1632.54
1417;404660.18;123700.32;1633.71
1931;404663.2;123700.22;1633.51
2948;404663.78;123701.7;1632.97
5415;404664.59;123703.92;1632.64
6747;404667.15;123708.01;1633.33
4459;404669.48;123711.57;1634.17
6416;404668.91;123712.81;1633.86
4409;404670.18;123714.17;1634.69
996;404667.13;123715.6;1634.17
2050;404664.59;123717.19;1634.07
6356;404664.29;123719.33;1634.99
2413;404666.99;123720.59;1637.16
1737;404665.22;123721.5;1636.92
3260;404666.57;123722.94;1637.49
1857;404668.76;123722.01;1636.91
1139;404670.82;123722.19;1638.83
1824;404673.73;123721.57;1639.52
466;404677.55;123722.1;1639.67
7073;404675.1;123725.25;1641.63
3016;404672.31;123729.26;1643.92
1653;404671.89;123731.45;1644.61
2239;404670.17;123733.06;1644.95
502;404667.49;123737.04;1647.1
6651;404669.67;123737.7;1647.98
586;404669.8;123740.16;1648.15
6220;404668.29;123742.49;1647.57
3748;404665.41;123744.36;1648.19
3117;404665.57;123748.66;1648.35
7132;404662.31;123751.31;1649.02
5017;404660.32;123746.58;1649.57
4983;404658.94;123746.02;1653.49
5093;404656.85;123747.54;1654.05
384;404655.71;123751.54;1653.84
6642;404652.5;123754.54;1654.95
2268;404649.87;123756.38;1654.15
72;404646.46;123757.76;1654.36
7520;404643.98;123761.59;1654.85
142;404642.66;123765.26;1655.9
3172;404637.53;123776.36;1653.36
4353;404637.87;123780.15;1657.18
5717;404637.87;123780.15;1659.84
5509;404640.17;123781.48;1659.99
5341;404640.49;123784.97;1660.06
944;404643.74;123785.79;1659.23
6961;404645.5;123787.25;1661.15
1539;404651.08;123789.39;1660.86
6841;404651.1;123789.39;1678.87
1155;404654.25;123788.18;1681.24
4759;404657.79;123785.01;1681.41
3678;404658.31;123782.59;1681.85
652;404660.47;123780.72;1680.65
227;404660.55;123782.71;1680.83
7115;404663.84;123784.32;1680.84
7153;404669.11;123784.87;1681.13
185;404671.2;123785.05;1679.12
159;404671.2;123785.05;1681.74
4851;404674.5;123785.11;1682.63
6076;404677.29;123784.86;1682.88
588;404678.17;123788.13;1683.24
6385;404679.62;123789.11;1684.25
5175;404680.28;123792.18;1684.87
3021;404682.15;123799.09;1682.98
3310;404684.29;123798.71;1687.62
1933;404683.84;123803.92;1692.87
3582;404683.56;123807.26;1692.35
280;404682.3;123810.73;1697.09
3508;404682.82;123816.46;1697.11
6509;404681.92;123821.59;1692.75
5369;404660.58;123697.1;1684.41
1120;404664.37;123693.81;1684.59
4657;404649.05;123706.13;1675.41
3247;404650.02;123703.15;1673.53
1540;404647.52;123701.05;1672.14
1326;404642.94;123701.29;1671.58
6668;404644.38;123697.89;1671.19
1367;404641.96;123694.3;1670.51
787;404637.97;123693.95;1669.87
4054;404635.54;123691.06;1666.1
7431;404634.4;123691.43;1666.16
370;404634.4;123691.43;1636.06
2703;404681.61;123836.05;1711.47
3854;404680.37;123840.03;1711.98
687;404679.16;123840.07;1711.46
1349;404675.95;123844.35;1711.33
4747;404672.46;123846.86;1712.47
5918;404680.25;123850.14;1746.92
5606;404683.43;123846.33;1745.87
7279;404685.97;123843.77;1742.33
122;404687.64;123845.65;1751.99
167;404691.74;123844.96;1753.82
3498;404693.48;123843.53;1753.55
2871;404696.97;123843.0;1753.85
6019;404701.36;123834.73;1751.38
2118;404707.89;123834.42;1751.26
4109;404711.46;123837.56;1751.67
1722;404711.41;123841.54;1753.38
2741;404714.3;123841.96;1753.53
5961;404717.86;123840.77;1752.67
952;404722.95;123842.85;1752.85
2704;404721.62;123845.06;1752.39
7512;404725.97;123845.7;1751.85
4275;404727.78;123846.26;1751.19
3211;404730.89;123846.55;1751.3
916;404730.1;123848.32;1751.86
4399;404728.89;123854.11;1752.28
6943;404733.07;123855.17;1752.42
1700;404740.58;123854.41;1751.23
2052;404746.03;123852.36;1749.57
4344;404749.4;123853.54;1749.0
2089;404754.43;123851.14;1744.22
4134;404758.97;123849.26;1746.8
573;404757.43;123852.23;1738.22
2942;404760.37;123850.21;1745.74
1064;404765.3;123851.1;1746.0
1796;404770.17;123852.89;1746.44
1556;404774.75;123852.2;1746.2
3528;404775.34;123850.61;1743.91
1767;404779.7;123850.56;1742.66
513;404786.5;123848.08;1741.77
6197;404778.05;123845.68;1708.5
6846;404787.8;123853.68;1746.43
14;404785.91;123858.86;1747.9
5528;404787.78;123860.02;1747.23
6887;404785.16;123859.32;1744.43
6497;404793.65;123859.02;1743.98
5844;404789.7;123856.92;1737.35
2594;404789.7;123856.92;1708.35
6611;404782.43;123856.03;1710.7
821;404771.31;123846.39;1705.05
4281;404788.77;123852.72;1712.45
7327;404790.22;123853.47;1711.3
6524;404796.33;123845.58;1709.91
475;404800.42;123842.68;1710.69
2488;404809.72;123840.72;1711.5
6274;404809.73;123840.7;1711.5
1887;404821.39;123836.46;1709.55
3997;404831.1;123837.81;1707.46
5644;404836.52;123835.22;1708.29
1818;404841.04;123833.07;1708.98
4319;404841.77;123821.16;1710.81
1844;404839.0;123814.4;1708.87
260;404847.9;123795.33;1707.75
6853;404848.72;123795.88;1704.22
2692;404850.88;123791.37;1702.8
7262;404849.05;123796.08;1699.73
283;404853.72;123797.9;1695.02
6891;404856.45;123796.16;1695.93
2929;404862.39;123789.5;1695.69
12;404866.57;123785.95;1694.87
5970;404873.99;123785.97;1696.02
1583;404877.55;123784.78;1696.14
3433;404876.34;123784.06;1692.82
3633;404879.32;123780.36;1693.31
754;404883.86;123778.66;1692.97
2273;404887.7;123777.66;1694.48
2605;404890.61;123775.44;1693.23
895;404894.64;123773.93;1694.37
2362;404901.67;123766.03;1694.35
3347;404908.35;123760.54;1693.75
3313;404909.2;123755.82;1692.82
3933;404922.09;123746.84;1694.13
6926;404926.19;123743.92;1694.74
3901;404933.35;123740.03;1697.03
5131;404939.28;123736.39;1696.78
4639;404941.3;123732.07;1695.34
1908;404947.3;123730.05;1697.37
4015;404955.02;123731.29;1699.15
6485;404956.65;123732.82;1699.55
225;404972.88;123729.53;1702.67
5721;404975.62;123730.77;1703.76
5191;404983.36;123726.55;1692.44
1944;404976.88;123730.3;1685.17
7411;404986.53;123721.38;1692.43
3788;405024.63;123753.35;1710.34
29;404974.47;123731.33;1663.77
1069;404982.06;123719.68;1659.67
3362;404982.22;123715.51;1656.48
6689;404980.96;123714.5;1654.79
2798;404977.12;123714.85;1654.66
6640;404972.05;123712.68;1641.73
5306;404971.3;123709.92;1631.35
2191;404969.29;123710.0;1627.5
4165;404966.36;123708.38;1618.05
6791;404961.01;123709.16;1615.26
7307;404956.9;123709.44;1615.94
1307;404955.44;123709.32;1610.67
2015;404946.49;123712.68;1608.71
7270;404946.14;123712.84;1607.09
3268;404947.26;123714.79;1606.39
1368;404948.01;123716.9;1605.83
5252;404944.85;123721.93;1605.46
2796;404943.29;123723.12;1604.2
5241;404942.07;123723.52;1604.48
5311;404941.1;123723.91;1603.63
267;404986.74;123714.54;1691.57
5042;404987.6;123713.87;1690.23
1045;404998.29;123716.66;1692.91
5259;404988.14;123708.19;1641.61
6648;404985.13;123706.73;1642.68
556;405009.48;123721.25;1697.26
7313;405018.91;123730.54;1701.61
5884;405020.33;123726.16;1701.01
1094;405021.78;123723.66;1700.16
862;405020.43;123723.58;1700.24
2846;405022.5;123720.48;1698.95
5944;405020.2;123724.79;1700.26
1654;405019.51;123724.13;1699.96
7250;405017.85;123724.11;1699.68
1925;405016.82;123723.08;1699.77
5510;405025.81;123759.75;1712.73
859;405011.24;123784.73;1712.62
1127;405002.88;123791.12;1711.1
1634;404997.89;123804.26;1711.85
4504;405016.41;123771.47;1710.26
6115;404993.3;123819.79;1711.67
6119;404994.58;123821.61;1711.9
5988;404989.33;123818.37;1712.31
7164;404995.94;123822.11;1713.0
3680;404997.56;123823.74;1713.61
5122;404998.49;123824.77;1713.95
4702;404999.45;123821.03;1715.81
5268;404995.04;123830.75;1717.86
4345;404998.75;123819.42;1723.71
3276;404998.05;123816.83;1724.74
6925;404997.34;123816.04;1730.78
7166;404998.74;123815.79;1736.39
1775;404997.58;123814.71;1738.25
3907;404996.43;123813.76;1740.68
470;404998.75;123816.14;1740.13
6463;404996.14;123819.86;1742.37
6122;404997.88;123821.41;1742.17
4188;404996.83;123822.3;1739.45
7290;404997.08;123821.72;1740.42
1586;404996.2;123822.55;1750.24
3282;404995.44;123834.16;1714.05
7021;404995.06;123836.67;1713.51
1934;404994.11;123838.54;1713.36
1479;404994.37;123838.98;1713.15
4565;404993.42;123838.9;1710.14
3314;404988.36;123817.67;1707.96
3811;404986.64;123813.88;1700.46
16;404985.39;123815.24;1699.95
1289;404982.9;123814.5;1697.65
3220;404980.45;123814.57;1695.5
3623;404973.85;123815.71;1694.11
6734;404971.99;123818.83;1691.74
2218;404970.23;123821.46;1689.66
4603;404968.08;123822.28;1692.7
7080;404965.85;123826.39;1691.82
1263;404964.22;123823.34;1682.97
6976;404962.28;123823.76;1672.22
4446;404964.42;123829.55;1674.95
3835;404984.61;123814.65;1679.14
5967;404979.71;123817.15;1679.14
633;404964.96;123821.85;1676.26
1133;404991.07;123810.53;1678.98
6522;404979.62;123812.04;1678.15
5107;404979.62;123812.04;1692.65
1460;404980.43;123809.94;1693.9
2536;404977.53;123805.95;1689.91
3153;404976.99;123798.17;1678.35
2168;404948.11;123832.0;1674.68
4216;404948.15;123831.97;1673.71
296;404951.06;123829.45;1674.6
940;404943.99;123844.21;1676.73
6842;404946.15;123824.0;1649.01
5784;404942.9;123827.61;1647.05
3364;404942.9;123827.61;1621.23
5174;404935.62;123829.42;1622.02
4988;404931.42;123829.57;1616.01
6850;404931.42;123829.57;1605.14
1730;404931.42;123829.57;1574.51
1115;404931.42;123829.57;1551.36
5192;404931.42;123829.57;1529.58
4452;404931.37;123826.87;1528.91
2632;404934.09;123826.14;1527.72
3540;404935.29;123825.95;1526.7
6074;404938.36;123824.83;1525.7
3609;404940.41;123823.18;1525.14
1286;404939.86;123820.62;1524.29
6661;404939.9;123818.5;1523.43
4148;404939.25;123815.7;1522.82
6429;404937.58;123815.31;1524.94
3985;404933.05;123817.33;1516.68
114;404930.57;123814.58;1513.58
5435;404927.52;123809.06;1512.81
3515;404918.92;123809.67;1510.5
3963;404918.92;123809.67;1485.76
5007;404922.08;123816.75;1491.6
4233;404920.97;123814.48;1488.0
2725;404923.0;123819.51;1492.55
5768;404921.98;123812.72;1487.18
86;404926.52;123822.26;1494.35
3160;404927.23;123827.31;1489.06
3328;404925.44;123830.4;1486.37
6200;404918.82;123807.24;1478.13
4046;404918.82;123807.24;1442.43
4095;404916.86;123810.92;1440.03
7446;404916.86;123810.92;1438.42
4531;404916.25;123812.92;1433.24
6701;404916.25;123812.92;1431.14
6657;404917.5;123812.92;1431.14
381;404917.5;123812.92;1392.34
6836;404922.17;123798.54;1385.93
3144;404922.17;123798.54;1371.16
929;404922.17;123798.54;1364.54
7419;404913.88;123791.33;1371.16
1849;404913.09;123792.7;1369.2
1742;404913.09;123792.7;1359.52
7343;404913.92;123786.78;1361.58
385;404919.42;123787.95;1354.88
4833;404933.98;123842.3;1674.95
3656;404932.61;123864.02;1680.66
7006;404934.76;123871.05;1678.55
2609;404934.45;123870.41;1679.99
1696;404937.07;123873.2;1677.58
6643;404937.07;123873.2;1649.43
4850;404933.21;123870.4;1646.22
6682;404930.64;123871.13;1644.97
4178;404928.17;123882.74;1673.77
6753;404929.26;123877.14;1668.64
4449;404928.82;123877.43;1666.53
7117;404927.04;123876.48;1665.84
2994;404927.04;123876.48;1654.09
5496;404923.52;123873.84;1654.17
5058;404923.52;123873.84;1638.21
4588;404923.52;123873.84;1590.01
868;404920.61;123871.39;1586.46
4877;404922.93;123859.46;1590.64
2120;404921.42;123857.47;1590.95
5525;404920.96;123856.81;1589.43
3908;404920.22;123855.28;1584.77
2826;404919.31;123854.95;1579.79
454;404916.76;123853.3;1571.45
2611;404914.07;123851.68;1569.56
7042;404912.65;123852.49;1564.54
2933;404912.61;123851.94;1553.95
6761;404912.61;123851.94;1499.35
830;404910.02;123851.05;1500.57
5247;404902.83;123852.32;1499.55
2371;404901.79;123854.63;1499.68
5968;404900.26;123856.22;1497.69
208;404896.6;123857.27;1495.58
6112;404895.77;123855.88;1495.87
3637;404890.96;123857.26;1496.4
6;404885.93;123861.19;1492.09
5512;404884.0;123860.8;1495.44
3904;404883.37;123863.33;1489.43
3936;404883.37;123863.33;1455.33
6664;404876.43;123861.28;1458.25
702;404876.27;123856.63;1455.57
150;404880.32;123854.1;1456.67
3104;404880.6;123850.09;1455.89
3603;404879.17;123852.11;1457.2
5783;404881.42;123849.1;1455.75
3585;404881.42;123849.1;1457.35
1505;404885.13;123847.22;1455.59
2430;404886.34;123844.75;1456.64
5851;404888.23;123843.98;1457.31
4738;404888.12;123841.84;1457.49
1205;404894.37;123836.41;1458.51
6973;404896.62;123834.65;1458.06
7306;404898.26;123832.7;1456.47
3201;404899.33;123832.27;1457.13
1226;404898.42;123831.37;1452.01
2917;404903.12;123828.08;1415.84
1199;404906.11;123829.47;1416.66
3371;404909.0;123824.25;1411.46
5112;404913.95;123821.83;1413.58
4428;404918.11;123817.53;1410.66
6039;404918.11;123817.53;1382.75
6563;404913.81;123819.01;1382.43
6590;404921.67;123815.87;1384.58
6084;404913.81;123819.01;1350.31
3667;404913.81;123819.01;1299.61
5612;404909.74;123814.15;1302.7
7152;404918.91;123820.66;1297.66
812;404906.77;123808.57;1301.81
2825;404906.77;123808.57;1291.81
1532;404918.91;123820.66;1287.66
6198;404929.53;123819.37;1384.58
1274;404883.55;123869.37;1495.44
2105;404881.54;123868.79;1494.63
789;404895.93;123868.72;1500.44
7289;404881.33;123862.96;1485.3
5292;404881.33;123862.96;1456.29
3435;404893.99;123874.35;1496.12
7159;404893.99;123874.35;1491.32
1100;404928.27;123880.93;1672.63
650;404920.93;123881.16;1673.83
1087;404928.59;123880.46;1694.07
4777;404924.71;123884.54;1674.1
307;404922.37;123890.7;1673.54
2847;404928.04;123886.03;1673.53
6177;404924.64;123871.87;1683.42
5253;404924.85;123876.2;1702.04
5001;404925.62;123878.7;1702.24
2592;404926.13;123879.23;1706.62
3891;404925.31;123880.59;1707.47
7273;404929.39;123883.2;1708.62
909;404932.87;123881.32;1717.75
1959;404934.23;123882.1;1718.87
4481;404934.38;123881.98;1720.69
1147;404935.13;123883.15;1721.6
6109;404934.17;123884.53;1721.61
5136;404935.16;123882.13;1723.16
2452;404934.23;123881.36;1722.97
2102;404932.83;123878.2;1722.48
4162;404907.18;123906.69;1669.08
3501;404908.34;123909.05;1667.93
3427;404886.64;123926.69;1656.98
3322;404887.34;123930.64;1656.63
5500;404866.49;123926.98;1651.61
3096;404886.16;123931.64;1649.94
74;404884.7;123928.21;1643.5
835;404878.38;123938.74;1634.9
5442;404887.58;123924.78;1642.04
954;404887.58;123924.78;1629.54
1660;404874.07;123937.03;1644.38
1107;404865.3;123944.76;1635.35
6913;404865.31;123944.78;1636.87
7500;404870.37;123965.09;1630.52
3879;404856.41;123946.35;1630.74
5946;404828.9;123946.54;1624.48
636;404835.96;123946.42;1623.98
6843;404814.07;123940.55;1618.97
4019;404817.57;123946.16;1623.93
2816;404832.57;123934.6;1600.85
97;404838.02;123936.58;1599.3
5036;404839.09;123932.83;1598.4
7154;404840.84;123931.09;1598.0
2912;404841.25;123931.01;1599.55
2998;404843.83;123929.52;1599.81
584;404843.83;123929.52;1586.91
5872;404837.13;123938.74;1591.29
130;404834.05;123936.74;1590.09
2085;404834.05;123936.74;1567.34
2923;404831.62;123933.85;1559.25
1691;404835.16;123932.56;1558.72
5028;404832.88;123930.72;1552.97
5454;404832.88;123930.72;1524.82
2749;404832.88;123930.72;1508.21
1280;404834.65;123927.77;1508.21
5148;404829.23;123922.88;1515.73
2649;404834.47;123926.89;1507.1
7521;404834.47;123926.89;1492.78
7028;404832.75;123920.84;1517.13
6951;404831.48;123912.81;1516.28
372;404833.62;123912.58;1516.93
2625;404830.51;123914.48;1515.61
1185;404831.48;123912.81;1496.35
4605;404835.08;123909.94;1517.09
3348;404832.38;123913.44;1514.57
800;404833.08;123914.65;1512.34
6343;404835.27;123915.67;1509.45
6653;404835.04;123915.95;1505.34
2523;404839.8;123913.09;1502.39
223;404839.8;123913.09;1494.23
4956;404835.88;123915.73;1493.9
703;404835.83;123910.51;1495.23
3368;404838.69;123913.99;1495.46
7345;404844.22;123910.92;1498.02
2121;404794.6;123934.6;1602.48
6487;404789.69;123939.43;1607.87
5383;404802.05;123933.19;1601.86
5384;404789.83;123942.53;1597.76
3358;404789.77;123943.05;1587.52
2539;404789.7;123943.16;1565.32
6357;404787.58;123940.08;1533.95
6566;404782.28;123942.22;1532.0
440;404788.55;123941.19;1533.75
1814;404792.67;123943.81;1533.66
5596;404792.14;123944.01;1550.23
3294;404798.55;123942.96;1552.68
2495;404800.93;123937.22;1554.97
4576;404800.56;123937.37;1568.52
5620;404800.69;123934.21;1568.74
6800;404802.89;123932.91;1568.92
7482;404802.8;123932.95;1566.25
2854;404802.71;123931.74;1566.37
3568;404804.17;123929.51;1566.42
6862;404803.95;123929.6;1576.24
5818;404803.87;123930.46;1578.65
3569;404805.41;123926.82;1579.51
2721;404805.06;123926.96;1592.53
4532;404805.43;123928.24;1596.41
3180;404806.46;123929.62;1596.86
2812;404806.64;123937.1;1615.53
4497;404796.03;123933.4;1608.94
5515;404781.81;123913.77;1598.33
3197;404772.78;123925.6;1584.8
4020;404754.08;123932.46;1589.99
2718;404765.62;123946.26;1576.9
1360;404776.14;123930.53;1580.14
251;404747.2;123922.25;1586.69
7095;404756.67;123947.35;1579.9
457;404755.48;123950.39;1580.48
7291;404756.0;123951.24;1579.58
2517;404754.49;123954.04;1578.56
7235;404759.77;123955.26;1579.22
905;404750.55;123954.29;1577.94
6441;404761.7;123955.64;1578.46
327;404762.5;123956.22;1581.5
3188;404762.01;123957.9;1581.62
3202;404759.77;123960.77;1584.27
3191;404767.26;123962.8;1579.83
6059;404759.77;123960.77;1588.09
697;404767.26;123962.8;1598.33
6277;404772.24;123959.32;1580.68
1667;404749.03;123951.85;1577.84
6196;404753.0;123950.46;1577.41
5904;404754.14;123946.1;1575.2
6933;404754.96;123946.47;1575.04
1706;404755.53;123947.22;1531.66
3297;404755.83;123943.35;1530.55
3450;404757.5;123933.78;1523.4
182;404758.86;123928.18;1524.76
793;404757.42;123918.44;1520.54
4731;404757.65;123916.9;1518.52
249;404759.33;123917.62;1516.91
2888;404757.95;123918.95;1514.56
6779;404759.64;123917.49;1513.88
757;404759.76;123917.64;1495.12
1994;404759.82;123917.71;1483.22
813;404759.99;123917.94;1459.94
5234;404760.0;123917.96;1457.74
1848;404760.04;123918.01;1448.46
4438;404760.27;123918.31;1421.29
733;404762.55;123913.0;1422.28
4341;404760.86;123910.76;1419.8
648;404759.86;123906.66;1411.59
5390;404754.73;123907.82;1411.79
5290;404747.33;123910.37;1410.29
5182;404750.48;123905.33;1413.32
5666;404748.92;123906.38;1410.6
6247;404753.39;123905.79;1413.94
6494;404760.54;123897.85;1400.75
3505;404754.12;123876.85;1405.02
1021;404758.99;123873.92;1408.71
3868;404751.73;123901.25;1399.88
7236;404755.21;123902.97;1397.22
6519;404756.41;123900.59;1396.5
5898;404758.26;123897.59;1377.03
5379;404758.11;123891.9;1374.72
4393;404754.75;123886.29;1373.81
4510;404754.59;123882.54;1373.49
5713;404757.04;123881.49;1371.83
4343;404756.99;123876.56;1369.83
2162;404755.39;123871.54;1365.5
6799;404754.77;123869.6;1358.94
5186;404755.05;123869.98;1328.56
1225;404757.89;123868.34;1329.56
6120;404758.79;123863.49;1330.19
1480;404751.73;123875.95;1332.75
2139;404752.47;123880.13;1332.75
4306;404754.4;123882.28;1332.75
629;404755.22;123884.53;1331.87
1084;404753.19;123886.18;1329.98
3768;404753.28;123888.81;1329.02
5221;404752.81;123894.15;1328.17
4469;404752.0;123895.28;1328.02
4492;404749.01;123901.97;1328.41
3332;404749.72;123905.98;1327.62
6138;404748.63;123906.89;1327.36
6867;404749.19;123911.5;1329.33
2760;404748.37;123920.87;1331.33
833;404761.17;123860.41;1326.55
1459;404761.19;123860.43;1322.94
3684;404760.24;123856.83;1321.94
1692;404763.44;123849.62;1321.97
6372;404765.14;123839.89;1322.01
1717;404755.79;123841.72;1320.18
3302;404745.8;123831.45;1323.14
5866;404748.2;123825.43;1323.27
2149;404751.32;123825.3;1322.79
1216;404751.36;123825.36;1312.51
3134;404758.24;123820.19;1313.14
7064;404758.4;123817.57;1311.0
6152;404758.45;123817.63;1300.29
1258;404762.53;123810.26;1297.24
1891;404764.96;123804.76;1295.52
7465;404764.98;123804.79;1300.78
1310;404759.02;123803.28;1295.73
2004;404766.94;123803.94;1301.83
7065;404774.93;123809.41;1302.2
4065;404773.04;123811.49;1301.91
5254;404778.45;123816.56;1302.83
2698;404780.59;123826.19;1299.55
5621;404776.85;123830.46;1300.87
5229;404781.59;123844.58;1301.72
1387;404788.46;123849.27;1301.32
5315;404793.08;123849.0;1300.44
3041;404792.23;123851.3;1299.51
3477;404793.2;123855.13;1296.8
3686;404797.84;123860.48;1296.94
3848;404797.22;123868.75;1296.69
1784;404795.8;123868.46;1295.0
3447;404797.44;123861.76;1294.66
4485;404795.21;123861.47;1294.42
2398;404795.37;123861.67;1272.66
2230;404797.99;123863.02;1272.46
7237;404805.37;123862.9;1277.57
3070;404801.2;123865.13;1268.96
6060;404801.41;123865.4;1243.17
1616;404796.07;123856.82;1243.03
3690;404787.89;123855.04;1235.36
2863;404777.94;123857.55;1221.0
6061;404767.01;123856.98;1217.01
2212;404766.06;123857.76;1217.37
6832;404759.68;123858.8;1215.83
3256;404753.53;123853.29;1211.38
7198;404750.78;123855.2;1211.5
24;404748.71;123856.69;1212.49
2111;404746.47;123856.56;1212.94
4232;404737.28;123860.5;1212.45
2477;404757.28;123859.26;1220.74
2470;404732.56;123864.73;1209.66
5759;404732.36;123874.16;1209.86
1790;404733.99;123882.2;1209.89
4712;404728.21;123890.84;1209.03
178;404729.39;123896.69;1210.09
549;404725.58;123903.27;1208.51
6540;404719.23;123907.88;1203.45
1238;404727.46;123910.27;1211.89
6454;404716.0;123913.22;1203.14
6477;404715.56;123910.6;1202.33
4108;404715.05;123907.81;1203.14
1589;404722.02;123928.11;1226.08
3663;404714.34;123912.77;1199.59
4143;404712.82;123915.7;1197.79
3604;404713.29;123917.52;1199.09
6985;404709.49;123920.26;1196.41
4091;404702.93;123919.53;1195.84
3636;404703.02;123923.29;1196.05
5975;404703.35;123924.78;1196.79
6068;404706.65;123926.01;1196.98
46;404711.38;123927.77;1195.08
3412;404704.85;123929.14;1194.16
3383;404708.45;123951.26;1200.53
2642;404707.67;123959.69;1203.6
2215;404705.24;123971.22;1208.57
4621;404707.59;123978.74;1212.05
3741;404724.1;123982.04;1217.41
3579;404703.48;123977.95;1209.7
5302;404734.98;123997.0;1223.41
990;404739.23;124020.45;1231.84
1472;404737.51;124026.77;1233.03
437;404726.04;124055.22;1239.66
3022;404725.71;124060.65;1241.66
3801;404724.28;124057.06;1242.61
2499;404727.74;124060.14;1241.14
6923;404718.32;124063.69;1245.32
105;404722.1;124070.21;1245.05
254;404712.57;124066.28;1249.53
3380;404717.84;124071.51;1246.11
3401;404716.23;124074.42;1256.51
4636;404718.7;124080.46;1258.59
4845;404721.33;124082.92;1260.37
5802;404732.26;124083.69;1260.95
4200;404723.18;124088.22;1260.87
5123;404731.62;124077.62;1263.17
583;404734.72;124074.83;1263.17
6781;404723.25;124088.3;1247.59
6241;404723.26;124088.33;1243.96
4351;404721.74;124086.96;1242.62
5611;404721.78;124087.02;1232.75
117;404724.76;124085.61;1233.22
6904;404726.09;124079.19;1230.29
4307;404726.94;124077.24;1225.44
4432;404739.11;124068.94;1222.4
2578;404745.13;124071.07;1223.31
1704;404749.22;124085.64;1225.2
2330;404760.38;124087.6;1225.65
92;404786.31;124096.9;1234.98
1547;404785.34;124083.04;1229.92
5573;404795.43;124110.37;1241.12
7038;404783.39;124076.68;1226.24
6156;404782.01;124073.85;1228.21
3894;404782.01;124073.85;1226.28
2569;404781.46;124069.93;1222.96
6696;404781.46;124067.19;1221.18
3625;404780.9;124059.14;1219.47
6312;404778.58;124056.28;1217.34
1246;404776.5;124046.48;1213.5
6949;404773.64;124040.87;1209.86
2153;404772.74;124038.39;1208.34
3082;404770.32;124036.76;1207.61
319;404769.47;124034.14;1206.87
7553;404769.11;124029.99;1204.37
5079;404767.92;124028.17;1203.36
2771;404766.95;124025.62;1203.12
1217;404764.55;124021.29;1200.7
530;404764.55;124017.61;1197.02
2793;404763.16;124013.99;1195.68
5205;404760.21;124008.44;1194.0
527;404757.14;124005.58;1193.78
1886;404758.52;124011.38;1189.67
7251;404758.36;124002.57;1192.05
3470;404756.35;123999.22;1190.23
2677;404756.82;123994.67;1188.38
2651;404753.08;123990.5;1186.67
1035;404751.16;123990.64;1188.39
6858;404749.21;123985.55;1187.53
5974;404746.92;123979.88;1178.81
262;404746.92;123979.88;1168.81
2103;404746.92;123979.88;1198.81
6392;404760.68;124011.49;1190.05
7247;404756.73;124010.17;1188.21
5971;404765.37;124021.56;1190.05
6086;404753.28;124011.64;1186.62
4085;404801.16;124131.79;1252.08
3781;404807.54;124158.7;1257.49
2305;404817.37;124156.28;1258.95
4417;404819.07;124145.48;1258.42
3574;404825.38;124145.76;1257.92
1712;404826.39;124149.04;1259.67
7060;404822.62;124140.6;1255.35
1794;404821.9;124129.55;1255.01
2150;404821.55;124117.39;1251.02
2768;404839.65;124104.57;1247.72
4110;404847.52;124091.46;1245.26
3559;404860.14;124079.8;1241.85
4515;404865.28;124066.93;1240.64
289;404875.22;124057.01;1242.15
3436;404877.13;124057.26;1242.07
4179;404882.03;124066.92;1244.97
2904;404884.42;124062.12;1249.61
3343;404893.16;124053.66;1249.01
7071;404892.39;124050.97;1251.91
7047;404895.57;124048.53;1250.09
618;404896.79;124047.93;1250.05
5863;404896.79;124047.95;1251.1
6420;404899.94;124045.61;1251.21
3654;404904.33;124042.93;1250.72
2444;404903.19;124038.93;1250.54
2647;404899.8;124030.97;1244.45
7051;404897.73;124032.61;1243.78
6636;404892.39;124034.88;1234.84
582;404899.76;124029.86;1243.27
5355;404893.25;124032.4;1230.47
5997;404896.32;124038.67;1238.38
4713;404887.25;124034.79;1232.97
2548;404896.68;124040.52;1238.42
3262;404896.59;124041.51;1235.17
3252;404898.52;124044.07;1229.38
6877;404901.64;124041.36;1232.07
445;404903.09;124039.57;1232.03
1220;404904.2;124042.79;1227.34
7314;404904.2;124042.79;1211.14
1140;404903.76;124044.12;1211.19
3273;404905.82;124046.33;1207.46
4346;404906.13;124046.63;1207.21
3395;404906.58;124047.85;1205.82
7081;404906.17;124048.19;1204.74
1874;404905.39;124049.07;1204.19
2292;404902.9;124052.03;1202.3
3913;404902.61;124054.13;1201.73
6894;404898.88;124059.07;1201.3
5085;404897.57;124065.84;1201.3
3960;404896.75;124066.82;1199.89
7030;404892.53;124071.84;1192.34
236;404889.68;124075.5;1190.47
3267;404889.29;124078.25;1191.59
3032;404888.31;124078.34;1191.77
5877;404891.93;124081.17;1191.61
4057;404891.62;124081.62;1189.68
2029;404890.13;124081.67;1188.68
7044;404887.7;124078.78;1186.23
2171;404890.41;124082.46;1188.54
3106;404888.8;124077.02;1176.44
7099;404884.79;124081.8;1175.57
3851;404877.83;124086.67;1175.27
950;404874.02;124083.23;1172.37
3703;404870.27;124081.87;1171.03
4916;404865.05;124083.57;1171.35
4384;404862.87;124085.99;1171.83
6910;404864.1;124079.64;1170.52
3229;404863.44;124076.99;1168.18
3165;404859.36;124075.58;1167.34
4674;404857.51;124073.04;1166.35
1249;404895.11;124087.15;1190.76
5764;404898.98;124094.43;1192.37
3286;404903.44;124103.59;1197.71
4518;404903.44;124105.81;1198.31
890;404905.78;124112.22;1200.59
4857;404907.94;124113.68;1202.78
4173;404902.54;124113.4;1201.94
5511;404911.5;124117.5;1204.49
4402;404914.16;124117.92;1204.75
690;404915.3;124118.64;1205.12
3481;404915.21;124121.27;1205.71
4192;404915.78;124122.94;1204.77
1294;404915.94;124125.15;1205.92
4391;404921.65;124126.79;1208.57
5775;404921.6;124129.58;1208.85
3824;404901.77;124110.32;1201.55
5211;404878.83;124021.33;1228.12
3185;404876.49;124013.68;1222.72
840;404875.69;124013.7;1222.68
5948;404871.73;124006.57;1221.68
924;404866.48;124003.29;1221.35
4347;404863.34;124000.46;1220.53
423;404861.53;124001.09;1218.25
788;404857.15;124001.24;1214.7
4582;404856.42;123999.24;1218.1
4938;404854.62;123998.58;1216.43
4625;404854.62;123998.58;1214.01
6493;404854.62;123998.58;1207.75
630;404849.24;123998.68;1205.24
4479;404847.89;123998.68;1189.73
1506;404847.89;123998.68;1181.63
6629;404850.7;123995.87;1182.55
4678;404851.31;123990.83;1180.29
3586;404851.06;123991.67;1181.61
7302;404853.06;123986.59;1181.11
485;404852.99;123993.14;1180.44
413;404850.77;123988.46;1181.54
6118;404854.41;123995.16;1178.36
959;404854.98;123993.15;1177.39
1061;404856.83;123990.95;1177.19
3742;404856.83;123990.95;1166.92
565;404855.31;123987.0;1168.21
3975;404849.48;123985.43;1170.29
7467;404851.49;123989.98;1168.46
1296;404847.17;123991.64;1167.14
1314;404847.17;123991.64;1164.9
1022;404843.9;123991.47;1164.02
6630;404842.13;123994.2;1162.77
6569;404842.13;123994.2;1158.24
619;404840.5;123994.09;1158.8
893;404845.26;123993.92;1158.47
71;404836.2;123995.65;1157.99
2612;404835.63;123997.32;1157.13
1698;404833.97;124000.58;1153.84
7357;404837.09;123998.63;1159.51
5705;404836.6;123999.4;1156.1
6604;404832.04;124001.51;1152.55
1940;404839.09;123997.07;1160.44
6224;404834.01;124001.57;1156.19
2055;404833.44;124004.02;1155.33
4413;404835.59;124001.14;1152.8
5905;404836.35;124000.9;1151.62
5762;404829.13;124004.52;1154.33
5578;404837.92;124000.93;1151.85
1861;404837.92;124000.93;1146.72
6245;404835.02;123996.46;1145.69
3008;404832.31;123992.74;1141.55
2953;404828.1;124000.68;1153.62
5911;404827.78;123999.96;1152.3
2311;404829.13;123995.53;1151.82
1562;404826.97;123995.07;1151.35
4495;404824.99;123996.85;1150.64
4685;404824.3;123997.46;1150.88
1748;404824.3;123997.46;1147.35
4211;404826.96;123993.51;1147.35
478;404827.79;123992.65;1147.35
5154;404827.79;123992.65;1129.99
189;404831.26;123989.05;1129.99
5604;404831.26;123989.05;1114.89
580;404900.94;124035.84;1247.72
5813;404898.69;124037.4;1247.34
3378;404896.82;124044.9;1256.09
844;404901.73;124035.09;1244.26
1386;404924.04;124017.16;1245.08
4325;404899.94;124045.25;1246.27
4128;404925.23;124014.0;1246.9
535;404916.26;124017.02;1243.28
2527;404929.3;124011.43;1246.83
4725;404932.62;124011.99;1244.88
1248;404924.1;124014.48;1248.98
6211;404933.16;124012.8;1245.44
3145;404927.97;124010.02;1247.03
1276;404933.22;124009.75;1243.01
6623;404935.96;124010.58;1241.75
6148;404932.29;124011.85;1238.28
2875;404932.35;124014.41;1234.9
5592;404928.4;124014.15;1234.12
4562;404926.7;124017.08;1237.45
7285;404924.54;124020.07;1239.38
772;404923.19;124019.75;1239.73
2503;404921.56;124018.03;1241.51
7055;404925.22;124020.04;1237.2
1422;404921.31;124019.88;1244.89
4732;404925.22;124020.04;1222.85
6007;404923.23;124025.23;1218.51
6047;404929.13;124014.22;1233.29
3531;404929.68;124010.33;1233.22
749;404931.55;124006.82;1231.93
1990;404932.7;124007.04;1232.37
4411;404934.69;124006.47;1231.66
2926;404939.69;124005.4;1227.38
5358;404940.77;124002.73;1227.73
5075;404940.48;123999.42;1222.99
3424;404940.94;124000.57;1223.1
2436;404940.94;124000.57;1214.39
6040;404945.71;123998.25;1214.39
3689;404947.05;123997.31;1214.73
282;404948.5;123995.32;1214.34
2873;404950.74;123992.45;1207.78
750;404952.24;123992.97;1207.64
2492;404952.24;123992.97;1198.38
378;404935.01;124008.21;1241.37
3873;404933.95;124000.52;1241.1
1798;404928.97;124000.0;1240.82
542;404928.92;123993.42;1241.07
5375;404945.84;123982.13;1241.59
7010;404945.49;123973.57;1242.08
1835;404954.17;123963.77;1240.53
3526;404970.96;123952.98;1241.38
2667;404973.45;123942.98;1243.09
462;404967.95;123965.03;1246.92
1411;404979.8;123937.85;1242.69
3976;404982.76;123930.52;1266.42
5575;404981.17;123934.07;1238.07
3345;404984.06;123930.76;1242.25
232;404984.21;123929.68;1272.65
1072;404986.13;123924.32;1278.06
4331;404989.07;123906.69;1277.23
983;404986.06;123900.74;1272.83
3136;404976.6;123897.04;1263.1
6445;404982.49;123896.18;1261.32
2136;404982.51;123896.21;1263.67
5489;404982.75;123896.24;1279.79
30;404976.38;123897.73;1262.6
3671;404979.15;123900.22;1263.72
6216;404972.28;123903.17;1260.47
5779;404972.08;123905.91;1257.5
4141;404972.18;123908.11;1257.71
2859;404971.51;123909.38;1256.73
3858;404971.58;123909.45;1246.79
5787;404966.98;123912.11;1249.57
7023;404966.8;123915.25;1248.71
544;404966.49;123919.35;1248.96
5736;404966.74;123920.66;1246.83
1370;404965.03;123924.49;1245.75
2545;404965.06;123924.52;1240.83
4329;404958.97;123926.28;1241.46
2747;404955.35;123921.94;1240.91
7032;404952.72;123924.23;1240.2
6089;404951.33;123922.23;1238.79
3391;404951.51;123922.41;1220.08
3852;404949.98;123925.16;1221.25
4474;404949.98;123926.26;1221.07
7437;404950.06;123926.34;1209.53
3965;404946.91;123929.18;1209.57
3524;404953.19;123929.26;1211.08
615;404950.17;123934.77;1209.08
28;404947.8;123940.1;1209.04
119;404943.8;123944.42;1208.17
1181;404943.96;123947.96;1205.85
2404;404943.44;123948.27;1205.31
3593;404944.99;123952.04;1204.57
1845;404942.41;123955.48;1203.78
4876;404942.52;123957.16;1204.06
3679;404939.61;123955.83;1203.97
5286;404939.01;123952.26;1202.6
6449;404936.97;123946.79;1203.07
4574;404939.84;123942.21;1198.41
6088;404942.22;123940.6;1193.54
1340;404943.82;123931.78;1178.85
3940;404940.24;123926.83;1177.36
7196;404941.63;123922.56;1169.83
4362;404941.97;123917.34;1169.23
2506;404943.18;123915.26;1167.55
5310;404942.77;123911.63;1172.16
1247;404944.21;123907.65;1173.26
6469;404947.01;123902.17;1172.12
6579;404946.87;123898.6;1170.06
974;404947.73;123891.56;1168.87
7351;404947.39;123887.88;1165.41
6002;404948.24;123886.95;1165.11
169;404950.63;123878.22;1167.7
2267;404949.49;123872.54;1169.12
6070;404949.87;123871.14;1169.24
4167;404949.49;123872.54;1165.6
564;404953.23;123864.03;1169.48
22;404952.89;123860.93;1167.83
4659;404950.41;123857.97;1167.73
7502;404949.88;123855.92;1167.37
1193;404949.85;123854.27;1165.7
4746;404948.45;123852.83;1165.51
5029;404946.99;123853.11;1164.47
2159;404947.84;123850.12;1162.46
1283;404944.92;123851.12;1159.98
1457;404945.18;123845.92;1158.71
3429;404948.7;123839.08;1155.37
1522;404948.36;123835.99;1152.93
748;404948.59;123837.53;1154.28
6879;404952.29;123826.57;1153.86
164;404953.2;123825.29;1151.54
3500;404951.36;123824.35;1151.26
1924;404953.49;123825.47;1137.0
81;404949.14;123826.15;1150.86
2807;404949.89;123823.94;1150.32
2169;404947.74;123822.89;1149.69
7274;404945.73;123821.1;1148.1
6606;404940.64;123822.4;1146.43
2775;404937.03;123829.32;1146.7
4119;404933.9;123830.06;1145.62
6711;404931.48;123829.41;1145.05
5064;404928.43;123833.03;1144.61
6029;404932.49;123829.45;1145.01
1949;404795.29;123964.8;1071.23
4052;404797.0;123967.24;1068.9
5648;404785.5;123973.87;1074.48
5916;404793.59;123959.2;1070.86
2184;404798.71;123965.63;1067.43
6562;404805.69;123961.92;1067.53
4581;404807.63;123962.02;1066.4
6145;404809.89;123965.01;1069.03
7123;404825.42;123977.12;1070.66
5858;404827.9;123980.66;1071.72
1916;404829.53;123984.15;1073.15
2355;404829.09;123979.62;1068.61
2411;404838.62;123979.92;1067.73
5464;404841.66;123976.77;1068.16
894;404843.27;123976.31;1067.99
237;404846.85;123976.56;1068.99
931;404848.29;123978.95;1068.58
6556;404847.37;123980.75;1066.54
6288;404849.51;123980.45;1065.65
1347;404852.63;123980.5;1065.8
5754;404859.95;123993.54;1064.17
2012;404858.17;123995.2;1064.47
6530;404860.75;123993.63;1064.17
6669;404865.03;124001.09;1064.06
2454;404859.94;123990.82;1058.64
1027;404861.77;123988.57;1059.41
4422;404861.87;123994.56;1054.9
5890;404861.87;123994.56;1023.1
7012;404859.02;123989.62;1023.1
3892;404856.91;123985.1;1022.04
741;404859.59;123982.6;1019.18
4156;404859.21;123979.89;1017.84
4215;404860.05;123978.54;1017.41
1907;404859.42;123971.25;1013.19
7111;404858.81;123964.35;1009.81
145;404859.03;123958.29;1006.02
7068;404856.07;123961.82;1006.02
472;404853.82;123962.96;1005.11
5328;404851.52;123963.8;1004.59
6618;404851.52;123963.8;997.21
3838;404848.3;123963.06;1000.18
7392;404843.91;123965.69;998.72
1504;404840.19;123965.37;995.35
1999;404840.19;123965.37;989.09
4161;404838.77;123971.05;991.7
4865;404833.0;123974.25;989.93
5284;404827.7;123973.21;988.28
2920;404824.25;123973.03;987.29
5781;404821.22;123967.78;977.18
5503;404823.85;123965.4;979.07
6108;404821.47;123960.46;974.08
3085;404821.5;123957.71;974.79
943;404818.85;123957.48;966.6
3820;404820.28;123953.06;965.0
4204;404818.74;123948.01;961.82
7131;404817.65;123943.94;961.53
1377;404818.29;123936.57;957.76
2003;404818.65;123931.45;951.42
7390;404819.47;123923.67;949.32
3736;404820.91;123921.36;949.8
6994;404817.03;123916.73;949.91
5434;404819.15;123913.35;948.38
6271;404815.97;123911.13;947.83
4007;404814.15;123907.24;946.44
922;404813.43;123900.41;947.28
1938;404813.94;123896.32;947.28
522;404816.7;123892.65;948.43
1734;404813.94;123896.32;939.05
1823;404817.14;123887.66;948.34
4756;404817.73;123885.47;947.03
3562;404813.62;123882.9;944.24
1400;404812.66;123877.46;942.11
5129;404808.48;123873.95;938.57
2423;404806.58;123871.02;936.47
4028;404806.21;123867.52;935.33
1927;404805.3;123862.35;932.42
322;404806.05;123860.6;929.98
4314;404800.2;123859.88;927.48
7027;404798.28;123861.94;924.23
2080;404796.0;123859.5;921.53
5172;404795.7;123857.83;920.29
1693;404794.08;123866.66;924.52
6003;404792.11;123870.2;923.88
6430;404790.0;123875.44;924.67
782;404782.42;123877.47;921.66
1821;404778.38;123881.66;923.78
4421;404777.51;123886.1;926.73
7155;404770.67;123879.02;921.04
1975;404768.55;123878.57;920.54
6057;404766.33;123879.16;920.78
1330;404765.44;123884.2;923.17
2907;404767.63;123889.11;926.14
2809;404766.9;123892.26;927.72
2009;404766.11;123892.33;928.06
3983;404761.47;123889.31;920.44
847;404758.65;123891.68;920.18
1739;404754.96;123894.67;919.08
2573;404747.91;123894.17;912.25
6692;404751.04;123898.64;918.99
4690;404749.38;123890.53;910.98
5492;404748.43;123896.11;912.47
4252;404744.09;123895.34;908.4
3993;404750.28;123901.91;921.01
2373;404748.64;123900.67;917.72
5618;404744.42;123904.48;919.25
5680;404745.04;123910.41;922.83
5289;404740.22;123914.9;923.29
1611;404739.36;123915.28;923.51
346;404735.44;123916.79;922.84
2378;404733.63;123910.04;923.82
7139;404735.46;123906.75;923.69
6490;404754.0;123888.28;910.98
2051;404756.46;123885.64;909.94
4009;404759.51;123883.42;910.47
5847;404746.34;123898.43;909.0
1705;404813.58;123894.97;939.99
4553;404813.91;123885.38;933.01
4283;404863.01;123990.52;1063.97
6359;404861.25;123987.91;1064.81
4337;404858.67;123988.75;1065.91
2037;404855.42;123987.03;1065.78
5141;404855.29;123984.55;1065.73
5795;404853.81;123983.22;1065.77
2073;404852.1;123981.31;1067.31
6631;404865.02;124001.09;1077.35
1631;404864.78;124002.46;1078.31
4300;404862.25;124007.21;1078.73
5747;404859.5;124008.61;1078.98
1092;404848.79;124019.68;1083.97
2041;404836.17;124011.81;1081.89
277;404824.49;124004.53;1076.36
6458;404821.5;123997.83;1075.9
6525;404815.7;123992.44;1072.11
4907;404820.27;123991.8;1069.62
4931;404822.24;123987.55;1069.99
116;404792.47;124026.93;1099.28
5504;404784.84;124022.52;1092.88
2322;404790.22;124021.88;1096.95
50;404783.13;124021.93;1094.01
6065;404775.25;124018.91;1089.89
6139;404767.57;124022.99;1079.88
5929;404761.14;124023.44;1078.51
7017;404742.65;124009.0;1069.97
17;404734.1;124004.26;1063.37
459;404738.91;124010.42;1059.73
7354;404723.2;124011.07;1074.55
6507;404742.66;124009.76;1059.73
3886;404747.2;124014.8;1061.54
3881;404757.29;124032.27;1068.1
2263;404753.89;124037.11;1067.16
6296;404756.21;124043.83;1068.67
1772;404759.16;124049.63;1066.68
5416;404760.31;124050.81;1065.88
6578;404758.0;124058.87;1055.15
269;404754.6;124059.53;1056.41
4606;404747.44;124061.86;1054.81
4872;404750.2;124071.5;1058.07
7186;404752.13;124075.82;1053.34
4878;404755.93;124079.36;1051.14
6219;404755.88;124082.07;1051.33
6818;404761.96;124088.36;1054.51
2228;404761.09;124096.62;1057.21
3989;404768.81;124115.74;1069.12
6404;404775.15;124120.52;1072.16
2947;404777.03;124135.8;1084.19
6335;404779.63;124144.3;1087.96
5655;404773.28;124160.84;1093.72
5488;404771.8;124169.2;1099.67
2278;404781.4;124168.53;1104.16
780;404777.91;124181.58;1107.53
467;404770.83;124190.64;1110.18
6835;404768.87;124218.67;1123.28
775;404770.94;124222.73;1124.59
912;404770.69;124236.87;1125.58
6679;404768.81;124246.57;1128.6
5850;404764.53;124254.28;1131.12
2664;404763.61;124259.03;1135.97
7074;404763.16;124265.43;1138.3
4029;404753.53;124280.84;1138.3
4831;404749.15;124277.03;1131.39
4651;404739.61;124279.41;1128.57
1678;404727.01;124284.76;1128.57
4473;404724.21;124287.98;1129.55
3420;404718.87;124289.02;1126.54
6478;404715.25;124290.56;1126.26
1882;404713.21;124290.23;1124.4
2973;404712.89;124286.62;1122.94
4101;404710.77;124283.7;1118.93
4163;404706.03;124287.54;1114.97
676;404707.54;124290.76;1114.97
0;404701.91;124291.35;1111.3
3305;404695.72;124293.97;1106.05
416;404693.37;124293.25;1104.33
3464;404691.36;124292.05;1100.27
6752;404691.36;124292.05;1094.88
4862;404690.32;124294.28;1094.44
1606;404682.06;124292.97;1087.17
3525;404674.23;124297.31;1081.57
4086;404673.06;124296.43;1079.83
6321;404672.48;124297.63;1077.33
4034;404671.85;124298.12;1076.93
3290;404671.05;124299.27;1073.91
5716;404666.34;124308.92;1071.82
5139;404662.41;124321.76;1071.12
6872;404659.2;124327.56;1072.65
6773;404659.63;124328.64;1072.16
1759;404655.18;124337.52;1067.64
3764;404651.18;124346.08;1066.65
4796;404651.18;124346.08;1068.92
3846;404649.48;124344.84;1067.61
3452;404646.03;124348.42;1069.32
3396;404644.3;124349.23;1066.87
3443;404640.68;124350.76;1066.67
7485;404635.69;124349.79;1064.61
2101;404634.4;124348.67;1065.89
791;404627.9;124354.96;1071.33
6983;404623.59;124356.96;1068.8
6592;404622.18;124358.54;1068.91
396;404618.72;124361.05;1068.76
3591;404617.32;124361.56;1068.84
7212;404610.7;124364.23;1072.8
5553;404606.33;124368.03;1070.34
4320;404601.79;124374.51;1069.51
2409;404600.14;124375.8;1070.27
1456;404597.66;124377.18;1071.84
718;404595.81;124378.29;1073.59
4442;404592.43;124380.93;1074.12
4812;404594.02;124383.69;1074.74
2065;404593.08;124388.55;1075.52
4298;404587.77;124392.27;1077.14
7108;404657.75;124335.66;1066.49
5188;404656.28;124338.96;1066.17
2864;404654.83;124345.81;1065.8
2197;404654.57;124349.45;1066.99
1697;404648.28;124372.95;1066.99
5765;404644.04;124396.98;1068.27
4225;404642.57;124402.88;1072.53
6722;404639.99;124410.81;1074.92
3645;404641.23;124418.66;1076.75
3230;404643.29;124433.32;1074.93
2656;404642.2;124441.11;1071.43
5649;404639.58;124448.71;1066.98
5937;404638.64;124454.64;1065.59
4517;404635.65;124462.86;1065.89
482;404634.22;124464.69;1065.4
7182;404634.24;124465.96;1065.04
6363;404633.45;124473.52;1056.59
2044;404630.14;124482.12;1051.69
1847;404634.37;124481.75;1049.43
1968;404629.98;124485.24;1048.46
6746;404632.25;124482.17;1046.94
4801;404627.94;124481.01;1039.53
5821;404627.94;124481.01;1025.31
5842;404627.01;124497.16;1046.95
4858;404627.01;124497.16;1051.2
1052;404624.89;124507.13;1049.59
5056;404624.01;124519.73;1049.37
2460;404625.08;124520.35;1048.74
1201;404620.96;124543.69;1057.36
7475;404617.62;124550.86;1058.2
6360;404615.85;124552.4;1057.7
1203;404616.68;124564.2;1065.01
3606;404610.8;124552.67;1051.24
3271;404598.67;124548.49;1040.08
4120;404597.67;124546.88;1039.46
5256;404593.42;124538.89;1035.44
3930;404582.68;124547.59;1029.86
3139;404575.61;124556.01;1026.49
4516;404571.47;124561.93;1025.48
5135;404564.49;124571.19;1025.88
5200;404555.57;124566.84;1022.46
371;404548.69;124571.65;1022.76
3367;404543.85;124571.14;1019.09
7478;404536.17;124576.52;1016.58
5780;404535.71;124581.79;1016.76
7259;404530.47;124579.68;1014.48
6907;404525.64;124573.92;1011.44
2555;404536.51;124586.39;1017.24
5838;404511.64;124571.71;1006.84
1006;404489.29;124574.06;999.97
7018;404485.83;124573.81;999.91
5731;404483.33;124581.52;999.91
51;404481.66;124595.09;1001.1
2187;404459.28;124606.49;994.37
2643;404458.96;124612.63;992.49
5990;404451.96;124607.52;995.94
7184;404444.91;124609.15;993.87
1685;404440.02;124609.93;994.04
426;404433.86;124611.23;993.16
4580;404430.72;124612.25;992.58
2857;404429.85;124611.59;992.61
1469;404425.46;124611.29;991.68
1591;404422.24;124610.72;990.49
508;404420.56;124607.68;989.02
3409;404415.29;124606.85;987.18
2748;404413.23;124604.78;986.06
438;404410.21;124605.59;985.45
6031;404409.77;124607.66;985.56
3103;404407.34;124605.89;984.92
5372;404402.16;124607.57;984.16
6601;404398.72;124604.89;982.03
5158;404402.51;124612.65;987.22
7554;404396.35;124608.69;982.5
1004;404395.58;124610.34;982.66
1053;404396.35;124608.69;975.55
7024;404391.67;124614.07;973.37
6417;404400.03;124600.79;974.64
6342;404387.67;124619.18;970.21
3000;404385.29;124623.86;972.33
429;404387.85;124634.14;973.82
7260;404403.63;124594.02;977.58
2173;404400.03;124600.79;967.02
1900;404404.43;124613.35;988.0
6848;404405.71;124617.27;990.78
6467;404407.06;124618.63;991.59
3177;404407.79;124617.95;991.52
1244;404410.82;124613.45;995.46
1731;404412.18;124614.2;1000.53
3063;404414.93;124613.41;1001.3
1575;404415.45;124614.69;1004.72
155;404417.88;124614.0;1006.06
997;404417.88;124614.0;1008.93
891;404418.31;124613.33;1008.98
5329;404418.51;124611.74;1009.03
4073;404420.03;124611.53;1009.62
5903;404420.67;124611.88;1010.23
2672;404421.99;124611.9;1010.82
3789;404422.23;124613.41;1010.3
5815;404421.31;124614.72;1009.68
2074;404421.31;124614.72;1006.73
5350;404423.4;124617.49;1026.43
3037;404537.43;124592.94;1018.29
2464;404536.33;124605.55;1019.84
523;404533.8;124618.56;1027.49
2174;404623.13;124574.52;1081.75
1121;404718.73;124012.43;1084.56
3049;404718.57;124003.39;1088.59
471;404716.83;124000.1;1094.11
628;404712.9;123998.02;1097.71
3700;404711.11;123996.81;1098.76
848;404702.04;123993.51;1095.81
2254;404722.76;123997.83;1101.46
2788;404693.22;123986.37;1093.4
62;404690.87;123983.47;1095.22
877;404692.15;123975.38;1089.05
6167;404692.15;123975.38;1076.65
6009;404695.98;123964.25;1076.24
6280;404722.49;124001.64;1103.85
4748;404721.61;124000.76;1104.68
4896;404722.3;123996.85;1104.2
6180;404720.4;123986.08;1100.64
4529;404719.16;123980.69;1098.3
6415;404718.61;123974.36;1096.95
6316;404718.32;123968.95;1095.99
6149;404715.74;123961.84;1093.39
2155;404713.41;123954.69;1090.65
1206;404712.08;123948.43;1089.52
2800;404711.67;123940.52;1088.41
3045;404707.71;123928.34;1086.15
4246;404706.57;123927.68;1085.45
1413;404704.16;123920.7;1084.15
5594;404701.44;123922.75;1083.36
4505;404699.81;123921.12;1082.38
6748;404701.18;123918.55;1083.11
5832;404700.39;123909.6;1082.64
36;404701.78;123901.73;1082.92
2753;404705.21;123903.47;1084.02
1130;404705.86;123905.89;1084.06
4282;404714.61;123908.23;1088.29
3482;404716.54;123906.72;1088.77
5505;404713.26;123888.08;1087.11
3097;404717.45;123885.56;1088.15
2579;404722.07;123882.89;1089.48
807;404721.29;123877.97;1089.04
2233;404720.19;123874.39;1093.07
1478;404719.71;123868.91;1093.07
3132;404720.41;123864.98;1093.41
6977;404718.82;123863.1;1090.26
1981;404717.61;123858.22;1088.03
4655;404717.24;123852.92;1089.45
7005;404716.93;123843.98;1088.51
4067;404716.11;123839.77;1085.93
3123;404715.66;123833.37;1084.92
6523;404783.89;123999.26;1083.0
1884;404787.88;123997.03;1082.08
3861;404788.19;123994.18;1083.04
4209;404787.86;123986.71;1079.77
1954;404791.74;123981.04;1076.96
7245;404831.32;123979.73;1067.97
7002;404833.91;123980.94;1066.32
6297;404840.7;123979.5;1062.15
5969;404839.43;123976.34;1063.59
3033;404838.01;123973.16;1061.07
2110;404845.67;123966.73;1060.07
5065;404797.19;123953.24;1070.17
4987;404808.96;123952.64;1067.36
1172;404813.01;123948.16;1067.39
5437;404813.46;123945.64;1065.99
6414;404809.79;123940.57;1066.03
4493;404817.36;123929.01;1073.26
6472;404819.46;123934.2;1079.32
6884;404825.93;123937.94;1080.82
2974;404811.49;123951.06;1084.22
6744;404814.99;123946.07;1089.95
6428;404816.97;123943.96;1089.91
2662;404824.14;123941.5;1091.85
2027;404821.31;123936.58;1093.85
5362;404819.04;123928.08;1096.78
4507;404820.82;123920.48;1098.36
2114;404813.05;123919.81;1097.03
4743;404811.82;123913.97;1097.38
5173;404816.03;123912.85;1098.57
4792;404832.9;123903.96;1105.81
3499;404840.94;123902.11;1111.66
5810;404848.66;123897.31;1111.88
1621;404867.64;123890.48;1115.75
4824;404871.67;123887.35;1121.08
104;404872.14;123885.45;1121.51
1721;404876.65;123884.07;1123.06
1683;404880.3;123881.23;1124.59
7413;404887.3;123879.5;1124.64
5628;404896.55;123890.11;1129.92
902;404900.3;123900.34;1132.74
620;404907.04;123894.51;1139.31
3889;404911.98;123877.55;1145.32
5408;404915.59;123865.88;1148.5
4940;404916.82;123861.61;1147.74
1855;404916.61;123859.16;1145.29
66;404918.38;123853.77;1144.72
5339;404920.46;123848.89;1144.1
539;404921.24;123845.99;1144.59
2432;404927.7;123841.49;1146.04
6069;404925.08;123836.74;1144.41
4274;404932.28;123826.76;1144.25
3532;404934.55;123822.05;1144.16
6685;404933.42;123820.41;1144.4
2081;404938.18;123818.98;1144.84
6713;404938.13;123818.95;1150.5
2285;404938.68;123817.93;1150.69
6032;404934.95;123822.35;1154.0
7137;404940.4;123824.55;1154.93
415;404935.31;123816.98;1151.28
3455;404935.0;123826.0;1153.33
1567;404929.7;123829.99;1154.86
801;404923.29;123833.99;1154.46
2351;404938.71;123810.16;1153.33
1235;404938.32;123803.3;1152.01
3648;404945.74;123797.82;1152.67
611;404943.36;123800.04;1152.28
5387;404942.16;123798.93;1151.74
961;404945.97;123798.35;1158.71
6647;404941.9;123786.28;1144.35
5829;404940.68;123786.14;1143.16
3830;404941.91;123783.8;1143.13
5455;404943.65;123780.18;1142.73
4999;404941.98;123773.61;1138.76
4480;404944.2;123767.0;1137.61
6094;404945.75;123763.92;1133.4
7013;404948.92;123764.59;1134.45
2379;404947.07;123758.93;1134.21
1461;404951.97;123768.51;1138.92
4921;404952.96;123769.73;1138.92
3209;404951.28;123780.35;1144.64
2180;404951.65;123785.59;1146.34
3630;404947.05;123758.87;1131.23
1204;404947.16;123754.04;1129.08
165;404948.41;123751.05;1129.77
3344;404947.85;123749.34;1127.52
6857;404950.08;123741.81;1127.96
1376;404946.14;123736.82;1122.79
4012;404948.26;123730.53;1122.49
1116;404949.56;123731.74;1122.0
5536;404954.97;123732.22;1122.51
2550;404957.7;123731.01;1122.79
87;404962.11;123731.25;1121.86
349;404965.79;123729.61;1121.24
1574;404970.99;123731.75;1122.08
3939;404972.25;123728.41;1122.3
5179;404976.94;123738.82;1122.12
1797;404972.05;123718.63;1122.67
354;404973.63;123713.12;1120.72
2242;404976.39;123711.96;1123.93
6552;404973.45;123707.26;1119.36
451;404973.17;123701.41;1119.25
3682;404973.59;123703.31;1116.46
64;404976.29;123699.09;1116.1
2415;404979.1;123696.58;1116.47
738;404979.1;123693.2;1116.1
2183;404978.82;123689.9;1107.0
5922;404982.36;123688.65;1116.27
3735;404979.34;123683.91;1106.27
7126;404979.34;123683.91;1098.93
4703;404985.32;123702.33;1096.55
7037;404985.67;123712.13;1096.89
5156;404984.76;123719.51;1096.89
1375;404983.19;123726.32;1097.13
6035;404983.19;123736.62;1097.31
969;404972.44;123750.37;1097.31
6597;404982.39;123688.63;1115.62
5033;404986.15;123686.28;1115.37
2440;404992.88;123678.94;1116.59
2868;404992.44;123685.89;1115.33
2088;404995.74;123685.04;1115.37
6924;404997.17;123685.47;1115.6
292;405000.81;123685.12;1116.74
7094;405004.96;123681.28;1116.53
1085;405007.37;123680.39;1118.07
2563;405010.37;123677.61;1119.27
7287;405012.38;123678.85;1119.47
1382;405014.53;123678.49;1119.46
3024;405019.24;123675.76;1120.19
3719;405019.18;123674.63;1120.19
2399;405021.18;123673.93;1120.44
5664;405021.78;123667.4;1120.54
5923;405025.61;123667.29;1119.65
1537;405025.71;123667.22;1130.04
1145;405028.16;123666.55;1130.69
1860;405027.1;123667.61;1129.64
5413;405030.02;123670.02;1132.11
160;405032.6;123678.04;1135.05
958;405027.93;123678.06;1142.53
5609;405022.68;123672.82;1163.98
4025;405020.28;123674.84;1164.3
1141;405020.34;123681.77;1172.49
111;405021.86;123682.82;1172.49
1868;405022.09;123686.01;1172.36
4528;405021.54;123686.73;1172.23
2824;405019.36;123687.47;1170.85
2458;405018.12;123689.03;1165.03
2874;405018.22;123688.96;1155.11
376;405017.38;123689.05;1157.78
5374;405015.33;123690.84;1158.61
3352;405014.7;123693.02;1159.53
3576;405008.76;123695.26;1155.55
7425;405013.63;123696.65;1155.88
6021;405008.26;123692.65;1156.07
6292;405013.77;123696.26;1175.9
5669;405014.51;123700.1;1157.47
4352;405013.82;123696.12;1186.72
1436;405013.99;123695.66;1208.86
536;405013.48;123693.47;1214.15
1720;405011.0;123693.32;1218.21
2181;405008.4;123694.48;1226.8
5373;405005.38;123693.92;1228.98
3539;405003.41;123698.54;1229.75
1078;405004.42;123697.17;1229.76
4592;404997.39;123702.64;1229.69
7022;404996.06;123705.74;1231.12
6306;404992.48;123711.62;1231.81
4033;404994.14;123720.09;1234.63
7190;404988.5;123726.29;1232.06
7323;404981.68;123725.79;1231.4
1339;404978.49;123723.53;1233.49
3004;404975.89;123724.0;1233.75
3171;404972.02;123734.85;1231.76
7003;404972.19;123733.92;1231.69
2761;404973.14;123718.6;1235.48
3809;404973.12;123732.49;1227.17
3304;404973.9;123732.65;1225.31
2291;404976.36;123729.46;1222.04
852;404977.01;123732.04;1221.14
4116;404977.0;123731.94;1215.72
1554;404978.07;123732.49;1215.72
921;404985.04;123736.46;1218.71
5090;404978.07;123732.49;1212.12
310;404985.37;123731.21;1219.68
3151;404984.28;123727.97;1217.45
4348;404986.89;123727.87;1217.45
5704;404990.32;123719.98;1217.42
1566;404989.95;123722.45;1217.78
7008;404991.15;123719.49;1217.99
6402;404990.53;123722.79;1217.68
3020;404992.85;123720.93;1219.16
4630;404994.38;123717.34;1220.91
1528;404995.07;123714.22;1221.45
5585;404997.93;123711.3;1220.88
860;404999.19;123709.19;1220.23
2952;404996.05;123707.61;1218.47
4698;404996.59;123707.76;1218.23
6875;404997.17;123705.85;1214.26
1228;404995.6;123705.7;1213.52
3587;404994.27;123704.52;1211.86
1964;404995.33;123705.71;1217.77
6589;404995.17;123703.38;1210.36
3653;404997.76;123702.2;1217.1
7447;404993.62;123698.65;1215.57
3887;404989.64;123694.47;1219.15
1922;404991.65;123684.98;1219.92
2282;404990.17;123683.01;1220.29
2082;404987.19;123681.81;1219.55
3793;404984.77;123679.21;1218.19
5228;404979.03;123674.56;1219.36
5144;404980.33;123670.84;1221.97
4915;404982.25;123666.08;1221.43
1911;404982.24;123665.98;1226.65
4914;404983.58;123658.61;1226.88
606;404986.21;123652.34;1224.23
4589;404982.72;123651.22;1224.66
2472;404982.86;123649.13;1227.2
4642;404980.84;123648.43;1226.9
1218;404977.65;123648.32;1226.67
2743;404974.9;123646.21;1227.33
11;404976.51;123640.99;1228.53
6768;404973.74;123639.01;1228.7
4392;404970.03;123639.4;1228.75
3644;404967.9;123629.9;1230.34
186;404966.18;123622.24;1228.87
5014;404978.89;123622.44;1225.84
6816;404980.42;123620.06;1225.3
1335;404982.53;123613.87;1223.86
5773;404976.63;123619.73;1222.65
5737;404970.7;123620.21;1207.78
2646;404969.65;123630.75;1205.75
3316;404968.56;123631.68;1201.52
2070;404968.56;123631.29;1201.45
4676;404969.97;123640.44;1203.14
2728;404967.05;123630.24;1194.59
2462;404969.61;123642.34;1202.15
7214;404970.54;123649.8;1203.52
7481;404971.58;123653.88;1200.97
7535;404970.59;123654.86;1200.26
2170;404970.74;123655.92;1182.93
1362;404972.37;123650.94;1185.27
6014;404969.22;123648.35;1177.54
2299;404967.94;123646.46;1176.94
4953;404968.03;123646.66;1172.81
1090;404966.27;123656.7;1170.86
5342;404964.96;123662.47;1171.83
1187;404965.28;123668.88;1174.39
2352;404963.17;123676.24;1172.66
1523;404962.85;123678.11;1170.58
6298;404962.9;123678.06;1168.87
1842;404962.93;123680.66;1166.12
5992;404962.14;123681.84;1165.55
5285;404962.02;123687.42;1166.56
2902;404960.95;123691.19;1166.55
1957;404960.68;123694.01;1165.81
5662;404960.31;123694.72;1167.14
4213;404960.73;123695.94;1168.28
6767;404960.49;123705.51;1166.82
6807;404960.53;123708.5;1165.08
3995;404958.4;123710.07;1164.4
3228;404957.38;123714.24;1163.52
1327;404955.78;123717.82;1165.77
4112;404956.2;123720.44;1164.81
5755;404955.85;123722.75;1164.37
4844;404957.09;123723.16;1161.46
7156;404956.27;123727.55;1160.55
4139;404963.68;123727.33;1159.62
2710;404961.35;123738.18;1160.4
2229;404963.63;123714.58;1158.68
316;404955.96;123742.08;1158.73
6126;404968.71;123711.16;1158.75
5160;404973.43;123704.6;1159.81
1412;404978.7;123701.43;1160.19
2860;404976.27;123702.84;1158.93
2077;404984.22;123691.05;1162.06
5739;404981.6;123701.82;1158.99
6962;404985.03;123695.61;1158.56
5873;404985.67;123692.41;1158.88
4266;404988.29;123689.8;1158.0
6317;404989.92;123689.98;1158.02
5965;404992.16;123693.74;1157.84
1392;404997.6;123693.38;1157.8
4803;405002.02;123691.61;1158.27
2918;405003.71;123692.92;1158.33
3968;404988.15;123689.05;1162.83
4660;404993.14;123689.84;1164.19
4973;404996.63;123693.32;1162.4
5116;404995.83;123698.32;1164.04
5490;404956.37;123745.65;1158.68
2435;404958.44;123753.91;1157.96
7183;404957.13;123756.33;1158.68
1878;404957.61;123766.17;1158.92
904;404957.55;123772.23;1158.62
4158;404951.74;123779.43;1158.85
6192;404952.96;123781.45;1157.89
211;404951.5;123782.68;1157.8
946;404952.73;123783.08;1157.85
4908;404949.6;123792.65;1160.16
3167;404981.71;123602.11;1222.0
6694;404973.25;123601.08;1226.34
2766;404968.52;123600.91;1229.53
574;404976.06;123590.6;1224.43
441;404969.75;123596.88;1229.6
3382;404971.19;123596.49;1229.45
3839;404967.14;123593.0;1232.64
933;404971.13;123595.26;1228.38
6782;404969.6;123594.99;1227.62
1126;404972.74;123589.55;1227.18
2991;404972.02;123585.84;1227.78
1856;404971.21;123585.37;1228.3
6712;404974.01;123583.69;1228.13
1025;404969.35;123591.56;1231.58
2654;404964.15;123595.98;1235.6
1909;404970.8;123579.69;1231.16
7187;404970.28;123575.98;1231.23
3509;404967.65;123572.48;1232.48
7406;404963.88;123576.67;1236.28
2984;404961.17;123588.42;1238.63
5693;404957.79;123588.24;1240.35
3677;404956.01;123590.29;1239.57
1681;404956.59;123595.02;1240.24
4658;404952.75;123595.49;1243.05
5272;404949.86;123594.02;1243.98
5726;404950.3;123588.95;1245.06
4593;404949.76;123581.26;1244.92
6185;404946.1;123581.65;1246.8
3014;404949.43;123571.87;1244.43
2256;404942.59;123578.13;1250.68
3342;404946.59;123558.48;1248.88
4673;404944.14;123553.24;1250.65
7368;404944.45;123549.73;1248.09
5919;404938.96;123558.24;1251.28
982;404962.88;123598.98;1232.86
4615;404962.53;123603.05;1232.14
2566;404963.68;123603.71;1232.38
434;404962.49;123606.98;1233.51
678;404961.18;123609.92;1234.55
1898;404961.62;123612.21;1234.06
5774;404959.91;123616.67;1234.48
5931;404961.06;123618.04;1234.51
276;404960.46;123622.91;1234.85
6929;404959.5;123626.27;1234.85
1817;404954.69;123627.2;1236.07
5521;404953.74;123624.46;1235.56
2556;404954.05;123628.23;1235.37
712;404950.72;123622.71;1235.32
4664;404949.99;123621.66;1236.25
2463;404948.5;123620.5;1235.95
3078;404951.14;123630.19;1236.65
6684;404946.21;123637.23;1239.78
1805;404947.71;123637.1;1240.83
1872;404949.29;123640.65;1242.56
2446;404946.12;123642.63;1243.22
6638;404945.61;123642.86;1243.57
6964;404944.79;123645.38;1243.8
1241;404942.83;123649.78;1245.0
5852;404937.42;123659.14;1245.95
2668;404937.72;123664.71;1247.45
4260;404937.45;123665.53;1249.8
4813;404937.3;123666.39;1251.59
1002;404936.86;123670.01;1251.91
966;404938.74;123669.57;1252.58
31;404940.7;123670.8;1253.76
113;404941.56;123670.73;1253.71
1063;404941.34;123667.7;1254.82
3141;404943.44;123665.21;1253.3
2026;404943.78;123661.94;1255.27
4279;404978.88;123583.96;1220.58
2598;404983.66;123581.3;1224.0
2838;404983.79;123585.0;1224.92
488;404989.45;123574.8;1226.56
699;404992.06;123575.91;1228.14
435;404991.19;123579.39;1228.71
7061;404995.45;123581.75;1229.66
4273;405002.85;123584.45;1229.66
1963;405007.1;123585.91;1229.26
2202;405006.95;123583.85;1228.59
6228;405007.12;123585.79;1229.46
7103;405010.01;123584.06;1229.65
3301;405008.42;123580.18;1236.32
7243;405010.03;123578.39;1237.2
6482;405015.35;123576.86;1237.88
7356;405020.85;123573.69;1237.88
6790;405021.47;123571.38;1237.71
3377;405023.53;123559.67;1238.33
383;405023.99;123553.12;1237.53
1988;405029.23;123550.68;1237.02
7147;405028.19;123549.56;1237.77
5560;405028.19;123542.78;1241.68
1138;405028.39;123540.43;1241.6
6400;405030.27;123536.74;1242.33
3416;405031.88;123533.12;1241.27
5078;405033.49;123531.62;1240.72
7334;405038.01;123526.78;1242.25
3664;405039.66;123525.39;1242.25
2645;405041.14;123521.09;1242.25
639;405042.16;123520.23;1242.01
7148;405043.15;123518.11;1242.01
2531;405043.8;123515.99;1241.89
6673;405048.67;123513.51;1241.51
5574;405050.37;123506.17;1241.51
4509;405052.63;123501.91;1240.75
391;405052.19;123500.27;1241.17
2745;405053.67;123498.85;1242.5
6054;405052.81;123493.45;1241.34
706;405057.07;123491.74;1241.42
1785;405057.7;123487.23;1241.18
5193;405057.29;123483.88;1241.3
1232;405061.24;123478.25;1241.3
1462;405061.18;123475.2;1241.46
6252;405062.45;123473.01;1242.04
3266;405065.56;123471.42;1240.42
7339;405067.38;123467.69;1241.53
128;405069.07;123465.75;1241.89
2368;405069.07;123459.22;1241.21
7295;405069.54;123456.8;1241.6
4879;405068.41;123453.52;1242.08
3162;405071.64;123454.12;1242.45
2836;405068.41;123453.52;1244.43
6793;405068.48;123449.81;1241.89
2587;405067.61;123460.05;1245.01
6829;405071.08;123446.92;1242.23
2157;405067.16;123440.66;1243.8
309;405065.07;123431.6;1244.12
6561;405064.44;123426.46;1245.23
4648;405065.29;123424.54;1245.26
1869;405062.2;123418.71;1245.38
3994;405063.94;123421.4;1245.32
258;405062.98;123418.06;1245.08
241;405059.61;123410.48;1244.93
4793;405063.2;123410.54;1244.81
2478;405061.96;123406.21;1244.89
3955;405061.39;123399.64;1244.77
6885;405065.4;123396.83;1244.94
3138;405065.06;123392.91;1245.15
3571;405066.78;123390.05;1246.36
3250;405066.78;123386.52;1245.68
4195;405067.68;123383.56;1245.84
47;405067.57;123381.49;1246.85
5244;405066.63;123380.49;1246.6
2676;405068.06;123378.96;1246.42
880;405070.18;123378.58;1246.72
4860;405067.11;123381.44;1249.45
6106;405071.35;123381.22;1251.16
5478;405074.28;123379.25;1249.28
5875;405073.74;123381.11;1247.97
6952;405073.98;123383.35;1246.67
5906;405072.51;123388.83;1246.67
2815;405072.37;123449.52;1241.71
4486;405073.74;123446.7;1240.87
1825;405074.45;123440.01;1241.22
2487;405069.94;123434.63;1240.61
808;405072.57;123428.71;1241.87
256;405072.27;123425.31;1241.26
6258;405075.49;123421.2;1241.81
2117;405078.33;123420.7;1240.99
4309;405079.08;123409.93;1239.28
3159;405080.31;123405.92;1240.24
4546;405081.04;123399.96;1239.82
224;405010.74;123581.94;1229.69
412;404996.14;123703.34;1209.07
2235;404999.55;123707.55;1208.78
7119;405001.25;123711.37;1208.34
68;405003.46;123711.76;1208.5
2145;404978.07;123732.48;1213.05
936;404981.33;123725.83;1211.76
6434;404971.87;123730.6;1211.66
5433;404982.57;123734.75;1212.75
4540;404984.73;123729.1;1212.87
1624;404983.85;123727.36;1211.67
229;404968.26;123735.22;1212.91
1024;404970.29;123738.18;1236.63
5037;404971.53;123748.27;1239.83
5687;404984.99;123756.24;1244.19
3069;404993.02;123767.55;1244.92
1644;405002.76;123774.97;1244.51
1261;405004.24;123776.85;1246.51
5696;405015.0;123785.05;1252.57
4535;405019.08;123789.71;1249.05
3486;405009.05;123797.16;1258.76
1496;405016.72;123787.14;1245.84
5547;405016.7;123787.16;1242.98
1321;405016.32;123787.59;1242.99
1466;405016.3;123787.6;1240.07
1895;405016.32;123787.59;1249.65
3708;405016.32;123787.59;1232.71
1816;405018.03;123789.14;1239.72
6901;405024.22;123791.48;1241.56
4315;405031.7;123796.51;1246.3
2813;405038.67;123801.39;1249.17
6251;405045.21;123801.55;1250.03
4004;405046.8;123801.28;1260.43
6570;405045.87;123800.01;1262.02
6030;405047.19;123801.5;1263.18
710;405047.25;123799.82;1265.23
819;405043.75;123794.58;1265.27
2045;405037.79;123796.87;1268.52
4078;405043.36;123794.81;1296.11
720;405049.04;123794.48;1274.9
3988;405050.77;123793.74;1271.04
7268;405049.69;123791.88;1270.78
1862;405052.82;123787.88;1275.68
3410;405057.23;123784.9;1280.15
6729;405057.39;123782.73;1281.4
3697;405060.03;123780.74;1281.93
2130;405043.34;123794.83;1300.25
5273;405044.02;123804.36;1325.55
4487;405043.84;123804.47;1345.99
7113;405042.73;123807.46;1344.6
1043;405043.81;123809.32;1345.49
5130;405041.1;123812.64;1346.26
5643;405042.43;123813.34;1346.79
7158;405042.01;123813.83;1349.09
2316;405042.39;123813.14;1351.61
1952;405042.36;123813.16;1358.06
5532;405043.43;123813.08;1362.24
2236;405044.7;123814.26;1363.83
6852;405044.3;123815.94;1366.28
489;405040.03;123823.18;1365.48
1615;405040.54;123826.62;1372.88
3023;405047.01;123833.34;1383.52
1311;405044.82;123837.4;1383.55
4626;405049.47;123840.16;1377.53
2465;405043.97;123846.65;1373.89
4310;405043.52;123846.92;1407.53
5043;405040.62;123849.34;1407.55
6510;405040.56;123849.37;1417.29
7052;405030.6;123857.67;1418.55
1038;405029.73;123856.96;1418.6
5382;405025.27;123864.53;1422.53
6632;405023.71;123866.37;1421.68
2457;405024.25;123866.7;1429.69
6859;405021.61;123869.33;1429.97
4463;405022.11;123871.28;1430.09
263;405021.01;123873.17;1429.72
4117;405019.33;123873.21;1433.43
5633;405017.47;123873.89;1433.61
4635;405018.04;123874.79;1435.15
567;405018.49;123875.51;1439.99
5683;405020.07;123879.78;1441.86
141;405014.77;123884.7;1443.17
3002;405009.85;123893.03;1440.36
6307;405005.95;123894.94;1438.75
5694;405003.76;123897.05;1436.34
4590;405004.3;123901.97;1439.1
7352;404997.76;123907.62;1452.42
1191;404993.23;123906.45;1464.82
6407;404992.42;123912.5;1466.48
892;404995.88;123912.03;1468.55
3048;404998.84;123908.2;1472.03
1580;404994.9;123915.16;1466.23
4477;404992.08;123924.0;1465.51
1595;404992.06;123924.58;1490.37
6465;404992.05;123924.9;1508.7
2329;404992.92;123925.2;1509.09
920;404995.58;123926.65;1510.04
4024;404996.54;123920.14;1511.03
6395;404996.04;123926.27;1516.56
5605;404999.29;123928.97;1522.28
5080;405001.75;123928.03;1520.56
1352;405004.06;123931.42;1518.85
6208;405000.88;123932.84;1521.36
4018;405000.23;123934.79;1523.41
1390;405002.58;123937.11;1519.76
2461;405000.79;123940.09;1528.81
4290;404999.74;123936.43;1518.84
5650;405000.66;123942.49;1528.77
3945;405001.58;123943.75;1528.41
2213;405001.58;123943.75;1534.51
3349;405002.04;123946.67;1532.2
7129;405002.95;123948.12;1530.24
5349;405002.45;123948.98;1531.02
2296;405003.2;123949.03;1530.34
6370;405003.2;123949.03;1527.46
4567;405003.59;123949.8;1517.63
1453;405006.68;123947.46;1504.96
4238;405009.08;123948.74;1504.38
5711;405011.05;123950.45;1502.62
3831;405009.65;123950.26;1501.66
3237;405008.81;123954.05;1498.66
797;405011.42;123948.61;1498.34
2501;404999.58;123936.53;1537.97
6332;404995.16;123935.67;1541.37
5457;405001.8;123936.9;1537.83
2264;404993.27;123934.83;1541.23
1610;404997.23;123918.78;1530.69
2887;404997.23;123918.78;1537.95
6549;405000.48;123919.23;1541.48
608;404999.84;123923.28;1542.81
7389;405002.02;123924.12;1544.85
3105;405005.41;123927.4;1547.68
2146;405008.67;123927.91;1550.44
5691;405011.01;123928.86;1553.92
1603;404992.4;123931.36;1541.6
5368;404993.25;123931.23;1540.23
4037;404992.04;123930.69;1539.9
6010;404991.35;123929.74;1539.14
177;404993.75;123927.8;1538.65
3859;404993.82;123923.95;1539.06
5161;404993.82;123923.95;1530.5
4926;404997.02;123923.95;1530.5
5924;404989.32;123923.95;1530.5
1846;404993.82;123916.51;1530.5
1923;405001.56;123938.94;1538.79
6809;405000.51;123939.26;1543.03
2283;404999.63;123939.17;1547.02
7471;405002.19;123939.46;1548.09
7086;405001.37;123937.69;1545.86
6452;405003.97;123939.28;1551.72
143;405007.39;123937.84;1551.94
6304;405010.76;123941.81;1556.53
984;405012.75;123940.97;1559.27
4229;405013.23;123943.63;1560.27
915;405015.96;123950.01;1563.86
1065;405015.68;123954.51;1571.02
2319;405016.32;123953.58;1571.34
129;405014.02;123952.03;1573.76
418;405019.47;123953.97;1572.75
6868;405023.89;123956.3;1576.33
4105;405008.35;123936.47;1551.59
774;405009.26;123935.12;1550.18
2424;405007.24;123932.25;1555.02
727;405010.11;123933.01;1568.97
1050;405011.01;123938.69;1566.65
5068;405011.01;123938.69;1573.03
6795;405009.93;123940.02;1573.86
6991;405011.29;123941.48;1574.92
3131;405012.05;123942.73;1576.44
2112;405015.12;123944.29;1576.74
7516;405008.57;123949.82;1573.24
112;405019.35;123957.51;1567.49
1548;405016.99;123959.64;1563.84
5480;405015.16;123960.41;1558.92
3815;405014.29;123963.46;1559.09
926;405012.76;123964.04;1557.0
4256;405015.73;123963.25;1550.42
6998;405016.61;123960.18;1540.59
2557;405013.96;123961.41;1541.21
1170;405012.74;123957.26;1530.2
7415;405017.95;123955.91;1542.65
3288;405012.93;123958.48;1529.63
5675;405006.5;123958.03;1523.82
548;405012.2;123956.07;1518.7
1690;405012.05;123957.07;1515.4
881;405010.18;123952.71;1512.44
183;405013.46;123951.18;1510.75
3925;405007.69;123954.95;1506.63
1799;405018.09;123949.94;1505.24
2277;405023.99;123947.67;1498.69
6660;405024.4;123957.32;1578.49
3083;405026.52;123960.3;1581.28
6602;405028.36;123960.28;1581.86
6974;405030.03;123961.2;1582.39
2508;405029.99;123964.83;1584.41
1272;405028.5;123965.84;1586.14
858;405029.36;123969.47;1587.81
740;405028.84;123970.42;1590.46
3992;405027.96;123972.45;1592.81
5403;405027.34;123974.04;1592.91
4228;405030.82;123978.98;1594.13
6313;405031.25;123977.41;1594.4
5812;405031.34;123978.99;1593.19
815;405029.23;123979.12;1594.27
5449;405027.21;123983.19;1595.85
6488;405030.51;123982.98;1593.78
6105;405030.78;123987.67;1597.33
3627;405031.13;123984.71;1593.84
5330;405034.16;123987.93;1597.77
736;405035.69;123989.39;1597.56
365;405040.5;123985.89;1597.18
3010;405038.89;123983.89;1597.79
4889;405034.62;123984.49;1598.63
6672;405037.34;123989.85;1595.85
3843;405034.62;123984.49;1591.83
3919;405033.57;123981.27;1593.13
5145;405034.11;123978.22;1591.48
5187;405034.11;123974.37;1591.48
7089;405037.68;123974.75;1590.65
5002;405038.71;123970.9;1588.96
69;405041.92;123969.33;1582.78
5538;405041.1;123968.16;1582.08
1664;405041.1;123968.16;1573.25
7271;405040.03;123966.51;1572.61
1593;405043.25;123962.67;1569.95
2504;405043.58;123960.03;1570.41
308;405043.58;123960.03;1557.81
1977;405041.78;123958.99;1559.27
3911;405041.78;123958.99;1549.02
3157;405040.95;123959.6;1549.2
6968;405040.43;123955.4;1547.04
4197;405037.81;123952.78;1546.46
7009;405036.7;123952.88;1546.73
1985;405035.53;123951.93;1546.36
3173;405034.17;123952.43;1545.68
3280;405033.01;123950.99;1545.68
1901;405034.08;123949.88;1544.76
2665;405031.43;123948.1;1544.53
1101;405031.67;123947.15;1544.93
2783;405031.5;123944.81;1544.93
294;405032.75;123944.09;1544.34
4100;405032.75;123944.09;1529.03
660;405030.84;123941.16;1529.28
2689;405030.84;123941.16;1519.28
2752;405032.12;123940.42;1519.9
2100;405030.14;123937.48;1519.9
5506;405029.88;123932.04;1519.9
2856;405029.59;123931.32;1519.9
1439;405030.61;123930.56;1519.11
4276;405029.66;123925.15;1518.82
2622;405028.27;123927.13;1517.31
7045;405027.37;123927.65;1517.2
2335;405026.14;123930.41;1514.07
2644;405029.46;123927.09;1512.36
930;405027.87;123929.41;1513.93
2196;405037.29;123989.89;1605.59
6613;405036.84;123992.89;1606.14
7033;405035.93;123993.17;1606.52
4649;405034.51;123997.45;1607.5
7145;405035.87;123999.37;1607.52
823;405035.47;123999.9;1608.12
7249;405034.81;123999.94;1608.79
2626;405034.63;124003.97;1607.74
7561;405034.04;124006.65;1607.81
3121;405032.78;124007.09;1607.79
2113;405032.96;124009.49;1608.19
632;405032.6;124010.12;1608.88
7195;405033.13;124012.22;1609.05
1190;405035.17;124012.57;1607.91
3527;405032.47;124011.84;1610.8
1229;405033.84;124016.34;1607.86
6806;405033.36;124018.51;1608.42
1983;405029.7;124018.92;1608.13
3052;405028.11;124019.63;1610.87
6015;405029.29;124022.81;1610.89
4429;405026.88;124023.38;1610.91
634;405026.85;124023.4;1617.25
2164;405025.91;124025.92;1616.19
7303;405026.93;124028.27;1616.7
6421;405025.82;124030.71;1615.59
2216;405024.31;124034.05;1615.68
2341;405024.29;124035.77;1615.48
2544;405023.92;124036.26;1615.66
7179;405023.91;124036.27;1618.09
4183;405022.25;124038.89;1619.29
2693;405024.85;124043.55;1620.66
6264;405025.21;124044.24;1617.8
1366;405025.13;124044.29;1630.94
5738;405026.18;124043.91;1630.95
7138;405029.75;124035.66;1630.07
6698;405035.16;124031.72;1626.03
7388;405035.14;124031.73;1629.07
4070;405037.64;124032.1;1628.54
7530;405034.58;124031.5;1628.54
2785;405036.71;124036.65;1629.22
7533;405036.61;124040.31;1630.94
6621;405044.13;124042.43;1629.04
5165;405049.51;124043.82;1632.47
2255;405044.6;124042.46;1635.07
6505;405043.39;124042.73;1634.8
1652;405043.36;124042.75;1640.26
4913;405043.78;124043.85;1641.07
4206;405048.33;124044.2;1638.64
1290;405050.41;124044.22;1638.66
2107;405050.39;124043.06;1638.77
40;405051.88;124041.8;1641.16
1588;405054.67;124041.33;1641.17
7263;405056.64;124037.87;1641.27
5418;405056.43;124036.77;1641.38
6431;405069.84;124038.15;1641.54
766;405070.88;124031.83;1641.59
7506;405068.96;124028.59;1642.62
6639;405068.93;124025.95;1643.01
2006;405067.02;124022.73;1643.03
2323;405067.44;124020.18;1645.67
4363;405064.55;124019.43;1645.43
5324;405065.33;124018.49;1647.6
3466;405064.47;124013.96;1646.39
1361;405064.95;124007.73;1647.55
5283;405060.61;124008.51;1648.35
6738;405060.61;124008.76;1657.88
2782;405060.59;124008.94;1665.12
6136;405060.5;124009.15;1672.8
3090;405060.5;124009.16;1683.29
5008;405061.59;124004.97;1686.39
3098;405063.54;124007.36;1686.36
6261;405061.18;124007.31;1685.87
7449;405079.83;124002.94;1682.93
942;405060.53;124008.98;1685.6
2481;405059.99;124013.3;1680.94
1609;405058.81;124013.03;1639.76
5320;405058.57;124012.97;1622.28
363;405058.31;123995.29;1622.74
9;405056.99;123991.43;1618.31
1237;405056.94;123991.41;1613.53
4729;405056.0;123987.0;1612.09
6393;405057.74;123981.89;1607.07
4920;405059.42;123975.51;1606.98
401;405059.82;123974.28;1597.6
4775;405059.42;123975.51;1589.78
4058;405060.84;123970.73;1596.27
298;405058.79;123971.13;1594.18
5849;405063.11;123970.14;1599.37
4000;405059.18;123970.32;1589.55
7019;405059.71;123967.35;1587.27
918;405063.52;123964.27;1587.19
2426;405063.05;123962.08;1585.68
1473;405063.98;123957.68;1584.48
1852;405064.36;123953.02;1602.84
1937;405066.35;123940.13;1603.16
6663;405064.08;123940.56;1602.96
1046;405062.65;123942.6;1602.26
3724;405062.53;123942.58;1590.97
1516;405065.02;123939.91;1583.94
2279;405062.99;123938.75;1560.45
1543;405059.0;123937.61;1560.74
1604;405055.49;123935.92;1558.55
253;405054.69;123938.53;1558.66
7538;405052.33;123940.83;1532.96
4995;405042.25;123944.12;1531.57
3810;405041.95;123944.05;1511.71
2714;405042.27;123940.33;1513.15
7441;405041.67;123937.71;1512.59
6649;405041.51;123937.67;1498.8
2198;405041.19;123937.6;1478.24
1298;405040.94;123937.54;1460.21
6437;405040.77;123937.51;1445.9
1576;405039.9;123933.04;1445.92
7215;405027.69;123931.08;1445.58
4293;405027.1;123931.44;1445.25
5744;405026.91;123931.39;1429.79
4171;405020.59;123928.74;1427.26
4063;405015.87;123927.39;1425.13
5053;405015.74;123927.36;1412.94
42;405013.15;123929.87;1414.61
2290;405012.03;123929.67;1412.38
3763;405011.47;123929.54;1384.47
7057;405011.37;123929.52;1374.25
2675;405007.19;123928.78;1374.22
3418;405011.33;123929.51;1378.0
2515;405000.47;123931.09;1377.51
1431;404998.89;123940.36;1381.56
91;404996.07;123940.55;1380.62
6333;404984.05;123940.87;1367.49
3738;404981.66;123937.32;1364.92
1569;404979.76;123941.74;1370.62
6548;404980.2;123935.45;1364.33
3862;404983.78;123933.63;1363.26
3547;404984.32;123931.76;1358.44
4042;404984.32;123924.51;1355.06
597;404974.45;123933.62;1366.07
1295;404971.39;123932.97;1365.48
3240;404969.32;123934.27;1365.62
6536;404969.29;123934.27;1366.41
3441;404966.34;123934.61;1364.3
3094;404964.61;123933.14;1362.97
953;404962.18;123933.81;1361.38
505;404959.14;123928.92;1353.49
2063;404960.79;123923.07;1352.22
7416;404962.98;123923.87;1352.36
3950;404963.45;123924.04;1350.5
4130;404961.86;123920.75;1344.62
44;404965.33;123918.51;1346.51
2965;404964.92;123916.76;1344.15
7434;404964.87;123916.74;1338.55
2096;404963.39;123911.59;1338.19
5656;404962.5;123907.02;1336.35
7048;404961.03;123903.36;1334.02
1980;404968.35;123896.89;1318.85
6253;404971.54;123899.61;1320.25
5281;404973.35;123898.92;1316.65
5120;404975.22;123893.74;1313.86
5450;404977.35;123892.57;1314.53
854;404980.94;123897.67;1313.89
2252;404983.51;123898.99;1313.69
1012;404985.77;123899.22;1313.9
5407;404985.13;123899.07;1283.92
2156;404984.73;123896.59;1284.99
6374;405004.76;123927.44;1372.75
5917;404999.77;123926.92;1365.84
3938;405002.85;123925.07;1361.25
3385;404999.98;123922.93;1363.15
4608;405000.95;123919.95;1361.88
6239;404997.38;123912.29;1359.54
4462;404995.88;123911.78;1359.4
300;404997.61;123908.07;1359.47
5016;404995.64;123907.19;1358.77
1808;404992.47;123909.02;1357.44
1812;405079.91;124003.04;1698.17
7418;405079.67;124001.42;1698.18
1555;405086.21;124001.39;1698.54
2992;405086.24;124001.43;1705.45
7046;405088.1;124003.11;1708.72
1875;405091.13;124005.25;1706.17
421;405091.15;124005.27;1709.64
4113;405093.17;124006.27;1712.59
3786;405091.11;124007.31;1714.68
4711;405088.04;124005.56;1715.85
875;405087.76;124004.19;1716.08
4910;405096.22;124004.72;1709.22
84;405088.04;124005.56;1722.41
6950;405091.29;124005.3;1715.15
5639;405092.12;124005.93;1722.16
4975;405095.34;124007.35;1722.3
4072;405097.06;124005.67;1722.49
694;405098.71;124006.51;1718.68
6762;405100.64;124007.27;1725.23
7539;405098.79;124004.38;1715.94
6302;405098.79;124004.38;1699.54
1483;405101.26;124007.73;1730.29
589;405102.04;124008.32;1724.56
1819;405103.38;124008.82;1731.16
642;405099.79;124010.85;1725.38
4032;405100.07;124010.73;1719.66
2451;405096.59;124014.81;1721.09
5260;405095.94;124013.52;1721.71
3895;405090.5;124013.93;1722.79
1740;405090.53;124013.96;1728.11
886;405097.31;124014.32;1722.33
157;405091.01;124020.15;1731.95
874;405091.26;124020.48;1760.17
1958;405090.28;124021.14;1760.97
510;405092.43;124011.76;1757.07
1745;405092.46;124011.79;1764.27
3198;405093.78;124010.99;1766.57
3299;405087.56;124022.69;1769.63
4662;405089.41;124021.31;1759.84
3665;405098.85;124007.56;1768.94
7239;405084.91;124020.27;1758.6
1549;405080.11;124020.1;1742.92
207;405073.72;124016.41;1737.94
2084;405073.52;124014.93;1737.94
2131;405072.66;124014.47;1728.69
5298;405066.98;124011.06;1725.88
949;405066.4;124010.31;1721.79
5681;405061.89;124010.23;1720.14
4448;405057.78;124011.33;1719.47
4820;405057.78;124011.33;1712.67
558;405047.13;124010.21;1708.77
5584;405098.87;124007.59;1773.35
5049;405105.7;124006.96;1773.02
3590;405105.72;124006.99;1777.99
5334;405109.75;124006.11;1778.72
5044;405110.21;124007.67;1777.69
4772;405112.31;124008.53;1778.83
2306;405112.33;124008.57;1784.92
6005;405112.53;124010.71;1786.71
5688;405112.55;124010.73;1788.93
4268;405116.61;124007.41;1788.77
6387;405119.22;124006.13;1789.55
850;405122.75;124007.3;1790.34
6432;405129.31;124010.15;1794.93
4675;405134.46;124012.07;1797.95
1853;405098.31;124011.85;1720.68
4191;405097.69;124012.54;1718.48
6520;405103.75;124017.2;1718.91
1546;405104.8;124017.97;1711.0
1597;405104.83;124014.15;1712.68
4396;405103.2;124008.4;1709.79
4710;405101.29;124008.59;1706.53
870;405109.88;124009.5;1732.91
6571;405107.42;124011.79;1737.7
4439;405107.42;124011.79;1746.32
3370;405110.6;124012.12;1745.53
5625;405111.9;124008.11;1743.65
3910;405114.53;124007.45;1745.69
4830;405116.05;124007.98;1746.86
6081;405116.8;124006.38;1747.64
1198;405127.8;124003.43;1759.86
1109;405129.04;124003.07;1762.89
4963;405133.16;124003.51;1765.9
2047;405136.6;124002.46;1766.09
7265;405138.11;124002.67;1766.47
5667;405140.93;124002.37;1767.62
3006;405141.63;124004.3;1768.28
4814;405143.89;124006.13;1770.25
871;405144.79;124007.47;1768.9
5589;405145.0;124008.97;1768.06
934;405144.39;124013.32;1768.52
4299;405141.4;124013.11;1768.67
103;405142.98;124016.67;1773.16
6899;405143.59;124017.92;1773.28
2711;405142.76;124018.98;1773.94
1297;405142.34;124019.52;1774.41
6930;405143.83;124020.85;1773.4
2245;405143.98;124021.6;1772.69
7294;405143.72;124022.66;1772.45
2286;405145.51;124025.04;1774.46
1630;405146.16;124027.45;1773.24
2257;405149.2;124027.72;1776.41
6938;405154.5;124027.07;1778.35
3767;405157.4;124030.78;1779.88
3307;405108.2;124008.93;1731.24
3485;405109.01;124010.77;1737.07
3867;405101.43;124009.7;1740.17
6466;405102.68;124007.35;1743.34
6254;405099.57;124006.2;1740.31
5673;405103.75;124009.2;1744.68
3291;405100.88;124003.51;1738.65
901;405097.47;124004.55;1740.47
5047;405088.73;124008.55;1721.7
6769;405093.18;124013.32;1725.17
220;405093.06;124014.68;1728.38
3214;405094.39;124018.34;1728.04
7513;405025.79;123985.08;1592.51
7509;405026.42;123982.55;1591.76
4502;405014.29;123784.34;1252.87
5335;405011.13;123784.59;1232.71
6217;405008.0;123782.64;1230.83
132;405005.34;123779.98;1230.17
6641;405005.34;123779.98;1225.49
5470;405001.03;123777.69;1227.76
2961;405006.1;123807.71;1259.21
2589;404999.26;123813.59;1259.41
5301;404993.94;123837.48;1261.18
2739;404995.44;123844.52;1262.52
4774;404997.35;123856.15;1264.84
1710;405005.24;123855.55;1267.08
1256;405010.78;123844.92;1264.94
350;405006.87;123857.1;1262.99
3744;405001.73;123862.63;1264.52
779;404988.93;123875.5;1265.65
1955;404981.62;123893.51;1264.8
1836;404970.42;123891.11;1259.53
5097;404963.72;123708.5;1238.42
1755;404956.45;123713.22;1236.89
3099;404948.79;123706.79;1236.89
2376;404957.93;123714.65;1235.61
1112;404956.09;123714.35;1233.99
403;404953.41;123714.26;1233.89
88;404951.67;123711.69;1233.4
2075;404952.05;123709.02;1233.31
4164;404950.59;123708.76;1233.18
2660;404949.04;123705.58;1232.81
5963;404947.76;123704.81;1231.31
6531;404948.0;123703.83;1230.34
1017;404947.19;123701.73;1229.38
4503;404945.32;123698.49;1227.8
4202;404945.13;123698.83;1227.83
7169;404947.99;123695.42;1226.64
3025;404948.77;123693.28;1224.01
2226;404948.77;123693.28;1199.36
7461;404952.03;123693.28;1198.67
6473;404956.55;123689.48;1197.63
2302;404956.79;123690.8;1197.51
6072;404958.52;123690.17;1197.19
654;404959.5;123693.59;1196.88
1168;404957.5;123695.52;1197.12
3577;404956.28;123698.89;1196.29
3462;404954.72;123699.45;1195.82
1103;404954.05;123703.72;1195.82
4706;404953.13;123704.44;1195.39
5986;404947.92;123706.33;1194.31
3217;404947.34;123710.42;1194.46
609;404946.02;123712.18;1193.7
4011;404945.92;123712.79;1193.66
4536;404942.98;123717.0;1193.39
2879;404941.37;123717.61;1192.22
7534;404940.65;123720.71;1193.2
6633;404939.0;123723.16;1192.73
358;404934.71;123722.48;1191.06
7486;404932.94;123723.06;1191.32
6326;404931.06;123723.74;1191.25
6273;404927.16;123730.78;1191.11
2479;404925.9;123733.62;1190.78
3987;404924.88;123736.0;1189.58
4056;404924.1;123740.01;1188.93
4230;404922.73;123740.56;1188.39
3489;404921.75;123743.39;1188.13
483;404920.47;123743.86;1188.32
5841;404921.02;123745.54;1188.16
7543;404920.13;123748.46;1190.46
4583;404916.54;123755.5;1189.77
243;404913.53;123758.03;1188.94
3673;404911.94;123757.18;1188.84
3721;404908.9;123759.01;1188.72
1530;404906.78;123757.68;1187.91
2019;404905.79;123757.86;1187.52
6215;404900.54;123760.42;1187.01
3275;404902.54;123763.62;1186.41
5819;404900.95;123765.27;1184.98
5336;404897.82;123764.72;1184.31
6934;404895.68;123763.38;1184.22
7226;404894.81;123761.1;1185.06
6290;404892.68;123761.33;1185.06
3241;404889.44;123760.34;1184.09
562;404887.89;123762.13;1185.0
2976;404882.21;123768.01;1183.11
3359;404879.04;123771.92;1180.32
7100;404871.11;123777.27;1179.99
6127;404869.67;123783.06;1180.62
4313;404866.06;123786.09;1179.35
7459;404870.1;123794.74;1179.35
4524;404868.63;123797.29;1179.35
1858;404865.79;123796.79;1178.19
5544;404864.35;123798.17;1177.84
318;404862.3;123796.84;1176.85
6347;404856.67;123798.67;1174.93
3124;404852.88;123795.81;1171.6
5166;404852.67;123795.99;1171.73
6351;404846.98;123798.18;1171.73
4340;404844.24;123797.6;1169.91
2367;404846.29;123802.49;1169.69
5985;404845.45;123797.59;1169.92
4434;404842.64;123799.89;1169.44
5015;404844.97;123797.4;1172.14
4332;404843.93;123798.98;1172.99
1062;404839.44;123803.87;1175.55
4568;404838.78;123806.18;1176.08
1149;404840.64;123806.04;1175.95
6134;404838.72;123806.67;1174.44
2899;404838.8;123807.98;1173.46
572;404840.93;123806.98;1172.02
2776;404839.66;123801.01;1172.99
1353;404841.91;123807.75;1171.14
6225;404837.45;123805.0;1173.15
3011;404835.44;123807.32;1170.66
2363;404842.45;123807.77;1169.98
5830;404844.3;123805.16;1171.31
3292;404842.86;123807.48;1169.89
3152;404842.86;123807.48;1165.69
2223;404843.8;123807.82;1165.23
1202;404840.85;123810.77;1161.06
6257;404839.98;123810.27;1160.36
7161;404839.47;123809.74;1160.64
7225;404837.11;123807.19;1160.36
910;404839.29;123809.18;1160.1
6876;404839.01;123810.78;1159.51
2059;404839.13;123812.22;1157.79
3475;404832.69;123815.22;1148.0
2581;404831.67;123811.7;1145.43
2924;404831.33;123810.16;1145.09
4140;404826.44;123806.46;1144.78
7206;404823.14;123804.56;1144.58
5077;404821.79;123804.92;1144.58
2659;404819.73;123804.4;1144.13
4610;404820.78;123795.82;1141.65
3516;404812.54;123789.61;1136.39
3249;404808.49;123788.37;1135.02
335;404829.04;123807.62;1137.42
6128;404820.4;123813.23;1135.97
6193;404832.93;123812.18;1156.6
499;404830.84;123812.18;1155.63
4816;404977.1;123712.44;1125.03
1807;404981.81;123712.77;1126.21
2016;404986.08;123713.67;1127.29
2910;404987.33;123711.42;1128.78
3834;404987.02;123707.86;1130.08
4719;404987.12;123704.88;1130.08
5698;404985.74;123693.63;1130.48
3460;404988.92;123687.11;1130.48
4023;404986.56;123691.38;1130.48
7359;404988.66;123691.94;1130.25
3729;404989.92;123689.93;1130.93
6751;404992.27;123689.21;1131.1
221;404995.39;123685.06;1130.83
2020;404976.11;123743.5;1119.81
2017;404979.5;123742.29;1119.72
3607;404981.27;123738.11;1119.91
2193;404986.24;123742.65;1119.59
2068;404982.89;123748.79;1122.35
2932;404992.69;123733.44;1119.4
1668;404978.15;123754.2;1124.72
5365;404980.71;123752.86;1123.72
304;404976.94;123765.9;1129.94
5642;404975.55;123769.7;1131.72
1015;404971.21;123770.82;1133.63
1210;404967.55;123777.75;1134.36
998;404968.01;123780.0;1134.75
4761;404962.63;123787.89;1135.29
1871;404960.1;123786.64;1136.26
6834;404960.01;123789.68;1136.83
1612;404957.65;123791.67;1135.93
4689;404957.54;123795.22;1136.22
1253;404956.56;123799.82;1135.33
5248;404956.41;123801.95;1135.5
2576;404956.36;123801.91;1136.17
2445;404953.93;123806.26;1136.12
2326;404950.63;123808.03;1136.35
1404;404950.75;123810.18;1135.65
2638;404952.4;123813.74;1138.06
2427;404952.78;123825.51;1137.01
4612;404951.18;123818.56;1132.38
3146;404945.04;123817.48;1129.2
5178;404998.33;123732.74;1119.79
3372;405004.75;123731.5;1120.95
5444;405007.43;123727.52;1118.18
4467;405009.33;123726.71;1117.38
2007;405009.59;123723.75;1116.48
3676;405019.78;123713.91;1114.23
746;405018.8;123719.48;1115.75
7457;405025.93;123719.48;1117.52
163;405030.16;123721.54;1115.23
817;405030.89;123715.64;1114.39
102;405030.25;123713.97;1111.02
7364;405030.85;123710.52;1111.89
2780;405041.02;123710.16;1110.64
2166;405045.83;123714.06;1111.08
7264;405039.16;123706.65;1108.96
4744;405048.29;123716.99;1111.08
3281;405042.49;123707.67;1108.02
2071;405045.84;123706.11;1106.68
3154;405053.74;123710.31;1103.42
6743;405054.53;123709.43;1103.3
3219;405054.29;123710.95;1101.87
3620;405054.83;123716.05;1099.14
6909;405054.52;123717.78;1098.43
106;405049.63;123724.27;1094.29
199;405049.03;123729.97;1087.92
5261;405043.29;123734.62;1086.48
174;405042.22;123736.27;1083.33
2054;405037.14;123733.57;1083.13
1890;405032.05;123740.83;1081.88
1485;405027.55;123743.33;1080.79
5864;405027.55;123743.33;1080.37
3860;405024.48;123751.76;1080.21
3413;405020.7;123753.69;1078.14
5208;405020.36;123755.83;1077.76
2518;405019.22;123757.98;1073.36
5522;405017.58;123765.69;1071.97
1488;405051.55;123720.14;1108.96
7258;405060.42;123714.81;1110.05
5915;405060.67;123710.12;1109.05
2143;405060.96;123712.21;1106.71
1433;405064.75;123713.74;1106.71
2688;405064.75;123713.74;1103.21
1744;405064.48;123709.94;1101.43
635;405064.8;123706.31;1096.92
1512;405063.21;123704.03;1094.33
252;405063.88;123702.99;1095.34
993;405063.24;123700.21;1094.13
5282;405063.39;123699.35;1092.55
6898;405063.85;123696.99;1090.93
681;405064.98;123695.03;1091.33
4720;405064.98;123695.03;1083.13
6077;405064.7;123713.95;1103.4
2848;405065.29;123711.88;1102.94
7515;405068.38;123707.78;1098.32
1277;405067.21;123706.34;1095.86
1458;405066.7;123703.94;1091.24
7025;405066.7;123703.94;1082.34
7246;405066.7;123703.94;1084.34
1304;405065.89;123698.82;1089.89
4098;405068.22;123697.13;1088.49
5677;405070.3;123692.85;1085.74
7204;405069.72;123688.72;1081.85
5645;405068.27;123687.5;1081.24
6763;405067.18;123685.16;1076.38
4121;405061.68;123681.16;1073.21
4869;405058.96;123678.96;1073.21
3595;405059.34;123673.45;1075.55
5069;405059.59;123668.77;1075.23
4817;405057.73;123665.8;1073.29
1618;405051.72;123666.64;1068.55
5769;405049.84;123668.81;1070.71
473;405046.85;123661.23;1066.04
3584;405043.88;123665.09;1074.94
3142;405039.06;123654.77;1076.54
6608;405039.57;123645.16;1081.87
2757;405042.15;123641.86;1084.0
2751;405051.46;123644.01;1086.93
2877;405054.66;123642.17;1086.21
932;405054.66;123642.17;1075.61
420;405058.81;123637.04;1076.77
518;405057.59;123634.42;1076.98
7171;405052.31;123633.67;1070.38
5920;405045.57;123630.39;1071.71
3081;405047.92;123633.06;1065.95
6352;405044.06;123631.03;1071.42
5751;405038.06;123630.93;1071.21
7472;405046.81;123629.66;1065.95
1850;405047.0;123626.04;1060.15
2062;405040.26;123627.6;1056.78
2574;405038.88;123628.84;1055.79
2056;405035.44;123625.74;1031.99
7092;405034.9;123626.69;1031.84
653;405030.08;123621.52;1029.55
7526;405028.07;123631.87;1022.16
2421;405040.19;123619.37;1033.72
6810;405016.02;123634.87;1018.84
919;405037.62;123634.25;1027.4
3226;405016.74;123626.55;1012.76
1401;405011.57;123625.82;1011.07
2580;405012.14;123624.19;1009.99
1768;405006.5;123629.63;1010.4
1119;405005.45;123627.16;1006.56
6233;404991.81;123635.68;1006.28
4882;404986.01;123639.03;1004.1
77;404977.66;123647.98;1003.68
2510;404968.09;123656.6;999.98
5619;404967.83;123655.6;998.75
4081;404966.48;123658.15;999.0
6410;404964.39;123660.92;997.6
7531;404963.85;123663.97;997.76
6116;404962.84;123664.55;998.81
5121;404961.03;123669.29;992.71
3459;404959.52;123665.26;1001.19
422;404960.07;123671.55;1001.19
5603;404958.23;123674.49;999.79
2453;404962.82;123675.81;1001.72
1230;404955.42;123675.16;998.09
1333;404950.27;123675.71;997.55
3727;404950.92;123676.72;997.85
5978;404947.29;123681.72;997.53
3056;404951.15;123683.69;998.94
6418;404942.34;123678.86;995.89
5376;404939.3;123675.71;993.36
7136;404941.14;123675.65;993.89
1581;404941.14;123675.65;988.23
914;404941.83;123673.76;988.23
2744;404941.83;123673.76;978.33
1892;404937.44;123668.14;979.08
3549;404941.83;123673.76;970.19
3816;404937.44;123668.14;971.01
2734;404931.42;123663.93;970.75
6665;404925.98;123665.69;971.05
3156;404921.5;123663.6;975.5
4146;404916.36;123665.68;972.92
2345;404915.48;123667.56;970.44
2090;404915.48;123667.56;955.44
6383;404911.52;123669.58;969.25
5896;404905.63;123669.3;955.44
4570;404905.36;123672.86;969.86
5109;404903.31;123671.52;965.62
3959;404903.31;123671.52;957.22
2078;404900.61;123668.31;957.36
6501;404900.84;123661.73;951.23
7185;404897.95;123659.12;949.41
4650;404900.38;123652.78;949.65
3792;404900.38;123652.78;945.85
6181;404902.89;123648.92;945.85
810;404894.67;123646.71;944.04
3856;404892.85;123649.04;943.52
1643;404889.07;123648.51;942.71
2537;404887.33;123651.19;941.54
5793;404882.16;123653.71;940.22
1953;404881.73;123656.81;936.06
7007;404876.48;123650.98;933.67
3660;404875.95;123645.91;933.84
2418;404871.85;123644.09;932.81
3468;404867.19;123646.46;929.67
4089;404865.04;123650.69;928.92
2639;404859.84;123656.67;922.03
6345;404859.42;123661.54;920.99
6078;404851.43;123663.09;915.71
1635;404851.1;123665.43;916.12
837;404848.14;123666.88;916.24
6967;404841.87;123673.15;914.19
1493;404843.05;123675.68;913.95
6221;404839.46;123682.71;911.07
7443;405039.73;123635.28;1026.54
6690;405041.79;123635.95;1026.35
4187;405044.13;123639.3;1027.0
3300;405043.15;123655.3;1065.67
5876;405048.3;123650.67;1066.65
1839;405055.09;123646.59;1067.76
5476;405062.11;123639.32;1069.18
45;405066.06;123632.48;1070.43
4286;405068.8;123628.97;1068.63
2975;405071.6;123626.62;1069.68
5806;405074.69;123626.46;1069.84
2334;405079.91;123618.11;1067.2
2981;404949.19;123871.34;1165.73
2412;404950.38;123869.1;1166.76
602;404950.38;123869.1;1156.62
6591;404954.91;123864.73;1157.96
3923;404955.26;123860.72;1157.82
4811;404954.75;123858.33;1155.46
6067;404956.05;123852.73;1155.46
6717;404956.76;123852.84;1153.35
1048;404956.2;123849.93;1152.39
777;404958.8;123847.26;1153.25
99;404956.2;123849.93;1142.52
3927;404955.78;123852.55;1146.17
5742;404959.03;123860.58;1146.62
362;404957.83;123861.0;1145.3
4842;404959.56;123868.52;1145.57
2865;404960.21;123839.98;1152.6
1627;404941.96;123901.32;1167.55
4598;404955.72;123918.31;1211.67
347;404986.73;123923.43;1240.74
2261;404985.6;123912.64;1236.79
5551;404982.26;123902.38;1226.72
7462;404977.09;123887.37;1217.56
747;404969.93;123884.62;1219.05
504;404980.76;123888.7;1214.17
5296;404981.33;123893.38;1212.26
1019;404985.41;123888.86;1212.19
6586;404978.42;123889.64;1207.36
6537;404983.19;123889.76;1209.87
1723;404986.69;123888.27;1209.8
7487;404997.74;123890.62;1212.62
2966;405002.17;123897.19;1214.16
4892;405000.11;123884.12;1208.13
32;404997.98;123869.01;1208.66
7560;405002.47;123886.32;1206.11
6989;405003.39;123889.01;1205.61
325;405007.87;123896.17;1208.68
5533;405011.86;123899.29;1207.6
1978;405015.95;123915.67;1209.68
1300;405015.17;123898.47;1207.31
3743;405013.9;123920.75;1209.96
2774;405012.63;123927.27;1211.5
4863;405014.99;123930.78;1212.87
4258;405016.2;123934.49;1214.53
6496;405018.74;123937.31;1214.6
6079;405019.15;123940.67;1215.76
4355;405020.12;123944.28;1217.84
6063;405019.2;123947.71;1218.92
6353;405014.56;123902.79;1203.77
5879;405018.97;123905.13;1195.78
3866;405018.97;123905.13;1188.91
5908;405020.61;123904.26;1189.7
2406;405016.65;123907.03;1188.41
3542;405020.67;123905.98;1188.15
7020;405017.85;123903.75;1186.3
3007;405017.85;123903.75;1178.38
2894;405016.0;123901.54;1178.08
2735;405015.72;123905.55;1178.15
4144;405016.85;123905.33;1176.73
1173;405016.85;123905.33;1166.85
7076;405020.67;123905.98;1186.59
6056;405025.11;123904.79;1185.28
4071;405026.61;123910.41;1184.67
2298;405026.61;123910.41;1184.12
6941;405028.31;123915.63;1185.28
2475;405026.61;123910.41;1185.58
7421;405032.43;123919.34;1186.56
3570;405035.12;123928.72;1189.73
6615;405032.19;123927.47;1190.64
323;405030.17;123938.93;1189.42
67;405029.86;123918.13;1187.52
688;405033.15;123941.71;1187.52
4912;405024.31;123951.49;1192.88
3308;405035.58;123931.19;1183.16
2132;405036.35;123934.26;1182.77
3442;405037.11;123943.64;1183.59
3893;405036.42;123938.59;1180.37
7280;405036.42;123938.59;1169.54
4778;405041.94;123954.48;1183.59
6892;405052.81;123975.82;1194.76
209;405056.13;123987.39;1202.28
3888;405065.59;123994.26;1209.03
3832;405067.52;124003.35;1214.84
6833;405072.71;124003.07;1219.2
5823;405071.45;124013.08;1224.98
2546;405078.02;123991.69;1212.24
2201;405081.17;123996.94;1208.99
4551;405080.13;123991.56;1212.68
769;405079.92;123988.63;1211.67
146;405079.82;123987.93;1211.4
5133;405078.33;123986.22;1212.05
5939;405077.35;123985.0;1214.06
5266;405073.2;123988.6;1217.77
138;405072.13;123988.42;1218.86
5067;405069.4;123985.78;1222.92
2295;405072.71;123982.69;1222.69
1080;405078.38;123974.28;1226.58
7332;405081.92;123961.96;1223.38
2438;405088.77;123942.07;1211.72
6544;405095.35;123937.95;1209.04
198;405097.92;123933.67;1207.22
4395;405103.66;123928.13;1201.43
543;405106.87;123922.34;1195.04
1099;405116.82;123915.88;1195.67
4460;405129.26;123915.88;1190.89
455;405128.69;123926.86;1200.79
5299;405127.28;123905.7;1184.66
5380;405130.88;123938.15;1208.55
4182;405128.28;123950.38;1216.06
1449;405126.17;123963.75;1221.53
1969;405127.36;123901.48;1183.61
7122;405128.53;123898.25;1185.43
5400;405137.46;123896.19;1186.23
1169;405132.85;123892.19;1182.27
1513;405143.39;123899.35;1192.95
836;405131.72;123890.63;1179.89
5690;405133.86;123888.83;1178.87
6042;405132.08;123881.7;1176.2
2466;405132.08;123881.7;1177.1
135;405141.36;123872.74;1174.83
6166;405151.34;123872.57;1177.5
5927;405167.17;123866.81;1183.3
7466;405182.79;123863.2;1187.59
4578;405194.42;123848.84;1187.59
7410;405209.5;123839.42;1189.15
1538;405213.54;123839.63;1186.21
692;405208.36;123839.54;1179.34
1337;405207.86;123844.32;1173.81
7342;405210.74;123833.33;1173.35
5825;405206.68;123845.06;1171.59
3251;405207.28;123848.87;1164.89
6371;405199.76;123847.68;1154.41
364;405202.0;123844.71;1147.4
5412;405199.81;123839.28;1136.85
7120;405200.98;123831.0;1124.91
6837;405195.81;123829.42;1123.46
5076;405196.37;123821.28;1119.99
7014;405200.01;123820.09;1119.18
768;405198.33;123820.64;1121.04
5684;405202.54;123820.49;1118.09
230;405209.28;123821.93;1120.47
7432;405212.17;123821.73;1120.06
2018;405219.17;123823.73;1121.74
4219;405231.5;123825.03;1123.49
3075;405234.65;123821.99;1124.41
4443;405239.92;123820.07;1123.32
1585;405246.64;123818.65;1122.72
1947;405259.62;123815.17;1122.96
2590;405268.19;123800.91;1122.67
4647;405270.88;123797.81;1122.31
1787;405274.65;123793.15;1123.15
5569;405281.65;123792.79;1123.27
6104;405289.92;123791.03;1125.7
745;405296.55;123789.86;1126.76
5105;405303.19;123790.09;1128.3
7456;405304.91;123790.12;1127.8
5486;405309.72;123785.94;1127.47
1268;405316.36;123779.3;1129.81
2758;405322.39;123776.49;1130.51
3977;405327.81;123776.02;1132.38
38;405332.71;123762.55;1132.88
7194;405335.85;123757.32;1133.09
6883;405339.18;123748.16;1136.45
5714;405342.14;123743.77;1135.61
344;405344.69;123737.46;1136.81
2619;405337.58;123725.15;1134.05
5333;405337.58;123725.15;1133.46
7494;405334.48;123713.58;1132.2
5614;405332.04;123710.23;1130.18
5012;405334.58;123700.77;1130.52
1727;405332.2;123695.17;1130.2
3807;405343.62;123671.76;1130.66
590;405348.52;123665.01;1132.58
5957;405332.59;123672.53;1126.85
4668;405354.52;123662.59;1132.69
5317;405356.76;123663.23;1133.1
4773;405368.8;123663.02;1137.97
4856;405378.48;123657.87;1140.7
4549;405390.31;123654.92;1141.77
4333;405393.51;123653.63;1141.04
1587;405394.87;123652.36;1142.38
3446;405393.66;123651.61;1142.82
1962;405396.69;123651.61;1145.65
2617;405398.72;123650.39;1145.86
2227;405405.31;123645.43;1150.06
2977;405408.89;123642.09;1152.88
3725;405413.96;123642.62;1154.94
2595;405416.35;123642.71;1155.96
4614;405426.5;123645.81;1159.61
1904;405425.14;123643.14;1160.59
1941;405432.41;123641.86;1168.78
7281;405438.49;123645.37;1170.4
2900;405446.3;123649.88;1173.69
2403;405446.86;123643.5;1170.7
762;405450.09;123639.77;1170.01
1269;405452.14;123634.15;1169.59
317;405453.55;123632.27;1169.67
3227;405456.74;123631.71;1171.85
6423;405458.96;123630.58;1172.24
7537;405460.8;123631.6;1172.58
5808;405464.22;123631.36;1173.31
1328;405470.04;123627.87;1173.43
927;405475.42;123625.47;1173.43
4806;405479.58;123626.51;1173.73
2882;405490.19;123629.35;1176.26
1995;405500.09;123625.15;1177.2
1793;405504.85;123620.22;1179.16
2484;405508.45;123616.23;1178.69
7504;405501.86;123616.54;1178.92
4764;405511.88;123612.14;1171.61
4564;405510.81;123606.65;1169.79
2695;405509.66;123606.27;1169.33
1211;405507.46;123602.3;1167.11
4622;405509.48;123610.15;1179.79
2512;405325.2;123666.11;1123.86
3952;405323.79;123664.09;1123.24
1378;405190.99;123806.23;1116.1
6811;405194.87;123797.91;1114.48
6457;405183.51;123782.84;1109.42
2234;405182.32;123773.17;1109.08
4021;405185.08;123773.31;1112.38
1519;405184.13;123763.86;1108.42
6436;405185.23;123769.22;1112.59
3825;405183.68;123769.63;1112.62
5399;405184.82;123772.61;1114.46
5788;405184.07;123770.55;1115.21
3746;405187.26;123768.4;1117.91
2606;405186.72;123767.12;1118.39
579;405186.39;123763.34;1119.4
6869;405184.96;123762.96;1118.12
5550;405182.91;123761.36;1117.66
2652;405178.35;123757.67;1116.41
7082;405176.17;123759.63;1116.15
911;405175.47;123759.29;1115.7
4465;405173.42;123759.76;1115.7
6706;405171.35;123763.36;1116.58
3283;405168.83;123771.59;1121.76
2756;405165.04;123770.06;1118.79
6267;405164.21;123766.71;1117.4
3652;405160.56;123766.64;1116.42
3733;405159.77;123768.27;1115.42
3642;405158.26;123770.79;1116.91
751;405156.33;123773.0;1121.1
4383;405155.73;123774.01;1123.31
6318;405154.47;123774.3;1123.19
7309;405151.22;123774.87;1122.61
4542;405189.3;123759.36;1109.26
3958;405187.54;123750.28;1110.89
1686;405182.11;123739.14;1111.11
529;405180.85;123736.05;1112.26
3031;405176.23;123725.67;1109.63
3494;405166.94;123708.19;1107.55
714;405164.64;123695.12;1105.69
3827;405159.86;123694.53;1108.81
3726;405156.87;123697.04;1110.01
1521;405153.29;123697.6;1111.4
4705;405147.28;123700.53;1114.95
1040;405141.58;123703.56;1117.05
5712;405132.2;123705.39;1115.71
6174;405131.8;123682.1;1115.3
1091;405126.99;123647.92;1115.9
1093;405135.94;123625.78;1116.74
3414;405141.51;123623.06;1118.63
5921;405143.59;123624.35;1119.06
4543;405147.07;123622.26;1120.7
3373;405148.96;123618.7;1121.56
6888;405153.16;123615.42;1121.93
2560;405156.13;123608.74;1121.68
54;405161.33;123589.34;1124.14
4586;405162.48;123579.99;1119.95
4616;405161.75;123566.16;1116.5
3638;405162.19;123541.37;1113.01
2086;405165.35;123532.67;1112.53
5880;405152.47;123529.46;1109.22
2179;405166.55;123518.94;1111.57
4767;405147.98;123533.23;1108.5
7288;405142.05;123530.21;1105.11
2269;405137.82;123529.69;1103.72
684;405132.05;123532.25;1101.79
4259;405124.01;123530.54;1097.04
2011;405122.57;123523.78;1093.52
5983;405125.12;123516.37;1090.36
6897;405128.2;123516.27;1090.3
4365;405130.88;123509.27;1089.91
5456;405127.32;123507.38;1084.75
6146;405126.17;123510.38;1082.14
520;405123.32;123510.78;1081.32
3951;405120.96;123512.26;1077.76
2842;405116.3;123513.96;1075.34
6453;405114.06;123518.54;1077.19
3754;405110.95;123525.88;1077.47
6384;405109.19;123528.81;1072.94
4990;405108.11;123541.14;1072.07
6206;405107.8;123541.03;1068.94
763;405099.7;123544.8;1064.77
4107;405098.11;123545.8;1061.77
955;405093.07;123550.84;1061.77
4545;405091.09;123552.18;1060.9
5647;405085.78;123553.11;1057.79
4235;405079.96;123554.56;1058.21
4376;405077.65;123561.65;1059.52
6666;405074.8;123572.28;1064.89
903;405079.6;123576.03;1069.65
2339;405073.93;123580.3;1065.55
5537;405070.34;123582.82;1065.86
3885;405072.23;123583.83;1065.97
7269;405069.33;123586.74;1065.39
5652;405161.77;123520.98;1109.25
616;405177.81;123518.94;1115.22
594;405156.55;123517.71;1101.91
5462;405151.83;123519.91;1097.23
5319;405142.18;123519.41;1093.9
5610;405183.08;123511.96;1116.14
5874;405176.39;123487.02;1109.71
5377;405186.68;123488.1;1112.48
3207;405168.68;123477.15;1105.63
5164;405190.7;123487.54;1112.05
118;405191.62;123482.3;1111.96
2321;405195.56;123470.17;1110.39
7458;405197.02;123463.33;1110.15
2270;405169.28;123465.57;1102.74
7349;405171.01;123456.67;1103.06
279;405178.16;123453.92;1104.69
3837;405181.36;123443.46;1105.26
1385;405176.19;123433.31;1101.78
4169;405175.96;123426.78;1100.98
5207;405182.28;123421.1;1101.87
2469;405185.16;123407.53;1101.87
4571;405184.64;123377.85;1099.27
7011;405193.85;123366.88;1097.77
2551;405189.8;123349.36;1095.56
4804;405188.73;123328.95;1091.95
528;405182.09;123315.33;1087.61
2489;405182.09;123297.63;1085.12
537;405174.63;123285.69;1080.82
5497;405169.63;123270.3;1076.18
2353;405167.59;123271.39;1076.06
273;405163.72;123264.4;1076.76
680;405156.76;123257.19;1075.53
6953;405150.96;123255.63;1077.36
3870;405143.28;123242.33;1073.82
7536;405140.11;123231.96;1068.76
7393;405140.73;123229.92;1068.03
5837;405140.48;123226.43;1068.9
6287;405137.92;123229.12;1068.23
13;405142.15;123223.76;1067.63
3770;405140.38;123219.6;1066.83
4048;405137.8;123203.27;1070.96
1600;405133.48;123199.1;1072.45
5325;405136.09;123193.5;1072.89
2858;405131.59;123184.27;1074.15
5072;405134.43;123180.52;1077.25
6000;405122.91;123192.79;1075.03
6179;405138.9;123170.62;1079.99
27;405143.1;123169.23;1082.29
5352;405146.33;123165.24;1084.95
7096;405148.27;123161.46;1084.79
6447;405152.35;123151.48;1089.21
5914;405152.07;123153.74;1091.32
2596;405160.84;123152.79;1093.25
1275;405161.99;123151.96;1093.4
234;405167.7;123142.15;1113.61
809;405169.69;123136.93;1113.71
5593;405170.53;123133.8;1116.17
540;405172.19;123126.96;1116.78
3572;405169.92;123132.64;1119.1
206;405170.84;123126.8;1115.09
4826;405173.64;123122.65;1114.82
3739;405173.15;123118.07;1114.82
6675;405175.02;123116.34;1116.63
638;405175.07;123112.87;1116.2
5030;405176.63;123110.74;1117.75
3062;405178.55;123104.37;1120.59
373;405178.76;123104.31;1129.28
2327;405179.93;123100.21;1129.28
3826;405180.26;123099.32;1122.05
5753;405181.27;123095.53;1120.84
3947;405181.75;123093.71;1124.91
5776;405182.16;123092.27;1123.86
2640;405182.88;123090.56;1121.16
2422;405186.22;123084.49;1121.16
1435;405188.36;123080.28;1122.43
5411;405191.47;123072.41;1131.06
4604;405196.08;123070.21;1136.72
5539;405197.47;123070.59;1142.58
4335;405202.47;123063.65;1143.18
4394;405205.37;123057.36;1146.75
4317;405208.83;123048.01;1156.93
571;405207.96;123040.27;1156.93
5724;405209.7;123035.17;1157.21
6596;405210.04;123030.06;1154.71
5600;405210.29;123026.52;1150.46
2575;405211.51;123020.07;1147.93
1056;405210.13;123016.47;1145.35
5388;405206.41;123006.15;1138.31
561;405206.6;122999.76;1137.75
2700;405205.47;122998.93;1137.25
4470;405206.4;122995.87;1137.88
4681;405206.85;122994.55;1137.5
3880;405208.88;122987.27;1134.1
7176;405206.93;122976.1;1130.43
786;405204.94;122968.86;1131.47
2577;405205.77;122972.2;1133.01
1351;405200.91;122968.79;1131.12
4520;405204.65;122968.96;1130.63
39;405209.09;122968.72;1134.07
5346;405209.04;122965.73;1130.86
2490;405205.86;122959.54;1125.31
4852;405207.62;122955.57;1125.23
6269;405207.41;122947.37;1126.52
3194;405205.9;122945.68;1122.7
1108;405198.96;122936.66;1114.66
7508;405196.22;122941.22;1112.95
8;405178.35;122944.24;1090.32
5440;405180.48;122940.69;1088.88
5101;405190.27;122935.96;1086.9
5657;405189.42;122938.92;1086.9
5822;405193.81;122929.58;1087.66
246;405188.88;122940.48;1084.95
4338;405182.59;122946.34;1082.53
4859;405169.94;122966.33;1075.96
3596;405165.37;122968.52;1074.72
519;405163.21;122970.77;1073.41
6745;405161.65;122977.36;1072.22
532;405159.58;122981.8;1070.45
7162;405154.43;123001.99;1068.99
3079;405156.13;123006.7;1069.61
625;405157.75;123003.08;1072.41
4205;405157.94;123009.64;1074.42
7373;405158.0;123013.51;1073.66
4993;405153.31;123015.0;1071.1
2691;405151.22;123018.78;1068.11
2482;405151.09;123022.29;1069.05
2048;405148.83;123028.43;1068.02
3166;405141.09;123037.17;1065.79
5195;405134.83;123054.5;1064.51
2010;405135.36;123060.9;1064.28
2425;405129.89;123076.29;1061.14
3979;405125.23;123085.97;1058.49
7059;405124.55;123089.42;1058.13
5262;405123.02;123094.4;1057.21
5798;405112.2;123103.02;1054.11
6147;405098.52;123094.62;1053.56
4697;405096.58;123111.1;1050.93
3284;405094.87;123121.06;1048.78
6667;405096.97;123125.8;1048.23
4414;405096.19;123126.57;1047.45
5127;405092.37;123133.65;1047.17
6709;405098.95;123140.27;1046.33
2663;405100.33;123148.55;1046.48
184;405100.32;123153.4;1045.44
3535;405105.13;123154.8;1045.44
987;405109.84;123155.74;1045.96
2712;405112.28;123152.4;1047.23
187;405116.53;123150.91;1048.38
6153;405120.59;123150.54;1050.5
2253;405122.97;123151.33;1051.38
2380;405123.92;123156.83;1055.3
5073;405123.84;123159.08;1057.06
4766;405124.53;123161.69;1058.63
5391;405121.66;123166.13;1058.44
2701;405119.99;123169.71;1057.02
6946;405124.07;123179.14;1057.74
5089;405123.39;123186.32;1057.36
656;405120.34;123193.39;1060.43
2750;405121.22;123195.46;1062.2
2407;405122.18;123196.0;1062.12
7477;405122.08;123196.0;1072.07
4166;405122.4;123193.36;1073.87
7499;405121.18;123194.07;1073.55
53;405115.71;123187.07;1071.98
5626;405112.52;123183.88;1071.75
649;405108.49;123182.8;1072.94
1976;405107.0;123182.2;1072.48
7197;405099.58;123180.89;1073.01
5824;405095.25;123175.73;1074.69
6165;405088.06;123178.93;1073.72
1315;405081.29;123176.2;1070.16
3949;405063.69;123172.46;1082.3
6995;405076.86;123178.76;1070.7
831;405047.29;123176.85;1100.51
4911;405062.04;123177.88;1085.19
2035;405035.28;123182.97;1107.08
5902;405035.28;123182.97;1087.08
1301;405035.28;123182.97;1127.08
7363;405054.95;123173.78;1081.01
1279;405053.94;123175.6;1081.73
6772;405052.25;123171.98;1084.42
5366;405050.6;123173.94;1084.83
3823;405048.11;123173.98;1086.92
4087;405046.52;123176.43;1088.04
5591;405045.28;123179.1;1088.83
1602;405048.48;123176.6;1090.31
6719;405075.38;123179.68;1068.77
6091;405073.54;123179.19;1067.92
7244;405070.03;123178.82;1068.48
3149;405067.65;123175.02;1069.52
6945;405065.1;123171.38;1066.52
6339;405065.9;123173.09;1066.39
4745;405069.28;123175.73;1064.66
4977;405071.04;123175.26;1064.34
7400;405073.26;123176.3;1064.99
2658;405074.65;123177.83;1063.0
4181;405077.04;123173.32;1062.37
701;405080.56;123174.26;1062.37
2476;405082.35;123174.35;1062.37
4416;405083.77;123174.66;1063.32
7378;405086.71;123174.81;1062.53
6168;405091.53;123176.86;1060.92
726;405097.43;123174.71;1060.37
5213;405103.4;123174.19;1060.69
218;405109.32;123179.15;1058.18
2387;405110.29;123178.49;1058.66
3692;405110.29;123178.49;1043.95
7210;405108.39;123178.87;1044.12
3926;405106.29;123179.16;1040.44
3285;405105.13;123178.16;1039.29
2513;405103.74;123177.89;1040.08
4253;405102.32;123179.3;1041.19
5242;405098.14;123181.82;1039.98
3903;405194.78;122921.68;1088.78
2008;405195.08;122913.05;1090.15
896;405197.09;122908.08;1089.78
5035;405197.82;122901.13;1092.18
872;405200.55;122899.22;1092.24
1010;405207.44;122892.09;1093.99
3883;405215.08;122879.36;1098.24
1840;405225.05;122877.06;1099.68
7181;405221.72;122861.4;1100.24
6911;405226.69;122838.03;1101.49
828;405226.21;122828.87;1101.97
711;405223.96;122823.82;1100.59
4368;405224.48;122794.08;1105.84
1144;405223.99;122784.72;1105.68
5994;405221.24;122783.13;1106.29
3706;405220.46;122776.77;1105.96
6282;405220.9;122775.0;1106.05
6603;405220.62;122773.69;1106.85
5670;405225.13;122745.24;1106.85
7219;405229.77;122737.2;1108.16
2381;405225.94;122724.65;1107.93
156;405231.18;122733.33;1106.33
73;405238.16;122733.98;1106.41
2903;405222.3;122723.13;1107.28
2250;405213.51;122722.51;1103.35
2359;405201.06;122724.93;1102.69
4837;405187.89;122712.22;1096.38
4327;405184.07;122705.03;1096.1
1011;405179.64;122697.94;1094.32
2831;405177.44;122695.96;1090.66
5274;405175.43;122692.01;1087.67
6406;405174.5;122693.11;1087.5
1896;405166.01;122686.79;1083.97
5428;405151.78;122675.67;1079.13
3453;405144.49;122680.23;1073.33
5393;405142.01;122679.88;1072.61
1996;405139.81;122680.39;1069.61
816;405135.36;122682.46;1067.53
1870;405127.42;122685.04;1067.53
3966;405123.67;122683.37;1065.78
4217;405242.71;122731.24;1106.69
6001;405202.37;122964.02;1133.88
4808;405202.05;122963.26;1133.91
456;405198.0;122950.03;1125.6
6856;405197.59;122946.12;1126.3
5758;405198.3;122941.67;1125.26
6916;405197.13;122939.57;1126.33
5653;405194.27;122936.8;1122.86
1196;405170.27;123136.0;1119.94
729;405173.02;123121.81;1119.89
2759;405167.4;123140.97;1119.64
3057;405135.57;123225.63;1067.79
315;405135.82;123223.25;1065.92
3225;405134.76;123220.19;1063.97
2231;405135.84;123219.21;1062.61
554;405134.1;123220.14;1061.65
3337;405124.61;123218.12;1059.23
3205;405123.75;123216.37;1058.01
3036;405111.6;123207.54;1045.85
6900;405113.77;123211.16;1046.22
2694;405113.23;123211.33;1045.59
7242;405109.09;123210.97;1044.32
170;405105.68;123210.31;1038.97
1395;405104.5;123214.44;1034.03
3668;405104.71;123211.47;1034.24
4795;405105.46;123207.95;1034.49
1345;405105.74;123207.25;1034.11
5271;405106.55;123205.73;1031.01
6820;405106.13;123201.04;1026.77
3042;405102.58;123203.71;1025.9
5251;405100.49;123202.65;1025.0
465;405096.65;123202.98;1021.53
1915;405092.05;123203.63;1018.4
3836;405091.18;123201.08;1016.65
5327;405087.77;123202.59;1014.41
6240;405084.82;123202.75;1013.09
3522;405072.55;123205.58;1013.31
1682;405071.02;123203.16;1013.6
7397;405066.43;123202.27;1014.04
5471;405073.33;123197.37;1014.42
7440;405076.05;123192.61;1016.08
5446;405075.92;123189.29;1014.41
1826;405076.48;123192.98;1016.01
1579;405080.35;123187.59;1014.66
6412;405073.57;123196.78;1016.69
6577;405080.22;123184.11;1014.6
3019;405085.7;123182.43;1016.03
6355;405212.04;123831.08;1169.2
5150;405213.14;123829.5;1178.74
181;405071.93;124018.54;1228.4
6038;405073.23;124025.89;1231.42
6483;405068.82;124035.78;1232.75
6117;405073.15;124049.08;1241.83
3511;405077.55;124052.64;1246.75
446;405078.89;124063.61;1251.44
5695;405078.59;124064.26;1250.64
3119;405077.75;124065.76;1253.08
1197;405078.89;124063.61;1244.94
6155;405078.3;124066.07;1245.0
6041;405077.9;124067.3;1244.5
2989;405077.8;124068.75;1243.44
5126;405078.71;124069.96;1242.57
7216;405078.71;124069.96;1240.55
5674;405078.98;124068.58;1238.87
822;405078.12;124066.34;1239.0
2258;405077.74;124065.98;1237.29
3399;405077.74;124065.98;1233.75
2905;405075.87;124061.59;1231.21
5554;405079.27;124057.24;1228.51
5833;405078.81;124053.51;1225.14
4418;405078.68;124049.71;1222.26
6413;405080.56;124077.93;1267.98
1445;405076.07;124075.93;1270.48
4656;405073.77;124077.37;1274.21
6662;405077.1;124079.22;1275.91
5338;405078.84;124075.49;1280.02
4708;405075.07;124073.32;1277.12
657;405074.05;124084.72;1275.13
2995;405081.94;124074.72;1283.33
205;405083.1;124068.13;1282.75
802;405086.14;124061.62;1281.35
3769;405088.27;124069.57;1284.84
4324;405089.37;124059.76;1280.96
752;405087.56;124077.69;1291.68
7346;405086.76;124089.16;1295.87
1082;405083.68;124096.77;1297.76
6620;405085.17;124105.2;1302.12
5162;405081.75;124117.96;1306.42
2365;405078.91;124122.02;1308.22
6598;405078.23;124125.86;1309.64
7317;405076.82;124127.87;1310.07
2002;405076.82;124127.87;1314.2
5201;405077.81;124131.85;1314.34
133;405077.19;124131.31;1310.78
5843;405076.84;124132.78;1313.53
4455;405077.81;124131.61;1309.0
338;405075.92;124136.79;1312.73
3847;405075.82;124142.2;1314.81
2906;405078.98;124146.54;1316.98
6920;405078.62;124148.38;1318.91
5171;405078.19;124148.86;1319.95
1303;405077.29;124150.42;1320.71
5887;405078.36;124150.59;1322.05
5052;405078.36;124155.46;1322.22
6990;405076.64;124159.94;1324.26
4490;405074.01;124168.55;1327.19
5932;405073.2;124170.55;1327.15
1707;405064.82;124177.34;1326.77
4866;405063.58;124173.3;1326.03
4691;405061.55;124175.33;1329.84
3681;405053.99;124178.24;1333.11
6874;405051.12;124182.82;1332.16
1234;405045.94;124183.27;1331.98
4381;405052.58;124190.15;1329.95
4010;405096.0;124053.78;1277.71
3143;405096.33;124047.51;1270.49
1950;405099.32;124042.12;1268.36
268;405102.33;124033.86;1261.25
430;405112.56;124026.43;1256.89
2565;405112.68;124022.85;1254.38
5524;405113.03;124021.55;1253.29
2275;405116.55;124017.35;1251.41
1432;405116.64;124015.56;1249.27
4641;405117.54;124014.37;1248.22
4541;405121.93;124007.61;1247.23
6012;405031.68;123902.89;1184.78
6600;405031.32;123902.46;1183.23
5467;405033.94;123895.98;1182.74
4017;405038.22;123896.43;1184.14
7232;405041.17;123893.15;1183.68
756;405041.17;123893.15;1182.88
6740;405043.12;123888.06;1183.36
3762;405045.02;123886.93;1183.36
2886;405049.24;123878.63;1182.71
6256;405049.34;123880.06;1182.45
6479;405052.33;123879.09;1182.4
5972;405053.12;123873.48;1182.6
3872;405055.45;123870.89;1180.67
1475;405055.45;123870.89;1181.06
883;405058.19;123868.24;1179.67
2072;405061.73;123862.79;1179.33
7227;405062.23;123863.07;1179.33
655;405066.64;123867.18;1181.29
3339;405066.83;123870.9;1182.42
1838;405063.56;123872.94;1182.22
6291;405064.79;123877.54;1183.77
2820;405061.91;123885.92;1186.48
7331;405062.7;123901.11;1194.23
7428;405061.16;123900.64;1193.06
2621;405062.47;123900.71;1193.48
4;405064.91;123903.33;1193.92
3503;405069.14;123906.29;1191.62
6255;405071.15;123904.98;1186.23
1613;405071.65;123903.14;1187.11
4944;405068.55;123901.13;1184.62
5513;405070.25;123898.07;1184.62
2547;405071.46;123898.75;1186.28
3691;405072.28;123892.97;1186.08
7134;405072.29;123893.78;1186.36
5499;405072.29;123893.78;1182.87
7016;405075.68;123892.41;1180.01
6504;405078.05;123889.58;1177.96
3791;405076.46;123884.97;1177.28
5865;405074.99;123884.54;1176.75
6789;405075.52;123881.83;1176.11
1429;405078.63;123879.88;1173.99
1948;405078.18;123880.08;1174.31
6260;405075.21;123879.0;1176.96
2225;405075.16;123876.1;1176.29
3437;405076.0;123877.4;1163.73
5257;405072.85;123872.73;1164.32
2841;405074.24;123869.89;1162.49
1354;405077.29;123866.73;1160.8
3480;405079.95;123864.07;1162.88
1828;405081.27;123862.6;1157.99
2087;405083.53;123861.87;1158.76
2787;405085.06;123859.32;1156.52
4631;405089.0;123857.23;1153.04
7360;405094.71;123854.32;1147.26
5419;405100.61;123860.01;1143.79
2814;405102.21;123854.03;1139.92
2417;404896.13;124056.16;1260.89
1864;404893.54;124057.15;1262.01
3369;404888.38;124053.03;1260.49
2205;404886.37;124064.95;1259.62
7546;404885.69;124076.15;1264.63
6461;404883.65;124089.64;1269.02
4496;404872.41;124106.4;1273.39
3718;404870.95;124114.35;1271.55
2350;404869.71;124125.24;1271.55
1903;404864.93;124120.29;1269.44
4285;404880.43;124129.35;1278.17
3924;404863.91;124122.41;1267.75
3766;404868.4;124121.28;1267.98
4950;404870.33;124121.25;1268.09
2585;404870.11;124123.05;1268.44
2079;404874.64;124126.22;1269.41
4270;404875.73;124128.37;1269.88
4739;404880.42;124127.96;1270.46
1428;404883.68;124127.56;1266.55
1073;404874.87;124126.01;1263.65
3178;404894.62;124127.18;1272.37
5998;404873.04;124124.18;1263.38
1771;404868.67;124119.32;1259.13
5429;404870.04;124117.11;1256.79
1364;404870.04;124117.11;1249.49
6626;404867.99;124116.86;1246.54
1628;404865.75;124113.66;1238.87
1418;404865.98;124107.24;1229.7
7296;404870.47;124107.48;1228.33
6988;404868.33;124111.67;1228.33
623;404866.76;124120.59;1227.53
2541;404862.58;124123.31;1227.18
1783;404862.58;124123.31;1215.78
3411;404903.06;124130.59;1273.65
3674;404907.08;124128.8;1273.65
1879;404909.66;124127.76;1280.19
2702;404908.73;124135.39;1274.85
7522;404916.61;124125.9;1280.19
6364;404908.73;124135.39;1294.85
945;404841.3;124135.52;1268.53
3363;404837.43;124151.37;1269.26
5729;404829.07;124151.06;1263.29
947;404712.13;124082.24;1248.06
3773;404698.81;124086.06;1248.89
2845;404701.42;124095.78;1250.1
6151;404693.5;124109.48;1257.38
601;404691.85;124119.93;1259.7
1753;404694.73;124136.25;1262.35
2837;404736.69;124072.92;1246.44
1346;404736.86;124082.93;1248.85
1312;404732.56;124084.08;1246.57
176;404688.81;123980.01;1207.04
222;404683.77;123981.94;1206.93
193;404684.67;123989.24;1208.91
3707;404681.37;123996.0;1208.54
2867;404670.7;124017.88;1212.43
5629;404664.92;124028.31;1213.74
4330;404662.47;124038.91;1217.01
6375;404661.33;124041.48;1218.41
5070;404659.3;124051.02;1220.27
722;404655.31;124061.42;1222.94
5926;404654.91;124065.23;1225.39
533;404655.19;124066.69;1225.23
3573;404652.62;124070.5;1225.69
2000;404649.27;124083.0;1231.64
2678;404652.88;124092.39;1232.85
4699;404649.78;124091.14;1225.69
2134;404649.78;124091.14;1212.37
4186;404648.44;124082.67;1212.07
1348;404650.11;124078.07;1211.03
3506;404650.72;124073.75;1208.09
1614;404648.64;124072.13;1198.23
2657;404649.54;124067.01;1198.23
5198;404762.55;123859.18;1212.34
4597;404762.55;123859.18;1187.19
4483;404759.25;123859.58;1183.76
1831;404755.5;123856.54;1181.9
2777;404750.47;123859.11;1180.28
6285;404744.11;123861.3;1178.36
1804;404741.75;123857.36;1180.5
3445;404741.76;123862.5;1177.45
5218;404739.75;123864.12;1175.83
1222;404740.67;123867.31;1169.03
2274;404737.98;123858.52;1166.22
4526;404807.84;123859.49;1274.29
1935;404807.21;123869.32;1279.36
4594;404808.04;123857.56;1271.17
6235;404808.86;123855.18;1270.91
575;404812.56;123853.61;1269.76
3759;404813.71;123849.61;1268.95
2967;404815.59;123845.91;1268.29
5039;404815.52;123843.86;1269.58
5622;404817.72;123842.88;1269.11
7453;404819.65;123838.22;1268.83
5980;404822.27;123838.54;1270.48
6986;404823.58;123837.65;1269.24
202;404828.67;123836.66;1268.23
3613;404828.16;123834.64;1264.9
1393;404828.16;123834.64;1260.27
4922;404834.16;123832.69;1260.6
1176;404838.51;123829.41;1257.7
5900;404838.71;123825.62;1260.17
5426;404840.45;123823.22;1261.88
5514;404843.74;123815.84;1257.21
3040;404850.21;123811.8;1245.46
517;404842.85;123809.41;1242.8
6786;404843.57;123810.55;1240.94
5912;404840.92;123811.67;1240.94
1380;404840.92;123811.67;1239.15
3931;404837.95;123812.81;1237.87
397;404838.79;123817.59;1237.95
5613;404841.07;123820.12;1236.78
4787;404835.75;123824.92;1232.97
2597;404831.86;123825.32;1232.14
6720;404830.05;123826.55;1230.66
2954;404825.64;123827.57;1229.37
6878;404819.11;123829.56;1225.74
4939;404805.59;123832.93;1225.98
3128;404802.0;123832.43;1224.51
5359;404818.88;123837.42;1267.19
302;404818.53;123837.95;1266.44
3376;404815.83;123836.69;1264.79
5671;404810.91;123836.43;1262.49
1851;404808.6;123837.09;1261.66
5132;404759.96;123800.0;1293.25
666;404759.96;123800.0;1286.65
2360;404766.41;123788.84;1285.97
2810;404769.96;123787.69;1287.41
2176;404769.96;123787.69;1279.96
5634;404763.03;123781.88;1279.96
5526;404763.91;123794.48;1280.62
3514;404764.67;123797.1;1280.57
1638;404767.54;123809.56;1280.8
301;404768.58;123812.58;1278.56
7234;404767.32;123813.37;1277.63
4064;404756.99;123809.61;1270.76
5534;404756.99;123809.61;1269.26
4654;404758.41;123800.67;1268.31
5568;404758.13;123799.37;1265.47
7189;404752.8;123794.4;1265.47
6565;404750.78;123794.01;1264.68
5792;404748.51;123794.57;1264.14
4980;404745.86;123794.48;1262.9
938;404745.11;123796.33;1264.15
2600;404741.34;123800.11;1260.41
4038;404741.52;123801.57;1260.38
5344;404740.97;123802.7;1260.14
4415;404735.29;123805.23;1259.15
7151;404732.6;123803.61;1258.83
2209;404732.6;123803.61;1256.28
4374;404726.42;123804.04;1254.96
4827;404726.42;123793.64;1254.96
6550;404724.49;123799.49;1255.31
3483;404719.38;123796.49;1254.96
1442;404722.43;123802.23;1254.96
452;404730.52;123801.38;1252.16
5599;404731.79;123803.14;1251.15
1419;404736.69;123802.28;1250.0
4005;404732.33;123801.03;1235.18
2636;404727.66;123802.02;1234.67
4695;404723.28;123797.93;1234.46
2708;404723.28;123797.93;1225.06
3375;404719.58;123793.02;1221.93
3687;404717.4;123793.17;1218.82
1079;404715.35;123794.09;1217.52
356;404713.11;123798.29;1211.85
1936;404709.18;123799.13;1208.1
1397;404709.18;123797.98;1201.6
4577;404701.21;123795.69;1196.01
2199;404701.21;123795.69;1164.71
468;404693.61;123795.03;1163.09
3882;404692.24;123808.01;1164.23
1833;404695.57;123811.33;1164.23
3365;404696.95;123809.63;1164.04
3957;404700.03;123801.6;1156.56
2346;404699.08;123798.48;1155.04
3203;404698.8;123795.26;1154.35
2794;404695.93;123794.04;1153.63
1732;404695.09;123792.54;1151.17
6999;404688.03;123794.17;1147.79
75;404688.65;123792.12;1147.3
4600;404686.51;123791.29;1147.3
4203;404686.28;123789.1;1146.12
2260;404682.96;123783.58;1143.65
3434;404676.08;123780.94;1139.22
3614;404676.08;123780.94;1109.32
4602;404671.4;123783.12;1105.71
6695;404671.28;123776.36;1101.81
3407;404670.0;123771.6;1099.61
5309;404667.39;123770.65;1090.53
5406;404667.39;123770.65;1058.63
4599;404660.35;123765.14;1051.39
3335;404660.35;123765.14;1048.49
3624;404657.83;123763.81;1047.56
4853;404648.03;123760.24;1037.49
2358;404643.4;123759.59;1035.0
1829;404637.74;123758.59;1030.18
4262;404625.84;123754.49;1022.01
4652;404622.95;123751.05;1022.01
7180;404622.95;123746.93;1020.75
7429;404617.68;123744.13;1019.48
5766;404616.39;123736.79;1018.03
3067;404618.56;123731.41;1018.14
6574;404612.96;123727.91;1014.17
1680;404608.37;123724.81;1008.82
6125;404603.64;123721.86;1003.8
4559;404601.12;123710.91;998.56
866;404592.61;123708.31;992.1
1179;404585.89;123696.67;976.09
1536;404581.03;123688.91;970.36
3842;404572.91;123683.43;965.58
7362;404575.1;123676.69;963.82
5265;404568.17;123671.65;958.67
1151;404563.76;123670.47;953.23
3581;404558.58;123673.46;948.22
3978;404551.82;123674.9;941.99
2890;404550.2;123679.36;941.32
1425;404546.95;123677.56;932.58
3403;404722.37;123792.11;1253.95
3550;404725.16;123793.85;1254.59
4451;404729.87;123793.19;1255.51
2211;404732.8;123794.49;1257.22
2098;404734.6;123792.63;1256.07
2030;404738.39;123792.3;1257.38
4097;404741.4;123787.48;1258.28
4150;404740.31;123780.61;1259.26
7178;404743.49;123778.3;1259.4
4548;404742.12;123776.94;1259.56
6213;404741.97;123774.05;1259.82
2429;404740.95;123768.77;1261.57
1344;404742.44;123767.84;1261.66
1178;404742.44;123767.84;1257.46
284;404745.57;123762.42;1240.26
7556;404745.57;123762.42;1219.36
3473;404744.3;123756.92;1222.89
1424;404741.89;123752.85;1216.03
1260;404747.68;123753.42;1221.76
4254;404748.39;123750.11;1220.39
245;404748.39;123750.11;1215.34
4992;404746.79;123756.52;1215.0
6896;404742.41;123762.13;1212.82
4930;404738.46;123758.19;1211.84
94;404735.4;123752.43;1206.56
6912;404729.72;123751.12;1201.66
6373;404729.0;123751.2;1201.31
2154;404722.07;123746.87;1193.41
1672;404719.98;123748.02;1193.2
7200;404717.45;123745.66;1193.2
1841;404713.91;123746.15;1192.05
6090;404713.85;123750.02;1191.5
3030;404711.15;123751.05;1191.4
336;404707.55;123752.97;1191.33
3161;404705.16;123753.13;1191.16
577;404704.88;123754.74;1191.19
2243;404702.72;123758.48;1190.89
994;404700.65;123759.15;1190.62
6870;404700.28;123761.48;1190.16
675;404698.31;123765.04;1189.66
7150;404696.44;123769.89;1189.66
1834;404693.89;123769.3;1189.11
3745;404692.0;123769.77;1185.44
4096;404688.61;123768.61;1176.58
7450;404681.45;123766.42;1157.07
4379;404682.24;123761.45;1149.61
845;404677.16;123756.71;1142.41
6726;404672.48;123755.54;1137.06
4123;404669.03;123758.15;1135.23
7056;404665.15;123758.28;1133.16
5184;404663.28;123756.55;1131.57
7460;404663.28;123756.55;1127.27
3760;404659.32;123753.33;1125.51
758;404656.52;123753.93;1125.01
5423;404654.94;123753.09;1124.82
3137;404654.92;123751.69;1124.94
4403;404654.66;123744.23;1122.08
3353;404650.1;123739.17;1119.18
7455;404644.46;123733.53;1114.2
5354;404640.01;123726.67;1105.43
4456;404636.49;123721.26;1094.26
6020;404630.77;123722.27;1089.2
2884;404625.63;123726.73;1086.31
7149;404611.73;123728.94;1057.46
6244;404608.86;123728.38;1058.14
1503;404607.45;123721.1;1044.75
2655;404601.33;123713.81;1039.04
6409;404594.23;123702.0;1038.31
1929;404591.38;123695.87;1035.3
2779;404587.77;123686.95;1029.97
989;404581.78;123682.09;1025.34
975;404579.69;123673.08;1013.91
1501;404571.68;123665.06;1006.41
4637;404564.89;123662.92;996.62
10;404560.03;123662.15;988.43
3467;404560.03;123662.15;977.43
4904;404555.33;123663.59;970.14
7026;404553.72;123663.73;966.34
1599;404552.22;123665.52;964.82
6880;404548.96;123669.28;955.06
1136;404544.69;123670.42;951.35
3565;404536.67;123669.72;932.39
1827;404535.49;123666.29;929.94
7039;404527.82;123664.8;916.41
2192;404526.23;123676.11;911.33
5348;404671.85;123756.95;1136.96
6758;404671.49;123757.93;1135.72
5964;404667.33;123749.39;1131.69
3622;404666.63;123748.52;1130.99
3877;404665.44;123746.38;1130.05
33;404662.97;123743.73;1129.22
2459;404661.09;123741.23;1127.11
6918;404658.32;123737.94;1124.52
1491;404657.13;123738.6;1124.13
3761;404656.55;123722.18;1113.05
6614;404661.49;123731.34;1123.83
257;404664.48;123735.62;1124.66
721;404661.49;123731.34;1121.34
7053;404664.48;123735.62;1134.48
3393;404666.03;123727.1;1120.8
723;404667.72;123726.05;1119.61
3259;404670.53;123722.7;1119.61
3513;404670.53;123722.7;1120.99
4106;404672.1;123717.88;1117.56
7105;404672.1;123717.88;1106.01
7328;404670.18;123715.03;1105.6
7476;404669.41;123711.94;1104.68
4979;404669.41;123711.94;1091.86
2467;404665.83;123711.69;1091.8
5102;404671.66;123717.95;1093.46
4223;404664.06;123705.91;1093.88
704;404672.56;123709.38;1093.76
5288;404685.42;123704.44;1092.8
5826;404685.58;123713.58;1093.12
3231;404687.17;123720.47;1091.75
7192;404684.17;123729.19;1095.47
4198;404680.58;123730.35;1095.07
2520;404674.44;123730.78;1094.64
5168;404674.44;123730.78;1094.84
1863;404675.23;123725.85;1095.37
6627;404675.64;123733.71;1093.69
4525;404673.4;123726.01;1095.43
1034;404674.37;123735.4;1086.33
5845;404671.69;123731.27;1084.34
406;404669.19;123728.86;1072.26
4666;404663.55;123726.7;1069.82
6388;404663.26;123722.59;1068.4
1291;404661.65;123720.93;1067.51
4088;404663.88;123715.7;1066.71
2526;404667.38;123713.83;1065.19
6183;404666.81;123711.35;1065.1
405;404670.93;123710.92;1063.34
4277;404672.58;123709.63;1063.71
1118;404675.26;123711.72;1062.12
991;404673.53;123711.54;1060.13
3563;404675.41;123710.58;1060.13
7341;404675.41;123710.58;1050.48
3984;404672.87;123708.21;1050.84
4985;404670.41;123702.42;1049.28
6419;404672.45;123696.15;1053.4
3176;404669.01;123687.62;1051.94
5181;404667.37;123681.9;1052.89
3331;404667.16;123675.98;1052.99
3405;404666.23;123673.11;1047.32
1641;404663.04;123668.2;1044.84
1450;404663.48;123661.87;1044.17
7387;404663.48;123661.87;1038.48
6731;404662.33;123664.14;1035.55
6311;404662.33;123664.14;1006.25
6390;404662.66;123660.98;1006.93
2634;404663.18;123658.01;1006.77
1369;404662.49;123656.91;1003.85
4734;404664.31;123654.22;1003.85
5287;404663.0;123651.66;1001.26
4234;404663.64;123647.6;998.27
5803;404663.05;123644.84;998.12
5989;404663.05;123644.84;993.35
5746;404663.12;123642.91;994.97
5034;404665.03;123641.63;994.65
5151;404663.01;123636.4;993.94
5955;404666.78;123643.05;995.8
3990;404665.87;123644.58;995.84
6319;404665.74;123646.37;994.38
2684;404669.39;123650.27;992.95
3661;404672.05;123648.34;994.63
5782;404676.51;123649.88;997.69
4653;404676.87;123653.33;997.33
6098;404678.01;123657.9;996.24
5941;404676.9;123662.36;996.48
7004;404678.64;123661.18;1000.79
4800;404682.0;123669.09;1001.39
4537;404685.12;123664.46;1003.53
7072;404689.99;123664.97;1006.36
5474;404694.64;123665.87;1008.47
330;404697.41;123667.35;1008.74
266;404705.82;123668.23;1013.24
2878;404708.94;123673.85;1012.34
7104;404713.55;123668.36;1014.81
3017;404713.03;123663.43;1015.77
2061;404720.68;123660.79;1019.21
3600;404725.27;123655.13;1022.3
2620;404730.61;123655.6;1023.44
5345;404736.3;123648.31;1025.92
5635;404663.01;123636.4;986.12
3130;404662.23;123630.9;987.93
4271;404658.06;123618.07;987.69
2119;404653.41;123609.32;983.28
2140;404654.28;123608.79;963.87
603;404650.39;123621.54;954.53
5385;404642.5;123619.57;948.18
180;404641.24;123633.88;944.6
978;404638.37;123635.6;943.64
999;404637.72;123654.17;942.66
765;404637.12;123657.94;937.41
1342;404633.39;123653.5;931.61
201;404634.21;123659.3;929.93
1097;404630.22;123657.61;929.16
6362;404627.37;123658.94;925.54
1671;404620.22;123654.47;914.74
3415;404615.11;123653.11;911.69
4644;404614.35;123657.45;908.94
6674;404612.66;123659.77;906.93
7311;404611.9;123660.85;905.17
4563;404608.49;123657.32;901.73
264;404675.38;123734.59;1100.72
5663;404670.7;123739.98;1102.9
5977;404669.72;123745.03;1104.58
2384;404667.38;123747.63;1104.76
1200;404667.89;123750.56;1106.62
6322;404666.36;123754.77;1106.54
1531;404667.7;123761.07;1109.01
3747;404670.64;123768.33;1111.71
427;404674.86;123775.96;1109.86
7191;404660.38;123697.25;1091.19
1984;404662.95;123681.03;1090.33
6481;404659.89;123674.46;1084.67
4815;404658.35;123670.99;1074.77
3592;404655.96;123670.49;1060.95
2653;404654.48;123661.11;1045.76
2456;404651.98;123645.3;1045.2
1495;404656.25;123750.91;1126.29
5608;404654.49;123749.0;1125.21
3797;404654.52;123748.86;1127.81
7050;404649.98;123749.54;1127.02
1271;404644.97;123751.65;1126.66
2983;404645.18;123757.61;1125.67
235;404646.57;123754.11;1129.81
962;404638.93;123752.12;1119.5
6776;404641.06;123744.39;1117.34
1446;404638.26;123744.87;1113.32
861;404638.28;123744.75;1112.97
4835;404640.09;123739.82;1110.57
6944;404642.75;123738.21;1111.68
5050;404644.08;123738.37;1114.08
3566;404645.17;123739.39;1117.04
4550;404639.68;123725.5;1103.1
1410;404634.4;123727.74;1088.9
6062;404633.69;123730.39;1090.12
2627;404628.99;123732.78;1086.82
4267;404623.06;123729.36;1068.97
7381;404627.11;123726.62;1068.88
7078;404623.46;123721.2;1056.59
2116;404623.46;123721.2;1054.79
1642;404621.11;123715.68;1051.19
5615;404621.94;123720.26;1048.96
2248;404621.03;123719.49;1045.67
7474;404620.46;123717.03;1042.44
1131;404615.58;123715.99;1035.31
4867;404614.39;123714.81;1034.42
4672;404615.42;123712.61;1031.63
970;404609.46;123707.61;1022.36
1913;404607.49;123708.61;1019.52
1695;404602.74;123703.15;1016.89
6860;404602.74;123701.51;1017.33
4264;404604.44;123698.32;1016.56
2822;404597.12;123693.74;1006.97
4401;404594.55;123689.93;1006.0
1142;404595.59;123687.47;1004.75
3517;404592.88;123687.66;1004.07
2385;404591.04;123684.2;1003.24
6940;404588.73;123678.75;1002.09
2135;404588.73;123675.86;1001.31
5404;404588.15;123674.16;1001.41
2936;404586.29;123673.55;1000.19
6212;404586.64;123669.58;1000.47
3972;404586.94;123667.44;999.22
1088;404586.02;123665.84;997.83
1262;404586.02;123665.84;957.83
6594;404587.81;123670.51;957.83
935;404587.81;123670.51;947.83
2601;404589.59;123675.38;947.38
5797;404591.89;123681.71;940.4
6939;404591.89;123681.71;924.9
2013;404581.66;123675.81;918.36
4002;404575.57;123675.06;913.39
6567;404573.44;123677.12;912.92
1066;404571.58;123677.02;912.56
6314;404569.41;123678.03;912.3
664;404567.17;123675.35;910.82
4152;404565.17;123664.03;907.74
5529;404560.38;123651.55;899.71
6354;404617.64;123713.07;1039.24
3366;404649.64;123761.72;1139.25
6408;404650.76;123764.64;1140.26
5637;404655.36;123775.46;1156.44
210;404740.89;123751.24;1215.83
6970;404737.08;123747.16;1215.05
4220;404736.53;123743.21;1214.13
977;404736.53;123743.21;1212.59
5305;404733.81;123742.54;1211.99
4788;404732.39;123736.85;1210.96
18;404731.33;123735.67;1210.74
7175;404730.47;123733.98;1210.47
5748;404730.47;123733.98;1205.57
3701;404731.46;123730.74;1205.39
4040;404727.14;123730.67;1204.94
3208;404725.85;123729.33;1204.81
5627;404724.55;123730.08;1204.46
2717;404722.46;123728.27;1204.32
1209;404722.46;123728.27;1202.08
4036;404717.96;123731.42;1201.88
217;404712.79;123736.77;1200.3
6572;404776.14;123930.53;1578.04
5531;404775.21;123923.87;1569.72
1287;404725.81;123920.76;1574.32
1967;404874.09;123969.08;1627.37
2559;404874.09;123969.08;1625.56
1774;404871.85;123969.76;1625.43
6583;404870.32;123969.29;1621.99
5857;404870.47;123964.88;1624.97
6303;404867.35;123960.88;1619.14
5859;404865.1;123961.0;1616.71
2925;404863.83;123959.12;1612.95
6721;404927.31;123884.27;1699.17
1180;404927.53;123885.02;1703.64
3715;404926.77;123886.94;1705.59
5933;404924.69;123891.93;1707.87
7220;404927.33;123896.73;1718.39
646;404930.11;123900.59;1719.52
5061;404930.37;123905.32;1724.14
4961;404932.36;123906.57;1724.65
6348;404932.06;123901.99;1714.41
3507;404930.27;123909.44;1725.3
2144;404931.27;123910.51;1725.85
7266;404933.06;123912.66;1727.0
700;404935.15;123910.82;1726.72
2036;404940.9;123912.92;1728.14
6199;404942.72;123911.14;1728.99
4240;404943.74;123914.63;1730.14
6229;404951.87;123918.15;1732.2
6279;404957.91;123918.81;1730.94
6344;404959.38;123919.12;1727.33
1016;404963.08;123912.52;1725.85
2314;404960.93;123908.86;1729.81
1028;404959.7;123921.7;1725.15
856;404945.45;123934.59;1729.15
6201;404965.6;123912.87;1723.91
55;404967.53;123913.52;1718.15
7127;404967.48;123910.26;1650.69
3340;404967.48;123910.1;1637.06
4180;404967.47;123909.58;1610.73
3915;404965.41;123904.62;1610.61
6612;404968.68;123903.15;1609.09
3821;404971.52;123907.33;1690.05
154;404965.41;123904.62;1602.24
5059;404971.12;123909.75;1594.44
5143;404965.87;123912.46;1591.52
285;404963.66;123913.63;1592.98
5343;404963.92;123912.82;1595.72
352;404961.63;123910.71;1594.43
5516;404961.63;123910.61;1586.15
1336;404964.64;123910.04;1586.13
1406;404964.12;123909.22;1583.08
5277;404964.12;123908.09;1573.06
3520;404965.12;123901.17;1569.3
4045;404966.92;123899.58;1569.29
5518;404966.65;123898.18;1569.28
7217;404967.93;123895.81;1567.48
737;404971.66;123898.19;1566.46
6506;404974.44;123894.56;1565.42
5147;404971.66;123892.2;1563.38
2993;404968.51;123889.22;1552.91
576;404961.0;123890.72;1550.84
820;404957.73;123887.09;1550.56
1770;404958.5;123884.2;1549.01
3709;404959.74;123881.67;1535.55
1102;404961.32;123877.1;1526.11
857;404963.1;123874.74;1527.36
1316;404966.36;123870.85;1524.08
2450;404968.4;123868.75;1521.28
6798;404968.4;123868.66;1513.5
162;404970.67;123867.59;1516.63
3611;404969.61;123863.27;1516.61
1905;404971.16;123859.87;1516.4
2535;404973.04;123857.65;1513.64
6464;404977.29;123855.74;1511.65
2480;404975.68;123852.99;1509.03
1961;404975.69;123852.69;1491.5
6438;404979.63;123847.81;1499.3
4513;404975.69;123852.69;1492.94
147;404975.39;123897.53;1514.32
5579;404975.59;123888.22;1509.43
3311;404975.24;123884.53;1506.02
6157;404977.22;123881.26;1505.5
799;404977.1;123879.24;1505.78
6328;404977.65;123878.35;1505.15
6327;404978.44;123875.45;1503.43
5820;404981.37;123871.28;1503.89
5100;404982.67;123871.79;1504.36
3999;404981.98;123869.44;1503.02
151;404980.68;123867.19;1503.07
6514;404980.33;123865.06;1501.84
259;404982.13;123862.68;1502.06
1623;404982.13;123862.68;1497.11
4554;404980.47;123858.81;1502.14
6095;404980.51;123853.84;1500.17
5066;404982.79;123853.06;1500.13
190;404982.68;123851.6;1501.66
93;404979.67;123849.23;1502.19
2681;405055.68;123961.96;1851.04
4135;405055.93;123957.91;1845.53
6599;405053.9;123955.17;1842.35
3196;405056.82;123943.35;1837.51
2325;405046.13;123932.99;1828.53
2123;405059.55;123936.46;1839.7
3072;405041.26;123934.22;1825.52
1379;405040.26;123932.71;1826.77
3003;405038.76;123929.06;1824.02
4527;405037.63;123928.8;1823.76
3599;405037.14;123931.75;1816.5
7547;405035.02;123935.23;1813.62
6178;405030.27;123933.71;1811.12
4893;405028.89;123931.44;1812.37
3996;405027.15;123924.66;1808.37
6587;405025.53;123918.13;1804.61
7240;405021.28;123917.86;1803.74
1675;405019.29;123918.85;1803.48
6646;405019.29;123918.84;1798.98
5051;405015.17;123921.81;1801.72
7385;405010.8;123919.91;1797.47
792;405009.55;123916.77;1794.58
278;405010.55;123910.49;1793.33
1918;405009.04;123909.1;1792.82
5722;405010.92;123904.82;1791.69
2097;405011.05;123901.8;1788.93
2862;405003.55;123896.61;1777.44
516;405003.7;123892.98;1748.99
2025;405000.23;123894.47;1748.49
1245;405002.81;123892.72;1735.99
2491;404999.98;123894.75;1745.57
6161;404999.61;123896.75;1745.57
1113;404999.83;123897.6;1740.36
3782;404999.58;123892.35;1729.85
320;404992.09;123894.27;1722.17
3235;404999.81;123892.21;1735.73
3712;404997.82;123894.93;1734.98
7386;404993.96;123897.91;1734.6
876;404992.93;123897.64;1715.6
6710;404985.42;123902.6;1716.34
1183;404984.96;123902.93;1705.21
3179;404982.85;123904.66;1705.2
7029;404980.72;123909.16;1713.95
1182;404980.34;123902.64;1702.2
5321;404979.97;123912.41;1713.83
3200;404977.22;123914.04;1707.45
7;404976.98;123905.87;1703.19
2104;404976.27;123906.1;1691.18
972;405072.47;123941.09;1860.23
1212;405074.22;123939.39;1859.09
3087;405068.03;123934.88;1868.33
215;404979.61;123847.84;1495.46
5396;404979.61;123847.84;1492.57
5763;404983.23;123845.01;1492.17
3734;404984.68;123843.84;1490.43
480;404984.12;123842.83;1489.76
4323;404985.34;123840.09;1484.12
3884;404987.36;123836.99;1487.69
7297;404989.05;123833.94;1485.43
3778;404991.25;123829.43;1485.78
1743;404991.25;123829.43;1487.13
1876;404995.05;123828.41;1484.57
7548;404992.06;123826.77;1486.88
3158;404989.56;123824.75;1486.83
6330;404988.08;123824.26;1486.17
6028;404986.77;123822.16;1480.04
2939;404986.77;123822.16;1455.24
4174;404981.89;123819.79;1454.67
108;404981.26;123816.52;1446.44
4147;404981.26;123816.52;1430.64
992;404981.26;123816.52;1409.04
524;404976.05;123816.43;1411.35
5811;404972.11;123816.09;1408.26
265;404972.11;123816.09;1396.98
6262;404968.38;123815.89;1398.06
2885;404966.16;123815.93;1395.0
3120;404962.22;123812.96;1395.69
5316;404963.9;123812.25;1394.41
2978;404963.65;123808.66;1395.05
1341;404963.65;123808.66;1392.85
5778;404960.51;123809.22;1392.81
3710;404997.67;123825.6;1484.3
1086;404999.46;123821.59;1484.07
4607;404964.94;123900.28;1727.28
6824;404972.92;123896.17;1727.48
5861;404966.05;123901.94;1727.28
514;404966.05;123901.94;1716.38
214;404956.73;123896.56;1711.8
5216;404979.45;123885.72;1730.55
6142;404974.21;123893.99;1728.41
4111;404977.64;123892.03;1725.73
2736;404978.95;123890.51;1725.75
7109;404981.91;123885.12;1724.51
7507;404982.55;123882.11;1723.48
2210;404985.08;123876.13;1721.58
6129;404988.42;123866.63;1721.69
1231;404985.14;123847.99;1717.73
2033;404983.43;123844.12;1712.72
2945;404982.08;123824.25;1710.37
6728;404959.7;123921.7;1714.55
386;404939.61;123947.12;1731.34
5886;404950.8;123937.08;1729.15
7278;404920.79;123951.81;1733.38
7527;404935.08;123951.65;1733.3
2772;404916.43;123959.07;1734.87
3490;404913.22;123958.79;1733.37
3122;404918.26;123952.22;1733.62
5951;404896.2;123967.25;1732.97
6164;404921.58;123962.0;1734.0
2053;404924.73;123962.0;1734.67
1215;404924.73;123962.0;1658.47
3243;404921.53;123960.15;1655.59
4131;404918.4;123957.96;1646.13
3621;404918.49;123958.94;1643.83
6605;404918.49;123958.94;1632.53
6871;404913.49;123969.66;1635.04
6195;404913.1;123973.31;1633.57
2177;404912.02;123977.97;1630.21
4031;404910.97;123950.94;1727.84
5481;404910.97;123950.94;1713.34
158;404882.65;123972.72;1735.28
3323;404887.77;123977.66;1735.81
7353;404867.75;123977.56;1734.19
5708;404847.27;123982.67;1730.08
7283;404840.4;123984.9;1731.1
3027;404839.72;123989.96;1734.54
4569;404843.97;123983.67;1732.62
2938;404840.4;123984.9;1718.6
1866;404845.4;123991.07;1733.05
4426;404842.74;123992.93;1733.34
1288;404844.09;124007.92;1734.36
6792;404838.07;124010.99;1728.68
375;404838.07;124010.99;1731.41
2393;404835.23;124012.08;1731.84
7101;404834.48;124014.37;1731.84
5196;404833.49;124015.48;1733.97
1885;404832.2;124017.07;1734.15
6794;404832.2;124017.07;1730.55
4431;404825.86;124017.07;1713.14
5463;404842.83;123988.61;1732.54
5448;404845.31;123992.16;1733.62
5484;404842.61;123994.43;1733.68
6411;404842.61;123994.43;1728.68
6159;404844.03;124000.59;1736.36
6325;404845.52;124003.92;1737.34
6757;404843.11;124004.43;1736.68
578;404844.14;124007.81;1738.1
6154;404842.47;124004.08;1733.97
5226;404846.95;124010.43;1740.15
56;404845.22;124012.99;1740.53
2344;404843.4;124012.89;1740.1
2603;404847.16;124013.93;1743.6
6659;404843.67;124002.75;1733.66
5834;404843.99;124009.37;1733.97
6741;404843.99;124009.37;1728.97
818;404833.32;123985.4;1716.16
5894;404827.53;123987.5;1710.6
1661;404827.53;123987.5;1686.1
2400;404827.29;123988.4;1689.58
1322;404819.5;123991.24;1686.06
5153;404833.04;123992.9;1689.45
5495;404805.69;123985.09;1691.87
1951;404814.07;123990.96;1684.7
673;404815.48;123991.01;1678.6
432;404815.48;123991.01;1673.61
4693;404825.64;123994.31;1674.17
305;404832.05;123987.75;1731.94
1598;404821.89;123986.15;1732.48
3946;404817.43;123983.78;1733.74
1802;404815.73;123988.89;1735.77
2633;404813.04;123979.82;1729.12
6083;404809.72;123969.61;1727.23
3628;404793.52;123973.65;1727.52
7496;404809.63;123985.08;1739.28
6440;404890.74;123976.86;1740.73
1233;404890.09;123978.38;1741.27
7517;404898.52;123985.45;1744.84
1426;404904.57;123989.53;1747.64
4727;404906.7;123994.53;1749.2
3672;404905.14;123994.98;1748.68
139;404909.22;123993.66;1750.56
1494;404907.84;123996.87;1748.5
7213;404912.0;123996.51;1748.07
1441;404910.51;123998.98;1747.86
4632;404908.97;123999.91;1747.21
1057;404910.87;124000.42;1748.04
5057;404908.63;124002.66;1747.65
1409;404911.19;124003.54;1746.72
57;404907.55;124005.19;1748.71
407;404915.6;124006.62;1743.36
4125;404915.45;124004.91;1740.9
1267;404917.61;124003.09;1738.07
60;404914.91;124011.11;1737.59
3318;404935.08;123951.65;1717.9
1725;404935.37;123948.87;1720.17
7207;404935.37;123948.87;1705.87
2628;404950.8;123937.08;1717.85
1041;404950.8;123937.08;1733.05
6750;404950.8;123934.48;1717.85
4843;404950.8;123934.48;1714.35
2682;404949.87;123931.95;1714.35
5104;404949.87;123931.95;1701.25
4997;404950.31;123930.3;1701.25
1811;404950.31;123930.3;1695.35
5246;404953.17;123928.65;1695.35
3659;404955.22;123932.81;1735.17
4478;404948.74;123936.53;1731.56
7404;404947.99;123940.77;1731.56
7329;404947.99;123940.77;1746.76
2091;404950.17;123941.56;1747.38
7110;404952.24;123940.36;1747.59
5483;404953.07;123940.84;1747.04
7257;404954.93;123942.7;1748.0
2650;404955.85;123941.39;1748.0
1051;404957.35;123941.94;1748.0
1649;404958.56;123941.09;1747.15
4155;404960.48;123941.61;1745.48
3714;404962.68;123940.07;1745.71
4090;404962.68;123940.07;1751.41
4928;404967.36;123936.14;1751.41
1305;404969.19;123938.33;1751.92
3777;404970.98;123939.16;1752.26
411;404975.19;123942.46;1749.77
2729;404975.19;123942.46;1747.67
2532;404978.57;123941.23;1747.67
5577;404978.57;123941.23;1753.07
7172;404980.08;123939.29;1753.07
231;404980.08;123937.64;1753.07
4453;404980.02;123938.64;1754.48
2716;404981.05;123940.3;1755.9
3066;404978.61;123932.99;1755.4
6132;404979.17;123935.22;1755.4
5088;404978.13;123926.0;1755.4
3775;404978.61;123932.99;1748.4
3330;404979.17;123935.22;1762.8
4611;404977.59;123936.75;1762.8
3986;404977.59;123936.75;1767.6
662;404979.79;123938.73;1769.45
7493;404978.94;123941.08;1770.72
6560;404983.13;123943.59;1773.66
4041;404982.6;123945.12;1773.13
6049;404984.37;123946.66;1772.59
2315;404985.64;123946.24;1773.28
2934;404985.82;123948.88;1773.09
1822;404987.58;123948.7;1775.52
1517;404988.94;123949.97;1776.23
6439;404990.8;123948.46;1778.04
6135;404991.62;123948.67;1777.92
453;404995.85;123948.15;1776.2
15;404996.25;123945.92;1782.08
4398;404996.87;123943.61;1782.08
4669;405000.1;123944.91;1782.32
3717;405003.46;123944.68;1781.36
4965;405003.46;123944.68;1784.76
5176;405004.91;123945.93;1786.37
4617;405005.95;123946.12;1788.0
7399;405007.55;123947.51;1787.1
2570;405006.81;123948.56;1786.33
6275;405008.17;123949.66;1785.48
7128;405010.07;123952.28;1786.16
3658;405010.07;123952.28;1793.96
4226;405013.8;123952.28;1791.81
6645;405015.72;123954.57;1791.81
1123;405017.82;123954.57;1791.99
126;405020.74;123955.94;1791.31
6349;405023.09;123955.9;1790.45
5155;405023.09;123955.9;1793.45
4137;405025.73;123955.38;1793.69
2696;405028.03;123955.46;1793.69
592;405023.86;123957.12;1793.19
3685;405028.03;123955.46;1801.19
5889;405030.44;123956.11;1801.19
1308;405030.44;123956.11;1807.59
1558;405030.44;123956.11;1809.09
2549;405033.46;123954.64;1808.56
7125;405035.75;123954.56;1808.76
5938;405035.75;123954.56;1805.36
3554;405041.11;123954.28;1808.46
1780;405042.4;123952.75;1808.46
4864;405042.4;123952.75;1833.26
3757;405043.2;123953.77;1833.26
1481;405043.63;123952.44;1833.26
4269;405048.11;123952.36;1834.98
2022;405046.11;123952.4;1834.98
3864;405046.11;123952.4;1839.68
1510;405046.11;123952.4;1843.48
2405;405040.4;123953.93;1837.52
6823;405039.04;123952.9;1837.52
4918;405039.16;123952.22;1837.52
4868;405036.86;123951.81;1836.17
4506;405038.01;123949.82;1834.24
1252;405037.01;123949.91;1834.24
5293;405037.05;123947.71;1833.27
1544;405034.7;123951.78;1831.56
3969;405050.04;123953.6;1844.35
7174;405050.28;123954.84;1844.64
5414;405052.15;123955.87;1845.51
3091;405052.2;123957.34;1845.82
6230;405053.25;123957.36;1846.4
1498;405054.39;123957.71;1847.47
5398;405055.59;123957.75;1847.51
1302;405057.3;123959.86;1848.78
417;404981.49;123931.19;1745.0
3783;404981.49;123931.19;1736.7
2024;404979.99;123929.58;1736.7
5011;404979.1;123925.37;1736.7
2057;404932.06;123901.99;1683.97
585;404932.78;123904.65;1683.97
6381;404934.56;123905.76;1683.89
1970;404934.56;123905.76;1673.38
3635;405009.5;123803.42;1685.73
4566;405014.58;123806.19;1692.22
4231;405017.34;123795.68;1692.8
1284;405020.23;123802.23;1689.29
2819;405018.01;123805.93;1692.9
4797;405030.66;123807.26;1682.96
5115;405036.41;123809.81;1687.08
3265;405040.23;123819.84;1691.24
5720;405053.85;123831.66;1700.59
4006;405069.29;123841.65;1713.72
693;405072.3;123844.09;1717.49
6329;405071.79;123851.11;1719.39
842;405069.57;123854.93;1718.93
1270;405073.73;123852.1;1721.96
6075;405069.57;123854.93;1737.93
6972;405083.8;123850.82;1724.51
4717;405098.63;123844.69;1729.79
4241;405109.91;123827.59;1729.49
6802;405106.78;123827.43;1726.46
1914;405124.48;123813.36;1729.63
7426;405103.61;123821.27;1720.43
6092;405106.6;123829.6;1717.21
286;405106.65;123829.52;1706.43
3510;405104.23;123824.52;1719.58
4397;405115.1;123834.74;1709.35
4971;405112.18;123843.22;1705.54
794;405106.93;123842.62;1704.64
1250;405117.25;123830.53;1708.17
4627;405118.82;123833.63;1708.82
6759;405110.1;123846.82;1706.2
5540;405113.6;123846.27;1703.98
2935;405113.6;123846.27;1702.37
7241;405114.54;123844.7;1701.04
1365;405116.05;123844.6;1699.58
1096;405117.02;123843.81;1699.45
1550;405115.18;123841.28;1699.56
5294;405112.21;123840.02;1700.07
303;405113.53;123838.49;1697.4
4207;405114.53;123839.04;1692.07
2369;405112.75;123838.22;1691.93
6783;405116.62;123837.11;1689.11
6928;405117.43;123834.45;1688.97
3580;405126.07;123829.67;1688.62
3980;405128.94;123830.38;1688.67
4964;405134.01;123828.13;1688.48
239;405135.98;123829.73;1689.02
331;405137.76;123828.97;1689.33
6470;405141.3;123830.05;1687.98
5194;405144.0;123828.67;1686.16
1219;405146.2;123824.16;1682.77
4371;405146.38;123826.21;1680.85
5546;405144.13;123828.24;1680.85
2754;405142.85;123828.42;1679.6
4967;405140.98;123829.1;1678.91
1125;405137.61;123827.53;1677.71
4880;405136.43;123829.58;1677.83
2630;405133.8;123826.85;1675.46
5094;405128.0;123827.15;1672.38
6788;405122.85;123811.31;1665.65
4683;405120.32;123803.94;1658.38
7135;405115.85;123798.22;1652.07
4296;405141.78;123830.95;1687.9
1358;405141.78;123830.95;1693.01
5623;405146.06;123832.6;1692.2
5565;405152.11;123826.96;1687.04
355;405156.32;123823.55;1689.68
2203;405159.63;123822.47;1691.16
1257;405159.94;123824.05;1691.71
1526;405159.94;123824.05;1690.47
1670;405165.96;123824.15;1693.28
1809;405164.84;123824.0;1694.38
971;405168.56;123823.8;1694.05
1873;405168.56;123823.8;1698.35
1979;405162.9;123825.0;1704.34
1463;405160.4;123833.18;1706.0
1214;405155.91;123837.68;1703.43
3400;405156.04;123845.23;1701.96
7286;405154.69;123853.73;1698.31
685;405154.69;123853.73;1706.31
5590;405119.14;123825.83;1706.07
6749;405119.48;123821.93;1700.96
2370;405121.7;123813.37;1698.84
5041;405121.7;123813.37;1678.35
4558;405118.97;123807.77;1678.19
689;405118.12;123804.38;1665.13
4700;405115.89;123807.04;1653.02
4794;405116.7;123799.27;1650.78
5465;405116.57;123796.24;1647.52
5163;405118.02;123796.3;1647.85
5119;405116.14;123794.06;1647.07
2730;405116.14;123794.06;1592.17
1626;405116.67;123784.04;1601.2
6315;405111.19;123785.82;1594.56
4753;405109.21;123775.76;1613.57
5304;405120.8;123772.65;1613.57
1166;405106.05;123767.53;1617.69
1993;405104.86;123766.89;1614.92
980;405101.8;123765.34;1610.37
6797;405101.59;123761.37;1609.23
843;405100.69;123758.9;1610.75
6248;405097.79;123755.67;1610.52
2808;405098.62;123754.17;1608.75
6954;405096.7;123753.73;1607.16
295;405096.7;123753.73;1605.9
7088;405095.95;123754.15;1606.23
1534;405092.47;123748.58;1608.36
5935;405090.91;123751.0;1599.86
5881;405090.49;123751.36;1598.38
5523;405088.89;123742.13;1603.57
2124;405086.35;123740.89;1601.73
450;405089.35;123748.06;1594.92
5458;405087.37;123741.58;1590.52
538;405086.18;123753.02;1594.37
2987;405086.18;123753.02;1584.09
6462;405091.5;123756.34;1582.17
3840;405090.21;123756.27;1580.58
5558;405090.21;123756.27;1558.74
244;405090.21;123756.27;1542.31
6008;405083.79;123750.49;1543.37
1939;405085.05;123747.01;1540.68
144;405085.44;123745.95;1535.37
6175;405085.44;123745.95;1509.74
5953;405085.44;123745.95;1495.61
2737;405083.19;123742.22;1497.74
82;405081.91;123739.7;1496.24
2988;405081.91;123739.7;1490.46
248;405077.8;123735.87;1489.67
7093;405077.96;123732.89;1489.41
4984;405075.99;123732.85;1487.87
2318;405074.43;123730.14;1486.06
6484;405071.18;123725.99;1476.16
5996;405069.11;123724.13;1471.33
1013;405068.14;123722.73;1459.2
1033;405064.04;123721.24;1428.16
6825;405068.85;123707.25;1440.57
7043;405112.46;123782.67;1591.61
3942;405111.42;123781.88;1591.34
2428;405110.45;123767.99;1588.12
1646;405110.81;123764.56;1587.57
4707;405112.72;123759.84;1585.31
6676;405112.72;123759.84;1572.24
6016;405117.61;123749.8;1573.21
4318;405115.84;123744.93;1573.58
7550;405115.22;123743.02;1571.83
4377;405115.22;123743.02;1554.21
5180;405115.22;123743.02;1545.76
3779;405117.32;123742.21;1545.76
1029;405117.32;123742.21;1526.41
83;405117.32;123742.21;1497.81
2525;405121.52;123740.6;1526.41
1077;405140.22;123733.42;1508.37
3557;405135.95;123741.98;1502.29
3034;405128.95;123727.2;1514.62
5942;405138.9;123756.88;1494.16
4247;405152.57;123767.82;1489.67
1208;405141.28;123772.85;1482.54
3317;405153.13;123759.55;1496.45
3544;405163.55;123737.91;1508.02
1037;405164.35;123732.81;1508.81
1590;405164.33;123719.29;1510.57
2064;405173.95;123693.94;1519.53
581;405161.13;123680.06;1529.32
1110;405133.45;123690.18;1538.05
2792;405125.46;123697.15;1536.02
4176;405114.25;123688.71;1550.04
3693;405127.52;123713.7;1523.23
5443;405117.87;123685.01;1549.84
6377;405119.41;123675.28;1555.3
4093;405107.85;123659.36;1566.21
7000;405105.76;123658.6;1567.25
2738;405117.81;123656.69;1576.44
3114;405115.89;123741.96;1497.81
1608;405118.14;123737.51;1497.89
4998;405106.95;123749.08;1496.05
1332;405114.24;123731.68;1496.48
6787;405111.49;123728.83;1494.05
3431;405102.2;123714.26;1486.67
6093;405102.36;123724.29;1490.82
3071;405098.93;123728.99;1497.01
1502;405105.6;123743.47;1497.48
1733;405118.98;123833.34;1733.04
3060;405120.04;123830.44;1733.06
4076;405121.47;123814.15;1727.1
4822;405111.35;123849.08;1737.43
7160;405127.02;123817.85;1729.2
3610;405121.47;123814.15;1706.9
3133;405126.07;123811.28;1703.51
3794;405126.07;123811.28;1677.11
2568;405121.4;123807.36;1677.33
6754;405103.56;123863.13;1742.96
1746;405105.83;123873.8;1743.15
2740;405109.6;123880.89;1752.07
3720;405105.04;123878.29;1746.34
329;405099.15;123889.37;1748.78
6310;405101.23;123892.97;1750.05
5395;405109.46;123885.02;1753.33
605;405103.95;123900.86;1758.11
7034;405121.12;123874.14;1750.23
6765;405123.37;123868.29;1750.23
4454;405116.83;123871.92;1748.64
6143;405130.23;123864.48;1748.85
2631;405122.57;123863.22;1753.83
1055;405106.58;123903.88;1760.24
2615;405106.58;123903.88;1765.14
1584;405129.29;123816.65;1728.36
1350;405135.47;123814.64;1729.51
6937;405140.14;123810.13;1729.06
6024;405140.78;123804.06;1722.04
4489;405142.39;123804.88;1719.64
6380;405142.39;123804.88;1709.64
3567;405149.43;123798.97;1720.12
2328;405150.64;123798.21;1722.41
6981;405153.62;123797.53;1723.65
2142;405155.65;123795.76;1723.51
3598;405157.9;123794.3;1724.33
759;405160.38;123793.95;1725.34
5026;405161.9;123794.25;1725.31
1509;405163.97;123801.96;1725.59
6045;405162.37;123800.89;1726.49
593;405162.37;123800.89;1712.26
3849;405167.01;123796.25;1716.84
390;405160.79;123797.78;1712.56
5993;405158.91;123795.45;1710.47
2726;405154.53;123796.23;1704.11
7141;405150.55;123793.93;1700.25
2194;405154.53;123796.23;1689.64
3683;405153.79;123794.21;1689.15
3102;405153.79;123794.21;1685.48
492;405152.95;123791.45;1685.22
1421;405127.31;123817.88;1729.35
3419;405104.22;123824.51;1727.74
1177;405104.61;123824.08;1727.96
3272;405102.4;123818.65;1732.86
4670;405107.91;123814.62;1737.14
6111;405102.31;123814.52;1736.94
4466;405101.19;123814.38;1737.26
5022;405105.38;123820.81;1755.78
306;405099.22;123810.26;1735.03
3155;405099.22;123810.26;1725.22
3798;405094.89;123806.08;1726.17
6391;405093.29;123804.03;1725.12
3755;405095.56;123800.08;1715.35
1998;405094.6;123794.61;1710.85
3355;405086.88;123792.25;1715.51
4696;405085.4;123791.56;1715.62
3713;405084.48;123790.87;1716.11
5828;405088.69;123788.72;1716.61
4933;405091.12;123790.02;1721.01
4404;405094.91;123789.28;1722.12
433;405098.17;123790.94;1723.98
1702;405099.61;123790.69;1725.3
2271;405101.19;123790.02;1724.94
6455;405102.11;123789.79;1724.32
716;405103.21;123790.4;1723.19
2190;405106.39;123788.1;1723.74
6958;405105.35;123784.9;1728.03
4783;405103.83;123783.21;1726.32
6827;405102.95;123782.91;1726.01
7435;405104.69;123779.49;1726.62
6085;405102.47;123778.85;1725.78
4302;405105.05;123775.98;1725.71
6150;405102.97;123770.83;1724.83
2962;405103.02;123767.64;1722.52
4923;405103.02;123767.64;1718.67
6996;405100.33;123766.44;1716.96
4430;405100.33;123766.44;1712.36
35;405098.16;123766.47;1711.94
4441;405098.16;123766.47;1708.28
3439;405096.58;123764.95;1707.21
1104;405096.58;123764.95;1702.54
7518;405095.06;123764.11;1701.8
7087;405101.19;123814.38;1733.26
1761;405103.14;123825.79;1763.92
3425;405104.02;123825.05;1762.91
4342;405103.27;123827.06;1766.34
3384;405101.26;123830.13;1770.87
2486;405101.12;123825.96;1772.56
4425;405095.37;123826.85;1770.1
5103;405095.49;123826.52;1769.91
3948;405095.37;123826.85;1766.1
1098;405095.21;123828.58;1770.74
4952;405095.49;123826.52;1768.95
1679;405092.97;123825.94;1764.29
5960;405092.97;123825.94;1763.24
1515;405091.0;123826.51;1762.62
1338;405089.67;123824.1;1761.61
2281;405087.34;123823.85;1760.9
1708;405085.37;123823.43;1760.47
1718;405093.12;123830.45;1771.26
7177;405089.42;123831.16;1772.94
3298;405087.55;123835.15;1772.94
3900;405087.54;123835.14;1780.66
6889;405081.98;123836.3;1782.95
2673;405081.75;123837.88;1783.01
172;405080.75;123838.52;1783.42
1414;405079.91;123841.87;1786.76
6932;405073.83;123841.53;1786.45
6190;405072.32;123845.87;1787.35
755;405073.14;123847.5;1794.26
6575;405073.14;123847.49;1798.73
3293;405073.85;123849.77;1794.67
6890;405070.11;123848.96;1800.16
1329;405073.15;123849.02;1794.29
1735;405071.01;123853.18;1793.8
4488;405072.4;123856.12;1795.06
1699;405069.5;123856.06;1794.57
5723;405070.91;123855.51;1795.86
3737;405068.46;123858.08;1794.74
5580;405069.18;123860.65;1793.96
6243;405071.98;123855.4;1798.45
4444;405067.99;123858.72;1800.34
5728;405073.59;123838.67;1798.46
4941;405073.56;123838.65;1814.68
3491;405074.24;123837.77;1814.48
6043;405074.23;123837.75;1824.19
395;405079.13;123841.72;1828.01
7133;405079.12;123841.71;1836.42
4560;405079.73;123840.84;1836.89
6838;405082.0;123841.07;1839.83
1636;405080.76;123840.61;1843.08
3555;405079.83;123841.47;1843.17
5142;405079.82;123841.46;1850.07
4159;405078.59;123838.26;1847.77
2972;405071.21;123843.18;1848.55
3905;405070.51;123840.6;1849.17
7498;405070.51;123840.6;1850.27
4074;405069.21;123840.85;1849.99
1161;405069.21;123840.84;1851.71
1625;405067.09;123837.46;1854.4
6703;405021.56;123801.31;1689.29
6840;405030.81;123798.83;1659.81
5027;405035.07;123800.38;1631.17
4840;405038.71;123809.37;1626.65
3100;405040.73;123785.63;1618.39
2635;405038.71;123809.37;1654.34
4129;405039.83;123811.32;1657.95
6378;405047.26;123823.68;1675.14
5235;405048.42;123822.53;1675.48
7555;405031.41;123787.28;1617.64
3899;405028.35;123785.95;1614.79
7319;405029.91;123788.03;1613.4
6499;405031.35;123787.88;1611.56
4890;405031.77;123784.66;1610.63
5950;405031.77;123784.66;1606.42
7430;405034.26;123784.48;1606.59
1529;405035.28;123784.43;1605.93
1766;405035.28;123784.43;1600.91
7417;405028.33;123782.57;1598.15
2602;405032.97;123787.21;1595.22
2799;405033.32;123791.15;1590.5
5654;405036.88;123789.86;1587.32
7221;405035.32;123786.52;1582.93
7067;405036.87;123782.28;1577.55
661;405035.33;123779.62;1570.96
4184;405037.19;123777.55;1564.72
5956;405039.65;123773.61;1559.37
2058;405036.26;123771.32;1552.82
458;405035.68;123769.73;1551.35
6286;405036.72;123767.68;1549.12
3218;405031.96;123766.76;1546.97
1960;405031.01;123764.88;1545.26
1455;405033.45;123762.76;1542.91
2979;405035.88;123759.28;1542.01
546;405024.22;123777.01;1687.88
4765;405032.07;123775.73;1680.09
188;405043.03;123777.42;1680.02
4834;405028.41;123778.9;1679.88
6446;405024.95;123770.83;1683.32
6144;405044.18;123779.88;1679.73
7333;405024.9;123771.09;1694.1
5910;405022.99;123774.71;1708.12
6295;405019.71;123764.87;1711.18
5702;405021.83;123766.49;1700.91
5756;405018.95;123775.89;1713.34
1619;405020.83;123761.05;1721.59
6573;405021.83;123766.49;1676.51
271;405042.73;123776.47;1677.03
5757;405042.67;123783.11;1678.58
2661;405042.73;123776.47;1673.98
6619;404851.67;123791.07;1700.45
6188;404846.99;123789.54;1691.18
6238;404846.04;123790.2;1680.24
4199;404844.07;123790.55;1657.33
366;404842.08;123787.71;1655.33
4740;404836.43;123784.31;1630.69
379;404840.22;123778.47;1629.96
5297;404837.89;123778.47;1625.77
683;404837.89;123778.47;1601.97
1986;404839.26;123774.01;1600.17
3472;404833.69;123770.12;1593.38
7396;404771.31;123846.39;1697.05
6966;404769.7;123838.07;1702.35
1991;404765.36;123835.25;1701.16
4809;404758.72;123838.49;1692.35
7558;404758.79;123842.35;1687.75
7542;404758.79;123842.35;1674.75
6774;404757.43;123852.23;1701.92
1563;404757.69;123859.63;1701.92
3496;404751.48;123864.84;1707.59
5424;404746.87;123870.33;1714.28
