from_id;to_id
1;39698
1;17563
3;11479
3;49416
4;46033
4;26828
4;9920
6;10508
7;14789
7;37448
8;45966
8;34172
9;31483
9;51787
13;31534
13;56454
15;45241
15;31333
18;10259
18;1590
20;54574
20;23298
20;55270
25;25386
25;6961
37;43762
37;36913
41;46025
42;46051
42;25618
45;45114
45;33038
46;10020
46;16286
49;51164
49;45454
50;52219
50;22694
51;9191
51;50788
52;12793
52;33019
59;13851
59;31598
60;49390
60;55933
61;40080
61;13559
62;16712
62;48141
68;51712
68;42793
72;2538
72;46371
74;28528
74;32538
75;46157
75;44062
79;15953
79;10460
81;45239
81;57845
85;56736
85;52667
88;53628
88;42003
90;46557
90;12292
90;58760
93;11262
93;41947
94;47195
94;50906
95;3164
95;6996
100;28815
103;15923
103;11134
103;11517
104;161
104;7533
108;35154
108;48757
110;10375
112;8940
112;40789
113;29644
113;46792
115;32198
115;51755
116;28261
116;35276
120;20376
120;2055
124;20486
124;20863
125;22685
125;53358
126;19073
128;44778
128;22356
130;47536
133;14149
133;32554
134;3152
134;48437
135;4979
135;17572
136;49981
136;8155
138;44348
138;49819
140;39811
140;17031
140;15739
145;53290
145;42100
148;36388
148;58041
151;58510
151;26374
161;25433
161;50014
161;42820
162;57181
162;32259
165;30529
165;14416
166;42942
166;39689
168;11063
168;21812
173;9997
173;36068
174;55363
174;47994
176;50686
176;46709
176;44601
178;18679
178;50604
183;9811
183;12032
183;30898
183;20313
184;46313
184;4793
185;33362
185;8539
192;42756
195;38447
200;53109
200;32211
204;3294
204;3501
205;51269
214;2315
214;40796
215;30845
215;47783
215;27810
216;27715
220;8800
220;6857
221;44735
221;6130
222;39230
222;52262
227;18991
227;40291
230;34269
230;40887
232;46280
232;34434
236;24437
236;54604
237;15506
237;28564
238;23527
238;44747
239;44167
239;43123
239;18489
247;53013
247;29602
247;44604
249;28312
249;26199
252;43114
252;15340
258;54027
258;47201
260;34103
260;5220
261;41006
261;19606
262;44558
262;39333
265;37410
267;45138
267;5323
268;22194
268;21991
271;13904
271;3808
280;18961
280;46515
286;26667
286;36041
291;47491
291;56212
296;5750
296;8957
297;38753
297;5211
299;36897
299;32201
302;54441
302;14788
307;46774
307;55881
314;25715
314;35283
318;55244
318;37844
319;5658
319;36024
332;57460
332;20241
332;6202
333;25167
333;35072
335;19922
335;42189
335;9061
339;45072
339;40056
344;37928
344;11420
345;17769
345;23407
349;43752
349;12242
356;4106
358;30980
358;42402
373;25628
373;2943
375;42853
375;47414
380;49316
380;21133
386;8248
386;13181
388;18758
388;32719
391;18715
393;33376
405;34332
405;54234
406;10427
408;51108
408;1169
409;3316
409;19051
412;31040
412;32130
414;48415
414;53545
415;58463
415;32395
415;27845
418;27477
418;53779
419;50184
419;20618
423;8522
423;11942
425;9922
425;17653
429;58587
429;21046
433;56080
433;10911
438;9311
438;24876
439;15221
439;5572
441;21739
441;5413
445;27072
445;28768
445;4037
450;36236
456;54152
456;21971
456;6069
457;13829
457;23992
465;55439
465;22145
468;37359
468;46143
468;21102
468;34103
471;58566
471;22343
474;27130
474;32570
479;36612
479;29936
483;14185
483;21607
485;6711
485;47465
486;19118
486;38019
486;41700
487;58721
488;4383
488;28234
489;24647
489;15926
491;14150
491;18204
497;21644
497;20907
498;22535
498;18930
503;16237
503;8081
504;35654
504;4157
506;53671
506;11393
506;2041
510;51974
510;46929
512;9856
512;19393
513;53236
513;36152
515;5918
517;39821
517;44510
519;55260
519;29617
522;42400
522;15556
523;38492
523;24989
524;30645
524;26460
527;5532
527;826
528;37848
528;9366
529;25764
529;36078
530;16640
534;53786
534;38885
534;38855
536;17711
536;30972
537;25089
537;36546
540;37940
540;20983
541;28915
541;17935
549;37593
549;37608
550;29646
550;46169
555;44265
555;18098
559;8353
559;4164
561;38802
561;31534
574;33224
574;11510
579;38248
579;44090
580;48037
580;34531
581;31929
587;36236
587;56466
595;4226
595;8708
601;46853
601;30616
609;40386
609;49964
610;39551
610;18628
610;13592
612;48879
612;6649
612;14487
618;55970
618;39901
618;32563
618;1722
620;16742
620;56671
621;643
622;35889
622;41630
626;53764
631;30616
631;1394
632;12516
632;21318
635;46001
636;50548
636;15513
636;49784
638;23818
638;24248
640;1329
640;52012
641;35334
641;23888
641;29253
642;45897
642;4206
643;23313
643;11296
663;18295
663;5912
670;41850
670;2891
673;47705
673;19169
677;4240
679;25830
679;39224
682;53415
686;27469
686;12846
686;14419
690;14226
690;54164
691;1922
692;15766
692;5875
693;38515
693;10767
693;50975
695;23600
695;25239
697;19938
697;10996
702;15160
702;17286
703;48705
703;38375
704;54842
704;12301
706;7772
706;25418
707;19165
707;10259
707;46630
710;51714
710;41121
711;31538
711;1340
715;12087
715;7470
716;52195
716;51716
717;10511
717;48913
719;31764
719;22117
722;25371
722;45164
723;43020
724;43932
736;58899
736;35504
738;11768
738;42054
742;11132
742;10364
744;7266
744;24992
745;56733
745;39822
745;35795
747;42737
747;23336
751;29206
751;15588
753;50606
753;12401
755;17074
755;27516
756;18846
756;21493
757;37927
757;2061
759;45836
759;16482
760;16345
760;13424
761;14531
761;52951
768;14684
768;16199
769;40147
769;22562
770;48933
770;37418
771;28670
771;36463
771;8903
771;18307
771;49923
771;18426
774;56252
774;33215
775;11464
775;2526
777;26236
777;56469
779;43877
779;40882
782;5510
782;18829
783;5645
783;24651
785;56132
785;22080
787;48283
787;58004
788;17247
788;27091
791;35036
791;1445
791;7218
794;2034
794;33144
794;50207
796;2547
796;16648
796;5693
801;18102
801;20457
803;26713
803;24607
803;3607
805;1616
805;54376
807;34416
807;24216
808;44198
808;29825
809;16291
809;12065
810;50612
810;42726
811;18025
811;10427
813;16957
813;1736
813;5548
821;22668
826;10940
828;26540
828;26798
828;1655
831;41504
831;37325
832;38610
832;51514
833;37464
833;42927
834;56661
834;56209
834;34303
836;39292
836;883
840;35144
840;26254
841;26591
841;52010
847;25871
847;18783
848;37781
848;49152
850;6101
850;48460
858;19684
859;9268
859;7775
860;10252
860;22565
864;46990
864;50396
867;40753
867;58596
870;18956
870;50039
872;42724
872;51998
876;28894
876;41057
878;36933
878;53136
879;50891
879;46114
881;4485
881;48561
883;14123
892;1840
892;58263
893;50801
893;33548
896;26549
896;16127
905;34218
905;27409
905;17602
906;53754
906;58520
907;16785
907;14727
907;51618
907;23005
911;12782
911;2075
917;52807
918;50769
918;24335
920;31007
925;8170
925;17650
927;38166
927;55497
928;26042
928;27331
932;55518
932;11722
934;57810
934;14703
939;10095
939;29363
941;41339
941;51792
948;56159
948;49928
950;27732
950;10982
952;49336
952;47196
952;4490
953;24508
953;23799
957;39595
957;29413
958;3458
958;53903
960;16117
960;45222
961;51395
961;31695
962;44523
962;20255
963;15585
966;37128
966;15255
969;14733
969;52512
970;42029
970;54451
972;40024
973;14180
973;7458
974;10476
981;25689
981;9675
982;18835
982;28769
982;8936
983;40255
983;7293
984;9138
984;36062
985;49562
985;13319
986;18634
986;19932
987;36145
987;53341
999;23622
999;2167
1000;47331
1000;40124
1002;33495
1002;38613
1003;49233
1003;24133
1003;7250
1005;57941
1005;13441
1006;46130
1006;26419
1016;29735
1016;44477
1018;38981
1018;45085
1018;28566
1023;47986
1025;50597
1025;23209
1026;25586
1026;28448
1028;10771
1030;23202
1030;42688
1037;4815
1039;48686
1039;58292
1050;34771
1050;56730
1053;12292
1053;56741
1055;38703
1055;17661
1063;2034
1063;35896
1063;51279
1064;10522
1064;30516
1068;45386
1068;16773
1070;29462
1070;25586
1071;5693
1071;32198
1072;32298
1072;52974
1073;11349
1073;34734
1074;31643
1074;36331
1084;34737
1085;17760
1085;9092
1086;25723
1086;35996
1086;41148
1090;4215
1090;34495
1097;55041
1097;30789
1098;46140
1098;35629
1100;20263
1100;48719
1100;24511
1101;11681
1101;47914
1101;17459
1102;32759
1102;20377
1114;39219
1114;41518
1119;10031
1119;57397
1119;58024
1120;32132
1120;33563
1121;11468
1121;23845
1122;41453
1123;28228
1123;27904
1125;4722
1125;58145
1127;12515
1127;32350
1127;8801
1128;55062
1128;33949
1133;28136
1136;51381
1136;43536
1140;49176
1140;22472
1142;56441
1142;51026
1145;17714
1145;58459
1146;34349
1146;31329
1147;14345
1147;33493
1150;30789
1150;11699
1154;13421
1154;7089
1156;53299
1157;25247
1157;41872
1157;29948
1158;21935
1158;6668
1166;38835
1166;33768
1166;24319
1166;36360
1169;55231
1175;33340
1175;5369
1175;44934
1183;48755
1183;16182
1183;41560
1187;30500
1187;4860
1190;28487
1190;1946
1191;6757
1191;40915
1194;51220
1194;10923
1196;5786
1201;26787
1201;34124
1201;32795
1202;33132
1202;54785
1203;52750
1203;28894
1204;47526
1204;12837
1206;37616
1206;7757
1208;24341
1208;21332
1210;57081
1210;56292
1213;44259
1213;42832
1214;17718
1214;5849
1214;10374
1216;58785
1216;17370
1224;7963
1224;50774
1226;40330
1226;16113
1229;26462
1229;1788
1233;58763
1233;33581
1237;18757
1237;55469
1240;43736
1240;13823
1241;50879
1241;39779
1242;23630
1242;21123
1244;13724
1244;26153
1245;27437
1245;56257
1250;33672
1250;4074
1254;10785
1259;16210
1259;5661
1262;58479
1262;22397
1263;46072
1263;21725
1266;4604
1266;22732
1268;9311
1268;3586
1269;38779
1275;20669
1275;33384
1279;27279
1279;25259
1281;42006
1281;52820
1282;50986
1282;14243
1284;48304
1284;27327
1292;12808
1292;50701
1293;57242
1293;19024
1302;32259
1302;19965
1302;26077
1305;56972
1305;20423
1312;56534
1312;53246
1312;37579
1314;26875
1314;44925
1315;3458
1319;27875
1319;32199
1319;54521
1320;21011
1320;11509
1323;42476
1323;46106
1323;12728
1324;19492
1324;52068
1329;42798
1329;24264
1332;33597
1332;16213
1333;50434
1333;40422
1335;33384
1335;21739
1336;28958
1336;52682
1338;1642
1338;10686
1339;24550
1339;32373
1339;35345
1340;50295
1341;37029
1341;43224
1342;10932
1342;17570
1348;4508
1348;54032
1353;10200
1353;47763
1364;40504
1364;35144
1365;1489
1365;26028
1366;48546
1366;8998
1367;46305
1367;36199
1368;10810
1368;16266
1369;15176
1369;17822
1369;21750
1370;8577
1370;14238
1372;48511
1372;54101
1374;10255
1374;41776
1375;30959
1375;14139
1377;58478
1377;55383
1380;44258
1380;18146
1381;25470
1381;52281
1383;35504
1383;1678
1387;45384
1387;26619
1394;14448
1406;46583
1406;7801
1407;5901
1407;40349
1409;12769
1409;22918
1410;47063
1410;48183
1411;1550
1411;54161
1412;18594
1412;52062
1413;22964
1413;2798
1417;37330
1417;58226
1420;22765
1420;13370
1422;37330
1422;50836
1424;43499
1424;9437
1425;3234
1426;15884
1426;29917
1427;46905
1427;8412
1427;25956
1429;45194
1429;28119
1430;42711
1430;19492
1430;43550
1436;26393
1436;34843
1442;14856
1445;11351
1447;45420
1447;41685
1449;54249
1449;52516
1450;39671
1450;43782
1454;22978
1454;12222
1458;18293
1458;43213
1461;5130
1461;44539
1462;13266
1462;34657
1463;16582
1465;51351
1465;3975
1465;17997
1466;32211
1466;39347
1466;14940
1468;52449
1468;20237
1469;50295
1469;26958
1471;36373
1471;49142
1476;26409
1476;27812
1481;50238
1481;18885
1482;54492
1482;27875
1482;21981
1487;10449
1487;33832
1488;49069
1488;43341
1489;28194
1493;46187
1493;42411
1496;15782
1496;23222
1499;13295
1499;53390
1501;41591
1501;13489
1501;48716
1501;18201
1502;15802
1502;40731
1504;7732
1504;2886
1523;16281
1523;48988
1523;54516
1524;28133
1524;8034
1527;44096
1527;25353
1528;40772
1528;31688
1529;34868
1529;19616
1531;43392
1531;34310
1533;7436
1533;9856
1536;26194
1536;14534
1537;49090
1537;57684
1544;32196
1544;33006
1546;36806
1546;28099
1549;41187
1549;37643
1550;45998
1551;57474
1551;58505
1552;2523
1552;53705
1556;18695
1556;2549
1559;19131
1559;44195
1562;12639
1562;46461
1563;24778
1564;41710
1564;30078
1566;45750
1566;20450
1566;1980
1567;6459
1567;32251
1570;19951
1570;37548
1572;33932
1572;29620
1573;44629
1573;58368
1575;58782
1577;9688
1577;16797
1578;16997
1582;38610
1582;15313
1584;51495
1584;9595
1588;35396
1588;25118
1591;58006
1591;12734
1594;18982
1594;47412
1595;29512
1597;40984
1597;11702
1599;6558
1599;46777
1599;24250
1599;20154
1602;3041
1602;3683
1602;54334
1604;43006
1605;36461
1605;7779
1606;57026
1606;28388
1608;51646
1608;47492
1609;20264
1609;4519
1611;30940
1611;4850
1615;55527
1615;9125
1616;14121
1616;37328
1616;48885
1619;8300
1619;5525
1621;3374
1621;20866
1628;18877
1628;13439
1631;57283
1631;25195
1632;3282
1633;4887
1633;1775
1638;37782
1640;48552
1640;15953
1641;28797
1641;37988
1642;50040
1644;21522
1644;14736
1644;49348
1645;26168
1645;54025
1649;4491
1649;12450
1651;20188
1651;22683
1655;3542
1664;44087
1664;20140
1665;51126
1665;27744
1668;56080
1668;20829
1668;55887
1669;56789
1669;18139
1671;32923
1671;28517
1675;14219
1675;52730
1675;54837
1678;33079
1679;24525
1679;22446
1685;31857
1685;7044
1685;36164
1685;19682
1686;15641
1686;13876
1687;14522
1687;29330
1690;47359
1690;14554
1691;4018
1691;18745
1697;28096
1697;30097
1698;7973
1698;53824
1698;15145
1699;49502
1699;12477
1701;43316
1701;24527
1702;37499
1702;25188
1708;28079
1708;17109
1712;7511
1712;36958
1714;19971
1714;51053
1716;46880
1716;17166
1718;28906
1718;19979
1725;20450
1725;23262
1730;17623
1730;32757
1732;57703
1732;3303
1733;42927
1733;56203
1736;14385
1739;37621
1748;10271
1748;3571
1750;10209
1750;34928
1753;51275
1754;18708
1754;47659
1754;26957
1755;4422
1755;46673
1756;25187
1756;36377
1758;37945
1758;24829
1759;31653
1763;9175
1763;27364
1763;52123
1764;17844
1764;21639
1769;41290
1769;40905
1770;30711
1771;56312
1771;14749
1773;39358
1773;5907
1779;27115
1779;38216
1780;30141
1780;56398
1780;27304
1781;48183
1781;58101
1786;22796
1786;40550
1788;32201
1789;5631
1789;9811
1793;29665
1793;14145
1794;58174
1794;43665
1797;12905
1797;29130
1800;56900
1800;52219
1802;3713
1802;29271
1806;39651
1806;45587
1809;6202
1809;53960
1809;46851
1811;32199
1811;7642
1814;37607
1814;34018
1817;48668
1817;47747
1819;14590
1819;49028
1820;5357
1820;56054
1821;6815
1821;49094
1821;58592
1829;3053
1829;39825
1832;46219
1832;32157
1833;14058
1833;52804
1835;59006
1835;29212
1835;56562
1836;12264
1836;45056
1837;51462
1837;29060
1838;32419
1838;21462
1840;25574
1842;23603
1842;19241
1843;3916
1843;56622
1843;28780
1850;34615
1850;18530
1853;29527
1853;47103
1854;9956
1865;46219
1865;15991
1865;42483
1866;53810
1866;10418
1867;14356
1869;46391
1869;25913
1878;22988
1878;13141
1882;6533
1882;22807
1889;47100
1889;26147
1889;43316
1891;41334
1891;58686
1892;31180
1892;18256
1896;37488
1898;51902
1898;54117
1908;41885
1908;53499
1908;7471
1909;35538
1909;15448
1912;16267
1913;25221
1913;20322
1915;19077
1915;56422
1921;43600
1921;3837
1922;31790
1922;28927
1922;15121
1922;38679
1922;14600
1922;20712
1927;45781
1929;23791
1929;7874
1932;15967
1934;21527
1934;49638
1935;53262
1935;17733
1938;25715
1940;47567
1940;30723
1942;21583
1942;36763
1943;47331
1943;50768
1946;22065
1946;35579
1947;44390
1947;37515
1947;53070
1947;43125
1954;55013
1962;10095
1962;41669
1965;20160
1965;38123
1967;10372
1967;9997
1970;59004
1970;51674
1971;36142
1971;20020
1972;50513
1972;8341
1976;44391
1976;36863
1980;18443
1986;14067
1986;25037
1989;15685
1989;13331
1995;28010
1997;53465
1997;36936
2007;57472
2007;30787
2008;37283
2008;53680
2009;19199
2009;21108
2010;8486
2010;20239
2017;51323
2017;13475
2018;37357
2018;38003
2020;36170
2023;30003
2023;47334
2025;55799
2025;11585
2026;3176
2026;40512
2028;18885
2029;6585
2029;41632
2034;40920
2034;32440
2035;43436
2035;37191
2037;9061
2037;57866
2037;19146
2041;37542
2042;6129
2042;20672
2043;57211
2043;28671
2049;54568
2049;33769
2049;30893
2049;50130
2050;2216
2050;40358
2052;31408
2052;24078
2054;51646
2054;10614
2054;5301
2060;16068
2060;37332
2060;26003
2060;22288
2061;50447
2068;48844
2068;47119
2075;5843
2079;47148
2079;22886
2085;37874
2085;44829
2085;20820
2086;2368
2086;4200
2087;47013
2087;39291
2090;21730
2090;30334
2090;17804
2092;46710
2092;10302
2092;18453
2095;25401
2095;43682
2100;12843
2100;24925
2100;55131
2104;42025
2104;30053
2104;44198
2108;32904
2108;37046
2111;21218
2111;5088
2112;40385
2112;2777
2113;8949
2113;54968
2114;42203
2114;3457
2115;24651
2115;26305
2116;37699
2121;21221
2121;20479
2122;48750
2122;25816
2123;18563
2123;23083
2125;5993
2129;18089
2129;23431
2130;6396
2130;42379
2136;37623
2136;35704
2138;3446
2138;46479
2140;13153
2140;24689
2141;40446
2141;24008
2142;35390
2142;56779
2149;18238
2149;14619
2151;38785
2151;26646
2152;47688
2152;11870
2152;38562
2156;29803
2156;8101
2161;2750
2161;28912
2163;4850
2163;52910
2163;2638
2166;21619
2167;41569
2169;49037
2169;12727
2169;54514
2170;11314
2170;43671
2171;42011
2171;30835
2173;33650
2173;25979
2177;30005
2177;41998
2178;8426
2178;33502
2180;26467
2190;22873
2195;7603
2195;42641
2196;21936
2196;22899
2197;42966
2197;25521
2198;40419
2202;38721
2202;53634
2203;46746
2203;40105
2207;23978
2207;42772
2210;18448
2215;30393
2216;30969
2217;27558
2217;35913
2218;53186
2218;2458
2219;14981
2219;29353
2221;41105
2223;11463
2223;5532
2224;4756
2224;10484
2225;41918
2225;31323
2230;37498
2230;31747
2231;2860
2231;9211
2232;42225
2232;53072
2233;17668
2233;18897
2236;44478
2236;22118
2241;31196
2241;20469
2242;38146
2242;8940
2243;48722
2243;28363
2244;26516
2244;42192
2245;13856
2245;35138
2246;58102
2247;43536
2247;34003
2248;35519
2248;40999
2252;14512
2252;19279
2254;31693
2254;7796
2255;57754
2255;17971
2258;24115
2258;33591
2261;28664
2261;6241
2269;17847
2269;16968
2273;15889
2273;29024
2277;32585
2277;23629
2278;25103
2278;22857
2283;28702
2283;21093
2287;47808
2287;24482
2288;8057
2291;41735
2291;47285
2292;7570
2292;55110
2295;41510
2295;22774
2296;53243
2296;45322
2298;44615
2298;23389
2303;8350
2303;5249
2304;47263
2304;32743
2306;20199
2306;8816
2313;37988
2313;32721
2313;54409
2315;29406
2315;35216
2315;30305
2315;47823
2318;53633
2318;2402
2320;17655
2320;53491
2321;34683
2321;39179
2322;57346
2322;37612
2324;51971
2326;31789
2326;3468
2327;51735
2327;51113
2330;47964
2330;46361
2331;20011
2331;47284
2332;27746
2332;26713
2337;43391
2337;16809
2337;43974
2339;42425
2339;25271
2340;37325
2340;53834
2344;41917
2344;13580
2349;4641
2349;7644
2351;55919
2351;47812
2351;24308
2351;16052
2356;47038
2357;42948
2357;2615
2359;31608
2359;47792
2359;29514
2360;49528
2360;29861
2360;8900
2362;39899
2362;34159
2364;45944
2364;11381
2368;4602
2371;11852
2371;36699
2374;47531
2374;37005
2375;8202
2377;49303
2377;56409
2379;24626
2379;15394
2383;7729
2383;24750
2385;46023
2385;28490
2387;47341
2387;31439
2388;51178
2388;40005
2395;29515
2395;31383
2398;24444
2398;51341
2400;23047
2400;7004
2400;2920
2402;12977
2402;14180
2403;41092
2403;27430
2405;33529
2405;24525
2413;36804
2413;36593
2419;52878
2419;20513
2420;40873
2422;57508
2422;7948
2428;49797
2428;22816
2430;57888
2430;54891
2433;14550
2433;12570
2435;25490
2435;27826
2437;39592
2437;9181
2439;44003
2439;46244
2449;4882
2449;39534
2455;48929
2455;35986
2455;50759
2456;39313
2456;12884
2458;23923
2460;23556
2460;54364
2461;27405
2461;37544
2468;28484
2468;4126
2468;35378
2468;19274
2471;34971
2471;54500
2471;15587
2473;43232
2473;39292
2474;11802
2479;23204
2480;32391
2480;53838
2485;56421
2485;36388
2487;51813
2487;28431
2491;31482
2491;31764
2494;10258
2494;15670
2497;34767
2497;21548
2499;7918
2499;3265
2500;58345
2500;52248
2501;23779
2501;43842
2504;51013
2504;51597
2506;34921
2507;38703
2507;9030
2511;27655
2511;7214
2515;10098
2515;49169
2517;10702
2517;14313
2519;40111
2519;39082
2523;24367
2525;54161
2526;18687
2531;14872
2531;34721
2534;28399
2534;40333
2536;24954
2536;43572
2538;31660
2539;14462
2539;53737
2544;25452
2544;18254
2547;8300
2549;25042
2554;32461
2554;5624
2568;9976
2568;37911
2570;26524
2570;13703
2578;49123
2578;16388
2581;44166
2581;14921
2583;41682
2583;28091
2587;10063
2587;3622
2588;53964
2588;51074
2595;41998
2600;39242
2600;16972
2600;5974
2605;40568
2605;12491
2606;12028
2607;57887
2607;31834
2615;26632
2615;20830
2617;33932
2617;30700
2618;55454
2618;34070
2622;41776
2622;17340
2628;54642
2628;42562
2628;34211
2629;38544
2629;11617
2631;29279
2632;43954
2632;18619
2639;51986
2639;7498
2643;10520
2644;55952
2644;24387
2644;15219
2646;58813
2646;45384
2647;51109
2647;30612
2650;4064
2650;33449
2653;6415
2653;42747
2654;37369
2654;46955
2657;37752
2657;37074
2661;55840
2661;37553
2662;43385
2662;14913
2664;25320
2664;58472
2664;25347
2666;15703
2670;9156
2670;51058
2672;14339
2672;37176
2672;14651
2672;39457
2673;48355
2673;26838
2674;32065
2674;17535
2675;56970
2675;32410
2678;50381
2678;11477
2680;31963
2680;3420
2683;8408
2684;6708
2684;39580
2685;47638
2685;10997
2685;14873
2685;57357
2687;28072
2687;47785
2687;14803
2689;15430
2689;48652
2690;44675
2691;31510
2691;47671
2696;28059
2698;31031
2698;23122
2702;48377
2708;41774
2708;27148
2709;40990
2709;52695
2715;30961
2715;49811
2717;41585
2717;51537
2721;25866
2721;8469
2724;10355
2724;30467
2727;12383
2727;36557
2732;20248
2732;19673
2735;23741
2735;15034
2736;55819
2738;48703
2738;37152
2743;13809
2743;9476
2745;25211
2745;28599
2750;2831
2750;3316
2750;44360
2754;29775
2754;51001
2756;36139
2756;32545
2757;40894
2757;50773
2763;32140
2763;58542
2765;50937
2765;58778
2767;52910
2767;33131
2768;54868
2768;7945
2770;47762
2770;44437
2773;49800
2773;12407
2774;4223
2774;56870
2775;36277
2775;35944
2776;38991
2777;50506
2777;57561
2785;38057
2785;43080
2787;31441
2787;25288
2792;24147
2792;35970
2795;47216
2795;9438
2795;43724
2798;12246
2804;31672
2804;10886
2804;37940
2809;57230
2809;3447
2810;12055
2810;33763
2812;12059
2812;6452
2812;36669
2813;34207
2813;51275
2813;4962
2813;50504
2813;29223
2813;33628
2813;41306
2813;33220
2814;5511
2814;53915
2821;55108
2821;25781
2821;39304
2825;48232
2825;57409
2826;16852
2829;45341
2829;20488
2829;27947
2831;4390
2831;58701
2831;6396
2840;14640
2840;37983
2841;14743
2841;47446
2843;29037
2843;30840
2846;35376
2846;51644
2849;31869
2849;37429
2850;52126
2850;49138
2851;24269
2851;5078
2852;22075
2852;5134
2853;41026
2853;32250
2854;38365
2854;17959
2857;33524
2857;12840
2860;48696
2863;17542
2864;14824
2864;6585
2876;6241
2876;40453
2880;7020
2880;51773
2884;7531
2884;52107
2886;9950
2887;33902
2887;52864
2891;30291
2893;36024
2893;21252
2894;6645
2894;27290
2895;52206
2895;5182
2902;44995
2902;39996
2903;22807
2904;29541
2904;29374
2904;53725
2905;52195
2905;37813
2905;12315
2907;25685
2907;57377
2907;55908
2914;28805
2914;6616
2919;41798
2919;15335
2924;23183
2924;8786
2926;48907
2926;35343
2927;7667
2927;34344
2931;32515
2931;55426
2938;52552
2938;29527
2939;19331
2939;32496
2940;24211
2940;53436
2943;40257
2944;31169
2947;42198
2947;13257
2951;52269
2951;52213
2952;30981
2952;54196
2956;22390
2956;25414
2957;15800
2957;44297
2957;8040
2959;20568
2959;9956
2961;28052
2962;57560
2962;16091
2962;12415
2962;54868
2966;5488
2967;15771
2967;11050
2970;24207
2970;35188
2971;5416
2971;9475
2973;37920
2973;43899
2976;44209
2977;56968
2977;4536
2978;31136
2981;28905
2981;22244
2985;5431
2985;34683
2986;33182
2986;41382
2991;7268
2991;45469
2991;9872
2991;37586
2992;11228
2992;30301
2993;34132
2993;12936
2995;28557
2995;48417
2996;56849
2996;49463
2999;31482
2999;55580
3000;8729
3000;54954
3000;40848
3001;42918
3001;47230
3005;50167
3005;26832
3010;20619
3010;18573
3020;21738
3020;49559
3021;28819
3021;19289
3025;37762
3031;50743
3031;20277
3036;40422
3036;48554
3041;40057
3046;42077
3046;51647
3049;55387
3049;10810
3050;41687
3050;46130
3051;49211
3051;58202
3051;8524
3052;16565
3052;41956
3053;25582
3064;12507
3064;17333
3066;16207
3066;12117
3071;46028
3071;30466
3072;41587
3072;51556
3073;46014
3079;22333
3079;12610
3084;9295
3085;10274
3085;12138
3086;58201
3086;13255
3087;6526
3087;22309
3087;5087
3090;9068
3090;38164
3091;30171
3091;49107
3093;47442
3093;6602
3095;13007
3095;33583
3096;5369
3096;30436
3099;17606
3099;35446
3099;21267
3099;21449
3101;17758
3101;44258
3102;51658
3102;53803
3106;50350
3106;42238
3107;8453
3109;9717
3109;6209
3109;42761
3118;23400
3118;38009
3119;39684
3119;31437
3119;26513
3123;36995
3123;42116
3124;6549
3124;25086
3125;26835
3125;45905
3126;6143
3126;49613
3131;26942
3131;44551
3131;38297
3133;26308
3133;26660
3136;38044
3136;49959
3136;49609
3143;19515
3143;50932
3146;33102
3146;14090
3147;5111
3147;41312
3152;3931
3152;51228
3160;58941
3163;51118
3163;25851
3164;29377
3166;26958
3166;50530
3168;15775
3168;17228
3169;5902
3169;27995
3175;46149
3176;54437
3187;3282
3189;25369
3197;25653
3197;52604
3198;39350
3201;24814
3203;44634
3203;12690
3206;27884
3207;10475
3207;12386
3208;19622
3208;38365
3211;33720
3211;23379
3211;54122
3213;24088
3217;7660
3217;53760
3227;38712
3227;57476
3230;53281
3230;44846
3234;48489
3235;20480
3237;25565
3237;58983
3241;13189
3241;55775
3243;3528
3243;41210
3249;27109
3249;29017
3249;48552
3250;54163
3250;49426
3251;14426
3251;22962
3252;54259
3252;4319
3252;51274
3257;5774
3262;57616
3262;51975
3263;13639
3263;18476
3265;29682
3267;51618
3267;50392
3270;35622
3274;41820
3274;50507
3274;57858
3276;21493
3276;13199
3282;27534
3287;58892
3287;23777
3287;41020
3287;51035
3293;46951
3293;36405
3294;10930
3294;26340
3295;40934
3298;6990
3298;21734
3303;56978
3307;14045
3307;58744
3310;43076
3310;41202
3311;10190
3311;37446
3317;16464
3317;40600
3322;42560
3322;57007
3324;12769
3324;48024
3326;41023
3341;30073
3343;53241
3343;43529
3348;7784
3348;11393
3348;12626
3357;27369
3357;8267
3358;31633
3358;6453
3358;54646
3359;4753
3359;56863
3360;16014
3360;43892
3362;21862
3362;34113
3364;45906
3364;47292
3368;5118
3368;31114
3368;42365
3372;41316
3373;43651
3374;55978
3374;12402
3374;54666
3374;43501
3378;6907
3378;12558
3379;7691
3379;38616
3381;30238
3381;57023
3381;48205
3381;33527
3384;26314
3384;50963
3384;32879
3385;18915
3387;3754
3387;44434
3389;33905
3389;50233
3391;24463
3391;41350
3396;27922
3396;48786
3405;30281
3407;32725
3407;5839
3408;52875
3408;5345
3410;48763
3410;20956
3411;49953
3411;31467
3413;47811
3418;4558
3418;38625
3419;16546
3419;26005
3420;44760
3426;11942
3426;8820
3432;17069
3432;13245
3435;11641
3435;39782
3435;23717
3437;46315
3437;40488
3438;7948
3441;34447
3441;32565
3444;5852
3444;40966
3446;20752
3447;29218
3448;24636
3448;14354
3449;31790
3450;15116
3450;48279
3454;51793
3454;21437
3454;41114
3456;9961
3456;55425
3457;19091
3458;39439
3462;46704
3462;23779
3463;52504
3463;22485
3469;10055
3469;21365
3477;39053
3477;27010
3477;43687
3479;21313
3479;54975
3483;15510
3483;22538
3484;8761
3484;25135
3485;7796
3485;33554
3486;32344
3486;56504
3489;6050
3489;53140
3493;27845
3493;18348
3494;55808
3494;33832
3498;24918
3499;18213
3499;31149
3504;25878
3504;37634
3506;39291
3506;34970
3514;5253
3514;38377
3515;46368
3516;51690
3516;57305
3519;30200
3519;26615
3522;35304
3522;49056
3522;16979
3523;45501
3523;51602
3527;29003
3528;30722
3528;48056
3528;28116
3530;41626
3530;39268
3542;50836
3544;16601
3544;26894
3547;55203
3547;35772
3551;26912
3551;17514
3560;56086
3563;35511
3565;23853
3565;44536
3568;6627
3568;14263
3568;25062
3570;44290
3570;27374
3571;14134
3577;13461
3577;30606
3583;54495
3583;17712
3583;56731
3584;17304
3584;58933
3585;48142
3585;23397
3586;21422
3596;23294
3596;43400
3596;15793
3599;33716
3599;35110
3606;47040
3606;23718
3607;48189
3607;11825
3608;14021
3608;15428
3608;23958
3610;4560
3610;41817
3610;17079
3615;23573
3615;38440
3618;21482
3618;10182
3618;21925
3619;45788
3619;22622
3620;6228
3620;37442
3622;30004
3629;12190
3629;34869
3633;45410
3633;46061
3635;58398
3635;9468
3635;37043
3636;23455
3636;25659
3643;11585
3643;53068
3644;43101
3644;38090
3645;57321
3645;6621
3646;23111
3646;23496
3647;30454
3647;57189
3650;47087
3650;54644
3651;53597
3651;18870
3669;5800
3669;29134
3678;14076
3679;5208
3679;8228
3680;23705
3680;20284
3684;14932
3685;30077
3685;13699
3688;15785
3688;47606
3691;44565
3691;52791
3693;7563
3693;48276
3700;49868
3700;15137
3701;27823
3701;18275
3703;30390
3703;22163
3708;18477
3708;27427
3711;9849
3711;31458
3713;5156
3713;34765
3716;53337
3716;53910
3719;29825
3719;23482
3721;26552
3721;58139
3725;10154
3725;24679
3726;21579
3726;23684
3727;23519
3727;50176
3734;35978
3734;53310
3735;35726
3739;55700
3739;38078
3746;30538
3746;6950
3754;4488
3756;47121
3756;27029
3757;42455
3757;23370
3757;13364
3757;44558
3758;12936
3758;10219
3758;5543
3759;48034
3759;11195
3762;6792
3762;20873
3763;7395
3765;26474
3765;8737
3769;36864
3769;17866
3774;28630
3774;27842
3775;20093
3775;34067
3779;11632
3779;10057
3782;25207
3782;43533
3783;18593
3783;49649
3785;17870
3785;24158
3791;32544
3791;53151
3796;18280
3796;39680
3800;17973
3800;44667
3801;15471
3801;31147
3803;12337
3803;57893
3804;22129
3804;15083
3808;53534
3813;8368
3813;8092
3823;17971
3823;11137
3823;28680
3824;54673
3824;34665
3826;37948
3826;24298
3829;12457
3832;39439
3834;35446
3834;11996
3834;33850
3835;57254
3835;27766
3836;13030
3836;20908
3837;17910
3842;32932
3842;46509
3843;22287
3843;37752
3845;25338
3845;50849
3846;51076
3846;58656
3847;39939
3849;55561
3849;58066
3850;53280
3850;18175
3857;44423
3857;28110
3860;24769
3860;37452
3862;34750
3862;44422
3862;48264
3864;18731
3864;55940
3865;41371
3865;40654
3870;13181
3870;33593
3872;10135
3877;8801
3877;16385
3878;31630
3878;24355
3878;6591
3881;45501
3882;8138
3882;12311
3884;22514
3884;12586
3890;34998
3890;56684
3891;15808
3891;32578
3892;33047
3892;7940
3901;53785
3901;26277
3903;52220
3903;55256
3905;16785
3905;18106
3913;49819
3913;41756
3914;57829
3914;50540
3915;6787
3915;10271
3916;34594
3916;24367
3919;28861
3919;51652
3919;20571
3920;54543
3920;46621
3921;23923
3921;9200
3925;8018
3925;50717
3931;6101
3932;40887
3932;33538
3938;14407
3938;56821
3940;33651
3941;44597
3941;17743
3941;10900
3944;41780
3944;44763
3950;56963
3950;57873
3951;33558
3951;7623
3952;23902
3952;52467
3955;45371
3956;42845
3956;36257
3960;23384
3960;44169
3963;47892
3963;22324
3963;23337
3966;31351
3966;29084
3967;31982
3967;26149
3968;28227
3969;32595
3969;29575
3974;34257
3974;25108
3979;18493
3979;57725
3983;46880
3983;49723
3983;39135
3988;10043
3988;38287
3989;9599
3989;47937
3994;37883
3994;45145
3997;30468
4007;29506
4007;35965
4011;19411
4011;40218
4013;18421
4013;49960
4014;15530
4014;24362
4018;29403
4024;38165
4025;57126
4025;37444
4027;47994
4027;50049
4031;22547
4031;46758
4034;5333
4034;24058
4037;55503
4037;40451
4040;29077
4040;53949
4040;44298
4041;18134
4041;5969
4043;8143
4043;48682
4044;14609
4044;9911
4044;47811
4044;13210
4053;33399
4053;7436
4054;49923
4054;41462
4058;47906
4058;16946
4062;5631
4062;27343
4063;42709
4063;11613
4064;44142
4066;54259
4066;13549
4066;19843
4066;44573
4072;31675
4072;16059
4074;40571
4075;42949
4075;41517
4075;47613
4078;51655
4078;35957
4078;46039
4085;11257
4085;26245
4087;20598
4087;36214
4087;30342
4090;57955
4090;14717
4092;34565
4092;24265
4100;28514
4100;7227
4102;54974
4102;41018
4104;46666
4104;41449
4106;54915
4106;17017
4106;42929
4108;38691
4108;49441
4113;8815
4113;37104
4114;32801
4114;29289
4117;33712
4117;21218
4118;53993
4118;10293
4121;42893
4121;30478
4122;33454
4122;44778
4126;44064
4129;51434
4129;25130
4130;21223
4130;15459
4134;45661
4134;23469
4146;39933
4150;44511
4150;27236
4150;49704
4157;43776
4160;53741
4160;9722
4161;58912
4161;8365
4164;6971
4169;18131
4169;21148
4172;15604
4172;36888
4175;23541
4175;46126
4177;44643
4177;32977
4180;47140
4180;29938
4180;55707
4184;9164
4184;31133
4185;57145
4185;23316
4192;25846
4192;11752
4194;21551
4194;18500
4194;39384
4195;20689
4195;47151
4197;20388
4197;13012
4200;57299
4204;38045
4206;44259
4208;54052
4208;23238
4214;13707
4214;42114
4215;58508
4215;27922
4219;56392
4219;22512
4220;23237
4220;41040
4221;51265
4221;48900
4221;34624
4221;20959
4223;4631
4225;17842
4225;56792
4225;50526
4226;47919
4226;40230
4227;55621
4227;15491
4232;58917
4232;51611
4232;42077
4232;24390
4232;38605
4233;33736
4236;11680
4236;49425
4240;26654
4241;15014
4241;8493
4243;17368
4243;36472
4244;8552
4245;33232
4249;48269
4252;55438
4252;22319
4254;9920
4254;4562
4255;12062
4255;10071
4259;30693
4259;17043
4264;9058
4264;13514
4272;38689
4272;7594
4273;43108
4276;49757
4276;30283
4287;13484
4287;33107
4287;30236
4289;20412
4289;33682
4290;50598
4290;47894
4291;31106
4291;35160
4294;16293
4294;7641
4295;24757
4295;15804
4295;22789
4296;11266
4296;35744
4300;19116
4300;29386
4302;16799
4302;27280
4302;52894
4303;37347
4303;55705
4303;28299
4305;47075
4305;55070
4310;4631
4312;41833
4313;36862
4313;57835
4314;21780
4314;55971
4319;54259
4325;17404
4325;29894
4325;13282
4326;19203
4331;37716
4331;16857
4333;17123
4333;42685
4334;14545
4334;42637
4336;45158
4341;12008
4341;50540
4343;38895
4343;45274
4345;46850
4345;25506
4346;11290
4346;40474
4354;39486
4354;45836
4361;57957
4361;28945
4362;23446
4362;26176
4363;15783
4367;33708
4369;46331
4369;46525
4374;52853
4374;30569
4376;15657
4378;10783
4378;51513
4379;53681
4379;25994
4382;37080
4382;34170
4383;33406
4384;34172
4384;36540
4387;32719
4387;50047
4389;17402
4389;37374
4390;48900
4392;38608
4396;44626
4396;31359
4397;31733
4397;43261
4402;24671
4402;8340
4405;25803
4405;55057
4410;52698
4410;35696
4411;16572
4411;24517
4412;23979
4412;4567
4413;42750
4413;34770
4418;31535
4418;35609
4420;40521
4421;45260
4421;45870
4422;42715
4424;41951
4424;54449
4432;32756
4432;21262
4433;34543
4433;29922
4435;38948
4435;16893
4436;31296
4436;5922
4441;31450
4441;15264
4442;33073
4442;58102
4445;29651
4445;18374
4450;58945
4450;54919
4454;57016
4454;30969
4459;57732
4459;13027
4460;40428
4460;48475
4461;26195
4463;17404
4463;29894
4468;40656
4468;7252
4469;56792
4469;15623
4470;37365
4470;6652
4471;43494
4471;54523
4471;46464
4472;57199
4472;54824
4474;42562
4474;41406
4481;10836
4481;24942
4485;42334
4485;40890
4485;10559
4487;32744
4487;33642
4488;42634
4489;52937
4489;11655
4491;22492
4492;57423
4492;55866
4496;22440
4496;19008
4501;12474
4501;45997
4502;47490
4502;29694
4508;42532
4509;6680
4509;30202
4513;26278
4513;17500
4513;7430
4518;18688
4518;34119
4519;29278
4520;46235
4520;13916
4522;18131
4523;25797
4523;18594
4528;45430
4530;27564
4530;54375
4534;12734
4534;10702
4536;28628
4539;30467
4539;8609
4541;45082
4541;25010
4542;15293
4543;13528
4543;39348
4546;14942
4546;33183
4546;22547
4555;6733
4555;27405
4558;19966
4558;32648
4559;33121
4559;58832
4560;43725
4562;32899
4567;42492
4568;27186
4568;18280
4568;12270
4570;56151
4570;40290
4570;22873
4573;22807
4575;8720
4575;53262
4577;51298
4577;37959
4578;31177
4578;58537
4586;8668
4589;53881
4595;28274
4595;14535
4596;55506
4596;29683
4599;37840
4599;28480
4600;13587
4600;54214
4601;47792
4601;52747
4602;51497
4604;51174
4606;44025
4606;9665
4609;29353
4612;38392
4612;22950
4613;22099
4613;50296
4616;51921
4616;21536
4616;51650
4617;56543
4617;37513
4624;49000
4624;19720
4627;53827
4627;22562
4630;12004
4630;20101
4631;44907
4634;6470
4634;5232
4640;52313
4640;7424
4641;10830
4642;21775
4642;19830
4643;47615
4643;29347
4647;5256
4647;9776
4649;42836
4652;52894
4652;18551
4652;29937
4656;7194
4656;34155
4657;58570
4661;31224
4661;41666
4661;31552
4665;21473
4666;41545
4666;45091
4668;19714
4668;39408
4670;53701
4670;32434
4671;51976
4671;28974
4675;7942
4675;15976
4676;56096
4679;14542
4679;46988
4679;41918
4684;44327
4684;37351
4688;19278
4688;28797
4688;43752
4691;35906
4691;6708
4694;18348
4701;30581
4701;49169
4704;41763
4704;9242
4705;56257
4705;38776
4708;9044
4708;13634
4710;22569
4710;28649
4711;30224
4711;30670
4712;14407
4712;15621
4713;44770
4713;17402
4714;16828
4715;19682
4715;45494
4717;12864
4718;38315
4718;54707
4722;18448
4724;7065
4724;7646
4727;41308
4727;55626
4730;46718
4730;50727
4739;26914
4739;27328
4744;24891
4744;24417
4746;7937
4746;31061
4749;15006
4749;28726
4750;54703
4750;49735
4752;7881
4752;23494
4753;56074
4756;53399
4758;5140
4758;38788
4759;13372
4759;46246
4769;14850
4769;18311
4770;12817
4770;21685
4771;31038
4771;48907
4776;41119
4776;42509
4779;7546
4779;23022
4781;28793
4781;20093
4787;28188
4787;33708
4787;25078
4787;55783
4787;26338
4787;5564
4787;30922
4787;25652
4787;45645
4788;50357
4791;16733
4791;16975
4792;13484
4792;11597
4794;11976
4794;54563
4795;28927
4801;28686
4804;9660
4804;9015
4811;22174
4815;14961
4821;16222
4821;54092
4821;5197
4821;58000
4824;36336
4824;8259
4831;38044
4831;58316
4832;12886
4832;14484
4836;42989
4836;40675
4844;19534
4844;34528
4847;52098
4847;18166
4848;42770
4848;5756
4851;35897
4851;39843
4852;15994
4852;42856
4860;38657
4861;56355
4864;57243
4864;38948
4866;50775
4866;11700
4876;24760
4876;23623
4880;45003
4880;37316
4882;52397
4886;54575
4886;40395
4887;7808
4892;22328
4893;30993
4894;44959
4894;25893
4903;39122
4903;36673
4907;20527
4907;24018
4908;25223
4917;22098
4917;35572
4920;40445
4920;44438
4922;7018
4922;26651
4923;45211
4923;23666
4924;29700
4924;19824
4925;43890
4925;20964
4925;17026
4926;11538
4926;7696
4933;9259
4933;10327
4933;50077
4935;46294
4935;12636
4936;24914
4939;12403
4939;28811
4939;53877
4944;43342
4944;7789
4948;25982
4948;28154
4951;50037
4951;56482
4953;55470
4953;32989
4954;51628
4954;16348
4964;9529
4964;36813
4966;9257
4966;8527
4968;54368
4968;22622
4969;24717
4969;31635
4970;16019
4970;53129
4970;55676
4977;9624
4977;28588
4979;19129
4985;47923
4988;11420
4988;30127
4988;39907
4988;42869
4989;47738
4989;27825
4990;39260
4990;14463
4997;10739
4997;35096
4997;47957
4997;34835
5002;25813
5002;29161
5005;20628
5005;54031
5008;23953
5008;46654
5011;54118
5011;55077
5013;53069
5013;24602
5014;13217
5014;22657
5015;58278
5015;33417
5017;13620
5017;50406
5019;16753
5019;11158
5021;36962
5021;52229
5022;23582
5022;20643
5028;18977
5028;9524
5031;11118
5031;40536
5032;25087
5032;48630
5040;37875
5040;53637
5042;17276
5042;39048
5045;9638
5045;35070
5047;45912
5047;31878
5049;12646
5049;52990
5054;34746
5054;44593
5055;37055
5055;40111
5055;33100
5059;40028
5059;57199
5060;38428
5060;31717
5061;20859
5061;51272
5063;49711
5063;20889
5066;30303
5066;54266
5067;48974
5067;8032
5078;43084
5078;28194
5079;51619
5079;32048
5086;18275
5086;29470
5087;54429
5088;10454
5089;56350
5089;57903
5094;25058
5094;29294
5098;48106
5098;15359
5101;17152
5101;16592
5102;18709
5102;38900
5107;14127
5107;15313
5107;23175
5107;41915
5107;5947
5107;26639
5107;33760
5110;56534
5110;23773
5111;5362
5113;53766
5113;38946
5116;6642
5116;11707
5117;53049
5118;51877
5119;48931
5119;39101
5120;15234
5120;58304
5122;17804
5126;30236
5126;52097
5127;58036
5127;9651
5128;55110
5128;36863
5130;35797
5130;56235
5131;32050
5131;55593
5133;26590
5133;26847
5134;51162
5138;52453
5138;15980
5140;45706
5140;22009
5141;56699
5142;28063
5142;36770
5144;51043
5144;16168
5145;26800
5145;52257
5147;35410
5147;38494
5149;9249
5149;31763
5153;53885
5153;35000
5154;58933
5154;45260
5155;11400
5156;52634
5157;12937
5157;16511
5161;36056
5161;41005
5164;17259
5164;28534
5165;9439
5165;16643
5168;39176
5168;48300
5170;49164
5170;50050
5174;58733
5174;51343
5178;41076
5178;50944
5181;44461
5181;58344
5182;8700
5184;47133
5184;48801
5185;58055
5185;40798
5192;16901
5197;41048
5206;26497
5206;12905
5208;37668
5210;34526
5210;54858
5211;17074
5212;9793
5212;15529
5213;40294
5213;34845
5213;56270
5214;45216
5214;47815
5216;29261
5216;26008
5218;34565
5218;15965
5219;5920
5219;15557
5223;8575
5223;52885
5223;31824
5226;18476
5226;34633
5232;29037
5233;16261
5233;38686
5236;22611
5236;42503
5236;12970
5238;9917
5238;5264
5240;7186
5240;28815
5246;10031
5246;31681
5246;13961
5247;13970
5247;36735
5249;14791
5253;44422
5255;7996
5255;23956
5256;58735
5264;49290
5264;10617
5268;43501
5269;34481
5269;16668
5272;13283
5272;54007
5276;16191
5276;6579
5277;45382
5277;24545
5279;5414
5279;32191
5280;42984
5280;5961
5283;7404
5283;15945
5285;48470
5285;39156
5286;36245
5286;10603
5287;10630
5287;10496
5290;51463
5290;21402
5291;12812
5291;21275
5293;46133
5293;35713
5294;38474
5294;38139
5295;25362
5295;39692
5301;24974
5303;23966
5303;14850
5304;33106
5304;20017
5311;10348
5311;8168
5311;47288
5317;30369
5317;38435
5320;50339
5320;53943
5323;26428
5326;18034
5326;47295
5328;52708
5328;28647
5328;45363
5331;22946
5331;51965
5333;50782
5337;57893
5337;44226
5343;49879
5343;23103
5345;11316
5346;14781
5346;57908
5351;58615
5351;42184
5354;24058
5354;23978
5357;14342
5357;23731
5357;36063
5359;16327
5359;5867
5362;24782
5362;56406
5363;27627
5363;26437
5373;8788
5373;24164
5380;10059
5380;17105
5381;23742
5382;6288
5382;12592
5383;40195
5383;34979
5384;56238
5384;6491
5385;24379
5385;49209
5389;11489
5389;43517
5389;28404
5394;15549
5395;16957
5395;33526
5395;43388
5399;45589
5399;48731
5400;39232
5400;32712
5407;31710
5407;42984
5411;27449
5411;39870
5413;34662
5414;56021
5414;11775
5416;16406
5416;6087
5423;43205
5423;38553
5428;49905
5428;46460
5431;34972
5431;37242
5433;40401
5433;51116
5437;32195
5437;20910
5443;16085
5443;27053
5451;16212
5451;11366
5457;20236
5457;20567
5460;8756
5460;34465
5463;53042
5463;53666
5466;21961
5466;42708
5467;36082
5467;32814
5472;23636
5472;24433
5472;45892
5477;48881
5477;55471
5481;55961
5481;37753
5482;15194
5483;28708
5483;6185
5484;13774
5484;27534
5485;11001
5485;49375
5486;52339
5486;33461
5487;55248
5487;38357
5488;27680
5496;31013
5496;55260
5502;24825
5502;27732
5509;54001
5509;20825
5510;5590
5511;49211
5512;34842
5512;50150
5513;53654
5513;57645
5514;11518
5514;7833
5516;46297
5516;21620
5525;35836
5526;49006
5526;36359
5529;11058
5529;30819
5534;25347
5534;29849
5534;46545
5538;38607
5538;22408
5542;47237
5543;19806
5545;13412
5545;37624
5548;38477
5552;36606
5552;51716
5553;42024
5553;28059
5553;44820
5555;16191
5555;36150
5558;50717
5558;58343
5561;24012
5561;58488
5563;33362
5563;52387
5568;54019
5568;31049
5568;44097
5570;48672
5570;30834
5571;25659
5571;45654
5572;20478
5573;26217
5573;53014
5574;35438
5574;24623
5577;29793
5577;41517
5578;35952
5578;19563
5579;45550
5579;18759
5581;27463
5581;13176
5581;55126
5583;19393
5583;30402
5584;12375
5584;47824
5588;13413
5588;21251
5588;29002
5590;41079
5594;58326
5594;25755
5595;15217
5595;56695
5596;47661
5596;33564
5605;56827
5605;11946
5609;11531
5609;42085
5617;59013
5618;31989
5618;18975
5618;50775
5620;28859
5620;45134
5622;25477
5622;56501
5622;15582
5624;48139
5630;20399
5630;10589
5631;27712
5631;45348
5637;57858
5637;53564
5638;31453
5638;45964
5639;37471
5639;57941
5642;11372
5642;25708
5643;55255
5643;18522
5645;47801
5647;33959
5647;58068
5649;17761
5649;19168
5651;53967
5651;16795
5654;20253
5654;34611
5658;10099
5659;18374
5659;28574
5661;15244
5662;52187
5662;35443
5663;40011
5664;9252
5664;44975
5669;54233
5669;20230
5670;31454
5670;30663
5673;17983
5673;58722
5673;33736
5675;35345
5675;20465
5679;22716
5679;24240
5681;13048
5681;27769
5694;35265
5694;29629
5698;39023
5698;45577
5698;24033
5698;49987
5700;11901
5700;53888
5701;16492
5701;30076
5702;22779
5704;12015
5704;50578
5704;31362
5706;25791
5706;11779
5707;20887
5715;12286
5715;17687
5715;25454
5717;21717
5717;28134
5719;9841
5719;44817
5721;17827
5723;21955
5723;56876
5724;40667
5724;26686
5725;9382
5725;18639
5726;14296
5726;32408
5727;28365
5727;9370
5730;29395
5730;11357
5735;41255
5735;15699
5744;14770
5744;22391
5746;45382
5746;28624
5747;34697
5747;5881
5750;26934
5750;34372
5755;41068
5755;21778
5756;27178
5756;49470
5764;20156
5764;50023
5766;40708
5769;27756
5769;7168
5772;12026
5772;43026
5774;53288
5777;12368
5777;11874
5778;16776
5778;57901
5781;27790
5781;27932
5786;33554
5786;47944
5787;38294
5788;56769
5788;23637
5791;32051
5791;24174
5796;23586
5800;40969
5803;49481
5803;30445
5804;58214
5804;36749
5811;15411
5811;54165
5813;30575
5813;31400
5814;29848
5814;5893
5818;25359
5818;56475
5821;13716
5821;48287
5826;31329
5826;15827
5827;58322
5827;29509
5828;10207
5828;48322
5831;51706
5831;36100
5833;6685
5833;33115
5834;17461
5834;32936
5839;7507
5840;22155
5840;30472
5843;17689
5844;50290
5847;30577
5847;48116
5848;15755
5848;32304
5848;57963
5849;45908
5849;13740
5850;51870
5850;45605
5851;26592
5851;40840
5852;26969
5855;42314
5855;48745
5861;43876
5861;8137
5862;6707
5862;15188
5863;31197
5863;33141
5864;42505
5864;15345
5864;9236
5867;15351
5869;24490
5869;33151
5870;29480
5870;39458
5875;40587
5876;49741
5876;13236
5877;8576
5881;23717
5883;24734
5884;26020
5884;15326
5888;11828
5888;11217
5889;11800
5889;55346
5893;11322
5898;46577
5898;30383
5898;47438
5901;18522
5902;54089
5903;34409
5903;42808
5905;31155
5905;56837
5907;19913
5912;42925
5918;7871
5920;33332
5920;8671
5922;31860
5923;45111
5925;10936
5925;44001
5925;41682
5929;57741
5930;29043
5930;53745
5934;54994
5934;18715
5937;45392
5937;25273
5938;40006
5938;45776
5946;48712
5946;12009
5947;11628
5948;30550
5948;43165
5954;38380
5956;16498
5956;34993
5957;25823
5957;10442
5960;55720
5960;18915
5961;44350
5969;26933
5969;43932
5970;22807
5973;18437
5973;14378
5974;43442
5979;14814
5982;47350
5982;30339
5982;11334
5985;11334
5985;16374
5986;58308
5986;11040
5993;50904
5996;52821
5996;30753
5996;46999
5997;14727
5997;6331
5997;29953
6002;19271
6004;34773
6004;15182
6006;36944
6013;19235
6013;37950
6014;45920
6015;32410
6015;41833
6016;58723
6016;15783
6017;36809
6017;15771
6020;19065
6023;29374
6023;24621
6024;47439
6024;36245
6025;45651
6025;39242
6025;15646
6032;31027
6032;35927
6032;25466
6032;52341
6032;6656
6036;16240
6036;33681
6039;25962
6039;54825
6043;47671
6050;18664
6050;15749
6052;50540
6052;14553
6053;38782
6053;47742
6053;45256
6056;36336
6056;14907
6058;45350
6058;51547
6058;45004
6063;7981
6063;41942
6065;18933
6065;20742
6069;22888
6071;55385
6071;45714
6078;12013
6078;28101
6086;9328
6086;55948
6088;22232
6088;25127
6093;23444
6093;22139
6097;57642
6097;48592
6097;26236
6098;35132
6098;47351
6100;18868
6100;38095
6103;13695
6103;18198
6112;19692
6113;20323
6113;35006
6113;14755
6114;32624
6114;22893
6129;37290
6130;6613
6135;15185
6135;37471
6135;43494
6135;11362
6138;26705
6138;45790
6141;13500
6141;43495
6143;55940
6153;16238
6153;46313
6157;39954
6157;41704
6160;21401
6160;12261
6164;27979
6164;53462
6164;18366
6170;14346
6170;16233
6172;31401
6172;54260
6172;42553
6173;44763
6173;14043
6174;16323
6174;58627
6180;45490
6180;24092
6182;13941
6182;51318
6185;25608
6190;8037
6190;57081
6190;37722
6195;31772
6195;55431
6195;45122
6197;9737
6197;29936
6202;44117
6205;42917
6205;58519
6206;48397
6206;42396
6209;24178
6211;27091
6211;45899
6212;26231
6212;25237
6213;42017
6213;13778
6216;8112
6216;53369
6220;37800
6220;43105
6220;20619
6228;35304
6232;43391
6232;38257
6232;28932
6241;23556
6242;48262
6244;13489
6244;54597
6249;8736
6249;21411
6250;44891
6250;51517
6252;31523
6252;49891
6255;31615
6255;13196
6257;29784
6257;15511
6258;22806
6258;25250
6268;57138
6268;26705
6270;40136
6270;28820
6270;36874
6272;6576
6281;55393
6281;23962
6286;6455
6286;25038
6288;55990
6297;37667
6297;27902
6298;54572
6298;47742
6301;56860
6301;17528
6311;53716
6311;35833
6321;20556
6321;30896
6322;46345
6322;20428
6323;20482
6323;35495
6324;7902
6324;45326
6325;34318
6325;18112
6326;39823
6326;41101
6328;8936
6329;40363
6329;43808
6330;21761
6330;54595
6331;33134
6331;10173
6332;46734
6332;45325
6336;16097
6336;52823
6339;46228
6341;8075
6341;17693
6344;54237
6344;20216
6349;21913
6349;10058
6351;52125
6351;42970
6358;11114
6358;47420
6360;37027
6360;39147
6366;58026
6367;36557
6367;25867
6369;30302
6369;46811
6370;19313
6373;7814
6373;17050
6376;37373
6376;49809
6377;53187
6377;41106
6378;45583
6378;15243
6378;30827
6383;52469
6383;58273
6402;16861
6403;17707
6403;37778
6410;52220
6410;24443
6411;52031
6411;22500
6412;49372
6412;55893
6413;27878
6413;22716
6415;12338
6423;17533
6423;54493
6426;13540
6426;51723
6432;36907
6432;52559
6436;29386
6436;18214
6437;19877
6437;37546
6437;30317
6443;39672
6443;22747
6447;40882
6447;22832
6448;20971
6448;28617
6450;6919
6450;51789
6452;22301
6453;54604
6455;54741
6456;38900
6456;10508
6457;41829
6457;56892
6458;44067
6458;7369
6459;29038
6466;46455
6466;26050
6467;48090
6467;17346
6468;19416
6468;20634
6470;13099
6474;21369
6474;33058
6474;37692
6476;43434
6478;45577
6478;49013
6479;31663
6479;24654
6481;34879
6481;56910
6482;19008
6482;50254
6483;47698
6483;40826
6485;34863
6485;57202
6486;35040
6486;11363
6489;6865
6489;55002
6490;42145
6490;9522
6491;16881
6494;15348
6494;26307
6497;44680
6497;24967
6498;54831
6498;52315
6499;51435
6499;20580
6501;49071
6501;26985
6506;48455
6506;57937
6508;7670
6508;21247
6510;42932
6510;58443
6511;44652
6511;35232
6511;16989
6514;45235
6514;32229
6514;35160
6515;20560
6515;32010
6517;46793
6517;53258
6517;32227
6518;43529
6518;16851
6519;6741
6519;53109
6526;20387
6529;12851
6529;22913
6529;27403
6533;28686
6539;7019
6539;52313
6541;23236
6541;26791
6541;56148
6542;54612
6542;10937
6542;13936
6544;56407
6544;32569
6547;42090
6547;39221
6548;45686
6548;34597
6549;23670
6550;47360
6550;40713
6554;28302
6554;54035
6554;26877
6558;49020
6560;11648
6560;50977
6562;38671
6562;32461
6568;25195
6568;51765
6573;43494
6573;49562
6575;20428
6576;50762
6579;48024
6582;30161
6582;24211
6583;9644
6583;7884
6584;55593
6584;20133
6587;17896
6587;10829
6593;26791
6593;17940
6598;58687
6598;45484
6600;58145
6600;6937
6602;8697
6611;39648
6611;7586
6613;57618
6614;47117
6614;53759
6615;51056
6615;30117
6616;40294
6619;40789
6619;30462
6620;6787
6620;55198
6621;35826
6622;34930
6622;14047
6626;36673
6626;40473
6626;12773
6627;24678
6633;24679
6633;36202
6635;30438
6635;32104
6639;47716
6639;20048
6642;41650
6642;22316
6643;48150
6643;49941
6645;45304
6648;40805
6648;56475
6652;40012
6653;10475
6653;55614
6656;58285
6656;44745
6663;44955
6663;37376
6667;8168
6667;44981
6670;28188
6671;13161
6671;52648
6674;50501
6674;44620
6674;27620
6678;19046
6678;26186
6679;50649
6679;9877
6680;58989
6680;22719
6681;28624
6681;33865
6682;49192
6682;16640
6683;25920
6683;53696
6685;20402
6686;16807
6686;28239
6687;10028
6688;10763
6688;32133
6688;35509
6689;23051
6689;20548
6696;8537
6705;51923
6705;25097
6706;37643
6706;42481
6707;23122
6707;38344
6709;7761
6709;47300
6711;39185
6716;25358
6716;9898
6717;41956
6717;15784
6718;34384
6718;12555
6719;15579
6719;20007
6721;42324
6721;38322
6724;10393
6724;19131
6724;41008
6724;39094
6728;39892
6728;58427
6729;51010
6729;16705
6733;58303
6733;21809
6736;44187
6736;50852
6737;9197
6737;58287
6737;44047
6740;57460
6740;33407
6741;51703
6742;35644
6742;31869
6746;28927
6746;31343
6746;41972
6746;10164
6746;11150
6746;17334
6746;29596
6746;34363
6746;57338
6750;32316
6750;30542
6751;44434
6751;9531
6757;40857
6757;55552
6760;7823
6760;20150
6765;36723
6765;14751
6767;14277
6767;25764
6767;33650
6771;55555
6771;14076
6772;55031
6772;42971
6773;27589
6773;29375
6773;23204
6775;36257
6775;11545
6779;10001
6779;50729
6781;55270
6781;7990
6784;40298
6786;45396
6786;47036
6787;52248
6787;35631
6789;48756
6791;30337
6791;48052
6792;32979
6792;20534
6794;30422
6794;54450
6796;36697
6796;21530
6798;17333
6798;28478
6798;47531
6806;33599
6806;46390
6808;15248
6808;10268
6812;24824
6812;27987
6814;9602
6814;39560
6815;58221
6818;21995
6818;16513
6820;34464
6820;9835
6823;42551
6823;23195
6839;28680
6839;30409
6842;48569
6842;34099
6847;52640
6847;24789
6850;38071
6853;12345
6853;46724
6853;18848
6854;56609
6854;48538
6857;36897
6858;15047
6858;56014
6863;13086
6863;41086
6865;7069
6865;48242
6867;34444
6867;52451
6871;55678
6871;31904
6875;48139
6875;11995
6877;28735
6877;58379
6879;27633
6884;27213
6886;46469
6886;52042
6890;7586
6890;29290
6893;17346
6893;15519
6895;9342
6895;36627
6902;34808
6902;7174
6902;13152
6903;56060
6903;58429
6907;7273
6910;15589
6910;22069
6912;38643
6912;16076
6912;42418
6913;26005
6913;49887
6917;56871
6919;19583
6919;11210
6929;26707
6929;29206
6936;48714
6936;13075
6937;32775
6939;54164
6939;22018
6945;28960
6945;25779
6949;30091
6949;7328
6950;26688
6954;52419
6954;7388
6958;29131
6958;36920
6959;48708
6959;56112
6959;29392
6961;41599
6961;40387
6971;7143
6973;29366
6976;51597
6976;45916
6977;22618
6977;12632
6981;7970
6981;46051
6983;50425
6988;10996
6988;55082
6989;57167
6989;25034
6990;48052
6991;51424
6991;27341
6994;44271
6994;50646
6996;11873
7000;44795
7000;42153
7008;9428
7008;32451
7010;9799
7010;25671
7015;8638
7018;10287
7019;13705
7020;31077
7027;24900
7027;10453
7031;22657
7031;7953
7037;52679
7037;19749
7042;40072
7042;22369
7043;58640
7043;27687
7044;24420
7046;39692
7046;46137
7047;34192
7047;39106
7048;32665
7048;58925
7056;56626
7056;34587
7056;52836
7061;20956
7061;41958
7063;18005
7063;42454
7064;56369
7064;17072
7065;47964
7069;22571
7069;11986
7069;55854
7073;37808
7073;12605
7074;32782
7074;51835
7083;21411
7083;35396
7089;26969
7095;20767
7095;39899
7101;47909
7101;22934
7103;17841
7103;18937
7105;33011
7105;22837
7106;44160
7106;49601
7107;42569
7112;9141
7112;51418
7116;8643
7116;12384
7120;25696
7120;48623
7126;35808
7126;32532
7126;47404
7132;48341
7133;34345
7133;58278
7137;14321
7137;13851
7140;25580
7140;45536
7141;36752
7141;31895
7143;18675
7146;42192
7149;17009
7149;25830
7153;10800
7154;19169
7154;37874
7159;37405
7159;29552
7167;10617
7167;48812
7170;11800
7170;52381
7172;47941
7172;30531
7172;26027
7172;34217
7173;7800
7174;16047
7177;52440
7177;10646
7181;16960
7181;40995
7185;11382
7185;39673
7186;24277
7189;25872
7189;51313
7190;38913
7190;37120
7193;15518
7193;53281
7194;55887
7197;57145
7197;46536
7202;12527
7202;22602
7202;30000
7202;29291
7203;40611
7203;24873
7205;29628
7205;47975
7214;47665
7217;16968
7217;14885
7217;45713
7218;34502
7220;34451
7220;19603
7220;22721
7227;50761
7232;56313
7232;7598
7240;56973
7240;51624
7243;7877
7243;7577
7252;58276
7252;27046
7255;33544
7255;21342
7262;10951
7262;39362
7262;55201
7262;46638
7264;56892
7264;58078
7265;35557
7265;57150
7266;14685
7268;11826
7270;54959
7270;33090
7273;42791
7273;52450
7275;48253
7275;28412
7276;56751
7276;27448
7277;28439
7277;52282
7279;43276
7279;51435
7287;10404
7287;39910
7289;45997
7289;50569
7293;12817
7299;58825
7299;31586
7305;13176
7305;48072
7307;29812
7308;57233
7308;41131
7316;58941
7319;35906
7319;52231
7320;23251
7320;58069
7321;22357
7321;28426
7323;36587
7323;38260
7324;22128
7324;46110
7327;48047
7327;40937
7328;13364
7332;15749
7332;37480
7337;17992
7337;8251
7339;41865
7339;28196
7339;23409
7339;26785
7342;32202
7342;25538
7347;49723
7347;41398
7348;20367
7355;46403
7355;48178
7358;22882
7358;18202
7361;51548
7361;17890
7362;41696
7362;28055
7363;43391
7363;42644
7366;44783
7366;43542
7370;21806
7378;24347
7378;48427
7383;36602
7383;51503
7388;45888
7392;25065
7392;41383
7393;49338
7393;38874
7395;41656
7395;13826
7396;46503
7396;27071
7401;18333
7401;9560
7402;31202
7402;17097
7404;51840
7407;56434
7407;40419
7414;13234
7424;51178
7429;38251
7430;58798
7430;44555
7437;23676
7437;57078
7442;54093
7442;37704
7454;54443
7454;14832
7456;43011
7456;35813
7457;43052
7457;30273
7458;23786
7459;52807
7459;14296
7461;45841
7461;22877
7463;46137
7463;41467
7463;54966
7470;28223
7471;54363
7474;32426
7474;13890
7477;48779
7477;52613
7477;18299
7477;12155
7482;10295
7486;30930
7486;41441
7486;19276
7486;30644
7487;32974
7488;24778
7488;56752
7492;16069
7492;39860
7495;7524
7495;26007
7497;30866
7503;48056
7503;37163
7507;9488
7511;40974
7512;19233
7512;21432
7514;50788
7514;11259
7516;56560
7516;22261
7519;24362
7519;44017
7524;51544
7525;27094
7525;15816
7526;18628
7526;50921
7527;50610
7527;26315
7531;12508
7532;51529
7532;25817
7533;45202
7535;28726
7539;22861
7539;40942
7544;18474
7544;33463
7544;40099
7546;39135
7549;28731
7549;37928
7554;39425
7554;34948
7555;24503
7563;52844
7565;50278
7565;45396
7570;55192
7571;8799
7571;29462
7577;9109
7587;8348
7587;22215
7587;37488
7589;47027
7589;30618
7589;46312
7594;56269
7600;44946
7600;10136
7601;20485
7601;29228
7603;58296
7603;24636
7610;51829
7610;53994
7611;35632
7613;9371
7613;13211
7613;37393
7615;29798
7615;33207
7617;10989
7617;32059
7623;40929
7629;56125
7629;9795
7633;13356
7633;24321
7633;41406
7635;57322
7635;58360
7635;57888
7636;49040
7636;52529
7640;54975
7640;37509
7641;46611
7642;57278
7644;14971
7646;34699
7648;56445
7648;16858
7651;17272
7651;47741
7652;8867
7652;32594
7660;42411
7667;18569
7670;45731
7676;56265
7676;53631
7679;29821
7679;24824
7680;23990
7680;41885
7682;40866
7683;41793
7683;39735
7688;19210
7688;43547
7690;52641
7690;47337
7691;45472
7692;39975
7692;49184
7693;12578
7693;42403
7694;50744
7696;16492
7698;35401
7698;14932
7701;15187
7702;40928
7702;49036
7706;36179
7706;24684
7711;25208
7711;53254
7713;23985
7713;58605
7716;37233
7716;22824
7717;21943
7717;54935
7717;27036
7718;24393
7718;22202
7727;49244
7727;12691
7729;21457
7730;14134
7730;15183
7730;48352
7732;24116
7738;29395
7738;41109
7744;18932
7744;18513
7746;40553
7746;38451
7749;52591
7749;38452
7751;17026
7751;37360
7757;58584
7759;39560
7759;27738
7761;45393
7761;48775
7762;53797
7762;32932
7769;29694
7769;22368
7770;13550
7770;14662
7772;18281
7772;45263
7772;54728
7775;35070
7775;24632
7775;47796
7775;8229
7776;16463
7776;19953
7776;20398
7779;45686
7784;11251
7784;49494
7785;18167
7785;18412
7789;26891
7790;36922
7790;57258
7792;51274
7792;10292
7799;10393
7799;21994
7799;45282
7799;27020
7800;52987
7800;44299
7800;46764
7801;53288
7801;36839
7808;29608
7811;20288
7814;9145
7816;56027
7816;22610
7821;37739
7821;23575
7823;49647
7824;10578
7824;26446
7824;42976
7825;25749
7825;49044
7828;55935
7833;9806
7835;40561
7835;46133
7840;8703
7840;20107
7849;49456
7849;21936
7854;34150
7854;39022
7854;21774
7857;14619
7857;31823
7860;17470
7860;23792
7864;29181
7864;29051
7871;53346
7872;54589
7872;55009
7874;19883
7875;55514
7875;54508
7877;8956
7880;57429
7880;29841
7881;55038
7881;13019
7881;50513
7885;39631
7885;8899
7886;57011
7886;38667
7888;27883
7888;22296
7889;34238
7889;32663
7889;43649
7889;29104
7892;41632
7892;35976
7893;58903
7893;27094
7898;58814
7898;38162
7902;55662
7903;24730
7903;10884
7903;22567
7905;11035
7905;50685
7908;47239
7908;17265
7910;22980
7910;15000
7916;17036
7916;42510
7916;50312
7918;23017
7929;54505
7929;51912
7932;39231
7932;22708
7934;35912
7934;53622
7935;35868
7935;24204
7935;51705
7936;24337
7936;39904
7936;47360
7937;41804
7938;34596
7938;27880
7939;26458
7939;48766
7942;50876
7945;13671
7960;44328
7960;40901
7963;41416
7964;25219
7964;31040
7964;53671
7968;48206
7968;17754
7970;52675
7972;52015
7972;37798
7973;56279
7973;29580
7979;13387
7979;28011
7981;43993
7982;31541
7982;10575
7984;39179
7984;28964
7988;13281
7988;17468
7993;27590
7993;41665
7994;15672
7994;42227
7996;48771
7998;45971
7998;21658
7999;22471
7999;39466
7999;39930
8002;12780
8002;49247
8012;17514
8012;50657
8014;57236
8014;17032
8016;17140
8016;57368
8018;27032
8020;25466
8020;19904
8023;23784
8023;25034
8030;40257
8030;13769
8031;38863
8031;44702
8031;17853
8034;12700
8037;49551
8043;31682
8043;48592
8047;39509
8047;8725
8048;28785
8048;28969
8053;39848
8053;58101
8055;54025
8055;27118
8057;18967
8060;16394
8060;11202
8066;57151
8066;25512
8066;33570
8068;57663
8068;46192
8069;42406
8069;53649
8070;51677
8070;44519
8073;41050
8073;37849
8075;44616
8076;42653
8076;16071
8079;57301
8079;14374
8079;29992
8081;44869
8082;40313
8082;55674
8082;18499
8092;20858
8094;31254
8094;40745
8096;12884
8096;43201
8098;25812
8098;26699
8099;45660
8099;23278
8100;11038
8101;11720
8105;25385
8105;30485
8110;13236
8110;43741
8112;12174
8115;34107
8115;54908
8116;8479
8116;20339
8119;35132
8119;54218
8125;30117
8125;16720
8133;55851
8133;55259
8134;37271
8134;10342
8137;39466
8138;37923
8139;26909
8139;19527
8143;56528
8143;45247
8145;18361
8145;14789
8147;25993
8147;46293
8151;57456
8151;36985
8153;27264
8153;28806
8155;40249
8162;15582
8162;58158
8165;52081
8165;9638
8170;58387
8170;16669
8171;11630
8171;11599
8180;53373
8180;30426
8182;40245
8182;35335
8184;13739
8184;24533
8188;24796
8188;34304
8188;35795
8188;42835
8189;52716
8189;50517
8196;19405
8196;46216
8197;38506
8197;27492
8197;36350
8198;44551
8198;57765
8199;51708
8199;48915
8200;36868
8200;14346
8201;30811
8202;28942
8206;20093
8206;8726
8211;23667
8212;22446
8212;55807
8214;30273
8218;23053
8218;47071
8220;20792
8220;19975
8225;57737
8225;23689
8225;28164
8226;30483
8226;57646
8226;25376
8226;43245
8228;46016
8232;17536
8232;55797
8239;46387
8241;11210
8241;21447
8242;58316
8242;50757
8248;36145
8249;44573
8249;44680
8250;33737
8250;26842
8250;10832
8251;11604
8253;48038
8253;12178
8253;44187
8253;39770
8253;20880
8254;20821
8254;28774
8256;36667
8256;12635
8259;50236
8260;46644
8262;38330
8262;51377
8266;15263
8267;23142
8271;42510
8271;27084
8272;24190
8272;37741
8272;39373
8273;9785
8273;14381
8278;32123
8278;26227
8280;40238
8281;10826
8281;37306
8284;42711
8284;32334
8285;50700
8285;35151
8293;17032
8293;36600
8294;10496
8294;41561
8298;34586
8300;56349
8302;56740
8302;48038
8302;22585
8304;26331
8304;8998
8310;13586
8310;32258
8313;45372
8314;28922
8318;35151
8318;9547
8319;37716
8319;10264
8322;25365
8324;13038
8324;51840
8325;30905
8325;17354
8326;48683
8326;25032
8327;26587
8327;34447
8333;54032
8333;57771
8336;14778
8336;28233
8339;19475
8339;8841
8340;51113
8341;14835
8347;40461
8348;57514
8349;58276
8349;32778
8350;13196
8351;36175
8351;25797
8352;23381
8353;41383
8359;23169
8359;36626
8359;9966
8360;36995
8360;37930
8365;38412
8368;58823
8371;12704
8371;16572
8377;31891
8378;24523
8378;48691
8378;33698
8380;26186
8380;58874
8382;34111
8382;21006
8382;38583
8392;50942
8392;17236
8394;9489
8394;49176
8397;42788
8397;33733
8405;33232
8405;47121
8408;30211
8408;24196
8408;52459
8412;32969
8418;36985
8418;55243
8424;16070
8424;53951
8425;37866
8425;17623
8426;48115
8427;31237
8427;20618
8429;9878
8429;56367
8432;47233
8440;25372
8440;19114
8441;47725
8441;57016
8442;58948
8442;22678
8447;32538
8447;39589
8451;39236
8453;27781
8453;50980
8455;46948
8455;36373
8459;21549
8464;18799
8464;57805
8466;48206
8466;46747
8469;25654
8471;35751
8471;53715
8479;10348
8480;10614
8480;38336
8482;11424
8482;51431
8483;24008
8483;11939
8486;15777
8491;17433
8491;33126
8492;31810
8492;35412
8493;45434
8493;26060
8494;13451
8494;15201
8496;35419
8496;57510
8497;35110
8497;40394
8498;14867
8498;12489
8500;11559
8500;26811
8505;55448
8509;45065
8509;20710
8511;22408
8511;22373
8512;11217
8512;32011
8512;32829
8520;28621
8520;21204
8520;36184
8522;20966
8524;55668
8527;37203
8530;10532
8530;47006
8537;25847
8537;37338
8539;28036
8541;28896
8541;20994
8544;36891
8546;55792
8546;53610
8552;27666
8552;13086
8553;19353
8553;52623
8564;23761
8564;51533
8566;52594
8566;15829
8573;10067
8573;54190
8575;13076
8575;12107
8576;24454
8577;43354
8578;50274
8578;17017
8579;10220
8579;28960
8580;33708
8590;39534
8590;40732
8596;21592
8596;46208
8597;49569
8597;26425
8598;33525
8598;56202
8604;58396
8604;21564
8605;48388
8605;39261
8606;20790
8606;11222
8607;52075
8607;15545
8609;36589
8612;24460
8612;33307
8616;9402
8619;49836
8619;39673
8625;26993
8625;52740
8638;58426
8640;39473
8640;33740
8641;14366
8641;31038
8642;46240
8642;37497
8643;51671
8645;35794
8645;48701
8645;58167
8649;48657
8654;25943
8654;46251
8657;57372
8657;50403
8657;36060
8661;24989
8661;12269
8667;42254
8667;30522
8667;29559
8668;20538
8669;26521
8669;17579
8670;35686
8670;58181
8671;24509
8672;41511
8672;53397
8676;41320
8680;31920
8680;11637
8681;46872
8681;23335
8683;16345
8697;38515
8698;45361
8698;27756
8700;19911
8702;12794
8702;20894
8703;11096
8708;57211
8714;41995
8714;23764
8720;27806
8720;51746
8721;18876
8721;46474
8725;13130
8726;14256
8728;52423
8728;11750
8729;42819
8730;26161
8730;46691
8730;20833
8731;50973
8731;34955
8735;52855
8735;16171
8736;22164
8737;38429
8743;32560
8743;42803
8748;42033
8748;38602
8749;41404
8749;22197
8751;54152
8751;51585
8754;52849
8754;18923
8756;41385
8757;10589
8758;21479
8758;26972
8761;40123
8768;31610
8768;40309
8775;20624
8775;9089
8778;58488
8785;14651
8785;24650
8786;27391
8786;39107
8788;51477
8791;16191
8791;10638
8796;17148
8796;24966
8799;22421
8800;50526
8800;27884
8801;33679
8802;51858
8802;41653
8808;54214
8808;40023
8814;21265
8814;12201
8815;36055
8816;24876
8820;18558
8826;33346
8826;22880
8827;32989
8827;35406
8829;34276
8829;24930
8832;15313
8835;23186
8841;58922
8842;45593
8842;20482
8847;42100
8847;42102
8848;19673
8848;17773
8849;14448
8849;33152
8850;28439
8850;23385
8852;17705
8853;9742
8853;29706
8853;9747
8855;12110
8855;45522
8855;27062
8857;40258
8857;33454
8861;13876
8861;25137
8863;33405
8863;53613
8864;56640
8865;52515
8865;25558
8866;42023
8866;51296
8867;20621
8868;56273
8868;14269
8869;47288
8869;47194
8870;37878
8871;50320
8871;28258
8873;43583
8873;50474
8878;20358
8878;19928
8881;14437
8881;49054
8884;56311
8884;23921
8885;29851
8885;37610
8889;16989
8889;46101
8891;27208
8891;16156
8894;15652
8894;47143
8897;40971
8897;27222
8899;47464
8899;16906
8901;45914
8901;55698
8902;52773
8902;53049
8904;37330
8904;29662
8905;48035
8911;28823
8911;12442
8912;26594
8912;51317
8914;51502
8914;9090
8919;58722
8919;50909
8925;41351
8925;20944
8926;27648
8926;29646
8927;31822
8927;27417
8927;31191
8927;23153
8928;46691
8928;34636
8928;20158
8928;14649
8930;37992
8930;19129
8931;19398
8931;37840
8931;22052
8933;18961
8933;58732
8934;13816
8934;57900
8939;39592
8939;34134
8948;56973
8948;13705
8949;33099
8949;25457
8951;27715
8951;27657
8956;33306
8958;30974
8958;37464
8967;13921
8974;47076
8979;36579
8979;57767
8979;57911
8980;25688
8980;23660
8983;54251
8983;45372
8984;40383
8984;24953
8985;49609
8985;16651
8985;39832
8986;46260
8986;23473
8989;34344
8996;18491
8996;41346
8999;54839
8999;46964
9002;13078
9002;49671
9005;50099
9005;54807
9009;21406
9009;13270
9009;44671
9010;58370
9015;10533
9016;44934
9016;17378
9020;45663
9020;36026
9025;15965
9025;33264
9029;46102
9029;20522
9030;36386
9038;58840
9038;47581
9040;46288
9040;20302
9041;18112
9041;57233
9043;21023
9043;42029
9044;21369
9044;39232
9044;19170
9045;31100
9058;10701
9058;14081
9058;41554
9058;30519
9060;48283
9060;49816
9061;23128
9062;21435
9062;56381
9065;46277
9065;27898
9068;51480
9071;48300
9071;26324
9071;50815
9076;29008
9076;48142
9076;52643
9079;39741
9079;24500
9081;55044
9081;12289
9084;52306
9089;35658
9089;30545
9090;34767
9092;18761
9092;17398
9096;31735
9096;17685
9099;32389
9099;20187
9100;20050
9100;12986
9104;37703
9104;41446
9109;16477
9114;57304
9114;18456
9117;48297
9117;39791
9121;19133
9121;49523
9123;29072
9123;56458
9124;17166
9124;37522
9125;30805
9126;57676
9126;28863
9127;12808
9127;56337
9128;38478
9137;31123
9137;18781
9138;29130
9141;23713
9145;33815
9150;52593
9150;39258
9155;46437
9155;56651
9156;51554
9160;51501
9164;34654
9169;18559
9169;48937
9172;25223
9172;57330
9172;57343
9173;41202
9173;23099
9174;45164
9174;24489
9174;37373
9175;36096
9179;15074
9179;34441
9181;34212
9191;22233
9197;38234
9198;16001
9198;28294
9199;24335
9199;26551
9199;43846
9200;33219
9202;10971
9202;48644
9205;37203
9205;32426
9211;40648
9213;10457
9213;45420
9222;58838
9223;47196
9223;17563
9226;20858
9226;33409
9230;30239
9230;31216
9231;47207
9231;13888
9233;23047
9233;12345
9234;17553
9234;33283
9235;44195
9235;42317
9236;19227
9238;45476
9239;48080
9242;42247
9243;42708
9244;28044
9244;34244
9249;26342
9252;52536
9257;28009
9258;49690
9258;54210
9259;18194
9259;53717
9263;14004
9266;15334
9268;50939
9268;12821
9269;58714
9269;25185
9271;40006
9271;31444
9288;20814
9293;13131
9293;58518
9294;25730
9295;54446
9295;29880
9296;54148
9296;9495
9298;38943
9298;13833
9301;57796
9301;18195
9304;47998
9304;39338
9307;41256
9307;21313
9308;56452
9311;33284
9311;39037
9311;52746
9311;35551
9321;30091
9321;26753
9322;23329
9322;38140
9325;46990
9326;17354
9326;22810
9327;16877
9327;41279
9328;19444
9328;30883
9331;29159
9331;37102
9335;35058
9335;21469
9336;37375
9336;44587
9336;11126
9336;18616
9342;52516
9343;40016
9343;24376
9346;55867
9346;28696
9346;57012
9348;16260
9348;56668
9357;26455
9357;25325
9359;10646
9359;17952
9366;20595
9370;24859
9371;37165
9373;53332
9373;12847
9376;25388
9376;20628
9377;25769
9377;35201
9378;53157
9382;21717
9389;32889
9389;27479
9395;20611
9395;37333
9398;56444
9398;26640
9399;35536
9399;37067
9401;25233
9401;14821
9402;53067
9409;12895
9409;34739
9416;13500
9416;44029
9416;52334
9416;36320
9418;29743
9418;41421
9419;34688
9419;22541
9421;52437
9421;56673
9426;54260
9426;31031
9427;30304
9427;37098
9428;44037
9428;38712
9431;49836
9431;49860
9433;49051
9433;46071
9435;29165
9435;47586
9435;41610
9437;21474
9439;56050
9439;46069
9439;26614
9439;50131
9447;21393
9447;40752
9448;26910
9448;51203
9452;37874
9452;19931
9452;37680
9455;22650
9455;13542
9457;44234
9457;54138
9466;44309
9466;33846
9468;36575
9475;26841
9476;50832
9476;21922
9482;37192
9482;47060
9483;52849
9483;22129
9487;51694
9487;38677
9488;42267
9488;45369
9489;11685
9490;39192
9490;25715
9490;39761
9491;9642
9494;32930
9495;38846
9496;47438
9498;15707
9498;9507
9500;47288
9500;15221
9500;32931
9501;23786
9501;57491
9507;36596
9509;45714
9509;22379
9511;25167
9511;49028
9512;43649
9515;38956
9515;46574
9518;24736
9518;16663
9520;54018
9520;39917
9522;24446
9524;43583
9529;42629
9531;42612
9532;56689
9532;15390
9533;35333
9533;54673
9534;16475
9534;31180
9543;46418
9543;40998
9544;19430
9544;49050
9547;15332
9550;17228
9550;27055
9551;14043
9551;13970
9551;49840
9553;27631
9553;56110
9556;49463
9556;22073
9559;51152
9560;9593
9561;50540
9561;45811
9562;23186
9566;42198
9568;44564
9568;38897
9579;27711
9579;39793
9580;30777
9580;22754
9582;43434
9582;31850
9582;36870
9589;54677
9590;37102
9590;35764
9591;46779
9591;25069
9594;26976
9594;20616
9595;29720
9596;51517
9596;17603
9598;41943
9598;28243
9599;29934
9602;51877
9602;40044
9607;29434
9607;20795
9610;39428
9610;34935
9611;27265
9611;45457
9614;43954
9614;39125
9615;27022
9615;53863
9619;26628
9619;42400
9624;27045
9625;29264
9625;44200
9628;46539
9628;16577
9639;30713
9639;17659
9640;28944
9642;43753
9644;25528
9646;49942
9646;24805
9651;50674
9652;57500
9652;57357
9656;16338
9657;32310
9657;52095
9660;33160
9663;46417
9663;33624
9665;18627
9674;19091
9674;41793
9675;26674
9679;47878
9682;37470
9682;54793
9684;33152
9684;10116
9685;58753
9688;30388
9689;53434
9689;52807
9692;27380
9692;31584
9693;30237
9693;23305
9694;34577
9694;55198
9699;20185
9699;26867
9705;9877
9705;14915
9705;24217
9705;12435
9706;24614
9706;33279
9717;55826
9720;20521
9720;29545
9720;22457
9721;51306
9721;56776
9721;28271
9721;26960
9722;56735
9724;29228
9724;16534
9726;40305
9726;49325
9733;44652
9734;11390
9734;53345
9737;25618
9738;32571
9738;22317
9742;43593
9742;21585
9744;41636
9744;57191
9745;23335
9745;57718
9747;9873
9748;20033
9750;55907
9750;39659
9753;21230
9754;52069
9754;43204
9754;10543
9758;26911
9758;43758
9758;43271
9760;26023
9763;23403
9763;29049
9764;21204
9764;47150
9764;17575
9769;35633
9769;44169
9776;21173
9777;52861
9777;23818
9781;27129
9781;36452
9782;15991
9784;23433
9784;11013
9784;31634
9784;16086
9785;47001
9785;48642
9787;38606
9787;56484
9788;36498
9788;25474
9791;40998
9791;41754
9793;54368
9795;12808
9799;31666
9803;12544
9803;17022
9804;21557
9804;49766
9806;16475
9810;46372
9810;40918
9812;26575
9812;26707
9822;11386
9822;21342
9824;55367
9824;58719
9829;28680
9829;47514
9834;43391
9834;25428
9835;26962
9841;50572
9844;58095
9844;46997
9845;54482
9845;39606
9848;48719
9848;56950
9849;21143
9850;50051
9850;22444
9853;53696
9853;42782
9865;37826
9865;51248
9871;41592
9871;24121
9872;13922
9873;42507
9874;16563
9874;12871
9876;13643
9876;53346
9876;16041
9878;20026
9879;35579
9879;27162
9883;41076
9883;15719
9886;44419
9886;52618
9891;17136
9891;27033
9893;40224
9893;25557
9895;26953
9895;45943
9896;11157
9896;33571
9898;34771
9899;29297
9899;56716
9900;12570
9900;45032
9903;19421
9907;47772
9907;26591
9908;58159
9908;51867
9909;14145
9909;22239
9911;57195
9917;50241
9922;27030
9922;22357
9923;48604
9923;14173
9924;52292
9924;31540
9927;54521
9938;46663
9938;42305
9944;53909
9944;24291
9950;11403
9954;38072
9961;25755
9962;45306
9962;11891
9964;20193
9964;27417
9966;21279
9968;39788
9968;14945
9972;42202
9972;16392
9975;56409
9976;45669
9985;30569
9985;45867
9992;56720
9992;32938
9992;39007
9999;16476
9999;42000
10001;13216
10002;37552
10002;24116
10005;38248
10007;35622
10007;49454
10007;36741
10009;15243
10009;55998
10014;58286
10014;57545
10014;33282
10016;12574
10016;44460
10018;39120
10018;52647
10020;52193
10022;29293
10022;12235
10024;30765
10027;14912
10027;26674
10027;52952
10028;44003
10029;11803
10029;10957
10032;22247
10032;28942
10034;12885
10034;41343
10036;30881
10036;57922
10041;20534
10041;52879
10041;23405
10043;25259
10045;50968
10045;54990
10049;11011
10049;15422
10055;47139
10055;32296
10058;45933
10059;39345
10061;58380
10061;40234
10063;55253
10063;38675
10066;31544
10066;34785
10067;36536
10071;52414
10072;24109
10072;21508
10072;15019
10077;46855
10077;15670
10078;48787
10078;49237
10079;51842
10085;37586
10085;44971
10086;20281
10086;46499
10089;17582
10089;55186
10090;50950
10090;18322
10094;18001
10094;47913
10095;54055
10098;43903
10099;20778
10101;55447
10101;15469
10102;40133
10102;46777
10107;12036
10107;48294
10107;21568
10108;25074
10108;56118
10109;20019
10109;35531
10113;43876
10115;13701
10115;23623
10116;27762
10119;18315
10119;46776
10120;38080
10120;36443
10120;27838
10123;31752
10129;53405
10135;22817
10135;34581
10136;22818
10139;57944
10139;52482
10141;33247
10141;15800
10142;55410
10142;18812
10154;57526
10154;22768
10155;32009
10155;19788
10166;36945
10166;14632
10175;33583
10175;56983
10177;12377
10177;57573
10178;55027
10178;57107
10180;44132
10180;19745
10182;50766
10188;32306
10188;26361
10190;42699
10195;40298
10195;30862
10200;46220
10201;28110
10201;25617
10202;39288
10202;33651
10204;26434
10204;53902
10206;46040
10206;30514
10207;56213
10209;22451
10212;37345
10214;18648
10214;27001
10215;23420
10215;17815
10216;47337
10216;58064
10220;56741
10221;14962
10221;19548
10230;28648
10230;27660
10233;41518
10233;50341
10234;11195
10234;11811
10236;22886
10236;19325
10240;47665
10246;48841
10247;43228
10249;13319
10249;54374
10249;33360
10250;19606
10250;27406
10252;28089
10255;57352
10258;50769
10258;17200
10259;29913
10264;31094
10266;34953
10266;43300
10268;15931
10273;17773
10274;44696
10274;16535
10275;46848
10275;15720
10276;34115
10276;33868
10282;38855
10282;57873
10283;15562
10283;40233
10284;19113
10287;23099
10289;21149
10289;23079
10291;20834
10291;57373
10292;41043
10293;45576
10293;12191
10295;24799
10302;21091
10310;28468
10310;58786
10312;41917
10312;41916
10319;34659
10319;57485
10321;26824
10321;12126
10323;23167
10323;27897
10327;13365
10333;19774
10333;39931
10336;43901
10336;23402
10338;20440
10338;31401
10339;25171
10339;23446
10342;44862
10344;34528
10344;42876
10348;14872
10351;55206
10351;40462
10354;29676
10354;20719
10355;56118
10360;37026
10360;55343
10361;33820
10364;39184
10370;35576
10370;58453
10372;24439
10375;56847
10375;12656
10388;34333
10388;23413
10390;33134
10390;11653
10393;43084
10393;24269
10393;18776
10393;55267
10395;55608
10395;31244
10400;26356
10400;51641
10401;51589
10403;29782
10404;30733
10408;49624
10408;25013
10410;54223
10410;57180
10413;34197
10418;35096
10419;11886
10419;25105
10421;38029
10425;28357
10425;23078
10428;52225
10428;37411
10435;54916
10435;15213
10440;37710
10440;11117
10442;55103
10442;54089
10444;35105
10444;42854
10445;17685
10445;54871
10449;49721
10450;27952
10450;54203
10457;57558
10458;56712
10458;27486
10460;16787
10470;48460
10473;22626
10473;11617
10475;33222
10475;13088
10476;26880
10476;28495
10478;19394
10478;55259
10483;16264
10483;16579
10483;58580
10484;33238
10491;47652
10498;17069
10498;50290
10499;54940
10503;33409
10503;52460
10508;45429
10511;42873
10517;53796
10517;55004
10518;17656
10518;48354
10520;35415
10522;20839
10523;21706
10523;44419
10524;44097
10524;14148
10525;32610
10525;38564
10527;49251
10527;20549
10528;11968
10528;29676
10532;24463
10533;40375
10533;55799
10543;35968
10546;50307
10548;28680
10548;12933
10550;12998
10550;44553
10555;56060
10555;11924
10559;14144
10561;43337
10561;13836
10567;37330
10567;36574
10567;50231
10570;26660
10570;33288
10575;26622
10578;26737
10580;42999
10580;50079
10583;44615
10583;45988
10591;30267
10591;12490
10591;58948
10596;33693
10596;31397
10601;13305
10603;45476
10607;39265
10607;58885
10627;41875
10627;14255
10630;29536
10630;28571
10630;40541
10631;43204
10631;35309
10632;36553
10632;47567
10638;53578
10638;21025
10640;21318
10640;22604
10644;15408
10644;37713
10645;38577
10645;38279
10645;41722
10647;56786
10647;19782
10647;32492
10648;55343
10648;20153
10651;27367
10651;45381
10654;33821
10657;37345
10660;23222
10660;25247
10662;58233
10662;23444
10663;14853
10663;18314
10673;45867
10673;37245
10674;56782
10674;15135
10677;44209
10681;56843
10682;18626
10682;24630
10682;18625
10684;25877
10684;52397
10685;44554
10685;19348
10686;28072
10689;28041
10692;57362
10692;36665
10699;53102
10699;47617
10701;54891
10704;42423
10704;20834
10706;20573
10706;38380
10706;40708
10710;51501
10711;22744
10711;53428
10712;50784
10712;42609
10721;19630
10721;53597
10725;32134
10725;12026
10731;53786
10731;17162
10732;23784
10732;28839
10733;41924
10733;51985
10737;44364
10737;56519
10738;55762
10738;44522
10738;32202
10739;47370
10740;54389
10744;24859
10744;58277
10746;32174
10746;43832
10749;47101
10749;33842
10749;15585
10751;38029
10751;57710
10759;33362
10759;46536
10759;27600
10760;33538
10760;13518
10763;27264
10763;41444
10765;16148
10767;56151
10768;35665
10768;40750
10771;49242
10771;26874
10778;58862
10779;36335
10779;22868
10783;58019
10784;56065
10785;17707
10785;31453
10793;21622
10793;14270
10797;57120
10797;41648
10800;18267
10803;37111
10803;52773
10805;49945
10805;47896
10806;58000
10816;39586
10818;33865
10820;27331
10820;44956
10823;36288
10823;44379
10826;30766
10830;33211
10831;43311
10833;34891
10833;20946
10834;47233
10834;52381
10835;58133
10835;29464
10836;23400
10838;13533
10838;49372
10843;50304
10843;38988
10844;11091
10844;53465
10846;39906
10846;32958
10849;44670
10858;36443
10858;42955
10861;23067
10861;34953
10871;42097
10871;56608
10872;42236
10874;24795
10874;41807
10875;36360
10877;45306
10877;40087
10881;37794
10881;38753
10883;27414
10883;50403
10884;46944
10886;10951
10888;30019
10888;16749
10890;29861
10890;15475
10897;19928
10897;39810
10900;30833
10904;25979
10907;53792
10907;12132
10909;26513
10909;56644
10910;43772
10910;56360
10911;19873
10912;50799
10912;28377
10914;24750
10914;41887
10921;45775
10921;46259
10923;34182
10924;42011
10926;37022
10926;25648
10930;49260
10932;15020
10936;18507
10937;41447
10939;48701
10939;26604
10940;57663
10941;45169
10941;21609
10951;52263
10957;49029
10957;48308
10959;32165
10959;23112
10960;24233
10960;32982
10964;33203
10964;58206
10965;18518
10965;15326
10971;12477
10981;48178
10981;21594
10982;12278
10983;51127
10984;12831
10984;12015
10985;23226
10985;49084
10986;12540
10988;37553
10988;57082
10989;22399
10989;55923
10989;42999
10990;38881
10990;49624
10992;15623
10992;54236
11001;57908
11005;29118
11006;35578
11006;42157
11008;54349
11008;18028
11010;13254
11010;58759
11011;17886
11013;22755
11015;46747
11015;45055
11016;51647
11016;41567
11017;51813
11018;28751
11018;32746
11025;45811
11025;28079
11030;29889
11030;36362
11031;53703
11031;42571
11032;13476
11032;25240
11032;33361
11034;39455
11034;13285
11035;44981
11038;45588
11040;33597
11047;27881
11047;57919
11050;57712
11050;52374
11054;13293
11054;50914
11056;55572
11056;43357
11056;26221
11058;35425
11063;22694
11064;21858
11068;38357
11068;18024
11071;52242
11071;30035
11079;33760
11079;37866
11089;19702
11089;30844
11091;11999
11096;33513
11106;50224
11110;11626
11110;54482
11112;55906
11112;30978
11114;40270
11117;40113
11118;33624
11118;43839
11119;40887
11119;28666
11124;26149
11124;53766
11126;44828
11132;22803
11134;40643
11137;50022
11142;14184
11152;28617
11152;17347
11156;42641
11156;39356
11157;58209
11158;15755
11158;51866
11158;53120
11160;26864
11160;55962
11165;33737
11165;43302
11169;42858
11174;55227
11174;51823
11178;29161
11178;26570
11184;34703
11185;30694
11185;27531
11189;46749
11194;29302
11194;14414
11196;48530
11197;17894
11197;19255
11198;27632
11198;58120
11202;50410
11205;37028
11205;38146
11211;56577
11222;50846
11223;58941
11224;58744
11224;13433
11228;18254
11235;13140
11238;42604
11238;22730
11243;15736
11243;19657
11248;36725
11248;26004
11248;55041
11249;36199
11249;54162
11251;54645
11251;48823
11252;38545
11252;12188
11257;49532
11258;23946
11258;11980
11259;12664
11262;52765
11264;50643
11264;31556
11266;33525
11266;39380
11273;19648
11273;51600
11274;56777
11274;34526
11275;55788
11275;55197
11278;26762
11278;42139
11282;27253
11282;36265
11282;46001
11282;21599
11283;52065
11283;54268
11285;14072
11285;24357
11289;16477
11289;23761
11290;29389
11290;53106
11290;23213
11293;22133
11293;19347
11296;52474
11297;15158
11297;27983
11298;45273
11298;13503
11302;58556
11302;19637
11306;56328
11306;28439
11307;49869
11307;43108
11310;53390
11310;41219
11314;14951
11314;50307
11316;44923
11322;25305
11327;16377
11327;28950
11331;52139
11331;32990
11338;40942
11338;35449
11340;25926
11340;15173
11341;44817
11341;21706
11343;56459
11343;17983
11349;35352
11349;44642
11351;25533
11355;22585
11355;50170
11357;52476
11361;40765
11361;20195
11362;26503
11363;44325
11366;17152
11370;48227
11370;57152
11372;15615
11373;33141
11373;16163
11375;41665
11375;45091
11376;37854
11376;30098
11377;36574
11377;22520
11379;26662
11379;11781
11380;30232
11380;40025
11381;28484
11382;23035
11386;45815
11386;38075
11387;14449
11387;44214
11388;25648
11388;22629
11390;39061
11391;37582
11394;49928
11394;56568
11395;39848
11395;16688
11397;13616
11398;36875
11400;37668
11400;55435
11403;30067
11405;58462
11405;14343
11422;34950
11422;50766
11424;29862
11426;57743
11426;29988
11445;15320
11445;56370
11446;16983
11446;30728
11446;46598
11448;57029
11448;28027
11451;14533
11451;24193
11455;25422
11459;24254
11459;56592
11463;44470
11464;52358
11465;43245
11467;48139
11468;57764
11469;58251
11469;22205
11473;20522
11473;40204
11473;19497
11476;49892
11476;54245
11479;41086
11479;37781
11489;37415
11498;44258
11499;29913
11504;20099
11504;39881
11507;23213
11507;50372
11507;30386
11507;53299
11508;15605
11508;32833
11509;14828
11517;13753
11518;32550
11521;43106
11523;25243
11523;15313
11524;26887
11524;34267
11525;20568
11531;37212
11536;51275
11537;49697
11537;34247
11538;51584
11540;58987
11540;22208
11542;51984
11542;29821
11544;47433
11544;52660
11545;41184
11548;46734
11557;35698
11557;18237
11559;31060
11565;40674
11565;13317
11571;46464
11571;49917
11580;38029
11580;28180
11581;33708
11596;57793
11596;40546
11597;33901
11599;31249
11604;29949
11606;20650
11606;21217
11611;55789
11611;53199
11613;35594
11614;42611
11614;37739
11615;23226
11615;43946
11624;39462
11624;14184
11626;19167
11628;47085
11630;52476
11631;34779
11631;45764
11632;29961
11641;34697
11645;36476
11645;31051
11648;23496
11650;29461
11650;30777
11653;39127
11655;17413
11658;13958
11658;29724
11670;58518
11672;45310
11672;17801
11672;38935
11676;58912
11676;48461
11678;51157
11678;51870
11680;43434
11680;44321
11681;33905
11682;27075
11682;32106
11683;55389
11683;42370
11685;54859
11695;23470
11695;33485
11699;48961
11700;22418
11702;29694
11706;32439
11706;32616
11707;16748
11707;25059
11709;28262
11709;46694
11712;21392
11712;36285
11712;22204
11715;53571
11715;23562
11718;17726
11720;24427
11722;49298
11723;42685
11723;16321
11729;48885
11729;37450
11734;42139
11734;56273
11735;13326
11735;13145
11738;45560
11738;34227
11750;58653
11751;54522
11751;58428
11752;51039
11755;24784
11755;56777
11756;46243
11756;26409
11757;53244
11757;21964
11759;19235
11759;13843
11768;47181
11776;20817
11776;49672
11779;12610
11781;56967
11783;30498
11783;56428
11783;41545
11794;26372
11794;36918
11797;17752
11797;43567
11800;12110
11802;30804
11802;39098
11803;48352
11811;38848
11815;37061
11815;31682
11815;57642
11820;17944
11820;37861
11822;21481
11822;47603
11825;15970
11826;31193
11826;25788
11826;52629
11828;42716
11838;33038
11838;55534
11839;33599
11839;33523
11845;47371
11845;46135
11846;31840
11846;37854
11847;29225
11847;29506
11848;32982
11848;27537
11849;33461
11849;33441
11849;55320
11850;27552
11850;53893
11852;19137
11854;28187
11854;58729
11857;34217
11857;25582
11858;54790
11858;21998
11862;40242
11862;28190
11870;28821
11871;53072
11871;37504
11872;20870
11872;50796
11873;30341
11874;44853
11883;55668
11886;52531
11889;38935
11889;25926
11889;47945
11891;55906
11891;15262
11891;47209
11895;55393
11895;31897
11895;56061
11901;12910
11905;35625
11905;51497
11912;22703
11912;57473
11926;36113
11926;56459
11934;42195
11934;49916
11935;32199
11939;24847
11940;49721
11940;25064
11946;26527
11947;14118
11954;23470
11954;31544
11954;46533
11960;19741
11960;28142
11962;36130
11963;47682
11963;32548
11968;36545
11972;30983
11972;53895
11972;26561
11973;20565
11973;34471
11974;24047
11974;45056
11975;54190
11975;28861
11976;56203
11979;19214
11979;44903
11980;53998
11981;43336
11981;36968
11987;55987
11987;39708
11988;29212
11988;44000
11996;37796
11999;24678
12003;41566
12003;41101
12004;57733
12005;12153
12005;30258
12008;29049
12009;58750
12013;29690
12021;44618
12024;38819
12024;33621
12025;27144
12025;28782
12026;54018
12028;29789
12030;53725
12030;47035
12032;36782
12036;12831
12036;32146
12041;43016
12041;47311
12043;31339
12043;28054
12044;32344
12046;39314
12046;31340
12046;31477
12050;43587
12050;56012
12050;47454
12052;44910
12052;12260
12055;55629
12059;13062
12062;45440
12065;44209
12065;33494
12065;42204
12067;17367
12067;37075
12074;53006
12074;52097
12075;31161
12075;56369
12081;23954
12081;50278
12086;37803
12086;19823
12087;14400
12087;23519
12089;57302
12089;42415
12096;30541
12096;53464
12097;43172
12097;27761
12097;42744
12098;15540
12098;15839
12107;51067
12110;53442
12110;23347
12111;23410
12111;52088
12115;21825
12115;33641
12117;16167
12118;42365
12118;42121
12125;38163
12125;20542
12125;21172
12126;46019
12132;33232
12135;40679
12135;28208
12138;24564
12143;20901
12143;41519
12148;44522
12148;12450
12153;19714
12154;53456
12154;27394
12155;43302
12162;50130
12162;48985
12162;14544
12166;56295
12166;46819
12168;51506
12168;27201
12168;57508
12169;50164
12169;55089
12173;50855
12173;23474
12174;31188
12175;35833
12175;50818
12176;24582
12176;13303
12178;18558
12181;41346
12188;53367
12190;12885
12190;56065
12191;12758
12193;58067
12193;43000
12193;28073
12196;56194
12196;37562
12198;54385
12201;57541
12202;43550
12204;28621
12204;52063
12205;25617
12205;54993
12210;53970
12210;19464
12210;58773
12211;34620
12211;43120
12222;20241
12229;12824
12234;45914
12234;42377
12235;32350
12236;41630
12236;13397
12241;44297
12241;22907
12242;40282
12251;19443
12251;44246
12252;14188
12252;57810
12253;23676
12253;29771
12256;21942
12256;17668
12260;49164
12261;46323
12262;17272
12262;18602
12264;31329
12265;50004
12265;53525
12269;57784
12270;39175
12272;20372
12272;26646
12278;20163
12280;22243
12281;15462
12281;34294
12283;51822
12283;16406
12286;16673
12288;17660
12288;20700
12289;40439
12289;36664
12292;32356
12294;56027
12294;14489
12295;31850
12295;17288
12298;35448
12298;32269
12299;50447
12299;25433
12301;28326
12302;26591
12302;20092
12303;14484
12303;49982
12311;16082
12312;34396
12312;37845
12315;49825
12316;56469
12317;52581
12317;29188
12320;14228
12329;53800
12329;52838
12330;17857
12330;31272
12335;48435
12335;50842
12336;43651
12337;42791
12337;32439
12337;40057
12338;16333
12339;15641
12339;20122
12343;55070
12343;37612
12345;55406
12358;19351
12358;58868
12359;27351
12359;30683
12362;18028
12362;27477
12362;32842
12364;15877
12368;40334
12369;58729
12369;29219
12373;15448
12373;38721
12375;47296
12377;36082
12379;57330
12379;28256
12379;21621
12383;29716
12384;28016
12386;23965
12390;25131
12390;24802
12394;13503
12396;31357
12399;44363
12399;53716
12400;20421
12400;31144
12401;50955
12402;40647
12402;44571
12402;29753
12403;57460
12404;20311
12404;17751
12406;50476
12406;53498
12407;32563
12414;36625
12414;56126
12415;37061
12417;14133
12417;32189
12418;19057
12418;44025
12418;46798
12423;56673
12435;37263
12436;26553
12436;28128
12438;36196
12438;44305
12442;54081
12451;39787
12451;40711
12453;17984
12457;44565
12458;45898
12458;53256
12459;41573
12459;32753
12471;13216
12471;18643
12474;58750
12475;41871
12475;47646
12482;27235
12482;55066
12482;43841
12482;49716
12485;50846
12485;13161
12488;55359
12488;21539
12489;31696
12490;27728
12491;53970
12493;38872
12493;25313
12494;51818
12494;13424
12501;17570
12501;16291
12503;30437
12503;21833
12505;53130
12505;31856
12507;26106
12508;24873
12509;16739
12515;51501
12516;57461
12518;31460
12522;54662
12522;32043
12523;22466
12523;46736
12525;22147
12527;41193
12527;28356
12527;30429
12534;45627
12534;16569
12535;33719
12535;21293
12540;31215
12543;54390
12543;15234
12544;13238
12548;17335
12548;19813
12550;15557
12550;46366
12551;26600
12552;49139
12552;21853
12555;43174
12557;13691
12557;21343
12558;31968
12558;42255
12558;27876
12563;37753
12563;50357
12574;37429
12578;31811
12585;32902
12585;28902
12592;25403
12596;35996
12596;13868
12597;15649
12597;42408
12598;49121
12598;32417
12599;48220
12599;42072
12605;35578
12606;55091
12606;30168
12615;47654
12615;44461
12615;41553
12628;47725
12628;14632
12629;49613
12629;38802
12632;13800
12635;35111
12636;23861
12639;29818
12640;53610
12644;19025
12644;35098
12645;46533
12645;13955
12646;31073
12646;32149
12647;26198
12647;14590
12650;40218
12650;42956
12655;51875
12655;42344
12656;48904
12659;54931
12659;21878
12660;30531
12660;18089
12661;55679
12661;39192
12663;51596
12663;14685
12664;25492
12665;55731
12671;24654
12671;35928
12682;14076
12682;22042
12683;38693
12683;37490
12684;44209
12684;45017
12690;57289
12691;57126
12701;58424
12701;23672
12702;38389
12702;17511
12704;49198
12709;26327
12709;17374
12709;29111
12711;43431
12711;35027
12719;36558
12719;46575
12726;47088
12727;51627
12728;42236
12734;22948
12735;32051
12735;20991
12743;52918
12743;23644
12746;40860
12746;13258
12747;39856
12747;45486
12752;22949
12752;55781
12756;48131
12758;55577
12761;45654
12761;33224
12762;31679
12762;58314
12764;37778
12764;55202
12765;51537
12765;32954
12765;51943
12766;51694
12766;41631
12766;23426
12769;45970
12770;16014
12770;13412
12778;49491
12778;49721
12778;58036
12780;38770
12780;16391
12782;18615
12793;48475
12793;25682
12794;54155
12794;48763
12795;50523
12795;38525
12797;52694
12797;52453
12803;46007
12803;56644
12806;49267
12806;36323
12809;48721
12809;27276
12809;20888
12811;46796
12811;25134
12812;44997
12814;55111
12814;34668
12817;27569
12818;47006
12818;25878
12821;47431
12823;27370
12823;55894
12823;45626
12824;31534
12825;33217
12825;13037
12826;15490
12826;19375
12826;22593
12831;49570
12837;48088
12840;54270
12841;50942
12841;19156
12841;45211
12843;41511
12844;35132
12844;51126
12846;14171
12847;17261
12851;52018
12851;41746
12853;28805
12853;47986
12855;24879
12855;53914
12858;53652
12858;17591
12864;45892
12865;32250
12865;15411
12868;34424
12869;28515
12869;56311
12870;17281
12870;29991
12871;43968
12881;56504
12885;55444
12886;42238
12895;26182
12899;50979
12906;27010
12906;38080
12910;23773
12913;23485
12913;29053
12913;25653
12916;13355
12916;32266
12919;31078
12919;25577
12923;41628
12923;48297
12933;56434
12937;48716
12939;22349
12946;24459
12946;27638
12953;17814
12953;51189
12954;42202
12954;20623
12956;16340
12956;36299
12959;25059
12959;54353
12963;41115
12963;30489
12964;43508
12964;50541
12969;38768
12969;25777
12970;40955
12971;14996
12971;16350
12975;15926
12975;34208
12977;50593
12986;52752
12992;55781
12992;29789
12995;42396
12996;52258
12996;38474
12997;36097
12997;24729
12998;32010
13000;13131
13001;45693
13001;39798
13003;48966
13003;53496
13007;58467
13012;52912
13014;31120
13014;15348
13015;28590
13015;56555
13016;55889
13025;25038
13025;59004
13027;54542
13030;52392
13034;29888
13034;26167
13037;18334
13038;48837
13040;53306
13040;52574
13046;14867
13046;29908
13048;51547
13049;19775
13049;42653
13051;49107
13051;47413
13056;23114
13056;30194
13059;23694
13059;45785
13061;55136
13061;51106
13062;21350
13065;37676
13066;30971
13066;38932
13074;45483
13074;28114
13075;47054
13076;48088
13077;52989
13077;34385
13078;42232
13078;15978
13088;25492
13094;49250
13094;57249
13099;29103
13109;23689
13110;49574
13110;41522
13112;31177
13112;37212
13118;58284
13118;43784
13122;23534
13122;34671
13127;55786
13130;53872
13131;34978
13136;43198
13136;23514
13138;30698
13138;47980
13140;45575
13141;28888
13142;33700
13142;36875
13143;33603
13143;54703
13145;23866
13146;47871
13146;56497
13147;36763
13147;14352
13152;25233
13153;41641
13160;32384
13160;41971
13174;42782
13174;44996
13181;31015
13181;17298
13182;47138
13182;57836
13189;55820
13199;44758
13203;36181
13210;53203
13211;45186
13216;39333
13217;53179
13221;14381
13221;52914
13223;20863
13223;15194
13231;17388
13231;58840
13234;20349
13238;34668
13245;26745
13248;14841
13251;27700
13251;38676
13253;31548
13253;29706
13254;28404
13256;35460
13256;36103
13257;51477
13258;46527
13264;32196
13264;28365
13265;19770
13265;35583
13266;14419
13270;23930
13273;29614
13273;52448
13273;51298
13275;22618
13275;13800
13275;56973
13279;22153
13280;22186
13280;48139
13281;15446
13282;40432
13283;49837
13284;17281
13284;43438
13285;47224
13291;57444
13291;52551
13293;51320
13293;15932
13295;55146
13295;16388
13296;14516
13296;54913
13297;16451
13297;39361
13303;16887
13304;32829
13304;48101
13304;37111
13304;22856
13305;55892
13310;52925
13310;30193
13317;19481
13319;29987
13324;46583
13325;54670
13325;48377
13326;15259
13326;19665
13328;45903
13328;35936
13331;33558
13334;17268
13334;36061
13335;32901
13335;25991
13336;55850
13336;32190
13337;42454
13337;19661
13344;33622
13344;48279
13355;17832
13356;21892
13363;51126
13363;33106
13365;55941
13370;58437
13372;37420
13373;45017
13373;47140
13375;18549
13375;57653
13375;37311
13378;38643
13378;20857
13380;56493
13380;28692
13384;49629
13384;43878
13387;41914
13389;21591
13390;52699
13390;53675
13396;13449
13396;23064
13397;20621
13399;58494
13399;30335
13402;36317
13402;31286
13402;41427
13406;50719
13406;49143
13406;38294
13412;52717
13413;48215
13414;31686
13414;56162
13417;24452
13417;23759
13419;32594
13419;33365
13419;52855
13421;29100
13422;58047
13422;17625
13425;15706
13425;57256
13427;16189
13427;42930
13433;53047
13436;47728
13436;57234
13438;51357
13438;22417
13439;31835
13441;24318
13442;48404
13442;16740
13443;37850
13443;31361
13448;49177
13448;53666
13449;25912
13451;22820
13454;14349
13454;41697
13457;58540
13457;20813
13461;37651
13468;39174
13468;20011
13471;38152
13471;14723
13475;34362
13476;26532
13497;20171
13497;49935
13499;55775
13499;43609
13503;48838
13509;30202
13509;16992
13511;35820
13511;17473
13513;56084
13513;33554
13514;28181
13517;43874
13517;25169
13518;22480
13524;47871
13524;58135
13525;23262
13525;44253
13528;43263
13529;58379
13529;54326
13532;46603
13532;27077
13533;50174
13540;51885
13542;55676
13549;20631
13550;30784
13551;30298
13551;30371
13552;31170
13552;41381
13553;39401
13553;48005
13559;27983
13562;52447
13562;15609
13563;57709
13563;39097
13567;41714
13567;18025
13569;56727
13569;45627
13570;54101
13570;39695
13571;57872
13571;56279
13574;19793
13574;19465
13575;28713
13575;13620
13576;39133
13576;38165
13580;58095
13583;37160
13583;53584
13585;30148
13585;37400
13586;19985
13586;15499
13587;51625
13592;56934
13599;17386
13599;46573
13600;42700
13600;54931
13608;56918
13608;49790
13615;25929
13615;43240
13616;27989
13618;44687
13625;50716
13625;35129
13626;53634
13626;56021
13629;26174
13629;28798
13634;55180
13639;14092
13643;38598
13643;20563
13644;24821
13644;21431
13650;38613
13653;40404
13656;35336
13656;48267
13659;38029
13660;31693
13660;29010
13666;37098
13671;53923
13672;53946
13672;34013
13672;47111
13673;41648
13673;29239
13686;39889
13686;55190
13691;40158
13692;21307
13692;15125
13693;40618
13693;51462
13694;16592
13694;17368
13695;29219
13699;16391
13701;54030
13703;15587
13707;28207
13716;17417
13719;21759
13719;43076
13724;29573
13724;40568
13736;20151
13736;24293
13739;21776
13739;39485
13752;56464
13753;20302
13754;28225
13754;50138
13755;23824
13755;32510
13756;25157
13756;24450
13757;50565
13757;51357
13761;38029
13761;31936
13763;31790
13764;31414
13764;16009
13767;25844
13769;55011
13774;20963
13784;23991
13784;31979
13784;54220
13787;52467
13787;14223
13788;14523
13788;47964
13790;54699
13790;14516
13790;22149
13792;40654
13792;35961
13792;32883
13794;18438
13794;32739
13799;44500
13799;20963
13805;40995
13805;33519
13805;34666
13809;54594
13810;48418
13810;43825
13810;57497
13810;38389
13810;38319
13811;47450
13811;54049
13816;29085
13818;51020
13818;32801
13823;46813
13825;55423
13825;32083
13829;56082
13829;29210
13833;22126
13833;49790
13833;24424
13834;48929
13834;35546
13836;40245
13837;16781
13837;39061
13842;25359
13842;20753
13843;31528
13844;53412
13844;57029
13850;45184
13850;49793
13852;14244
13852;27012
13854;35046
13854;46040
13854;22896
13856;53296
13860;33842
13862;44585
13862;58536
13868;39189
13871;46532
13871;58106
13872;30790
13872;18884
13876;51625
13878;30120
13878;47342
13879;23201
13879;37710
13888;58837
13890;33182
13904;16306
13909;28188
13910;15407
13910;20181
13911;34374
13911;29708
13914;39199
13914;41824
13916;30541
13921;16958
13922;38675
13926;56209
13926;18764
13926;31600
13936;42693
13939;15876
13939;15185
13939;43147
13939;18193
13941;24033
13941;54156
13942;47502
13942;57828
13947;49717
13947;28207
13951;34722
13951;45350
13951;53874
13955;46650
13958;40257
13961;35501
13962;58566
13962;33488
13964;48386
13964;14922
13969;32904
13969;18524
13974;32514
13974;34760
13975;27394
13976;47413
13976;18657
13977;32082
13978;50215
13978;28293
13979;57202
13979;14262
13980;35390
13980;25380
13981;27660
13981;44661
13983;27551
13983;23552
13985;25853
13985;36216
13991;37919
13991;26262
13994;52559
13995;15219
13995;50450
13998;32054
13998;42785
14004;57145
14004;33438
14005;36877
14005;28859
14006;30819
14006;56605
14012;25913
14012;26547
14012;41798
14018;52257
14018;37425
14021;24796
14021;48575
14021;34304
14030;44936
14030;40817
14031;18442
14042;42948
14043;32013
14045;40915
14049;56045
14049;20627
14052;57832
14052;35719
14054;39097
14054;21519
14058;56590
14059;57184
14059;14395
14060;23397
14060;23290
14063;25062
14063;24483
14064;15468
14064;49961
14067;32967
14067;20043
14067;20436
14068;36052
14068;40881
14068;36392
14070;40179
14070;31914
14070;23359
14072;37331
14073;38869
14073;26604
14083;15859
14084;37915
14084;51750
14087;41864
14087;14471
14087;37943
14090;28249
14091;37697
14091;52091
14092;48915
14096;51070
14096;44024
14100;28910
14100;20116
14103;24168
14103;52242
14108;32158
14108;16586
14109;48891
14110;44248
14110;55518
14112;27997
14112;35828
14118;26725
14121;42476
14123;56797
14127;35126
14133;58321
14138;33242
14138;48683
14139;28089
14142;20813
14142;19741
14144;58570
14145;33634
14148;58882
14149;56359
14150;14539
14155;15200
14155;20801
14169;46672
14169;42527
14171;29679
14173;46780
14174;28160
14174;24333
14175;53807
14175;53244
14177;36974
14177;26935
14185;15893
14188;30613
14189;33058
14191;31422
14191;17322
14192;44029
14204;18961
14204;35576
14204;24314
14205;54424
14205;55975
14212;23951
14212;54287
14213;40394
14213;29204
14215;21007
14215;50582
14216;33493
14216;48903
14216;24329
14219;16843
14223;22624
14226;45134
14228;51686
14228;44962
14229;37209
14235;17751
14235;44132
14238;57116
14239;26315
14239;41205
14243;56727
14244;34588
14250;38163
14250;48202
14250;20370
14251;57327
14251;56110
14255;33026
14256;38533
14262;22444
14263;17759
14264;35601
14264;18795
14268;29356
14268;54575
14269;41214
14270;29110
14274;16669
14274;24881
14274;38980
14275;28389
14275;15350
14275;53307
14276;24932
14276;28316
14277;15412
14294;16079
14294;36429
14296;33712
14296;30069
14301;24243
14301;56486
14302;48335
14302;27028
14305;17404
14305;28555
14307;16183
14307;39394
14308;42941
14308;43011
14308;38251
14312;18366
14312;17651
14313;40528
14318;52791
14320;31467
14320;46923
14321;27224
14322;39856
14322;42300
14323;19849
14323;46418
14324;22416
14324;44108
14326;18156
14326;36553
14329;22568
14329;55990
14329;51447
14337;46020
14337;47560
14339;39684
14339;33503
14342;17965
14343;35265
14345;25571
14347;58320
14347;23288
14349;46978
14351;24132
14351;41238
14352;24900
14353;37890
14354;20767
14356;34466
14361;54043
14361;37177
14366;25526
14367;33616
14369;40225
14371;57175
14371;17566
14374;23119
14374;16117
14378;18860
14379;50111
14379;18474
14385;32610
14386;48506
14386;40011
14387;54022
14387;35573
14389;19228
14392;42603
14392;15878
14395;55932
14400;43913
14400;40301
14405;20683
14405;54257
14407;50200
14407;24892
14413;56958
14413;16581
14414;44812
14414;57346
14414;32157
14414;28158
14414;34672
14416;30465
14416;53881
14417;45206
14417;36712
14423;58314
14423;58360
14426;51039
14431;17093
14431;49473
14433;50105
14437;55594
14438;34843
14438;39391
14445;55550
14445;16070
14446;23513
14446;39674
14449;18017
14455;39398
14455;37677
14462;27465
14463;33977
14464;22192
14464;51665
14467;15604
14467;28906
14468;48475
14468;26946
14470;19868
14470;34696
14471;44901
14474;15689
14474;42639
14474;28732
14483;16360
14483;18318
14483;28212
14487;18833
14489;51308
14490;15921
14490;33279
14495;56142
14495;46735
14500;18900
14500;35336
14505;17655
14505;33986
14505;34000
14512;22650
14512;16019
14513;17508
14513;49239
14519;34327
14519;29554
14519;22303
14522;36896
14523;36099
14523;14760
14524;37038
14524;44418
14530;51726
14530;54956
14530;38717
14531;17473
14533;37804
14534;58341
14535;58340
14537;30247
14539;29218
14542;29915
14544;17397
14545;33035
14547;45488
14550;45534
14553;45486
14553;42017
14554;39323
14558;54936
14558;22569
14560;16832
14560;48790
14564;42658
14566;56398
14566;37034
14566;43807
14567;52283
14567;15457
14567;51320
14568;57596
14568;48350
14568;34394
14569;53439
14569;40067
14578;52083
14578;28459
14582;36807
14582;49988
14587;48208
14587;51165
14593;27365
14593;54564
14594;30795
14605;36506
14605;41155
14609;50768
14614;40884
14614;29043
14617;15734
14618;27610
14618;56154
14622;54957
14622;23023
14624;19765
14624;36498
14624;37774
14627;54098
14627;27720
14636;52795
14636;15590
14640;27036
14640;16360
14641;26656
14641;19106
14642;39527
14642;51136
14645;21208
14645;44296
14645;18388
14651;26684
14657;44622
14657;36857
14662;48400
14662;51686
14672;40966
14672;52024
14674;23741
14674;29010
14677;54328
14678;58701
14678;27013
14680;29363
14684;44085
14688;20333
14690;30833
14690;23269
14695;43124
14695;39948
14696;40282
14703;19699
14712;19975
14712;56560
14715;26008
14715;43714
14717;57982
14721;18652
14721;25695
14723;33415
14730;19464
14730;30940
14733;36085
14736;54124
14738;54295
14738;17484
14740;54257
14740;57304
14743;52217
14744;38427
14744;19554
14748;46126
14749;17912
14749;41895
14751;18681
14752;35283
14752;53279
14755;36277
14760;55967
14760;47513
14767;19425
14767;20861
14767;35217
14768;46260
14768;31107
14770;51340
14773;52898
14773;17270
14778;33874
14778;46708
14781;44503
14783;44234
14783;52852
14784;14936
14784;58591
14788;49800
14788;56889
14791;34971
14791;36723
14793;35909
14793;21465
14798;16877
14798;45037
14803;34840
14814;29695
14817;55450
14817;41366
14821;16011
14824;36202
14828;17459
14828;26274
14829;24684
14829;55825
14831;57918
14831;56940
14832;24889
14832;44805
14834;30964
14834;25452
14835;34982
14841;26958
14842;42988
14842;39226
14851;40957
14851;21488
14853;55893
14856;43984
14856;54389
14856;38551
14867;36684
14867;23234
14868;24361
14868;49830
14869;21449
14871;58348
14871;55550
14882;50598
14882;32040
14885;53235
14889;18693
14889;37899
14893;16430
14893;52990
14902;28793
14902;28660
14903;19283
14903;46345
14907;29449
14911;34292
14911;47808
14912;20383
14915;32543
14921;16686
14922;31080
14929;35216
14929;23836
14929;27707
14932;43174
14936;37357
14940;15141
14942;36491
14945;20779
14947;18279
14947;48777
14950;39761
14951;50156
14952;31159
14952;34543
14961;24612
14961;49270
14962;39493
14971;16876
14971;53629
14978;46014
14981;48544
14982;51473
14982;58133
14991;19950
14991;19877
14994;19392
14994;16102
14996;50901
14998;56454
14998;35774
14999;16226
14999;16721
15000;57554
15001;40571
15001;22237
15003;21639
15003;46948
15004;44283
15004;37339
15006;52301
15014;24516
15019;53481
15020;27812
15034;58719
15035;37259
15035;42053
15038;35948
15038;45844
15044;27226
15044;44335
15045;55249
15045;52950
15047;57684
15052;30555
15052;30220
15052;23872
15056;58953
15056;58344
15056;22758
15060;33131
15060;56022
15061;57814
15061;48756
15062;42988
15062;32384
15067;28512
15067;32391
15074;16149
15075;57570
15075;17588
15077;48362
15077;20611
15078;15093
15079;21955
15079;44891
15083;50534
15084;38092
15084;30719
15085;19084
15085;49561
15088;50007
15088;52423
15091;54496
15091;15794
15093;15814
15098;37130
15098;49647
15101;27162
15101;27032
15102;26009
15102;28394
15106;55241
15106;42624
15114;38175
15114;40765
15116;19587
15116;45302
15120;45529
15120;23679
15123;21573
15123;28776
15125;22699
15129;30024
15135;55117
15137;21512
15143;20982
15143;27494
15150;26409
15150;16375
15151;27519
15151;55188
15152;26110
15152;15707
15155;46014
15156;37741
15156;29924
15158;16194
15159;39998
15159;40025
15160;37959
15164;54915
15164;58515
15165;30127
15165;28441
15166;56577
15168;18988
15168;55030
15168;58507
15170;49344
15170;18564
15172;39439
15172;31535
15173;53089
15174;19313
15174;32867
15176;29587
15180;24005
15181;23856
15181;31861
15182;26730
15183;50743
15186;17369
15186;21880
15187;42023
15188;40474
15190;46417
15190;56602
15199;37881
15199;42910
15199;29200
15200;26806
15201;15257
15202;28376
15202;44860
15212;20694
15212;47294
15213;35033
15214;30567
15214;57788
15214;43189
15214;40158
15214;47693
15214;33009
15217;23484
15226;26886
15226;58575
15232;43759
15232;26025
15232;27215
15233;38589
15233;56142
15235;54237
15237;29555
15237;39940
15242;19276
15242;58645
15243;26989
15244;32334
15244;20602
15248;36357
15252;16842
15252;52339
15252;16124
15253;29036
15253;41593
15255;23093
15257;53119
15258;53433
15258;38766
15258;24421
15258;22036
15259;56292
15261;49395
15261;16084
15262;21483
15263;55335
15264;49616
15266;19932
15266;28879
15270;16530
15270;28225
15276;23882
15276;58903
15283;19004
15283;43457
15285;44322
15285;20512
15293;21812
15296;31784
15298;32464
15298;26709
15299;53268
15299;32835
15304;37018
15311;43921
15311;49705
15320;31633
15331;50852
15331;47935
15332;35665
15334;55467
15340;35538
15345;39937
15350;44526
15351;36179
15358;33573
15358;57997
15359;51150
15360;22080
15360;34551
15364;42137
15364;22464
15365;55288
15365;58981
15368;45642
15368;17405
15370;31494
15377;25158
15377;32187
15377;44588
15380;16855
15380;17493
15384;42596
15384;42630
15385;37302
15385;17391
15387;45878
15387;31017
15389;22317
15389;54485
15390;49080
15399;43673
15400;21054
15400;28969
15407;24073
15408;30112
15408;56590
15410;35609
15410;31228
15412;21617
15415;43504
15415;27139
15416;42085
15416;45061
15420;56572
15420;21174
15420;56518
15422;22791
15428;30060
15430;28209
15432;50462
15438;43964
15438;50040
15440;17183
15440;25221
15441;31216
15441;33513
15442;15501
15442;57602
15445;50050
15445;44900
15446;15481
15457;51320
15462;22570
15462;26550
15465;53256
15465;27947
15465;35195
15467;58041
15468;31854
15468;32763
15470;32937
15470;55961
15471;25743
15473;44305
15473;20399
15475;46308
15480;46771
15480;54699
15481;34066
15481;15770
15489;31682
15489;49192
15490;34808
15491;51974
15499;58411
15501;20380
15501;50649
15502;17526
15502;57836
15505;34379
15505;17617
15506;34799
15506;49367
15510;57227
15511;44790
15513;50726
15518;53423
15519;22159
15523;19661
15523;24694
15527;55051
15529;35261
15530;31254
15531;29645
15531;25947
15540;17659
15544;15882
15544;46542
15545;43815
15547;49571
15547;21847
15549;45889
15550;44477
15550;44248
15552;29868
15552;35667
15556;41850
15562;45695
15562;17689
15562;31672
15563;20584
15564;32733
15564;58533
15566;58068
15577;45835
15577;29019
15579;20790
15581;30426
15588;33367
15589;43457
15590;58047
15594;17124
15594;20030
15594;36692
15599;52012
15599;16846
15604;28471
15605;20735
15609;55058
15614;48726
15614;48799
15614;18911
15615;26575
15615;28821
15619;16661
15619;46663
15621;25528
15621;54292
15624;30428
15624;24472
15626;21749
15626;38807
15627;19367
15627;25569
15630;52196
15630;58734
15635;49735
15635;29388
15639;24088
15639;55656
15640;23442
15640;34283
15641;19932
15643;22333
15643;36151
15646;16972
15647;29679
15647;48015
15649;42208
15651;16634
15651;48232
15652;37623
15656;32106
15656;57755
15657;16858
15666;46024
15666;51984
15667;22499
15667;37985
15670;33924
15672;57478
15676;30436
15676;33618
15678;47274
15679;48779
15679;23458
15682;45149
15682;53413
15684;49033
15684;51395
15685;24930
15689;41211
15697;29656
15697;24825
15699;28430
15701;48460
15703;36906
15705;35899
15705;21970
15705;30187
15706;47799
15706;22428
15714;51150
15714;56578
15719;33126
15720;50007
15733;28352
15733;50405
15734;42484
15736;46548
15736;38545
15739;28645
15742;47654
15742;21310
15743;58068
15743;31759
15745;56950
15745;38216
15746;49629
15746;37406
15747;43954
15747;38804
15747;39694
15750;39568
15750;23746
15758;52853
15758;52626
15758;45230
15759;43271
15759;55248
15759;55091
15764;47049
15764;52053
15765;57603
15765;56903
15766;46990
15767;56460
15770;25717
15775;28237
15777;25129
15777;16222
15778;42195
15778;52537
15782;16929
15784;18977
15785;34709
15792;18712
15792;24702
15793;22382
15794;56125
15802;54378
15803;43756
15808;41669
15811;50381
15811;58457
15813;49615
15813;58709
15814;41193
15814;17761
15815;16184
15815;44686
15816;35770
15818;41273
15824;48916
15827;41370
15827;31399
15829;33110
15832;38162
15832;20901
15839;51244
15840;52553
15840;21816
15847;41407
15847;23839
15854;18400
15854;19994
15859;43665
15860;52273
15862;22004
15862;43079
15865;54817
15865;36081
15869;54117
15869;32971
15871;16144
15871;33869
15876;39143
15876;18193
15877;35551
15878;51331
15881;48419
15881;36807
15882;38449
15884;44467
15886;22103
15889;54583
15890;30171
15890;44593
15890;32507
15892;40875
15893;54991
15904;19626
15904;20816
15906;15950
15917;44272
15917;54199
15920;23698
15920;35844
15921;22412
15923;35255
15925;35822
15925;52166
15926;29730
15930;19997
15930;47829
15931;26586
15932;17896
15940;55646
15942;30258
15942;39064
15945;48106
15946;28490
15946;18900
15950;30439
15953;24540
15954;49311
15958;44179
15958;45966
15959;21926
15959;21157
15965;47490
15965;29913
15967;23345
15976;24490
15978;19535
15980;37957
15984;36828
15984;47446
15987;22882
15987;23741
15991;50392
15994;26399
15995;27575
15998;18499
15998;56576
15998;25990
16001;28164
16004;32977
16004;58352
16009;39233
16011;31375
16014;33963
16016;25450
16016;53563
16024;41915
16024;42137
16027;38704
16027;44469
16032;20166
16032;22479
16032;28627
16034;56274
16034;51907
16035;26185
16035;23456
16046;56863
16046;57123
16047;47516
16051;33084
16051;33076
16052;35603
16058;19912
16058;31550
16060;56303
16060;21372
16068;45640
16069;28833
16071;24207
16072;23925
16072;37312
16076;52075
16077;44350
16077;46049
16079;29061
16081;53195
16081;21872
16082;50099
16084;53067
16085;55059
16086;30448
16088;18531
16088;22581
16091;37061
16097;41704
16102;25460
16103;45853
16107;36622
16107;56114
16112;17477
16112;40428
16113;36906
16127;24326
16130;50502
16130;33820
16137;29636
16144;43677
16145;44064
16148;42509
16148;24452
16149;27620
16155;44992
16155;34439
16155;24261
16156;23885
16159;39044
16159;57764
16161;31016
16161;46112
16162;48039
16162;38691
16163;38863
16164;26045
16164;49464
16164;50610
16167;39763
16168;33438
16171;35907
16180;48366
16180;28833
16181;52142
16181;24836
16181;22958
16182;27066
16183;36776
16184;42791
16186;23008
16186;43499
16186;16341
16189;23009
16190;48249
16190;56087
16194;31415
16194;56818
16197;29643
16197;58326
16198;24559
16198;23343
16208;34528
16208;55195
16209;18167
16210;20700
16212;46867
16213;34439
16220;57368
16222;41125
16226;30243
16230;22239
16230;25362
16231;20661
16233;16308
16237;33284
16238;22452
16240;46168
16240;30337
16240;56966
16241;22074
16241;38101
16245;24486
16245;53423
16248;34515
16248;18568
16254;21172
16254;46111
16260;57749
16261;19821
16261;54509
16264;24582
16264;44992
16266;24486
16267;46977
16268;45258
16268;47356
16272;41005
16272;30393
16281;41431
16284;35263
16284;43042
16286;18688
16288;47945
16288;39263
16292;48236
16292;55629
16293;52231
16300;31812
16300;38797
16300;42086
16303;33746
16303;50310
16306;22603
16311;24499
16311;50648
16313;51746
16313;26725
16315;38489
16315;33881
16318;33167
16318;24856
16319;34207
16321;53198
16323;38820
16323;49006
16327;46759
16333;39446
16338;36746
16338;24393
16340;52064
16341;54733
16345;45326
16347;58144
16347;31927
16348;29407
16350;30766
16358;48302
16358;49927
16362;36310
16362;51230
16368;53455
16368;36010
16369;52516
16374;22343
16375;39346
16375;35802
16377;19994
16385;57300
16392;40380
16394;32967
16404;49453
16404;39044
16410;58453
16410;24896
16411;57844
16411;56900
16411;21240
16411;33223
16421;46507
16421;16439
16421;32717
16430;45916
16436;24981
16436;30993
16438;26960
16438;36891
16443;37396
16443;35746
16447;29392
16447;18417
16447;57604
16451;45976
16453;20510
16453;57036
16453;50034
16455;54118
16455;45827
16457;30016
16457;36154
16459;35952
16459;18923
16462;27602
16462;39936
16463;28531
16464;40522
16466;39452
16475;57084
16476;32267
16478;30999
16478;50477
16480;42854
16480;38677
16481;29023
16481;24018
16482;25900
16482;38554
16484;46694
16484;33476
16489;33824
16489;30755
16489;21380
16490;29650
16490;30790
16493;45381
16493;55687
16494;35253
16494;44887
16496;33563
16496;21417
16497;29791
16497;25064
16498;42459
16499;35905
16499;27043
16500;44901
16500;45437
16506;33238
16506;41696
16511;34066
16513;56856
16516;52467
16516;56365
16517;47667
16517;37534
16518;47110
16518;18491
16530;45827
16533;17355
16533;20412
16543;35481
16543;56265
16545;39874
16545;29600
16546;52021
16551;29273
16551;23819
16552;57445
16552;17885
16558;28846
16563;27996
16565;50757
16568;34474
16575;20521
16575;55679
16577;52769
16577;44901
16579;34502
16581;27175
16582;49146
16586;28577
16586;45993
16601;50228
16602;35906
16604;29935
16604;32085
16611;39601
16611;27265
16613;22419
16613;19160
16621;37164
16621;51257
16629;53042
16629;36778
16633;26946
16634;53496
16640;42746
16644;27813
16644;56319
16648;44466
16651;54043
16652;27325
16652;32210
16654;30918
16655;32198
16659;18687
16659;29803
16660;51162
16661;52623
16663;32840
16666;54292
16666;34481
16668;50105
16668;25494
16673;34257
16686;26643
16687;26455
16687;28389
16688;22206
16695;50298
16695;18533
16701;22766
16701;34291
16702;47359
16702;23313
16702;41451
16710;20376
16710;55646
16711;56578
16711;50670
16712;58847
16714;40099
16714;41012
16720;57859
16720;29536
16721;32665
16722;58203
16722;45079
16724;53203
16724;23770
16726;36126
16726;49772
16730;35667
16730;35414
16733;44996
16738;40985
16738;28315
16739;43609
16740;42715
16742;40924
16742;35501
16744;54218
16746;48787
16746;27818
16748;42542
16753;53013
16754;37565
16754;46388
16773;36651
16776;56212
16781;52455
16787;28778
16791;33034
16791;47274
16791;55249
16795;50853
16797;23908
16798;56886
16798;25943
16799;58479
16802;40245
16802;41118
16803;36634
16807;22106
16809;31567
16809;35668
16813;58994
16818;56752
16818;57114
16820;33216
16820;17192
16824;16992
16824;44943
16828;30827
16832;51205
16834;40291
16834;27441
16841;37198
16841;18360
16842;49896
16842;21401
16843;43130
16843;49090
16844;34259
16844;43162
16844;28615
16846;32152
16848;57322
16848;26552
16849;17265
16849;21436
16851;44032
16852;35195
16852;51453
16852;54342
16855;23266
16859;22472
16859;47400
16861;58756
16861;49749
16862;54646
16862;23968
16863;26417
16863;29045
16866;40133
16866;34619
16870;52658
16870;36948
16876;19789
16877;47426
16877;46213
16878;51646
16878;52124
16881;34000
16884;56202
16884;51252
16885;19694
16885;29365
16887;23795
16891;54541
16891;27046
16893;21422
16893;29081
16901;57828
16906;51633
16913;34491
16913;54055
16919;54816
16921;23175
16921;21887
16924;26737
16924;32523
16924;27511
16926;21853
16926;54424
16928;46019
16928;17490
16929;41516
16931;24860
16931;28596
16932;49996
16932;23051
16939;31415
16939;23336
16941;53298
16941;26217
16941;52328
16943;23157
16946;37463
16950;40602
16950;27867
16951;44571
16958;52445
16959;40848
16960;37444
16961;48838
16961;30588
16962;42832
16962;26985
16964;29492
16964;58314
16965;17288
16966;31394
16966;28096
16975;55683
16980;26339
16980;50303
16980;28801
16980;18559
16981;46314
16981;23626
16983;52554
16992;30016
16996;58643
16996;45694
16996;45965
16996;51890
16997;17788
16997;38487
17001;22428
17001;28834
17005;46981
17005;56222
17005;24413
17009;40725
17010;37415
17010;45817
17012;27012
17012;38449
17014;46499
17022;39206
17031;20982
17033;32644
17033;37915
17036;47293
17037;22882
17037;43683
17038;20677
17038;55506
17046;55885
17046;26358
17046;41370
17048;28774
17048;28185
17050;30866
17058;24689
17058;19135
17060;17957
17060;23969
17069;27713
17070;35921
17070;46925
17072;54521
17073;55263
17073;34527
17082;36605
17082;22471
17083;23288
17083;33970
17086;56773
17086;20502
17093;22229
17097;17184
17101;42303
17101;46886
17105;25778
17109;27224
17111;18870
17111;39141
17122;44466
17122;55037
17123;32496
17124;35531
17130;33302
17130;39658
17131;40168
17131;21196
17131;49198
17136;44892
17140;25115
17142;25513
17142;56200
17148;54570
17149;52440
17149;28994
17155;57385
17155;32509
17158;33011
17158;51202
17162;51308
17169;23927
17169;48731
17170;57558
17181;24389
17181;20308
17182;23473
17182;49895
17183;45380
17184;27571
17191;34362
17191;17811
17192;28707
17194;21874
17200;28846
17204;39899
17204;21699
17208;40996
17208;25113
17212;56683
17212;26287
17216;58981
17216;57445
17217;37576
17217;18444
17218;29841
17218;20974
17230;40711
17230;26942
17232;33778
17232;52574
17235;43115
17235;31319
17236;35221
17243;24196
17243;38811
17246;42584
17246;52704
17247;36137
17250;32144
17250;18484
17257;41556
17257;50915
17259;47646
17259;55556
17261;31663
17262;22632
17262;32819
17268;50140
17270;26758
17272;57570
17272;26175
17273;44676
17276;28008
17276;43185
17278;36092
17278;23993
17278;45593
17281;49162
17286;51393
17288;44176
17289;50595
17289;48496
17291;52952
17291;45797
17292;51023
17292;19422
17294;22075
17294;21185
17304;22662
17306;47504
17306;50539
17309;49550
17309;58690
17318;44707
17318;51473
17319;44670
17320;35788
17320;48164
17322;30268
17325;45499
17325;23000
17326;45983
17326;46315
17328;50709
17328;45291
17330;38734
17330;43342
17333;38743
17335;43567
17336;37254
17336;47042
17339;32927
17339;42248
17339;24612
17340;19199
17342;43743
17342;50653
17342;34807
17347;28052
17351;18897
17355;37311
17355;44478
17364;24450
17367;24504
17369;22799
17370;42990
17372;45202
17372;56849
17374;29073
17374;24087
17377;53715
17377;38235
17378;34341
17379;29793
17379;46191
17386;48586
17388;57546
17391;45154
17392;27290
17396;42632
17397;28847
17398;55430
17400;35884
17400;35313
17401;41309
17409;40226
17409;36452
17411;45674
17411;43673
17413;35280
17417;30164
17420;50277
17420;29886
17426;28256
17426;40407
17427;22993
17427;38558
17428;44971
17431;19235
17431;37950
17433;48158
17436;42784
17436;35868
17442;57222
17442;40602
17444;44186
17444;35625
17450;44806
17450;20264
17453;47860
17453;51827
17454;57782
17454;26650
17459;47001
17461;20324
17465;18343
17465;56800
17466;40853
17466;38544
17467;25730
17467;18140
17468;34849
17470;27247
17477;26768
17477;57973
17483;37886
17483;35310
17484;31422
17490;17806
17492;33231
17492;33704
17493;38281
17500;53212
17507;44675
17508;22730
17509;33311
17509;20967
17511;31767
17516;18850
17516;35450
17518;23278
17518;23917
17519;54821
17519;25730
17519;49068
17521;50334
17522;49911
17522;23626
17526;24697
17526;49985
17528;21717
17530;44450
17530;38734
17533;45961
17535;31444
17536;23678
17542;23782
17553;49935
17554;49048
17554;49376
17555;22375
17561;36119
17561;42097
17566;34226
17572;19300
17573;18183
17573;51506
17573;34740
17575;41045
17579;49366
17579;17843
17582;54030
17587;42620
17587;24557
17588;21392
17591;32702
17598;51272
17598;32299
17599;49177
17600;39323
17600;50986
17603;47925
17604;42209
17604;57642
17606;55947
17609;18469
17609;28182
17613;21139
17613;51522
17616;55881
17616;45365
17617;20488
17618;44549
17618;41515
17624;18124
17625;33440
17628;49260
17628;57101
17629;24398
17629;29737
17641;27061
17641;43877
17642;30281
17643;30963
17643;37255
17644;48327
17644;53212
17646;21476
17646;43523
17647;47649
17647;56583
17650;32754
17651;34926
17653;37976
17654;31807
17654;48313
17656;25435
17660;52177
17661;48887
17663;22847
17663;21282
17667;19468
17669;58874
17669;43552
17676;53032
17676;54439
17678;28834
17679;33769
17681;43728
17687;49971
17692;52018
17692;38102
17693;48682
17694;35818
17694;28741
17696;56498
17696;37727
17702;54478
17702;24324
17705;43375
17706;34734
17706;27088
17706;31849
17710;49162
17710;33834
17711;58640
17712;30905
17713;39314
17713;51383
17714;33249
17714;41901
17717;55488
17717;56771
17718;18876
17718;30200
17718;22659
17719;32726
17719;24210
17720;31340
17720;21171
17722;28188
17724;37781
17724;26711
17726;27645
17726;53609
17728;18849
17728;19226
17729;54154
17729;36478
17733;26725
17733;47369
17735;56405
17735;58915
17741;48141
17741;36400
17743;23974
17746;40648
17746;28896
17752;41401
17752;29380
17752;33424
17753;34115
17754;23825
17758;27443
17759;30434
17760;28529
17761;46952
17766;42647
17766;43446
17767;32406
17767;37205
17768;44620
17768;28419
17769;23142
17775;27185
17775;44783
17776;24024
17776;19638
17778;55824
17778;36314
17787;45230
17787;28119
17788;25167
17791;33417
17791;52296
17794;44417
17801;47144
17802;42976
17802;38102
17806;40401
17808;29843
17810;28726
17811;41636
17813;28647
17813;53741
17814;43139
17815;43403
17822;45658
17825;28837
17827;31534
17829;30067
17829;40674
17831;46061
17831;44911
17832;38481
17837;44200
17837;32598
17840;49982
17840;46225
17841;32762
17842;25816
17843;22660
17844;33874
17845;28982
17845;39717
17847;54080
17848;43185
17848;48067
17851;34030
17851;18737
17852;30862
17852;49011
17856;38496
17857;33641
17860;27591
17860;28746
17866;23192
17868;58882
17868;38295
17870;57240
17875;57539
17875;44067
17877;45843
17877;28532
17880;58136
17880;22217
17881;46049
17881;57565
17885;31976
17886;21720
17890;32603
17894;19011
17894;23925
17910;54219
17912;56964
17921;45898
17932;48116
17932;54909
17932;46681
17935;48941
17940;26006
17940;44103
17944;41594
17945;37654
17945;54846
17952;47313
17956;52886
17956;55770
17957;26545
17957;20524
17959;57895
17961;22132
17963;46219
17963;47314
17965;31952
17965;28420
17969;28420
17972;22678
17972;36672
17973;57655
17975;29967
17975;46197
17984;44482
17984;56881
17985;57994
17985;43228
17992;44372
18001;32547
18002;45690
18002;21036
18004;26069
18005;37560
18005;27817
18014;53199
18014;26824
18017;27855
18017;49788
18019;23170
18019;51466
18023;20880
18023;19883
18025;34035
18029;25831
18029;58869
18030;43377
18030;23954
18031;26521
18031;34552
18034;18311
18043;18065
18043;21137
18049;50796
18049;33963
18051;54409
18053;28192
18053;52945
18065;47222
18069;52396
18069;29578
18081;30073
18089;49142
18098;33107
18102;39856
18103;52951
18103;33370
18106;51266
18115;48034
18116;52261
18116;23168
18121;41688
18124;41256
18129;20710
18129;53373
18131;55731
18131;24739
18134;54962
18139;42115
18140;49617
18145;56626
18145;29371
18146;38574
18150;31505
18151;48118
18151;20917
18152;49246
18152;32159
18154;54563
18154;52170
18156;35538
18165;25650
18165;58268
18166;42619
18167;57300
18167;35855
18168;19322
18168;51070
18169;46677
18169;49450
18171;38554
18175;52379
18175;52157
18180;43520
18180;36805
18182;58473
18182;28909
18183;39679
18188;20587
18188;27268
18193;19148
18194;46354
18194;49594
18194;46847
18195;18328
18195;26600
18196;20475
18196;47682
18198;37530
18200;18911
18200;46090
18201;30313
18202;39941
18204;30382
18205;35467
18205;48498
18205;33217
18213;45200
18213;38115
18214;21907
18224;39433
18224;46564
18230;26812
18230;25371
18232;38428
18232;21431
18237;20050
18238;22606
18240;20748
18240;47502
18255;38686
18255;34374
18255;54519
18255;56252
18256;53535
18262;51604
18262;56433
18266;28430
18266;27163
18267;29425
18269;40006
18269;35768
18271;57560
18271;52934
18277;28261
18279;30302
18281;31610
18281;56084
18286;20263
18288;51378
18288;40529
18292;56786
18292;40153
18293;51227
18295;34201
18296;42743
18296;51232
18297;55880
18297;36056
18299;43781
18300;29398
18300;55013
18300;55051
18313;45274
18313;35863
18315;36554
18318;54935
18318;51405
18321;50420
18321;52245
18322;58862
18323;20890
18328;28820
18330;53279
18330;46047
18333;55306
18334;35506
18335;47625
18335;53280
18337;39901
18337;33086
18338;38267
18338;29217
18339;46461
18339;30085
18342;56215
18343;41109
18347;36060
18347;58745
18348;57691
18357;32966
18358;23188
18358;24767
18360;37540
18361;45128
18363;37786
18363;35566
18364;54515
18364;46234
18376;39225
18376;51229
18382;45576
18388;35518
18395;19913
18395;31931
18396;55864
18396;32070
18400;20310
18401;19151
18401;27363
18402;55922
18402;24355
18411;43212
18411;42101
18412;31441
18413;55243
18413;37254
18417;45499
18420;29003
18420;21314
18421;20446
18426;22456
18434;41936
18434;49551
18437;49998
18438;32746
18439;37473
18441;56827
18441;33011
18441;45011
18442;18986
18444;39495
18448;45085
18449;34860
18449;48302
18450;36291
18450;50226
18451;44788
18451;29171
18453;21811
18456;46377
18457;42990
18457;52188
18457;50397
18461;58601
18461;30955
18465;24921
18465;29072
18469;52243
18470;53775
18470;46855
18470;24970
18470;42980
18477;36920
18480;35594
18484;27832
18493;28555
18494;56562
18500;48317
18503;47249
18503;31026
18507;31415
18513;43594
18516;19166
18517;53068
18517;40894
18518;38287
18527;21248
18527;58239
18529;30883
18529;23014
18531;50483
18532;54583
18532;53421
18532;47798
18533;53659
18538;42517
18538;45279
18539;51694
18539;49076
18541;23642
18541;41216
18546;39664
18546;49870
18549;25299
18551;43907
18552;31424
18552;58192
18557;30148
18557;26891
18557;42975
18559;30849
18563;53421
18564;18940
18565;21260
18565;39679
18565;46976
18567;37957
18567;52053
18568;37891
18569;20816
18572;55903
18572;28112
18573;54272
18577;55107
18591;37228
18591;33034
18593;48038
18602;44321
18611;31940
18611;55903
18615;29171
18616;57115
18619;34976
18624;35098
18624;18933
18625;35213
18626;53818
18627;42418
18634;41705
18634;47076
18639;21275
18642;43715
18643;24635
18643;42699
18648;35309
18651;55665
18651;51879
18652;38981
18652;24947
18655;39394
18655;40615
18658;31666
18658;57189
18664;25771
18665;28140
18665;36412
18672;24572
18672;23422
18673;28628
18673;48293
18675;30195
18678;37404
18678;34095
18679;27356
18681;49045
18682;43418
18682;55665
18693;48253
18695;39875
18699;20689
18699;25086
18700;28427
18700;40076
18708;58714
18708;31833
18709;22754
18712;19042
18714;38222
18714;52504
18715;43993
18718;19045
18718;24039
18728;53817
18728;53992
18730;28755
18731;54508
18732;56194
18732;57793
18733;40905
18733;25650
18734;44038
18734;41477
18737;23027
18745;20762
18748;29880
18748;39030
18751;52661
18751;47540
18752;50344
18752;53330
18753;44193
18753;21005
18757;32122
18758;45233
18761;52396
18765;54364
18765;45206
18765;31636
18776;58711
18781;45756
18783;43903
18793;31386
18793;19359
18793;18888
18795;54654
18799;37024
18801;39314
18801;24968
18803;34035
18803;25171
18803;36854
18807;31712
18807;48314
18810;54813
18810;56443
18812;39416
18813;49707
18813;20637
18814;43570
18814;38908
18815;24623
18815;46941
18816;50351
18816;24180
18828;35143
18831;42935
18831;28589
18832;35764
18832;55038
18833;34386
18835;35583
18836;57583
18836;24526
18839;22565
18839;31530
18844;30512
18846;41531
18847;45889
18847;56855
18848;28228
18848;31632
18849;26254
18850;21173
18853;19215
18860;28699
18867;23003
18867;54318
18868;57377
18868;22298
18874;46808
18874;54991
18877;41610
18879;33351
18879;28042
18882;35640
18882;23304
18884;30284
18885;33837
18888;51786
18888;50589
18890;23599
18890;53844
18893;52821
18893;38791
18910;29667
18915;44204
18915;36678
18922;35075
18922;57843
18925;56313
18925;44728
18930;55953
18932;28912
18932;39190
18937;37923
18942;20367
18942;52028
18943;39458
18943;56470
18944;44385
18944;21488
18954;46260
18956;58402
18967;31567
18971;56490
18971;24317
18972;47787
18972;39313
18975;44606
18976;31049
18976;25872
18981;21881
18981;48696
18982;52167
18983;36365
18983;42915
18986;58742
18988;23097
18989;50299
18989;39638
18991;35770
19004;36619
19005;44662
19005;43104
19010;44755
19010;49333
19011;52697
19020;37019
19020;41437
19024;27740
19025;39612
19027;36554
19027;37385
19030;33282
19030;26464
19031;53235
19031;22210
19033;51602
19033;22101
19037;19476
19042;35772
19045;57422
19046;31383
19051;29290
19053;58656
19053;45750
19057;49753
19065;47824
19067;31352
19067;23264
19070;54037
19070;28731
19072;57269
19072;55820
19073;58915
19074;29509
19077;58139
19084;20051
19094;55037
19094;54440
19097;21443
19097;21527
19102;21971
19103;58214
19103;54681
19113;32586
19114;43694
19116;47772
19116;43907
19118;31764
19119;52088
19119;28000
19120;38451
19120;43276
19121;51363
19121;39863
19122;36381
19122;57709
19130;41040
19130;31197
19132;24355
19132;46889
19132;27633
19133;56544
19133;43508
19134;25700
19134;40032
19135;32375
19137;58694
19139;37161
19139;26732
19148;56994
19151;45092
19155;24552
19155;30516
19165;22895
19166;35808
19167;46702
19168;28356
19168;54306
19170;48755
19170;42222
19170;39987
19170;45566
19178;34634
19178;36987
19180;44994
19180;22095
19184;19681
19184;37043
19188;43374
19188;51315
19200;46159
19200;21158
19203;30880
19208;31947
19208;31044
19210;29293
19214;51818
19214;31552
19215;44500
19217;23008
19217;47886
19226;54649
19227;51675
19228;47499
19232;28411
19232;45347
19233;38139
19236;26245
19236;21524
19236;46836
19238;22677
19238;24975
19239;56048
19239;39512
19239;50386
19241;51596
19244;52468
19244;58828
19244;39385
19255;24491
19255;36616
19256;36770
19263;57433
19263;48646
19263;42946
19265;24333
19265;41177
19268;42342
19268;41995
19270;23866
19270;57821
19271;45142
19271;47044
19278;21313
19278;54702
19279;36717
19279;40101
19281;33144
19281;22403
19283;39947
19285;41114
19285;46333
19287;46444
19287;40618
19290;21126
19290;20092
19292;20910
19301;35206
19301;39438
19302;26042
19302;35357
19304;33208
19304;44910
19310;25647
19310;27974
19313;49080
19321;43974
19321;56982
19321;36827
19322;33856
19322;45308
19325;41611
19326;56613
19330;44788
19330;37095
19331;39147
19333;35000
19333;21525
19337;40588
19337;56143
19337;47491
19342;20083
19342;48607
19342;44595
19347;43534
19347;47677
19348;56407
19349;54036
19349;31669
19350;30644
19350;48175
19350;35220
19351;32239
19353;21650
19357;58858
19357;50525
19359;40805
19359;58479
19359;44489
19365;50849
19365;27680
19367;19501
19375;46871
19375;24455
19380;23245
19380;26397
19391;20154
19391;58288
19392;46645
19394;50534
19397;44826
19398;42941
19398;47588
19405;35039
19407;49035
19407;55792
19411;36175
19416;44385
19418;33619
19418;51782
19421;49561
19422;38169
19423;37741
19423;39318
19425;20631
19427;44299
19427;32134
19430;45854
19432;42149
19432;58412
19433;39848
19433;52603
19435;27572
19435;33225
19438;33333
19438;27572
19439;38667
19439;25526
19441;45310
19441;44696
19441;21397
19442;54608
19442;54001
19443;39063
19444;23014
19446;33904
19446;45216
19447;56015
19447;27821
19459;37042
19459;58206
19462;21435
19462;39364
19463;35566
19465;38131
19468;24341
19469;38866
19469;46539
19475;49084
19476;36690
19477;29300
19481;45607
19486;58875
19486;29287
19487;28712
19487;31889
19494;32674
19494;27344
19495;23839
19495;43384
19497;49035
19500;35202
19500;53179
19501;25501
19502;47434
19508;33693
19508;23442
19514;28569
19514;35209
19515;30665
19515;22632
19522;31193
19522;27351
19527;33233
19534;29871
19535;30991
19539;40621
19539;50205
19543;36285
19543;52282
19543;53195
19548;51735
19554;44833
19556;24674
19559;58572
19559;57944
19559;50365
19561;32984
19561;37258
19563;20524
19569;51346
19569;43947
19572;40408
19578;43365
19578;44940
19579;25862
19579;46285
19583;21447
19587;33622
19589;56850
19589;46015
19596;55202
19596;39359
19598;35414
19598;58678
19599;52604
19599;48349
19601;19962
19601;47416
19602;27379
19602;37410
19603;51954
19612;39245
19612;51370
19616;45841
19618;24802
19618;36464
19621;46487
19621;44086
19622;25305
19624;55454
19624;30276
19626;36476
19627;35698
19629;26025
19629;39338
19630;26176
19637;31681
19641;57755
19641;22742
19643;23128
19643;52866
19645;54163
19645;32787
19646;20670
19646;56677
19648;32925
19654;37399
19654;43029
19656;24417
19657;37815
19662;39282
19663;43846
19665;49869
19673;26393
19675;58149
19675;54147
19681;24594
19683;30540
19683;24017
19684;36350
19685;55885
19685;55263
19692;29094
19692;25055
19694;23721
19699;55120
19702;56743
19707;41631
19707;37204
19714;35225
19720;34980
19727;40591
19727;31862
19735;43213
19735;27072
19737;26560
19737;48442
19741;36950
19745;29849
19747;58882
19747;40070
19749;20937
19750;40195
19750;23693
19752;23069
19752;26896
19765;40272
19765;26875
19768;49059
19768;37699
19770;54986
19771;39405
19771;40063
19774;44909
19775;29399
19777;31789
19782;23784
19788;22120
19788;23643
19789;55284
19792;21539
19792;47735
19793;24517
19798;35749
19798;45229
19805;41824
19805;40734
19809;53341
19809;52114
19811;23392
19811;42942
19813;39492
19814;47752
19816;39397
19816;28180
19821;58214
19822;53286
19822;57754
19824;30674
19830;52861
19834;25587
19834;28664
19835;31062
19835;31829
19836;19922
19836;56572
19841;57475
19841;53239
19843;54259
19844;38225
19846;39623
19846;58650
19849;24273
19851;20908
19851;36713
19859;21536
19859;45217
19862;50215
19862;37744
19868;33022
19871;26001
19873;29988
19879;53834
19879;19949
19886;28747
19886;49933
19892;22735
19892;54072
19894;21196
19894;30756
19896;35392
19896;32296
19899;28239
19899;31351
19901;41795
19901;49126
19903;57234
19903;50942
19909;24821
19909;33115
19912;24918
19918;33924
19918;40691
19922;45729
19925;38784
19925;39714
19926;29070
19926;50309
19928;41348
19928;29165
19931;47066
19936;21981
19936;48446
19938;51513
19946;42527
19946;46557
19949;28274
19950;30858
19951;59013
19953;31661
19954;54124
19954;23836
19955;31343
19959;23405
19959;26741
19962;36589
19965;56162
19966;46260
19971;20027
19976;54193
19976;54293
19979;26860
19985;21522
19985;32889
19987;32034
19987;40427
19991;55492
19991;53381
19997;33802
20004;31048
20005;26258
20005;40786
20007;52451
20007;21393
20010;44350
20019;45905
20021;53486
20024;28215
20024;57067
20026;42285
20027;44462
20028;34993
20028;56237
20031;33513
20033;39923
20037;54913
20037;51426
20040;46309
20040;28468
20043;25037
20051;52769
20051;58732
20053;58516
20053;32369
20055;31935
20055;52882
20061;48461
20061;34483
20062;28194
20062;20839
20070;46548
20070;38906
20071;24425
20071;31200
20074;24321
20074;54285
20080;57123
20080;38468
20083;37645
20085;30484
20085;24305
20087;22989
20087;22060
20088;47868
20088;29800
20089;48765
20094;51746
20099;24423
20101;39686
20104;32407
20104;25767
20104;45726
20107;42285
20109;34803
20109;36149
20116;39454
20119;32833
20119;36160
20129;29658
20129;24254
20133;30437
20136;49481
20136;24980
20140;46446
20147;57919
20147;20922
20149;47660
20149;46351
20150;24331
20151;57843
20153;42364
20156;27285
20160;28666
20160;47497
20163;56375
20166;36954
20167;24288
20169;40660
20171;55371
20179;44127
20179;33867
20181;34980
20185;45892
20187;43730
20188;55158
20188;26828
20193;35202
20193;41127
20194;23831
20194;48452
20195;51228
20197;24719
20197;56604
20199;41131
20200;31177
20200;38704
20205;49206
20205;32290
20208;38254
20208;53537
20208;22799
20222;45523
20222;37404
20230;32912
20233;53786
20233;48115
20236;28778
20237;36213
20239;58177
20240;21649
20240;55197
20242;28161
20242;28148
20246;20894
20246;45759
20248;57221
20253;53421
20256;53310
20256;47208
20260;49113
20260;29799
20263;57385
20263;43601
20264;30806
20269;39443
20269;29208
20269;40258
20271;36421
20271;52697
20274;45052
20274;39358
20277;43182
20281;32387
20283;35626
20283;39089
20288;23643
20295;30614
20299;47111
20299;29909
20299;20395
20301;31593
20301;30142
20301;57147
20304;57541
20304;24519
20305;44072
20305;25384
20305;54059
20308;53568
20310;36042
20310;36877
20311;49960
20313;29299
20316;41401
20316;52106
20316;23226
20322;42565
20323;39864
20324;34920
20332;43041
20332;20462
20333;52988
20335;46303
20335;27982
20339;45081
20341;43700
20341;54295
20341;44127
20343;35343
20343;32220
20346;47935
20346;39686
20349;35683
20349;55061
20357;23102
20357;47972
20357;32986
20358;32523
20358;47038
20359;41190
20359;33578
20359;26845
20366;24499
20366;32904
20367;54896
20370;36014
20372;32149
20372;24860
20375;27109
20375;25769
20376;54116
20377;34269
20380;23119
20383;25689
20383;21974
20384;22511
20384;32550
20387;52059
20388;56960
20388;47515
20394;21936
20394;51595
20395;42350
20396;42745
20398;49959
20402;55082
20406;45347
20420;27867
20420;49248
20421;56834
20421;37944
20423;41943
20436;49233
20440;48210
20442;48550
20442;47059
20446;53454
20446;35512
20455;40063
20455;24541
20457;50729
20458;53605
20458;28463
20461;31785
20461;51706
20462;24103
20464;43505
20464;55663
20465;22090
20468;31289
20468;30549
20469;25866
20473;47182
20475;33026
20478;56534
20479;50476
20480;33529
20485;57485
20486;40832
20487;57604
20487;44011
20488;37498
20489;35817
20497;50231
20502;34959
20509;32684
20509;35735
20510;45640
20511;41686
20512;34339
20513;22776
20525;24269
20525;37179
20527;46774
20531;35546
20531;46869
20535;33476
20535;57885
20538;38357
20540;30535
20540;28397
20540;58994
20542;50606
20548;48811
20549;34068
20553;20735
20553;57955
20554;35072
20554;25035
20556;25890
20559;34207
20560;39872
20565;44017
20567;41541
20568;53932
20569;39592
20569;53186
20570;32408
20570;33954
20571;23202
20573;44412
20579;55317
20579;58535
20581;51313
20581;25891
20584;26467
20587;47290
20593;55794
20593;53247
20595;40220
20597;39258
20597;42790
20598;54707
20601;49224
20601;45776
20604;25150
20605;20838
20605;34413
20608;33225
20608;52027
20609;52925
20612;42677
20612;38237
20616;49235
20619;25334
20622;53674
20623;47307
20624;21407
20624;49269
20624;29203
20627;31254
20631;20861
20634;51201
20637;52487
20643;51502
20644;22513
20644;48017
20646;30996
20646;50215
20647;53656
20647;57741
20650;47835
20653;35936
20653;45976
20653;25706
20656;54493
20656;22725
20657;42869
20657;45516
20659;51527
20659;52111
20660;34860
20660;55383
20661;39085
20668;46913
20668;26527
20669;46251
20670;49391
20672;54677
20673;46114
20676;57145
20676;50831
20676;49265
20677;57537
20681;20916
20681;32042
20683;58464
20686;30462
20686;50156
20687;53893
20687;49031
20689;45994
20694;40512
20698;28909
20698;43622
20702;25778
20702;53059
20713;49615
20719;41472
20729;33005
20729;56669
20733;35130
20733;30960
20735;51940
20735;51216
20737;55438
20737;22095
20738;43255
20748;47619
20752;56368
20753;24804
20755;26283
20755;25411
20755;29636
20756;34636
20756;35448
20760;40445
20760;51425
20762;58141
20764;43512
20767;41532
20778;55524
20789;27316
20789;20993
20790;35643
20790;29600
20791;37662
20791;43845
20792;26274
20792;48677
20795;53405
20801;53350
20805;45256
20805;29665
20809;27289
20809;48336
20814;22879
20817;26001
20820;51182
20821;44435
20824;58444
20824;52466
20825;40893
20828;49727
20828;25010
20829;48742
20831;42226
20831;31230
20833;27313
20834;39586
20838;53659
20841;34113
20841;22068
20841;48933
20842;38715
20842;24047
20850;21397
20850;56822
20853;21522
20853;41671
20857;44072
20859;48526
20863;49768
20866;40084
20870;47603
20873;23400
20887;43446
20888;31382
20889;51592
20890;24250
20890;26347
20891;51782
20891;37478
20898;41467
20899;22660
20902;54522
20902;29145
20905;35652
20905;43739
20907;32981
20913;31861
20916;29870
20917;40992
20917;56355
20922;45160
20924;46180
20932;47540
20932;29190
20937;40669
20943;38938
20943;50685
20944;44554
20945;33899
20946;30146
20959;41008
20964;24908
20966;24389
20966;44622
20967;27736
20971;50332
20971;53349
20974;35818
20976;40122
20976;54870
20980;28807
20980;41788
20981;30809
20981;53311
20983;36819
20991;56625
20992;47067
20992;57415
20993;30682
20994;32752
20997;47654
20997;31414
21000;41705
21000;25490
21005;40065
21006;42324
21007;31026
21011;45756
21012;26578
21012;39523
21016;33083
21016;44372
21023;31515
21025;46012
21031;25937
21031;23991
21036;49543
21038;28095
21038;30724
21042;53903
21043;41382
21043;42149
21046;54223
21049;54912
21049;46223
21050;51489
21050;23329
21054;32182
21054;24730
21055;28827
21055;27130
21063;25313
21063;52126
21064;48191
21064;45378
21064;54585
21071;51799
21071;52783
21082;48913
21082;46537
21091;54441
21093;27168
21095;54821
21097;21865
21097;30717
21107;54595
21107;27110
21108;55461
21109;24098
21109;47394
21118;38650
21118;33935
21119;53391
21119;40033
21123;32482
21126;22397
21129;26518
21129;46782
21133;56736
21137;23471
21139;49704
21141;52678
21141;35583
21142;57242
21142;37112
21143;55964
21148;27807
21149;30549
21157;35304
21158;52156
21160;45673
21160;22321
21166;31115
21166;27179
21171;36420
21174;49346
21175;58592
21175;27248
21181;21522
21181;29406
21182;40349
21182;56585
21184;43593
21184;36932
21186;22145
21186;45674
21188;39791
21188;31060
21201;25606
21201;44995
21205;21474
21205;40503
21206;25083
21206;42703
21206;40514
21208;28036
21208;54574
21210;45193
21210;27837
21217;22102
21218;25885
21219;31545
21219;44852
21221;57734
21223;40508
21228;47619
21228;44731
21230;37819
21233;36508
21233;29176
21234;34688
21236;27479
21236;25001
21240;25322
21241;26147
21241;33588
21246;47693
21246;46924
21247;32632
21248;25995
21249;24908
21249;29656
21251;35734
21252;29660
21253;26780
21253;41854
21254;57962
21254;27247
21260;38223
21262;32946
21263;29450
21263;22511
21265;33758
21267;39437
21279;48026
21282;53909
21284;23952
21293;41431
21295;56783
21295;31703
21296;43589
21296;38248
21299;52228
21299;35686
21307;41816
21310;22377
21312;30082
21312;34948
21314;41440
21325;33758
21325;56795
21332;36291
21336;46014
21337;49930
21337;21858
21341;31416
21341;54096
21342;51959
21343;21925
21343;27016
21345;37347
21345;25450
21350;23514
21351;24725
21351;22248
21352;26455
21352;48154
21353;45032
21353;39928
21364;49051
21364;27714
21365;43970
21365;25068
21369;32712
21372;55779
21373;40679
21373;49892
21377;47106
21377;29080
21383;44888
21383;25560
21386;42940
21386;30015
21403;31003
21403;34584
21406;27343
21407;44273
21414;24656
21414;46297
21417;27849
21432;53032
21435;40164
21436;35528
21437;39482
21440;24308
21440;40585
21440;24041
21443;29133
21443;46331
21443;46108
21447;31062
21449;41095
21450;57325
21450;56471
21453;22933
21453;24147
21457;25960
21458;44469
21458;48917
21459;27163
21460;26704
21460;21569
21462;33903
21462;39063
21465;44618
21469;43181
21470;38230
21472;25136
21472;32933
21473;26607
21473;42853
21473;39700
21475;36314
21475;39946
21476;48003
21478;22917
21478;41025
21479;56910
21481;47917
21482;46616
21486;35476
21486;33001
21488;35803
21503;52541
21503;53568
21508;54385
21509;36097
21509;42302
21512;34961
21513;22900
21513;49436
21519;46532
21524;37056
21525;47936
21527;51151
21527;51085
21529;49115
21529;58899
21530;50256
21531;23061
21531;34779
21532;43600
21532;37521
21537;50574
21537;41687
21541;50140
21541;35601
21541;27717
21544;50425
21544;49007
21545;32623
21545;30500
21546;49772
21546;29868
21548;38884
21549;52467
21551;31512
21556;49372
21557;23133
21559;52080
21559;41258
21561;54908
21561;32300
21561;50331
21564;43219
21567;23456
21567;28290
21568;53456
21573;48295
21573;29520
21575;35678
21575;42629
21577;36726
21577;28428
21579;32990
21581;54993
21583;55068
21586;32445
21586;25104
21591;32657
21594;22645
21599;33564
21607;41714
21609;27570
21614;23243
21614;48550
21614;41242
21617;22824
21619;56182
21620;31196
21621;50577
21622;22011
21624;53256
21624;42196
21626;34111
21626;49824
21626;32195
21630;41177
21630;29716
21636;34433
21636;43925
21640;29164
21640;44186
21641;27308
21641;58217
21643;31688
21643;22098
21644;57057
21649;41068
21650;27744
21654;47209
21658;39562
21672;22437
21672;43241
21682;25244
21682;30498
21684;51431
21687;47989
21700;54391
21713;58217
21713;27044
21716;35730
21716;37961
21717;27205
21720;38190
21720;30113
21725;44936
21730;56236
21731;47874
21731;28092
21734;31807
21738;52704
21749;23147
21750;41345
21750;23395
21751;30253
21759;38140
21760;44539
21760;45961
21761;47492
21766;52950
21766;29889
21775;50853
21776;40972
21778;57273
21780;49462
21783;58941
21785;49985
21785;46661
21794;32071
21794;55062
21800;37822
21800;57539
21806;38378
21806;53002
21806;51829
21809;23316
21811;22575
21815;45964
21815;23636
21816;39142
21821;44303
21821;50973
21825;34095
21829;36558
21829;50914
21833;28133
21838;27909
21838;48721
21845;54467
21845;45878
21846;58444
21846;45559
21847;39588
21848;52689
21848;40190
21862;58059
21865;52303
21866;22277
21866;42604
21871;41049
21871;26786
21872;24228
21874;28042
21874;55790
21878;54005
21878;27745
21880;42031
21881;58676
21887;36475
21892;54285
21897;36665
21897;56717
21903;31924
21903;28958
21903;42499
21907;35298
21908;25057
21908;40934
21909;39623
21909;41853
21913;26305
21918;49246
21918;32248
21922;43703
21926;50977
21929;28795
21929;38157
21930;24473
21935;39928
21935;44687
21937;26302
21937;56895
21938;40238
21942;55433
21943;34392
21947;46545
21947;26846
21953;28193
21953;56799
21955;43534
21961;37056
21964;30968
21968;30942
21968;44435
21969;38782
21969;32282
21970;57255
21971;38779
21971;35633
21971;35184
21971;37101
21974;57962
21974;36797
21980;24594
21980;51316
21980;52056
21988;32467
21988;55680
21989;57893
21989;44189
21991;47572
21993;45437
21993;50912
21994;53827
21995;34393
22004;45302
22005;51522
22005;42059
22006;49200
22006;32992
22006;54150
22006;41142
22008;23560
22008;36762
22009;53351
22009;42354
22010;54436
22010;39068
22011;22664
22014;22635
22014;24914
22026;31668
22032;55864
22035;38132
22035;22365
22039;49569
22039;42113
22040;36664
22040;26806
22042;55814
22047;37927
22047;55435
22052;57106
22060;41886
22062;57023
22062;41572
22065;37248
22068;55924
22069;53601
22073;47855
22074;40001
22075;51563
22088;37625
22088;58452
22089;47359
22090;37992
22092;42222
22092;56421
22099;38934
22101;27713
22102;28505
22103;52591
22103;43337
22103;27861
22106;28474
22116;28322
22116;22946
22117;46283
22120;53332
22121;40985
22121;30744
22126;43736
22128;50933
22129;45496
22132;43195
22133;35202
22138;39266
22139;34945
22140;43004
22140;56726
22142;29449
22142;41855
22147;41704
22147;26787
22149;22665
22152;46924
22152;34333
22153;45217
22153;51227
22155;51053
22158;59002
22158;45266
22158;30811
22160;35449
22160;36207
22161;49629
22163;23594
22164;51244
22169;37490
22169;40430
22173;29887
22173;27611
22174;40714
22176;40406
22176;55622
22183;45583
22186;55308
22189;26972
22189;45663
22192;57241
22194;46556
22198;36741
22198;50840
22202;26003
22204;37929
22205;37185
22206;49168
22208;47915
22210;35333
22211;53340
22211;49653
22215;52490
22215;35063
22216;46616
22216;46304
22217;26023
22229;49247
22232;51026
22233;25779
22237;40470
22240;32739
22240;54060
22241;40368
22241;22415
22243;25361
22244;31296
22247;56458
22248;33814
22257;30472
22257;24027
22261;44826
22265;23563
22265;56963
22277;48607
22279;34942
22279;22860
22280;58677
22280;37751
22284;56236
22284;34283
22287;30668
22288;50478
22292;58012
22292;47530
22293;40541
22293;45909
22296;32901
22298;30921
22298;48973
22301;26850
22306;56671
22306;45105
22309;38234
22310;23583
22310;29997
22312;56596
22312;28331
22316;22464
22319;53366
22320;35227
22320;48154
22321;35623
22324;44044
22327;49427
22327;40724
22328;38474
22333;55085
22346;40627
22346;48879
22349;40011
22351;24538
22351;49874
22356;45661
22358;41706
22358;43004
22360;58120
22360;53545
22363;49454
22363;43874
22365;50894
22366;53673
22366;48569
22368;24436
22369;32560
22370;54183
22372;22626
22372;34149
22373;31989
22375;29002
22377;52122
22379;43502
22390;45695
22391;51937
22395;31784
22395;40386
22397;29791
22398;29061
22398;57762
22399;36832
22399;31404
22403;55321
22405;36324
22405;27694
22409;28108
22412;23910
22415;37686
22416;54749
22417;38598
22417;34014
22419;24376
22421;44427
22422;29775
22422;52133
22428;36336
22436;31487
22436;26037
22437;36068
22440;56245
22449;50670
22449;49419
22451;52334
22452;36935
22457;25127
22460;35614
22460;33838
22462;24511
22466;41407
22466;58076
22467;33591
22467;55171
22475;48186
22476;39304
22476;50270
22478;37386
22478;44470
22485;45871
22488;41146
22488;56127
22492;31116
22499;55921
22500;50644
22510;35944
22510;32419
22512;57207
22513;45037
22514;57650
22515;51189
22515;52163
22517;55847
22517;31653
22519;50372
22519;27777
22520;30075
22521;30317
22521;43851
22522;34952
22522;23917
22524;39380
22524;49075
22524;28198
22525;29032
22525;43255
22532;37093
22535;57259
22541;52584
22548;29997
22548;55484
22553;26286
22553;41594
22555;24446
22555;54447
22559;57247
22559;33022
22560;23293
22560;51655
22561;34661
22561;24067
22563;33907
22563;43208
22568;24604
22570;56311
22571;48244
22572;54514
22572;51142
22575;35997
22581;23600
22585;55210
22587;31168
22590;45427
22590;45286
22591;48417
22591;54948
22593;56060
22599;43438
22599;58149
22602;36173
22603;33909
22604;57537
22606;35305
22610;48115
22611;28483
22616;52552
22616;49085
22620;35400
22620;29601
22626;24463
22627;48164
22627;42794
22629;36606
22631;43296
22634;36002
22634;26971
22635;47750
22641;58734
22643;53951
22643;40853
22645;56464
22650;29888
22655;57232
22655;49254
22656;51688
22656;53971
22659;57044
22662;50353
22664;57618
22665;27822
22666;22766
22668;24191
22669;26794
22669;54652
22675;25251
22675;54104
22676;26000
22677;26434
22685;29345
22691;38792
22691;34023
22699;37845
22702;50507
22702;37471
22703;29943
22704;29077
22704;39479
22708;41170
22712;57648
22712;48080
22716;26288
22719;24589
22721;42709
22725;52392
22727;26838
22727;28062
22727;43212
22728;34207
22729;43860
22732;54420
22734;50542
22734;32633
22735;57012
22741;53623
22741;28516
22744;52063
22747;30458
22751;27403
22751;56850
22755;33805
22756;37347
22756;23835
22758;32189
22760;25977
22760;54022
22760;32292
22761;38988
22763;51534
22763;37808
22765;50192
22766;48264
22766;38072
22768;51129
22774;40233
22776;45812
22777;52170
22777;35314
22779;38846
22781;55758
22781;40498
22784;36651
22789;47600
22791;28352
22792;38779
22796;45858
22797;51080
22797;50731
22803;57696
22805;36498
22806;24299
22807;34846
22807;52517
22807;23072
22807;35397
22807;27754
22810;39651
22815;50084
22815;35582
22816;46846
22817;32776
22818;36592
22818;44760
22818;37368
22820;30075
22832;40969
22836;58838
22836;34389
22837;30971
22839;43132
22839;52679
22842;46688
22847;41076
22847;48158
22856;58825
22857;49621
22860;58239
22861;54835
22866;32557
22866;29116
22868;22994
22871;58064
22871;24770
22873;40202
22874;36152
22877;30024
22879;57982
22880;55203
22881;46963
22881;56395
22888;57540
22892;45960
22892;44534
22893;46677
22895;30211
22896;50714
22899;39512
22900;56668
22907;49141
22908;28765
22908;29985
22913;27511
22916;39231
22916;51793
22916;54093
22917;49339
22918;40063
22919;31970
22919;25757
22921;44424
22921;39199
22930;35406
22930;44865
22932;41868
22932;53780
22933;52532
22934;36299
22936;24288
22936;43947
22940;34019
22940;33815
22948;25544
22949;33155
22949;27375
22950;24298
22950;44327
22955;52031
22955;55170
22962;33653
22963;31135
22963;38063
22964;36826
22975;49971
22975;52637
22977;43890
22977;30349
22977;55151
22978;40659
22980;29771
22983;29389
22983;45660
22984;43171
22984;27279
22986;57565
22986;23731
22986;52361
22987;35220
22987;41516
22988;46304
22989;26144
22993;24483
22994;27045
22998;44946
22998;34928
23000;57721
23002;56662
23002;48186
23003;54035
23004;25538
23004;32363
23005;41780
23006;46698
23006;46916
23008;24307
23008;44888
23008;58687
23009;33001
23012;24856
23012;42303
23012;45526
23014;26673
23017;32703
23021;45740
23021;55815
23022;35385
23023;44363
23027;57011
23031;56903
23031;46759
23032;45555
23032;48441
23035;25428
23039;49407
23039;43375
23041;56996
23041;27369
23047;36785
23047;56007
23047;25101
23049;52659
23049;23180
23053;35351
23054;44047
23054;46876
23060;25963
23061;35093
23062;37560
23062;28999
23064;54974
23067;43252
23067;23169
23067;47788
23069;54209
23071;45369
23071;45667
23078;43440
23079;25376
23079;34379
23086;37312
23086;38820
23093;23183
23094;52629
23097;38785
23098;35658
23098;41024
23102;35936
23103;39444
23105;28073
23105;45524
23111;45395
23112;23989
23113;51998
23113;24528
23114;27105
23127;40745
23127;32245
23133;44561
23134;51275
23147;37247
23157;55406
23158;31790
23159;37661
23159;33000
23162;58605
23162;38113
23167;50154
23168;35244
23170;33233
23170;47650
23171;54471
23180;30998
23180;27478
23183;35726
23186;43651
23186;34207
23186;25012
23186;44982
23186;52961
23186;56548
23186;27874
23188;28680
23192;25188
23194;52107
23194;49780
23195;24475
23201;35202
23201;32130
23201;54154
23206;49121
23206;54572
23206;56609
23207;45377
23207;50715
23218;23993
23218;36926
23221;44104
23221;48113
23236;35537
23236;53284
23237;37744
23238;55782
23240;55922
23240;57223
23243;31692
23243;50542
23243;45610
23245;43750
23250;47727
23250;56039
23251;31856
23264;33340
23266;44053
23268;46756
23268;53085
23273;30262
23273;36170
23275;50631
23275;24921
23279;39904
23279;35182
23282;34645
23282;23630
23287;49375
23287;44281
23291;45149
23291;47909
23293;49251
23294;58273
23294;47450
23296;49511
23296;36365
23298;45082
23299;50559
23299;57423
23304;24375
23305;24799
23309;43523
23309;36394
23315;58017
23315;31798
23338;27053
23338;26514
23343;33405
23345;43708
23347;53016
23352;31724
23352;48415
23356;34477
23356;32144
23357;43769
23357;52251
23360;53656
23370;50860
23374;24559
23374;53455
23378;52474
23378;25053
23379;55292
23380;44852
23381;39613
23384;34800
23385;33977
23389;49367
23392;41755
23392;36200
23394;35124
23394;45711
23400;40627
23402;29863
23403;38340
23407;37607
23410;56222
23413;49040
23414;32478
23414;55731
23420;35424
23422;40020
23426;57401
23431;42045
23433;38377
23434;26962
23434;34342
23445;24265
23448;34111
23448;37440
23455;36890
23456;47473
23458;27688
23465;51132
23465;34318
23467;41525
23467;57394
23469;43509
23471;56904
23474;43156
23476;52678
23476;44779
23477;46517
23477;52988
23478;54837
23484;32882
23484;38696
23485;38123
23491;58553
23491;36995
23494;46318
23496;36858
23513;29239
23518;36843
23519;37440
23519;49146
23525;28372
23525;50266
23527;56167
23530;51937
23530;52148
23531;49071
23532;32971
23534;43594
23535;24018
23535;35419
23541;56315
23543;57558
23546;58844
23552;51267
23554;43851
23554;55892
23560;50126
23562;43381
23563;55709
23565;31770
23570;52637
23573;35811
23575;50984
23581;46864
23581;32406
23582;42856
23583;27329
23586;24301
23586;53652
23586;47461
23590;47045
23590;56366
23592;27390
23592;36949
23592;57248
23599;43436
23601;41411
23601;47311
23603;41855
23606;26867
23606;28075
23606;40700
23609;32524
23609;35438
23615;40965
23615;39470
23619;57507
23619;35953
23621;37876
23621;28570
23622;50932
23626;46858
23629;24763
23631;52347
23631;29811
23636;40031
23637;44827
23642;49780
23644;55669
23649;41807
23649;37743
23654;31144
23654;28827
23660;56783
23666;56582
23667;51230
23670;26842
23672;55613
23673;42378
23673;24231
23674;40680
23674;32028
23675;29597
23676;55471
23678;32821
23679;31781
23684;45839
23690;53538
23693;33746
23694;44149
23698;52673
23705;52028
23705;24656
23705;57860
23713;24881
23715;52574
23715;36672
23718;51895
23721;49653
23733;33742
23733;46288
23741;43683
23741;47941
23742;44633
23744;29617
23744;52582
23746;33412
23747;50709
23747;46189
23752;40880
23752;45804
23756;39600
23759;43308
23764;48714
23767;40974
23767;38612
23770;57220
23777;56854
23782;35357
23784;43209
23791;57854
23792;55019
23793;40005
23793;55369
23795;39350
23797;29116
23799;53612
23819;53296
23824;35901
23828;26886
23828;27168
23831;33072
23832;34410
23832;31451
23834;25813
23834;45853
23835;45589
23835;52487
23839;35991
23840;29538
23840;38806
23845;28211
23851;43815
23851;45854
23853;32784
23853;47138
23856;27495
23859;53114
23859;45602
23861;41146
23863;24331
23863;51923
23872;26914
23878;52111
23878;41207
23881;43899
23881;25711
23882;58437
23894;31813
23894;40811
23895;53760
23895;55879
23902;39072
23904;34619
23904;58556
23910;54268
23916;54402
23916;58953
23924;31343
23925;36302
23927;35114
23929;34764
23929;33446
23929;32515
23930;53754
23934;56359
23934;52530
23936;47889
23936;58847
23937;29811
23937;41046
23938;49104
23938;43763
23942;45297
23942;49599
23942;51880
23946;38596
23949;41852
23949;28529
23951;44827
23952;25454
23953;30090
23956;24816
23958;24813
23959;36926
23962;39565
23965;53640
23966;49830
23968;58572
23969;43377
23974;51326
23974;34201
23979;55925
23984;28008
23984;39263
23985;57342
23989;24088
23990;57487
23992;26352
23994;37722
23994;36803
24003;50141
24003;36880
24005;55286
24012;46925
24017;52069
24020;40557
24020;51236
24024;53770
24025;55042
24025;27887
24027;24723
24027;38813
24029;55105
24029;54024
24030;41196
24030;41847
24033;53069
24039;48232
24041;46437
24067;34998
24073;38978
24078;42987
24091;42483
24091;33226
24092;33879
24093;45434
24098;37530
24099;33774
24099;26256
24103;45367
24109;48239
24111;45644
24111;28512
24111;37454
24113;39832
24113;32175
24115;40430
24121;41573
24129;30004
24129;46090
24131;53615
24131;57083
24132;31835
24133;31357
24135;51563
24137;52464
24137;52808
24142;24475
24142;40701
24145;55760
24145;31512
24147;46771
24149;39550
24149;43374
24149;38910
24158;54571
24164;42222
24168;41208
24173;36145
24173;33477
24177;53430
24177;29824
24178;55633
24180;47884
24189;38165
24189;46977
24190;40204
24191;47759
24193;26313
24201;39509
24201;35632
24204;30138
24208;33282
24208;52077
24209;50456
24209;33654
24210;25324
24213;35653
24213;53653
24214;58256
24216;47918
24220;54165
24220;46018
24221;26076
24221;34588
24226;52945
24226;39810
24228;24392
24231;53486
24232;58624
24233;26874
24238;25685
24238;27600
24243;41386
24246;30602
24246;35643
24247;57198
24247;44224
24248;52065
24256;54683
24256;37076
24261;31879
24263;46223
24263;24822
24265;24889
24273;30645
24273;27205
24274;54737
24277;40279
24288;49879
24292;29924
24292;30555
24293;54616
24299;46525
24301;29692
24307;25368
24313;51370
24313;29297
24317;34115
24319;40949
24326;30241
24329;34715
24330;32040
24330;43331
24337;37953
24339;52464
24339;27723
24341;35450
24341;35926
24347;50080
24347;49880
24348;50644
24348;52682
24349;32152
24355;35227
24355;52083
24357;53569
24359;26027
24359;57697
24361;55148
24364;30468
24368;35576
24368;37145
24373;42090
24373;57188
24375;49244
24376;31048
24378;40220
24378;35644
24379;48787
24386;28571
24387;57474
24389;46407
24391;35283
24392;29958
24398;47515
24403;42214
24403;34735
24411;48216
24413;58742
24417;36023
24420;54695
24420;33073
24423;47725
24424;50584
24425;53931
24425;27315
24427;31694
24432;37623
24432;33123
24436;44049
24437;37021
24437;52714
24439;29893
24443;55789
24444;24715
24448;43555
24449;41847
24449;38478
24451;56262
24451;50934
24451;38777
24454;55036
24455;24795
24459;51879
24460;55003
24466;30452
24466;45188
24469;28148
24469;47081
24472;34031
24473;58153
24474;27290
24474;35901
24475;39538
24480;34348
24480;46577
24480;46178
24482;57120
24491;39454
24495;42756
24495;47338
24498;55935
24499;45727
24500;44131
24501;36885
24501;36126
24503;45759
24504;51078
24506;27610
24506;50185
24508;54060
24509;56128
24509;33775
24510;53798
24510;33830
24513;50304
24514;56594
24514;30083
24516;25137
24519;38166
24522;43651
24523;53835
24525;43867
24526;28302
24528;55517
24533;54910
24533;48722
24535;51209
24538;36201
24540;49783
24541;55691
24550;44900
24552;34847
24557;42372
24559;46941
24561;36749
24564;32165
24572;43367
24573;45464
24573;36951
24582;29243
24583;46508
24583;36684
24589;57809
24591;36957
24591;53223
24594;45967
24604;47008
24606;35788
24607;36753
24610;50778
24610;38097
24611;41444
24611;27152
24614;49251
24614;53437
24621;38832
24626;52925
24630;37588
24632;25993
24633;56389
24633;55080
24633;27793
24635;47676
24636;56559
24639;56337
24647;41557
24650;31854
24650;29627
24656;45184
24662;38813
24665;48468
24665;44675
24667;24970
24667;43474
24668;57022
24668;25228
24671;53052
24674;43845
24674;43240
24682;37134
24686;39687
24686;31084
24687;47514
24687;28872
24694;30886
24697;25533
24702;53941
24708;45758
24708;35604
24709;30395
24709;58136
24713;54197
24713;40804
24715;37817
24716;26847
24716;24778
24717;39606
24719;33633
24723;37953
24725;40484
24729;41733
24731;39621
24731;52523
24734;31362
24736;53187
24737;30253
24739;47963
24740;45726
24743;38599
24747;41348
24747;51883
24749;44090
24749;58654
24757;34872
24758;49939
24758;52461
24760;54985
24763;33907
24766;51107
24767;32804
24768;49329
24768;28967
24769;37576
24770;53492
24779;53286
24779;40955
24782;36834
24782;38596
24783;58363
24783;34292
24784;56707
24785;32981
24789;27158
24790;33687
24790;57646
24797;35512
24797;46500
24799;48170
24801;27975
24801;31465
24804;25129
24805;53751
24805;47821
24808;30466
24808;27185
24813;32970
24814;33908
24816;44993
24817;31870
24817;55572
24821;47772
24823;30283
24823;46590
24826;47682
24826;48001
24833;42803
24833;25842
24836;30161
24842;25259
24842;29871
24845;29592
24845;31603
24847;43336
24856;47117
24866;47252
24866;35558
24866;50680
24874;30588
24874;29612
24879;41643
24885;57807
24890;28910
24890;56568
24891;31169
24896;46033
24901;47295
24901;42342
24904;33698
24904;47397
24911;31995
24911;26299
24915;40928
24918;49000
24921;40122
24932;44745
24933;28979
24938;41272
24938;26925
24942;52139
24947;50084
24953;49276
24953;34267
24953;28425
24954;45605
24954;43162
24956;44078
24956;33824
24957;30082
24957;30224
24965;25657
24965;52885
24966;28068
24967;38786
24968;35248
24974;44467
24975;49451
24980;55948
24980;38485
24980;49066
24981;44246
24982;47471
24982;50488
24985;46022
24985;57696
24991;54308
24991;29901
24992;30630
24994;44853
24994;38033
24997;55818
25000;53737
25000;43223
25001;57332
25004;51556
25011;46477
25011;43555
25023;31244
25023;36954
25024;52027
25024;43895
25030;53486
25030;37886
25031;52522
25032;51351
25035;30239
25036;46586
25037;30970
25039;33830
25042;29430
25053;28140
25055;50445
25057;34079
25058;38101
25065;42211
25067;49834
25067;55973
25067;40270
25067;54832
25069;40996
25074;34878
25075;27116
25075;28982
25081;43651
25083;29073
25083;27414
25087;29552
25089;57865
25097;42449
25099;44925
25099;42182
25101;50381
25103;25663
25104;56365
25105;25877
25108;41511
25109;52996
25109;57756
25113;56544
25115;50226
25118;54786
25121;57132
25121;28541
25121;37971
25122;43136
25122;40656
25124;51821
25124;53198
25126;54209
25126;45192
25129;31386
25130;55337
25130;35322
25131;58834
25135;37828
25136;53258
25145;55622
25148;41174
25148;47860
25150;51182
25151;29512
25151;58950
25157;45659
25167;29557
25169;35253
25174;42637
25174;47133
25183;44615
25183;55292
25185;55991
25187;25460
25201;47909
25201;38332
25207;54370
25208;58860
25211;52110
25211;35639
25215;38938
25215;30482
25219;40139
25219;32927
25219;53860
25219;41539
25223;37369
25223;57829
25227;27871
25227;33132
25227;34589
25228;29531
25237;36974
25239;53835
25240;37676
25243;53042
25243;35878
25244;48767
25244;28716
25245;30148
25245;36141
25246;37296
25246;57629
25250;30071
25251;33842
25262;51516
25262;33555
25266;40330
25266;50501
25271;49303
25273;57750
25278;55293
25278;40723
25280;37463
25280;55512
25287;39793
25287;43901
25288;34030
25297;31333
25299;39001
25306;55284
25306;30560
25307;52348
25307;34433
25320;56683
25320;26521
25322;26618
25324;31286
25325;43466
25336;37865
25336;38465
25337;44512
25337;57261
25338;57683
25353;56030
25358;32593
25359;58498
25361;31586
25363;37306
25365;36809
25368;47582
25369;38728
25372;28261
25373;40404
25373;55111
25375;49926
25375;47353
25375;46850
25379;38127
25379;31554
25379;42866
25380;49206
25382;49009
25382;55179
25383;30560
25383;27721
25384;45864
25385;46598
25386;35385
25387;40477
25387;29746
25388;31593
25390;44704
25390;30887
25396;50906
25396;57811
25397;28116
25397;52269
25401;43361
25403;42214
25411;57925
25418;49638
25422;37163
25422;54550
25424;51971
25424;36544
25426;58640
25426;36939
25428;27980
25428;52118
25435;57776
25440;40817
25440;36545
25457;50784
25462;26955
25462;57456
25470;42657
25474;58507
25475;54102
25475;54237
25477;31073
25477;45621
25482;39010
25482;42845
25483;49392
25483;57352
25493;28646
25494;55042
25501;44758
25505;47560
25505;47817
25506;27911
25509;53888
25509;39663
25512;37519
25513;39843
25521;56132
25521;41523
25522;55924
25522;31673
25538;41778
25540;56583
25540;28160
25544;35780
25549;55857
25549;45555
25557;38398
25558;38121
25560;37579
25560;47194
25565;27707
25567;47986
25567;36135
25569;44959
25571;56302
25571;47045
25574;44104
25576;46047
25576;41304
25577;36200
25580;31224
25580;45786
25583;34605
25583;47478
25587;57718
25606;56341
25608;47099
25610;56900
25610;58708
25626;43520
25628;51998
25633;26585
25634;57623
25634;27635
25635;34066
25637;26841
25637;35605
25641;54081
25641;48090
25645;34099
25647;27288
25654;46951
25655;32454
25655;27684
25657;35037
25657;37538
25661;29800
25661;41455
25663;27378
25665;57232
25665;28966
25668;28127
25668;48711
25671;43306
25671;53449
25682;54148
25682;28427
25685;49727
25688;56914
25691;45403
25691;54957
25696;50034
25700;32736
25706;52844
25708;39701
25711;47351
25713;42788
25717;40172
25718;52653
25718;57197
25718;52686
25723;41095
25728;53910
25729;49481
25729;58858
25729;54640
25729;48111
25730;32941
25731;31343
25733;50719
25733;46585
25743;25824
25745;57415
25745;34863
25747;28293
25747;29842
25749;50592
25757;26109
25758;57933
25758;50350
25760;37799
25760;44985
25768;40076
25768;27329
25769;51899
25769;37662
25771;57779
25775;34811
25775;46385
25791;38997
25795;53863
25795;54859
25803;36042
25805;29834
25805;54834
25812;56066
25813;31541
25813;48672
25815;31862
25815;36096
25815;40360
25816;29180
25817;46034
25820;30437
25820;39345
25823;50187
25824;44159
25831;46611
25834;38171
25834;30422
25842;58087
25843;47038
25843;51109
25844;31293
25846;32043
25847;36558
25851;54922
25853;37448
25855;52903
25855;27243
25856;29545
25856;55893
25861;31124
25861;50483
25862;55144
25864;53902
25864;49720
25867;50077
25870;36781
25870;29690
25871;55334
25883;43303
25883;26792
25884;56797
25884;38306
25885;36367
25890;56967
25891;53312
25893;52121
25896;27406
25896;36944
25899;37776
25899;53800
25900;42848
25903;43709
25903;45897
25903;35751
25911;55160
25911;44179
25911;35884
25912;39659
25920;36918
25929;39220
25929;45912
25937;58991
25947;50078
25952;52548
25952;46650
25956;32196
25960;33868
25962;46485
25962;30804
25963;50334
25964;42006
25964;27153
25964;26323
25973;48376
25973;40445
25974;49895
25974;34937
25974;36629
25977;27733
25982;30679
25991;50956
25994;41310
25994;53290
25995;57430
26000;43552
26001;47665
26003;29249
26004;57555
26006;45907
26007;50308
26009;42817
26020;57164
26024;47612
26024;55861
26028;44955
26037;29668
26038;31895
26041;40772
26041;45910
26042;36898
26045;49478
26050;37093
26050;55720
26053;51887
26053;42320
26054;44667
26054;54896
26056;26147
26056;43972
26060;45342
26061;56532
26061;37308
26064;43252
26064;29644
26069;39189
26070;43929
26070;35333
26073;35933
26073;44769
26076;55002
26077;42492
26093;36213
26093;41093
26097;48267
26097;33774
26099;44852
26103;28755
26106;52826
26109;40791
26110;42838
26111;45308
26111;53232
26117;42031
26118;52229
26118;36515
26128;26792
26128;28537
26131;27717
26131;33365
26140;58900
26140;58709
26140;47153
26144;55950
26147;41538
26151;46217
26152;29953
26152;58322
26153;54090
26154;55467
26154;57616
26160;42619
26160;38315
26161;38656
26167;57969
26168;50764
26174;41136
26175;28127
26178;44571
26178;54808
26182;51397
26182;47355
26182;38768
26184;55337
26184;29855
26185;29720
26194;45602
26195;31833
26195;58785
26195;41733
26198;37407
26199;48371
26212;31952
26212;29766
26226;41068
26226;51527
26227;38607
26231;47855
26237;39346
26237;36634
26240;39847
26255;29812
26255;46671
26256;28611
26257;53241
26257;43909
26258;58424
26258;39631
26262;58252
26265;34211
26269;29908
26269;34515
26277;43861
26278;30749
26283;51417
26283;37160
26286;50984
26287;58472
26287;30445
26288;47022
26295;55392
26295;49314
26299;41162
26302;52302
26303;44666
26306;43542
26306;57301
26307;39085
26308;50352
26311;43067
26311;38051
26313;51997
26314;28671
26319;37263
26319;56274
26322;45286
26322;26704
26323;28149
26324;58887
26326;56716
26326;32282
26327;42157
26331;30243
26331;48359
26337;52603
26337;55842
26339;52587
26342;49168
26345;38650
26345;44806
26347;57765
26352;35894
26356;44224
26358;51319
26361;44159
26371;42673
26371;55840
26372;56285
26374;34081
26375;43751
26375;27051
26379;33151
26379;54037
26380;36382
26380;45440
26381;56904
26381;31963
26390;36405
26392;41156
26392;53054
26397;55225
26398;38299
26398;57139
26399;56362
26400;34203
26400;53825
26402;55289
26404;28327
26404;54732
26406;50039
26406;56167
26412;51320
26412;27260
26417;28206
26419;39531
26425;26903
26426;53895
26426;35719
26428;56341
26431;49197
26433;45370
26433;52439
26434;52448
26439;58303
26439;30779
26443;39512
26443;41827
26446;42871
26448;51600
26450;47725
26450;46861
26458;35229
26460;58271
26462;37462
26464;33299
26467;27016
26474;33367
26476;43945
26476;39526
26479;44036
26479;36804
26494;33372
26494;48703
26497;56030
26501;34501
26501;47649
26514;38890
26516;37467
26517;43146
26518;58964
26518;44455
26524;35037
26532;48854
26540;49346
26540;52312
26542;56022
26542;42314
26545;49366
26547;32464
26549;30384
26550;39184
26551;53775
26553;41011
26560;50956
26561;46345
26565;57573
26565;32814
26569;46287
26569;41386
26569;49428
26571;56884
26571;46072
26578;30202
26579;46415
26579;30072
26580;31125
26580;28320
26585;37475
26586;34661
26587;40675
26588;44638
26588;32529
26590;33415
26591;58818
26591;30669
26592;45610
26594;28699
26595;42247
26599;41646
26599;55719
26603;50296
26603;39294
26607;28839
26613;36301
26613;48020
26613;47889
26614;50345
26615;34392
26617;50578
26617;30054
26618;28538
26619;58875
26622;35536
26625;27531
26625;34345
26628;33805
26639;38715
26640;35893
26642;29694
26642;54353
26643;33586
26650;34125
26651;58763
26654;41834
26656;58696
26658;55049
26658;39473
26658;37433
26662;57360
26666;53762
26666;58782
26667;35623
26673;28946
26677;47912
26677;35765
26677;35912
26684;53052
26686;50344
26688;32389
26689;54853
26702;56074
26702;29191
26705;52023
26709;35844
26711;43120
26712;54612
26712;48742
26727;51254
26727;38968
26730;40533
26731;54041
26731;29981
26731;35867
26731;35360
26732;54499
26733;45040
26737;41348
26741;30512
26745;50410
26753;32633
26758;38241
26759;42817
26759;58059
26759;31752
26762;40432
26768;39379
26773;57473
26779;53612
26779;46236
26780;50842
26786;46812
26788;26852
26788;45361
26789;58691
26789;36729
26794;33865
26794;52892
26798;56518
26798;38392
26798;37948
26800;58686
26803;57482
26808;52752
26808;51322
26811;44899
26812;42932
26812;30855
26829;36251
26829;55028
26835;39139
26835;45483
26845;29968
26845;29864
26846;33794
26849;45142
26850;39559
26852;42397
26860;28203
26864;31888
26867;53354
26880;44533
26880;55049
26880;27106
26881;36209
26881;47101
26884;49044
26884;26993
26886;40760
26887;39082
26894;43052
26895;31792
26896;57401
26903;42395
26909;32670
26910;55971
26910;39072
26910;31416
26911;53878
26912;44844
26916;39275
26916;28786
26917;37366
26917;33088
26925;33391
26926;33488
26926;47752
26928;47582
26928;49407
26928;54959
26929;52275
26929;57806
26934;43839
26934;45241
26943;36355
26943;30346
26947;29151
26947;27420
26953;41219
26955;52163
26957;58809
26959;56960
26959;38506
26964;32925
26971;39255
26976;31693
26983;33599
26983;55827
26989;57018
27001;45395
27005;37046
27005;53946
27013;40647
27014;46014
27020;50261
27022;39531
27026;33956
27026;33027
27029;27275
27030;27175
27033;31900
27043;45835
27044;42522
27051;35856
27052;46595
27052;37271
27061;37484
27062;50371
27064;27975
27064;35201
27066;36746
27071;34737
27072;46025
27074;53258
27074;58467
27075;55449
27076;49387
27076;37449
27077;33573
27084;45613
27088;57504
27088;29302
27092;51838
27092;52694
27100;53522
27100;30538
27101;51922
27101;31221
27102;36717
27102;53796
27105;30101
27110;28755
27111;48750
27111;53703
27115;56918
27115;43522
27116;44844
27118;47354
27123;58069
27123;53181
27129;58494
27129;38212
27139;54258
27141;51414
27141;30162
27144;51729
27144;58753
27146;55868
27146;54249
27146;39311
27146;41453
27148;44166
27150;48554
27150;30540
27153;43303
27156;58203
27156;48750
27158;37727
27163;45522
27178;37774
27183;29964
27183;58978
27186;53391
27193;52808
27201;27374
27208;27504
27213;32912
27215;41569
27217;37374
27220;27449
27220;53583
27226;34442
27228;32757
27228;55955
27234;38579
27234;49646
27235;45229
27235;45151
27235;47699
27236;57242
27243;54254
27248;33235
27253;37282
27254;31891
27260;56154
27262;46196
27262;40924
27263;57114
27263;49593
27268;54566
27270;31849
27271;44440
27271;51713
27275;41795
27280;57785
27281;37176
27281;49961
27285;39233
27287;58913
27287;40729
27288;27811
27289;56936
27302;50254
27304;57138
27308;29164
27313;37763
27315;55403
27316;27591
27316;28115
27319;55683
27319;28009
27320;53129
27320;48959
27325;44325
27327;33927
27331;49629
27341;55266
27349;51690
27351;33404
27356;38472
27362;46352
27362;30041
27363;52263
27364;54661
27365;54003
27366;44838
27366;34659
27367;34554
27367;53627
27370;30305
27375;38564
27376;28934
27378;48189
27379;56114
27380;38279
27381;28596
27381;42486
27382;42147
27382;34879
27384;50478
27384;30614
27390;32717
27391;35154
27400;35768
27400;27504
27404;32995
27404;42584
27405;39710
27409;46187
27409;44629
27410;50231
27418;33837
27420;38502
27421;32743
27421;31510
27427;27696
27430;47928
27436;39779
27436;37237
27437;48836
27441;41442
27443;34555
27448;42918
27449;39864
27463;28871
27463;44481
27465;49542
27469;31703
27471;39665
27471;57487
27479;42606
27479;33872
27479;29583
27484;32792
27484;57832
27485;43435
27485;53770
27486;40225
27490;37796
27490;48765
27494;37161
27495;52848
27504;49224
27507;31036
27507;34459
27516;52671
27519;35758
27519;57897
27522;50044
27522;30630
27524;49736
27524;34934
27528;53210
27528;37112
27530;37128
27530;36843
27537;48597
27543;34119
27543;48713
27544;30281
27545;48822
27545;36615
27551;52356
27552;29110
27553;30835
27554;29200
27558;51525
27564;36218
27568;38574
27568;53114
27569;46644
27570;43677
27571;28768
27572;58243
27572;34151
27575;39120
27579;39291
27579;52310
27580;57854
27580;51013
27589;34294
27590;52148
27591;44501
27602;37353
27605;53590
27610;32514
27614;38242
27614;27656
27622;55802
27622;42254
27623;31915
27623;56702
27627;32070
27630;50664
27630;55379
27631;52156
27632;52574
27634;47446
27635;36251
27636;56277
27636;58743
27638;54281
27640;28149
27640;33899
27641;52886
27641;51455
27641;55770
27641;38608
27643;40181
27643;37819
27645;47848
27645;29003
27646;56163
27646;43195
27648;31676
27650;46654
27650;29118
27655;45843
27656;32644
27666;45770
27673;46905
27673;42232
27684;35192
27687;42560
27688;43781
27693;40462
27693;48739
27694;31394
27696;32093
27697;32777
27697;39982
27698;54051
27698;40311
27698;51062
27700;53994
27700;32324
27700;46750
27711;35084
27712;57676
27714;32554
27715;32702
27720;53897
27722;39335
27722;35552
27726;36082
27726;52781
27728;44273
27733;29824
27736;36884
27738;48034
27740;54742
27745;36819
27746;41523
27762;38698
27764;43628
27764;43517
27766;38728
27768;53913
27768;37458
27769;49524
27771;33407
27771;32481
27773;28290
27773;41934
27777;48210
27777;56670
27781;37271
27790;57103
27790;38656
27793;43588
27794;58828
27805;42120
27805;33601
27806;46486
27811;32775
27813;56726
27817;28999
27818;27949
27818;50277
27818;34956
27821;42197
27822;38599
27823;30431
27825;49322
27832;31456
27833;51809
27833;52632
27837;58348
27842;31075
27847;38766
27847;53060
27848;51020
27849;56716
27850;30894
27850;46601
27855;43696
27857;54437
27857;39308
27861;43123
27864;32664
27868;31433
27868;52615
27871;58998
27878;47182
27880;35811
27881;32934
27883;28362
27886;46243
27886;57472
27891;43533
27891;37018
27895;35012
27895;41656
27897;32082
27898;31208
27902;50339
27904;56984
27909;51077
27910;28874
27910;48053
27911;58959
27911;43819
27926;33283
27926;31161
27932;58444
27949;48787
27952;33169
27954;33581
27954;42225
27955;51045
27955;46228
27961;39565
27961;51054
27962;58615
27962;34764
27974;40491
27975;57071
27975;32119
27978;44193
27979;42531
27980;42941
27980;44542
27982;53105
27984;35826
27984;52634
27987;35514
27989;56640
27993;50780
27993;33296
27995;44977
27996;31595
27997;52546
27998;30083
27998;57689
28000;43514
28003;28099
28010;53872
28011;35143
28011;55850
28016;49883
28022;58678
28022;47906
28027;49879
28029;38983
28029;32122
28034;30280
28034;52159
28041;44820
28044;51315
28045;40056
28045;46898
28053;46564
28055;49741
28059;52011
28062;36198
28063;52068
28068;31813
28071;32578
28071;35933
28075;57596
28079;48481
28079;40714
28082;31479
28082;34755
28085;53256
28085;51900
28091;51797
28092;51740
28093;46366
28093;31088
28095;51694
28096;51160
28099;54368
28100;42228
28100;53694
28101;56086
28104;37316
28108;34534
28108;38460
28110;39752
28110;54665
28112;31894
28114;35424
28115;56665
28119;58624
28124;35132
28128;54589
28134;51321
28136;39101
28142;41100
28149;46135
28153;46871
28153;57957
28154;33468
28161;46001
28168;57722
28168;46746
28174;49987
28174;47358
28174;50903
28182;57010
28184;47647
28184;46403
28185;43466
28187;53085
28188;58941
28188;39739
28188;32342
28188;30653
28188;36009
28188;50728
28189;45703
28189;49574
28190;46609
28192;41746
28193;55719
28195;48546
28195;40643
28196;31007
28198;45728
28204;52591
28204;32544
28206;46537
28208;46109
28209;49323
28209;46314
28211;51432
28212;40971
28215;57305
28223;43913
28227;37902
28228;53656
28232;49524
28232;30122
28233;53367
28234;55329
28237;58052
28243;36421
28245;35421
28246;30077
28246;55620
28249;34248
28250;28927
28256;58446
28257;47245
28258;47738
28261;37668
28262;48903
28270;30893
28270;48985
28276;29629
28276;36975
28284;41121
28284;58232
28288;44467
28288;47794
28288;49327
28288;44543
28294;54091
28295;36778
28295;55861
28299;57514
28305;29464
28305;44735
28311;49852
28311;41150
28312;53234
28316;46740
28318;55089
28318;29873
28320;38254
28320;46510
28320;35511
28320;39952
28322;52935
28324;49143
28324;32059
28326;34941
28327;31824
28328;52459
28328;37616
28330;57942
28331;33544
28333;48592
28333;56469
28333;54568
28342;46660
28342;40043
28347;40278
28347;39755
28351;56293
28357;54161
28362;41366
28363;57206
28372;40167
28372;35749
28372;35948
28376;46007
28377;29784
28385;29808
28386;58518
28388;28568
28394;37323
28397;39788
28399;29225
28406;37154
28406;45536
28411;54501
28414;51499
28414;51329
28419;45941
28420;32934
28423;52126
28423;55289
28425;33123
28425;47143
28426;48949
28428;45875
28428;30769
28429;43730
28429;57241
28431;49395
28438;33979
28438;54193
28440;52584
28440;56996
28441;30878
28447;50053
28447;47374
28448;52889
28456;54052
28459;36357
28462;45367
28462;29589
28463;55076
28467;37750
28467;54985
28471;33143
28474;54973
28478;53468
28480;31376
28483;34961
28487;42915
28495;36868
28497;51542
28497;48256
28500;34978
28500;42851
28514;53879
28515;58232
28516;56914
28517;38304
28518;40601
28518;49510
28518;38644
28518;47827
28528;34483
28529;58863
28531;54155
28532;35830
28533;40101
28534;40340
28537;29471
28538;38334
28538;31237
28541;39480
28551;40079
28551;50152
28557;33523
28564;38266
28564;43615
28566;53422
28568;54554
28569;33809
28570;32793
28571;51095
28574;48892
28577;44196
28579;44482
28579;33908
28582;31804
28582;43426
28585;32667
28585;31277
28585;40350
28588;54381
28589;47583
28590;55933
28596;40613
28599;32058
28611;52996
28615;30902
28620;30243
28620;54428
28625;44217
28625;42302
28627;34988
28630;47162
28645;32314
28646;42553
28647;44549
28648;43365
28660;47803
28667;41207
28667;43176
28670;39098
28676;50101
28686;33041
28686;44670
28686;32065
28688;34077
28688;42628
28691;50356
28691;38932
28692;40933
28696;49896
28702;56200
28704;37498
28704;45520
28707;49911
28708;58120
28710;39245
28712;54194
28713;30717
28716;54786
28719;37145
28719;43709
28726;31891
28733;50886
28733;47423
28735;38936
28737;34302
28741;56460
28747;29958
28751;53736
28765;42790
28769;30468
28773;44993
28773;43179
28776;37846
28780;57624
28782;46697
28785;29922
28786;50179
28787;29203
28789;44103
28793;44390
28793;37515
28795;54554
28798;39837
28805;56847
28806;43292
28807;52745
28812;42217
28812;50709
28817;45870
28817;40495
28819;51196
28823;32936
28833;42043
28837;44908
28839;52502
28846;57500
28847;45603
28848;50061
28863;44432
28870;30035
28870;37017
28871;37296
28874;39448
28874;44319
28877;54307
28877;42459
28888;39447
28894;42368
28902;56972
28905;48205
28910;48062
28911;39604
28911;51871
28915;52991
28917;37844
28917;31810
28922;35991
28927;36565
28927;54918
28927;37934
28927;39360
28927;36172
28927;41627
28932;41688
28934;36377
28934;50792
28944;50341
28945;50631
28945;56308
28951;44641
28951;32058
28952;29388
28952;56595
28964;42593
28966;39340
28967;45906
28974;38003
28977;30802
28977;50785
28979;47701
28979;46651
28993;34945
28993;51406
28994;46272
29007;32445
29007;49462
29008;36797
29011;30896
29017;47334
29018;34534
29019;36335
29023;43495
29024;35894
29032;30994
29036;33901
29038;49359
29038;53434
29039;34932
29039;50434
29044;54236
29044;42806
29045;40868
29053;45072
29058;52023
29058;29364
29060;41318
29061;47290
29061;50506
29064;39860
29064;43647
29066;31171
29070;45651
29070;37799
29075;37576
29075;56443
29075;53404
29077;56733
29080;57057
29084;52214
29085;29737
29086;41589
29094;56460
29094;50197
29098;32472
29098;39923
29100;57927
29103;55010
29104;32966
29106;45325
29106;52911
29106;41911
29117;48726
29118;55371
29122;44956
29122;58405
29131;54526
29132;44969
29132;43780
29133;51085
29133;43810
29134;52475
29140;38429
29140;56875
29144;35797
29144;33578
29145;30239
29146;57692
29146;35738
29151;36913
29153;34079
29153;55169
29159;42688
29161;41024
29164;42703
29168;48583
29168;58823
29171;38190
29176;58552
29180;40508
29181;48711
29181;58946
29184;45014
29184;50502
29187;54254
29187;42718
29188;43762
29190;56357
29209;52957
29209;45859
29209;45731
29210;53543
29217;44880
29225;40168
29225;34722
29228;33742
29231;48642
29238;31979
29243;56349
29247;58075
29247;53818
29249;30439
29251;52043
29251;29614
29253;31339
29255;41046
29255;48455
29261;35639
29261;53983
29263;36453
29264;41162
29266;55013
29266;57332
29271;29735
29273;38836
29275;55115
29275;38881
29275;48795
29279;33897
29287;38336
29289;36835
29293;35476
29297;48538
29299;39693
29300;47038
29304;31781
29304;43250
29307;38477
29307;47155
29312;54967
29312;38455
29331;33027
29339;30551
29339;35668
29345;58457
29347;37350
29349;55835
29349;41369
29352;54097
29352;52336
29354;39484
29354;36016
29356;30646
29357;56049
29357;29971
29364;57085
29365;41107
29366;57071
29366;36097
29366;37050
29370;58226
29370;34709
29371;51529
29375;50674
29377;36856
29380;55592
29386;49527
29392;33168
29395;41823
29396;58513
29396;35853
29398;56087
29399;55870
29403;55722
29406;41671
29407;34746
29407;52292
29413;56426
29413;54301
29417;55231
29417;51152
29419;46135
29423;44519
29423;58814
29425;42988
29434;52675
29444;43920
29444;41856
29450;44402
29452;56812
29452;48854
29460;29471
29460;56039
29461;30929
29466;54921
29466;43890
29468;42724
29468;50170
29470;50886
29480;30514
29483;55534
29483;36602
29486;40032
29486;58961
29492;31679
29492;47184
29506;39540
29507;58341
29507;44523
29514;35232
29515;31098
29520;35906
29526;57455
29526;45380
29531;42727
29532;46110
29532;50686
29538;34346
29540;54616
29541;47035
29541;53023
29542;54567
29542;37329
29542;47049
29548;42820
29548;47202
29555;52746
29557;34869
29558;53048
29558;43283
29564;48459
29564;51669
29573;53970
29574;39969
29574;50933
29578;37192
29580;54251
29582;56236
29582;45703
29583;36113
29587;55103
29589;34818
29592;48820
29592;39479
29597;38248
29601;45680
29602;45638
29602;44128
29608;47530
29611;38157
29611;38334
29612;42952
29615;43706
29615;29935
29619;41936
29623;40750
29623;48874
29627;39457
29628;30291
29642;52336
29642;48544
29643;56128
29645;58842
29646;32074
29650;36978
29650;29830
29651;43080
29658;33722
29660;44896
29662;50875
29667;33463
29668;39182
29670;47894
29670;35020
29682;50192
29683;47619
29692;51673
29695;40000
29700;52729
29706;52960
29708;54509
29708;40718
29711;35631
29722;55045
29722;40667
29724;55394
29726;53074
29726;56368
29733;51674
29733;31450
29734;53825
29734;41914
29743;56036
29743;47207
29746;47504
29752;47497
29753;41261
29758;32532
29763;38727
29765;34976
29765;49032
29765;37890
29766;36099
29775;38078
29775;58486
29782;39847
29782;52537
29783;41895
29783;52582
29791;42753
29793;56908
29798;36034
29799;31108
29804;58510
29808;38533
29810;48399
29810;40702
29812;42817
29813;39201
29813;49133
29818;33221
29821;38774
29822;58998
29830;31454
29834;55947
29842;33035
29843;52077
29843;41309
29848;53731
29851;36305
29855;42495
29862;46143
29863;34799
29869;52886
29869;51544
29870;57748
29873;51130
29878;46027
29878;37399
29878;58913
29886;53764
29887;36345
29893;54516
29894;41994
29902;47760
29902;30452
29910;32570
29910;37784
29912;48528
29912;39425
29915;30808
29917;47487
29926;50921
29937;46638
29938;45048
29943;49865
29943;56077
29949;46645
29961;36250
29963;51799
29963;50517
29964;34403
29967;56894
29968;41320
29971;33049
29981;49143
29985;52711
29985;36453
29985;49338
29985;47341
29987;55347
29991;51322
29992;38745
29993;56608
29996;48213
29996;52439
29998;45947
29998;41525
30000;45180
30003;57507
30005;41663
30017;49617
30017;37723
30019;33597
30022;34518
30022;34033
30033;54375
30033;32974
30035;42992
30041;40305
30042;40482
30042;41834
30053;51895
30054;42113
30060;57733
30061;49891
30061;41771
30064;45951
30064;53673
30064;58052
30069;54799
30069;42345
30070;38786
30070;35675
30071;39763
30072;37247
30073;57083
30076;39944
30077;44638
30078;33571
30082;45735
30090;33586
30091;43489
30091;44676
30091;44626
30096;58644
30096;49104
30097;46368
30101;42621
30104;42619
30104;51666
30112;35093
30113;58172
30113;37095
30113;49931
30114;51275
30117;50891
30119;52460
30119;39545
30120;57650
30122;45728
30131;38029
30131;32287
30132;33310
30132;52765
30138;33333
30141;56501
30142;46976
30146;41585
30160;37232
30160;46586
30164;50152
30168;41640
30171;52536
30172;50911
30193;55192
30194;58067
30195;51708
30203;58935
30203;38255
30211;33219
30229;36478
30229;44752
30232;42163
30237;40350
30237;46374
30238;53741
30241;56015
30244;37504
30244;58397
30247;54285
30247;44085
30253;57807
30261;49012
30261;38057
30262;58641
30264;45048
30264;34002
30265;37548
30265;48195
30267;40860
30268;46982
30276;47667
30280;45259
30281;31343
30281;57985
30281;51147
30281;45670
30281;50748
30281;41899
30281;56675
30284;32344
30286;52515
30286;56031
30295;51633
30295;50114
30298;32083
30301;55306
30302;31460
30303;44533
30303;42260
30303;45332
30304;47146
30307;48813
30307;40165
30313;41405
30313;50929
30313;58895
30313;46094
30314;40805
30314;33053
30316;41421
30316;56371
30322;38779
30325;49755
30332;43537
30332;37794
30332;33082
30334;58296
30334;54247
30335;40718
30339;36195
30342;58834
30346;40144
30349;49285
30350;53351
30350;40938
30357;43653
30357;34599
30369;57785
30371;56310
30382;32566
30383;43230
30384;46861
30384;35180
30386;51713
30388;43300
30390;57343
30390;33171
30391;44887
30391;41873
30394;51978
30394;49797
30395;51750
30402;53779
30410;45703
30410;39111
30420;57115
30420;50687
30426;32541
30428;53534
30429;31791
30431;45524
30434;57722
30438;39710
30439;54863
30439;33572
30447;33785
30447;52201
30453;44604
30453;32129
30454;56799
30458;42262
30478;36300
30482;45583
30482;52745
30483;32691
30484;57491
30484;39272
30485;46083
30489;53654
30493;34708
30493;38797
30506;42350
30511;51912
30511;49812
30518;44542
30518;35813
30519;45488
30521;34479
30521;32571
30522;47181
30529;32459
30531;40309
30535;58932
30542;55514
30545;53571
30549;38280
30549;39082
30549;58471
30549;45341
30550;33151
30551;52118
30553;46651
30553;51992
30559;37316
30559;40559
30567;56322
30574;56702
30574;31142
30575;37323
30577;42156
30579;51118
30579;49936
30581;32146
30581;34609
30583;54428
30583;44907
30599;31224
30599;31765
30599;37470
30602;43299
30604;51169
30604;40279
30606;43797
30613;51540
30617;40623
30618;31995
30633;49874
30633;52464
30646;54273
30647;56375
30647;45501
30651;35737
30651;34437
30652;50406
30652;57683
30659;42053
30659;55454
30663;35938
30664;37455
30665;44943
30668;48293
30669;49527
30670;33719
30674;44908
30676;48525
30676;50493
30678;33271
30678;34503
30679;43502
30682;34348
30690;56595
30690;58055
30693;45314
30694;39148
30698;48887
30700;35206
30710;47376
30710;57872
30711;44198
30713;38398
30719;36619
30722;43913
30723;53932
30724;45786
30728;57217
30732;50137
30732;47630
30733;38631
30744;54114
30747;58051
30747;49852
30749;43147
30753;56189
30756;51873
30765;52667
30769;31155
30770;52500
30770;51628
30779;44053
30787;47239
30795;53169
30795;35029
30802;37134
30805;46935
30806;38447
30808;52281
30809;38287
30810;38779
30812;47630
30812;36221
30816;31720
30816;58510
30816;35921
30818;42718
30818;31188
30834;49528
30835;46043
30838;39060
30838;36055
30840;45449
30842;52615
30843;55611
30843;40522
30844;56626
30845;48107
30855;36310
30858;47414
30870;48623
30870;46352
30878;40883
30880;40671
30881;51705
30886;41416
30887;31922
30888;32966
30894;42189
30898;58272
30901;54258
30901;46106
30901;58990
30902;57520
30906;39495
30906;53998
30910;58287
30910;55713
30918;42980
30921;38866
30929;40182
30930;56045
30933;40081
30942;47913
30951;49316
30955;37475
30959;57698
30960;42203
30961;36626
30963;47478
30964;51628
30968;35910
30968;37141
30971;38943
30971;43160
30972;34842
30974;44128
30974;40965
30975;53140
30975;43963
30978;45040
30980;37446
30981;40001
30983;39947
30984;33144
30991;50782
30994;33971
30994;40884
30996;44253
30998;43431
30999;46318
31003;58837
31013;34123
31014;36203
31014;45559
31015;59006
31016;45154
31017;35124
31022;55768
31027;51209
31029;35605
31029;37259
31033;40746
31033;44391
31036;37891
31036;51241
31044;51023
31051;43280
31056;42711
31056;51940
31058;32188
31061;56711
31075;51569
31077;35839
31078;36626
31079;35074
31079;44909
31084;42179
31088;58209
31089;47783
31089;52225
31091;47045
31094;55335
31098;58243
31100;46225
31100;42033
31105;41348
31106;52515
31106;46763
31107;42677
31108;52149
31109;47155
31109;58380
31112;38357
31112;43777
31114;38895
31115;33588
31116;34741
31120;46516
31123;37209
31124;33277
31125;47252
31128;39308
31128;41331
31131;48644
31131;36239
31133;37329
31135;41642
31136;48381
31142;51271
31145;31490
31145;41778
31147;45392
31149;32613
31159;46819
31168;45449
31169;58765
31170;43292
31171;42414
31171;41755
31177;36651
31183;50468
31183;46495
31191;56782
31195;49924
31195;42729
31200;51688
31202;54152
31202;48144
31208;37042
31215;43403
31221;33781
31224;56359
31224;40557
31228;56079
31230;31268
31240;47572
31240;31538
31242;50648
31242;37154
31249;41245
31252;38506
31272;47439
31276;49917
31277;41817
31284;33548
31284;43067
31289;52545
31289;40383
31292;37021
31292;49846
31293;57721
31323;37897
31329;34527
31334;44482
31343;51816
31343;31757
31343;47419
31352;39735
31354;46372
31354;34134
31359;50169
31361;57569
31375;36477
31376;46919
31384;44322
31384;45988
31384;42438
31390;41304
31390;34434
31391;49107
31391;44975
31393;39638
31393;48426
31396;44298
31396;37798
31397;52531
31400;42621
31404;40796
31405;40044
31405;49165
31408;46178
31409;47936
31409;32352
31414;41553
31416;42378
31420;32229
31420;55438
31420;47946
31424;35209
31431;55210
31431;42724
31432;45389
31432;38472
31433;36239
31437;52214
31439;39836
31456;47626
31458;37305
31460;37067
31461;41696
31461;32018
31463;43797
31463;49939
31474;53969
31477;54757
31479;41419
31482;34847
31482;40147
31483;32840
31483;32787
31483;44096
31484;44616
31487;53563
31490;31706
31491;54665
31491;47373
31494;39301
31494;37038
31505;54104
31505;49678
31515;31673
31523;53006
31528;46853
31530;35400
31533;53243
31533;46635
31540;55987
31545;33235
31548;34554
31548;58396
31550;45430
31552;34020
31556;46588
31560;36016
31560;39288
31567;57887
31576;36615
31576;58146
31579;58759
31584;53462
31595;43694
31595;36366
31603;49610
31608;53413
31610;51151
31615;58957
31618;51421
31618;55436
31622;39479
31622;47338
31630;55922
31633;37021
31633;36739
31634;37489
31635;51108
31643;37497
31660;41994
31661;44307
31666;41156
31668;53538
31669;41357
31675;35691
31676;39870
31676;50309
31679;57526
31679;43146
31682;48462
31683;55039
31683;53387
31686;55925
31687;48630
31687;41126
31692;57950
31695;53967
31701;58941
31706;55687
31710;38627
31712;44271
31717;57166
31717;50213
31720;35546
31723;45266
31724;46527
31726;35029
31729;40971
31729;36810
31730;35794
31730;40561
31733;39220
31735;57327
31739;39559
31739;37749
31747;56135
31759;35256
31762;42871
31762;36725
31763;44767
31765;45727
31767;32113
31770;35313
31772;55633
31778;45871
31778;32108
31782;47184
31782;47593
31784;36795
31784;36367
31785;41223
31786;49467
31786;34586
31789;47380
31790;42987
31790;46498
31790;32076
31790;57068
31790;47907
31790;58793
31790;32126
31791;41256
31792;34148
31792;50332
31793;39856
31798;46956
31804;48496
31811;42988
31812;36218
31820;45621
31820;42486
31822;55674
31823;53415
31824;55880
31829;47793
31834;57900
31840;32680
31841;40307
31841;33700
31852;46528
31852;32410
31853;41980
31857;38322
31860;33277
31862;43016
31869;41686
31870;56648
31874;42970
31874;56277
31878;48179
31879;50970
31888;56079
31894;37748
31897;56802
31900;37970
31904;36805
31908;46259
31908;39551
31915;38304
31920;36981
31922;47369
31924;51410
31927;49269
31928;46763
31928;44994
31929;51296
31929;45304
31931;42108
31935;51248
31936;50207
31940;49958
31947;49965
31954;56740
31954;54697
31967;55978
31967;37888
31968;57168
31970;43677
31973;32324
31976;38457
31977;46474
31977;42380
31982;52974
31990;35221
31990;56551
31993;44670
32001;50701
32006;57043
32006;47151
32009;44550
32011;56017
32013;48841
32015;36523
32015;35027
32016;57118
32016;57814
32018;54706
32028;36904
32034;33763
32042;51191
32048;57101
32050;47353
32051;58691
32054;40453
32056;58598
32056;52128
32057;38553
32057;53074
32071;41477
32074;34801
32085;32948
32087;37610
32087;39428
32092;53675
32092;39208
32105;38212
32105;58246
32108;34436
32119;44418
32122;49306
32123;33161
32123;39896
32129;51866
32132;55188
32133;32357
32140;56238
32144;52195
32145;37320
32145;56843
32148;38457
32148;37215
32158;35735
32159;45774
32160;38201
32160;45477
32174;43223
32175;37556
32182;35263
32185;45776
32185;33740
32187;56421
32188;34166
32191;49823
32198;56761
32210;55844
32213;57676
32213;37850
32217;43651
32220;47237
32227;32232
32231;54219
32231;41168
32233;43714
32233;54853
32238;42334
32238;38676
32239;57808
32245;39160
32248;51170
32249;55719
32249;33720
32261;54059
32261;36305
32266;42217
32267;39131
32269;52466
32270;35506
32270;52425
32273;43135
32273;47467
32287;41339
32290;44484
32292;35687
32293;40116
32293;45951
32298;37970
32299;44927
32304;32764
32306;38235
32310;37781
32314;34262
32316;52529
32317;45873
32317;44078
32319;58075
32319;56740
32319;55394
32319;44003
32322;51796
32349;40999
32352;45998
32357;50236
32363;53276
32364;57882
32364;38792
32369;48497
32373;42226
32375;35157
32378;56911
32378;33751
32384;39226
32387;54474
32388;35584
32388;55317
32395;41351
32395;39091
32399;41106
32407;46881
32407;45642
32417;43852
32426;44561
32427;56938
32427;40662
32428;53156
32428;55279
32434;52158
32440;42759
32440;48167
32445;41566
32454;35970
32459;43201
32467;57624
32472;40356
32478;58594
32481;36558
32490;48713
32492;40153
32507;54194
32509;44420
32510;45792
32517;35819
32524;44317
32529;58868
32541;43653
32543;39998
32545;45974
32547;46695
32548;32736
32557;47829
32564;58528
32564;40255
32565;35059
32565;34346
32566;49246
32569;34750
32575;54732
32575;53842
32585;42449
32586;47650
32592;55426
32592;42423
32593;49399
32595;57036
32598;43388
32603;48236
32605;43731
32605;56512
32608;55854
32616;46590
32617;55057
32617;41096
32619;46724
32619;35779
32623;34544
32624;43514
32632;43041
32633;39412
32634;47100
32634;37027
32643;51275
32648;40873
32649;48779
32649;43445
32655;33901
32655;57022
32657;45817
32662;56107
32662;58124
32663;35084
32664;36463
32664;57322
32665;51253
32665;45346
32666;35417
32666;42750
32667;54226
32670;45484
32673;51393
32674;36298
32674;49200
32674;54142
32680;55563
32682;46747
32684;48202
32691;39082
32703;44335
32709;35356
32725;52890
32726;42114
32726;46699
32732;36712
32732;47392
32733;56665
32736;58265
32744;54454
32752;55824
32753;53006
32754;41728
32756;41417
32759;58869
32762;39550
32763;41343
32764;53013
32776;37513
32777;39438
32778;40753
32782;34594
32784;54440
32792;33296
32793;58576
32803;42806
32803;50574
32804;39010
32806;43724
32806;42633
32812;38047
32818;46463
32819;54816
32820;41738
32820;55802
32821;50747
32823;51053
32827;33737
32827;50668
32836;33925
32836;53030
32837;46056
32837;36381
32841;39173
32842;57348
32863;38671
32869;40474
32873;33434
32873;39493
32877;50386
32879;45233
32882;47896
32899;51770
32902;46319
32904;49692
32923;33834
32925;39937
32930;57044
32931;58427
32933;45273
32934;49217
32936;46815
32937;44655
32941;40704
32941;53823
32945;52859
32945;56757
32946;53156
32948;43731
32951;58819
32954;52525
32958;39216
32967;56050
32969;35747
32970;43485
32979;55580
32984;51058
32986;45673
32992;35622
32995;46208
33000;48397
33001;51501
33005;33449
33006;48072
33007;54162
33007;51599
33012;46501
33012;39452
33026;53242
33032;36904
33041;34932
33043;34584
33043;44567
33047;42504
33048;34227
33049;36288
33053;34920
33056;56759
33056;52661
33072;44467
33076;53949
33079;39988
33082;33191
33083;37839
33084;50472
33086;45792
33088;55716
33099;40704
33100;51697
33100;38111
33100;41557
33102;54374
33107;49275
33108;50687
33108;51385
33110;35694
33114;49029
33114;41810
33121;57945
33121;35386
33135;54409
33140;54949
33140;33616
33140;38872
33143;49336
33143;49543
33154;37387
33154;34461
33160;46997
33161;47688
33167;40953
33168;35828
33169;51317
33170;51322
33170;57650
33171;34197
33183;46387
33191;58598
33195;52283
33195;50185
33202;35735
33203;41698
33208;56829
33211;58364
33215;53145
33216;36828
33221;51859
33222;56262
33222;45451
33223;56757
33224;49571
33224;43263
33226;40721
33227;55458
33227;44283
33231;42612
33235;55096
33242;50146
33247;57258
33249;34708
33249;38213
33266;34211
33271;39948
33278;37074
33278;49576
33288;33851
33299;50749
33301;56800
33301;45013
33302;34125
33306;44854
33307;49214
33309;55998
33309;45644
33310;50256
33311;48546
33311;34741
33312;39755
33312;50429
33319;50131
33319;52272
33332;55080
33339;53449
33339;53000
33346;46273
33351;44689
33352;46952
33353;34619
33353;47245
33360;43818
33361;35269
33362;43209
33369;33495
33369;48902
33370;40885
33371;36795
33371;56938
33372;52395
33376;45812
33387;56381
33395;39476
33399;58192
33401;48957
33401;55513
33404;38476
33406;55329
33406;42414
33410;36799
33410;37654
33416;52038
33416;47626
33422;52123
33422;58819
33432;51818
33432;33925
33434;56394
33441;50100
33442;52328
33442;45114
33446;37735
33455;40701
33455;35683
33460;56270
33460;49511
33468;49009
33472;47342
33472;37196
33477;42906
33478;55866
33478;35905
33485;57132
33494;58216
33495;51495
33502;40457
33503;57726
33510;40700
33519;38176
33524;53941
33526;52826
33527;36799
33529;36323
33539;42866
33539;39225
33540;36769
33544;40755
33547;51671
33547;51483
33555;55760
33561;41868
33561;45633
33569;39921
33569;45371
33570;50259
33572;52025
33587;41100
33587;58937
33591;36625
33599;51797
33601;42004
33603;47416
33605;42988
33605;48851
33618;56074
33619;56730
33620;35533
33621;57070
33624;46417
33633;56013
33634;46377
33641;54769
33642;54183
33651;52239
33653;35698
33654;56366
33655;47223
33655;36058
33657;54326
33657;54307
33665;36214
33669;49432
33672;44062
33679;37330
33681;53213
33681;46220
33681;50510
33682;54840
33684;41129
33687;37055
33693;41522
33694;33950
33694;40521
33704;47750
33706;58247
33706;33959
33708;43651
33708;37072
33708;50683
33710;51003
33710;58700
33712;46501
33716;50299
33722;54007
33728;39931
33728;47195
33733;37840
33737;40274
33738;55711
33738;39173
33740;49390
33740;52196
33747;49248
33749;40704
33755;44731
33758;44597
33765;45943
33766;43040
33766;43686
33768;51194
33769;54163
33775;43426
33778;46811
33781;58640
33785;52643
33787;43181
33787;46867
33794;34832
33802;46621
33805;49736
33809;58433
33814;40460
33816;40608
33816;42830
33821;37784
33829;46528
33829;47661
33833;40819
33833;54485
33838;34192
33839;55513
33839;53383
33845;56551
33845;38669
33846;44328
33851;43358
33856;36135
33869;58221
33872;40195
33876;47982
33876;52673
33879;49958
33881;39509
33883;49716
33892;45693
33897;36411
33900;54495
33902;58696
33903;36263
33904;46325
33908;46768
33909;54807
33924;37093
33925;44130
33927;54761
33932;45717
33935;39643
33949;37284
33950;55685
33950;39990
33950;35773
33951;58627
33951;42948
33956;41238
33960;51989
33960;49497
33970;36395
33971;49812
33979;52626
33986;56238
33996;44670
34003;49261
34009;49376
34009;58286
34017;42196
34017;53785
34018;42890
34019;49450
34023;51218
34028;50911
34031;55771
34033;53403
34045;36317
34045;54071
34047;57249
34047;42634
34057;35138
34060;55555
34067;48167
34070;48270
34076;39898
34077;48242
34079;53654
34081;46604
34092;35675
34092;52217
34107;50770
34111;50080
34117;40307
34117;36610
34123;55862
34132;37863
34135;53405
34144;55512
34144;56213
34148;53807
34148;34223
34149;49683
34150;53810
34151;49697
34155;57623
34157;46755
34157;46719
34159;48269
34166;38602
34168;51598
34170;48185
34171;49146
34171;51587
34173;35678
34173;56280
34178;44950
34178;47075
34188;53242
34188;45200
34200;51542
34200;44838
34200;41247
34203;46833
34205;35855
34205;48399
34207;47870
34207;38048
34208;49316
34212;45695
34215;46181
34215;42331
34218;58752
34223;34600
34223;49957
34225;40974
34225;34725
34226;49008
34232;51275
34236;40437
34238;48700
34244;34605
34248;48957
34254;49478
34254;50187
34257;35386
34259;50113
34269;53993
34270;58843
34275;37703
34275;49478
34276;36203
34286;45738
34286;56269
34291;39129
34302;41154
34303;40115
34305;50166
34305;43136
34310;50291
34317;36154
34317;38489
34324;36696
34324;34479
34327;53750
34327;51858
34332;55970
34339;38819
34341;42864
34342;53226
34349;34920
34372;38834
34380;51786
34384;37128
34385;44012
34388;47589
34388;42147
34393;42609
34396;58017
34403;36716
34409;44836
34410;56241
34413;38335
34416;53759
34417;43306
34417;41087
34420;43469
34420;58976
34424;37465
34424;37434
34435;49766
34435;39486
34441;45936
34442;57937
34443;49051
34443;49378
34444;55257
34451;35210
34461;42040
34464;55975
34466;45711
34466;45329
34471;36566
34474;38774
34477;37683
34488;39154
34488;54479
34491;37820
34492;37258
34492;46517
34493;45785
34493;44348
34495;41856
34495;48350
34501;43842
34503;53913
34507;56856
34507;39446
34510;53021
34510;52222
34518;52587
34518;36104
34524;45055
34524;50111
34531;56163
34534;51191
34541;58537
34541;53337
34544;55266
34546;46605
34546;37195
34552;48239
34554;58851
34555;36632
34565;41103
34565;51821
34565;54962
34577;39658
34581;57882
34585;51275
34587;44603
34589;41589
34589;51842
34594;48823
34596;49031
34597;39787
34603;46966
34609;49570
34611;45472
34611;46004
34613;43807
34613;47749
34615;58135
34615;46963
34620;43787
34624;36724
34627;57036
34633;39566
34634;56745
34637;37048
34637;55458
34641;55174
34641;36693
34641;47426
34642;53023
34642;44899
34645;45290
34647;44654
34647;44448
34650;56161
34650;55433
34653;46500
34653;40680
34654;38368
34657;42433
34659;52541
34662;44633
34665;38991
34666;47848
34671;58105
34675;36538
34675;54733
34678;52740
34688;36948
34689;55818
34689;45529
34696;57198
34697;51151
34698;56860
34698;56964
34699;43537
34701;46898
34703;49756
34704;52650
34704;56208
34706;41561
34706;40213
34708;48033
34708;43886
34714;38324
34721;48208
34724;39233
34724;58223
34734;51416
34734;38912
34735;42542
34736;39944
34736;39372
34740;54031
34740;57984
34746;45259
34755;56445
34757;58303
34757;34825
34760;58463
34761;39717
34761;48220
34768;50312
34768;54741
34770;46118
34773;58679
34776;58227
34776;54505
34779;37713
34785;50663
34787;52561
34787;54827
34791;52133
34791;42647
34800;50869
34801;56245
34803;57007
34807;35909
34808;49707
34811;37929
34818;44859
34824;51275
34825;56894
34832;35305
34835;58888
34840;51844
34842;51868
34845;43769
34847;44322
34849;38542
34849;41211
34860;52890
34865;57397
34865;46508
34868;42398
34868;40278
34869;57222
34872;47464
34878;44073
34891;58505
34898;41854
34898;52875
34921;42091
34926;41853
34929;58091
34929;44490
34930;57656
34930;47097
34934;51267
34935;36250
34941;41816
34942;43534
34950;56531
34952;34971
34955;43827
34970;40615
34972;39048
34975;48949
34975;54978
34978;56498
34978;50004
34979;58411
34982;53293
34988;42208
34989;56740
34989;51148
35004;51787
35006;39665
35007;51965
35012;39190
35021;53311
35033;46469
35036;45245
35036;55489
35037;50939
35039;41362
35040;58252
35045;47928
35045;58107
35046;46290
35048;54522
35048;47741
35057;41865
35057;37252
35058;35963
35067;41353
35072;43040
35074;54420
35075;58828
35077;51669
35077;42887
35084;47340
35105;35932
35111;36571
35114;53080
35116;55542
35116;47433
35118;36968
35118;44369
35123;58452
35123;49930
35126;38610
35129;42125
35130;35908
35132;41852
35151;57054
35157;46666
35167;35418
35167;48437
35182;41715
35186;52363
35186;35491
35188;40079
35199;49090
35199;37843
35203;58885
35203;44149
35210;56737
35213;40118
35225;42120
35229;48662
35235;49191
35235;37822
35244;46149
35248;49322
35249;56818
35250;52245
35250;35589
35255;43361
35256;41105
35266;47374
35266;52310
35269;48011
35276;37333
35279;51694
35279;46017
35280;54378
35280;41417
35298;55929
35303;53254
35303;50224
35306;35314
35306;44034
35310;38222
35315;40133
35315;49020
35327;49575
35334;50140
35335;35608
35338;41710
35351;58352
35352;56466
35356;50477
35366;37005
35366;45914
35367;49610
35367;49649
35376;57945
35376;41419
35390;37546
35390;53298
35392;47350
35401;50582
35402;41019
35402;45910
35410;53381
35412;45598
35413;58964
35415;57497
35415;46629
35415;48290
35417;38655
35418;44963
35421;53067
35425;55889
35427;45506
35460;36739
35467;53136
35481;53756
35490;56060
35490;56123
35491;54705
35495;53344
35502;37799
35509;46852
35512;57078
35514;58251
35518;52502
35519;39689
35528;51450
35533;43125
35537;50232
35539;54846
35539;37070
35542;58143
35542;47112
35546;54339
35552;51063
35556;35856
35557;51503
35557;56993
35558;58615
35566;50113
35572;38650
35582;57455
35584;42320
35589;45775
35590;53344
35590;55982
35602;58015
35602;40344
35602;55670
35603;36919
35604;50336
35605;36473
35608;42371
35609;45819
35614;49050
35622;47877
35626;58702
35627;43705
35629;55413
35631;58552
35631;50922
35633;47787
35640;48153
35645;36357
35652;53054
35653;40395
35653;42175
35653;43205
35654;43179
35669;42726
35669;51752
35678;36145
35679;46528
35679;52587
35682;41357
35682;50708
35687;52395
35691;36464
35696;47659
35704;47429
35713;44704
35715;43704
35715;45423
35725;40311
35725;57842
35725;56581
35730;57388
35737;42569
35737;53578
35738;39383
35740;57563
35740;54608
35744;36587
35746;58991
35747;54636
35750;55620
35750;54631
35750;54496
35755;52814
35755;58359
35758;48966
35768;49097
35774;50562
35779;39120
35779;39142
35780;43198
35788;36827
35797;41190
35802;49034
35803;54790
35817;52379
35819;55815
35819;40989
35820;55369
35822;52090
35825;46735
35825;36536
35826;41135
35830;54769
35831;37940
35831;51040
35831;42700
35836;46661
35839;42426
35853;53080
35856;43757
35863;57147
35867;35922
35878;37117
35889;39699
35893;46220
35896;56593
35897;38255
35899;52613
35900;56303
35908;44029
35912;52445
35922;51232
35926;42191
35927;51209
35928;43365
35932;49051
35932;44924
35937;47402
35937;56773
35943;51663
35943;52419
35945;42074
35946;38745
35952;45160
35953;56303
35957;48150
35963;46916
35965;56126
35966;42837
35966;40242
35968;43530
35975;48203
35975;49123
35975;54454
35978;42364
35986;40959
36000;52110
36000;51199
36002;55399
36002;48503
36010;40644
36014;56771
36016;43392
36026;48153
36027;58268
36027;54908
36034;54237
36034;55136
36035;41736
36035;56493
36041;38109
36042;45382
36042;47167
36052;46219
36052;44394
36058;43176
36059;50205
36059;41316
36061;45493
36069;39023
36069;43311
36081;46020
36082;46290
36085;42729
36092;37339
36094;55947
36094;50146
36103;50844
36109;37220
36109;51534
36109;55160
36113;50310
36119;55670
36125;54071
36125;55921
36129;43972
36129;57692
36130;56993
36130;41672
36130;55722
36137;51844
36139;56375
36141;52348
36142;45804
36149;48163
36150;51904
36151;36575
36152;36161
36155;39917
36155;36178
36161;41482
36162;43818
36162;50744
36163;42727
36163;56425
36165;42208
36168;37279
36168;40584
36171;55540
36171;43787
36175;58520
36177;40702
36177;38934
36181;38581
36184;44851
36195;50049
36196;37843
36198;53210
36201;50291
36203;47900
36207;50102
36209;43042
36216;42798
36218;38405
36218;40363
36221;47526
36238;50047
36238;55904
36251;36907
36252;45626
36252;53522
36261;43436
36261;37118
36263;54843
36264;42746
36265;48062
36277;37165
36286;45599
36296;44226
36298;43504
36300;58193
36301;49783
36302;36962
36317;40080
36324;44482
36328;53799
36328;57342
36331;51921
36345;58819
36351;48179
36355;48179
36359;43984
36359;53674
36362;36525
36366;40689
36371;58443
36371;49835
36373;44225
36377;49229
36382;48257
36382;44160
36383;56209
36386;36462
36392;40721
36394;41363
36395;55895
36400;39301
36411;41427
36412;45060
36419;41048
36419;54635
36419;47088
36420;49399
36429;54324
36432;58304
36432;40611
36461;45598
36462;45518
36465;40758
36465;53271
36465;36690
36466;53437
36466;43696
36472;37130
36473;56392
36475;43766
36476;39875
36478;41127
36487;37415
36487;50996
36487;40251
36491;50798
36491;41196
36494;51194
36494;50320
36494;48794
36506;47487
36508;51928
36515;41362
36523;39480
36523;53964
36524;38807
36524;47897
36525;44634
36533;39816
36533;38581
36533;54526
36538;42772
36544;56036
36546;40030
36546;49577
36549;38064
36554;44748
36571;39447
36579;43119
36580;37191
36580;57372
36592;55881
36593;46305
36596;48335
36600;48381
36601;39862
36601;42250
36605;40881
36611;50818
36611;53086
36612;45983
36614;38988
36614;39975
36616;52903
36618;43987
36622;40046
36627;45688
36632;42300
36647;43954
36653;54217
36653;39876
36667;44747
36669;40479
36678;50758
36678;53615
36686;40732
36686;48596
36693;58246
36696;39588
36697;39907
36702;42937
36702;40238
36703;58594
36703;38735
36704;38438
36705;55179
36713;39188
36716;54666
36717;58723
36717;59002
36724;49909
36725;48123
36726;46378
36726;43261
36748;37014
36748;38047
36749;42024
36750;56334
36750;53045
36752;55436
36769;54301
36776;58591
36781;43776
36782;48851
36785;54594
36801;56651
36801;57125
36806;40998
36809;51355
36810;38066
36813;46755
36826;55556
36828;54467
36831;39946
36831;38911
36832;47329
36832;47721
36834;56406
36835;44649
36837;37571
36837;54936
36843;36921
36848;42743
36848;49943
36854;52191
36856;53677
36857;57848
36862;37854
36864;58615
36880;50044
36885;46923
36888;50200
36890;54080
36890;43929
36891;39664
36894;44670
36896;45496
36898;58950
36904;57546
36910;40316
36910;56970
36910;47716
36920;44352
36921;55351
36922;40669
36929;44204
36929;57927
36932;58851
36933;57213
36934;46847
36934;55010
36935;47239
36936;41592
36939;46008
36939;45575
36945;55713
36949;42187
36950;49661
36951;56362
36956;46545
36957;42239
36958;51107
36958;40667
36959;44536
36959;48304
36964;39689
36971;42785
36971;37401
36975;56699
36978;45815
36981;38176
36987;44167
37007;48830
37007;52815
37014;45566
37017;46647
37019;41666
37022;46118
37024;39175
37026;58728
37028;46236
37029;46935
37034;49396
37035;58855
37035;48712
37048;40713
37055;45638
37057;58786
37057;40801
37061;42209
37070;40725
37076;42057
37080;53839
37092;39657
37092;57954
37104;37283
37109;51275
37113;39343
37113;55777
37117;40257
37118;37686
37120;47656
37121;41947
37121;50665
37121;41735
37123;47278
37123;38524
37124;51275
37124;56293
37125;58778
37125;41371
37134;40929
37138;47290
37158;48033
37158;56389
37158;57796
37160;56016
37163;40301
37164;56213
37169;54180
37176;44450
37177;52469
37182;42759
37182;53208
37185;54116
37198;52262
37201;43445
37201;37875
37202;48302
37202;58464
37204;47925
37205;50166
37209;48652
37210;39875
37210;46277
37215;49542
37220;41149
37227;58085
37227;49711
37228;41884
37232;42887
37233;54968
37235;49083
37235;53931
37242;58580
37244;50149
37244;54569
37245;49297
37252;55741
37255;39201
37278;43224
37278;47402
37279;55904
37282;37788
37284;39866
37290;37308
37291;38452
37291;43518
37296;55126
37302;38306
37303;55877
37305;54638
37317;41045
37317;52261
37320;55609
37328;39652
37331;41364
37332;47963
37334;41518
37334;50799
37341;56050
37341;42843
37345;53358
37351;44031
37353;41538
37357;53940
37358;38069
37358;54356
37359;55587
37360;47087
37365;40642
37366;41155
37373;53984
37375;53558
37376;51414
37376;49196
37382;57621
37382;46433
37385;55019
37386;57911
37387;41990
37396;51752
37400;54455
37401;43670
37405;45329
37406;49174
37407;50113
37411;47162
37413;48794
37413;46027
37415;40972
37420;57784
37425;58912
37429;58202
37429;40081
37433;48468
37434;48178
37437;42261
37437;48074
37439;56486
37442;56698
37442;52749
37450;50353
37452;46325
37454;48668
37455;42115
37455;41748
37458;44503
37462;52889
37464;44689
37465;45599
37467;38281
37473;54363
37478;55244
37480;52957
37484;37835
37485;48349
37485;52043
37492;46708
37492;53021
37499;46734
37509;53762
37510;53537
37510;50595
37510;50948
37510;39939
37519;43883
37521;45048
37522;57212
37534;50238
37538;43045
37540;58644
37544;43562
37552;53940
37556;55104
37561;58367
37561;45081
37565;44398
37571;53601
37578;56497
37578;42478
37582;55716
37585;50438
37585;58822
37588;41300
37593;56080
37593;47013
37593;41706
37608;58219
37616;56224
37621;40533
37623;45614
37624;41896
37625;40584
37634;39831
37645;41958
37651;45680
37653;39562
37653;45903
37656;55076
37656;52716
37661;53187
37667;38086
37676;50228
37677;58265
37679;54699
37679;42657
37680;43705
37681;50709
37683;53403
37697;57989
37703;43469
37704;56220
37716;57936
37717;38066
37723;53817
37734;40026
37734;49001
37735;45715
37748;55308
37749;51978
37750;55827
37751;54372
37757;46717
37757;51663
37761;53622
37762;55030
37763;52166
37776;46422
37782;44040
37782;50377
37786;44565
37786;54967
37788;37950
37796;50037
37796;40601
37797;47402
37797;42784
37800;46601
37803;51326
37804;54915
37815;42025
37817;53779
37820;54147
37826;53098
37828;55288
37835;41886
37839;38904
37846;53268
37848;56310
37849;57977
37849;42678
37853;39208
37853;43285
37861;48771
37863;58322
37875;41736
37876;54640
37878;52386
37881;58508
37883;46063
37888;51667
37897;39433
37899;39687
37902;44567
37911;44036
37915;42884
37917;47736
37919;57554
37919;46334
37920;53468
37921;46014
37927;55919
37928;44550
37930;55322
37931;50792
37931;42512
37943;48658
37945;45229
37945;51202
37945;55907
37967;46056
37971;38913
37976;43608
37983;42227
37985;49965
37988;56562
38009;42937
38016;43247
38016;54160
38029;40920
38033;44831
38034;38745
38042;45021
38042;44139
38045;51585
38045;44533
38049;40473
38063;48231
38064;40938
38068;41821
38068;48076
38069;48067
38071;49097
38075;38804
38088;47160
38088;49294
38090;51603
38091;39102
38092;49384
38097;40788
38109;43296
38113;56013
38115;56280
38117;57207
38117;51323
38121;56031
38126;49265
38126;54739
38126;55538
38127;48279
38131;48699
38142;44196
38152;57255
38163;48202
38169;52418
38171;50774
38175;44077
38194;47354
38194;55048
38197;52114
38197;47146
38201;58211
38203;55227
38203;45690
38208;46135
38208;45836
38213;53412
38216;48686
38218;43438
38220;42843
38220;48400
38221;40734
38223;46007
38225;47735
38230;47284
38233;55306
38233;49652
38237;56958
38242;50929
38242;41990
38260;40072
38267;58172
38269;43925
38269;58428
38276;49593
38276;43268
38280;40383
38295;39331
38297;52935
38299;57710
38317;53366
38317;48822
38319;52035
38324;52717
38330;44878
38332;46477
38335;45971
38340;54533
38353;43629
38353;47625
38368;48452
38373;39030
38375;39721
38378;52630
38385;39831
38385;52918
38387;55244
38405;48586
38409;56360
38409;38975
38412;40028
38427;43436
38428;45292
38435;55847
38438;38811
38440;39872
38443;49652
38443;58227
38444;40360
38444;54661
38447;47776
38455;50778
38460;53012
38465;50356
38468;47900
38476;58892
38481;42910
38485;48111
38487;53301
38492;47701
38493;42008
38496;46604
38501;54948
38501;53102
38502;49467
38506;49429
38515;54349
38524;58276
38524;54541
38526;49755
38533;44390
38551;51269
38552;52714
38552;54806
38558;46058
38562;44423
38577;47067
38579;48414
38583;54695
38587;49825
38588;51797
38588;42737
38589;45909
38594;58615
38594;46404
38605;55410
38606;40949
38610;39821
38610;56357
38612;45844
38616;46776
38625;46028
38627;44155
38631;55782
38633;39566
38635;56077
38635;48653
38640;53806
38640;45513
38647;43509
38647;50598
38655;56597
38657;53454
38657;45588
38659;45843
38659;46282
38659;47812
38669;52192
38671;51044
38674;55104
38674;43475
38689;47919
38693;57845
38696;45791
38698;43677
38703;57749
38727;56060
38735;55151
38745;42508
38746;52516
38761;50998
38761;49453
38770;54631
38776;51673
38778;51219
38778;58553
38779;46014
38779;39033
38784;55004
38788;46966
38791;45550
38797;45377
38798;58941
38806;40685
38808;51106
38808;44399
38819;48362
38829;48597
38832;42693
38834;48118
38835;48929
38836;39101
38848;45669
38869;49860
38874;44185
38884;41350
38885;55709
38896;52503
38896;55691
38904;43782
38906;42025
38908;44310
38911;52303
38912;57452
38918;51209
38918;43665
38918;54833
38920;43106
38936;40804
38937;39589
38938;41650
38942;49473
38942;48262
38946;48244
38951;56887
38956;51974
38963;50566
38963;43115
38973;44379
38973;56418
38975;47148
38975;46702
38978;46750
38979;39876
38979;50053
38980;52695
38983;49682
38997;58398
39001;47300
39007;50937
39019;54447
39019;40334
39024;46156
39024;49575
39037;46415
39045;54088
39053;51425
39058;44038
39058;50780
39060;46953
39062;49756
39062;43246
39064;40642
39068;45306
39068;57936
39084;51770
39084;47218
39089;46718
39094;48257
39102;39910
39105;54324
39105;53095
39106;55688
39120;52553
39120;50346
39122;54832
39125;53151
39127;44812
39129;54263
39131;47389
39133;40153
39139;48005
39141;52898
39142;44407
39143;53564
39148;49261
39150;48249
39150;58657
39154;43385
39156;56999
39160;52966
39160;58187
39162;53486
39174;43055
39175;45314
39176;48231
39179;48472
39182;56291
39182;56313
39185;56698
39188;51809
39189;43629
39194;58723
39194;48986
39196;56398
39196;42091
39206;41115
39215;56127
39215;44655
39219;39701
39220;58638
39221;48183
39224;58211
39230;56214
39231;57232
39233;58321
39236;45133
39255;50474
39260;51769
39261;47405
39265;54287
39266;40319
39268;51948
39274;48834
39274;56346
39275;49441
39278;53421
39281;54853
39282;41685
39294;49724
39295;48657
39331;50073
39335;49793
39340;44806
39343;57767
39354;46004
39354;58418
39356;55158
39359;39989
39361;47293
39362;43986
39364;49695
39367;51275
39372;45128
39379;56395
39379;57558
39383;50950
39384;55481
39391;48997
39397;51792
39398;44122
39401;57164
39403;54638
39403;41628
39405;41156
39408;55225
39416;43359
39430;51306
39430;47713
39437;44935
39439;46509
39441;42492
39441;41092
39443;48319
39446;50764
39448;46033
39452;53936
39455;52239
39460;53761
39460;58385
39462;41520
39473;49300
39476;43860
39479;47612
39482;56220
39484;50749
39485;44300
39492;47314
39494;54218
39494;54233
39495;54813
39503;42334
39503;44437
39509;46085
39509;44285
39519;58822
39519;42484
39523;57809
39523;51008
39527;58533
39533;51044
39533;45615
39538;41272
39540;45239
39545;52814
39550;43079
39555;57607
39560;56040
39568;45825
39580;52363
39581;49451
39581;56575
39581;57227
39595;56810
39595;59013
39597;44553
39597;44772
39599;57164
39599;57773
39599;54192
39599;44892
39600;55363
39601;57373
39603;57621
39603;48047
39603;41510
39603;43313
39604;51445
39607;46659
39607;45483
39612;58106
39613;54214
39621;45898
39623;51427
39643;58838
39647;54370
39647;57604
39648;45318
39652;44703
39657;43474
39663;45820
39664;52612
39671;56322
39672;41482
39674;42452
39677;58286
39680;52653
39693;41006
39695;41335
39698;47196
39698;58426
39698;42638
39699;49816
39701;41821
39703;56293
39708;46309
39711;40377
39718;39847
39718;55001
39718;57075
39721;51219
39731;47277
39731;50632
39741;46058
39746;43651
39770;52650
39777;43739
39777;52503
39782;55367
39787;49041
39798;42271
39808;52035
39811;57054
39816;41312
39822;53602
39823;50462
39825;57236
39836;51174
39844;47207
39844;43435
39847;55001
39860;48237
39862;55592
39866;51169
39874;55978
39881;42975
39889;42868
39892;42374
39896;51343
39898;45518
39898;41620
39902;47467
39902;58259
39902;55039
39906;43157
39917;50101
39921;46719
39921;50904
39930;40875
39933;45425
39933;51306
39936;58541
39941;46485
39947;50869
39952;44677
39954;55399
39955;51157
39955;45694
39969;44086
39978;50184
39982;40857
39987;48185
39988;44855
39996;55267
40000;56291
40001;53613
40008;41873
40008;43783
40012;55496
40016;45180
40020;46023
40024;43026
40024;53792
40026;52461
40030;53876
40043;53439
40046;40886
40065;52750
40067;56751
40070;55630
40084;58917
40087;53728
40105;46042
40116;42106
40123;40528
40124;58735
40136;56389
40136;51346
40139;46197
40144;54895
40156;53002
40156;46859
40160;52512
40160;43006
40164;50632
40165;55359
40167;45011
40170;47430
40170;54654
40172;53983
40179;52475
40181;48739
40182;42125
40184;47975
40184;57246
40190;46756
40202;48332
40202;51496
40213;51197
40224;55496
40226;53145
40230;51997
40234;47683
40238;42428
40249;49033
40251;51489
40254;45516
40272;57848
40274;41804
40276;44923
40276;47871
40280;57811
40287;53916
40287;41938
40290;50475
40298;47583
40307;45513
40307;45142
40311;51876
40313;53627
40316;42473
40319;41076
40330;48391
40333;48003
40340;44290
40344;50232
40350;57783
40356;48775
40358;53764
40363;48586
40363;54226
40368;40514
40368;56328
40377;55742
40380;48354
40385;54566
40406;43060
40406;42058
40407;56444
40407;46914
40408;56123
40409;54429
40412;58259
40412;42932
40423;50815
40423;54831
40427;47705
40433;57335
40433;42893
40437;43246
40443;52123
40446;52948
40451;51977
40457;46872
40461;49294
40470;44585
40477;55431
40477;53555
40479;56677
40482;51892
40484;42596
40488;48528
40491;46981
40498;55610
40503;47886
40504;50298
40504;45613
40526;53984
40529;42941
40533;53134
40534;48987
40534;56812
40536;42966
40546;53543
40550;56285
40553;56714
40553;53798
40553;56452
40559;52866
40560;40918
40565;41126
40565;54019
40573;44686
40573;58540
40585;53449
40586;52315
40586;46516
40587;57364
40588;54001
40591;47057
40591;51129
40604;50179
40604;45493
40608;42000
40610;47153
40610;57505
40613;54052
40621;50493
40623;41440
40636;55170
40651;55993
40651;43756
40657;52187
40657;48206
40659;51495
40660;50365
40662;49359
40666;52443
40671;50374
40679;49418
40685;52561
40689;45706
40690;56684
40690;40846
40694;54219
40694;50425
40701;52850
40707;51130
40709;42851
40709;40746
40716;42197
40716;44073
40723;50174
40724;52071
40726;51160
40729;46346
40731;52356
40747;58684
40747;55662
40752;50798
40758;43940
40760;47307
40772;48283
40782;47946
40782;43101
40786;57026
40788;54328
40795;49133
40795;46695
40798;55187
40801;51885
40802;44833
40802;41149
40811;54480
40819;47196
40826;56769
40832;47252
40832;46734
40833;49817
40833;56570
40838;45739
40838;53736
40842;46578
40842;46162
40846;56531
40858;53804
40866;48917
40866;44860
40868;50968
40880;58570
40885;43605
40886;55844
40886;47989
40890;41307
40901;41050
40909;52070
40909;52038
40928;52040
40928;42668
40930;57116
40930;55658
40930;48404
40931;43666
40931;43802
40933;42030
40937;51786
40953;50566
40955;42870
40957;56061
40959;54339
40969;45014
40977;51377
40977;43706
40984;41103
40984;55993
40985;47824
40985;52177
40989;42522
40989;55535
40990;46022
40992;48654
41011;47277
41012;56720
41017;55190
41017;51499
41018;56886
41019;48283
41023;47659
41025;55877
41026;47827
41039;42159
41039;47263
41047;44281
41049;52708
41066;51432
41066;49477
41079;57142
41087;45970
41093;56295
41096;41208
41101;58153
41103;47868
41106;55003
41107;54036
41109;56195
41118;43565
41119;46846
41120;41788
41120;45758
41125;54092
41129;55953
41129;52593
41130;56224
41136;58272
41150;42605
41154;46429
41168;56745
41170;50184
41174;46168
41178;45994
41178;51922
41187;57895
41195;46925
41205;48443
41208;45147
41210;50097
41214;57213
41223;57116
41225;56346
41225;44317
41245;43753
41247;52526
41250;45487
41250;43367
41255;42495
41258;49115
41261;48385
41273;45963
41273;51952
41279;49197
41285;41820
41285;42523
41290;54167
41300;48516
41307;41572
41308;49034
41310;55818
41318;48162
41319;48974
41331;44432
41334;54227
41335;57269
41353;51948
41358;50016
41363;43707
41364;47953
41369;52070
41381;42648
41381;48388
41385;58538
41398;51757
41401;44950
41404;42609
41405;52142
41407;50719
41407;54098
41409;45740
41409;47380
41409;54130
41411;48366
41437;48396
41441;58645
41441;45745
41442;51003
41447;47356
41449;55508
41451;54899
41451;41867
41455;55153
41489;43381
41489;52548
41498;53839
41504;54868
41515;51095
41518;48076
41519;50664
41520;44603
41524;50621
41524;52462
41531;48693
41532;49191
41539;55741
41543;44225
41556;51511
41587;43674
41591;52142
41593;51554
41599;50137
41609;51770
41609;58051
41611;47878
41612;55471
41615;49933
41620;41789
41626;43526
41629;56602
41629;42233
41640;57247
41641;48511
41642;54446
41643;58541
41646;53054
41646;58850
41653;53761
41663;56792
41668;51197
41668;47110
41671;42606
41672;46690
41677;43292
41677;46156
41679;55531
41695;50589
41695;51827
41697;45487
41698;44970
41698;51989
41705;46154
41715;45908
41717;58424
41717;55134
41722;45415
41728;53527
41738;53436
41748;46852
41756;44734
41763;52711
41771;46291
41774;44855
41789;50679
41789;53257
41790;44360
41790;48700
41797;53350
41823;56235
41829;55153
41842;56176
41842;46235
41863;42004
41863;49837
41864;44319
41865;56189
41867;57737
41868;49174
41871;50418
41875;47350
41884;50770
41885;52640
41887;48837
41896;57312
41903;46588
41903;49876
41911;53158
41913;43294
41913;52206
41916;48470
41924;58384
41925;42006
41925;52820
41936;47443
41938;42211
41942;57603
41951;49615
41959;58345
41959;44963
41980;42747
41989;45451
41989;53969
42008;42030
42011;46460
42040;57918
42045;52302
42054;52440
42057;42121
42059;47291
42072;54817
42074;51792
42086;56520
42090;55842
42102;55502
42106;53134
42108;56333
42112;57620
42112;52220
42116;48376
42125;48891
42128;55731
42128;46928
42145;46542
42147;45963
42156;51430
42159;47112
42161;58978
42163;48016
42163;55779
42168;44491
42170;44783
42179;58230
42181;48766
42181;51463
42182;55030
42184;57595
42193;46956
42193;43750
42194;43852
42194;58478
42195;44139
42198;57507
42202;53623
42228;42740
42233;57181
42239;58535
42248;49260
42249;48743
42250;49084
42252;53691
42252;55385
42255;47118
42261;49491
42262;49817
42267;55551
42271;50442
42274;48080
42274;50790
42299;52639
42299;57422
42301;53098
42301;58947
42305;52382
42317;45282
42329;58174
42331;48058
42336;45449
42336;50592
42345;51702
42362;43331
42362;58977
42368;56585
42370;57592
42371;58756
42372;58006
42373;46351
42373;46717
42374;53574
42395;54842
42397;46191
42398;52823
42406;49050
42408;44309
42415;53812
42425;56622
42426;50097
42426;48567
42428;49996
42433;45293
42436;45291
42438;44416
42455;47244
42473;43006
42478;49936
42481;43294
42494;47201
42494;56992
42499;48497
42503;53286
42504;55253
42505;55026
42507;43806
42517;53393
42523;49129
42528;55385
42528;57748
42531;58335
42532;58467
42551;56112
42559;42632
42565;55387
42569;55026
42571;56681
42584;42903
42589;46798
42589;56880
42597;54409
42603;45221
42605;55886
42611;55771
42620;55048
42621;55230
42624;50876
42629;52734
42630;58959
42632;58418
42633;47219
42644;49242
42648;58587
42658;53936
42670;49254
42673;44772
42678;44501
42679;42681
42679;46662
42681;47224
42711;54994
42717;53930
42727;47304
42740;58536
42743;49602
42743;49756
42744;52999
42745;52205
42746;50468
42753;52010
42770;56208
42788;47588
42788;54185
42793;54318
42799;58696
42799;57187
42819;46007
42830;52243
42835;46990
42836;57629
42837;50944
42838;46764
42858;53271
42864;54927
42868;54460
42870;57754
42872;48811
42872;57348
42873;48322
42884;47982
42890;50810
42902;58863
42906;56776
42908;49232
42915;54912
42917;47066
42917;48446
42925;58421
42930;43987
42935;43160
42940;46479
42946;53911
42947;50345
42949;47803
42951;46862
42951;47429
42952;50351
42955;56855
42963;47976
42963;44939
42988;47057
42989;54824
43003;53415
43003;46808
43011;57887
43020;48904
43025;57771
43025;48175
43025;52358
43029;50199
43045;53558
43053;46246
43053;47389
43055;46034
43060;55403
43077;52536
43077;58768
43091;54806
43091;50663
43105;55144
43106;44019
43109;44051
43109;56613
43114;46361
43119;57459
43124;43416
43130;47036
43132;55742
43135;56940
43139;43832
43149;55461
43149;47983
43157;47249
43165;54562
43171;48503
43172;49184
43182;50304
43189;49753
43208;49250
43209;44296
43211;49239
43211;47222
43232;51740
43241;46063
43244;56466
43244;57452
43247;46780
43252;47799
43268;51604
43280;49497
43283;53030
43285;52552
43299;51118
43300;57256
43308;43528
43311;49013
43311;52386
43313;48199
43316;52153
43326;48308
43341;44482
43354;48017
43357;53797
43358;57118
43359;52689
43365;55862
43371;50246
43371;52437
43377;58858
43384;47998
43385;55026
43385;45944
43400;53593
43416;50785
43418;43763
43429;53780
43429;51525
43438;57246
43438;50438
43440;46031
43442;53056
43461;46709
43461;47976
43469;48691
43473;56370
43473;54806
43475;51796
43485;57733
43489;47883
43500;55808
43500;57693
43501;55978
43505;58462
43512;52205
43518;54088
43526;45293
43528;57876
43547;53700
43555;58201
43562;44130
43565;49374
43570;45458
43571;53247
43571;58752
43572;51091
43575;48144
43575;51585
43587;44307
43588;47434
43589;49141
43593;50689
43597;54375
43597;51859
43600;49007
43601;44420
43605;52641
43618;55914
43618;51548
43622;47801
43628;48123
43647;49609
43651;57380
43651;47432
43653;56574
43666;53181
43670;49339
43671;46578
43674;58359
43677;58601
43677;50149
43677;51314
43677;46201
43677;56707
43682;58198
43687;47615
43700;51563
43704;52749
43707;48604
43708;52734
43714;49502
43715;57125
43725;57180
43728;57602
43731;54129
43739;46595
43742;49787
43742;44854
43743;59008
43751;44779
43757;48881
43759;46736
43766;47490
43772;46385
43777;50597
43779;44352
43779;48916
43780;58177
43783;54495
43784;51127
43802;44142
43808;53974
43810;51254
43817;53871
43825;51199
43845;46378
43860;49836
43876;44394
43876;57336
43878;54010
43881;51533
43883;50259
43886;49916
43895;56214
43897;49916
43909;46740
43913;48213
43920;49559
43921;57334
43934;47291
43934;50809
43940;55895
43945;53874
43954;58159
43963;57620
43964;55229
43968;50014
43970;53697
43986;54005
43995;48242
44000;52173
44001;54030
44008;57762
44008;58658
44011;53463
44012;49186
44019;53983
44021;51569
44021;51658
44031;56302
44031;51887
44034;46739
44037;49436
44040;51975
44051;46710
44053;51043
44058;44911
44058;51701
44077;46167
44082;53016
44082;56821
44087;44876
44104;54467
44108;49113
44111;46042
44111;44511
44114;47143
44114;50016
44117;50346
44120;56471
44121;49327
44121;57254
44122;52730
44131;56829
44155;57218
44168;58874
44176;49425
44178;47405
44178;51080
44179;46833
44189;54821
44192;44865
44192;56069
44196;53750
44214;50763
44215;50261
44215;55542
44217;46009
44228;49883
44228;45977
44234;49407
44243;49913
44265;54370
44271;47334
44272;57903
44282;56604
44282;48844
44303;55131
44309;44349
44310;55964
44314;51477
44339;56054
44348;44755
44350;56601
44364;55279
44369;53628
44385;48489
44391;57712
44394;47071
44394;48796
44397;53492
44397;44398
44402;46486
44412;58734
44417;55057
44424;46994
44427;58397
44440;49682
44448;50801
44455;56908
44462;53807
44467;47794
44481;47815
44484;53898
44489;56475
44490;50371
44491;54728
44500;50396
44510;47070
44512;49784
44516;48199
44516;47470
44524;48162
44524;57070
44526;57223
44530;58105
44530;50393
44532;45235
44532;57693
44534;51010
44543;47484
44555;57388
44562;51556
44562;45168
44564;56313
44567;56451
44572;53914
44572;55105
44578;53700
44578;50456
44586;50488
44586;53633
44587;50879
44590;50051
44590;58335
44601;54949
44604;52786
44606;58733
44612;56760
44612;55032
44616;44927
44641;57570
44643;55230
44649;57283
44652;52747
44654;51139
44658;55392
44658;50472
44661;57142
44662;45466
44666;46618
44669;44911
44670;56293
44671;52238
44671;47670
44671;56654
44674;56585
44674;46169
44702;45523
44703;55656
44707;46031
44715;46446
44734;58855
44748;55118
44759;51902
44761;49926
44761;48148
44767;48203
44770;53208
44788;45092
44790;53685
44795;54010
44831;46796
44836;51406
44844;52925
44846;50565
44849;50770
44849;56528
44851;49129
44859;52792
44862;47404
44869;47040
44876;50397
44878;52418
44880;47061
44881;48158
44896;56982
44903;54542
44911;51703
44912;54304
44912;49834
44913;50569
44913;56760
44935;50446
44939;52937
44940;56743
44946;56904
44969;47085
44970;54749
44975;47471
44985;53583
45003;57866
45004;53799
45012;53368
45012;53745
45021;48033
45052;48385
45060;54570
45061;46056
45065;59004
45070;51271
45070;57782
45079;48750
45092;46022
45095;45409
45095;47912
45098;53474
45098;46543
45105;57175
45111;55972
45122;52040
45133;49594
45137;47097
45137;56122
45138;46086
45149;53382
45151;47919
45158;54381
45166;49796
45166;56810
45168;51838
45169;47412
45178;54424
45183;57997
45183;56955
45186;57648
45188;55229
45192;53860
45193;49683
45194;54293
45215;49001
45215;48286
45217;56383
45221;52387
45234;58647
45234;56689
45240;45477
45240;51220
45245;57184
45247;54185
45258;50051
45259;52500
45278;55286
45278;45393
45279;50620
45290;55009
45292;58818
45292;52010
45295;51275
45296;51329
45296;49684
45297;52011
45310;51649
45318;54658
45342;50901
45346;57321
45348;50620
45354;49707
45354;57505
45363;45658
45363;55206
45365;54192
45370;50080
45381;51542
45382;55836
45386;48757
45389;50078
45403;49477
45409;48011
45410;49703
45423;51465
45425;52173
45427;49665
45431;52551
45431;55555
45437;52758
45457;45659
45458;57273
45464;58630
45466;55171
45469;58610
45478;52838
45490;49684
45494;46157
45506;57793
45510;50079
45516;51413
45516;49427
45534;52425
45560;58412
45568;57246
45568;50117
45587;57776
45607;54217
45609;48997
45609;46196
45614;51697
45615;55334
45633;47613
45635;51835
45640;55587
45688;55608
45695;53178
45699;52983
45699;49924
45704;45958
45704;49387
45707;52908
45707;53065
45710;54757
45715;48743
45717;49186
45729;56318
45735;57103
45738;54649
45739;58700
45745;48974
45764;58987
45766;58848
45770;57493
45770;57039
45774;58842
45781;47771
45788;55922
45790;54187
45791;51430
45797;49713
45806;58773
45806;57749
45817;50546
45820;53756
45825;49045
45839;46688
45843;47634
45855;58385
45855;55563
45858;50429
45859;46177
45864;51445
45867;46383
45873;57010
45875;48020
45888;51196
45889;52673
45898;57925
45898;55255
45899;52848
45907;58015
45912;58638
45920;55887
45936;56161
45947;49517
45958;53568
45960;57560
45967;51799
45967;51316
45977;49998
45983;52090
46009;55991
46014;58941
46014;46634
46014;46443
46014;47903
46014;54771
46016;57994
46017;51421
46018;46749
46022;57785
46025;58261
46040;57573
46043;55788
46050;54449
46050;58513
46052;51070
46069;50345
46074;55906
46074;53806
46083;54474
46085;47979
46086;54157
46101;57139
46102;51880
46108;51085
46109;50727
46112;54027
46126;53056
46140;57152
46154;49048
46159;53491
46162;50998
46167;58345
46177;57240
46180;53631
46181;47292
46187;51078
46189;55492
46192;48830
46201;52125
46216;51575
46217;46919
46234;51757
46234;55669
46240;51383
46243;46791
46244;48813
46253;59013
46260;49056
46272;57400
46273;47661
46280;54376
46282;50975
46283;47376
46285;55835
46287;51001
46290;55227
46294;56319
46303;48801
46304;58271
46308;48777
46308;47901
46319;54492
46321;58690
46321;50716
46331;51254
46346;53169
46354;57703
46364;47370
46364;48561
46371;58528
46372;52482
46378;48314
46390;56834
46391;53640
46407;54450
46415;52324
46422;47230
46422;49818
46423;52792
46423;47760
46429;55731
46433;51074
46444;58711
46463;53823
46465;52999
46474;46710
46487;57725
46495;52872
46503;51755
46507;52341
46510;48743
46515;50566
46545;57865
46556;58004
46559;54376
46559;54356
46564;49977
46573;49909
46574;57726
46575;55036
46583;49218
46585;54041
46603;55497
46605;51773
46609;54247
46618;48658
46629;54597
46630;50844
46635;49323
46641;57805
46641;55115
46647;57362
46659;47371
46660;47119
46671;50164
46672;51416
46673;48414
46681;54737
46690;51480
46697;52588
46698;50773
46699;53701
46718;48216
46741;54973
46757;53106
46757;58957
46766;50648
46773;53920
46773;52658
46774;57773
46779;47649
46787;50181
46787;55174
46791;51450
46792;56789
46793;51241
46812;58223
46813;50274
46815;58498
46836;58679
46848;50023
46858;47703
46859;52630
46862;52523
46864;48988
46871;49707
46881;50809
46886;52821
46914;47763
46928;48191
46929;47130
46944;49516
46953;50308
46978;57067
46982;48786
46990;53602
46994;49085
46998;48037
46998;53731
47008;53888
47018;57502
47018;55148
47022;54541
47027;47727
47027;49297
47032;51414
47044;56441
47059;56966
47060;52167
47061;56370
47067;47223
47070;51514
47081;58813
47099;51714
47099;53306
47103;47728
47106;49825
47139;47274
47144;51649
47150;50233
47160;57879
47167;55836
47194;58687
47196;51823
47205;56367
47208;53382
47216;53530
47218;54344
47227;57475
47227;51132
47244;58446
47249;55351
47277;50708
47286;51426
47288;58516
47292;50167
47294;53234
47296;52525
47304;51205
47313;47857
47314;52558
47329;55923
47331;49646
47355;48646
47359;51592
47371;52853
47373;57656
47380;49876
47394;47843
47400;47736
47402;48107
47413;52159
47414;52732
47420;47923
47429;56229
47430;52219
47431;54035
47442;47634
47443;49905
47461;52989
47464;55613
47470;52119
47484;48687
47484;53538
47499;52686
47516;58015
47522;47582
47522;58367
47536;54863
47581;54308
47583;47647
47586;53878
47589;58141
47606;53804
47616;51275
47638;50131
47638;50345
47652;47897
47656;53489
47660;53369
47676;47883
47677;53179
47678;52660
47698;53489
47701;58666
47703;48113
47709;50934
47709;55962
47729;50184
47738;52258
47747;51164
47749;51644
47759;52345
47762;47957
47762;53810
47771;52243
47773;49682
47773;50690
47775;57962
47775;56182
47785;53677
47794;51892
47796;53010
47798;50596
47803;58964
47817;56714
47821;48967
47823;50141
47835;55413
47843;50762
47857;52568
47874;58518
47884;56911
47892;49621
47901;48564
47914;59008
47917;56802
47928;52098
47937;56676
47944;58800
47953;53086
47980;53681
47983;54515
48001;58576
48016;54245
48034;56637
48035;54187
48037;53045
48037;55996
48039;57844
48054;57583
48054;58879
48074;48313
48114;50099
48131;58343
48135;55322
48148;52639
48150;57482
48158;49532
48162;57607
48177;53178
48177;54256
48177;51121
48189;51986
48215;55955
48227;50840
48230;54372
48230;50700
48237;52594
48249;52096
48251;51414
48251;49517
48253;51165
48256;51045
48262;49384
48270;50253
48274;48831
48274;58370
48274;53871
48276;54573
48283;55530
48286;54460
48287;58538
48295;51611
48319;51081
48327;53564
48335;54919
48336;56772
48341;48967
48355;54564
48359;56870
48366;53368
48366;55397
48371;54770
48381;51642
48386;50321
48391;53694
48396;58630
48397;56801
48417;54947
48418;51010
48419;52149
48420;53759
48420;50437
48435;55425
48442;56597
48459;54500
48459;55469
48460;57478
48460;51813
48469;57689
48472;52881
48481;50540
48489;55227
48492;56504
48492;54051
48494;48699
48494;52908
48498;50126
48506;57945
48506;49396
48511;51252
48516;57854
48516;51148
48525;49012
48526;59013
48530;48596
48567;49602
48575;54090
48583;58087
48597;50538
48621;53499
48653;51875
48657;55807
48662;56654
48680;52414
48693;56069
48705;57504
48721;52031
48726;51314
48726;51646
48745;57364
48767;49905
48790;55867
48795;50940
48799;50149
48814;57106
48820;56733
48824;58320
48831;50940
48831;48861
48834;50541
48836;56237
48843;54825
48843;57230
48858;56191
48858;55972
48861;58973
48872;51091
48874;56936
48879;54180
48898;56328
48898;56881
48931;54573
48937;55950
48941;49420
48959;51722
48961;58676
48972;56818
48986;55621
48987;58292
49000;57879
49011;54102
49012;54827
49037;50538
49048;57655
49056;54273
49059;53897
49059;49811
49066;50525
49069;53844
49071;58453
49075;51873
49076;58684
49083;49616
49106;57520
49106;53530
49126;53391
49138;49703
49139;54272
49168;57563
49177;57018
49196;56816
49209;54853
49211;50386
49218;56555
49219;56334
49226;49671
49229;55027
49232;58381
49232;50171
49235;58800
49237;57576
49265;55908
49267;51587
49275;51020
49276;51417
49290;57827
49298;55194
49306;51669
49311;56362
49314;52632
49315;56333
49329;52191
49344;50393
49344;53236
49348;51063
49378;52530
49391;57677
49392;58181
49407;56662
49416;49988
49418;52188
49419;57698
49420;56737
49426;53187
49428;54940
49429;52912
49432;58850
49442;57394
49442;56455
49456;53915
49479;56293
49491;55808
49509;51466
49509;57293
49516;51540
49525;49824
49550;51603
49557;51992
49562;54523
49576;52207
49577;58247
49599;55938
49611;50731
49615;58900
49661;51886
49661;50374
49665;55457
49678;54437
49690;50101
49695;51424
49705;56712
49717;55551
49724;58473
49749;54096
49755;56622
49757;58937
49768;56793
49787;57075
49788;56394
49796;53535
49807;55825
49807;51434
49809;55870
49835;58142
49836;49860
49846;52153
49850;52879
49865;50775
49868;55363
49880;52213
49887;57334
49911;53243
49913;54012
49925;56711
49927;55540
49931;52055
49941;50418
49942;57248
49943;56334
49945;52717
49953;54129
49954;50536
49954;52522
49964;54986
49981;50657
50022;57754
50028;51275
50061;55045
50100;50450
50109;54569
50113;56065
50114;53785
50126;54471
50132;52091
50132;55941
50138;54167
50140;57204
50154;54220
50169;56744
50181;56875
50182;53898
50203;55885
50203;51319
50212;51675
50212;54719
50213;50384
50221;51005
50221;56135
50241;55059
50246;58650
50253;56191
50266;55412
50299;57187
50314;57793
50314;52021
50321;56425
50334;53158
50352;52062
50377;57302
50403;55864
50420;51723
50422;51418
50422;53527
50437;53241
50442;57243
50446;56482
50462;53824
50475;54122
50488;58768
50510;57950
50523;52306
50523;57167
50530;51928
50536;54705
50548;55663
50559;55032
50562;55068
50565;52659
50565;52066
50566;51598
50572;52024
50577;56955
50584;50612
50596;56194
50621;52158
50626;50761
50626;54543
50643;50894
50646;55180
50668;57043
50689;54645
50689;55762
50690;51516
50692;55489
50692;53089
50695;51208
50695;56241
50715;58459
50726;52228
50747;53421
50758;53250
50759;51445
50782;53246
50810;51584
50831;56894
50855;54966
50860;53213
50875;57788
50903;56096
50909;56968
50911;57922
50915;53812
50940;56017
50955;55488
50963;54097
50979;52324
50996;54910
51005;51633
51040;51121
51043;53048
51054;51201
51056;53741
51076;57082
51077;51410
51081;58452
51093;57322
51118;58860
51139;57984
51203;55794
51208;55797
51229;55486
51236;58198
51253;52455
51265;54658
51266;52558
51275;56586
51275;58602
51279;55321
51289;56433
51289;58219
51318;56648
51320;55125
51331;56002
51340;56592
51355;52925
51363;57431
51378;52118
51381;55712
51385;54227
51397;57433
51417;52545
51427;55610
51431;58594
51455;57808
51466;58848
51495;52647
51511;53049
51589;56876
51595;52205
51619;56894
51624;55561
51627;55524
51642;56640
51665;56884
51667;54666
51671;52568
51677;53498
51678;58081
51678;56594
51690;54990
51694;57430
51694;52264
51701;58381
51702;55594
51712;57583
51722;52059
51726;56012
51729;54250
51769;54210
51789;54118
51822;55486
51867;55700
51871;53649
51886;57678
51899;52698
51899;53425
51900;58471
51902;52987
51918;53464
51954;52526
51976;58203
52012;54839
52015;55392
52042;58144
52056;58696
52064;58329
52080;56854
52081;54035
52096;55085
52106;55592
52119;54390
52121;56159
52122;57783
52124;57325
52128;55935
52187;57094
52193;57191
52201;58721
52207;52699
52222;55678
52264;54209
52273;54306
52275;55397
52296;58320
52301;54858
52306;56002
52345;56155
52347;53060
52361;55889
52381;58091
52435;54344
52435;56176
52443;54311
52449;52641
52451;55169
52468;58575
52477;56664
52490;53473
52516;55742
52522;55786
52532;54652
52546;56512
52554;58537
52576;53817
52581;54770
52612;58691
52627;55886
52627;57609
52648;58499
52663;54160
52671;56261
52675;57168
52678;52859
52703;57842
52703;57221
52729;55028
52732;56786
52779;55089
52779;58989
52780;54234
52780;55868
52781;56048
52783;56082
52786;56350
52791;54967
52795;55186
52804;56428
52815;54250
52836;53879
52849;58858
52872;54835
52878;58922
52881;58647
52882;53691
52911;57595
52921;56107
52934;53923
52948;58977
52966;55857
52983;55508
53016;53442
53020;57085
53032;58934
53038;57206
53059;57493
53095;58081
53098;55530
53119;58524
53130;54116
53157;56148
53163;58719
53203;57461
53250;54585
53257;57807
53293;55819
53301;54304
53312;56847
53330;55457
53333;57180
53340;57204
53349;55685
53393;55120
53397;53930
53399;57558
53404;56532
53422;57982
53428;58167
53430;57806
53433;55379
53438;53911
53438;57205
53463;58339
53473;56851
53474;53728
53525;54843
53555;53906
53569;53885
53574;58078
53584;57925
53590;57653
53590;54921
53593;56049
53605;55118
53637;58879
53680;57734
53685;54681
53717;56688
53760;58433
53798;58641
53803;56688
53906;55527
53916;55187
53920;54840
53943;57555
53971;56664
53974;56520
53974;54402
54003;54571
54012;56661
54024;54443
54041;58076
54114;57933
54130;55535
54142;58935
54148;55447
54157;58653
54197;56717
54203;55293
54256;54931
54266;57540
54270;56066
54311;54706
54372;55711
54375;56155
54389;58256
54391;58657
54433;55836
54433;58308
54436;55938
54446;56418
54451;54550
54478;54562
54480;55241
54501;56993
54519;54662
54533;55952
54562;57174
54567;55450
54594;56593
54636;58277
54642;57897
54670;58742
54683;54954
54692;58941
54697;55517
54719;56451
54742;57876
54785;56801
54834;56107
54871;56783
54895;58384
54909;57459
54914;58596
54916;56978
54922;57645
54947;56916
54949;56828
54956;56543
54978;55609
54985;57444
55031;56371
55044;55134
55058;58888
55059;58142
55107;57166
55108;57289
55125;56987
55146;55705
55201;58019
55253;58610
55346;58015
55347;55389
55363;58193
55412;56143
55423;55777
55439;56828
55448;57475
55449;55502
55467;56676
55470;57278
55484;55768
55488;58284
55492;56793
55503;58606
55531;56605
55577;55611
55626;58843
55712;56992
55732;57212
55732;58462
55758;57821
55826;56829
55851;57335
55914;57885
55925;58728
55932;56822
55955;57502
55967;57218
56027;56795
56128;57360
56215;58340
56229;56315
56303;58714
56308;57431
56312;56860
56318;57569
56328;58945
56405;58658
56452;57429
56486;56596
56490;56999
56501;58230
56574;56887
56577;56880
56661;57900
56669;57743
56681;58677
56735;57023
56759;58387
56837;58666
56871;58785
56918;58515
56983;58364
56994;58798
57094;58934
57107;58949
57150;58012
57151;57879
57205;58085
57240;57779
57259;57901
57261;58233
57307;57469
57335;58566
57469;57750
57677;57756
57732;58658
57835;58542
57942;58643
57969;58723
57989;58146
58026;58842
58124;58702
58143;58552
58201;58329
58363;58421
58402;58949
58654;58998
58694;58832
58708;58844
58745;58765
58932;58957
