id;x;y;z
32768;450337.52;4793696.79;272.66
65539;450352.17;4792752.84;309.96
11;450227.91;4794029.45;326.35
32795;450664.24;4792707.8;307.15
65569;450705.92;4792929.75;287.84
65570;450698.29;4792922.39;295.24
34;450689.56;4792916.13;296.04
98340;450556.48;4792699.37;298.8
98358;451232.32;4793416.23;274.47
98360;450298.95;4793593.71;334.56
32825;449542.34;4793431.32;332.97
98368;451308.25;4793315.34;275.93
32842;450675.45;4792891.46;278.06
32846;450758.31;4792847.37;284.79
98386;450711.55;4792581.58;326.83
65620;450659.43;4792903.23;288.64
32853;451317.21;4793629.82;381.97
86;450349.72;4793803.34;281.12
98408;450087.67;4793560.88;269.53
98411;451296.62;4793300.49;275.58
121;450668.76;4792909.86;295.01
65659;450188.16;4793372.69;325.54
65663;450005.45;4793371.43;371.5
65668;450821.99;4792678.58;310.66
65669;450704.14;4792900.53;300.58
98443;450753.34;4792799.61;306.8
98446;450726.77;4792911.54;299.39
144;449505.93;4793389.63;324.79
65682;449761.29;4792995.41;256.26
148;449886.99;4793382.57;287.75
65687;450317.36;4793936.72;317.42
159;450822.84;4793222.79;259.13
65698;450784.26;4793114.98;333.19
98470;449979.0;4793377.63;297.27
32936;450888.56;4792991.56;315.81
32937;450760.06;4792638.08;302.63
98475;449892.21;4793446.47;284.73
173;449993.44;4793339.62;363.42
176;450650.12;4792915.46;295.01
180;450725.34;4792425.75;304.07
98486;451310.04;4793333.37;275.88
186;451194.01;4793501.56;276.17
190;450701.08;4792927.38;286.13
98496;450343.85;4793889.57;319.44
98504;450673.99;4792892.57;290.23
98508;450716.34;4792894.97;307.46
32982;449596.92;4793462.0;315.12
98524;450707.34;4792917.53;291.52
65758;450596.59;4793725.32;317.76
98528;450849.66;4793181.33;324.35
65761;450502.75;4792502.53;369.27
32993;450326.37;4792928.32;279.74
228;450677.01;4792970.98;292.25
232;450319.2;4793114.47;260.39
239;450741.12;4792370.76;303.66
242;450013.62;4793358.23;295.29
65781;450347.48;4794016.9;321.74
65783;450163.52;4793353.33;329.38
65787;450905.07;4793056.26;327.6
65792;450363.33;4793029.43;267.59
65793;450958.13;4792830.35;312.05
33030;450233.33;4793995.18;350.69
98569;450943.91;4792827.21;313.82
33035;450219.14;4792704.62;311.43
65804;450661.88;4792895.51;293.34
98588;450286.89;4794029.44;311.85
291;450083.72;4792656.07;314.46
98595;450510.87;4793027.65;258.61
65838;450855.28;4792972.86;338.35
65839;450465.47;4793420.11;282.56
305;450198.97;4793045.76;247.28
306;450716.53;4792894.02;307.51
98616;450787.13;4793175.25;297.38
322;450699.17;4792910.82;299.14
65859;450699.02;4792921.42;295.05
326;451249.09;4793561.57;307.2
328;450718.88;4793188.96;335.09
33099;450560.27;4792780.82;303.74
33101;450493.26;4792455.58;347.98
98642;450707.56;4792903.56;300.53
33108;449884.05;4793247.51;271.82
33113;450717.4;4792910.83;300.27
65884;450363.24;4793853.2;316.11
33117;450658.87;4792904.02;295.99
65891;450621.6;4792550.61;312.38
98659;450956.94;4793182.34;264.99
359;450406.72;4793285.59;263.33
33129;450668.36;4792729.99;326.79
65899;450746.64;4792726.8;291.33
98669;450317.41;4793205.92;261.6
65905;450707.12;4792903.77;301.01
370;450002.04;4793340.71;295.29
372;450741.4;4792672.71;304.87
65924;450780.24;4793212.04;318.95
65925;450225.51;4793491.64;326.59
98695;450031.51;4792648.02;319.31
392;450065.72;4793377.39;268.32
393;450725.15;4792644.86;294.85
33165;450318.68;4792999.98;271.43
98712;450540.36;4792703.72;301.96
65944;450698.52;4793169.98;283.04
33181;450721.07;4792918.35;293.23
65952;451258.84;4793416.36;275.45
419;449773.89;4793550.76;396.35
65957;450697.51;4792599.04;369.55
98726;451303.95;4793315.85;275.7
422;450435.69;4793480.77;277.5
33193;450711.25;4792900.83;303.34
432;451138.76;4793544.67;280.11
65971;449534.78;4793387.58;323.08
33220;450005.55;4793362.95;371.16
65994;449881.32;4793281.0;269.13
98766;450656.76;4792891.78;287.51
462;449918.18;4793022.48;261.37
33239;450720.66;4793178.87;338.14
473;450743.11;4792621.5;316.37
489;450473.95;4792471.75;307.58
66031;450693.5;4793078.6;299.44
33275;450961.43;4792948.78;291.72
98812;450720.28;4792917.85;293.45
512;450746.24;4792833.82;281.24
98816;450683.51;4792933.68;314.77
66051;450843.55;4792794.7;298.88
98826;449569.06;4793449.55;334.07
98829;450615.57;4792571.54;370.07
98830;451300.96;4793352.72;278.32
532;449785.09;4793080.45;222.12
98844;450964.86;4793188.71;264.25
33310;450731.03;4792966.02;293.59
551;450013.44;4793472.26;271.1
555;450961.39;4792836.37;309.12
66093;450803.46;4793046.91;303.48
98866;450135.01;4792970.78;272.6
33337;450299.8;4792968.3;278.8
66108;451057.53;4793400.89;265.83
575;450369.28;4793467.21;266.84
66117;449932.44;4793006.76;254.17
33353;451299.74;4793353.15;275.3
597;450197.59;4794030.59;323.59
66134;450659.07;4792616.52;303.59
33369;450608.68;4792921.77;297.15
33370;451287.33;4793386.32;274.28
33379;449788.58;4793025.05;270.43
66149;451152.32;4793535.61;279.02
33385;451184.85;4793510.47;278.38
66156;450799.43;4792576.94;303.92
33393;450952.79;4792827.85;329.11
66162;450741.82;4792489.85;300.12
98931;450730.68;4792602.9;321.96
98938;450917.22;4792846.46;294.56
98939;450708.36;4792920.47;289.8
66175;450829.32;4793148.82;304.26
66179;450086.57;4793567.79;273.2
33416;450695.93;4792921.76;300.64
98955;450720.65;4792653.9;294.67
656;450704.04;4793167.27;342.82
66199;450398.32;4792476.01;396.07
670;450834.01;4793060.75;298.16
98977;450419.0;4793468.03;265.14
66213;450711.72;4793175.84;317.43
98988;450752.16;4792815.9;289.2
33453;450442.88;4793468.52;359.79
33452;449869.59;4793220.39;289.61
33457;449650.38;4793618.04;338.07
691;449450.78;4793405.76;334.99
66228;450468.01;4792473.28;307.82
33461;450948.25;4792932.06;295.13
66229;450696.08;4792735.72;308.72
33468;450707.17;4792929.11;289.2
703;450683.23;4792542.35;303.37
99031;450716.1;4793181.75;335.82
729;450065.69;4792651.97;316.59
734;450596.43;4792494.82;353.33
66272;450844.08;4793009.07;331.99
751;450750.17;4792826.11;285.98
757;450289.37;4793070.95;252.11
99063;450727.84;4792653.88;303.07
66296;450532.1;4792820.95;299.91
759;451144.07;4793420.29;272.08
99070;450586.31;4792909.17;292.5
66305;450217.36;4792870.72;304.38
773;450687.87;4793186.01;264.12
99078;450601.9;4792881.13;300.62
33542;450331.99;4794040.7;329.47
99082;450662.27;4792906.18;295.93
33547;451259.48;4793674.02;388.09
99089;450716.47;4792720.6;288.5
33554;450682.15;4792563.72;304.25
803;450158.49;4792978.33;275.29
66342;450889.52;4793027.66;313.31
33579;449741.07;4793487.32;299.27
817;450657.56;4792901.65;295.84
66354;450703.45;4792927.26;285.62
822;450968.94;4793084.27;288.12
99142;450131.98;4792970.15;273.37
839;451000.59;4793124.03;322.45
99147;450532.33;4792752.77;303.02
99150;450864.42;4792815.53;291.99
99151;450272.32;4792422.34;374.3
33618;450619.91;4792710.09;302.31
853;450994.72;4793157.83;292.69
66390;450699.2;4792909.45;298.43
859;450832.19;4792758.75;301.45
33627;450422.29;4793379.27;264.0
33632;450050.17;4793516.99;271.55
99169;450927.75;4793031.75;299.81
66406;450641.88;4792973.03;266.31
33644;450796.32;4792666.35;306.37
33647;450419.9;4793367.52;264.45
33662;450510.65;4792811.79;304.48
99200;450665.03;4792704.43;307.05
33664;450770.9;4792500.98;305.56
33668;449777.24;4793625.16;334.11
99206;450816.52;4793392.61;259.55
33673;450248.7;4794014.12;326.65
914;450388.51;4793515.15;320.96
66461;450753.78;4793025.45;293.32
99229;450028.16;4793041.9;249.04
33698;449587.11;4793448.96;316.51
935;450803.71;4793239.25;260.92
99249;450158.04;4793359.07;330.36
66484;450214.31;4792701.21;297.57
949;450719.95;4792485.65;303.28
66490;450695.8;4792704.01;302.11
33728;450693.6;4793189.5;274.8
33733;450618.93;4792716.36;300.12
99272;450696.32;4792923.04;297.05
970;450622.87;4792981.64;256.96
983;451164.82;4793533.03;280.02
66519;449861.09;4793239.73;269.48
66525;451158.54;4793417.67;272.59
33759;450716.23;4792908.33;299.11
66528;450499.69;4793432.58;355.37
993;450711.24;4793057.47;304.9
994;450705.15;4792908.04;299.12
99301;451302.72;4793347.1;275.84
33767;449897.44;4793316.34;275.75
66543;450680.16;4793062.38;294.28
33787;450766.24;4792621.49;303.89
99352;450342.64;4793716.63;268.8
66598;451282.79;4793396.48;274.74
1064;450844.96;4792605.47;294.97
99369;450038.32;4793454.1;341.89
1078;450875.45;4793022.98;330.8
66615;450582.62;4792743.91;305.63
33860;451238.79;4793431.62;273.54
66629;450693.93;4793188.57;275.52
99399;450383.44;4793510.32;320.96
1100;450836.21;4793157.11;262.12
99407;450320.78;4793960.97;308.19
1112;450338.17;4793935.0;324.67
66651;450719.3;4793179.62;308.68
66653;450807.86;4792570.78;302.85
1121;450965.68;4792880.59;298.78
66658;450698.34;4792751.27;305.16
33899;450659.46;4792906.69;295.74
1134;450151.8;4792669.4;312.89
33908;450926.52;4792825.0;310.7
33909;450144.24;4794039.79;327.73
33911;450699.24;4792911.0;299.14
33916;451289.79;4793640.99;383.96
33917;450021.49;4792988.93;273.44
99456;451177.98;4793513.16;277.82
1152;450178.22;4794032.74;324.27
99461;450744.7;4792754.64;306.94
33929;450695.17;4793182.82;273.35
1162;450393.36;4793836.89;314.68
1167;449857.54;4793040.67;246.62
1173;450384.51;4792759.61;306.6
66711;450265.41;4793438.25;324.81
66714;451198.49;4793413.48;272.55
66716;450658.53;4792891.18;293.93
33953;450245.93;4792723.43;308.34
99490;450255.29;4793069.42;252.07
99492;450643.05;4792618.09;302.87
66733;450763.43;4793115.74;335.24
66744;451117.65;4793562.03;281.59
99523;450843.41;4792756.25;305.95
66767;450690.45;4793065.1;295.06
34001;450646.7;4793070.72;256.97
1248;450475.49;4792508.46;303.19
99553;449814.05;4793549.86;329.08
1250;450706.93;4792912.93;293.98
34020;450366.55;4792436.26;367.11
1258;451182.77;4793415.11;272.57
1264;450231.87;4792410.94;382.21
1269;450361.16;4793204.38;261.49
66817;450005.48;4793026.32;247.86
99586;450564.84;4792904.03;260.22
66829;450761.46;4793207.19;299.81
1304;450654.99;4792910.66;296.03
66848;450756.15;4792815.28;289.32
1317;450688.37;4792700.08;310.94
1326;450630.2;4792500.48;348.46
99631;450725.26;4792673.27;336.92
66872;451307.74;4793339.26;277.86
66878;450747.11;4792622.41;318.64
66880;450686.17;4793187.96;263.95
1348;451291.71;4793609.71;363.3
1351;450228.39;4793453.47;324.85
34120;450770.86;4793160.26;259.07
34123;450614.83;4792922.91;296.68
34125;450724.31;4792609.76;359.64
34131;451259.3;4793412.69;273.92
99669;450777.22;4793016.59;300.6
99673;451309.04;4793333.16;276.17
34140;450702.08;4793174.69;326.67
66911;450429.68;4793431.72;264.61
99692;450693.21;4792919.72;300.75
66929;450843.36;4793004.51;334.66
99702;450378.09;4793486.42;318.1
34167;449837.68;4793041.99;245.42
66934;450151.77;4793345.65;337.99
99705;450325.92;4793471.42;266.14
99709;451319.04;4793613.01;384.58
1406;450013.42;4793472.24;272.11
1405;450340.29;4793916.91;295.77
66952;450702.76;4792876.73;279.07
99732;450671.94;4792945.71;306.78
99733;450884.68;4792996.12;318.77
1430;450951.6;4792827.28;319.56
1429;450739.41;4792895.84;298.46
34202;450828.77;4792597.09;295.03
34219;449747.26;4793641.89;334.73
66990;450665.55;4792906.58;295.61
99759;451164.79;4793533.08;278.88
1456;450691.68;4792705.11;309.19
1475;450732.43;4792407.21;304.49
1483;450481.41;4793033.9;253.87
34255;450658.2;4792890.67;289.5
1488;449999.61;4793388.82;371.16
34258;450392.23;4792471.86;397.32
67031;450698.44;4792916.86;309.65
99806;450809.98;4792500.03;300.57
1511;449764.85;4793575.17;356.9
67056;450745.25;4792843.57;281.13
99825;450325.71;4792932.71;279.1
34289;449635.4;4793476.05;310.76
34291;450692.43;4793192.48;296.8
99831;450637.12;4793054.57;305.93
34297;451310.02;4793333.39;276.44
34314;450776.99;4793415.06;261.06
1548;450648.72;4792701.75;307.69
99852;449925.64;4793200.67;269.16
1555;450552.38;4793014.56;255.72
67094;449798.39;4793507.67;279.7
67096;450720.28;4793176.97;318.3
99866;450595.0;4792560.49;327.68
99869;450001.45;4793381.89;371.49
34335;449885.68;4793440.22;301.95
1569;450692.33;4793048.18;261.13
34342;450887.04;4792812.27;294.29
34346;450792.36;4792684.25;305.62
1592;450161.51;4794042.11;327.74
67130;450695.09;4793182.71;273.2
99900;450551.54;4792534.25;369.87
67133;450774.7;4793206.5;317.37
34376;450499.11;4792808.73;303.81
99916;450689.92;4793189.15;267.57
99923;451157.35;4793534.03;279.94
67157;450646.93;4792966.02;292.34
1622;450713.74;4792909.51;300.74
67160;450310.36;4793939.98;323.11
67164;451312.3;4793599.7;376.65
67167;450997.86;4792816.54;353.27
99939;450691.43;4792745.5;305.16
1636;450852.68;4792728.99;311.22
1637;450178.66;4792971.96;275.3
99945;450693.49;4792721.6;304.32
34410;450414.81;4793056.3;255.66
34412;451100.55;4793121.73;317.74
99959;451296.43;4793643.97;384.23
99969;450140.06;4792844.67;304.65
34438;450680.56;4792913.69;294.47
1676;450659.69;4792904.25;289.24
67215;450636.12;4792864.21;313.41
67216;450686.12;4792977.85;292.25
1690;450705.48;4793188.37;297.9
67228;449794.18;4793601.15;331.25
1693;450412.82;4793316.62;263.74
67231;451277.39;4793584.11;330.83
1706;450718.19;4792892.3;308.55
67247;450404.61;4793511.95;326.87
1713;450591.31;4793029.72;257.71
67252;450495.08;4792513.48;306.02
34488;449889.35;4793447.89;284.57
67259;450217.69;4793056.35;251.97
67262;450665.56;4792905.19;295.77
100031;450730.41;4792683.4;336.15
100030;450340.24;4793012.25;270.24
67289;451194.46;4793501.83;276.19
67296;450331.04;4793078.44;260.09
34529;450988.31;4792849.11;326.76
67297;450705.85;4793174.15;335.24
1764;450380.41;4793039.95;265.66
34543;450599.88;4793707.11;319.86
100082;450745.94;4792631.16;321.73
100087;450717.05;4792866.32;278.46
34557;449951.02;4793399.54;286.72
67329;450373.33;4794013.19;329.8
1797;449932.58;4793410.61;278.08
1798;450026.39;4793584.19;331.24
100104;450780.76;4793162.57;316.28
34573;450350.45;4793885.49;320.0
67342;450710.69;4792722.43;287.26
67358;450700.57;4792908.5;298.55
67366;451273.8;4793662.81;386.78
100134;449773.32;4793558.85;397.34
67369;450903.6;4793007.22;291.43
34631;451261.36;4793416.67;275.6
1866;450721.61;4792496.37;303.29
67405;450444.35;4793319.16;262.94
100178;449340.44;4793281.47;354.47
100179;450693.67;4793188.17;273.92
67416;450658.65;4792902.3;295.85
100185;450149.6;4793555.48;328.59
67419;449629.88;4793511.47;333.8
67424;450064.64;4792434.0;394.84
34656;451240.13;4793418.4;273.89
100194;450461.7;4792904.09;297.32
1893;449847.94;4793082.63;230.1
100198;450706.0;4792908.02;297.61
1904;451132.73;4793549.94;279.89
34675;450700.88;4793164.49;310.23
100211;451148.03;4793536.24;279.26
67446;450656.41;4792896.29;289.23
100220;450725.36;4792861.36;278.62
34685;450716.38;4792908.08;300.47
1918;450014.79;4793412.8;343.57
1920;450999.0;4792821.0;403.0
34693;450645.71;4792960.86;267.1
34695;450311.83;4793991.3;308.65
34698;449773.74;4793015.08;251.7
34702;450556.5;4792693.83;298.52
1951;449492.24;4793380.12;326.23
34727;450703.95;4792923.63;292.17
1962;450971.28;4793200.13;266.06
1965;450708.93;4792900.53;301.12
67501;450436.17;4793455.57;277.12
34743;450210.81;4793497.32;326.61
100280;451237.9;4793416.83;272.97
100286;450739.07;4792722.36;296.74
100291;450364.09;4793072.16;253.43
34756;450797.11;4792579.42;303.17
34759;451296.13;4793372.56;277.15
1999;450166.84;4794043.1;329.82
2000;450667.43;4792934.37;266.47
2002;450736.31;4793185.14;307.63
2008;450904.07;4793004.43;280.45
2010;450496.58;4792912.19;295.96
100317;450714.68;4792896.43;305.94
2013;449971.17;4793403.99;274.37
67555;450965.27;4792869.35;302.01
100323;450423.11;4793343.37;263.72
34796;450688.41;4792941.91;285.78
34797;450802.65;4792499.55;299.51
100339;449640.02;4793471.77;309.71
2037;449559.64;4793443.31;333.68
34813;450597.71;4792726.85;303.11
34815;450797.12;4792579.38;304.12
34816;450163.77;4793383.1;334.87
34821;450760.62;4792478.51;305.93
100359;450718.67;4793185.46;329.85
67591;449789.77;4793606.32;331.02
100363;450559.95;4792605.87;304.61
2067;449931.36;4793004.04;255.1
34838;450223.02;4794015.99;327.67
67609;450668.09;4792723.35;305.6
67616;449965.63;4793401.4;360.02
2081;450345.14;4793909.37;296.67
2093;450800.01;4793083.46;298.79
34863;450753.31;4792985.56;293.35
67632;450395.41;4793230.77;272.09
100406;450968.73;4793346.78;265.83
100407;450849.3;4793022.07;332.32
67641;450557.92;4792778.34;302.85
67645;450831.31;4792810.41;293.59
100414;450359.37;4793510.4;323.31
67652;450256.96;4792875.7;304.57
67654;450008.32;4793360.88;370.58
67660;450578.93;4793747.82;322.09
2136;450662.77;4792559.02;302.22
34908;450429.79;4793431.45;278.6
34914;450651.07;4792913.69;296.1
2154;450710.88;4793179.57;334.1
67695;450789.02;4792689.69;306.45
2162;450746.58;4792827.86;281.62
34931;450787.44;4792525.08;304.44
100469;450087.3;4793057.5;249.0
2169;450659.42;4792903.83;286.4
67707;450706.71;4792673.14;304.6
34939;450952.49;4793242.88;285.22
2173;450043.7;4793485.54;339.46
67713;450499.67;4792566.78;304.29
2183;450698.31;4793172.72;336.71
2186;449774.96;4793610.38;333.94
100495;450690.89;4792903.98;301.53
67749;450709.31;4792908.66;295.64
67753;450592.49;4792703.29;305.22
100522;450723.46;4792628.95;353.4
2218;451158.33;4793417.53;271.51
100524;450683.85;4792913.62;295.24
100523;450454.83;4793336.66;264.2
67765;450699.17;4793720.7;315.71
35000;450364.57;4793516.32;320.79
67785;451322.41;4793622.62;383.6
2258;450419.58;4793487.25;265.42
35035;450022.41;4792990.85;272.4
2269;450662.29;4792904.01;295.05
35037;450423.39;4793394.06;264.8
35045;450713.24;4793052.8;306.77
100582;450922.28;4793341.54;265.48
67815;450720.99;4792913.69;293.88
35048;450238.55;4792870.86;304.54
35051;450273.85;4793982.27;327.59
35054;450255.05;4793560.66;334.56
35055;451304.72;4793313.88;275.56
2290;450701.53;4792908.0;297.09
67835;450703.68;4793175.13;318.09
35077;450615.81;4792568.69;370.29
35080;450708.99;4792916.21;291.82
100616;450589.7;4792983.76;257.55
67850;450708.0;4792794.15;324.22
35093;450436.75;4793451.51;277.19
67864;451193.97;4793525.31;284.52
2331;450664.79;4792616.02;304.19
67871;450782.44;4792700.13;304.71
100642;451023.66;4793347.78;265.83
100644;450218.65;4792968.69;277.76
100649;450672.37;4792599.53;304.54
100651;451155.26;4793416.6;272.21
100652;450168.79;4792970.28;276.13
67887;450611.55;4792623.09;303.53
67888;451120.37;4793559.56;279.81
67900;450926.29;4793029.7;299.81
100672;451139.02;4793545.15;280.05
35141;450235.24;4793216.66;270.09
67914;450761.55;4793115.85;333.54
35146;450455.1;4793541.17;344.47
67917;450346.19;4793017.02;270.24
35151;450558.59;4793022.41;256.33
67919;450297.35;4792971.95;279.11
2384;451168.22;4793530.87;278.85
100691;450701.87;4792896.66;300.12
67923;451307.95;4793338.25;275.95
35159;450659.59;4792891.78;289.39
100697;450612.38;4792974.65;258.72
100698;450620.92;4792537.1;330.59
2400;450236.13;4793224.73;268.37
2401;450675.54;4792729.12;325.65
67952;450987.14;4792821.95;311.87
35184;450490.37;4793392.1;278.51
2422;450678.44;4792646.31;303.22
100726;450391.46;4793483.3;265.79
2426;450018.26;4793377.97;344.87
2432;449772.04;4793030.95;249.95
2440;450739.98;4792896.77;299.23
35210;450795.54;4793207.47;260.97
2445;450703.93;4793176.53;281.71
2446;450676.09;4792911.72;295.61
100750;450020.53;4793033.25;245.42
100756;450855.69;4793281.83;265.39
67989;450410.26;4793300.93;263.31
2457;450460.26;4792490.25;307.16
100766;451207.34;4793486.69;276.75
35234;449791.14;4793048.52;248.12
2483;450702.71;4792931.32;293.05
35254;450701.23;4793714.59;314.92
100791;450719.88;4793175.57;337.4
100796;450707.6;4793172.63;283.25
35261;450708.4;4792649.97;303.05
35262;450604.79;4792705.75;305.06
2495;449841.85;4793581.66;332.79
35267;450171.24;4794030.54;326.49
2500;450863.78;4793030.59;330.39
2513;451144.29;4793416.36;271.63
2515;450102.62;4793507.73;269.92
35284;450371.8;4792459.19;398.16
2522;450056.7;4792975.12;272.97
100830;449359.04;4793270.47;353.21
35302;450480.75;4792546.0;305.34
68079;450192.61;4792425.38;369.85
2549;450796.03;4792513.91;299.11
100853;449831.33;4793031.04;271.51
2553;449786.39;4793030.24;271.72
2554;450853.98;4793020.6;332.32
35324;450723.64;4792669.08;337.31
100861;450686.48;4792944.32;292.23
35330;449836.92;4793482.4;277.74
35333;450699.14;4792940.32;294.54
100869;450853.06;4793376.8;260.25
2567;450876.22;4793175.25;261.95
35334;450426.37;4793054.63;260.81
2569;450806.04;4792526.68;299.49
100877;450865.58;4792961.65;322.85
35345;450737.66;4792644.42;292.68
2599;451190.28;4793505.87;278.17
35368;450009.5;4793485.21;338.5
100910;450717.99;4792894.18;307.74
2609;449889.6;4793038.39;258.13
2613;450794.76;4792692.57;304.79
35382;450331.65;4792920.37;279.26
2617;449838.89;4793028.72;273.18
68155;450615.7;4792927.09;297.47
2626;450707.8;4792917.95;291.34
68162;450366.08;4793143.74;256.21
2628;450837.85;4792658.71;293.8
2630;450686.17;4793187.86;264.29
100937;450656.47;4792891.13;289.47
35402;450069.0;4793407.04;268.65
100942;449802.38;4793019.43;258.86
35408;450608.75;4792703.58;305.29
100948;450296.89;4792735.24;310.78
2648;450066.8;4792973.95;276.24
2650;450720.3;4792910.07;299.71
35418;450583.26;4793018.41;256.7
100954;450308.34;4794016.25;311.28
35427;450427.59;4793419.93;264.74
68198;450966.12;4792955.56;300.08
35430;450400.3;4793066.32;261.85
100973;450747.09;4792765.36;307.69
100976;450428.27;4793492.95;359.24
35448;451189.49;4793505.33;281.01
35451;450694.95;4793184.75;274.72
35452;450697.91;4792901.4;301.5
100999;450489.0;4792476.9;328.87
68232;450648.86;4792582.43;328.61
2698;450707.27;4792907.99;295.16
2699;450698.37;4792924.8;294.24
68236;449947.82;4793015.17;248.25
101006;451268.51;4793409.04;274.41
101012;450077.59;4793360.77;268.66
2711;450702.99;4793177.09;277.78
68249;450810.27;4792843.14;287.14
2716;450676.32;4792911.2;295.31
35485;450999.5;4792808.1;310.5
2724;450842.99;4793003.26;336.01
101028;450130.53;4793334.24;268.66
101047;450712.84;4792898.92;303.58
35512;451148.04;4793536.26;279.07
2748;450718.72;4792710.12;298.56
2752;450758.52;4792803.86;290.78
101057;450693.63;4792944.2;283.06
68298;450688.16;4792919.97;297.67
101077;451271.19;4793404.88;274.03
2773;449864.49;4793479.04;301.39
2776;450698.5;4792910.81;302.34
35549;450336.46;4793212.01;261.67
101085;449780.25;4793544.09;396.08
101087;450719.27;4793180.82;323.03
68329;450874.85;4793163.37;316.37
101100;451329.26;4793589.99;384.46
68335;450653.88;4792924.61;299.33
68336;450650.81;4792888.71;283.46
68338;450174.01;4793413.35;331.73
35574;450704.72;4792923.24;293.83
101116;450024.86;4793454.95;373.49
101122;449776.06;4793547.19;396.15
101123;450706.46;4792905.72;296.36
35590;450593.49;4792495.29;356.01
35591;450265.88;4793188.72;264.75
2826;450535.51;4792894.87;260.22
2834;450313.34;4793083.56;250.9
35604;451290.19;4793641.5;383.43
2836;449764.62;4793546.36;335.25
35612;450671.91;4792896.88;277.5
68380;450204.15;4794029.32;328.15
68388;450716.41;4792895.08;306.13
2857;450683.64;4792914.56;295.21
68398;449917.35;4793018.84;262.76
101178;450576.7;4793752.6;320.22
68412;450742.81;4792366.08;309.47
68414;450741.77;4792599.8;330.43
2880;450810.84;4793226.86;261.42
35658;450967.26;4792808.5;314.18
101195;450702.97;4792670.63;304.6
35663;450550.85;4792796.49;303.8
68440;449769.67;4793025.0;261.78
35678;450300.58;4794041.41;319.28
68447;450966.88;4792928.42;295.79
35680;450687.68;4792899.84;304.27
2917;450706.68;4793174.55;337.08
35689;450698.48;4792928.52;293.81
2928;451281.75;4793400.49;273.16
35702;450284.35;4793453.38;323.09
101244;450845.16;4793017.0;332.32
68486;450678.74;4792913.87;295.02
2952;450509.17;4792915.11;294.53
35740;450595.52;4792901.08;293.1
101277;449844.81;4793044.44;244.6
101288;450698.84;4792902.05;300.94
35757;450396.39;4793803.99;325.49
2990;450697.37;4793636.47;262.93
35762;450592.83;4792557.32;371.22
35769;451135.24;4793547.48;280.78
68539;450723.23;4793122.75;257.44
35777;450774.47;4793147.98;298.63
3009;449799.35;4793080.2;229.51
68551;450728.32;4792648.8;305.75
68566;450650.46;4792608.55;334.89
3032;450665.73;4792613.9;364.86
35804;450853.18;4793047.19;296.13
101340;450697.93;4792915.59;300.17
68574;450692.02;4792594.87;369.9
35807;450208.74;4794031.5;327.74
101349;449518.46;4793380.74;324.16
3047;450921.4;4792830.16;308.89
68586;450719.31;4792918.14;293.06
68587;450684.77;4792712.78;306.04
35821;450408.6;4793060.54;259.28
3053;449911.7;4793417.2;288.92
101362;449939.1;4793223.67;277.76
35834;449857.23;4793047.37;269.85
35840;450600.75;4792981.39;257.55
35843;450657.88;4792900.46;295.78
68617;450657.12;4793054.9;305.58
101386;450048.34;4793162.02;271.71
3083;451152.03;4793421.23;272.47
101391;450700.51;4793169.64;293.16
101395;450692.57;4792903.47;300.85
3093;450481.31;4792537.84;304.28
35861;449693.18;4793568.25;331.84
68635;449974.96;4793383.27;296.32
68636;450664.13;4793216.21;299.97
101405;450735.36;4792592.75;323.66
35877;450702.25;4793171.05;338.96
3119;450848.67;4793287.59;263.82
3120;450886.78;4792983.39;316.54
3121;450701.3;4792900.73;300.62
68665;450659.42;4792906.59;294.49
3131;450978.83;4793254.85;296.45
35900;450708.6;4793179.51;327.56
35903;450370.47;4792753.67;307.81
68681;449478.97;4793387.0;336.89
68687;449954.58;4793401.37;310.99
35924;451313.02;4793612.68;383.87
101462;451313.67;4793326.44;275.58
3161;450386.99;4793187.24;262.59
35938;450026.36;4792406.3;410.58
3179;451225.45;4793442.09;275.03
101483;451194.32;4793501.19;277.51
101499;450932.01;4793035.95;299.54
68742;450418.71;4792484.98;394.37
101510;450719.07;4792916.39;293.43
101511;450679.91;4792587.68;370.01
101514;450727.87;4792515.67;300.29
3213;450434.84;4793455.2;276.83
101521;450401.62;4792867.06;263.44
101526;451003.39;4793128.75;330.13
3229;450707.82;4792902.02;301.99
3231;450574.45;4792992.94;257.23
101540;450973.58;4793126.74;326.37
3242;450744.41;4792626.54;291.89
101549;450790.22;4793161.21;339.06
68790;450232.74;4793434.68;324.84
36027;450845.13;4793189.52;326.0
3261;450471.86;4792765.8;305.65
68799;450821.31;4792758.82;305.9
3272;449787.86;4793140.44;271.04
36041;450383.33;4792468.99;398.0
101581;451294.19;4793377.96;277.16
101582;450491.21;4792488.95;372.81
101590;451179.68;4793513.49;279.57
3287;450957.18;4793165.2;329.31
36059;450987.01;4793128.64;330.13
68834;450685.59;4792581.13;327.04
36070;450167.11;4793163.93;268.9
101612;450903.71;4793007.54;293.89
36079;450664.0;4793062.7;304.0
36080;450623.77;4792579.56;368.65
36081;451175.11;4793515.13;279.35
3314;450939.72;4792810.71;312.68
68850;450980.26;4793096.74;285.45
3316;450731.66;4793184.29;299.76
101621;450817.2;4793158.13;261.41
68865;450689.62;4792941.35;284.85
68866;449785.89;4793604.87;331.74
68867;451271.24;4793660.61;386.57
3329;449696.43;4793730.53;341.82
3336;450715.44;4792894.75;304.09
68885;450992.13;4792813.05;308.95
101659;450675.89;4792932.12;315.39
101660;450700.04;4792928.81;293.66
3361;450666.64;4792899.79;295.34
68904;450983.42;4792844.59;329.05
3368;451252.39;4793418.54;274.46
101680;449916.22;4793042.92;264.49
101687;451100.42;4793417.15;268.23
68920;451293.81;4793376.34;275.54
36165;450719.1;4792614.03;370.37
36186;450707.64;4792931.39;288.11
101729;450356.93;4793542.3;332.23
68962;450807.63;4793179.76;259.35
101740;449627.25;4793364.73;311.12
36209;450732.76;4792383.52;302.73
36227;451152.01;4793421.2;272.77
3464;449680.45;4793581.39;333.24
101775;449585.43;4793450.45;317.11
3472;450097.35;4792645.41;316.23
69012;450646.12;4792922.39;297.02
36244;449790.85;4793534.55;395.26
101785;450411.48;4792842.26;265.36
101786;450810.4;4792617.28;304.9
36260;451298.63;4793305.14;276.67
101815;450667.84;4792909.49;295.26
3516;449645.96;4793610.85;337.21
101823;451162.21;4793412.55;271.54
3521;450337.76;4793841.94;286.36
69062;449376.13;4793342.42;344.17
69068;449858.43;4793174.27;269.61
101839;449883.12;4793257.22;270.96
69075;450719.71;4792911.03;299.92
3540;450201.61;4792697.07;307.51
36307;449778.62;4793032.46;271.38
36313;450758.65;4792796.39;292.02
69087;449844.41;4793035.02;253.61
69089;450696.23;4792912.15;299.69
69094;450196.97;4792865.52;305.31
36327;450805.93;4793154.01;328.14
3563;450714.27;4792898.9;303.72
36332;450921.25;4792812.53;293.62
101867;450038.96;4793504.01;271.77
69106;449861.43;4793069.5;234.1
3577;450964.33;4792847.17;308.54
101882;450704.17;4792907.3;300.27
69127;450829.37;4792603.66;294.57
3599;450735.47;4792595.44;323.52
3600;450319.68;4793085.02;250.9
101906;450696.69;4792922.07;296.85
3604;449341.7;4793331.27;351.78
3607;450013.65;4793026.94;260.22
101921;450656.43;4792560.02;301.24
36388;450690.31;4792902.8;303.72
3623;450151.01;4794036.42;328.13
69161;450503.4;4793026.86;254.81
101933;450703.73;4792944.6;290.87
101941;450720.3;4793604.12;262.5
69174;450510.65;4793386.45;272.42
69184;450714.89;4792723.51;288.82
3651;450716.12;4792909.67;299.03
101956;449785.57;4793038.24;249.62
101966;451292.98;4793616.04;366.48
36435;449829.71;4793025.74;256.7
3669;451171.61;4793524.79;279.45
69206;451318.22;4793592.12;380.78
3674;450703.17;4793176.39;283.37
69212;449964.7;4793276.64;280.05
3683;450863.07;4792958.69;324.91
101988;450730.07;4792910.95;297.57
69220;450700.25;4792918.17;300.37
101994;450336.11;4793133.66;255.84
69231;450234.45;4793990.34;327.94
3696;450347.9;4793096.04;256.02
3697;450405.08;4793289.2;263.33
36465;450026.19;4793153.58;270.53
69240;450325.16;4793932.74;315.22
36476;449882.09;4793258.62;287.76
69253;450722.84;4793191.28;335.75
69257;450641.27;4792560.53;308.68
69258;449881.43;4793240.48;273.8
36493;450703.39;4792903.99;300.28
3738;449974.45;4793371.57;296.86
69279;450952.94;4793187.76;300.76
69285;450471.05;4792803.21;307.14
3750;450440.94;4792904.51;298.17
102055;451314.0;4793327.29;276.33
36526;449851.36;4793182.46;269.64
3760;450581.64;4792611.89;304.21
69300;450585.22;4793037.91;255.31
3765;450608.02;4793717.43;317.86
3766;450309.8;4792422.91;367.87
3769;450833.99;4793151.25;296.45
102074;450297.82;4792889.78;302.84
3775;449921.71;4793182.78;268.67
102090;449957.28;4793279.14;295.72
102094;450656.29;4792907.82;292.74
69332;450576.87;4792548.52;327.11
3797;450870.0;4793037.12;329.57
36578;450681.5;4792577.89;306.87
36585;450673.16;4792584.45;370.19
102130;450692.73;4793188.78;267.61
102134;449791.95;4793015.94;258.87
102141;451060.99;4793371.18;265.83
69376;451299.65;4793353.18;276.26
102147;450607.29;4792707.16;304.82
3846;450735.8;4792898.33;298.97
69384;450685.38;4792915.91;295.26
36616;449780.11;4793027.59;251.23
102154;450953.29;4792815.45;330.0
36623;449883.58;4793317.17;270.97
102166;450299.35;4794004.98;308.68
102168;450809.68;4793393.47;260.77
69408;450238.55;4793475.4;325.89
3876;451298.8;4793356.57;275.64
69415;450791.12;4792521.59;305.06
3880;450706.87;4792928.93;287.83
36649;450800.44;4793200.73;259.05
102190;450716.85;4792646.41;367.44
69424;450658.89;4792904.01;296.01
102193;450699.65;4793179.01;273.01
102205;450834.2;4793072.42;330.54
69438;450769.24;4793449.05;264.11
36679;450347.87;4793883.47;293.05
69449;450693.25;4793188.63;275.08
69481;449765.83;4793602.26;334.14
3948;451215.87;4793473.55;275.42
69485;449988.46;4793010.93;248.15
69489;450838.57;4793161.48;260.79
69494;450638.59;4792561.44;366.77
3959;450700.88;4792900.78;300.14
3967;450608.85;4792569.86;328.82
3969;450709.86;4792915.77;292.54
36738;451186.33;4793513.48;279.58
3970;449834.02;4793034.35;254.3
69511;450648.63;4792916.64;295.11
36756;450430.19;4793437.28;275.75
36757;450603.62;4792896.77;301.36
36758;449340.44;4793281.47;343.67
36759;450656.38;4792896.67;297.55
3995;451259.58;4793414.19;273.86
69539;450412.58;4793063.01;255.06
69541;450702.54;4793176.3;278.81
36777;450698.68;4792910.37;299.08
69549;450851.69;4793281.06;264.89
36784;449850.46;4793581.3;331.62
4029;449856.14;4793214.09;269.57
36802;450341.41;4793832.55;285.07
36803;451274.42;4793401.99;273.67
69576;450348.86;4793753.53;269.85
4044;450698.47;4792833.11;282.21
4062;451252.36;4793418.54;275.1
4064;450834.26;4792658.49;293.61
4068;450821.76;4792597.18;296.26
36837;450901.06;4793007.19;283.35
69614;450630.8;4792522.05;358.01
69617;450716.17;4792896.25;306.68
36852;449716.8;4793477.25;301.22
4085;450807.76;4792499.66;300.1
69623;449770.34;4793569.8;386.23
4088;450237.13;4793207.29;265.44
36868;449957.78;4793238.0;280.93
4102;450704.29;4793170.59;283.06
69638;449919.94;4793175.22;269.51
69642;450337.44;4794016.94;319.83
69644;450705.09;4792911.14;294.67
102419;450505.67;4792503.58;369.64
69652;450607.92;4792495.2;353.73
102430;450862.3;4793172.58;263.49
102447;450682.61;4792636.13;302.57
36913;450659.12;4792891.42;289.38
102451;451011.0;4792880.9;327.5
36928;450248.63;4793968.96;321.21
69701;449358.16;4793319.68;345.18
36938;451142.1;4793417.6;271.64
69709;449659.88;4793558.54;335.41
69712;450560.13;4792774.54;302.93
69721;450270.59;4792962.78;278.89
36955;450706.81;4793177.28;278.28
4188;450679.57;4792626.3;302.28
102493;450619.86;4792546.46;328.48
69733;450519.36;4793186.37;297.75
4198;451286.84;4793643.7;383.49
102511;450771.35;4793118.84;330.67
102534;450375.73;4793071.34;254.25
102540;450693.54;4793193.71;297.21
37008;450828.35;4792597.05;295.14
37010;450345.88;4793745.89;269.85
102549;450620.38;4792508.94;358.97
4250;451041.29;4793154.18;289.8
4264;450850.5;4792610.36;295.27
37032;450992.36;4792809.13;328.85
37035;450982.96;4792827.83;313.53
102572;450698.7;4792901.25;302.81
37037;450621.68;4792626.45;302.78
37047;450711.42;4792908.76;300.62
69830;450333.99;4793930.45;306.97
69831;450714.59;4792897.4;305.31
102600;450767.19;4792494.86;305.69
37071;450945.59;4793175.78;265.84
102608;450127.06;4793539.89;270.12
69839;450346.14;4793897.36;294.38
102612;450717.67;4792916.94;293.38
4310;450874.6;4793036.88;329.42
69848;449893.33;4793447.11;284.92
37086;450424.99;4793444.81;264.98
102628;450391.94;4793202.18;260.91
69863;450491.25;4793383.09;277.84
69871;451296.24;4793300.74;275.84
102644;450584.42;4792740.0;304.5
4344;450326.12;4793079.24;263.5
4350;450703.44;4792930.08;292.77
102661;449847.42;4793484.69;304.24
102665;450707.68;4793167.15;337.45
102666;450704.96;4792936.25;293.3
37139;450415.29;4792904.69;298.87
37142;450767.46;4793116.93;335.24
4375;450701.26;4793169.91;321.11
37158;450475.74;4793643.95;320.83
37165;449880.97;4793288.13;269.12
37170;449919.72;4793181.51;269.05
37177;450583.71;4792716.68;305.7
4416;450387.48;4793047.42;264.5
102724;450666.69;4793208.88;298.8
69956;449699.28;4793421.42;336.11
102730;450062.16;4793578.98;271.18
102731;450807.64;4792566.34;298.81
69964;450657.02;4792893.39;291.52
102747;449900.97;4793027.29;247.48
102764;450360.46;4793111.62;260.64
70005;450701.6;4792909.12;300.79
4469;451287.85;4793387.27;277.05
4473;450000.61;4793449.9;272.06
4478;451123.8;4793558.06;281.32
70020;450725.67;4792808.53;282.36
70022;450350.01;4793114.04;248.87
4488;450886.97;4793071.82;297.13
37263;450715.91;4792908.44;300.55
102804;451261.79;4793576.56;319.62
4507;450491.58;4792805.33;304.97
37277;450661.56;4792892.46;289.47
102816;450541.69;4792779.11;304.16
4518;451132.24;4793549.57;280.81
70057;450186.73;4793233.32;268.69
70059;450993.39;4792813.69;310.5
4527;450785.35;4793170.39;304.91
102831;450763.49;4792702.5;334.87
102837;449982.16;4793512.59;338.15
102841;451201.65;4793552.67;290.58
4544;450659.24;4792902.03;288.99
4553;450810.71;4793096.36;331.77
102862;450678.4;4792591.36;333.66
70094;449672.82;4793441.12;307.03
102867;450852.25;4792806.4;294.61
70100;449956.25;4793399.43;346.63
37335;450959.17;4793183.09;264.99
37339;451314.26;4793620.25;383.45
37341;450376.25;4793138.63;258.27
70111;450683.1;4792914.28;295.31
70114;450580.3;4793747.49;322.36
102884;451229.33;4793439.84;274.63
102886;451244.65;4793420.73;273.83
102888;449532.5;4793388.58;323.51
102891;450049.21;4792659.38;312.85
37356;450353.09;4793825.72;302.85
70127;450739.25;4792656.15;303.8
37373;450741.81;4792745.2;306.16
37378;450949.51;4793125.1;327.7
70146;449826.21;4793506.73;316.7
37383;450700.8;4792903.21;300.04
102920;450427.4;4793295.64;263.24
37386;451338.01;4793614.67;387.36
4624;450453.45;4792809.48;308.75
102930;450667.52;4792902.38;296.29
4635;450709.82;4793163.6;340.22
102943;450961.78;4793061.4;292.0
70186;450703.69;4792906.53;300.02
4651;450824.07;4793206.64;322.53
102974;450591.88;4792924.44;297.81
70212;450231.17;4793976.27;321.64
4686;451294.06;4793377.83;275.84
4687;450817.0;4792599.46;301.45
102993;450929.63;4792817.21;321.91
4689;450574.11;4792942.75;258.72
70229;450909.33;4793009.75;300.66
37471;450795.35;4793244.69;261.62
70244;450402.18;4793252.09;264.92
4709;449794.06;4793067.42;247.48
103014;450381.91;4794012.48;332.95
37481;450952.25;4792828.89;315.55
70256;450349.38;4793767.57;270.19
103027;450113.35;4793507.23;269.96
37492;449594.37;4793462.64;331.76
103040;450341.0;4792919.88;277.58
37505;450812.44;4792837.94;287.11
70274;449644.77;4793466.83;308.7
4749;451291.24;4793380.82;277.0
37523;450402.85;4792834.24;267.02
103063;450697.07;4792886.17;278.82
103067;450352.01;4793776.55;271.84
37545;450267.75;4793963.15;320.66
37547;450701.75;4792908.99;299.0
4779;449881.3;4793429.28;276.52
103087;451106.23;4793118.26;312.79
70320;450689.45;4792915.88;296.66
70330;450371.42;4793476.32;319.63
4796;450185.74;4793274.41;267.86
4804;450766.86;4792651.06;291.75
103112;449901.49;4793010.88;261.51
4809;450858.72;4792972.78;338.95
103117;450993.09;4793081.23;286.55
4823;451289.77;4793641.02;383.44
4825;450380.86;4793148.44;258.79
37594;450297.51;4794040.3;318.82
103133;450655.16;4792919.8;296.34
70365;450710.45;4792906.36;298.04
4844;450706.1;4793173.74;337.28
70386;450611.04;4792913.32;296.43
70390;450704.09;4792905.21;298.14
37634;450948.53;4792812.78;307.99
70404;450653.4;4793706.91;317.86
70414;450962.06;4792823.22;330.59
70418;450689.67;4792920.02;298.24
70420;450629.46;4792540.85;332.52
103189;450011.39;4793146.44;270.6
70421;450759.8;4792801.74;290.86
4889;450711.05;4792915.73;292.46
103198;450705.63;4793174.68;318.82
70438;450710.25;4792799.72;282.42
37673;450629.67;4792970.21;263.85
70442;450660.02;4792901.69;288.96
70446;450528.76;4792780.04;305.02
4913;449657.37;4793387.28;310.23
4914;450729.71;4792813.89;282.38
70450;450755.68;4792806.28;288.85
103220;450700.85;4793177.49;276.95
37682;449680.7;4793437.01;305.89
37687;450971.23;4792814.54;312.9
103227;450686.22;4792708.82;304.19
103232;449542.28;4793398.66;321.35
4930;451175.18;4793515.11;278.28
4931;450710.25;4793173.55;295.66
70469;450703.43;4792904.0;304.49
4933;450356.03;4793117.56;254.56
103238;450110.79;4794062.4;327.03
4938;450383.95;4793537.78;330.49
4940;450258.18;4792722.78;311.51
70486;450647.34;4792556.59;301.76
37725;450215.07;4794029.31;327.62
103267;450555.68;4792808.79;304.93
70500;450708.53;4792902.59;302.06
4966;450680.43;4792628.52;364.05
103271;451206.78;4793482.94;276.04
4970;450330.5;4793085.8;251.28
103281;449981.32;4793418.15;360.6
4980;450700.97;4792953.48;293.37
103289;450952.51;4793254.28;285.22
37760;450264.36;4793467.48;325.68
4995;450717.87;4792892.84;309.14
70534;450062.58;4793565.33;271.66
4998;450652.62;4792891.26;287.53
70538;450388.57;4793510.62;318.71
103308;450596.77;4793032.68;256.52
37784;450399.59;4793187.08;264.08
103321;450070.59;4792827.09;308.43
37786;450697.09;4793183.73;273.17
70555;450382.81;4793487.02;317.03
5023;451296.43;4793602.49;349.72
37792;450676.68;4793223.44;303.52
37796;450748.13;4793099.15;298.33
37807;450724.48;4792667.18;336.88
103345;450176.4;4793555.51;328.18
37816;450705.57;4792901.75;300.0
37819;449791.88;4793017.58;257.25
70588;449351.53;4793274.95;346.07
5056;450679.99;4793223.8;281.69
5064;450860.61;4793168.85;261.83
5065;450854.12;4793056.05;294.87
37836;450696.0;4792912.02;306.35
70611;450428.63;4793464.43;277.65
37846;450840.94;4792752.66;305.34
37848;451292.05;4793381.4;276.72
70618;449792.45;4793017.76;260.8
37850;450565.96;4792476.93;357.53
70622;450512.74;4793434.97;356.49
103392;450727.73;4793591.9;261.02
5088;449886.23;4793037.68;255.73
37858;450705.24;4792924.5;287.91
103402;450709.16;4793178.44;336.97
70649;450425.39;4793296.02;262.85
5116;450632.65;4792968.65;263.25
70659;450592.08;4793024.8;258.23
70661;450709.99;4792901.35;302.95
37895;450906.77;4793030.96;327.01
70676;450667.07;4792518.46;362.59
103450;450721.43;4792915.24;293.58
70687;450684.22;4792699.47;311.31
103456;450643.47;4793062.33;256.81
103455;450335.66;4793926.57;304.38
5156;450376.54;4793141.29;255.86
70701;450609.56;4793037.57;256.28
103478;450733.96;4792816.57;282.22
70711;450224.88;4792711.47;305.31
5175;450907.05;4793178.69;263.14
37960;450921.65;4793180.23;263.45
103496;450739.42;4792896.16;299.94
5201;450685.37;4792915.34;296.05
5203;450899.32;4793390.64;261.61
5206;450636.87;4792579.24;331.86
103510;450476.36;4793390.3;269.91
70744;450716.66;4792632.63;368.69
37976;450701.57;4792900.73;300.2
5210;450682.5;4792941.43;307.18
37980;450167.53;4792845.45;307.18
5221;450628.52;4792867.91;307.71
37995;450655.46;4792912.92;295.62
70764;450703.83;4792904.19;300.55
70769;450123.59;4792458.48;372.12
70771;450757.05;4792830.7;285.57
103546;450704.31;4793108.17;257.88
70782;450916.55;4793117.17;327.13
103557;450443.19;4792849.67;261.88
5254;450785.0;4793169.26;304.19
103568;450403.22;4793288.97;263.51
103572;450823.9;4793033.61;292.17
5273;450344.66;4794045.51;331.01
5286;450699.59;4793172.84;318.06
70822;450394.07;4792900.82;299.39
5295;450056.61;4792637.38;316.15
5302;450752.19;4792826.93;286.25
70839;450351.61;4792896.7;279.71
38073;450686.74;4792916.23;296.31
5307;450379.89;4793069.73;253.62
5311;450342.64;4793716.63;277.3
70857;450701.74;4792908.99;297.45
38091;450703.4;4793173.69;318.08
38093;450663.43;4792556.16;301.46
103632;450037.9;4792410.81;406.86
38096;450668.45;4793216.75;300.82
103638;450781.87;4793118.27;303.78
38102;450699.73;4792900.72;301.22
5335;451281.68;4793400.49;274.36
70881;450360.17;4792887.41;280.59
103650;450491.46;4792499.34;370.33
70882;450937.47;4793160.51;263.74
103657;450381.41;4792465.52;397.89
70889;450982.77;4793259.97;295.08
5359;450739.79;4792633.04;291.44
38127;450676.95;4793224.39;303.38
38131;450701.43;4793639.08;264.22
38132;450702.21;4793177.42;277.15
103677;450773.39;4793171.93;293.56
5373;450156.9;4792658.11;313.58
70911;450789.31;4793112.13;333.29
103679;450707.57;4792932.27;289.84
5381;450656.93;4792908.03;295.25
38155;450753.82;4792853.06;280.54
103695;450869.85;4793173.82;261.95
103699;450848.86;4792758.07;303.13
38177;450704.56;4792906.03;296.66
103714;450439.77;4792800.89;307.06
5412;450879.07;4792811.71;295.67
103717;450298.02;4793555.47;331.87
103718;450915.25;4792807.3;293.79
38182;451263.69;4793669.8;387.32
38185;450159.54;4793040.51;251.46
70958;451001.99;4793123.05;289.12
38196;450682.21;4792563.76;307.88
103733;449521.7;4793386.69;324.05
38203;450406.49;4793514.09;324.78
38207;449972.57;4793415.85;360.16
5441;450736.25;4793023.7;294.43
5442;450352.29;4793797.54;295.28
38211;450724.69;4792652.62;289.63
70980;449790.32;4793055.62;247.86
70984;450090.08;4793566.55;273.38
103754;450721.4;4792722.48;290.9
5452;450892.71;4793033.49;327.69
70991;450553.57;4792776.1;302.59
38226;450009.48;4793416.48;371.0
5475;450756.26;4792462.11;309.42
38244;450691.96;4793188.72;272.61
71015;450704.95;4793167.68;283.43
103787;450481.75;4792542.82;304.28
5486;450701.55;4793171.8;282.54
103792;450616.35;4792544.37;308.95
71025;450588.18;4792496.23;354.96
71027;450315.03;4793123.24;257.88
103796;450704.38;4792906.09;300.17
5493;450001.11;4793566.18;332.09
71034;450474.83;4792465.83;358.99
103805;450698.1;4792928.71;293.61
38269;449876.56;4793236.45;287.61
5514;450383.28;4793168.96;261.13
103826;450609.4;4792553.94;328.25
38300;450708.89;4792900.16;302.94
5534;451179.54;4793513.06;279.06
103842;450729.68;4793185.62;306.98
103843;450789.92;4792697.32;304.03
38308;450073.43;4793161.94;270.84
38310;449887.8;4793313.01;269.07
5548;450715.56;4792673.37;354.86
103854;450329.31;4793936.32;325.45
103858;449777.64;4793021.52;251.7
38336;450544.37;4792818.82;304.54
71113;449894.79;4793325.4;283.13
71114;450374.62;4793037.87;265.98
5577;449981.14;4793366.39;297.06
38349;450066.4;4793578.27;271.18
71119;449943.91;4793403.94;359.57
103891;449376.17;4793308.88;345.26
71124;450696.16;4792911.8;302.47
5591;450669.35;4792627.81;306.77
38359;450683.69;4792914.5;295.6
71135;450594.78;4793719.66;318.51
38373;450533.57;4792513.9;326.86
103909;451145.75;4793542.06;279.05
5611;450783.12;4792506.4;304.42
103915;450658.27;4792907.34;295.5
38380;450026.01;4792986.28;274.74
71158;450316.74;4792941.39;278.7
38399;451006.89;4792876.26;327.77
103940;450784.11;4793049.01;311.02
103942;450736.76;4792605.24;321.77
71177;450279.04;4792965.08;279.37
38412;450007.33;4793025.06;261.42
38424;450449.6;4793539.0;337.42
38431;450705.7;4792905.34;297.79
71201;450895.03;4792801.95;295.56
103972;450072.13;4793360.53;268.58
5671;450611.09;4792930.64;297.34
71207;450955.88;4793122.81;328.18
5672;450356.3;4793784.23;273.28
5674;450509.47;4793025.22;255.03
5676;450784.44;4793130.77;301.9
38448;450872.14;4793313.37;264.35
103984;450335.66;4793926.57;308.48
38450;450883.48;4793052.94;328.71
103989;451172.44;4793525.36;278.24
71222;450660.74;4792903.24;295.47
5687;450810.81;4792555.43;298.33
5689;451237.74;4793416.2;275.49
71228;450705.52;4793176.99;326.68
103996;451306.48;4793344.26;277.97
71230;450702.23;4793177.34;278.42
71231;450644.88;4792930.47;305.18
71239;450655.22;4792910.57;295.61
104011;450756.28;4793097.89;301.51
104020;450939.51;4793169.1;276.67
104024;450640.61;4793192.26;294.4
38493;450383.14;4793042.56;265.59
38503;451295.37;4793641.85;383.66
104039;450565.82;4792789.38;306.13
71274;450725.4;4793180.55;324.15
5739;450657.66;4792894.73;290.37
38510;450152.72;4792663.78;312.89
104056;450297.33;4793542.67;269.48
5754;450909.74;4792809.15;295.24
71291;449911.98;4793418.89;286.31
38524;451144.02;4793420.08;273.5
104072;451317.64;4793593.27;383.61
71305;450662.65;4792563.8;303.21
71306;450706.46;4792911.33;292.59
5769;450683.95;4793186.97;264.31
5773;450716.68;4792802.34;282.33
38549;451312.47;4793324.63;276.42
38550;450130.23;4793572.57;330.3
5789;450703.18;4792907.86;299.11
38562;450354.77;4793780.85;272.56
71332;450839.65;4793139.18;309.26
5806;451118.79;4793561.89;280.87
5811;449413.33;4793401.58;339.33
38580;450681.2;4792912.69;294.6
5818;450903.16;4793337.9;264.52
38590;450994.07;4792812.2;324.7
104126;450298.59;4793554.1;269.48
38594;451301.09;4793353.31;276.48
38600;449951.58;4793402.4;360.39
71373;449999.32;4793437.01;361.4
5839;450646.78;4792939.34;293.37
104150;450667.16;4792902.29;295.53
38615;450565.45;4792772.87;306.15
38620;450709.46;4792900.14;306.81
5856;450909.69;4793067.92;326.51
71396;450688.15;4792611.35;303.28
71398;450692.64;4792907.22;303.98
5865;450647.93;4792606.94;334.84
38639;450630.77;4792549.36;301.71
71410;450719.44;4793040.52;309.46
5879;450697.49;4792922.7;296.03
38653;450301.76;4792994.22;272.34
5886;450220.71;4793481.14;326.63
38655;451284.74;4793651.34;383.63
104194;450565.66;4793198.64;297.53
5893;450269.29;4792982.83;275.29
5907;450305.66;4792741.77;314.32
5911;450828.64;4792592.21;295.21
104218;450356.63;4792886.8;280.84
38686;449647.64;4793613.73;337.32
5926;450837.32;4792603.82;294.84
104230;450725.49;4793185.36;299.23
104251;450962.03;4792833.3;310.18
104252;450792.25;4792651.32;306.33
5957;450288.19;4794012.83;308.6
104262;450864.37;4792971.42;329.21
104263;450483.13;4792494.85;369.14
71499;451276.25;4793400.0;273.78
5966;450698.96;4792762.95;305.57
71502;450503.97;4793384.73;272.17
38741;450689.34;4793189.41;265.65
38743;450490.85;4792529.31;303.61
71511;450427.08;4793428.08;264.76
38749;450738.45;4792724.9;291.19
38754;450395.09;4792897.47;299.39
104295;449955.83;4793397.51;358.64
38760;450014.86;4793437.52;372.86
5992;450342.93;4794045.27;326.44
71541;450442.25;4793455.21;279.95
104315;450704.1;4792730.53;304.84
38782;450678.12;4792697.43;314.78
38790;450657.13;4792893.48;290.21
71565;450510.87;4793027.65;256.11
6029;450695.84;4793052.51;295.86
71572;450862.27;4793168.25;325.43
71574;450432.2;4792463.41;362.88
6039;450671.07;4792587.09;304.79
71577;450391.29;4793813.71;324.92
6046;450697.67;4792710.68;302.61
104352;451162.47;4793413.96;272.69
71586;450529.88;4792815.7;304.48
6057;450940.7;4792825.52;312.68
104365;450693.3;4793188.63;274.11
71598;450515.02;4793025.01;255.63
104391;450478.63;4793378.88;279.68
71630;450703.79;4793175.96;277.7
38866;450737.13;4792810.6;331.11
38867;450646.31;4792530.79;330.24
6105;449873.86;4793051.01;264.22
38877;450850.54;4792803.12;294.61
71653;450061.22;4793574.7;270.8
71656;450678.34;4792578.77;306.58
104439;450330.57;4793469.15;266.13
71676;450803.7;4792498.09;299.51
71678;450352.15;4794042.52;338.55
38916;450737.39;4792479.62;303.46
104455;450292.71;4794008.97;308.63
6154;450598.69;4792723.91;304.63
38922;450610.65;4793193.34;295.45
6160;450792.82;4793152.92;339.51
6169;450676.56;4792706.05;304.31
104475;450815.41;4793229.18;260.05
38940;450736.15;4792416.32;306.1
6171;450083.97;4793564.25;271.55
6179;450504.08;4792810.56;304.09
38957;450428.36;4793455.47;265.11
38965;449922.73;4793023.84;247.37
71739;451293.97;4793297.83;275.6
38975;450828.32;4792757.46;302.96
38984;450689.01;4793195.64;263.11
71754;450705.85;4793175.94;283.94
38988;450666.25;4792891.49;289.85
6223;450947.06;4792819.48;310.99
6225;450707.5;4792907.8;296.81
71761;450708.5;4792908.97;297.73
104541;450768.9;4793176.51;290.29
39017;450232.15;4793989.46;345.28
104554;450714.29;4792909.1;301.3
104557;450797.61;4792522.34;298.45
39026;450658.15;4792895.38;292.78
104564;450715.43;4792895.71;307.34
71798;450336.98;4792920.99;279.35
39031;450703.83;4792706.66;305.52
104568;451259.2;4793415.07;274.56
6270;449814.11;4793599.28;325.9
104575;450414.31;4793060.44;256.7
39043;450745.79;4792829.38;281.38
71818;450687.5;4792750.8;304.7
39060;450939.83;4792844.05;306.84
71833;450130.66;4792671.11;311.14
39071;450490.37;4793392.1;270.01
6308;450693.78;4793188.06;274.89
104613;450729.36;4792470.24;304.21
104621;450400.28;4793836.08;314.5
104625;450461.43;4792763.72;306.02
39089;450466.72;4792860.47;261.88
39093;449790.2;4793029.75;271.74
71864;450710.99;4792899.18;303.45
71867;449696.36;4793681.81;337.78
71870;450723.88;4793187.76;329.66
6338;450828.89;4792665.6;294.02
71875;450701.87;4792603.3;369.79
104646;450345.36;4793099.28;252.77
6355;450657.83;4792944.39;262.99
39124;450719.28;4793182.05;337.91
71900;450955.96;4792872.79;296.94
39134;449804.97;4793602.64;330.38
39135;450603.77;4792889.68;296.85
104679;450805.14;4792588.47;303.83
39148;450705.54;4792901.61;301.54
71920;450765.97;4793054.58;310.02
104696;450245.93;4792723.43;289.34
104703;451277.42;4793402.38;272.81
6403;450350.86;4793545.7;332.97
104710;451121.52;4793561.16;279.91
71945;450499.32;4792517.7;303.13
104713;450506.06;4793384.48;272.24
6412;450442.06;4793322.96;264.1
104717;450685.36;4792916.14;296.03
6418;450688.75;4793189.22;263.06
71955;450636.02;4792633.57;301.56
6424;450721.15;4792914.18;293.07
39193;450427.75;4792842.81;263.36
104730;449919.12;4793427.64;278.6
104736;450647.68;4792567.23;307.39
104750;450631.96;4792584.27;367.62
6446;449869.59;4793220.39;287.61
104752;450854.82;4793151.88;308.57
104758;450798.34;4792584.02;303.61
39223;450742.72;4792366.94;307.11
104762;449876.04;4793215.69;273.86
71996;450700.69;4792700.07;304.91
6468;450500.64;4792455.73;354.04
39240;450487.3;4792768.66;305.15
104780;449949.26;4793399.92;277.32
6486;450699.38;4792907.13;298.77
72025;450662.14;4792903.86;296.07
39260;450657.92;4792897.54;290.54
6500;450723.49;4792615.71;369.28
6505;451164.81;4793533.09;279.6
6507;450670.44;4793189.09;294.92
6512;450709.05;4792900.34;302.94
39282;450737.86;4792617.44;317.3
39288;450715.17;4792737.94;307.95
6520;450717.94;4792915.31;293.69
104825;450171.22;4793545.37;327.56
39295;451154.6;4793415.04;271.36
6529;451149.17;4793419.46;272.4
104839;451167.69;4793530.0;277.89
104851;450479.5;4792464.86;323.14
39317;450704.84;4793060.88;271.36
104870;450680.64;4792914.84;293.8
6573;450585.91;4792710.1;304.84
39341;450107.86;4792646.45;310.13
72113;450760.99;4792437.08;307.93
6582;450638.52;4792927.2;305.13
6588;450657.02;4792890.8;289.21
72125;450909.52;4793034.58;322.83
104894;450739.55;4792647.1;290.28
6592;450708.61;4792794.91;282.67
72129;450544.81;4793192.3;297.53
72131;450877.92;4793029.6;329.42
72140;450782.35;4793409.28;259.67
39377;451208.23;4793416.53;269.01
104919;450691.2;4792724.57;305.04
39383;451252.41;4793418.5;273.33
6624;450310.35;4792949.97;276.62
104931;450851.57;4792759.19;302.51
39396;450704.92;4792931.49;293.26
104933;450809.51;4793213.42;321.61
39399;450785.11;4792698.97;304.62
39400;451198.5;4793413.44;271.29
39402;450357.94;4793487.4;321.51
39403;450701.08;4793165.76;296.36
104939;450609.37;4792890.67;296.65
72173;449914.56;4793025.28;260.77
39406;450712.18;4792924.47;292.1
104941;450606.29;4793700.0;319.21
39408;450655.1;4793077.51;256.97
39409;450105.69;4793578.36;329.55
39412;449881.42;4793238.01;272.14
39423;450701.2;4793176.26;277.4
72191;450659.4;4792904.42;295.74
39430;450705.6;4792935.61;292.43
72202;450029.54;4793448.95;373.73
6669;450775.06;4793166.9;296.37
104977;450300.79;4792980.06;275.05
72211;450647.85;4792570.08;307.89
6676;450616.38;4792547.32;311.18
104983;450286.85;4792730.07;310.48
104991;450723.36;4793180.61;311.58
6705;450493.96;4792514.34;305.27
6708;450932.06;4792836.14;298.86
72253;451157.62;4793414.87;272.6
72254;450846.64;4792774.95;299.18
39487;450569.79;4792766.64;305.76
105024;449887.8;4793264.15;272.7
72259;450704.71;4792903.37;301.54
39498;450729.8;4792433.73;303.43
105035;450734.9;4792613.02;320.5
72266;450765.43;4793472.14;262.07
39509;450832.29;4792638.98;293.92
105047;451164.36;4793532.85;279.59
72285;450727.34;4792724.47;290.91
105061;450711.17;4792915.63;292.72
72298;450236.49;4794032.34;336.81
105073;450757.85;4793495.86;264.24
39543;451291.95;4793381.29;278.46
105079;450583.67;4793749.59;318.21
6779;450625.74;4792540.66;331.43
105093;450838.35;4793185.83;323.86
39563;450504.88;4792499.51;372.26
105114;450358.43;4792448.43;371.36
6811;450789.33;4792673.58;306.56
72346;450811.83;4793260.0;264.22
39583;450229.36;4793205.84;266.09
72352;450575.53;4793718.39;319.6
39587;450923.22;4793186.38;264.57
6819;450381.98;4793149.18;263.81
72359;450664.65;4792891.48;290.07
72363;450462.03;4792806.63;306.49
39595;450001.22;4793016.06;248.68
72365;450640.88;4792553.4;301.98
105136;450154.2;4793565.47;329.45
39601;450707.72;4792917.85;289.89
39616;450763.43;4793115.74;333.74
105159;451003.03;4793357.5;265.83
39625;451323.88;4793615.92;383.61
6861;450091.45;4793354.93;269.08
39631;450443.78;4793444.42;280.14
72403;450327.89;4792923.07;279.73
72404;450889.04;4793010.77;314.9
105172;450658.14;4792893.66;292.35
105175;450293.63;4793187.23;261.75
39640;450648.14;4792594.05;329.76
72410;450709.38;4792755.66;283.17
105180;450570.91;4793757.15;328.56
105185;450784.74;4793161.75;331.44
39656;449931.62;4793411.57;359.66
6889;450012.48;4793003.13;268.82
72430;450340.13;4793534.42;347.18
39663;449999.38;4793347.07;296.4
39668;450744.46;4792679.69;305.94
105210;450657.62;4792559.44;302.04
6907;450685.72;4792940.01;283.88
39676;451263.57;4793669.76;387.91
6909;450869.27;4793171.08;317.31
105215;450305.94;4793590.8;269.93
72448;451280.99;4793399.96;274.42
105222;449757.59;4793515.16;334.69
72456;450618.84;4793022.89;257.9
6921;450774.71;4792847.26;285.44
39694;450293.66;4792991.23;273.43
6929;450831.77;4792665.26;294.02
39697;450471.35;4793371.93;263.79
6930;449725.13;4793474.67;335.91
39700;450620.44;4792546.09;303.36
39706;450701.76;4792915.86;301.01
39707;450676.34;4792617.97;303.1
39710;450669.01;4793212.55;298.88
39711;450018.05;4792995.16;271.86
6948;450989.62;4793169.33;298.83
105256;450578.87;4792739.56;305.51
6960;450700.59;4792909.67;298.51
39733;449973.38;4793408.08;272.03
72503;450861.91;4792789.97;295.78
105277;450488.67;4792487.32;353.9
105282;450797.36;4793115.14;333.59
7001;450650.07;4792526.05;330.24
39771;450663.75;4793067.08;303.73
39779;450706.63;4792909.07;297.48
105328;450649.77;4792916.12;294.87
72560;450460.2;4793450.66;360.44
72567;451232.39;4793416.02;273.61
72579;450306.46;4793652.04;269.65
7049;450774.78;4793190.8;298.55
105353;451308.09;4793338.22;277.68
72588;449722.62;4793471.31;301.67
72589;450697.55;4792911.41;298.94
72597;450990.28;4792810.61;329.76
39832;450786.29;4792505.08;305.21
72602;450686.59;4792846.11;281.25
39843;450410.38;4793287.64;263.19
72612;450507.67;4792916.67;294.91
7083;450664.57;4792892.35;289.85
7087;450077.15;4792655.39;311.75
72626;450064.19;4792639.02;319.5
39860;450223.67;4794035.78;326.25
72629;450914.66;4793080.58;326.51
39879;450808.28;4792502.32;300.02
105417;450659.3;4792894.84;292.77
7117;450707.91;4792907.48;298.27
105422;450798.06;4793197.62;259.88
39892;450708.68;4793175.55;336.55
72672;449374.53;4793316.91;344.98
7147;450866.28;4793181.6;265.33
105453;450822.68;4793083.6;331.27
7152;450696.36;4792921.48;296.32
105456;450424.99;4793442.47;274.84
72691;449549.38;4793407.82;319.95
39925;450714.21;4792908.3;304.14
39929;449696.35;4793682.12;337.9
72701;450669.92;4792575.55;308.95
105473;450693.23;4793188.65;275.08
7175;450556.3;4792773.13;302.57
105481;450626.06;4792502.24;351.61
7177;449949.87;4793267.03;295.72
39957;450728.4;4792502.18;300.22
105493;450684.11;4793187.02;261.45
7195;449912.13;4793023.27;261.67
105507;450941.58;4792847.47;307.31
72743;449782.61;4793020.76;258.02
72745;450355.43;4793139.46;260.32
39986;450737.89;4792897.81;299.33
72767;450700.83;4792883.04;279.07
72768;450326.39;4793127.43;255.76
7235;449905.08;4793436.2;281.89
40004;450687.75;4792853.41;280.99
72782;450149.01;4793586.59;332.22
40014;449733.79;4793589.54;328.27
7248;450413.63;4793487.87;265.53
105555;451000.59;4793124.03;328.25
7251;450401.76;4793270.09;263.28
105562;450676.07;4792911.67;294.66
72796;450423.38;4793055.92;262.26
40033;450320.52;4793530.86;269.1
40035;451121.39;4793560.09;280.33
72809;450655.36;4792896.38;295.71
40047;451239.47;4793560.6;302.29
105585;450825.81;4792645.84;293.24
105598;450353.23;4793828.91;300.44
72833;450519.21;4793567.29;342.15
72838;450881.78;4793389.65;262.93
7304;450809.85;4792657.14;292.77
105612;450904.69;4793029.97;324.79
40081;450851.42;4792621.64;295.28
72849;450776.95;4793212.83;319.3
40083;450439.85;4793162.43;262.52
105624;449996.04;4793328.58;362.04
40094;449799.71;4793603.56;330.3
7327;450728.71;4792909.4;299.8
40100;450001.18;4793014.95;265.49
40102;449914.77;4793017.1;265.05
7335;450686.74;4792768.77;308.89
105639;450660.26;4792901.91;288.99
105644;449904.81;4793046.7;264.28
72881;449888.82;4793281.28;272.44
72886;450747.88;4792846.05;280.96
105661;450171.49;4793369.85;327.32
72899;450818.88;4792580.22;305.61
105669;449759.33;4793001.46;253.02
72906;449792.01;4793084.04;223.92
72912;450029.78;4793493.21;338.5
72914;450376.11;4792753.69;307.57
7390;451300.42;4793353.53;275.9
7394;449889.74;4793038.63;250.91
105705;450700.67;4792907.86;299.06
7409;450814.9;4793219.26;259.59
40179;449910.13;4793423.01;287.0
40180;449839.13;4793047.16;245.06
40187;450841.8;4792765.39;299.87
105725;451182.83;4793412.78;272.97
40192;450431.95;4793439.39;276.28
72961;450086.43;4793585.98;329.6
105731;450488.74;4793371.07;281.83
72964;450955.31;4792879.03;296.39
40196;451282.75;4793396.57;274.73
7432;450868.09;4792814.39;292.53
105744;449822.94;4793597.85;326.9
40215;451123.62;4793558.29;279.13
7449;450759.12;4792454.86;309.15
72986;450730.75;4792497.67;299.77
72985;450744.08;4793531.86;259.28
72993;451259.52;4793414.11;273.62
40226;449825.74;4793562.68;333.25
105761;449637.17;4793367.5;311.34
105777;450680.43;4792589.34;305.54
40245;450378.34;4793507.59;317.63
73015;450966.88;4792852.73;329.38
105785;449954.36;4793401.13;313.8
40251;450463.19;4792849.64;261.88
105788;450973.68;4793138.59;326.6
105792;451163.49;4793533.86;280.67
105798;449928.64;4793203.66;275.66
105806;450017.56;4792997.71;270.59
40280;450611.15;4793690.52;319.26
73052;450086.98;4792462.31;377.53
7542;450276.72;4792966.88;278.49
105853;450536.57;4792523.6;369.68
105854;450026.57;4793483.09;271.03
40326;449905.28;4793425.28;300.23
7562;450795.58;4792500.76;299.39
40331;450173.21;4793189.02;268.61
40332;449558.96;4793421.2;319.04
105875;450763.43;4793462.84;265.16
73114;450234.08;4792402.6;385.84
7580;450175.9;4793279.35;268.29
105885;450702.11;4792926.14;285.55
105896;450434.71;4792760.69;306.44
73134;450690.04;4793187.32;261.87
7598;451302.43;4793353.34;276.68
7607;450431.04;4793061.55;253.02
40376;450845.94;4792750.16;304.25
40377;450694.52;4792922.85;301.03
40385;450778.43;4793112.21;310.57
73158;449952.51;4793012.96;248.28
7624;451301.61;4793646.95;385.58
40394;450386.12;4793507.05;319.93
7632;449694.35;4793712.42;341.57
40416;450694.11;4792923.38;299.29
105963;450565.41;4793029.7;255.63
7664;449667.48;4793394.1;310.23
105969;449342.65;4793301.43;356.2
40446;450707.84;4792917.8;292.66
73216;450545.63;4792681.88;300.0
105989;449798.32;4793029.08;270.56
73233;450606.86;4792567.3;371.29
40472;450693.76;4792715.14;301.92
73243;450709.39;4792737.84;284.93
73247;450608.7;4792900.22;295.98
7726;450957.77;4793229.09;284.19
7728;450782.73;4792700.68;304.71
73268;449880.3;4793252.53;271.41
73272;450240.15;4792983.32;275.54
73278;450469.45;4792504.93;307.16
106047;450759.42;4793204.49;298.9
7745;449578.99;4793444.18;319.01
106051;450708.34;4792786.86;282.92
7752;451172.15;4793524.75;279.02
40525;450329.31;4792425.17;370.3
73311;450539.67;4792680.59;301.07
7775;450793.49;4792585.2;300.88
73319;450703.77;4792944.63;292.53
7790;450804.29;4793257.42;264.92
7793;451305.26;4793343.74;276.9
40568;450705.6;4792907.83;295.51
73347;450697.76;4792911.72;299.48
73350;450598.27;4792915.97;293.7
73352;450838.63;4793152.89;305.15
106124;450888.31;4792996.93;317.98
106135;450702.31;4792878.27;279.07
106139;450802.44;4793067.44;297.99
106147;450730.02;4793125.62;295.19
106148;450341.28;4793736.01;288.98
7850;450949.96;4792823.75;315.18
40618;450637.97;4792977.47;287.1
73389;450483.02;4792476.6;327.7
73390;450642.58;4792975.91;258.86
106161;450724.23;4793187.87;335.89
40627;450609.91;4792885.19;303.74
40635;450341.59;4793917.48;298.24
40641;450687.15;4793191.59;267.51
106181;450608.0;4793695.53;319.37
40647;450662.04;4792904.59;289.78
106183;450121.52;4793545.57;270.27
7888;450107.08;4793575.4;329.57
106198;450864.77;4793171.29;321.6
73432;450474.91;4792506.52;303.12
106204;450406.21;4792842.45;263.44
106206;450710.61;4792927.82;291.04
7902;449985.02;4793419.48;360.62
106210;450657.2;4792898.26;290.62
106217;450966.8;4792953.56;297.81
73451;449962.76;4793008.2;248.01
73452;450693.21;4792912.56;297.67
7918;450480.95;4792544.32;304.28
73455;450794.56;4793401.03;258.46
40688;450797.05;4793209.86;259.47
7926;449801.58;4793607.24;325.64
7932;450361.75;4793144.88;273.59
40707;451225.05;4793449.56;274.97
106253;450354.26;4793076.35;252.87
106258;450012.83;4793011.22;267.68
7955;450644.16;4792937.11;296.42
73492;450803.41;4793016.02;296.96
106259;450036.42;4793491.74;338.62
73494;450871.88;4793068.44;297.13
7958;450445.32;4793326.61;264.01
40731;450341.71;4793460.31;321.72
7965;449571.22;4793439.47;319.31
73507;450680.77;4792941.7;287.25
40742;450704.74;4792784.7;324.56
7974;450703.78;4793173.63;319.09
7978;450882.8;4792980.97;326.98
7985;450078.59;4792444.39;377.78
106289;451285.88;4793387.35;275.45
40755;450619.81;4793020.07;257.64
106302;450651.87;4792602.74;364.86
40775;450182.53;4792969.23;276.85
73544;450440.0;4793184.11;276.28
8009;450365.97;4793499.69;321.45
106315;451071.27;4793153.62;290.85
106322;450843.49;4792771.37;299.53
73567;450723.91;4792609.83;368.62
8037;450510.42;4792457.8;354.04
73580;451297.48;4793350.56;275.5
8067;450732.59;4792714.97;299.59
40846;450315.9;4794015.74;312.4
8081;450540.31;4792698.26;300.56
40855;450695.25;4793061.34;296.24
73628;450750.89;4792428.07;307.14
8095;450692.04;4792967.85;292.47
40863;450404.57;4793062.36;260.88
8100;450344.3;4793112.19;248.66
73638;450014.24;4793434.91;342.43
40870;449339.91;4793289.04;356.79
40876;450154.8;4793316.1;268.53
40877;450716.17;4792908.18;300.49
8128;449652.96;4793531.52;332.04
40898;450670.46;4793221.31;303.08
73678;450150.0;4793043.5;251.46
40925;450318.77;4794017.44;313.18
8157;450364.72;4794013.71;326.56
40930;450712.91;4792898.95;303.68
73701;449892.31;4793293.37;272.61
73714;450735.04;4792726.09;291.5
40955;450360.77;4793507.39;322.77
40958;450275.23;4792877.22;303.34
40963;450324.86;4793533.24;269.79
73736;450407.56;4793511.88;335.52
8204;450314.15;4793123.18;260.44
73745;451294.44;4793380.29;277.95
40984;450692.65;4793185.75;274.96
8221;450765.84;4792489.96;306.5
73757;450724.34;4793178.77;336.39
73759;450677.36;4792587.47;305.66
73772;450702.04;4793174.04;284.25
73776;450689.94;4792717.81;305.39
73779;450875.01;4793018.42;331.2
8243;450291.87;4793117.62;261.15
73781;450503.33;4792565.86;303.89
41018;450394.08;4793148.59;269.85
41024;450085.99;4793472.02;270.1
41029;450843.04;4792773.08;304.61
73797;450709.63;4792927.1;290.95
41034;450546.64;4793019.23;255.46
41043;450708.69;4792900.83;302.45
41062;450437.96;4793450.07;277.87
73833;450723.98;4792691.64;290.7
41066;450844.21;4792809.34;294.18
8311;450796.54;4793158.22;298.74
73853;450307.72;4794042.69;324.93
8323;450664.57;4792892.22;288.49
73892;450443.59;4793165.7;260.13
41160;451164.96;4793530.86;278.39
8397;450435.77;4793310.98;263.28
41190;450838.72;4793381.22;260.25
8423;450488.82;4792509.73;305.76
41192;450909.6;4793345.15;262.34
73964;450086.94;4792657.55;316.11
73970;450604.43;4792706.11;302.62
41202;449530.38;4793386.63;335.26
73974;450432.71;4792798.2;307.28
41212;450656.21;4792892.06;289.13
8445;450424.45;4793394.04;264.24
8455;450687.05;4793192.78;263.48
73998;450792.28;4793205.95;259.77
74017;450862.63;4793167.88;326.55
41249;450182.06;4793206.81;268.83
74019;450780.85;4792505.09;304.01
8487;450682.99;4792700.04;311.72
74024;451148.62;4793537.37;279.31
8489;450557.21;4792929.07;293.91
8493;450257.13;4793190.7;266.31
74038;450954.5;4792867.69;297.48
8508;450640.33;4792693.41;305.62
74050;450716.64;4792894.0;308.02
41304;450703.0;4793176.24;284.13
74073;450719.36;4793180.86;322.67
74080;450730.18;4792403.69;303.4
41320;450497.86;4792458.9;347.05
8556;450667.08;4792908.9;295.58
8563;450659.65;4792614.41;303.82
8568;450902.32;4793374.16;261.31
8570;450330.67;4793121.0;258.06
41343;450839.23;4792828.46;289.79
41348;450707.17;4792970.75;292.84
41351;449828.23;4793492.09;312.46
41352;450858.49;4793148.79;308.66
8589;450383.54;4793493.7;316.44
74131;450485.6;4793579.9;327.28
8609;450689.01;4792772.53;312.98
41389;450490.52;4792513.29;305.27
41391;450809.75;4792599.64;304.46
74166;450688.12;4793190.35;274.21
74181;450473.08;4793408.47;278.13
74188;450346.45;4793726.41;269.17
8662;451283.78;4793392.54;275.09
8665;450713.75;4792897.01;305.1
8672;450594.9;4793021.3;257.12
41453;450327.85;4793931.35;306.97
41454;449766.95;4793008.9;251.73
41455;450665.05;4792889.19;281.08
8686;450304.69;4794015.22;311.29
74228;449850.65;4793028.23;274.0
41467;450708.22;4792906.28;298.0
74236;450666.03;4793217.22;300.43
74243;450713.94;4792908.57;301.29
74247;450992.3;4792876.99;327.17
74256;450247.17;4793547.61;331.92
41491;450705.24;4792920.0;294.2
8726;450698.09;4792923.0;295.24
74265;450268.63;4793552.71;331.45
8732;450657.15;4792911.29;295.85
8739;449962.85;4793030.26;263.99
8750;449952.7;4793400.28;291.98
41520;451162.11;4793532.81;280.36
74293;450825.7;4793150.37;261.46
41527;451172.43;4793525.34;278.63
74311;451186.94;4793507.97;278.86
74313;450690.92;4793195.18;263.46
41545;450686.15;4793189.64;263.76
8783;449935.37;4793033.18;262.03
8787;450954.45;4793220.28;299.78
8807;451316.1;4793630.63;382.32
8808;449972.27;4793524.23;336.46
74349;450892.42;4793394.27;261.43
74358;450739.14;4793109.59;297.8
8826;450575.54;4793005.18;256.59
8830;449930.53;4793146.17;269.72
74370;450674.41;4792625.17;363.81
8835;450672.52;4793222.86;303.44
41616;450783.44;4792673.76;307.13
74389;450651.05;4792718.87;306.46
74399;450806.87;4792568.69;300.24
41633;449988.75;4793425.92;360.57
74404;450717.72;4792919.51;292.65
8878;450920.76;4792832.29;303.26
74432;450719.75;4793179.12;306.82
41665;450997.01;4793135.79;288.78
41666;450708.58;4793167.07;339.12
8901;450097.78;4793495.67;269.85
74438;449947.76;4793013.46;247.03
74439;449956.93;4793401.01;333.61
41680;450739.07;4792722.36;296.64
41683;450719.34;4792915.91;293.7
8927;450791.59;4792590.5;302.4
74471;450783.42;4793255.13;264.98
41704;450651.35;4792919.25;295.92
41713;450458.09;4792495.93;304.99
8949;450352.02;4794015.63;321.99
41719;450672.98;4792705.13;304.18
41720;451177.85;4793512.89;279.19
8954;450688.42;4793190.35;296.08
8960;451165.41;4793531.25;279.7
74509;450905.5;4793079.17;297.13
74514;450207.39;4793048.42;251.97
74517;449552.37;4793415.0;319.82
41756;450316.53;4793954.07;308.23
8992;451179.64;4793513.37;277.72
9008;450886.89;4793025.13;327.7
74549;449910.72;4793423.05;281.53
74561;450345.98;4793923.67;325.27
41812;449685.65;4793672.28;337.94
74581;450806.15;4792617.31;305.5
74582;450691.3;4792912.8;296.16
9056;450654.42;4792910.22;293.72
74594;450694.67;4793045.74;260.23
41827;450710.58;4792973.34;303.74
9069;450680.05;4792640.01;303.22
74606;450936.06;4793334.54;265.83
41839;450961.12;4793129.32;327.4
41841;451175.61;4793515.64;279.38
9074;449974.53;4793550.16;332.45
41846;450055.86;4792414.98;403.02
9083;450635.34;4793059.23;306.28
9089;450745.62;4792625.97;314.05
41864;450961.72;4792821.15;330.55
41897;449922.18;4793155.16;269.46
9139;450496.05;4792515.97;303.13
41912;450628.16;4792705.11;309.47
9159;451179.65;4793513.49;279.1
41932;449831.58;4793483.68;303.4
74726;450304.07;4793624.2;269.65
41959;450807.04;4793394.82;261.23
74757;451287.32;4793386.43;275.71
41990;450726.42;4792388.11;302.84
9221;450305.47;4793455.75;322.8
41996;450822.17;4793232.47;259.13
41999;450882.98;4793391.23;262.65
74777;450679.28;4792546.23;301.67
9245;450824.03;4792831.28;288.64
74792;450722.77;4792712.06;288.66
74799;450818.29;4792658.09;292.77
9265;450825.19;4792760.97;305.19
74807;450694.64;4792598.83;303.03
42040;450981.44;4792816.52;311.9
42042;450914.11;4793089.56;326.67
9284;450653.5;4792913.24;295.88
42057;450275.75;4792965.45;278.46
74827;450664.95;4793722.62;317.86
42065;450595.06;4792910.25;292.96
42076;450016.68;4793382.18;344.64
9323;451299.06;4793304.87;276.35
42093;450725.06;4792599.3;370.34
9329;449342.01;4793338.35;351.41
74878;451229.25;4793559.75;298.24
42112;450568.72;4792605.56;304.46
42119;450691.69;4793731.92;316.42
9352;450396.99;4793063.65;253.51
74890;450701.78;4792929.49;292.88
74894;450710.89;4793180.06;334.21
9359;449916.64;4793186.73;268.02
74910;450428.37;4792802.8;307.92
42142;449805.66;4793499.14;278.95
9384;449367.85;4793265.91;361.35
74927;450694.1;4793185.97;277.19
42162;450701.68;4792915.92;301.24
9400;450174.0;4793412.83;334.69
9408;450588.02;4792614.51;303.97
74945;450500.07;4792493.56;371.56
42178;451149.32;4793417.97;273.61
42193;450602.74;4792948.63;293.39
74963;450707.18;4792909.44;294.22
74970;450374.71;4793540.95;331.0
74981;450650.53;4792952.11;262.06
42214;450597.1;4792926.2;297.65
9445;450487.26;4793389.17;277.44
9449;450710.79;4793180.11;336.43
9453;450719.3;4793179.67;308.64
74993;450420.21;4793369.15;264.01
9457;451305.5;4793340.96;276.56
42232;450683.82;4792913.9;295.11
9472;450719.05;4793188.5;336.09
42240;449964.72;4793530.45;335.94
42245;450457.95;4792475.37;361.33
9477;450381.85;4793485.15;265.81
42247;450356.68;4793471.98;321.55
42253;450627.15;4792562.17;372.15
9490;450887.45;4793036.83;310.6
9493;450697.08;4793065.44;296.01
42266;450230.76;4793214.97;268.63
9504;451194.61;4793501.25;276.54
75042;450173.73;4793402.34;334.87
9509;450353.41;4793851.33;300.86
42285;450358.37;4792448.42;371.95
42287;449540.22;4793399.39;321.73
75065;450506.11;4792503.55;370.8
42310;451177.95;4793513.09;280.85
9543;450923.33;4793193.83;265.14
75086;450987.86;4793264.61;296.8
9558;450709.78;4792760.41;283.35
75094;450505.94;4792880.83;261.88
42327;450446.14;4793329.74;264.01
9566;450717.89;4792446.68;302.71
75122;450946.12;4793034.7;295.27
42371;450466.47;4793409.23;284.29
42372;449760.77;4793000.63;254.57
75144;450527.89;4793726.27;326.21
42379;450965.81;4793080.28;289.29
75147;450678.86;4792913.07;294.51
9617;450854.03;4793076.1;329.99
42393;450314.32;4793660.98;269.65
9627;450704.08;4792900.96;300.44
75170;450479.01;4793607.0;329.72
42420;450624.1;4792503.07;353.73
75188;450049.88;4792999.82;250.93
42425;450702.83;4793177.66;278.46
75201;450654.59;4793058.75;304.7
75217;450720.97;4793599.23;261.71
75222;450309.8;4793080.49;251.15
75224;450703.05;4792933.52;293.07
42458;450432.62;4793172.03;268.25
9691;450311.06;4794043.26;327.05
75244;451244.74;4793419.91;273.83
75247;450690.11;4793187.16;264.02
75260;450933.78;4792819.32;322.58
42492;450197.9;4793379.68;324.91
75278;450739.3;4792686.72;304.4
42513;449637.95;4793475.15;310.47
42514;450728.15;4792725.91;289.29
75299;449768.91;4793571.53;371.14
75313;451256.45;4793576.46;313.19
9781;449686.36;4793441.19;304.61
42552;450703.76;4793175.74;319.46
9790;449374.53;4793258.67;373.92
9794;450707.68;4792930.15;287.96
9796;450719.08;4793183.89;327.45
75332;449755.98;4793488.78;300.82
42566;450879.07;4792811.71;294.57
9800;450612.3;4792540.25;303.37
9802;450781.63;4793181.7;296.95
75347;450704.21;4792903.62;300.78
9817;450475.94;4793373.39;265.87
75355;450673.96;4792892.56;290.25
75358;449693.6;4793715.32;341.47
75379;450555.45;4792527.89;326.43
9843;450714.91;4792896.54;304.73
75382;450790.58;4793257.65;265.24
42627;450278.3;4792966.62;279.07
42640;450680.94;4792581.24;327.04
9872;450594.49;4792944.79;293.55
75411;450769.4;4793193.44;298.76
75412;450708.83;4793169.34;347.63
42670;450720.6;4792713.19;299.92
9905;450714.04;4792908.73;299.82
9909;450290.78;4792419.19;371.94
42680;450329.35;4793079.47;260.37
42681;450402.04;4793054.71;263.13
75465;450684.31;4793063.8;294.51
75468;450790.2;4793093.54;300.41
75471;450058.22;4793535.94;270.71
75474;450086.19;4793160.06;272.1
42713;450608.23;4792538.47;303.14
9946;450708.26;4792469.05;298.94
75482;450463.66;4792906.99;297.32
42723;450637.49;4792965.63;270.4
9963;450408.44;4792860.46;263.44
42740;450385.19;4793153.98;271.31
75516;450227.7;4793209.29;267.26
9982;450336.73;4793922.28;326.92
42756;450780.04;4793254.27;265.28
75525;451296.21;4793639.96;383.1
42767;449469.42;4793387.55;337.73
42778;450981.24;4793120.89;294.32
75549;450245.27;4793437.06;324.83
75554;451237.96;4793415.73;273.91
10020;450171.16;4793175.61;268.99
42791;451158.57;4793417.65;273.2
10029;450913.42;4793177.29;263.14
75572;450659.01;4792903.35;288.7
42846;450630.2;4792500.48;343.46
42853;450302.12;4792961.1;275.53
75635;450961.6;4792902.15;299.37
42876;449662.63;4793564.14;364.9
10112;450650.19;4792697.82;305.78
10124;449993.32;4793430.55;360.87
75661;450675.48;4792580.93;306.11
10128;451210.2;4793481.42;275.48
75684;450683.28;4792946.28;303.74
42916;450658.3;4792900.38;289.19
42923;449745.53;4793646.22;335.1
75709;451121.03;4793559.85;283.36
42943;450706.99;4792909.23;295.58
10182;450901.24;4793009.64;293.89
75721;450862.91;4793175.6;262.83
75728;450989.94;4792812.47;331.24
75733;451002.37;4792869.59;328.92
42969;450532.86;4792762.62;300.08
10202;450425.31;4792757.59;306.44
10206;450870.0;4793154.51;309.59
42977;450660.55;4792903.41;295.18
42978;450739.7;4792407.66;302.44
42989;450699.61;4793102.59;258.14
10224;450649.84;4792575.89;330.82
10228;449904.39;4793007.11;267.18
75767;450709.34;4792905.86;297.01
43001;450748.7;4793162.9;302.29
43003;450889.76;4793032.49;328.52
43008;449926.29;4793007.44;257.98
75778;450697.39;4793181.13;273.27
75780;450720.32;4792910.24;300.95
43017;450433.73;4792903.37;298.43
43023;450226.63;4792708.21;310.4
10263;450808.92;4792739.19;305.01
43034;450716.12;4793191.3;307.99
75806;451314.51;4793618.2;384.6
75811;450749.53;4792612.06;339.85
43055;450239.99;4793203.45;266.51
10295;450421.12;4793359.0;264.13
43063;450286.37;4794032.52;315.09
43079;450804.98;4792762.79;313.88
10317;450349.65;4793876.21;310.94
43086;450413.86;4793294.55;261.82
43113;450306.59;4793576.82;269.93
75882;450751.54;4792629.86;311.07
43119;451123.08;4793408.49;267.83
43121;450715.64;4793058.26;304.35
10355;450476.97;4792509.49;303.19
10370;450630.35;4792931.43;296.49
10391;450757.02;4792465.55;309.79
75930;450420.4;4793353.52;264.12
43172;449703.34;4793465.31;302.89
10406;450719.3;4792918.08;293.52
43176;449601.54;4793467.97;327.93
75947;450795.15;4793139.03;300.48
10413;450951.19;4792827.45;319.04
10414;450645.96;4792563.07;307.15
75954;450721.18;4792865.28;277.86
10428;450990.23;4792813.2;336.2
10433;450590.62;4793737.09;317.97
43211;450735.04;4792421.61;306.6
75984;450736.91;4792898.77;298.39
10454;450682.46;4792644.33;303.34
43222;449924.25;4793020.61;248.13
76006;451194.33;4793543.98;287.38
43239;450695.85;4792923.11;297.84
43242;450197.33;4792981.49;273.09
10478;450674.04;4792892.59;290.25
76014;450476.19;4793384.96;266.82
10484;450345.74;4793903.74;311.49
43255;451280.24;4793400.55;274.44
43259;451302.56;4793359.92;277.07
76029;450350.26;4794017.35;321.72
10501;450699.09;4793179.64;275.94
76039;450705.74;4793173.12;320.65
10511;450932.22;4792873.47;288.35
76049;450360.73;4793141.04;255.53
10518;451235.48;4793433.6;273.78
10523;451305.06;4793343.68;277.77
10538;450053.31;4793459.64;342.31
76092;450805.6;4792537.34;298.63
76101;449891.94;4793295.55;282.08
10566;450647.29;4792636.04;300.34
76108;450617.15;4792917.56;300.07
10572;450335.22;4794018.56;316.97
43347;449814.76;4793021.37;258.34
43354;450495.74;4792524.74;303.26
10599;451093.45;4793415.38;265.83
10605;450490.14;4793383.65;278.68
76147;450666.49;4792903.64;295.92
76148;450334.09;4793125.04;256.55
43387;450547.58;4793030.34;255.31
10630;450252.22;4792968.39;277.72
76170;450426.69;4792489.94;394.64
76178;450778.29;4792746.18;299.82
10646;450831.17;4793145.36;308.9
10648;450326.93;4793979.61;308.52
10661;450036.96;4793568.54;270.05
43430;449973.55;4793381.29;296.4
10673;450234.7;4794017.27;326.56
76222;451294.15;4793378.05;277.59
43461;451316.14;4793630.69;381.86
76234;450706.53;4792606.56;369.7
76240;449886.75;4793275.46;285.75
43480;449901.98;4793438.84;283.79
76259;450798.34;4792536.94;297.98
43492;450344.37;4792915.47;277.65
10725;450903.19;4792815.03;294.33
43493;450658.93;4792902.77;288.63
43505;449781.65;4793026.45;254.71
76292;451234.82;4793416.0;273.66
43530;450738.82;4792895.44;299.25
76299;449899.06;4793442.9;283.79
76309;450244.05;4792409.44;385.29
43543;450749.39;4792795.93;306.52
10776;450681.8;4792943.31;288.75
10780;450070.71;4792441.54;382.85
43550;450374.5;4792447.83;398.4
43553;449489.61;4793378.69;326.23
10791;450227.43;4793056.79;249.72
76336;449642.26;4793471.63;309.16
76337;450581.6;4792946.08;258.72
76340;450859.73;4793025.52;331.65
10804;449686.62;4793438.56;305.42
76342;450890.58;4793040.15;309.96
43586;450973.54;4793090.63;285.58
43596;450645.38;4792600.12;330.34
10838;450682.23;4792914.3;294.76
43609;450955.2;4793028.47;294.89
76382;449883.32;4793234.66;272.01
43617;449955.27;4793401.19;321.71
76388;450944.07;4792862.84;296.86
43633;450798.5;4793148.19;334.03
76401;449508.69;4793385.91;324.55
76404;450725.95;4792808.64;328.7
10874;450252.15;4793988.31;327.32
76412;449712.21;4793476.82;301.21
43645;450701.65;4793179.55;277.01
76425;450685.37;4792915.89;296.71
10894;449341.07;4793287.06;355.36
10895;450953.98;4792872.66;297.22
43664;450583.46;4793193.85;295.92
10900;449628.86;4793479.05;311.37
43672;450021.38;4793562.54;269.38
43676;450865.02;4793035.05;329.57
10911;450471.58;4792908.9;297.59
76463;450708.82;4792903.3;300.53
76470;450656.84;4792893.59;289.96
43705;450375.63;4793148.41;272.08
43707;450712.38;4792897.32;303.49
76481;450200.55;4793537.86;327.35
10958;450784.41;4792749.68;299.37
76500;450881.3;4793157.1;312.98
76503;450700.48;4792928.31;283.81
10973;450703.0;4792904.08;300.94
43743;450698.15;4792636.45;305.23
10992;450700.38;4792928.27;285.15
10998;450928.18;4793189.56;265.82
76534;450705.07;4792909.68;298.01
76544;451273.81;4793662.81;386.78
76554;450704.74;4792912.14;300.11
43795;450657.41;4792896.61;290.61
43801;450074.16;4793049.65;248.45
76571;451178.0;4793513.25;279.2
11039;450709.3;4793179.08;326.75
43825;450751.84;4792732.38;296.64
43832;450663.41;4793746.48;315.77
43838;450703.09;4792483.45;298.43
11082;450955.19;4793198.3;295.5
11093;450988.56;4793043.98;290.45
76634;450181.53;4794018.61;324.55
11108;450141.94;4792845.58;304.8
11127;451121.01;4793560.26;279.79
43909;450127.75;4792663.69;311.42
11159;450935.04;4792817.21;311.19
43932;450702.58;4792925.99;288.07
11166;450903.02;4793045.09;310.75
43941;450915.86;4793014.13;300.99
43948;450664.94;4792905.9;295.01
76721;450806.33;4792514.71;302.42
11186;450431.32;4793449.68;276.87
76731;450454.0;4793042.25;253.55
11198;451040.12;4793357.43;265.83
11200;450323.54;4793983.7;308.49
76738;450759.39;4792803.37;290.8
43972;450479.04;4793422.16;360.71
76762;450637.0;4792542.17;331.35
11231;450616.29;4792982.69;258.5
11233;450738.75;4792419.21;306.37
76777;450657.82;4792906.87;295.66
76792;450940.61;4792838.85;309.52
76798;450696.09;4792837.95;281.75
76803;451106.23;4793118.26;310.09
76811;450702.24;4793177.2;278.07
44057;451259.32;4793412.69;273.88
44069;450215.36;4792413.62;381.54
11307;450430.52;4793050.74;261.6
44077;449899.93;4793313.48;274.54
44078;450233.87;4792413.95;381.9
76854;451186.72;4793507.54;280.24
76866;450433.04;4793436.83;276.57
11333;449981.31;4793024.85;264.99
44110;450866.3;4793178.51;328.95
44111;450193.82;4794041.77;329.04
44115;450870.86;4793165.51;317.0
76893;450045.94;4792652.78;317.1
44132;449887.54;4793036.04;246.87
11366;450377.74;4793852.81;313.49
44143;450743.1;4793139.98;257.44
44150;450687.06;4793189.78;263.59
11400;451272.14;4793583.99;327.39
11401;450423.96;4793060.32;257.17
11411;450716.09;4792909.71;300.55
76951;451312.8;4793326.97;276.08
44184;449691.37;4793699.28;339.99
11417;450689.18;4792592.4;369.65
76967;450921.82;4793074.98;295.36
11433;450354.33;4793789.04;294.2
76971;450655.83;4792586.48;329.96
76984;450866.28;4793181.6;295.33
11449;449930.61;4793028.15;258.03
76996;450836.09;4793150.79;301.09
44234;450648.03;4792625.04;301.97
44242;449836.21;4793032.43;272.0
11495;450778.84;4793171.97;296.71
44272;450887.57;4793160.42;313.35
11523;450902.03;4793005.88;300.61
11544;450431.14;4793446.09;276.62
11547;450400.44;4793060.56;261.12
11565;449839.6;4793041.52;249.34
77112;450406.11;4793059.57;254.03
44360;449745.92;4793495.03;335.91
77135;450689.87;4792914.43;296.16
77144;450891.12;4793034.58;328.94
77147;450558.74;4793036.51;255.31
77158;450848.24;4792801.23;295.03
44390;450483.54;4792509.81;304.86
44393;449799.89;4793148.17;270.97
44400;450704.32;4792930.95;293.06
11633;450680.72;4792736.76;303.48
44405;450218.18;4792970.63;277.66
44410;450956.85;4793183.31;266.08
44436;450333.32;4793849.83;287.11
77208;451315.31;4793325.82;276.54
11674;450755.35;4792978.55;293.35
11683;450556.5;4792693.83;302.82
77221;450718.22;4792916.55;295.36
44458;450393.29;4793221.95;272.07
77236;449594.37;4793462.64;328.96
11701;450672.12;4792583.61;369.9
11703;450716.51;4792895.1;308.64
77249;450953.76;4793022.24;294.66
11716;450677.02;4792735.28;303.13
77252;450946.8;4792842.63;307.01
11718;450605.06;4792918.44;300.63
11724;450710.13;4793180.83;335.57
11728;450500.0;4792495.24;371.59
77276;449339.84;4793324.53;352.02
44510;450706.07;4793175.95;283.06
11742;450657.61;4792896.62;290.62
77294;450754.03;4793505.0;262.85
77297;450636.34;4792543.86;332.05
11765;451217.94;4793420.68;270.21
11770;450709.77;4792741.08;284.94
77317;450688.56;4793097.22;257.49
77319;450105.0;4794063.79;327.07
77320;450752.01;4792473.12;307.36
77326;450797.88;4793142.78;298.47
44558;450656.33;4792891.83;290.42
77328;450719.59;4792919.71;292.97
11794;450317.51;4793935.73;317.42
44570;450299.04;4792995.16;272.34
11813;450796.23;4792600.51;304.72
77350;450720.06;4792614.71;370.29
11863;451310.23;4793636.34;382.52
77403;450978.04;4793126.13;326.37
77421;450744.74;4792366.61;309.95
11887;450655.8;4792601.06;330.3
11893;450792.64;4793150.03;339.46
11901;450695.84;4793052.51;271.36
77440;450173.27;4792973.48;275.28
77443;450545.33;4792699.17;298.8
77455;450662.06;4792579.96;368.2
44688;450672.81;4792646.95;308.5
44695;450363.13;4793125.87;256.82
11933;450837.41;4792790.8;299.38
11941;450857.61;4793299.63;264.35
11943;450928.99;4792823.52;321.91
44718;450626.36;4792967.09;292.34
44719;451306.8;4793337.69;276.0
11963;450198.13;4792694.78;298.27
11967;450605.17;4792904.13;297.19
11968;450721.63;4792862.44;278.21
77507;450935.67;4793134.39;326.97
11980;451171.62;4793524.84;278.95
11986;450419.85;4793175.31;275.52
11993;450390.7;4793047.26;265.11
77531;450421.19;4793379.69;264.49
44772;450931.3;4793179.33;263.45
77544;450666.19;4792609.6;332.92
77554;450760.54;4792643.4;291.86
12025;451189.95;4793505.65;278.18
12032;450699.9;4792900.56;299.99
77569;450961.93;4793183.26;264.34
77583;450200.26;4792864.7;305.02
12049;450959.01;4793344.47;265.83
12064;450649.87;4792585.45;328.89
44833;450180.31;4792438.78;361.44
12073;450310.05;4793459.59;323.06
77623;450236.33;4792410.19;384.62
44865;450264.42;4792875.31;303.92
44869;450005.83;4793014.1;268.21
77642;450862.68;4793185.96;329.52
77647;450659.53;4792892.23;289.38
12120;450294.15;4794005.09;308.65
77659;450484.72;4792496.37;369.92
77665;450754.25;4792821.6;285.06
12134;451293.77;4793376.29;276.48
44903;450686.73;4793190.23;263.86
77675;450795.4;4793149.1;337.02
12145;450586.0;4792740.56;304.04
44917;450362.13;4793129.96;258.11
12153;449979.91;4793525.65;337.14
44954;450949.31;4792868.06;296.47
12186;451302.21;4793346.25;276.45
77746;449394.3;4793301.81;346.47
12214;450696.26;4792908.77;300.9
44989;450668.22;4792949.5;293.43
44995;450151.25;4792658.58;312.98
77766;450692.69;4793187.61;274.39
12232;450609.65;4793042.27;256.28
12239;450707.84;4792918.24;290.5
77778;450657.45;4793056.24;305.0
45024;450690.55;4792918.68;298.09
45025;451318.86;4793630.61;383.16
12262;450268.56;4793063.82;252.11
45033;450612.07;4792543.02;307.75
12270;450867.06;4793170.45;319.24
12274;450462.09;4793345.62;264.11
45049;450930.31;4792865.63;289.05
45051;450703.43;4792903.57;308.94
77832;450700.34;4792921.36;295.21
45071;450076.17;4792970.87;276.74
45075;451296.23;4793300.75;275.55
45076;450703.76;4792906.29;300.22
77847;451280.84;4793401.09;274.42
12311;451310.02;4793333.4;276.08
45081;451182.15;4793415.11;272.59
77856;450701.0;4792930.63;293.3
12322;450710.77;4792915.55;292.06
12325;450688.71;4793186.15;264.24
45100;450686.3;4793187.95;262.87
77872;450580.76;4792493.24;354.96
77873;450696.05;4793189.33;274.76
45105;450708.9;4792903.54;301.99
45109;450720.62;4792696.24;288.89
77892;449507.31;4793395.17;336.22
45129;450308.07;4792889.38;302.15
77901;450738.51;4792488.23;301.08
77914;450705.14;4792924.53;289.06
45150;449898.75;4793310.47;273.87
12383;450666.53;4792903.95;295.81
12396;451277.56;4793403.13;273.81
12399;450058.54;4792661.12;309.39
45168;449879.12;4793215.07;271.12
45174;450430.23;4793529.32;329.11
12406;450176.14;4794029.33;324.55
45176;451163.52;4793533.86;278.78
45177;450720.55;4793177.82;323.34
77948;450595.2;4792912.83;293.98
45194;450387.57;4793069.32;253.89
77968;450766.65;4792844.62;284.83
77969;450665.46;4792908.31;295.65
12435;450656.87;4792899.67;296.03
77982;450694.21;4792948.2;303.74
78002;450385.22;4792442.64;368.02
78005;451302.33;4793308.56;276.53
78013;450684.23;4792860.35;279.62
12481;450615.82;4792558.61;327.56
78024;450710.83;4792949.57;292.88
45262;450092.3;4792642.78;315.13
45267;450932.83;4793098.52;296.27
78040;449768.42;4793572.1;362.98
45277;450670.85;4792616.68;363.8
45294;450705.45;4793173.11;283.6
12529;450606.66;4792912.71;300.49
45303;450694.3;4792965.16;291.46
78073;451010.01;4793357.91;265.83
78076;450630.1;4792577.49;333.1
45309;450716.54;4792909.46;300.59
12545;450707.8;4792711.7;301.02
12551;449607.49;4793470.79;314.23
78090;451275.06;4793400.71;273.39
78104;451201.76;4793493.62;276.97
78105;450524.73;4792516.14;370.39
45337;450798.07;4793203.13;259.47
78107;451298.64;4793305.15;276.39
78109;450302.47;4793619.65;271.6
78116;450348.17;4793911.84;307.14
78120;449964.32;4793388.65;273.59
45353;450408.72;4793059.38;258.6
45361;450353.16;4793934.02;336.26
78135;451152.75;4793536.31;279.54
78143;450234.62;4793557.17;332.75
45380;451314.31;4793614.92;384.56
45383;450735.73;4792652.48;305.03
78153;450699.88;4792481.24;298.43
78160;450658.36;4792904.55;295.88
45394;451312.48;4793621.24;382.31
12644;450692.72;4792576.21;322.45
45425;450620.53;4792709.42;302.03
78212;450704.96;4792930.58;292.64
78223;450516.06;4792499.89;327.05
12689;450186.69;4793270.12;268.4
45466;450503.74;4792563.29;303.89
78242;450234.78;4792416.25;378.62
12708;450710.47;4792927.54;290.95
78252;451307.92;4793633.92;382.5
45491;450422.52;4793298.51;261.96
45494;450698.51;4793180.49;271.62
78269;450087.66;4793560.86;270.54
45505;450660.59;4792720.2;304.76
45522;450695.61;4793183.55;274.3
78291;450149.52;4793368.04;326.34
12767;449400.84;4793383.96;339.71
45537;450602.44;4792913.86;298.76
45544;450102.67;4792971.32;275.22
78312;449845.26;4793051.41;240.1
45555;450514.34;4792523.0;305.92
45560;450332.8;4793085.12;254.89
78335;450728.98;4793186.46;307.33
45575;450963.87;4792843.19;308.54
12807;450843.16;4793285.21;263.82
12825;450795.2;4792761.31;306.22
45602;450658.17;4792907.23;293.52
12835;450902.48;4792997.57;302.33
78370;450686.77;4793190.14;264.77
78371;449707.77;4793678.58;337.5
12838;450254.58;4792415.08;379.13
12842;450346.39;4793902.06;295.5
12847;450939.13;4792850.09;299.77
12850;450380.3;4793846.83;313.44
12856;449983.15;4793503.89;337.66
78394;450411.73;4792902.88;299.08
78403;450821.66;4792746.27;302.7
45640;449335.39;4793279.9;362.52
12874;451313.29;4793328.14;276.37
45648;450722.71;4792600.71;370.93
12882;450711.18;4793178.85;334.69
78420;450602.31;4792929.16;297.47
12892;449882.96;4793326.2;274.2
78443;450757.61;4792798.32;300.41
12909;449881.89;4793228.16;271.76
45681;450444.45;4792762.45;306.27
12914;449646.29;4793614.18;337.55
78463;450165.62;4792972.94;275.78
78464;450945.41;4793032.21;294.66
78465;449940.76;4793002.4;251.27
78469;449607.71;4793469.18;314.06
78470;450817.42;4792545.53;298.42
78471;450656.25;4792912.03;295.85
12933;450359.82;4793856.83;316.14
45705;450341.48;4793903.27;323.54
45709;450250.18;4793470.88;325.49
78486;450683.66;4792755.47;306.02
78489;450628.04;4792558.59;372.68
12953;450407.49;4793511.72;332.31
45731;450222.13;4793443.23;324.85
78502;450562.89;4792603.16;304.68
12981;449990.41;4793143.72;270.63
12983;450352.76;4793860.17;303.87
78527;451148.02;4793536.25;279.66
45759;450324.44;4793559.69;332.36
78532;450849.88;4793280.04;264.6
78540;449886.99;4793382.57;281.35
45774;450710.33;4792608.92;369.66
13006;450400.91;4793249.54;266.07
78548;450718.94;4793184.8;337.11
45802;449828.22;4793083.33;233.1
45803;450720.54;4792918.33;292.62
45808;450759.14;4792801.99;290.82
78579;450489.12;4792487.5;372.5
13066;450352.66;4793857.83;303.37
13072;450869.84;4792813.25;294.21
45840;450814.42;4792561.84;297.94
13075;450405.75;4793058.7;262.59
45843;450404.86;4793256.81;263.26
78613;450657.73;4792905.41;295.32
78614;449517.02;4793359.79;336.31
78620;450807.84;4792665.06;292.77
78622;450450.88;4792763.58;306.49
78624;450178.43;4793560.46;328.52
13090;450470.5;4793542.07;353.42
13101;451124.02;4793558.51;280.65
13102;450940.47;4793039.7;298.02
78641;449914.02;4793417.97;358.73
78642;450328.76;4792430.64;373.04
13107;450299.49;4792992.99;273.11
13110;449956.63;4793397.9;356.4
13134;450658.87;4793076.5;256.9
78671;450345.69;4793900.27;294.95
78672;450729.88;4792385.08;302.7
78678;450828.02;4792811.58;293.47
13145;450855.73;4792734.14;309.61
13146;450841.33;4793003.36;336.01
45914;451128.68;4793554.41;280.55
45920;450748.74;4792851.61;280.17
78702;450986.89;4793124.68;325.74
45940;450001.33;4793017.05;263.34
78715;450950.67;4792819.45;323.98
45950;450489.71;4793385.44;276.82
13187;450783.51;4792701.7;304.62
45956;450687.6;4792755.75;305.4
45957;450141.58;4792970.93;275.33
13194;450716.92;4792635.77;368.02
78738;450889.94;4793021.56;327.45
13215;450710.89;4792910.46;296.56
46003;450660.46;4792905.49;288.29
46009;450606.77;4792883.41;298.55
46020;450683.61;4792939.73;283.92
78803;450902.39;4793023.82;326.92
78804;450711.47;4792906.17;314.9
46060;449670.95;4793400.63;310.1
13308;449685.98;4793430.99;306.09
78848;450793.03;4793206.77;260.92
13332;449802.82;4793076.85;240.29
46102;449880.29;4793210.99;270.45
13338;449775.23;4793632.98;334.67
78877;450372.27;4792751.26;307.81
46110;449513.05;4793350.18;336.49
46126;451315.87;4793625.12;380.93
13370;450753.62;4792801.87;303.02
46138;450686.11;4793188.12;263.79
78918;451296.74;4793609.15;357.07
78920;450700.31;4792928.61;293.58
46156;450767.67;4793163.57;259.07
78933;450970.72;4793144.59;326.83
78934;450936.02;4792846.39;298.48
78937;449969.74;4793384.9;294.82
13424;450824.74;4792753.86;303.24
78971;450127.75;4792841.48;306.23
78980;450727.56;4792742.19;308.18
78984;450681.02;4793066.36;301.77
46217;449887.74;4793036.35;246.85
13456;450887.34;4793047.72;328.71
78996;450681.77;4792912.39;295.33
78999;450622.96;4792574.47;328.69
13465;451311.75;4793636.43;382.3
46235;449909.6;4793377.99;283.01
13469;450521.97;4792812.75;304.06
13479;450334.22;4793494.76;266.47
46250;450418.28;4793301.07;261.99
13485;450679.97;4792743.06;321.13
13486;450659.58;4792892.19;289.7
13490;450705.77;4792968.69;293.05
79040;450994.87;4792814.49;351.58
46274;449947.81;4793013.42;248.42
79057;451312.33;4793599.7;376.66
13522;450682.3;4792615.86;304.54
13529;450014.42;4793462.24;366.65
13534;450907.33;4793340.65;264.69
46303;450719.63;4792654.13;370.0
79075;449838.87;4793040.71;244.43
79080;450637.22;4792560.19;336.87
46328;450710.83;4792905.15;298.4
79101;450686.78;4792636.45;303.01
79103;450439.88;4793315.5;263.14
79104;451331.43;4793620.35;383.95
46337;449770.94;4793569.97;394.0
46341;450703.31;4792930.63;292.76
46346;450105.96;4793582.29;330.78
13579;450832.17;4792758.77;300.43
46354;450482.31;4792535.76;303.61
46360;450407.77;4793513.75;328.88
79130;450422.11;4793509.59;344.72
13597;450655.9;4792908.7;293.25
13600;449686.43;4793673.38;339.93
46371;450712.43;4792899.86;303.63
79150;450907.94;4792809.99;295.49
79161;449913.11;4793382.94;282.56
79172;450546.93;4792768.67;301.69
13644;450698.19;4792914.16;300.45
46421;450900.23;4793387.79;261.87
79193;450691.58;4792922.82;301.18
13659;450396.26;4793160.52;268.57
79196;450737.24;4792655.4;305.93
79213;449345.58;4793291.73;346.07
79216;450881.77;4793155.22;310.68
46455;450549.95;4793721.86;321.43
79234;450639.17;4792973.01;272.7
13699;449917.79;4793027.35;257.55
46475;450722.41;4793187.22;299.1
79250;450702.99;4792903.99;301.36
79269;450047.86;4792979.57;275.52
46506;449828.02;4793499.29;317.5
46508;450990.23;4792813.2;331.2
13745;450401.42;4793571.08;335.37
46514;450465.59;4793344.54;263.4
13749;450925.62;4792808.48;295.8
46518;449729.12;4793477.24;300.05
46527;450680.53;4792558.92;303.17
13780;450145.77;4792971.13;275.55
46555;449893.92;4793299.26;272.8
46565;450316.59;4793124.71;256.33
79339;450602.43;4792917.07;298.11
79348;450700.54;4792926.45;285.26
46580;449783.25;4793605.9;332.35
13839;450720.6;4792713.19;289.92
79380;450772.05;4792606.59;304.17
79382;450772.68;4792501.05;304.18
79390;450746.88;4792648.72;290.51
46625;450715.31;4792895.36;307.56
79396;450770.05;4793205.03;316.92
46635;450488.71;4793378.06;282.07
13877;449813.12;4793148.53;270.08
79425;450721.99;4792909.08;297.97
13903;450098.55;4794085.99;332.39
13904;450705.31;4792924.67;289.04
13905;450700.03;4792900.87;300.05
79449;450071.69;4793567.19;271.33
46687;450015.72;4792401.41;412.45
46689;450962.6;4793244.55;294.77
79461;451009.73;4793137.56;341.75
46694;450782.24;4792699.53;304.79
13932;450753.62;4792801.87;307.12
79468;450684.77;4793187.0;264.07
79473;449882.91;4793225.33;271.55
13938;449660.48;4793562.53;336.14
13953;450330.8;4792921.93;279.84
46722;451172.46;4793520.0;279.26
79493;449890.33;4793290.41;284.95
13959;450841.33;4792758.02;303.48
79517;450682.09;4792732.62;304.89
79519;450834.8;4793160.34;291.66
46752;450720.16;4792494.93;302.41
13983;450704.97;4792907.1;300.17
46751;450339.99;4793702.25;271.06
13995;449611.5;4793354.55;312.26
46770;450340.13;4793534.42;272.18
79541;450668.36;4792729.99;334.43
14006;451305.47;4793343.89;277.43
46792;450137.26;4792842.32;305.23
79561;449878.49;4793388.51;276.78
46802;450702.36;4793167.99;337.19
46803;450443.75;4793320.54;263.95
79578;450684.2;4792868.23;278.34
46812;450720.42;4792909.72;299.7
79583;450619.88;4792923.18;304.92
14053;450703.8;4793721.86;314.92
14055;449736.65;4793484.07;299.36
46828;450691.01;4792893.34;277.46
14067;450649.22;4792959.73;292.69
14069;449953.23;4793400.67;299.68
79611;450336.13;4793516.59;293.55
46845;449876.79;4793199.42;270.32
79614;450695.4;4792717.3;302.61
14105;450683.26;4792940.71;292.06
79644;449852.33;4793201.62;269.6
46880;450850.34;4792616.64;294.99
79652;450494.38;4792771.96;305.18
46886;449737.41;4793660.5;335.32
46890;450664.39;4792906.61;295.63
14125;451300.92;4793641.07;383.67
46898;449693.67;4793705.45;340.53
79673;450332.52;4793084.38;255.82
46906;450723.1;4792668.35;291.55
46905;451300.0;4793366.95;276.79
14146;450712.7;4792924.85;292.05
14151;451215.59;4793480.51;274.95
79688;450989.61;4793360.54;265.83
14158;450436.12;4793476.48;358.64
14159;451277.37;4793402.47;274.65
14162;450788.47;4793404.16;259.92
14170;449956.29;4793400.65;360.82
14181;451005.09;4792871.63;328.92
46950;450723.2;4792676.04;291.47
79722;450178.84;4792975.15;274.96
46964;450706.16;4792935.76;292.37
46969;449799.19;4793611.28;325.56
46972;450233.84;4792983.9;274.42
46980;449804.46;4793028.86;269.53
79758;450545.64;4792727.58;302.32
46991;450160.34;4794031.77;325.72
46999;449866.26;4793180.1;270.46
14234;450704.57;4793166.84;337.05
14240;450362.32;4792886.29;280.59
79789;450776.02;4793115.62;332.47
14258;450359.11;4793112.16;260.46
47035;450663.45;4792891.54;290.08
14272;450111.31;4792656.07;311.39
14275;450636.03;4792700.38;305.72
79811;450688.06;4793186.14;264.29
47047;449583.25;4793450.82;333.28
79817;450746.44;4792826.92;281.72
47053;450658.75;4792902.93;289.14
79843;450640.83;4792565.7;331.85
79844;451228.67;4793418.85;271.81
79848;449401.17;4793281.94;352.5
47102;450338.93;4793095.87;254.06
14341;450501.09;4792557.34;304.53
14344;450801.96;4793113.69;331.64
14347;450724.03;4792656.05;294.67
47118;450703.78;4793173.72;313.83
79890;450716.16;4792612.26;369.25
14358;451310.15;4793600.94;383.9
14374;450704.3;4792906.21;301.7
79911;450725.79;4793181.33;328.78
47144;450479.79;4792464.6;307.84
14378;450678.36;4792952.98;306.21
47162;450642.44;4792563.78;365.7
47174;450101.44;4792834.65;307.42
47179;450705.8;4792912.26;297.92
47180;450310.86;4792950.41;276.4
47195;450085.96;4793357.4;269.09
47200;450703.46;4793175.85;281.76
47227;450801.41;4792666.62;307.36
79997;450697.65;4793181.46;275.6
80017;451118.81;4793561.88;281.43
47260;450015.97;4792996.69;271.36
47266;451284.96;4793388.43;276.84
14503;451284.35;4793399.27;275.55
80040;450928.66;4792855.22;293.04
80044;450418.75;4792754.06;306.44
47276;450021.4;4793154.39;270.76
47281;450756.55;4792432.16;306.4
47282;450495.65;4792490.73;372.27
14524;450921.4;4792830.16;305.73
14525;450622.82;4792531.33;335.17
14527;450698.51;4792901.13;301.22
80083;450769.12;4793197.43;298.9
80084;450635.14;4792501.3;358.74
14549;450963.19;4792987.66;297.75
47317;450603.72;4792909.93;300.64
14551;450150.5;4793166.31;269.04
47320;449669.64;4793559.93;332.04
80089;451152.06;4793421.24;271.46
47328;450368.84;4792756.31;309.07
47336;450224.51;4793997.32;322.36
80121;450992.6;4793122.85;325.53
80124;450139.92;4793554.5;329.14
14596;451120.9;4793559.75;279.21
80135;450351.55;4793021.2;269.85
14599;450384.75;4793150.29;265.82
47377;450751.08;4792633.13;308.85
14609;450812.24;4792841.18;287.1
47393;451310.1;4793616.89;384.44
47398;450746.36;4792475.13;305.66
80169;450638.2;4792934.93;296.19
80170;451183.95;4793521.77;280.78
80183;450841.31;4792826.07;289.58
14650;451261.52;4793416.42;273.47
47423;450995.44;4792814.03;300.14
14659;450509.97;4792508.49;371.89
80198;450788.25;4792661.91;292.0
47439;451308.15;4793599.44;380.28
80213;450782.65;4792700.37;305.03
14688;449653.0;4793626.57;336.62
80224;450584.63;4793746.15;318.08
47458;450662.72;4792892.93;277.5
14692;449770.19;4793500.31;295.17
14693;450450.17;4792471.59;362.24
47463;450711.27;4792902.88;298.61
47467;450803.01;4793150.52;334.37
80240;450253.68;4793062.63;252.57
80257;451301.31;4793367.99;277.42
14729;450709.3;4792914.07;298.6
47513;450728.84;4792905.48;296.1
80286;450381.68;4793579.59;334.99
80290;450700.72;4792907.51;298.48
14764;450132.4;4792665.14;309.24
80302;450802.43;4792552.36;297.77
14769;451186.64;4793507.58;278.89
47540;450802.3;4792519.77;300.69
80313;450848.45;4793020.72;332.32
80321;451287.59;4793644.05;383.69
80324;450810.45;4792832.18;287.76
14789;450964.08;4792941.95;301.99
80332;450705.63;4792935.59;291.9
80341;450654.44;4792910.21;293.69
14811;450692.35;4792891.36;277.71
80351;451296.93;4793381.27;279.79
47584;449676.44;4793437.35;306.41
80363;449889.01;4793264.23;272.93
14830;450691.18;4792904.41;301.38
80370;450620.21;4792930.89;297.2
47619;449652.78;4793623.78;336.61
47628;451172.32;4793525.38;279.26
80414;450786.15;4793162.58;332.91
14891;450705.91;4792969.66;290.78
80435;450815.55;4792834.61;286.73
14901;450498.31;4792516.09;306.6
14903;450721.92;4792702.21;289.24
47672;451285.28;4793388.85;275.51
47673;450705.88;4793173.79;283.35
47676;450439.6;4793442.07;278.59
14909;450227.25;4792868.25;304.74
47677;450422.39;4793824.5;315.66
47684;450778.94;4792510.67;306.08
14917;451258.9;4793416.28;274.65
47687;450556.49;4792696.86;298.49
14920;450709.92;4792733.73;285.07
80459;450164.74;4792449.36;358.9
47691;450714.56;4792924.43;292.22
80470;450712.2;4792647.4;302.73
80482;450167.77;4792654.51;313.78
14949;450168.23;4793305.39;267.98
80491;450351.43;4793868.91;313.68
80503;450566.82;4792538.95;369.12
14968;450746.05;4792762.51;307.05
14975;450707.79;4792773.53;283.55
80537;450002.99;4793394.53;370.91
80539;450674.57;4792694.72;310.63
47771;450720.87;4792648.96;370.19
80542;449340.14;4793294.32;355.27
80545;449880.55;4793587.22;333.06
15013;450348.84;4793514.06;313.02
47795;449886.35;4793372.75;277.74
15034;451293.84;4793376.31;277.13
47804;450687.83;4793186.29;261.9
47819;451118.7;4793561.9;279.98
80603;450720.34;4792910.08;298.32
80604;451135.14;4793547.57;279.08
80621;450847.08;4792609.04;295.07
15103;450345.32;4793552.14;333.41
47873;450655.44;4792910.75;295.61
80664;450249.13;4793070.77;252.07
15130;451144.87;4793541.41;279.31
15132;450767.99;4792845.91;285.3
15133;450850.72;4792746.98;305.06
47906;450430.39;4793300.46;261.88
47912;450308.93;4792746.17;310.76
80684;449877.76;4793399.48;277.71
47919;450436.53;4793176.46;272.54
47922;450507.39;4792521.53;306.05
15172;450682.43;4792950.15;310.05
80708;450252.0;4793207.67;268.53
47948;450707.62;4792902.06;302.09
15184;450703.11;4792927.2;287.92
80723;450259.81;4793981.09;332.0
15192;450625.7;4792533.88;330.13
15193;450525.97;4792670.5;299.31
15203;450691.18;4792921.83;300.17
15204;451300.99;4793353.13;276.09
80742;450831.33;4792830.06;289.69
80748;450831.78;4793149.67;297.95
80752;450738.97;4792855.19;279.64
80761;451184.21;4793510.03;278.77
47999;450632.85;4792558.82;371.95
80769;450624.64;4792567.09;369.54
80784;451304.01;4793315.85;275.38
15253;451142.78;4793413.73;271.79
15255;450388.15;4793198.93;260.65
15270;450170.76;4792978.06;274.39
15271;450075.88;4792825.47;308.72
80809;450695.11;4792912.88;299.27
15283;450174.79;4792849.0;306.61
48052;450718.97;4792629.15;368.84
15297;451286.77;4793385.99;273.75
48067;450022.37;4793033.78;254.94
48070;450545.87;4792803.11;303.98
80841;451100.71;4793129.36;314.29
48083;450969.05;4792827.15;311.33
48088;450312.11;4793938.25;318.0
15324;450271.18;4792965.31;278.46
48093;449882.96;4793301.57;269.09
15330;450694.05;4792921.78;299.53
80874;450242.23;4793057.46;252.07
80876;450284.74;4792988.72;273.78
15342;450737.12;4792896.74;299.23
80880;450663.39;4792730.59;334.43
80885;450145.94;4793358.97;334.87
15352;450628.16;4792705.11;307.52
80906;450632.36;4792549.35;301.6
48142;450999.59;4793361.13;265.83
15375;450553.13;4792927.17;293.99
15377;450845.47;4793013.78;332.95
80914;450490.37;4793392.1;265.51
48147;450688.99;4792579.95;327.04
15391;450215.51;4792704.95;303.85
15397;449927.49;4793201.33;272.52
80935;450726.73;4792726.41;289.29
80941;450483.1;4792475.64;328.84
80942;450274.08;4793185.94;265.83
15409;450293.71;4794011.16;309.18
15411;450582.36;4792937.79;293.55
48180;450757.27;4792805.67;288.96
80954;450912.51;4793042.89;327.73
15420;450704.6;4792905.81;298.12
80961;450899.37;4793040.46;310.54
48193;449869.26;4793258.34;269.41
15431;450706.66;4792500.62;301.05
80977;450802.41;4792762.17;311.51
80989;449486.46;4793380.86;326.22
80990;449892.84;4793188.15;269.02
80995;450321.7;4793002.67;272.9
15460;449869.92;4793037.32;246.71
80997;450346.92;4793138.68;255.96
81001;450689.91;4792916.17;298.52
81005;450227.48;4793473.09;326.66
48239;450939.51;4793169.1;264.67
48243;450741.81;4792745.2;307.16
81011;451258.02;4793413.25;273.75
81023;450118.7;4793581.96;330.61
81026;450438.89;4793313.63;263.28
15492;451184.21;4793510.01;279.01
81041;450700.23;4792917.71;302.86
15511;450803.93;4793238.27;262.29
48297;450879.51;4793175.93;261.77
81071;450709.22;4792930.21;288.29
81074;450694.47;4792743.35;308.86
81078;450688.13;4793185.94;264.7
48313;450658.79;4792907.75;295.54
15546;450333.37;4793004.27;270.65
48339;450078.2;4793008.79;246.76
81116;450702.6;4792907.27;299.16
15585;450799.45;4792576.96;302.98
15590;451119.26;4793561.01;279.62
81131;450695.51;4792922.08;300.14
15597;449916.09;4793417.04;298.56
48369;450887.08;4793041.52;328.71
15606;450019.33;4793440.92;373.15
81143;450654.47;4792910.24;294.65
48378;450376.23;4793473.49;265.84
48383;449614.0;4793485.29;334.49
48386;450682.61;4792915.3;294.98
81155;450428.92;4793438.54;275.53
81168;450462.42;4793038.31;253.87
15644;450340.98;4793515.61;302.06
15655;450743.55;4792628.74;321.73
81191;450819.02;4792660.38;292.77
15657;450299.8;4792982.33;273.92
81194;450688.15;4792700.67;311.03
81198;450667.74;4792909.67;294.87
81199;450684.28;4793186.99;264.26
81204;450729.18;4792904.42;298.3
81209;450701.11;4792918.02;302.84
81211;450734.43;4792664.38;302.87
48447;450794.34;4793205.05;321.17
15684;449923.96;4793197.94;272.51
15687;451132.38;4793549.57;279.16
48468;450718.72;4792468.78;303.39
48470;450764.0;4793026.22;293.32
15705;450004.19;4793460.41;271.82
15720;450337.13;4794016.93;317.42
48490;450776.2;4793119.98;302.38
15727;450827.98;4792764.1;305.12
15731;450587.83;4793717.03;317.86
15736;450091.63;4793481.34;270.15
15756;451284.01;4793402.28;276.07
81298;450552.29;4792769.35;301.6
48531;450001.0;4793443.01;361.5
81304;450515.79;4792776.33;305.57
15771;450386.92;4792760.88;306.6
81315;450320.75;4792938.1;278.97
15781;450745.0;4792722.47;292.45
48549;449876.21;4793203.32;270.65
81321;451315.63;4793627.72;384.58
81328;450469.98;4793358.69;263.01
81331;450676.34;4792629.61;303.1
81337;450888.08;4793022.38;313.88
15817;450368.39;4792457.25;394.04
81354;451173.04;4793520.3;279.27
48585;450370.58;4793854.96;313.56
48588;449924.41;4793415.43;277.79
48586;450000.43;4793346.35;363.96
15826;450357.27;4793862.79;316.76
48596;449910.02;4793404.73;283.05
15828;450348.41;4793821.62;283.08
48610;450711.48;4793161.35;342.51
48619;450695.37;4792920.59;299.39
81388;449378.77;4793323.58;344.98
48621;449344.87;4793288.51;345.96
15854;450397.96;4793172.38;263.82
15864;449400.87;4793293.27;347.22
15871;450758.93;4792829.38;285.69
48642;450700.76;4792928.45;289.46
48651;450731.46;4792637.98;290.53
81423;450061.07;4792978.97;274.28
48664;450404.48;4793514.94;320.33
48665;449973.41;4793288.62;291.71
81435;450997.6;4792878.29;327.74
48667;450711.43;4793178.7;335.82
15899;450672.13;4792969.21;292.34
48674;450691.42;4792927.89;284.26
15910;450323.13;4793084.46;251.02
15925;450383.76;4793155.34;260.32
48694;450265.84;4793546.52;331.92
81474;449737.86;4793099.06;212.29
15954;450367.13;4793514.75;320.79
48731;450668.5;4792892.7;289.83
48733;450288.52;4793551.71;331.82
15969;450698.43;4792913.8;300.59
48741;450348.08;4793758.66;270.03
81510;450732.3;4793190.34;306.98
48750;450034.84;4793564.47;270.29
48752;450807.04;4792757.57;313.91
81520;450177.82;4792683.68;296.12
48771;450846.95;4792822.77;289.52
16015;449692.64;4793678.19;337.2
48793;450178.22;4793413.25;328.2
48800;450885.6;4793033.03;328.52
48807;450455.05;4792908.82;297.32
48813;450812.72;4792560.05;298.33
48817;450304.28;4792963.39;277.73
16060;450803.41;4793151.31;334.21
48837;450712.55;4792901.2;298.96
81606;449780.36;4793033.01;251.15
16071;450874.51;4793006.94;331.8
48848;450701.67;4792913.48;302.96
16088;450242.65;4793209.37;265.44
16113;449667.79;4793548.34;332.34
81651;450766.33;4792635.98;306.28
81653;450666.77;4792898.85;296.71
81654;449645.56;4793605.43;336.42
81662;450668.0;4792554.98;302.03
81698;449889.5;4793388.94;289.2
16171;450540.6;4792700.74;300.65
48941;450679.14;4793084.28;257.49
16179;450349.19;4793102.16;260.84
16186;449693.37;4793691.56;339.29
81730;449341.95;4793345.81;350.15
81731;451303.0;4793346.8;276.67
48970;450184.71;4792976.41;274.96
81741;449911.42;4793431.64;279.11
81743;451306.45;4793338.66;276.69
16217;450704.85;4793139.61;295.19
81753;450660.67;4792904.69;289.45
48986;450471.52;4793367.68;263.57
48997;450993.63;4792811.85;327.87
81770;450330.16;4793863.45;288.59
49005;450707.92;4792908.99;311.52
16241;450733.31;4792662.61;302.89
81790;451307.8;4793339.31;276.79
49025;450349.47;4793873.84;301.89
81794;450641.87;4792579.07;328.65
81800;451296.03;4793639.09;383.21
81803;449653.33;4793624.62;336.59
81804;450068.98;4793407.01;269.67
81805;450421.02;4793060.73;256.76
16280;450749.24;4792686.36;306.15
16286;451163.45;4793533.89;280.04
81823;450429.63;4793045.27;260.42
16289;449788.42;4793018.85;266.18
49061;450258.74;4793071.62;252.07
16299;450710.54;4792747.56;284.15
49081;450806.65;4792670.27;306.91
81849;450240.88;4793997.56;324.48
81855;450969.1;4792806.11;317.53
16342;450471.46;4792473.76;307.58
49113;450183.9;4793217.78;268.88
49124;450015.1;4792994.04;271.86
16368;450184.8;4792690.19;313.42
49143;451310.9;4793620.81;381.51
49158;450449.34;4793779.7;321.24
16393;450708.78;4792903.33;302.01
49161;450000.62;4793022.05;247.98
49167;450743.82;4792650.45;290.35
16399;450845.39;4792823.98;289.52
16404;450385.44;4793199.88;261.05
81949;449796.99;4793145.09;270.23
16420;450576.48;4792750.8;305.46
49202;449748.33;4793485.0;299.15
16438;450782.66;4792515.88;306.08
49211;450703.58;4792944.67;294.5
49212;450641.1;4792977.99;258.27
81985;450706.67;4792908.96;297.89
16466;451059.81;4793391.15;265.83
49238;449714.17;4793442.21;336.56
49246;450655.38;4792910.62;296.07
16484;450641.88;4792973.03;258.91
82021;451271.85;4793405.33;274.01
49277;450717.55;4793178.89;337.06
16509;450370.82;4793203.4;261.17
16512;450704.92;4793026.01;315.74
49281;450790.23;4792579.67;304.74
16517;450026.61;4793564.82;269.28
16525;450585.35;4792917.78;293.4
49307;450695.98;4792937.43;301.81
82076;449784.34;4793537.49;333.91
82088;449653.35;4793380.85;310.9
16554;449992.3;4793323.59;296.55
16556;451096.21;4793145.48;305.39
82095;451282.77;4793650.08;385.01
16561;450656.6;4792891.74;287.7
82098;451234.86;4793416.23;272.92
49341;450861.14;4792742.79;306.22
82118;450701.24;4793173.5;282.89
82125;450659.34;4792903.9;295.95
82133;450284.63;4794018.14;309.14
16605;450584.8;4793036.7;255.42
16608;450694.27;4792922.45;300.82
16621;449796.33;4793528.51;395.01
49394;450804.66;4793151.59;332.68
49400;450585.67;4792550.82;370.58
49408;450811.06;4793183.4;259.35
82179;450355.87;4794045.41;340.51
49424;451165.01;4793530.89;279.67
49427;450513.23;4793030.88;258.61
16660;450757.23;4792994.44;303.74
16674;449878.24;4793245.59;287.28
16678;449830.16;4793594.61;327.62
82215;450258.47;4793982.9;327.59
82222;450783.7;4793007.2;293.51
49460;450328.44;4793080.0;266.41
16698;451184.6;4793510.02;278.4
49471;450702.82;4793178.36;277.76
49477;450656.93;4792893.53;290.2
49487;450281.09;4793952.84;320.2
16725;450809.62;4793208.49;259.59
16730;450799.59;4792521.07;298.69
16731;450697.79;4792599.58;305.85
16752;450907.6;4793049.62;304.31
49531;450691.51;4792734.42;304.38
16764;450659.4;4792901.34;293.91
16771;450748.7;4793109.08;298.47
82314;450277.55;4793452.45;323.1
82327;451297.81;4793606.13;362.75
82339;450572.45;4793754.8;329.31
82347;450660.96;4792890.55;294.44
16811;450488.55;4793387.94;275.28
16817;451172.56;4793519.86;280.5
16826;450810.32;4792739.56;304.74
49595;450816.82;4792592.9;306.32
49598;450361.63;4793790.09;274.39
16850;450803.39;4793099.53;332.33
82387;450966.32;4792898.44;294.75
16855;450873.14;4793057.37;328.84
49630;450829.51;4793153.84;295.63
16866;451196.54;4793536.69;283.48
49639;450724.57;4792914.5;294.52
82407;450714.58;4792892.4;307.34
49643;450577.87;4792913.21;292.66
49658;450706.83;4793174.85;326.61
82427;450147.08;4794036.79;327.0
82428;450055.28;4792977.1;276.76
16896;450717.35;4792895.69;307.3
16902;450748.44;4792639.47;306.07
16918;450723.81;4792723.82;290.9
16930;450793.44;4793067.5;299.09
49700;450555.62;4792791.56;304.64
82468;450660.86;4792907.5;295.79
49706;451274.0;4793582.27;326.02
82482;449689.36;4793701.63;339.83
49720;449856.56;4793219.9;269.56
16968;449707.36;4793472.99;301.53
49738;450653.4;4792888.44;285.6
49742;450368.24;4793507.36;321.45
82524;450610.2;4792571.87;343.46
49761;450901.87;4792999.64;300.93
17002;450274.55;4793956.51;320.33
82539;450846.05;4792771.5;303.09
82541;450185.12;4793267.82;268.64
17007;450706.98;4792909.24;297.42
17021;450701.82;4792574.27;325.98
82566;450657.11;4792890.93;289.27
17031;449682.66;4793411.94;309.25
82575;449953.95;4793394.65;273.48
17056;450815.83;4792566.61;297.42
17057;449849.23;4793031.07;275.69
17058;450493.43;4793558.46;363.68
17065;450117.63;4792659.75;309.7
17066;450665.49;4792889.24;280.98
49837;451095.66;4793130.23;314.93
82610;450723.52;4792437.2;303.18
49843;450828.1;4793201.17;320.45
82635;449967.91;4793392.38;273.88
17101;450732.4;4792903.62;298.41
17102;450728.58;4792910.17;294.36
17107;450654.64;4792911.79;295.48
82648;450699.95;4792915.35;303.03
49885;450908.75;4793367.3;261.57
17118;450696.9;4792901.68;302.38
17120;450699.76;4793172.59;338.41
49890;451072.51;4793401.71;265.83
82661;449658.37;4793561.23;335.19
17140;450088.96;4792829.19;308.38
17148;450718.24;4792916.53;293.57
49963;450274.17;4793448.4;323.1
17196;450719.4;4793179.71;308.65
49965;450348.35;4792752.54;313.03
17203;450679.4;4792914.29;294.46
49976;450702.16;4793177.48;277.37
82755;450004.53;4793022.97;261.91
49988;451321.87;4793627.1;384.44
82759;449774.39;4793505.2;293.81
82760;449772.27;4793568.49;393.99
49994;451301.0;4793306.79;275.73
17229;450349.19;4793102.16;254.24
50021;450415.21;4793056.81;263.27
50023;450382.2;4793473.92;265.84
50029;450694.03;4792940.62;307.66
82801;450702.74;4793176.91;281.81
50036;449987.42;4793311.43;296.75
17274;450358.2;4793872.95;325.95
50044;451295.77;4793372.37;277.08
17290;450730.03;4793186.68;304.66
17301;450729.66;4792724.6;291.0
17302;450923.19;4793022.7;299.39
17303;450713.29;4792924.06;292.17
50073;451171.66;4793524.83;278.1
17307;450020.53;4793033.25;255.92
50113;451308.92;4793338.74;276.51
50121;450705.23;4792922.04;295.06
50122;450841.93;4792635.08;294.37
82889;450051.78;4793487.79;339.75
50136;450847.32;4792758.03;304.25
50137;450217.69;4794023.03;327.1
17373;450720.59;4792918.41;294.93
82911;450699.86;4792896.64;299.87
82922;450501.04;4793385.34;272.06
82935;451316.31;4793629.54;384.11
82940;450498.09;4793430.67;358.54
82945;450753.84;4792853.05;282.86
50184;450652.94;4792917.44;295.61
17420;451264.7;4793671.37;387.65
82960;449848.35;4793035.22;250.71
82968;450528.31;4792518.54;368.61
50200;450602.19;4793716.01;317.86
50208;450721.75;4792914.98;294.6
50210;450586.94;4792552.47;369.74
50212;450653.53;4792913.15;296.25
82981;450705.15;4792521.59;301.66
50223;450678.57;4792912.66;295.24
82992;450608.64;4792718.53;301.93
17463;449790.24;4793059.96;248.9
17467;450665.35;4792913.06;294.41
50236;450360.41;4793805.16;277.31
83014;450578.83;4793751.72;319.83
50251;450429.55;4793423.16;267.77
50254;449899.52;4793563.15;331.8
17498;450290.18;4793462.81;322.9
83040;450358.25;4793139.08;258.18
50274;449880.34;4793466.06;301.03
83043;450699.58;4793172.12;320.47
17515;451186.71;4793507.62;277.6
50285;450792.86;4793251.21;262.23
50291;450697.46;4792930.41;284.4
83060;451175.11;4793515.16;279.69
17534;450697.02;4792912.07;299.71
17554;450703.12;4792930.21;292.81
83097;450436.75;4793168.63;265.76
50342;450714.96;4792908.65;300.92
50345;450655.83;4792586.48;331.56
83115;450489.7;4792551.8;303.65
50347;450484.47;4792913.09;296.41
83120;450591.16;4793719.24;317.86
83130;450723.43;4793182.04;317.53
83137;450934.4;4793123.22;328.15
50371;450575.21;4792921.97;260.22
17608;449689.55;4793394.1;336.11
50381;450694.32;4792922.52;300.75
83154;450056.4;4792826.01;308.92
17630;450784.03;4793173.39;259.39
50400;450049.99;4793456.6;342.31
50401;450725.92;4792682.38;336.15
17633;451205.29;4793490.89;276.73
83190;449667.55;4793446.5;307.15
17655;450489.07;4792468.3;326.61
17656;450679.95;4792560.63;304.23
17661;450123.69;4793335.36;269.16
17669;450702.97;4792903.97;301.49
83212;450724.03;4792656.05;291.17
50448;450049.42;4793576.87;271.01
83218;450744.35;4792631.08;318.96
50450;450233.48;4794032.28;330.33
17688;451311.13;4793320.17;276.09
17689;451298.81;4793356.57;275.07
50458;450701.78;4792922.47;294.46
17695;450381.33;4792900.37;300.5
83235;451299.99;4793366.96;276.99
17705;450153.63;4793554.24;327.83
50474;450340.58;4792895.0;301.1
50476;450659.53;4792901.99;288.96
17718;450422.13;4793358.98;264.02
83261;450358.86;4793797.43;275.92
17728;450131.35;4793160.8;269.18
17737;450746.33;4793508.97;257.85
50512;451306.53;4793341.71;277.02
50519;451301.14;4793351.33;276.58
50533;450754.31;4793005.94;294.13
17765;450705.53;4792911.69;297.16
83309;450196.1;4794028.97;326.24
17775;450789.44;4793241.05;263.96
50556;451286.85;4793643.58;384.01
83326;450457.82;4792811.34;310.38
83331;449950.99;4793134.45;270.15
17796;450979.76;4793125.65;325.47
17813;450693.58;4793050.25;262.53
50582;450121.11;4793543.21;270.26
50587;450374.27;4792760.01;310.34
17825;450266.59;4793065.36;252.11
50598;450716.67;4792895.84;307.25
50599;451301.64;4793359.84;275.56
17835;450716.91;4793110.38;257.44
83377;450179.89;4792981.99;274.12
50631;450697.81;4792909.63;299.42
17865;450947.53;4793126.86;327.61
50638;449910.09;4793423.03;281.58
17874;450666.95;4793210.97;298.84
83413;450392.31;4793831.29;321.18
83416;450642.34;4792714.5;306.66
50648;450904.22;4793002.56;280.45
17884;449892.99;4793392.03;288.04
83432;450686.17;4793187.89;264.33
83440;450693.58;4793050.25;271.13
83447;449792.0;4793143.31;269.4
83459;450668.33;4792908.94;294.95
50693;450700.36;4792729.88;304.98
83464;450676.05;4792911.99;297.88
17928;450747.09;4792694.16;334.74
50698;450347.05;4792904.74;279.21
17933;451003.8;4793127.89;326.66
83479;450534.97;4792925.78;294.45
83489;450698.15;4792913.21;299.19
17955;450381.91;4793196.51;260.63
50733;450327.35;4793125.99;262.44
83524;450625.38;4792531.99;332.87
83527;449694.93;4793457.95;303.26
50759;449661.39;4793563.5;355.19
17994;450467.86;4793348.51;263.38
50764;450705.76;4793163.17;343.64
50768;450243.17;4792405.71;385.68
18002;450710.88;4792899.94;303.14
18006;450964.76;4793192.17;264.25
83542;449944.64;4793401.93;276.89
18012;450177.82;4792683.68;285.32
50783;450873.31;4793163.45;316.78
83553;450855.58;4793283.16;265.8
83561;450842.78;4793041.65;296.34
83565;450717.5;4793178.69;336.18
18032;450705.61;4793176.21;332.58
83573;450238.34;4793972.72;321.5
18040;450660.31;4793061.21;304.41
50808;450660.44;4792904.13;289.39
50817;451257.91;4793414.29;273.7
18051;450659.49;4792892.74;289.31
50819;450712.49;4792899.71;302.55
50824;450739.6;4792640.52;290.92
18057;450648.35;4792589.13;329.24
18072;450711.5;4793178.7;336.53
83613;450735.38;4792900.92;298.97
83617;450763.07;4792646.69;291.79
50852;450686.1;4792896.03;277.46
18098;450726.51;4792450.41;303.61
83634;450327.35;4793976.92;308.53
50884;450683.63;4792914.56;294.67
18120;450653.56;4792913.21;295.58
50889;449786.94;4793134.84;271.53
18128;450435.35;4793459.4;278.62
18138;449885.0;4793257.06;271.42
18145;450746.58;4792827.86;284.81
18152;450708.71;4792907.18;297.3
83689;450717.9;4792893.72;308.14
50924;450623.37;4792554.07;315.85
83704;450421.91;4793461.71;265.13
18171;450363.59;4793505.36;322.15
18186;450009.53;4793024.49;260.89
50955;450005.52;4793498.63;338.26
50994;451211.03;4793417.57;269.21
83765;450913.96;4793015.17;301.03
50997;449333.31;4793269.33;368.51
51005;450056.7;4792975.12;276.97
83778;450875.89;4793050.4;328.71
83780;450655.43;4792910.71;294.82
83781;451273.82;4793400.76;272.92
83787;450460.06;4792766.27;306.22
51021;450655.26;4792909.87;293.84
18254;450805.09;4793166.51;302.22
18255;450319.29;4793940.88;325.45
18257;450506.32;4792561.41;303.89
51039;450715.02;4793179.56;335.98
51042;450704.32;4792901.63;301.49
83816;450739.85;4792718.69;298.68
83819;450469.89;4793362.76;263.37
83821;450858.67;4793284.9;266.42
83831;450703.36;4792930.31;292.77
83843;450704.97;4792905.88;298.17
51087;451284.82;4793651.34;384.58
83856;451305.49;4793340.98;275.79
51103;450986.6;4792819.54;311.48
51105;450690.23;4793187.01;263.97
51106;449852.56;4793445.42;277.08
18339;450520.21;4792777.05;305.18
51112;450114.71;4794055.52;326.88
18346;450804.68;4793396.61;260.77
18356;450701.32;4792908.74;298.97
18362;450836.11;4793159.31;293.65
83907;450170.9;4793392.75;334.87
83930;450479.79;4792464.6;320.24
51165;451234.8;4793416.25;273.63
51171;450108.48;4793568.33;329.39
83941;450418.73;4793299.02;262.1
51174;450681.1;4793035.98;258.93
83950;450483.03;4793381.2;278.16
51183;450995.21;4793127.24;327.59
51184;450717.51;4793178.77;336.21
51188;450690.84;4793190.7;273.97
51191;450727.77;4793186.69;308.55
51195;450068.68;4792437.94;393.76
83971;450664.56;4792892.11;289.92
51204;451191.84;4793412.77;274.07
18441;450163.09;4792971.43;276.13
83978;451330.13;4793616.33;384.02
83981;450764.57;4792624.07;305.51
51214;450206.81;4793497.79;326.61
18449;450707.62;4792930.14;287.27
83985;450342.76;4793828.75;284.58
51229;450345.27;4792916.43;277.65
84000;451117.64;4793562.07;281.07
51233;450421.1;4792484.4;395.64
18469;450709.51;4793178.78;327.65
51254;450843.36;4793004.51;333.46
18492;450665.92;4793213.38;298.72
18495;450740.54;4792595.85;326.95
84068;450803.02;4793192.25;259.43
51304;450656.16;4792890.96;289.0
51305;450059.39;4792423.48;399.58
18540;450709.6;4792914.39;292.86
84079;450742.33;4792838.74;281.12
51318;450308.13;4792743.94;313.13
18556;450803.18;4792609.37;304.91
51336;449833.8;4793588.91;331.91
18571;449369.14;4793262.8;365.82
18572;450942.07;4792844.5;306.56
51354;450473.06;4792484.43;354.22
18590;450229.36;4793996.17;321.93
51364;451313.63;4793326.42;276.87
51368;450694.37;4792921.31;305.1
18604;450711.1;4792742.57;284.67
84144;450699.63;4792939.19;295.11
18613;450340.4;4793913.47;307.41
51383;449914.15;4793185.09;269.02
51402;450356.3;4793465.09;320.14
18638;451313.65;4793326.41;276.3
84177;450757.14;4792799.99;301.41
51416;451224.19;4793557.42;297.11
84190;450393.44;4793068.33;260.98
51428;449522.72;4793380.04;323.71
18662;450698.57;4792908.08;299.58
84203;450709.16;4792918.64;291.46
51443;449905.88;4793424.77;280.93
51444;450679.3;4792709.87;304.31
84214;450377.63;4793193.48;261.2
18679;450660.06;4792903.86;289.25
51448;450889.02;4793033.71;310.47
84227;450658.96;4792901.48;289.02
84229;450961.93;4793161.65;327.5
84234;449907.05;4793413.76;288.51
51469;450680.92;4792697.54;313.03
51476;450689.89;4792918.39;299.8
51492;450791.93;4792845.65;285.81
51501;451281.88;4793398.3;274.66
84276;450337.78;4794042.22;329.38
84301;450745.42;4792757.46;307.4
84308;450737.86;4792374.44;304.24
18778;450723.35;4793176.55;307.21
51551;450678.23;4792697.12;311.6
84322;450711.29;4792467.61;300.44
18791;450560.64;4792773.4;303.91
84337;450707.34;4792930.68;291.42
51569;449812.7;4793491.17;278.6
84345;450685.32;4792915.92;296.03
51606;450335.46;4793088.38;258.42
18842;451240.76;4793415.72;273.78
51611;450699.69;4793169.12;293.62
84378;449869.51;4793434.01;277.15
84388;450699.43;4793072.01;296.9
51621;450969.44;4793088.97;286.85
84389;450713.19;4792901.64;298.55
84391;450892.0;4793037.75;328.71
18853;450452.44;4793167.36;258.54
84394;450342.81;4792916.28;277.65
51630;450692.52;4792873.02;278.5
51637;450346.62;4793825.7;283.71
18870;450453.91;4793333.36;264.2
84412;450717.28;4792512.73;301.84
51647;450794.5;4792531.39;297.36
18880;450321.49;4793573.9;334.56
18881;450197.34;4793216.68;268.57
51656;450640.3;4792578.15;329.7
18888;450293.03;4793113.6;262.34
51659;450670.61;4793219.22;303.12
84428;450224.42;4794032.36;326.52
18899;450715.91;4793063.85;305.95
18900;450465.37;4793428.25;283.56
51678;450703.46;4793175.75;277.91
84456;450795.03;4792504.42;299.26
51688;450686.8;4793185.78;294.87
18921;450859.82;4793188.73;331.82
51690;450281.62;4792881.52;303.48
51692;450701.15;4792907.8;298.47
84462;450718.23;4792916.56;293.06
51695;450579.26;4792749.04;305.34
18927;450960.67;4793119.96;326.58
18929;450716.38;4792895.04;306.12
51697;449882.96;4793326.19;270.71
51699;450300.26;4793644.2;269.65
84484;450291.59;4792425.9;372.2
84494;451297.22;4793373.35;277.21
18963;450049.0;4793453.46;342.08
51734;449678.2;4793592.3;336.35
18969;450525.78;4792882.9;260.49
18970;451256.66;4793574.68;312.35
84512;450628.0;4792918.3;298.34
84523;450721.16;4792653.43;304.25
18991;451119.28;4793561.0;280.78
51759;450231.37;4793987.91;321.78
84532;450798.3;4792548.58;297.67
51770;450897.19;4793329.88;264.35
19002;449345.7;4793313.15;344.2
51782;450719.29;4793179.66;308.65
51789;450911.05;4793349.93;262.61
51791;449905.78;4793426.23;280.67
51793;449767.6;4793634.45;334.49
19028;450499.53;4793558.31;363.79
51797;451296.71;4793607.87;358.02
19032;450787.33;4792544.35;306.84
19038;450378.48;4792756.3;307.2
51807;450686.97;4793190.16;263.45
51809;451102.86;4793120.28;313.55
84578;450668.14;4792608.24;308.37
84599;450454.1;4793456.96;360.82
19071;450692.82;4792776.69;322.55
84615;450598.03;4792884.47;298.39
19091;450414.59;4792454.55;363.9
84633;450660.52;4792907.62;295.84
19100;450979.76;4793125.65;325.99
19101;450714.2;4792893.35;307.4
19102;450710.57;4793179.44;328.3
84638;449917.62;4793414.51;286.63
51887;451301.41;4793308.98;276.43
84656;450680.75;4792651.98;305.08
19122;451271.15;4793404.93;272.93
84660;450046.44;4793514.19;270.42
19128;450812.31;4792574.74;299.24
84670;450750.64;4792649.47;290.83
19134;450114.6;4792837.21;306.96
51905;449691.67;4793724.53;342.62
19146;450533.01;4792755.17;303.02
19156;450775.78;4792511.17;305.28
84708;450805.58;4793214.98;320.39
51945;450656.83;4792940.47;311.32
51949;450620.89;4792868.58;306.22
19181;450323.75;4793933.31;324.15
84721;450694.28;4793185.79;275.38
84725;450721.38;4792722.44;288.58
19199;451244.74;4793419.84;273.07
84746;450710.63;4792915.62;292.93
84747;451302.09;4793345.97;275.99
19218;450970.78;4792970.11;290.86
51990;449771.59;4793555.15;397.06
19224;450349.67;4792755.68;310.29
19226;450635.37;4792966.38;269.62
84768;450235.74;4794000.85;326.0
19235;450579.8;4793752.45;319.21
52010;450731.05;4792644.02;294.45
84782;450694.04;4792940.61;305.3
84792;450433.21;4793455.89;276.48
84796;450845.85;4793008.15;331.99
84803;450713.48;4792925.89;292.08
84805;450744.86;4792837.51;281.11
19273;450983.79;4792793.68;307.77
52048;451312.49;4793628.06;381.71
84817;449880.93;4793318.11;270.72
52052;450371.29;4793078.78;260.55
19299;450666.67;4793214.29;299.64
84853;450166.89;4792848.47;306.91
52089;451109.08;4793412.22;268.93
52093;451273.83;4793400.66;273.64
52096;449699.01;4793090.51;216.47
84867;450739.28;4792627.87;292.17
84871;450245.91;4793998.52;326.27
52118;450782.73;4792529.09;305.64
52137;449776.72;4793505.38;292.91
19370;451314.27;4793327.29;276.47
52144;450559.5;4792800.27;305.31
84919;450794.36;4793109.73;330.9
52159;449721.02;4793671.66;336.68
52167;450680.55;4792915.09;294.26
52190;449688.2;4793673.2;356.56
52195;450741.12;4792594.04;323.66
52200;449945.25;4793014.23;257.0
52203;451000.27;4792819.91;355.03
52206;450698.53;4792921.91;294.61
19440;449805.6;4793607.61;328.38
52215;450628.71;4792500.35;354.68
19448;450479.41;4792906.38;296.55
19455;450502.47;4792805.69;304.78
52227;451172.93;4793519.99;278.04
85002;450645.94;4792953.56;293.06
52237;450775.65;4793095.42;300.92
19485;450668.34;4792565.84;304.39
19487;449672.46;4793647.78;336.7
52257;450764.5;4792648.48;291.63
19493;450797.85;4792522.43;298.39
19498;449852.82;4793194.2;269.61
85047;450694.05;4792923.41;299.29
52292;449690.19;4793451.81;303.79
52298;450947.76;4792962.06;295.13
19530;450440.32;4793163.93;261.86
52300;450600.65;4793703.48;319.61
19533;450849.19;4793019.78;332.32
52309;450376.78;4793147.21;256.8
52319;450650.1;4792521.61;371.77
85092;450747.94;4792650.21;307.02
85102;451303.82;4793343.36;275.69
52335;450658.36;4792907.36;295.82
52348;450994.31;4793085.48;284.2
52351;450641.66;4792503.99;364.66
52358;450691.67;4792706.96;309.22
52370;450282.57;4794031.86;317.22
85139;450777.94;4793250.06;265.36
19609;450687.24;4792712.97;306.39
52400;450424.63;4793479.72;265.4
85173;450844.68;4793041.03;296.31
19637;450666.15;4793080.69;257.05
19639;450343.03;4793102.88;252.47
85177;449971.37;4793286.77;282.21
85178;450412.71;4793512.63;338.38
52411;449737.19;4793651.65;335.24
19644;450706.66;4793174.54;336.73
52410;450588.27;4793740.04;317.52
85183;450061.07;4792978.97;266.28
85184;451162.39;4793413.84;271.48
19650;450023.96;4793567.96;269.38
52423;450666.64;4792726.66;305.36
19662;450961.96;4792912.14;299.37
19669;450891.97;4793020.32;327.12
52438;450488.41;4792491.24;356.87
52456;450246.22;4793994.05;326.25
19690;450811.7;4792844.77;287.4
19692;450428.31;4793444.34;277.65
85229;449995.08;4793329.79;362.67
85238;450657.82;4792618.42;303.91
19706;450688.47;4792656.89;304.12
85249;450709.75;4792902.29;303.03
85251;450716.13;4792471.64;303.07
52488;450295.74;4793637.33;269.65
52489;450739.32;4792895.89;299.21
19726;450697.5;4792705.29;304.49
85267;451289.56;4793640.54;383.49
52500;449579.62;4793452.69;333.07
19734;450709.77;4793176.3;294.34
19737;450655.41;4792897.29;287.67
85284;449872.68;4793190.97;270.2
19749;450333.38;4793552.63;332.36
19750;451308.7;4793313.82;275.86
52523;449819.01;4793595.99;329.42
52527;450729.58;4792388.53;302.68
19761;451165.03;4793530.84;280.2
52538;450721.6;4792663.57;338.54
19772;450775.71;4793124.35;337.21
19777;450387.47;4793045.91;265.11
19791;450012.99;4793424.36;372.26
85336;449760.44;4793496.93;298.16
52597;451292.24;4793381.2;274.08
85366;450727.94;4792420.67;302.7
19832;450362.83;4793465.6;266.03
85381;450002.3;4793140.64;270.72
85388;450839.91;4792634.75;294.31
52625;450652.18;4792562.04;304.47
85404;450783.32;4792548.5;308.49
52639;450698.6;4792921.94;295.1
19871;450333.04;4794020.56;315.91
85426;450337.87;4793515.67;296.65
19899;450650.89;4792946.75;291.88
52679;450958.32;4793200.51;265.73
52687;450809.32;4792653.68;292.65
19919;449987.66;4793519.49;337.14
85457;450697.12;4792911.1;299.43
85458;450686.14;4793070.36;301.77
52696;450146.81;4792846.01;305.14
19928;451314.27;4793620.13;381.01
85468;449517.75;4793386.74;324.25
52708;450705.96;4792908.72;295.55
19950;450014.09;4793429.02;342.74
19956;450967.59;4793187.05;263.39
19959;451207.38;4793548.46;292.56
19960;450327.85;4793130.6;255.45
19961;450305.45;4793535.27;269.1
52732;450288.36;4792989.74;273.52
85523;450376.54;4793477.42;318.91
52755;450615.18;4793716.64;317.86
85527;450703.95;4792901.37;300.83
85536;450659.29;4792903.87;295.05
20004;450798.34;4793256.48;262.23
85545;450018.51;4793027.16;258.64
85555;450493.88;4793030.72;255.53
52805;450699.12;4793180.28;294.4
85575;450782.67;4792700.35;304.57
85584;450743.52;4792971.65;293.35
85587;450229.63;4793440.73;324.85
85592;451117.82;4793562.44;281.1
52835;450680.64;4792914.94;294.84
52838;451225.93;4793416.84;273.42
52840;450107.42;4793547.67;270.35
85612;450925.59;4792852.7;293.53
20077;450703.14;4792968.82;294.37
52855;450703.32;4792903.99;300.0
52857;450716.13;4792908.33;302.68
52858;450364.83;4793132.91;258.25
52879;450954.31;4793177.42;264.28
52896;450697.95;4792902.03;302.94
20156;450832.18;4793036.03;296.55
52926;449808.68;4793080.59;233.1
85698;449598.22;4793465.93;327.79
85702;451184.38;4793510.4;277.43
20167;450792.86;4793147.64;298.96
52942;449981.43;4793358.76;297.65
52943;450861.47;4793151.75;308.8
52947;450099.97;4794072.33;329.0
20180;450938.83;4792810.41;311.61
20198;450187.21;4793244.98;269.79
85736;450701.48;4792735.53;304.83
85737;450063.51;4792973.17;276.86
20215;449974.94;4793409.33;271.86
85753;449770.86;4793567.19;394.67
20231;450784.14;4793168.58;302.57
85768;450966.72;4792954.91;300.55
20233;450959.17;4793184.0;302.58
53005;450741.78;4792839.95;281.03
20237;450714.9;4793612.54;262.32
20239;450703.9;4792904.22;301.43
53018;450802.25;4792612.02;304.78
85794;450827.05;4792600.83;294.62
53029;450326.19;4792925.93;279.79
85798;450687.94;4793189.67;261.88
53045;450593.91;4792883.29;297.4
20283;450728.73;4793182.79;335.77
53052;450705.48;4792901.89;301.61
20287;450607.17;4793686.09;319.95
85828;450692.69;4792922.73;300.75
85831;450135.01;4792970.78;275.49
53065;450451.99;4792804.52;306.73
85835;450836.62;4793192.56;327.41
20307;450443.97;4792906.26;298.11
85845;450802.47;4793092.38;299.76
53096;451286.34;4793387.8;273.9
20330;450834.8;4793160.34;260.47
53100;450348.88;4793100.43;260.79
20347;450695.84;4793052.51;288.86
85909;449969.54;4793410.67;360.25
53152;450700.88;4792922.27;294.54
53157;450476.31;4793624.7;327.84
20393;451240.59;4793416.42;274.8
53161;450354.33;4793778.4;272.25
85939;450714.95;4792896.62;307.4
20404;449906.72;4793434.08;281.51
53179;450009.93;4793459.76;366.26
53181;450923.29;4793197.33;265.14
20415;450493.83;4792913.09;296.01
85953;449924.75;4793405.5;290.99
85957;451251.8;4793416.55;274.69
20426;450709.47;4792926.52;290.77
20434;450657.72;4792906.87;295.49
85971;451289.42;4793641.33;383.43
85974;450495.88;4792466.46;356.54
85982;449779.44;4793029.49;250.68
85993;450670.55;4792951.33;305.66
53246;450705.46;4792903.89;301.19
20483;450799.34;4793399.35;260.77
20496;450506.44;4792504.37;370.53
53272;450724.91;4792657.49;290.3
20511;449926.58;4793166.36;269.58
20514;451308.34;4793345.11;279.93
86058;450704.43;4792896.0;300.48
53299;450782.65;4792700.4;304.96
53322;450485.83;4792771.77;305.33
53340;449968.45;4793399.39;273.99
20584;449773.8;4793552.87;396.7
53358;449973.18;4793132.62;270.4
20592;450593.26;4792918.83;293.23
20603;450959.3;4792826.2;331.16
20605;450740.1;4792665.73;304.99
53386;451298.69;4793305.27;275.17
53389;451299.21;4793366.88;277.04
86160;450948.06;4792806.44;311.97
20628;450658.53;4792892.54;289.27
53407;451182.78;4793415.12;271.04
20642;450706.95;4793035.5;313.32
20643;450842.55;4793159.25;261.18
53412;450056.99;4793475.23;340.22
53422;450668.01;4792909.45;294.92
86200;450683.65;4792914.88;295.27
20668;450658.88;4792904.05;295.79
20674;450327.3;4794018.21;315.62
86213;451162.27;4793532.19;280.34
20688;450942.92;4792822.61;321.73
86228;451119.45;4793561.34;280.82
20699;451152.41;4793535.7;279.99
20702;450906.75;4793006.65;280.15
53482;449929.77;4793037.62;263.99
86251;450711.53;4793096.22;295.44
86254;450304.21;4792737.94;315.65
53494;450825.41;4793388.05;259.2
53495;450695.89;4792707.5;303.66
20728;450642.83;4792593.73;368.0
53508;450693.89;4793189.52;274.77
20758;450782.67;4792700.36;304.72
20759;450714.87;4792894.51;307.48
86305;450693.69;4792923.92;299.37
53539;450356.03;4793117.56;258.56
86308;450559.89;4792774.69;304.04
20777;450683.85;4792716.09;306.06
86315;449853.21;4793160.38;269.72
53555;450861.0;4792815.55;292.58
53567;450237.98;4793216.54;269.26
20799;449769.73;4793571.67;334.7
53569;450298.41;4793638.91;269.65
86338;450017.42;4793422.34;343.39
86351;450297.68;4793073.48;251.15
86353;450297.68;4793073.48;251.65
20817;450323.97;4794040.74;326.1
86370;450709.84;4792927.87;287.71
86373;450740.09;4792855.61;279.74
53606;450821.12;4793086.14;331.0
53612;450602.36;4792532.06;305.47
53617;450300.08;4792974.47;278.46
20854;450693.79;4792922.83;301.08
53622;450217.55;4794009.24;322.88
20858;450926.44;4792823.98;310.42
53650;450439.04;4793444.55;278.77
86431;450079.29;4792972.97;274.36
53672;450259.9;4792980.71;275.29
20909;450348.95;4792902.09;279.61
20914;450668.1;4792909.79;289.3
86451;450686.02;4792568.25;315.66
53690;450387.6;4793835.5;314.2
20924;451307.03;4793341.98;277.85
86461;450738.93;4792751.7;308.2
53695;450658.87;4792903.94;295.03
86464;450201.16;4792699.31;312.41
20950;450408.3;4792478.13;395.61
86502;450420.7;4792484.13;366.74
53742;450732.2;4792901.28;298.42
86511;450569.63;4792917.13;260.22
86510;450226.56;4792980.22;274.08
20979;450664.58;4792892.16;290.2
53751;450777.63;4792505.98;303.2
20984;449694.27;4793717.94;341.37
20988;451182.82;4793415.11;274.0
53762;450670.04;4792575.96;321.58
20995;450190.47;4792689.95;295.85
53772;450800.54;4792548.04;298.18
21010;450585.47;4792934.17;260.22
86553;450755.45;4792816.13;289.38
53789;450639.27;4792584.78;328.47
21026;450587.63;4793034.8;256.03
53795;450707.69;4792928.2;287.87
21034;451263.76;4793669.88;386.31
21042;450021.57;4792992.86;272.09
21044;449926.33;4793578.76;331.43
86584;449925.73;4793253.9;290.37
86588;450525.37;4792516.61;367.28
21063;450724.54;4792655.92;290.4
21066;450537.83;4792817.59;304.31
21072;450101.24;4794087.28;334.41
53841;450766.95;4793213.02;300.45
53848;450960.94;4793057.8;292.27
21084;450345.88;4793917.27;309.19
53859;449978.21;4793419.49;360.26
86631;450920.6;4793020.85;299.89
21098;450706.16;4793173.82;336.68
86642;450301.17;4793074.68;250.89
53881;450344.04;4793886.23;320.5
53885;450840.38;4793053.4;295.36
86654;450434.55;4793305.09;263.07
86655;450440.86;4793448.66;278.77
21119;450742.7;4792369.0;303.73
53905;450223.12;4794004.68;322.63
21139;450073.45;4793564.42;271.62
53910;450481.35;4792766.34;305.48
86689;450735.01;4792411.59;306.02
21157;450418.79;4793057.66;256.56
86696;450106.99;4793346.4;268.96
86700;449883.16;4793295.23;269.1
21170;450689.65;4793190.16;267.83
86712;450926.7;4793024.45;300.74
53944;449978.83;4793356.35;297.64
86719;450579.4;4792486.33;357.53
21188;450729.92;4793582.18;260.14
86731;451273.87;4793400.67;274.15
53963;451118.24;4793561.39;281.01
53969;450186.3;4793208.04;268.84
86745;450998.15;4793105.1;284.2
21209;450659.62;4793199.6;297.93
54000;450357.44;4794049.44;342.34
21243;450780.22;4792701.73;304.81
21245;450694.18;4792730.84;304.53
54014;450848.1;4793281.31;264.37
86791;450815.41;4792556.97;297.42
54027;450908.22;4793060.67;326.64
21261;450685.01;4792590.33;370.91
86800;450549.95;4792718.02;301.77
21268;450993.48;4792811.2;314.33
54040;450983.46;4792797.09;307.29
86812;450058.71;4792667.89;306.66
21284;450697.73;4792916.91;300.72
86830;450620.38;4792875.77;303.0
54066;451113.69;4793411.84;267.03
21299;451305.1;4793343.69;277.4
86844;450072.78;4793554.5;270.8
21310;450745.1;4793103.85;299.73
86857;451299.28;4793356.54;275.76
21331;450283.37;4792986.27;274.28
54116;450571.3;4793754.81;326.25
86885;450237.89;4793996.03;350.0
54118;450098.04;4794092.11;342.68
54123;450691.13;4792944.92;294.42
21360;450893.89;4793399.04;261.78
21363;450812.44;4792607.72;303.27
21373;450098.21;4792833.91;307.74
86909;449687.9;4793670.94;337.92
86912;449838.02;4793083.41;231.1
86917;450963.8;4792792.27;302.99
21382;450325.6;4793084.85;251.02
86919;450657.76;4792891.22;300.68
54159;450720.57;4792806.12;282.44
21409;450966.62;4792949.75;302.13
86950;450782.67;4792700.35;304.59
21415;450993.88;4792812.11;347.89
86957;450395.01;4792451.9;365.3
54196;450690.92;4792913.45;295.65
21432;451124.01;4793557.96;280.56
21438;450131.63;4794044.57;326.18
21445;450432.07;4793425.52;273.74
54216;450710.82;4792915.65;292.65
21456;449899.11;4793321.09;278.99
86998;450692.44;4792544.74;304.04
54230;450686.18;4793187.91;264.27
21466;449956.42;4793021.95;250.92
54240;451299.66;4793353.15;275.9
87012;450690.9;4792903.67;301.64
21478;450796.07;4792509.52;299.26
21507;450703.42;4792928.54;286.01
21516;450754.25;4792821.6;287.86
21522;449869.3;4793180.12;272.22
87068;451124.06;4793558.67;280.6
54302;451194.29;4793501.06;276.51
87078;450764.84;4793206.28;299.81
87083;450903.71;4793007.54;300.39
87092;450970.64;4792978.69;291.31
21558;450530.38;4792921.93;294.87
87097;450392.43;4793050.48;264.79
87099;450700.07;4793179.8;273.45
21566;450630.36;4793708.17;317.86
21570;450587.39;4793741.62;317.88
54355;450628.8;4792549.03;303.36
21591;450074.0;4793432.73;269.82
87143;450964.42;4793183.37;264.16
87145;450637.4;4792552.47;302.12
87158;450349.83;4793812.13;280.4
87164;450694.89;4792922.64;298.58
21637;450335.66;4793926.57;308.58
54406;450512.81;4793738.72;327.85
21644;450844.24;4792626.32;294.29
21655;450335.69;4794043.76;329.36
87194;450733.01;4792904.32;296.37
54434;450312.57;4794015.15;312.21
87203;450352.15;4793925.16;328.23
21677;450849.63;4792821.45;289.58
87215;450827.95;4792589.1;297.15
21680;450659.62;4792904.07;287.13
87223;450272.45;4793609.21;334.56
87225;450710.32;4793179.86;334.23
87226;450798.24;4792584.55;304.05
54461;450181.29;4792687.27;298.4
21705;450627.04;4792702.44;306.56
54475;449998.62;4793345.13;299.14
87245;450654.76;4793056.76;304.81
54486;450654.19;4793197.94;297.44
21725;450954.56;4792828.97;322.53
54493;450320.41;4794017.71;314.68
87264;451296.38;4793372.64;275.73
54501;450516.54;4793188.36;300.28
54502;450235.13;4793995.57;329.51
54504;449945.49;4793226.83;278.49
21740;450462.64;4792488.98;307.16
87281;449898.92;4793308.42;273.29
87295;450659.26;4792902.93;289.24
21761;450215.62;4792703.25;313.19
87297;450790.32;4793008.14;293.16
87304;450705.79;4793175.07;335.18
54540;450832.33;4793066.09;330.66
21784;450653.14;4792559.66;301.19
87326;450698.77;4792921.34;295.3
54563;450154.89;4792971.4;276.35
87331;450712.19;4793698.41;314.92
87363;450688.57;4793191.69;263.43
87370;450752.21;4792818.59;288.97
54611;450675.86;4792726.64;305.31
87393;450532.46;4793190.36;297.75
87394;450698.33;4792897.57;299.73
54640;449978.02;4793506.33;338.15
21875;450234.8;4793983.62;321.78
21882;450412.71;4792760.59;306.29
87429;450332.32;4793934.64;323.42
87440;450625.51;4792630.07;302.14
21908;450841.82;4792809.43;294.1
54676;450343.75;4794016.76;321.4
21916;451194.28;4793501.67;277.39
54703;449957.38;4793243.58;280.35
21940;450233.37;4794007.5;325.7
87480;450393.75;4792470.65;396.62
54715;451270.33;4793407.91;273.88
21947;450322.52;4794043.49;324.3
87492;451124.0;4793557.96;280.56
87498;450302.92;4793077.58;251.8
87503;450099.65;4793166.92;268.61
21976;450856.25;4792821.28;290.99
54744;450634.12;4792559.6;371.21
21981;450704.1;4793173.66;319.5
21982;451313.28;4793324.54;276.42
87532;450795.92;4792846.25;285.41
54768;449356.56;4793273.94;350.22
54780;450657.76;4792894.33;292.04
87555;450328.98;4793001.87;270.65
22021;449756.61;4793598.9;327.75
54796;450472.16;4792507.69;304.51
22028;450690.18;4793187.12;264.27
22032;449929.88;4793009.16;256.37
22034;451259.21;4793412.72;273.88
87571;450698.57;4792922.0;295.55
54811;450810.54;4793050.82;296.93
87581;450657.15;4792523.42;370.36
87592;449665.66;4793641.57;336.34
22057;449764.76;4793004.81;251.7
22063;451299.95;4793366.99;277.79
87601;450662.62;4792906.53;295.45
54835;450442.32;4793321.65;263.98
87612;451162.85;4793415.57;274.06
22078;450653.1;4792912.44;296.04
87635;450799.0;4793196.94;260.19
22104;450207.93;4792688.7;294.43
22108;450167.94;4793403.47;325.81
22112;450679.26;4792622.81;302.4
54886;450710.39;4793161.43;341.7
22119;449928.84;4793022.73;256.78
22121;450624.93;4792575.67;334.26
22125;450654.45;4792910.22;294.15
87668;451167.61;4793529.94;279.15
54903;450903.6;4793007.22;282.43
87674;450125.66;4793531.7;270.24
54907;450698.15;4792911.71;299.39
87675;450295.94;4794011.86;311.26
54917;451296.17;4793372.6;277.81
54920;449884.92;4793273.96;272.19
54922;450382.16;4793506.46;319.93
22155;450663.13;4792937.93;265.39
22159;450704.39;4792906.15;299.17
22168;450261.6;4793590.65;334.56
54937;450814.02;4792573.57;297.79
54939;450676.07;4792592.46;304.8
87710;450345.65;4793916.95;302.42
87712;450706.22;4792902.91;297.81
54950;450050.75;4793466.47;341.93
87720;450663.62;4792903.13;294.8
22198;450654.32;4792910.3;294.77
87745;450701.08;4792969.11;295.34
22214;450524.11;4792920.25;294.53
22217;450702.18;4792929.64;286.43
22226;450755.57;4792662.92;306.95
55004;450530.1;4792522.05;370.47
22241;450475.47;4792467.3;307.66
55017;450675.08;4792709.61;306.79
87793;450640.72;4792568.31;331.44
87794;450953.31;4793120.44;296.27
22258;450818.04;4793154.02;261.12
87798;450632.65;4792968.65;265.14
22264;450316.99;4793947.75;327.39
87805;449797.47;4793605.25;331.59
22282;450673.79;4792564.09;303.17
55054;450425.56;4793299.63;262.08
87824;450468.43;4792803.4;306.44
55057;450821.65;4793028.4;296.55
22291;450548.44;4792892.58;260.22
55066;450484.66;4793371.19;280.5
55089;450868.92;4792972.29;327.97
55100;450665.7;4792905.66;295.72
87874;450630.85;4793053.51;256.7
55121;450861.77;4793070.22;329.56
87890;450708.38;4792920.48;289.78
87894;450384.83;4793197.72;266.99
55132;450684.82;4793187.1;264.38
87905;451205.93;4793485.97;276.18
87912;450768.17;4793201.97;317.11
87913;450081.7;4792657.57;313.01
55148;449957.88;4793018.97;249.11
22381;450647.18;4792716.67;306.33
22382;450431.99;4793444.19;276.36
55153;450834.59;4792586.72;297.37
87923;450740.36;4792623.93;320.5
87930;450789.39;4792847.01;285.81
87935;450339.99;4793702.25;276.26
87936;451286.72;4793385.92;275.38
87957;450765.97;4793210.19;300.24
55192;450357.62;4793811.09;296.3
55206;450046.87;4793570.71;270.43
55208;450601.25;4792562.41;370.6
22441;450603.57;4792619.38;303.68
55211;450664.21;4792906.84;295.66
22466;450707.23;4792663.52;303.29
22474;450808.09;4792568.47;300.09
55246;449994.53;4793498.71;337.87
22487;450756.39;4793047.38;309.39
55255;449814.53;4793031.82;270.7
88032;450646.08;4792922.45;298.46
88033;450657.0;4793191.61;296.46
55274;450943.85;4792814.5;330.83
88057;450710.14;4792901.13;302.84
55300;450752.55;4792651.5;305.41
22558;450207.23;4792693.54;289.71
88096;449661.84;4793634.02;336.74
55337;450470.76;4793364.01;263.37
55356;451134.95;4793547.26;279.74
55357;449909.26;4793430.79;278.91
55361;450294.12;4792969.63;279.04
22601;451276.53;4793401.46;273.73
88142;451116.93;4793563.0;280.83
88149;450538.58;4792519.78;327.39
22623;450655.68;4792897.05;295.73
22625;451258.81;4793417.54;274.69
22629;450724.52;4792914.8;299.51
88165;449824.78;4793155.72;269.6
88168;450715.49;4792908.19;300.66
88184;449656.17;4793595.77;336.37
88198;450668.69;4792571.57;308.93
22666;451145.79;4793542.03;279.6
22667;451215.16;4793563.79;295.61
55451;450696.53;4792926.9;294.33
22714;450651.73;4793705.8;317.86
22715;450372.61;4793500.7;321.47
88251;449760.7;4793004.48;252.04
55485;449985.82;4793352.42;297.89
55488;451214.29;4793420.34;271.81
88259;450724.97;4792642.63;294.33
88264;450710.85;4793163.75;340.31
22732;450323.28;4793462.76;322.93
55504;450688.97;4792919.96;298.09
55515;450095.03;4792973.25;275.84
55521;450692.82;4792772.32;317.87
88291;450663.28;4792968.9;292.34
22764;450715.25;4792897.02;305.82
88304;450703.15;4793177.04;278.64
88305;450699.44;4793170.23;336.77
88308;449515.3;4793406.25;333.05
22778;449887.47;4793036.2;245.9
88320;450728.26;4792911.02;297.36
55554;451138.69;4793544.69;280.84
22787;450030.65;4793498.15;270.94
88323;450281.53;4794029.05;317.22
88352;450712.54;4793180.37;335.76
55584;450924.46;4793120.08;326.87
22835;451261.43;4793416.6;274.97
55607;450241.3;4792403.67;385.59
88379;450833.56;4792831.12;290.31
22848;449833.93;4793036.61;246.15
22850;451113.57;4793565.92;280.16
22854;450180.38;4793410.0;325.95
88392;449484.5;4793386.55;334.88
55627;449786.25;4793608.97;332.21
88398;450656.99;4792895.2;290.97
22865;450006.88;4793368.67;371.5
22873;450382.19;4793045.21;264.7
55641;449792.8;4793601.68;332.09
22888;450696.24;4793041.17;258.93
88434;451099.53;4793101.75;298.96
22899;451260.12;4793417.49;274.72
88444;450204.35;4794026.32;323.59
22912;450141.11;4793047.17;248.7
88469;449842.77;4793054.78;244.77
22945;450546.2;4792475.58;354.74
88486;450321.66;4793965.71;308.17
88488;449648.35;4793603.33;336.49
55721;451298.02;4793356.51;275.72
55728;450351.31;4793584.03;334.99
55729;449889.96;4793286.98;272.52
88500;450733.28;4792907.82;295.35
22969;450384.65;4793190.42;263.25
88509;450963.54;4792820.79;330.13
55758;450583.09;4792549.96;370.08
55768;450653.62;4792572.2;328.54
55772;450833.99;4793151.25;300.71
23008;450818.02;4793265.96;264.52
23012;450550.17;4792779.59;303.72
88557;450441.14;4793052.02;252.96
55792;450727.19;4793185.33;299.17
88574;450674.03;4792892.59;290.22
23048;450820.45;4792542.22;300.61
23049;450918.61;4793020.15;301.11
23058;449598.7;4793466.08;314.74
55828;449853.53;4793064.86;238.1
55839;450691.63;4792951.42;301.97
55855;450821.89;4793149.38;261.12
88637;450625.77;4792711.9;301.42
88644;450797.24;4793014.73;292.94
23119;449956.65;4793400.43;341.51
23126;450658.63;4792894.29;292.62
88668;450691.96;4792922.99;300.48
55903;449956.05;4793398.59;349.78
55906;450556.09;4792687.5;300.83
88674;450412.5;4792483.0;395.39
55909;450700.97;4792670.83;304.25
88690;450458.55;4793341.65;264.2
55930;450837.16;4792604.08;294.64
88699;450664.5;4793729.58;317.25
55938;450705.21;4793174.09;327.85
23184;450474.97;4793356.27;278.7
55956;450669.22;4793083.08;257.32
88728;450668.67;4792938.9;317.02
23198;450707.22;4792920.72;290.87
88738;450699.33;4793172.51;284.4
23206;450723.42;4792914.52;296.97
23216;450169.31;4793291.98;268.88
55986;449820.28;4793029.37;271.76
23228;449648.44;4793464.31;307.92
88766;449693.2;4793709.5;340.96
56003;450806.06;4792845.6;285.98
23236;450087.6;4792973.74;275.24
23241;450013.09;4793000.96;269.78
23268;450711.59;4793177.56;336.28
23269;450662.56;4792901.57;295.72
88817;451318.72;4793616.32;382.73
23286;450272.81;4792964.15;279.35
88826;450918.26;4793121.12;327.2
88827;450651.46;4792919.19;296.59
56059;450719.64;4792910.76;300.37
56066;451314.21;4793614.85;387.72
23302;450718.66;4793183.07;326.66
56082;450149.69;4792453.59;364.94
23331;450692.78;4792916.93;297.61
56099;451333.07;4793617.07;384.76
88868;449911.59;4793372.36;283.24
88890;450187.82;4792690.08;295.23
23356;450067.22;4793550.6;271.17
23360;449671.19;4793651.26;336.61
88903;450634.67;4792966.44;269.17
56137;450651.34;4792917.08;295.58
23386;449778.87;4793507.2;291.94
56155;449934.1;4793035.08;263.19
88925;450657.98;4792894.02;289.71
56158;450687.46;4792595.11;306.98
56157;450524.01;4793696.04;325.15
56161;450509.77;4793678.66;323.97
23400;450687.0;4793190.43;261.81
88937;450967.77;4792958.07;294.82
88951;450159.04;4793355.55;329.38
56188;451144.25;4793416.4;271.2
56190;450812.98;4792739.58;304.27
88958;450718.86;4792958.34;291.82
88967;450476.84;4792861.7;261.88
23440;451119.23;4793561.03;281.49
88978;450229.46;4793995.25;346.49
56217;450087.44;4792646.11;315.44
23452;450070.81;4792441.61;388.88
56220;450476.55;4793383.89;266.25
88990;450960.47;4792993.01;294.14
56225;450944.05;4793162.99;263.13
56232;450498.36;4793386.69;272.06
89002;450051.18;4792826.56;309.2
89005;450718.64;4792483.95;302.79
89015;450208.18;4792967.66;278.13
23488;450431.89;4793814.23;315.46
23502;450734.05;4792618.28;320.58
23512;450307.73;4793559.81;332.98
56281;450281.43;4792969.25;279.04
23520;450754.0;4792637.4;302.58
23522;449818.63;4793080.67;232.1
56292;450711.4;4793178.69;336.55
89067;450260.73;4792965.91;278.49
89076;450583.01;4792921.98;293.69
56320;450608.11;4792956.21;258.72
56321;450669.0;4792907.77;294.86
56329;450686.18;4793187.91;264.26
23566;450730.02;4793121.82;295.19
23572;449950.11;4793398.1;274.9
89114;450246.16;4793970.28;321.21
23590;450715.25;4792894.21;304.34
23592;450724.57;4793191.94;308.49
23607;450538.84;4792678.01;299.31
89145;450705.01;4793177.74;336.19
23618;450789.8;4792752.28;301.55
23623;450961.11;4792848.41;328.87
23636;450730.12;4792518.83;300.56
56405;450854.47;4793188.36;327.33
89175;451232.64;4793417.35;273.67
23645;450624.53;4792915.2;296.43
23650;450466.79;4793345.99;263.74
56423;450679.01;4793068.52;302.3
56431;450775.21;4793123.13;298.47
23664;451191.8;4793412.7;272.62
23665;450719.66;4792910.74;298.48
89212;450767.17;4793207.73;300.0
23688;450336.83;4793918.87;298.93
89234;450708.83;4792903.4;304.91
23700;450690.21;4793187.24;264.16
56468;451317.97;4793629.04;384.01
56470;450658.0;4793202.56;297.91
23706;449803.8;4793149.73;270.08
56475;450668.3;4792565.9;308.14
23709;449803.02;4793551.69;316.59
56478;450658.25;4793025.84;258.93
23715;450848.39;4792806.78;294.27
89252;449443.14;4793403.9;335.81
89255;449806.93;4793603.44;329.0
89258;450620.89;4792929.56;297.64
23723;450742.76;4792600.8;322.55
23724;449623.77;4793363.8;311.18
56534;450404.84;4793804.35;329.0
56552;450432.6;4793054.46;260.53
23788;450796.6;4793148.72;333.75
89328;450397.57;4792751.04;306.6
89330;450807.3;4792553.81;298.21
23796;451298.88;4793356.6;276.31
56569;449963.6;4793403.7;275.95
56571;450310.15;4793937.95;318.24
56579;450467.9;4793346.72;263.5
56583;450174.66;4793569.72;332.22
56586;450938.97;4792851.9;304.22
89367;450839.06;4793075.17;330.25
23832;450659.63;4792906.53;295.84
89368;450688.04;4793190.16;274.37
23833;450695.7;4792910.96;299.56
56603;450485.05;4793387.09;275.25
89378;450780.84;4792505.08;303.02
23844;450805.68;4792498.0;299.23
56618;450812.4;4792589.31;304.99
56622;449683.6;4793422.69;307.15
56635;451259.02;4793415.2;273.84
89411;450048.36;4792651.79;318.1
89416;450687.43;4792919.49;297.1
56655;450710.0;4792927.7;292.66
23893;450692.45;4792912.82;301.58
23896;449989.51;4793513.43;338.15
56666;450612.68;4792721.5;302.19
89435;451144.11;4793420.26;271.27
23899;449883.6;4793267.89;272.1
56668;450303.53;4793941.23;319.54
23915;450736.64;4792428.68;306.52
56694;450421.04;4793351.93;264.02
89473;450428.36;4793055.23;261.14
89474;450739.74;4792823.49;282.08
56706;450344.56;4793468.99;266.1
56717;450738.0;4792985.51;303.74
89498;450699.11;4792966.63;288.78
89502;450743.92;4792728.09;292.3
56735;450576.0;4793752.37;324.35
56737;450429.97;4793798.82;315.23
89517;450335.84;4793506.92;266.72
23985;449853.05;4793040.93;241.9
89524;450289.31;4794017.53;308.91
89549;450686.59;4792631.5;364.48
89553;450401.94;4793056.48;263.63
24017;451308.34;4793313.61;275.9
56797;450941.2;4792854.52;298.73
89589;450704.18;4792906.01;298.72
56824;450732.64;4793176.05;294.59
56825;451336.36;4793602.99;386.3
89606;451287.43;4793386.25;275.3
24072;449721.63;4793669.57;336.69
89610;450801.92;4793198.65;260.02
56842;451284.93;4793651.09;385.26
56848;450720.6;4792713.19;288.32
89616;450654.73;4792910.78;294.16
89631;449856.59;4793077.73;231.1
24107;450914.87;4793052.66;308.86
56876;450962.59;4793223.72;294.88
89659;450495.96;4793386.76;270.36
89660;450816.16;4792675.23;307.81
24124;450706.16;4793712.15;314.92
89674;450346.81;4793876.43;308.99
24143;450761.28;4793163.8;259.18
56913;450796.31;4792756.31;302.93
24146;450920.2;4792808.18;294.65
89692;450935.68;4793060.59;294.66
24156;451273.48;4793658.44;385.44
89698;450728.31;4792483.78;305.05
24172;450698.87;4793070.63;296.3
24176;450658.55;4792903.84;292.04
24180;450663.46;4792901.36;294.83
89725;450696.73;4792902.26;302.48
89730;450722.8;4792682.92;290.33
89732;450162.19;4792653.4;314.08
89741;450944.05;4793162.99;298.13
56977;450441.14;4793052.02;259.46
89747;451298.91;4793645.83;384.87
56981;450180.81;4793426.31;334.87
56992;450765.41;4793121.69;333.54
89768;450783.91;4793215.27;318.6
89769;450694.27;4793074.21;300.06
57027;450644.78;4792604.67;332.2
24261;450684.31;4793186.95;264.49
89804;449769.91;4793570.09;377.69
24269;450665.41;4792613.91;304.12
24270;450211.97;4793447.46;324.97
89810;450455.58;4792496.02;305.66
24281;449937.01;4793221.78;277.37
57054;450539.97;4792780.87;304.82
89824;449744.24;4793643.25;335.28
57058;450686.25;4793188.05;263.47
24302;451144.9;4793418.94;272.16
24311;449888.24;4793261.34;274.87
57084;451190.24;4793505.91;276.75
57092;450759.29;4792806.75;290.57
57115;451293.24;4793378.01;277.27
57118;450723.63;4792911.86;295.09
57133;450753.38;4792851.14;280.53
89902;450717.78;4792893.56;308.9
24377;451297.99;4793367.45;274.55
57162;450829.52;4792589.31;298.97
24398;450769.15;4792656.58;291.23
89935;451308.36;4793338.38;275.97
57166;450347.03;4793878.34;307.38
24404;450784.57;4793178.3;297.03
57199;450769.02;4793124.46;330.35
89971;450430.58;4793453.82;275.98
57205;450424.89;4793440.44;264.98
57249;449865.34;4793049.49;264.2
57251;450915.58;4792835.58;294.75
90020;450650.64;4792584.13;329.36
90021;449954.16;4793401.38;305.89
90022;449979.78;4793420.18;360.41
24490;450703.37;4792930.33;293.34
90034;449487.53;4793382.45;326.35
24503;451302.96;4793346.72;275.62
24504;450696.23;4792912.1;299.09
57273;450233.11;4793990.5;343.07
90044;450008.86;4793455.52;366.09
57278;450729.89;4792905.44;298.32
57285;451293.88;4793382.32;277.13
57298;450855.18;4792789.63;298.16
24530;450858.81;4793027.29;331.65
24532;450696.6;4792734.14;304.38
24541;450836.42;4792811.11;293.8
90077;449361.32;4793266.08;359.11
24544;449934.81;4793007.63;255.62
57312;449676.41;4793439.56;306.76
57314;450811.01;4793188.12;259.43
57317;450756.7;4793154.03;258.8
24557;450783.57;4793245.56;263.84
24577;450810.48;4792832.91;287.79
90128;450303.38;4793564.23;269.48
90138;450302.4;4792965.58;279.47
24606;450685.95;4793188.28;263.83
57379;450671.86;4792554.61;301.28
24616;449995.28;4793442.65;271.79
57388;450585.54;4793744.25;318.02
57396;451194.29;4793501.14;275.87
90166;449794.69;4793529.28;395.21
90171;450694.48;4792726.36;304.14
57406;450041.76;4793567.57;270.22
57421;450751.62;4792663.64;308.48
57426;451284.8;4793388.67;273.88
24665;450698.21;4792928.84;293.81
90206;451302.97;4793346.72;275.99
57443;450757.99;4793007.84;294.13
24678;450621.9;4792720.05;300.37
24685;450249.9;4793992.66;327.1
24686;450690.32;4793190.41;268.79
90226;450653.0;4792916.21;294.86
24691;451311.81;4793637.86;382.87
90240;450637.0;4792542.17;330.7
90265;450415.03;4793554.08;334.23
90280;449772.69;4793030.11;265.44
24752;449844.96;4793059.81;239.1
57522;450658.22;4792904.74;295.33
24757;451120.87;4793559.63;280.26
24768;450786.56;4793407.12;258.04
24776;450759.95;4792633.51;305.34
90314;450372.97;4793132.3;260.59
24781;450707.55;4792903.4;301.95
24790;450728.88;4792857.16;279.1
90355;450700.74;4792908.21;300.24
90362;450496.09;4792455.2;347.48
57598;450711.0;4792740.26;308.45
24833;451304.47;4793316.57;275.72
90370;450656.36;4792897.31;290.6
90378;450742.8;4792702.63;299.61
24844;450580.09;4792934.78;293.09
57614;449877.06;4793048.57;264.08
57619;450619.05;4792710.2;301.11
57623;451284.82;4793388.41;275.45
24866;451307.78;4793339.32;276.24
24869;450818.84;4793233.12;259.13
24878;450331.6;4793080.83;258.03
57647;450738.1;4792424.89;306.27
24887;450236.9;4793992.73;330.01
57662;450657.17;4792893.49;289.13
24894;450789.14;4793207.87;260.16
24897;450651.69;4792916.88;295.3
24907;451123.9;4793558.07;281.32
90446;450690.49;4792918.69;297.71
24912;450463.51;4793345.82;264.06
90452;450806.86;4792505.6;300.98
57689;450710.17;4793180.74;335.92
57697;450762.54;4793012.27;293.91
57702;450638.45;4792693.6;305.85
90489;449938.85;4793407.38;359.79
24954;450295.6;4793552.29;331.94
24955;450382.43;4793192.05;260.94
90514;449672.47;4793647.93;336.69
24979;450632.24;4792542.42;332.74
57750;451299.96;4793359.52;276.72
24985;450885.55;4792992.57;320.4
24986;450843.91;4792757.34;304.62
57760;450679.12;4792899.39;306.25
24995;450163.62;4793313.07;268.17
57771;450197.41;4792968.86;277.37
57772;449690.48;4793447.17;304.12
90544;450691.62;4792915.18;297.96
25010;450724.34;4793185.56;324.11
90547;450872.66;4793152.28;310.01
90559;450332.52;4793084.38;251.72
90572;450710.38;4792900.06;303.0
90573;450731.79;4792687.65;335.09
90574;450468.36;4793430.4;360.84
90587;450796.49;4792521.71;298.83
25067;450659.37;4792892.33;288.71
25068;449962.8;4793248.61;282.97
57839;450730.4;4792643.23;290.28
90622;450660.01;4792907.64;295.33
25092;450717.4;4792909.71;300.05
25095;450746.16;4793522.63;256.03
57863;449927.84;4793195.58;271.79
57869;450448.71;4792762.99;306.57
90638;450687.48;4793190.38;269.17
57878;450609.13;4792886.43;303.43
57882;450539.83;4792702.22;302.1
25122;450729.4;4792650.07;304.61
90673;450648.92;4792915.6;294.68
57907;450694.94;4792635.12;367.23
90678;450835.89;4793038.0;291.02
90679;450810.08;4792743.07;303.88
25146;450778.98;4793127.4;298.47
25159;450221.67;4794038.88;327.08
90703;450400.05;4793168.55;264.43
90727;451116.74;4793562.71;281.14
90740;450705.49;4793177.12;326.71
57979;450728.84;4792399.22;303.5
90748;450715.12;4792502.97;301.66
57988;450703.62;4792899.29;300.33
90758;450867.54;4793170.79;262.08
25225;450108.4;4794062.59;327.07
90761;450239.25;4793993.67;331.66
90770;451263.4;4793669.25;387.35
90779;450170.98;4792657.23;316.83
25249;450034.65;4792993.48;250.93
90797;450929.56;4792861.71;288.85
58031;450304.92;4792957.33;275.28
90805;450322.94;4793943.34;307.85
25270;450711.65;4792912.06;300.24
58045;451184.95;4793510.38;280.19
58055;451308.55;4793313.87;276.77
90829;450710.97;4792726.84;286.17
25299;450914.39;4793353.65;262.08
25302;450570.03;4793715.98;319.6
90854;451300.95;4793353.13;276.45
58110;450860.46;4792977.48;335.83
25342;450679.99;4793223.8;303.59
25353;450014.98;4792619.54;318.95
58122;450794.02;4792521.7;304.54
25355;450374.87;4793535.57;331.47
90892;450840.25;4793152.38;305.15
25362;449794.98;4793615.42;325.67
25366;450693.03;4792917.73;298.72
90908;450516.07;4793186.49;297.98
90913;450347.5;4793017.6;270.42
58148;450915.9;4793103.24;326.91
58160;450947.21;4793188.08;271.09
90933;450730.2;4793099.49;296.76
25400;450218.66;4793476.78;326.58
90941;450232.98;4793990.17;347.82
90945;450697.25;4792582.21;325.18
58177;450807.87;4792507.84;300.93
90961;451128.76;4793554.53;279.8
25431;450955.14;4792830.26;328.21
25433;450714.6;4792892.46;307.33
90973;450640.8;4792712.13;307.92
25465;450718.57;4793181.65;329.31
58236;450817.67;4793027.99;292.31
91010;450713.96;4792901.91;298.81
91032;450711.58;4792900.53;303.14
25501;451128.41;4793554.16;279.77
91041;450693.08;4793185.3;275.19
25506;450021.15;4793479.69;271.05
91043;451154.68;4793415.07;272.92
58280;449912.0;4793011.26;266.42
58289;450705.7;4793177.85;336.31
58302;449951.64;4793560.78;331.53
91071;450763.43;4793115.74;335.34
25535;451117.59;4793562.07;280.56
25543;450063.2;4793160.5;270.78
25545;450350.75;4793880.45;291.37
25553;450834.57;4793038.7;290.92
25567;450657.63;4792908.25;295.46
58336;449565.05;4793432.3;318.63
58347;450449.48;4793330.22;264.01
91118;450930.6;4793032.99;299.54
91128;450619.17;4792921.38;304.22
91138;450706.36;4792911.3;293.94
58389;450659.56;4792906.59;294.58
58397;450309.14;4792994.31;271.43
91174;450080.92;4793454.85;269.98
58418;450498.36;4793386.69;270.36
91206;451233.1;4793418.09;273.69
58439;450807.4;4792535.63;299.12
58440;451283.8;4793392.45;275.09
91211;450370.8;4793472.22;319.43
25677;451304.3;4793343.53;277.23
58447;450917.75;4792810.31;292.96
25680;450811.32;4793171.63;260.95
91224;449983.89;4793352.42;297.75
58464;450293.17;4794032.81;320.19
58470;450222.88;4793209.57;268.55
58473;450340.41;4793835.9;285.2
25709;450842.11;4793002.45;336.01
91258;450353.46;4793817.36;299.8
91267;451234.81;4793416.24;273.95
58512;450726.86;4792908.67;295.59
58513;451286.75;4793385.98;276.77
58518;450984.89;4792861.23;329.67
58539;450091.88;4793013.12;251.14
25772;450734.41;4792380.77;302.69
58543;451315.61;4793627.87;383.02
25789;449554.53;4793440.29;334.51
58561;450702.68;4792917.71;303.01
58562;450716.63;4792909.77;304.27
25797;450473.41;4792487.24;307.64
25806;450689.41;4792703.84;309.14
58575;450658.63;4792902.68;288.68
25819;450357.28;4793862.8;318.8
91356;450126.02;4793563.04;329.14
91358;450695.31;4792923.0;298.91
25826;450702.9;4792907.93;299.24
58597;450446.72;4792808.65;308.46
91366;450758.89;4793189.01;307.53
25834;450343.35;4793713.72;277.3
58605;450697.96;4792927.76;284.93
91380;450247.21;4792980.99;273.96
25864;450623.63;4792973.23;263.13
25868;450642.67;4792617.22;303.18
91408;450432.82;4793454.87;276.37
25874;450904.28;4793369.56;261.14
58652;451152.37;4793535.71;279.56
91421;450921.23;4792849.25;294.21
58655;450783.44;4793261.39;268.5
91427;450721.09;4792914.17;295.63
91436;450645.92;4792922.32;299.51
25911;450683.53;4792914.85;296.16
25921;451286.78;4793643.74;383.06
91461;450655.64;4792944.92;292.96
91464;450679.63;4792579.06;325.45
58697;450283.33;4794032.13;318.18
25935;450506.96;4792811.51;304.35
58713;449582.64;4793454.2;332.66
91508;450687.86;4792861.31;279.03
91509;450736.28;4792484.73;302.2
25995;451330.4;4793588.14;382.29
91531;450296.82;4794012.79;311.39
91537;450993.56;4792813.04;313.48
26003;450628.31;4793019.91;257.64
91545;450130.3;4792664.68;308.78
58783;450244.99;4794018.18;326.65
91556;450703.35;4792930.32;292.53
58809;450607.7;4792917.76;297.33
26049;450331.73;4792750.72;308.24
58823;450813.38;4792754.49;305.51
91592;450311.37;4793952.71;327.39
26066;450713.99;4792908.76;301.28
91607;450765.42;4792743.53;297.42
58844;450705.36;4792902.29;305.72
58850;449903.59;4793190.85;268.92
26083;450308.77;4793195.57;261.8
26090;450793.13;4792661.28;306.68
91626;450689.92;4792915.03;295.57
58871;451311.21;4793320.37;276.1
26110;450097.95;4794074.86;327.42
58881;450234.4;4793999.02;323.58
91656;450142.77;4792646.99;312.65
91664;450628.53;4792556.85;372.52
58901;450354.26;4793458.0;320.68
26139;449953.98;4793399.61;360.95
58911;451305.54;4793341.11;277.37
58914;450096.16;4793493.95;270.22
91701;450298.67;4794033.55;316.99
91704;450645.43;4792715.33;305.8
91716;450958.22;4792804.65;325.21
91717;449769.11;4793503.51;298.18
26182;449679.95;4793661.03;337.84
26183;450350.16;4794042.43;334.08
58961;450713.16;4792901.62;298.88
26197;450710.35;4792927.54;291.01
91733;449912.9;4793420.0;358.81
26203;451259.04;4793416.26;273.39
91760;450937.08;4793037.55;299.17
59008;450675.83;4792912.51;295.13
91786;449970.29;4793288.82;280.52
91801;450811.58;4793173.61;260.77
59044;450705.59;4792935.66;292.19
91819;450335.74;4793517.72;270.29
91822;450990.55;4792805.83;308.45
91823;450314.6;4793561.49;332.36
59057;449341.46;4793304.17;355.99
91826;451295.46;4793378.52;277.67
59067;450721.33;4792724.93;289.05
26304;449903.73;4793416.79;288.51
59078;450576.65;4793749.13;321.4
91855;450827.87;4792590.85;302.96
59094;450780.33;4793114.14;309.84
59104;450328.17;4793089.36;252.19
91874;450798.82;4793239.79;263.14
26349;450757.45;4792998.97;294.4
59129;450620.86;4792714.32;300.56
59130;450910.41;4793114.24;327.13
91901;450680.4;4792734.2;304.27
59138;450707.34;4793166.6;338.51
91914;450717.48;4792895.25;307.45
59147;450659.65;4793200.44;297.62
59152;450606.58;4792698.76;307.13
59154;450018.0;4793458.17;370.37
59156;450326.98;4793858.42;287.86
59162;450959.49;4793179.24;263.51
59175;450359.23;4793025.77;269.38
26409;450418.41;4793329.73;263.78
26411;451289.77;4793640.99;383.08
59188;450719.95;4792653.02;371.2
26423;451141.32;4793415.52;271.68
91975;449387.56;4793309.98;346.47
59222;450731.23;4792905.05;298.55
59223;450254.54;4793436.62;324.81
59225;449967.99;4793407.27;359.79
91998;450203.53;4793528.17;327.33
59234;450057.66;4793048.65;248.83
92012;450003.62;4793404.72;371.17
59253;450743.4;4793546.26;255.15
26493;450008.16;4793353.87;367.18
59284;450170.51;4793563.26;329.08
92055;450016.49;4793000.15;269.78
59291;450780.27;4792701.68;304.81
59295;450492.31;4793425.42;358.17
92074;450429.11;4793297.26;262.61
92093;450686.4;4792918.82;300.39
59359;450682.98;4792915.46;294.6
26596;450354.41;4792444.48;371.24
92133;450503.76;4792558.47;303.76
59368;451335.77;4793618.39;384.73
59369;451244.77;4793419.79;274.35
92147;450534.74;4793374.3;273.36
26619;449337.73;4793285.86;361.39
59410;450062.1;4792828.08;308.44
92195;450111.69;4793028.37;251.14
92199;450669.96;4792582.79;369.24
26665;450714.98;4792894.43;304.35
26668;450375.02;4792461.2;398.92
59442;449932.3;4793006.81;252.93
92214;449832.73;4793162.65;269.72
59447;450451.95;4792495.25;307.16
59448;450744.14;4793518.71;258.38
59449;451244.93;4793418.07;273.87
26682;450798.41;4792764.05;307.75
59460;451310.04;4793636.29;380.7
92234;450389.59;4793214.57;271.47
26701;450757.19;4792797.1;300.3
59469;450338.59;4793909.92;326.92
59483;450699.16;4792731.7;305.24
59488;450664.06;4793068.54;303.6
92258;450887.74;4793028.42;327.81
92261;450358.82;4793120.42;254.56
59496;450704.51;4792967.59;293.35
92267;450687.81;4793190.58;263.45
26731;450327.85;4793931.35;313.47
92269;450961.78;4793061.4;291.0
59503;450078.49;4792442.37;393.71
92271;451311.54;4793329.52;275.94
26757;450809.15;4792721.69;304.17
92300;450693.94;4792938.66;303.38
59537;451230.75;4793418.12;273.58
26796;450540.33;4792737.89;302.72
26797;449343.59;4793282.71;343.31
92334;451301.53;4793367.55;277.32
92345;450116.49;4793164.79;268.77
26812;450820.48;4793151.4;309.77
26827;450248.95;4792872.14;303.8
26831;450369.0;4792458.98;396.97
26832;451120.95;4793560.26;279.12
92369;450188.17;4792982.24;273.62
26840;450141.06;4794042.31;326.01
26849;450044.21;4793046.25;250.09
59633;450764.44;4793021.42;293.91
26869;450387.63;4793189.48;264.29
92415;450149.63;4792453.54;361.41
92422;449931.63;4793006.55;259.89
26887;449799.37;4793030.55;269.25
92425;450671.83;4793745.55;315.03
26893;449794.1;4793145.31;269.45
92434;451296.21;4793300.73;275.36
26901;450752.54;4792626.27;316.39
26902;450822.77;4792832.01;288.89
26913;450653.42;4792914.9;295.01
26916;450838.0;4792758.7;303.3
92453;450654.67;4792909.53;293.89
92455;450697.88;4792901.54;302.89
26924;450724.34;4793189.38;335.99
59693;450643.72;4792561.04;332.11
92466;449666.53;4793596.15;336.19
26936;450556.76;4792607.99;303.87
59706;450956.39;4792778.26;302.58
26939;450082.74;4792826.68;309.08
59709;450701.08;4792969.11;303.74
59711;450489.16;4792511.2;305.27
26963;450069.89;4792976.21;275.78
92507;449908.04;4793350.91;282.72
92526;450660.07;4792908.76;295.57
59788;450542.34;4792923.24;294.59
92557;450487.08;4793384.06;277.04
59793;449672.48;4793660.35;337.61
92562;450713.21;4792641.13;368.5
27027;450528.07;4792520.28;369.59
27026;450205.02;4793565.28;333.29
59797;450492.84;4793388.34;270.24
27067;450696.05;4792919.1;300.47
59839;450942.23;4792801.05;325.79
92607;450694.1;4793069.51;301.77
59845;450728.8;4793186.2;307.92
92617;450799.67;4793209.19;319.67
27086;450432.45;4793412.39;264.57
27089;450684.56;4792759.36;306.3
59863;450699.67;4792678.57;305.66
27097;450800.7;4793017.29;297.01
27099;450739.52;4792425.54;306.38
59877;450170.89;4793301.25;268.58
59878;450891.29;4792815.46;292.87
27113;450826.09;4792585.44;297.37
27119;450697.68;4792927.45;293.89
27123;450697.71;4792901.22;302.87
27129;451304.46;4793357.25;278.57
92665;451315.64;4793627.75;384.18
92669;451133.35;4793412.3;268.83
59904;450232.47;4792714.53;310.4
27145;449765.87;4793007.76;250.77
27151;450804.63;4792692.13;304.73
92691;450490.8;4793674.39;322.61
59925;449419.38;4793409.52;338.81
59926;450697.48;4792911.33;299.51
27160;450328.0;4792929.0;279.71
59934;450839.13;4792772.23;304.61
27180;451014.09;4793141.54;289.28
92717;450662.36;4792904.13;293.55
27194;450714.57;4793177.88;336.07
59962;449807.72;4793031.86;269.38
59965;451123.81;4793558.15;280.58
27200;450159.04;4793382.59;325.99
27201;450828.6;4792590.05;305.12
59973;450855.35;4793174.28;320.13
27211;449630.18;4793367.87;311.34
59985;450638.52;4792919.31;298.14
59989;450967.66;4793129.34;326.94
27224;450700.13;4792908.93;299.93
59996;451306.36;4793338.64;275.67
92766;450886.38;4792979.04;320.21
27237;450663.52;4792903.16;294.65
92784;451003.2;4792875.89;327.32
60017;450372.48;4792455.94;398.55
60016;449675.56;4793378.34;337.22
60022;450151.79;4793375.71;326.34
27258;450617.71;4792572.98;338.34
92800;450346.64;4793097.14;261.14
27273;451230.51;4793567.91;299.93
60044;450656.02;4792896.8;295.75
27283;450088.81;4793551.23;269.83
92820;450660.39;4792908.07;295.91
60072;450488.31;4793031.51;254.13
27304;449943.91;4793037.29;263.99
60086;450872.56;4792982.13;331.58
60090;450417.25;4793300.26;261.71
92859;450690.93;4792948.51;302.13
60092;450659.87;4793206.75;298.52
27326;449897.65;4793304.55;273.0
92867;450647.81;4792918.76;294.68
60099;450301.91;4792888.84;302.69
60100;449710.13;4793675.76;337.31
60106;450658.38;4792891.67;289.98
27340;449977.32;4793375.08;296.63
27346;449887.44;4793011.46;267.18
92887;450780.21;4792701.73;304.81
60147;450856.49;4792735.53;307.43
27383;450678.19;4793227.44;304.57
60152;450699.14;4792910.91;298.01
27386;450635.44;4793058.25;256.81
92923;451302.3;4793308.58;275.51
60167;449974.34;4793369.23;296.94
60190;450464.96;4792904.6;297.32
60191;450005.23;4793444.68;364.23
27440;450659.61;4792893.82;292.7
92980;450791.92;4792596.78;304.46
92992;451224.36;4793461.0;275.13
27457;450623.88;4792514.52;360.37
60227;450706.37;4792933.35;292.92
92999;450550.07;4792613.33;304.62
93001;450722.98;4792587.85;332.18
27470;450733.11;4793182.14;299.9
93024;450328.82;4793853.79;287.42
27498;450318.7;4793127.13;255.22
60268;450965.99;4793185.03;263.84
27509;450629.54;4792556.38;372.15
60283;450706.78;4792907.37;297.76
60291;449764.55;4793574.28;334.27
93060;449780.15;4793030.61;271.94
60299;450320.55;4794038.16;324.0
93077;450694.3;4793185.74;274.53
60312;450646.27;4793026.07;258.31
27559;450684.17;4792915.83;296.16
60329;450764.3;4792485.33;305.65
60339;451008.38;4793127.67;329.31
93111;450021.59;4793033.92;248.13
27576;450833.73;4793272.57;263.82
93121;450716.8;4792645.13;366.78
93122;449342.16;4793343.22;350.9
60355;450106.81;4792461.91;377.28
60357;451198.41;4793413.44;274.1
60360;450684.3;4792899.05;304.76
60366;450067.13;4792825.29;308.44
93142;450488.66;4792498.06;370.41
27617;450875.2;4793063.54;328.96
93155;450252.24;4793063.05;252.57
93156;450751.19;4792680.69;305.94
93158;450346.06;4793575.05;334.99
60402;450495.35;4792447.45;350.07
93184;450910.56;4793359.51;261.71
27650;450527.14;4792509.61;326.91
27651;450746.23;4793082.46;309.33
27664;450864.95;4792808.97;295.95
60438;451295.92;4793300.94;275.59
60447;449527.36;4793404.61;333.66
60448;450773.54;4793123.22;336.32
93219;451091.77;4793139.57;315.47
60454;450356.72;4793512.68;323.92
27692;451132.31;4793549.55;279.9
27693;450292.82;4793945.41;319.95
60468;450193.58;4792860.85;305.31
27702;450833.12;4792810.97;293.69
27711;450643.96;4792556.52;301.53
60479;450629.63;4792969.01;292.14
93249;450714.08;4792676.25;304.74
93253;450663.03;4792720.46;306.01
60485;450216.84;4792703.95;307.12
60486;450715.52;4792895.45;306.92
27728;450342.9;4793831.24;284.8
27729;450402.38;4793262.45;263.27
27730;450717.02;4792660.41;342.53
27731;450710.39;4793176.95;327.45
60498;451192.26;4793414.01;272.67
93269;451234.83;4793417.2;273.65
27733;449914.91;4793400.17;283.3
27750;450656.53;4792891.83;289.14
93289;450702.57;4793176.9;281.84
27759;450209.42;4792866.32;305.02
27778;450910.7;4793051.79;327.1
60548;450656.95;4792893.56;290.19
93316;450300.8;4792995.03;272.5
27784;450709.58;4792731.26;286.02
60552;450108.44;4792972.19;274.66
93326;451237.76;4793416.85;273.97
60564;451286.01;4793643.28;383.53
27798;450757.19;4792797.1;290.4
60572;450058.19;4792647.33;318.48
60577;449723.58;4793473.87;301.19
27810;450758.84;4793183.81;306.28
27822;450874.86;4793378.64;262.93
93360;450702.42;4793175.85;336.63
27836;449842.43;4793473.78;277.76
60617;450058.03;4792640.83;318.48
93390;450082.34;4793158.67;270.73
27863;451262.26;4793416.09;275.09
93409;449920.85;4793412.1;358.53
93411;450651.3;4792918.96;297.92
27875;450510.99;4793440.09;354.67
93414;450782.23;4792541.19;305.92
27880;450026.34;4793444.36;373.76
60649;450131.96;4793326.65;268.77
60653;450659.12;4792902.16;288.82
93423;450310.18;4793960.62;327.39
27922;450344.07;4793915.62;300.95
93471;450319.65;4792891.0;302.56
93477;450729.96;4793187.67;307.55
93492;450077.85;4793563.45;271.46
60728;451210.36;4793557.42;294.46
27964;450689.42;4793190.4;262.96
93502;450737.06;4792381.36;302.79
93515;450793.05;4793014.58;293.16
60752;450502.16;4792773.37;304.35
60756;450871.36;4793040.4;329.01
60761;450340.27;4793092.68;255.0
60793;450519.44;4792515.08;372.27
93564;450692.8;4793189.51;275.48
60798;450719.39;4792648.01;368.49
60810;450298.31;4792985.15;273.76
93578;451184.76;4793510.42;277.31
60812;450536.23;4792699.38;301.7
28042;449872.68;4793263.05;269.2
28048;451162.27;4793532.21;279.07
60821;450663.16;4793207.04;298.4
28059;449992.26;4793018.44;266.33
28060;451232.99;4793424.97;273.51
28065;450709.84;4792899.78;303.07
60845;451281.89;4793400.37;275.9
93616;450719.34;4793179.36;306.56
28081;450699.48;4793179.04;273.64
93619;450391.62;4793513.6;321.9
93622;450903.8;4793007.38;292.91
60867;450746.18;4792723.94;291.92
28107;450828.19;4793157.44;264.27
60876;450782.55;4792604.18;304.3
93649;449655.67;4793628.39;336.38
60882;451135.22;4793547.59;279.76
60883;450658.84;4792892.64;289.97
28119;450552.94;4792713.29;301.96
93669;450490.37;4793392.1;250.51
28134;450703.39;4793082.27;297.09
93672;450550.45;4792697.03;298.8
60915;451120.5;4793559.83;283.6
28153;449951.49;4793399.59;289.13
93690;451316.29;4793629.39;382.36
60926;450659.53;4792906.57;295.21
60939;451282.95;4793398.95;274.79
28172;449647.08;4793609.88;336.68
93717;450654.81;4792914.03;295.82
93719;450940.9;4792862.49;296.18
28183;450697.31;4793181.18;273.28
60955;450306.1;4793999.59;308.58
60961;450340.93;4793920.91;313.49
60964;450808.54;4792551.0;298.61
60971;450748.85;4792722.94;296.64
28209;450667.93;4792909.53;294.18
28214;450343.78;4793105.16;252.39
28216;450991.74;4792872.53;328.04
28220;449772.04;4793030.95;259.91
60992;450703.88;4793173.62;318.38
93766;450872.42;4792979.46;325.48
28236;450731.14;4793117.61;295.8
93772;451276.6;4793663.89;387.62
28243;450778.1;4792686.37;305.04
61023;450839.42;4792809.54;294.1
93793;450480.48;4792508.87;304.86
28263;450659.08;4792895.15;292.69
61031;450330.89;4792893.81;301.95
28269;450821.91;4792579.33;297.37
28273;450922.76;4792803.01;295.26
61055;450204.94;4792970.95;276.73
93845;450723.41;4792661.76;340.3
93848;450952.27;4792832.91;314.53
28325;450744.95;4792756.36;307.4
28327;450711.4;4793161.08;340.37
93863;451232.06;4793418.37;275.76
28333;450345.37;4793760.54;291.59
28354;450829.62;4793265.75;264.52
28370;450938.4;4792822.98;311.95
61152;450693.05;4792913.09;297.78
28385;450964.79;4793179.91;299.77
93922;450676.02;4792911.69;295.3
93929;450236.92;4792407.33;385.68
93932;451240.56;4793416.41;273.4
93948;450700.3;4792488.38;299.84
93955;450704.53;4792905.79;299.46
28422;450575.91;4792609.28;304.32
28425;450775.67;4793119.96;331.78
93964;450192.68;4792861.92;305.31
28429;450692.84;4792845.33;281.25
61202;449377.96;4793341.95;344.33
61203;450221.72;4794028.07;327.37
93981;450700.85;4792908.38;296.62
28447;450751.36;4792848.79;280.74
61244;450699.9;4792930.56;293.48
94014;450735.93;4792681.13;302.89
28501;450716.45;4792920.62;292.63
94045;450561.23;4792694.35;304.36
61279;450431.79;4793791.02;318.05
61297;449588.64;4793458.99;332.12
61302;450363.03;4793539.79;332.23
94072;450704.65;4793166.87;338.1
61320;450711.97;4793177.9;336.24
28554;450342.44;4793892.84;313.34
94092;450709.54;4793090.13;296.56
61327;450141.26;4792459.93;370.56
28568;450219.18;4792979.3;275.01
61342;450577.88;4793042.33;255.31
94115;450779.17;4793165.27;297.64
94116;450599.98;4792726.06;303.23
28582;450701.95;4792600.12;306.07
61352;449886.61;4793034.74;247.45
28586;451201.2;4793534.34;285.38
28592;449813.54;4793027.98;271.76
28597;450638.99;4792539.38;331.43
94135;450346.19;4793937.48;344.04
61368;449984.13;4793432.91;271.62
61372;450728.5;4792910.36;295.57
94153;450700.59;4792637.7;368.34
94170;450172.54;4794028.79;326.83
94181;450735.94;4792389.66;302.63
61421;451128.74;4793554.62;279.3
28657;450727.69;4793018.51;294.26
94194;450902.4;4792989.21;302.77
28675;450646.57;4792959.14;267.1
61449;450621.36;4792566.15;368.46
94225;450661.43;4792577.07;364.91
94227;450351.77;4793798.79;287.6
94230;450469.62;4792486.98;307.77
61462;450216.17;4793223.43;268.29
28697;450720.7;4792618.9;368.42
28698;449884.78;4793253.39;272.97
61471;450726.62;4792592.62;332.18
28704;450242.43;4793997.87;349.12
28708;449789.1;4793608.41;324.94
94245;450424.55;4792799.01;310.49
28714;449766.47;4792994.98;259.36
28716;449788.91;4793510.89;284.75
94268;450465.62;4792501.39;304.99
94279;450123.84;4794050.98;326.7
94287;451171.83;4793525.34;278.59
28752;449854.94;4793044.26;270.75
94296;450121.48;4792968.73;273.64
28762;450845.9;4793059.25;291.06
28769;450742.49;4793077.5;310.87
28801;449871.52;4793049.99;264.31
94338;450606.95;4792921.38;302.47
94353;449975.11;4793303.27;295.72
61617;450746.61;4792853.1;279.99
94387;450300.79;4792980.06;274.05
94395;450032.09;4792625.32;318.07
61627;450939.85;4793174.9;263.95
28861;450172.73;4793554.02;328.21
28864;450765.47;4793108.62;302.38
61639;450497.37;4792492.51;372.84
94408;450835.85;4793196.77;326.02
28880;449959.54;4793134.47;270.04
28888;450704.13;4792904.21;301.52
94431;450730.28;4792684.29;335.72
28897;449861.78;4793193.97;286.71
94439;449499.74;4793372.46;325.7
28910;450643.38;4792961.6;266.4
28916;450732.69;4792589.25;325.01
61685;451321.37;4793628.13;383.52
61687;449808.94;4793019.93;258.61
28934;450685.93;4793188.33;264.42
28936;450335.95;4793083.77;256.0
94473;450800.98;4792499.27;299.39
94478;449907.13;4793028.16;247.34
61721;450866.79;4792975.26;330.77
28954;450714.89;4792723.51;287.02
94491;450396.2;4793509.65;319.71
61726;450899.99;4793007.24;289.42
61730;449843.33;4793034.92;245.85
28972;450710.15;4792640.92;302.97
61748;450707.86;4793167.42;338.31
28989;450469.82;4793432.76;287.92
28993;451009.73;4793137.56;343.55
94532;450908.47;4793032.18;325.85
94533;450454.4;4792765.4;306.42
94543;449998.38;4793017.86;263.55
29029;450642.77;4792566.2;331.92
61797;450970.64;4792978.69;297.31
61802;450778.87;4793126.8;337.18
29040;450823.67;4793067.53;331.27
29052;450033.68;4792986.91;274.74
29057;450702.6;4792925.7;293.83
61826;450845.18;4793045.27;290.82
29060;450373.86;4792897.51;300.5
61831;450703.93;4793163.29;284.05
94612;450336.45;4793848.28;286.93
61848;450625.82;4792564.6;371.23
94622;450323.29;4793972.36;308.36
94637;449820.74;4793023.36;256.98
29102;450190.24;4793253.35;268.55
29111;450746.37;4793023.57;293.72
61880;450380.97;4793162.73;260.32
94651;450789.7;4793212.37;319.17
94659;449682.91;4793671.35;337.14
94661;450699.21;4793171.02;301.48
94673;450704.06;4792896.44;300.37
29142;450853.25;4793060.29;297.49
61911;449739.23;4793658.56;335.08
94680;450690.37;4792709.73;304.86
61913;450881.25;4793029.04;328.52
29146;451271.18;4793404.88;274.32
29152;450704.36;4793176.03;322.62
94688;451145.78;4793542.04;279.23
29153;450014.14;4793151.52;270.72
94695;450728.98;4792911.03;295.48
94696;449794.06;4793604.47;326.4
61936;450703.28;4793634.67;262.76
94716;451232.43;4793416.03;272.89
29191;450355.51;4793476.14;321.54
29200;449923.96;4793197.94;275.91
29201;449965.58;4793261.62;279.76
61989;450559.56;4792785.03;304.09
94760;450347.45;4793914.87;307.16
94764;450697.56;4793181.15;272.54
94767;450717.3;4792462.79;303.46
62007;450802.99;4793394.65;261.5
94777;450664.41;4793208.96;298.48
29248;451259.18;4793410.41;273.8
29253;450734.6;4793044.34;309.39
29255;450287.2;4794034.43;320.49
94799;450827.77;4792598.48;294.52
29268;450656.51;4792891.54;290.42
94809;450225.67;4794026.72;326.58
29276;450590.7;4792735.34;304.02
29283;450984.93;4793037.71;293.08
62068;450426.93;4793449.06;264.99
29321;450328.98;4793486.28;266.45
62092;451308.71;4793313.81;275.49
94861;450639.53;4792976.09;281.69
94864;450544.57;4792618.57;304.88
29342;450698.92;4792917.08;302.11
62125;449923.06;4793187.73;270.34
94895;450673.35;4792612.3;309.08
62127;449684.89;4793435.1;305.42
94906;449829.8;4793157.42;269.51
29381;450498.54;4792501.61;369.45
94918;450465.49;4792458.82;360.19
94921;450761.94;4792635.75;305.34
62153;451004.37;4793134.75;292.9
94936;450302.36;4794013.23;311.41
29401;450709.35;4792942.46;292.12
29412;449759.55;4792997.63;255.51
62183;450709.41;4792765.34;283.37
29417;450875.73;4792978.57;329.26
62185;451151.82;4793534.64;279.74
29421;450207.75;4794011.2;323.05
29422;450736.99;4792398.5;303.02
62195;449847.94;4793054.42;244.7
94966;451152.02;4793418.89;272.17
62216;450681.74;4792914.19;294.65
29465;450247.08;4793200.63;266.52
95002;450307.68;4793551.89;331.87
62240;450739.47;4793579.21;259.97
62245;450658.99;4792902.78;290.79
62248;451191.81;4793412.8;271.3
29486;450696.04;4792913.63;299.44
29489;450301.91;4793592.8;269.93
29492;449727.94;4793460.76;336.15
95030;450703.22;4792911.55;298.67
62266;450989.71;4792824.95;311.24
95035;451231.68;4793418.74;273.21
95036;450346.64;4793097.14;259.44
62271;450934.65;4792812.85;310.88
62274;451286.34;4793387.67;275.44
29509;450659.1;4792900.65;289.15
95051;450686.02;4792568.25;318.86
29520;450701.67;4793179.57;276.92
62300;450798.52;4793205.08;320.73
95074;450506.88;4793438.71;355.58
95075;450744.4;4792725.51;296.39
62311;449343.48;4793344.06;351.2
95084;450603.27;4792912.77;300.06
62325;450356.76;4793782.33;272.86
29571;450706.9;4792913.8;292.9
95108;450339.54;4794017.31;321.05
29574;450492.93;4793395.66;284.54
62346;450703.49;4792931.03;292.73
95115;450939.65;4793133.65;327.61
62355;449922.73;4793023.84;257.87
62358;451302.51;4793352.47;277.12
29592;450932.21;4793340.39;265.83
95128;450450.04;4793462.09;360.11
95135;450564.77;4792696.5;304.65
95137;450178.12;4792688.86;311.07
62381;450943.07;4792805.51;313.06
29617;450715.23;4793178.69;336.65
62398;450173.48;4792979.47;274.25
62400;450624.93;4792575.67;335.06
95178;450637.9;4792964.23;268.15
29648;449797.68;4793605.62;326.47
29665;449883.69;4793267.27;287.45
95207;450752.48;4792828.95;285.74
95210;450660.98;4792894.55;293.18
95212;450678.66;4792730.13;325.65
29680;450294.46;4794011.44;309.53
62453;450355.17;4792897.31;300.33
62469;450284.5;4794033.73;320.44
29712;450594.95;4792727.72;304.58
95248;450005.72;4793381.66;371.55
29719;450960.05;4793183.84;265.22
95270;451304.02;4793315.84;276.58
29737;450799.71;4793149.45;334.47
29738;449946.8;4793012.71;248.47
29740;450073.85;4792444.52;393.42
62516;450843.03;4793005.56;333.46
29754;450345.47;4793888.95;293.37
62546;450777.96;4792846.37;285.16
29779;450314.65;4793120.13;261.95
29793;450003.48;4793446.26;362.43
62568;449891.3;4793001.66;270.2
29807;450966.89;4792956.28;291.23
95343;450701.24;4792900.47;300.15
29809;450323.59;4793681.49;270.49
29813;450776.0;4792687.3;305.04
95349;450316.93;4793986.89;308.45
29817;450890.04;4793004.25;315.25
62589;449919.15;4793408.95;295.41
62603;450659.84;4792904.05;293.0
95376;450703.41;4792904.1;301.45
29847;451097.43;4793415.4;266.23
95390;451167.59;4793529.94;278.81
62629;450170.7;4793551.37;327.58
62630;450707.31;4792908.11;293.73
29865;450467.25;4792476.59;307.64
95403;450353.32;4793841.19;299.8
95404;449774.05;4793561.34;395.76
29874;450402.94;4793061.43;262.06
95416;450711.74;4792897.51;303.57
95431;449834.52;4793034.54;271.01
62676;450005.77;4793375.69;371.63
29917;449887.15;4793049.93;264.28
62689;449957.13;4793404.07;276.01
29927;450252.8;4793066.57;252.07
95469;450664.96;4792574.11;320.71
29935;450612.92;4792883.52;301.91
95481;450815.16;4793064.88;298.67
29955;450736.57;4792402.86;302.48
62741;450744.71;4792716.96;296.1
95520;450340.8;4793139.5;255.31
62757;451301.68;4793359.83;277.86
62761;449912.01;4793418.88;289.53
30002;449845.55;4793457.33;277.52
95540;451197.74;4793412.0;272.5
95541;450334.21;4793007.57;271.06
30005;450475.85;4793382.31;266.49
62784;450348.35;4792901.08;279.61
62791;449650.05;4793596.19;336.08
62797;450223.27;4792969.8;277.93
30034;450716.53;4793189.14;298.67
95575;450687.68;4792915.34;296.19
62809;450666.59;4792899.29;296.63
62811;450673.76;4793229.7;305.72
95580;450954.55;4792820.09;329.66
62815;449858.86;4793175.07;269.66
62825;450659.64;4792901.55;287.54
30064;450742.31;4792429.18;305.98
95601;450771.67;4793119.62;335.24
30074;450100.3;4794078.71;329.06
62844;450713.24;4793052.8;312.37
30079;451098.03;4793147.36;315.47
30083;451288.72;4793588.99;338.42
62853;451007.34;4792875.91;328.26
62856;450355.46;4793884.91;323.51
62877;450347.07;4792908.38;278.96
30112;450197.05;4794032.93;328.06
62885;450695.07;4792920.48;299.61
95669;450739.06;4792492.39;300.12
95676;450072.14;4793424.54;269.79
30147;450730.81;4792904.83;296.42
30149;450330.62;4793932.17;323.42
95692;449822.8;4793028.17;272.46
95694;450623.83;4792536.24;329.6
62926;451149.14;4793418.02;271.44
95703;450658.04;4792893.71;290.78
62939;450697.8;4792901.54;303.8
95715;450201.62;4793419.51;324.91
62949;449719.99;4793587.04;330.44
62957;450476.13;4792507.22;303.12
95728;450732.9;4792684.99;335.49
62962;449856.04;4793166.11;269.61
62965;449625.07;4793478.22;311.84
30200;450856.01;4793067.22;329.67
62972;450486.53;4792876.02;261.88
95742;450719.81;4793180.85;318.59
30212;449769.49;4793024.87;264.24
62981;451194.38;4793501.75;275.92
62987;451277.4;4793402.43;273.78
62993;450706.14;4792702.53;305.44
30241;449971.07;4793281.0;283.11
95778;450418.52;4792795.78;312.58
30243;450594.17;4793734.63;318.94
95782;449992.76;4793515.59;338.15
63019;450359.1;4793807.54;278.58
63025;451123.91;4793558.17;279.27
63030;450704.58;4792906.02;300.19
95800;450639.24;4792552.78;301.98
30268;450780.13;4792641.81;305.5
63046;450345.75;4793893.92;293.89
63049;450649.03;4792632.54;301.18
30290;450862.34;4792819.83;291.45
30313;451144.28;4793416.34;272.17
30314;449971.45;4793286.79;288.61
30315;450461.16;4793546.93;350.99
63089;450617.68;4792571.23;368.43
63090;450817.74;4793082.32;331.18
95859;450956.96;4792880.14;296.6
63092;450708.45;4792911.52;294.13
63093;450755.37;4792810.87;288.93
95870;450661.2;4792589.89;332.91
95874;450704.19;4793162.75;308.62
63109;450381.5;4793509.71;315.77
95889;450838.0;4792758.7;300.3
30358;451294.48;4793376.38;276.53
63128;450648.81;4792917.34;296.25
95898;450833.08;4792601.25;294.94
30371;450332.92;4793870.51;289.12
30373;450712.61;4792924.78;292.75
30381;450234.94;4793998.3;328.6
95918;450705.73;4793174.31;281.68
30386;450597.74;4792951.61;258.72
95929;449674.37;4793650.54;336.88
95935;451191.73;4793505.87;277.17
63173;450482.4;4792906.49;296.24
95941;450662.75;4792892.36;289.99
63175;450846.7;4792800.72;297.18
63181;450315.58;4792746.31;314.0
30414;451310.08;4793636.13;383.62
30433;450665.05;4792580.98;368.37
95975;450341.76;4793871.86;290.06
63220;450712.53;4792924.93;291.15
30461;450690.64;4792918.93;298.19
63230;450744.86;4792719.88;293.07
30465;451199.05;4793411.16;271.81
96004;450697.26;4792972.88;292.47
63243;450693.63;4792944.2;280.06
30485;450712.42;4792900.0;310.41
96022;450717.47;4792895.43;307.27
30487;451264.58;4793669.19;387.27
63257;450726.64;4793046.34;311.59
30491;450807.59;4792572.61;303.72
63290;450720.66;4792918.28;293.27
63295;450713.78;4792892.06;314.51
96064;450725.29;4793177.11;307.08
96082;451300.31;4793348.4;276.31
63325;450949.17;4792816.32;310.86
96096;451259.55;4793414.09;273.85
30571;450713.24;4792901.56;299.33
30585;450669.78;4792909.24;295.15
63353;450898.92;4793178.88;263.14
30591;449978.68;4793379.49;296.98
30597;450677.01;4792714.59;306.18
30607;450627.51;4792975.04;258.16
63384;450655.41;4792897.12;295.78
30617;450933.7;4792774.69;301.78
30631;450349.67;4792755.68;311.59
96167;450398.16;4792859.75;269.39
63412;450473.55;4793369.24;277.56
30651;450794.91;4793040.0;306.84
96193;451301.73;4793359.74;276.71
96208;450620.23;4792573.83;335.77
30673;450302.11;4794040.45;321.01
63444;449606.0;4793471.3;332.58
30679;450725.15;4792725.36;289.25
96236;450749.37;4792778.23;308.38
30707;450368.06;4792898.32;299.78
30721;450655.49;4792896.64;287.91
30726;450843.07;4793280.11;263.82
63519;450699.08;4793178.87;265.67
96293;450700.77;4792932.01;294.09
63532;450679.69;4792722.8;306.35
96300;450652.2;4792620.2;303.7
63541;450427.97;4792905.36;298.43
63542;450701.03;4792930.36;284.92
96314;450659.85;4792904.12;289.22
30778;450705.41;4792901.8;301.57
96330;450864.62;4792962.81;323.39
30799;450904.57;4793011.44;300.39
30803;450748.88;4792828.35;285.67
30806;450191.87;4793399.79;324.91
96354;450620.69;4792978.91;258.3
96363;450333.54;4793518.15;291.2
30828;450690.65;4793059.39;296.07
96364;450971.57;4793184.9;264.83
30835;450756.55;4792432.16;305.4
96379;451261.07;4793417.85;274.55
96384;450719.61;4792910.88;299.87
63618;450893.9;4793039.43;309.96
30853;450010.25;4793468.37;272.13
30860;450645.49;4792600.27;368.49
30863;450353.66;4793101.61;262.77
30869;450718.29;4792651.16;367.92
96419;449841.94;4793040.07;246.77
96432;449948.85;4793015.06;248.12
30911;449690.09;4793673.01;372.96
96450;451274.95;4793401.63;273.66
63688;450509.5;4792504.64;372.26
30921;450968.19;4792809.71;312.9
96461;450667.19;4792903.61;295.44
30926;450348.6;4793818.67;282.56
63703;449838.61;4793585.58;328.75
96472;451172.57;4793414.53;272.62
96473;450862.48;4793172.17;322.96
96474;450779.17;4793165.27;309.24
63709;450153.54;4792677.78;315.34
96485;449872.39;4793183.04;270.24
63728;449770.67;4793026.3;261.37
96498;450802.0;4793148.5;334.77
30964;450625.18;4792543.69;330.55
30971;450796.58;4792600.54;304.77
96515;451138.8;4793544.66;278.97
63751;450277.21;4793434.1;323.81
30986;450905.92;4792808.08;295.78
63768;450564.37;4792775.36;305.57
31003;450617.47;4793717.64;317.86
63783;450674.1;4792708.04;306.85
63789;450967.29;4792958.0;290.86
63797;449882.96;4793181.32;269.96
63807;450711.15;4793178.83;334.66
31051;450662.53;4792891.64;289.42
63831;450756.52;4792994.5;293.51
31066;450668.16;4792608.26;304.56
96604;450281.72;4793553.32;331.45
63840;450398.04;4793512.92;319.13
31078;450732.06;4792424.04;306.84
31085;450706.24;4793173.95;291.69
96630;449997.12;4793017.55;264.02
31095;449916.82;4793148.28;269.36
96632;450340.04;4794042.41;328.6
96633;450898.46;4793006.38;290.29
63879;449798.43;4793019.68;258.81
31114;450336.38;4793092.73;256.03
63885;450819.21;4792619.34;302.13
63897;450858.97;4793168.6;261.51
31130;450681.42;4792749.91;321.13
96672;450708.44;4792902.69;302.11
63906;451259.52;4793414.14;274.29
31141;449382.59;4793360.87;341.77
31145;450979.32;4793090.11;285.69
96682;450073.2;4792441.47;393.73
31157;450788.33;4792578.04;307.53
63929;450295.43;4793633.24;269.65
96708;450358.68;4793864.13;321.18
63941;450369.2;4793033.2;266.98
96722;450665.06;4793064.39;303.89
63960;450730.85;4792422.18;305.8
96729;450643.81;4792604.8;334.1
31193;451196.23;4793499.54;276.41
31195;449484.51;4793386.53;327.99
96742;450819.07;4793210.93;322.3
31217;450683.08;4792552.16;303.53
31227;450729.15;4792391.39;303.22
64000;451300.4;4793368.49;277.34
64002;450702.59;4792913.08;302.73
64016;450285.55;4793952.27;320.12
64020;450746.21;4793555.29;258.41
31259;450788.21;4792600.3;305.09
96796;450349.41;4793800.6;284.92
31262;450281.0;4793977.75;328.11
64032;451149.15;4793418.09;272.42
64033;450823.67;4792759.2;305.77
31274;450240.14;4792721.75;309.3
31277;450075.94;4793435.27;269.83
96825;450937.57;4792865.46;291.22
64080;450816.18;4792606.62;301.45
64082;450679.7;4792735.07;321.27
64085;450867.86;4793374.94;261.82
31320;450708.27;4792633.68;304.29
64089;450789.91;4792576.26;306.37
64088;449789.76;4793027.48;272.1
31331;450791.38;4792645.89;306.33
64105;450901.77;4793384.14;261.31
96875;450682.19;4793734.7;315.03
64108;450654.15;4792909.95;294.13
96890;451116.78;4793562.71;280.38
31355;450692.38;4792708.94;305.09
64130;450706.63;4792909.02;296.82
96913;450703.61;4792931.63;287.72
31379;450348.93;4792427.82;370.06
96931;450489.78;4792477.5;353.39
31414;450328.55;4794020.28;315.47
96957;450179.19;4792851.14;306.53
31422;450744.03;4793564.92;259.97
64191;450691.12;4793188.33;274.38
31429;450780.92;4792550.64;304.74
96969;450697.26;4792837.01;281.85
31435;450256.78;4793966.57;321.06
31438;450550.01;4792808.22;305.73
96976;450687.95;4792945.54;313.56
64228;450363.65;4792896.72;300.03
31471;451229.99;4793416.09;273.47
64242;450056.21;4793592.51;330.88
97026;450706.71;4792906.94;294.72
97029;450715.97;4792909.86;300.61
97043;450478.94;4792509.8;304.86
64275;450044.28;4792984.2;274.17
97047;450811.06;4793023.92;296.96
64281;450680.63;4792625.66;303.86
64289;450080.42;4792639.19;318.08
64292;449572.76;4793448.32;334.07
64294;450640.0;4792622.06;303.48
97062;450474.48;4793373.98;264.18
64299;449620.36;4793478.03;312.75
97071;450739.43;4792620.29;292.31
97073;451116.74;4793562.72;280.8
64318;450805.56;4793149.67;300.74
64335;450658.61;4792900.01;289.19
31582;450911.99;4793038.32;327.81
64356;451163.41;4793533.12;280.1
97125;449834.19;4793025.1;275.23
31591;450704.26;4792923.92;289.07
97134;450660.17;4793204.58;298.32
97146;451286.55;4793652.56;385.26
97156;451309.93;4793629.21;381.27
64397;450726.86;4792642.54;294.53
31655;450462.77;4793441.66;360.29
64431;450604.51;4793018.53;257.12
64434;449879.73;4793049.84;264.28
31671;449978.34;4793300.36;294.8
64440;450687.47;4792865.76;278.48
31675;450476.23;4793379.38;266.18
97214;450326.2;4793002.18;270.79
97226;450423.23;4793344.07;264.03
97241;450831.02;4792663.47;292.99
31708;450677.08;4792710.41;306.68
64484;451299.84;4793350.07;275.32
64489;450721.24;4793178.32;338.24
31735;450660.06;4793059.22;304.41
97277;449950.5;4793232.72;278.76
97302;451302.32;4793308.58;276.86
97303;450220.04;4792414.22;381.01
31769;450817.05;4792743.53;302.72
31770;450666.1;4792907.53;295.46
97307;450408.9;4793484.68;265.74
31773;449838.86;4793040.71;245.16
31775;450175.95;4792685.41;297.09
64544;450519.15;4792524.94;306.2
31787;450634.67;4792966.44;267.65
64555;450302.94;4793603.85;269.93
31789;450709.62;4792901.89;302.08
97328;451286.04;4793387.65;277.3
64563;450703.11;4792912.56;299.16
31802;449651.51;4793620.91;337.34
97348;450861.77;4793070.22;328.66
97354;450721.23;4792914.1;293.95
64586;450362.38;4793119.0;260.84
31821;450574.38;4793752.25;324.67
31828;450232.47;4792967.95;277.93
97378;450172.39;4793409.5;325.81
31843;451316.14;4793624.32;382.08
64612;450727.42;4792476.09;305.06
64617;450717.66;4793179.01;335.58
97387;450511.33;4792488.03;326.68
31865;449823.23;4793493.82;277.68
64634;450464.35;4792486.43;307.59
64639;450437.21;4793049.09;259.97
97424;450356.28;4794014.15;323.35
64662;450820.22;4792594.21;307.02
64665;450680.67;4792914.83;294.29
64676;450643.81;4792604.8;332.4
97457;450682.8;4792911.13;295.0
31938;449790.43;4793019.04;260.06
97478;450656.96;4792896.14;290.66
31944;451240.56;4793416.42;273.71
97497;451319.59;4793637.27;384.64
97498;450606.77;4792883.41;300.15
97501;450489.13;4792488.91;372.9
31967;450349.72;4793214.59;261.71
97503;449335.67;4793276.38;364.39
64753;450531.94;4793011.76;254.88
32012;450433.19;4793303.72;261.73
64786;451299.73;4793351.93;277.23
32023;451252.54;4793419.08;274.42
64795;450738.08;4792482.76;303.06
32032;450988.58;4793061.8;287.94
97570;450739.0;4792821.44;281.88
97572;450823.67;4793151.38;308.61
97586;450809.38;4792672.9;307.18
97587;450471.4;4793417.72;282.71
97591;450384.31;4793186.72;261.76
64825;450711.75;4793161.33;341.85
32060;449640.36;4793372.41;310.63
97604;450854.17;4792747.42;305.49
32070;450694.97;4792666.59;301.63
32078;449987.41;4793349.46;298.06
97629;451011.21;4793144.69;342.26
32106;450508.35;4793385.46;272.33
97644;451154.69;4793415.04;272.17
97647;450829.54;4793035.67;292.17
32113;450637.35;4792982.56;258.16
97651;450705.24;4792901.73;301.17
97657;450655.61;4792897.03;296.02
97663;450655.56;4792605.81;366.13
97677;450323.8;4794016.94;314.76
64910;450834.2;4793149.48;307.33
32153;451320.43;4793627.43;384.91
32161;450790.75;4792548.97;305.51
32175;450689.59;4793190.68;274.48
32176;451299.21;4793366.66;276.99
64969;449880.69;4793342.74;275.3
64984;449725.85;4793592.22;330.15
64998;449374.53;4793258.67;367.02
32233;450787.23;4792571.52;308.03
32271;450698.01;4793182.05;273.35
97809;450656.57;4792896.0;290.72
32282;450598.26;4792910.31;297.73
65051;450932.35;4792860.37;289.67
65055;450780.07;4793247.17;265.24
97847;450043.56;4792635.87;317.53
97850;450814.11;4792652.0;293.16
65087;451035.64;4793348.49;265.83
97858;450232.9;4793209.47;266.62
65108;450730.03;4792910.18;295.48
65112;450283.39;4792969.31;278.61
65121;450804.24;4793023.09;292.56
32355;450659.56;4792721.99;304.77
65124;449842.81;4793057.97;240.1
32357;449931.14;4793132.47;270.28
32358;450711.83;4792905.99;315.03
97895;450752.48;4792448.41;308.18
65126;451316.06;4793630.7;383.81
32364;450829.57;4792600.4;295.28
65133;450658.32;4792903.98;295.85
32394;450320.83;4793669.84;269.65
32395;449864.06;4793181.76;289.35
32399;450701.25;4792908.62;298.29
65174;450337.87;4793011.21;270.15
65179;451271.4;4793404.76;274.01
65208;450200.74;4792413.67;383.9
32441;450688.02;4793190.7;274.6
97982;450684.04;4792583.93;327.04
97987;449949.48;4793402.99;277.1
97988;450334.16;4793089.04;252.29
32463;450061.32;4793363.58;268.24
32471;450468.31;4793425.49;285.93
65246;450836.33;4792767.87;303.5
98014;450719.95;4792653.16;370.08
65256;450692.11;4792749.73;305.53
98025;450777.17;4793123.52;337.51
32498;450878.2;4793187.76;330.1
65272;450676.02;4792911.78;292.59
65277;450781.87;4792546.38;305.83
98045;450029.85;4792621.79;317.63
32511;450947.61;4792849.68;306.76
65288;450114.37;4794058.5;326.93
32535;449897.3;4793305.16;272.66
98072;450812.8;4792547.17;298.33
98074;449672.36;4793595.79;336.3
65316;450715.64;4793058.26;306.15
32548;449770.51;4793533.21;334.3
32552;450255.64;4793989.27;327.15
98121;450488.57;4793758.06;325.31
65360;450828.09;4792642.1;293.67
65375;450400.47;4793245.68;267.26
98149;450772.03;4793206.2;317.04
65383;450719.37;4792910.37;299.97
65385;450729.32;4793183.84;299.03
98172;450342.62;4793922.24;310.61
32664;450205.82;4792979.66;274.17
98205;450813.7;4793167.92;261.41
98206;449835.62;4793037.41;240.1
65442;449978.45;4793362.17;297.49
65446;450528.71;4792465.91;354.04
98216;451330.65;4793602.45;383.56
98235;451248.8;4793561.55;305.72
32701;450875.2;4793063.54;328.66
32703;450694.71;4792841.8;281.46
65473;450720.33;4792910.86;299.73
32711;449906.63;4793424.09;280.71
32726;450161.06;4793400.48;325.68
32728;450333.67;4793082.44;256.2
98267;450581.37;4793750.07;318.9
98270;450530.51;4792760.48;301.77
65505;450656.44;4792896.44;290.63
65515;450683.66;4792755.47;321.02
98285;450744.02;4792433.64;306.21
32756;451162.29;4793532.2;281.11
65529;449755.49;4793089.84;214.38
32764;450714.85;4792896.59;305.95
