id;x;y;z
8194;329252.13;5106272.89;2006.69
8196;327757.12;5106392.4;1844.8
8197;328042.1;5106512.98;1970.01
8198;328697.66;5106610.71;2017.26
8199;326992.12;5105416.93;1106.88
10;327570.18;5106115.94;1608.16
11;329308.79;5106458.85;2151.72
13;327100.67;5104923.24;965.92
15;328485.71;5106620.78;1991.61
16;328690.49;5106629.32;2030.87
17;326955.8;5105253.18;1030.53
8210;327021.77;5105653.11;1226.27
8211;328938.93;5106452.67;2013.02
8212;327756.1;5106061.46;1617.38
8213;329490.4;5106414.41;2088.28
20;329198.99;5106256.21;1988.55
8222;327043.11;5104874.2;925.86
8223;328936.58;5106451.6;2012.18
32;329251.01;5106427.24;2015.27
8226;329305.07;5106477.69;2186.32
8228;328028.99;5106460.19;1900.88
8231;327143.83;5104826.36;953.95
42;327449.48;5105913.05;1458.61
43;326929.6;5105245.58;1027.87
47;329075.0;5106278.06;1964.57
8241;326929.78;5105182.24;1000.48
8242;327023.5;5105108.63;996.94
8246;328552.37;5106619.09;1990.42
60;329035.86;5106615.2;2058.88
8254;327728.74;5106274.21;1724.82
65;328690.15;5106617.52;2024.14
67;327765.05;5106402.82;1840.64
70;328046.2;5106558.99;1984.7
71;329376.7;5106593.54;2146.67
77;328700.17;5106609.54;2016.26
78;328037.64;5106491.96;1936.26
8270;329257.79;5106515.27;2133.96
80;327018.74;5105651.38;1226.87
8271;329371.72;5106472.99;2075.55
81;329281.23;5106532.14;2149.4
83;327716.99;5106396.63;1816.92
79;329310.75;5106388.02;2087.81
89;326981.27;5105296.52;1058.89
91;329444.61;5106627.37;2237.45
92;327906.22;5106429.0;1844.43
8286;329257.95;5106423.88;2150.56
8287;328028.11;5106554.61;1981.61
8288;327091.46;5105780.27;1347.1
95;329396.72;5106468.23;2095.74
102;329046.63;5106414.9;2114.62
106;327952.64;5106554.87;1920.17
107;326998.81;5105694.36;1265.65
8299;329085.75;5106472.18;2066.18
110;327497.76;5106446.53;1787.29
8303;328810.46;5105975.46;1799.83
121;328925.96;5106471.22;2019.62
8323;327802.65;5106040.29;1605.63
8324;329042.02;5106404.58;2107.12
137;327609.4;5106401.94;1916.51
8330;327191.64;5105758.28;1332.31
143;327002.29;5105209.39;1031.65
145;327399.19;5106424.72;1750.61
8337;328935.87;5106551.89;2030.59
8340;328105.03;5106577.48;1984.42
8341;327016.99;5105658.0;1246.26
153;328687.87;5106603.14;2013.69
8346;327108.77;5104897.15;954.44
155;327740.57;5106185.83;1669.17
160;329449.3;5106431.28;2080.32
8353;328954.58;5106466.75;2018.15
161;329427.76;5106443.7;2147.48
8356;327384.27;5106378.28;1717.25
8360;327693.59;5106363.15;1794.84
8361;327865.9;5106361.16;1763.21
169;329133.68;5106568.14;2071.28
8363;328947.7;5106455.65;2015.15
8364;328109.5;5106635.1;1973.67
8365;327817.94;5106341.42;1751.57
177;327654.31;5106365.41;1863.4
8371;328893.78;5106152.34;1886.29
8372;327797.69;5106066.56;1620.95
184;329414.08;5106450.0;2207.29
191;326980.07;5105486.32;1143.19
8384;326972.71;5105286.41;1048.93
194;327344.15;5104925.42;1052.75
8388;327223.56;5104932.61;1018.58
199;329277.31;5106447.13;2174.85
201;329334.35;5106415.35;2026.49
8395;326972.41;5105680.73;1268.24
8397;327647.94;5105965.98;1520.36
206;329462.57;5106413.32;2213.52
208;327039.85;5105741.83;1304.9
8402;328015.65;5106489.24;1911.47
8403;328681.54;5105741.49;1677.59
8404;329285.24;5106402.88;2018.44
213;327208.9;5104906.34;1000.68
8417;329400.91;5106576.87;2141.48
8418;328050.27;5106604.0;1976.38
8420;327556.86;5106086.7;1586.95
8424;326921.89;5104808.38;825.36
234;327793.78;5106339.64;1748.79
239;328642.07;5106595.0;2001.13
240;327069.8;5105787.0;1338.34
8433;327904.27;5106393.07;1793.43
8432;329372.6;5106481.97;2169.51
244;329005.1;5106493.15;2067.24
8437;327400.42;5105846.05;1417.84
8436;326931.85;5104812.74;835.59
8439;327125.25;5104825.74;946.99
249;327837.74;5106439.4;1828.67
8442;326967.41;5104863.52;889.53
257;329524.3;5106421.43;2096.12
8450;327419.1;5106446.74;1769.46
258;329273.12;5106528.6;2190.71
259;328976.71;5106259.82;1972.11
262;329424.11;5106478.16;2230.99
265;329236.23;5106496.93;2066.67
8457;329256.26;5106278.05;2010.09
270;329152.03;5106545.81;2063.82
8463;327735.53;5106279.91;1712.37
8462;329389.78;5106462.78;2153.85
8472;327903.5;5106357.9;1787.96
283;329059.77;5106437.83;2164.22
8479;327669.79;5106347.73;1838.02
287;328463.82;5106595.59;1974.29
8482;328927.14;5106524.19;2056.12
8484;327768.4;5106456.82;1842.37
293;328703.51;5106621.86;2027.65
292;328745.91;5105825.18;1730.4
296;327637.49;5106395.39;1867.42
8491;328030.16;5106462.61;1897.37
303;329256.99;5106457.47;2023.83
305;329252.27;5106401.37;2147.22
8500;328994.32;5106298.36;2003.52
8501;329058.56;5106430.85;2144.76
309;329402.25;5106468.29;2204.48
312;328925.33;5106481.44;2025.14
313;327743.22;5106008.14;1580.45
8506;327766.62;5106413.02;1841.5
317;327346.96;5104944.15;1058.52
318;328927.36;5106235.12;1951.41
323;327941.94;5106556.9;1920.87
328;329197.75;5106386.64;2182.37
8521;327908.77;5106429.98;1844.5
329;327043.49;5105712.82;1274.66
8523;328992.31;5106296.91;2002.69
8524;327658.25;5106345.55;1848.03
335;329263.62;5106522.88;2059.75
336;329169.31;5106450.44;2017.59
345;329303.24;5106445.21;2141.52
346;329038.03;5106393.67;2095.59
347;327675.38;5105976.3;1539.09
8543;328870.97;5106073.42;1846.91
8544;328870.97;5106073.42;1846.41
355;329313.53;5106386.41;2084.66
356;329035.5;5106360.4;2075.77
8548;328983.2;5106246.44;1963.01
361;329287.09;5106402.84;2018.88
8555;329241.48;5106400.48;2150.15
8558;327943.62;5106555.89;1920.82
369;326952.82;5105248.76;1031.0
8561;329425.17;5106478.18;2231.35
371;326928.91;5105231.3;1021.65
373;329239.09;5106398.46;2150.25
377;327558.26;5106089.34;1589.64
8569;329275.55;5106529.05;2189.75
8571;326995.55;5105388.62;1097.87
379;327339.77;5104942.13;1071.44
8576;326980.31;5105508.1;1140.57
8577;326930.17;5105213.93;1014.36
8581;327960.74;5106598.29;1970.52
391;328947.79;5106500.32;2045.33
8585;329110.27;5106258.39;1962.71
394;328721.96;5106634.65;2028.28
8587;328044.42;5106533.07;1971.15
8586;328947.16;5106462.91;2016.97
8588;329429.1;5106430.18;2203.19
8590;329461.37;5106629.37;2331.61
8592;329265.97;5106286.48;2012.63
8594;326991.0;5105412.81;1110.2
403;327416.76;5105899.59;1448.22
8596;326974.42;5105542.04;1164.89
8595;329058.44;5106468.08;2060.9
406;329223.06;5106504.8;2121.35
405;329275.49;5106529.12;2183.7
408;328787.71;5106614.7;2023.56
8601;327661.84;5106299.33;1755.54
409;328998.58;5106299.6;2007.43
8603;328040.77;5106508.13;1966.97
8604;328943.56;5106453.04;2011.86
413;327934.81;5106509.14;1881.49
8605;326997.79;5105398.15;1101.49
8598;328619.91;5105718.37;1622.16
416;326937.19;5105247.64;1032.86
8609;327020.73;5105142.39;1011.2
8610;328938.13;5106517.74;2055.28
419;328107.46;5106636.54;1973.7
8612;329035.72;5106492.52;2067.61
8611;329288.43;5106434.33;2027.7
423;327733.28;5106198.8;1670.28
426;328044.26;5106599.17;1968.67
8622;326975.73;5105665.39;1249.19
430;329244.27;5106514.58;2131.85
435;329134.09;5106509.81;2076.69
8627;329136.47;5106448.59;2022.64
8628;329121.6;5106442.76;2102.39
8633;329465.62;5106401.93;2211.31
8634;329296.16;5106535.16;2081.79
8636;327745.55;5106026.23;1590.21
445;329426.66;5106585.84;2149.8
8638;329366.56;5106585.41;2133.73
448;329291.79;5106455.32;2185.37
451;327325.17;5105846.37;1401.8
452;327027.67;5105113.92;999.95
8643;327049.85;5104875.59;928.86
8646;328885.69;5106114.62;1866.53
8647;328045.84;5106518.9;1970.33
458;328699.4;5106617.53;2022.68
8650;329201.13;5106381.69;2180.34
460;329306.08;5106346.61;2046.3
462;327601.72;5106198.83;1670.7
8655;329092.45;5106437.75;2191.8
8658;327640.75;5106390.92;1869.56
8659;327859.94;5106429.67;1832.92
468;327916.56;5106558.79;1902.74
8662;329218.49;5106380.49;2164.51
471;328537.84;5106628.04;1991.17
470;329369.38;5106568.42;2109.93
8665;326972.82;5104713.55;779.25
477;326986.22;5105328.94;1073.85
8671;328923.9;5106186.58;1916.17
8675;327690.08;5106363.81;1792.29
484;329277.95;5106306.8;2019.18
487;329358.34;5106545.71;2086.93
8681;328022.86;5106475.42;1900.61
8682;327645.1;5106342.85;1876.2
8683;328165.87;5106614.44;1978.41
497;327270.46;5105818.26;1372.65
8689;329529.81;5106423.75;2097.18
499;326977.78;5105472.03;1133.31
8692;329091.29;5106461.46;2064.2
503;329268.77;5106518.8;2203.93
8696;326906.13;5104832.75;868.48
506;327573.92;5106121.35;1605.69
8702;328934.56;5106458.0;2014.37
8704;329008.0;5106511.99;2069.6
8705;329322.43;5106586.53;2139.73
512;328929.49;5106191.78;1919.84
8708;328326.87;5106642.88;1980.88
518;327865.52;5106420.64;1841.85
8711;327741.6;5106139.47;1654.44
520;329269.24;5106424.87;2019.72
521;328676.51;5105732.23;1660.39
8713;328929.65;5106448.28;2002.7
523;327567.65;5106089.39;1592.16
8714;329068.25;5106273.85;1960.64
529;329096.31;5106249.8;1957.59
531;327956.81;5106571.44;1928.26
8726;327424.83;5105905.26;1447.78
534;329013.65;5106604.59;2049.5
8728;327629.96;5106245.01;1702.87
8727;326989.19;5105333.85;1076.99
8730;327487.78;5105926.58;1466.74
538;326980.0;5105615.63;1208.21
535;329256.96;5106464.26;2022.99
536;327074.14;5104887.37;943.67
8734;329098.87;5106577.66;2060.42
8735;327046.6;5105758.81;1320.75
540;329051.48;5106268.0;1965.27
545;327751.97;5106315.11;1727.15
8737;327574.68;5106299.97;1735.85
8739;329093.47;5106485.15;2036.73
8740;326991.9;5105308.38;1064.19
547;329239.66;5106336.73;2073.35
550;327355.11;5105844.34;1406.5
8742;329311.21;5106472.77;2160.7
552;329088.57;5106469.88;2068.84
553;329465.85;5106425.37;2081.01
554;329103.89;5106251.51;1962.03
8745;327961.23;5106564.68;1926.49
8753;327728.95;5106252.14;1699.23
563;327634.37;5106406.3;1801.04
568;327561.79;5106146.49;1624.73
8760;326976.86;5105297.71;1055.06
8762;329423.83;5106618.74;2202.57
575;328951.41;5106498.19;2044.05
576;329460.28;5106433.29;2082.51
577;326943.42;5104822.98;871.46
8770;329271.84;5106526.41;2148.57
8771;327052.91;5105745.24;1283.95
8775;328128.37;5106588.8;1985.84
8781;329027.93;5106493.85;2076.59
8782;326908.71;5104833.68;867.48
8784;328842.55;5106582.96;2020.55
595;326955.61;5104822.0;873.4
8789;329015.55;5106505.51;2079.82
8790;328773.54;5106641.12;2042.27
8799;328674.43;5105726.54;1650.84
8800;329278.45;5106403.04;2016.23
8805;327729.28;5106261.16;1703.73
614;327665.55;5106348.8;1839.59
8810;328161.11;5106621.27;1978.16
619;327024.24;5105087.71;990.55
8816;328835.72;5105991.41;1806.33
8822;327926.92;5106488.27;1870.81
632;327120.22;5104846.37;944.77
8825;326981.95;5105628.62;1217.82
634;328405.07;5106620.24;1982.77
643;328736.56;5105826.81;1724.95
645;329079.0;5106585.61;2060.13
650;326932.45;5104845.75;873.51
654;329298.54;5106534.05;2082.7
658;327282.94;5105813.19;1374.02
8852;326928.74;5105216.11;1014.99
8853;327600.12;5106202.28;1669.01
662;327190.76;5105788.5;1362.51
8857;326996.65;5105332.04;1085.09
8859;327022.98;5105666.39;1252.77
667;329050.6;5106421.57;2128.57
8861;327724.85;5106272.96;1715.51
670;327987.99;5106561.51;1949.44
671;329043.48;5106408.69;2111.28
672;326987.98;5105258.62;1045.99
8866;329188.86;5106436.51;2021.36
8867;328759.38;5105860.41;1749.08
8870;326968.42;5105565.47;1180.64
8871;329061.52;5106445.39;2220.07
8873;328032.08;5106500.38;1931.49
681;329282.1;5106530.3;2071.18
683;329307.25;5106474.47;2172.13
8875;326902.31;5104830.81;865.8
8880;326958.82;5104804.02;871.26
689;327445.63;5105907.97;1460.59
8888;328055.43;5106480.54;1939.15
8889;329005.61;5106309.21;2015.38
698;329262.97;5106464.15;2205.22
701;329000.01;5106303.11;2009.1
8894;328050.37;5106611.1;1976.46
707;327650.33;5106383.24;1865.36
8900;329436.04;5106586.58;2155.53
8901;329254.01;5106513.71;2072.92
711;327690.63;5106349.04;1796.74
712;328651.43;5106596.75;2004.8
713;329015.83;5106496.42;2067.58
714;329110.45;5106436.28;2139.48
715;327581.0;5106384.69;1781.61
717;328825.34;5106587.84;2017.31
721;327751.06;5106112.09;1635.11
8913;329168.51;5106251.32;1973.08
726;328692.85;5106617.12;2021.59
8918;329432.6;5106441.74;2192.26
729;329039.98;5106396.39;2097.02
730;327508.35;5105928.61;1469.7
8924;328997.2;5106297.7;2006.15
735;329313.52;5106300.66;2032.67
8930;329253.95;5106515.66;2096.11
8931;327836.08;5106456.69;1838.34
738;329218.71;5106404.94;2191.39
741;327259.51;5105812.06;1372.1
746;329469.89;5106425.6;2080.5
8940;327671.76;5106373.72;1800.1
749;327815.59;5106344.58;1743.28
748;329137.35;5106436.45;2016.39
8943;329400.13;5106468.39;2212.96
750;329439.09;5106630.04;2233.71
8947;329273.34;5106291.49;2014.96
758;329169.09;5106438.02;2012.98
761;329208.63;5106352.1;2131.99
8954;329302.15;5106536.37;2074.2
8955;327758.95;5106144.66;1662.89
763;327406.41;5106424.46;1752.72
766;328033.29;5106496.5;1932.23
8961;328883.42;5106107.01;1864.66
771;328979.25;5106453.86;2011.1
8964;327400.6;5106427.58;1752.56
773;328979.25;5106453.86;2011.6
772;329196.23;5106442.89;2032.13
8967;327949.19;5106547.88;1919.29
777;329403.38;5106459.9;2164.4
8973;329262.6;5106432.36;2157.02
782;329472.25;5106407.92;2218.46
8978;329358.15;5106481.64;2198.11
790;327417.22;5105857.31;1425.85
8983;328518.63;5106622.1;1981.6
793;329252.29;5106362.31;2110.52
8988;327942.57;5106517.6;1891.98
797;328989.98;5106291.08;1996.93
8990;329425.46;5106617.09;2221.57
799;327634.88;5106399.01;1873.44
8991;326932.08;5104850.08;873.29
804;328929.2;5106221.46;1948.44
8997;329271.65;5106496.41;2200.81
8998;329012.3;5106317.11;2024.05
807;329093.44;5106485.21;2041.59
806;329410.83;5106618.14;2194.96
9003;327023.62;5105123.05;1003.08
815;329381.47;5106482.57;2087.44
816;329366.01;5106590.17;2137.97
817;327961.09;5106599.14;1972.25
9011;329285.01;5106454.42;2186.0
819;329440.14;5106621.44;2231.63
9013;329023.5;5106493.4;2076.03
823;329077.87;5106469.14;2069.57
827;329321.49;5106589.47;2140.67
828;327540.76;5106364.35;1763.11
9021;328858.72;5106054.77;1833.35
831;329276.48;5106523.45;2250.02
9026;327011.02;5105183.77;1023.47
9031;329406.51;5106429.48;2071.5
9032;328761.54;5105868.71;1754.97
842;327622.23;5106411.46;1873.55
843;329303.21;5106445.09;2127.68
9039;329369.71;5106479.12;2178.61
848;329054.98;5106427.22;2134.7
849;328050.44;5106477.92;1938.91
850;327929.22;5106467.38;1861.99
851;326929.04;5105207.16;1010.23
9045;329460.84;5106431.45;2082.11
853;329420.32;5106411.74;2121.58
9047;327750.68;5106397.41;1841.96
9048;327889.58;5106368.34;1778.47
861;327630.7;5105960.61;1515.23
9054;327964.41;5106636.94;1979.06
863;327649.9;5106330.58;1767.51
9057;328954.0;5106466.11;2018.15
9058;328087.28;5106639.24;1976.44
868;329205.53;5106396.42;2187.95
9061;327730.17;5106239.33;1693.73
9063;327655.28;5106296.42;1751.84
9066;329124.84;5106448.79;2093.98
9068;327573.03;5106125.62;1607.11
877;327985.23;5106669.34;1993.69
878;328883.48;5106090.97;1848.68
879;329221.73;5106419.67;2198.85
880;329167.56;5106532.91;2070.69
9075;328775.56;5106635.63;2037.19
892;326914.23;5104829.85;867.37
893;327337.93;5104874.68;1058.34
9086;327287.86;5105830.84;1395.44
9087;329054.15;5106437.95;2156.14
896;327198.2;5104868.7;981.57
900;327675.11;5106363.81;1793.95
9093;329113.23;5106254.51;1968.78
9094;329055.19;5106423.71;2134.41
9096;329018.11;5106342.14;2034.55
906;326975.83;5105607.18;1206.98
9099;326932.04;5105237.44;1024.94
909;327718.26;5106320.25;1741.74
910;327640.32;5106401.15;1802.66
920;327761.76;5106411.87;1843.36
921;329295.37;5106529.52;2140.67
9114;327061.0;5105740.61;1297.26
9116;327008.68;5105686.99;1264.83
9117;327017.58;5105172.01;1021.45
9119;327560.83;5106108.04;1602.45
9120;329246.88;5106442.08;2018.15
936;327682.7;5105982.22;1538.04
943;329251.89;5106377.38;2122.3
946;327604.66;5105955.42;1505.92
9140;327017.08;5105649.33;1237.72
9143;327014.61;5105146.7;1010.89
954;328962.0;5106455.06;2015.56
9147;328935.06;5106522.69;2058.76
9148;327614.72;5106183.24;1654.2
956;329402.3;5106462.22;2171.83
9150;329258.67;5106423.7;2150.57
9151;329367.0;5106478.16;2188.03
9161;329403.87;5106471.74;2204.48
9163;328435.55;5106616.94;1983.63
971;329279.8;5106451.08;2175.17
972;327230.15;5104935.41;1022.48
9170;327928.03;5106566.85;1916.83
9171;327025.35;5105091.95;991.32
9173;329018.43;5106342.43;2034.53
9175;327645.39;5106339.85;1876.83
9177;329273.79;5106482.66;2196.49
987;328485.64;5106611.5;1983.83
9180;329430.88;5106498.57;2295.75
9182;327651.39;5106362.91;1869.4
9183;327913.78;5106402.6;1803.17
9195;328794.19;5105959.39;1789.27
9199;329439.8;5106620.88;2267.34
1009;328992.19;5106569.57;2047.09
1010;327023.52;5105063.01;977.46
1011;329450.59;5106620.6;2313.33
9207;327452.07;5106452.31;1780.54
1019;326989.39;5105251.65;1041.28
1020;328964.08;5106452.5;2012.32
1022;329379.36;5106482.83;2091.75
9215;327728.59;5106272.72;1708.07
9216;327722.63;5106295.17;1733.2
1024;329287.28;5106317.86;2020.4
1027;327117.07;5104833.98;946.51
1033;327647.25;5106324.74;1765.33
1039;329149.3;5106423.72;2010.0
9232;328596.47;5106598.26;1994.59
9234;329380.71;5106472.07;2205.39
9245;328660.7;5106600.74;2009.59
9246;328819.52;5105976.98;1801.58
1055;329075.21;5106439.44;2217.95
1057;327119.47;5104826.57;947.2
9249;329188.08;5106350.58;2157.11
1059;326929.18;5105184.41;1001.49
1060;327008.89;5105185.98;1023.11
1058;329488.32;5106412.96;2087.23
9254;329308.12;5106304.11;2033.17
1064;326894.85;5104667.21;745.86
9257;327728.59;5106272.72;1717.21
9258;329295.93;5106458.9;2188.78
9259;329325.41;5106566.12;2118.05
9264;327658.65;5106381.86;1800.44
9265;326988.69;5105248.8;1040.76
1075;329443.43;5106620.03;2276.85
9269;327749.77;5106106.14;1633.82
9270;327419.3;5105860.64;1432.96
9272;329002.18;5106305.31;2011.84
1082;327644.18;5106388.99;1873.33
9275;326914.31;5104803.94;810.78
9276;326991.47;5105337.76;1078.9
9280;327440.25;5105905.96;1450.06
1088;329039.45;5106385.51;2089.03
1090;329304.69;5106452.92;2143.07
9284;328782.75;5105916.86;1769.95
9290;329300.42;5106535.48;2074.3
1099;328447.49;5106602.75;1977.22
1098;328700.38;5105769.95;1695.8
9293;329300.76;5106409.04;2106.87
1104;326975.35;5105608.06;1206.1
9297;327906.13;5106548.42;1886.04
9298;327911.01;5106417.54;1813.99
1105;327181.32;5105783.58;1358.82
9299;329040.14;5106400.82;2101.54
1108;329254.38;5106490.05;2032.56
1107;329337.48;5106595.35;2147.06
9300;328812.54;5105977.62;1801.8
1118;328000.15;5106564.69;1967.55
1120;329205.98;5106368.87;2164.23
1123;328872.88;5106076.35;1850.19
1126;327600.25;5106411.31;1911.08
9319;327754.94;5106067.27;1623.15
9318;329383.0;5106452.97;2188.37
1133;327753.43;5106037.73;1597.65
9326;327711.12;5106000.32;1561.07
9327;329001.13;5106576.25;2040.31
9332;329251.34;5106429.78;2014.3
9333;326989.26;5105338.82;1078.65
9334;326986.23;5105260.32;1046.42
9336;327902.94;5106518.18;1869.42
9338;329430.0;5106486.89;2243.57
1147;328772.77;5105886.31;1757.79
9340;328005.55;5106569.63;1968.01
9341;329423.94;5106456.35;2093.17
1157;329043.0;5106482.31;2065.02
1158;329390.47;5106592.0;2148.49
9351;329260.91;5106428.78;2158.1
9352;329486.8;5106418.92;2220.42
9354;329336.34;5106418.42;2029.72
1162;328940.98;5106241.93;1952.97
1165;329248.19;5106354.13;2108.87
1168;329088.27;5106262.84;1958.58
1171;327646.66;5106360.13;1873.68
9363;327978.69;5106645.35;1984.82
1172;329252.08;5106476.36;2028.74
9367;326917.75;5104809.02;820.11
1176;329358.49;5106442.88;2054.81
9370;329019.42;5106495.8;2066.34
1182;327867.25;5106420.3;1845.06
9376;329319.13;5106430.69;2037.1
9380;329231.32;5106489.5;2063.07
1193;329427.37;5106492.68;2282.27
9389;329275.1;5106488.1;2200.14
9394;329387.78;5106469.01;2096.79
1203;328998.78;5106493.41;2066.78
9396;326975.85;5104859.02;893.99
9402;329406.78;5106457.3;2204.06
9403;329249.88;5106472.47;2025.03
9404;329358.95;5106600.14;2146.23
1213;329155.02;5106316.52;2128.41
1211;329243.39;5106422.82;2013.2
9407;327747.36;5106409.63;1838.94
1219;327582.53;5105946.8;1495.56
1220;327735.85;5106398.68;1843.69
9412;329416.48;5106413.33;2119.73
9414;329274.11;5106529.33;2070.81
9415;329380.25;5106479.28;2151.04
1225;329103.86;5106474.45;2033.1
9421;328634.98;5105718.66;1625.74
9424;328752.1;5106643.45;2036.24
9425;327595.27;5106376.38;1779.98
1234;326992.76;5105370.33;1091.13
9427;327497.33;5105926.27;1467.77
1237;329089.79;5106438.55;2194.18
9433;329329.71;5106553.9;2081.56
1246;329208.84;5106361.32;2139.01
9439;329093.26;5106475.82;2034.41
1248;327350.01;5105847.02;1404.73
9438;329440.61;5106630.37;2232.07
1255;327625.41;5106398.85;1869.62
9447;327643.84;5106391.07;1873.48
9453;327403.43;5105873.88;1436.08
9454;327446.43;5105917.66;1458.55
1261;328781.32;5106618.42;2027.84
1266;328951.44;5106497.94;2056.27
9466;326939.93;5104858.19;876.29
1278;329127.44;5106450.03;2091.45
9470;328714.35;5105786.95;1711.93
9472;329302.57;5106541.56;2100.06
9473;327978.47;5106555.9;1922.47
9475;326974.05;5105266.13;1040.31
1284;327604.03;5106238.7;1712.79
9477;329019.12;5106343.4;2034.23
1286;329252.7;5106469.17;2025.6
1283;327121.64;5104744.97;853.12
1285;328883.43;5106113.07;1865.39
9483;329433.91;5106598.82;2160.24
1291;328921.7;5106184.15;1915.27
9486;327253.37;5104929.67;1030.04
1296;327665.6;5106348.65;1849.18
1297;327784.6;5106336.44;1740.49
9491;327960.55;5106641.23;1979.56
9492;329189.11;5106260.23;1987.14
1300;328689.09;5105743.77;1683.32
9494;329396.97;5106586.18;2146.68
1305;329207.43;5106367.12;2143.06
1306;326995.55;5105238.42;1039.03
9499;328838.54;5105992.86;1806.68
1310;327987.14;5106493.41;1897.1
9505;327914.66;5106436.79;1845.11
9506;327035.12;5105667.31;1257.34
9507;329350.99;5106598.54;2144.22
1313;329304.7;5106440.04;2126.51
9510;328926.76;5106468.98;2018.19
9513;327706.3;5105998.96;1559.75
1322;328093.44;5106633.74;1975.74
9515;329039.08;5106372.24;2084.52
1324;327726.83;5106273.58;1707.28
1326;329433.16;5106595.97;2158.37
9527;327913.56;5106414.04;1812.11
1335;328831.42;5105986.34;1803.57
9529;329323.25;5106367.32;2062.94
1340;329413.9;5106583.71;2147.48
1343;328008.4;5106481.41;1897.75
9535;329396.28;5106400.1;2104.29
1347;329376.5;5106472.77;2084.52
1349;327875.51;5106421.38;1845.89
9542;327920.64;5106477.93;1866.38
9544;327732.89;5106290.49;1714.11
1357;328853.28;5106022.43;1817.89
1359;327395.26;5105845.86;1417.55
9552;328930.39;5106480.96;2025.14
1361;328930.0;5106485.84;2027.83
1363;328110.45;5106634.85;1980.49
9559;327025.59;5105079.98;988.82
9561;329368.49;5106590.15;2138.28
1377;327728.66;5106245.32;1697.06
1381;327962.92;5106613.9;1975.25
9576;328691.14;5106612.64;2015.86
1389;329012.07;5106247.26;1952.29
9582;329486.6;5106375.06;2213.31
1392;327284.11;5105843.8;1403.84
9586;329312.16;5106462.88;2153.63
9587;326997.72;5105692.64;1264.88
9589;327559.01;5106081.35;1578.44
1397;329422.36;5106455.52;2217.35
9592;327974.49;5106504.09;1894.96
9594;329489.84;5106410.76;2086.58
9596;327204.29;5104888.62;994.33
1405;328051.84;5106560.17;1984.99
1412;327663.89;5106391.95;1805.88
9604;327219.01;5104916.63;1009.03
1414;328101.17;5106644.52;1980.48
1417;327637.5;5106406.85;1810.82
9610;327658.95;5106392.29;1804.21
9609;327973.54;5106641.67;1982.29
9612;326937.28;5104756.32;790.21
1424;329458.95;5106434.67;2082.91
9616;326923.48;5104819.1;866.42
9619;329164.78;5106526.24;2071.73
1428;329369.98;5106569.84;2110.91
9620;329150.94;5106248.09;1972.97
1431;328930.36;5106511.83;2049.86
9626;327721.59;5106305.07;1734.16
9628;329378.43;5106476.3;2079.59
1437;329275.76;5106491.01;2201.46
9630;327020.33;5105663.18;1248.78
9637;329282.6;5106527.51;2066.54
1446;328976.38;5106263.31;1973.73
9643;327646.36;5106388.74;1873.66
1452;329317.08;5106313.13;2038.64
9646;328976.15;5106242.78;1962.2
1457;329428.07;5106445.38;2166.97
1459;329147.29;5106558.3;2069.19
1460;327339.77;5104942.13;1066.72
9658;327038.26;5104865.2;921.93
1467;329043.95;5106450.09;2220.0
9659;329427.25;5106480.8;2234.21
9664;329043.76;5106404.91;2107.78
9666;327820.51;5106467.14;1836.3
1476;327802.27;5106047.95;1610.5
9671;327568.54;5106092.12;1591.65
1480;326930.48;5105182.73;1001.12
1482;328010.94;5106574.49;1967.44
1483;329022.98;5106500.38;2078.82
1485;326996.54;5105334.9;1079.54
9680;327799.27;5106064.38;1618.5
9684;328980.02;5106278.63;1985.05
9687;329159.71;5106414.63;2005.49
9691;327772.38;5106465.28;1840.05
1499;329206.51;5106257.28;1992.23
9694;329275.39;5106293.42;2014.33
1505;326990.73;5105375.09;1098.51
9704;327030.74;5105696.72;1271.01
9705;327020.77;5105135.61;1008.56
1515;328304.63;5106656.74;1982.41
1517;328802.25;5106597.23;2017.05
9709;328938.5;5106553.67;2030.62
1519;329258.14;5106525.93;2073.75
1523;327973.72;5106646.76;1983.38
1526;329426.24;5106423.04;2131.25
1527;329251.94;5106518.56;2140.08
9721;327766.92;5106016.68;1587.88
1530;326991.17;5105340.42;1080.78
9725;326832.91;5104652.81;703.31
1535;326956.33;5104865.33;885.28
9729;329298.96;5106470.47;2187.56
9733;329296.14;5106535.06;2074.51
9734;328927.96;5106224.87;1948.04
1544;327962.02;5106498.02;1891.11
9739;329304.25;5106547.46;2080.56
9741;328008.23;5106481.15;1894.26
9742;327720.41;5106303.08;1734.17
1551;327051.16;5105760.2;1322.48
1558;327661.11;5106342.59;1847.94
1560;327102.02;5104907.23;958.77
9753;329298.53;5106534.07;2087.52
1566;327709.42;5106402.34;1811.36
1567;329388.57;5106470.82;2097.99
9763;328708.13;5106624.17;2028.9
9766;328976.49;5106258.3;1971.92
1577;329423.24;5106410.45;2067.41
9770;329458.53;5106418.16;2213.63
1581;328174.62;5106616.72;1975.47
1582;327055.91;5105726.62;1280.58
9775;329207.38;5106363.55;2142.67
1584;328948.73;5106246.83;1959.47
9777;329171.36;5106431.5;2010.57
1586;327267.53;5104925.65;1034.6
1588;329163.94;5106542.99;2066.02
9784;329383.14;5106471.15;2086.65
9785;327404.05;5105869.19;1435.42
9786;327768.02;5106431.91;1844.45
9787;328559.84;5106617.05;1990.5
1595;327817.56;5106342.72;1751.56
9789;327040.76;5105711.04;1271.84
1602;328749.1;5106643.52;2037.23
9794;329003.36;5106493.57;2066.99
9795;328698.52;5105760.55;1693.56
1606;329428.89;5106431.11;2137.75
9803;327053.76;5105782.64;1327.28
1612;327418.85;5106451.85;1776.31
1615;327930.28;5106460.36;1853.3
1619;326982.66;5105633.64;1228.91
1621;327002.74;5105214.4;1031.94
9814;329094.01;5106459.08;2063.25
1626;327700.81;5105983.85;1554.23
1627;328044.94;5106523.11;1970.61
9825;329370.97;5106566.1;2117.96
9826;326926.11;5104814.5;839.89
9831;328997.91;5106241.78;1954.62
9834;326987.46;5105364.72;1088.99
9835;326783.63;5104627.79;669.69
9838;327882.54;5106421.56;1845.42
9839;328041.16;5106497.4;1947.9
1647;327015.93;5105166.27;1018.37
1646;327118.7;5104834.01;944.77
1650;329409.07;5106576.94;2142.91
9841;329249.22;5106419.42;2013.53
9846;329231.5;5106399.38;2159.89
9847;327599.1;5106384.04;1784.48
9852;329448.23;5106618.3;2309.93
9854;329277.85;5106431.76;2023.52
1664;326985.16;5105425.58;1113.41
9857;326936.96;5105249.46;1029.4
1665;329461.7;5106392.56;2207.33
9859;329291.22;5106527.38;2150.12
9860;326929.61;5104810.73;831.44
1667;329252.79;5106374.4;2120.12
9862;329014.92;5106337.91;2033.23
9863;327304.59;5104926.12;1049.48
1672;329425.6;5106414.99;2068.63
1673;329413.16;5106455.31;2207.2
1675;327657.01;5106314.79;1764.52
9869;329332.67;5106434.19;2044.93
9870;329270.83;5106526.58;2204.62
9871;329154.0;5106519.74;2072.96
1680;326982.13;5104885.76;903.73
9874;328976.05;5106449.17;2000.84
1683;327173.6;5104843.74;968.65
1682;326934.88;5104752.77;787.22
1687;329059.7;5106432.6;2153.32
9879;329430.77;5106592.31;2155.51
1690;328696.18;5105756.45;1692.59
1691;329291.39;5106527.22;2067.14
9888;329424.43;5106445.38;2205.01
9892;327813.93;5106470.97;1836.61
1700;329341.85;5106311.36;2042.49
1704;328889.92;5106144.39;1881.96
1705;328470.61;5106596.25;1973.66
1706;327150.53;5104828.54;957.86
9897;326938.64;5104830.38;871.77
9900;329264.84;5106512.25;2194.47
1710;327643.93;5106342.79;1875.28
9908;329486.41;5106385.46;2212.16
9910;326969.19;5105609.29;1200.08
1721;327663.57;5106311.97;1762.34
9913;329230.73;5106266.01;2007.54
9915;328940.94;5106548.59;2030.46
9917;326972.33;5105676.05;1253.28
1727;327919.42;5106485.46;1866.95
9919;329253.0;5106479.51;2029.21
1731;326974.45;5105683.38;1268.87
9926;329077.25;5106440.56;2218.51
1735;329448.25;5106618.28;2305.73
9931;327440.78;5105910.48;1461.55
9934;329190.23;5106255.1;1985.78
9935;329030.37;5106611.15;2056.39
1745;327962.92;5106620.42;1967.75
9938;327746.38;5106016.25;1570.23
1747;328661.22;5105715.92;1632.18
9940;326986.35;5104875.26;902.33
9942;327719.22;5106308.21;1735.49
1751;328692.85;5106618.27;2024.91
9946;329064.62;5106442.56;2218.71
9956;329399.68;5106438.53;2072.93
9957;327225.04;5105791.28;1352.38
9958;327148.0;5105774.89;1352.44
9959;326980.02;5105263.1;1041.96
1767;328775.81;5105891.49;1759.85
9962;329413.41;5106412.86;2117.87
9965;329400.85;5106465.84;2205.04
1777;329133.13;5106433.63;2013.27
1779;327436.86;5105907.38;1450.68
9973;329477.53;5106426.91;2086.76
9974;329478.52;5106417.13;2224.55
9975;327749.91;5106167.42;1669.08
1787;329119.57;5106572.38;2062.54
9982;328285.29;5106664.93;1981.96
1790;329243.5;5106273.19;2003.71
1792;328121.37;5106585.04;1984.94
1793;329536.52;5106427.33;2096.88
9998;328107.48;5106572.05;2012.23
10002;329304.15;5106500.59;2254.09
1811;328074.77;5106629.56;1960.41
10007;328916.51;5106170.78;1902.78
10009;327723.31;5106309.42;1739.15
1822;327750.75;5106122.92;1643.6
1824;328634.43;5106597.38;2000.91
10016;327002.78;5104839.83;899.27
1826;328933.49;5106513.74;2051.67
1827;329475.9;5106384.38;2210.34
1829;329259.93;5106515.48;2177.31
1830;327719.24;5106358.62;1744.89
1833;327012.46;5104843.68;903.04
10026;329021.67;5106346.56;2037.34
10025;328638.19;5105719.91;1626.39
1836;327621.92;5106393.43;1904.61
10029;327894.08;5106371.12;1775.12
10028;328046.58;5106479.37;1938.41
10030;328928.21;5106542.3;2057.11
1839;326995.41;5105315.13;1068.44
1849;329404.88;5106439.55;2074.9
10043;327293.42;5105822.4;1378.06
1855;327599.53;5106198.16;1664.85
1857;329103.39;5106494.35;2053.82
10050;327404.44;5106426.49;1753.69
1859;327732.62;5106276.05;1707.74
1860;326929.45;5105223.7;1018.54
10053;326967.85;5105521.55;1149.23
1861;329105.71;5106455.62;2070.2
10051;329271.53;5106481.41;2201.57
10055;328793.57;5105946.11;1780.79
10057;329039.17;5106456.81;2063.47
1869;329230.97;5106500.02;2078.67
10064;328386.82;5106622.15;1983.56
10066;326975.28;5105277.81;1047.6
10067;327561.66;5106356.34;1764.49
1876;329265.57;5106518.69;2205.44
10068;328852.86;5106024.39;1824.05
1878;329217.85;5106422.84;2011.4
1879;327810.98;5106471.13;1835.29
10074;327416.6;5106438.02;1763.31
10076;329308.13;5106412.17;2018.8
10077;327856.9;5106428.93;1833.34
1887;327800.18;5106087.01;1631.89
10080;327661.01;5106347.57;1848.76
1888;327738.38;5106176.09;1664.26
10082;328940.97;5106548.57;2030.49
1891;326958.99;5105258.23;1033.4
1890;329298.62;5106468.46;2186.75
1901;329253.64;5106504.63;2042.29
10094;329382.83;5106591.81;2147.89
10097;329092.03;5106467.88;2073.35
1906;327929.03;5106480.92;1867.61
1907;326946.84;5104860.69;880.53
10100;328021.99;5106471.52;1900.42
10103;329457.28;5106434.17;2083.8
1914;327563.99;5105938.35;1470.73
10106;328718.69;5105806.74;1714.45
1918;329542.48;5106427.68;2100.03
1919;326913.16;5104802.79;808.7
1920;327771.72;5106469.1;1835.19
10113;329277.69;5106531.48;2178.41
10116;327650.69;5106378.97;1865.44
10127;327570.4;5106046.32;1561.72
1937;329086.87;5106580.8;2059.92
1940;327796.0;5106095.62;1636.77
10135;327119.73;5104848.9;946.38
1945;328411.0;5106629.53;1984.12
1948;327564.49;5106142.25;1624.02
10141;327736.47;5106297.03;1732.13
1951;327785.07;5106340.08;1740.94
10144;326997.15;5105405.32;1101.56
10145;327568.54;5105985.74;1515.29
1955;329298.87;5106406.72;2017.56
1958;327410.19;5105868.33;1434.7
1962;327801.46;5106453.66;1819.72
10156;329308.87;5106473.28;2170.38
10161;326981.86;5105432.28;1117.22
1971;327162.49;5104838.56;965.13
1977;329156.74;5106319.15;2130.24
1979;329101.47;5106457.39;2068.64
10173;327895.8;5106473.36;1824.28
1982;329131.6;5106448.8;2077.75
10175;327594.28;5105950.6;1496.16
10174;329387.07;5106485.22;2146.63
1985;327098.03;5104940.29;965.92
10178;329234.17;5106494.97;2067.7
10177;327298.76;5104921.57;1046.5
1989;329005.02;5106243.85;1953.01
1994;327623.07;5106395.01;1887.36
10187;327959.49;5106576.0;1936.24
10188;329289.63;5106307.64;2021.78
10189;327409.92;5105853.09;1423.27
1999;327492.8;5105926.9;1467.29
10194;327643.26;5106338.92;1877.12
10196;327534.02;5106374.34;1789.08
2006;327000.47;5105227.67;1033.53
2008;327647.19;5106397.98;1803.2
10203;329341.72;5106597.46;2146.82
2012;329384.52;5106434.27;2074.29
10205;327734.69;5106399.42;1831.36
10206;327569.95;5106135.72;1613.21
2014;327756.64;5106049.58;1609.95
10204;326930.04;5104813.58;838.66
2017;326984.61;5105462.43;1119.96
2015;329282.54;5106311.83;2019.81
2018;328750.42;5105828.79;1730.4
2021;326997.15;5105391.46;1102.23
2022;327441.11;5105919.01;1462.71
2024;328017.32;5106481.46;1899.03
10218;328691.87;5106631.71;2026.99
10221;326926.63;5105206.37;1009.11
10222;327035.76;5105035.59;970.84
2032;329014.95;5106248.15;1952.94
10225;327903.34;5106455.59;1824.96
2034;328034.09;5106495.07;1943.91
10229;326983.76;5105429.02;1112.83
2038;329255.54;5106276.1;2009.57
2039;326928.91;5105188.97;1002.16
10232;328860.17;5106052.65;1831.08
10237;327962.09;5106621.66;1967.7
2046;329017.3;5106503.94;2078.97
2048;329108.75;5106433.11;2140.16
10241;328029.31;5106557.43;1984.57
10248;327034.59;5105023.02;967.16
2057;327939.96;5106512.82;1889.41
2056;328784.85;5105906.26;1768.4
2059;327997.69;5106496.64;1897.67
10254;327598.64;5106378.67;1785.47
2063;329379.6;5106430.85;2069.94
10256;329185.05;5106423.98;2009.92
10257;329013.24;5106334.59;2032.11
10258;329120.32;5106442.47;2103.44
10259;327737.01;5106292.2;1714.71
2067;327091.33;5104901.75;954.33
2072;329277.39;5106530.61;2073.43
2078;328041.24;5106531.46;1971.45
2079;329261.03;5106407.84;2010.35
10272;328015.54;5106473.31;1898.45
2083;329253.45;5106382.05;2123.56
2084;327757.78;5106017.81;1595.85
10278;327859.85;5106425.02;1838.41
2088;327449.78;5105909.87;1462.49
10283;329443.5;5106438.01;2217.66
2093;329389.99;5106437.93;2070.07
2094;328715.01;5105818.39;1708.67
10289;327615.56;5106398.56;1909.06
2098;327781.82;5106337.2;1739.57
10291;327452.1;5105916.27;1464.35
10290;328090.74;5106573.2;1984.36
2106;329283.15;5106452.25;2184.41
2108;328924.38;5106554.55;2028.33
2109;328855.0;5106010.58;1813.54
2112;329295.54;5106454.65;2187.5
2116;329011.04;5106320.8;2025.01
10309;329160.96;5106330.11;2140.05
2119;329037.39;5106378.69;2085.58
10313;329098.3;5106435.18;2184.67
10314;329239.73;5106505.56;2093.36
2122;327293.55;5104909.33;1041.91
2127;329046.43;5106418.92;2118.86
10319;329393.28;5106619.98;2176.05
10321;328343.47;5106625.77;1973.1
10323;329416.57;5106448.77;2086.15
2137;329393.07;5106624.72;2165.48
10329;329245.1;5106346.19;2107.34
10331;328044.24;5106528.86;1971.35
10337;328982.3;5106281.07;1986.42
2147;329429.28;5106614.88;2223.06
10342;327867.14;5106357.97;1762.38
2160;329198.77;5106364.47;2164.02
2162;329264.38;5106521.39;2059.41
10355;327906.68;5106388.0;1791.2
2164;329108.83;5106460.56;2074.51
10356;329347.36;5106547.03;2083.19
2167;328677.4;5106603.24;2013.7
10362;329149.39;5106561.45;2071.61
2171;329261.03;5106407.84;2013.01
2172;328670.05;5106604.58;2013.76
10368;328583.44;5106608.42;1992.93
2177;327608.13;5106192.76;1659.2
2178;328698.01;5106612.14;2018.03
10372;327862.81;5106353.29;1761.86
2181;327694.76;5106364.71;1792.38
10374;328748.93;5105838.92;1739.0
2184;327695.83;5105980.0;1553.52
10377;327800.61;5106053.44;1614.25
10376;329033.19;5106255.51;1950.61
2187;329412.66;5106421.27;2068.83
2189;327724.91;5106278.02;1725.89
2190;327661.14;5106301.28;1757.41
2193;327734.36;5106279.62;1711.16
10388;329369.31;5106567.17;2121.83
10393;327712.65;5106364.93;1750.04
2202;327609.4;5106237.79;1691.84
2204;326913.3;5104753.41;794.28
2207;328037.63;5106495.32;1945.72
10400;327285.32;5104915.99;1039.64
10401;329430.03;5106435.57;2140.4
2217;327730.54;5106007.65;1568.53
2219;327982.75;5106649.45;1986.5
10415;329396.56;5106621.95;2181.17
10418;326963.9;5105258.78;1034.51
2226;329464.68;5106398.46;2207.62
2232;328050.0;5106494.65;1943.5
10424;327220.16;5105787.6;1349.09
2235;327475.11;5105921.32;1466.02
10427;329163.17;5106450.46;2025.18
10428;327255.5;5104925.83;1029.27
2239;327064.69;5104881.49;937.25
10433;327445.99;5105916.55;1462.29
10437;327596.34;5106378.72;1781.8
2248;327612.63;5106233.5;1688.08
10443;328296.63;5106666.78;1981.65
2256;329152.75;5106317.25;2128.49
2257;328998.57;5106576.47;2040.88
2258;327655.42;5106292.22;1750.0
10454;329367.0;5106479.87;2197.5
10455;328854.58;5106572.47;2018.81
2264;327855.3;5106418.81;1830.34
10456;327931.41;5106456.05;1854.99
2267;329246.23;5106401.82;2147.81
2268;328115.76;5106583.64;1983.85
2269;329183.7;5106259.44;1982.94
2271;326992.6;5105335.14;1079.85
10468;327749.69;5106313.54;1726.17
2277;327717.29;5106361.86;1746.33
10470;328007.16;5106490.8;1905.6
10471;329317.41;5106307.53;2036.62
10472;326985.92;5105298.47;1058.81
10475;327655.82;5106365.11;1862.44
2286;329463.44;5106389.53;2208.2
10479;329118.04;5106463.76;2029.64
10481;327219.26;5104923.7;1012.33
10482;327749.44;5106408.34;1839.51
2290;329111.03;5106263.11;1963.22
2292;328965.34;5106450.9;2007.89
10484;329014.59;5106338.5;2033.0
10487;328950.85;5106245.3;1959.71
2296;328937.25;5106491.29;2034.33
10489;327767.0;5106404.43;1840.51
10491;328880.95;5106100.33;1860.67
2305;328939.34;5106213.44;1938.7
2309;327800.97;5106058.57;1618.56
10502;327559.94;5106073.64;1578.51
2311;329443.3;5106620.06;2301.37
2313;327555.95;5105939.5;1476.31
2317;326937.49;5104746.28;787.22
2326;328848.99;5106578.17;2019.87
10528;329272.13;5106406.44;2014.37
2337;328860.69;5106063.93;1837.36
10530;328769.87;5105878.51;1756.45
10536;329301.94;5106472.56;2204.07
10538;327094.7;5104952.5;970.26
10539;327817.81;5106344.42;1751.08
2350;329253.69;5106432.76;2014.81
10543;329039.06;5106365.87;2082.76
10546;327923.01;5106442.79;1844.55
10548;329039.45;5106387.96;2091.37
10550;328144.13;5106622.35;1978.28
2359;328743.74;5106644.4;2036.88
2361;327005.78;5105680.75;1266.28
2364;326813.05;5104641.58;688.21
10557;327401.26;5106417.37;1747.42
10560;327787.35;5106346.28;1744.37
2370;329269.51;5106466.56;2202.01
2372;327925.4;5106479.43;1866.22
10568;329321.97;5106358.58;2059.67
10575;327925.75;5106566.3;1914.34
2385;328492.71;5106620.85;1990.08
2386;328714.3;5106629.81;2030.86
10578;329011.94;5106506.15;2074.28
10580;327705.7;5106365.36;1753.39
2387;329451.92;5106432.55;2081.27
10579;329296.5;5106407.77;2020.23
2389;329443.44;5106620.01;2289.6
2392;329213.55;5106402.94;2190.24
10586;328896.39;5106154.8;1886.74
10590;327853.18;5106349.42;1756.43
10591;328478.46;5106597.42;1973.18
2400;328084.64;5106638.4;1970.59
2403;329270.49;5106528.15;2203.43
2404;329085.83;5106437.43;2194.51
2405;328486.0;5106597.36;1973.39
2406;327955.57;5106511.36;1898.05
10598;326980.46;5105313.15;1063.53
2408;327202.24;5104873.7;989.3
10601;329538.84;5106428.94;2099.54
2407;328792.07;5105939.78;1776.06
2413;329015.37;5106512.48;2072.79
2414;329029.43;5106353.07;2047.39
10609;329202.21;5106448.08;2035.65
2419;329047.43;5106417.52;2128.62
10621;329258.53;5106510.67;2053.37
10622;326977.98;5105623.74;1212.39
2432;329259.56;5106523.88;2143.14
2434;327389.75;5106409.16;1739.04
10627;327852.05;5106446.74;1835.42
10626;327024.91;5105085.62;989.89
2437;327966.3;5106504.96;1894.62
2438;329440.1;5106506.87;2324.0
2439;327059.39;5105783.83;1334.38
2443;327795.23;5106028.91;1595.06
10636;329250.2;5106513.19;2132.76
2445;329218.96;5106261.71;1995.92
10637;327667.09;5106381.07;1801.76
10641;328769.2;5105875.25;1756.66
2450;329122.2;5106505.58;2069.43
10642;327008.72;5105155.07;1011.34
2456;329299.95;5106537.39;2096.4
2457;329023.43;5106249.26;1948.76
2459;329256.26;5106402.03;2136.72
2460;327959.0;5106556.05;1920.36
10653;327551.47;5106363.9;1766.52
10656;327243.3;5104936.16;1027.22
2466;328160.04;5106617.43;1977.99
2468;329040.75;5106459.91;2066.78
2474;329175.15;5106341.29;2150.71
2475;326933.87;5105239.43;1026.36
10669;329261.75;5106518.11;2120.92
2477;326908.52;5104839.24;867.48
10672;329307.11;5106429.5;2032.22
2481;329228.01;5106425.04;2199.48
10674;328932.12;5106460.65;2015.26
2483;329254.32;5106520.61;2143.74
2484;329324.38;5106485.17;2195.91
2486;326965.01;5104726.09;781.85
2487;326992.99;5105351.81;1085.78
10681;327656.41;5106317.87;1764.66
10689;327748.9;5106401.34;1830.93
2499;329227.15;5106392.43;2163.2
10691;327743.12;5106401.46;1842.24
2501;327595.68;5106382.95;1783.33
2502;328616.4;5105719.29;1621.29
10694;326980.23;5105480.2;1136.19
2507;327231.35;5105805.62;1358.79
10700;329400.81;5106406.53;2108.14
10705;328163.19;5106619.11;1978.09
2515;326974.47;5105274.62;1044.12
10708;329007.02;5106592.66;2050.06
2517;328339.88;5106631.51;1975.45
2518;329254.0;5106382.81;2123.9
2525;329077.07;5106471.71;2072.18
2526;326928.78;5105219.23;1016.38
2528;327568.87;5106378.9;1776.1
10725;327902.69;5106542.95;1880.24
2537;328530.66;5106629.79;1988.18
10729;326976.31;5105644.82;1232.64
10732;327788.39;5106027.34;1594.2
10733;327574.83;5106385.22;1779.89
2542;326984.7;5105343.31;1079.05
10734;329298.4;5106534.7;2072.47
2546;327643.86;5106347.15;1875.32
10742;329265.01;5106529.97;2069.68
2553;326969.39;5105574.55;1191.88
10745;326929.79;5105229.26;1020.23
10747;329059.89;5106429.32;2142.8
2554;326893.62;5104813.76;853.18
10749;328115.65;5106633.25;1980.93
2558;328890.05;5106565.32;2024.54
2559;329401.92;5106469.18;2214.71
2561;329045.38;5106264.05;1959.49
2562;329253.48;5106369.31;2116.85
2563;329262.96;5106514.97;2054.59
10756;328579.9;5106606.95;1989.64
10753;328812.88;5106595.42;2017.28
10758;328963.37;5106494.46;2061.54
10759;329254.02;5106458.1;2023.47
2567;329376.88;5106599.17;2149.37
10761;327901.19;5106541.41;1877.87
10762;326976.61;5105609.77;1206.99
10763;328372.56;5106626.91;1983.84
2573;327742.17;5106176.5;1665.3
10767;329190.6;5106355.74;2159.93
2580;328984.16;5106558.2;2041.07
2582;329310.98;5106459.84;2151.08
10774;329121.92;5106250.33;1965.45
10775;327103.99;5105778.54;1351.36
2585;327754.18;5106130.88;1663.29
10778;327742.1;5106298.88;1716.33
2587;327647.68;5106234.81;1718.76
2588;327562.2;5105941.6;1487.77
10780;329043.39;5106599.54;2055.23
2586;327342.01;5104922.58;1053.7
10784;329362.64;5106551.54;2104.54
2594;327744.53;5106009.79;1581.0
10787;328624.51;5106596.27;1999.96
10791;328936.92;5106219.43;1944.94
10793;328031.58;5106464.01;1901.77
2602;329400.32;5106469.76;2094.18
10796;328497.16;5106618.26;1984.96
2607;329168.93;5106329.89;2145.82
2608;327596.14;5106388.02;1786.26
2614;327632.95;5106403.3;1874.82
10807;329461.09;5106635.54;2330.03
2616;328883.38;5106109.28;1865.09
2618;328754.58;5105844.28;1744.62
10811;328930.69;5106472.1;2020.39
2621;326919.26;5104833.49;867.91
10814;327613.25;5106236.2;1710.57
2625;327631.25;5106406.26;1874.76
10818;329322.47;5106586.37;2131.48
10819;327587.74;5105950.08;1493.46
10820;326976.41;5105317.33;1065.52
2630;327753.08;5106089.86;1633.36
2633;329398.41;5106405.63;2107.73
10826;329246.27;5106351.31;2107.99
10831;327951.87;5106546.84;1917.75
10833;328960.09;5106450.6;2003.75
2646;329285.98;5106309.23;2020.49
10840;329232.79;5106444.09;2202.76
10841;327926.32;5106473.67;1863.85
2650;328281.29;5106661.13;1980.1
2656;329392.37;5106454.9;2195.03
10850;327625.87;5106395.74;1887.75
2659;328046.64;5106499.06;1953.54
10851;328831.12;5106584.8;2017.78
10852;329412.25;5106458.96;2091.69
2665;329047.43;5106417.52;2118.36
2668;329267.76;5106520.64;2207.98
10866;328234.8;5106647.65;1978.36
10867;326920.04;5104805.98;817.25
10869;329274.28;5106294.63;2013.75
2679;327719.71;5106356.22;1746.68
10871;328687.85;5106599.6;2011.66
10872;326980.19;5105437.62;1116.67
10874;327639.03;5105964.36;1516.78
2682;329438.13;5106440.7;2193.18
2685;327566.38;5106372.98;1773.24
10877;326993.55;5105243.53;1039.86
2689;329401.47;5106460.82;2199.96
10882;329283.17;5106452.18;2173.69
2690;328783.34;5105919.98;1770.5
10884;329385.76;5106485.11;2087.71
2695;327042.79;5105013.86;967.38
10888;329367.27;5106453.23;2061.15
10890;328889.95;5106132.22;1875.02
10891;328698.65;5105758.17;1693.56
2700;326995.6;5105334.66;1078.21
10894;329355.98;5106489.29;2201.03
2703;328912.75;5106557.53;2027.09
2704;329172.05;5106444.07;2015.18
10898;329104.83;5106431.65;2156.05
10901;326923.22;5104818.96;843.48
10906;328709.54;5106625.89;2030.69
2717;326987.3;5105372.77;1090.6
2718;327232.18;5105802.1;1356.58
10909;329401.28;5106409.71;2110.83
10913;329386.36;5106472.22;2098.16
2724;326959.44;5104819.87;873.48
10924;327603.59;5106231.36;1690.4
2733;329407.87;5106462.4;2092.27
2734;327565.39;5106156.32;1625.46
2732;327240.86;5104935.6;1026.69
2736;327598.83;5106372.06;1779.53
10929;327672.28;5106357.72;1815.37
10930;327961.72;5106566.26;1927.16
2737;326945.02;5104819.7;871.14
10931;329301.26;5106434.9;2124.72
10933;329305.09;5106544.91;2079.07
10934;329406.14;5106447.17;2079.29
2742;329060.61;5106271.11;1961.63
10937;328991.22;5106495.97;2066.97
10941;329150.73;5106552.82;2067.4
10943;328717.39;5105812.71;1716.43
2752;329398.14;5106403.26;2106.67
2754;326985.26;5105350.47;1082.1
2755;327753.89;5106397.33;1842.74
10947;329340.06;5106432.98;2047.96
2760;327644.9;5106338.37;1876.77
10957;329040.13;5106400.89;2104.62
2767;328020.08;5106491.4;1902.77
2771;327788.75;5106342.88;1742.51
10966;329340.42;5106595.46;2147.01
10967;329385.55;5106607.07;2157.82
10968;329299.44;5106475.36;2189.28
10975;329140.81;5106428.6;2011.34
2784;329245.68;5106419.5;2012.19
2785;326979.08;5105263.3;1046.47
10979;329392.29;5106451.15;2192.95
10983;326794.65;5104630.11;676.19
2793;329223.3;5106466.16;2046.17
2803;328489.58;5106596.71;1974.41
2804;327957.6;5106572.42;1928.06
10998;329432.66;5106613.05;2224.57
10999;329113.03;5106442.24;2109.71
11000;327456.03;5106448.99;1780.34
11001;327600.83;5106384.66;1784.65
11002;328030.7;5106544.16;1976.1
2810;329270.44;5106528.44;2189.9
2808;329009.75;5106313.15;2017.47
2807;329307.53;5106408.88;2016.97
11007;328022.45;5106463.31;1904.56
2815;329428.41;5106589.22;2153.04
11011;328065.58;5106621.52;1959.04
11016;327640.89;5106338.13;1878.97
2824;327780.22;5106023.2;1589.04
11018;328930.43;5106476.98;2022.28
2825;327107.85;5104881.21;951.46
2830;327756.27;5106055.27;1612.36
11023;328978.24;5106269.95;1978.56
2833;327765.04;5106332.24;1737.42
2835;326935.43;5105241.82;1027.18
2836;329063.64;5106441.73;2166.16
11028;328715.74;5105794.68;1707.93
11036;327465.28;5105919.74;1469.18
11039;327801.81;5106045.5;1607.04
11043;329029.78;5106490.65;2072.13
11044;327709.63;5106372.55;1761.57
2852;326997.88;5105258.45;1050.53
2856;328677.4;5105741.14;1669.35
11049;329439.29;5106624.06;2232.36
2860;327039.04;5105705.08;1270.96
2861;326968.33;5105592.77;1195.21
11053;329254.89;5106484.45;2030.0
11057;326977.66;5105692.28;1258.74
11058;329006.21;5106307.75;2013.26
11060;329012.99;5106313.09;2020.09
2872;329091.0;5106481.09;2035.13
2874;327341.26;5104910.66;1048.03
2878;329013.07;5106325.51;2026.52
11073;327728.28;5106272.08;1723.87
2883;329265.06;5106511.18;2194.24
2884;327858.63;5106433.73;1832.25
11077;327500.72;5106419.87;1773.2
11080;327013.97;5105148.86;1011.4
2890;329433.06;5106594.12;2155.98
2897;329400.85;5106465.84;2172.04
2902;327729.18;5106399.34;1829.26
11094;327388.18;5106420.13;1744.28
2904;329429.91;5106486.92;2239.02
2906;329224.98;5106425.54;2199.82
2907;327043.91;5105723.75;1278.15
11098;329158.4;5106325.89;2136.81
2909;329260.44;5106527.69;2073.61
2910;327056.84;5105747.54;1288.19
2911;327598.19;5106224.46;1664.15
11102;329516.23;5106414.6;2098.26
11105;329276.48;5106523.45;2150.02
11107;328711.45;5106616.62;2016.37
2917;327111.17;5104870.96;948.78
2919;329166.85;5106551.25;2070.77
2921;327648.7;5106360.72;1871.73
2922;328926.34;5106442.16;2001.09
11115;329030.6;5106481.89;2064.48
11116;329410.81;5106462.77;2215.91
11117;327748.69;5106303.9;1723.62
11118;326972.91;5105273.61;1047.58
11119;329037.9;5106612.95;2059.19
2926;328845.56;5105996.42;1811.24
11122;327563.76;5106362.14;1768.34
2931;327842.67;5106346.51;1761.31
11123;327909.13;5106441.96;1822.87
11126;329197.21;5106382.75;2182.19
2935;327057.03;5105778.3;1326.12
2940;329260.04;5106511.27;2054.18
11135;328748.04;5105826.15;1730.62
2944;327132.29;5105774.36;1357.25
11137;329451.83;5106619.4;2314.84
11138;329417.99;5106448.44;2208.21
2948;327906.14;5106426.39;1841.71
11143;327265.03;5105812.78;1372.11
2952;329520.74;5106420.35;2095.03
2954;329109.62;5106499.69;2063.74
11148;329038.02;5106391.31;2094.6
2957;328761.61;5105865.17;1752.65
11152;329323.94;5106317.37;2038.64
2961;326920.91;5104818.12;866.42
2962;328097.19;5106633.2;1976.46
11156;329139.73;5106512.21;2076.3
2966;328262.99;5106661.04;1975.51
2967;327171.32;5105754.99;1333.33
2969;328190.53;5106625.85;1977.12
11161;328226.32;5106643.27;1983.79
11164;329381.6;5106471.49;2092.41
11165;327765.67;5106443.7;1843.92
11167;327426.09;5106450.29;1772.87
2976;326988.38;5105359.78;1089.54
2978;327761.35;5106409.63;1843.64
11174;329110.22;5106452.87;2073.17
2983;329124.25;5106460.3;2027.82
11181;329273.73;5106299.33;2016.72
11183;327860.04;5106424.35;1829.16
2992;328534.37;5106629.19;1987.83
2996;328627.17;5105718.82;1624.12
11191;329013.68;5106333.48;2032.06
11193;326984.51;5104850.52;895.78
3004;328099.35;5106635.87;1976.72
11202;326988.26;5105377.51;1099.66
3011;327904.57;5106365.74;1786.8
3012;327344.58;5105842.95;1404.19
11204;329344.17;5106438.9;2053.63
11206;327751.42;5106098.61;1633.68
3013;329308.0;5106397.12;2097.74
11211;327664.43;5106346.49;1849.24
11212;329373.65;5106594.66;2145.21
3021;329141.89;5106569.58;2075.77
3022;326929.98;5105224.29;1018.59
11214;329079.83;5106263.28;1960.0
3025;329428.77;5106426.34;2132.45
3028;327084.47;5104892.62;946.89
11224;327652.5;5106237.07;1718.29
11226;327625.76;5106397.56;1888.49
3040;328701.82;5105776.19;1699.38
11234;329044.35;5106419.62;2117.1
3043;328031.07;5106562.4;1968.72
11235;329257.77;5106515.97;2074.19
11237;329140.27;5106435.27;2017.52
3048;329208.6;5106369.39;2164.07
11246;329437.87;5106439.99;2217.0
3054;329514.88;5106406.93;2094.95
3057;329069.63;5106475.03;2058.14
3058;329216.39;5106420.17;2011.09
3060;327003.81;5105153.1;1008.52
11253;327646.36;5106337.21;1771.25
11254;327652.69;5106246.74;1722.25
11260;329297.95;5106337.11;2035.66
11261;327676.2;5106356.87;1815.95
3071;329440.36;5106418.4;2202.58
3075;328041.78;5106511.86;1968.45
11269;326966.38;5105534.87;1159.64
3079;327988.0;5106561.25;1966.21
11273;327755.26;5106075.6;1628.0
3082;327937.84;5106562.97;1916.76
11275;327761.75;5106146.55;1663.64
11274;327005.3;5104850.48;903.96
3085;328915.44;5106172.26;1911.14
3090;327931.04;5106495.05;1873.68
11284;329432.67;5106455.03;2092.23
3097;329441.75;5106442.88;2216.84
11289;326894.36;5104681.97;748.47
11295;329078.57;5106467.41;2063.16
11296;326927.97;5105180.38;999.97
11299;329332.0;5106318.0;2042.15
11302;327298.17;5105841.03;1402.51
3113;329265.06;5106511.18;2201.68
11305;328797.56;5105962.1;1792.62
11311;327628.35;5106397.56;1888.22
3120;327410.82;5106439.72;1765.09
11319;329254.97;5106413.68;2150.36
3129;326970.94;5105600.56;1199.06
3131;328919.74;5106530.99;2059.75
3132;327954.88;5106514.25;1898.85
3133;327108.98;5104902.95;957.79
3134;327401.78;5106421.08;1749.41
3135;329435.1;5106441.8;2217.35
11328;327441.59;5105911.64;1453.76
3136;327172.83;5105752.32;1332.9
3139;329312.83;5106465.22;2159.34
3141;327722.71;5106297.92;1731.03
3144;328988.71;5106238.49;1959.54
3147;328939.09;5106215.4;1943.71
11340;328967.48;5106451.87;2009.42
3151;327752.33;5106330.42;1733.66
11343;329420.31;5106409.3;2066.81
3156;329299.03;5106467.82;2186.59
3157;327114.94;5104860.6;948.78
11350;328920.75;5106537.99;2059.77
3158;329310.86;5106352.68;2049.42
11351;328805.23;5105972.24;1796.94
3161;329038.85;5106387.08;2091.02
11354;328060.49;5106620.28;1959.62
11355;327728.17;5106233.46;1686.68
3163;327981.24;5106561.2;1949.02
11357;328703.26;5106651.5;2037.16
3166;329368.62;5106478.77;2200.8
3167;327327.5;5104937.42;1063.38
3168;326929.95;5105211.21;1012.45
11353;327337.44;5104940.62;1070.09
11363;327107.06;5104908.87;958.77
11365;329179.01;5106254.71;1979.36
11366;327564.68;5106089.55;1591.36
11367;327019.2;5105649.61;1228.02
3179;327930.5;5106446.59;1844.43
3180;327931.67;5106450.9;1855.96
3181;329126.58;5106449.61;2077.23
3182;329042.64;5106404.34;2107.42
3183;328231.8;5106645.66;1981.09
11376;329057.75;5106434.92;2153.28
11378;327653.01;5106300.94;1755.58
3188;328872.57;5106562.23;2018.07
3189;327968.63;5106556.61;1922.28
11381;328054.68;5106486.86;1942.32
11380;329399.16;5106436.21;2071.12
11385;327071.15;5104981.76;968.3
11389;326904.58;5104757.13;792.1
11390;327966.05;5106627.11;1968.53
3198;328545.48;5106627.06;1992.67
11393;326997.36;5105391.33;1099.24
3202;329259.0;5106420.17;2016.71
3205;328160.78;5106618.31;1977.94
3206;329158.01;5106249.02;1973.85
11402;327573.92;5106116.39;1608.56
3212;329090.15;5106474.5;2047.7
11405;328059.51;5106616.44;1962.24
11406;329369.9;5106555.61;2106.86
3215;326998.88;5105223.82;1033.34
11409;327104.34;5105773.4;1348.38
11413;327409.94;5106430.66;1757.63
3221;329012.83;5106600.15;2049.02
11416;329267.57;5106532.36;2072.84
3225;328031.6;5106502.12;1928.28
3224;329260.58;5106453.96;2022.45
3227;327044.8;5105729.25;1281.18
11418;329401.6;5106458.92;2156.04
11421;327036.27;5105660.06;1252.42
3229;329389.93;5106489.86;2090.99
3231;329249.37;5106417.1;2014.92
11425;327919.67;5106563.66;1908.48
3233;329377.94;5106480.63;2151.56
11426;328759.34;5105857.16;1749.28
11428;326986.9;5105693.8;1263.8
3237;329441.33;5106619.17;2276.8
11431;329452.73;5106411.8;2203.11
11432;327964.25;5106501.63;1895.35
11438;327758.5;5106038.41;1601.67
11439;326941.51;5105249.92;1029.94
3247;329008.75;5106512.08;2069.84
3249;326975.67;5105659.65;1244.99
11443;328700.37;5106606.74;2013.7
11444;327570.18;5106115.94;1602.47
3253;329002.62;5106305.33;2011.82
3252;326917.11;5104806.45;812.38
3256;329265.17;5106507.21;2202.24
11449;327991.17;5106497.65;1896.39
3258;328937.56;5106489.69;2031.98
3259;328698.93;5105772.95;1697.57
11452;326945.98;5105250.64;1030.86
3262;327672.4;5106351.53;1813.43
3263;329462.66;5106430.81;2081.81
11456;326933.95;5105248.27;1032.02
3265;327011.66;5105144.6;1009.18
11459;329255.99;5106465.4;2025.22
11462;329354.7;5106438.56;2053.3
3271;329307.61;5106453.88;2145.4
3270;327345.08;5104948.02;1062.14
11466;327561.65;5106143.77;1624.82
3276;327666.17;5106390.96;1806.55
11469;328656.54;5105716.02;1630.82
3280;327735.29;5106285.71;1713.42
11472;327065.97;5105744.61;1290.86
3285;329255.86;5106410.61;2151.17
11479;328034.29;5106558.42;1984.77
3288;328680.21;5105741.08;1674.85
11481;328932.36;5106475.21;2022.23
3294;327850.27;5106452.36;1838.23
3296;329517.07;5106419.24;2097.82
3301;327960.61;5106644.69;1980.68
3302;327599.46;5106239.05;1711.17
11493;327056.55;5105001.81;967.7
11499;329408.23;5106620.74;2189.04
3309;328041.05;5106536.36;1971.46
3310;328897.68;5106563.1;2025.73
3311;327253.1;5105812.37;1366.76
11502;329427.46;5106492.55;2294.1
11506;328022.34;5106474.36;1900.71
3315;329096.57;5106491.34;2053.11
3321;326918.02;5104756.02;794.76
3324;326981.98;5105456.56;1118.66
3332;327019.05;5105686.77;1265.31
11528;327197.3;5104760.94;863.12
3338;327807.52;5106341.1;1748.58
3339;329093.99;5106476.37;2034.54
3341;329252.84;5106462.6;2203.25
11538;329223.9;5106387.97;2164.0
3347;327529.43;5106383.49;1781.58
11539;329255.64;5106418.84;2151.41
11547;327826.49;5106456.94;1833.2
3355;329014.57;5106315.91;2021.57
11549;329362.83;5106449.8;2059.57
3358;327909.02;5106422.99;1833.23
3359;327805.4;5106031.81;1610.2
11551;327227.19;5104716.15;863.12
11553;329311.32;5106553.15;2081.71
11548;328882.97;5106094.45;1860.62
3363;329152.23;5106442.59;2022.88
11556;327710.85;5106399.45;1811.47
3364;327720.17;5106354.96;1747.13
3368;329463.35;5106399.62;2208.09
3369;327757.82;5106152.87;1666.09
3376;327408.68;5104880.34;1087.88
3377;327756.64;5106151.34;1665.62
3378;328908.96;5106158.91;1896.93
3380;327419.11;5105901.93;1446.67
11577;327564.6;5106101.99;1593.95
3387;329383.77;5106473.05;2086.65
11581;329328.68;5106594.62;2146.97
11584;327080.07;5104892.7;946.89
3394;327007.41;5104847.46;903.77
3396;329253.26;5106410.26;2012.95
3397;329038.03;5106371.18;2084.02
11590;329090.31;5106485.47;2047.33
11591;327846.27;5106451.93;1836.84
11592;327779.36;5106334.73;1741.65
11594;329255.24;5106522.39;2143.15
11596;327131.12;5104826.05;949.37
11597;329526.44;5106423.01;2098.94
3406;328918.94;5106535.49;2059.09
11599;327746.6;5106143.3;1658.89
3408;329067.92;5106444.29;2177.85
3407;329046.54;5106265.41;1961.12
11602;328981.69;5106243.89;1961.77
11605;329352.58;5106436.98;2052.56
11606;328935.78;5106489.89;2032.63
3421;326993.65;5104846.25;898.3
11614;329299.14;5106536.89;2074.33
11617;328963.96;5106549.11;2033.54
11618;328041.87;5106518.0;1969.74
3425;329428.18;5106450.37;2088.97
3427;328799.48;5105966.78;1793.51
3430;329123.15;5106446.05;2097.97
3435;329436.53;5106614.81;2226.32
11632;327614.36;5106180.7;1651.54
3444;327962.66;5106609.06;1975.51
11637;326974.39;5105692.54;1258.24
3446;329298.79;5106421.48;2116.03
3447;328004.76;5106484.82;1898.63
11640;327595.95;5106378.59;1781.66
11642;327026.92;5105116.69;1001.14
3451;327759.39;5106412.06;1842.33
11644;328027.82;5106546.12;1977.84
3455;329045.36;5106480.4;2054.82
3457;327067.25;5104998.9;970.46
11650;327649.89;5106335.32;1770.1
3458;327891.72;5106423.03;1849.07
3459;329461.08;5106635.57;2330.0
3464;327792.14;5106110.06;1646.64
11658;327794.15;5106467.28;1825.27
11661;329238.23;5106269.59;2003.62
3470;327707.93;5106365.91;1759.96
11662;327378.48;5104880.47;1076.07
3477;329115.04;5106501.15;2063.19
3480;329254.36;5106397.74;2133.19
3481;328611.86;5106595.21;1996.26
3483;327614.06;5106186.38;1654.76
11677;329092.78;5106467.37;2073.75
3486;328913.56;5106168.29;1896.09
3489;327587.94;5106379.7;1779.12
11681;329396.24;5106462.46;2198.12
11687;329108.01;5106495.35;2059.06
3496;329259.75;5106279.73;2012.46
11690;328928.29;5106542.24;2057.08
3500;327585.05;5106384.32;1779.72
3501;329423.55;5106618.95;2216.28
3503;327700.55;5106368.48;1782.23
11701;327731.05;5106200.59;1691.98
3510;327694.16;5106366.34;1792.35
3512;329042.21;5106419.61;2121.36
11707;327754.19;5106063.62;1618.72
11709;327628.29;5106235.9;1716.86
3517;329042.38;5106261.6;1954.88
3521;327006.34;5105258.17;1054.2
3526;327205.84;5105777.56;1340.25
3529;329085.83;5106472.28;2063.05
3530;327135.66;5104824.48;950.56
11723;328944.21;5106245.95;1959.61
11727;329410.54;5106621.06;2193.99
11729;327568.41;5106009.16;1535.66
3538;329339.19;5106489.08;2196.5
11731;327367.98;5104877.06;1070.92
3540;329297.07;5106440.09;2032.99
3541;328696.18;5105756.45;1690.08
11739;327732.24;5106198.37;1670.21
3548;328962.56;5106240.38;1961.39
11742;327701.54;5106395.8;1807.16
3550;329269.14;5106520.73;2145.78
3553;328714.56;5105820.19;1708.06
11746;327900.31;5106366.85;1785.93
11748;327606.77;5106239.85;1712.02
11750;326979.24;5105305.56;1059.9
3559;327651.15;5106326.56;1765.45
11760;328916.97;5106536.17;2059.4
11761;327918.5;5106488.03;1866.7
11762;329326.18;5106590.81;2144.27
3571;327754.37;5106326.1;1732.65
11764;329031.05;5106491.67;2063.29
11763;329273.33;5106485.13;2197.03
3574;329423.93;5106491.77;2282.08
3575;327274.88;5105817.09;1373.3
11769;329210.97;5106427.62;2012.2
11770;327882.93;5106421.43;1848.88
11771;328941.09;5106490.44;2035.55
3580;327002.53;5105257.43;1052.47
3582;327656.99;5106351.75;1780.39
3586;327715.15;5106398.67;1816.18
11787;327628.6;5106406.01;1871.65
3598;328795.17;5105957.48;1788.64
11794;326987.72;5105418.54;1111.76
11795;327068.35;5105742.16;1295.25
11796;327930.39;5106486.51;1869.68
3605;327099.02;5104945.79;970.54
11798;327907.82;5106552.13;1886.23
3602;329322.4;5106409.09;2018.78
11800;328976.97;5106255.41;1971.2
3606;328771.14;5105885.77;1758.06
3610;329311.01;5106412.1;2017.1
3603;328742.17;5105827.63;1727.94
11805;327561.23;5106032.7;1549.97
11806;327035.57;5105697.43;1268.74
11810;328043.04;5106512.71;1969.82
11811;327968.94;5106555.32;1922.55
3618;328829.69;5105983.7;1803.57
11813;329317.34;5106550.34;2108.37
3622;327907.95;5106427.13;1849.26
3626;328667.96;5105725.12;1646.92
3627;327635.43;5106396.6;1873.31
11820;327901.3;5106537.41;1877.89
3633;327653.59;5106365.55;1867.64
3635;329385.35;5106449.94;2188.37
3636;327563.9;5106031.28;1549.97
3637;329059.81;5106445.56;2219.6
3638;327466.94;5106451.25;1780.71
11829;328786.27;5105907.56;1769.75
3643;327743.65;5106407.21;1839.76
11836;329325.46;5106556.56;2116.3
11837;327958.88;5106492.91;1891.11
3647;327638.76;5106394.68;1870.11
3648;326971.82;5105605.79;1203.06
11841;327918.67;5106472.66;1862.32
11839;329252.81;5106391.54;2125.72
11845;326980.18;5105636.49;1232.02
3654;327588.91;5106167.85;1642.25
3665;328962.19;5106452.68;2015.89
3666;327747.29;5106398.92;1836.1
11863;327747.57;5106116.02;1639.36
3674;326996.92;5105696.34;1264.65
11866;327021.3;5105664.78;1250.0
11868;327805.54;5106035.65;1609.46
11873;327795.22;5106473.3;1830.46
3683;329363.15;5106593.04;2139.98
11877;328302.91;5106658.24;1982.43
3689;329056.95;5106478.11;2061.75
11883;329366.92;5106481.73;2198.41
11884;327021.59;5105132.94;1007.51
11885;327758.35;5106030.23;1610.47
3694;327569.76;5106001.47;1530.4
3697;326957.24;5104808.64;872.04
11890;327097.31;5104944.42;969.7
11892;329303.43;5106486.41;2199.16
11893;329300.74;5106306.67;2031.22
11895;329265.81;5106526.73;2063.66
11898;328048.85;5106515.05;1959.91
11899;327451.59;5105916.6;1463.88
11900;329428.32;5106615.35;2222.27
3709;327476.81;5106458.37;1783.86
11904;329268.7;5106522.93;2207.94
11905;329098.26;5106435.1;2191.56
11909;327962.91;5106581.26;1941.46
11910;327733.57;5106401.07;1841.48
3718;328238.43;5106651.92;1978.23
3719;329116.2;5106444.27;2109.58
11911;327030.29;5105042.73;972.65
11918;326976.45;5105505.9;1143.65
3727;327857.7;5106430.15;1829.81
11919;326917.32;5104804.79;809.85
3729;329439.12;5106623.09;2232.42
11924;328678.92;5106619.71;2021.21
11926;328153.27;5106622.42;1978.36
11930;329260.61;5106516.96;2120.6
3740;327996.82;5106499.86;1894.62
11936;328140.61;5106622.06;1979.31
3745;327279.38;5105817.97;1374.31
11937;329346.02;5106440.68;2052.38
11940;328882.71;5106098.46;1863.08
11941;328841.81;5105996.7;1808.77
11942;329023.11;5106346.95;2039.05
11947;327216.26;5105779.48;1345.38
11948;327749.3;5106130.21;1645.89
11950;327564.91;5106343.92;1761.85
3758;327569.95;5106135.72;1618.06
3760;329121.64;5106442.78;2099.5
3769;327686.88;5106353.62;1797.76
11963;329256.86;5106446.94;2018.89
11964;327866.15;5106353.67;1761.07
11965;329406.66;5106463.51;2213.28
11966;328945.08;5106498.46;2042.9
3779;329012.33;5106332.57;2031.17
11974;327727.28;5106263.87;1719.95
3782;327574.61;5106292.28;1723.77
3786;329410.56;5106621.03;2191.01
3787;327530.78;5106371.31;1761.42
3789;329252.99;5106518.56;2140.36
3792;327737.2;5106005.89;1573.81
3794;327797.12;5106068.06;1622.07
3800;328642.83;5105719.96;1629.04
3801;328725.32;5105824.27;1713.62
3805;329277.88;5106468.18;2205.39
3806;327107.24;5104889.95;953.01
3809;327626.74;5106406.07;1886.48
3810;329244.7;5106343.45;2106.72
3812;327742.85;5106133.99;1649.37
12010;327935.12;5106563.87;1918.22
3818;329077.7;5106439.6;2218.45
12012;329226.5;5106269.62;2006.6
12013;327628.71;5106407.63;1881.92
12014;329306.2;5106452.92;2143.65
12018;327773.92;5106465.04;1839.88
12019;327758.79;5106330.43;1735.49
3826;329221.66;5106510.57;2126.18
12020;327348.94;5104872.13;1061.79
12022;329425.96;5106479.15;2232.11
3829;329460.38;5106622.92;2320.59
12024;327653.64;5106285.05;1739.19
3833;329303.15;5106477.96;2196.21
12027;327391.87;5105893.88;1439.33
12030;327653.17;5106275.27;1734.44
3839;329250.77;5106428.31;2015.41
12032;327059.74;5105734.89;1282.46
3845;328790.69;5106597.82;2015.58
12041;327717.25;5106324.64;1743.64
3851;326783.64;5104627.69;669.69
12050;327393.52;5106424.58;1748.59
12055;327056.11;5105737.0;1283.79
3866;328102.68;5106579.77;1984.31
12059;327780.65;5106477.09;1829.21
3869;328941.12;5106494.4;2039.94
12062;327960.85;5106591.88;1966.03
12063;328860.02;5106566.56;2018.25
3870;329224.22;5106509.81;2127.91
12067;327617.46;5106240.01;1710.78
3877;328973.63;5106239.3;1965.13
3878;328963.11;5106451.11;2007.03
3879;328442.61;5106615.88;1985.67
12076;327543.03;5105934.17;1474.26
12077;327562.87;5105969.97;1513.24
3887;328979.78;5106249.34;1963.44
12080;327937.66;5106510.74;1884.98
3889;327569.69;5106163.87;1639.35
3890;328507.57;5106617.28;1979.52
12081;328866.81;5106074.0;1846.54
3892;329352.1;5106547.14;2084.41
12086;329248.77;5106435.23;2015.41
12087;329382.19;5106480.29;2145.88
12089;327756.44;5106045.65;1606.72
3897;327015.99;5105661.77;1246.05
3900;328691.97;5106620.96;2025.57
3911;326967.87;5105577.8;1193.52
12105;328025.06;5106459.76;1892.44
12107;327606.43;5106237.42;1708.37
12111;326979.61;5105447.96;1118.27
3920;329299.57;5106419.16;2115.08
12115;329297.61;5106456.23;2188.18
3925;327016.94;5105159.25;1016.24
12118;327602.41;5106170.71;1646.41
12120;327025.01;5105119.97;1002.57
12121;329291.63;5106453.21;2184.38
3930;327286.17;5105840.97;1403.91
3931;327906.01;5106527.25;1873.03
3939;329036.85;5106361.6;2078.39
12132;328761.63;5106641.52;2038.73
3941;329307.48;5106544.74;2103.61
12135;327736.38;5106192.96;1671.84
3943;329266.88;5106404.87;2010.59
3945;329269.45;5106516.16;2200.73
12138;327951.46;5106517.21;1897.27
3947;329055.72;5106436.18;2161.03
3946;329207.78;5106420.22;2204.7
3948;329244.3;5106348.09;2108.16
3950;327929.91;5106445.69;1841.23
12139;328915.55;5106167.61;1895.85
12144;328689.25;5106618.81;2021.98
12145;327009.9;5105142.54;1006.69
12146;327930.66;5106508.71;1879.12
12148;328886.46;5106117.64;1867.71
12150;329397.62;5106434.18;2070.07
12154;326963.55;5105534.93;1155.57
12155;329254.33;5106520.66;2141.72
12156;327797.33;5106065.01;1620.21
3966;327438.49;5106454.2;1777.75
12160;327391.77;5105903.44;1443.85
12162;327996.55;5106560.88;1967.03
3974;329420.58;5106620.2;2202.06
3975;327597.74;5106219.49;1670.1
12167;328912.57;5106164.83;1897.92
3977;326963.52;5105537.39;1164.08
3978;329262.58;5106429.53;2159.23
12172;329209.2;5106358.4;2135.53
12174;329044.66;5106421.63;2115.72
3983;329127.61;5106245.74;1968.67
3984;326971.01;5105263.41;1039.84
12177;329439.89;5106620.21;2231.51
3986;328027.49;5106462.49;1898.14
3994;329102.8;5106433.3;2185.95
12186;329442.05;5106625.59;2239.51
3999;329008.39;5106312.47;2017.13
4002;327402.04;5105847.96;1418.58
4003;327805.4;5106031.81;1597.5
4008;327721.06;5106300.5;1732.39
12200;327917.53;5106436.58;1849.89
12202;327569.52;5106313.23;1745.98
4011;329062.16;5106470.54;2057.13
4009;326917.11;5104806.45;818.58
4014;327753.1;5106158.02;1667.79
4017;329027.19;5106482.48;2065.07
4018;329315.43;5106304.91;2034.07
4019;327028.83;5105695.2;1272.03
4021;326981.43;5105265.12;1042.6
12214;327174.77;5104850.32;969.71
12221;327644.72;5106236.18;1719.35
4030;329472.49;5106422.34;2081.37
12223;327680.77;5106363.38;1792.28
12224;329107.99;5106495.37;2055.06
4031;329308.84;5106473.22;2160.51
4034;329255.33;5106421.23;2151.03
12227;326985.56;5104887.22;904.87
4038;327801.67;5106061.8;1617.49
4039;327567.95;5106032.51;1552.61
4040;326915.8;5104804.79;806.59
4042;328610.51;5105719.73;1620.34
4043;329168.1;5106416.82;2007.43
4046;329439.79;5106620.99;2274.01
12241;327607.57;5106173.92;1649.5
4051;329039.04;5106385.06;2088.2
4053;329256.01;5106409.95;2138.25
4054;329055.49;5106447.71;2220.69
4055;327569.59;5106012.76;1538.84
12247;329277.37;5106526.56;2148.65
12249;327728.75;5106222.51;1680.46
4057;328785.45;5105910.07;1769.75
12251;326969.37;5105575.15;1191.72
4058;328715.87;5105795.38;1708.04
12254;326992.2;5105382.69;1103.5
12261;329470.72;5106423.48;2080.5
4070;327404.36;5106434.75;1749.02
4071;327662.8;5106357.72;1857.69
4072;327598.81;5106388.66;1786.65
12263;329391.39;5106436.95;2074.87
12266;327550.02;5106375.9;1767.75
12268;329304.84;5106340.57;2038.8
12269;328690.8;5106613.86;2021.64
4078;328715.4;5106632.33;2028.08
12271;328089.52;5106631.4;1975.37
12270;326885.1;5104661.13;736.22
12275;329245.4;5106274.56;2004.96
4084;329244.52;5106350.54;2108.08
12277;326965.81;5105587.28;1193.87
12278;327031.07;5105668.54;1258.56
4087;329259.91;5106460.86;2205.71
12279;329272.13;5106406.44;2014.98
12281;327210.9;5105768.71;1335.52
12280;328847.76;5105997.82;1810.39
4091;328822.25;5105976.2;1802.81
12285;329253.48;5106369.31;2111.13
12286;328500.5;5106620.32;1984.53
4097;329405.16;5106466.3;2093.82
4102;329241.57;5106515.59;2131.92
4103;328901.24;5106156.34;1893.38
12296;327770.27;5106424.46;1844.24
12298;327019.35;5105649.4;1226.46
12300;329195.4;5106496.38;2113.42
12301;327565.79;5106115.01;1604.66
4116;329419.0;5106475.26;2224.97
12310;329146.89;5106565.16;2073.8
12312;327202.4;5105762.27;1335.78
4122;327918.76;5106467.59;1864.11
12314;328674.3;5106620.53;2022.92
12316;327020.21;5105649.37;1226.38
12317;328266.06;5106662.01;1976.36
4126;327558.65;5105939.25;1475.39
4127;326957.73;5105255.09;1031.46
4124;328764.13;5105869.56;1756.05
4125;328754.76;5105828.32;1733.27
12322;329420.59;5106620.18;2200.3
12323;329129.92;5106506.41;2076.71
12324;329043.93;5106421.96;2122.36
12325;329383.78;5106472.02;2096.21
4137;328998.04;5106302.82;2007.55
4141;327731.86;5106274.44;1707.32
4144;327028.44;5105073.71;982.78
4145;327249.25;5104931.34;1028.85
12338;329271.14;5106440.56;2163.18
12340;329380.2;5106483.69;2091.61
12341;326999.26;5105381.02;1097.95
4150;327576.0;5106293.38;1728.96
4149;328976.82;5106261.44;1973.13
12344;329227.5;5106264.33;2001.56
4152;329461.38;5106629.3;2326.3
12348;329422.83;5106413.37;2068.63
12350;329490.91;5106419.39;2090.5
12352;329439.05;5106628.01;2233.56
4162;329377.36;5106483.76;2158.37
12356;327651.23;5106376.84;1869.44
4165;329265.72;5106502.01;2201.15
12358;327911.54;5106431.31;1849.39
4170;329212.31;5106457.41;2041.3
12367;329250.86;5106429.56;2011.44
4176;329228.41;5106478.66;2052.33
12368;329398.49;5106622.09;2181.5
12369;329489.61;5106366.37;2213.73
12372;327579.49;5106283.44;1730.1
4180;326981.43;5105269.45;1043.58
4183;329430.47;5106445.36;2194.35
4185;329354.7;5106600.32;2145.63
12382;329315.03;5106302.66;2032.67
4191;327701.12;5105984.46;1555.31
12383;327030.65;5105663.83;1252.48
12384;329441.3;5106619.22;2280.98
4199;328044.27;5106599.07;1978.82
12395;329442.07;5106618.68;2280.89
4204;326991.94;5105356.74;1088.59
4205;327728.43;5106394.9;1839.41
4206;327906.84;5106377.97;1787.72
12400;327021.06;5105656.04;1226.12
12402;327533.78;5106379.2;1760.68
4214;329220.65;5106502.25;2116.06
12411;327153.84;5105761.49;1324.69
4220;327574.85;5106286.75;1725.14
12414;327445.21;5105916.49;1455.36
12416;329051.47;5106595.12;2056.21
12419;327914.94;5106406.75;1803.67
12420;327608.25;5106402.07;1915.39
4229;329098.28;5106573.77;2060.28
4231;328045.96;5106499.38;1954.57
12424;329121.73;5106451.49;2076.18
12425;328018.97;5106493.41;1904.02
12423;329149.79;5106313.39;2123.77
4235;329201.44;5106419.15;2203.49
4237;329416.04;5106448.1;2207.53
12432;328208.65;5106638.33;1978.53
12433;328926.32;5106232.58;1948.2
4242;327027.42;5105055.67;974.46
12439;329037.48;5106365.64;2082.2
4248;327014.28;5105152.81;1012.61
12440;329321.76;5106374.24;2067.91
12443;327012.02;5105674.26;1260.39
4254;329025.57;5106347.31;2040.17
12448;328185.02;5106621.62;1977.17
4257;329150.49;5106517.83;2072.68
4259;328994.53;5106508.72;2061.11
4261;329263.62;5106520.19;2204.71
4262;329255.75;5106398.82;2146.87
4263;327495.13;5106433.84;1779.9
12454;328893.78;5106152.34;1883.65
12459;329141.42;5106436.41;2018.69
12460;327567.3;5106160.82;1640.24
4270;329042.93;5106481.92;2058.4
12464;328245.9;5106651.99;1979.08
12465;327345.95;5105840.88;1397.58
12468;329441.38;5106429.32;2074.71
12469;328847.59;5106000.52;1810.18
12470;327115.41;5105780.03;1357.25
4285;329212.05;5106372.13;2163.79
12482;327902.96;5106530.63;1876.06
4292;327614.4;5105959.03;1508.51
12486;327288.51;5105817.29;1376.55
4294;326978.63;5105278.76;1048.99
12487;329488.07;5106380.51;2213.5
12492;327047.91;5105730.22;1282.91
4301;328044.73;5106512.05;1967.4
12493;327335.74;5104904.95;1048.03
12498;329444.61;5106627.34;2234.74
12504;327336.99;5104873.81;1057.26
4314;327770.18;5106461.61;1839.15
12514;327659.52;5106363.38;1861.91
4322;329304.15;5106500.59;2214.09
4323;326920.91;5104818.12;846.42
4325;327660.55;5106313.84;1763.99
4326;329514.06;5106409.65;2094.95
4328;327599.85;5106381.57;1784.24
12520;329416.2;5106415.22;2067.15
4330;327704.26;5106369.45;1774.47
12525;327748.99;5106307.95;1725.38
4338;327773.55;5106333.78;1740.01
4339;327076.02;5105785.01;1343.86
4341;326974.13;5105673.22;1253.18
4342;328036.85;5106594.1;1969.06
12536;329456.84;5106403.36;2202.63
12538;327746.91;5106101.37;1628.16
4348;329427.51;5106417.51;2069.13
12543;327612.5;5106399.64;1911.59
4354;327311.31;5105843.96;1402.98
4358;327827.59;5106340.44;1754.14
12551;327605.19;5106231.93;1691.15
4360;327982.53;5106647.84;1986.85
12554;327629.55;5106414.25;1799.91
4362;326986.96;5105255.46;1043.59
12558;327006.75;5105193.31;1024.08
4366;329413.37;5106469.66;2218.27
12560;328932.05;5106463.17;2016.66
12566;329121.39;5106574.86;2066.73
4375;327663.44;5106352.24;1854.81
12569;329216.4;5106420.23;2011.09
12570;327565.32;5106023.47;1546.29
12572;329224.72;5106496.59;2078.11
4382;329323.44;5106554.16;2113.36
4383;327719.91;5106339.33;1749.24
12574;326914.99;5104804.9;803.55
12577;327985.86;5106668.15;1995.62
4390;326999.63;5105235.29;1038.34
12583;326938.32;5104853.25;873.29
4392;329291.15;5106527.24;2139.81
4394;327359.95;5105836.03;1408.99
4395;328930.1;5106474.75;2021.83
12590;329071.77;5106442.96;2180.62
4400;327187.35;5105784.85;1366.7
12594;327117.2;5104849.63;947.72
12597;327915.66;5106471.29;1863.22
12598;329429.04;5106488.79;2243.7
4405;328710.76;5105786.45;1710.08
4408;329390.24;5106474.28;2206.07
4413;327964.27;5106633.79;1977.39
4418;327618.13;5106395.84;1908.56
12613;327931.34;5106503.38;1875.53
12617;329017.6;5106608.97;2060.6
4429;329298.87;5106406.72;2014.98
4431;328132.36;5106587.7;1986.19
12624;329301.07;5106399.65;2102.07
4432;328729.64;5105826.19;1717.06
12626;327039.79;5105663.29;1253.81
12627;328057.67;5106485.78;1942.01
4436;327959.57;5106576.5;1940.01
4437;329008.91;5106595.3;2050.34
12630;326979.81;5105497.2;1142.62
12629;329376.71;5106593.52;2146.7
4443;327688.69;5106381.52;1801.16
12635;327844.43;5106346.72;1753.74
12637;327802.27;5106042.45;1606.47
4446;327904.96;5106372.88;1790.04
12636;329111.62;5106257.38;1968.23
4449;329157.07;5106322.14;2134.1
4450;327915.04;5106431.76;1849.73
12644;329410.42;5106454.74;2207.29
12646;327912.45;5106509.46;1867.75
4455;327581.42;5106168.12;1639.79
4454;326926.36;5104843.17;871.11
12653;326978.61;5105615.58;1210.32
4463;327337.33;5105842.93;1396.22
12657;327388.09;5105897.07;1439.92
12658;328858.28;5106047.08;1829.07
12659;327640.99;5106338.0;1880.0
4469;329301.01;5106435.66;2032.37
12664;327285.72;5105832.77;1399.34
12665;329272.4;5106484.01;2196.76
4475;329438.72;5106443.15;2216.3
12668;327637.83;5106395.25;1873.56
12669;327803.55;5106471.79;1834.75
4479;329247.35;5106421.98;2013.21
12673;327714.23;5106000.81;1563.08
4482;327603.77;5106198.35;1663.13
4484;329259.42;5106426.15;2157.34
12678;329362.64;5106551.54;2093.31
12684;329242.08;5106458.05;2202.2
12685;329037.0;5106380.43;2085.86
4494;327702.36;5105996.6;1558.6
4495;326897.01;5104827.29;853.18
4493;329398.6;5106462.37;2198.04
4498;329322.84;5106591.69;2141.2
12690;326918.86;5104837.37;868.39
12692;329109.41;5106575.04;2062.02
4502;328652.46;5105717.44;1630.62
4504;329302.59;5106431.52;2122.83
12697;328939.09;5106215.4;1939.28
12699;329428.95;5106483.75;2236.44
12700;327747.19;5106035.7;1610.55
12703;327703.47;5105990.75;1558.02
12707;329046.86;5106421.92;2124.5
12708;329393.5;5106466.76;2095.41
4517;329405.78;5106621.57;2189.76
12711;328898.35;5106156.84;1891.71
12715;326999.8;5105232.71;1036.06
4525;327387.4;5105851.44;1414.12
12720;327336.99;5104873.81;1048.21
12722;328934.08;5106240.03;1955.17
4531;329408.86;5106621.76;2189.98
4532;328976.08;5106495.17;2065.35
12724;329277.64;5106532.12;2157.78
4534;329094.66;5106489.46;2047.34
12728;329099.73;5106461.65;2070.11
12729;327442.79;5105907.9;1460.83
4538;329172.89;5106422.47;2010.15
12737;329268.72;5106530.15;2070.16
4546;328758.72;5106644.99;2039.54
4552;329012.1;5106322.9;2025.88
12750;327536.31;5105931.62;1472.68
12751;326977.51;5105282.17;1048.91
4562;327951.54;5106557.9;1922.19
4563;329000.96;5106304.42;2011.36
12756;329255.89;5106457.58;2202.99
4565;327760.71;5106153.31;1673.86
12757;327911.16;5106398.05;1802.38
12759;328727.69;5106636.68;2029.86
4570;327158.36;5105763.5;1330.26
12763;329027.23;5106482.46;2064.7
4572;327260.19;5104925.61;1030.4
4573;328136.58;5106588.19;1980.67
12766;327882.83;5106421.39;1848.88
12765;329252.33;5106363.38;2111.0
12768;327721.62;5106295.75;1730.74
4581;328597.54;5106599.11;1995.73
12775;328989.37;5106565.05;2044.53
4584;329049.82;5106484.51;2054.63
12782;326907.94;5104792.58;806.88
12785;329117.19;5106569.56;2062.4
4594;329038.37;5106369.24;2083.27
12788;327395.79;5106415.97;1745.89
4597;329265.17;5106528.42;2068.76
4598;327442.63;5105914.9;1450.41
12790;328985.87;5106286.24;1992.16
4601;327258.22;5104924.56;1029.27
12795;327670.34;5106351.94;1839.3
4607;329306.09;5106549.22;2080.74
4609;328020.85;5106497.65;1915.2
12801;329017.59;5106506.37;2079.04
12803;326974.64;5105686.47;1268.39
12806;327921.85;5106452.86;1864.15
4617;329406.81;5106472.45;2217.57
12810;329056.64;5106446.8;2222.0
4619;326882.79;5104772.47;824.91
12812;327655.14;5106281.11;1738.25
12814;329481.8;5106387.63;2210.7
4626;327008.12;5104860.93;907.27
12820;329436.9;5106617.16;2225.43
12821;329370.04;5106559.25;2102.32
12825;327559.49;5106077.41;1579.89
12827;327573.45;5106310.62;1741.31
4637;327720.1;5106404.89;1826.96
4639;327915.9;5106448.13;1844.46
4641;327620.54;5106397.98;1887.31
4642;329479.55;5106428.31;2087.15
12833;329227.54;5106264.34;2001.58
12836;327664.66;5106352.29;1784.45
4643;328914.05;5106168.53;1906.33
4645;328753.17;5105842.46;1742.39
4648;326973.18;5105670.8;1251.57
12841;327444.06;5105910.95;1461.52
4649;329302.52;5106447.37;2141.07
4652;328719.15;5105825.87;1711.09
4658;329354.77;5106546.02;2084.41
12851;326899.16;5104828.84;860.87
12855;327929.76;5106483.1;1868.93
12856;329086.52;5106464.67;2062.82
12857;327004.9;5105201.04;1029.9
12863;329044.66;5106421.63;2107.46
4671;329399.25;5106460.82;2200.19
4673;327948.42;5106525.83;1902.03
4674;327366.52;5105839.84;1411.0
12865;329194.9;5106255.42;1988.95
4677;328755.92;5105831.74;1733.49
12870;328700.38;5105769.95;1697.84
4682;327993.3;5106500.8;1895.36
4683;329266.88;5106404.87;2013.05
4686;328713.04;5105812.11;1712.69
12882;329197.13;5106412.15;2198.22
12886;328825.23;5105982.39;1802.99
4697;329428.9;5106495.76;2295.69
12890;328755.15;5106646.16;2039.89
12891;327005.38;5105207.99;1030.54
4701;328691.87;5106631.71;2032.1
4702;326988.16;5105384.15;1102.04
12895;327942.06;5106516.09;1890.08
4706;329466.79;5106400.62;2209.89
12902;328851.79;5106016.16;1814.98
12904;327039.88;5105757.99;1318.01
4713;329039.18;5106480.41;2059.71
4712;329227.94;5106394.82;2163.85
12907;327394.44;5105888.86;1437.77
4716;326892.43;5104790.91;839.92
12910;329237.71;5106504.19;2084.61
4719;327244.0;5105811.68;1360.58
12911;329431.77;5106586.88;2153.99
4722;326976.71;5105512.19;1146.49
4726;327817.8;5106340.28;1751.2
12921;329258.58;5106517.92;2132.37
12922;327903.22;5106364.68;1788.91
4733;327657.93;5106341.13;1846.84
12938;329303.06;5106538.56;2074.64
12940;329047.31;5106416.81;2130.35
4754;329237.42;5106451.18;2202.02
4756;327018.45;5105651.74;1237.11
4758;326928.62;5105181.18;1000.17
12952;328928.93;5106465.73;2017.52
12954;329056.09;5106479.28;2057.29
4764;327794.1;5106340.07;1744.2
4771;328019.1;5106482.75;1902.3
12963;329444.03;5106429.06;2076.29
12966;327871.73;5106371.53;1771.62
12970;329366.05;5106552.06;2105.32
12974;328019.45;5106483.34;1902.47
4784;327625.86;5106404.6;1871.93
4787;329256.18;5106400.85;2134.95
12980;328540.98;5106626.22;1990.58
4789;329299.21;5106536.94;2080.13
4793;329012.22;5106331.76;2030.66
4794;328123.83;5106588.51;1991.86
4796;327055.76;5104876.95;932.36
12990;326972.21;5105557.88;1178.07
12991;327567.54;5106055.73;1559.37
4800;328928.9;5106467.02;2018.04
12993;327744.76;5106409.03;1838.93
12992;329432.86;5106443.17;2192.08
4803;329437.99;5106508.03;2320.7
4805;329316.14;5106547.75;2082.04
4807;327603.87;5106406.27;1913.43
13003;326949.54;5104800.29;871.26
13004;327673.59;5106359.86;1790.69
4814;327692.97;5106382.96;1799.46
4819;329302.9;5106432.52;2122.95
4827;329326.19;5106590.79;2142.28
13022;329302.25;5106407.74;2014.42
4832;329411.14;5106470.25;2218.08
4837;329243.53;5106273.19;2004.79
13030;327736.61;5106282.52;1713.02
13032;327915.34;5106441.54;1846.11
13033;329075.25;5106440.29;2181.34
4842;329030.54;5106352.88;2047.81
4843;327767.99;5106437.35;1843.82
13035;326932.85;5105245.28;1030.16
13037;327000.69;5105215.57;1032.57
4847;328586.96;5106602.36;1993.61
4851;329103.48;5106576.01;2061.24
4854;327039.96;5105702.81;1270.56
13047;328358.93;5106624.22;1978.74
13052;327658.77;5106296.67;1752.76
4861;326940.32;5105248.3;1032.8
4869;328563.25;5106611.61;1988.99
4873;329394.22;5106619.55;2175.39
13066;328935.38;5106550.8;2051.89
13068;327007.15;5104842.56;901.78
13070;329295.84;5106305.49;2024.15
4880;327980.15;5106501.28;1897.93
13073;327603.59;5106231.36;1671.24
4882;329180.95;5106430.15;2019.14
4883;329260.59;5106516.56;2132.17
13076;329197.25;5106415.83;2200.37
13077;329318.4;5106316.15;2038.64
13081;327720.0;5106306.01;1735.18
13087;328919.14;5106168.95;1900.37
4896;327856.57;5106421.03;1842.06
4898;328878.19;5106083.01;1850.33
4902;326976.55;5105610.52;1210.11
13095;329207.43;5106367.12;2158.6
13096;328207.01;5106635.93;1978.55
13098;327567.3;5106160.82;1624.05
4906;329301.22;5106339.35;2037.54
4909;327207.01;5104892.98;997.06
4910;328649.81;5106595.21;2003.41
13102;329254.5;5106396.12;2132.66
4913;328220.2;5106641.9;1984.82
13109;327727.17;5106248.63;1698.49
4917;327901.4;5106360.46;1788.2
4923;327041.32;5105707.24;1272.4
13117;327754.8;5106070.86;1624.06
4928;328098.93;5106640.76;1979.41
4930;327565.49;5106330.06;1754.84
13122;327899.15;5106372.13;1788.17
4931;326990.01;5105372.47;1092.26
4935;329299.93;5106537.32;2089.99
4942;327018.21;5105655.84;1226.17
13135;327977.33;5106638.37;1981.5
4945;327963.14;5106556.75;1921.45
4950;329373.38;5106475.61;2204.55
13143;328120.54;5106626.79;1980.45
4954;327006.37;5105198.59;1028.58
13146;327120.29;5104744.68;845.25
4961;327406.18;5104889.89;1090.13
13155;328416.52;5106627.71;1984.39
4964;329368.48;5106590.17;2138.25
13157;327519.36;5105925.5;1470.69
4967;327024.2;5105146.37;1014.58
4968;327673.16;5106356.6;1789.97
4969;327443.75;5105911.69;1451.25
4970;329036.56;5106465.22;2065.5
13163;327903.6;5106376.65;1790.14
4973;328036.38;5106536.53;1983.95
13166;328933.59;5106548.15;2053.47
4974;329220.65;5106502.25;2119.77
13168;327502.37;5106468.51;1798.63
4976;326994.86;5105387.34;1104.9
13167;329467.19;5106405.13;2214.1
13178;326973.89;5105551.34;1169.23
4986;328603.54;5105726.99;1619.54
4991;329240.7;5106339.87;2103.77
13185;326903.47;5104761.28;792.4
13188;329097.81;5106436.92;2192.56
4996;329036.76;5106364.44;2080.05
13190;326973.74;5105295.38;1051.92
4999;328042.31;5106502.71;1964.74
13192;327411.86;5105902.64;1447.8
13194;329300.2;5106530.32;2132.54
5004;328996.45;5106456.36;2006.15
13196;326999.49;5105229.7;1033.57
5005;327203.73;5104880.7;991.9
5008;327631.92;5106410.88;1801.32
13200;327947.2;5106518.88;1895.68
5010;327592.92;5106257.58;1717.04
13203;327768.59;5106452.54;1842.98
5011;329438.74;5106619.24;2230.52
5016;328968.59;5106551.97;2035.76
5018;327762.76;5106399.0;1843.76
5019;327751.6;5106311.56;1726.12
13212;329444.05;5106629.77;2234.05
13213;328074.94;5106566.72;1985.68
13214;327960.85;5106591.88;1946.11
5021;326925.97;5105203.26;1007.67
13218;327634.81;5106238.22;1717.76
5030;327935.04;5106562.41;1918.23
5031;329423.84;5106492.45;2254.26
13225;329272.85;5106489.39;2200.91
5034;328930.47;5106545.58;2056.75
13226;329092.13;5106482.12;2033.89
13230;327905.62;5106382.72;1789.88
5039;329387.9;5106484.39;2140.04
13233;327018.11;5105149.26;1013.26
13234;327024.88;5104851.38;911.48
5045;328881.59;5106086.75;1848.31
13240;329451.48;5106413.81;2204.83
5052;327755.45;5106069.32;1624.72
5054;327978.33;5106555.59;1949.84
13246;329276.25;5106485.14;2196.98
13248;327776.44;5106020.26;1590.5
13249;327651.53;5106343.41;1775.78
5060;329334.66;5106551.03;2082.01
5062;329309.42;5106552.41;2081.65
13257;326955.62;5105257.17;1033.68
5066;329292.73;5106330.48;2031.3
5072;326868.85;5104651.01;720.15
5075;327622.62;5106394.77;1899.79
13267;327517.56;5106372.98;1755.73
5077;327627.86;5106400.66;1888.0
13268;327907.03;5106517.84;1869.44
5080;329299.97;5106536.77;2073.55
13273;327202.39;5104873.34;984.89
5083;327855.14;5106439.67;1833.24
13276;328800.55;5106598.14;2016.65
13277;327649.45;5106375.38;1869.96
5087;327740.79;5106404.63;1841.79
13280;329249.43;5106512.5;2093.93
5089;328930.78;5106197.19;1923.88
5090;329435.1;5106417.48;2201.05
5091;328021.14;5106487.78;1901.03
13284;327342.81;5104914.92;1048.51
13287;328992.35;5106296.93;1998.16
5100;329255.93;5106416.24;2150.06
5101;327942.35;5106552.7;1919.06
5102;328968.96;5106235.28;1962.69
13296;327025.56;5105110.53;997.06
13297;326962.63;5104729.9;787.22
13302;326926.64;5105193.79;1004.2
13303;327415.9;5105863.75;1435.25
5112;327672.69;5106363.43;1795.3
5114;326987.01;5105423.91;1113.18
13311;326922.06;5104842.72;869.78
5121;329303.09;5106340.81;2038.81
13316;329055.72;5106428.0;2138.36
5125;329271.96;5106438.96;2163.83
5126;326972.84;5105544.72;1166.45
13323;329084.7;5106482.55;2056.57
13324;327197.41;5104864.24;980.93
13326;328939.13;5106521.93;2059.28
13327;329367.82;5106576.11;2126.45
5137;329301.25;5106339.36;2039.82
5138;327746.22;5106304.13;1722.55
13334;329038.62;5106376.92;2085.77
13336;329327.45;5106411.33;2021.93
5145;327651.48;5106254.35;1722.46
13340;329330.75;5106314.4;2039.81
13341;327960.35;5106588.71;1943.43
13344;328023.44;5106469.82;1904.72
5152;326929.61;5104810.73;835.59
13346;327357.4;5104872.57;1065.56
5155;329020.01;5106345.13;2036.0
5156;328947.47;5106498.27;2043.84
5154;328784.76;5105923.83;1774.37
5160;327929.52;5106464.93;1853.13
5161;328819.86;5106591.98;2017.36
13354;326967.41;5105526.88;1154.51
13355;327915.3;5106435.99;1849.18
13360;328990.29;5106456.73;2010.8
13363;329176.84;5106426.15;2010.53
13366;327728.35;5106206.99;1671.04
5175;327027.18;5105670.59;1259.97
13369;327727.36;5106264.55;1705.21
5178;327107.7;5105751.73;1306.04
13370;329047.72;5106460.98;2058.29
5180;327560.35;5105938.72;1476.07
13373;329037.24;5106362.77;2079.74
13374;327201.52;5105791.09;1366.71
5183;327403.79;5105904.68;1446.75
13376;329414.3;5106618.71;2196.76
13371;329320.69;5106354.22;2057.13
13372;329310.9;5106352.74;2058.97
5191;327997.5;5106493.06;1897.3
13385;329494.13;5106358.87;2215.32
13386;329212.05;5106372.13;2138.79
13388;329398.25;5106439.02;2079.26
5197;329431.79;5106613.81;2223.72
5198;328781.09;5105900.29;1766.47
5199;328055.17;5106616.59;1956.68
5203;327105.83;5104741.63;842.64
5206;329274.01;5106480.88;2196.57
5208;327183.48;5104855.98;973.9
5210;327915.89;5106554.73;1900.38
5215;329348.3;5106440.01;2053.86
13407;326978.29;5104855.4;894.53
13415;328378.52;5106628.69;1982.32
5226;328385.65;5106625.73;1983.16
5228;329110.18;5106442.37;2118.75
5230;327653.32;5106389.95;1800.1
5231;328789.06;5105931.34;1774.35
5232;327740.53;5106406.0;1842.02
13425;329410.45;5106428.11;2071.63
13424;328708.89;5105779.6;1705.16
5235;327917.69;5106498.27;1865.14
13428;327905.05;5106428.73;1848.84
5240;327030.6;5104854.94;915.86
13436;328019.76;5106581.89;1969.13
13437;327916.49;5106465.28;1862.4
5250;329312.19;5106462.89;2158.25
13446;327744.84;5106131.73;1648.78
13448;327774.71;5106460.94;1840.17
13454;327414.23;5106444.18;1767.45
5263;329488.72;5106421.05;2089.05
5265;327653.2;5106348.69;1778.4
13458;327297.61;5104916.96;1045.4
13460;327724.06;5106306.74;1738.03
13461;329002.93;5106457.45;2002.2
5270;329459.74;5106399.63;2203.29
5271;328063.94;5106565.46;1984.67
13463;329261.77;5106519.93;2095.41
5273;328862.81;5106068.86;1848.4
13466;327928.31;5106470.14;1863.11
13472;327598.6;5106171.6;1645.86
5281;326973.78;5105261.46;1039.66
13475;329328.06;5106593.5;2145.39
13476;329251.96;5106518.74;2132.79
13477;329488.72;5106421.05;2090.5
13480;327623.79;5106396.84;1887.03
13483;329034.23;5106357.82;2051.98
13484;327746.1;5106142.11;1652.59
5294;328707.71;5105778.78;1704.43
13491;328156.95;5106592.06;1991.07
5301;329429.78;5106424.52;2200.29
5305;329479.89;5106412.21;2221.59
5310;328005.94;5106571.42;1967.47
13504;329436.17;5106438.85;2207.04
5313;327382.34;5106392.67;1728.72
13505;329414.69;5106470.35;2219.37
13508;326990.59;5105379.91;1096.68
5316;328713.79;5105817.91;1709.03
13512;327336.58;5104883.86;1044.88
13516;327337.28;5104893.92;1046.66
13518;328023.44;5106586.35;1968.99
5327;329217.87;5106498.33;2114.02
13520;327073.18;5105786.21;1340.19
13519;329326.46;5106556.38;2081.81
5328;327390.31;5104886.52;1082.57
5331;329045.69;5106411.55;2112.35
13528;329002.33;5106584.49;2042.54
5338;329406.72;5106472.55;2207.65
5341;326972.48;5105535.77;1162.01
5342;327740.72;5106400.34;1840.78
13535;327047.92;5104873.86;927.81
13533;329394.34;5106619.37;2165.61
13537;327917.63;5106443.3;1847.59
13538;328020.81;5106495.47;1910.64
13534;328708.96;5105783.1;1708.14
5348;329253.79;5106524.85;2143.8
5349;327902.75;5106362.5;1788.5
13542;329165.06;5106528.92;2073.41
5350;329225.83;5106491.77;2069.67
5351;329059.54;5106432.23;2150.55
5362;328941.89;5106495.61;2040.36
5364;328957.4;5106463.57;2017.48
13558;327288.59;5105830.48;1378.81
13562;327707.03;5106363.91;1754.17
5371;327710.24;5106364.38;1758.53
13565;327824.87;5106459.83;1834.21
5376;326920.05;5104805.62;811.3
5379;329401.6;5106458.92;2163.89
5380;327857.43;5106349.71;1760.48
13572;328731.06;5106640.0;2031.94
13579;327642.15;5106392.56;1873.45
5390;327972.89;5106508.86;1891.57
5391;327038.76;5104872.18;923.42
13589;327737.27;5106400.89;1841.64
5398;327728.24;5106236.76;1693.0
13592;327716.89;5106366.2;1746.54
5400;326924.27;5104822.25;866.93
5404;329295.5;5106306.35;2027.01
13597;327741.5;5106028.46;1605.8
5406;328709.33;5105817.45;1709.38
13604;327490.05;5106465.09;1793.1
5414;329269.24;5106509.87;2201.4
5418;327756.52;5106079.21;1629.36
13615;329232.31;5106512.39;2129.88
13616;327752.07;5106009.2;1592.09
5426;327656.88;5106348.46;1848.75
13618;327753.48;5106097.28;1634.83
13620;326997.88;5105333.01;1073.7
13621;329240.58;5106513.82;2131.55
13625;328933.32;5106507.66;2047.25
5434;327599.62;5105953.97;1508.16
13626;328459.3;5106599.25;1976.66
5437;327984.63;5106656.42;1989.87
5438;327595.92;5105952.09;1506.08
13629;329096.35;5106483.77;2035.88
13632;327688.52;5106350.8;1797.13
13633;327658.88;5105968.98;1532.54
5445;327412.17;5106442.68;1765.82
13638;329303.28;5106430.8;2122.97
13641;329371.44;5106565.8;2109.45
5450;327658.24;5106262.97;1728.83
13643;329263.62;5106510.77;2193.84
13647;329415.2;5106456.34;2092.31
13651;329022.03;5106612.8;2057.25
5468;327391.63;5105891.86;1438.59
5472;327193.86;5104858.56;978.23
13666;328981.09;5106242.17;1960.41
5477;326831.43;5104653.02;700.71
13674;327048.68;5105722.38;1276.46
13677;327653.29;5105970.33;1521.44
5486;327912.91;5106552.28;1891.79
5487;329290.48;5106320.44;2025.45
5488;327918.77;5106504.13;1865.42
5489;327726.23;5106228.51;1681.11
5492;327171.41;5105758.19;1333.47
13687;326980.42;5105467.12;1132.97
13688;328006.15;5106487.09;1899.5
13689;328125.85;5106624.63;1977.84
5498;327796.0;5106075.63;1624.69
5495;329044.94;5106410.25;2111.88
5499;327221.87;5104915.17;1009.03
5496;329378.83;5106461.85;2132.58
13700;329345.77;5106598.26;2145.76
5513;327001.9;5105150.9;1006.98
5518;329013.36;5106603.63;2049.54
13711;329039.06;5106374.6;2085.3
13712;326933.17;5105249.08;1028.09
13713;329239.61;5106499.33;2067.81
5522;327785.28;5106341.14;1741.34
5523;327569.1;5106019.95;1543.88
13710;329295.29;5106406.79;2019.02
5526;328921.12;5106528.22;2058.62
13718;328941.84;5106496.86;2041.27
13720;327745.21;5106171.74;1669.33
5532;326969.62;5105557.68;1178.48
13726;327799.34;5106073.53;1624.34
13727;327018.92;5105671.76;1259.98
5536;329139.42;5106246.57;1969.65
5537;329254.79;5106522.09;2072.94
13729;329251.66;5106469.32;2024.83
13734;327012.91;5105691.99;1264.89
13736;329052.44;5106480.83;2057.6
13737;327953.78;5106517.41;1899.15
5545;329108.19;5106255.59;1965.31
13741;327481.83;5105924.43;1466.64
5553;326988.23;5104892.08;905.79
13747;329441.15;5106622.66;2266.15
13748;329437.17;5106441.26;2208.55
5557;327802.28;5106054.44;1614.88
13754;329172.76;5106544.41;2069.34
13755;329014.85;5106506.4;2077.7
5566;329201.77;5106255.97;1990.44
13763;328974.11;5106553.2;2037.35
13764;328148.41;5106620.78;1978.65
13765;327727.39;5106270.08;1721.49
5572;327019.34;5105658.53;1224.91
5575;327314.82;5104930.68;1056.06
13770;329485.89;5106382.79;2213.61
5579;329400.72;5106468.37;2205.04
5583;326982.34;5105325.02;1070.85
13777;327441.97;5105908.07;1453.52
13779;329325.65;5106569.69;2122.8
13780;327004.92;5105203.08;1030.2
13782;328787.3;5105927.99;1774.29
5597;327772.91;5106474.94;1832.27
13790;328034.16;5106499.59;1932.83
13793;327962.79;5106504.31;1895.72
13794;328867.5;5106563.61;2017.94
5607;328105.01;5106637.53;1976.07
13802;328026.55;5106464.47;1904.14
13803;329261.27;5106449.97;2019.77
13804;328802.71;5105968.25;1791.41
5615;328550.1;5106623.17;1992.32
13810;327385.38;5106397.6;1732.05
5618;329048.01;5106425.13;2107.23
13813;327649.6;5106370.85;1867.93
13814;327391.31;5105847.88;1414.38
13817;329116.95;5106574.01;2064.01
5626;328976.32;5106262.19;1973.5
5630;329302.02;5106472.35;2194.49
13824;328170.89;5106614.68;1977.85
13828;327962.92;5106613.9;1967.75
5636;329148.79;5106549.82;2065.2
13830;327691.41;5105986.19;1547.47
5641;329090.15;5106574.97;2058.29
5642;327387.09;5106402.21;1734.49
5643;329436.79;5106440.97;2193.01
5644;329406.86;5106413.5;2115.05
13833;328902.91;5106157.24;1895.22
5646;326892.99;5104812.21;853.57
13840;329473.51;5106423.05;2083.8
13841;328883.48;5106090.97;1855.93
13842;329013.95;5106513.28;2074.11
5652;326935.84;5105238.72;1026.11
13845;328886.92;5106121.96;1868.12
5654;329220.83;5106419.13;2198.83
5655;327733.8;5106398.1;1842.71
5656;327193.47;5105789.07;1362.32
5657;329493.71;5106365.18;2214.88
13851;329432.88;5106502.31;2295.29
5663;329208.86;5106262.08;1995.1
13858;329422.11;5106475.98;2229.34
5670;328214.75;5106640.38;1983.66
13863;327638.95;5106390.99;1872.92
5672;327662.71;5106342.87;1849.01
5671;327719.78;5106349.09;1752.59
13865;329108.46;5106473.48;2033.24
5675;327526.12;5105927.39;1473.01
13868;328034.44;5106543.31;1970.72
13864;326927.54;5105190.48;1003.41
5680;327908.92;5106429.85;1816.44
5681;329260.79;5106529.74;2072.97
5682;327563.51;5106058.89;1570.85
5684;329078.77;5106478.38;2054.33
13878;329263.02;5106405.7;2010.72
13879;327023.71;5105148.13;1014.73
5689;327869.25;5106418.39;1845.77
13881;329311.82;5106546.11;2105.41
5691;329227.69;5106417.76;2012.1
5692;327696.02;5106386.15;1801.34
5693;327664.61;5105970.89;1535.29
13886;326993.96;5105344.4;1083.01
13892;327717.4;5106364.19;1746.15
5700;327594.36;5106215.17;1669.61
5705;329204.64;5106421.17;2010.03
13898;329302.92;5106534.64;2102.96
5710;328977.71;5106254.79;1970.63
13906;329101.44;5106577.44;2060.07
5719;327726.47;5106241.98;1696.67
5721;327013.47;5105151.71;1012.47
5723;327039.91;5104861.94;921.29
13918;327905.54;5106385.79;1789.89
13919;329304.31;5106478.16;2186.34
5728;329159.93;5106525.0;2069.45
5729;327540.72;5105972.96;1509.64
13922;327752.28;5106028.67;1592.18
13921;329428.45;5106421.61;2071.0
13925;327146.79;5105766.76;1316.81
5737;329403.96;5106410.93;2112.81
5738;327756.37;5106082.29;1630.57
13931;328925.26;5106478.79;2023.61
5740;327399.95;5105872.94;1434.7
5741;328788.25;5106608.92;2021.42
13930;328613.55;5105718.67;1620.59
5746;328409.39;5106624.95;1982.84
5747;327571.73;5106321.66;1744.56
13939;327021.99;5105655.42;1226.61
13944;329422.67;5106446.24;2208.03
5753;327755.91;5106410.35;1843.84
5754;326802.62;5104635.08;679.61
13950;329039.52;5106401.9;2105.19
13959;328918.52;5106555.96;2027.9
13964;327609.4;5106237.79;1709.12
5772;327845.29;5106349.24;1753.69
5773;328374.98;5106629.85;1983.98
5775;326898.37;5104803.04;848.69
13968;328766.87;5105874.05;1758.63
13973;327658.42;5106343.79;1846.93
5784;328889.45;5106127.6;1871.65
5787;327624.44;5106238.23;1716.29
5788;327651.29;5106365.9;1868.12
13981;327647.75;5106387.04;1873.67
5789;327662.33;5106361.51;1860.78
13979;329176.73;5106506.03;2110.6
13984;329443.43;5106620.03;2289.58
5798;329256.75;5106407.6;2012.6
5799;327347.87;5104935.53;1055.87
5800;329229.31;5106438.3;2199.7
5802;328794.86;5106592.95;2013.44
13996;329208.62;5106426.63;2015.84
5805;328945.14;5106461.24;2016.12
13997;329209.41;5106355.17;2134.06
14001;329182.6;5106255.41;1981.09
5813;327783.21;5106336.29;1743.04
14006;327703.87;5106347.53;1754.17
5815;329443.29;5106615.66;2287.67
5820;329405.11;5106621.85;2187.72
14014;329257.68;5106404.25;2136.55
5824;328618.73;5106597.11;1998.65
14024;329156.59;5106543.6;2063.84
5832;329297.86;5106461.04;2206.04
5838;328905.43;5106562.0;2027.53
14032;329378.39;5106470.23;2083.12
14034;329033.72;5106487.22;2064.46
14038;329270.44;5106481.67;2201.37
14039;327915.64;5106508.61;1865.77
5847;329441.0;5106622.32;2249.81
14041;328858.22;5106042.15;1824.99
5851;328723.24;5105826.43;1712.65
5852;327773.64;5106019.25;1588.01
5853;327688.11;5106353.16;1797.38
14044;329019.23;5106508.58;2080.67
5859;329404.75;5106433.13;2072.47
5860;328796.68;5105955.26;1784.94
5863;327603.77;5106198.35;1666.39
14057;329274.25;5106530.24;2072.51
5866;329297.47;5106533.31;2071.28
14059;329402.74;5106460.25;2199.71
5867;328881.65;5106083.51;1849.77
14061;327931.18;5106561.19;1916.79
5870;329130.77;5106448.93;2089.41
14062;327336.43;5104879.79;1044.88
14065;327668.48;5106358.3;1787.21
5874;328664.87;5105719.47;1637.75
14067;327693.6;5106359.66;1793.28
5875;329250.51;5106496.67;2034.73
14069;327908.42;5106424.29;1815.41
5878;327760.38;5106016.91;1586.13
14073;326982.21;5105568.55;1182.23
14074;327372.8;5105841.78;1413.02
5885;329382.64;5106482.7;2146.01
5887;329302.67;5106474.02;2194.14
5891;328950.88;5106467.28;2017.07
5895;327014.77;5105657.38;1224.34
5897;326992.8;5105359.86;1089.7
14091;328834.83;5106583.34;2018.38
14095;327391.97;5105849.42;1414.41
14098;326890.06;5104783.64;834.95
5909;328441.94;5106616.68;1985.64
5911;328780.45;5105897.62;1765.72
5912;327567.8;5105971.95;1514.08
14105;327957.0;5106575.24;1934.86
14106;327025.32;5105098.01;993.97
14112;327055.62;5105762.46;1322.74
5922;327406.06;5105874.66;1436.77
14116;327748.43;5106142.32;1660.38
14117;329282.66;5106527.54;2066.53
14127;328924.37;5106526.28;2058.28
14128;327334.11;5105845.36;1396.6
5938;329181.65;5106342.72;2151.35
5939;328946.02;5106499.64;2044.26
5941;327590.75;5106377.67;1779.37
14133;329374.17;5106473.02;2075.06
14134;329206.68;5106367.84;2162.2
5944;327382.43;5106397.62;1730.99
5945;328914.81;5106533.63;2059.89
14138;327400.78;5105902.17;1443.18
5952;328986.14;5106285.29;1992.18
14145;328043.24;5106500.29;1948.16
14146;329450.25;5106411.18;2204.52
14149;327563.16;5106069.23;1574.61
5957;326893.19;5104781.09;798.16
5959;329059.73;5106587.28;2056.96
5961;327025.65;5105089.49;990.12
5962;327064.2;5105745.06;1289.21
14155;329302.66;5106423.66;2118.66
14159;327420.26;5105905.93;1447.75
14160;327633.62;5106401.17;1873.17
14163;328875.19;5106566.48;2022.18
14165;327728.56;5106206.04;1672.74
5973;327035.19;5105032.08;968.7
5976;328001.55;5106492.71;1900.63
5987;329391.87;5106467.57;2096.65
14180;329110.42;5106259.8;1965.66
5989;327663.04;5106353.57;1856.88
5991;329269.36;5106477.4;2204.07
14184;328925.04;5106544.0;2059.81
5994;329023.64;5106495.85;2076.03
6000;328304.53;5106659.44;1983.17
6001;329163.57;5106247.79;1970.53
14194;329175.18;5106251.07;1978.89
6004;328926.45;5106230.53;1948.23
14197;327685.71;5106354.63;1797.79
6007;326981.87;5105319.83;1067.84
6012;329421.72;5106414.33;2126.68
14206;328939.16;5106248.12;1958.47
14207;327410.14;5104873.99;1087.88
6018;327079.39;5105783.9;1346.08
14211;327536.17;5106381.9;1762.22
14212;327778.02;5106346.55;1741.72
6019;326995.37;5105321.58;1069.05
6027;329227.02;5106489.15;2066.5
14220;329299.48;5106470.48;2186.13
6031;329475.6;5106412.1;2221.71
14224;329499.83;5106409.49;2090.7
6033;326933.76;5105235.13;1024.34
14227;328071.86;5106565.26;1999.97
14228;327580.09;5106291.17;1732.23
6039;327749.01;5106396.97;1837.58
14232;329336.77;5106314.95;2044.09
14233;328980.09;5106451.18;2003.73
6043;329429.13;5106488.71;2252.3
6044;327024.7;5105094.97;991.81
14238;327727.54;5106272.23;1707.32
6047;327787.59;5106474.26;1828.79
6048;327896.76;5106424.83;1849.11
14241;327570.35;5105941.42;1490.86
6049;329295.01;5106528.05;2068.41
14244;327501.35;5105927.28;1468.44
14246;327645.76;5106350.22;1875.92
6056;329170.85;5106418.65;2008.72
6059;327704.8;5106395.72;1808.89
14252;329150.96;5106547.72;2064.68
6063;329210.41;5106496.23;2111.7
6064;329096.7;5106464.14;2072.91
6068;329425.16;5106617.34;2219.41
6069;329221.17;5106418.3;2011.41
14261;329264.73;5106529.88;2063.7
14265;327749.98;5106410.73;1841.06
14266;328702.76;5105778.89;1700.83
6081;327757.95;5106041.68;1604.37
14273;327019.33;5105146.19;1012.25
14275;329394.86;5106434.24;2070.07
6085;329422.02;5106476.01;2224.92
14282;327564.22;5106094.93;1593.95
6092;327870.14;5106366.23;1766.99
6099;329436.9;5106617.19;2228.84
14292;327567.54;5106055.73;1564.75
6102;327197.16;5105788.87;1366.71
14294;329302.03;5106426.76;2120.26
6106;329306.67;5106305.61;2033.17
6108;327750.56;5106012.96;1587.43
6109;329444.09;5106629.72;2229.65
6111;329256.56;5106517.99;2072.95
14305;329290.57;5106327.7;2031.54
14307;327288.44;5105815.3;1376.51
14308;327725.54;5106272.57;1724.08
14309;329435.03;5106613.43;2226.2
6119;327918.62;5106483.53;1867.73
14312;327642.1;5106396.89;1867.17
14315;327660.91;5106353.63;1783.9
6128;327853.63;5106457.62;1841.31
14320;328058.6;5106481.07;1940.03
14321;329013.63;5106604.68;2060.21
6136;328490.1;5106600.3;1976.33
14331;328254.04;5106654.71;1979.61
6143;327605.46;5106237.4;1708.45
14335;326987.2;5104890.72;905.76
6148;329124.61;5106249.55;1968.68
6149;328795.28;5105950.91;1781.27
14343;329455.73;5106409.69;2205.23
6154;328123.44;5106624.35;1979.49
6155;327764.33;5106390.06;1845.58
6158;328998.6;5106576.44;2046.04
6159;327905.48;5106421.96;1838.85
6160;329434.3;5106612.5;2225.16
6161;329374.3;5106458.7;2121.75
6166;328982.81;5106244.84;1962.15
6169;326979.59;5105613.97;1211.07
14362;328937.25;5106491.29;2034.34
14365;327650.63;5106291.11;1750.92
6179;328513.36;5106619.8;1978.6
6187;327693.38;5105985.91;1555.57
6188;327114.65;5105774.65;1353.16
6191;326981.79;5104913.73;905.57
6193;327432.4;5106448.91;1773.84
6199;327018.51;5105168.91;1020.74
6208;327002.57;5105684.6;1266.16
6219;327933.33;5106450.73;1848.93
6220;329239.66;5106336.73;2100.85
6222;329382.52;5106471.15;2094.99
6225;328859.98;5106057.26;1836.72
6228;327002.17;5105142.75;1003.17
6235;327946.28;5106517.03;1893.86
6238;327332.1;5104872.86;1045.89
6246;327656.8;5106272.4;1732.0
6248;329342.8;5106435.02;2051.26
6252;329039.23;5106367.13;2083.05
6258;326930.4;5105219.41;1016.66
6259;327568.77;5106051.68;1563.33
6261;328050.18;5106491.94;1943.98
6267;328849.32;5106002.7;1810.31
6269;329013.23;5106314.74;2021.09
6272;329194.1;5106367.55;2167.14
6273;329293.27;5106320.19;2027.75
6275;328705.15;5106608.39;2012.57
6276;329409.31;5106413.4;2115.85
6279;327597.74;5106219.49;1673.75
6280;328785.13;5105914.01;1769.0
6283;329442.09;5106625.68;2248.19
6284;327648.9;5106363.44;1869.98
6294;328028.14;5106502.95;1919.46
6303;328395.92;5106620.8;1983.01
6307;327561.05;5106070.88;1573.36
6308;329011.64;5106329.21;2027.22
6314;328041.99;5106507.73;1966.97
6315;329163.92;5106543.0;2067.35
6316;328015.99;5106580.39;1967.52
6317;328775.21;5105893.12;1761.34
6320;327449.9;5105913.84;1457.81
6322;327039.7;5105746.28;1307.91
6323;327585.14;5106169.62;1642.11
6325;327601.84;5106409.8;1911.91
6326;328760.0;5105854.59;1747.23
6330;329011.32;5106330.1;2030.23
6331;329034.75;5106358.91;2074.93
6333;329253.22;5106380.48;2122.51
6335;327704.9;5106351.96;1754.17
6341;329251.08;5106477.97;2029.71
6343;329202.67;5106497.23;2109.77
6346;327857.1;5106423.63;1841.16
6352;327595.21;5106248.48;1711.69
6354;327668.58;5106350.81;1840.51
6355;326985.65;5104896.23;905.7
6356;326991.84;5105370.54;1093.75
6358;329431.62;5106420.75;2199.77
6359;329253.81;5106364.23;2110.97
6361;329025.62;5106347.54;2042.19
6362;328023.83;5106466.77;1898.1
6363;328048.29;5106481.79;1941.6
6365;327014.52;5105173.88;1020.8
6366;329454.62;5106433.36;2082.49
6369;329263.25;5106504.78;2201.21
6371;329039.58;5106375.09;2085.54
6372;329014.38;5106315.58;2021.59
6373;328997.79;5106576.52;2047.17
6375;326998.95;5105388.31;1104.15
6378;327033.45;5105750.35;1309.63
6380;329001.06;5106509.07;2063.95
6381;329302.72;5106543.57;2078.51
6384;328943.35;5106502.28;2046.45
6386;329111.94;5106443.5;2113.26
6388;329290.32;5106452.98;2183.26
6391;328983.54;5106508.06;2056.35
6392;329388.97;5106483.48;2140.85
6393;328942.29;5106498.09;2041.87
6394;329277.73;5106446.93;2175.39
6396;327138.59;5104748.54;863.12
6399;327578.92;5106388.92;1782.36
6400;327821.53;5106475.13;1840.68
6402;328270.53;5106669.0;1980.71
6403;328881.77;5106105.01;1862.71
6412;329484.99;5106426.42;2086.69
6413;327962.66;5106637.25;1978.41
6417;328768.93;5106640.83;2040.89
6420;329313.88;5106352.69;2057.35
6425;328905.43;5106560.82;2026.52
6426;328977.92;5106274.48;1981.09
6433;329250.28;5106358.57;2109.57
6439;327547.32;5105970.81;1510.49
6443;328107.72;5106638.21;1980.31
6444;327204.21;5105793.96;1363.17
6447;329390.33;5106474.24;2211.53
6448;327718.49;5106309.79;1737.85
6449;327513.17;5105927.41;1469.83
6450;327899.71;5106426.98;1848.08
6455;329315.19;5106480.16;2195.17
6459;327631.08;5106238.42;1717.7
6460;329214.57;5106424.1;2204.3
6461;329323.28;5106568.36;2119.49
6465;328866.71;5106070.42;1848.66
6466;328691.75;5105746.32;1685.66
6467;327639.1;5106407.11;1806.17
6474;329479.12;5106385.54;2209.85
6479;328770.63;5105882.56;1758.24
6483;329017.14;5106342.29;2033.31
6500;327548.71;5105935.8;1475.5
6501;329303.44;5106488.43;2200.24
6502;329116.45;5106451.65;2074.47
6512;329093.14;5106481.53;2037.01
6515;328979.75;5106249.32;1968.04
6519;329081.25;5106468.33;2061.38
6520;328311.93;5106655.28;1983.14
6521;329363.61;5106561.23;2106.06
6524;328025.68;5106555.62;1987.95
6528;329277.6;5106531.72;2071.05
6531;329374.66;5106482.46;2162.98
6535;329389.78;5106462.78;2139.45
6536;327438.84;5105906.6;1450.35
6540;328030.83;5106500.35;1918.05
6543;328854.86;5106032.27;1826.98
6550;329258.36;5106510.56;2048.76
6551;329077.84;5106273.35;1962.59
6553;326955.37;5104863.29;884.13
6559;327218.03;5104925.27;1012.61
6560;327912.87;5106412.25;1809.46
6562;329410.69;5106449.83;2083.11
6563;328938.5;5106217.4;1943.97
6565;328664.32;5105718.46;1635.5
6572;327959.49;5106576.0;1940.01
6574;326998.47;5104866.08;904.94
6577;329253.75;5106432.79;2014.8
6578;327657.96;5106390.68;1803.93
6581;329339.53;5106549.5;2083.32
6583;329323.27;5106557.97;2080.53
6584;329209.92;5106348.69;2129.33
6585;327271.87;5104921.74;1035.21
6587;329263.84;5106430.73;2159.15
6591;326920.05;5104805.62;816.51
6592;327642.63;5106405.63;1806.12
6593;327654.83;5106382.78;1798.95
6595;329156.98;5106321.85;2131.97
6598;327933.41;5106447.22;1846.75
6600;326969.31;5105561.64;1177.76
6601;329341.96;5106418.3;2030.7
6603;329427.37;5106482.55;2235.75
6609;328954.18;5106240.75;1961.26
6611;329251.67;5106423.54;2008.1
6617;327723.15;5106400.53;1823.48
6630;329022.36;5106346.13;2037.97
6631;327226.66;5104935.41;1020.85
6632;327381.48;5106386.87;1726.73
6634;329409.04;5106458.52;2089.34
6637;326978.2;5105653.74;1239.46
6640;329304.34;5106478.23;2196.52
6641;329281.57;5106467.68;2205.19
6643;328920.2;5106168.9;1897.68
6644;327440.02;5106446.33;1774.03
6655;328862.81;5106068.86;1839.78
6657;327446.33;5105915.05;1456.44
6659;327018.94;5105654.49;1238.81
6660;327729.77;5106389.93;1837.78
6663;329422.05;5106455.78;2092.86
6668;327567.12;5105997.42;1528.83
6671;329100.48;5106476.66;2034.45
6673;329190.89;5106427.98;2011.68
6680;329164.19;5106415.39;2006.68
6681;328977.1;5106266.87;1974.94
6688;329510.31;5106406.3;2093.13
6689;327221.4;5104911.39;1007.25
6691;326929.35;5105184.74;1000.06
6693;329003.02;5106306.16;2012.37
6704;329333.32;5106594.8;2146.67
6705;327419.78;5106452.34;1772.8
6708;327730.03;5106277.19;1708.41
6714;328015.42;5106488.72;1951.89
6722;328691.72;5106609.67;2016.4
6725;328926.89;5106188.18;1916.82
6729;327131.27;5105779.17;1357.25
6736;327796.6;5106078.98;1626.82
6743;327098.44;5104901.5;955.08
6746;326968.74;5105524.5;1152.71
6751;327907.86;5106395.7;1796.03
6754;327920.61;5106445.84;1847.58
6755;329401.61;5106467.48;2093.04
6768;329041.31;5106419.17;2120.3
6769;328693.6;5105751.63;1687.29
6771;329377.24;5106478.53;2089.72
6777;329447.1;5106429.48;2076.29
6782;329053.64;5106422.86;2131.24
6784;329418.57;5106457.65;2093.49
6786;329018.43;5106503.75;2078.73
6787;327686.17;5106363.6;1793.33
6788;327654.67;5106320.86;1765.36
6793;326963.93;5104865.38;888.09
6795;329465.87;5106387.09;2209.06
6807;329120.07;5106576.22;2066.88
6811;327035.87;5105027.15;967.09
6813;326897.86;5104810.52;851.27
6822;329392.79;5106475.45;2212.76
6824;329071.31;5106592.9;2062.16
6828;327047.89;5105716.19;1275.63
6829;329358.27;5106447.51;2057.5
6831;328944.95;5106454.67;2014.09
6840;327724.19;5106284.03;1729.21
6842;327571.57;5106317.33;1747.78
6851;327906.01;5106527.23;1875.6
6859;327493.83;5106460.02;1790.55
6860;327678.59;5106352.7;1797.23
6869;327087.41;5105780.49;1346.53
6870;326919.95;5104809.9;825.18
6874;328957.0;5106496.48;2059.06
6875;328084.15;5106638.06;1967.26
6885;329425.38;5106585.46;2151.58
6900;327795.17;5106461.83;1823.44
6905;329447.46;5106431.9;2214.86
6909;328770.18;5105884.68;1758.27
6910;328959.82;5106447.7;2002.51
6913;329387.52;5106434.69;2069.94
6919;328715.11;5105800.92;1710.35
6922;328139.84;5106590.77;1981.51
6926;329276.47;5106494.91;2201.34
6927;326981.21;5105259.04;1046.42
6935;327741.49;5106395.0;1834.06
6938;327641.7;5106236.77;1718.2
6945;328045.37;5106482.54;1937.21
6946;329253.72;5106518.83;2168.07
6948;329483.06;5106408.72;2218.5
6950;329494.96;5106408.02;2087.69
6967;329146.14;5106515.29;2073.9
6974;327727.19;5106255.41;1701.7
6976;328709.13;5106610.24;2012.78
6977;327461.69;5105916.75;1465.56
6984;327839.84;5106457.69;1838.23
6986;327345.07;5104931.95;1055.15
6990;329143.33;5106423.91;2009.81
6992;327020.83;5104847.04;906.32
6993;328882.67;5106568.5;2024.23
6995;327013.67;5105150.26;1011.82
6996;327809.9;5106343.7;1750.13
7002;327910.69;5106429.53;1824.11
7010;329245.78;5106504.84;2068.99
7011;329285.18;5106464.74;2207.57
7015;327461.0;5106456.37;1786.34
7019;326991.73;5105337.55;1078.44
7024;329036.49;5106470.23;2066.44
7028;327138.4;5105763.18;1315.76
7029;329371.82;5106464.88;2071.34
7032;327789.83;5106476.09;1828.82
7036;327660.39;5106307.36;1759.27
7040;329360.27;5106592.75;2139.33
7053;329249.75;5106470.45;2024.82
7055;327508.61;5106392.18;1762.09
7058;329410.08;5106424.42;2069.74
7062;327036.25;5105666.0;1253.71
7066;326981.98;5105272.06;1045.53
7074;328718.17;5105803.86;1712.96
7089;327559.01;5106081.35;1584.26
7096;328043.28;5106536.28;1970.85
7098;329009.02;5106313.51;2017.29
7102;328046.6;5106515.81;1971.53
7104;329426.94;5106456.53;2093.17
7105;327733.12;5106399.64;1843.03
7107;327662.8;5106359.77;1859.07
7108;326958.68;5104865.21;886.18
7112;328197.65;5106631.1;1977.36
7119;329430.75;5106496.55;2296.17
7122;326991.74;5105257.16;1047.57
7128;329270.11;5106293.17;2014.91
7130;327428.01;5105906.76;1448.66
7131;329160.8;5106248.24;1970.28
7133;328039.12;5106484.56;1936.77
7139;329271.83;5106470.89;2203.62
7141;327858.84;5106435.44;1831.93
7144;329254.16;5106412.29;2012.98
7149;329391.5;5106488.61;2140.63
7150;329039.62;5106484.49;2065.28
7154;326964.57;5104812.52;874.11
7157;327902.36;5106433.31;1845.34
7161;327088.83;5104895.89;948.99
7162;329166.35;5106332.08;2143.82
7164;327110.95;5105753.55;1306.92
7165;327237.0;5104934.56;1024.99
7168;329276.07;5106531.38;2181.64
7169;327485.7;5105926.34;1467.57
7177;326995.14;5105409.73;1107.26
7179;327995.73;5106494.46;1896.61
7180;329239.24;5106417.69;2013.32
7181;329252.01;5106493.83;2035.19
7184;329357.08;5106439.45;2053.77
7194;327055.62;5105737.88;1302.32
7202;327794.11;5106101.47;1643.6
7208;328924.41;5106526.25;2056.06
7212;327334.31;5104944.36;1068.96
7213;329125.38;5106574.39;2070.56
7216;326919.68;5104806.88;819.34
7217;327265.66;5104924.93;1032.97
7222;329399.93;5106578.54;2142.01
7223;327313.98;5104927.94;1054.79
7224;326897.41;5104766.57;790.98
7228;327083.5;5105745.73;1297.6
7230;327588.51;5106270.83;1727.22
7234;327899.72;5106367.63;1782.54
7235;327278.26;5104921.51;1038.06
7236;327723.93;5106277.71;1712.06
7240;329268.36;5106288.41;2013.65
7241;328924.98;5106228.03;1947.91
7242;327755.38;5106065.86;1620.37
7244;328853.84;5106008.3;1812.62
7245;327021.49;5105651.9;1227.51
7250;327407.71;5104884.54;1088.95
7255;328785.48;5105920.88;1772.82
7260;327016.91;5105644.55;1226.89
7265;326949.82;5104819.18;871.06
7274;326850.06;5104650.38;713.31
7275;329196.27;5106373.03;2173.5
7276;327758.69;5106150.17;1662.51
7277;327448.53;5106456.18;1780.94
7283;327576.84;5105944.85;1493.5
7295;328680.4;5106599.66;2011.71
7296;328938.75;5106208.6;1936.95
7298;327025.46;5105672.12;1260.29
7301;327969.23;5106554.05;1922.83
7305;327379.63;5105850.33;1413.21
7311;329008.75;5106512.08;2061.84
7312;329425.11;5106443.5;2208.22
7315;329400.97;5106624.85;2184.66
7317;329008.89;5106595.32;2047.18
7322;326992.14;5104869.45;902.33
7326;327802.97;5106047.09;1608.58
7333;328323.07;5106645.55;1980.91
7334;329300.12;5106529.4;2105.82
7338;329394.59;5106615.33;2166.3
7342;329306.55;5106478.22;2178.36
7348;329250.76;5106460.02;2023.03
7358;329427.12;5106420.33;2070.58
7359;327727.3;5106215.68;1680.25
7367;329068.15;5106473.35;2070.31
7368;329263.75;5106531.86;2073.2
7372;329434.25;5106427.17;2071.63
7373;329124.58;5106249.54;1966.28
7378;327861.26;5106420.23;1840.11
7379;327080.32;5104966.97;967.39
7383;327023.86;5105658.68;1228.76
7384;327660.72;5106349.2;1853.0
7386;329055.38;5106466.13;2056.65
7399;327112.32;5104865.99;948.78
7401;327619.86;5106241.02;1709.83
7404;328303.79;5106665.22;1981.98
7407;329032.77;5106475.11;2065.96
7408;327784.15;5106026.05;1591.84
7409;328125.52;5106586.29;1985.87
7411;329297.4;5106533.3;2071.25
7414;326909.95;5104807.59;800.38
7422;326991.23;5105696.66;1264.02
7424;326928.86;5105185.24;1000.16
7427;327654.87;5106288.1;1741.87
7437;328035.97;5106540.32;1970.99
7443;327247.61;5105810.02;1364.81
7450;329505.21;5106408.08;2092.7
7451;326966.65;5105261.98;1037.22
7459;327801.39;5106043.14;1606.75
7461;329209.9;5106359.72;2136.61
7464;327641.02;5106406.09;1806.2
7465;329397.54;5106468.37;2094.67
7470;326930.56;5105232.34;1022.49
7471;327733.7;5106292.25;1732.06
7476;329301.69;5106495.14;2207.67
7480;329428.05;5106484.03;2236.75
7484;327853.49;5106350.59;1758.07
7488;327122.55;5104827.11;947.47
7496;326968.33;5105590.61;1194.84
7501;327625.1;5105961.12;1513.73
7503;326928.42;5105210.19;1011.44
7509;328959.93;5106543.25;2030.58
7515;328023.19;5106485.78;1902.5
7516;329327.45;5106561.87;2114.47
7521;329325.52;5106433.36;2041.26
7522;327832.22;5106450.47;1831.68
7523;327628.04;5106399.11;1871.21
7533;328976.89;5106450.92;2002.99
7534;329234.92;5106512.65;2130.4
7535;326924.49;5104838.98;869.96
7537;328682.37;5106619.04;2020.14
7538;328700.27;5105764.55;1695.37
7548;329156.84;5106323.57;2135.16
7558;329490.86;5106416.94;2089.25
7566;329258.65;5106423.73;2156.6
7573;328978.68;5106250.62;1968.83
7574;326964.66;5105263.63;1037.02
7575;329483.64;5106418.87;2224.17
7587;327851.67;5106352.38;1758.91
7590;327389.14;5106403.26;1735.67
7592;329272.27;5106478.84;2195.83
7594;328930.17;5106483.67;2026.13
7595;327165.81;5105780.31;1357.43
7597;326985.66;5104906.43;904.99
7600;329303.42;5106435.05;2125.05
7603;327228.96;5105797.44;1353.59
7605;326890.87;5104785.66;797.53
7606;329080.33;5106470.79;2064.2
7611;328044.1;5106559.26;1985.24
7626;329254.19;5106418.3;2151.27
7629;329271.47;5106481.48;2195.83
7634;328105.99;5106636.33;1973.21
7635;328791.62;5106594.14;2014.19
7647;327398.31;5105871.79;1435.87
7650;326999.37;5105385.51;1099.0
7659;329246.1;5106515.31;2131.99
7679;327605.17;5106401.4;1920.0
7681;329295.56;5106530.82;2069.64
7689;327562.56;5106112.11;1604.51
7693;329426.58;5106492.05;2254.09
7709;329253.65;5106519.02;2073.04
7715;327698.06;5106389.23;1803.64
7716;326927.41;5104756.33;794.92
7718;327960.4;5106567.73;1928.08
7722;327117.29;5104850.41;947.86
7723;328135.32;5106623.4;1978.09
7730;329262.22;5106522.71;2204.4
7732;327905.83;5106548.48;1885.74
7736;327869.64;5106369.23;1768.08
7738;327589.14;5106309.58;1747.57
7741;327382.0;5106389.99;1727.9
7760;327723.76;5106398.89;1826.96
7762;327401.84;5105885.85;1437.42
7763;327327.7;5104942.83;1065.35
7764;327972.4;5106647.14;1983.6
7781;329302.85;5106534.05;2081.74
7782;329154.32;5106318.75;2128.52
7784;327723.33;5106004.57;1564.43
7786;326927.03;5105204.49;1008.1
7791;329427.38;5106435.51;2204.69
7792;329444.95;5106620.02;2301.39
7797;327489.12;5106461.26;1788.76
7808;326983.2;5105261.05;1046.7
7812;326950.23;5105246.17;1030.73
7823;328927.41;5106477.32;2023.15
7825;327971.49;5106643.73;1982.03
7826;328982.35;5106239.18;1959.73
7831;329030.43;5106353.74;2051.16
7832;329432.86;5106453.62;2090.82
7833;328958.53;5106460.71;2015.56
7837;327093.88;5105746.93;1299.95
7839;329388.21;5106618.55;2164.37
7845;329044.22;5106416.93;2117.47
7847;329533.21;5106425.39;2096.28
7849;327726.49;5106270.91;1723.61
7856;329432.33;5106433.23;2138.1
7867;327968.14;5106514.49;1891.27
7871;328986.87;5106560.25;2042.15
7872;328976.49;5106557.6;2040.47
7873;328930.13;5106553.65;2029.87
7880;327784.59;5106477.1;1829.0
7881;328853.76;5106001.57;1810.67
7882;327390.99;5106407.53;1738.8
7883;327741.74;5106182.01;1667.23
7884;327225.51;5104933.24;1019.96
7890;326937.28;5104756.32;794.57
7899;329011.57;5106318.68;2024.58
7901;329065.39;5106443.49;2177.88
7905;328936.9;5106488.57;2031.29
7906;326926.29;5105199.35;1006.55
7908;327640.11;5106392.98;1873.41
7909;328808.85;5106595.3;2016.52
7914;327290.46;5104913.59;1041.26
7920;329430.48;5106613.48;2223.9
7923;329401.59;5106444.0;2075.88
7929;327033.37;5105037.75;971.83
7935;329486.58;5106367.19;2212.34
7936;329269.37;5106500.67;2201.03
7940;326973.12;5105662.97;1245.92
7946;329022.76;5106497.32;2078.92
7947;328881.57;5106102.77;1860.79
7948;329216.44;5106419.37;2011.09
7949;329022.86;5106487.27;2065.16
7952;329089.64;5106483.95;2043.42
7956;327022.11;5105129.37;1005.91
7960;327733.28;5106279.41;1712.24
7967;326918.24;5104843.75;868.8
7971;328987.01;5106238.34;1959.49
7975;327731.68;5106395.91;1831.05
7978;328824.0;5105979.4;1803.87
7979;326999.4;5105407.27;1101.57
7989;327719.94;5106398.16;1822.14
7991;329156.28;5106417.81;2007.64
7993;327352.79;5105848.13;1405.38
8003;327457.47;5105916.8;1464.76
8009;327834.87;5106448.92;1830.89
8014;327854.95;5106443.77;1834.78
8015;327168.15;5105762.2;1332.41
8021;327044.99;5105740.35;1304.25
8022;327100.96;5104904.19;958.77
8025;329279.25;5106532.43;2072.8
8031;329363.18;5106477.79;2193.3
8033;327656.94;5106256.0;1727.72
8035;328604.74;5106599.69;1997.2
8038;327024.51;5105668.24;1256.14
8041;327929.35;5106499.8;1874.23
8042;329252.52;5106515.65;2135.09
8051;329303.49;5106481.25;2196.19
8056;327004.94;5105265.34;1056.67
8058;328692.59;5106612.05;2017.13
8072;327216.87;5104765.07;863.12
8073;328622.44;5105718.92;1623.74
8074;327494.44;5106455.85;1789.9
8077;329420.62;5106583.35;2147.79
8078;326978.97;5105640.06;1232.45
8085;326923.22;5104818.96;846.16
8090;328522.71;5106629.58;1989.49
8091;327130.12;5105761.05;1314.45
8094;327857.9;5106417.76;1846.91
8096;329402.2;5106470.28;2214.68
8098;329266.92;5106527.87;2068.36
8100;327389.7;5104883.68;1081.51
8103;329087.92;5106472.7;2060.83
8105;327821.61;5106347.13;1748.0
8107;328381.14;5106626.15;1982.71
8110;329224.29;5106494.17;2073.79
8123;328986.78;5106499.45;2064.99
8129;328661.44;5105721.31;1638.88
8133;327009.38;5105679.77;1264.77
8142;326928.99;5105183.61;1001.4
8147;326935.19;5105243.09;1029.07
8158;327914.41;5106397.59;1802.49
8168;327591.75;5106170.15;1643.58
8178;328930.96;5106220.35;1948.64
8181;327568.15;5105943.57;1486.9
8186;329320.1;5106360.99;2061.73
8187;329425.14;5106617.37;2221.49
8190;326972.54;5105570.74;1185.39
8191;329042.4;5106420.65;2121.69
