id;x;y;z
976;70512.05;79101.29;320.78
2934;70507.95;79098.86;321.04
4077;70514.14;79099.88;320.8
157;70510.26;79102.87;320.87
2714;70507.53;79100.48;320.92
1101;70510.54;79094.3;320.54
2797;70502.18;79107.28;331.8
4094;70538.06;79086.2;319.25
2303;70520.55;79086.79;320.15
1910;70522.36;79096.21;320.1
3985;70545.61;79069.7;317.93
141;70538.06;79086.2;330.95
1402;70548.17;79078.35;319.03
783;70520.04;79102.46;320.77
4152;69905.26;77408.4;267.35
4132;69904.18;77409.03;266.28
372;69902.98;77409.16;266.73
3481;69905.4;77408.23;267.09
2557;69905.08;77408.16;267.4
3684;69905.11;77408.54;267.55
2183;69905.38;77408.7;267.34
1878;69859.51;77449.5;266.87
3099;69856.15;77452.54;270.72
1375;69859.07;77451.1;265.38
1622;69857.34;77450.23;266.15
1630;69857.33;77443.4;266.93
1459;69857.29;77443.4;266.91
1960;69856.29;77450.16;266.85
714;69857.49;77448.69;266.86
1128;69858.3;77451.26;268.16
3752;69857.06;77452.57;266.83
3799;69857.9;77450.49;266.53
4358;69857.61;77456.67;265.62
4273;69697.09;77804.24;259.17
2339;69690.82;77809.88;259.25
617;69690.8;77805.72;259.9
342;69702.44;77807.32;258.96
100;69688.05;77808.62;259.5
3763;69687.33;77801.85;260.16
4317;69706.79;77805.19;259.38
907;69710.77;77807.3;259.22
1213;69714.0;77815.28;258.92
54;69719.2;77820.48;258.7
589;69720.08;77828.15;258.66
3940;69724.49;77831.16;258.73
1473;69729.08;77837.23;258.5
3946;69736.52;77833.51;258.82
3458;69730.14;77834.7;258.78
78;69725.94;77833.59;258.51
3879;69741.83;77836.54;258.45
3851;69745.55;77838.7;258.17
3908;69752.94;77843.48;258.04
369;69745.78;77841.77;258.07
3688;69757.26;77844.72;257.93
4131;69763.3;77845.31;258.28
2222;69767.04;77849.12;258.21
713;69762.74;77847.7;257.99
3866;69772.9;77844.34;257.6
871;69767.48;77845.76;258.27
2434;69777.14;77845.72;257.57
2720;69777.42;77842.92;258.32
1066;69781.79;77847.0;257.42
2142;69777.58;77847.48;257.73
2690;69801.08;77805.73;258.89
3492;69802.28;77811.93;258.44
2516;69813.41;77802.51;258.67
4329;69810.06;77806.3;258.98
168;69802.42;77806.0;257.9
4263;69805.87;77810.81;258.86
1114;69802.89;77813.84;258.81
2057;69800.12;77805.76;258.75
3550;69803.72;77804.7;259.06
1557;69806.04;77811.77;258.72
2195;69801.07;77805.78;260.02
1531;69801.1;77805.7;258.16
2226;69800.47;77806.08;259.91
3794;69800.88;77805.73;259.22
2548;69797.77;77804.73;257.76
2910;69799.44;77806.11;258.43
3159;69801.14;77805.85;257.68
2321;69798.79;77808.63;257.67
31;69805.73;77807.66;257.97
1351;69799.71;77804.2;258.83
1529;69800.69;77802.76;258.96
1131;69798.37;77801.28;259.9
3795;69803.75;77802.85;258.26
2023;69814.66;77797.7;257.65
1571;69799.39;77816.84;257.82
2099;69799.51;77807.98;257.75
2767;69790.26;77828.12;258.42
2553;69776.53;77842.09;258.07
2176;69778.64;77840.74;258.51
79;69777.07;77835.38;257.77
1641;69774.49;77837.86;257.72
4032;69773.19;77840.19;257.7
231;69822.86;77808.26;258.29
681;69834.08;77816.49;258.3
1369;69839.6;77815.17;258.5
3886;69842.73;77820.29;258.4
1475;69849.38;77818.82;258.88
207;69858.37;77822.16;258.21
217;69859.81;77833.23;258.42
94;69866.99;77840.52;258.42
3394;69868.13;77849.35;258.58
3413;69872.01;77860.92;258.59
3595;69871.63;77863.36;258.38
2307;69865.66;77866.4;258.26
2727;69882.28;77863.89;258.94
3991;69856.62;77871.38;258.09
1198;69861.58;77865.31;258.11
3540;69862.87;77879.22;258.27
691;69867.51;77885.98;258.13
2412;69866.32;77890.5;258.05
3053;69855.35;77900.68;258.32
2026;69855.42;77911.78;258.53
1355;69855.52;77895.26;258.13
2390;69859.69;77915.43;258.33
2572;69861.62;77916.13;258.08
4276;69855.64;77904.33;257.87
1134;69850.73;77900.83;257.15
4328;69848.26;77895.87;257.11
4069;69846.47;77892.24;257.06
2259;69844.61;77892.76;257.09
2763;69839.69;77892.47;257.09
517;69834.89;77891.31;257.07
498;69829.65;77886.66;257.02
1607;69821.21;77878.1;256.93
3102;69819.7;77875.46;256.88
893;69818.36;77872.73;256.84
1856;69813.54;77873.73;256.87
172;69808.76;77867.28;256.8
1787;69808.83;77865.71;256.79
4191;69806.36;77860.74;256.75
511;69806.1;77853.74;257.09
2843;69806.56;77860.59;256.77
1876;69807.58;77861.01;256.76
4338;69804.4;77850.27;257.0
2896;69801.44;77849.82;257.01
374;69797.24;77844.22;257.26
1404;69792.29;77844.28;257.3
1107;69798.76;77844.84;257.28
22;69797.52;77842.5;257.22
143;69790.28;77844.45;257.51
1427;69788.85;77841.77;257.36
3330;69787.48;77842.51;257.46
4023;69819.76;77763.13;258.54
3464;69818.35;77777.33;258.12
1274;69816.38;77769.16;259.18
699;69805.6;77745.75;258.56
4318;69817.2;77764.03;257.93
3487;69809.61;77766.33;259.43
519;69819.75;77763.14;258.74
637;69819.74;77763.0;257.06
1874;69809.55;77785.79;258.01
3685;69809.44;77773.47;259.43
1439;69818.34;77777.31;258.76
1387;69818.38;77777.36;257.03
1414;69816.63;77776.63;257.12
3654;69815.11;77773.8;258.18
2676;69812.8;77801.46;259.05
2937;69815.38;77786.46;258.46
3899;69806.93;77786.76;258.33
2943;69806.51;77785.46;258.26
3359;69814.76;77786.92;258.17
3664;69807.42;77784.82;258.25
159;69809.56;77785.91;258.95
3346;69809.47;77778.86;257.57
2587;69807.19;77799.0;257.81
2271;69816.94;77797.74;258.58
3378;69812.78;77801.46;257.98
2020;69804.04;77804.62;258.95
2639;69803.86;77804.74;259.12
2970;69806.56;77802.26;258.23
2107;69810.1;77806.3;259.59
3146;69809.99;77806.35;258.01
2417;69814.96;77796.47;258.61
261;69812.22;77798.55;257.97
3538;69812.86;77801.42;259.05
1364;69806.16;77755.57;260.16
3367;69817.99;77735.25;258.8
2823;69809.82;77749.73;257.85
3293;69813.55;77746.57;258.8
3945;69804.36;77745.06;258.56
1753;69805.99;77745.81;260.03
701;69806.98;77745.71;256.36
842;69805.42;77744.75;259.39
1420;69804.37;77761.11;259.98
3884;69801.52;77755.24;259.81
2311;69805.22;77755.16;259.6
1100;69807.15;77755.84;259.88
3026;69806.17;77755.67;259.23
1287;69805.51;77758.8;259.84
3322;69805.82;77760.63;259.73
1492;69804.35;77761.09;259.24
1075;69813.55;77770.09;259.33
3640;69535.74;77506.39;329.32
4006;69536.03;77506.4;329.81
3050;69530.71;77511.56;330.62
1942;69536.24;77506.85;329.27
2736;69535.73;77506.46;328.55
548;69535.4;77506.72;331.25
4218;69535.8;77506.56;328.54
3826;69535.72;77506.99;329.92
3513;69536.73;77511.23;329.35
297;69788.01;78044.72;358.31
2806;69785.85;78045.87;359.55
2084;69783.1;78047.0;358.3
186;69790.16;78038.56;358.58
485;69787.03;78052.73;360.24
1477;69783.92;78050.88;358.28
3023;69789.27;78055.99;358.45
2208;70486.21;79117.83;333.77
3697;70480.56;79121.72;333.85
3556;70484.23;79115.25;334.78
768;70474.77;79127.37;334.16
2625;70489.7;79115.32;333.7
2060;70461.92;79136.46;334.57
2775;70479.46;79129.94;334.4
1352;70478.53;79124.23;334.03
551;70458.86;79137.91;335.78
2830;70460.0;79141.0;335.92
4082;70460.0;79141.0;341.0
2193;70462.19;79142.58;335.92
4360;70460.61;79140.48;335.92
3154;70458.14;79138.27;335.92
671;70459.64;79141.17;335.92
1869;70460.0;79141.0;346.0
2233;70461.08;79141.89;341.0
3156;70460.33;79140.62;341.0
876;70457.66;79138.14;341.0
3298;70459.73;79141.13;341.0
3993;70460.0;79141.0;351.0
4211;70461.44;79142.08;346.0
3735;70461.14;79140.03;346.0
4133;70458.49;79138.41;346.0
1779;70459.81;79141.05;346.0
1776;70460.0;79141.0;356.0
1737;70459.36;79142.12;351.0
2076;70462.54;79143.11;351.0
1932;70460.89;79139.92;351.0
3036;70458.31;79139.44;351.0
3312;70500.74;79108.87;332.76
2055;70504.99;79101.16;331.8
2991;70502.18;79107.28;327.9
2096;70498.1;79108.81;332.95
1221;70491.64;79117.61;333.85
594;70537.32;79071.76;320.11
2305;70546.28;79074.21;318.39
4286;70551.45;79069.21;317.28
3753;70516.34;79101.18;320.78
4388;70518.57;79104.26;320.93
1133;70518.57;79104.26;336.76
4202;70552.73;79074.13;319.14
8;70554.29;79072.38;320.9
4051;70554.29;79072.38;326.74
1187;70555.82;79063.76;316.73
2006;70542.32;79082.96;310.14
3835;70552.15;79085.61;307.31
2168;70550.53;79091.92;310.51
2574;70548.03;79086.05;310.22
2383;70523.2;79075.04;308.88
1786;70542.26;79082.92;310.63
1464;70542.38;79082.65;308.63
1292;70509.79;79098.29;310.07
722;70505.44;79101.03;309.99
2495;70504.03;79100.28;309.95
3185;70505.6;79101.4;310.04
152;70505.54;79100.26;309.98
2022;70505.78;79101.32;312.33
1675;70505.85;79101.1;308.65
829;70506.8;79101.37;309.78
1175;70505.81;79100.62;309.97
3568;70504.15;79096.67;311.25
2591;70504.57;79099.68;309.92
2424;70504.21;79099.73;316.51
2536;70504.14;79100.21;308.78
2738;70501.15;79098.23;309.89
650;70504.73;79095.45;309.41
1886;70503.68;79096.43;311.3
2161;70504.13;79096.9;309.4
1020;70515.09;79085.29;309.64
752;70503.32;79093.97;309.51
682;70504.14;79096.25;317.02
3437;70504.76;79095.23;308.43
2656;70514.94;79100.16;309.79
1775;70503.72;79096.33;309.83
336;70500.55;79100.52;309.77
387;70504.36;79096.99;309.67
3019;70526.34;79073.84;308.79
3847;70514.66;79084.93;309.55
2899;70519.98;79092.91;309.43
2903;70514.24;79086.41;318.17
3737;70514.83;79085.68;308.16
4178;70507.32;79096.52;310.44
2873;70511.01;79099.21;310.15
1376;70514.96;79097.77;309.86
2659;70513.6;79102.68;310.74
1042;70524.51;79089.91;309.62
2371;70529.08;79086.77;308.65
2961;70537.75;79084.32;309.73
1519;70541.23;79071.59;307.81
1564;70535.28;79075.19;318.69
2514;70522.89;79083.04;318.06
1009;70521.88;79087.68;317.56
3864;70516.58;79092.77;317.68
2501;70516.79;79088.23;307.91
994;70518.88;79090.88;307.78
438;70537.66;79068.09;307.36
967;70526.48;79074.03;308.81
522;70533.93;79082.38;310.67
1166;70526.75;79073.14;318.07
2651;70526.41;79073.99;307.29
4058;70529.57;79077.32;307.25
2645;70531.02;79078.83;307.23
35;70534.69;79081.77;307.46
1331;70539.22;79073.73;307.82
3321;70535.24;79088.19;309.16
3913;70536.54;79069.24;310.99
1338;70537.51;79068.29;306.09
110;70540.2;79067.42;306.66
537;70525.97;79088.71;308.53
4355;70519.29;79093.22;308.73
3642;70531.36;79080.23;319.36
49;70544.55;79078.73;308.05
2623;70541.12;79071.69;307.57
996;70510.06;79098.42;310.81
1196;70539.45;79073.76;310.27
413;70539.24;79073.63;306.19
3095;70541.39;79075.22;307.86
2803;70542.05;79071.85;307.79
2077;70540.28;79071.37;307.52
1311;70541.21;79067.79;307.2
4320;70536.98;79068.25;308.15
3547;70530.61;79070.46;308.49
2963;70522.43;79076.48;308.94
1987;70522.02;79077.39;318.11
1318;70526.71;79077.41;318.03
2446;70531.88;79076.03;320.74
2266;70538.09;79074.74;310.86
2318;70537.3;79075.85;310.89
1234;70531.0;79081.4;317.9
4212;70510.28;79098.41;310.66
908;70530.26;79086.77;308.93
2267;70534.09;79086.19;309.63
4384;70538.84;79081.25;310.71
2907;70539.99;79078.89;310.59
1367;70541.32;79079.48;309.08
2459;70530.92;79087.03;308.26
2841;70545.2;79078.03;307.89
1722;70543.96;79079.32;308.06
1432;70544.54;79078.8;308.63
981;70544.78;79078.09;306.68
1047;70552.04;79085.98;307.28
5;70552.26;79085.44;307.29
3870;70552.22;79085.63;308.78
2330;70551.77;79085.49;305.21
3442;69928.22;78312.37;258.17
2256;69933.11;78316.37;261.07
520;69928.47;78310.19;294.14
723;69927.87;78311.83;257.97
3982;69930.53;78310.99;273.45
1070;69929.46;78309.85;258.58
2964;69928.03;78310.37;258.6
1533;69927.51;78312.7;258.33
2865;69929.43;78314.52;258.35
566;69934.98;78319.48;257.47
1079;69922.74;78306.46;259.2
2634;69929.46;78314.51;259.37
3950;69931.51;78314.54;259.33
3584;69932.92;78317.01;259.14
2662;69933.87;78319.21;259.31
1350;69935.76;78321.53;277.07
3485;69505.33;77501.96;373.07
2912;69507.19;77500.77;370.62
2505;69505.86;77500.08;372.75
2667;69507.09;77501.33;373.05
4092;69505.85;77501.88;372.02
2476;69507.36;77501.23;369.67
3745;69506.75;77501.11;370.48
3434;69507.28;77500.76;369.73
1383;69507.38;77502.04;370.42
4140;69506.92;77500.26;370.74
525;69506.99;77501.4;372.1
825;69508.54;77501.66;369.35
2070;69507.5;77501.17;370.13
1005;69508.11;77500.74;369.94
30;69508.07;77502.05;369.79
2981;69506.67;77501.12;369.74
2776;69509.31;77503.56;368.94
351;69509.2;77501.37;369.39
1450;69508.0;77502.23;369.41
1691;69508.49;77501.78;369.81
2497;69508.45;77501.79;368.86
2435;69510.02;77504.77;369.18
2162;69508.13;77503.82;369.22
3414;69509.32;77503.63;369.34
3505;69510.42;77503.31;369.05
404;69509.38;77503.56;368.77
1725;69512.66;77504.61;369.08
697;69511.29;77504.83;368.76
1465;69510.16;77505.71;368.61
1240;69510.47;77506.81;369.09
197;69509.45;77505.17;368.58
1373;69508.01;77505.44;369.2
4028;69508.93;77504.37;352.95
1143;69509.42;77505.81;351.5
3287;69511.09;77504.39;368.71
1574;69510.32;77505.68;368.43
510;69509.52;77504.16;368.67
913;69509.63;77505.11;368.59
4085;69512.05;77505.78;352.59
2372;69509.11;77504.42;351.73
814;69509.33;77505.25;366.82
3463;69509.23;77506.32;352.72
4135;69511.41;77507.76;352.73
3064;69515.23;77512.38;351.03
1576;69511.48;77504.65;353.08
171;69509.24;77504.59;351.71
2366;69514.96;77506.5;337.86
2923;69511.7;77505.65;351.31
2552;69514.74;77506.9;337.77
120;69508.72;77507.58;364.6
1671;69513.6;77515.0;351.34
2118;69511.02;77506.36;351.35
1958;69511.67;77505.86;351.37
4005;69512.49;77505.96;351.41
3380;69516.85;77510.81;339.35
554;69516.77;77507.3;337.82
2066;69515.24;77504.3;337.92
3562;69513.04;77507.85;338.31
1098;69512.58;77506.73;348.83
175;69514.57;77506.88;342.14
2613;69513.36;77513.99;338.83
3552;69516.57;77508.19;338.52
1238;69518.81;77509.9;331.64
2481;69516.28;77510.54;338.07
1772;69517.18;77509.65;338.16
1561;69517.35;77510.92;339.22
195;69516.5;77510.71;342.26
3689;69518.66;77509.64;332.01
2807;69517.46;77509.86;336.46
3424;69517.16;77510.28;336.43
679;69520.24;77512.71;330.54
826;69519.18;77509.68;331.7
1920;69518.64;77510.06;331.66
2089;69519.1;77510.62;332.58
1018;69520.06;77512.35;330.97
1647;69528.14;77506.58;330.0
3725;69520.45;77511.69;330.46
664;69520.41;77512.52;330.1
3889;69520.73;77512.29;331.15
2246;69520.37;77512.51;330.11
1570;69519.41;77512.39;330.62
3139;69522.99;77510.07;330.25
453;69525.02;77509.56;330.34
2521;69528.1;77506.65;329.13
3512;69528.07;77506.9;330.98
3428;69528.95;77507.02;330.02
2722;69528.21;77507.91;329.6
2079;69528.14;77506.67;329.11
3583;69530.79;77511.46;331.2
2671;69530.78;77510.63;330.44
2351;69530.99;77510.61;330.34
1339;69818.44;78000.19;356.98
3308;69818.66;78031.73;351.95
1613;69816.49;78034.49;351.08
1784;69816.8;78036.85;351.42
2876;69810.62;78028.17;351.17
3644;69823.41;78032.82;350.61
2790;69809.42;78023.5;352.65
1599;69803.44;78025.72;354.2
2739;69801.11;78017.27;356.0
3178;69800.02;78014.42;355.98
3253;69799.55;78015.21;356.21
403;69800.02;78014.42;358.48
3440;69795.7;78009.22;356.32
2341;69787.63;78012.75;357.22
2825;69789.07;78016.05;356.76
2;69784.53;78023.69;357.49
1320;69786.94;78012.94;358.81
3277;69787.03;78035.13;358.0
335;70551.86;79089.96;311.4
1587;70548.56;79093.79;311.94
668;70550.48;79092.26;312.95
3232;69899.79;77408.18;266.66
2139;69904.15;77408.75;267.11
474;69905.33;77408.43;267.35
3596;69904.35;77407.96;266.75
2694;69904.18;77409.39;266.34
2522;69896.0;77409.2;266.08
818;69899.84;77408.18;266.1
3956;69899.73;77407.16;266.34
3068;69904.12;77408.96;266.28
2594;69899.85;77408.65;267.04
1204;69899.93;77409.15;266.69
3079;69890.8;77414.47;266.58
937;69895.77;77409.72;270.54
2527;69893.88;77405.58;267.0
1452;69896.03;77405.86;266.58
1173;69895.38;77406.27;266.13
3000;69893.86;77409.13;266.39
4246;69899.84;77408.3;266.68
3134;69897.17;77413.2;266.76
1745;69896.8;77410.53;266.89
1528;69898.61;77409.82;266.58
751;69898.29;77407.27;266.31
536;69895.23;77411.1;266.27
2877;69888.53;77415.04;266.15
1902;69890.77;77414.44;265.82
916;69896.05;77409.25;266.09
1244;69890.23;77413.83;266.32
944;69891.71;77415.46;266.4
1071;69891.18;77414.83;266.92
1337;69885.49;77416.89;267.41
2906;69888.54;77415.8;269.63
3173;69885.58;77414.02;269.23
138;69890.82;77414.52;266.63
4123;69890.78;77416.65;266.38
1808;69891.52;77419.81;267.09
2363;69889.4;77417.61;266.32
4084;69887.65;77419.75;266.62
4027;69885.99;77418.5;266.31
2203;69878.71;77417.43;265.9
870;69885.42;77416.91;265.81
1164;69888.57;77415.1;266.13
3947;69885.25;77415.6;267.06
1398;69885.73;77418.97;265.93
3038;69874.46;77417.84;266.15
2756;69878.82;77417.74;267.21
1248;69878.71;77417.45;265.65
390;69878.61;77416.48;266.23
3345;69885.49;77416.98;267.43
3272;69879.26;77418.92;266.17
3326;69877.29;77422.79;265.94
4176;69870.28;77418.15;265.99
3423;69874.45;77417.77;266.79
2456;69874.49;77417.91;265.58
3203;69878.74;77417.49;265.93
1746;69874.38;77416.24;266.21
1366;69874.56;77419.27;266.18
1723;69858.02;77425.62;265.75
2209;69870.16;77418.19;269.05
2672;69867.39;77412.6;268.27
4362;69870.87;77417.0;266.42
3314;69869.42;77418.02;265.99
2842;69874.45;77417.85;266.14
2737;69871.58;77422.35;266.28
3017;69872.47;77419.41;266.23
1285;69869.84;77420.17;266.21
294;69860.25;77431.09;266.02
3672;69858.08;77425.33;268.68
2292;69857.3;77425.9;266.8
2653;69855.65;77420.39;268.05
3135;69860.03;77431.81;268.39
2421;69860.11;77431.64;266.0
133;69859.95;77431.2;265.99
3211;69859.95;77431.19;265.98
3750;69870.46;77418.41;265.96
2792;69870.43;77418.31;265.99
2407;69860.43;77423.8;265.91
2335;69860.22;77423.41;265.78
2451;69861.25;77424.68;265.82
927;69861.03;77424.03;266.12
3302;69854.91;77438.69;265.83
235;69857.94;77425.64;265.76
4363;69857.93;77425.64;265.75
422;69857.64;77430.3;265.91
2918;69859.26;77430.96;267.01
2426;69859.68;77431.05;265.47
2062;69858.44;77428.07;266.07
922;69852.47;77437.86;278.48
1648;69854.47;77437.11;272.48
2113;69854.5;77439.37;273.23
2849;69853.92;77435.83;271.43
4031;69854.9;77438.68;265.5
1045;69853.1;77438.05;265.83
948;69854.6;77439.03;265.86
764;69857.01;77443.55;266.95
2338;69857.0;77443.55;266.96
2560;69860.27;77431.08;266.0
2263;69856.92;77434.62;265.87
1325;69855.51;77435.75;265.89
233;69856.19;77437.47;265.87
1190;69856.04;77436.51;266.76
224;69853.87;77434.3;265.86
1758;69856.01;77438.29;265.86
874;69856.21;77443.69;270.13
4379;69856.55;77443.45;265.47
3166;69854.84;77438.71;265.81
1029;69856.15;77443.61;266.95
3160;70236.85;78853.99;350.8
344;70236.84;78853.99;335.8
3005;70235.3;78853.65;350.8
763;70236.66;78854.41;350.8
1284;70236.96;78852.56;335.8
1541;70237.73;78854.03;335.8
819;70236.63;78851.57;335.8
2296;70236.15;78850.39;335.8
3205;70235.58;78849.28;335.8
3206;70235.58;78849.28;335.3
104;70234.35;78848.54;335.3
1754;70234.35;78848.54;328.3
4237;70233.78;78847.87;328.3
3104;70233.65;78847.49;328.3
3766;70233.65;78847.5;329.3
3836;70233.26;78847.02;329.3
1502;70232.18;78845.89;329.3
1178;70230.81;78844.74;329.3
630;70230.81;78844.74;327.8
4111;70229.44;78843.63;327.8
3666;70229.44;78843.63;328.8
4195;70228.5;78842.53;328.8
828;70228.5;78842.53;329.8
1594;70227.31;78840.97;329.8
2603;70227.31;78840.97;330.8
2171;70226.64;78840.15;330.8
436;70226.16;78838.76;330.8
3;70226.16;78838.76;331.8
4050;70225.23;78837.87;331.8
3179;70223.98;78836.04;331.8
4201;70223.98;78836.04;332.3
3221;70221.38;78833.55;332.3
2779;70221.38;78833.55;333.3
1846;70219.6;78831.93;333.3
1224;70216.17;78829.11;333.3
2255;70216.17;78829.11;334.3
469;70219.44;78833.49;334.3
68;70220.95;78835.65;334.3
69;70220.95;78835.65;334.8
460;70221.94;78838.22;334.8
29;70221.94;78838.22;335.8
1517;70222.73;78840.1;335.8
3024;70222.72;78840.1;337.8
1556;70224.59;78842.48;337.8
2138;70224.59;78842.48;339.8
2175;70226.15;78843.99;339.8
2320;70226.15;78843.99;342.8
1543;70227.64;78845.44;342.8
3106;70227.64;78845.44;345.8
1312;70229.26;78846.81;345.8
1899;70229.26;78846.81;347.8
1354;70230.46;78847.91;347.8
2370;70230.46;78847.91;348.8
1955;70231.28;78848.91;348.8
1508;70231.28;78848.91;349.8
728;70231.82;78850.07;349.8
1273;70231.82;78850.07;351.3
805;70232.48;78851.51;351.3
806;70232.48;78851.51;351.8
182;70232.97;78852.66;351.8
585;70233.95;78853.21;351.8
586;70233.95;78853.21;351.3
4014;70235.3;78853.65;351.3
2145;70236.68;78855.12;350.8
1096;70236.92;78855.6;350.8
1845;70237.64;78857.32;350.8
2833;70237.64;78857.32;351.3
291;70238.13;78858.48;351.3
2298;70238.13;78858.48;353.3
4109;70237.11;78860.57;353.3
868;70237.11;78860.57;357.3
730;70235.87;78860.19;357.3
305;70235.87;78860.19;358.8
774;70235.11;78860.92;358.8
345;70235.11;78860.92;359.8
3718;70234.06;78861.01;359.8
1357;70234.06;78861.01;361.3
607;70232.99;78860.87;361.3
4035;70232.99;78860.87;361.6
176;70232.57;78860.61;361.6
4112;70232.57;78860.61;362.1
2359;70231.51;78859.82;362.1
1328;70231.51;78859.82;361.6
3529;70230.8;78859.34;361.6
3530;70230.8;78859.34;361.1
3025;70230.0;78858.88;361.1
3386;70229.85;78858.86;361.1
4194;70229.85;78858.86;361.4
1861;70229.05;78858.35;361.4
998;70229.05;78858.35;362.0
2299;70229.22;78858.69;362.0
947;70229.57;78859.14;362.0
1258;70229.74;78859.44;362.0
2281;70229.74;78859.44;363.0
1262;70229.93;78859.73;363.0
845;70229.93;78859.73;364.0
856;70230.0;78860.0;364.0
1411;70230.0;78860.0;366.0
1335;69905.6;78377.68;369.85
262;69925.69;78338.49;368.93
3808;69925.45;78338.56;368.91
1319;69926.0;78338.4;368.87
1152;69926.19;78339.06;368.92
222;69925.64;78339.23;368.93
1646;69925.87;78339.11;362.34
1864;69925.84;78338.64;363.36
3318;69927.74;78308.65;301.38
3922;69927.28;78310.41;297.76
2852;69918.25;78319.32;300.11
3008;69928.32;78310.83;301.65
3300;69924.74;78305.86;301.44
2520;69926.71;78309.9;297.24
2684;69928.25;78312.29;297.61
3415;69927.8;78309.8;297.76
3902;69927.63;78311.32;258.09
3175;69926.96;78309.75;296.54
3522;69927.38;78309.37;296.71
1565;69926.87;78309.8;297.73
2705;69926.06;78315.17;293.78
3627;69923.28;78312.95;294.13
117;69927.99;78309.64;294.25
4370;69923.74;78308.74;293.96
1656;69882.87;78376.74;369.56
2517;69880.9;78375.7;369.59
936;69878.12;78376.64;369.34
1016;69875.48;78375.82;369.35
3561;69872.02;78376.36;369.13
1669;69866.72;78369.45;369.15
3833;69865.41;78366.35;368.33
1507;69866.61;78357.43;368.02
3488;69860.56;78354.55;368.26
746;69855.66;78353.26;367.86
206;69853.39;78341.68;367.45
813;69849.89;78335.84;367.54
468;69847.91;78327.2;367.22
499;69845.08;78323.43;367.26
1099;69842.52;78312.93;366.78
3482;69840.94;78310.53;366.76
761;69839.56;78304.11;367.01
4231;69833.47;78289.97;366.37
3426;69831.24;78279.54;366.32
2544;69828.13;78273.75;366.04
2040;69830.46;78279.09;366.23
2134;69826.74;78270.35;365.82
4086;69827.07;78267.98;366.47
2731;69825.2;78264.1;366.05
2799;69823.59;78264.0;366.23
2101;69821.19;78256.58;366.18
286;69821.3;78256.57;366.31
1049;69820.33;78255.76;366.35
2081;69818.02;78251.89;366.32
1462;69820.81;78242.96;366.19
4139;69817.21;78235.29;366.17
3675;69817.17;78231.82;366.21
317;69814.96;78227.5;366.07
3719;69811.31;78227.78;365.99
2867;69803.37;78222.3;365.24
2698;69803.23;78215.77;365.15
4184;69801.99;78214.3;365.47
550;69801.41;78210.95;365.18
1895;69796.45;78200.99;365.1
2892;69795.59;78200.98;364.85
106;69794.65;78195.04;364.53
1246;69793.21;78194.32;364.84
2408;69791.19;78189.72;364.64
1341;69792.75;78184.46;364.32
2102;69792.25;78175.47;363.89
3006;69797.08;78172.85;364.22
3557;69796.52;78171.03;363.82
3589;69799.75;78164.57;363.46
3717;69798.08;78161.15;363.81
3863;69797.89;78157.62;363.28
0;69801.28;78155.1;362.87
2212;69800.32;78152.52;360.8
1711;69803.14;78153.64;359.88
1877;69802.58;78142.94;360.62
739;69801.02;78137.82;360.23
3105;69800.74;78135.47;359.52
2270;69799.19;78133.69;359.06
3093;69799.59;78131.55;358.69
827;69799.89;78125.25;359.0
3041;69796.97;78118.13;359.39
2137;69796.74;78112.32;359.48
1095;69794.94;78109.37;358.87
1760;69794.85;78102.86;358.68
1216;69792.8;78092.56;358.47
2207;69793.46;78089.21;358.33
334;69790.48;78089.04;358.51
1068;69792.59;78083.12;358.99
4256;69790.69;78086.26;359.27
3788;69792.29;78081.56;358.93
461;69788.29;78085.15;359.15
2508;69787.65;78073.52;358.37
1210;69787.62;78063.94;358.35
101;69863.23;77639.53;282.72
1230;69859.33;77641.73;278.29
1082;69859.02;77642.05;283.62
2732;69863.73;77644.91;282.82
2832;69861.01;77631.96;283.0
1672;69857.84;77643.81;276.36
2496;69838.34;77679.44;262.16
1476;69838.34;77679.44;261.16
1620;69838.34;77679.44;254.96
2092;69838.09;77675.97;261.48
509;69838.34;77679.44;256.5
3202;69837.87;77676.54;262.0
4224;69837.17;77674.05;262.13
1127;69833.09;77673.06;262.27
1003;69831.73;77668.45;263.21
2857;69829.59;77663.24;266.46
636;69829.59;77663.24;271.46
1638;69829.79;77661.26;272.61
2129;69829.79;77661.26;295.91
4292;69826.14;77652.37;280.39
3822;69831.26;77660.4;295.91
2131;69829.79;77661.26;284.61
473;69831.26;77660.4;296.41
4185;69834.6;77658.82;296.41
4186;69835.21;77659.16;296.41
1928;69836.45;77658.32;296.41
1474;69837.85;77657.77;296.41
1219;69837.85;77657.77;293.01
3510;69839.96;77656.86;292.93
991;69840.87;77654.97;291.99
558;69842.76;77653.3;290.02
3233;69844.38;77652.79;290.02
1950;69844.94;77654.08;290.02
2712;69848.91;77651.47;289.36
1798;69848.91;77651.47;289.16
66;69848.3;77647.04;289.9
1032;69858.06;77642.53;283.46
2091;69857.45;77647.75;282.82
1839;69858.72;77647.18;282.82
1004;69845.57;77686.18;255.99
1247;69838.61;77675.09;255.72
145;69839.35;77697.18;256.1
1549;69824.73;77695.25;256.04
3720;69815.59;77701.53;256.48
2534;69808.5;77701.4;256.23
2812;69799.83;77711.73;256.7
1393;69804.62;77719.94;256.45
3599;69811.77;77725.23;257.46
3710;69806.67;77727.88;259.04
358;69811.55;77725.17;259.8
4144;69810.98;77726.01;257.36
1816;69811.53;77725.13;259.8
3665;69811.87;77725.15;256.0
2044;69810.4;77734.61;258.84
2011;69814.1;77734.15;257.59
3400;69816.06;77734.55;257.6
1263;69808.67;77738.82;258.99
2510;69814.29;77739.67;258.17
1208;69810.27;77733.5;258.86
3251;69817.89;77735.26;260.24
20;69833.55;77673.47;261.93
4284;69833.55;77673.47;261.03
2158;69832.24;77667.46;262.8
3222;69833.65;77659.28;262.8
2471;69832.58;77653.63;262.8
2945;69839.43;77641.89;263.03
1229;69838.21;77638.89;264.08
1847;69841.95;77630.78;264.63
3769;69829.88;77626.68;264.74
2215;69820.15;77613.87;265.44
3588;69826.92;77627.6;276.33
2461;69812.55;77612.36;265.58
1814;69798.3;77604.04;265.87
1115;69801.42;77599.95;265.6
1685;69800.68;77584.52;265.6
2632;69793.3;77580.95;265.67
1197;69791.65;77570.84;265.67
3217;69786.44;77565.66;265.93
3544;69786.44;77565.66;264.53
2229;69776.33;77550.23;265.82
887;69776.33;77550.23;265.22
2686;69777.84;77548.53;265.58
1116;69775.26;77538.36;265.12
1690;69784.22;77529.64;265.01
45;69784.62;77521.35;265.01
1153;69788.36;77514.25;264.45
1424;69793.03;77513.41;264.16
4322;69791.92;77508.68;264.11
2277;69806.6;77500.13;264.26
3362;69808.92;77491.64;264.19
2692;69810.14;77482.07;264.44
3820;69816.88;77475.51;264.44
3977;69823.29;77471.93;264.12
1023;69825.11;77460.07;264.54
3286;69825.11;77460.07;264.84
3997;69811.72;77454.26;264.79
1678;69826.87;77460.81;264.84
1875;69834.42;77457.57;265.56
2644;69847.94;77463.81;266.08
1885;69857.02;77453.28;266.08
4129;69859.08;77449.19;266.88
3296;69854.46;77436.31;266.29
2196;69859.17;77430.22;266.15
116;69851.49;77435.85;266.29
1064;69859.01;77422.58;266.55
81;69859.01;77422.58;265.55
4157;69865.86;77418.59;266.18
3034;69878.85;77416.94;266.52
595;69889.7;77417.09;266.71
2121;69877.36;77422.59;265.7
3407;69894.78;77409.19;266.87
933;69897.68;77413.07;267.04
3861;69851.49;77435.85;276.49
3042;69849.33;77437.68;279.31
795;69826.92;77627.6;279.33
2349;69803.19;77449.05;264.97
4288;69800.95;77443.91;265.06
4289;69790.31;77447.7;264.87
2329;69775.12;77437.67;265.18
2526;69774.24;77433.67;264.9
888;69763.51;77439.27;265.11
1889;69741.98;77435.3;265.49
4313;69740.02;77426.51;265.49
2234;69753.63;77405.91;265.92
3872;69760.75;77402.5;266.34
1581;69758.91;77398.07;266.42
3715;69752.41;77395.25;265.92
2753;69751.69;77386.19;266.24
287;69750.95;77384.25;266.12
3261;69753.97;77390.55;265.37
2871;69753.86;77392.25;265.37
2894;69757.99;77386.24;264.99
40;69762.89;77387.97;264.99
4080;69769.01;77384.78;265.23
4071;69769.26;77381.49;265.23
1553;69773.89;77375.22;265.37
2350;69776.44;77374.31;265.37
1280;69778.18;77367.02;265.5
2532;69778.72;77358.14;265.5
3313;69777.56;77356.63;265.63
3577;69782.48;77347.93;265.63
2796;69777.56;77340.51;265.79
2080;69783.42;77337.95;266.01
1854;69785.96;77335.54;266.01
2167;69791.15;77332.95;265.91
2269;69794.04;77332.31;266.38
4233;69794.93;77329.28;266.94
516;69797.82;77327.91;267.1
4136;69802.28;77335.47;266.64
769;69805.2;77342.49;266.51
1425;69805.53;77344.14;266.24
3700;69807.53;77346.24;266.19
3237;69808.59;77345.54;266.78
3628;69809.46;77346.45;266.17
1793;69810.95;77346.28;266.17
2317;69810.95;77346.28;266.97
1751;69811.99;77352.49;270.46
292;69811.99;77352.49;278.66
1250;69813.53;77344.87;279.34
3986;69812.33;77342.83;279.68
2746;69814.22;77337.46;279.97
2013;69816.51;77337.28;279.85
3049;69814.45;77334.47;280.08
3676;69818.41;77341.25;279.85
275;69816.74;77334.29;279.96
3191;69818.41;77341.25;267.85
2681;69819.33;77343.02;267.85
1843;69821.26;77345.05;267.85
3585;69819.62;77346.51;267.85
661;69819.39;77348.49;267.85
3059;69747.6;77380.04;266.5
1538;69739.69;77375.75;266.18
3962;69733.0;77375.35;266.42
306;69728.53;77372.72;266.69
2083;69717.97;77353.31;267.07
384;69716.09;77349.0;267.15
578;69711.4;77345.79;267.55
1438;69705.8;77339.0;267.71
798;69702.46;77336.8;267.71
3276;69700.02;77329.08;267.99
792;69698.44;77320.63;268.14
2275;69696.58;77310.6;267.78
2679;69700.92;77299.54;268.2
1762;69702.42;77299.39;268.2
3830;69704.73;77292.05;268.06
3660;69698.84;77288.3;268.67
284;69696.68;77285.49;270.72
4101;69695.16;77286.65;281.56
205;69696.67;77287.61;281.81
1326;69697.25;77284.09;282.31
3080;69702.43;77285.62;282.5
1882;69703.59;77283.07;282.5
2425;69704.61;77281.59;282.5
1632;69705.56;77280.43;282.5
2197;69706.97;77280.93;282.5
2983;69709.07;77278.79;282.5
3558;69714.05;77278.3;282.5
3691;69715.34;77281.01;282.39
1986;69718.25;77281.76;282.34
3133;69721.7;77288.97;282.2
934;69725.69;77289.28;282.13
210;69730.63;77292.68;282.03
4044;69738.05;77297.77;281.71
3563;69740.52;77299.46;281.61
2529;69748.95;77298.04;281.71
1582;69754.01;77298.61;281.98
2401;69752.37;77291.82;282.34
1699;69756.23;77295.88;282.34
1966;69760.3;77294.51;282.34
4206;69762.05;77298.33;282.34
2752;69763.53;77298.94;282.34
2462;69766.99;77297.64;282.34
1710;69768.68;77298.89;282.34
2230;69772.39;77302.53;282.34
1849;69774.38;77302.68;282.14
4239;69775.53;77299.59;282.08
1361;69777.87;77298.47;282.03
1857;69779.82;77296.19;281.88
884;69783.22;77297.0;281.81
635;69785.79;77296.19;281.72
3078;69793.47;77303.21;281.54
2537;69797.68;77304.06;281.46
2908;69801.48;77304.16;281.27
163;69799.68;77308.64;281.73
2828;69801.95;77302.32;281.3
782;69806.18;77303.1;281.15
1426;69806.71;77299.03;281.01
3268;69805.63;77296.67;281.1
2433;69803.73;77314.1;281.84
2816;69804.85;77318.45;281.53
983;69809.36;77321.42;281.72
1970;69811.02;77322.11;281.72
2673;69838.71;77675.07;255.72
3629;69845.69;77687.03;256.33
1157;69834.3;77665.13;249.9
1982;69840.05;77696.91;256.63
1585;69830.41;77695.95;256.79
861;69823.82;77697.02;256.85
3854;69815.53;77702.89;257.21
60;69809.29;77703.58;257.26
3598;69803.12;77711.41;257.52
2014;69803.62;77716.77;257.76
3337;69815.78;77729.24;258.52
3545;69816.2;77731.8;258.54
651;69810.19;77747.71;259.58
2262;69822.14;77764.6;259.4
3421;69816.94;77789.68;259.62
1757;69817.39;77801.12;259.72
762;69806.55;77804.5;260.62
2228;69806.55;77804.5;261.04
43;69806.55;77804.5;256.52
971;69804.71;77816.49;256.84
3703;69799.8;77827.17;257.35
1015;69783.09;77851.28;257.09
547;69785.39;77854.41;256.92
1277;69877.46;77422.87;265.31
494;69876.8;77422.41;265.88
3037;69877.85;77423.4;265.66
1546;69877.17;77423.96;265.28
2713;69857.62;77456.69;265.65
3291;69857.8;77450.64;268.24
2936;69856.36;77450.55;266.7
1836;69860.3;77450.6;266.77
27;69859.71;77450.77;265.4
279;69858.76;77455.8;265.82
121;69857.94;77455.85;266.94
3469;69857.77;77450.46;266.53
1501;69856.84;77454.83;265.98
1307;69857.94;77455.42;265.22
2312;69857.07;77455.18;266.56
803;69857.67;77450.48;266.53
3316;69857.57;77456.71;266.28
1953;69857.62;77456.68;265.16
1057;69859.37;77449.47;266.84
3129;69856.3;77455.78;265.63
915;69857.96;77456.9;265.67
3988;69852.91;77461.76;266.0
797;69852.91;77461.82;265.03
810;69853.47;77462.2;265.15
146;69852.23;77460.97;265.71
4308;69852.63;77461.36;266.29
1378;69857.67;77456.71;265.61
1400;69850.0;77466.05;265.48
4163;69849.45;77465.67;266.92
3796;69850.01;77466.27;266.44
4057;69849.45;77465.55;268.51
905;69850.04;77466.04;265.0
3262;69852.92;77461.77;266.0
2447;69848.74;77464.25;265.72
1729;69847.87;77461.31;267.41
4294;69850.83;77461.9;265.71
3511;69845.16;77466.11;265.83
14;69845.49;77465.92;267.51
410;69845.25;77466.54;268.45
3978;69845.22;77465.05;264.7
1567;69850.01;77466.06;265.48
11;69846.6;77463.98;265.71
4171;69848.36;77464.71;266.02
3112;69849.33;77467.01;265.71
2939;69842.25;77460.56;267.87
2789;69845.0;77466.67;265.93
1467;69847.45;77470.79;267.58
1300;69837.01;77461.49;264.95
1724;69836.61;77461.88;265.53
4173;69836.96;77462.04;263.97
1586;69845.13;77466.14;265.87
2001;69836.73;77462.74;264.85
3457;69833.54;77462.14;264.88
841;69833.33;77462.12;268.18
3754;69833.61;77462.61;263.79
3459;69832.45;77457.95;266.03
2291;69834.0;77460.42;264.97
4305;69834.35;77459.35;264.93
1088;69831.56;77462.22;265.03
2595;69837.02;77461.52;264.97
2726;69836.7;77462.75;264.86
254;69836.18;77465.35;265.77
1074;69834.89;77464.41;265.64
48;69834.61;77466.12;265.87
3892;69832.82;77463.87;265.31
712;69831.0;77463.88;264.54
2414;69825.47;77465.76;263.41
218;69833.54;77462.21;264.91
2917;69824.96;77463.05;263.58
4199;69824.7;77462.14;264.36
3734;69826.65;77463.79;263.72
977;69827.35;77465.53;264.1
3751;69824.86;77464.66;264.44
2061;69823.36;77464.57;263.59
19;69823.11;77467.69;263.58
3614;69824.19;77463.48;263.58
3153;69822.73;77466.26;263.58
4024;69824.14;77463.55;264.1
230;69824.17;77463.48;263.29
3200;69824.41;77462.92;263.65
2571;69825.47;77465.77;263.39
2742;69823.4;77464.72;263.69
3846;69812.55;77460.06;263.52
627;69824.15;77463.52;263.54
2146;69813.54;77458.62;263.38
278;69812.81;77459.56;263.85
4387;69812.81;77459.59;263.18
2513;69812.34;77460.37;263.41
3662;69808.33;77455.99;264.01
1044;69808.16;77456.36;263.2
3225;69808.62;77455.58;263.48
191;69812.46;77460.09;263.51
3603;69807.72;77457.48;263.85
330;69808.01;77456.88;263.63
1855;69807.86;77457.07;263.45
3419;69807.96;77456.69;264.3
402;69802.25;77454.88;263.48
3239;69802.56;77454.85;265.61
3348;69808.32;77456.05;264.01
744;69803.01;77456.36;265.02
2706;69803.63;77455.5;263.74
331;69803.77;77454.76;263.93
3723;69803.98;77454.24;263.71
1172;69802.03;77454.94;263.56
3021;69799.97;77448.19;263.75
2218;69800.0;77448.17;263.75
3368;69799.99;77448.17;263.75
3061;69800.02;77448.16;263.75
2453;69800.04;77448.17;263.76
3406;69799.93;77448.87;266.88
1261;69799.24;77448.01;263.87
3971;69799.3;77446.45;265.02
995;69802.1;77454.92;263.49
2191;69799.19;77449.51;263.97
789;69798.39;77448.89;264.1
2210;69799.24;77448.98;263.36
2376;69800.69;77447.95;264.01
3904;69789.23;77452.8;263.72
840;69789.5;77452.48;265.87
1733;69800.13;77448.39;263.76
137;69790.3;77452.87;263.95
3760;69789.91;77450.93;264.0
2817;69790.22;77452.05;264.29
4251;69788.34;77448.87;264.67
3507;69788.34;77450.42;264.1
1763;69789.39;77451.97;263.35
3862;69789.99;77454.43;265.06
1241;69788.64;77452.49;263.8
2854;69783.25;77448.36;263.98
1416;69783.56;77448.0;264.56
1815;69783.33;77446.94;264.03
669;69783.77;77447.41;263.4
2475;69789.13;77452.9;263.7
4347;69783.15;77449.15;264.03
1677;69776.94;77445.64;264.09
4068;69776.72;77445.97;266.45
1211;69783.21;77448.55;263.95
2911;69779.62;77445.9;264.24
4290;69779.6;77447.63;264.14
593;69776.54;77442.64;264.26
1401;69777.3;77444.98;263.35
2558;69778.0;77444.45;264.07
824;69777.57;77449.2;265.42
2149;69776.41;77445.73;264.23
3260;69772.32;77438.55;263.94
2293;69772.51;77439.23;264.65
2108;69772.44;77437.86;263.96
886;69770.4;77439.3;264.02
4122;69776.8;77445.77;264.11
247;69772.38;77440.48;263.85
1295;69772.28;77439.52;263.43
3652;69770.93;77440.67;263.87
4053;69764.64;77444.78;263.89
1988;69772.46;77438.72;263.94
1840;69764.54;77444.04;264.49
820;69764.37;77442.95;264.19
1695;69764.57;77443.98;263.49
1922;69764.74;77445.11;264.21
3559;69754.74;77444.22;264.45
3263;69754.54;77444.28;266.97
244;69754.59;77444.25;263.52
4304;69764.6;77445.03;263.84
750;69754.8;77443.33;264.08
4232;69754.87;77445.28;263.73
3163;69757.66;77448.58;264.04
1113;69752.22;77443.94;263.78
3704;69752.35;77443.83;264.41
846;69754.74;77444.31;264.45
1692;69752.73;77442.78;264.03
3040;69752.4;77443.52;263.53
4268;69752.03;77444.33;264.03
4385;69749.16;77442.97;263.84
3500;69743.49;77440.69;264.0
2420;69743.47;77441.08;264.58
3214;69743.62;77440.33;264.12
2257;69752.18;77444.11;263.79
3539;69743.69;77442.59;264.23
3150;69743.43;77441.61;263.61
3731;69742.66;77443.01;264.26
2326;69741.55;77443.55;268.75
385;69742.14;77443.22;264.27
153;69741.32;77439.71;264.24
2398;69740.43;77440.68;264.32
604;69743.51;77440.69;264.0
1;69743.52;77442.68;264.35
1575;69742.83;77445.05;266.22
1207;69741.04;77441.08;264.66
58;69739.19;77434.64;264.08
338;69741.31;77428.94;264.18
2394;69747.98;77420.99;264.09
4301;69749.85;77414.64;264.09
3776;69759.9;77409.29;264.19
1967;69759.63;77405.58;263.96
2127;69750.23;77400.8;264.42
3630;69752.06;77393.42;263.96
3690;69751.05;77399.03;263.97
1260;69752.06;77393.39;263.98
1998;69745.71;77462.17;278.82
3842;69741.79;77464.59;279.46
1327;69748.47;77469.79;280.2
1980;69739.55;77469.52;283.12
1611;69737.82;77464.32;282.25
3756;69739.11;77472.72;282.67
611;69740.2;77475.43;284.35
1072;69742.09;77479.45;286.24
398;69741.88;77479.9;286.71
202;69742.98;77486.74;290.71
1900;69733.16;77463.92;283.42
2708;69823.06;77467.98;263.58
3823;69823.88;77475.91;263.88
1022;69817.17;77480.25;263.96
3916;69810.77;77486.67;263.87
504;69809.19;77489.27;264.1
1893;69811.34;77493.09;264.56
2231;69808.73;77495.95;264.09
1500;69807.99;77506.1;264.55
711;69799.32;77508.94;264.55
1552;69794.68;77512.98;264.55
1013;69793.7;77514.11;264.69
2962;69792.96;77519.3;264.44
2418;69788.46;77520.24;264.53
1183;69787.15;77523.61;265.19
3226;69784.32;77526.24;264.67
2422;69786.02;77533.67;264.4
3122;69782.16;77537.93;265.12
1769;69778.68;77542.17;265.12
1572;69775.61;77542.54;265.16
4382;69778.75;77553.23;265.55
572;69777.95;77556.66;265.27
214;69781.22;77562.79;265.44
3834;69783.96;77563.03;264.92
1504;69791.82;77575.66;264.88
3907;69795.85;77584.77;264.98
3234;69799.21;77588.65;265.47
2036;69801.45;77587.79;265.77
2538;69804.38;77601.72;265.1
4298;69800.35;77611.5;265.02
16;69808.13;77613.93;266.1
3014;69814.18;77618.59;265.94
3852;69819.04;77617.79;265.48
552;69824.96;77622.52;265.21
2367;69826.12;77626.49;264.98
3981;69830.76;77630.12;264.91
2621;69687.32;77795.07;260.39
2472;69686.55;77786.41;260.77
553;69690.13;77785.11;260.64
1491;69693.0;77785.1;260.23
1617;69700.12;77787.55;260.63
1719;69864.45;77933.71;258.39
1658;69869.08;77916.63;258.21
3693;69858.17;77938.65;258.53
779;69858.24;77940.49;259.68
2988;69855.52;77957.9;258.87
1169;69852.62;77965.52;258.58
3793;69844.51;77971.02;258.58
3650;69844.46;77971.02;257.81
4353;69845.57;77974.43;258.08
2058;69842.33;77974.55;257.92
3319;69843.6;77975.95;258.04
1385;69846.63;77977.83;258.58
2725;69847.78;77977.88;257.58
736;69848.91;77977.94;258.58
1418;69851.28;77975.36;258.58
1936;69852.04;77979.94;258.08
3169;69855.17;77981.95;258.58
2809;69859.57;77984.77;258.08
601;69863.97;77987.59;258.58
3783;69869.05;77915.59;257.87
1147;69869.02;77916.6;257.57
355;69869.13;77917.97;257.66
3771;69875.96;77916.13;258.31
1380;69876.06;77915.25;257.93
1602;69875.56;77917.36;258.01
3869;69875.93;77916.07;257.86
3749;69878.87;77918.32;258.28
2385;69878.66;77919.57;258.33
1995;69879.09;77918.37;259.26
1651;69879.25;77916.7;258.36
3136;69878.87;77918.3;258.09
3246;69878.77;77918.23;258.58
4310;69877.77;77914.75;258.33
2437;69879.76;77921.04;258.98
1914;69883.78;77915.85;258.62
518;69883.01;77915.14;258.47
1734;69883.87;77915.85;258.21
3227;69885.25;77916.59;258.2
2378;69887.95;77913.24;258.65
3004;69888.27;77915.11;258.45
921;69887.93;77913.3;258.09
1453;69887.61;77912.63;258.15
2356;69895.05;77915.37;258.6
307;69895.16;77916.19;258.18
3303;69895.03;77915.26;258.18
2609;69895.02;77915.24;258.13
2159;69895.2;77913.29;258.38
98;69895.06;77915.7;258.32
2995;69900.91;77911.33;258.52
2306;69900.88;77910.74;258.14
1063;69900.93;77911.39;258.14
3773;69900.94;77913.09;258.66
2773;69909.47;77914.76;258.71
1637;69909.35;77915.26;258.26
561;69909.51;77914.68;258.24
3696;69909.75;77912.84;258.62
2648;69913.96;77913.25;258.53
431;69915.03;77913.9;258.14
3271;69913.98;77913.29;258.29
2358;69911.35;77912.5;258.8
1996;69912.76;77912.48;258.53
737;69915.27;77909.77;258.35
2661;69915.52;77909.77;258.57
858;69915.39;77909.77;258.13
3791;69916.71;77910.81;258.41
1463;69916.27;77909.8;258.38
2402;69916.63;77907.2;258.44
1150;69917.35;77908.27;258.89
869;69918.14;77905.72;258.0
3309;69916.63;77907.22;258.98
2592;69916.94;77906.69;258.11
3429;69914.82;77907.93;258.77
1777;69912.6;77905.37;258.54
299;69924.73;77909.23;259.04
3555;69912.74;77905.33;258.79
4018;69912.45;77905.5;258.53
2916;69914.81;77903.25;258.27
1655;69913.51;77904.72;258.9
3994;69913.63;77906.4;258.74
1717;69913.04;77905.08;258.27
4280;69913.61;77897.7;258.81
2377;69915.07;77897.82;257.89
1112;69911.56;77897.77;257.93
653;69913.83;77897.77;257.94
3873;69910.87;77891.4;258.65
2140;69910.88;77891.3;257.54
4164;69910.07;77890.58;257.58
3772;69913.46;77892.67;257.58
3701;69911.75;77896.19;258.3
1288;69911.5;77897.33;257.95
283;69909.15;77893.01;257.56
3408;69915.32;77891.12;257.76
1120;69911.68;77889.39;257.59
950;69913.66;77891.31;258.73
4349;69913.79;77891.26;257.58
1494;69915.05;77891.96;257.74
992;69911.8;77889.09;257.57
417;69913.01;77886.48;258.69
3786;69912.88;77886.45;257.69
2016;69911.23;77886.0;257.46
3905;69915.43;77886.6;257.99
2546;69913.33;77886.43;257.98
786;69917.03;77878.45;258.65
252;69917.1;77878.34;257.64
298;69917.96;77877.83;257.69
1964;69913.74;77878.86;257.48
1819;69914.79;77877.55;258.51
3305;69912.15;77873.24;258.39
2206;69912.09;77873.21;257.4
962;69911.54;77874.16;257.96
2778;69912.75;77870.58;257.35
860;69907.26;77871.19;257.75
3077;69908.07;77868.28;257.4
1062;69907.27;77871.19;258.02
3468;69906.78;77872.3;257.81
3113;69907.35;77870.92;257.42
105;69902.25;77866.6;257.74
497;69902.25;77866.62;257.37
4009;69902.41;77865.63;257.38
1805;69902.73;77868.84;257.44
3989;69896.78;77873.58;257.74
2971;69897.31;77874.51;257.41
523;69895.16;77872.67;257.42
12;69890.74;77872.84;257.42
2466;69892.27;77873.77;257.44
928;69893.47;77872.55;257.4
3377;69890.71;77872.61;257.33
1944;69924.54;77909.12;258.01
3306;69924.54;77907.13;258.02
1530;69922.21;77912.36;258.25
2400;69925.95;77911.19;258.88
1297;69928.79;77906.08;258.46
3882;69928.84;77906.07;259.01
1709;69930.63;77907.55;259.2
1191;69926.57;77903.17;258.01
3876;69927.9;77903.79;258.19
851;69926.81;77904.49;258.09
3712;69933.33;77904.87;258.83
3631;69933.34;77904.83;258.08
1956;69934.76;77902.84;258.2
3855;69932.1;77907.8;259.36
4145;69930.3;77901.6;258.71
350;69932.96;77900.96;258.75
2253;69934.83;77907.5;258.44
3058;69938.14;77906.2;259.58
4198;69935.1;77908.11;260.93
505;69934.61;77906.64;259.07
3369;69933.29;77908.68;259.94
3906;69933.35;77908.78;260.14
1444;69933.55;77908.8;261.69
208;69932.98;77908.52;260.63
3626;69934.09;77909.34;258.97
76;69934.52;77909.78;260.07
451;69934.04;77910.24;260.59
1428;69938.16;77906.77;260.55
3621;69938.77;77907.9;259.72
2153;69938.18;77910.98;258.5
353;69932.91;77914.46;260.67
629;69938.45;77906.91;260.41
97;69936.44;77912.65;259.02
2670;69938.16;77911.01;259.26
2185;69939.6;77910.22;259.23
1947;69938.15;77910.97;258.17
692;69940.39;77915.35;258.24
3157;69940.38;77915.38;258.94
3549;69938.88;77916.22;258.26
310;69942.4;77914.17;259.01
1868;69938.23;77915.46;258.2
1412;69938.0;77914.66;258.21
2294;69947.18;77918.85;258.4
1824;69947.11;77916.36;258.3
2309;69946.93;77918.69;258.68
4368;69945.09;77920.41;258.27
1406;69947.12;77918.84;258.14
3790;69932.0;77914.07;260.48
1693;69932.71;77914.34;260.06
3338;69932.25;77914.27;260.82
2947;69928.5;77919.71;260.67
2657;69929.1;77919.87;260.84
1025;69928.54;77919.68;260.47
3797;69928.57;77919.72;260.98
4311;69928.37;77919.4;260.71
716;69928.44;77921.12;261.07
2764;69928.12;77921.23;261.06
2172;69928.86;77921.01;261.08
450;69928.35;77921.06;261.58
1537;69928.5;77921.1;260.81
1674;69938.69;77907.76;260.4
4334;69938.53;77907.31;261.04
268;69938.93;77907.79;259.75
867;69938.36;77906.7;260.47
2485;69942.01;77905.58;260.68
631;69941.46;77904.62;260.64
573;69941.89;77905.34;260.06
2484;69941.61;77905.09;261.08
409;69942.61;77905.31;261.16
645;69942.83;77901.44;261.28
688;69942.77;77901.47;261.44
3767;69941.91;77901.67;261.13
464;69942.42;77901.53;260.84
1514;69943.01;77901.39;261.26
2509;69941.82;77899.76;261.28
2310;69941.18;77900.35;261.58
3255;69942.05;77899.51;261.53
3780;69941.64;77899.94;261.92
902;69941.66;77899.86;260.94
2691;69939.34;77898.76;260.81
4025;69939.43;77897.84;260.84
3460;69941.44;77899.82;261.76
1940;69750.62;77395.63;264.08
3218;69752.09;77395.03;263.3
1512;69753.39;77395.22;262.99
2885;69753.66;77396.84;262.69
2954;69754.99;77397.54;263.0
4262;69755.39;77396.01;262.7
1626;69756.81;77395.5;262.53
727;69757.67;77392.0;262.66
2465;69760.49;77390.53;262.63
1850;69762.17;77389.12;262.55
506;69765.78;77388.09;262.52
3569;69767.11;77386.12;262.65
2581;69767.1;77382.82;262.21
864;69768.9;77381.14;262.89
3295;69770.48;77379.19;262.64
4072;69774.12;77376.83;262.64
1455;69776.25;77372.33;262.89
4314;69775.84;77367.07;262.68
3167;69749.42;77390.08;264.27
2243;69748.14;77386.53;264.5
2300;69744.38;77385.19;264.66
3483;69741.79;77382.1;265.68
3789;69735.79;77382.09;264.49
973;69729.73;77380.68;264.94
3755;69726.83;77375.09;265.22
1963;69724.33;77369.93;265.12
1598;69721.35;77366.99;265.26
3954;69719.76;77361.0;265.57
4373;69717.92;77359.25;265.69
854;69716.94;77355.24;265.42
1778;69713.65;77354.01;265.8
2858;69712.36;77351.71;265.98
3471;69709.45;77351.28;267.5
4258;69709.23;77347.44;266.5
1184;69706.78;77345.75;266.51
2150;69705.84;77343.65;266.21
4167;69702.5;77342.38;266.57
359;69702.28;77339.22;266.52
1317;69700.44;77336.68;266.46
4118;69700.82;77332.17;267.14
88;69698.22;77325.38;267.12
457;69698.47;77321.37;266.93
3240;69697.12;77319.41;266.82
3699;69697.95;77316.89;267.21
3683;69696.86;77316.15;266.96
2740;69699.01;77311.42;267.04
1915;69699.91;77307.74;267.04
85;69702.7;77305.31;267.55
956;69838.36;77677.44;261.85
680;69837.63;77679.39;261.22
3149;69845.48;77684.37;260.24
3081;69837.77;77699.85;260.33
993;69842.65;77702.02;261.12
796;69828.57;77699.82;260.39
73;69848.02;77705.32;261.04
232;69851.15;77704.3;261.06
698;69824.68;77700.08;260.58
667;69824.83;77700.21;260.97
399;69821.79;77702.02;260.93
2568;69799.47;77807.9;258.17
1054;69797.34;77809.0;257.86
1362;69799.0;77804.87;257.86
3527;69792.4;77806.58;257.76
3103;69792.7;77803.7;257.89
447;69790.5;77802.71;257.8
2133;69790.47;77802.7;258.23
2250;69790.48;77802.72;257.61
1539;69790.91;77802.21;257.87
3265;69788.63;77804.21;257.9
898;69787.22;77797.2;258.07
82;69787.07;77797.42;259.32
2777;69787.33;77796.63;258.17
4222;69792.59;77799.13;258.97
1441;69789.8;77799.23;258.09
1503;69785.71;77799.02;258.26
3375;69786.74;77798.03;259.32
154;69781.15;77795.8;258.6
381;69783.73;77797.13;258.46
836;69770.38;77795.43;258.84
2132;69770.41;77795.4;258.26
2503;69770.62;77798.32;258.54
610;69769.49;77793.85;258.63
4226;69768.16;77789.93;259.41
1485;69771.16;77793.83;259.12
1823;69770.34;77795.29;259.55
3900;69775.12;77797.46;258.54
226;69774.14;77797.49;259.37
1160;69773.69;77797.89;258.67
1429;69774.32;77795.49;259.02
2930;69763.07;77794.85;258.43
3843;69761.2;77795.97;258.57
1482;69761.18;77795.96;258.79
2519;69761.23;77795.89;258.3
843;69760.94;77795.06;258.64
1542;69761.07;77798.12;258.7
780;69752.11;77798.85;258.68
432;69751.29;77800.49;258.87
3045;69752.07;77798.85;258.9
1382;69747.09;77796.82;258.56
3187;69747.03;77796.81;259.03
2624;69746.25;77798.46;258.55
1698;69747.22;77796.71;258.17
4242;69741.98;77794.38;258.89
4113;69742.07;77794.05;258.76
2549;69741.13;77795.13;259.11
1076;69741.84;77794.34;259.27
2445;69741.94;77794.26;258.39
1852;69735.76;77791.2;258.91
272;69735.64;77791.19;259.45
1497;69734.75;77791.93;259.17
1511;69735.92;77790.93;258.79
2700;69735.6;77791.17;258.54
1618;69729.93;77787.33;259.02
1650;69729.91;77787.21;259.71
2818;69730.12;77786.43;258.94
2251;69729.78;77787.67;258.76
25;69730.02;77787.25;258.53
346;69726.44;77785.87;259.58
3687;69726.43;77785.82;259.8
3461;69726.39;77785.96;258.6
3054;69726.32;77785.21;259.54
34;69727.14;77785.19;259.63
1329;69728.63;77778.6;259.82
2178;69722.78;77784.39;259.63
1591;69726.1;77786.95;259.7
3647;69726.42;77785.92;259.79
2147;69726.31;77785.97;258.61
540;69720.7;77784.09;259.85
507;69720.81;77783.69;260.34
3508;69720.69;77783.99;259.02
4177;69722.02;77782.79;260.13
3661;69723.25;77783.92;259.99
3391;69721.61;77783.96;261.58
64;69718.14;77785.81;262.91
2715;69723.84;77782.38;261.38
778;69720.94;77780.52;260.67
911;69719.89;77779.83;260.7
2328;69720.67;77780.41;259.74
4017;69721.21;77780.54;260.57
2704;69722.91;77776.49;260.54
539;69722.87;77776.48;260.04
2926;69722.88;77776.47;260.79
136;69723.43;77775.5;260.68
253;69725.38;77774.43;260.65
3063;69723.72;77776.42;260.73
1086;69721.19;77777.14;260.62
4350;69717.06;77775.71;260.41
2573;69717.38;77776.96;260.76
3501;69716.99;77775.9;260.88
581;69717.06;77775.73;260.18
3597;69712.87;77778.48;260.77
4283;69713.62;77780.0;261.37
4357;69712.79;77778.56;261.84
3292;69712.2;77777.44;261.03
3567;69710.94;77779.82;264.55
821;69712.46;77781.32;264.19
1872;69711.7;77779.41;262.6
579;69709.23;77778.65;264.48
855;69710.92;77779.65;264.13
1118;69709.58;77781.29;265.99
479;69704.73;77781.37;281.85
1186;69711.42;77782.81;266.12
2915;69708.5;77779.36;265.87
2922;69709.47;77780.71;264.01
3399;69705.67;77781.96;268.31
4190;69706.1;77780.24;268.28
7;69701.13;77778.93;275.07
3831;69711.08;77783.26;267.0
4100;69710.87;77785.35;267.91
689;69709.41;77791.58;274.51
4148;69714.06;77793.75;280.91
3229;69706.85;77784.49;267.14
1597;69707.53;77784.32;280.99
227;69706.31;77784.4;264.96
4127;69706.29;77784.47;266.76
3503;69706.2;77784.73;265.79
1289;69706.06;77784.5;265.72
1774;69705.22;77785.02;263.97
4154;69709.56;77785.93;268.71
180;69705.71;77782.52;266.84
986;69390.0;77530.0;378.0
1926;69390.47;77529.28;377.72
2258;69390.47;77529.28;376.32
4168;69395.19;77527.95;376.45
1372;69399.87;77528.05;376.45
1087;69401.06;77527.31;376.4
1077;69402.68;77527.83;376.37
2848;69404.34;77528.33;376.28
1201;69405.29;77528.76;376.23
3270;69408.53;77529.34;376.05
3967;69409.53;77529.1;376.27
2007;69410.11;77527.15;375.05
4257;69410.48;77525.22;374.18
3373;69410.48;77525.22;367.58
4142;69410.21;77522.02;368.62
4361;69409.18;77520.54;368.72
1732;69413.04;77524.59;368.76
3917;69406.11;77519.76;368.49
4110;69405.58;77516.98;368.79
2925;69405.45;77512.96;369.21
624;69402.94;77509.49;369.51
1392;69408.06;77516.33;370.0
1573;69413.57;77526.99;368.71
3943;69414.39;77527.86;368.35
2747;69414.07;77529.23;368.14
4016;69414.26;77531.77;368.05
3706;69417.53;77532.88;368.47
731;69419.3;77532.49;368.57
1483;69422.56;77533.79;368.57
3924;69424.48;77533.32;368.69
4073;69427.95;77534.77;368.39
2590;69435.17;77533.13;368.46
1785;69435.71;77529.79;368.78
2668;69438.74;77528.61;368.61
2411;69441.93;77528.76;368.56
4285;69444.73;77526.78;368.92
3249;69443.16;77523.45;369.24
1421;69449.05;77525.83;368.76
2232;69441.12;77521.73;369.61
1716;69451.11;77529.49;368.43
1035;69453.89;77531.46;368.49
3379;69455.43;77534.31;368.49
1202;69462.12;77535.7;368.85
1388;69464.55;77537.26;368.65
2583;69467.11;77541.01;368.33
3242;69474.65;77545.58;368.95
1138;69477.56;77549.07;368.79
1308;69479.19;77554.48;368.39
1631;69482.28;77564.09;367.86
2677;69478.93;77574.28;367.11
1559;69481.42;77578.71;367.74
1290;69484.29;77580.19;367.77
2032;69487.27;77583.52;367.3
3307;69487.08;77586.04;367.12
621;69487.8;77587.47;367.12
229;69488.7;77588.12;367.19
4124;69489.27;77590.42;367.19
4116;69489.61;77592.91;367.19
87;69490.79;77593.44;367.19
3427;69491.14;77596.35;367.19
1014;69492.29;77597.25;367.19
2707;69492.5;77599.4;367.07
3896;69494.2;77600.48;367.04
1688;69493.66;77603.8;366.69
1194;69490.46;77604.77;366.51
3681;69488.85;77609.14;366.35
3269;69486.69;77609.91;366.55
3586;69485.66;77611.75;366.33
367;69484.36;77613.41;366.47
1007;69481.56;77615.74;366.03
1983;69484.52;77618.72;366.17
1236;69479.74;77627.26;365.66
2953;69482.37;77632.69;365.55
1621;69485.01;77637.3;365.46
23;69495.03;77641.19;366.03
1199;69498.02;77643.29;365.71
1532;69501.72;77645.12;365.92
615;69503.28;77648.65;365.58
862;69505.6;77654.17;365.58
3466;69504.74;77656.92;365.48
2938;69500.68;77661.25;365.69
3761;69501.81;77663.58;365.19
2835;69500.46;77669.8;365.08
2237;69508.6;77673.8;364.92
4036;69515.69;77672.19;364.79
3470;69515.47;77673.43;364.97
2360;69518.41;77676.61;364.44
2362;69525.29;77677.85;364.31
3256;69526.14;77679.32;364.64
793;69527.78;77682.08;364.25
2273;69532.04;77684.27;364.75
1927;69533.54;77683.15;364.45
2354;69533.54;77683.15;360.08
1991;69535.56;77681.74;361.36
2844;69539.34;77681.89;361.06
1929;69541.74;77682.97;360.74
1896;69544.49;77679.35;360.9
2547;69548.45;77678.3;360.97
872;69550.22;77675.7;360.7
3022;69551.41;77675.41;360.94
219;69553.24;77674.67;360.44
2837;69553.24;77674.67;353.66
255;69553.34;77669.57;354.75
4187;69551.36;77663.9;354.22
2919;69551.79;77661.81;353.77
3732;69552.74;77660.01;352.99
1873;69552.74;77660.01;348.05
2403;69558.17;77658.16;349.37
641;69558.5;77655.89;349.7
3278;69559.77;77652.62;349.57
1050;69559.46;77653.69;348.33
2009;69560.84;77655.68;348.72
4327;69558.15;77658.27;347.86
1024;69563.56;77651.91;348.68
2630;69558.15;77658.27;349.42
2151;69562.34;77649.6;348.77
3966;69561.87;77648.06;348.57
770;69564.51;77645.05;348.71
2588;69564.51;77645.05;336.03
2893;69567.25;77642.24;334.12
4323;69567.02;77641.33;334.25
1560;69567.61;77640.36;333.73
4161;69568.83;77640.43;333.78
2442;69567.39;77640.32;333.68
3957;69567.39;77640.32;321.09
1408;69570.7;77629.63;320.21
3412;69567.73;77623.48;320.39
4047;69573.59;77621.93;320.39
873;69577.59;77623.65;320.01
2744;69582.64;77621.93;318.97
3623;69585.16;77625.71;318.97
2735;69588.94;77628.52;320.23
3533;69595.89;77637.17;320.23
3705;69601.74;77640.31;320.7
3590;69603.72;77644.06;320.51
2021;69603.72;77644.06;316.84
269;69606.01;77644.31;317.08
42;69607.44;77643.04;318.08
1974;69610.24;77646.72;317.26
1601;69613.56;77646.14;317.03
535;69615.74;77650.46;316.82
1281;69618.5;77648.08;317.01
2783;69623.3;77648.35;316.5
2490;69624.26;77646.77;316.24
3616;69626.81;77647.61;316.48
1997;69630.61;77646.53;312.79
1165;69635.36;77647.3;312.46
3819;69635.36;77647.3;310.12
1484;69638.67;77652.63;309.62
3177;69638.42;77657.05;311.68
900;69240.0;76740.0;366.0
1720;69240.65;76739.97;364.33
2541;69240.49;76740.42;364.33
386;69240.2;76740.68;364.89
1073;69240.09;76741.32;364.34
743;69239.36;76740.68;364.18
3824;69239.56;76740.89;363.84
423;69238.81;76741.54;363.76
3524;69239.39;76741.84;363.75
150;69238.06;76742.68;363.48
3708;69238.63;76742.91;363.4
2980;69238.05;76742.56;363.07
139;69238.2;76742.91;363.85
3850;69238.25;76743.5;363.1
4041;69237.72;76743.65;362.87
1879;69237.94;76745.45;362.34
3663;69237.77;76745.21;363.52
2427;69238.72;76745.19;362.6
1179;69237.55;76745.08;362.33
877;69237.5;76744.56;362.47
2550;69238.66;76744.44;362.59
2596;69237.82;76745.38;361.44
2754;69237.42;76745.87;361.86
2882;69237.14;76745.48;361.77
4333;69235.82;76746.97;360.3
3432;69236.31;76746.92;360.29
575;69235.94;76746.83;359.48
756;69236.06;76746.1;363.39
412;69236.06;76746.97;359.58
1129;69235.54;76746.23;360.28
1673;69236.73;76746.43;360.5
2454;69235.85;76747.67;359.99
2615;69235.98;76747.58;363.42
2221;69235.97;76747.71;359.64
2951;69235.86;76747.61;359.68
2518;69234.7;76747.71;355.72
695;69237.22;76749.14;360.96
706;69236.76;76748.47;361.12
1264;69236.33;76747.53;359.94
1225;69236.0;76747.5;363.5
766;69236.01;76748.1;359.75
2646;69235.69;76747.39;359.65
2641;69234.68;76747.84;355.73
4146;69234.83;76747.17;356.3
200;69235.17;76747.39;355.94
1037;69234.14;76747.4;356.23
1550;69236.7;76748.35;360.05
605;69236.47;76748.79;362.3
1242;69236.22;76750.13;361.27
1413;69236.21;76749.28;361.11
2432;69234.39;76750.07;361.52
2525;69235.66;76748.98;361.29
3342;69236.58;76748.71;363.15
462;69236.63;76748.2;360.01
3098;69236.23;76748.17;361.03
74;69537.21;77511.18;329.38
1985;69536.7;77511.29;328.4
370;69537.04;77511.25;330.89
1010;69538.21;77513.03;328.82
4090;69539.72;77515.03;329.37
4045;69539.29;77515.12;329.33
2261;69539.73;77515.08;328.25
1642;69539.52;77515.1;329.09
4007;69539.44;77515.21;330.39
2952;69538.96;77514.01;329.04
1730;69539.03;77514.31;329.6
3340;69539.96;77517.06;329.74
1577;69539.55;77516.91;329.69
3637;69539.88;77517.05;328.29
3273;69539.55;77516.95;331.1
3172;69538.37;77519.46;329.45
183;69537.97;77519.26;329.44
632;69536.08;77522.33;329.3
1871;69536.73;77522.27;329.35
103;69536.2;77522.26;330.55
633;69536.44;77522.22;327.82
2184;69535.17;77522.85;329.88
2141;69539.83;77525.4;328.85
4048;69539.5;77525.76;328.72
1853;69539.87;77525.45;327.8
2769;69539.55;77525.85;329.58
2285;69541.34;77528.53;329.14
623;69541.52;77528.08;329.19
1962;69541.31;77528.36;330.17
2443;69541.39;77528.36;327.54
2878;69542.61;77528.58;328.78
1818;69542.47;77528.79;328.75
2745;69542.54;77528.78;330.1
1220;69542.62;77528.75;327.6
3600;69542.67;77529.54;328.96
2845;69542.69;77529.63;329.76
945;69542.87;77529.44;328.99
3792;69542.9;77529.47;327.62
2902;69545.17;77531.38;328.58
3923;69544.78;77531.61;328.56
2734;69545.06;77531.51;327.55
3757;69544.68;77531.5;329.88
1493;69545.02;77533.65;327.95
3649;69545.17;77533.63;327.45
1156;69545.71;77533.63;327.99
2702;69545.22;77533.66;329.58
2375;69548.75;77541.75;327.53
2283;69548.44;77541.81;327.51
3010;69549.56;77541.45;327.49
592;69548.79;77541.91;330.12
534;69548.73;77541.75;327.12
3702;69548.8;77543.26;327.24
3347;69549.23;77542.96;327.26
1374;69549.3;77542.83;328.29
598;69548.78;77543.21;326.91
2996;69550.08;77543.11;327.36
3409;69550.15;77543.21;328.16
2249;69549.97;77543.56;327.41
2846;69550.15;77543.17;326.81
428;69550.44;77545.23;327.52
377;69549.97;77545.42;327.42
3573;69550.09;77545.09;328.73
4309;69553.47;77550.19;326.9
2276;69552.93;77550.43;326.98
249;69553.43;77550.06;326.48
1603;69553.69;77549.99;327.01
690;69553.19;77550.35;329.13
844;69553.32;77550.13;327.33
565;69553.39;77552.72;326.96
3431;69553.86;77552.44;326.93
968;69553.53;77552.62;326.28
3444;69553.33;77552.38;327.64
2647;69555.45;77553.34;326.45
3402;69555.16;77553.68;326.47
4200;69555.5;77553.33;326.2
2278;69555.38;77553.66;327.16
1925;69555.18;77553.68;326.41
963;69555.34;77553.67;327.18
225;69555.42;77553.26;326.25
959;69556.04;77556.75;326.54
3565;69556.51;77556.46;326.41
2315;69556.13;77556.73;326.18
465;69556.53;77556.28;327.71
476;69556.57;77556.36;326.99
543;69556.2;77556.7;327.01
2109;69556.37;77556.42;326.21
442;69556.6;77556.74;328.03
2765;69556.36;77557.18;329.89
1008;69557.5;77562.22;326.68
3632;69557.88;77562.03;326.69
1918;69557.72;77562.17;325.94
524;69557.52;77561.86;328.32
1676;69559.96;77566.89;326.36
3807;69559.57;77566.27;326.29
1959;69559.27;77566.36;326.27
3388;69559.44;77566.32;325.78
3002;69559.18;77566.22;327.8
513;69561.62;77574.2;325.82
1788;69560.85;77574.3;325.95
329;69561.52;77574.29;325.37
492;69560.97;77574.36;326.9
1363;69561.61;77577.55;325.72
93;69562.53;77577.63;325.77
2415;69562.03;77577.56;327.27
1097;69561.64;77577.64;325.33
2622;69562.05;77579.06;325.59
3114;69562.33;77578.3;325.73
2723;69565.36;77581.82;325.36
4364;69564.76;77582.03;325.35
740;69565.02;77581.99;326.1
366;69565.35;77581.9;325.15
1301;69565.37;77584.2;325.28
1534;69566.01;77583.82;325.23
4114;69565.51;77584.19;325.47
3918;69565.4;77584.18;325.09
965;69566.98;77584.15;325.27
2999;69566.31;77584.48;325.24
4119;69566.27;77584.2;326.27
2348;69566.51;77589.16;325.28
1144;69567.04;77589.09;325.24
119;69566.25;77589.09;325.37
1749;69566.3;77589.12;324.89
1135;69566.73;77589.12;326.03
3571;69568.16;77591.0;325.01
2458;69567.62;77591.28;325.04
1768;69567.67;77591.29;326.27
3323;69568.06;77591.05;324.8
4052;69569.58;77597.61;325.14
2935;69569.7;77597.51;325.15
39;69568.79;77597.71;325.0
710;69569.25;77597.87;324.56
2674;69568.84;77597.4;329.56
863;69569.03;77599.4;324.72
308;69569.01;77599.41;324.47
2179;69569.79;77599.37;324.72
63;69569.04;77599.79;327.68
3252;69572.58;77605.9;324.4
444;69571.86;77606.15;324.35
4330;69572.56;77605.89;324.21
1663;69572.78;77605.69;324.41
1419;69572.53;77605.93;324.61
3324;69574.3;77610.07;324.54
3611;69574.53;77609.72;324.53
2384;69573.81;77610.35;324.42
4321;69574.0;77610.24;324.34
4241;69574.5;77609.82;325.51
2688;69578.04;77610.53;324.38
2280;69577.64;77610.75;324.29
2584;69577.84;77610.53;323.93
2086;69577.78;77610.72;325.23
2997;69580.35;77620.07;323.51
3668;69580.92;77619.74;323.67
2494;69580.11;77620.18;323.66
4278;69580.2;77619.97;326.59
3728;69580.66;77620.06;322.56
1306;69581.97;77623.4;323.57
2075;69582.88;77623.12;323.74
1237;69582.43;77623.48;321.7
484;69582.18;77623.2;326.29
1865;69582.16;77624.6;319.99
3537;69582.74;77624.29;322.98
4335;69583.79;77624.89;321.86
3107;69582.3;77625.52;321.76
3674;69583.6;77625.13;320.32
3953;69582.22;77625.12;324.99
738;69574.89;77619.3;321.8
2365;69584.51;77626.08;321.61
2794;69583.59;77627.09;321.72
660;69584.43;77626.19;320.73
4103;69584.93;77626.57;318.81
4078;69582.93;77626.4;324.12
721;69584.76;77625.9;321.64
3535;69583.54;77627.08;321.64
3101;69788.41;78079.94;359.1
2780;69781.86;78061.76;359.51
1102;69773.35;78056.74;359.51
2053;69773.12;78054.69;359.44
1200;69770.6;78050.18;360.74
4367;69769.02;78046.06;360.24
156;69765.2;78044.5;360.48
940;69765.21;78048.0;360.54
1513;69763.23;78044.53;360.59
380;69784.5;78009.18;358.86
3090;69761.05;78040.96;361.42
1731;69758.2;78037.36;361.86
1048;69757.79;78033.93;361.88
3817;69756.34;78028.98;362.51
1721;69755.21;78030.7;361.73
3841;69755.2;78024.12;362.6
3137;69754.77;78033.13;361.63
1104;69751.23;78030.77;361.25
4095;69749.92;78032.23;360.98
237;69748.04;78030.4;361.14
1332;69745.64;78031.65;361.73
2071;69741.18;78029.7;361.91
2655;69739.86;78026.67;361.94
2343;69724.17;78022.79;362.79
1266;69723.4;78019.57;363.22
3294;69719.91;78016.38;363.73
140;69718.39;78016.87;363.72
3274;69714.05;78013.46;363.9
3937;69712.66;78015.37;363.24
2528;69707.53;78012.13;364.23
3411;69704.62;78013.19;364.19
1563;69700.74;78008.54;363.97
89;69697.93;78007.44;364.16
974;69696.45;78007.06;364.27
2728;69694.48;78009.98;364.61
3523;69694.09;78001.34;365.69
184;69690.93;78010.34;365.36
1912;69833.1;78277.29;366.42
1911;70477.79;79130.23;334.4
1867;70474.24;79130.84;336.49
3474;70472.13;79129.92;336.49
1039;70478.02;79134.15;337.37
1589;70476.16;79132.53;336.94
2599;70478.02;79134.15;341.77
1509;70476.16;79132.53;342.92
3486;70479.23;79133.44;341.77
1584;70479.78;79137.88;342.13
2059;70480.62;79139.09;342.16
3489;70479.04;79140.79;341.48
4192;70473.85;79143.89;342.16
3582;70480.62;79139.09;346.06
316;70483.3;79141.36;346.87
2114;70481.24;79143.39;344.94
3082;70503.05;79106.18;327.9
684;70503.05;79106.18;325.5
1384;70504.22;79104.68;325.5
3747;70504.22;79104.68;323.5
420;70504.84;79103.9;323.5
1649;70504.84;79103.9;320.37
452;70558.32;79064.78;316.68
809;70559.44;79063.79;316.65
2982;70559.24;79060.32;317.08
1810;70561.69;79053.1;321.05
147;70557.51;79088.09;318.48
3401;70554.42;79100.28;320.25
3955;70566.89;79103.32;322.29
3860;70000.0;78400.0;366.0
339;70000.0;78400.0;365.4
3979;70001.46;78399.1;364.2
4369;70002.92;78401.99;363.57
2758;70002.92;78401.99;360.57
3506;70003.9;78401.31;360.57
2956;70004.99;78402.62;360.57
2069;70003.9;78401.31;357.72
166;70004.99;78402.62;363.57
675;70005.31;78403.0;363.57
3118;70001.83;78395.18;353.18
3874;70001.83;78395.18;351.78
4372;70000.64;78393.57;350.76
2531;69999.72;78391.74;350.69
656;69998.43;78391.34;350.67
3534;69996.52;78392.47;350.28
4196;69996.52;78392.47;342.28
2492;69995.65;78393.3;342.28
44;69996.32;78394.29;342.36
3724;69996.32;78394.29;350.36
2331;69996.87;78395.12;342.43
1750;69996.87;78395.12;340.43
4022;69997.98;78396.79;340.43
2355;69925.24;78338.84;363.42
3331;69927.06;78340.38;363.35
1488;69926.12;78338.93;364.6
1612;69925.76;78341.17;364.05
2658;69925.78;78338.79;362.53
1526;69925.74;78339.68;363.41
2410;69926.61;78339.05;363.69
3784;69926.76;78340.71;363.67
3356;69925.75;78339.76;364.35
2444;69925.9;78339.07;356.83
2924;69925.58;78339.19;359.47
765;69925.96;78339.77;357.16
3127;69926.3;78339.75;357.2
2887;69925.65;78340.07;357.25
2559;69926.63;78340.77;357.18
3952;69925.86;78338.18;357.21
2913;69925.76;78339.36;361.02
2616;69926.79;78340.41;354.6
1590;69926.58;78341.44;355.35
1884;69927.08;78341.22;355.39
3694;69926.86;78342.12;355.55
2337;69926.58;78339.81;355.5
4216;69926.7;78341.54;356.95
320;69928.98;78342.14;341.86
1809;69927.79;78341.65;350.37
2393;69927.93;78340.96;341.99
533;69928.59;78340.8;342.03
919;69927.43;78340.98;342.17
57;69929.07;78342.88;342.45
2965;69927.34;78339.67;342.38
1795;69928.18;78341.59;346.61
1139;69928.34;78340.92;341.26
1901;69928.31;78341.3;341.68
3976;69928.7;78341.64;341.38
2239;69928.68;78341.16;341.69
4303;69928.86;78342.46;341.74
1540;69927.39;78339.66;341.38
890;69928.36;78341.34;335.42
1433;69926.66;78341.92;355.18
1667;69928.41;78341.29;335.64
15;69927.93;78341.49;335.64
1093;69928.76;78341.11;335.85
3351;69926.47;78338.54;335.39
2697;69932.22;78349.93;335.59
1796;69926.64;78340.49;335.47
1060;69928.0;78341.31;335.99
4180;69928.58;78340.86;336.03
2124;69927.31;78341.24;335.85
567;69928.35;78339.33;322.02
3774;69926.81;78340.27;341.1
1916;69927.16;78336.03;321.41
388;69927.74;78335.8;321.49
2033;69926.08;78336.23;321.85
3634;69926.99;78339.39;322.34
2097;69929.37;78339.81;322.61
3360;69927.14;78336.25;327.94
4033;69923.71;78331.35;319.19
2927;69928.62;78339.71;326.42
3031;69924.19;78331.81;318.55
1660;69924.0;78331.6;318.57
563;69924.29;78331.66;319.05
2974;69923.79;78332.15;318.7
3970;69924.83;78332.07;318.71
477;69934.65;78325.69;318.24
3656;69934.33;78325.94;319.15
3183;69934.49;78326.0;318.2
3275;69934.58;78325.6;317.57
349;69934.54;78326.79;318.25
1487;69934.82;78326.62;318.33
2993;69934.76;78326.47;319.05
879;69934.59;78326.76;317.55
3608;69936.87;78328.18;318.05
3498;69936.76;78328.15;319.55
2904;69936.66;78327.81;318.13
3514;69936.87;78328.22;317.35
243;69936.39;78328.12;318.08
2901;69934.86;78329.3;319.15
4293;69941.75;78324.87;316.85
36;69941.83;78324.97;316.63
4059;69941.88;78324.93;318.81
2024;69942.16;78325.42;316.99
3553;69942.18;78324.61;316.94
3199;69941.02;78322.24;317.49
1527;69941.52;78321.85;317.49
549;69940.99;78322.2;319.09
3047;69941.02;78322.34;316.57
2523;69938.5;78320.18;317.99
2861;69938.52;78320.01;318.8
125;69938.7;78319.77;316.31
4105;69938.99;78320.12;317.87
715;69939.34;78319.83;317.71
2111;69941.61;78318.07;317.01
658;69941.24;78317.92;316.95
95;69941.31;78317.87;319.37
1486;69941.7;78318.05;315.52
475;69940.48;78316.59;316.51
1870;69940.93;78316.6;316.49
3581;69940.49;78316.72;315.3
3051;69940.3;78316.5;316.35
3197;69941.2;78315.91;319.42
2620;69941.2;78316.04;316.11
3267;69940.75;78315.65;316.03
4300;69941.02;78315.9;315.17
2181;69941.04;78315.75;318.62
4067;69941.47;78315.83;316.03
1315;69939.93;78313.14;315.52
1189;69939.62;78312.66;315.5
4155;69939.58;78313.24;315.53
3811;69939.82;78313.15;314.4
236;69939.42;78313.0;317.96
2724;69940.06;78311.35;315.5
917;69939.64;78311.71;315.47
3635;69940.04;78311.3;314.06
3914;69939.94;78312.05;319.23
2469;69940.48;78312.05;315.61
72;69938.05;78309.02;315.14
3142;69938.89;78309.29;315.16
429;69938.11;78309.06;314.19
1859;69938.72;78309.67;317.25
2987;69938.57;78308.04;315.08
1442;69936.95;78305.02;305.06
4125;69938.7;78305.99;315.66
1639;69936.92;78305.17;303.92
340;69936.28;78306.7;305.34
4307;69939.89;78305.72;304.67
109;69942.33;78307.73;307.4
490;69937.21;78304.95;304.02
86;69935.51;78305.7;304.6
3070;69939.67;78304.31;304.4
1001;69936.96;78304.7;304.83
4234;69937.48;78300.98;304.45
1700;69934.82;78302.46;304.53
1185;69933.33;78299.41;304.73
3618;69933.45;78299.4;304.94
1764;69933.08;78299.6;303.19
135;69933.4;78298.0;304.48
2182;69932.29;78298.4;304.58
193;69930.47;78295.14;304.31
356;69935.28;78298.84;304.54
90;69937.4;78296.72;304.67
2992;69935.52;78297.77;304.59
718;69934.19;78301.65;304.24
638;69926.75;78302.19;303.33
2194;69927.09;78301.41;303.29
1271;69926.87;78301.94;303.87
781;69926.9;78301.87;303.07
2313;69926.19;78301.15;303.42
4012;69930.34;78302.45;303.49
130;69930.63;78302.16;303.72
1222;69929.01;78302.55;303.66
1103;69924.24;78298.93;304.37
3909;69924.24;78300.37;304.36
2189;69925.96;78299.31;304.26
4324;69925.64;78300.24;303.92
799;69925.33;78300.4;303.92
1945;69924.19;78299.35;303.79
1862;69924.15;78299.97;303.51
3392;69922.02;78298.24;304.25
2474;69921.74;78295.52;303.94
4267;69921.76;78295.51;304.29
2957;69923.28;78294.98;301.57
2361;69923.4;78294.06;304.13
1545;69921.18;78295.88;304.15
1623;69924.97;78303.57;301.91
2890;69913.42;78289.05;303.52
4020;69913.44;78289.11;304.11
111;69912.96;78290.78;303.81
957;69913.56;78289.05;302.36
2678;69913.31;78290.25;302.44
1969;69912.53;78289.24;302.22
3454;69916.78;78291.8;303.28
2741;69918.47;78289.9;303.95
3868;69905.79;78284.94;303.78
122;69909.68;78288.78;303.51
322;69900.14;78285.46;302.72
3020;69901.0;78284.05;302.7
1801;69900.46;78284.98;303.29
588;69900.87;78285.01;300.96
4039;69901.1;78284.82;301.71
270;69900.76;78285.44;301.42
625;69906.72;78287.7;302.64
2589;69893.26;78280.12;303.0
1992;69892.68;78281.65;303.01
2440;69893.27;78280.13;303.27
3349;69893.56;78279.79;303.11
584;69893.18;78280.07;301.63
3709;69898.92;78281.16;303.27
1422;69896.64;78283.42;303.24
165;69890.08;78279.12;302.81
3257;69889.83;78279.39;303.55
2793;69890.08;78279.37;301.56
2487;69889.98;78281.63;303.05
3290;69889.17;78280.65;301.75
4147;69885.83;78279.78;301.75
1965;69885.7;78278.88;302.81
4197;69887.0;78279.84;302.12
1897;69885.25;78275.97;302.96
115;69881.09;78268.0;302.98
4259;69881.11;78268.0;302.96
3570;69885.8;78273.87;302.9
1470;69885.59;78278.26;302.91
1792;69890.05;78279.22;303.23
3992;69890.08;78279.32;301.56
2601;69891.09;78280.66;302.94
1687;69885.24;78280.36;301.54
3643;69889.2;78280.68;301.73
2585;69886.99;78280.21;301.54
2322;69890.08;78279.14;303.24
2282;69890.19;78278.38;302.93
673;69890.07;78279.36;301.55
3713;69889.94;78281.69;303.03
1933;69885.0;78275.89;302.67
1252;69885.2;78275.83;303.04
2539;69886.31;78274.03;302.98
2879;69885.86;78273.96;303.08
2863;69885.84;78273.98;302.71
293;69886.06;78273.73;303.01
2160;69886.78;78274.1;304.83
4097;69886.09;78274.46;304.71
1829;69886.84;78273.81;303.33
2030;69886.23;78274.57;309.63
3279;69886.68;78274.88;305.54
3192;69887.04;78274.61;305.57
4182;69886.55;78275.03;305.64
2960;69886.54;78274.73;310.31
3770;69886.85;78274.62;303.88
4088;69883.45;78268.89;307.54
169;69887.02;78275.52;306.2
784;69889.72;78280.43;311.28
2316;69886.5;78275.01;305.54
376;69887.07;78274.69;305.6
634;69886.66;78274.48;303.82
2819;69886.2;78274.18;309.56
1921;69884.57;78270.25;306.96
1949;69891.39;78279.51;311.15
4030;69889.79;78280.42;309.44
2921;69891.1;78283.75;311.26
1848;69892.67;78281.71;311.44
1041;69893.41;78285.66;311.58
3528;69890.15;78280.08;318.66
2905;69892.86;78284.42;310.98
2010;69893.26;78284.03;311.09
4174;69892.24;78284.63;311.06
1686;69893.55;78285.57;311.4
808;69889.0;78285.3;336.31
181;69884.09;78270.52;306.99
1834;69884.35;78270.41;305.76
2034;69884.62;78270.68;310.42
2784;69884.76;78270.2;306.97
2287;69875.21;78259.43;305.68
3155;69880.34;78264.82;306.36
4062;69880.08;78264.63;309.66
1913;69880.24;78264.8;305.78
1347;69880.02;78265.2;306.39
3901;69880.27;78264.99;305.71
276;69879.43;78264.68;304.04
2826;69879.47;78264.71;305.14
3212;69879.7;78264.42;303.24
1456;69879.95;78264.28;304.25
2949;69879.81;78264.42;305.59
3934;69880.33;78264.83;309.48
3009;69878.05;78261.15;304.1
1053;69878.08;78261.29;304.53
3209;69877.74;78261.79;304.54
705;69876.57;78259.52;304.0
3804;69876.77;78259.53;304.02
3195;69876.42;78259.84;305.03
1941;69876.4;78259.02;306.96
321;69876.16;78259.85;303.95
3032;69876.63;78259.46;303.54
134;69874.83;78258.74;303.65
47;69874.7;78258.49;303.68
2781;69875.02;78258.08;305.13
3096;69874.67;78258.6;303.43
2875;69875.03;78257.98;303.73
162;69872.67;78254.32;303.16
389;69872.2;78254.54;303.57
2689;69872.04;78254.79;302.94
446;69872.07;78254.82;302.93
1588;69872.58;78254.3;302.67
1394;69872.26;78254.8;302.88
1604;69869.7;78251.32;302.76
4106;69871.02;78253.7;302.95
433;69871.12;78253.33;303.0
1434;69886.89;78280.41;302.2
514;69885.5;78279.8;301.56
3304;69888.18;78281.18;301.64
265;69884.67;78283.68;301.63
1562;69885.46;78284.71;301.66
2580;69880.0;78292.57;301.6
2352;69879.98;78292.62;301.6
1269;69880.01;78292.55;301.59
1142;69879.97;78292.62;301.6
454;69880.01;78292.52;301.57
2800;69879.92;78292.54;301.6
3062;69879.98;78292.61;302.0
211;69883.59;78292.45;301.65
3370;69880.92;78280.32;301.65
2217;69883.02;78289.4;301.67
201;69883.18;78302.98;301.79
4162;69883.13;78302.91;301.83
2482;69883.15;78302.91;301.83
1739;69883.83;78302.68;301.83
644;69883.83;78302.67;301.83
2933;69881.47;78292.48;301.76
343;69881.88;78291.73;301.78
3180;69880.09;78292.52;301.88
2864;69877.64;78292.38;301.73
2395;69880.29;78285.61;301.62
1946;69877.11;78287.32;301.67
3730;69877.97;78298.79;301.99
3948;69875.69;78295.08;301.67
129;69873.87;78299.9;301.55
2174;69874.69;78301.33;301.92
3609;69873.83;78299.89;301.88
3280;69871.9;78298.01;301.48
1789;69865.34;78303.78;301.66
61;69867.61;78304.62;301.64
3536;69863.9;78302.01;301.58
1740;69865.29;78303.7;301.48
3043;69864.5;78310.01;301.67
3168;69867.19;78311.72;301.84
281;69863.71;78309.52;301.78
3403;69864.46;78310.04;301.81
882;69866.17;78316.57;301.76
1781;69866.14;78316.52;301.78
4001;69866.27;78317.01;301.81
693;69866.15;78316.54;301.81
1078;69866.08;78316.5;301.83
3593;69868.26;78315.98;301.82
3354;69866.31;78316.51;302.2
1268;69865.75;78316.97;301.9
2847;69870.57;78320.86;301.89
942;69870.19;78321.22;301.87
639;69871.67;78320.45;302.25
271;69870.13;78321.26;302.12
3764;69868.93;78321.97;301.89
3015;69870.76;78319.59;302.17
1860;69868.71;78320.93;301.96
3504;69872.95;78323.65;302.34
3250;69870.02;78324.65;302.02
4315;69877.53;78332.1;302.31
2012;69877.61;78332.2;302.36
1296;69879.62;78329.84;302.44
3509;69878.31;78331.35;302.71
228;69877.98;78331.46;301.88
3938;69877.67;78332.15;302.1
259;69877.37;78332.67;302.33
248;69873.34;78331.05;302.26
1909;69874.85;78327.79;302.14
1334;69881.32;78333.16;302.12
1033;69882.46;78332.55;302.42
3653;69881.61;78333.38;303.25
3655;69879.47;78334.58;302.41
3919;69884.03;78339.33;302.32
2611;69884.07;78339.35;302.75
2636;69881.67;78339.84;302.38
2186;69886.37;78339.14;302.32
3333;69891.19;78343.95;302.49
267;69881.18;78346.72;302.4
4356;69885.07;78344.93;302.5
3515;69881.72;78342.8;302.31
3201;69881.74;78342.86;302.55
755;69881.82;78342.8;302.15
2582;69880.83;78343.11;302.44
493;69884.9;78344.0;302.45
2586;69885.3;78349.48;302.45
2295;69885.3;78349.47;302.66
3361;69885.37;78349.42;302.29
4038;69883.81;78350.58;302.62
2612;69887.83;78348.27;302.57
760;69885.32;78349.98;302.58
4107;69885.8;78349.83;302.57
817;69886.26;78353.1;302.49
1457;69885.57;78353.4;302.6
2340;69886.26;78353.09;302.69
1643;69886.19;78353.12;302.32
3495;69889.15;78353.35;302.67
443;69886.24;78353.98;302.53
1000;69886.85;78357.18;302.61
3007;69887.24;78355.61;302.58
1163;69889.12;78353.33;302.67
2409;69887.85;78355.96;302.52
240;69886.62;78353.76;302.5
1379;69887.93;78356.43;302.59
4386;69888.07;78356.44;302.74
3018;69888.04;78356.41;302.43
4134;69891.22;78356.97;302.56
1316;69894.78;78362.71;302.61
2695;69889.65;78359.36;302.52
2177;69894.09;78362.91;302.73
2396;69885.08;78275.79;303.09
3383;69884.94;78275.9;302.45
1827;69884.53;78276.34;302.78
1822;69885.05;78274.59;303.04
2085;69885.72;78274.78;302.98
2502;69885.86;78274.02;303.13
1714;69880.94;78271.39;302.67
2240;69880.93;78271.35;302.93
4264;69880.44;78271.45;302.74
2051;69882.93;78271.21;302.82
4004;69882.57;78269.55;302.87
4075;69880.43;78267.45;302.59
1090;69880.45;78267.4;302.81
3605;69880.45;78267.43;302.36
3128;69879.86;78267.43;302.63
847;69883.06;78267.68;302.76
3355;69876.43;78260.22;302.55
1243;69877.68;78260.76;302.6
1481;69879.93;78261.98;302.64
3288;69877.99;78261.17;302.6
1094;69876.88;78262.61;302.39
1619;69877.97;78261.23;302.83
3344;69878.29;78260.76;302.72
683;69878.12;78261.24;302.4
929;69873.71;78260.36;302.42
3108;69875.56;78259.98;302.56
3825;69874.26;78259.62;302.47
1399;69934.27;78319.61;257.5
3071;69933.88;78319.75;258.08
2986;69935.31;78319.13;257.55
360;69934.95;78319.46;257.15
2883;69936.97;78319.82;257.35
3782;69940.88;78321.69;257.19
3910;69940.15;78323.72;257.31
397;69942.11;78330.64;258.0
923;69940.3;78329.75;257.91
2801;69943.32;78334.07;258.35
3228;69936.92;78325.66;257.51
357;69934.61;78322.48;257.22
3726;69934.54;78320.98;262.62
1833;69940.64;78327.23;257.47
3003;69922.77;78306.42;258.03
3115;69924.78;78305.66;259.14
1080;69924.05;78303.84;276.73
2325;69922.94;78303.09;259.43
55;69924.28;78303.44;259.3
1536;69923.33;78302.66;278.26
1887;69886.16;78273.76;303.16
2439;69886.08;78275.18;306.65
1058;69887.13;78276.59;308.89
382;69892.76;78283.85;311.45
1498;69887.73;78282.42;333.21
2198;69882.42;78275.84;338.51
2216;69884.02;78279.81;339.25
1333;69881.88;78278.65;341.96
2605;69882.93;78279.14;343.02
1770;69881.33;78278.12;354.31
734;69882.69;78281.25;353.58
2607;69882.46;78276.09;342.7
1105;69880.71;78274.98;344.03
220;69882.26;78279.75;353.15
28;69882.07;78282.12;354.38
503;69880.36;78275.53;352.73
530;69882.58;78285.08;355.66
2650;69882.07;78284.77;357.83
515;69881.84;78283.85;357.64
187;69881.74;78283.16;356.87
1989;69881.94;78283.15;356.14
647;69881.57;78281.69;355.41
3612;69881.79;78280.58;354.76
3821;69882.64;78284.27;355.56
160;69882.93;78283.44;354.86
597;69883.35;78282.52;353.6
3215;69882.85;78285.57;356.18
3479;69882.73;78287.2;357.78
2027;69882.49;78286.64;358.21
1061;69882.99;78285.6;355.77
2511;69883.18;78286.1;355.75
676;69883.64;78287.21;355.73
3859;69883.22;78286.59;355.62
13;69883.77;78287.2;355.02
1193;69883.44;78287.93;356.77
3517;69883.87;78289.56;357.38
3299;69883.9;78289.68;357.43
1386;69885.74;78294.4;357.98
3046;69883.99;78292.38;361.8
3109;69884.21;78292.55;362.72
1368;69884.79;78293.53;362.74
2119;69885.61;78293.54;360.31
4306;69884.68;78292.21;359.76
1898;69885.91;78294.48;359.01
2073;69885.24;78294.76;362.8
881;69885.14;78294.66;362.81
1544;69886.96;78296.97;362.67
801;69887.64;78300.48;362.91
401;69888.54;78304.58;363.2
1447;69889.44;78308.69;363.48
363;69891.62;78313.61;363.56
1712;69879.5;78273.5;354.5
3575;69877.04;78267.5;357.73
471;69876.57;78268.07;361.93
1106;69931.83;78334.93;257.47
2530;69938.13;78347.76;257.47
3936;69951.57;78353.71;257.47
1021;69963.19;78350.35;257.47
694;69975.49;78344.31;257.47
2512;69996.92;78338.12;257.47
3818;70012.23;78336.47;257.47
1067;70032.49;78350.07;257.47
771;70036.67;78354.08;257.47
1205;70043.4;78350.78;257.47
2699;70044.42;78360.27;254.47
2404;70043.76;78370.04;252.47
3722;70042.22;78379.92;252.47
3259;70044.99;78389.48;251.47
1162;70054.96;78390.15;251.47
2829;70060.54;78381.85;251.47
1167;70070.42;78383.39;251.47
3768;70072.34;78393.15;250.47
745;70073.41;78403.1;250.47
2564;70074.47;78412.99;249.47
1780;70077.25;78422.59;249.47
3915;70080.03;78432.2;249.47
481;70081.96;78442.01;249.17
811;70083.89;78451.81;248.77
3044;70084.96;78461.72;247.97
4002;70087.73;78471.32;247.47
328;70094.94;78478.24;247.17
1046;70103.24;78483.81;246.87
4336;70111.53;78489.37;246.27
596;70119.31;78495.65;246.07
1668;70126.51;78502.57;245.57
2683;70132.41;78510.64;245.77
1267;70138.31;78518.72;245.87
2955;70145.48;78525.61;246.87
1629;70152.61;78532.46;248.37
1738;70162.19;78534.83;249.97
75;70170.75;78529.66;249.97
1592;70180.73;78530.33;249.87
3636;70185.13;78539.3;250.27
969;70179.56;78547.61;250.27
2597;70171.48;78553.5;250.27
3448;70161.88;78556.28;250.27
148;70162.07;78566.28;250.27
3856;70164.01;78576.09;250.27
3123;70168.38;78585.02;249.17
848;70159.85;78590.17;249.97
1652;70157.47;78599.81;248.77
640;70158.54;78609.75;248.47
2187;70157.87;78619.72;248.07
288;70149.31;78624.89;248.07
3430;70139.4;78625.95;248.87
1040;70129.8;78628.73;248.47
3084;70132.58;78638.32;247.97
2969;70137.74;78646.87;247.47
2223;70144.3;78654.38;248.17
470;70145.37;78664.33;247.97
1972;70147.3;78674.14;247.97
3891;70148.36;78684.0;246.67
4104;70157.5;78688.04;247.07
3531;70163.4;78696.11;246.97
606;70171.7;78701.69;246.97
3100;70180.46;78706.51;247.07
2235;70189.6;78710.56;247.27
4236;70198.58;78706.15;247.07
2173;70207.14;78700.98;246.87
951;70216.27;78705.03;246.47
2940;70226.14;78706.56;247.07
2663;70234.44;78712.14;247.07
1653;70243.76;78708.53;247.57
1939;70252.7;78704.14;248.37
318;70262.27;78701.38;247.47
1195;70269.2;78694.17;247.87
112;70278.9;78696.56;247.47
395;70288.22;78692.96;247.17
3606;70296.51;78698.52;247.77
2028;70305.83;78694.92;247.97
939;70315.44;78692.14;248.17
896;70325.41;78692.81;248.17
4064;69843.55;78000.91;266.4
1245;69841.46;78005.91;265.9
3484;69839.37;78010.92;266.4
1065;69833.29;78020.4;265.4
4093;69827.21;78029.87;266.4
3207;69827.87;78034.98;265.4
1583;69828.53;78040.09;266.4
2046;69812.07;78057.94;264.5
1726;69795.61;78075.79;266.4
4137;69905.7;78378.84;369.09
2569;69904.95;78378.49;369.16
892;69904.87;78377.24;369.6
1794;69907.05;78377.52;369.44
3094;69906.95;78374.16;368.76
1670;69905.51;78375.3;369.49
437;69905.37;78372.64;369.52
274;69908.34;78377.62;363.62
2152;69904.15;78370.96;364.34
3895;69902.61;78371.69;364.01
1340;69902.89;78371.26;364.24
1644;69904.4;78376.13;363.36
4217;69905.41;78379.35;364.26
2950;69907.74;78378.18;363.62
1145;69908.22;78377.8;364.66
1188;69908.18;78377.63;362.67
2853;69909.07;78379.92;363.12
4170;69909.39;78379.43;363.15
1006;69908.97;78379.67;364.18
3624;69908.9;78378.91;363.4
2163;69909.72;78381.14;362.9
53;69911.47;78382.85;355.6
3677;69911.18;78382.82;356.69
378;69911.43;78382.85;354.44
4316;69911.18;78383.03;355.59
618;69909.31;78378.97;355.91
3449;69909.43;78380.39;356.05
1170;69912.27;78385.27;354.27
2931;69913.07;78387.7;352.92
3541;69912.41;78385.0;355.54
209;69912.46;78385.49;350.87
3925;69912.65;78384.82;354.52
4238;69911.49;78384.68;353.99
1212;69911.89;78384.03;353.63
2886;69911.63;78384.66;348.17
301;69911.93;78383.5;345.78
32;69911.49;78383.59;349.47
776;69912.37;78383.36;343.78
3016;69912.39;78383.15;345.82
4351;69912.95;78385.06;345.91
3490;69913.13;78384.32;346.02
3336;69908.75;78375.36;343.89
3610;69905.58;78375.56;343.41
2166;69905.4;78372.81;342.96
2120;69911.31;78381.33;344.73
3604;69910.88;78382.08;345.01
3622;69909.8;78379.06;339.93
1324;69911.94;78383.53;345.71
56;69906.8;78380.37;359.44
1407;69911.48;78377.32;327.35
4042;69911.14;78378.41;340.15
3027;69906.34;78372.6;339.4
2711;69906.95;78377.35;339.85
2813;69909.1;78379.88;340.48
975;69910.5;78381.67;341.01
1841;69911.86;78380.83;341.7
1377;69912.27;78377.38;328.07
3184;69912.79;78376.86;328.27
3560;69910.29;78373.91;328.29
1275;69907.44;78373.1;328.35
114;69910.41;78378.5;327.95
670;69911.97;78377.86;327.57
4243;69909.94;78377.78;328.51
2333;69913.46;78379.45;328.64
889;69912.58;78380.29;332.37
3983;69912.18;78380.62;328.62
424;69913.62;78379.31;328.67
946;69913.14;78379.69;327.46
1694;69914.11;78383.44;328.37
3845;69916.01;78381.73;328.38
3436;69917.59;78384.77;328.32
4209;69913.34;78379.7;328.67
2709;69917.57;78384.79;328.6
767;69917.69;78385.65;320.23
2441;69916.22;78385.85;328.42
9;69921.89;78391.2;328.71
2619;69919.14;78386.71;328.54
787;69917.99;78387.2;328.53
1696;69918.0;78387.04;321.3
527;69918.03;78386.99;320.23
1665;69918.48;78386.33;328.64
964;69918.97;78386.41;321.3
3646;69916.16;78384.5;321.43
250;69916.78;78384.52;321.51
3903;69917.75;78384.99;321.21
3011;69918.46;78385.83;321.35
2990;69922.87;78391.3;321.85
700;69923.52;78390.51;321.78
603;69926.17;78394.06;322.61
1458;69918.38;78384.6;319.3
285;69918.77;78386.1;321.2
3140;69918.14;78386.93;320.26
326;69918.16;78385.95;328.6
2551;69924.49;78392.28;322.0
1892;69918.0;78385.24;319.28
3592;69918.77;78384.2;319.2
3281;69918.41;78384.55;319.65
642;69918.89;78385.04;316.52
1990;69919.23;78384.75;318.74
910;69919.22;78385.21;318.53
3658;69918.87;78385.09;316.89
3130;69918.22;78384.98;316.89
2345;69918.76;78384.76;319.27
1701;69918.58;78384.21;317.02
3186;69919.39;78385.02;317.03
1409;69918.4;78384.52;316.83
2254;69918.47;78385.01;315.11
1727;69918.31;78384.37;314.01
1820;69918.12;78384.71;314.04
368;69918.58;78384.89;314.01
608;69918.13;78384.43;313.38
2693;69918.18;78384.39;315.76
1270;69916.74;78383.05;313.48
2112;69917.41;78384.05;313.72
2169;69917.0;78383.39;313.31
2387;69917.05;78383.36;312.96
649;69917.21;78383.27;313.3
4003;69917.28;78383.44;314.78
1832;69917.63;78383.06;313.09
3171;69918.05;78383.84;313.15
99;69917.83;78382.62;313.1
1110;69916.52;78382.43;312.86
1984;69917.0;78382.28;313.08
1395;69917.35;78383.03;306.91
405;69917.65;78383.2;307.49
570;69917.49;78383.46;307.51
2575;69917.88;78383.26;309.52
1744;69917.79;78383.44;305.76
807;69917.12;78382.62;307.51
2770;69919.13;78384.47;306.84
2192;69918.55;78384.14;307.23
3438;69918.55;78384.27;305.28
80;69918.41;78384.42;305.66
997;69918.82;78384.78;305.29
2757;69917.76;78384.23;305.36
2729;69916.73;78386.74;305.25
1403;69916.3;78385.94;305.22
1662;69916.67;78386.59;305.38
2164;69916.66;78386.58;304.99
2710;69915.95;78387.23;305.19
3800;69914.34;78386.03;304.97
2685;69914.51;78385.81;305.26
654;69915.01;78385.41;305.17
1278;69914.45;78385.93;304.87
1154;69913.07;78380.77;305.04
3162;69912.69;78381.54;305.03
865;69913.89;78381.39;305.34
1821;69913.1;78380.88;305.43
3141;69913.03;78380.92;304.85
2241;69911.82;78380.67;305.4
2989;69924.12;78392.67;321.94
2866;69923.8;78392.74;326.91
425;69924.21;78392.5;320.39
748;69923.93;78392.57;322.01
3857;69928.17;78397.03;319.53
391;69928.08;78397.08;319.21
4248;69928.17;78397.01;320.59
646;69928.05;78397.08;319.39
3779;70214.2;78748.5;355.92
3716;70212.54;78748.86;356.52
662;70213.65;78747.08;346.34
1654;70212.31;78747.69;355.82
258;70213.24;78747.2;355.7
3013;70213.99;78749.03;355.9
311;70214.43;78749.97;356.31
3858;70213.27;78749.56;355.83
1979;70212.5;78748.55;355.72
1336;70212.32;78748.06;355.86
2227;70213.75;78747.91;346.06
1748;70214.13;78748.26;355.88
2610;70211.98;78749.24;356.61
1209;70212.64;78750.54;357.15
2200;70211.39;78750.55;356.58
3827;70209.47;78748.45;356.57
2088;70212.96;78744.79;345.41
2555;70213.13;78747.28;346.35
2308;70214.14;78746.77;346.48
1713;70213.56;78747.22;345.82
394;70212.43;78746.51;355.57
794;70211.01;78744.01;353.71
251;70217.46;78753.72;347.73
2545;70214.35;78749.95;346.71
3620;70213.97;78748.62;346.6
3284;70214.89;78748.26;347.0
4181;70215.9;78750.31;347.32
3446;70212.64;78748.99;356.4
1522;70212.62;78748.97;356.49
837;70208.44;78736.66;346.04
1480;70206.77;78733.6;344.19
4010;70209.09;78739.45;345.97
1704;70212.16;78745.22;345.52
4034;70213.05;78744.6;343.54
880;70211.86;78744.89;348.87
1817;70213.4;78744.69;345.67
3551;70214.63;78747.71;346.64
672;70211.54;78737.77;343.97
2238;70209.32;78739.42;351.19
2959;70210.85;78739.11;341.2
2056;70210.28;78739.3;345.48
1370;70209.82;78738.35;345.59
448;70208.47;78737.07;345.89
2064;70211.93;78741.42;345.43
1011;70215.31;78746.01;345.59
1890;70213.38;78745.39;345.61
4261;70215.22;78747.17;346.5
2499;70212.0;78736.12;343.63
1614;70211.55;78737.75;344.32
487;70211.59;78737.86;340.54
1924;70211.94;78737.39;343.82
777;70213.06;78738.89;343.95
3224;70211.14;78738.79;343.92
2202;70209.68;78738.2;344.08
177;70210.21;78738.73;343.95
1283;70208.85;78739.12;345.93
897;70213.52;78737.37;343.61
3698;70212.01;78736.52;344.48
256;70211.99;78736.53;340.25
3315;70212.38;78736.01;343.67
2063;70212.28;78736.7;343.6
1881;70211.46;78737.73;343.95
91;70215.83;78737.97;338.04
314;70213.75;78737.0;343.54
3091;70213.58;78737.18;344.49
3363;70214.23;78737.41;333.79
3619;70214.89;78737.68;343.65
3213;70212.16;78735.94;343.61
3052;70216.03;78737.07;329.32
678;70215.33;78736.81;336.4
685;70215.95;78737.95;336.16
467;70215.85;78737.17;336.12
3072;70215.61;78736.79;336.16
2862;70215.5;78737.44;336.23
3182;70214.93;78736.77;348.08
458;70215.62;78736.25;338.06
1923;70214.01;78736.79;338.04
2649;70212.83;78737.12;338.11
2103;70215.11;78738.64;337.94
3092;70215.84;78735.44;337.84
198;70215.42;78734.45;336.91
1525;70214.5;78737.37;336.06
2463;70216.48;78736.96;330.1
2342;70218.28;78740.3;329.61
407;70216.57;78736.83;329.55
1478;70215.85;78737.11;329.36
1223;70215.08;78737.21;342.54
2984;70217.63;78735.84;318.47
107;70213.06;78729.52;330.06
568;70217.25;78738.23;322.42
666;70215.72;78737.22;330.13
3973;70216.85;78738.87;330.04
3980;70217.06;78736.88;320.28
1445;70215.45;78737.03;333.64
582;70211.46;78727.4;330.62
1554;70215.18;78735.44;330.2
2675;70215.31;78734.58;330.13
2244;70214.1;78730.85;324.05
309;70212.57;78729.54;328.95
4325;70218.58;78737.05;322.38
3327;70217.45;78738.14;321.84
161;70217.18;78737.91;328.92
4219;70218.61;78737.06;322.37
674;70219.17;78739.33;322.95
955;70216.33;78734.41;322.64
4223;70220.61;78739.07;323.61
979;70221.24;78739.71;320.18
1121;70221.01;78739.82;322.41
970;70218.39;78740.33;323.54
1811;70219.55;78739.0;322.92
3890;70216.66;78736.56;322.28
1405;70215.23;78733.78;322.38
1174;70214.56;78731.73;321.7
151;70212.79;78730.51;324.43
4271;70218.38;78737.18;323.75
3301;70218.61;78737.2;318.7
4277;70217.12;78738.05;322.38
2561;70220.14;78740.27;320.09
1171;70220.72;78739.51;323.14
1520;70221.09;78739.57;318.15
2635;70221.04;78739.99;320.24
830;70220.61;78739.29;320.24
3475;70223.77;78742.82;320.38
1314;70221.02;78741.01;320.11
3450;70220.94;78740.04;320.15
2928;70221.0;78740.08;322.4
4188;70220.74;78740.34;317.67
2050;70222.66;78741.73;316.39
1239;70226.13;78744.28;312.59
426;70223.52;78743.02;320.4
2123;70223.16;78742.62;322.6
3235;70225.87;78744.3;319.29
2898;70225.94;78744.36;319.06
1593;70223.68;78742.49;308.48
1625;70223.66;78742.48;320.28
3594;70222.75;78742.2;320.54
1635;70223.53;78742.56;320.37
2542;70226.97;78743.63;301.81
4099;70226.38;78743.51;312.52
4269;70226.08;78743.9;316.14
1605;70229.04;78744.26;312.73
3472;70226.0;78744.37;301.32
3516;70222.33;78743.13;312.47
1019;70223.03;78741.39;312.44
221;70225.53;78743.03;312.56
4270;70224.44;78742.93;307.13
486;70223.69;78743.82;307.18
3802;70229.99;78745.4;306.64
1495;70222.72;78736.97;298.76
2464;70225.04;78744.13;321.95
3353;70227.11;78743.64;300.57
3390;70227.56;78743.08;301.81
1976;70226.46;78742.3;301.89
4008;70226.0;78742.53;301.91
325;70226.29;78745.26;302.0
238;70225.69;78745.15;302.02
3181;70225.72;78742.75;302.26
4015;70228.6;78745.74;301.85
3441;70228.55;78744.32;301.82
4011;70229.58;78746.12;302.4
4337;70229.32;78744.77;310.35
3932;70224.66;78745.17;302.83
3433;70218.42;78731.67;295.34
528;70222.8;78736.95;297.03
1633;70223.25;78736.42;298.7
3144;70226.8;78739.98;298.58
2759;70225.75;78739.79;298.92
3462;70216.16;78732.08;298.85
4000;70216.06;78732.04;298.85
1903;70216.06;78732.03;298.85
170;70221.62;78738.76;306.99
741;70222.01;78737.76;303.39
1904;70222.34;78737.38;298.78
1943;70222.67;78736.82;297.34
239;70222.28;78737.12;296.34
2388;70223.71;78742.36;304.4
3602;70218.96;78730.16;292.6
2242;70218.4;78732.14;305.72
1119;70218.4;78731.75;293.84
4348;70218.47;78731.64;294.9
3960;70219.52;78730.93;295.15
2593;70218.76;78731.35;295.4
1130;70217.35;78732.48;295.26
1934;70218.34;78728.97;294.98
1468;70218.27;78730.34;295.53
1863;70215.81;78723.6;295.53
1348;70215.32;78727.51;299.75
2381;70216.24;78728.47;295.68
2067;70224.76;78738.96;295.01
3519;70220.86;78736.41;295.11
3803;70219.99;78733.62;295.58
2457;70221.97;78736.38;298.98
2771;70223.99;78735.08;290.93
2252;70219.06;78730.2;291.71
2814;70218.61;78730.46;292.56
96;70219.21;78729.91;292.61
51;70219.97;78731.29;294.71
3164;70218.41;78731.72;295.37
2128;70218.68;78731.74;293.61
3029;70218.24;78729.78;292.77
2562;70216.49;78728.63;296.53
2868;70217.01;78727.95;295.62
2214;70217.69;78729.49;294.56
126;70217.0;78729.65;296.14
2491;70218.49;78732.18;296.9
1977;70218.53;78731.28;293.89
812;70218.91;78731.87;294.08
3921;70227.64;78738.81;289.17
961;70224.01;78735.16;291.31
4281;70223.39;78734.83;293.05
512;70223.67;78735.05;292.7
909;70223.56;78735.07;287.66
2785;70223.73;78735.29;290.93
167;70218.31;78729.96;292.2
3001;70220.8;78732.52;291.81
1249;70221.33;78732.65;294.72
1168;70230.8;78740.89;290.5
3055;70227.62;78738.33;294.32
3332;70230.8;78739.89;279.18
4220;70227.68;78738.82;289.42
2977;70227.73;78738.8;293.76
3176;70230.1;78740.31;281.51
2608;70233.23;78742.85;286.96
4159;70231.18;78740.89;287.0
1231;70231.25;78741.6;286.49
3151;70233.32;78742.72;289.7
1523;70225.0;78735.5;288.18
587;70227.81;78738.4;289.07
591;70224.15;78735.11;291.32
2117;70222.3;78732.39;300.38
2236;70230.18;78741.01;279.18
2642;70233.04;78742.62;278.41
263;70231.33;78739.92;279.08
1689;70230.62;78739.98;277.69
1505;70231.03;78739.3;279.0
3838;70230.53;78739.99;280.86
3911;70226.24;78736.31;279.38
496;70228.04;78738.66;279.23
179;70226.73;78738.64;279.17
1736;70228.71;78740.1;279.15
2038;70229.55;78740.74;279.05
1828;70510.0;79250.0;353.0
1680;70510.0;79250.0;350.0
1030;70510.89;79249.89;350.0
600;70512.01;79249.74;350.0
37;70512.01;79249.74;348.0
1158;70513.52;79246.11;348.0
614;70513.52;79246.11;346.0
1137;70514.42;79243.79;346.0
599;70514.42;79243.79;344.5
702;70515.59;79243.31;344.5
703;70515.59;79243.31;344.0
4120;70517.04;79240.8;344.0
3542;70517.04;79240.8;342.5
3742;70518.13;79239.25;342.5
1365;70519.27;79238.02;342.5
383;70519.27;79238.02;341.5
3963;70520.32;79237.09;341.5
3964;70520.32;79237.09;341.0
3499;70521.24;79236.53;341.0
3928;70521.24;79236.53;340.5
3912;70522.36;79236.49;340.5
3832;70523.85;79236.25;340.5
990;70524.45;79236.06;340.5
4060;70525.39;79236.53;340.5
142;70525.39;79236.53;339.5
3810;70526.55;79237.19;339.5
2631;70527.61;79237.64;339.5
1624;70527.61;79237.64;338.5
4380;70528.11;79237.53;338.5
435;70529.06;79238.26;338.5
857;70529.06;79238.26;337.5
815;70529.77;79237.62;337.5
3801;70530.44;79237.03;337.5
2840;70531.12;79235.87;337.5
400;70530.25;79235.62;337.5
1930;70529.48;79235.29;337.5
1659;70529.7;79234.92;337.5
2000;70529.85;79234.39;337.5
2423;70529.85;79234.39;336.5
1908;70529.88;79233.82;336.5
2524;70530.27;79233.59;336.5
3601;70531.03;79233.98;336.5
2260;70532.05;79234.23;336.5
3682;70533.49;79234.71;336.5
2696;70533.49;79234.71;335.5
3748;70534.01;79233.63;335.5
1831;70534.36;79232.79;335.5
3888;70534.59;79231.85;335.5
2900;70534.59;79231.85;334.5
3518;70534.9;79230.98;334.5
1471;70535.42;79230.01;334.5
823;70534.65;79229.32;334.5
643;70533.83;79228.73;334.5
2188;70533.32;79228.41;334.5
2979;70533.24;79227.53;334.5
1999;70533.24;79227.53;333.5
3974;70533.13;79226.14;333.5
1761;70533.06;79224.98;333.5
4376;70533.17;79224.32;333.5
574;70532.37;79223.46;333.5
2364;70532.03;79223.11;333.5
791;70532.03;79223.11;330.5
4375;70531.82;79222.11;330.5
788;70532.73;79221.35;330.5
2429;70534.23;79221.02;330.5
4183;70535.29;79220.53;330.5
2205;70535.78;79219.26;330.5
4339;70534.8;79217.52;330.5
3476;70534.38;79216.26;330.5
2488;70534.38;79216.26;329.5
4312;70534.24;79215.23;329.5
3926;70534.53;79214.44;329.5
3297;70533.96;79213.12;329.5
930;70533.56;79212.07;329.5
931;70533.56;79212.07;329.0
3871;70532.19;79210.48;329.0
1547;70531.2;79208.95;329.0
545;70531.2;79208.95;328.5
3193;70530.45;79207.14;328.5
2617;70529.53;79205.33;328.5
1606;70529.53;79205.33;327.5
564;70528.3;79203.91;327.5
984;70528.34;79201.97;327.5
1802;70528.31;79200.59;327.5
4;70528.32;79199.59;327.5
3416;70529.34;79198.77;327.5
3244;70530.48;79197.82;327.5
757;70531.63;79196.89;327.5
758;70531.63;79196.89;327.0
3404;70532.78;79195.88;327.0
2535;70534.22;79194.89;327.0
2967;70534.22;79194.89;326.0
3371;70535.37;79194.0;326.0
3543;70537.25;79194.43;326.0
26;70538.81;79195.15;326.0
3325;70540.12;79195.8;326.0
1838;70541.94;79196.32;326.0
2268;70541.94;79196.32;325.0
3865;70543.25;79197.24;325.0
4244;70544.0;79198.25;325.0
4340;70544.7;79198.93;325.0
2438;70545.34;79199.66;325.0
1310;70546.7;79198.79;325.0
327;70546.7;79198.79;324.0
2368;70547.86;79198.15;324.0
2820;70549.17;79197.53;324.0
2190;70549.34;79196.59;324.0
3396;70550.01;79195.81;324.0
546;70550.49;79196.63;324.0
628;70550.58;79197.61;324.0
3984;70550.58;79197.61;323.0
3721;70550.79;79198.18;323.0
2577;70551.54;79199.86;323.0
3765;70552.55;79200.38;323.0
526;70553.92;79200.78;323.0
3837;70555.35;79201.93;323.0
2831;70555.35;79201.93;322.0
2314;70556.39;79202.19;322.0
4331;70557.25;79202.58;322.0
1919;70558.2;79203.1;322.0
652;70558.74;79203.32;322.0
3496;70558.96;79203.65;322.0
622;70559.0;79204.21;322.0
2455;70560.37;79204.72;322.0
2638;70561.07;79204.12;322.0
1978;70561.33;79203.47;322.0
958;70561.33;79203.47;321.0
891;70562.15;79204.35;321.0
3158;70562.66;79204.96;321.0
3849;70563.74;79206.01;321.0
3174;70564.41;79206.86;321.0
1122;70565.01;79207.33;321.0
2220;70565.43;79207.8;321.0
2664;70565.43;79207.8;320.0
4266;70567.03;79206.42;320.0
747;70567.97;79205.25;320.0
4117;70567.97;79205.25;319.0
753;70568.45;79204.19;319.0
3564;70569.27;79203.54;319.0
4352;70570.61;79202.49;319.0
392;70570.61;79202.49;318.0
839;70571.88;79201.34;318.0
1259;70571.88;79201.34;317.5
2082;70572.91;79200.52;317.5
1140;70574.14;79199.75;317.5
3848;70575.34;79198.86;317.5
300;70575.41;79197.6;317.5
303;70575.41;79197.6;317.0
4037;70575.91;79196.56;317.0
3578;70576.44;79195.15;317.0
2264;70577.25;79194.99;317.0
3247;70578.56;79194.32;317.0
1981;70579.75;79193.62;317.0
2856;70579.82;79192.97;317.0
1322;70581.36;79189.71;317.0
1771;70581.36;79189.71;316.5
2680;70580.56;79187.8;316.5
3439;70580.05;79186.68;316.5
1417;70580.39;79185.08;316.5
2802;70579.9;79183.53;316.5
3805;70579.9;79183.53;317.5
2804;70579.9;79183.53;316.0
1640;70579.37;79182.4;316.0
1226;70578.99;79180.84;316.0
65;70578.75;79179.7;316.0
2301;70579.9;79177.65;316.0
2037;70580.66;79175.92;316.0
3012;70581.61;79174.21;316.0
2039;70581.61;79174.21;315.0
1830;70582.19;79172.93;315.0
1615;70582.8;79171.69;315.0
3310;70583.6;79171.1;315.0
1124;70585.33;79172.94;315.0
3147;70587.08;79174.37;315.0
2156;70587.08;79174.37;314.0
726;70587.89;79175.63;314.0
3435;70589.01;79177.16;314.0
3867;70589.01;79177.16;313.5
1499;70589.56;79178.18;313.5
1423;70590.8;79179.99;313.5
3120;70591.27;79180.81;313.5
2498;70592.13;79182.82;313.5
3625;70593.45;79185.08;313.5
3243;70594.17;79186.17;313.5
3678;70594.17;79186.17;312.75
3121;70595.62;79187.28;312.75
1697;70596.4;79188.04;312.75
3145;70595.32;79190.38;312.75
1203;70596.1;79192.98;312.75
2136;70596.86;79194.81;312.75
2247;70597.3;79196.11;312.75
2248;70597.3;79196.11;312.25
2100;70597.25;79198.28;312.25
415;70597.12;79199.84;312.25
775;70598.1;79200.39;312.25
124;70599.23;79201.24;312.25
2031;70603.2;79201.59;312.25
875;70605.92;79202.04;312.25
3131;70608.49;79202.08;312.25
1159;70610.78;79202.2;312.25
3110;70612.66;79202.64;312.25
3189;70613.29;79202.6;312.25
488;70614.66;79204.19;312.25
2483;70616.13;79206.32;312.25
1180;70616.95;79206.97;312.25
203;70616.95;79206.97;311.75
2822;70617.67;79207.91;311.75
3334;70617.03;79209.51;311.75
926;70615.9;79210.96;311.75
3264;70614.5;79212.64;311.75
1358;70614.59;79213.31;311.75
173;70614.39;79214.52;311.75
3417;70613.86;79216.35;311.75
4252;70613.43;79218.25;311.75
4253;70613.43;79218.25;311.25
3451;70612.59;79221.2;311.25
3679;70611.53;79222.12;311.25
3393;70611.04;79223.71;311.25
3815;70611.04;79223.71;310.25
3875;70609.73;79223.59;310.25
4013;70608.79;79224.81;310.25
1155;70608.07;79226.0;310.25
1496;70608.08;79227.28;310.25
1715;70606.88;79227.79;310.25
3897;70605.34;79228.93;310.25
2637;70604.16;79231.01;310.25
1302;70604.16;79231.95;310.25
3999;70605.67;79233.21;310.25
571;70607.26;79233.52;310.25
1148;70607.96;79234.12;310.25
1321;70608.75;79235.08;310.25
337;70608.75;79235.08;309.75
3385;70609.54;79236.13;309.75
2290;70610.73;79235.28;309.75
4254;70612.24;79234.52;309.75
315;70612.24;79234.52;308.75
3853;70613.63;79233.82;308.75
2467;70615.04;79232.46;308.75
1440;70615.04;79232.46;307.75
2874;70615.8;79231.9;307.75
1741;70615.8;79231.9;303.25
3759;70616.83;79232.96;303.25
2869;70617.71;79233.35;303.25
2095;70618.65;79234.19;303.25
1702;70619.69;79234.17;303.25
2449;70619.69;79234.17;285.25
3067;70621.29;79233.45;285.25
1436;70622.22;79233.57;285.25
1227;70622.61;79233.59;285.25
4126;70622.87;79233.52;285.25
2968;70623.28;79233.65;285.25
364;70624.32;79233.69;285.25
2116;70626.01;79233.94;285.25
1217;70626.09;79232.11;285.25
3941;70625.52;79230.64;285.25
2941;70625.52;79230.64;284.75
1800;70624.6;79229.73;284.75
127;70620.76;79228.39;284.75
1708;70619.4;79227.98;284.75
2041;70617.74;79227.66;284.75
2042;70617.74;79227.66;284.25
3425;70618.35;79225.44;284.25
894;70619.08;79223.42;284.25
4291;70619.08;79223.42;283.25
2633;70619.28;79221.62;283.25
2669;70619.46;79220.37;283.25
3085;70619.46;79220.37;282.75
1765;70619.84;79218.7;282.75
3576;70618.74;79217.37;282.75
2576;70618.74;79217.37;281.75
1842;70618.88;79216.11;281.75
371;70619.5;79215.05;281.75
1813;70620.18;79213.89;281.75
2506;70620.2;79212.91;281.75
2850;70621.14;79212.51;281.75
665;70621.78;79212.11;281.75
4225;70622.07;79211.01;281.75
1389;70622.67;79208.57;281.75
1390;70622.67;79208.57;281.25
772;70623.34;79207.59;281.25
4247;70238.69;78854.05;335.8
3651;70238.69;78854.05;333.8
3648;70240.57;78854.74;333.8
2665;70240.57;78854.74;332.3
2942;70242.09;78855.53;332.3
1952;70242.09;78855.53;331.3
3707;70243.23;78856.37;331.3
2718;70243.23;78856.37;330.8
312;70244.35;78857.04;330.8
313;70244.35;78857.04;330.3
2563;70245.7;78858.27;330.3
1410;70245.7;78858.27;326.3
483;70250.02;78861.07;326.3
2224;70250.02;78861.07;309.3
2566;70251.73;78862.72;309.3
1451;70252.9;78861.34;309.3
2143;70251.73;78862.72;310.3
938;70250.48;78859.23;309.3
1012;70252.9;78861.34;310.3
2914;70250.48;78859.23;307.3
1548;70248.86;78858.27;307.3
2002;70248.86;78858.27;306.3
2319;70247.24;78857.3;306.3
1826;70247.24;78857.3;305.1
46;70245.84;78856.09;305.1
277;70245.84;78856.09;303.9
3161;70244.45;78854.88;303.9
2284;70244.45;78854.88;302.4
4102;70242.89;78853.47;302.4
1371;70240.87;78851.36;302.4
590;70240.87;78851.36;302.1
3445;70237.56;78847.4;302.1
3877;70237.56;78847.4;301.1
77;70234.48;78843.69;301.1
4260;70234.48;78843.69;300.4
4245;70230.47;78839.83;300.4
3097;70226.41;78836.05;300.4
1330;70223.58;78833.13;300.4
3341;70221.33;78830.97;300.4
324;70218.85;78829.18;300.4
155;70216.55;78827.41;300.4
194;70216.71;78827.03;300.4
2978;70216.71;78827.03;297.4
174;70217.15;78826.33;297.4
2386;70215.4;78824.66;297.4
4179;70215.4;78824.66;293.4
3076;70142.98;78755.7;293.4
3194;70253.43;78864.11;310.3
2003;70253.43;78864.11;316.3
2909;70255.45;78865.44;316.3
4221;70257.31;78866.5;316.3
3236;70257.82;78867.3;316.3
282;70257.82;78867.3;328.0
1034;70259.37;78869.11;328.0
1516;70261.85;78870.84;328.0
3196;70263.78;78872.45;328.0
508;70265.12;78873.42;328.0
1253;70267.26;78874.8;328.0
707;70267.26;78874.8;326.0
988;70254.39;78862.4;310.3
1558;70254.39;78862.4;312.8
2302;70255.91;78863.43;312.8
3452;70258.71;78865.13;312.8
2761;70261.09;78866.6;312.8
2332;70263.47;78868.49;312.8
2406;70263.47;78868.49;313.1
2786;70265.15;78869.79;313.1
1907;70266.54;78870.92;313.1
2782;70550.0;79030.0;313.0
1804;70550.36;79029.77;312.9
4326;70549.45;79030.1;312.9
3645;70550.04;79030.29;312.79
1917;70550.23;79029.98;312.94
4158;70549.64;79030.02;312.03
2859;70550.41;79029.71;312.04
264;70549.94;79030.29;308.91
853;70551.05;79029.63;308.47
1782;70550.23;79029.59;311.78
719;70549.59;79029.49;309.75
2716;70550.4;79030.48;308.79
899;70551.04;79029.59;308.14
1568;70551.16;79029.55;308.83
2973;70551.1;79030.06;308.49
3170;70552.37;79029.06;308.33
10;70552.65;79030.0;308.31
2891;70557.62;79029.82;307.61
3266;70556.56;79028.85;307.98
602;70557.57;79029.81;307.99
2154;70557.64;79029.77;307.0
1342;70557.83;79029.94;307.52
555;70556.04;79030.52;307.74
2477;70555.27;79029.48;308.17
663;70559.58;79027.51;307.07
2357;70559.51;79028.17;307.1
1835;70560.67;79026.76;306.31
2815;70560.68;79026.69;307.75
619;70561.72;79026.11;306.38
541;70560.95;79026.93;306.36
2660;70560.3;79026.74;306.3
2416;70560.83;79026.46;305.92
3885;70560.28;79023.74;305.53
2543;70560.36;79024.0;306.58
2286;70560.37;79023.75;305.12
759;70561.1;79024.35;305.48
2640;70559.4;79024.07;305.75
3088;70559.56;79025.48;306.04
1141;70560.91;79025.12;305.73
2719;70562.51;79021.01;304.93
1343;70562.53;79021.95;305.08
4272;70560.38;79023.65;305.51
1627;70563.57;79020.62;304.82
2748;70564.19;79020.15;304.64
538;70564.18;79020.14;304.82
1448;70564.19;79020.16;304.47
1961;70564.17;79020.75;304.64
2895;70563.17;79020.03;304.82
2170;70563.36;79019.6;304.78
4175;70563.17;79019.14;304.93
1479;69858.3;77644.92;276.36
414;69858.3;77644.92;274.06
1298;69847.03;77642.72;290.86
1578;69847.86;77645.54;290.24
1706;69848.3;77647.04;293.7
2373;69845.98;77641.39;290.86
1055;69847.01;77643.36;294.97
190;69845.42;77639.07;295.37
2448;69842.6;77639.16;304.72
3729;69841.91;77637.07;304.72
1905;69837.65;77634.44;304.72
2106;69841.91;77637.07;300.92
83;69827.4;77651.56;281.56
620;69827.33;77650.58;281.74
3258;69334.15;76694.63;245.31
434;69334.9;76694.26;245.26
556;69329.91;76697.65;244.88
2165;69335.73;76694.21;245.31
3839;69333.39;76692.21;246.91
3806;69334.64;76690.92;245.22
3494;69332.97;76687.21;245.63
648;69332.14;76686.03;245.54
3491;69329.18;76684.35;245.78
1059;69328.84;76684.79;247.78
2730;69326.04;76681.3;248.88
3398;69322.96;76678.49;249.79
1345;69318.11;76669.28;245.85
1948;69313.55;76667.54;246.0
2104;69312.86;76666.86;246.02
3060;69306.92;76659.67;246.28
3073;69307.4;76654.35;246.36
480;69306.95;76650.32;246.41
482;69303.82;76645.19;246.61
223;69304.55;76642.09;246.61
2004;69307.59;76637.83;246.87
954;69303.67;76630.37;247.35
3987;69300.16;76621.63;248.43
1742;69320.62;76604.66;250.53
1056;69321.56;76602.49;250.76
850;69322.89;76598.53;250.68
1359;69327.32;76597.0;251.63
3959;69330.52;76597.83;251.53
1123;69337.07;76595.55;250.89
3741;69346.7;76594.65;250.12
1430;69348.84;76590.52;250.17
3422;69349.2;76589.22;250.38
1233;69351.04;76584.57;251.01
1888;69350.98;76573.07;253.37
2760;69353.81;76574.48;251.85
439;69363.96;76583.23;249.51
290;69377.04;76591.61;248.55
2810;69383.07;76595.99;247.89
4302;69385.04;76596.35;247.9
2870;69385.88;76597.43;247.89
3143;69391.87;76596.28;247.83
362;69396.54;76592.6;248.31
3223;69407.43;76584.6;248.28
3813;69413.22;76579.71;248.76
375;69415.48;76577.9;249.02
3787;69419.93;76574.88;249.09
1681;69424.88;76568.73;249.28
4143;69428.35;76564.83;249.34
2413;69427.22;76556.84;250.68
3975;69425.81;76553.79;250.6
1891;69404.75;76543.5;251.67
2126;69405.96;76538.65;251.68
708;69408.66;76537.63;251.72
2556;69419.45;76535.47;251.19
3809;69428.77;76535.28;250.61
2998;69441.58;76532.91;250.58
1628;69447.55;76536.1;250.94
245;69447.63;76540.26;251.5
3328;69447.82;76549.46;250.77
4371;69455.25;76557.11;248.78
4213;69459.87;76563.44;247.93
1752;69464.68;76567.63;247.79
3443;69477.45;76572.96;246.98
2201;69483.21;76584.64;246.4
4319;69487.15;76586.43;246.38
1906;69490.89;76588.87;246.25
987;69494.24;76589.09;246.37
3554;69500.54;76585.58;246.85
3711;69500.59;76585.7;246.89
489;69500.68;76585.07;246.98
804;69500.15;76587.59;247.0
1454;69295.9;76727.19;244.06
333;69300.45;76720.06;244.28
2827;69291.62;76735.11;244.06
1566;69298.62;76734.55;244.02
215;69309.7;76714.86;244.31
831;69312.64;76711.54;244.24
989;69316.42;76708.42;244.36
2087;69319.38;76705.97;244.7
2888;69325.05;76701.64;244.72
2245;69327.88;76699.22;244.85
199;69531.27;76571.41;251.3
985;69529.61;76571.41;251.08
1783;69534.06;76570.39;250.86
266;69530.92;76572.8;251.01
1684;69528.23;76572.49;249.79
4378;69522.32;76575.61;248.59
1251;69516.0;76576.37;248.18
2565;69513.46;76577.47;247.57
1971;69507.68;76580.52;247.58
365;69504.71;76581.46;247.57
1108;69535.31;76570.46;250.86
686;69540.65;76571.53;250.89
188;69548.75;76571.73;248.39
1600;69555.24;76572.23;249.0
257;69557.21;76572.47;248.71
3995;69562.93;76573.41;250.73
3814;69566.96;76575.64;250.29
4230;69570.6;76578.46;252.81
3692;69572.14;76581.39;251.48
3739;69505.36;76608.28;248.04
3381;69502.69;76613.48;246.55
1797;69506.52;76607.96;247.66
3465;69506.08;76609.25;247.5
3320;69503.48;76606.7;248.44
2629;69508.59;76610.96;251.74
2701;69492.69;76616.45;245.91
978;69480.85;76616.73;246.09
92;69472.44;76618.47;245.91
3633;69457.58;76626.85;246.24
1608;69452.1;76629.63;246.28
3395;69440.39;76631.78;246.31
1707;69437.24;76634.58;246.35
1089;69435.4;76637.46;246.26
3254;69434.42;76642.61;246.02
932;69433.44;76644.63;246.12
2958;69430.24;76648.14;246.25
3657;69427.86;76650.1;246.38
3372;69424.77;76651.42;246.6
1773;69420.14;76653.21;246.22
3389;69412.43;76650.95;246.34
2602;69403.63;76649.81;246.18
2074;69399.49;76649.32;247.24
478;69397.99;76650.58;247.56
361;69394.15;76653.67;246.7
4205;69393.61;76654.51;246.7
4274;69393.29;76655.6;246.67
2604;69389.91;76658.41;246.7
2627;69386.91;76661.18;247.34
3775;69384.17;76661.93;247.14
4365;69379.41;76663.95;247.87
2093;69377.61;76664.83;247.68
4070;69371.31;76668.59;247.64
4235;69367.04;76671.9;245.79
2811;69360.37;76676.54;245.56
732;69353.47;76682.5;246.24
3638;69346.7;76686.54;245.31
999;69339.34;76690.76;245.67
1161;69534.11;76580.8;247.81
2374;69534.09;76580.5;247.8
3591;69532.91;76582.25;247.76
2405;69545.57;76587.69;247.97
273;69530.75;76574.33;250.02
943;69528.88;76586.26;247.42
1799;69527.15;76588.01;246.58
234;69524.79;76589.52;246.25
3933;69519.63;76593.19;246.61
118;69519.17;76597.0;245.76
2643;69515.28;76601.86;245.42
1126;69514.29;76604.59;245.17
3659;69513.52;76605.27;245.23
3777;69512.6;76605.28;246.13
4207;69510.12;76605.34;246.32
2606;69507.86;76607.51;247.78
3282;69574.04;76589.91;247.69
3111;69568.22;76590.33;247.95
1609;69574.15;76585.47;248.88
2567;69583.32;76604.71;247.3
260;69561.69;76593.38;248.68
3397;69557.86;76595.02;248.73
1937;69555.58;76594.63;249.71
212;69554.76;76594.32;249.8
3204;69552.6;76593.04;249.59
4279;69550.56;76591.21;249.39
491;69548.02;76590.3;249.28
1206;69546.87;76589.76;248.87
3480;69571.47;76581.93;250.64
859;69571.75;76582.71;249.07
2460;69510.25;76611.84;247.79
2787;69511.83;76619.4;248.74
2379;69514.77;76621.61;248.12
2346;69520.88;76620.98;245.44
427;69523.63;76618.46;244.79
834;69527.87;76616.27;244.92
1954;69534.39;76616.18;244.93
3828;69540.86;76619.89;244.72
1551;69546.95;76622.7;244.71
1305;69554.1;76641.03;243.89
2130;69556.5;76644.34;244.25
1666;69560.4;76644.76;245.06
1489;69564.94;76644.84;246.47
3670;69565.61;76650.39;246.12
4227;69568.55;76653.66;246.09
1610;69573.23;76653.66;245.6
4066;69574.14;76654.8;245.47
3467;69574.42;76653.94;244.34
1518;69577.13;76649.76;244.7
2380;69589.14;76647.07;244.42
2798;69604.16;76650.47;244.32
2389;69604.11;76647.08;244.4
724;69600.5;76638.97;245.08
1084;69597.14;76635.14;245.34
41;69593.93;76628.26;245.62
2478;69594.65;76618.26;246.29
3613;69592.87;76614.81;246.27
800;69585.42;76607.1;246.94
4128;69503.15;76605.33;249.1
3086;69500.78;76601.55;249.41
3526;69497.8;76598.28;248.63
2881;69496.55;76596.65;247.93
1616;69495.88;76595.32;247.62
1396;69496.28;76592.62;247.12
2336;69497.74;76590.43;246.97
3219;69225.19;76749.44;244.08
241;69220.66;76751.27;243.63
4043;69227.07;76751.02;244.01
1755;69228.99;76744.8;244.08
2052;69217.17;76753.07;243.61
17;69211.77;76750.88;243.66
3607;69202.24;76748.5;244.06
720;69198.45;76744.03;244.45
2272;69192.64;76743.46;244.48
531;69187.17;76741.58;245.26
2450;69179.34;76741.07;249.38
1381;69178.49;76742.52;250.42
1858;69169.01;76747.2;247.74
3532;69163.55;76749.37;247.19
123;69161.95;76753.03;246.71
2805;69162.58;76758.9;245.6
3405;69161.61;76761.75;245.33
4346;69151.13;76759.12;244.79
3883;69143.82;76762.0;243.94
3343;69142.74;76763.69;243.88
204;69139.56;76773.13;244.17
71;69129.76;76774.2;244.18
906;69125.91;76774.33;244.2
4287;69120.58;76771.95;244.26
2090;69114.94;76768.1;244.33
3208;69100.3;76765.76;244.36
833;69092.45;76765.94;244.38
1579;69077.65;76764.9;244.41
1017;69075.16;76763.52;244.47
1460;69071.2;76766.49;244.44
2500;69067.1;76770.82;244.4
920;69061.44;76769.43;244.44
33;69057.05;76771.66;244.42
924;69057.12;76775.66;244.14
2768;69049.15;76779.61;244.59
4151;69047.0;76782.88;243.71
1081;69044.2;76789.27;243.88
4383;69040.43;76789.75;243.2
4087;69039.0;76791.1;243.37
2751;69046.7;76806.42;243.01
2078;69041.43;76809.08;243.41
1146;69041.45;76809.08;251.27
3520;69040.1;76811.58;250.23
866;69037.24;76816.81;249.54
2872;69032.63;76820.28;244.05
3572;69032.41;76817.7;242.66
1938;69027.42;76814.91;241.57
2975;69020.57;76815.08;241.47
3778;69015.78;76815.65;240.87
3248;69005.97;76814.99;241.42
1951;68999.52;76810.57;241.77
3972;68993.11;76808.36;242.67
2019;68988.27;76808.51;242.52
3743;68976.48;76809.77;242.95
709;68968.96;76807.9;244.1
3074;68964.12;76807.62;244.13
3210;68959.93;76810.23;244.1
1031;68941.41;76817.32;244.09
1265;68922.33;76822.77;244.08
2480;68920.54;76823.39;244.08
4089;68913.4;76820.19;244.14
4108;68905.84;76822.42;244.13
742;68903.99;76822.36;244.16
1415;68894.46;76819.98;244.2
2327;68885.51;76815.96;244.26
4079;68881.51;76813.22;244.33
295;68876.75;76821.96;243.92
3357;68881.08;76811.95;244.43
3311;68874.04;76824.86;243.6
3785;68872.6;76830.68;243.43
4249;68877.14;76834.83;243.61
1028;68862.63;76829.92;243.43
2788;68887.14;76844.23;243.7
319;68889.79;76851.86;243.7
1437;68890.42;76855.34;243.81
1177;68896.93;76863.14;243.7
1756;68901.53;76867.19;243.18
1228;68904.85;76873.98;242.48
901;68907.58;76881.04;242.19
1636;68918.83;76891.26;241.07
4130;68926.75;76897.55;239.94
3898;68936.85;76898.61;239.77
2072;68941.67;76896.94;239.76
3744;68945.65;76892.44;240.21
4214;68950.29;76887.16;240.36
903;68952.69;76885.32;240.03
2094;68967.25;76876.24;240.3
966;68981.99;76869.67;240.68
2353;69006.05;76877.36;240.63
953;69017.52;76881.49;240.48
3125;69029.42;76884.0;240.22
3384;69033.56;76884.34;240.44
3420;69042.3;76887.15;240.59
4343;69046.12;76885.7;240.68
2880;69052.27;76885.64;240.59
500;69058.91;76881.06;240.76
1634;69060.74;76880.11;240.74
3028;69064.68;76879.07;241.23
1510;69074.06;76875.32;240.82
754;69078.88;76871.77;241.68
1218;69084.49;76868.34;241.65
2929;69086.13;76865.43;242.59
2431;69091.53;76861.73;243.06
2035;69093.95;76859.23;242.51
3525;69106.37;76850.57;242.18
449;69109.99;76847.28;240.94
1085;69112.19;76845.47;241.9
4189;69119.75;76840.43;242.07
2122;69124.75;76841.7;241.91
1192;69127.61;76840.59;242.29
2507;69139.78;76835.7;242.38
4342;69145.02;76831.06;241.54
242;69154.84;76823.98;241.9
2391;69160.49;76818.97;241.76
4255;69163.04;76816.85;242.92
2018;69172.21;76808.95;242.88
1747;69175.65;76806.81;242.95
2948;69179.98;76804.19;242.92
655;69184.06;76801.21;243.09
1299;69185.99;76798.29;243.03
3587;69191.52;76792.45;243.19
3075;69199.53;76794.01;243.02
59;69208.67;76793.73;243.04
3358;69217.81;76794.22;243.06
430;69220.29;76792.46;243.03
4172;69220.66;76791.86;243.67
459;69220.11;76789.93;243.4
1894;69219.47;76788.02;243.34
1349;69220.72;76782.16;243.47
3746;69227.48;76776.15;244.03
2428;69225.81;76772.51;243.77
1657;69230.55;76768.76;243.63
2994;69230.77;76767.8;243.66
3615;69231.14;76765.85;243.5
2452;69230.59;76762.41;243.83
1728;69229.74;76753.97;244.16
3816;69237.82;76743.14;243.61
1767;69243.79;76743.59;244.03
2666;69246.31;76740.52;243.61
3996;69248.7;76732.9;243.05
2436;69255.98;76736.2;243.33
3477;69261.63;76738.18;243.64
3329;69271.39;76740.32;243.29
612;69278.88;76737.5;243.15
2614;69328.0;76773.08;243.63
609;69324.89;76769.49;243.79
2533;69333.57;76775.43;244.58
3188;69327.23;76778.12;241.37
2430;69322.59;76767.48;243.71
822;69318.8;76765.15;243.83
408;69316.71;76762.89;243.55
1555;69307.69;76752.07;243.7
3930;69305.13;76745.1;243.72
1580;69664.21;77042.58;214.49
455;69659.79;77034.5;214.64
2025;69677.87;77056.97;211.92
3829;69675.32;77053.86;214.04
4056;69644.17;77007.98;219.88
3944;69638.95;77002.55;219.69
416;69624.87;76985.23;223.5
4141;69617.46;76977.87;223.32
2479;69608.91;76963.68;224.68
3241;69591.28;76934.67;231.74
1026;69583.14;76921.16;232.94
2115;69573.67;76910.76;233.75
2889;69575.69;76912.51;231.52
3738;69563.58;76903.4;232.78
2808;69549.05;76894.0;234.58
1837;69523.1;76878.26;240.84
3132;69511.19;76867.79;242.23
2834;69499.55;76859.8;242.89
659;69476.12;76845.48;248.06
4040;69470.06;76841.48;247.07
2219;69456.49;76832.89;248.13
3087;69439.79;76820.08;250.24
3364;69436.81;76817.74;249.32
3671;69425.94;76809.36;249.66
733;69410.18;76792.83;253.15
3238;69403.52;76789.74;252.08
3039;69390.84;76787.33;251.1
2884;69381.67;76788.26;249.3
3190;69370.62;76787.04;248.27
3283;69361.56;76783.46;247.48
4295;69349.67;76776.06;247.96
4344;69341.35;76777.45;245.69
1461;69707.47;77107.65;216.61
696;69706.21;77099.46;216.32
3949;69707.06;77107.43;217.91
379;69710.46;77117.61;216.32
3497;69707.89;77098.08;214.71
1027;69708.9;77084.35;213.86
1083;69709.38;77083.91;212.94
4341;69695.08;77075.28;214.47
6;69693.18;77071.5;214.44
1851;69692.0;77069.25;213.35
3929;69690.13;77064.66;211.92
1431;69703.15;77104.99;219.1
304;69698.51;77104.7;220.72
2766;69692.1;77104.13;222.49
1092;69683.78;77105.2;225.11
3126;69680.72;77105.62;228.03
2105;69672.78;77096.78;228.57
657;69669.59;77093.89;227.7
2204;69647.94;77086.43;228.88
3990;69643.15;77084.42;229.94
332;69641.09;77083.5;230.75
4296;69634.36;77078.56;231.3
725;69627.85;77076.42;232.87
2144;69621.56;77069.43;232.98
441;69628.0;77077.91;232.87
616;69615.79;77060.62;233.4
2855;69603.69;77054.5;233.63
323;69600.3;77053.16;234.58
1294;69573.74;77038.06;232.4
2148;69568.98;77028.46;232.51
396;69556.81;77022.49;232.89
1272;69545.12;77017.12;233.65
2157;69536.34;76999.66;232.92
246;69528.69;76992.87;233.2
4029;69526.87;76991.95;234.25
4345;69520.75;76988.39;234.71
2972;69510.48;76985.73;236.55
70;69495.61;76979.02;238.01
1038;69483.68;76968.19;237.97
4149;69465.85;76957.21;235.72
50;69455.93;76947.25;235.63
1790;69448.36;76938.84;235.36
3961;69441.3;76933.5;235.75
3116;69431.14;76931.23;236.64
4228;69411.07;76914.12;231.95
4203;69405.25;76906.71;231.91
4160;69400.45;76898.88;232.03
3089;69397.39;76893.76;233.06
878;69382.8;76872.15;228.75
2860;69373.9;76865.39;228.83
4275;69371.83;76856.08;230.22
3714;69369.48;76850.99;231.43
440;69367.8;76848.6;232.38
613;69356.98;76838.44;231.92
918;69342.32;76828.48;231.08
3617;69331.74;76822.15;230.75
3056;69328.78;76818.9;231.92
1569;69326.9;76816.79;232.58
2976;69324.37;76810.49;233.29
626;69327.42;76801.26;235.62
2824;69328.59;76797.68;237.9
296;69327.85;76782.44;239.71
3152;69806.18;77208.72;235.66
735;69806.45;77205.03;232.56
1524;69810.9;77220.54;231.94
1812;69807.16;77216.05;232.35
832;69803.09;77199.06;233.12
2598;69812.85;77192.6;233.46
1254;69818.48;77188.8;233.8
2369;69823.62;77183.05;233.73
3878;69823.64;77183.08;235.66
3502;69824.97;77178.24;233.53
4169;69805.08;77160.15;236.63
1844;69805.1;77160.17;235.55
3230;69803.14;77156.01;231.71
2048;69801.31;77151.51;231.95
3069;69797.19;77148.73;231.85
2015;69787.73;77134.79;231.79
280;69785.86;77124.15;232.11
3410;69786.55;77115.41;231.93
2839;69788.05;77113.02;231.68
3844;69787.66;77110.28;230.95
2626;69787.24;77109.46;230.69
2515;69788.47;77100.32;231.08
502;69792.26;77117.37;232.29
2347;69785.64;77097.57;231.37
3927;69778.29;77096.31;231.34
4250;69768.97;77094.96;231.81
1490;69768.0;77093.89;231.38
2838;69766.94;77081.15;231.88
2489;69772.28;77076.82;232.68
1235;69762.28;77062.06;232.86
2687;69759.28;77057.65;231.74
3968;69755.41;77056.76;231.6
2382;69765.35;77052.47;232.24
3548;69751.57;77057.04;232.42
2762;69746.6;77056.97;232.25
532;69743.62;77056.93;232.08
562;69732.23;77061.12;231.78
463;69725.87;77064.31;231.53
3033;69722.4;77066.53;231.3
1449;69717.08;77071.43;231.04
2836;69706.99;77080.93;230.64
3350;69702.51;77074.4;230.55
132;69698.96;77068.56;226.45
2851;69694.43;77062.17;220.29
677;69690.1;77055.84;213.92
4121;69682.71;77056.48;214.73
1214;69680.19;77053.76;213.22
178;69812.45;77230.1;230.47
569;69811.65;77234.8;229.97
2652;69805.61;77233.98;229.19
2772;69795.0;77231.74;229.37
3641;69789.79;77228.03;229.35
1356;69786.03;77227.56;229.25
1052;69786.11;77223.92;229.21
935;69785.99;77221.66;226.21
1535;69782.14;77211.6;218.44
3680;69782.44;77207.45;214.29
1181;69783.59;77203.08;214.08
1043;69778.9;77197.28;214.19
418;69774.23;77195.11;214.41
1397;69769.83;77194.05;213.86
1472;69748.48;77180.32;215.6
144;69744.45;77175.07;214.7
2110;69741.93;77162.12;215.07
131;69736.53;77153.94;215.73
2755;69727.22;77149.29;215.73
4265;69725.92;77147.69;215.48
1993;69722.95;77142.91;215.47
456;69716.4;77131.54;215.89
1803;69825.62;77494.82;240.09
2486;69828.2;77478.57;239.54
2721;69829.33;77497.39;240.61
1309;69824.29;77495.18;240.24
4229;69828.65;77457.06;239.0
352;69829.86;77443.67;238.1
3382;69831.39;77438.8;237.37
3673;69834.57;77428.04;236.91
1323;69838.1;77425.59;237.91
1435;69845.99;77424.54;236.65
373;69853.7;77419.34;235.6
912;69853.44;77418.28;235.24
2065;69855.87;77403.25;235.01
3365;69856.08;77400.48;234.02
1391;69852.29;77397.33;234.58
3220;69846.23;77386.76;234.85
3686;69853.53;77367.63;234.74
576;69860.36;77355.2;234.55
3285;69862.49;77352.52;234.23
3781;69867.38;77347.37;233.98
2795;69871.15;77347.91;233.02
557;69874.81;77349.74;225.04
354;69883.54;77351.75;225.06
4332;69885.91;77351.44;224.72
2468;69891.35;77345.13;224.53
501;69892.14;77335.84;223.98
3762;69892.68;77333.93;224.74
2274;69882.3;77314.16;225.72
1279;69875.96;77302.63;225.93
3812;69859.84;77280.1;228.02
1506;69856.79;77276.45;227.78
1446;69849.61;77264.42;228.26
2703;69842.26;77257.62;228.39
1036;69837.39;77249.45;228.85
216;69818.61;77231.36;231.27
3958;69835.18;77513.45;241.92
2570;69837.0;77511.73;240.77
1149;69829.98;77509.08;242.32
2297;69842.63;77524.91;241.74
3165;69837.54;77504.15;240.31
419;69821.55;77506.04;242.54
1255;69819.56;77504.21;242.32
3951;69816.55;77497.5;242.14
1353;69817.1;77495.95;240.83
2334;69821.69;77496.77;240.48
67;69835.48;77662.84;248.06
914;69846.51;77652.61;247.54
2304;69848.51;77640.61;247.28
2005;69849.72;77634.96;247.08
2493;69851.71;77603.71;246.46
3455;69852.72;77600.65;245.87
559;69869.19;77588.9;243.75
529;69885.29;77577.38;244.27
1232;69887.24;77556.13;241.36
773;69887.02;77544.78;241.39
3124;69882.21;77530.75;242.74
3117;69879.69;77528.5;243.07
2211;69874.37;77526.49;241.94
52;69854.96;77526.16;241.61
1880;69508.79;76614.46;251.74
2628;69511.25;76619.93;251.74
1109;69512.63;76620.53;251.74
2944;69510.55;76622.7;251.74
1825;69507.1;76626.31;251.74
3942;69507.1;76626.31;256.74
849;69332.2;76690.2;247.81
2047;69330.15;76688.91;248.41
577;69328.26;76688.24;248.31
2323;68878.91;76808.71;244.43
2470;68876.93;76806.06;244.43
2098;68874.17;76801.42;244.43
580;68873.58;76798.02;244.43
1091;68873.97;76795.87;244.63
1132;68875.06;76792.75;244.63
521;68876.41;76789.74;244.63
2600;68876.71;76785.75;244.63
1276;68853.53;76825.8;243.08
1759;68844.42;76821.68;243.25
2654;68839.7;76820.02;243.08
289;68832.49;76823.48;243.36
802;68830.79;76821.11;242.68
1743;68824.82;76821.69;242.89
3935;68815.82;76815.4;243.49
4046;68823.96;76819.89;242.89
1256;68809.5;76812.46;242.89
3727;68807.88;76811.29;242.79
3574;68805.55;76809.41;242.99
1791;68803.59;76809.75;242.89
1002;68799.61;76809.97;242.49
1521;68794.62;76809.8;242.49
1935;68789.98;76811.67;242.49
192;68829.55;76814.17;242.89
3453;68832.09;76811.08;242.89
4297;68832.59;76809.14;242.89
895;68831.51;76805.29;242.89
4061;68831.8;76803.49;243.71
3881;68834.62;76799.37;243.97
341;68833.56;76796.56;243.97
1176;68830.97;76791.15;243.97
1703;68828.64;76787.9;243.97
1645;68827.47;76786.28;243.97
3798;68831.32;76785.2;243.97
1069;68836.73;76782.6;243.97
785;68841.58;76783.2;245.03
542;68846.04;76780.94;245.03
1182;68850.28;76778.3;245.13
2344;68857.16;76776.97;245.23
2289;68860.82;76773.57;245.43
406;68863.9;76769.64;245.33
84;68864.13;76770.08;245.33
196;68866.36;76768.95;245.33
213;68866.72;76765.98;245.43
2029;68874.29;76763.38;245.53
3035;68877.22;76762.71;245.63
980;68881.63;76765.07;245.73
1346;68884.41;76763.95;245.73
3198;68891.22;76765.53;245.93
1973;68893.42;76763.49;245.93
1806;68895.04;76762.32;245.93
108;68898.02;76759.64;246.03
790;68899.49;76758.32;246.33
1136;68900.85;76756.86;246.33
2774;68904.84;76753.85;246.53
4063;68907.7;76749.75;246.63
2324;68911.69;76746.74;246.63
3376;68919.67;76740.71;246.93
1051;68921.46;76739.84;246.93
2045;68932.64;76731.4;247.23
3893;68933.88;76722.49;247.23
838;68931.61;76718.04;247.53
4081;68930.68;76715.19;247.53
2985;68929.18;76711.49;247.73
2932;68927.59;76708.95;247.63
885;68923.38;76703.37;247.93
466;68923.1;76699.38;248.13
24;68922.85;76692.4;248.63
583;68918.16;76687.21;248.53
1994;68916.15;76684.98;248.53
2068;68917.27;76680.11;248.73
347;68919.31;76677.91;248.83
560;68920.87;76674.24;249.03
1931;68921.02;76671.24;249.13
18;68919.85;76667.42;249.23
4193;68916.21;76660.29;249.33
3521;68911.82;76645.96;249.73
393;68908.16;76642.55;249.83
3057;68901.45;76638.2;249.93
4204;68896.9;76629.3;250.13
128;68889.97;76628.33;250.23
4076;68887.12;76627.4;250.33
1735;68884.18;76628.03;250.33
4115;68875.25;76626.94;250.43
3366;68871.31;76623.87;250.53
816;68867.11;76621.15;250.53
1682;68862.48;76619.27;250.53
1344;68857.7;76617.81;250.43
3231;68853.98;76614.46;250.33
2733;68851.05;76610.41;250.23
102;68847.63;76601.02;250.33
1883;68846.09;76596.26;250.23
1111;68837.18;76591.72;250.13
2054;68833.35;76588.5;250.03
925;68824.53;76583.8;249.93
3695;68821.7;76580.97;249.93
4083;68818.82;76578.19;249.93
113;68815.22;76573.4;249.93
4165;68810.39;76574.69;249.63
2017;68808.6;76575.57;249.63
2750;68804.6;76575.42;249.53
2419;68795.37;76563.6;249.53
3758;69800.18;77122.62;232.19
445;69803.63;77126.14;232.99
4359;69806.84;77129.3;233.19
2743;69809.87;77133.88;233.19
1469;69813.01;77137.09;233.39
1596;69774.72;77048.97;232.14
852;69780.02;77046.22;232.74
3965;69787.53;77053.36;231.04
687;69789.73;77049.48;230.44
2821;69786.43;77038.99;230.64
1807;69781.37;77034.17;230.34
2265;69778.32;77026.79;230.84
1466;69776.74;77022.05;230.94
729;69773.42;77012.11;231.54
4091;69776.62;77006.47;232.04
4065;69776.85;77003.48;232.14
1282;69825.37;77174.27;233.73
4098;69826.78;77170.52;233.73
1257;69828.03;77169.7;233.73
1360;69827.54;77166.74;233.73
2155;69826.84;77161.29;233.93
2225;69826.88;77157.29;234.03
4026;69822.95;77151.54;234.73
2717;69820.48;77147.92;235.73
2392;69816.76;77144.73;234.73
3887;69632.29;77082.11;232.87
3289;69635.18;77084.08;232.87
