id;x;y;z
90112;449961.94;4796745.79;227.72
98305;449704.17;4796600.54;232.85
32771;449713.18;4796474.78;276.23
49156;449947.39;4797018.29;184.31
8198;450864.51;4797059.3;259.18
90118;449763.08;4796716.89;222.02
16396;450115.56;4797018.33;238.89
40972;450744.11;4796942.04;215.97
73746;450112.92;4796955.37;260.1
57362;449706.65;4796615.11;236.81
24597;450824.85;4797174.28;281.79
21;449877.75;4796801.66;196.69
16407;450112.86;4796939.18;242.01
16405;449584.43;4796927.29;174.85
98325;449590.73;4796385.49;194.42
16411;450866.51;4797068.46;255.84
81947;450632.03;4796923.54;245.9
57375;450289.0;4797096.19;236.76
98339;450755.35;4797146.34;198.14
40997;450841.18;4796959.28;229.37
32806;450774.37;4797109.65;239.85
81965;449763.08;4796716.89;234.92
24623;450600.85;4796811.68;247.16
65591;449890.32;4796877.16;227.23
73794;450875.09;4796947.32;245.2
57411;449632.97;4796488.67;192.41
98375;450140.48;4796934.01;241.68
8267;450794.5;4797222.31;262.42
73805;450092.7;4796997.8;237.92
8269;449838.29;4796832.01;229.37
41041;450158.95;4797064.79;239.5
65625;450030.21;4796761.2;233.85
82011;450723.43;4797013.69;189.65
57438;449257.52;4796636.9;191.81
98412;449949.91;4797095.65;185.19
109;450500.72;4796726.19;282.89
98414;450001.56;4796679.6;267.82
111;450194.88;4797054.27;237.77
115;449352.2;4796814.99;186.99
8308;449629.77;4796320.21;199.64
65655;449206.66;4796838.0;193.86
24697;449921.54;4796966.38;239.92
16507;449709.66;4796619.3;238.09
49275;449358.22;4796824.31;186.26
82043;450936.31;4797036.9;188.19
82045;450502.04;4796902.79;245.37
98438;449594.44;4796526.44;232.71
16519;449866.85;4796498.71;245.32
8326;449645.58;4796312.5;197.04
24716;450094.24;4796988.06;195.48
90262;450793.84;4797140.12;235.35
32918;449569.53;4796523.21;191.77
57496;450107.69;4796941.93;242.09
65690;449977.78;4797000.76;237.75
57498;449726.25;4796786.1;235.96
162;450754.49;4797016.06;240.34
8355;449872.21;4796953.87;189.38
32932;450586.21;4796840.94;261.2
98472;450289.04;4796753.73;278.91
57513;450139.09;4796974.19;251.52
57517;449575.45;4796473.9;244.77
8370;449242.94;4796844.82;190.85
8372;450000.93;4796684.56;266.04
41143;450129.17;4797017.76;239.69
57537;449908.2;4796543.77;240.7
24772;450125.59;4796953.54;205.62
49349;450412.47;4797066.56;235.93
65733;450820.59;4796971.15;252.1
16583;449642.11;4796850.57;234.52
32968;450073.92;4796944.53;202.16
98505;449759.73;4796573.88;231.85
32967;450042.16;4796770.68;249.06
82117;449975.52;4796599.23;276.65
90316;449898.12;4796773.39;196.8
8402;450069.91;4796955.91;197.31
82131;449573.53;4796919.07;173.81
41173;450118.52;4796964.64;204.98
98520;450783.37;4797129.46;285.94
82137;450680.07;4797076.38;235.33
24794;450507.58;4796917.59;263.73
65755;449568.97;4796811.51;232.53
49369;450104.88;4796970.36;204.62
41186;449911.67;4796924.07;198.31
49381;450753.45;4797136.92;195.97
32998;449990.38;4796886.11;206.69
65770;449562.58;4796814.4;233.9
98540;450141.78;4796939.55;242.79
90350;449364.27;4796828.21;185.63
57585;450841.08;4796965.16;213.19
49396;450013.37;4796991.99;237.71
73976;450101.5;4796959.43;208.18
16632;449268.59;4796636.36;191.58
33021;449870.81;4796499.69;264.81
253;450002.51;4796689.79;266.16
98567;450898.31;4796995.78;219.33
33033;450576.57;4797065.01;244.56
98573;450671.33;4797006.39;262.6
270;449937.74;4796960.58;188.09
8465;449783.08;4796523.1;214.4
65812;449942.39;4797073.62;184.73
74004;449682.03;4796577.73;232.04
24854;450875.23;4797075.3;248.04
49431;450661.94;4796996.27;274.8
276;449313.79;4796845.99;187.65
24861;449919.96;4796969.39;239.92
57630;450012.13;4797005.18;192.27
82209;450694.01;4797084.24;231.13
90402;449667.22;4796629.93;237.18
74021;450826.46;4797179.73;275.31
8486;450199.78;4797087.49;224.52
57639;450796.12;4796990.48;191.93
57640;450024.43;4796991.17;237.68
8488;449977.78;4796595.29;278.59
57642;450744.81;4797102.24;278.3
98603;450295.32;4797029.31;238.1
298;449732.45;4796748.08;231.67
49455;449905.94;4796959.13;189.6
74036;450887.37;4796939.22;249.26
49461;449795.68;4796852.45;222.51
33077;450135.1;4796983.86;251.32
8500;449606.85;4796358.69;195.56
49466;450715.78;4797074.5;276.33
98620;450786.78;4796932.37;239.37
57667;450107.95;4796944.28;242.2
8515;449198.79;4796693.6;154.25
33093;450121.8;4796890.95;227.91
33094;450224.63;4797008.84;238.05
82247;449869.33;4796522.1;281.27
90440;449626.83;4796320.17;196.37
98633;450229.78;4797061.95;237.53
16713;450763.21;4797171.37;242.28
41291;450380.72;4797055.87;236.64
65868;450943.82;4797015.5;193.39
65872;450041.76;4796958.55;241.15
65876;450099.53;4796985.35;190.32
74071;450787.28;4797121.78;238.42
8536;450870.25;4797108.54;233.31
16732;450516.71;4796904.94;263.73
82268;450889.87;4796939.81;250.57
65887;449523.25;4796461.06;268.8
8547;450325.59;4796776.45;246.95
16751;450134.29;4796908.62;220.32
57719;450804.16;4796988.88;191.79
65916;450860.55;4797173.87;237.37
74110;449916.16;4796927.83;196.59
65919;450547.23;4797118.05;237.46
8579;450837.58;4797138.16;231.15
24969;449669.43;4796506.56;270.4
16779;450865.68;4797109.62;236.97
16784;449723.96;4796479.93;329.59
33170;450744.43;4797204.3;244.09
8597;449904.09;4796955.32;187.97
90518;450687.65;4797010.01;199.73
33177;449967.04;4796934.33;239.96
49562;450012.75;4796994.82;200.96
411;450580.09;4797052.58;247.31
74141;449910.32;4796957.61;187.73
49567;450848.92;4796962.69;247.18
8611;450085.82;4796927.59;241.82
74147;450090.17;4796938.41;282.37
8615;449827.61;4796894.84;238.24
8616;449867.83;4796525.47;280.35
25002;450241.34;4796962.43;225.04
74156;450825.07;4796994.22;201.93
90541;449780.08;4796859.93;231.79
33201;449962.39;4796993.22;235.59
65974;449839.48;4796474.02;239.38
90552;450034.59;4797009.88;189.71
57790;450189.03;4797005.6;238.38
74174;449673.59;4796631.21;235.44
57792;449862.44;4796538.71;283.29
74177;450110.07;4796968.47;203.52
74179;450748.92;4796996.37;239.77
57796;449239.9;4796642.69;189.34
8651;450481.08;4796948.73;253.12
49611;450829.18;4797098.18;240.94
8652;449735.25;4796835.24;236.04
57807;450695.75;4796998.69;192.85
98768;450539.95;4796887.22;268.96
66002;450723.33;4797095.71;278.71
33241;449340.86;4796660.02;192.65
98779;449964.61;4796591.36;259.79
25052;450410.82;4796982.14;237.73
90590;450129.68;4797008.18;196.86
41439;450673.8;4797006.43;261.29
49631;450803.38;4797194.34;273.13
98783;450872.98;4797079.24;244.49
8673;449798.89;4796857.94;228.66
98785;449621.21;4796533.46;271.6
90598;449654.19;4796461.66;193.83
16871;450505.31;4796722.07;285.02
49640;450002.14;4796675.32;267.83
82410;450000.18;4796776.31;202.81
82413;449721.43;4796472.95;328.89
98799;449976.7;4796600.13;275.83
82415;449526.86;4796452.25;252.83
57843;450671.84;4797063.35;234.28
41462;450006.13;4796687.32;266.62
49655;449931.49;4796578.44;248.1
505;449635.11;4796517.22;271.62
90619;450002.66;4796677.51;268.28
41474;450792.99;4797139.2;238.4
515;450244.65;4796790.68;275.77
516;449735.57;4796680.18;235.55
16898;449960.1;4796762.37;245.1
90626;449307.67;4796852.83;188.0
16903;449957.0;4796742.5;238.81
520;449891.62;4796876.29;194.2
98825;450898.76;4796995.13;212.82
57866;450792.32;4797135.73;239.97
82435;449866.16;4796530.0;279.27
8716;450960.57;4796972.68;200.55
41484;449314.01;4796698.39;193.36
41488;450584.21;4796832.12;236.22
33305;450728.7;4797202.2;243.62
74267;449599.14;4796548.2;253.27
98846;450115.49;4797003.87;189.13
49697;449680.18;4796912.52;189.18
98850;449948.85;4796951.97;191.01
90659;449586.91;4796390.12;193.83
49701;450239.11;4796771.36;273.43
41512;449647.09;4796312.06;197.29
57899;450081.32;4796982.28;198.01
49707;449738.42;4796555.82;226.96
8749;449909.78;4796762.17;199.12
49710;449735.18;4796496.58;278.02
57905;449620.48;4796321.71;195.72
25138;450827.28;4796975.1;244.6
57911;449970.42;4796944.93;242.83
82489;449925.09;4796920.53;239.59
98874;450868.97;4797061.89;263.41
98875;449867.83;4796525.47;279.1
98878;449848.08;4796481.68;241.3
66111;450094.36;4797025.7;287.16
74304;449778.65;4796543.82;227.13
90686;449982.83;4796610.86;259.6
57924;449913.06;4796929.32;195.46
98889;450224.15;4797059.36;237.44
587;450602.08;4796809.13;244.33
57933;449879.61;4796504.83;284.17
49741;449922.58;4796561.02;246.9
41557;449597.5;4796535.66;267.29
66135;450867.86;4797142.59;236.13
66136;450134.36;4796918.79;241.43
25177;450225.54;4796999.57;210.63
74330;450775.95;4796927.84;242.24
66146;449622.54;4796505.11;217.16
8803;450700.88;4797071.68;245.2
613;450752.94;4797125.24;201.54
74344;450841.72;4797215.3;254.05
98923;449284.93;4796867.08;190.72
41584;450788.75;4796927.33;240.91
90737;450687.66;4797012.66;200.34
66163;450591.79;4797052.99;240.83
41597;450732.35;4796941.09;237.89
639;450115.82;4796956.7;274.51
74373;450132.79;4796956.74;261.81
90759;449564.11;4796910.8;164.73
98954;449888.26;4796814.2;195.94
82576;449971.42;4797013.08;186.19
49808;449979.13;4796889.65;206.49
66194;449984.29;4796746.69;243.42
66193;449229.58;4796651.85;160.81
58018;449341.11;4796803.43;188.99
82595;450871.18;4797122.74;235.32
90789;450729.03;4796948.7;236.87
677;449713.3;4796923.25;189.18
49833;450015.04;4796772.01;203.76
58027;450732.71;4797024.03;194.3
41643;450815.54;4797097.2;238.02
41647;450093.66;4797032.28;187.12
688;450695.45;4797094.73;215.13
25263;449918.06;4796576.55;269.03
41657;450057.55;4796771.37;249.8
74427;450048.56;4796770.26;238.88
99005;450099.37;4797032.55;256.94
25280;450771.48;4796942.2;240.35
99009;450437.21;4797216.94;241.06
82626;450858.83;4797178.27;257.06
66251;450396.31;4797029.46;237.79
66256;450781.35;4796936.4;238.54
99028;450725.43;4797084.85;280.66
8918;450076.0;4796786.0;262.0
25307;450222.87;4797096.39;236.75
90844;450212.97;4796995.2;230.24
17117;449208.61;4796618.36;163.18
82658;449586.06;4796932.57;182.74
41700;449726.58;4796477.93;332.66
58087;450024.3;4796700.89;214.92
99048;450618.64;4797011.44;244.11
49908;450440.71;4797217.05;240.88
49909;449589.97;4796813.0;234.88
41718;450862.08;4797118.21;239.12
82679;450057.39;4796952.45;194.6
66295;449873.44;4796512.47;283.03
58109;450001.13;4796962.88;193.81
82686;449898.09;4796781.87;197.53
82689;449914.81;4796924.66;202.07
17154;449936.11;4796770.13;243.03
25347;449233.05;4796621.49;164.48
33543;450628.27;4796944.51;242.27
8970;449741.1;4796922.73;189.18
25359;449726.51;4796655.33;233.03
49940;450182.74;4797012.97;238.4
17175;449766.22;4796523.94;279.99
74522;449834.1;4796838.13;231.22
795;449972.98;4796620.16;270.89
25372;450881.9;4797101.3;227.45
25378;450569.55;4796982.22;245.61
805;449715.4;4796467.74;269.06
812;450044.42;4796753.88;241.14
82738;449232.92;4796625.45;165.03
66355;450074.2;4796996.86;237.95
9010;449594.04;4796481.3;236.61
74553;450810.47;4797193.77;242.82
17213;449970.03;4796712.59;250.83
49982;450085.31;4796932.02;241.88
835;450776.05;4796941.77;240.0
66373;450762.3;4797012.05;193.64
17222;450916.34;4796995.54;251.0
9031;449899.64;4796967.41;189.35
90952;450209.39;4796979.51;239.27
25417;449714.85;4796461.9;274.23
843;450572.64;4796829.52;285.75
90958;450214.17;4797102.6;237.5
90960;449769.73;4796872.79;192.69
66388;450013.87;4796644.18;283.58
90965;449594.71;4796534.56;245.49
74590;450250.57;4797007.51;238.0
50014;450881.69;4796969.19;238.33
9057;449883.04;4796883.32;192.42
25441;450783.86;4797117.2;228.71
58211;450031.72;4796971.7;200.14
33636;450462.89;4796961.55;240.27
867;450132.71;4796901.24;226.08
41832;449890.91;4796835.31;194.23
58220;450815.45;4797123.3;238.45
17264;449993.08;4796984.14;193.51
99196;450390.48;4797191.64;243.1
74623;449266.0;4796637.02;192.4
58243;449644.27;4796523.4;271.55
82820;450581.03;4796829.06;242.03
74630;450003.7;4796671.17;268.61
17288;450932.46;4797020.75;191.68
41869;449909.38;4796530.22;215.72
82831;450230.8;4796994.73;224.4
99217;450263.32;4797028.21;238.18
41877;449796.3;4796862.92;234.96
25496;450491.45;4796709.16;283.92
33700;449963.09;4796993.82;199.45
33701;450205.62;4796993.32;236.35
933;450150.47;4796946.55;245.66
91047;450795.25;4797126.65;238.75
41894;450123.04;4796955.64;205.68
99240;449987.62;4796749.57;242.48
17323;450842.12;4796996.1;224.11
58286;450749.22;4797128.61;246.82
74671;450053.26;4796966.1;193.52
66480;450192.4;4796979.87;239.96
33721;449831.69;4796895.47;237.79
41914;449735.89;4796496.87;273.44
25532;449642.49;4796833.35;235.12
25533;450092.26;4797024.0;292.06
91068;450002.51;4796676.79;267.33
9151;449785.21;4796515.43;218.28
99265;449861.78;4796867.68;193.86
66499;449245.96;4796847.0;191.64
965;450048.84;4796769.65;241.41
58311;450693.83;4797097.4;232.79
99275;449723.14;4796480.42;328.2
82897;450872.07;4797076.79;248.95
25560;449325.28;4796664.32;191.08
50147;450843.42;4797001.27;230.86
91107;449865.55;4796497.76;244.89
50149;450786.38;4797146.87;242.62
50148;449643.04;4796482.8;192.67
58342;449665.27;4796479.04;217.1
17385;449543.42;4796901.15;171.93
74732;450092.81;4796942.55;283.66
17389;449978.96;4796607.74;260.76
91120;449999.85;4796714.3;253.64
50166;450239.6;4796960.25;224.75
25591;450875.03;4797077.88;249.23
25592;450114.7;4796946.49;206.15
17400;449719.1;4796479.24;275.73
74743;449597.84;4796309.77;196.17
9213;450788.44;4797251.69;262.95
58378;449970.35;4796767.27;243.68
1042;449730.08;4796653.77;231.13
9240;449810.59;4796529.82;307.45
25625;449473.49;4796953.73;189.51
25628;450866.98;4797091.57;237.22
17438;450668.28;4797002.45;272.3
58399;450554.87;4797070.1;240.93
9248;450619.08;4796870.11;283.99
66592;450084.19;4796932.73;265.18
25636;450732.88;4797201.69;244.36
17453;450530.11;4797063.78;241.06
66606;450003.51;4796990.91;192.03
74798;450109.14;4796998.09;189.66
91181;449909.24;4796536.96;222.38
1074;450697.69;4797069.78;246.77
9268;450869.66;4797137.72;237.57
1076;450200.28;4796968.08;246.27
25653;450259.76;4796975.37;220.79
42039;450838.75;4796994.55;221.49
74806;450938.31;4797042.25;185.72
50229;449953.47;4796775.96;240.64
17466;450010.16;4796990.2;197.21
66624;450137.84;4796981.09;219.75
99393;450610.3;4796886.78;243.84
25668;449755.65;4796569.48;231.32
50246;449733.4;4796608.42;233.96
66631;450881.38;4797099.16;229.73
1096;450845.7;4797050.25;252.78
25673;449965.66;4796922.59;240.8
99404;449969.79;4796717.78;249.33
91214;449981.04;4796998.32;237.78
25681;450099.4;4797032.49;262.71
99413;450077.97;4796776.74;228.69
99416;450853.35;4797184.12;267.54
50266;449887.7;4796837.1;194.68
58459;449968.57;4796918.82;202.97
74845;450834.49;4797180.91;286.89
33888;449853.67;4796506.04;246.4
99425;450009.39;4796754.89;228.87
50276;450386.03;4797177.27;244.42
33895;449934.76;4796543.47;235.72
66665;450499.46;4796930.67;265.98
74857;450356.0;4797174.4;207.25
9325;450593.68;4796835.7;278.5
58478;449951.25;4796990.53;237.49
99445;450879.88;4797093.65;232.58
99452;449962.41;4796962.84;240.5
17532;449855.87;4796502.27;246.89
99455;450797.2;4796998.64;192.54
42111;449654.83;4796478.31;192.67
42113;449977.81;4796763.2;244.31
33923;450841.39;4796994.64;189.81
66695;449775.61;4796549.46;227.57
42121;449660.67;4796928.93;188.73
83083;449720.17;4796484.86;269.09
1166;450359.33;4797164.72;242.95
83086;449939.73;4797134.7;183.66
9362;449737.08;4796702.29;242.59
99479;450135.21;4796926.48;226.35
74904;450801.39;4797004.69;190.57
50328;449986.05;4796943.03;201.25
50330;450027.24;4797011.54;190.83
33950;449866.34;4796516.25;242.15
66720;450600.01;4796979.57;242.5
58533;449649.25;4796836.6;234.73
91306;449864.83;4796516.64;241.21
33970;450366.74;4797165.01;244.08
42170;450736.95;4797014.79;192.75
42182;450243.22;4796764.13;282.21
25800;449945.38;4796932.97;239.65
25801;450003.03;4797012.66;233.99
33994;450868.75;4797051.88;254.1
33996;449856.86;4796872.07;235.99
17614;450746.64;4796987.03;239.6
34000;450418.42;4797071.03;234.85
17618;449994.09;4796977.36;194.96
25811;450571.91;4796986.28;245.78
91348;449824.56;4796893.04;238.32
99541;449712.88;4796813.46;234.66
34006;449312.42;4796661.08;193.15
34007;450373.3;4797169.53;244.73
91352;450735.08;4797017.95;193.38
66783;449897.61;4796771.36;196.8
17634;450742.95;4797128.98;262.61
1253;449324.93;4796782.0;187.3
42215;450134.74;4797020.55;243.66
83176;450734.78;4796978.11;237.83
50414;450832.38;4796977.42;242.45
91375;449948.75;4796957.28;192.07
1263;449950.37;4796956.13;192.46
91376;449768.21;4796876.99;191.57
17650;449586.77;4796476.51;237.43
91379;450741.84;4796978.08;237.62
83191;449551.38;4796537.8;191.69
34041;449677.69;4796506.86;271.13
83194;449629.11;4796517.52;268.68
9468;450803.62;4797189.65;192.95
50434;450870.97;4797118.57;236.08
34053;450035.34;4796984.97;238.18
83208;450700.79;4797070.6;242.52
25866;450428.41;4797218.2;241.21
1291;450486.76;4796907.47;245.08
42251;450960.68;4796965.51;202.3
25867;450095.74;4797035.46;187.12
83232;449717.38;4796607.08;232.59
99624;450003.81;4796752.06;223.46
66863;450144.16;4797051.97;238.2
25903;450081.23;4796945.16;204.03
50482;450063.72;4796990.8;194.34
50483;450013.66;4796680.84;268.79
75059;449994.05;4796587.86;277.51
1340;450668.59;4797054.64;235.06
58686;450119.6;4797076.69;239.34
25925;450829.64;4797185.51;268.71
75078;450437.7;4797090.66;235.79
34118;450108.52;4797002.54;189.5
91468;449962.39;4796758.95;243.27
17744;450236.98;4796992.74;213.55
66896;450013.64;4796726.54;212.39
25941;450691.27;4797066.14;272.12
91479;450054.7;4796997.68;237.27
58712;450775.73;4797002.58;192.52
17760;450789.54;4797118.67;237.35
9571;449984.22;4796938.39;240.94
50532;450640.7;4796966.6;242.31
50536;450189.29;4797000.57;238.46
91499;450255.31;4796981.51;220.26
25965;450146.04;4796978.99;220.62
50544;449636.91;4796495.17;192.41
66930;450762.53;4796940.59;237.48
25970;450055.1;4796769.18;252.18
34164;450014.19;4796754.96;228.87
58745;449988.67;4796937.79;201.97
66944;449989.97;4796949.43;201.25
9602;450578.98;4796971.1;241.46
1411;449938.72;4796536.6;231.39
34184;450003.38;4797026.72;244.3
25993;450236.05;4796995.7;206.23
25992;450114.27;4796987.73;201.56
34186;449934.97;4796575.38;293.12
1423;450824.19;4797097.45;222.56
42385;450644.51;4796963.03;239.6
50580;450020.49;4796929.53;200.01
9620;449824.28;4796522.6;301.59
58782;449957.19;4796989.75;224.44
1440;450439.72;4796730.25;282.74
50594;449517.37;4796450.65;270.35
9637;449937.29;4796931.33;196.91
75175;449934.5;4796930.13;204.01
58795;450037.29;4796759.64;236.44
50606;450600.98;4796863.37;275.52
26030;450560.99;4797055.72;242.12
26032;449964.41;4796597.66;275.37
91569;450854.5;4797040.96;256.6
58799;449883.78;4796517.92;242.77
9658;449304.22;4796671.66;193.62
34240;450141.94;4797008.74;207.22
83405;450743.23;4797010.85;194.36
17870;449345.23;4796840.28;188.75
34253;449915.0;4796542.88;226.92
99792;449854.62;4796507.36;243.58
99793;450089.15;4796988.93;199.09
17875;449986.26;4796953.47;199.37
9689;450032.15;4796998.96;189.68
50652;449951.86;4796956.12;192.88
83422;449771.76;4796920.92;189.48
26079;450756.31;4797013.97;240.34
17886;449228.46;4796648.79;162.77
34276;450499.61;4796737.94;288.14
1510;450022.9;4796994.78;237.74
9704;449613.83;4796338.33;195.72
83434;450064.84;4796960.04;196.0
26093;450801.18;4797195.77;240.95
34295;450101.63;4796939.29;211.82
26105;449580.03;4796477.89;242.19
9722;450055.07;4796785.71;217.96
91645;449711.91;4796561.18;230.76
91646;449928.93;4796976.29;238.54
9727;450726.74;4797213.03;243.12
99855;450858.24;4797182.73;266.28
9746;449851.31;4796542.33;284.73
91667;450136.68;4797036.55;241.67
9750;449439.82;4796916.55;190.69
26141;450083.24;4796983.29;198.39
58916;449830.03;4796925.78;189.6
1573;450594.28;4797084.3;236.76
75302;449310.12;4796752.79;190.42
91696;450918.06;4797011.69;200.43
75312;449939.09;4796935.64;201.65
50742;450743.02;4796969.45;238.87
99903;449962.11;4797041.8;184.2
1605;450048.23;4797022.81;186.32
42568;450740.2;4797005.95;193.85
91728;449442.36;4796918.12;192.71
9812;450214.23;4796986.28;238.11
34391;449625.02;4796318.04;196.52
42584;450115.25;4796985.61;204.51
34396;450044.35;4796955.14;241.18
34399;449961.36;4796765.32;236.02
26208;450118.26;4796976.37;254.56
42591;450059.86;4796762.18;249.13
58979;450735.33;4797121.1;267.72
75365;449983.2;4796649.54;289.66
18022;450756.94;4797127.81;240.82
91750;449741.16;4796561.8;229.36
42598;449713.86;4796464.52;271.07
34409;449998.56;4797035.88;185.21
42599;449614.61;4796495.04;228.03
99947;450801.52;4797193.99;276.93
75372;450829.95;4797182.83;268.81
9837;450896.86;4796951.95;240.56
1646;449946.02;4797129.77;181.07
26225;450688.32;4797064.73;261.07
34418;449634.36;4796498.85;209.23
18036;449868.81;4796912.08;190.53
1654;450691.9;4797090.1;233.56
67192;449825.14;4796893.86;238.12
1657;449310.06;4796729.8;197.14
83578;450650.17;4796982.04;237.22
1658;450780.76;4796927.15;241.02
1660;450690.87;4797013.38;206.16
83581;450743.2;4797129.17;256.03
1661;449964.15;4796737.34;240.81
59007;449607.7;4796496.22;191.82
75395;450765.13;4797121.97;238.65
26243;449779.98;4796859.37;194.83
59015;450126.79;4796976.33;202.91
99978;450131.87;4797001.98;201.95
26257;449892.13;4796890.26;191.41
83604;450217.89;4796988.35;235.05
75414;449835.75;4796848.22;234.62
50839;449990.84;4797003.7;237.39
99990;450138.69;4797002.66;202.79
9883;449628.15;4796431.44;193.83
50846;449301.14;4796649.28;193.14
34465;449873.25;4796513.36;283.05
9890;449957.91;4796947.0;239.59
50854;449833.84;4796830.34;227.83
9896;449949.92;4796948.82;193.55
18088;449968.16;4796762.67;241.94
83625;449939.76;4796541.92;233.19
59066;449682.54;4796573.11;230.44
50876;450744.9;4797201.03;243.26
50879;449757.09;4796920.17;189.74
34496;450534.32;4797063.1;239.99
67263;449966.47;4796744.49;236.11
9921;449595.81;4796543.82;252.2
34502;450649.97;4796971.36;275.98
34506;450920.93;4797017.75;191.53
1743;450733.36;4796949.13;239.29
83666;449667.63;4796512.06;271.01
18135;450751.33;4797043.48;238.9
59097;450366.31;4796753.22;277.74
42717;450580.63;4796837.64;236.75
9956;450757.77;4797132.41;197.32
26343;450595.52;4796813.39;249.22
18153;450863.87;4797171.65;236.38
26347;450775.49;4797149.77;242.67
42733;450217.96;4797109.04;241.64
83703;450763.53;4797124.48;238.62
26365;450009.94;4796657.65;286.82
91907;449866.57;4796497.04;255.89
100100;450789.74;4797146.7;243.21
91909;449960.25;4796960.91;191.28
18182;449930.59;4796848.54;195.23
18180;450119.34;4796930.42;241.89
50948;449661.42;4796504.85;270.83
91917;450191.69;4796980.71;239.66
1805;450868.01;4797097.07;231.72
9999;450689.49;4797080.05;231.65
42765;450747.0;4796946.72;237.19
18191;450746.39;4796937.58;222.09
26386;449275.95;4796636.76;192.7
18197;450725.82;4797024.32;192.36
59158;449940.02;4796958.2;188.2
91932;450691.8;4797092.13;232.3
50973;449834.54;4796835.97;230.04
100124;449851.12;4796497.29;236.98
18210;450115.06;4796971.8;203.63
26410;449962.12;4796592.49;269.71
67371;449617.84;4796294.0;197.25
1838;450228.65;4796977.47;227.78
50996;450730.26;4797114.65;208.22
1849;450582.1;4797020.52;241.79
1853;450934.04;4797031.06;188.63
75581;449720.77;4796666.19;234.04
34626;450129.85;4796898.61;221.77
42819;450328.52;4796760.55;278.92
75586;450142.47;4796941.9;243.27
59202;449845.9;4796472.83;232.06
42825;449779.87;4796641.01;231.98
67404;449971.57;4796614.98;265.57
10062;450801.18;4797195.77;253.25
42832;449603.87;4796487.71;239.54
26450;449895.1;4796836.82;193.6
75604;450609.7;4796886.43;280.83
75606;449725.85;4796480.36;329.31
67415;449956.37;4796601.69;276.36
42841;450649.44;4796894.74;245.01
18265;450671.71;4797070.9;233.76
83804;450742.64;4797013.82;194.52
42844;450046.32;4796751.68;241.14
100190;449237.05;4796643.15;188.52
59232;449341.2;4796809.43;189.61
26465;450230.0;4797002.95;201.34
51047;450776.05;4796941.77;238.7
42861;449736.96;4796736.94;226.94
75630;450477.15;4797174.46;240.12
34669;449993.69;4796589.52;277.81
92016;450316.33;4796749.07;266.55
67441;450674.93;4797056.82;232.35
100209;449821.71;4796521.76;304.92
10099;450041.37;4796758.84;237.03
18290;450005.55;4796592.76;289.25
83830;449520.68;4796779.35;231.22
10103;450516.67;4796892.29;262.62
83836;450588.34;4796980.84;245.21
18301;449261.82;4796627.63;164.94
75646;449855.68;4796510.93;238.06
1919;450687.21;4797068.1;271.3
67456;450870.34;4797086.92;218.39
42888;450527.53;4796723.81;279.22
59275;449264.71;4796856.5;192.16
26511;450509.4;4797168.5;238.53
67472;449920.54;4796923.26;208.8
59283;450009.51;4796729.25;215.02
100244;450809.67;4796996.76;192.39
51094;450423.75;4797210.51;241.68
26519;450621.6;4796881.49;280.92
10136;450803.38;4797194.34;276.93
75672;450881.27;4797097.27;229.86
42906;449734.93;4796490.26;327.0
34715;450785.83;4797143.72;242.34
59292;450902.41;4796950.16;250.47
18343;450238.2;4796990.34;218.17
42922;450032.9;4797014.23;186.88
10155;449871.57;4796501.28;265.15
26540;449819.9;4796889.77;239.19
1968;450576.89;4796970.18;241.91
10161;450582.49;4797079.43;241.95
92082;449618.08;4796305.6;197.23
100277;450824.19;4797097.45;238.06
51126;449967.43;4796945.27;244.43
10170;449595.09;4796935.82;187.88
92092;449658.65;4796513.96;270.37
42941;450720.69;4797012.92;190.15
1981;449369.84;4796658.31;191.02
59326;449235.02;4796632.25;170.32
1989;449900.08;4796913.4;240.77
26570;449810.37;4796922.39;190.41
100302;450073.75;4796949.39;201.01
51152;450956.71;4796970.29;203.17
51159;449905.03;4797170.29;187.13
67544;449938.45;4796958.47;192.68
92127;450042.49;4796980.47;192.11
75745;450877.45;4796944.03;244.45
92129;449971.36;4796944.19;241.93
34802;449962.12;4796971.74;237.64
26613;450115.8;4796956.46;259.78
59381;450006.45;4796712.48;258.49
2039;449704.47;4796826.68;234.83
2040;449340.41;4796797.9;190.91
67578;449742.39;4796724.27;235.79
10235;449923.11;4796579.91;280.93
67581;450529.96;4796925.07;246.33
59390;450024.53;4796917.41;196.05
83968;449953.81;4796963.67;190.53
75777;449733.48;4796489.15;327.05
51203;450321.38;4797035.09;238.04
83972;450445.8;4797206.55;240.55
2052;450875.46;4797071.29;248.99
67594;449793.3;4796638.63;231.36
10252;449965.55;4796581.11;263.95
51213;450870.81;4796955.51;240.92
43025;450016.73;4796674.33;268.94
92179;450085.08;4796981.93;236.95
26644;450779.06;4797103.46;238.24
26645;449915.03;4796573.03;272.93
51224;449389.99;4796864.11;184.89
34846;450077.75;4796982.62;237.73
75807;450850.27;4796942.82;241.91
51235;449841.38;4796474.42;238.52
18467;450005.75;4796641.63;311.62
34859;450235.79;4796985.21;225.09
34861;450509.35;4797114.87;237.61
75823;449886.34;4796793.08;196.12
75824;449969.59;4796901.6;207.3
59445;449873.33;4796502.57;272.05
26679;449915.64;4796909.05;240.67
26685;449634.17;4796433.61;193.83
18494;449673.36;4796308.72;198.86
92225;450902.41;4796950.16;244.21
92227;450881.71;4797101.55;224.85
67651;450870.15;4797035.12;251.44
100419;449999.88;4796993.4;192.26
34883;449941.93;4796992.05;186.93
92236;450125.31;4797030.02;188.42
75852;449710.11;4796471.24;275.9
67665;449896.18;4796908.92;240.21
43090;450908.76;4796952.28;250.39
92241;450135.18;4796922.94;228.65
10325;450597.05;4797002.69;238.84
10326;450749.54;4797130.81;243.87
59479;450859.98;4797187.1;224.39
92247;449926.93;4796570.65;246.34
26721;449233.84;4796644.57;167.33
2150;449994.9;4796732.47;237.79
75883;450675.39;4796996.14;229.21
75884;450095.34;4796986.35;194.94
84078;450809.45;4797198.75;242.46
51310;449997.34;4796589.17;277.53
59508;449904.53;4796967.96;190.09
51322;449267.37;4796854.56;191.98
18561;449630.51;4796520.28;269.74
67714;450586.21;4796840.94;247.2
51332;450723.39;4797004.2;189.65
75908;449886.88;4796849.5;193.37
26760;450744.51;4797125.69;247.7
18568;449910.39;4796914.52;242.32
43149;449591.58;4796539.05;247.61
84112;450872.4;4797090.45;216.48
100497;450733.98;4797118.41;271.53
26769;450043.36;4796773.23;247.76
67736;450874.51;4796975.36;237.48
67739;449641.36;4796498.83;198.22
18591;450867.66;4797101.18;228.7
26784;449997.92;4796976.01;238.21
59554;450566.58;4797082.93;238.16
43170;450123.31;4797007.59;238.43
92322;449752.67;4796611.71;230.56
18603;450168.1;4797023.79;238.13
84143;449360.09;4796658.34;188.41
18608;449791.35;4796639.61;231.28
26801;449991.72;4796714.91;251.67
51379;450914.12;4797004.94;230.05
43190;450842.06;4797003.37;232.68
100535;450490.75;4796707.39;283.95
43191;450108.29;4796921.31;218.87
26809;449909.19;4796962.89;188.65
67772;450804.63;4797197.67;243.25
18621;450596.12;4796814.11;277.14
35005;450621.76;4797017.51;242.41
43198;450690.85;4797014.75;216.92
75969;450707.59;4797075.05;243.31
67778;449985.81;4797030.62;184.24
18630;450140.24;4797007.17;205.83
43207;450089.67;4796928.63;241.97
2246;449797.73;4796542.19;305.9
75983;450025.37;4797027.45;234.9
67794;450880.25;4797088.05;236.07
18648;450584.33;4797073.72;241.95
92380;450788.75;4797113.69;211.45
35036;449620.72;4796526.84;272.54
84191;449941.71;4796926.95;198.54
100577;449648.05;4796610.88;234.74
2274;449767.66;4796868.73;192.13
100580;450921.75;4796936.39;254.25
43238;449949.44;4796966.96;187.47
51433;450105.39;4796994.37;190.12
26860;450350.49;4797054.13;237.55
2285;450644.99;4796957.52;239.89
18668;449941.98;4796541.25;232.74
18672;449785.52;4796638.46;230.83
43262;449842.27;4796892.29;237.58
92416;450237.19;4796990.87;219.43
26880;450157.08;4797018.43;236.51
35074;450025.0;4796711.67;212.38
84228;450727.28;4797077.11;281.68
10503;449570.72;4796378.63;194.26
51468;449921.65;4796923.55;208.79
67853;449752.48;4796617.27;231.37
84239;449868.29;4796497.33;257.9
84240;449323.04;4796764.6;187.61
10515;449954.9;4796940.27;239.34
10517;450225.18;4796994.39;225.29
18709;450940.45;4797013.25;191.5
92440;450130.97;4796911.34;220.54
67866;450838.04;4796964.09;246.41
100635;449823.48;4796518.78;299.51
43295;450003.07;4796999.31;237.19
76063;449980.97;4796999.32;237.56
67872;449875.57;4796885.59;233.24
18722;450742.85;4797112.38;208.35
26918;449964.54;4796602.15;276.22
35110;449221.51;4796618.03;163.41
84268;449942.51;4797163.9;179.42
92463;450391.52;4797007.82;238.62
43318;450643.87;4796963.95;241.73
67895;450691.62;4797084.77;232.27
35127;449640.07;4796477.02;192.67
43322;450870.13;4797114.87;234.28
35132;450858.6;4797179.67;258.65
35133;449539.26;4796948.03;190.05
76094;449947.9;4797065.49;184.74
10560;449988.28;4796765.41;215.17
51532;450113.39;4796936.02;241.45
10575;449689.49;4796644.18;236.51
43346;449856.33;4796953.06;189.11
10579;449727.01;4796669.85;236.96
43356;449773.93;4796639.57;231.53
35165;449936.62;4796965.74;239.66
35175;449927.09;4797171.67;189.86
76138;449939.08;4796575.05;241.59
84333;450802.11;4797140.24;229.21
92525;449698.83;4796561.56;223.8
51568;449845.87;4796897.88;237.27
76149;449652.33;4796482.82;213.6
100729;450754.44;4797123.54;244.21
59769;449751.15;4796706.1;234.5
2429;449570.24;4796489.88;273.53
84351;449935.12;4796579.41;244.72
27008;450302.31;4797112.38;236.38
35201;450137.84;4796981.09;249.75
67970;450501.4;4796722.84;283.49
59784;450765.91;4797006.33;194.35
92553;449965.36;4796771.49;242.76
100746;449946.68;4797125.96;179.43
67982;449941.47;4796606.97;277.22
59791;450094.03;4796936.14;242.45
35214;449202.27;4796674.27;157.51
76175;449627.95;4796552.75;238.71
43411;450395.89;4796951.49;237.73
43415;450095.86;4796997.61;237.42
35225;450032.04;4796760.87;236.07
27038;450176.39;4796779.22;271.76
59806;450149.87;4797043.4;238.38
92577;450867.48;4797102.47;225.05
35233;449650.45;4796524.95;282.67
76199;450840.46;4797061.6;248.54
100777;450755.06;4797119.08;246.6
18862;450077.73;4797027.71;189.88
92591;450792.35;4796931.23;238.97
27056;450544.47;4797064.71;239.54
84400;450675.67;4797070.96;234.6
92593;449991.78;4796738.38;231.77
51635;450755.82;4797128.2;240.29
18867;450407.57;4796968.25;236.73
10682;450831.25;4796987.33;244.57
84416;449929.16;4796930.66;205.1
51658;450690.34;4797068.27;253.36
43469;450057.46;4796794.52;220.58
92622;450780.55;4797151.65;287.75
2510;449968.29;4796578.3;265.78
59859;450750.38;4797030.37;240.28
68052;449513.87;4796777.3;233.12
59862;450385.14;4797172.56;244.5
68054;449627.65;4796490.32;193.0
10717;449666.78;4796313.17;197.91
84446;449942.4;4796999.4;185.54
10723;449563.8;4796913.77;167.09
68071;450101.18;4796930.92;216.61
59879;449226.69;4796620.87;163.1
43500;449830.62;4796839.95;232.72
27116;449624.31;4796490.86;191.27
92659;449973.06;4796574.05;265.78
76277;449429.76;4796616.24;192.21
18935;449886.6;4796874.37;192.36
84472;450104.12;4796966.61;218.6
35320;449980.19;4796608.93;260.3
59902;449940.75;4796539.33;233.18
35329;450581.92;4796833.32;237.62
10753;449937.51;4796932.49;202.57
27137;450606.29;4797026.69;237.42
10757;449768.61;4796851.08;233.57
18951;449307.82;4796746.07;188.1
10763;450259.73;4797015.8;237.98
51723;449977.07;4796752.62;240.88
10766;449884.1;4796809.61;196.37
84495;449278.27;4796858.48;192.39
35343;449768.19;4796519.12;278.59
35348;450769.74;4796942.71;239.77
76310;450828.07;4797178.62;271.07
92695;450800.52;4797146.51;229.72
51737;450869.4;4796952.94;243.79
2587;450173.08;4797080.53;237.85
35356;449731.92;4796757.76;237.95
76324;450532.28;4796935.26;246.19
76331;450650.35;4796986.92;275.32
18987;449939.78;4796749.48;233.41
43566;450864.52;4797097.45;234.57
68145;450920.57;4797016.55;205.88
18993;449821.24;4796491.94;231.84
68148;450029.02;4797008.44;187.91
43573;449939.93;4796575.02;273.12
18999;449592.4;4796477.41;237.43
68152;450876.75;4797098.63;226.92
19008;450629.44;4796981.8;242.26
68160;449900.58;4796764.92;198.05
35398;450206.21;4796993.2;236.16
76360;450042.15;4796768.04;249.63
59978;449193.76;4796679.03;154.53
27212;449309.78;4796849.43;188.07
68176;450652.66;4796992.78;273.27
19024;449767.63;4796533.84;203.64
10840;449423.45;4796632.47;192.03
68187;450041.04;4796967.01;192.04
35420;449710.56;4796628.7;234.35
100957;450878.62;4797087.13;236.53
35422;449191.23;4796687.08;156.24
51808;450725.16;4796973.47;238.22
10848;449834.24;4796825.85;222.34
27233;450132.67;4796910.76;242.12
10853;450811.02;4797131.75;238.68
10854;450474.73;4796942.47;251.71
84582;450868.58;4797053.82;262.7
19048;450584.83;4796829.16;237.26
76392;450710.64;4797075.71;240.86
10856;449746.72;4796702.33;234.5
76389;450127.32;4797007.86;195.59
10860;450954.9;4796979.5;198.25
2668;449965.67;4796737.79;244.82
51821;449232.55;4796644.11;172.37
76399;449912.01;4796541.08;225.99
19056;450756.82;4797126.48;241.25
51830;449660.51;4796827.37;234.98
100983;449851.56;4796866.09;235.72
10872;450321.3;4797130.18;235.58
84602;449802.05;4796858.25;229.34
51838;450773.0;4796943.29;240.06
35458;450131.87;4797001.98;200.55
60037;449968.13;4797100.17;184.21
43654;449855.29;4796508.67;238.59
10892;450898.96;4796999.44;217.98
35469;450768.8;4796939.88;240.03
60045;450122.97;4796988.75;202.48
101004;449773.79;4796492.24;326.37
60048;449871.41;4796916.81;191.02
76428;449541.31;4796480.91;272.51
43668;449215.94;4796638.81;149.81
19098;450905.56;4797002.15;214.37
35487;449968.3;4796725.82;241.6
35494;450028.09;4796677.44;215.91
76456;449954.28;4796967.84;187.56
84652;450007.46;4797016.31;235.04
43693;449966.25;4797122.07;183.44
84663;449720.21;4796474.88;276.84
10937;450919.45;4797014.08;206.69
51902;450120.41;4797011.33;241.28
51903;450874.16;4797198.34;283.12
60096;449676.53;4796634.29;235.66
76484;449868.72;4796513.36;241.1
84679;450236.98;4796992.74;206.18
51918;450868.82;4797066.23;254.26
92881;450807.82;4796987.53;189.54
101074;450923.15;4796972.46;247.05
101078;450711.65;4796973.98;238.03
10971;449922.78;4796570.16;244.98
2781;450311.87;4797032.27;238.05
43747;450511.9;4797152.39;238.53
101097;450867.8;4797152.35;234.42
43753;449337.2;4796804.07;188.43
76523;449567.14;4796530.51;190.36
68333;449602.66;4796543.55;262.89
92911;450030.21;4796761.2;230.25
92918;449644.65;4796841.81;234.36
101114;449610.61;4796502.98;260.99
84732;450920.21;4797013.24;205.02
11005;449315.37;4796710.94;202.12
84734;449579.63;4796921.69;174.89
35586;450679.14;4797004.13;231.18
51970;450746.92;4797012.61;194.44
60164;450582.28;4796844.04;247.2
11019;449939.47;4797151.59;184.03
84751;450504.19;4796721.14;284.19
27410;450750.84;4797126.88;246.05
11029;450094.87;4796984.1;231.2
60183;449721.37;4796555.12;229.97
11031;449849.55;4796485.11;242.23
51995;449345.48;4796661.77;191.87
27424;450754.42;4797143.8;196.7
92964;450907.7;4796950.35;250.47
2854;450951.59;4797001.59;198.21
60202;450086.12;4796948.27;204.04
19242;450110.03;4796950.7;281.61
11053;450195.79;4797084.32;237.38
92974;450867.58;4797067.97;254.97
2864;450868.02;4797093.16;231.25
76595;450725.78;4796966.59;238.13
84789;450192.02;4797084.75;237.51
76608;450841.06;4797139.72;229.83
52033;449724.75;4796475.05;275.0
84802;450821.63;4797103.55;239.0
52039;450315.97;4796754.23;262.78
52043;449535.39;4796280.28;197.92
35666;449786.92;4796523.05;218.83
2899;449965.95;4796985.07;238.32
84820;449704.66;4796635.9;234.03
68443;450964.48;4796960.83;200.15
68445;449858.65;4796500.18;246.89
27487;450757.99;4797010.54;193.64
27488;450219.24;4797121.59;242.07
101217;450087.66;4796987.07;198.7
101218;449760.56;4796620.76;231.49
84835;449620.88;4796514.83;268.98
43878;450867.51;4797066.38;250.37
84839;450306.55;4796761.5;262.36
2921;449600.82;4796490.98;240.99
2924;449879.87;4797169.79;186.63
52082;449711.84;4796462.11;273.53
60276;449961.3;4796769.7;237.97
19330;450744.55;4796967.73;237.63
43907;450394.71;4797025.52;237.19
35718;449838.18;4796825.68;224.71
2950;449286.35;4796860.77;190.84
2956;450828.46;4797101.99;238.19
60305;450622.13;4796935.33;243.19
27538;450226.55;4797002.37;201.7
68501;449575.18;4796810.74;234.98
60313;449929.07;4796545.18;238.25
60316;449255.44;4796641.6;189.84
43933;450797.24;4796932.87;241.16
35744;449722.89;4796479.68;328.36
93090;450194.34;4796978.32;242.32
76706;449873.72;4796515.93;245.43
60324;450868.85;4797083.21;244.13
43940;450874.26;4796956.93;243.24
11181;449578.98;4796384.78;194.15
76718;450802.27;4797194.46;240.95
84911;450507.21;4796923.14;265.98
43951;450736.26;4797110.75;208.47
101298;450832.22;4796995.14;220.31
19380;450001.98;4796713.8;258.13
52149;449991.21;4796986.31;238.77
93109;450071.4;4796950.26;199.94
27575;450703.82;4797086.04;230.6
68545;450738.7;4797014.28;193.14
84930;450810.86;4797104.4;239.51
11217;450826.76;4797189.95;245.09
3026;450569.59;4796975.51;242.38
76753;449724.63;4796486.77;271.89
19424;450734.42;4796949.71;239.84
101344;449960.81;4796767.88;243.78
68579;450754.26;4797119.48;202.79
27620;449335.23;4796843.67;188.58
101350;450801.06;4797129.46;235.41
60391;450203.05;4796969.16;248.13
84968;450865.47;4797045.43;261.92
3048;449959.51;4796737.92;239.73
19436;450870.86;4797043.05;258.37
68588;450759.7;4797186.08;243.41
52207;449913.49;4796922.83;202.68
60403;449933.73;4796583.81;246.48
11252;450401.75;4796734.53;279.6
3067;450091.38;4797030.08;255.92
3073;450791.0;4797143.25;241.08
44037;450623.83;4796934.57;277.32
76808;450139.47;4796928.52;236.88
27658;450810.46;4796989.81;189.29
27659;449735.15;4796490.14;328.43
52240;450747.05;4796956.74;242.45
35858;450141.0;4796956.99;262.2
60435;450119.23;4797039.06;238.26
101399;450101.75;4796935.36;213.86
19480;449916.63;4796920.46;208.81
19481;450574.96;4796884.68;257.81
60442;450898.77;4796966.28;240.52
101403;449922.81;4796917.54;240.87
35866;450817.88;4797115.65;238.66
76825;449867.38;4796506.99;285.37
76830;449933.17;4796937.99;196.0
19491;449914.89;4796759.07;199.64
11301;449891.33;4796864.6;193.72
68646;450208.65;4797107.0;239.26
44072;450699.77;4797086.03;231.28
93226;450948.37;4796997.21;198.4
85036;449206.55;4796664.98;158.32
68655;449945.66;4796960.37;190.27
52277;449931.62;4796763.65;199.94
85050;449564.67;4796910.71;166.24
35899;450136.73;4797054.29;237.65
68668;449342.56;4796664.82;191.05
68671;450681.93;4797013.94;272.15
44095;450838.76;4797187.51;268.75
68675;449793.36;4796842.18;198.94
27723;449571.98;4796302.98;197.95
11342;449565.67;4796915.88;171.76
35919;449816.5;4796937.43;190.64
19541;449986.05;4797002.62;192.17
68694;450746.39;4796937.58;234.59
19546;449250.39;4796643.12;189.98
93279;449746.5;4796837.35;234.02
93283;449999.22;4796975.74;193.81
27748;450014.57;4796996.08;208.5
93285;449661.49;4796479.5;215.32
27749;449927.61;4796953.48;187.51
76899;449669.23;4796829.98;234.83
68711;449761.06;4796533.3;196.46
85091;449296.84;4796646.51;195.42
68714;449512.12;4796770.06;231.74
19563;450015.05;4797010.35;193.49
19565;449883.88;4796537.83;240.64
11375;450251.67;4796963.65;222.01
11376;449519.26;4796469.78;277.03
11379;449523.08;4796781.98;233.81
3189;450679.12;4796959.37;241.52
27767;449922.69;4796542.44;238.94
85114;450039.23;4797046.36;188.5
3195;450725.06;4796956.22;239.31
60540;449892.45;4796788.88;197.53
101502;450794.46;4797140.79;233.06
3199;450065.81;4796770.57;250.16
3201;449965.46;4796946.83;246.86
68738;449466.84;4796947.81;190.83
3204;449976.17;4796939.03;241.31
52366;450882.9;4797104.39;235.17
19602;449555.81;4796479.85;276.95
52371;449832.0;4796950.11;190.59
3219;449625.76;4796501.04;215.33
19608;450866.65;4797095.41;235.77
76952;449924.91;4797174.68;187.89
11418;450897.63;4796960.36;241.59
76954;449890.9;4796791.03;196.12
44189;450859.69;4797182.5;245.32
52382;450040.53;4797016.35;189.85
76962;450068.91;4796951.72;200.51
93347;450671.92;4797058.75;235.43
60587;450084.21;4796982.58;198.33
68784;450590.82;4797044.05;239.66
19638;450007.71;4796710.97;258.84
3255;449732.06;4796471.05;325.8
11451;449760.6;4796570.47;231.85
11452;450743.57;4797130.31;259.32
101564;450741.92;4796935.57;239.44
11455;450678.43;4797007.69;230.76
85186;449970.86;4796935.42;239.62
93378;450802.27;4797194.46;231.25
19652;450881.53;4796943.03;246.21
85188;450480.35;4797171.55;238.88
85193;450839.7;4797175.74;289.07
93386;449993.18;4796775.6;201.68
68811;449744.4;4796697.5;235.45
85194;449218.41;4796692.32;158.1
44239;449594.44;4796526.44;228.21
36060;449717.5;4796474.41;275.39
27872;450834.0;4797004.21;229.57
77028;450154.57;4797015.77;232.15
101604;449994.53;4796750.32;212.81
60648;449876.43;4796885.41;234.09
68841;450057.55;4796771.37;251.3
27882;450587.12;4796834.87;263.32
36074;449709.85;4796640.99;238.36
27884;449920.06;4796922.01;208.88
101613;450199.78;4797087.49;235.92
77044;449741.65;4796720.66;236.78
44276;449854.22;4796504.53;245.0
44278;450607.04;4796917.43;244.35
27899;450723.65;4797005.17;189.65
85245;450876.05;4797077.25;243.64
19712;450069.68;4797021.5;184.68
19713;449289.61;4796859.7;193.63
3330;450056.6;4796754.57;249.71
60676;450118.84;4797010.69;189.0
68872;449986.18;4796937.07;241.07
60680;449781.38;4796523.3;213.07
36107;450136.31;4796953.3;208.5
85260;450875.33;4797070.04;252.55
3340;450141.99;4797009.12;237.95
93452;449936.62;4797139.32;184.25
68878;449979.79;4796599.76;275.94
85264;449997.65;4796588.01;277.9
85266;449449.98;4796938.83;190.48
85268;450018.78;4796661.82;286.14
101653;450009.28;4796771.22;205.21
85270;450211.14;4797111.05;243.69
19735;450331.43;4796746.58;261.43
77080;450919.68;4796968.14;241.11
77088;450490.38;4797169.04;239.14
85280;449979.8;4796745.42;243.99
3366;450912.12;4797007.01;231.46
77095;450270.18;4796774.92;275.77
44326;450005.79;4796713.48;258.39
68903;449564.27;4796527.34;191.42
36137;449929.46;4796567.77;242.81
11563;450916.47;4797005.46;197.57
68907;449742.29;4796607.86;231.91
11566;450383.37;4796763.42;278.46
3380;449975.5;4796613.16;264.24
93493;450778.52;4796929.0;240.87
11574;450803.03;4797120.74;240.67
36154;449948.31;4796576.67;254.81
3387;449632.56;4796523.63;268.55
11580;450223.06;4797113.23;241.87
36157;450104.85;4797014.21;238.23
27966;450826.32;4796995.97;216.97
44350;449854.45;4796507.74;243.3
93504;450012.74;4796994.87;203.08
11586;450806.0;4797167.5;290.37
52547;450690.0;4796999.22;197.53
68934;450746.22;4797127.33;247.28
101702;450864.69;4797048.99;263.24
3398;449770.34;4796888.26;190.48
11593;450878.13;4797051.84;252.47
52554;450499.75;4797119.39;236.68
11594;450738.99;4796944.69;210.25
52557;450196.81;4796979.14;246.48
52566;450432.92;4797018.13;245.99
11607;450832.33;4797000.75;239.51
44375;449720.2;4796481.94;320.72
77145;449929.25;4796756.37;234.07
85339;450746.36;4796933.87;219.11
28000;450541.51;4797062.06;239.05
77154;450840.41;4796955.58;234.33
28003;450786.78;4797139.88;288.68
60770;450041.15;4796972.57;191.53
60773;450899.55;4796992.56;214.92
60776;450815.01;4796965.52;255.69
77162;450112.18;4796951.58;278.07
36202;449606.2;4796349.91;195.41
101741;450090.19;4796954.78;206.09
77165;449555.53;4796907.53;164.43
44401;450033.3;4796990.71;237.75
68981;449985.77;4796932.66;201.97
28025;450873.89;4797059.32;247.88
19836;450434.27;4797014.38;242.27
101756;450873.21;4797131.58;237.0
28031;450896.76;4797010.18;245.35
85390;449305.76;4796677.35;193.41
28047;450600.59;4796985.94;242.39
11662;449906.78;4796539.15;237.31
101788;450025.27;4796929.65;196.91
3485;450792.07;4797141.16;239.18
19872;450707.48;4797084.63;227.25
93601;450158.36;4797047.24;237.81
101798;449689.94;4796569.19;226.94
101799;449223.53;4796619.93;162.62
52648;449995.01;4796636.33;278.73
85420;450569.76;4796873.1;257.81
52653;450390.09;4796756.17;276.11
44472;449866.02;4796515.45;240.92
52669;450791.33;4796930.24;240.84
69057;450138.29;4796970.95;254.43
44482;450062.97;4796766.58;249.51
3523;450743.93;4797128.69;252.57
93639;450729.27;4796952.9;238.67
85448;449855.22;4796489.01;234.5
77257;450497.55;4796953.39;256.76
28105;450873.28;4797105.53;231.85
28106;450150.22;4797060.27;239.89
101837;450616.46;4796919.19;243.68
85453;450831.85;4796968.03;249.83
52686;450144.25;4796981.74;222.49
93648;450468.03;4797194.86;240.06
52688;450105.49;4796990.06;199.34
44503;450859.11;4797182.96;267.03
52699;450583.62;4797041.31;243.25
36316;450936.31;4797036.9;201.19
3548;450819.18;4797112.97;238.89
36319;449712.07;4796466.72;267.85
28127;449614.78;4796506.93;262.2
11745;449872.36;4796545.92;279.35
19938;449635.53;4796519.64;206.2
93667;449904.75;4796947.1;188.78
44518;450697.83;4797099.8;234.4
101866;450871.65;4797087.15;229.06
60910;449607.69;4796818.3;234.56
52723;450043.4;4797023.11;185.62
85496;449846.5;4796552.59;294.24
93689;449855.29;4796508.67;241.64
85502;449521.54;4796563.6;192.81
44544;449396.33;4796645.24;193.07
52739;449699.03;4796575.15;234.46
3588;450463.17;4797192.08;240.06
69128;450884.42;4797024.27;250.37
19982;450844.36;4796966.2;244.62
36370;450688.61;4796998.69;194.73
93724;450829.7;4797192.86;243.91
60957;450618.29;4796916.25;245.49
77344;449923.43;4796952.65;188.22
44579;449622.01;4796303.22;198.63
93733;450760.89;4797110.05;283.76
101926;450333.17;4797040.01;238.03
52773;450208.93;4797003.66;238.17
101925;450115.65;4797027.9;187.4
44584;450131.6;4796903.84;220.8
28210;449956.76;4796591.83;277.58
28211;450828.44;4797095.66;236.26
3639;450518.48;4797064.02;242.28
52791;449956.14;4796772.52;242.67
77370;449653.15;4796509.16;262.54
28221;450802.27;4797194.46;212.95
69187;450865.99;4797052.42;256.77
44611;449866.86;4796499.46;251.81
60997;449984.12;4796600.26;277.09
36423;449557.63;4796908.46;164.27
101965;450854.07;4796956.46;239.39
28239;449866.78;4796880.83;233.59
85588;449783.68;4796852.39;195.35
36444;450815.87;4797101.9;239.11
93791;450673.8;4797006.43;243.49
52836;449583.18;4796311.37;197.46
3686;449735.23;4796759.5;239.39
44648;450693.15;4797069.07;250.81
85609;450141.29;4797062.32;239.81
85615;450812.88;4797200.2;269.28
28274;449860.16;4796483.18;243.22
28275;449842.74;4796476.74;238.19
52866;449613.85;4796507.02;219.96
28292;450319.58;4797125.28;235.31
3718;450567.69;4797037.32;244.5
69261;450869.58;4797065.51;246.72
3726;450867.64;4796957.89;240.27
61072;450927.83;4797019.96;193.77
3729;449308.19;4796685.21;197.07
52883;450747.71;4797130.83;253.61
77459;449971.71;4796999.18;237.34
20117;449901.36;4796539.33;238.07
20118;450795.6;4797119.49;238.39
77463;450867.13;4796953.23;238.21
44696;450774.78;4797110.88;239.64
11931;449937.27;4796542.13;234.41
11934;450122.2;4796996.44;203.85
36510;449595.92;4796503.97;181.94
61091;449948.85;4796951.97;188.01
20136;450823.69;4796982.44;189.09
28332;450872.32;4797054.76;251.91
61100;450102.99;4797028.46;274.79
61105;449909.49;4796533.5;219.36
69298;449845.16;4796857.14;235.52
36532;449846.16;4796477.28;237.78
36533;450212.97;4796995.2;226.74
28341;450781.67;4797126.54;238.43
36544;450559.19;4796877.19;259.0
77505;450126.34;4797001.75;201.52
52936;449587.65;4796483.65;246.05
69321;449628.85;4796516.15;267.7
102091;449570.69;4796917.94;172.58
93900;450160.93;4796963.26;239.85
20175;449965.32;4796905.51;207.1
93908;450855.97;4796942.37;244.57
44762;449786.45;4796833.97;199.5
102112;449996.98;4797008.95;235.97
44768;449317.01;4796664.4;191.8
69346;450784.46;4796927.83;241.28
61160;450092.62;4796931.52;242.43
69353;450032.61;4797045.44;185.44
102122;449947.43;4796987.59;238.79
77545;449311.57;4796714.76;202.4
44785;449716.39;4796462.06;277.03
36593;449722.83;4796475.98;269.76
28405;449686.16;4796586.04;231.58
28406;450138.66;4796931.01;241.68
36601;449980.11;4796998.89;237.84
3836;450866.46;4797080.41;240.15
44796;450716.09;4796974.57;238.34
20223;449666.02;4796313.96;197.95
69387;450554.13;4797069.42;242.05
20236;450635.56;4796944.38;277.05
53008;449957.9;4797126.93;181.21
85777;449435.49;4796913.06;190.01
20246;450029.99;4796945.61;195.45
93977;449951.22;4797079.79;183.97
44827;450120.41;4797021.93;238.04
85789;449903.25;4796948.08;188.42
85792;449612.53;4796501.7;222.87
12070;450583.13;4796825.51;241.18
102182;450831.71;4797186.69;268.5
69423;450867.5;4797070.79;255.42
36657;450876.15;4797052.92;252.36
12085;449340.4;4796846.28;188.48
61237;449706.56;4796468.03;274.88
3896;449588.12;4796496.67;268.41
94018;450115.64;4796981.64;206.12
85830;449926.61;4796768.01;237.05
28487;450024.69;4796962.52;195.93
12108;450790.62;4797139.67;235.87
28494;449945.24;4796962.84;192.37
102223;449472.44;4796599.24;192.11
36688;449918.67;4796921.18;208.95
20303;449606.98;4796374.03;195.11
20306;449716.36;4796469.49;268.96
61271;450843.07;4796964.54;220.27
77657;449584.3;4796923.74;174.29
20314;450132.38;4797013.17;237.27
44889;450001.83;4796682.49;267.72
69471;449695.89;4796504.98;270.81
3937;450728.91;4797021.19;191.16
94050;450205.24;4796971.57;243.48
12135;449650.45;4796524.95;272.67
85864;450861.43;4797067.4;260.28
44906;450016.47;4797012.41;195.1
85870;450681.16;4797007.1;230.86
69486;450213.21;4797006.76;238.07
36720;450177.0;4796975.17;239.85
36718;449450.31;4796931.94;190.36
3954;450091.4;4796991.37;199.2
77680;449416.37;4796899.19;188.57
44919;450828.07;4796991.88;191.03
12157;450843.83;4797180.24;287.71
28543;450874.87;4797073.38;249.16
12160;450428.93;4797086.44;236.15
94079;450879.64;4797090.84;233.13
102272;449933.36;4796545.35;233.55
3973;450582.27;4796846.59;239.28
44938;450848.75;4797183.24;236.29
36747;450743.51;4796933.84;218.56
3978;449641.69;4796488.69;213.48
20362;449565.24;4796304.14;197.95
20371;449950.79;4796773.2;242.77
94100;450461.0;4797196.02;240.06
28564;449938.3;4796733.21;228.73
69532;450832.62;4797011.52;218.21
102307;450025.0;4796711.67;215.68
12195;449528.9;4796277.83;197.98
102310;450524.74;4796938.97;246.19
102311;450049.7;4797047.53;188.57
85927;449895.53;4796775.91;197.98
20392;449934.82;4796581.97;251.99
4011;449488.34;4796589.61;191.46
85932;450952.41;4796985.74;197.66
69550;449959.02;4796752.42;243.53
61360;449835.2;4796829.83;225.2
53169;449510.98;4796770.62;231.44
77748;449886.87;4796879.18;233.7
69557;449872.42;4796890.83;238.09
44980;449968.81;4796752.96;247.83
44987;450095.45;4797030.01;255.67
36797;450647.96;4796899.94;246.06
20414;450106.85;4797032.61;186.87
94143;450555.71;4797047.62;240.14
102338;450105.63;4797031.38;269.97
36804;450218.37;4797006.75;206.98
94149;450734.72;4797120.55;269.27
61382;450037.0;4796971.84;194.67
20420;449778.65;4796527.61;213.07
45009;449924.51;4796594.53;280.18
61398;450166.19;4797071.21;237.44
45016;449784.35;4796513.78;291.28
85981;449857.51;4796514.25;238.73
69603;449975.27;4797010.67;186.91
77801;449680.18;4796581.47;231.97
12266;450276.84;4797026.71;238.15
12267;450778.41;4797271.45;267.93
12268;450584.07;4796833.44;236.43
45037;450868.91;4797110.74;231.02
77804;449754.2;4796566.21;230.69
69615;449805.81;4796519.49;308.04
20465;450831.35;4797019.84;215.91
94193;449893.28;4796887.18;192.34
45044;449956.96;4796971.24;187.32
61428;449862.38;4796515.27;240.92
28662;450840.92;4797057.87;248.91
36855;449800.88;4796923.32;190.39
45061;449777.38;4796860.27;192.83
36872;449567.4;4796306.21;197.95
20489;449921.69;4796555.31;244.44
102410;449562.77;4796915.37;170.27
28689;449846.15;4796496.82;234.32
77845;449940.33;4796939.1;209.6
94231;449352.34;4796833.83;188.92
12312;450006.53;4797023.62;245.16
28701;450193.61;4796776.42;273.53
77855;450876.53;4796944.88;243.57
102432;450225.14;4797115.94;240.89
4128;450841.48;4796962.07;226.87
86050;450393.61;4796745.53;276.17
4127;450125.25;4796983.54;201.65
61475;449776.68;4796528.47;213.9
28712;449998.66;4796968.56;193.81
86061;450692.51;4797013.58;212.35
20527;450291.89;4797098.71;236.68
36912;450599.82;4797022.36;238.9
69681;450055.29;4797023.69;187.48
61489;449595.45;4796525.48;228.09
36920;449939.01;4796590.74;284.32
53305;450787.71;4796939.03;238.18
36921;449873.5;4796900.27;238.48
61498;450741.45;4796924.64;243.86
53308;450872.2;4797106.07;219.62
12345;450731.61;4796968.15;238.31
36926;450376.95;4797172.16;244.5
12350;450136.36;4797065.83;237.72
12352;450851.38;4797052.27;248.78
86079;449899.73;4796818.99;195.6
28734;449826.7;4796822.7;222.55
28736;449626.47;4796499.39;191.27
4155;449899.32;4796540.8;238.7
102471;450722.9;4797113.74;208.42
20553;450635.4;4796952.02;241.58
36937;449965.51;4796600.88;276.28
102481;449659.48;4796620.36;232.45
20567;450808.41;4797111.44;240.47
61533;450858.88;4797173.93;237.43
20576;450895.37;4796994.14;220.61
36965;449749.76;4796611.48;231.34
36966;449641.87;4796935.07;187.69
36968;449865.6;4796485.1;231.73
45162;450882.68;4797100.13;228.76
53357;449935.56;4796765.47;200.71
36975;450751.27;4797115.79;206.78
102512;450758.09;4797007.79;193.22
53361;450038.26;4796974.86;190.74
77943;450501.49;4796719.28;283.79
28791;449636.63;4796522.09;207.94
4230;449935.35;4796926.46;240.76
37003;449806.69;4796927.23;193.08
45199;449727.86;4796467.2;325.68
94351;449587.53;4796474.54;236.83
102546;450352.33;4797167.87;213.62
28819;449963.01;4796962.43;240.53
37013;449611.59;4796535.37;272.98
61597;450912.23;4797003.72;234.53
77987;450139.37;4796917.89;241.6
28841;450717.66;4797205.46;245.06
12462;450744.63;4797114.5;207.61
102578;450898.34;4796970.3;236.03
86195;450669.84;4797006.24;265.2
102579;450859.47;4797150.98;236.7
69812;449821.94;4796893.18;238.47
12468;450143.37;4796977.5;250.07
45239;449732.27;4796469.78;324.76
69815;449730.41;4796488.65;326.95
86203;449970.38;4796897.37;207.3
45246;450727.53;4797112.59;209.27
102591;450443.77;4797213.5;240.55
20675;449550.13;4796907.48;165.64
102596;450234.67;4796995.18;207.87
4293;449960.56;4797127.39;181.21
20676;449997.24;4796758.22;247.55
37063;449361.2;4796832.8;188.45
94411;449413.1;4796881.09;188.16
4303;450207.85;4797100.98;239.74
37078;450830.49;4796983.72;187.99
28891;450518.07;4796910.91;247.52
20700;450753.93;4797200.25;240.83
53470;450708.44;4797083.79;231.16
4319;449918.25;4796920.78;208.94
20703;450775.11;4797112.28;238.15
45282;450784.8;4796996.75;191.46
20706;449715.56;4796477.53;275.52
4329;450111.16;4796949.35;278.35
4334;449233.97;4796634.63;170.18
86255;449954.11;4796750.04;239.99
28913;449615.6;4796499.04;225.03
12532;450734.67;4796971.61;238.56
37113;450241.27;4796987.32;219.65
4345;449877.8;4796503.1;283.16
53500;449997.81;4797024.92;184.68
78087;450378.82;4796926.35;238.79
28940;450007.46;4797016.31;232.24
4365;449596.48;4796544.44;257.27
61711;450013.01;4797025.18;241.31
69904;449877.27;4796885.74;233.9
94481;450498.56;4796740.46;287.19
45329;450476.56;4797176.54;239.33
69907;450701.47;4797084.14;230.5
37137;450807.83;4797136.17;237.77
28947;449885.42;4796522.98;242.86
78103;450006.8;4796994.95;237.2
53536;450312.95;4797118.94;235.95
94497;449889.7;4796853.32;193.32
53538;449500.79;4796762.08;234.64
69921;449844.3;4796478.23;237.36
53543;450742.26;4797202.74;243.99
37160;450861.34;4797152.11;238.06
45354;450331.38;4796746.55;253.42
69931;449851.72;4796481.68;292.14
61741;450869.56;4797039.66;253.53
12591;450859.07;4797181.22;260.15
28976;449868.4;4796533.91;292.4
102709;450738.23;4797019.05;192.36
45370;449864.74;4796491.54;249.22
37180;450938.71;4797046.6;184.3
20797;449833.54;4796844.89;234.48
53566;449564.11;4796910.8;165.83
86337;449819.14;4796888.79;237.02
28998;450535.29;4796891.45;269.18
102727;449550.12;4796905.3;168.75
86344;450105.59;4797031.45;262.3
69961;450235.62;4797002.16;201.63
78152;450134.47;4796920.4;224.8
53581;450256.11;4796967.17;221.42
78158;450707.81;4797076.06;243.26
45389;450794.61;4797137.63;235.88
20813;450095.84;4797029.29;256.28
78161;450329.5;4796734.45;255.09
94545;450243.91;4796988.25;219.65
45395;450032.56;4797006.19;189.2
78162;449694.86;4796928.22;189.18
4437;449693.08;4796588.07;232.85
37206;450858.81;4797179.09;251.72
12643;450246.22;4796961.34;225.04
86376;449604.12;4796413.47;193.83
102763;450121.73;4796950.5;205.87
102765;450699.3;4796968.86;238.18
102766;449998.04;4797025.64;243.53
12656;450085.84;4796761.18;229.51
78193;450837.91;4797064.3;247.84
102771;449562.69;4796908.04;164.62
45430;449939.4;4796940.85;194.49
53623;449909.97;4796931.69;194.12
61817;450068.53;4796988.1;196.68
4476;450112.05;4797013.25;238.61
102781;450574.03;4797052.19;239.55
86400;450147.37;4796998.68;237.54
78210;449380.26;4796646.14;193.64
94595;449584.06;4796475.19;239.39
61828;450407.82;4797034.01;237.79
78213;449585.89;4796928.19;178.36
53637;450124.06;4797009.71;195.03
102790;449933.11;4796574.65;243.43
86414;449977.37;4796976.83;240.88
45457;450157.08;4797018.43;221.51
45458;449789.11;4796844.59;198.43
78231;449790.59;4796638.97;231.35
29087;450689.19;4797074.71;232.95
94625;450112.98;4796951.42;278.03
12707;450139.92;4796928.99;241.52
102820;450707.95;4797002.89;189.53
29096;450205.39;4797089.52;236.42
78249;450208.64;4796975.03;241.11
4521;450014.26;4796993.61;207.52
102829;450100.92;4796946.39;282.57
94638;449770.29;4796529.95;198.4
4525;449886.16;4796559.59;284.29
78253;449626.41;4796501.16;193.17
102833;450687.33;4797002.33;199.1
78258;450003.11;4797000.82;237.0
37298;450076.55;4796770.17;229.76
45495;450005.0;4796749.7;228.87
53688;450872.44;4797108.57;232.62
12728;450133.17;4797049.45;237.65
20920;449373.76;4796837.34;182.31
102844;449915.06;4796922.81;205.21
70078;449940.77;4796938.04;232.48
53696;449826.32;4796510.08;296.38
78274;449767.17;4796585.17;231.91
102854;450645.65;4796971.67;276.44
37321;450603.03;4796807.16;257.18
61897;449795.25;4796639.96;231.52
86478;449730.02;4796486.16;326.42
86481;450870.71;4796964.62;240.53
102868;450729.98;4796971.3;239.34
53718;450622.26;4796927.12;242.47
94678;449595.01;4796398.42;193.83
53720;450771.81;4797007.2;192.35
45528;449908.11;4797172.52;186.99
53721;449941.81;4796583.16;252.24
78299;450351.08;4797164.17;239.94
53728;449287.6;4796642.19;193.16
12769;450913.58;4796957.48;243.06
61922;450892.54;4796989.72;222.02
20964;449730.62;4796708.25;239.35
53733;449968.67;4796758.21;235.66
70116;450050.52;4796759.85;242.6
61927;450872.49;4797067.93;254.82
20976;449927.41;4796858.43;194.6
78320;449670.01;4796312.16;198.27
94709;450725.5;4797009.92;189.65
61941;450776.48;4797000.46;192.5
37365;450855.44;4797147.01;234.89
94714;450044.23;4796951.17;240.82
78332;450964.19;4796974.43;198.59
86529;450485.3;4797172.23;239.14
102915;450833.51;4796988.64;191.92
61955;450038.73;4797018.07;185.79
4613;449710.29;4796463.84;267.9
94726;450671.13;4797003.18;272.15
102921;450692.83;4797083.67;231.13
70153;450162.41;4797017.75;236.81
86540;450691.48;4797084.11;231.48
37391;449597.04;4796534.35;244.59
37394;449971.95;4796598.26;276.94
61980;449621.51;4796310.63;196.8
70173;450010.69;4796684.98;267.33
53790;449945.88;4796966.99;187.54
61986;450116.84;4797015.97;238.61
86563;449772.29;4796601.98;230.98
102948;450034.57;4797019.19;186.36
4649;449543.95;4796283.0;198.47
94762;450135.59;4796928.76;233.43
21046;450099.17;4797026.83;286.21
86587;449896.99;4797175.33;186.63
37436;450030.8;4796672.31;216.01
45631;450333.59;4796746.77;265.76
86594;450793.95;4797123.43;238.67
86599;450224.97;4797016.34;209.88
70215;449428.48;4796627.05;191.64
53840;450555.29;4797055.13;240.03
45649;449624.53;4796820.21;235.4
62034;450115.22;4796972.75;204.77
62037;450684.83;4797012.83;229.33
4693;449225.11;4796653.5;158.06
94810;450576.83;4796799.91;277.13
12895;449768.14;4796896.4;190.53
37476;449929.48;4796838.77;196.98
4712;450737.97;4796949.26;207.09
86635;450858.03;4797005.78;227.41
53869;450118.83;4796933.82;259.59
29294;449982.91;4796739.77;244.78
103025;450039.87;4796972.27;193.89
12916;450129.85;4797001.49;200.38
53877;449614.52;4796818.14;234.32
70263;450146.09;4797062.7;237.86
12920;450891.35;4796981.34;234.86
86649;449905.44;4796761.49;198.89
4736;449785.46;4796850.24;196.15
94850;449574.08;4796378.08;194.15
4742;449937.43;4797164.99;183.33
45703;450869.39;4797148.96;236.01
53897;450935.34;4797009.17;199.26
94858;450826.56;4796991.76;211.36
86669;450204.35;4796972.16;246.39
94865;449720.19;4796798.72;235.22
53906;450825.72;4797000.69;204.17
86676;449962.51;4796946.63;245.5
94876;450393.39;4797192.7;243.1
4765;449320.87;4796651.37;202.41
45741;450864.15;4797069.16;260.23
29363;449920.18;4796912.56;239.25
78519;450139.83;4797004.32;204.42
29368;450863.51;4797184.81;233.59
45754;449758.05;4796565.83;231.17
70343;449845.33;4796477.5;237.63
21197;449508.93;4796767.77;232.29
21198;449924.16;4796581.62;260.51
62157;449875.51;4796515.36;244.79
86736;450878.63;4797097.18;230.04
70353;449638.03;4796497.45;194.19
53970;449787.9;4796640.21;230.99
29394;449930.72;4796581.3;256.41
62165;450378.24;4796996.43;238.64
70357;450720.95;4796973.04;239.53
37592;450402.26;4797030.28;237.79
37596;449869.7;4796505.49;248.86
37598;450101.21;4796951.73;210.36
70366;449779.1;4796600.2;231.72
86752;450695.83;4797085.83;231.55
103137;449535.56;4796789.98;232.78
86754;449715.35;4796646.18;237.17
4838;449725.19;4796488.86;272.68
45799;449953.7;4796991.55;235.7
86758;449930.38;4796549.31;235.6
29419;449800.37;4796870.95;236.55
13036;450519.28;4796917.64;243.57
53997;450597.14;4796813.47;275.06
53996;449896.82;4796864.77;194.0
13044;449202.69;4796694.56;153.47
78581;450874.51;4796975.36;238.98
29432;449931.96;4796838.0;196.84
70392;450102.96;4796947.54;242.07
45818;450692.61;4797016.78;275.52
70394;450813.89;4797173.86;288.03
70396;450050.96;4796943.22;242.13
86781;449816.35;4796935.32;193.08
78590;449819.5;4796891.51;238.63
13052;449882.63;4796798.58;196.08
13056;449250.09;4796847.71;191.57
78586;450001.6;4796681.02;266.04
86786;450012.04;4796993.86;237.29
54016;449983.44;4796611.04;290.54
70405;449527.9;4796470.51;271.62
86790;449912.6;4796545.49;232.86
103177;450849.46;4796945.74;240.37
29451;450001.37;4796679.16;266.73
13073;450011.47;4796981.99;241.99
21270;450108.03;4796971.31;204.39
45849;450514.27;4797143.2;243.78
29467;449734.44;4796472.24;324.64
45853;449976.61;4796603.48;264.68
45857;450838.98;4797059.71;248.39
86818;450088.0;4796939.0;285.0
62241;449730.75;4796490.25;274.77
95012;449923.74;4796925.24;208.66
4897;449724.39;4796469.22;328.35
62246;449926.56;4796930.56;205.63
62249;449972.47;4796922.72;203.55
13099;449975.88;4796920.16;240.99
37678;449791.97;4796839.23;198.43
37679;449990.72;4796939.79;240.85
29488;450124.5;4796999.15;201.8
37688;449981.15;4796773.09;202.32
45884;449672.5;4796311.14;198.45
45886;449329.8;4796841.92;188.58
29507;450915.25;4796944.67;251.65
62276;450539.26;4797060.78;239.32
54089;450199.78;4797087.49;211.52
13130;450145.04;4797014.74;237.73
78667;450864.04;4796952.32;236.19
21326;449827.3;4796513.54;296.89
103247;450730.1;4796978.64;237.58
103255;450871.53;4797065.97;256.08
54105;450003.43;4796951.02;240.74
54109;450781.33;4796997.03;193.77
95070;450802.27;4797194.46;225.95
62301;449929.04;4796770.28;242.42
86886;449831.25;4796890.15;236.48
103275;450007.93;4796688.19;266.59
103276;449718.78;4796481.13;321.11
4973;450014.23;4796678.07;266.13
70510;450559.53;4797042.52;239.59
86895;449873.33;4796502.57;264.85
78703;449377.5;4796652.71;189.01
70515;450943.62;4796991.6;200.51
103284;449421.46;4796889.11;188.77
95092;449286.35;4796860.77;192.24
78711;450726.47;4796968.49;240.69
29565;449981.63;4796996.54;238.92
86910;449959.97;4797057.15;184.47
29569;450276.99;4797081.87;237.1
95107;450869.67;4796956.21;239.71
95120;449943.7;4796763.85;200.42
21393;449874.58;4796891.21;239.12
95121;449984.57;4796751.14;241.82
78736;449438.98;4796612.1;192.03
103322;449876.06;4796502.68;273.93
86939;449957.14;4796763.81;201.59
37787;449974.73;4796767.73;203.05
86942;450105.96;4796950.46;281.7
54185;450875.11;4797052.44;250.21
86955;450136.0;4796921.99;241.55
45997;450616.01;4796865.06;282.72
70577;450859.98;4797187.1;233.37
78771;450170.06;4796964.37;263.24
103348;450858.22;4797188.94;233.83
54200;449951.58;4796935.93;239.86
29624;450046.42;4796954.22;241.27
37818;450829.73;4797180.87;271.07
70589;449971.87;4796721.64;245.24
5058;449330.2;4796665.17;190.9
70595;449799.17;4796861.38;230.47
103371;449801.98;4796506.27;221.65
78796;449714.89;4796490.71;269.64
95183;450689.39;4797085.93;232.17
13264;450868.71;4797042.71;255.55
5075;449857.6;4796954.33;189.52
103380;449536.35;4796557.41;192.58
95201;450326.14;4797141.98;234.46
87009;449326.74;4796658.83;202.58
5099;450856.71;4797176.61;235.19
5100;449709.15;4796639.97;238.17
70644;449537.73;4796278.44;198.23
95221;449973.46;4796942.8;240.96
21494;450854.72;4797001.58;234.32
13302;450024.5;4796960.5;240.97
13305;449997.94;4796755.48;218.35
46074;450921.8;4796995.57;246.58
103421;450811.32;4797181.97;273.13
29698;450072.26;4796778.77;252.56
37891;449229.08;4796642.65;166.35
87052;450873.72;4797060.91;247.98
70668;450022.61;4796762.43;230.38
29710;450257.27;4796957.36;225.58
70671;450034.72;4796978.38;235.64
37907;450649.88;4796890.46;242.04
13334;450736.86;4797202.26;245.14
87063;450744.89;4797129.14;253.32
54296;450837.03;4797067.88;247.47
21527;450847.87;4797184.54;267.83
62489;450368.24;4797166.01;244.08
70683;450848.04;4797048.65;252.4
70681;449777.36;4796525.36;291.76
62491;449926.24;4796567.94;245.24
78878;450402.21;4796722.41;282.01
13343;450691.83;4797094.6;214.62
37920;449212.1;4796657.27;151.16
103458;450596.39;4797069.63;236.72
21538;450712.7;4797202.46;243.5
62500;450592.24;4796846.44;276.43
87089;450814.75;4797105.05;236.16
54326;450104.83;4796993.57;199.72
46141;450191.79;4796992.51;239.46
62531;450421.4;4796722.76;284.68
5188;449936.23;4796572.39;241.8
87109;449915.04;4796922.83;202.97
87110;450916.47;4797005.46;222.97
62537;449628.57;4796501.54;213.88
21581;450807.46;4797109.74;240.65
62543;450004.07;4796713.98;258.17
78930;449862.61;4796870.79;236.3
87124;450677.65;4796991.15;229.81
70740;450893.2;4796995.02;219.76
87128;450099.17;4796993.45;238.36
29789;450147.56;4797010.85;215.62
95329;449886.04;4796911.79;190.6
95338;450798.13;4797133.89;231.15
37996;450492.15;4796739.47;285.12
103532;450237.64;4796765.14;276.63
29806;450552.19;4797065.64;240.91
62576;450614.85;4796910.87;244.37
21618;449999.2;4797021.09;242.28
70777;449712.93;4796822.44;234.35
62586;450841.98;4796964.91;219.79
38011;449736.96;4796736.94;201.94
46207;449706.02;4796816.5;234.83
54400;449776.76;4796639.2;231.6
95369;450232.1;4796992.96;223.42
70795;450723.37;4797203.62;244.74
21646;450928.45;4796932.32;254.8
29839;450057.87;4796942.9;242.21
78991;450020.29;4796723.04;211.4
38033;450051.71;4796772.71;239.8
78993;449784.23;4796533.03;297.95
70803;450703.01;4797072.82;245.27
78995;450873.49;4797131.3;237.25
54421;450220.01;4796994.08;225.74
103571;450235.86;4796990.18;219.35
87188;449877.25;4796873.59;191.87
54426;449455.66;4796943.41;190.48
13471;449876.2;4797175.04;186.41
87200;450689.25;4797013.36;203.34
79010;450368.87;4796989.42;238.64
95396;450510.76;4797146.61;241.28
38052;449934.27;4796545.97;234.06
54443;449372.23;4796841.36;182.09
87212;450830.49;4796983.72;190.29
95406;449926.98;4796764.82;200.28
62639;450310.64;4796750.29;273.33
46255;450951.66;4796977.66;199.38
54455;449959.52;4796772.16;242.67
21691;450112.18;4796951.63;280.5
79039;449588.41;4796392.6;193.83
46272;450858.7;4797181.95;247.63
54465;450869.89;4797091.35;229.62
38082;450363.65;4797164.85;244.19
5314;449746.35;4796605.3;230.09
70852;449987.54;4796955.49;199.16
5317;450624.76;4796922.02;249.37
38085;449621.39;4796506.38;218.36
70856;449625.74;4796322.33;195.72
5322;449713.04;4796471.03;275.49
79051;449876.75;4796888.85;236.34
5325;450937.25;4797038.08;187.29
21711;449310.0;4796747.22;187.71
29910;449633.24;4796842.1;234.95
87255;450251.67;4796963.65;223.41
62686;450843.04;4796970.45;223.42
5348;450733.28;4796974.47;239.26
103655;449749.02;4796505.28;283.02
87273;450867.0;4797109.31;236.92
38121;449502.93;4796764.6;234.59
79083;450860.35;4797177.3;240.24
103662;450540.47;4796930.86;246.33
46321;449592.01;4796391.76;193.83
87282;450103.58;4797030.01;265.56
103666;449313.44;4796662.63;193.9
29940;450723.99;4797005.37;189.42
21751;449785.47;4796538.17;227.74
38139;450851.52;4796953.68;241.23
95483;449886.6;4796869.63;192.79
54525;450023.34;4796959.25;241.12
38145;450041.69;4796764.79;237.15
46339;449605.16;4796493.1;253.94
70921;449836.47;4796896.63;237.6
21770;450844.4;4797186.77;234.36
87308;450866.58;4797094.58;234.51
46349;450583.67;4796975.5;243.7
79116;450070.08;4796788.59;224.35
62732;449967.37;4796715.01;250.89
13583;449623.06;4796504.24;216.3
70938;449865.5;4796496.53;254.83
21788;449759.32;4796845.57;233.75
21792;450023.77;4797043.44;184.65
29984;449316.62;4796756.21;189.52
5410;450697.66;4797098.7;233.83
54562;449771.74;4796636.03;230.64
38183;449969.34;4796972.89;241.4
103719;449928.46;4796852.93;194.8
46377;450757.44;4797193.96;240.99
21802;450781.37;4797119.61;232.99
46379;450393.21;4796751.66;274.96
29996;449787.6;4796847.47;197.86
95532;450019.81;4796717.68;212.95
87343;449766.44;4796625.83;230.76
38192;450923.95;4796984.69;248.34
62769;450223.88;4797006.12;203.38
87346;449917.07;4796583.8;280.04
30003;450045.74;4796767.3;237.74
5430;449938.76;4796539.57;232.97
95544;449736.52;4796753.22;232.47
87357;449313.11;4796848.27;187.32
30014;450104.67;4796948.88;281.49
87361;449304.01;4796854.17;189.3
54595;450788.17;4796991.08;192.63
21828;450687.66;4797012.66;202.37
38213;450644.35;4796929.76;246.14
13641;449775.81;4796639.81;231.66
95565;450231.57;4797012.65;238.04
70997;449906.24;4796914.86;240.8
87385;449756.67;4796713.99;234.79
30043;450194.34;4796978.32;240.72
46428;450783.06;4796997.35;193.0
38236;449613.9;4796350.16;195.41
95583;450857.52;4797220.03;253.77
46433;450176.44;4796964.34;266.78
62819;450730.23;4796949.67;238.14
95588;450687.99;4796979.89;235.1
95597;449715.4;4796466.36;271.03
5487;449777.45;4796590.37;232.28
30067;449643.72;4796503.42;198.86
46452;450401.85;4797048.93;239.76
5496;450134.09;4797071.57;238.26
54652;450128.42;4796917.64;220.83
95613;450877.56;4797101.3;225.28
30076;449865.36;4796540.02;284.64
87423;450912.36;4797010.72;244.15
95618;450687.88;4797048.79;273.66
5515;450870.0;4797137.83;237.24
13708;450073.62;4796936.89;242.05
21902;450387.05;4797176.63;244.42
46480;449725.35;4796484.33;327.76
38296;449772.57;4796880.45;191.63
95642;450852.72;4797178.83;235.67
13726;450050.65;4796755.53;247.87
95653;449585.31;4796473.36;236.15
54696;449772.5;4796555.46;231.17
5545;450723.93;4797026.18;192.54
30123;450041.42;4797045.18;188.72
21935;449961.35;4796774.11;242.34
95666;450025.32;4797029.81;184.11
13746;449424.44;4796910.76;186.56
95671;450156.9;4797056.87;240.07
79291;450826.29;4797177.47;273.19
95685;450864.36;4797055.46;258.74
95691;449252.72;4796643.82;190.59
103886;450698.15;4797063.07;272.25
95695;449324.92;4796846.34;192.38
71120;449968.67;4796769.38;201.37
79313;450553.71;4797050.84;241.09
46547;449282.81;4796866.6;189.98
30164;449860.08;4796515.72;240.46
30163;449713.84;4796500.54;270.16
71129;450057.11;4797036.32;185.17
103901;449812.12;4796921.3;189.02
103902;450050.44;4796946.51;242.32
5604;450092.93;4796929.03;234.48
13802;449982.66;4796762.84;243.71
5612;450327.76;4797035.47;237.91
21997;449495.44;4796950.98;193.71
5615;449723.73;4796477.92;270.29
30196;450072.37;4796969.51;196.0
87541;450750.25;4797126.97;246.05
103927;450131.46;4796918.85;224.68
71160;449957.67;4796981.1;236.86
5627;449211.77;4796696.19;154.01
22012;449518.5;4796456.34;268.8
87553;450208.71;4797001.42;238.18
5634;449231.58;4796842.31;191.33
62980;450828.2;4797173.9;278.96
87557;449719.49;4796481.32;320.89
30214;450856.58;4797152.45;239.23
95751;449723.08;4796481.3;328.33
79367;449641.42;4796445.59;193.83
62992;450908.77;4796997.57;214.57
5651;450725.99;4797206.87;244.67
46612;449746.85;4796561.04;229.76
71189;450271.22;4797077.42;237.61
103962;450689.96;4797065.2;258.12
103965;449650.32;4796485.86;192.67
63006;449646.89;4796485.82;210.84
95776;449591.22;4796507.0;191.48
103969;450818.47;4796994.77;194.14
38436;450813.55;4797176.6;278.18
38438;449299.79;4796857.87;194.72
22056;450102.95;4796967.84;216.26
38440;449781.96;4796640.66;231.64
22058;449742.64;4796474.2;320.85
103979;449292.4;4796645.58;193.86
38444;450497.0;4796987.23;242.09
54830;450663.29;4796938.5;242.72
79415;449837.0;4796476.36;239.8
103993;450786.23;4796998.92;195.17
30266;449767.63;4796533.84;210.68
87613;450001.39;4796734.77;213.11
71229;449621.83;4796503.59;216.86
38463;450013.04;4796992.85;200.96
13888;450095.78;4796993.65;199.39
95808;449772.12;4796491.39;326.35
104003;449650.04;4796849.41;234.52
5700;450127.01;4796984.66;203.81
104006;450933.87;4797023.25;191.63
13895;449971.88;4796726.06;241.79
46667;449875.7;4796804.61;197.92
13901;450248.34;4796986.67;219.65
63057;450806.92;4797219.72;261.16
46674;450213.55;4797055.15;237.44
87638;450582.33;4796838.33;238.65
63063;450865.1;4797069.02;258.45
79447;450835.42;4796996.9;241.77
95833;450068.07;4796793.37;223.24
71256;450078.65;4796781.72;257.14
95831;449878.03;4796516.04;244.28
38490;449984.91;4796594.56;277.45
79453;450584.53;4796830.65;236.86
13919;449605.16;4796493.1;236.64
63072;449896.54;4796830.28;194.37
54880;449230.95;4796646.62;165.96
54885;450126.19;4797008.42;195.25
87655;450852.55;4797006.75;230.1
63087;449550.13;4796907.48;164.24
79478;449877.55;4796889.15;236.18
30327;450699.19;4796992.9;190.93
30330;450574.71;4797048.07;242.47
54906;450099.73;4796990.95;238.76
95867;449740.18;4796686.86;235.25
79485;449962.54;4796744.71;237.54
79487;450663.37;4796931.85;242.01
71300;450529.94;4796936.41;246.19
13958;449854.35;4796482.04;241.73
79495;449996.04;4796777.59;202.04
5770;449952.07;4796953.9;194.04
38541;449554.95;4796462.25;233.98
30351;450142.8;4797007.3;208.48
104080;450789.46;4796940.48;240.16
63122;450621.99;4796861.4;285.01
13974;450839.81;4796960.2;229.05
30364;450879.96;4797096.05;230.86
22172;449199.2;4796666.44;157.93
63135;449780.57;4796827.5;203.21
54946;449890.12;4796972.77;188.72
30374;449992.69;4796980.18;237.66
46759;449637.78;4796492.46;211.18
95912;450002.5;4796688.61;264.88
14000;449795.87;4796920.2;190.6
54961;450083.53;4796925.23;241.53
87729;449933.1;4796582.51;245.58
46771;450688.72;4797068.87;271.72
46777;449583.56;4796922.09;174.26
79546;450608.46;4796896.55;252.4
79547;450285.31;4797087.21;236.76
104131;450236.78;4797061.66;237.53
54986;450108.19;4796987.24;199.34
95947;450685.8;4797067.25;266.78
30412;450570.32;4797052.65;240.21
63182;449826.77;4796558.19;296.75
87760;450845.76;4796998.88;230.42
71379;449232.23;4796647.2;178.75
46806;449960.7;4796587.34;275.28
5850;450801.18;4797195.77;271.95
95962;449931.96;4796545.78;233.55
71391;450038.73;4797018.18;189.51
30432;450699.86;4797101.42;215.19
104161;450118.82;4796933.64;247.25
30434;450123.32;4797012.91;239.56
14052;450759.84;4797010.35;193.22
55012;450743.62;4796935.67;218.3
22251;449509.94;4796954.31;191.09
30445;450236.05;4796995.7;202.33
104178;449865.26;4796518.12;243.61
71411;450679.66;4797012.95;229.71
87795;449866.86;4796499.46;244.39
55034;450115.39;4796966.19;205.22
79618;449337.96;4796664.59;191.05
79624;449470.44;4796950.69;189.66
104204;449993.23;4796718.63;252.9
14094;450750.71;4797125.7;245.53
104206;449889.73;4796901.41;190.69
46864;450025.08;4796772.5;212.35
96021;449235.81;4796647.01;183.69
55064;450914.51;4797004.14;228.04
14104;449994.15;4796756.15;246.06
79645;450478.66;4797178.23;239.33
96032;450140.36;4797014.37;237.97
14112;449738.48;4796473.25;321.74
87842;449922.44;4796764.12;200.28
87844;450868.47;4797158.79;233.28
38694;450149.69;4796947.44;245.45
63271;450354.46;4796749.31;277.71
55087;450813.49;4797086.6;241.74
22325;450409.3;4797019.26;236.56
46901;449736.19;4796765.55;235.36
71482;450077.2;4796938.13;241.99
71490;450013.64;4796934.23;203.2
96068;449851.86;4796484.12;242.01
46918;449688.61;4796571.29;230.77
22343;449716.12;4796471.8;323.06
63309;450120.85;4797030.19;187.79
79696;450602.35;4796920.15;242.49
71504;449354.93;4796822.02;187.92
96085;450131.58;4797006.57;198.87
46938;450041.06;4796772.15;248.57
96093;450776.64;4796942.11;238.54
38750;449529.78;4796462.48;266.93
104291;449930.81;4796550.91;236.41
87909;450781.12;4797259.37;266.19
38764;450159.31;4797012.65;233.77
63346;449964.09;4796917.38;204.24
96114;449442.69;4796921.55;189.56
46966;450934.55;4797016.42;191.39
22392;449953.7;4796991.55;225.2
6008;449979.02;4796937.64;241.38
63356;450099.37;4796992.94;199.91
6015;450070.32;4796979.12;231.94
104321;449632.91;4796525.22;269.36
6018;449862.49;4796500.32;246.75
87945;450876.01;4797034.22;255.64
63378;450500.34;4796729.42;283.17
14226;450003.24;4796951.94;240.86
96147;449962.16;4796764.41;244.95
22421;450366.36;4797053.81;237.22
104342;450679.18;4796988.77;233.57
71571;449799.35;4796510.23;309.03
96150;449726.62;4796476.04;333.77
87964;450678.43;4797004.94;242.78
47004;450087.0;4796984.66;198.7
22430;449649.85;4796448.45;193.83
22434;449856.13;4796481.97;242.93
55203;449208.04;4796694.92;154.71
30628;450713.43;4797074.86;237.13
6052;450691.9;4797002.18;194.06
87972;450352.33;4797167.87;220.12
71595;450013.05;4796992.79;197.55
22451;449738.92;4796764.9;237.63
38838;450875.81;4797096.92;214.39
22455;450236.81;4796999.12;202.95
6070;450087.96;4797021.07;294.03
87999;449782.67;4796899.93;190.18
47040;450057.07;4796953.39;242.05
104385;450049.41;4796783.63;216.47
47042;450843.02;4797004.06;231.49
55231;449512.93;4796454.11;268.59
63428;450147.19;4796946.92;245.0
71626;450048.29;4796943.07;241.89
96202;450075.23;4796942.53;202.63
79820;449927.14;4796770.98;240.78
14285;449296.44;4796860.7;184.95
88014;450962.42;4796963.69;201.43
88019;449526.06;4796462.04;262.12
38868;449186.95;4796692.4;154.67
47066;450066.69;4796994.37;237.68
79834;450801.98;4797144.53;229.0
30685;450088.75;4796987.91;198.94
104418;450497.14;4797170.83;238.89
63465;449874.38;4796503.43;272.39
63466;449489.9;4796952.27;191.53
55275;450582.2;4797054.03;244.73
55277;449748.49;4796613.82;231.11
63472;449757.09;4796484.15;310.16
96244;449548.69;4796806.08;233.22
104437;449827.73;4796496.71;234.0
88058;449988.25;4796983.5;193.0
55292;450145.04;4796980.83;220.77
22529;449311.39;4796738.0;192.53
79881;449963.47;4796976.66;238.55
38924;450099.1;4797026.95;274.34
96273;450614.08;4797035.46;235.83
104468;450517.39;4797117.41;237.59
55317;450594.21;4796813.17;274.49
22552;449952.99;4796759.81;246.57
30746;450846.58;4797143.05;231.93
96283;449581.93;4796385.67;194.42
104476;449735.25;4796756.11;238.41
47134;450725.26;4797085.3;283.32
55331;450867.61;4797105.72;219.04
22566;450601.0;4797055.53;235.92
22569;450210.22;4797006.12;207.7
96298;450956.83;4797013.21;194.07
14384;450523.45;4797131.57;237.59
38969;449736.3;4796473.03;324.34
55355;449228.65;4796621.27;163.13
6206;450870.35;4797105.59;220.51
71745;449621.27;4796299.87;197.25
47171;450361.62;4797172.63;229.24
14403;449979.76;4796606.89;260.04
96328;450494.33;4797065.62;246.51
30793;450203.19;4796996.62;235.02
14409;449722.66;4796478.49;277.83
63563;449703.69;4796656.19;234.73
104524;450697.66;4797098.7;215.13
22605;450910.93;4796947.72;251.28
79950;450677.44;4796997.9;232.55
71759;450472.12;4797094.61;237.0
71764;450597.83;4796810.71;245.68
14420;450237.19;4796990.87;215.13
104535;450801.72;4797123.61;239.52
39000;450704.89;4797114.5;211.44
63583;450096.91;4796986.31;190.61
39008;449996.54;4796991.1;192.83
63585;450051.85;4797023.31;186.12
71784;449773.12;4796491.32;327.36
30825;449550.41;4796908.92;164.52
22634;449945.53;4796981.55;188.06
79977;449315.58;4796720.9;201.37
47213;450004.2;4796700.38;262.13
14446;449868.9;4796497.84;262.64
63600;450694.32;4797012.95;208.25
63602;450193.28;4796996.97;238.46
47218;450062.65;4796770.36;249.71
47220;449443.54;4796920.32;192.62
47223;449602.69;4796501.35;268.41
104569;450870.7;4797103.31;220.39
47231;450050.08;4796949.56;242.75
22657;450948.77;4796992.67;196.83
6274;449955.82;4796915.35;206.39
96386;450155.58;4796950.5;246.34
88197;450161.15;4797013.61;234.44
14475;450020.87;4796679.21;272.64
96397;449789.65;4796499.01;310.85
55439;450040.26;4796769.11;214.22
39056;449711.96;4796468.91;273.49
14483;449919.22;4796545.34;240.5
14485;449764.5;4796629.42;231.34
96406;450077.37;4796984.78;197.58
6298;450867.97;4797096.97;230.3
47259;450119.17;4796926.61;242.02
96415;449249.52;4796625.5;163.18
80032;450871.71;4797119.1;234.84
22688;450836.11;4797010.17;220.49
96416;450746.83;4796934.27;221.45
63652;449568.09;4796915.26;171.85
47270;450534.88;4796935.25;248.37
80038;450123.23;4796894.23;222.75
22696;450650.09;4796892.71;244.15
80042;449705.92;4796643.28;234.68
39082;450074.7;4796786.98;224.52
88235;449200.57;4796671.86;161.43
71857;450691.71;4797015.8;214.48
96434;449770.18;4796631.64;231.55
96435;450123.18;4797007.53;237.64
14516;450898.56;4796956.92;241.59
96437;450406.67;4797033.94;235.84
63669;449916.29;4797178.9;187.72
96441;449755.75;4796709.86;234.5
14523;450049.81;4796802.23;233.53
71873;450154.16;4797016.9;221.68
55490;449958.99;4796948.42;239.77
47308;450017.42;4796724.51;212.09
104655;450813.09;4797208.88;260.29
71888;450352.55;4797166.59;220.12
63697;450856.85;4796957.45;241.09
30930;449894.34;4796816.15;195.49
14558;450867.24;4797105.01;224.92
30948;450123.23;4796912.22;220.41
71910;450595.31;4796808.52;281.09
80103;449458.8;4796946.31;193.26
104682;450801.15;4797218.1;263.11
39151;450877.25;4796973.88;239.7
47344;450750.34;4797017.84;240.5
14578;450223.32;4796773.21;270.91
39154;449886.85;4796528.76;241.81
96500;449273.18;4796636.43;191.9
6389;450172.85;4797016.63;238.42
104692;449661.34;4796311.71;197.77
55544;450877.62;4797077.6;241.57
47353;450139.15;4796926.41;224.34
6394;450506.5;4797073.78;244.45
14587;449632.26;4796319.71;198.72
63740;449966.11;4796730.43;241.43
63746;449571.91;4796810.36;232.92
22788;449234.94;4796628.53;167.61
55560;450699.09;4797025.58;214.77
88328;450076.68;4796988.62;197.4
104712;449935.94;4796582.93;250.55
71948;449985.51;4796597.66;277.61
30990;450318.82;4796769.36;249.4
71950;450355.72;4797168.49;222.01
55567;449767.13;4796604.79;231.0
47382;449313.99;4796691.82;194.05
71965;449532.9;4796277.82;197.98
104735;449887.47;4796558.72;284.12
104737;449613.23;4796943.87;189.26
71969;449762.11;4796488.81;314.99
22827;449423.24;4796902.36;185.97
88364;450316.35;4796749.08;264.66
96555;449752.51;4796615.9;231.35
39222;449887.09;4796850.99;193.32
63799;450082.18;4796986.99;197.68
6455;449505.87;4796765.05;234.11
6461;450076.87;4796785.96;228.21
14653;450003.27;4796651.39;288.25
47424;449943.72;4796928.26;197.87
88384;449307.67;4796852.83;190.2
14660;449996.64;4796716.4;252.47
72005;450571.47;4796980.36;243.2
14661;450868.52;4797148.13;235.55
6470;450147.72;4797027.8;188.68
39241;450034.6;4797000.86;189.57
88395;450046.96;4796777.62;216.13
39244;449576.05;4796919.65;174.08
31054;450080.15;4796763.05;229.2
31055;449524.1;4796558.52;193.0
63822;449995.6;4796587.23;277.8
104785;450859.48;4797178.78;255.5
39247;450005.02;4796585.04;278.95
47447;449869.81;4796498.89;263.3
39259;449947.33;4797012.98;187.27
22877;450104.52;4796990.67;190.32
80233;449937.55;4796543.97;234.91
22890;450391.21;4796760.83;278.47
22892;450715.64;4797003.94;189.12
55665;449823.32;4796943.93;189.76
6517;449771.44;4796877.67;191.57
39287;450524.81;4797139.96;237.59
63863;449913.53;4796545.23;230.59
96637;450591.7;4797042.64;252.62
96640;450611.61;4796857.9;283.09
39297;450698.27;4797071.35;247.58
31108;450848.37;4797190.73;236.51
72068;449975.4;4796611.67;262.58
14728;449846.33;4796478.45;238.92
47499;449771.93;4796521.54;287.11
96655;449961.84;4796931.79;239.93
22934;449946.23;4796574.95;255.45
14744;450250.28;4796959.64;222.76
55707;450564.21;4796771.83;276.99
88476;449315.37;4796710.94;197.22
104862;450530.35;4796886.71;265.23
31134;450389.38;4796996.98;236.27
39328;450762.11;4797176.49;240.58
55714;450749.06;4796995.36;237.59
63907;449586.06;4796932.57;188.04
69690;449531.76;4796464.74;268.53
31142;450751.5;4797015.38;194.07
6568;450120.06;4796940.74;260.49
80301;450234.3;4796982.46;227.12
6574;449765.74;4796608.53;230.79
96687;449565.89;4796534.4;191.69
88498;450709.31;4797080.75;236.65
63924;450582.28;4796844.04;239.2
63925;450099.44;4796966.0;209.55
39354;450354.65;4797167.14;221.48
31163;449469.9;4796948.23;192.27
88510;450401.58;4796963.6;237.26
14793;450778.61;4797124.54;285.94
72139;450353.56;4797167.22;221.48
22988;449761.74;4796619.95;231.03
63949;449912.97;4796919.93;206.67
31185;450144.89;4796945.2;244.6
47570;449223.33;4796618.15;162.59
39379;450951.66;4796991.25;195.53
55764;449767.16;4796893.58;190.27
31188;449226.69;4796620.87;162.8
63955;449632.95;4796480.68;192.81
72152;450864.74;4797037.43;250.75
47580;450860.05;4797176.0;239.89
96739;450254.34;4796956.05;224.84
31206;450096.84;4796941.19;260.24
104934;450021.24;4796693.75;215.6
23016;449981.71;4796758.73;241.55
47595;450111.99;4796920.43;219.13
104943;450043.9;4796756.0;238.8
23024;449719.91;4796481.08;272.5
96756;450072.37;4796982.76;234.86
39414;449864.58;4796488.77;246.55
63992;449875.98;4796872.24;192.29
6653;450473.28;4797191.02;240.06
80382;450656.3;4796926.07;243.94
88573;449860.93;4796529.16;278.14
104962;450107.39;4797014.86;238.27
39427;450112.72;4796979.13;206.73
23043;449853.67;4796506.04;244.18
104965;450863.05;4796996.12;234.67
80386;449533.51;4796546.99;192.39
31241;450013.08;4797032.8;185.17
88588;449955.65;4796954.9;239.22
39437;450882.43;4796940.85;245.7
72214;450072.34;4796941.47;242.03
88600;450015.67;4797007.3;192.33
64031;449932.67;4796569.49;242.04
104993;449717.44;4796814.16;235.31
47653;450737.97;4797019.71;193.62
6697;450035.75;4797013.37;189.97
31275;450870.67;4797066.63;260.5
31276;449553.42;4796812.51;233.08
64046;450013.66;4796680.84;267.39
6713;449195.15;4796685.48;158.5
80443;449867.87;4796906.17;190.81
105020;449975.72;4796712.97;250.83
96831;449761.09;4796527.59;197.57
64065;450896.01;4796995.8;220.36
80449;449772.04;4796904.03;189.78
64067;450710.23;4797068.85;275.76
39492;450756.52;4797132.64;234.93
105034;450042.18;4796954.91;241.1
88652;450675.44;4796992.05;229.56
23116;450514.48;4796905.62;247.85
55886;449240.53;4796621.72;165.8
72271;450878.46;4797081.97;238.63
55889;450065.18;4796940.95;242.12
105043;450466.52;4796927.15;247.06
88664;450683.86;4797010.57;229.77
96859;449300.67;4796859.79;186.52
31324;450026.36;4796643.69;288.13
80480;449338.42;4796806.25;189.15
105056;449898.16;4796538.85;240.89
64104;449884.2;4796877.32;192.01
96874;450843.04;4797190.81;268.94
14958;449591.67;4796515.06;192.18
14963;450616.44;4796861.74;282.99
96887;449466.82;4796949.25;189.59
105081;450130.45;4797029.28;188.51
64126;450023.65;4796706.33;212.48
105090;449559.67;4796907.41;164.35
14979;450132.46;4797034.81;240.52
64132;450836.73;4796982.5;249.45
47754;449733.27;4796493.74;274.77
72331;449610.47;4796343.76;196.17
31375;449964.61;4796909.0;206.54
31377;449653.55;4796311.35;197.63
14994;450045.5;4796768.98;237.74
6805;449601.49;4796361.81;195.34
31382;450353.75;4797172.78;210.67
31384;449649.75;4796607.96;233.09
15001;449367.32;4796833.03;186.26
80538;450092.79;4796993.41;199.55
88731;449968.48;4796732.27;241.32
31390;450837.73;4796972.08;247.23
64163;449865.31;4796518.9;241.79
88745;449886.24;4796879.5;234.37
6827;450800.52;4797127.25;237.0
105132;450769.62;4797003.85;194.2
39597;449971.33;4796919.96;203.28
6828;449964.33;4797066.91;185.03
96944;449910.07;4796542.57;236.73
96946;450668.92;4796946.39;240.88
6837;450500.09;4796720.04;283.67
72373;450581.46;4796821.2;237.3
55990;450803.62;4797189.65;212.95
96952;450498.45;4796734.5;289.06
23223;449992.84;4796963.82;197.19
105143;450045.87;4797032.74;184.39
47809;450815.71;4797169.69;288.44
15046;449212.17;4796837.54;190.63
88776;450595.26;4797044.74;239.89
15050;449844.31;4796952.05;189.87
80588;449358.22;4796824.31;189.96
56018;450827.74;4796946.05;239.98
105171;449711.56;4796625.29;234.17
6874;450580.06;4797073.16;238.12
88795;450584.72;4796971.79;241.56
80602;449966.9;4796597.35;276.03
15072;450573.4;4797075.66;236.81
31458;450838.96;4796964.82;252.11
72420;450838.25;4796959.73;217.71
23271;450143.51;4797007.14;237.86
56044;450114.36;4797021.91;188.37
15084;449734.76;4796741.95;230.63
23279;449257.6;4796855.02;191.39
47855;449331.75;4796664.27;190.75
23281;449632.26;4796319.71;196.82
64244;449751.75;4796545.49;190.27
6902;450833.37;4797135.2;228.41
31479;450389.65;4797026.16;237.01
64248;450560.34;4797105.3;237.73
64247;450854.54;4796957.17;247.73
31480;450032.46;4797010.66;187.62
39672;449380.51;4796855.02;186.97
105216;450474.22;4796744.12;282.85
6914;449626.1;4796832.4;234.32
39689;449789.54;4796864.48;235.4
15117;449938.9;4796969.64;237.75
64270;449836.96;4796889.49;237.44
31502;450774.98;4797120.86;238.06
88851;450817.36;4797079.05;245.34
97045;450870.02;4797165.1;233.28
6936;449253.68;4796849.85;191.05
31514;450069.89;4797024.67;186.25
56092;449517.29;4796778.46;231.28
80669;450536.76;4796881.26;266.5
105245;449944.38;4797084.83;184.13
97057;449964.09;4796917.38;206.54
56098;450090.43;4797031.84;186.18
15137;449722.98;4796473.61;329.71
39717;450863.81;4797151.94;236.57
6954;449291.28;4796643.73;193.44
97068;450581.81;4796842.17;239.98
31533;450693.54;4797033.99;277.03
80685;450824.29;4797191.98;245.04
39725;449871.38;4797172.37;188.2
105266;450023.21;4796949.43;194.08
80692;450223.13;4797121.07;239.72
6972;450153.48;4797056.72;241.19
6982;449980.2;4796975.89;239.91
105289;449242.94;4796645.72;189.57
6988;450872.21;4797094.42;216.62
47950;450862.63;4797060.04;261.61
23376;450428.49;4797014.8;238.57
105297;450501.92;4796731.12;284.41
80721;449843.89;4796813.73;226.96
56147;449996.9;4796944.05;239.68
88913;449882.96;4796794.67;196.84
72532;449770.13;4796493.03;326.52
88923;450597.83;4796810.71;265.38
80732;450084.78;4797029.27;186.0
23392;450811.63;4796935.79;240.65
88932;450411.57;4797030.74;236.56
23396;449995.58;4796944.69;239.67
105319;450174.0;4797042.85;237.77
64360;450258.22;4796961.01;227.85
39783;450920.89;4797014.46;205.77
72552;449940.1;4796939.66;193.72
15207;450053.09;4797022.53;186.87
64367;450110.7;4796953.12;259.6
97138;450195.61;4796964.76;273.76
88949;450119.1;4797012.49;241.0
15222;450855.36;4797005.18;229.47
97144;450615.43;4796882.49;276.65
56185;450003.4;4797006.57;232.92
31615;449949.47;4796916.95;198.31
88964;449904.73;4796941.87;188.58
105348;449540.2;4796281.94;198.61
105350;450724.73;4797020.77;191.24
72582;450007.24;4796991.58;196.56
105352;450041.09;4796773.0;248.04
23439;450563.82;4797041.35;240.29
39824;450686.26;4797080.0;231.99
31633;449542.18;4796458.15;240.23
48019;450868.36;4797146.13;236.06
80789;449795.68;4796852.45;192.51
105373;450088.0;4797021.0;302.0
39839;449913.79;4796854.83;194.11
64417;449983.61;4796932.6;203.03
64419;450851.42;4797006.1;231.31
72613;449905.78;4796859.12;193.63
80807;450115.25;4796985.61;202.91
7080;450404.01;4796982.76;236.27
105385;450123.76;4796895.08;228.39
80810;450116.67;4796934.19;241.73
105387;450744.42;4797127.6;249.61
23463;449620.27;4796305.82;197.31
64429;449748.48;4796565.17;231.2
72621;449768.97;4796601.07;230.86
48046;449980.88;4796599.92;276.15
56237;450005.55;4796592.76;278.95
7089;449979.14;4796715.61;251.67
39861;450173.76;4797036.41;237.54
48060;449873.23;4796515.57;281.67
105405;450584.13;4796826.95;240.57
72638;449727.65;4796476.56;332.73
56258;450874.79;4797102.13;223.86
64451;450116.69;4796931.91;242.05
56262;449959.12;4796767.68;243.84
64463;450104.28;4796928.64;216.68
39890;449641.25;4796498.06;196.49
56277;449771.55;4796587.63;232.18
31702;449710.89;4796466.37;273.01
7126;449632.3;4796515.73;269.39
15325;450597.83;4796810.71;257.18
72669;450870.36;4797096.11;234.64
15327;450767.72;4797164.94;241.18
105437;449723.19;4796608.9;232.16
97246;449855.61;4796514.21;238.11
72675;450828.85;4796968.01;256.82
89060;449842.2;4796922.31;191.39
48102;449960.77;4796755.68;242.68
23530;449593.65;4796542.48;250.42
80877;449928.92;4797173.02;189.75
39917;449314.76;4796662.25;194.14
97263;449928.09;4796544.2;239.04
15348;450783.6;4797001.53;193.6
89084;450050.65;4796755.53;244.17
23549;449969.98;4796750.28;237.38
39942;449741.82;4796474.34;321.16
48135;450872.66;4797107.86;218.06
23560;450268.16;4796767.76;274.53
80903;450144.19;4797008.93;210.28
56340;450053.54;4797026.57;185.72
31765;450722.31;4796972.03;239.77
31764;449773.54;4796589.87;232.28
48151;450717.86;4797113.13;209.14
23579;450652.59;4796905.41;244.67
80928;450135.75;4796923.87;241.52
72739;450789.66;4796995.86;193.67
39980;449950.89;4796614.54;275.74
64557;449921.0;4796915.49;239.69
56366;449608.1;4796491.41;233.25
15407;449234.18;4796640.62;167.88
31799;450034.75;4796768.15;214.41
23615;450145.08;4796919.72;241.81
31815;450681.58;4797075.15;236.04
89159;449456.15;4796597.59;191.25
72783;449985.12;4796990.64;239.42
15444;450106.47;4796948.69;242.02
31833;450739.87;4797009.15;192.26
23642;450447.74;4797212.12;240.55
40029;450866.19;4797045.19;255.46
40032;450154.33;4797016.72;234.44
7267;450457.76;4796734.27;282.48
15462;450176.42;4797033.75;237.93
72808;450318.42;4796736.37;261.92
15470;450146.04;4796978.99;214.02
72816;449755.41;4796575.86;232.44
81010;450706.16;4797086.66;229.67
23668;449965.81;4796917.13;201.92
48245;450729.0;4796969.88;238.37
23670;450243.0;4796764.0;304.0
105590;449982.53;4796997.72;237.43
64629;450096.46;4796940.73;242.02
105593;450593.49;4796825.81;276.76
105594;449996.85;4796768.17;210.38
40059;450373.42;4797054.61;236.71
31869;449273.38;4796623.22;165.02
31870;450748.26;4797212.53;217.71
48255;450948.58;4797012.38;193.49
64640;449753.79;4796514.68;278.33
48257;449917.85;4796578.64;266.79
97413;450408.97;4797210.3;242.46
7303;450873.75;4797062.46;246.99
40077;449712.08;4796470.86;281.77
105614;450115.38;4796954.08;275.36
15503;450840.34;4797055.36;248.49
7309;449617.58;4796508.84;217.56
97425;450805.51;4797140.07;237.82
72850;450043.11;4796983.55;191.6
97431;450291.81;4797096.82;236.45
40087;450727.51;4796972.07;239.32
81049;449974.88;4797028.15;184.26
56473;449736.3;4796490.64;327.12
64672;450628.03;4796854.8;286.11
40101;450827.48;4797003.45;219.78
105638;449959.76;4796769.63;238.41
48295;449304.9;4796654.81;193.49
40109;450035.54;4796992.18;190.41
89262;450155.59;4797043.42;238.07
7342;450835.12;4796969.77;246.86
56496;449972.1;4796753.78;237.17
48310;450128.48;4797022.44;238.46
7350;450031.79;4797002.71;189.46
97462;449784.77;4796856.75;195.51
15545;450020.19;4797010.12;190.85
31930;449943.18;4796932.52;240.12
64694;449631.91;4796317.34;196.09
40125;449535.71;4796793.7;232.91
64704;450500.41;4797168.68;238.06
105664;450841.43;4796991.52;246.14
23746;449727.44;4796472.88;273.0
105670;450008.52;4796708.45;260.02
7368;449806.96;4796537.91;308.07
72905;449646.93;4796618.52;232.23
56522;450101.26;4796944.78;279.88
64715;450357.13;4797171.36;225.32
15565;449357.58;4796834.74;186.87
40146;450502.52;4796977.99;244.38
105683;449989.73;4796960.3;197.02
105685;450853.08;4797049.08;252.14
31961;449341.2;4796809.43;187.61
48351;449939.61;4796576.24;241.29
56562;449270.09;4796627.45;164.36
15612;449956.61;4796956.44;195.39
89341;450249.91;4796964.27;224.13
23808;450757.2;4797149.86;194.87
81153;450758.29;4797135.06;196.34
15635;449733.96;4796705.48;242.27
7447;450279.31;4796745.02;274.15
105751;450269.72;4797034.19;238.17
105752;450044.99;4797024.67;186.64
48410;450237.2;4797014.22;238.03
40219;450787.71;4796939.03;239.38
89372;450810.47;4797193.77;244.52
97563;450092.93;4796929.03;241.98
56606;449398.73;4796869.12;188.16
97559;450052.1;4796769.94;251.96
72991;449871.49;4796514.83;242.24
15649;449211.21;4796840.71;192.04
81189;449892.18;4796904.5;240.39
97574;450561.45;4797088.55;237.73
48423;449938.1;4796580.05;246.55
89387;450832.65;4796983.56;190.67
32051;449924.51;4796594.53;281.88
105781;449521.2;4796454.33;255.26
48439;449973.76;4796937.38;239.64
64828;450831.1;4796970.74;248.88
73020;450602.61;4796800.21;250.69
23869;450545.83;4796881.07;264.06
64830;450139.26;4797024.75;188.68
40257;450753.35;4797148.9;197.86
97607;450001.65;4796586.0;279.25
15694;450205.84;4797107.38;241.54
56659;450866.72;4797092.43;236.74
105813;450495.53;4796905.58;245.87
7510;449967.12;4796735.68;240.87
15703;449887.59;4796872.64;192.15
105815;449693.95;4796648.7;235.73
97623;449729.77;4796662.44;235.42
64859;449898.09;4796835.01;193.84
40296;450093.69;4796941.13;281.67
48499;450725.67;4796967.44;240.24
15734;450872.05;4797133.42;238.11
81271;449493.05;4796572.97;191.76
15737;450690.87;4797013.38;204.51
15739;449990.78;4796936.26;241.09
15745;450108.83;4796969.74;222.56
23939;449982.04;4796999.03;237.36
7556;450474.72;4797109.61;237.78
23940;450538.36;4797053.71;240.62
7555;449974.12;4797001.64;235.11
15758;450030.68;4796988.43;238.66
56721;449871.64;4796897.62;236.96
32149;450879.57;4797093.72;227.33
64918;450858.42;4797033.29;256.4
32152;450741.44;4796943.16;238.23
40344;449639.56;4796524.56;272.23
105882;450451.0;4797193.56;240.06
81310;449846.06;4796908.75;190.47
15774;449984.0;4796603.28;279.43
15776;449747.15;4796477.91;319.6
73131;450885.87;4796939.45;248.48
32174;449830.02;4796474.4;239.8
97711;450791.3;4796933.37;239.78
81333;449635.13;4796522.49;269.51
32184;450755.23;4797009.72;239.96
40378;450090.77;4797031.2;216.05
81342;450724.86;4796984.14;237.45
105919;450055.97;4797019.95;186.95
24001;449879.73;4796555.06;279.56
73156;449232.09;4796840.49;191.46
81350;450085.36;4796992.91;237.93
89542;450015.04;4796772.01;209.66
24009;449999.24;4796586.78;277.79
105931;450557.03;4797100.51;237.52
73164;449591.27;4796537.17;246.33
24015;450587.12;4796834.87;271.32
40402;450615.9;4797017.63;242.71
32211;449333.08;4796664.7;190.62
7639;450925.67;4797019.74;194.27
64987;450769.03;4797117.61;288.03
48605;450881.19;4797104.57;224.14
32221;449853.2;4796902.4;190.37
64991;449992.58;4796593.9;277.65
40418;450043.83;4796948.76;241.63
73190;449951.39;4796766.94;238.26
73196;450266.56;4797079.83;237.53
7661;450818.7;4797094.18;238.22
73199;450020.87;4796679.21;272.74
65008;450043.36;4796773.23;245.66
7668;449962.51;4796946.63;237.3
73207;449285.13;4796865.92;190.97
32254;450710.04;4797077.61;236.6
97790;450231.13;4796997.81;208.02
7678;449887.82;4796902.71;239.16
56833;449775.35;4796864.27;192.44
65026;450618.48;4796888.7;275.66
97794;449972.99;4796741.02;244.96
65029;449914.79;4796924.69;199.42
81415;450054.35;4796782.1;218.35
7688;449716.54;4796476.59;278.31
15883;450867.51;4797102.64;229.86
7693;450008.0;4796651.0;300.0
89617;449835.99;4796819.16;229.0
73234;450270.44;4797080.21;237.66
56853;449213.86;4796628.57;156.85
65046;449983.3;4796601.68;277.68
40474;449734.05;4796711.15;235.71
24092;450960.74;4796975.05;199.02
40477;450442.62;4797095.59;238.22
106012;450776.17;4797150.72;242.94
97823;450761.22;4797149.93;194.37
24096;450742.07;4796941.87;215.54
89633;450343.92;4796750.11;277.69
40481;450842.32;4796946.68;238.7
106015;449580.57;4796812.56;234.88
97828;450813.71;4797174.97;280.06
106016;450126.0;4796978.66;202.44
97831;450144.08;4796949.95;211.25
56871;449724.49;4796475.81;339.77
7729;450857.55;4797186.32;283.12
56881;449568.92;4796944.87;186.91
40499;450548.43;4796745.41;277.86
73266;450099.28;4796754.86;234.92
89653;449799.79;4796863.34;237.22
89654;450094.76;4797031.78;255.45
65074;449716.6;4796473.59;280.65
81467;450085.7;4796927.37;269.08
56900;450120.81;4796975.08;204.03
24135;450008.34;4796996.01;237.21
73290;450594.21;4796813.17;269.19
48718;450823.83;4796993.66;191.11
15950;449858.27;4796515.46;240.2
24144;449277.91;4796870.59;188.97
15955;450075.9;4796985.94;197.25
73303;450585.2;4796832.39;236.22
7772;450677.39;4797007.86;242.95
32349;449976.1;4797005.88;186.31
97886;449909.59;4796914.29;241.63
32363;450139.91;4796928.94;236.91
73324;449783.45;4796860.84;195.36
81517;450281.27;4796756.84;280.06
48749;449967.9;4796728.36;242.01
56939;449281.67;4796640.17;194.49
40560;449914.93;4796944.19;190.35
15983;449232.85;4796647.65;181.24
15986;450733.46;4797112.55;274.53
81528;450399.0;4797203.62;242.46
56953;449931.5;4797162.6;183.55
40571;449323.82;4796665.95;191.31
24191;450125.86;4796975.75;251.39
73343;449817.98;4796474.26;239.91
32388;449959.41;4797022.15;184.08
56965;450115.1;4796970.67;205.06
65161;450873.29;4797103.56;212.88
40588;450498.06;4796741.62;284.04
56973;450018.09;4796758.33;229.59
65167;449827.55;4796825.57;221.16
16016;450768.36;4797005.38;192.35
81555;449973.01;4796940.06;240.88
40596;449735.74;4796686.05;235.25
24218;449320.69;4796760.87;189.95
56987;450829.71;4797192.86;243.98
32413;449533.1;4796458.03;245.69
73374;450228.85;4797059.41;237.53
97951;450005.0;4796749.7;224.87
81572;450043.95;4796944.1;241.81
56997;449814.96;4796470.69;241.89
89767;450733.06;4796934.93;237.68
106151;450124.88;4796973.07;203.31
73385;450859.67;4797185.14;263.48
65194;449934.12;4796842.38;195.35
81577;449867.68;4796518.68;281.0
24237;450841.32;4796958.8;228.29
32430;449965.3;4797034.93;183.67
40626;450714.75;4797064.62;274.89
89783;450831.89;4797011.44;218.62
89784;450521.29;4797145.87;242.59
16059;450690.3;4797040.87;275.42
65218;450090.7;4796989.28;199.2
24264;450740.9;4797013.2;192.62
57036;449726.71;4796801.86;235.22
16082;450828.19;4797002.61;220.48
98012;450761.13;4797190.77;244.28
7904;450182.68;4796770.66;274.61
7907;449875.4;4796959.26;191.39
57060;449973.87;4796941.76;241.15
89829;449235.13;4796637.96;168.53
32486;449994.26;4796769.43;210.13
89834;449982.07;4797003.69;189.69
32493;450580.22;4797005.65;241.27
16109;450891.35;4796981.34;222.76
48881;450861.55;4797047.81;248.95
89842;450841.94;4797054.35;250.48
106226;449810.58;4796553.81;300.94
73461;449757.19;4796616.97;230.96
40694;449721.76;4796811.73;235.22
24314;450255.62;4797075.7;237.12
57089;450018.25;4796761.12;229.74
106242;450805.87;4797117.04;240.18
40708;450861.19;4797063.0;261.82
73479;449920.59;4796576.74;268.21
40712;449933.44;4796578.92;250.96
98058;449963.07;4797029.14;183.67
89867;450755.98;4797016.35;240.34
89868;450918.26;4796943.62;252.1
40720;449964.44;4796946.45;245.98
89887;449728.48;4796777.58;236.11
48928;449941.69;4796578.19;241.29
106272;449644.85;4796313.55;196.79
32546;450035.76;4797044.53;187.73
89892;450688.85;4797007.91;199.3
48935;450102.77;4796944.52;210.13
73511;450130.43;4796918.2;224.17
24360;449971.57;4796614.98;266.92
106284;450818.85;4797191.15;245.13
57136;450583.42;4796886.15;257.21
40752;450676.59;4797000.85;242.55
106290;450886.97;4796969.61;238.69
73523;450645.22;4796973.39;237.72
89907;449970.36;4796741.09;228.74
24379;449206.6;4796622.57;159.91
16189;450428.61;4797013.71;238.57
81726;450700.98;4797072.39;245.42
89920;450063.72;4796990.8;191.54
73539;450868.59;4797102.0;217.64
65347;449443.13;4796924.3;189.81
48965;450097.19;4796967.97;210.7
8006;449815.41;4796877.54;235.98
89931;449975.41;4796591.77;281.9
40786;450124.06;4797009.71;191.63
8019;450751.64;4797005.76;239.77
48984;450515.25;4796720.45;285.21
106330;450417.47;4797017.79;236.56
81755;450008.59;4797008.52;228.36
73562;450138.38;4796922.91;230.5
81754;450101.53;4796968.3;207.38
40804;450742.07;4796941.87;211.94
65386;449331.62;4796798.39;191.06
8044;449847.76;4796900.22;237.28
81774;449700.63;4796649.21;235.27
65400;450104.45;4797030.39;186.41
8064;450602.32;4796893.85;254.11
98182;450312.89;4796739.85;263.79
98183;449983.47;4796993.03;238.36
81810;449969.53;4796753.33;227.53
81811;450787.29;4797116.84;229.32
90004;450045.8;4796941.8;241.88
40850;449721.71;4796474.12;330.52
90025;449850.29;4796893.99;236.96
8112;450012.6;4797020.54;237.2
73650;449789.68;4796531.25;221.64
90035;450815.07;4796990.27;190.11
24502;450133.66;4796973.7;253.23
16310;449790.75;4796843.15;198.7
16314;450120.16;4796937.0;242.44
73662;449945.65;4797004.67;185.85
57279;450775.31;4797105.62;242.34
90054;450848.42;4797047.58;251.37
73673;450511.43;4796964.17;250.37
90058;450626.98;4796918.18;276.73
81868;449282.18;4796862.31;191.55
24527;449308.11;4796744.8;188.85
81878;450027.17;4796989.23;237.68
73688;450805.69;4797148.34;225.01
24538;450724.62;4796958.8;238.82
40924;449984.71;4796757.45;242.49
32740;450557.44;4797072.32;240.87
90087;450866.89;4797104.25;237.63
40936;450014.27;4796993.56;205.31
57324;449972.03;4796599.9;277.03
98289;450598.65;4796901.83;253.35
32757;449783.12;4796596.75;231.53
16376;450750.71;4797128.01;246.88
