id;x;y;z
1997;726356.0;5030418.0;1068.0
78;726354.35;5030417.66;1068.58
1552;726361.35;5030400.34;1075.2
1768;726365.19;5030391.91;1082.08
2031;726368.16;5030382.77;1087.83
1328;726368.15;5030378.35;1089.0
1175;726358.62;5030376.13;1093.36
1883;726351.53;5030378.33;1095.71
2068;726331.74;5030369.9;1104.14
1624;726324.55;5030362.62;1105.92
1941;726326.18;5030355.16;1112.0
1934;726320.15;5030344.96;1116.26
153;726316.61;5030323.88;1124.33
520;726308.17;5030312.81;1127.83
2835;726316.02;5030362.3;1122.52
1855;726301.93;5030299.52;1127.77
429;726295.84;5030289.66;1128.41
2472;726287.31;5030286.17;1133.39
549;726284.18;5030271.9;1133.23
3208;726281.36;5030269.66;1135.26
2354;726301.95;5030266.6;1131.81
2085;726275.5;5030255.42;1137.22
2795;726276.95;5030250.74;1140.27
718;726282.64;5030243.64;1141.42
3125;726285.21;5030237.85;1142.03
1265;726280.0;5030231.64;1142.01
2806;726279.35;5030223.46;1140.28
1269;726272.91;5030220.09;1142.29
2539;726276.52;5030214.44;1143.6
3159;726284.07;5030223.49;1140.9
1750;726260.1;5030216.75;1143.39
1307;726255.24;5030216.59;1145.06
3355;726268.6;5030210.79;1145.45
87;726259.86;5030208.57;1143.89
369;726248.31;5030212.87;1144.77
2617;726244.46;5030203.9;1145.55
8;726238.05;5030205.06;1145.66
1501;726256.86;5030207.18;1144.29
917;726232.62;5030200.13;1147.91
600;726233.55;5030192.14;1150.51
1960;726222.53;5030200.11;1150.24
1751;726225.49;5030202.42;1147.62
1962;726231.99;5030185.83;1152.01
1786;726245.08;5030185.19;1153.02
1298;726235.8;5030187.44;1150.46
1935;726230.11;5030179.74;1153.8
20;726252.78;5030184.22;1153.53
2477;726262.65;5030182.48;1154.58
2953;726270.36;5030179.0;1153.69
2777;726275.9;5030178.22;1156.52
3291;726279.89;5030176.18;1157.27
2956;726279.4;5030164.13;1156.72
2054;726282.13;5030155.72;1157.54
2775;726284.73;5030153.0;1158.59
2435;726285.07;5030142.62;1159.9
2810;726270.48;5030131.67;1160.83
203;726269.32;5030128.2;1162.32
2466;726268.85;5030121.6;1162.29
261;726267.57;5030115.87;1162.7
1347;726266.79;5030108.75;1160.76
2693;726267.93;5030096.83;1160.9
3111;726283.55;5030095.87;1162.91
2826;726285.94;5030090.68;1165.36
2179;726288.53;5030087.93;1164.05
870;726293.79;5030087.03;1165.99
561;726301.47;5030079.86;1166.36
2790;726293.47;5030084.51;1165.54
2754;726305.39;5030073.87;1166.36
758;726311.06;5030070.91;1164.86
2802;726319.82;5030058.96;1164.11
2682;726321.9;5030057.92;1169.35
373;726328.8;5030062.43;1170.1
2829;726342.55;5030061.96;1170.84
2819;726349.12;5030059.96;1172.34
2487;726347.68;5030053.23;1173.84
2283;726350.57;5030049.99;1174.96
304;726355.45;5030053.87;1178.34
887;726357.56;5030057.1;1178.34
1067;726360.99;5030060.0;1180.2
791;726363.91;5030061.4;1183.57
1353;726368.16;5030062.11;1184.31
3089;726376.54;5030061.28;1183.19
479;726381.7;5030062.57;1184.31
2803;726393.15;5030064.25;1185.44
252;726395.64;5030061.92;1185.81
390;726391.46;5030059.37;1187.31
3218;726396.27;5030054.52;1188.06
547;726402.76;5030054.92;1188.06
1857;726404.17;5030051.63;1188.06
1121;726416.14;5030054.45;1187.7
1575;726431.17;5030054.78;1186.57
736;726437.83;5030055.57;1188.07
1413;726442.59;5030057.22;1188.07
1569;726448.18;5030056.85;1188.07
1420;726451.74;5030055.86;1187.32
1082;726458.74;5030057.59;1187.32
1676;726461.71;5030057.51;1186.57
448;726462.51;5030056.04;1178.72
13;726468.15;5030048.63;1180.95
2698;726476.0;5030052.61;1179.08
1184;726477.27;5030053.58;1167.85
1704;726480.35;5030055.72;1166.73
795;726484.58;5030062.37;1165.61
2552;726493.32;5030072.89;1165.61
1898;726498.44;5030080.3;1167.11
192;726507.23;5030084.13;1166.74
2464;726514.35;5030082.15;1165.99
2276;726531.75;5030083.48;1166.72
1644;726536.73;5030084.76;1172.71
546;726558.85;5030083.84;1167.48
459;726553.72;5030081.63;1174.95
613;726557.1;5030080.82;1182.44
1214;726575.98;5030082.59;1183.2
1087;726577.6;5030083.94;1189.94
2595;726583.14;5030084.69;1190.68
2149;726581.96;5030086.69;1194.06
1273;726592.82;5030089.47;1195.55
1358;726594.29;5030089.89;1190.69
1664;726599.34;5030083.37;1189.94
2542;726601.99;5030081.79;1190.68
2450;726602.68;5030078.09;1191.43
2649;726607.34;5030077.51;1191.43
2533;726614.19;5030078.12;1192.18
1277;726615.3;5030078.15;1189.19
300;726613.95;5030074.39;1189.19
2187;726613.61;5030073.46;1193.68
79;726610.4;5030069.26;1195.55
951;726607.88;5030067.13;1198.55
1203;726605.27;5030067.41;1198.92
1932;726599.63;5030053.47;1199.29
208;726595.34;5030048.5;1199.67
2979;726593.77;5030045.66;1198.92
2703;726594.0;5030049.39;1235.21
1778;726588.36;5030040.65;1198.54
3180;726587.39;5030036.34;1194.43
1306;726588.32;5030025.42;1195.55
3476;726578.64;5030020.46;1198.54
3141;726576.2;5030004.77;1200.41
1375;726569.5;5029988.95;1201.91
1317;726573.04;5029966.79;1204.9
2280;726577.35;5029965.64;1206.02
3110;726578.24;5029961.41;1191.8
1999;726585.88;5029960.56;1192.92
3280;726574.76;5029959.8;1191.05
1414;726595.51;5029961.26;1197.04
1339;726603.27;5029962.26;1193.67
1812;726595.03;5029964.4;1204.14
740;726608.82;5029962.82;1193.67
2551;726617.1;5029965.16;1193.67
2840;726626.75;5029965.3;1194.41
2492;726634.67;5029967.24;1194.78
844;726652.43;5029969.15;1196.28
2201;726652.93;5029970.84;1196.28
1129;726664.77;5029972.18;1197.03
2303;726677.29;5029975.39;1200.39
2050;726683.73;5029977.09;1198.15
641;726685.04;5029971.39;1207.89
1586;726689.64;5029967.46;1204.52
136;726693.45;5029964.43;1216.12
1308;726698.95;5029961.28;1225.85
468;726588.65;5029966.4;1211.24
730;726565.44;5029960.79;1189.93
2964;726557.41;5029962.18;1190.3
3213;726551.2;5029959.0;1189.93
1455;726542.3;5029958.88;1191.8
1172;726538.04;5029958.36;1194.8
2460;726521.21;5029951.1;1186.57
1956;726535.06;5029958.63;1196.67
1872;726527.07;5029959.1;1206.77
2484;726521.14;5029958.71;1208.26
2528;726521.64;5029949.44;1181.33
528;726508.78;5029945.47;1179.85
508;726501.8;5029943.57;1181.72
922;726497.65;5029940.08;1174.99
737;726574.85;5030083.1;1167.84
1734;726593.05;5030082.99;1160.74
1525;726295.78;5030073.13;1167.11
3343;726292.75;5030066.01;1167.66
154;726292.49;5030059.29;1167.24
1693;726289.43;5030056.63;1167.47
1746;726292.0;5030050.38;1167.41
1918;726293.57;5030044.7;1166.47
694;726293.46;5030034.63;1167.78
2205;726289.58;5030033.13;1169.57
1839;726286.63;5030031.71;1169.97
2648;726287.94;5030028.97;1170.07
2029;726281.74;5030026.16;1170.31
1058;726273.76;5030024.34;1170.63
426;726270.21;5030021.7;1169.23
414;726266.19;5030018.83;1169.47
90;726256.16;5030015.92;1169.91
2515;726248.27;5030014.4;1169.66
688;726241.96;5030015.36;1170.64
3085;726238.14;5030014.05;1169.96
1473;726232.3;5030013.2;1169.98
1431;726232.3;5030013.53;1166.5
3413;726226.87;5030011.68;1167.39
2498;726225.92;5030011.84;1180.11
240;726233.86;5030013.59;1167.39
650;726226.27;5030012.96;1167.0
2061;726219.81;5030011.25;1167.19
792;726225.02;5030012.22;1153.14
941;726222.19;5030012.45;1181.61
1522;726219.77;5030012.56;1184.6
539;726219.4;5030012.54;1195.07
463;726214.04;5030012.17;1204.06
2113;726212.31;5030013.97;1204.43
496;726211.48;5030010.97;1205.92
2719;726210.69;5030017.81;1204.8
2274;726210.85;5030018.57;1212.28
1422;726210.76;5030021.17;1213.78
1917;726208.8;5030024.07;1214.91
1302;726206.7;5030025.67;1214.91
2543;726205.0;5030026.73;1215.28
3324;726204.08;5030026.7;1229.5
1019;726206.13;5030010.05;1207.79
3121;726203.01;5030009.02;1210.41
1930;726198.95;5030008.33;1214.9
746;726195.83;5030007.47;1217.89
1833;726188.81;5030006.3;1222.76
3509;726187.34;5030005.88;1228.75
2817;726185.8;5030007.68;1236.97
1039;726187.05;5030009.03;1244.09
1498;726189.73;5030011.9;1253.81
2003;726223.23;5030012.03;1164.75
2103;726225.03;5030013.85;1153.9
2340;726220.24;5030011.66;1153.36
521;726227.77;5030013.53;1152.81
1065;726219.74;5030010.05;1153.33
69;726218.73;5030010.11;1147.22
3101;726229.45;5030014.14;1152.87
993;726232.3;5030014.31;1153.0
1639;726234.74;5030014.33;1151.52
913;726234.64;5030015.74;1151.19
1633;726238.05;5030015.47;1147.59
892;726236.02;5030018.17;1147.19
3380;726237.36;5030019.12;1146.31
2496;726242.35;5030021.01;1147.0
3406;726245.1;5030021.62;1148.6
3323;726251.72;5030022.78;1149.49
2017;726257.73;5030022.98;1149.18
997;726262.7;5030025.32;1148.49
1357;726269.92;5030026.86;1149.04
2863;726270.98;5030028.23;1150.29
3115;726275.32;5030028.41;1151.35
1251;726277.84;5030029.77;1149.59
1836;726285.99;5030033.09;1149.81
2744;726289.13;5030036.09;1148.49
2938;726287.9;5030036.71;1151.02
92;726291.67;5030037.64;1148.16
473;726284.8;5030036.18;1152.56
2834;726278.77;5030036.23;1152.6
2388;726295.17;5030037.87;1157.84
2412;726272.96;5030034.4;1152.53
3220;726263.26;5030035.31;1152.68
1764;726255.45;5030034.26;1152.58
3203;726247.56;5030033.34;1152.54
362;726232.44;5030033.4;1152.04
411;726226.68;5030033.23;1152.19
465;726223.07;5030032.42;1152.46
2894;726293.58;5030039.96;1149.08
371;726293.87;5030038.49;1146.83
3438;726296.05;5030037.06;1145.54
968;726298.92;5030034.53;1147.0
1899;726299.81;5030029.69;1147.68
1825;726297.64;5030025.67;1147.49
1976;726296.77;5030019.64;1148.62
2167;726295.07;5030013.61;1150.24
640;726298.93;5030020.03;1148.71
735;726300.46;5030020.65;1145.12
2941;726299.81;5030016.07;1150.0
2367;726301.95;5030016.59;1149.55
2229;726304.66;5030016.46;1148.5
2222;726215.76;5030009.32;1167.33
254;726208.32;5030007.35;1167.92
1037;726208.54;5030006.86;1161.75
2402;726203.51;5030006.02;1168.07
1105;726207.97;5030006.41;1147.98
2153;726208.24;5030004.2;1148.97
358;726217.21;5030006.61;1147.71
1852;726209.57;5030003.06;1149.01
1739;726205.18;5030002.12;1149.48
2532;726204.4;5029999.95;1149.04
2559;726199.77;5030001.46;1148.62
1243;726206.99;5029995.41;1149.41
2562;726205.2;5029994.19;1148.99
2305;726203.15;5029988.83;1149.11
3147;726196.12;5030001.16;1148.1
948;726186.8;5030000.14;1147.85
234;726181.37;5029999.07;1146.2
643;726182.43;5030004.47;1145.09
293;726186.26;5030009.92;1145.49
1190;726178.55;5030003.05;1149.37
1967;726184.89;5030015.26;1144.57
3304;726180.98;5030022.62;1143.79
1334;726182.52;5030027.39;1143.3
3084;726181.97;5030027.42;1143.4
1507;726177.74;5030003.38;1150.71
2242;726172.69;5030003.64;1148.69
2118;726168.47;5030005.07;1146.55
1752;726168.23;5030005.68;1142.33
1319;726197.78;5030005.7;1169.95
2877;726198.2;5030005.18;1172.04
1819;726198.04;5030002.31;1171.55
2090;726193.6;5029999.28;1172.14
2480;726193.61;5029996.63;1172.16
1828;726195.91;5029991.49;1172.69
3138;726199.12;5029989.08;1172.82
1699;726203.27;5029987.04;1173.19
2190;726202.08;5029983.48;1173.09
3462;726198.54;5029980.88;1173.56
2625;726197.08;5029975.54;1173.87
1711;726195.12;5029969.45;1174.48
1803;726194.12;5029966.48;1174.64
1615;726193.84;5029965.22;1174.71
1262;726193.72;5029959.81;1175.0
3020;726194.9;5029957.61;1175.63
2862;726194.2;5029956.02;1175.34
2608;726194.64;5029953.43;1175.39
1590;726196.68;5029953.18;1175.61
241;726197.93;5029953.58;1175.98
2866;726200.8;5029957.02;1175.99
2332;726235.14;5030188.65;1166.21
1474;726246.26;5030190.41;1156.38
2234;726236.55;5030187.15;1177.35
1697;726237.07;5030185.47;1178.99
1625;726238.74;5030185.6;1179.91
1239;726241.02;5030184.93;1182.4
2346;726244.21;5030181.1;1182.39
3142;726241.38;5030185.55;1182.1
1970;726240.69;5030188.79;1190.25
61;726245.04;5030190.67;1196.94
2570;726249.1;5030191.12;1199.23
70;726250.93;5030191.71;1203.18
2389;726254.73;5030193.07;1203.94
1979;726254.91;5030191.52;1215.84
1921;726253.37;5030192.51;1215.82
1688;726252.05;5030194.34;1215.81
2063;726251.31;5030197.0;1216.07
2081;726253.52;5030194.71;1215.68
1991;726255.33;5030196.38;1226.69
2544;726256.46;5030196.12;1229.89
2437;726257.11;5030194.98;1230.16
2717;726262.12;5030195.76;1230.82
1668;726263.96;5030195.38;1231.71
2914;726267.44;5030196.58;1233.32
35;726269.88;5030192.53;1234.41
2530;726270.43;5030193.69;1234.27
1337;726273.72;5030193.72;1235.23
2119;726274.47;5030190.83;1236.18
2707;726272.56;5030193.18;1234.02
3236;726274.25;5030193.39;1233.39
2724;726273.78;5030189.08;1234.47
3517;726274.35;5030187.45;1234.8
264;726273.41;5030186.26;1235.05
1330;726273.22;5030184.63;1234.97
2044;726274.33;5030183.72;1234.98
3055;726275.86;5030180.82;1236.46
1865;726273.92;5030178.84;1236.5
62;726273.17;5030176.4;1236.71
3335;726271.24;5030173.48;1236.87
1380;726269.53;5030169.64;1237.26
974;726268.8;5030168.0;1237.27
3456;726269.75;5030166.66;1237.53
2385;726269.65;5030165.16;1237.45
2454;726271.94;5030164.12;1237.84
982;726272.95;5030164.42;1238.04
765;726274.09;5030163.44;1238.53
447;726273.45;5030160.24;1239.26
1091;726274.81;5030159.95;1240.45
242;726274.51;5030157.34;1240.74
1749;726273.22;5030155.04;1240.26
3360;726270.97;5030153.56;1240.02
1241;726270.31;5030152.54;1241.89
562;726268.76;5030150.59;1243.14
3391;726269.21;5030149.76;1251.13
125;726265.75;5030150.71;1250.56
2704;726271.38;5030146.17;1258.38
642;726272.41;5030145.53;1263.5
176;726267.11;5030150.72;1261.61
33;726267.42;5030148.91;1261.93
2955;726267.28;5030146.93;1262.66
1288;726268.53;5030146.11;1262.76
1508;726269.37;5030146.43;1262.8
1322;726270.92;5030146.83;1262.64
1128;726272.36;5030145.08;1262.89
2590;726272.24;5030143.44;1262.93
793;726271.3;5030142.59;1263.11
2553;726271.82;5030140.6;1263.19
1841;726272.34;5030139.85;1263.2
1574;726271.63;5030139.16;1262.24
3018;726270.54;5030137.71;1262.82
1777;726272.01;5030134.68;1262.93
251;726273.29;5030133.56;1263.58
2847;726278.3;5030135.26;1264.38
3417;726278.6;5030135.59;1269.63
3495;726279.14;5030136.42;1269.61
1892;726283.22;5030137.96;1270.57
2051;726283.95;5030138.62;1270.54
599;726285.89;5030138.91;1272.93
2630;726288.85;5030135.51;1274.35
205;726291.27;5030136.38;1273.91
1117;726292.04;5030137.8;1273.81
741;726296.27;5030135.32;1274.53
3193;726298.01;5030134.97;1274.22
322;726298.94;5030131.6;1275.5
2841;726299.54;5030129.84;1275.16
2422;726301.33;5030129.68;1275.46
2814;726301.46;5030128.86;1275.72
15;726305.09;5030128.48;1276.1
540;726305.94;5030129.26;1275.97
893;726306.42;5030127.29;1276.28
1111;726306.36;5030125.23;1276.23
910;726306.88;5030123.36;1276.44
3148;726305.66;5030122.47;1276.54
2757;726305.69;5030120.38;1276.56
2842;726304.38;5030118.95;1276.8
2046;726305.31;5030117.44;1276.73
3469;726304.45;5030116.11;1276.72
593;726306.23;5030114.45;1276.99
2975;726307.88;5030112.11;1277.56
3175;726307.88;5030112.79;1277.73
663;726310.07;5030113.01;1278.4
351;726311.78;5030112.1;1278.82
691;726313.2;5030113.19;1278.72
2588;726313.89;5030111.17;1279.08
3453;726314.29;5030107.21;1279.07
3373;726316.3;5030105.26;1279.92
1448;726313.15;5030104.23;1294.72
91;726312.8;5030104.94;1296.6
1925;726311.66;5030104.14;1302.44
1914;726307.96;5030103.02;1301.97
3083;726305.92;5030105.94;1319.48
1745;726305.2;5030106.18;1319.52
2189;726302.57;5030106.94;1325.84
292;726299.09;5030108.42;1325.97
2403;726299.7;5030107.98;1336.41
1881;726298.55;5030107.13;1348.44
1503;726296.44;5030107.22;1351.21
3198;726293.99;5030105.26;1350.52
871;726294.16;5030103.14;1349.69
2659;726292.52;5030101.36;1352.47
2052;726248.94;5030193.29;1157.55
2745;726252.52;5030195.19;1156.91
2330;726246.9;5030201.0;1156.6
1101;726250.28;5030208.96;1158.4
1038;726258.23;5030218.2;1155.22
2217;726262.45;5030221.46;1156.08
2605;726276.99;5030223.73;1156.84
697;726283.38;5030227.03;1156.52
1973;726298.03;5030228.63;1154.51
1842;726293.58;5030236.79;1153.81
874;726287.44;5030236.7;1154.84
1601;726290.68;5030243.79;1152.45
1096;726280.25;5030239.8;1152.79
2694;726282.12;5030238.34;1140.58
2732;726286.44;5030246.46;1150.59
1135;726283.21;5030248.6;1144.64
283;726282.45;5030247.46;1144.35
820;726283.14;5030247.53;1140.18
620;726218.61;5030180.51;1154.7
3223;726214.24;5030175.01;1152.89
134;726208.47;5030179.19;1153.81
1400;726201.72;5030177.09;1150.13
2686;726196.0;5030178.0;1146.5
3004;726187.42;5030172.76;1139.44
2030;726210.8;5030186.65;1156.8
196;726196.73;5030180.13;1148.6
2992;726183.56;5030149.13;1134.47
177;726177.31;5030134.12;1131.49
3506;726186.53;5030120.64;1128.57
3461;726192.7;5030080.93;1124.83
3212;726193.93;5030045.96;1125.07
98;726181.62;5030033.87;1125.13
3349;726147.63;5030014.9;1125.42
1647;726138.34;5030009.41;1127.46
233;726138.93;5030009.45;1147.47
3367;726138.55;5030004.8;1150.16
1981;726142.7;5029995.86;1145.3
2108;726138.83;5029996.23;1152.1
3027;726143.45;5029995.65;1152.77
1439;726131.34;5029993.41;1159.72
2690;726146.09;5029989.2;1154.78
689;726138.79;5029993.81;1152.72
1888;726143.25;5029977.6;1154.79
1208;726141.92;5029958.95;1151.74
2327;726137.34;5029953.77;1151.74
1352;726129.95;5029950.93;1151.75
2892;726128.51;5029945.18;1151.75
1529;726109.27;5029929.34;1151.78
2555;726106.99;5029920.16;1154.83
2927;726100.83;5029928.04;1155.24
2985;726097.71;5029920.75;1155.24
2957;726094.93;5029925.68;1153.24
181;726085.06;5029926.82;1153.25
1760;726075.8;5029923.27;1153.25
2825;726060.88;5029923.86;1153.27
1079;726052.31;5029918.88;1153.27
1856;726054.63;5029909.19;1153.28
2000;726051.9;5029902.82;1153.28
3063;726042.05;5029891.62;1153.3
839;726041.22;5029881.71;1153.3
3485;726014.69;5029863.98;1153.36
1395;726007.23;5029859.95;1155.38
146;725986.6;5029846.15;1155.42
319;725985.89;5029835.4;1155.43
658;725991.01;5029831.39;1155.43
2482;725981.07;5029828.98;1155.43
385;725999.64;5029832.16;1155.43
3503;726003.7;5029830.67;1155.43
1682;726023.44;5029825.68;1155.43
707;726026.01;5029812.95;1155.43
2016;725981.06;5029828.98;1155.43
1159;725981.11;5029828.99;1159.43
3090;725975.13;5029829.57;1155.43
3471;725969.48;5029829.25;1153.43
1367;725934.49;5029829.98;1153.43
2320;725925.01;5029832.47;1155.42
674;725910.85;5029837.4;1155.42
721;725916.3;5029823.42;1155.42
2871;725920.52;5029819.66;1153.42
2932;725947.99;5029807.6;1153.42
18;725951.86;5029810.77;1153.42
376;725966.7;5029808.58;1153.42
2020;725974.92;5029807.76;1155.42
961;725981.17;5029829.04;1159.43
1185;725993.11;5029819.66;1160.45
978;725996.73;5029817.24;1160.45
2963;726000.93;5029812.27;1160.45
1729;726000.93;5029812.28;1160.45
3344;726000.98;5029812.29;1164.45
188;726002.31;5029805.93;1160.45
2026;726002.31;5029805.93;1155.45
364;726002.3;5029805.92;1155.45
2032;726000.91;5029791.92;1155.45
947;725991.71;5029808.18;1155.45
1023;725975.47;5029808.26;1155.45
685;726000.34;5029786.21;1151.45
3426;725997.61;5029771.02;1149.96
906;725989.76;5029748.47;1147.58
7;725973.81;5029727.46;1144.99
840;725972.07;5029710.03;1143.3
263;725972.93;5029677.2;1140.03
1719;725965.54;5029692.5;1130.02
719;725967.37;5029660.7;1133.03
1018;725960.41;5029655.0;1133.03
786;725942.91;5029656.74;1135.03
657;725942.91;5029656.74;1155.53
236;725944.2;5029669.68;1155.53
2797;725934.71;5029650.03;1155.53
2722;725937.33;5029635.46;1155.53
2743;725942.71;5029671.01;1155.53
2117;725952.35;5029692.98;1155.53
743;725931.01;5029647.46;1155.53
1271;725931.42;5029640.58;1155.53
1767;725927.47;5029639.4;1155.53
1068;725928.25;5029625.92;1155.53
366;725938.8;5029621.62;1155.53
900;725935.77;5029626.8;1155.53
2577;725944.93;5029616.97;1155.53
93;725937.32;5029635.49;1155.53
65;725943.15;5029610.19;1155.53
569;725951.45;5029619.51;1155.53
994;725957.47;5029601.64;1155.53
2959;725944.35;5029607.12;1155.53
113;725948.6;5029601.94;1155.53
1653;725951.04;5029600.29;1155.53
1435;725951.02;5029600.24;1155.53
672;725952.19;5029594.86;1155.53
1984;725941.66;5029591.68;1155.53
1303;725963.47;5029599.26;1155.53
2571;725970.86;5029604.4;1155.53
434;725959.28;5029583.3;1155.53
66;725957.88;5029577.98;1155.53
2587;725949.34;5029572.98;1155.53
2347;725952.97;5029586.82;1155.53
1260;725952.7;5029569.99;1155.53
187;725939.09;5029568.99;1155.53
184;725947.15;5029565.45;1155.53
1099;726003.29;5029809.45;1168.25
3475;726003.91;5029809.5;1187.26
2130;726003.91;5029809.5;1217.26
1576;726009.84;5029810.03;1187.26
2075;726000.84;5029807.84;1189.25
1922;726014.91;5029810.48;1188.26
554;726024.66;5029810.28;1189.25
410;726033.65;5029812.24;1189.25
2984;726045.0;5029815.86;1189.25
1044;726058.53;5029818.27;1189.25
2538;726067.66;5029820.11;1190.24
530;726083.87;5029824.45;1190.24
918;726094.52;5029826.43;1194.25
3012;726094.52;5029826.43;1198.25
2060;726112.85;5029828.06;1198.25
1394;725994.41;5029807.63;1190.25
954;725987.71;5029804.93;1191.26
1427;725986.74;5029799.67;1191.26
3431;725980.67;5029785.86;1191.27
213;725980.03;5029780.55;1191.28
2879;725972.56;5029769.62;1191.29
278;725954.16;5029758.35;1191.31
1721;725946.72;5029759.42;1191.32
2294;725939.72;5029756.73;1191.32
901;725930.52;5029758.0;1191.33
1666;725922.01;5029755.34;1191.33
2078;725916.04;5029741.12;1191.35
2628;725909.78;5029726.17;1192.38
1685;725912.35;5029715.51;1192.39
1530;725917.39;5029715.21;1192.39
973;725916.29;5029710.87;1192.4
30;725924.64;5029708.39;1192.4
3006;725925.94;5029704.29;1192.4
1451;725944.18;5029688.08;1192.44
1446;725941.71;5029679.85;1192.44
40;725932.0;5029663.04;1192.46
1053;725924.95;5029646.11;1192.48
1588;725912.05;5029645.36;1192.49
1875;725916.31;5029633.68;1192.5
128;725919.94;5029632.43;1192.51
2231;725922.49;5029623.62;1192.51
3511;725914.76;5029616.16;1192.52
1785;725914.82;5029616.2;1192.52
2861;725905.47;5029616.4;1196.53
3251;725915.91;5029611.49;1192.52
1472;725899.11;5029611.36;1203.53
1837;725890.41;5029613.49;1206.53
853;725919.93;5029609.07;1192.52
3289;725923.13;5029605.82;1192.53
1961;725923.68;5029595.59;1192.53
3348;725918.3;5029592.1;1192.54
2115;725918.3;5029592.11;1192.54
2131;725911.45;5029585.28;1192.54
2296;725911.44;5029599.04;1192.54
37;725909.06;5029608.5;1192.54
246;725905.7;5029595.99;1192.54
1550;725915.68;5029578.11;1192.55
3088;725917.13;5029565.24;1192.56
3211;725911.13;5029558.66;1192.56
419;725890.65;5029548.97;1192.59
415;725890.78;5029548.99;1184.59
3039;725890.79;5029549.03;1184.6
2566;725881.27;5029552.08;1184.6
962;725891.17;5029543.7;1185.1
1762;725881.27;5029552.08;1183.1
2928;725876.25;5029549.85;1183.1
3143;725869.3;5029550.71;1183.1
2639;725869.3;5029550.71;1168.1
2998;725898.64;5029531.73;1195.14
1046;725899.93;5029529.6;1195.14
3480;725900.24;5029525.1;1192.65
1631;725901.91;5029522.32;1192.65
3242;725901.92;5029522.33;1192.65
637;725909.03;5029503.61;1193.17
937;725908.88;5029527.5;1191.65
243;725911.3;5029538.06;1190.65
2096;725913.88;5029540.04;1190.65
1629;725915.88;5029542.59;1190.65
907;725924.14;5029545.23;1189.64
3072;725924.14;5029545.23;1183.64
328;725907.64;5029498.45;1193.17
1791;725936.91;5029512.6;1196.19
2679;725890.36;5029487.46;1193.2
1336;725948.08;5029522.03;1196.19
1587;725965.02;5029527.74;1197.19
1534;725971.24;5029530.51;1205.19
2387;725983.39;5029535.69;1206.19
2456;725989.62;5029540.02;1206.19
95;725988.72;5029545.35;1206.19
1036;725993.43;5029548.01;1206.19
1874;726012.78;5029557.74;1206.19
932;726023.82;5029562.65;1211.19
1570;725877.39;5029477.82;1193.22
2312;725866.51;5029471.96;1193.23
895;725866.72;5029471.99;1204.23
609;725877.67;5029477.93;1205.23
2481;725878.05;5029413.32;1206.92
1911;725866.27;5029480.14;1223.12
1952;725891.87;5029479.65;1203.73
1849;725891.87;5029479.65;1200.73
97;725894.63;5029481.38;1200.73
1016;725891.51;5029487.22;1197.72
438;725903.72;5029482.77;1200.73
3210;725866.37;5029393.48;1207.52
3144;725866.69;5029382.13;1208.04
3229;725853.8;5029362.77;1212.24
2284;725839.88;5029354.66;1228.65
1742;725833.68;5029337.36;1228.71
3043;725833.7;5029337.38;1228.72
2687;725819.64;5029336.57;1228.72
2451;725836.19;5029318.71;1229.78
2471;725823.44;5029308.75;1228.82
82;725816.98;5029314.51;1228.82
522;725805.24;5029288.78;1231.02
3158;725805.83;5029271.94;1220.01
3334;725805.66;5029288.18;1219.01
541;725802.62;5029245.05;1224.22
2597;725802.6;5029294.52;1219.01
2776;725802.19;5029301.55;1219.01
1634;725802.1;5029303.2;1215.01
2767;725810.79;5029318.81;1214.7
706;725819.43;5029328.51;1214.7
359;725823.45;5029350.89;1214.19
3184;725830.28;5029354.19;1214.19
1689;725841.58;5029355.38;1213.99
3510;725854.86;5029362.86;1212.97
480;725825.4;5029230.42;1224.22
1804;725798.66;5029241.45;1224.23
2235;725797.46;5029203.53;1228.58
2712;725797.66;5029200.65;1235.59
2821;725794.13;5029184.83;1236.64
164;725793.94;5029188.14;1228.64
2461;725794.48;5029167.47;1240.23
3387;725785.16;5029174.47;1228.64
223;725794.5;5029152.23;1244.81
2401;725783.25;5029105.91;1249.4
3447;725788.18;5029073.75;1253.64
949;725786.07;5029046.76;1256.82
3443;725799.91;5029003.93;1263.23
3239;725794.57;5028980.72;1261.3
1894;725801.98;5028940.08;1265.65
3432;725790.15;5028932.56;1265.69
788;725781.74;5028905.46;1270.98
2944;725781.55;5028887.83;1272.04
2001;725785.47;5028884.06;1272.04
632;725784.03;5028880.02;1272.05
4;725787.16;5028860.48;1275.14
2139;725782.63;5028842.66;1276.21
1371;725792.68;5028820.4;1280.31
3123;725787.77;5028797.45;1282.47
2569;725765.23;5028794.11;1276.39
1535;725758.87;5028790.37;1267.33
3228;725756.38;5028788.91;1259.32
295;725752.47;5028788.47;1256.33
331;725752.56;5028780.49;1256.35
1457;725742.54;5028787.34;1242.33
656;725746.53;5028780.03;1255.39
3501;725741.15;5028780.51;1259.08
461;725746.51;5028772.81;1258.58
2133;725746.88;5028785.46;1255.05
805;725744.58;5028784.99;1255.49
1362;725741.65;5028786.55;1252.37
3104;725744.94;5028792.74;1252.37
1893;725743.44;5028798.27;1249.79
818;725749.98;5028804.39;1247.19
2848;725743.85;5028806.94;1246.98
998;725737.7;5028809.5;1243.84
722;725736.34;5028812.81;1245.07
2266;725729.34;5028816.67;1244.82
3109;725733.06;5028821.31;1244.25
3301;725729.2;5028830.67;1244.57
202;725710.96;5028831.56;1246.01
915;725711.91;5028836.5;1245.05
1800;725706.23;5028840.64;1244.27
3191;725707.41;5028841.44;1243.49
3322;725706.92;5028842.62;1241.74
2009;725730.33;5028776.23;1257.24
1259;725726.71;5028781.05;1258.89
1738;725725.46;5028785.13;1258.35
1591;725745.58;5028765.75;1260.55
127;725747.06;5028745.93;1262.84
670;725752.12;5028734.31;1262.08
71;725747.55;5028729.24;1262.75
731;725749.53;5028720.34;1262.76
3066;725749.4;5028714.27;1266.89
1801;725747.75;5028719.63;1261.36
2977;725744.19;5028701.29;1269.78
1698;725751.03;5028684.53;1269.22
630;725748.12;5028668.38;1279.27
1730;725745.82;5028645.35;1281.82
1449;725747.01;5028624.85;1283.12
2474;725737.87;5028618.71;1278.15
1151;725738.08;5028601.81;1281.37
2145;725733.38;5028577.85;1287.64
1707;725733.91;5028558.82;1288.24
3146;725735.88;5028549.14;1290.61
150;725734.72;5028532.13;1293.59
403;725733.07;5028520.78;1295.04
703;725730.29;5028509.5;1295.4
311;725724.39;5028501.19;1297.02
2083;725726.73;5028489.66;1296.65
2381;725723.37;5028484.39;1296.74
757;725723.32;5028474.97;1297.94
1069;725723.3;5028469.21;1297.48
3227;725723.84;5028456.86;1301.07
929;725722.14;5028449.34;1303.52
1050;725722.09;5028444.0;1304.0
3074;725722.45;5028437.67;1307.94
1350;725719.57;5028432.63;1309.04
450;725722.12;5028429.83;1311.2
495;725722.79;5028426.77;1312.17
2376;725727.38;5028424.47;1313.71
2592;725723.29;5028408.89;1318.54
2420;725714.05;5028389.69;1323.66
3026;725714.8;5028371.11;1324.96
498;725709.25;5028368.38;1328.04
1895;725704.33;5028350.86;1331.68
1571;725701.09;5028329.7;1336.34
1465;725702.55;5028310.33;1338.49
2310;725702.67;5028308.75;1341.04
938;725703.13;5028306.64;1341.73
705;725707.34;5028305.92;1334.85
943;725703.19;5028308.63;1341.73
1284;725702.99;5028304.91;1341.73
2896;725712.57;5028304.55;1332.96
1131;725720.6;5028302.59;1333.13
614;725729.43;5028299.43;1335.38
291;725735.88;5028297.87;1334.3
2135;725698.3;5028302.17;1339.39
2864;725698.32;5028298.34;1340.19
2421;725697.2;5028290.06;1340.01
1712;725697.2;5028290.06;1339.11
1775;725697.85;5028281.67;1340.63
1869;725703.03;5028284.47;1343.27
2488;725706.29;5028272.4;1334.59
2082;725705.53;5028286.58;1341.14
2483;725708.06;5028284.07;1332.87
1218;725708.88;5028279.89;1330.1
677;725710.4;5028277.65;1328.61
1602;725710.4;5028277.65;1323.7
3249;725710.4;5028279.38;1323.7
2606;725710.4;5028279.38;1307.25
803;725708.29;5028261.35;1332.92
1075;725706.46;5028255.21;1337.4
260;725705.12;5028251.46;1337.8
2658;725705.85;5028244.89;1337.14
3345;725703.61;5028238.61;1339.54
2065;725705.5;5028223.87;1342.64
3422;725697.63;5028205.07;1348.76
2715;725696.78;5028194.7;1347.72
1933;725696.55;5028187.09;1351.39
2171;725698.47;5028184.67;1351.33
2252;725701.09;5028177.18;1347.9
1652;725698.87;5028170.22;1347.09
891;725700.5;5028162.13;1347.74
2656;725698.2;5028142.61;1352.28
1318;725689.44;5028127.25;1353.67
3234;725690.88;5028118.48;1356.87
229;725687.17;5028102.0;1357.69
3047;725686.63;5028076.25;1360.54
634;725684.35;5028061.34;1363.42
2024;725685.16;5028056.43;1366.25
618;725684.86;5028050.02;1368.56
809;725684.95;5028048.31;1367.93
1598;725684.95;5028048.31;1367.33
2933;725683.58;5028047.51;1366.94
588;725681.33;5028046.9;1367.34
1411;725672.95;5028026.86;1366.69
2677;725673.79;5028020.3;1366.09
2260;725675.64;5028009.0;1366.65
2036;725674.75;5028003.81;1366.65
3217;725676.07;5027989.54;1367.65
1854;725679.27;5027980.4;1369.31
1679;725678.34;5027972.44;1370.43
1333;725678.47;5027947.43;1373.41
3145;725675.63;5027944.57;1372.0
875;725672.06;5027923.69;1371.56
1294;725668.86;5027919.84;1370.67
635;725671.49;5027909.54;1371.09
1983;725667.48;5027900.4;1373.09
2136;725667.14;5027889.05;1373.43
2827;725670.16;5027885.48;1375.2
2213;725671.69;5027865.22;1377.62
3009;725671.78;5027846.87;1382.2
3238;725671.3;5027830.81;1384.8
2008;725671.33;5027826.94;1386.39
1059;725674.15;5027825.06;1388.5
169;725678.32;5027825.37;1375.42
1379;725676.31;5027828.1;1374.74
2204;725673.33;5027825.58;1374.74
2902;725673.16;5027822.95;1374.74
3483;725671.61;5027821.64;1374.22
253;725670.38;5027818.39;1375.29
989;725665.65;5027815.3;1384.41
799;725674.5;5027813.18;1352.13
1138;725667.13;5027801.4;1386.17
341;725661.73;5027791.19;1386.17
1811;725658.61;5027780.93;1389.93
2328;725656.95;5027770.33;1392.72
1494;725658.26;5027762.17;1393.96
1715;725657.21;5027757.21;1391.68
0;725657.9;5027744.44;1390.79
267;725653.48;5027731.53;1392.3
1510;725659.47;5027721.6;1396.02
877;725666.63;5027713.4;1392.76
684;725664.57;5027696.39;1388.99
2946;725669.17;5027678.07;1389.94
2820;725670.79;5027662.9;1389.17
768;725663.05;5027653.65;1388.33
2518;725655.78;5027641.51;1389.17
84;725659.33;5027619.34;1389.4
644;725663.06;5027615.75;1389.1
3319;725652.69;5027608.24;1390.69
401;725663.25;5027610.59;1389.51
1784;725665.2;5027605.8;1389.67
2202;725663.97;5027598.75;1390.32
3248;725665.0;5027597.33;1388.88
2631;725671.08;5027597.03;1388.63
2611;725678.03;5027602.67;1389.53
563;725680.32;5027601.89;1389.89
1889;725681.26;5027600.13;1390.09
2897;725682.36;5027598.16;1390.77
1014;725680.05;5027591.79;1391.58
2512;725680.59;5027590.31;1392.05
3256;725683.39;5027588.63;1391.92
3493;725689.05;5027589.44;1392.26
407;725693.91;5027591.21;1392.52
1388;725696.47;5027590.76;1392.99
2603;725697.22;5027588.91;1392.91
610;725703.67;5027582.25;1391.53
1733;725710.46;5027580.57;1391.66
2207;725725.72;5027577.64;1391.99
3441;725736.52;5027574.76;1391.99
1387;725757.81;5027567.89;1391.99
2720;725769.55;5027564.09;1392.72
1112;725778.52;5027560.85;1392.15
67;725784.1;5027561.35;1379.13
3137;725795.83;5027556.87;1389.33
23;725799.34;5027555.67;1392.82
1440;725656.39;5027591.0;1390.33
1354;725655.11;5027586.5;1389.63
988;725660.56;5027574.85;1382.82
3079;725658.34;5027568.38;1380.08
3049;725657.46;5027562.72;1379.79
2152;725654.22;5027545.92;1383.21
822;725656.1;5027535.36;1383.21
1744;725652.11;5027512.48;1387.6
2770;725654.23;5027504.02;1388.04
3259;725653.77;5027497.17;1390.44
435;725649.4;5027485.12;1390.69
2646;725659.5;5027469.03;1390.69
2965;725658.29;5027464.46;1390.55
3245;725648.81;5027461.9;1389.17
1716;725668.24;5027801.35;1344.77
724;725690.85;5027810.09;1355.13
2771;725664.88;5027795.49;1335.64
1163;725694.31;5027810.41;1346.44
2441;725695.49;5027810.91;1343.92
2982;725700.5;5027813.07;1343.92
680;725700.5;5027813.07;1337.28
2833;725709.47;5027816.75;1334.73
2762;725694.36;5027810.8;1332.69
538;725692.26;5027813.65;1332.51
1860;725689.89;5027809.32;1333.16
3487;725692.1;5027820.46;1332.85
1655;725687.66;5027824.86;1332.36
1438;725690.54;5027828.09;1332.88
2382;725687.26;5027836.1;1331.15
1311;725688.06;5027844.09;1332.11
3450;725682.46;5027816.67;1336.3
1179;725730.28;5027827.03;1336.35
1165;725731.83;5027827.8;1336.35
3160;725735.63;5027826.02;1337.83
2107;725731.83;5027827.8;1340.17
89;725735.43;5027829.27;1340.55
443;725747.96;5027836.02;1338.55
660;725757.76;5027840.24;1344.96
290;725773.86;5027848.91;1347.53
1202;725790.94;5027856.98;1348.29
1370;725790.94;5027856.98;1341.2
3178;725792.71;5027858.06;1340.89
3276;725798.32;5027861.21;1340.39
2155;725802.28;5027864.22;1339.89
830;725807.99;5027864.65;1339.89
158;725814.32;5027867.78;1341.59
142;725817.14;5027867.8;1341.59
1873;725820.91;5027868.83;1343.3
1142;725826.68;5027872.62;1344.46
53;725834.54;5027877.39;1345.75
578;725732.78;5027825.14;1336.49
201;725733.42;5027820.11;1336.99
32;725731.05;5027817.62;1337.34
3038;725731.05;5027815.89;1337.34
2769;725727.68;5027814.3;1337.45
564;725727.84;5027812.67;1337.45
3243;725730.29;5027811.69;1337.5
487;725729.7;5027809.31;1337.5
3235;725733.55;5027808.23;1337.5
310;725737.07;5027807.24;1338.24
2613;725745.82;5027804.78;1338.24
2140;725748.74;5027805.41;1338.53
3171;725751.62;5027805.02;1338.67
3512;725753.32;5027803.51;1338.67
238;725760.2;5027802.33;1339.16
1863;725767.78;5027804.27;1339.16
3098;725774.83;5027805.04;1339.16
777;725783.44;5027808.23;1339.16
1040;725784.54;5027806.35;1339.16
2287;725786.05;5027806.68;1339.16
2175;725790.4;5027805.37;1339.44
1301;725791.39;5027806.56;1339.44
864;725794.21;5027805.87;1339.44
3521;725795.71;5027804.05;1339.44
2912;725797.9;5027803.71;1339.92
1143;725798.4;5027800.66;1339.98
1392;725800.21;5027798.86;1339.98
2537;725799.11;5027794.66;1340.99
1780;725797.93;5027792.11;1341.26
232;725798.33;5027787.86;1341.26
2331;725800.7;5027786.77;1340.87
1384;725800.46;5027784.39;1342.19
1553;725801.66;5027781.95;1342.46
1061;725803.48;5027780.44;1342.69
1126;725802.95;5027778.99;1342.69
2755;725804.21;5027769.15;1343.96
1132;725803.11;5027767.82;1343.96
2872;725803.48;5027765.29;1343.96
589;725808.05;5027763.19;1344.72
1057;725808.25;5027760.47;1344.72
3202;725811.58;5027759.27;1344.89
81;725811.36;5027755.8;1345.51
652;725808.48;5027756.19;1345.6
2966;725808.8;5027754.67;1345.6
2651;725808.76;5027751.13;1345.74
3404;725808.24;5027748.4;1346.15
2199;725809.07;5027748.04;1346.22
1779;725809.53;5027745.26;1346.22
3308;725827.46;5027751.54;1346.22
2336;725745.75;5028718.07;1258.46
1947;725744.28;5028708.95;1243.07
1119;725742.56;5028711.02;1243.28
1385;725757.23;5028705.55;1243.11
3407;725737.39;5028721.57;1244.58
2558;725738.72;5028729.2;1243.73
2691;725749.16;5028729.69;1243.4
1545;725747.97;5028735.0;1242.09
2282;725748.33;5028736.25;1242.63
2025;725772.28;5028733.61;1242.63
2011;725783.18;5028736.96;1242.45
612;725798.18;5028749.37;1242.14
1211;725816.11;5028759.6;1242.14
2397;725828.75;5028767.35;1241.45
526;725838.95;5028772.14;1241.27
3181;725848.56;5028778.24;1241.27
1497;725855.11;5028780.96;1241.27
523;725874.74;5028792.98;1240.55
921;725883.83;5028798.55;1240.88
3037;725889.07;5028801.22;1240.69
3427;725889.48;5028804.42;1241.36
1310;725892.43;5028805.75;1240.95
2390;725903.83;5028815.49;1240.95
2350;725890.24;5028807.68;1240.82
2043;725888.44;5028808.46;1241.74
2104;725884.81;5028807.83;1242.2
1708;725881.41;5028808.26;1243.44
2708;725876.21;5028807.94;1244.26
2262;725870.0;5028809.33;1244.46
499;725865.27;5028809.33;1246.0
2626;725861.23;5028810.17;1246.19
1140;725855.53;5028810.79;1246.28
1253;725849.95;5028811.5;1246.55
3505;725846.26;5028812.15;1246.55
1500;725846.16;5028814.15;1245.53
2064;725846.16;5028814.15;1243.11
552;725836.21;5028811.09;1242.45
120;725830.21;5028811.47;1242.93
3314;725824.27;5028812.12;1241.79
3022;725821.05;5028815.34;1242.65
132;725815.65;5028821.47;1242.65
2601;725810.7;5028820.76;1242.26
494;725806.11;5028823.01;1242.5
1320;725804.27;5028821.88;1242.6
1557;725802.03;5028824.51;1242.93
3099;725796.06;5028827.91;1242.82
2410;725787.85;5028830.72;1243.5
950;725783.7;5028830.85;1243.5
3269;725774.7;5028831.28;1242.37
3312;725766.23;5028834.33;1243.5
1242;725752.57;5028835.18;1242.86
248;725733.72;5028838.48;1243.46
3233;725722.04;5028837.93;1242.35
239;725716.68;5028839.48;1242.53
276;725710.68;5028842.54;1242.74
2337;725713.16;5028858.24;1242.24
598;725712.41;5028874.21;1240.98
2318;725759.36;5028680.3;1244.04
2893;725776.34;5028678.6;1244.09
3398;725788.05;5028676.09;1243.57
1513;725782.76;5028669.04;1244.57
1056;725787.56;5028657.24;1245.0
3253;725784.27;5028655.12;1245.45
2796;725786.87;5028643.9;1245.84
3257;725788.95;5028628.93;1246.36
1209;725781.79;5028625.77;1246.62
2747;725777.93;5028614.91;1247.57
517;725776.53;5028613.84;1251.32
1071;725780.34;5028611.21;1248.28
2161;725774.47;5028610.67;1254.06
1282;725772.66;5028609.42;1263.39
852;725756.07;5028601.52;1263.86
2360;725756.97;5028597.34;1263.52
1705;725765.08;5028597.41;1263.24
2105;725775.99;5028595.95;1263.54
821;725781.75;5028596.63;1263.07
2045;725791.92;5028597.19;1262.72
2680;725799.94;5028597.01;1261.94
1377;725806.35;5028594.98;1262.77
387;725821.5;5028594.88;1262.69
1523;725826.57;5028593.28;1262.68
1236;725834.93;5028591.06;1264.72
2188;725837.16;5028590.47;1267.88
2741;725840.71;5028589.16;1269.1
3369;725843.16;5028588.99;1267.85
3376;725852.28;5028587.33;1268.99
752;725855.93;5028586.95;1271.38
1060;725870.35;5028584.35;1276.04
2929;725874.58;5028583.5;1277.43
1118;725885.38;5028581.56;1276.18
1822;725889.77;5028578.92;1276.17
560;725899.42;5028579.16;1276.14
344;725912.56;5028578.86;1275.67
1524;725915.65;5028578.83;1275.91
710;725917.95;5028577.3;1275.55
2219;725927.69;5028577.24;1276.74
2980;725929.54;5028577.25;1276.68
3170;725934.44;5028576.98;1276.51
3013;725949.93;5028574.93;1276.43
1083;725972.75;5028567.06;1276.25
1423;725979.28;5028567.63;1278.93
1267;725988.77;5028565.75;1279.2
845;725993.22;5028564.11;1278.44
2404;726006.63;5028562.11;1279.23
1928;726003.7;5028555.51;1278.06
2572;726012.19;5028552.08;1276.29
506;726006.19;5028553.7;1274.03
3277;726006.69;5028554.21;1271.1
2657;726013.04;5028555.57;1270.57
2567;726017.53;5028553.84;1270.26
859;726019.19;5028546.13;1270.24
3163;726016.71;5028536.79;1272.53
2823;726020.37;5028535.87;1274.15
1684;726016.76;5028533.47;1274.49
1761;726015.35;5028534.56;1275.58
596;726012.7;5028527.07;1277.87
686;726014.22;5028522.49;1278.39
2870;726019.69;5028522.35;1278.38
1592;726019.74;5028522.35;1289.1
2298;726016.55;5028512.01;1280.09
1691;726021.14;5028523.87;1290.27
1797;726028.24;5028523.38;1290.02
2290;726032.68;5028527.23;1286.79
124;726034.89;5028531.51;1288.26
1910;726039.3;5028530.72;1289.7
1469;726043.99;5028535.65;1286.49
1393;726042.98;5028540.73;1286.23
2457;726046.35;5028539.19;1283.96
896;726046.62;5028540.44;1278.65
619;726046.36;5028542.3;1279.24
2855;726054.21;5028539.1;1278.42
2507;726043.2;5028543.4;1272.77
1700;726043.16;5028543.4;1267.02
1232;726030.66;5028546.43;1264.92
550;726028.64;5028547.52;1264.16
2746;726028.48;5028547.51;1252.57
3075;726015.66;5028549.8;1257.09
1256;726000.95;5028552.88;1256.97
828;725988.52;5028554.31;1252.87
2926;725969.87;5028556.12;1253.27
1381;725944.58;5028560.9;1251.74
1104;725930.79;5028566.86;1251.62
114;725924.15;5028567.64;1251.59
2783;725911.68;5028571.92;1251.5
2638;725889.73;5028577.55;1251.93
3091;725870.57;5028581.26;1250.23
2478;725841.1;5028586.37;1252.05
1806;725820.56;5028590.0;1250.22
986;725801.06;5028592.53;1250.01
2386;725783.38;5028595.68;1249.29
769;725763.53;5028597.64;1249.08
417;725763.6;5028601.39;1248.48
502;726054.24;5028539.1;1282.18
204;726057.63;5028538.76;1282.18
992;726059.67;5028537.99;1285.71
3298;726064.67;5028536.09;1286.14
2584;726064.7;5028536.09;1288.9
2934;726071.4;5028534.9;1288.92
3209;726082.09;5028533.53;1288.94
2749;726096.36;5028528.72;1288.98
983;726096.37;5028528.73;1290.55
1817;726104.05;5028526.87;1293.8
2550;726113.78;5028524.37;1293.82
1341;726115.64;5028523.73;1291.87
1397;726129.03;5028521.4;1291.91
935;726136.05;5028520.27;1291.7
1690;726148.24;5028519.29;1291.35
606;726153.12;5028518.42;1290.58
1026;726156.52;5028517.81;1291.4
608;726160.98;5028516.79;1292.5
343;726161.01;5028516.8;1294.62
3187;726174.96;5028513.26;1295.77
3318;726177.22;5028513.56;1292.14
1671;726187.45;5028513.05;1291.37
3436;726193.34;5028513.38;1290.92
647;726196.91;5028515.15;1290.92
1670;726202.38;5028519.15;1293.11
2937;726213.12;5028523.86;1290.38
2468;726217.83;5028522.2;1290.38
1299;726221.57;5028527.26;1291.1
16;726236.56;5028534.09;1293.7
2676;726239.32;5028535.01;1293.38
430;726245.76;5028535.38;1287.99
103;726249.52;5028536.89;1288.31
2424;726256.5;5028538.97;1289.69
556;726261.71;5028542.92;1291.8
1809;726263.77;5028542.14;1289.62
1907;726272.35;5028547.61;1289.96
25;726277.59;5028551.83;1292.72
1616;726283.3;5028554.66;1291.74
182;726285.1;5028557.07;1290.51
3411;726289.21;5028558.66;1290.51
2836;726293.77;5028561.78;1292.78
1771;726299.66;5028565.29;1291.72
3015;726300.55;5028566.13;1291.22
2409;726310.85;5028573.38;1292.23
2573;726317.76;5028577.36;1292.86
3194;726324.5;5028580.7;1293.69
3477;726330.27;5028584.52;1304.27
967;726336.68;5028587.95;1304.28
2326;726343.13;5028590.89;1305.86
2372;726347.49;5028592.88;1307.49
29;726347.51;5028592.89;1309.4
3206;726352.58;5028594.32;1311.96
1368;726359.34;5028594.17;1311.97
571;726368.75;5028595.89;1311.99
3499;726374.83;5028597.71;1313.19
2341;726370.69;5028601.04;1312.52
3189;726371.0;5028602.95;1312.53
1098;726373.21;5028606.3;1311.17
773;726377.74;5028607.43;1313.8
2198;726379.79;5028610.45;1313.81
104;726383.64;5028610.72;1313.81
1853;726388.33;5028611.13;1315.02
681;726395.45;5028614.12;1315.87
1582;726400.72;5028617.05;1316.44
2268;726398.74;5028620.97;1316.45
794;726401.61;5028622.03;1316.6
1095;726403.82;5028620.98;1316.45
2186;726407.37;5028623.1;1316.97
2297;726423.42;5028630.79;1324.34
2311;726411.56;5028627.3;1317.44
2351;726434.24;5028638.26;1325.38
2446;726434.02;5028639.49;1341.3
1264;726433.21;5028642.96;1348.29
2734;726431.71;5028645.3;1350.18
2887;726428.43;5028643.4;1350.0
2005;726425.44;5028647.45;1350.0
2357;726425.44;5028647.45;1369.51
396;726424.56;5028656.07;1371.28
1398;726424.56;5028656.07;1397.85
326;726425.85;5028660.9;1397.85
116;726425.85;5028660.9;1427.85
2383;726416.09;5028628.65;1318.57
1998;726427.36;5028635.34;1325.13
3092;726444.51;5028644.78;1328.52
881;726451.91;5028649.68;1327.3
617;726456.56;5028650.68;1327.6
268;726459.95;5028653.98;1332.13
1578;726462.81;5028655.87;1337.81
2275;726482.66;5028666.39;1339.96
2987;726490.23;5028671.74;1343.59
2536;726490.41;5028671.74;1354.2
1144;726499.99;5028673.5;1348.38
2948;726510.96;5028676.96;1349.65
611;726516.45;5028679.68;1350.92
748;726513.4;5028681.43;1351.48
580;726517.24;5028683.96;1353.05
3044;726518.94;5028686.64;1355.05
2277;726523.94;5028687.79;1355.7
2160;726542.21;5028696.11;1357.62
180;726542.41;5028700.09;1386.15
1176;726537.85;5028701.62;1391.78
3070;726549.68;5028701.66;1385.59
1765;726535.9;5028701.98;1391.52
1164;726534.79;5028701.08;1390.8
3460;726532.95;5028701.51;1392.58
646;726529.2;5028701.72;1394.88
2903;726525.84;5028703.46;1395.23
422;726518.62;5028704.79;1405.35
3140;726515.78;5028703.14;1405.66
1985;726523.62;5028702.95;1424.6
3002;726524.14;5028703.91;1424.68
57;726530.44;5028705.16;1426.22
3042;726553.78;5028708.31;1387.07
3502;726553.32;5028709.25;1398.53
511;726555.61;5028713.55;1407.53
696;726554.98;5028717.64;1408.74
1233;726558.02;5028717.28;1410.73
2084;726559.52;5028721.45;1413.53
863;726558.46;5028724.57;1427.35
2614;726558.01;5028726.09;1431.78
2930;726555.71;5028727.22;1432.49
626;726555.77;5028727.23;1438.59
1686;726554.52;5028728.53;1440.15
296;726555.48;5028728.54;1466.06
1300;726553.58;5028728.72;1467.61
399;726547.37;5028727.18;1466.38
2916;726546.09;5028725.54;1465.63
3061;726543.02;5028720.36;1465.16
3504;726539.52;5028722.29;1464.33
2396;726532.14;5028719.83;1462.46
1008;726520.0;5028714.67;1460.79
2594;726515.82;5028715.53;1460.8
1417;726512.79;5028716.1;1460.65
485;726510.22;5028712.7;1460.66
3007;726511.64;5028708.57;1459.47
824;726499.55;5028704.97;1457.26
1539;726499.15;5028701.83;1459.73
1965;726499.2;5028701.84;1464.07
486;726495.73;5028699.42;1453.87
3325;726495.02;5028703.72;1481.15
3514;726497.41;5028694.49;1432.18
1187;726498.99;5028692.07;1423.29
1823;726498.99;5028692.07;1402.05
2238;726497.61;5028696.62;1401.14
3195;726507.5;5028691.9;1407.27
543;726501.89;5028697.99;1398.67
1085;726497.72;5028701.23;1395.08
944;726499.66;5028702.59;1392.48
1332;726499.66;5028702.59;1399.61
2300;726499.81;5028705.81;1400.39
1162;726502.67;5028706.88;1402.26
2501;726502.71;5028708.2;1403.07
2072;726504.71;5028712.4;1403.28
831;726502.64;5028714.49;1403.19
3424;726502.64;5028714.49;1414.4
1818;726500.81;5028718.39;1432.36
52;726502.34;5028718.19;1438.79
301;726502.98;5028719.24;1438.79
1900;726502.98;5028719.24;1446.11
1709;726499.27;5028720.94;1447.95
190;726501.95;5028719.71;1448.19
1405;726500.88;5028721.11;1455.55
2111;726503.22;5028721.75;1455.55
524;726502.75;5028724.48;1454.65
1436;726503.9;5028724.56;1454.74
320;726500.03;5028725.31;1462.46
2141;726498.65;5028729.4;1468.41
1113;726498.46;5028731.86;1471.8
2221;726498.68;5028736.26;1475.56
445;726498.58;5028737.23;1476.06
2405;726499.91;5028738.13;1477.23
2406;726499.42;5028737.94;1477.4
545;726497.6;5028736.91;1481.53
1532;726497.25;5028738.1;1482.59
1913;726497.25;5028738.1;1494.59
3442;726512.51;5028685.62;1408.28
1794;726505.76;5028681.22;1405.38
2338;726490.52;5028675.24;1397.36
2433;726487.23;5028684.48;1397.51
395;726492.42;5028687.88;1400.93
3067;726496.96;5028691.38;1401.83
3048;726493.58;5028702.33;1481.16
2718;726493.65;5028702.34;1487.56
478;726494.3;5028705.75;1502.4
2599;726492.52;5028708.38;1511.39
1641;726491.41;5028710.03;1514.89
1244;726488.35;5028711.71;1514.9
255;726488.65;5028711.71;1529.25
1776;726487.6;5028711.1;1535.02
2440;726484.0;5028709.0;1539.0
771;726014.47;5028507.54;1280.24
592;726014.37;5028499.67;1280.86
139;726006.75;5028495.12;1281.14
1372;726000.33;5028497.3;1281.14
280;725999.73;5028496.81;1281.17
3244;725995.23;5028494.04;1280.92
665;725996.79;5028485.31;1281.2
2333;725991.67;5028476.26;1282.01
2766;725986.86;5028477.97;1282.01
250;725989.05;5028474.5;1286.12
2137;725985.49;5028482.92;1282.34
969;725990.75;5028462.27;1288.07
1178;726001.05;5028460.44;1288.89
3129;726009.84;5028457.85;1290.05
1623;726028.04;5028456.07;1292.07
1134;726048.6;5028454.7;1294.35
2830;726063.39;5028454.65;1296.45
1483;726081.9;5028451.95;1296.45
451;726082.08;5028449.95;1297.18
3082;726086.01;5028450.62;1298.82
2851;726078.58;5028446.72;1301.85
723;726068.9;5028437.7;1306.37
1240;726069.12;5028435.33;1307.68
2808;726067.8;5028433.69;1301.81
1237;726061.14;5028428.04;1303.19
1536;726058.81;5028426.06;1303.58
1673;726047.51;5028420.36;1296.62
1906;726047.13;5028417.02;1296.36
1466;726043.19;5028416.15;1291.92
3127;726038.29;5028412.74;1293.55
2721;726030.59;5028408.85;1295.48
1146;726023.84;5028406.44;1296.85
3305;726019.88;5028406.45;1298.87
729;726014.59;5028403.46;1301.96
1810;726009.84;5028400.36;1304.86
2653;726002.71;5028397.04;1302.57
86;725994.37;5028391.6;1301.31
1010;725982.27;5028385.49;1303.9
24;725974.23;5028382.62;1304.3
2792;725972.32;5028381.7;1303.54
2042;725971.04;5028484.93;1283.95
1610;725967.22;5028483.67;1283.82
1406;725961.77;5028481.59;1282.42
579;725956.31;5028470.36;1282.42
2183;725949.4;5028468.56;1282.65
391;725944.88;5028459.26;1282.65
334;725937.07;5028443.8;1282.65
742;725935.2;5028440.61;1282.41
3295;725930.93;5028439.13;1282.48
2459;725923.0;5028436.1;1282.48
1996;725917.3;5028433.4;1282.48
1491;725954.16;5028422.2;1282.48
832;725961.88;5028422.1;1282.61
2546;725974.86;5028420.09;1282.81
2184;725986.61;5028419.21;1283.0
1183;726001.91;5028415.59;1283.24
1201;726001.92;5028411.72;1283.49
2142;725998.77;5028405.23;1284.51
1581;726004.6;5028404.14;1284.51
3412;726000.72;5028402.86;1283.53
119;725993.01;5028398.43;1282.97
2370;725976.71;5028389.72;1284.14
2398;725972.3;5028387.55;1283.75
1714;725967.61;5028381.65;1284.7
2476;725961.64;5028380.39;1285.87
161;725956.19;5028374.35;1283.64
2967;725948.42;5028370.67;1283.64
886;725935.77;5028366.51;1285.54
1000;725932.7;5028363.6;1284.52
2365;725930.45;5028359.16;1284.52
1133;725912.25;5028348.7;1283.53
99;725896.29;5028337.02;1283.53
700;725892.8;5028330.36;1283.77
166;725875.16;5028318.28;1283.77
2915;725875.16;5028318.28;1287.57
3032;725865.77;5028313.64;1282.11
3491;725872.92;5028315.81;1287.57
1549;725869.7;5028314.69;1288.0
2125;725866.48;5028312.42;1288.5
3057;725863.71;5028312.45;1292.07
1356;725846.67;5028304.68;1289.7
2425;725833.47;5028301.69;1290.77
1005;725807.31;5028288.76;1288.93
47;725794.51;5028285.85;1288.93
2845;725775.24;5028275.56;1289.62
2314;725769.97;5028275.87;1287.72
282;725769.97;5028275.87;1282.79
3019;725756.42;5028277.32;1281.72
151;725751.25;5028278.37;1283.62
842;725750.43;5028276.18;1284.06
2809;725743.43;5028272.72;1285.05
10;725738.69;5028268.77;1285.53
1097;725735.0;5028268.42;1285.24
449;725735.12;5028262.53;1285.89
3320;725737.18;5028261.17;1285.09
2901;725737.18;5028261.17;1312.49
2652;725738.19;5028255.88;1317.4
872;725740.1;5028247.3;1317.4
3421;725738.53;5028238.3;1315.81
720;725731.23;5028230.53;1311.39
878;725730.37;5028216.82;1313.56
2635;725730.8;5028207.74;1313.85
3410;725734.25;5028187.95;1312.27
1029;725732.32;5028177.86;1311.62
3062;725732.59;5028169.35;1309.99
923;725728.66;5028168.14;1307.29
384;725726.73;5028147.69;1307.94
1832;725735.66;5028141.62;1308.28
2329;725731.8;5028129.1;1307.45
1088;725739.11;5028119.68;1309.73
1796;725734.98;5028108.75;1309.36
590;725729.65;5028104.48;1309.36
856;725731.81;5028094.81;1310.3
1992;725730.06;5028083.76;1312.07
575;725736.49;5028075.99;1310.31
442;725739.57;5028072.14;1310.62
2491;725749.52;5028076.82;1310.28
3080;725758.64;5028087.5;1311.16
2972;725761.37;5028074.3;1311.16
2269;725769.98;5028078.03;1310.86
527;725774.72;5028082.07;1312.36
1461;725780.58;5028099.19;1311.51
603;725795.23;5028090.21;1311.24
168;725814.16;5028094.44;1310.93
1879;725812.28;5028082.59;1312.45
183;725811.31;5028077.03;1312.53
1648;725812.21;5028076.4;1314.46
1821;725812.46;5028070.47;1312.33
3126;725821.29;5028068.9;1314.09
865;725825.19;5028069.39;1314.59
1864;725829.88;5028063.16;1315.2
1957;725839.56;5028062.09;1316.75
3303;725843.32;5028058.33;1317.33
285;725845.94;5028057.19;1317.79
1295;725850.27;5028053.25;1318.81
3176;725850.26;5028044.51;1319.64
2028;725855.03;5028043.04;1320.03
2994;725860.21;5028042.22;1319.78
308;725863.22;5028044.12;1321.06
621;725865.32;5028045.23;1323.44
1383;725870.46;5028045.88;1322.11
2849;725879.08;5028042.62;1323.86
439;725883.25;5028039.49;1324.69
316;725888.9;5028036.99;1321.61
1443;725897.86;5028035.42;1321.61
2267;725899.9;5028037.02;1323.29
3346;725904.06;5028035.26;1323.7
1938;725910.76;5028033.48;1324.68
1594;725915.3;5028030.31;1327.61
2699;725920.07;5028030.9;1324.01
849;725926.94;5028028.68;1322.56
1816;725935.45;5028027.5;1324.11
1177;725944.61;5028029.8;1324.49
713;725945.83;5028029.21;1323.95
1537;725949.92;5028029.57;1326.29
2288;725963.71;5028025.38;1327.3
899;725966.02;5028025.71;1328.08
2220;725970.94;5028025.38;1329.32
1166;725978.67;5028026.48;1328.77
3016;725983.02;5028026.71;1328.59
759;725996.97;5028027.71;1329.01
2462;726011.79;5028028.0;1329.01
2373;726020.36;5028029.06;1329.19
622;726029.78;5028030.4;1330.04
186;726034.14;5028031.02;1330.66
3472;725812.15;5028066.46;1312.45
12;725805.64;5028064.23;1312.99
1001;725802.2;5028060.9;1312.08
1695;725805.67;5028058.37;1312.21
2511;725807.46;5028055.46;1312.0
59;725810.19;5028055.37;1312.0
3444;725811.19;5028052.61;1312.37
1430;725809.94;5028051.79;1312.35
500;725811.56;5028046.82;1312.84
408;725806.08;5028042.43;1312.84
1622;725802.88;5028042.03;1312.94
953;725799.1;5028041.38;1312.94
2094;725796.56;5028040.32;1313.51
1502;725789.53;5028037.67;1313.87
1424;725784.35;5028031.21;1313.87
2561;725783.1;5028029.88;1314.01
122;725781.89;5028026.95;1314.01
1560;725783.74;5028025.03;1314.01
219;725785.48;5028018.69;1314.32
664;725786.18;5028016.99;1314.61
1220;725785.4;5028013.21;1314.49
963;725787.94;5028011.87;1314.49
2943;725787.47;5028010.35;1314.19
2868;725789.26;5028009.61;1316.0
379;725788.28;5028006.42;1316.32
3416;725789.46;5028004.19;1316.8
31;725789.3;5028002.81;1316.86
2668;725791.95;5028001.07;1317.36
2672;725794.74;5027998.1;1317.81
3454;725795.42;5027994.2;1317.81
869;725795.15;5027990.11;1318.0
515;725795.32;5027984.69;1319.22
163;725798.24;5027981.16;1318.93
2728;725799.1;5027978.5;1319.02
1949;725795.78;5027976.54;1319.63
903;725797.76;5027974.28;1320.45
816;725801.93;5027974.15;1320.71
1034;725799.71;5027969.41;1320.14
1950;725795.88;5027966.16;1320.77
3372;725796.3;5027962.83;1320.88
374;725792.72;5027958.91;1321.63
1955;725794.97;5027953.49;1321.72
2598;725796.44;5027952.11;1322.07
221;725795.59;5027950.13;1322.59
1830;725798.02;5027944.26;1323.7
404;725796.83;5027941.73;1323.56
1789;725795.04;5027939.01;1323.97
2548;725798.38;5027935.55;1323.82
315;725796.53;5027933.01;1324.07
420;725796.82;5027930.43;1324.23
971;725792.66;5027929.23;1324.37
3192;725793.34;5027926.58;1325.6
3361;725791.95;5027923.75;1325.2
1645;725792.25;5027920.96;1325.47
55;725791.3;5027919.3;1324.98
22;725866.82;5029501.92;1226.98
2752;725864.52;5029530.06;1222.94
2086;725866.32;5029555.17;1214.98
3268;725871.41;5029556.1;1212.97
273;725876.6;5029577.23;1208.98
2962;725876.66;5029584.86;1207.97
1389;725886.96;5029609.58;1206.87
2306;725878.37;5029614.19;1206.87
3120;725894.12;5029620.07;1206.85
1215;725870.04;5029611.81;1206.87
1968;725859.3;5029626.76;1206.87
3023;725897.39;5029626.96;1205.84
2430;725893.03;5029639.81;1206.8
2089;725900.76;5029698.9;1206.32
458;725900.9;5029715.63;1204.31
1835;725914.01;5029726.19;1202.29
3374;725928.34;5029755.44;1197.28
3362;725929.55;5029767.33;1197.26
1813;725931.11;5029779.71;1197.24
2997;725929.62;5029801.68;1197.18
2407;725947.11;5029825.15;1197.06
1252;725945.0;5029831.32;1197.05
1732;725943.94;5029861.66;1195.94
3225;725956.34;5029870.42;1195.91
2681;725968.52;5029888.37;1194.88
3149;725988.78;5029888.89;1193.34
544;725988.78;5029888.88;1193.34
2418;726001.15;5029901.1;1190.82
1216;725992.3;5029875.72;1192.84
2622;725997.71;5029875.52;1192.84
2565;726001.35;5029873.18;1192.84
912;726003.64;5029869.12;1192.84
1136;726002.9;5029862.66;1192.84
2873;726009.67;5029854.64;1192.84
39;726019.19;5029845.32;1192.84
3375;726017.95;5029839.49;1192.84
1808;726019.51;5029834.31;1192.84
231;726023.07;5029830.24;1192.84
2157;726019.84;5029823.98;1192.84
257;726017.54;5029816.21;1192.34
2134;726004.0;5029905.56;1188.32
1200;726013.36;5029912.97;1188.29
394;726025.65;5029928.56;1190.71
3330;726036.02;5029941.1;1190.67
147;726032.64;5029941.38;1198.3
858;726039.27;5029937.48;1188.34
2535;726028.22;5029927.13;1189.3
790;726029.82;5029941.15;1193.97
1848;726050.41;5029958.32;1198.66
3010;726068.44;5029944.13;1185.41
931;726031.05;5029942.59;1197.94
1391;726035.14;5029945.51;1197.19
2335;726038.92;5029955.91;1196.76
333;726040.22;5029957.43;1196.76
1731;726042.52;5029937.84;1189.08
36;726042.88;5029938.77;1187.63
3003;726052.53;5029942.22;1187.4
1290;726054.83;5029940.62;1188.87
1386;726067.83;5029940.9;1189.11
2150;726073.69;5029933.85;1187.83
1725;726074.07;5029930.22;1183.1
2432;726085.23;5029932.72;1180.27
2493;726086.12;5029957.74;1180.16
1969;726088.98;5029957.77;1178.45
1003;726102.13;5029961.78;1174.33
1563;726109.31;5029957.2;1172.41
3240;726115.79;5029958.67;1174.4
1568;726124.14;5029961.48;1173.54
1747;726116.76;5029955.2;1183.63
324;726127.0;5029970.59;1173.36
2374;726127.4;5029980.08;1171.86
3350;726127.53;5029986.55;1170.3
2837;726116.47;5029953.11;1183.96
2960;726112.22;5029949.91;1184.16
512;726111.64;5029941.36;1185.56
1189;726112.47;5029938.53;1185.77
2748;726109.59;5029936.56;1185.89
2497;726110.91;5029932.24;1187.13
197;726110.49;5029929.81;1187.22
2253;726114.15;5029927.03;1187.41
2261;726114.55;5029924.75;1187.11
141;726121.69;5029922.75;1187.51
645;726121.44;5029917.51;1187.76
2781;726123.77;5029913.31;1196.61
2027;726124.77;5029912.24;1204.95
3390;726129.17;5029912.05;1210.86
781;726129.65;5029909.48;1211.15
1618;726132.81;5029910.45;1210.73
1080;726135.08;5029911.89;1201.1
3458;726031.45;5029944.45;1198.68
1324;726067.95;5029944.05;1178.46
582;726077.5;5029939.38;1177.13
367;726082.78;5029932.28;1176.22
972;726087.7;5029937.52;1175.47
1890;726081.93;5029957.46;1172.71
1343;726095.17;5029966.14;1171.07
303;726102.4;5029965.77;1170.32
2156;726115.21;5029957.87;1168.45
3428;726121.98;5029960.26;1167.7
1541;726126.77;5029978.94;1164.71
3172;726126.91;5029989.03;1163.57
2092;726139.7;5029993.91;1162.68
3258;726193.04;5030183.34;1149.43
726;726190.59;5030187.16;1149.2
3400;726201.56;5030192.32;1147.28
980;726209.81;5030193.78;1150.59
1188;726219.41;5030202.14;1143.0
1292;726212.53;5030201.44;1143.86
2218;726209.23;5030201.01;1141.61
1434;726205.42;5030200.56;1144.3
340;726200.39;5030198.66;1142.48
1908;726207.36;5030198.68;1141.49
1982;726190.76;5030198.74;1142.41
3364;726209.67;5030198.93;1140.62
412;726188.05;5030194.36;1142.4
3133;726262.88;5030206.09;1143.27
1191;726265.35;5030203.83;1143.6
649;726267.39;5030203.21;1143.64
1148;726268.83;5030203.74;1143.49
1977;726272.33;5030203.02;1141.97
3021;726276.5;5030204.07;1141.25
3035;726275.97;5030206.7;1141.85
1798;726273.6;5030214.22;1144.03
862;726287.32;5030222.89;1137.68
3113;726294.5;5030224.89;1138.04
3058;726294.76;5030221.52;1137.4
44;726298.92;5030224.75;1137.31
3414;726294.82;5030221.47;1136.49
2563;726296.15;5030220.41;1134.21
352;726306.71;5030223.27;1138.35
2692;726319.96;5030222.37;1137.54
1509;726305.0;5030221.33;1139.11
357;726312.41;5030218.63;1137.35
2621;726333.6;5030227.25;1135.56
1923;726304.96;5030219.28;1138.3
3073;726304.74;5030220.12;1139.76
1496;726341.61;5030234.69;1133.69
2758;726351.35;5030243.52;1135.59
1573;726358.88;5030245.85;1136.01
1605;726365.26;5030251.44;1136.56
2633;726346.8;5030251.3;1135.49
2791;726371.52;5030253.22;1136.82
1851;726375.03;5030249.39;1136.28
2289;726374.19;5030255.47;1136.05
424;726376.11;5030256.0;1136.08
2449;726379.36;5030254.84;1138.04
807;726383.54;5030257.96;1136.9
984;726391.16;5030258.88;1138.75
1843;726394.31;5030254.37;1137.98
3045;726407.72;5030256.18;1137.85
2620;726414.63;5030254.29;1142.72
1157;726422.6;5030255.94;1143.06
2245;726428.13;5030257.98;1143.78
2248;726432.64;5030257.64;1141.52
1901;726441.75;5030257.56;1140.31
1584;726450.13;5030257.33;1139.49
693;726454.74;5030258.63;1139.84
2742;726461.91;5030259.91;1134.84
2759;726472.13;5030261.3;1135.14
1681;726472.71;5030254.46;1136.22
2632;726479.55;5030256.12;1135.42
1396;726484.02;5030256.14;1132.02
1632;726484.43;5030253.77;1131.63
835;726487.98;5030253.79;1131.24
156;726489.14;5030250.35;1131.98
143;726499.18;5030251.94;1133.44
2185;726505.17;5030251.21;1134.16
1106;726516.12;5030263.46;1139.03
1861;726500.12;5030246.77;1134.54
2040;726505.98;5030251.79;1134.16
2247;726531.91;5030275.2;1147.12
2315;726557.81;5030294.19;1149.88
2733;726563.8;5030300.45;1148.93
2713;726567.94;5030301.3;1147.16
2787;726569.29;5030304.18;1147.72
1231;726573.35;5030303.0;1147.41
2148;726579.16;5030308.04;1145.26
3255;726596.57;5030317.12;1143.7
106;726601.21;5030322.07;1142.48
2319;726609.52;5030321.94;1140.05
1274;726635.71;5030335.49;1141.14
2596;726654.59;5030341.44;1143.09
1226;726659.48;5030351.79;1143.61
3124;726685.1;5030354.22;1145.77
2874;726689.77;5030352.77;1146.05
2995;726697.83;5030355.89;1148.39
2256;726712.74;5030350.82;1149.14
170;726713.01;5030346.88;1153.21
3382;726747.23;5030351.21;1160.16
2547;726754.74;5030338.63;1162.02
3439;726779.86;5030356.4;1163.79
2417;726781.97;5030360.24;1165.22
389;726781.82;5030361.13;1182.56
2641;726791.05;5030366.66;1168.43
3005;726781.99;5030366.84;1183.12
363;726782.01;5030368.36;1193.99
21;726784.01;5030373.37;1193.96
5;726784.03;5030373.72;1207.16
2379;726787.73;5030379.19;1207.12
1015;726788.89;5030379.75;1213.55
2;726792.59;5030385.22;1213.51
586;726792.79;5030385.29;1229.69
698;726796.29;5030386.67;1231.1
1344;726799.09;5030389.42;1234.58
2645;726801.34;5030391.83;1236.85
744;726804.69;5030394.91;1238.28
392;726801.77;5030389.53;1275.04
2279;726801.96;5030396.61;1286.4
2489;726802.73;5030387.79;1339.68
1974;726802.4;5030390.54;1339.39
715;726802.4;5030390.02;1353.71
1683;726802.21;5030393.94;1353.98
1428;726801.35;5030396.31;1360.99
3338;726800.95;5030399.6;1366.25
1859;726801.05;5030398.1;1391.17
2019;726802.53;5030399.29;1392.55
3232;726803.29;5030390.76;1443.35
916;726801.83;5030393.15;1443.63
3326;726799.0;5030394.0;1448.0
2931;726817.55;5030390.84;1173.66
750;726846.37;5030418.18;1176.02
1518;726846.49;5030429.34;1184.21
2126;726882.33;5030450.6;1183.63
2765;726877.77;5030464.84;1185.68
212;726879.7;5030466.2;1180.12
3173;726887.45;5030474.25;1178.94
675;726888.98;5030476.74;1183.63
1125;726900.94;5030483.73;1182.46
1444;726902.61;5030484.76;1178.95
3403;726914.59;5030491.46;1178.67
1173;726916.52;5030492.81;1183.05
2729;726932.99;5030501.68;1192.14
565;726925.69;5030510.67;1190.96
1654;726938.24;5030514.47;1181.88
1667;726947.27;5030515.02;1176.03
2516;726969.45;5030519.45;1173.69
2513;726494.68;5030243.05;1134.92
2163;726491.69;5030238.49;1137.91
159;726490.65;5030236.22;1135.29
279;726483.79;5030230.23;1135.67
1559;726480.68;5030229.01;1135.67
2974;726474.18;5030223.59;1137.17
1753;726471.67;5030220.9;1139.41
3489;726481.99;5030217.91;1141.29
1544;726497.41;5030222.91;1140.92
955;726496.97;5030213.98;1141.29
3339;726486.32;5030204.9;1140.93
2696;726488.46;5030202.01;1140.93
1787;726488.01;5030198.64;1140.93
942;726489.77;5030190.91;1140.93
1788;726487.37;5030173.94;1140.18
624;726478.86;5030172.72;1138.68
1020;726474.6;5030167.0;1138.68
1737;726474.55;5030162.92;1139.43
909;726471.36;5030153.34;1140.92
979;726469.03;5030145.46;1142.04
2055;726484.09;5030150.43;1142.04
965;726485.24;5030143.97;1143.54
3482;726504.08;5030147.04;1142.8
1355;726513.67;5030148.86;1142.8
2510;726534.7;5030147.52;1142.8
2970;726555.74;5030150.84;1143.55
1561;726578.86;5030153.5;1144.28
2439;726572.31;5030149.55;1146.89
3152;726565.03;5030144.85;1147.27
2227;726564.68;5030139.09;1149.14
1701;726569.98;5030136.3;1148.02
1994;726557.19;5030130.1;1149.51
1658;726557.57;5030129.93;1176.08
975;726563.09;5030131.05;1177.2
2865;726563.45;5030131.06;1203.01
365;726568.8;5030132.36;1203.77
3498;726569.0;5030132.58;1246.05
2709;726573.24;5030133.27;1246.05
418;726573.78;5030133.48;1261.01
779;726575.99;5030134.11;1261.39
1024;726576.55;5030134.13;1270.0
3219;726376.58;5030246.58;1135.7
2905;726378.59;5030244.33;1136.72
3497;726381.0;5030243.91;1136.28
148;726336.9;5030254.03;1135.77
2504;726325.72;5030258.78;1135.35
1476;726308.33;5030261.39;1134.68
1408;725986.0;5029628.0;1528.0
3135;725984.41;5029628.21;1527.01
3151;725983.87;5029626.31;1518.23
2352;725984.3;5029624.25;1518.48
466;725983.34;5029624.73;1517.97
1305;725987.54;5029622.79;1514.81
2285;725996.06;5029624.57;1505.67
2168;725997.09;5029623.28;1505.68
3282;725998.62;5029621.35;1499.37
1338;726000.97;5029620.4;1497.22
760;725995.15;5029620.95;1497.82
2436;726000.09;5029620.69;1492.44
3254;725998.66;5029618.99;1492.15
770;725997.93;5029618.31;1486.89
783;725999.53;5029616.51;1485.39
2989;726000.23;5029613.52;1472.72
144;726000.04;5029611.48;1470.88
669;726002.55;5029609.29;1455.32
1141;726005.65;5029607.96;1455.12
1720;726009.77;5029612.7;1454.28
1990;726003.32;5029603.66;1455.49
298;726008.79;5029614.89;1454.32
920;726009.42;5029615.86;1449.88
289;726013.44;5029618.72;1453.92
2737;726008.83;5029616.03;1448.48
2640;726006.15;5029613.85;1448.97
1526;726003.99;5029614.97;1449.73
1287;726002.52;5029612.62;1449.39
1468;726001.59;5029612.11;1449.58
1846;725998.55;5029608.92;1449.86
1090;725995.13;5029602.24;1450.03
388;725995.9;5029602.04;1450.35
559;725994.07;5029599.87;1450.52
751;725999.53;5029603.18;1451.0
14;725991.03;5029601.02;1449.65
2176;725994.19;5029600.51;1451.59
1314;725991.36;5029597.48;1446.84
1793;725989.22;5029597.42;1445.61
2730;725988.03;5029595.22;1446.2
2843;725986.68;5029595.39;1443.61
990;725992.24;5029591.86;1443.63
3224;725981.71;5029593.2;1444.12
3029;725998.23;5029591.22;1442.81
3288;725999.19;5029587.71;1442.58
1953;725994.32;5029586.36;1443.32
1635;725999.75;5029585.41;1433.41
2138;725997.0;5029584.51;1434.35
2193;725995.8;5029585.86;1434.67
111;725991.87;5029583.59;1434.8
1696;725989.75;5029580.61;1436.62
1514;725986.34;5029578.38;1436.62
2230;725984.61;5029578.29;1437.08
337;725980.03;5029576.68;1437.53
2702;725977.23;5029576.84;1437.85
83;725972.47;5029575.87;1437.02
441;725966.27;5029575.72;1437.69
1245;725965.4;5029574.89;1437.78
2869;725964.34;5029575.32;1431.63
826;725960.07;5029575.19;1434.39
2355;725966.5;5029575.39;1432.81
1595;725958.45;5029573.76;1435.67
2429;725956.09;5029573.21;1436.68
1964;725957.14;5029573.93;1448.54
2568;725956.82;5029576.7;1438.89
2647;725954.77;5029574.49;1448.55
1754;725949.84;5029573.56;1449.79
138;725947.92;5029574.57;1449.21
725;725945.59;5029574.53;1449.51
789;725945.24;5029575.87;1449.92
3486;725943.42;5029575.0;1450.13
3437;725940.27;5029574.23;1449.0
2323;725939.23;5029575.32;1453.06
1954;725936.14;5029576.51;1455.23
2990;725934.17;5029575.53;1455.78
1958;725937.7;5029575.37;1454.75
1774;725928.6;5029573.84;1455.49
3465;725929.39;5029574.28;1455.26
286;725923.8;5029573.92;1458.75
2278;725920.24;5029573.92;1458.39
1937;725919.64;5029573.64;1463.23
775;725917.64;5029574.81;1467.5
3336;725916.39;5029573.57;1467.06
2906;725914.54;5029576.46;1470.8
1866;725911.57;5029577.94;1476.04
566;725910.08;5029579.78;1482.69
952;725916.04;5029573.32;1459.54
2996;725911.64;5029574.26;1460.76
507;725915.32;5029574.37;1460.4
1073;725903.8;5029574.87;1463.99
3328;725918.1;5029578.62;1458.1
2444;725911.18;5029579.8;1461.3
1280;725895.43;5029573.72;1467.06
1346;725889.5;5029575.78;1470.35
2172;725886.8;5029579.94;1471.43
3347;725902.0;5029583.52;1465.13
2215;725882.81;5029583.08;1474.42
1661;725910.81;5029584.07;1461.58
976;725867.0;5029582.64;1481.96
2954;725860.97;5029585.47;1486.52
383;725868.97;5029579.03;1481.4
728;725856.27;5029584.63;1488.87
1152;725851.72;5029584.28;1492.09
3252;725868.74;5029574.3;1480.58
2259;725866.88;5029577.29;1480.78
3310;725868.67;5029563.89;1480.53
101;725861.15;5029554.71;1483.89
3463;725851.17;5029556.5;1489.12
567;725853.47;5029560.69;1489.51
2144;725857.6;5029566.25;1489.6
332;725867.41;5029575.14;1470.48
354;725864.8;5029576.05;1470.41
1194;725869.28;5029572.26;1470.11
2945;725860.69;5029575.19;1472.76
2225;725860.11;5029574.82;1474.6
3205;725854.8;5029573.27;1477.26
2233;725849.96;5029574.35;1481.14
2735;725840.94;5029574.47;1481.43
503;725873.78;5029572.55;1468.31
3116;725866.5;5029570.88;1470.6
857;725875.37;5029575.16;1467.09
1548;725879.07;5029576.79;1465.6
2445;725880.46;5029579.34;1465.11
1542;725889.0;5029577.15;1460.58
2575;725878.91;5029580.92;1465.5
2557;725866.49;5029580.63;1472.22
854;725864.05;5029581.31;1474.42
1656;725855.39;5029582.14;1478.57
1078;725845.27;5029582.2;1485.45
2209;725832.49;5029582.39;1492.98
966;725865.2;5029573.76;1467.12
3383;725867.16;5029575.22;1460.35
1402;725871.54;5029580.23;1444.9
1246;725878.55;5029579.25;1441.35
2832;725883.93;5029579.73;1439.57
1351;725893.89;5029577.82;1436.89
3169;725892.68;5029578.53;1437.09
651;725898.99;5029578.18;1439.23
258;725892.37;5029577.94;1436.09
1650;725892.51;5029576.46;1423.03
2583;725892.94;5029575.44;1421.28
885;725891.06;5029578.54;1422.57
2013;725893.52;5029575.86;1419.74
488;725895.89;5029576.51;1420.3
2800;725897.76;5029575.37;1419.94
3182;725900.03;5029576.16;1415.67
2899;725909.15;5029575.57;1415.71
425;725907.69;5029576.23;1414.4
2264;725912.32;5029575.49;1417.04
2146;725909.12;5029576.43;1410.28
464;725910.93;5029575.85;1409.95
2123;725911.82;5029574.67;1410.15
3396;725913.22;5029574.32;1410.18
3293;725914.08;5029575.28;1409.83
58;725915.64;5029574.63;1409.35
2522;725916.87;5029575.36;1408.01
2520;725919.85;5029574.99;1408.63
1756;725919.94;5029574.54;1408.53
3278;725925.4;5029573.38;1406.37
1137;725925.22;5029572.5;1406.3
3215;725926.0;5029572.31;1405.68
1217;725927.46;5029573.08;1402.79
1607;725928.77;5029573.5;1400.22
2114;725931.26;5029569.11;1401.41
482;725938.57;5029568.31;1400.49
2517;725940.34;5029567.4;1400.07
3342;725942.06;5029567.29;1399.98
1205;725942.4;5029567.74;1400.0
3356;725944.82;5029567.33;1398.1
1528;725946.81;5029567.07;1397.83
1116;725949.47;5029566.14;1397.82
1149;725950.12;5029565.39;1397.92
946;725949.19;5029564.58;1397.59
1850;725955.8;5029563.57;1397.31
2292;725957.13;5029563.24;1397.21
1617;725957.07;5029564.35;1397.66
2173;725958.08;5029563.94;1397.11
2519;725960.47;5029562.16;1396.59
3272;725961.33;5029562.32;1396.56
3368;725961.74;5029561.71;1396.37
3105;725962.22;5029561.01;1396.37
1171;725964.14;5029560.57;1395.82
155;725964.28;5029559.7;1395.88
3321;725965.6;5029560.63;1395.81
1064;725967.92;5029558.52;1394.99
1278;725970.45;5029558.5;1394.65
3397;725969.32;5029559.53;1394.0
2067;725970.55;5029558.29;1394.77
2295;725967.86;5029560.08;1401.42
1995;725972.93;5029557.43;1394.22
3174;725976.05;5029556.38;1394.04
3370;725980.82;5029554.75;1394.26
1456;725982.33;5029554.52;1394.27
3388;725984.84;5029553.45;1393.24
2361;725984.29;5029556.78;1392.17
1757;725990.1;5029556.57;1390.53
3492;725985.77;5029554.37;1398.33
2265;725992.59;5029557.43;1388.85
2127;725997.3;5029557.21;1390.77
2523;725998.96;5029556.1;1390.77
1100;725988.32;5029556.91;1391.17
1904;725992.8;5029549.93;1388.67
1276;725998.96;5029556.1;1387.77
1723;726001.16;5029554.05;1387.77
3247;726008.14;5029553.74;1387.47
3296;726009.6;5029552.37;1387.47
2047;726011.53;5029551.82;1387.47
2239;726018.35;5029559.13;1385.27
2475;726019.31;5029558.86;1385.27
356;726018.21;5029560.42;1385.27
200;726020.14;5029559.4;1385.17
604;726021.79;5029558.29;1384.97
432;726023.11;5029558.77;1384.97
2950;726022.96;5029557.58;1384.97
1577;726025.3;5029558.42;1384.77
45;726025.69;5029557.72;1384.77
1154;726028.44;5029559.87;1384.47
1198;726028.44;5029559.87;1361.47
704;726032.41;5029559.38;1361.47
2890;726033.21;5029558.35;1361.47
2419;726037.21;5029558.49;1361.47
2452;726037.21;5029558.49;1338.47
314;726033.57;5029556.83;1338.47
1017;726042.2;5029558.66;1338.47
195;726034.93;5029553.07;1338.47
796;726034.93;5029553.07;1284.47
1145;726036.92;5029552.83;1284.47
1180;726044.44;5029555.56;1284.47
2169;726044.44;5029555.56;1278.47
271;726053.83;5029558.97;1275.47
3419;726053.83;5029558.97;1263.47
1585;726053.83;5029558.97;1278.47
368;726052.81;5029561.79;1263.47
1636;726054.01;5029567.67;1263.47
2900;726053.56;5029571.65;1263.47
808;726053.56;5029571.65;1259.47
2180;726052.88;5029573.53;1259.47
1426;726044.94;5029574.51;1259.47
2021;726043.23;5029583.32;1258.87
868;726044.34;5029587.17;1258.87
3097;726044.11;5029589.16;1258.87
1919;726045.99;5029589.84;1258.87
38;726046.96;5029593.2;1258.87
1989;726049.45;5029596.33;1258.87
2426;726050.18;5029595.02;1258.87
2991;726052.67;5029598.14;1255.87
2786;726054.24;5029599.37;1255.67
1665;726060.51;5029604.26;1254.88
810;726066.32;5029608.11;1254.18
1511;726067.56;5029609.66;1253.98
3363;726070.7;5029612.11;1253.58
2925;726071.55;5029613.91;1253.38
2846;726070.53;5029616.72;1253.08
3365;726071.35;5029619.59;1252.78
2124;726071.35;5029619.59;1249.78
3474;726071.54;5029621.07;1249.78
2165;726059.04;5029624.67;1249.78
890;726059.04;5029624.67;1223.78
49;726057.04;5029624.6;1223.78
1880;726056.47;5029627.54;1223.78
1675;726049.75;5029629.48;1223.78
1374;726047.81;5029632.98;1223.78
474;726061.46;5029639.19;1223.78
787;726063.0;5029634.97;1222.77
2485;726065.11;5029640.84;1223.78
745;726067.07;5029633.06;1222.77
2812;726066.71;5029630.09;1219.78
1174;726069.61;5029628.13;1219.78
2058;726069.42;5029626.64;1219.78
140;726070.15;5029625.96;1219.78
2502;726075.15;5029626.13;1219.78
281;726075.15;5029626.13;1212.78
1840;726074.24;5029625.72;1212.78
2924;726077.7;5029626.62;1212.78
1349;726056.94;5029617.85;1212.78
1404;726056.94;5029617.85;1202.78
1150;726055.59;5029617.21;1202.78
1309;726055.59;5029617.21;1202.79
2534;726057.58;5029617.43;1202.79
2521;726064.03;5029618.16;1202.79
409;726064.03;5029618.16;1198.79
701;726070.35;5029623.09;1196.79
1291;726074.82;5029623.59;1196.79
1877;726070.22;5029631.91;1192.79
2228;726065.68;5029634.03;1190.79
1313;726063.8;5029633.34;1190.1
1093;726060.83;5029633.71;1189.09
1293;726054.93;5029632.57;1189.09
829;726051.08;5029632.74;1185.09
2353;726048.88;5029634.79;1183.1
1495;726050.43;5029633.47;1186.08
583;726048.63;5029632.57;1184.59
2244;726048.88;5029634.79;1180.1
2384;726047.92;5029635.07;1180.1
355;726049.97;5029637.27;1178.1
2170;726047.04;5029640.0;1175.4
3518;726050.96;5029645.8;1175.4
1169;726038.37;5029633.23;1171.8
3389;726048.23;5029632.07;1180.95
699;726050.11;5029634.95;1180.54
3102;726049.09;5029635.67;1179.78
224;726046.36;5029637.35;1178.35
1951;726043.29;5029632.96;1177.47
1554;726051.97;5029638.33;1180.08
2258;726041.58;5029631.88;1176.33
481;726039.41;5029630.87;1174.86
444;726043.01;5029630.5;1174.92
3519;726031.88;5029631.79;1174.08
2191;726054.43;5029636.22;1180.2
625;726052.97;5029633.27;1181.09
1486;726055.17;5029631.33;1181.76
876;726057.48;5029629.32;1184.39
330;726065.9;5029625.85;1184.39
936;726070.63;5029631.02;1184.01
2525;726072.09;5029633.74;1183.9
776;726072.16;5029628.71;1184.18
1007;726074.86;5029634.45;1184.19
2878;726074.61;5029637.05;1184.25
3464;726081.02;5029626.57;1184.96
767;726085.04;5029628.35;1185.2
1382;726088.11;5029628.67;1184.87
1527;726091.64;5029629.68;1185.27
1181;726094.04;5029626.9;1185.48
883;726098.56;5029624.43;1187.32
60;726104.18;5029625.37;1188.02
2232;726105.68;5029623.31;1189.1
2531;726104.19;5029620.96;1187.22
956;726102.96;5029622.99;1189.55
347;726109.9;5029614.48;1198.71
667;726101.07;5029621.59;1188.85
1862;726098.23;5029620.05;1189.13
3204;726100.79;5029615.9;1200.08
501;726112.58;5029615.32;1199.34
1642;726105.89;5029617.06;1202.6
160;726109.64;5029614.64;1206.66
3028;726116.88;5029615.82;1199.07
2098;726121.62;5029615.11;1199.13
2939;726112.53;5029612.73;1207.54
2364;726112.44;5029608.84;1208.73
924;726112.12;5029603.91;1209.11
1475;726112.36;5029602.2;1209.49
1975;726112.81;5029599.42;1208.14
2524;726117.42;5029599.19;1207.7
1052;726121.83;5029598.61;1207.68
3081;726126.4;5029597.65;1207.92
1407;726136.0;5029596.58;1209.26
3279;726141.81;5029596.72;1208.19
1021;726143.78;5029595.97;1217.93
2804;726147.62;5029593.24;1221.74
2490;726150.43;5029594.34;1222.23
2981;726152.49;5029593.6;1222.83
2884;726156.8;5029593.63;1223.2
1376;726161.94;5029593.69;1223.91
3520;726165.89;5029590.96;1224.45
1364;726166.37;5029590.71;1226.52
1556;726163.04;5029588.53;1226.09
1713;726167.54;5029591.96;1224.57
2612;726175.55;5029597.31;1224.76
1555;726180.37;5029597.63;1224.08
1885;726186.64;5029599.74;1226.69
3381;726191.51;5029599.76;1229.6
1702;726197.14;5029601.92;1230.75
3434;726201.56;5029602.91;1230.43
469;726205.28;5029604.1;1231.51
100;726207.66;5029603.65;1232.5
2200;726211.05;5029604.75;1233.38
1102;726214.77;5029606.69;1232.62
1583;726218.33;5029608.19;1231.91
3405;726224.01;5029609.67;1232.43
1115;726236.0;5029613.79;1233.07
456;726238.46;5029614.47;1234.07
342;726161.59;5029586.16;1230.3
317;726162.05;5029586.38;1232.69
1235;726167.65;5029589.81;1232.93
1378;726169.67;5029592.32;1232.46
2286;726160.11;5029584.75;1232.25
1620;726173.21;5029593.76;1231.02
198;726157.56;5029582.14;1236.1
513;726152.3;5029577.34;1240.67
262;726143.58;5029574.69;1225.92
1887;726138.67;5029569.44;1229.94
1943;726137.49;5029569.75;1237.12
50;726134.02;5029566.9;1245.15
1467;726130.12;5029564.4;1247.26
3270;726127.41;5029562.67;1261.67
3313;726125.48;5029559.83;1267.98
1109;726122.28;5029558.16;1271.11
1247;726118.17;5029556.99;1270.33
1103;726065.11;5029640.84;1217.78
2669;726064.56;5029639.67;1217.78
2798;726071.36;5029640.98;1216.78
11;726075.2;5029639.88;1216.78
2356;726075.2;5029639.88;1203.78
94;726074.57;5029638.52;1203.78
1070;726071.4;5029640.0;1203.78
1086;726072.24;5029641.81;1203.78
682;726072.63;5029565.8;1278.47
297;726018.62;5029561.53;1385.47
1558;725993.04;5029549.13;1398.4
1108;725993.56;5029548.27;1405.12
1006;725994.24;5029546.25;1408.06
3452;725994.04;5029542.98;1410.83
3183;725994.62;5029543.29;1411.19
1234;725999.08;5029542.05;1413.16
1312;726000.87;5029543.2;1412.84
1915;726002.05;5029543.79;1412.62
194;726007.89;5029547.46;1415.79
536;726011.13;5029548.71;1415.84
2750;726012.0;5029552.16;1425.37
3165;726019.48;5029558.12;1428.86
175;726016.08;5029559.6;1433.3
3307;726019.72;5029556.28;1428.61
1229;726015.25;5029558.22;1432.84
318;726014.32;5029555.56;1434.72
3309;726008.92;5029549.22;1437.04
1939;726007.29;5029549.29;1436.76
702;726005.77;5029547.78;1436.57
1409;726007.49;5029545.12;1436.48
1442;726008.19;5029545.15;1440.23
1515;726007.42;5029542.72;1438.89
1963;726011.59;5029545.59;1445.39
1161;726012.29;5029544.23;1444.23
490;726006.76;5029543.6;1445.03
2428;726011.91;5029546.1;1444.61
3214;726004.57;5029541.62;1445.67
206;725992.63;5029544.15;1445.08
867;726004.94;5029539.41;1445.2
1694;726004.99;5029535.13;1445.82
712;726004.55;5029527.74;1446.31
1517;725999.44;5029523.69;1445.49
130;726002.65;5029525.28;1447.55
3494;726004.42;5029524.22;1448.3
3306;726008.98;5029533.51;1447.63
6;726011.68;5029539.52;1446.94
738;726011.98;5029541.9;1446.81
75;726013.14;5029544.51;1446.51
3086;726014.98;5029545.45;1446.27
2196;726015.84;5029547.09;1446.55
2106;726017.94;5029548.11;1446.4
525;726019.75;5029553.53;1445.64
1687;726019.73;5029556.27;1445.57
244;726018.15;5029558.88;1445.53
54;726017.37;5029561.41;1445.12
1988;725991.55;5029545.07;1445.57
846;725990.07;5029546.33;1445.64
2920;725986.52;5029537.77;1449.71
41;726011.91;5029557.08;1444.21
2634;726013.99;5029563.49;1443.45
193;726019.41;5029563.69;1443.45
306;726021.37;5029572.39;1442.86
220;726023.24;5029577.81;1442.54
3445;726030.25;5029579.8;1442.03
152;726032.8;5029600.51;1440.35
483;726034.41;5029607.39;1438.89
3473;726042.26;5029608.03;1438.91
1268;726049.24;5029604.92;1439.47
806;726055.4;5029604.01;1439.79
3096;726054.22;5029610.2;1439.33
3100;726055.11;5029600.35;1439.98
3025;726051.44;5029612.4;1438.8
884;726053.17;5029618.66;1437.77
3095;726054.02;5029620.63;1438.11
1452;726056.61;5029623.34;1437.32
2700;726060.45;5029629.04;1438.41
3093;726055.0;5029625.15;1436.86
2969;726065.85;5029627.33;1437.52
1959;726057.1;5029629.48;1444.53
427;726053.56;5029625.72;1436.6
173;726050.92;5029623.94;1436.72
3490;726047.22;5029623.01;1437.99
28;726050.07;5029624.06;1444.35
714;726052.22;5029625.24;1443.55
421;726051.84;5029629.53;1444.12
1790;726056.17;5029629.35;1444.02
933;726051.27;5029633.73;1441.91
732;726060.01;5029629.2;1438.08
905;726050.77;5029633.35;1446.06
3264;726048.99;5029634.45;1446.57
1257;726044.87;5029635.76;1446.28
2431;726045.27;5029635.67;1476.16
2875;726067.98;5029629.29;1436.07
1567;726078.46;5029631.76;1435.43
2993;726069.18;5029632.6;1443.16
215;726078.55;5029631.12;1432.96
1805;726079.38;5029628.87;1432.35
2822;726077.05;5029627.74;1431.54
2999;726076.55;5029626.4;1430.79
1651;726073.08;5029625.31;1429.4
2479;726070.8;5029625.92;1429.09
2782;726069.43;5029627.41;1429.1
222;726064.78;5029625.43;1428.99
1170;726062.55;5029627.91;1429.0
1429;726064.18;5029628.59;1428.84
3078;726063.23;5029630.79;1428.62
1499;726064.52;5029633.04;1427.85
1270;726063.4;5029638.3;1427.29
1942;726061.06;5029639.0;1426.22
216;726057.73;5029639.5;1424.71
1543;726059.69;5029641.53;1404.66
2940;726061.93;5029640.01;1403.97
3516;726061.69;5029639.6;1404.16
1516;726059.85;5029638.49;1404.01
309;726066.71;5029637.1;1404.1
73;726067.86;5029638.54;1403.74
825;726069.39;5029637.84;1403.72
2377;726071.22;5029638.45;1403.67
2102;726072.72;5029638.39;1403.51
995;726074.13;5029638.54;1403.2
1258;726076.57;5029640.53;1402.68
2661;726080.88;5029642.85;1402.73
405;726056.68;5029637.68;1403.81
1831;725990.2;5029554.68;1405.43
2322;725992.88;5029551.85;1407.81
2983;725994.47;5029552.25;1409.11
1489;725992.23;5029552.36;1412.02
245;725990.22;5029554.62;1412.6
3221;725987.18;5029554.83;1410.7
2636;725987.74;5029555.96;1410.32
1453;725983.96;5029557.84;1409.83
2701;725983.11;5029559.02;1413.23
2710;725980.24;5029559.6;1414.0
772;725981.5;5029558.36;1415.31
2080;725983.8;5029555.81;1416.86
3457;725978.61;5029558.05;1418.3
1369;725976.01;5029559.4;1418.41
2455;725971.22;5029562.63;1418.29
3522;725965.63;5029565.79;1418.11
2650;725965.82;5029567.0;1418.99
327;725965.32;5029565.42;1418.32
1722;725966.81;5029566.21;1417.36
739;725965.58;5029566.53;1418.48
2673;725963.38;5029568.52;1419.03
2206;725957.78;5029568.8;1418.9
2393;725947.93;5029569.22;1419.65
1814;725947.44;5029568.93;1419.36
2779;725944.81;5029569.28;1419.88
2208;725944.24;5029571.04;1422.03
2629;725939.37;5029572.34;1420.73
3262;725938.02;5029573.36;1420.47
406;725932.72;5029573.51;1421.33
3230;725930.5;5029573.73;1422.13
2159;725921.63;5029574.65;1424.33
2154;725915.14;5029575.86;1429.34
299;725911.05;5029575.8;1431.97
607;725907.75;5029576.8;1433.09
1363;725905.19;5029576.98;1433.59
2415;725900.31;5029578.04;1434.71
1470;725967.23;5029565.72;1415.92
1445;725968.64;5029565.31;1414.59
1903;725969.03;5029565.1;1407.64
256;725967.5;5029564.22;1404.69
2099;725965.83;5029564.95;1402.3
534;725966.68;5029562.09;1401.59
756;725972.66;5029568.52;1416.02
2593;725971.66;5029570.62;1417.87
3459;725969.88;5029573.47;1425.03
3513;725967.83;5029574.8;1432.28
1743;725957.2;5029577.53;1439.22
1207;725954.95;5029578.82;1439.7
2034;725992.6;5029585.11;1443.84
2182;725990.96;5029584.02;1445.37
2033;726000.81;5029602.17;1451.05
2039;726003.38;5029602.2;1456.22
655;726003.48;5029601.09;1454.84
837;725991.94;5029616.37;1493.92
1454;725982.88;5029624.84;1506.72
2615;726464.0;5028540.0;1542.0
107;726465.81;5028540.47;1539.15
2071;726465.45;5028541.36;1535.97
1924;726467.45;5028542.3;1534.91
3409;726474.97;5028545.09;1533.68
2162;726476.94;5028546.27;1532.45
2526;726474.96;5028548.03;1507.24
659;726476.22;5028548.14;1490.51
3281;726468.91;5028548.81;1507.24
1167;726464.74;5028548.39;1506.92
754;726463.9;5028549.22;1500.56
48;726462.98;5028552.26;1496.96
2976;726460.08;5028551.9;1481.62
349;726458.35;5028551.48;1463.18
557;726455.22;5028551.29;1462.85
2358;726450.61;5028551.56;1459.35
1820;726439.29;5028548.49;1455.26
2240;726440.33;5028547.68;1473.53
1646;726438.24;5028547.82;1451.59
1081;726425.3;5028547.94;1449.72
535;726421.33;5028548.08;1449.32
266;726417.58;5028547.96;1447.84
2486;726419.42;5028547.29;1449.41
1609;726417.5;5028545.61;1440.9
1781;726419.5;5028543.05;1442.38
749;726420.05;5028539.71;1441.39
2006;726419.47;5028540.41;1438.43
1182;726419.88;5028540.21;1414.61
3114;726418.89;5028538.22;1413.67
68;726419.82;5028538.85;1406.05
2307;726414.82;5028536.08;1406.71
3451;726413.6;5028536.61;1409.85
452;726412.46;5028532.97;1410.75
1531;726411.87;5028533.36;1414.85
1710;726410.09;5028531.03;1415.07
2074;726413.73;5028530.63;1424.53
247;726414.88;5028531.42;1427.21
1540;726419.41;5028533.15;1427.48
9;726423.15;5028531.48;1432.56
2120;726422.57;5028526.85;1431.19
925;726424.0;5028526.44;1436.55
1401;726425.64;5028524.95;1449.28
3507;726425.61;5028525.07;1451.85
2936;726428.64;5028524.55;1452.38
1212;726434.8;5028525.01;1453.32
165;726438.29;5028525.1;1454.34
1940;726444.83;5028525.95;1455.05
3352;726447.71;5028526.94;1454.44
2503;726453.16;5028528.01;1455.06
2624;726451.73;5028528.2;1456.17
1980;726459.19;5028527.71;1459.16
838;726456.51;5028529.82;1452.31
509;726455.39;5028528.31;1447.44
2763;726450.63;5028528.61;1446.71
3340;726446.95;5028528.9;1446.03
879;726447.02;5028526.91;1446.68
321;726443.99;5028526.98;1445.47
1297;726441.15;5028527.66;1445.42
3071;726435.25;5028526.85;1445.51
3031;726434.57;5028527.23;1442.53
380;726437.12;5028526.71;1442.24
1927;726441.29;5028525.14;1430.43
1460;726442.86;5028524.09;1430.49
2856;726444.51;5028523.27;1424.01
2949;726445.75;5028522.1;1424.38
172;726445.51;5028524.67;1423.46
393;726446.84;5028520.94;1423.94
2151;726449.05;5028520.84;1424.32
209;726450.27;5028520.24;1425.61
1606;726452.14;5028520.6;1424.52
2858;726452.7;5028521.14;1422.54
189;726454.3;5028520.47;1422.21
1421;726455.1;5028519.54;1420.28
3515;726455.26;5028520.94;1418.97
1490;726458.75;5028521.73;1419.02
1728;726461.84;5028521.69;1417.38
2876;726463.56;5028521.17;1414.23
121;726466.53;5028520.64;1407.75
1603;726464.9;5028524.39;1388.98
3150;726459.81;5028526.13;1387.43
2339;726457.85;5028527.05;1375.77
1659;726456.69;5028528.39;1368.59
678;726457.12;5028530.35;1352.44
1072;726456.27;5028531.87;1352.01
1321;726455.87;5028532.6;1348.11
436;726454.37;5028533.64;1348.41
3065;726455.3;5028534.78;1348.29
179;726456.35;5028535.12;1344.99
940;726456.54;5028536.59;1345.16
3488;726456.14;5028539.1;1330.58
1506;726453.65;5028540.61;1327.64
3014;726448.7;5028541.68;1324.28
167;726451.64;5028544.55;1320.36
1221;726454.81;5028545.97;1318.13
2097;726456.43;5028547.04;1311.57
1815;726457.25;5028548.26;1311.81
3246;726446.81;5028526.6;1423.88
2164;726448.28;5028525.15;1437.6
117;726448.93;5028525.88;1437.9
492;726450.05;5028525.76;1438.21
3226;726450.84;5028526.56;1438.78
529;726454.19;5028527.67;1439.13
1074;726454.79;5028528.31;1442.18
2654;726456.7;5028528.32;1442.56
1627;726456.5;5028529.86;1452.17
2359;726468.33;5028530.94;1461.43
594;726473.12;5028531.78;1461.37
2012;726474.77;5028531.05;1466.01
1412;726476.79;5028531.75;1466.81
2375;726420.19;5028541.23;1356.04
927;726422.97;5028539.36;1355.14
2272;726420.54;5028536.31;1354.9
110;726413.29;5028533.69;1354.9
2883;726412.82;5028529.99;1355.15
2768;726405.17;5028528.94;1355.47
514;726395.58;5028524.95;1355.14
2073;726395.28;5028522.61;1370.08
763;726393.79;5028524.49;1336.21
2022;726387.14;5028523.32;1335.65
3299;726383.26;5028522.99;1336.38
1482;726368.88;5028523.52;1338.02
3366;726360.06;5028522.03;1337.69
3;726351.22;5028520.39;1336.22
1717;726353.52;5028517.28;1336.46
1196;726354.54;5028516.71;1323.16
2609;726349.76;5028519.42;1343.72
1433;726345.69;5028513.46;1334.34
1692;726354.54;5028516.61;1323.16
898;726350.45;5028517.92;1320.96
628;726353.4;5028520.3;1320.39
1028;726342.02;5028514.09;1320.64
2818;726358.6;5028521.53;1324.31
3446;726361.87;5028521.74;1327.82
3435;726368.67;5028521.2;1330.02
1547;726378.58;5028520.95;1331.73
861;726382.81;5028521.77;1335.81
3166;726333.6;5028511.42;1319.74
2334;726345.71;5028520.0;1344.62
2257;726339.31;5028511.74;1331.97
2813;726331.05;5028507.72;1330.25
2079;727447.0;5029703.0;1695.0
2545;727446.47;5029697.25;1681.39
313;727446.29;5029696.44;1676.21
1032;727445.52;5029695.51;1672.52
2642;727443.91;5029694.21;1671.53
3260;727442.66;5029693.51;1670.47
1912;727442.04;5029693.21;1666.92
3385;727440.4;5029692.23;1666.64
919;727439.6;5029691.95;1650.97
981;727437.6;5029690.84;1650.9
2665;727437.73;5029689.74;1650.62
3185;727439.12;5029689.39;1650.69
2911;727442.9;5029689.43;1650.55
1325;727446.1;5029689.34;1649.63
985;727445.4;5029687.87;1648.56
957;727444.0;5029687.1;1646.5
639;727443.68;5029686.69;1641.4
1597;727442.94;5029685.08;1641.12
3056;727440.32;5029685.0;1640.97
1437;727439.84;5029685.09;1629.34
1579;727438.34;5029684.08;1629.06
217;727435.96;5029682.69;1628.78
1043;727434.83;5029682.84;1628.49
2942;727433.62;5029682.55;1627.71
1192;727432.03;5029684.26;1627.08
815;727430.05;5029683.38;1626.51
2494;727427.51;5029684.15;1626.22
17;727429.93;5029683.19;1623.96
2049;727426.68;5029684.84;1625.37
2760;727426.34;5029685.45;1621.19
2586;727426.27;5029685.62;1619.56
2527;727428.63;5029685.62;1621.47
987;727424.95;5029685.84;1619.06
2467;727422.57;5029686.02;1618.36
2226;727419.5;5029685.76;1617.36
2655;727419.08;5029685.84;1615.31
2662;727418.31;5029685.66;1614.96
115;727417.4;5029685.23;1614.39
2129;727417.62;5029686.46;1614.32
3377;727410.34;5029684.63;1612.83
996;727405.22;5029684.54;1610.92
833;727404.77;5029684.48;1601.98
747;727399.62;5029684.21;1601.76
627;727397.13;5029684.61;1600.7
636;727394.14;5029684.07;1600.06
3479;727389.55;5029683.07;1597.37
210;727385.37;5029682.4;1596.52
2801;727383.12;5029681.95;1596.16
1225;727414.92;5029689.38;1609.85
3017;727414.44;5029689.92;1604.32
3106;727413.39;5029691.37;1604.32
1213;727412.32;5029695.82;1602.69
1261;727409.49;5029697.11;1601.7
2210;727407.29;5029698.56;1601.28
108;727404.48;5029701.56;1600.5
2784;727401.47;5029702.45;1599.43
797;727398.58;5029705.35;1598.65
2663;727399.05;5029707.67;1597.66
493;727396.97;5029708.91;1596.81
708;727395.98;5029711.84;1594.75
400;727393.82;5029715.29;1593.9
2048;727387.24;5029716.23;1591.85
381;727384.22;5029718.74;1590.85
1447;727381.61;5029715.38;1596.1
585;727378.16;5029722.33;1588.94
2465;727375.46;5029724.04;1587.24
836;726127.0;5029865.0;1508.0
2447;726127.0;5029865.0;1448.0
2581;726651.0;5029755.0;1480.0
1458;726651.0;5029755.0;1457.0
3386;726296.0;5030170.0;1447.0
2589;726296.0;5030170.0;1446.0
1533;726117.0;5029747.0;1525.0
3200;726116.97;5029748.74;1505.08
3357;726116.89;5029753.66;1501.63
819;725883.0;5027580.0;1640.0
1824;725883.05;5027580.62;1637.89
2664;725882.98;5027581.93;1630.96
3300;725882.73;5027583.15;1622.88
1799;725883.7;5027582.91;1621.74
1227;725884.97;5027583.48;1619.73
1966;725885.11;5027583.19;1622.41
2607;725862.0;5027467.0;1632.0
676;725862.0;5027467.0;1629.7
1114;725944.0;5029072.0;1587.0
3153;725944.2;5029072.84;1554.0
2947;725943.82;5029074.14;1553.3
3054;725944.62;5029072.74;1536.34
519;725943.67;5029077.45;1550.52
3177;725946.71;5029079.17;1514.26
1703;725950.47;5029083.35;1514.03
370;725952.31;5029088.3;1511.24
3112;725950.29;5029090.12;1506.59
471;725946.09;5029091.09;1502.64
3033;725932.84;5029095.0;1501.72
3378;725932.12;5029109.57;1501.49
1286;725925.33;5029123.48;1501.25
3196;725929.74;5029127.85;1500.55
360;725930.89;5029128.49;1486.14
1238;725926.66;5029135.83;1485.2
1230;725929.45;5029145.12;1484.51
1845;725933.34;5029146.38;1483.58
3263;725934.93;5029146.39;1477.54
1285;725939.28;5029145.43;1474.05
497;725942.15;5029149.13;1471.5
2147;725942.01;5029155.37;1469.64
1089;725939.1;5029156.71;1462.67
3273;725935.31;5029163.57;1461.27
1477;725938.94;5029166.15;1460.34
2660;725941.45;5029164.9;1460.34
2667;725944.61;5029165.31;1459.41
1041;725946.85;5029167.09;1458.48
2224;725954.16;5029167.19;1446.86
272;725954.69;5029171.88;1449.88
1562;725955.06;5029167.53;1445.47
860;725954.95;5029178.03;1450.35
2683;725958.72;5029182.08;1450.11
2091;725960.17;5029185.4;1448.95
668;725960.41;5029191.81;1448.49
2177;725963.57;5029195.28;1448.26
235;725965.7;5029201.45;1446.86
3455;725967.96;5029203.11;1443.37
1807;725968.48;5029197.03;1443.37
2891;725969.28;5029207.88;1443.84
63;725969.38;5029192.72;1444.07
2666;725968.38;5029190.51;1444.07
56;725973.08;5029189.98;1444.07
1987;725975.59;5029187.14;1444.07
274;725977.49;5029188.24;1443.84
1599;725979.62;5029186.69;1442.91
1147;725979.55;5029178.3;1441.75
1022;725979.93;5029187.79;1441.05
214;725978.41;5029176.07;1442.91
774;725979.22;5029174.42;1443.37
218;725978.29;5029172.87;1443.84
848;725978.62;5029170.64;1444.53
1740;725977.46;5029168.54;1445.0
3108;725978.05;5029163.28;1446.39
1672;725977.66;5029160.05;1446.62
149;725980.88;5029158.2;1446.86
1156;725982.36;5029157.93;1448.02
105;725983.59;5029151.38;1448.48
964;725985.16;5029147.0;1448.95
2251;725984.41;5029144.94;1449.64
573;725985.67;5029141.19;1449.64
397;725987.31;5029140.67;1450.34
3425;725988.61;5029137.99;1452.2
3207;725991.52;5029139.71;1454.06
764;725993.13;5029136.52;1454.52
3000;725991.95;5029130.03;1455.22
338;725992.1;5029125.26;1455.68
2057;725989.17;5029122.21;1456.14
2216;725986.3;5029116.91;1457.08
336;725992.83;5029098.31;1458.94
1124;725986.89;5029094.61;1459.87
413;725983.94;5029097.96;1468.93
1770;725981.33;5029098.93;1469.87
76;725979.63;5029092.39;1472.42
1272;725984.46;5029068.73;1473.35
2443;725982.23;5029065.21;1473.58
2540;725980.72;5029056.43;1474.74
2453;725975.07;5029054.09;1476.13
2018;725976.15;5029049.26;1477.75
377;725974.56;5029046.06;1478.46
1619;725974.78;5029040.48;1479.86
3050;725972.92;5029037.39;1480.32
3333;725976.46;5029034.9;1481.48
348;725980.52;5029034.06;1481.48
2973;725984.8;5029029.11;1481.71
1062;725986.31;5029022.45;1482.4
3119;725985.67;5029016.0;1482.64
733;725982.73;5029009.9;1483.1
2369;725973.88;5029006.21;1483.33
601;725973.84;5029002.07;1483.56
162;725972.03;5029001.39;1483.56
2671;725969.3;5028988.38;1484.26
671;725973.79;5028979.45;1485.65
804;725963.52;5028985.89;1483.33
259;725977.41;5028977.64;1485.88
350;725976.65;5028972.51;1486.34
2214;725978.34;5028968.4;1486.58
2684;725977.41;5028965.26;1487.27
1546;725984.34;5028965.19;1487.96
3283;725986.11;5028963.22;1488.2
1127;725991.48;5028959.56;1488.66
2223;725987.8;5028952.85;1490.05
3157;725988.17;5028951.7;1498.18
3315;725961.04;5028992.99;1482.41
2882;725957.37;5028993.87;1481.25
1158;725955.81;5028999.59;1481.01
755;725948.55;5029000.55;1481.01
823;725945.75;5029003.64;1480.54
866;725941.3;5029002.86;1480.54
1838;725939.01;5028997.08;1481.01
3156;725939.54;5029009.36;1479.61
1611;725941.32;5028993.42;1480.78
1186;725940.26;5028990.27;1480.54
2271;725936.58;5028983.57;1481.01
2867;725933.62;5028982.38;1481.01
2463;725929.74;5028976.47;1482.4
1763;725926.12;5028975.23;1482.17
1076;725934.56;5028973.02;1484.26
227;725925.03;5028970.87;1484.03
1279;725923.42;5028969.53;1483.79
1487;725924.57;5028966.97;1483.79
1792;725923.76;5028963.98;1484.49
3222;725920.78;5028963.05;1484.73
1538;725920.75;5028957.33;1485.19
1755;725917.47;5028955.19;1484.72
1030;725917.03;5028951.03;1485.18
2324;725918.56;5028947.16;1484.72
1512;725921.01;5028946.58;1485.41
3433;725921.81;5028945.05;1485.65
1772;725920.62;5028943.35;1485.42
717;725916.09;5028929.53;1486.36
2100;725912.35;5028920.43;1487.29
1410;725912.87;5028919.01;1488.68
727;725908.31;5028919.42;1489.15
2616;725913.37;5028917.86;1489.15
1122;725910.64;5028914.03;1490.54
1123;725910.54;5028910.56;1491.24
2921;725912.24;5028909.38;1491.47
605;725913.98;5028906.2;1491.71
2918;725915.91;5028905.44;1491.71
802;725918.65;5028898.35;1491.94
1680;725916.78;5028893.8;1492.18
1608;725917.21;5028885.58;1491.72
2236;725918.8;5028882.66;1492.41
361;725919.82;5028880.18;1449.89
2585;725933.33;5028885.46;1427.8
2907;725948.88;5028891.85;1424.57
914;725934.78;5028890.23;1411.79
2751;725931.82;5028888.91;1401.33
2263;725927.59;5028890.14;1398.31
814;725935.26;5028969.49;1485.42
171;725939.91;5028969.63;1486.35
2004;725945.29;5028965.83;1488.44
1931;725944.43;5028955.77;1490.53
1630;725932.97;5029017.7;1479.14
2399;725928.23;5029014.1;1479.14
1929;725926.0;5029018.29;1479.14
1897;725926.97;5029022.5;1479.14
1462;725926.42;5029025.79;1479.14
1193;725930.76;5029029.49;1478.91
2343;725931.58;5029033.94;1478.91
2166;725929.34;5029035.08;1478.45
1035;725928.63;5029038.75;1477.75
1678;725929.83;5029040.18;1477.75
191;725928.02;5029042.68;1477.75
42;725929.64;5029047.08;1476.82
3415;725927.73;5029047.58;1476.59
3068;725926.02;5029051.96;1475.9
2371;725941.88;5029060.91;1475.9
491;725947.09;5029060.7;1474.97
553;725948.59;5029063.35;1474.27
692;725952.13;5029063.92;1473.57
695;725953.08;5029066.8;1473.57
3040;725955.63;5029071.14;1466.37
1488;725954.64;5029079.57;1464.51
1783;725959.5;5029080.26;1463.58
1638;725960.62;5029085.81;1463.11
1416;725966.01;5029086.54;1462.65
2109;725968.8;5029089.71;1461.95
1905;725975.43;5029088.43;1461.25
2505;725981.47;5029090.94;1460.55
3508;725986.76;5029094.32;1459.62
2895;725977.86;5029191.73;1433.15
1266;725972.44;5029199.11;1427.11
2362;725973.96;5029204.56;1419.21
1735;725976.43;5029214.48;1414.09
1248;725971.18;5029208.97;1443.61
74;725972.66;5029211.76;1443.15
3430;725971.89;5029216.08;1443.15
26;725976.36;5029215.26;1442.45
433;725976.38;5029215.0;1441.29
638;725976.74;5029220.09;1440.13
2363;725977.54;5029219.89;1413.88
1139;725976.56;5029225.26;1438.27
2643;725978.3;5029220.36;1398.54
323;725982.41;5029220.44;1395.75
237;725984.94;5029221.99;1396.22
897;725989.42;5029220.92;1393.89
2541;725992.74;5029230.12;1390.86
284;725992.95;5029232.25;1359.49
470;725992.03;5029228.98;1359.26
1222;725986.92;5029228.14;1358.55
2909;725986.93;5029229.61;1358.32
945;725983.98;5029229.88;1357.63
386;725982.58;5029230.69;1357.4
2002;725978.26;5029231.38;1356.93
484;725976.87;5029233.66;1356.46
1206;725975.67;5029233.68;1356.0
1844;725975.11;5029230.84;1355.3
3408;725973.96;5029231.81;1355.07
1199;725973.54;5029233.63;1354.14
873;725972.2;5029235.37;1353.44
1077;725971.45;5029233.32;1353.44
908;725970.28;5029234.42;1352.28
2688;725970.06;5029238.52;1351.59
1283;725969.11;5029240.31;1351.59
3266;725969.78;5029241.69;1351.82
516;725969.49;5029243.53;1350.89
2859;725969.83;5029244.22;1349.26
1009;725970.16;5029245.06;1338.34
1340;725969.57;5029248.87;1338.11
1092;725972.14;5029249.89;1337.42
1621;725973.89;5029249.64;1333.69
1033;725982.55;5029249.58;1333.47
96;725983.67;5029248.76;1302.79
2670;725985.45;5029246.65;1299.31
595;725991.2;5029244.75;1298.38
800;725996.95;5029245.91;1296.75
1249;725999.41;5029246.66;1253.53
2194;726002.16;5029250.22;1252.37
1027;726002.57;5029251.74;1230.98
3401;726003.56;5029247.96;1230.52
827;725975.86;5029228.66;1435.71
1649;725975.65;5029229.57;1428.51
287;725979.09;5029234.38;1429.21
294;725982.51;5029234.94;1429.91
2076;725984.74;5029238.33;1429.44
801;725985.7;5029242.67;1428.98
1296;725985.07;5029243.81;1427.58
454;725986.16;5029246.7;1427.11
3294;725988.87;5029246.13;1427.35
3030;725990.18;5029247.84;1427.35
475;725988.08;5029250.59;1427.58
2469;725992.13;5029254.53;1426.89
1331;725994.17;5029254.04;1427.12
2695;725996.94;5029255.75;1426.66
1604;725996.77;5029259.33;1426.89
1926;725999.42;5029260.89;1425.73
3064;725998.68;5029263.35;1425.73
1643;725999.83;5029265.31;1425.04
633;725997.3;5029268.42;1425.04
2885;726000.26;5029272.8;1424.81
2087;726002.39;5029272.72;1424.57
1773;726002.74;5029274.87;1424.11
2580;726004.4;5029277.15;1423.64
3316;726002.91;5029279.02;1423.18
2110;726001.31;5029279.01;1422.25
3337;725999.97;5029277.57;1421.08
1228;725998.56;5029281.57;1420.39
1399;726000.28;5029283.18;1418.3
1971;726006.86;5029280.96;1304.66
2725;726005.45;5029285.09;1301.88
1013;726004.36;5029288.44;1229.84
537;727033.0;5029502.0;1604.0
288;727034.08;5029501.43;1602.73
2564;727034.6;5029501.04;1600.73
3329;727036.1;5029500.07;1600.2
43;727037.17;5029499.54;1579.41
2731;727039.21;5029498.35;1566.35
477;727040.18;5029497.29;1564.35
653;727042.65;5029496.07;1569.37
1168;727043.84;5029495.78;1567.12
2035;727046.77;5029494.48;1552.79
1726;727050.44;5029490.98;1534.99
1360;727060.01;5029484.26;1536.72
834;727045.87;5029499.42;1532.99
307;727067.67;5029488.91;1537.98
1826;727084.08;5029480.28;1541.28
2780;727090.54;5029483.61;1545.21
423;727098.79;5029487.27;1548.09
1662;727111.59;5029487.58;1549.14
1480;727119.58;5029487.49;1551.53
85;727118.95;5029488.1;1549.23
2740;727123.37;5029484.3;1554.09
2618;727132.69;5029487.55;1556.17
3302;727115.73;5029489.05;1544.48
2391;727115.4;5029489.83;1537.29
2023;727115.77;5029490.77;1534.84
2623;727115.36;5029492.16;1525.35
2203;727114.42;5029492.14;1523.67
2986;727114.27;5029492.06;1517.7
1870;727111.64;5029491.08;1516.02
615;727110.86;5029491.06;1507.29
679;727109.85;5029490.73;1503.47
531;727105.97;5029490.49;1501.48
265;727103.53;5029491.61;1499.34
784;727098.48;5029490.89;1497.36
1;727099.38;5029488.96;1493.08
2952;727097.29;5029488.53;1490.02
2579;727096.52;5029487.97;1485.12
2069;727098.42;5029486.92;1482.67
2968;727101.0;5029486.27;1480.68
225;727104.53;5029485.02;1477.61
1657;727109.47;5029483.41;1474.25
1441;727112.85;5029485.11;1458.49
2423;727115.82;5029484.7;1453.6
102;727118.24;5029484.44;1451.45
1978;727120.11;5029484.17;1447.63
2174;727120.99;5029482.94;1444.72
1663;727120.17;5029481.28;1442.26
3154;727119.38;5029478.23;1426.51
2317;727121.39;5029479.05;1417.48
2574;727122.31;5029483.28;1414.27
2394;727122.35;5029485.31;1400.35
3429;727123.15;5029488.13;1397.59
1403;727121.76;5029491.37;1393.47
3379;727122.88;5029490.14;1374.49
2772;727124.49;5029487.38;1369.59
1045;727124.16;5029484.65;1363.47
269;727123.89;5029482.54;1352.15
666;727124.6;5029478.59;1346.03
734;727132.7;5029478.07;1555.67
2349;727140.81;5029472.45;1557.08
1210;727146.63;5029468.57;1558.13
2908;727148.84;5029466.3;1559.36
1418;727148.11;5029463.01;1560.77
1155;727147.04;5029488.53;1552.02
1484;727152.52;5029489.83;1554.51
2293;727152.76;5029489.33;1542.86
1986;727161.17;5029492.22;1555.28
1551;727152.41;5029488.95;1539.17
2514;727152.13;5029488.88;1537.73
2850;727150.93;5029488.76;1508.94
1593;727150.5;5029488.59;1507.57
2366;727148.58;5029489.31;1505.57
3188;727147.24;5029488.13;1505.04
135;727175.83;5029495.04;1557.83
211;727186.3;5029491.59;1564.12
1459;727034.0;5029502.0;1603.0
3001;727029.72;5029499.82;1599.34
1485;727027.12;5029500.79;1597.47
398;727027.51;5029501.35;1591.89
542;727028.29;5029502.14;1590.35
226;727028.94;5029503.15;1581.9
2627;727029.35;5029503.1;1575.96
930;727029.9;5029499.85;1568.23
1250;727036.34;5029498.02;1565.75
77;727039.45;5029497.85;1564.06
855;727041.46;5029498.35;1567.55
2308;727041.96;5029498.2;1567.49
46;727042.67;5029497.64;1564.92
3052;727040.57;5029495.95;1554.75
2838;727038.75;5029495.64;1536.85
2807;727040.11;5029492.5;1537.56
1769;727043.86;5029487.96;1538.54
2178;727051.17;5029486.38;1538.97
3284;727052.61;5029485.36;1539.69
402;727056.6;5029486.96;1541.2
3008;727056.72;5029490.28;1541.35
2378;727059.08;5029490.42;1541.82
1204;727060.43;5029488.6;1541.7
2756;727063.43;5029486.55;1542.05
3041;727066.26;5029483.23;1543.05
1902;727068.27;5029484.14;1542.27
568;727073.64;5029482.96;1544.25
378;727075.56;5029483.84;1545.83
2951;727081.31;5029483.84;1547.34
1718;727081.29;5029486.59;1547.33
1946;727085.9;5029489.53;1549.98
2059;727093.03;5029489.76;1549.91
2935;727095.61;5029491.16;1549.87
3496;727105.25;5029492.69;1551.24
2132;727109.91;5029491.94;1552.63
2839;727110.39;5029490.91;1552.82
1471;727121.5;5029493.58;1555.83
1316;727110.52;5029490.01;1549.27
2192;727109.57;5029490.51;1547.34
1916;727106.65;5029491.09;1546.07
1289;727104.84;5029493.17;1532.79
2112;727106.57;5029494.98;1532.5
2971;727108.43;5029495.24;1516.48
2158;727111.22;5029496.96;1508.53
3466;727112.05;5029496.44;1499.31
2241;727109.18;5029496.07;1496.84
2726;727105.97;5029496.65;1496.09
2697;727104.13;5029498.21;1494.06
2316;727101.68;5029498.18;1493.72
1519;727098.16;5029496.94;1493.21
3136;727099.69;5029495.24;1492.99
880;727096.44;5029494.37;1491.95
3500;727097.96;5029493.69;1481.44
1637;727105.15;5029491.46;1480.82
2764;727107.09;5029490.69;1479.62
3354;727108.9;5029490.64;1480.12
3241;727110.09;5029492.66;1470.58
446;727116.56;5029493.59;1453.73
3051;727116.89;5029492.39;1454.11
999;727118.69;5029491.74;1455.01
1628;727116.31;5029492.84;1454.55
1224;727115.75;5029491.33;1454.37
382;727114.71;5029489.7;1447.51
1047;727113.85;5029490.05;1447.83
2499;727116.75;5029492.11;1443.31
2400;727113.68;5029489.96;1431.66
1002;727114.4;5029489.95;1431.43
3275;727116.82;5029490.44;1425.51
118;727119.39;5029493.37;1416.58
185;727118.19;5029496.8;1411.98
1195;727120.9;5029498.62;1394.56
2774;727121.12;5029500.57;1394.42
709;727119.3;5029502.57;1390.25
72;727118.2;5029503.12;1389.15
1084;727115.53;5029501.32;1371.75
1736;727118.91;5029498.15;1363.19
576;727120.24;5029494.98;1357.04
3053;727119.54;5029491.64;1349.02
597;727119.06;5029488.69;1341.75
3139;727123.29;5029489.57;1341.49
2753;727127.24;5029490.38;1340.1
455;727130.56;5029489.79;1338.33
753;727136.27;5029491.83;1337.86
2041;727139.31;5029492.9;1338.95
228;727142.27;5029493.15;1337.1
602;727124.62;5029494.27;1557.01
631;726050.0;5029317.0;1580.0
3069;726050.76;5029317.61;1574.15
2181;726052.89;5029317.41;1571.32
2600;726054.08;5029316.55;1547.35
27;726062.98;5029317.01;1545.71
2255;726069.03;5029317.78;1551.69
2014;726065.55;5029315.15;1542.42
1640;726062.56;5029320.22;1551.49
3162;726071.57;5029319.21;1555.16
2116;726076.57;5029322.47;1561.79
2448;726080.08;5029324.0;1564.61
1724;726087.57;5029323.9;1570.14
2246;726066.97;5029313.26;1529.55
1359;726068.51;5029311.3;1526.39
851;726070.26;5029309.16;1523.97
1160;726070.61;5029308.26;1511.68
570;726068.91;5029306.65;1511.95
2301;726065.52;5029305.58;1511.95
3161;726066.65;5029304.39;1511.81
813;726066.65;5029302.45;1511.94
462;726068.0;5029300.17;1511.68
1219;726068.76;5029300.77;1511.62
1419;726060.75;5029322.43;1550.71
3331;726061.67;5029323.88;1549.52
1886;726059.84;5029324.54;1548.54
2093;726060.36;5029326.88;1547.62
3087;726057.85;5029328.55;1546.89
2689;726054.1;5029326.25;1546.37
3011;726052.8;5029326.66;1545.91
2506;726052.89;5029328.15;1545.12
2070;726051.75;5029327.47;1544.53
3423;726051.36;5029329.59;1543.94
3250;726053.12;5029331.38;1543.74
277;726050.32;5029334.2;1543.35
375;726050.01;5029335.93;1543.35
2853;726047.62;5029338.19;1542.88
1464;726047.54;5029340.77;1542.09
1521;726046.33;5029341.96;1540.65
2602;726046.97;5029344.37;1543.34
2904;726047.71;5029343.56;1520.87
2273;726044.78;5029346.31;1543.6
88;726043.58;5029347.5;1543.8
551;726043.42;5029348.4;1535.78
2495;726043.53;5029346.92;1548.01
2961;726043.39;5029345.17;1553.66
3186;726042.79;5029343.59;1566.6
766;725766.0;5027759.0;1675.0
2309;725768.04;5027760.01;1669.14
3179;725771.97;5027761.5;1665.81
1153;725773.06;5027760.83;1656.35
3077;725773.82;5027760.19;1655.47
3168;725774.58;5027759.54;1650.53
3418;725783.17;5027762.16;1647.52
2711;725789.79;5027764.76;1643.24
2958;725790.95;5027764.9;1635.99
3190;725798.52;5027767.33;1631.92
1066;725803.01;5027769.95;1621.31
3395;725809.46;5027772.34;1618.49
3449;725810.72;5027770.7;1616.56
2549;725812.49;5027769.15;1614.85
1197;725812.5;5027767.78;1614.2
3261;725814.87;5027765.86;1612.44
811;725818.48;5027766.61;1611.98
3267;725824.26;5027767.96;1608.48
80;725826.49;5027765.37;1606.63
2889;725831.86;5027764.1;1602.8
3484;725834.31;5027764.67;1601.0
1612;725833.65;5027766.41;1598.18
1063;726186.0;5027256.0;1640.0
129;726184.73;5027254.17;1634.0
687;726183.37;5027255.79;1631.6
3094;726182.93;5027260.18;1626.7
2675;726180.34;5027261.54;1626.0
1415;726180.34;5027261.54;1623.0
2678;726177.73;5027261.48;1622.0
2923;726177.25;5027264.72;1620.5
1674;726177.25;5027264.72;1617.5
2738;726170.11;5027263.2;1613.25
2197;726170.11;5027263.2;1608.25
2037;726169.55;5027268.02;1607.05
584;726166.95;5027269.12;1606.39
2304;726165.1;5027267.59;1606.39
3117;726165.17;5027266.59;1606.39
1335;726165.17;5027266.59;1526.39
453;726167.7;5027267.8;1526.39
199;726153.09;5027272.97;1520.04
3274;726125.55;5027278.96;1516.53
1566;726125.55;5027278.96;1511.53
1706;726120.27;5027283.56;1511.53
1390;726118.0;5027286.27;1510.13
2785;726118.0;5027286.27;1493.13
325;726117.52;5027293.35;1493.13
1254;726117.52;5027293.35;1484.13
335;726118.15;5027295.35;1484.13
312;726124.34;5027296.77;1484.13
3467;726128.16;5027298.52;1484.13
1766;726128.16;5027298.52;1479.13
3393;726133.87;5027302.58;1479.13
1909;726133.07;5027307.41;1478.13
1829;726133.38;5027310.93;1477.43
1025;726129.98;5027314.1;1477.43
711;726130.4;5027317.57;1477.43
2077;726133.31;5027323.38;1477.43
109;726133.21;5027324.88;1477.43
2591;726134.41;5027326.6;1477.43
785;726140.93;5027340.66;1476.02
3311;726139.41;5027342.11;1476.02
1342;726138.42;5027341.11;1476.02
3358;726136.75;5027340.79;1476.02
329;726135.02;5027342.98;1476.02
230;726133.18;5027340.87;1476.02
51;726129.58;5027338.72;1476.02
2121;726131.71;5027343.93;1475.62
2922;726132.61;5027345.0;1475.62
1868;726132.48;5027346.1;1475.62
3199;726132.48;5027346.1;1468.62
2249;726132.24;5027348.18;1468.62
3448;726132.24;5027348.18;1458.62
510;726131.92;5027350.96;1458.62
3297;726127.02;5027350.78;1458.62
3076;726126.83;5027353.58;1458.62
2788;726126.83;5027353.58;1413.62
2578;726128.92;5027353.72;1413.62
555;726128.92;5027353.72;1415.02
1450;726128.92;5027353.72;1390.12
3402;726129.7;5027349.79;1415.02
2988;726132.49;5027349.55;1415.02
894;726134.28;5027347.4;1415.02
3327;726133.75;5027346.09;1415.02
761;726139.15;5027347.97;1415.02
1564;726134.08;5027343.29;1415.02
1094;726132.54;5027340.93;1415.02
2560;726127.14;5027339.33;1415.02
1896;726124.47;5027336.05;1415.02
812;726127.56;5027315.15;1415.02
623;726127.56;5027315.15;1412.92
2342;726127.57;5027315.14;1412.92
843;726138.72;5027290.81;1412.92
157;726143.82;5027276.18;1414.33
3130;726137.2;5027260.63;1414.33
3231;726134.45;5027260.0;1414.33
902;726133.19;5027258.31;1414.33
2243;726132.92;5027259.58;1414.33
904;726128.05;5027258.78;1414.33
1613;726125.98;5027256.87;1414.33
2637;726125.98;5027256.87;1362.33
345;726126.67;5027256.92;1414.33
683;726133.58;5027258.37;1360.33
19;726135.69;5027258.21;1358.92
137;726139.75;5027256.85;1339.92
970;726145.18;5027255.31;1342.72
2778;726152.9;5027251.87;1342.72
467;726154.85;5027251.0;1340.62
3167;726154.85;5027251.0;1326.62
1011;726147.14;5027254.43;1323.11
1871;726149.26;5027261.11;1318.11
850;726148.42;5027258.46;1321.0
275;726148.42;5027258.46;1316.0
489;726128.42;5027247.22;1415.73
3394;726132.24;5027249.04;1415.73
3237;726122.9;5027246.13;1415.73
1004;726139.96;5027350.65;1415.02
1049;726140.71;5027351.84;1415.02
2805;726143.42;5027350.12;1415.02
2299;726144.55;5027353.6;1415.02
1972;726147.86;5027356.2;1415.02
2736;726147.34;5027366.04;1414.31
2529;726136.55;5027369.29;1412.21
2880;726136.92;5027372.8;1411.51
782;726132.35;5027374.66;1410.11
1323;726132.14;5027380.3;1408.71
1432;726127.36;5027381.5;1408.71
1758;726123.13;5027378.96;1407.3
577;726126.24;5027384.28;1408.71
339;726120.25;5027375.87;1406.6
3060;726113.72;5027373.24;1405.19
548;726109.5;5027373.08;1404.49
3481;726103.96;5027374.11;1404.49
2438;726109.5;5027373.08;1389.49
532;726102.39;5027372.7;1404.49
2674;726093.95;5027373.18;1403.8
3036;726093.04;5027381.1;1403.1
1677;726094.05;5027389.49;1402.41
1348;726093.35;5027390.04;1401.71
661;726095.3;5027399.01;1401.71
1315;726094.13;5027399.8;1401.71
2978;726094.98;5027414.58;1401.71
1329;726107.15;5027430.97;1401.71
1223;726113.13;5027434.69;1401.0
2723;726115.14;5027437.58;1400.3
2793;726116.75;5027439.9;1400.3
2302;726118.6;5027442.02;1400.3
926;726120.46;5027444.15;1400.3
958;726119.76;5027431.27;1400.68
762;726120.91;5027452.11;1399.6
2470;726120.81;5027438.97;1403.3
2706;726124.72;5027431.92;1400.94
2368;726130.85;5027440.19;1400.94
2576;726134.05;5027440.83;1400.44
2237;726136.37;5027442.95;1399.82
3353;726140.83;5027445.68;1398.93
1326;726149.12;5027445.88;1399.35
3118;726151.22;5027438.72;1400.1
270;726153.04;5027445.98;1400.14
2917;726156.88;5027439.86;1400.67
977;726166.26;5027434.75;1402.27
959;726168.2;5027436.46;1402.01
2815;726171.43;5027435.86;1394.5
1492;726174.54;5027434.63;1393.16
1425;726177.53;5027435.63;1391.9
889;726185.43;5027436.52;1384.74
2910;726119.73;5027458.09;1399.6
174;726118.53;5027458.77;1395.37
2254;726118.47;5027459.97;1395.37
1944;726118.09;5027467.12;1394.67
1727;726119.07;5027469.77;1394.67
1281;726118.92;5027476.93;1393.97
1626;726116.52;5027480.42;1393.97
2509;726114.83;5027485.79;1393.97
3468;726113.46;5027485.47;1393.97
3440;726113.16;5027488.98;1393.97
558;726110.53;5027486.64;1393.97
911;726112.8;5027489.88;1389.74
3034;726106.8;5027480.67;1393.97
3359;726102.73;5027481.83;1394.67
2644;726101.86;5027483.59;1394.67
302;726094.84;5027484.1;1394.67
460;726093.45;5027483.83;1399.6
3392;726087.18;5027484.79;1400.3
1493;726084.79;5027486.29;1400.3
2811;726079.46;5027488.08;1399.3
2195;726079.01;5027489.42;1399.3
2281;726073.49;5027489.91;1386.3
1741;726070.68;5027490.16;1386.3
437;726063.88;5027490.17;1387.66
882;726068.0;5027491.01;1385.6
1782;726061.95;5027481.87;1402.41
2799;726066.52;5027478.54;1421.75
2313;726064.6;5027479.79;1428.36
1884;726062.46;5027480.88;1429.06
3287;726061.72;5027479.85;1429.32
3286;726056.69;5027478.61;1431.39
1795;726058.89;5027477.97;1442.97
3420;726060.97;5027479.78;1445.28
1945;726064.37;5027480.37;1446.66
1669;726062.18;5027482.09;1454.69
3290;726058.5;5027483.29;1456.24
2250;726056.47;5027482.82;1457.44
3046;726050.86;5027483.42;1458.85
2427;726053.88;5027485.3;1467.12
1481;726049.07;5027488.56;1468.63
440;726050.56;5027489.13;1468.63
888;726050.16;5027491.42;1469.21
3128;726043.96;5027495.78;1471.03
457;726047.55;5027489.77;1483.16
780;726045.76;5027486.27;1487.28
3351;726047.64;5027485.51;1487.83
1759;726047.76;5027483.78;1492.84
629;726047.76;5027483.77;1492.84
3470;726052.87;5027481.27;1493.98
2414;726065.32;5027491.87;1384.9
2101;726062.52;5027491.72;1384.9
939;726111.58;5027491.12;1375.94
2007;726111.5;5027373.22;1389.49
145;726153.38;5027350.96;1415.02
2122;726153.38;5027350.96;1390.02
3271;726166.36;5027350.63;1389.32
778;726140.92;5027353.06;1390.02
2212;726153.38;5027350.96;1385.82
2794;726171.74;5027349.0;1387.22
123;726171.74;5027349.0;1378.22
1365;726182.53;5027347.36;1376.82
1031;726182.53;5027347.36;1354.82
2913;726189.51;5027346.52;1354.82
2270;726197.96;5027346.43;1354.82
2344;726197.96;5027346.43;1344.82
1048;726210.52;5027344.72;1340.58
178;726235.62;5027341.29;1344.82
1478;726210.52;5027344.72;1329.58
1600;726241.32;5027337.51;1322.57
1051;726255.39;5027337.37;1321.14
2408;726280.54;5027334.16;1321.14
2857;726280.54;5027334.16;1312.04
2716;726293.85;5027332.76;1325.35
2442;726274.32;5027334.71;1312.74
1110;726288.96;5027333.41;1311.34
2392;726319.82;5027326.25;1336.61
1263;726337.14;5027318.88;1332.37
1120;726337.15;5027318.87;1332.37
1345;726347.9;5027314.09;1329.54
934;726351.9;5027312.74;1331.65
2831;726347.9;5027314.09;1311.93
2434;726361.5;5027310.5;1330.96
2888;726371.57;5027305.44;1330.25
2919;726368.07;5027305.53;1330.25
1878;726336.93;5027318.97;1311.93
1858;726228.85;5027344.46;1342.42
1748;726231.2;5027357.73;1341.73
2554;726236.28;5027361.28;1341.49
798;726227.33;5027374.09;1340.23
2128;726225.29;5027390.92;1337.33
2056;726221.69;5027405.46;1336.44
2066;726215.09;5027423.65;1331.8
2761;726214.9;5027426.42;1330.41
3317;726209.93;5027433.54;1329.02
2411;726206.8;5027442.67;1328.05
616;726200.43;5027448.22;1327.8
353;726197.01;5027440.91;1327.15
3131;726192.24;5027440.33;1326.19
1882;726187.29;5027439.73;1320.72
2854;726168.78;5027447.23;1319.71
3132;726156.59;5027451.45;1313.77
1055;726133.42;5027353.25;1390.12
476;726128.95;5027353.79;1390.12
112;726128.92;5027353.72;1374.62
1580;726130.42;5027353.82;1374.62
2685;725835.0;5028050.0;1690.0
2727;725835.55;5028049.96;1685.77
1054;725839.26;5028048.85;1682.6
2556;725838.92;5028046.58;1658.27
1304;725849.79;5028042.14;1655.34
1847;725832.76;5028043.95;1674.13
1596;725855.72;5028040.42;1654.64
3341;725859.82;5028040.88;1653.93
1373;725864.35;5028039.66;1656.52
3201;725865.02;5028039.36;1648.65
1827;725864.12;5028040.19;1665.68
572;725866.96;5028038.81;1646.29
1802;725871.72;5028040.14;1641.48
2824;725877.4;5028040.11;1639.13
3332;725876.82;5028050.62;1637.37
1361;725878.86;5028051.97;1635.37
1920;725876.47;5028055.46;1634.91
960;725878.27;5028057.52;1632.55
2705;725877.25;5028062.84;1632.2
2038;725875.98;5028063.81;1631.03
1505;725876.77;5028067.03;1630.68
2095;725877.96;5028069.85;1629.97
126;725877.87;5028071.83;1629.97
346;725882.46;5028070.98;1628.09
716;725884.89;5028074.09;1628.91
574;725880.29;5028084.14;1630.56
3478;725885.99;5028070.93;1632.32
2619;725882.64;5028085.07;1628.8
64;725882.23;5028088.55;1628.21
1867;725880.88;5028088.52;1628.21
3107;725880.58;5028092.83;1628.21
1042;725881.11;5028093.96;1627.63
2015;725879.1;5028094.23;1627.74
1565;725879.09;5028096.39;1626.33
1948;725877.32;5028096.95;1626.22
431;725878.0;5028104.42;1624.69
928;725884.5;5028121.43;1624.47
1504;725885.93;5028129.59;1623.88
1614;725884.12;5028139.54;1621.52
2886;725885.52;5028142.01;1620.11
416;725887.38;5028142.45;1618.94
472;725887.64;5028146.53;1615.53
3024;725886.68;5028150.23;1614.24
133;725889.62;5028154.65;1611.78
2881;725886.47;5028164.47;1609.55
504;725886.57;5028165.3;1597.56
662;725893.43;5028169.34;1612.02
2852;725886.14;5028167.15;1590.03
3292;725885.88;5028169.02;1592.38
1107;725885.07;5028171.03;1590.85
1012;725884.98;5028171.92;1585.91
1327;725884.59;5028177.3;1584.38
1876;725882.82;5028177.96;1583.44
3285;725883.91;5028182.83;1582.97
587;725883.31;5028188.47;1581.32
3059;725887.34;5028190.82;1579.68
2816;725886.25;5028194.96;1578.98
2714;725886.66;5028197.35;1576.74
1834;725882.82;5028200.88;1575.92
3134;725884.2;5028204.7;1573.33
3155;725884.22;5028209.4;1572.39
249;725885.61;5028211.06;1571.22
2325;725884.84;5028213.52;1571.1
2291;725884.33;5028214.19;1555.58
2473;725881.62;5028214.31;1553.82
2143;725879.86;5028216.77;1553.58
841;725875.18;5028218.6;1553.23
2860;725870.2;5028220.77;1553.23
847;725873.16;5028224.92;1552.64
207;725869.46;5028228.91;1550.77
3371;725869.59;5028230.46;1550.42
3216;725868.5;5028232.61;1549.83
1479;725869.82;5028235.98;1549.36
505;725877.45;5028233.43;1549.12
1275;725880.87;5028235.54;1529.5
2610;725884.39;5028235.59;1524.69
2088;725886.25;5028232.87;1521.87
372;725888.98;5028232.67;1520.93
2053;725890.19;5028229.26;1521.75
2345;725889.97;5028232.67;1516.81
1255;725892.74;5028229.04;1521.4
1130;725894.51;5028226.4;1521.99
1520;725893.91;5028233.02;1515.05
1993;725895.12;5028231.69;1512.47
2739;725896.12;5028231.51;1507.3
3197;725897.03;5028231.5;1506.71
690;725896.63;5028234.98;1506.12
654;725896.19;5028169.68;1612.95
2500;725897.53;5028171.87;1613.66
2828;725901.66;5028172.07;1614.36
2789;725902.36;5028168.43;1614.13
2582;725904.19;5028168.14;1614.25
2348;725904.03;5028163.89;1614.25
1572;725908.42;5028161.3;1615.19
2458;725911.05;5028158.2;1619.3
581;726545.0;5027909.0;1625.0
3265;726545.84;5027907.97;1619.7
2416;726545.12;5027908.61;1613.25
3399;726544.88;5027907.72;1613.17
2508;726543.08;5027907.75;1603.0
2062;726543.1;5027906.87;1596.49
2211;726542.4;5027907.59;1588.81
305;726543.14;5027905.88;1587.99
428;726542.0;5027905.26;1576.22
533;726547.18;5027904.02;1573.42
673;726536.29;5027906.45;1578.7
817;726547.75;5027903.9;1573.11
34;726549.81;5027903.58;1569.52
648;726551.53;5027902.68;1568.1
1366;726553.29;5027903.12;1562.13
1589;726555.99;5027902.05;1560.05
3103;726769.0;5028112.0;1667.0
2604;726769.16;5028111.67;1654.67
2898;726767.86;5028109.4;1636.74
2010;726762.47;5028110.95;1632.75
2413;726770.23;5028108.98;1637.51
1660;726763.19;5028111.32;1615.66
1891;726758.99;5028110.39;1614.95
3164;726773.45;5028107.93;1636.09
1463;726778.14;5028107.95;1628.14
991;726368.0;5030076.0;1472.0
2380;726368.0;5030076.0;1442.0
