id;x;y;z
3503;704308.0;5009615.0;1540.0
1342;704302.79;5009615.04;1536.55
3417;704301.33;5009620.53;1536.1
127;704303.1;5009621.87;1535.12
4981;704302.81;5009624.9;1534.63
2003;704305.44;5009627.95;1534.16
4061;704309.28;5009626.97;1510.16
1394;704306.28;5009624.01;1509.19
474;704306.49;5009619.25;1508.24
3283;704305.58;5009610.55;1507.33
851;704307.37;5009606.75;1506.37
2107;704307.66;5009600.15;1505.43
4986;704314.69;5009603.07;1487.59
2051;704320.8;5009604.53;1485.66
4923;704328.75;5009601.3;1483.74
4283;704331.55;5009602.35;1481.77
1673;704331.98;5009604.39;1479.78
1464;704336.64;5009600.38;1478.84
3555;704339.54;5009597.61;1472.88
3873;704350.32;5009600.8;1472.03
1650;704354.93;5009607.7;1471.14
3278;704361.77;5009608.46;1470.2
4521;704366.5;5009618.0;1469.36
1850;704378.98;5009626.48;1468.64
1469;704388.56;5009627.89;1467.76
2971;704390.83;5009630.86;1466.78
2844;704398.5;5009631.63;1465.86
4147;704400.73;5009634.37;1464.89
4427;704404.71;5009633.81;1463.92
778;704409.89;5009632.4;1446.92
2059;704416.7;5009628.95;1446.5
1217;704425.35;5009628.99;1446.1
1258;704430.98;5009628.22;1432.13
860;704435.26;5009626.42;1431.18
2749;704438.92;5009623.79;1409.11
3185;704460.71;5009617.94;1408.7
266;704463.15;5009620.4;1408.22
1149;704481.33;5009612.88;1408.18
2693;704488.77;5009611.99;1378.18
4700;704493.41;5009610.28;1343.05
3827;704499.5;5009610.23;1293.03
1854;704502.5;5009610.57;1203.07
3914;704502.91;5009605.54;1201.12
634;704504.71;5009598.59;1199.19
4136;704503.24;5009593.84;1197.24
3629;704506.53;5009572.05;1195.71
614;704498.3;5009563.0;1193.86
1465;704503.7;5009540.19;1192.39
1852;704512.53;5009508.92;1191.48
3449;704518.46;5009510.03;1189.53
4606;704521.06;5009505.14;1187.58
1877;704523.74;5009503.22;1184.63
2908;704526.97;5009496.05;1181.7
1599;704531.05;5009496.82;1179.74
4930;704533.25;5009494.97;1178.77
206;704540.69;5009504.71;1175.77
1393;704530.7;5009504.27;1179.88
3860;704531.68;5009507.58;1179.91
4789;704524.12;5009520.51;1181.13
2090;704526.56;5009522.98;1181.16
2348;704524.89;5009528.75;1181.21
3212;704526.92;5009531.77;1181.24
4072;704519.05;5009542.83;1181.46
2398;704523.52;5009550.45;1181.56
1018;704528.13;5009555.63;1181.62
929;704522.15;5009558.64;1183.63
3738;704528.1;5009555.65;1169.67
3493;704515.02;5009562.36;1184.63
3848;704508.62;5009566.3;1185.63
1729;704503.52;5009571.23;1187.64
2097;704494.04;5009571.65;1188.63
1532;704487.43;5009576.54;1190.64
1675;704481.81;5009585.24;1191.63
2855;704476.08;5009592.24;1193.64
4918;704474.16;5009598.41;1195.64
1679;704536.63;5009557.29;1167.77
4702;704545.72;5009565.79;1165.98
4565;704564.38;5009554.96;1164.47
1586;704565.42;5009552.35;1164.47
1040;704569.57;5009559.96;1162.55
1165;704567.49;5009552.62;1164.47
1703;704558.97;5009552.51;1164.47
3775;704571.88;5009546.52;1163.47
240;704577.42;5009545.21;1163.47
3246;704589.9;5009529.55;1161.47
3315;704597.62;5009530.95;1160.47
4346;704604.22;5009520.96;1158.46
2529;704612.11;5009517.45;1157.46
589;704626.29;5009496.94;1155.46
1496;704638.42;5009480.51;1153.46
194;704643.64;5009472.56;1151.46
4093;704648.92;5009467.82;1150.46
3550;704658.52;5009453.41;1148.46
1248;704660.39;5009454.23;1148.36
4262;704681.54;5009424.51;1145.42
3082;704692.5;5009414.66;1144.42
810;704695.08;5009405.85;1142.42
2808;704700.14;5009396.95;1141.42
479;704703.32;5009397.82;1139.42
2500;704706.07;5009389.78;1138.42
3881;704712.79;5009381.87;1136.42
4456;704710.66;5009377.82;1134.43
1494;704721.91;5009365.34;1132.43
3788;704725.78;5009362.84;1131.43
1702;704728.19;5009358.94;1129.43
793;704736.39;5009352.42;1127.43
1144;704749.35;5009339.43;1125.44
1335;704770.33;5009313.84;1123.42
3390;704767.77;5009310.91;1122.42
3577;704774.25;5009304.51;1121.42
824;704557.79;5009548.68;1168.47
1044;704556.79;5009544.67;1172.47
4578;704559.79;5009540.42;1175.47
4446;704560.15;5009535.31;1176.48
2632;704566.7;5009522.11;1177.48
1409;704576.51;5009567.39;1160.7
3217;704587.52;5009566.08;1158.85
3262;704590.8;5009571.1;1156.9
268;704615.71;5009568.07;1155.58
4555;704638.61;5009554.85;1154.33
538;704643.03;5009554.0;1147.38
2687;704639.28;5009565.67;1148.39
2821;704650.82;5009555.47;1146.47
1290;704627.75;5009575.4;1150.4
531;704624.71;5009592.39;1152.4
2738;704608.85;5009592.9;1154.4
1796;704612.66;5009586.29;1154.4
1021;704589.15;5009594.96;1156.41
4561;704619.11;5009581.21;1154.4
4149;704621.38;5009579.53;1174.4
3202;704575.5;5009612.97;1158.42
3141;704560.21;5009618.7;1159.42
4385;704541.51;5009635.93;1160.44
1169;704537.28;5009628.85;1163.44
3119;704537.73;5009641.94;1162.44
2071;704533.19;5009624.18;1165.43
209;704523.47;5009642.56;1169.43
1130;704538.24;5009672.63;1163.45
4019;704536.14;5009680.91;1164.46
4485;704660.27;5009562.35;1146.13
2839;704672.35;5009561.05;1145.8
1243;704680.29;5009567.13;1144.94
637;704685.12;5009568.88;1143.98
1504;704692.98;5009576.18;1143.12
2754;704704.96;5009571.41;1142.32
3885;704709.08;5009566.17;1141.88
4498;704713.35;5009571.52;1141.45
2639;704723.16;5009573.75;1140.58
323;704734.15;5009566.3;1139.78
3622;704747.03;5009560.96;1139.0
671;704753.94;5009556.54;1138.08
3126;704769.07;5009565.23;1137.45
472;704799.37;5009563.22;1137.48
2625;704818.35;5009554.19;1136.98
2152;704819.16;5009549.46;1136.03
2157;704825.5;5009551.73;1135.09
1500;704828.53;5009554.23;1134.12
4178;704840.2;5009551.53;1133.28
4510;704843.6;5009544.71;1132.35
1375;704853.23;5009538.75;1131.51
3807;704860.66;5009541.01;1129.59
2845;704874.42;5009531.21;1125.85
324;704892.88;5009532.74;1124.24
4745;704895.25;5009509.27;1123.85
1360;704893.06;5009487.22;1123.37
155;704897.28;5009471.34;1122.65
1183;704889.7;5009451.67;1122.14
1391;704891.26;5009439.32;1121.3
3563;704896.67;5009431.24;1120.41
2872;704895.99;5009423.95;1119.48
540;704890.26;5009407.93;1118.81
987;704887.8;5009391.5;1118.12
4043;704884.96;5009386.59;1117.17
2349;704885.33;5009370.69;1116.44
542;704884.36;5009363.8;1115.5
1549;704879.95;5009357.59;1113.58
4734;704876.71;5009341.63;1112.86
511;704885.11;5009326.29;1112.18
1036;704889.11;5009313.84;1111.38
2364;704884.68;5009305.94;1109.46
1892;704890.15;5009295.8;1108.62
3624;704889.28;5009279.84;1107.89
1239;704891.3;5009265.73;1107.1
905;704889.19;5009262.99;1106.14
4183;704894.34;5009241.9;1104.62
3148;704886.38;5009230.14;1103.85
3404;704895.47;5009218.71;1102.06
246;704898.57;5009205.15;1100.26
2671;704899.92;5009185.35;1099.67
1190;704898.81;5009175.46;1098.78
635;704901.18;5009158.03;1098.13
221;704899.27;5009155.03;1096.18
3780;704903.77;5009149.86;1094.24
1965;704904.89;5009132.36;1092.53
498;704908.34;5009093.17;1091.03
1727;704910.26;5009072.27;1088.44
2787;704909.73;5009016.59;1087.51
2131;704905.09;5009012.45;1082.56
1009;704900.46;5008983.98;1080.37
1823;704907.53;5008979.84;1065.35
3329;704903.48;5008969.94;1060.43
4809;704902.12;5008951.11;1055.68
605;704908.06;5008934.98;1050.87
599;704914.6;5008930.48;1045.93
553;704911.55;5008921.22;1031.85
2997;704922.66;5008890.52;1029.85
3103;704932.26;5008854.93;1028.15
2069;704936.28;5008851.49;1025.2
2240;704949.39;5008805.73;1023.39
3008;704945.96;5008803.91;1020.44
3288;704944.96;5008799.07;1017.49
1913;704951.85;5008792.73;1014.57
2739;704945.87;5008775.52;1010.83
926;704953.13;5008769.25;1007.92
1962;704952.92;5008751.23;1003.12
3666;704951.74;5008746.09;998.16
4128;704953.97;5008723.94;995.59
622;704951.83;5008719.54;992.64
3790;704958.2;5008710.49;989.75
2986;704958.79;5008685.31;987.33
3400;704967.62;5008682.33;984.43
2681;704966.05;5008676.27;981.48
3803;704972.44;5008675.63;978.54
684;704972.02;5008657.27;975.82
3238;704961.07;5008650.29;973.0
4562;704963.96;5008637.61;970.15
2553;704960.77;5008624.78;967.31
3937;704964.95;5008620.01;964.37
1912;704965.63;5008605.12;961.57
2573;704962.62;5008601.32;958.62
1815;704962.87;5008583.23;955.9
4977;704959.69;5008578.5;952.96
1495;704962.05;5008571.11;950.03
852;704955.57;5008553.14;947.36
119;704959.03;5008543.41;944.46
2906;704956.35;5008536.55;941.51
3880;704957.77;5008528.69;940.59
4751;704953.33;5008522.84;938.65
616;704962.23;5008516.11;936.79
1564;704966.71;5008505.89;934.91
2188;704959.41;5008501.36;933.0
4508;704960.83;5008493.52;931.07
180;704978.2;5008478.45;929.61
4380;704980.27;5008466.86;927.74
2675;704978.83;5008461.6;917.73
2352;704978.26;5008458.63;895.63
765;704978.26;5008458.64;895.63
1861;704980.9;5008460.2;913.0
3299;704982.86;5008407.62;889.62
2924;704980.91;5008460.25;913.02
208;704980.01;5008459.56;919.0
2374;704977.83;5008462.79;915.86
773;704977.37;5008463.65;915.63
4733;704976.35;5008467.05;916.54
2719;704973.04;5008468.13;917.68
3177;704969.11;5008464.56;919.04
2423;704967.32;5008466.83;919.6
3768;704964.58;5008468.0;919.8
1054;704956.82;5008473.66;921.95
662;704945.92;5008479.95;922.44
4800;704945.19;5008479.93;929.68
313;704942.75;5008480.64;933.29
1383;704939.46;5008482.11;934.87
1154;704934.02;5008480.92;938.58
1135;704933.42;5008480.67;939.44
3999;704922.24;5008478.65;943.29
2202;704921.29;5008473.19;947.83
3414;704919.43;5008472.21;944.89
3381;704921.6;5008469.24;946.33
2000;704917.28;5008461.89;946.65
3954;704913.88;5008458.63;948.54
2453;704904.26;5008457.81;948.24
2684;704900.26;5008452.44;949.67
2948;704885.88;5008445.42;953.87
3440;704884.57;5008449.07;955.72
4403;704881.81;5008454.88;956.56
4491;704882.81;5008461.82;956.16
3071;704879.38;5008475.94;957.96
4276;704879.82;5008491.73;959.45
1161;704874.07;5008493.97;960.14
536;704864.79;5008496.01;961.99
663;704862.25;5008496.14;979.37
3933;704860.4;5008496.25;979.88
1697;704857.98;5008500.16;981.76
1582;704854.53;5008506.46;982.6
2159;704858.44;5008512.68;983.94
2120;704861.36;5008515.2;988.7
4435;704863.08;5008519.13;991.29
2763;704861.65;5008522.0;992.83
4517;704862.93;5008523.58;992.37
2414;704862.11;5008525.0;992.05
4602;704862.96;5008529.23;991.65
1918;704862.12;5008534.7;992.96
2644;704860.24;5008538.74;993.41
3006;704858.83;5008541.35;994.09
2828;704854.6;5008546.99;995.86
1466;704856.82;5008550.62;995.74
4131;704855.65;5008551.82;996.33
2507;704857.48;5008559.94;996.06
120;704853.63;5008566.93;996.49
1045;704855.31;5008567.56;997.33
3267;704855.15;5008574.16;998.33
4868;704856.85;5008579.96;1001.55
4135;704858.57;5008585.26;1002.83
1911;704858.92;5008589.89;1004.16
2046;704857.29;5008591.82;1004.6
4353;704853.21;5008595.3;1007.24
998;704854.02;5008597.66;1009.58
624;704851.76;5008601.92;1010.26
1213;704848.07;5008604.33;1010.93
1099;704849.12;5008603.03;1019.71
489;704841.02;5008613.06;1012.25
1739;704842.28;5008619.29;1013.12
1122;704840.84;5008628.03;1014.33
2452;704838.37;5008638.28;1016.78
2911;704832.82;5008643.34;1016.75
1055;704836.7;5008638.73;1017.09
3268;704831.06;5008647.23;1018.6
2115;704828.81;5008651.46;1020.92
2554;704826.7;5008653.05;1021.02
2468;704825.08;5008656.64;1021.2
4891;704823.26;5008658.93;1023.67
1024;704817.97;5008664.57;1023.72
931;704815.81;5008669.65;1023.66
2007;704809.23;5008676.02;1025.6
1435;704808.98;5008687.02;1026.78
476;704806.62;5008694.73;1027.0
2696;704800.95;5008696.6;1029.4
4710;704798.69;5008701.67;1030.74
1819;704796.61;5008708.2;1032.11
2511;704795.8;5008725.6;1036.26
2607;704795.8;5008725.78;1036.26
784;704793.6;5008739.53;1038.9
2680;704785.86;5008747.75;1039.66
1483;704782.15;5008750.77;1040.27
577;704779.51;5008749.99;1042.98
4097;704773.24;5008753.2;1041.77
1254;704769.37;5008761.65;1042.87
1684;704770.1;5008764.84;1044.6
3509;704771.19;5008770.26;1045.78
984;704765.95;5008775.03;1052.82
901;704763.59;5008777.58;1054.2
574;704761.62;5008778.03;1054.33
3405;704758.23;5008782.44;1055.87
1221;704757.18;5008785.58;1056.19
2822;704754.7;5008788.69;1056.74
1014;704754.3;5008790.11;1057.22
1146;704750.82;5008792.92;1057.63
3254;704747.24;5008797.26;1057.81
2301;704742.83;5008804.2;1060.73
2619;704740.07;5008813.06;1060.81
4407;704737.59;5008817.74;1061.11
2411;704734.2;5008820.86;1061.23
1978;704733.03;5008822.18;1062.37
1331;704732.88;5008822.3;1062.4
4672;704728.91;5008825.84;1066.36
2317;704728.46;5008827.65;1066.28
4457;704726.15;5008835.24;1066.62
532;704726.55;5008838.75;1068.84
3988;704724.22;5008842.69;1071.22
317;704722.14;5008842.79;1071.48
107;704722.47;5008847.53;1073.75
395;704719.76;5008851.06;1076.74
4798;704719.81;5008853.37;1078.03
3974;704716.69;5008857.02;1079.2
3588;704718.09;5008858.92;1079.91
4129;704717.05;5008861.37;1079.88
2527;704715.16;5008860.51;1080.93
3869;704711.06;5008864.95;1081.22
2249;704709.26;5008868.82;1081.34
290;704707.42;5008871.62;1082.6
4233;704708.09;5008871.18;1082.39
75;704707.22;5008873.03;1083.62
801;704704.66;5008875.77;1084.83
178;704697.01;5008880.43;1087.16
2974;704687.46;5008890.6;1089.07
1244;704682.47;5008897.78;1094.36
720;704680.71;5008895.61;1097.76
620;704683.69;5008893.28;1096.28
714;704674.37;5008905.9;1099.33
4730;704668.89;5008913.52;1103.84
661;704668.78;5008916.25;1105.1
4835;704667.87;5008920.03;1105.45
2958;704659.84;5008927.59;1106.89
3243;704655.96;5008933.89;1111.54
4251;704654.67;5008938.73;1113.33
2482;704655.5;5008948.63;1114.64
3319;704658.74;5008954.93;1116.05
845;704658.87;5008953.75;1114.85
4953;704662.49;5008961.91;1115.55
1382;704662.82;5008965.67;1114.18
1012;704664.29;5008967.02;1112.54
4583;704664.69;5008973.07;1114.09
3410;704665.09;5008978.01;1116.92
2246;704665.21;5008982.38;1114.16
1999;704665.51;5008979.76;1113.06
964;704666.02;5008983.02;1115.83
4776;704666.12;5008987.15;1114.39
3087;704666.86;5008989.76;1115.92
3186;704669.3;5008993.89;1114.84
3104;704673.01;5008999.73;1115.67
3181;704673.91;5009001.51;1116.71
1295;704675.51;5009001.88;1116.16
925;704677.21;5009003.03;1123.91
1104;704669.99;5009009.15;1116.14
1719;704678.15;5009007.38;1124.77
4238;704681.28;5009011.48;1125.02
1649;704683.95;5009016.09;1125.19
1664;704686.13;5009020.32;1125.04
611;704696.51;5009017.02;1124.62
4518;704669.04;5009010.8;1115.95
2502;704666.78;5009012.5;1116.38
3890;704660.53;5009016.6;1117.53
4088;704658.86;5009017.4;1118.47
1450;704656.44;5009019.26;1119.36
4390;704654.6;5009021.94;1120.87
2871;704651.85;5009023.63;1121.04
3413;704651.04;5009023.0;1120.25
2931;704649.39;5009023.39;1119.18
4101;704646.59;5009023.12;1119.32
519;704642.49;5009022.43;1119.42
777;704640.48;5009024.66;1119.83
1602;704640.85;5009029.7;1120.49
2933;704637.19;5009031.98;1120.61
1211;704636.99;5009036.81;1122.22
418;704635.43;5009037.54;1121.77
4773;704635.2;5009045.18;1122.82
1480;704633.8;5009052.71;1123.38
723;704633.85;5009056.85;1125.31
2172;704632.68;5009062.73;1125.78
2154;704633.23;5009073.22;1126.09
1123;704627.16;5009075.42;1129.17
4537;704626.1;5009071.29;1129.98
4278;704624.64;5009071.89;1130.07
3344;704620.36;5009072.16;1130.77
1077;704618.64;5009070.51;1131.06
4968;704616.4;5009068.99;1131.01
3756;704611.16;5009067.72;1131.2
2235;704608.81;5009065.61;1131.42
1835;704607.93;5009065.82;1131.59
3101;704602.98;5009064.04;1134.76
3522;704602.6;5009061.44;1135.39
1416;704600.92;5009061.24;1134.78
4480;704600.83;5009060.08;1132.84
2217;704597.48;5009059.27;1133.16
3651;704594.24;5009061.95;1133.23
2321;704587.92;5009063.39;1138.73
1691;704584.11;5009062.73;1138.64
326;704585.15;5009065.24;1140.0
2867;704582.42;5009066.19;1141.71
3939;704583.17;5009068.53;1141.98
682;704582.83;5009072.37;1145.96
1136;704580.41;5009076.31;1146.78
1235;704578.94;5009080.46;1147.68
2929;704575.32;5009085.6;1149.36
4066;704577.25;5009093.27;1146.1
1227;704577.54;5009095.97;1145.43
3652;704578.28;5009096.45;1145.1
2081;704580.56;5009099.4;1145.05
3536;704580.37;5009104.28;1146.0
1641;704574.51;5009107.31;1146.5
3140;704573.08;5009110.42;1147.69
1740;704564.81;5009114.86;1150.03
763;704560.19;5009119.83;1151.71
2807;704555.42;5009124.43;1155.18
31;704551.85;5009130.85;1156.36
1655;704543.91;5009135.36;1157.0
4212;704537.74;5009138.8;1157.84
3530;704537.78;5009141.19;1159.54
2791;704536.35;5009142.78;1161.33
3441;704535.13;5009144.48;1163.77
1005;704530.96;5009147.07;1164.73
4222;704527.3;5009150.56;1165.08
500;704522.45;5009155.3;1165.72
2471;704519.07;5009157.39;1165.65
2834;704516.57;5009162.39;1165.2
4127;704511.66;5009164.14;1165.34
4797;704507.38;5009167.5;1165.27
3247;704499.65;5009173.17;1165.73
1853;704500.09;5009175.29;1167.57
4952;704500.69;5009176.33;1167.75
1606;704500.1;5009177.05;1165.74
2233;704501.46;5009177.42;1167.24
524;704502.26;5009180.54;1167.55
4452;704500.87;5009183.35;1167.63
4481;704498.23;5009186.91;1169.89
1773;704496.29;5009187.88;1170.93
1365;704494.48;5009188.13;1171.43
4354;704490.07;5009189.98;1170.81
1712;704490.96;5009190.84;1170.85
3528;704489.37;5009191.27;1171.45
387;704482.81;5009193.65;1171.66
4338;704481.74;5009193.15;1172.38
2166;704478.03;5009195.31;1173.43
3810;704478.34;5009197.37;1172.98
3699;704477.47;5009199.42;1172.31
2091;704478.57;5009201.03;1174.2
3976;704477.43;5009202.01;1175.64
4386;704476.01;5009201.15;1178.41
4373;704468.27;5009206.3;1178.81
983;704451.77;5009227.49;1183.21
4867;704447.16;5009224.16;1185.17
847;704440.91;5009243.17;1189.02
3656;704424.65;5009246.05;1188.3
1555;704424.21;5009255.54;1190.89
690;704416.02;5009259.26;1192.31
2420;704409.25;5009268.28;1192.59
2262;704398.2;5009278.66;1196.0
2774;704379.65;5009289.89;1199.24
4902;704368.67;5009299.34;1200.43
3575;704361.77;5009309.57;1207.46
3331;704358.8;5009311.75;1206.47
384;704351.04;5009314.46;1210.27
867;704342.36;5009321.53;1212.62
533;704336.29;5009327.3;1212.71
3971;704332.58;5009331.84;1214.79
1397;704330.75;5009331.4;1217.25
4566;704327.54;5009337.0;1216.66
2044;704321.05;5009334.38;1217.36
4279;704318.81;5009337.84;1221.69
4402;704318.13;5009341.39;1214.43
838;704317.34;5009343.74;1214.71
1569;704311.75;5009347.81;1217.03
2065;704307.39;5009352.4;1219.46
2226;704302.59;5009355.68;1220.67
2366;704300.95;5009359.59;1220.78
4171;704297.99;5009361.41;1221.0
1794;704296.89;5009363.81;1220.21
4639;704293.2;5009371.75;1221.69
2959;704287.09;5009375.4;1222.83
2668;704282.54;5009376.57;1222.85
4022;704281.57;5009378.88;1223.58
4937;704279.23;5009381.79;1223.92
613;704273.19;5009384.19;1224.28
609;704271.08;5009384.92;1224.93
56;704269.84;5009386.84;1225.3
4801;704267.06;5009386.17;1225.64
2013;704264.12;5009389.0;1226.23
2416;704262.96;5009391.21;1226.68
3407;704261.5;5009390.54;1226.85
1718;704260.11;5009391.38;1227.0
4453;704257.52;5009395.98;1227.17
1710;704258.35;5009396.6;1227.19
3168;704258.0;5009398.05;1227.14
4629;704250.81;5009400.63;1228.63
3615;704250.02;5009402.57;1228.89
2945;704248.18;5009404.59;1229.4
2884;704245.9;5009405.75;1229.4
4454;704242.37;5009409.31;1231.25
587;704238.62;5009413.64;1230.55
946;704232.06;5009417.66;1231.63
2509;704229.28;5009420.32;1233.77
2008;704227.37;5009421.62;1233.0
4428;704221.52;5009423.3;1233.38
3066;704213.89;5009424.23;1233.97
2196;704212.08;5009423.97;1230.92
162;704209.12;5009425.17;1231.27
4041;704206.55;5009425.19;1231.63
2410;704204.16;5009425.69;1231.55
2479;704200.69;5009425.45;1231.77
2369;704194.1;5009424.56;1232.08
1790;704192.68;5009425.56;1232.22
2347;704189.94;5009426.09;1231.93
3258;704181.18;5009428.4;1232.61
1058;704175.26;5009430.7;1233.45
1228;704173.28;5009431.75;1233.8
3684;704167.12;5009432.18;1234.25
1856;704165.38;5009431.19;1234.23
1925;704162.19;5009432.69;1234.92
96;704161.38;5009430.79;1234.49
3154;704160.02;5009430.23;1234.84
2756;704156.92;5009428.23;1236.11
2846;704156.41;5009429.42;1235.97
3600;704151.51;5009431.07;1235.73
469;704138.55;5009435.84;1240.13
2751;704138.2;5009438.42;1240.23
4580;704133.63;5009438.9;1243.25
1759;704133.7;5009440.89;1239.91
549;704136.11;5009435.29;1253.35
190;704135.92;5009433.84;1253.4
4444;704133.91;5009432.73;1253.68
1092;704133.62;5009431.14;1253.75
2368;704132.87;5009430.91;1254.04
2919;704131.44;5009429.68;1254.12
2446;704130.1;5009429.58;1254.14
3300;704130.32;5009427.43;1254.2
321;704129.87;5009426.86;1254.14
4838;704129.13;5009439.28;1244.29
2859;704123.1;5009438.33;1246.34
1932;704108.98;5009439.03;1247.28
3488;704100.13;5009439.26;1247.58
4901;704091.08;5009445.54;1247.58
2395;704090.86;5009447.86;1247.37
452;704085.13;5009452.92;1247.34
1876;704078.61;5009456.48;1248.11
36;704077.88;5009456.01;1248.16
3321;704076.57;5009456.31;1248.32
659;704073.26;5009457.79;1248.82
667;704069.96;5009462.21;1249.52
3427;704069.12;5009462.49;1251.96
2040;704063.34;5009465.82;1252.44
4070;704054.78;5009473.22;1253.31
729;704053.82;5009472.98;1251.05
1565;704052.36;5009470.28;1251.16
3726;704052.39;5009467.86;1251.42
417;704050.93;5009466.34;1251.32
2391;704048.33;5009467.24;1250.93
2650;704046.86;5009465.93;1250.91
4841;704039.42;5009463.29;1251.92
87;704033.84;5009463.7;1253.94
3424;704031.18;5009464.04;1255.46
4595;704027.99;5009466.83;1255.28
1252;704025.14;5009466.58;1256.48
2128;704025.77;5009468.83;1256.0
1492;704018.68;5009470.96;1259.16
3314;704017.19;5009474.4;1259.46
649;704012.62;5009476.25;1259.51
4684;704005.29;5009484.2;1260.76
146;704002.81;5009483.25;1261.21
1786;704003.79;5009482.48;1264.64
18;704002.11;5009483.63;1266.02
2659;704002.66;5009484.23;1266.96
2418;704001.64;5009485.06;1268.09
2279;704000.65;5009490.14;1266.68
2779;703996.34;5009490.94;1268.51
2697;703998.49;5009494.08;1276.95
685;703999.73;5009493.96;1275.56
559;703992.62;5009494.02;1275.71
3574;703999.7;5009496.85;1276.03
3183;703998.91;5009499.0;1277.45
844;703997.5;5009501.9;1277.66
3565;703997.01;5009505.1;1277.39
364;703991.24;5009497.6;1275.4
3612;703989.0;5009497.63;1272.59
2367;703987.43;5009497.47;1271.18
1209;703985.84;5009499.43;1271.09
1086;703984.42;5009502.07;1270.85
391;703983.79;5009501.51;1270.9
1594;703982.11;5009501.48;1267.16
1066;703984.49;5009502.71;1271.78
1101;703981.71;5009502.34;1271.26
482;703981.1;5009502.38;1267.0
4935;703980.34;5009501.95;1267.05
1025;703979.04;5009500.12;1267.26
1522;703977.74;5009500.11;1269.29
2283;703974.67;5009502.87;1267.15
3967;703972.86;5009502.11;1267.14
4558;703972.14;5009500.32;1266.33
1754;703970.3;5009497.01;1266.96
2633;703970.94;5009495.74;1267.07
822;703970.22;5009493.01;1267.11
3264;703984.62;5009502.02;1270.81
4495;703980.33;5009502.2;1271.9
2149;703980.14;5009503.28;1271.79
186;703979.94;5009504.28;1271.74
2669;704124.58;5009442.77;1240.27
1197;704114.99;5009445.08;1240.38
4516;704109.8;5009445.51;1240.93
2703;704706.22;5008874.72;1083.96
1890;704699.71;5008878.88;1085.77
198;704690.61;5008885.5;1088.32
1399;704686.2;5008891.53;1089.36
4257;704837.05;5008640.86;1019.16
370;704838.5;5008643.25;1023.61
755;704839.12;5008643.44;1023.29
4100;704840.04;5008646.74;1023.67
153;704838.87;5008650.06;1024.77
4122;704848.46;5008603.73;1032.25
2528;704847.55;5008600.87;1049.88
1064;704845.72;5008600.75;1057.51
1809;704844.81;5008598.96;1057.87
1840;704842.93;5008601.07;1072.32
2351;704840.62;5008598.15;1083.81
2863;704839.63;5008593.51;1090.34
4648;704840.97;5008590.93;1102.97
32;704843.24;5008588.96;1103.5
3712;704841.33;5008590.66;1125.35
3681;704841.35;5008593.16;1140.06
3118;704842.24;5008599.39;1142.75
621;704843.88;5008602.09;1157.07
1314;704842.45;5008604.9;1156.78
1922;704842.44;5008607.07;1167.43
1872;704843.57;5008607.36;1182.72
4995;704843.99;5008607.98;1185.3
525;704844.96;5008609.61;1198.61
2256;704844.86;5008609.35;1199.17
4265;704844.19;5008610.7;1200.13
3605;704843.73;5008612.04;1200.24
3339;704842.15;5008617.22;1201.15
1447;704841.17;5008619.03;1203.17
2478;704839.63;5008621.2;1204.21
4818;704839.72;5008624.86;1204.5
4825;704836.81;5008625.98;1206.94
762;704837.2;5008627.59;1205.72
3944;704833.96;5008625.77;1210.68
1091;704829.64;5008626.54;1214.65
1690;704827.83;5008626.11;1215.62
491;704828.82;5008622.1;1215.87
211;704825.69;5008625.78;1221.65
1491;704825.93;5008625.09;1226.76
3882;704826.35;5008624.5;1235.28
4933;704824.55;5008622.46;1237.65
4520;704824.27;5008621.77;1248.17
1987;704824.22;5008621.37;1251.96
4598;704823.15;5008624.13;1252.86
4117;704822.46;5008625.93;1253.69
4552;704822.24;5008628.63;1254.23
81;704823.0;5008629.5;1254.28
4198;704822.24;5008632.19;1254.57
949;704822.17;5008633.67;1255.84
378;704822.74;5008634.95;1257.09
3327;704822.73;5008636.42;1257.27
4068;704821.34;5008639.64;1258.15
3693;704820.68;5008643.65;1257.65
2686;704819.37;5008645.7;1259.04
4486;704818.74;5008647.26;1261.47
3569;704817.86;5008647.74;1263.54
1604;704817.58;5008649.18;1261.27
4636;704816.7;5008650.84;1263.93
3842;704816.65;5008653.47;1265.11
991;704815.75;5008656.78;1266.0
4970;704815.57;5008658.87;1265.96
4099;704814.44;5008660.8;1265.26
2909;704813.53;5008664.09;1265.37
2848;704812.05;5008670.25;1266.07
2085;704811.95;5008673.55;1266.28
2164;704811.6;5008675.65;1266.46
4527;704809.6;5008676.24;1266.53
1352;704808.94;5008677.41;1266.15
345;704810.57;5008678.07;1267.49
4607;704808.64;5008678.98;1268.77
4630;704807.4;5008679.77;1268.96
4173;704806.98;5008682.17;1269.21
1644;704806.91;5008683.62;1269.44
2712;704806.44;5008686.69;1271.05
3644;704807.98;5008687.92;1271.28
256;704808.21;5008692.21;1271.75
3955;704806.11;5008696.49;1271.8
713;704803.57;5008701.51;1272.47
3601;704802.83;5008704.8;1272.32
44;704802.32;5008705.11;1272.37
3235;704802.53;5008706.21;1256.41
1951;704802.51;5008707.25;1273.81
927;704802.21;5008705.33;1255.51
1581;704801.91;5008703.56;1255.32
2322;704803.07;5008702.34;1255.14
4859;704804.1;5008699.23;1254.74
4477;704803.94;5008700.06;1247.79
163;704804.98;5008696.74;1248.22
855;704806.09;5008694.49;1241.68
2108;704806.1;5008694.68;1241.16
1310;704808.06;5008697.85;1222.48
2101;704808.09;5008697.53;1217.76
396;704806.83;5008700.75;1216.99
969;704808.52;5008700.93;1210.28
3290;704806.86;5008703.64;1208.46
2333;704805.21;5008704.32;1206.88
169;704803.81;5008705.51;1205.55
15;704803.11;5008707.45;1200.69
2744;704799.87;5008707.47;1198.94
2082;704799.36;5008707.6;1197.17
2373;704796.68;5008708.34;1195.23
2737;704796.0;5008707.78;1182.53
2812;704796.97;5008709.15;1182.47
906;704796.91;5008709.38;1177.22
2360;704797.36;5008711.65;1177.23
154;704796.79;5008711.06;1168.32
3206;704796.25;5008712.95;1174.33
4612;704798.4;5008713.08;1174.28
3636;704795.52;5008714.86;1171.16
4301;704795.88;5008715.36;1170.35
4459;704798.43;5008715.0;1168.78
1338;704796.26;5008715.33;1170.09
1781;704796.17;5008716.45;1167.41
1283;704797.21;5008716.43;1164.37
3798;704797.21;5008717.76;1163.45
3824;704796.09;5008719.08;1159.56
2266;704796.75;5008718.41;1157.05
4290;704798.2;5008717.44;1156.01
576;704795.66;5008712.88;1163.7
1583;704795.95;5008714.06;1157.05
3819;704809.8;5008701.37;1207.4
526;704810.21;5008701.22;1205.83
329;704810.67;5008701.5;1203.52
1068;704809.51;5008701.6;1200.84
3190;704808.5;5008701.42;1199.44
4965;704808.13;5008701.66;1198.23
4132;704800.95;5008708.33;1275.28
1942;704799.57;5008708.23;1275.56
1618;704798.22;5008712.61;1274.65
4203;704794.92;5008719.77;1275.09
2447;704793.72;5008722.94;1275.62
4994;704792.14;5008727.56;1275.11
3053;704790.62;5008732.24;1275.47
3772;704789.7;5008734.06;1274.9
237;704785.24;5008735.82;1287.48
1530;704787.24;5008734.58;1284.17
2760;704782.33;5008736.59;1292.51
3765;704782.32;5008738.52;1297.03
3420;704780.26;5008741.19;1297.4
804;704780.9;5008743.63;1298.28
3064;704779.6;5008745.46;1300.55
827;704779.22;5008745.73;1300.64
4487;704776.49;5008749.24;1302.64
849;704774.16;5008750.39;1305.74
95;704771.68;5008751.31;1306.15
1930;704769.61;5008753.94;1305.69
496;704766.12;5008753.73;1305.87
4726;704764.09;5008752.28;1307.73
103;704762.06;5008753.14;1307.47
1444;704761.99;5008752.93;1307.44
2033;704755.34;5008752.62;1307.05
20;704755.03;5008752.7;1307.42
1765;704751.31;5008752.62;1307.39
3935;704744.17;5008751.35;1307.27
3797;704743.86;5008751.18;1307.98
604;704740.59;5008750.59;1312.15
2960;704741.17;5008746.09;1314.84
4792;704738.62;5008743.37;1331.9
4872;704735.91;5008744.19;1332.13
2245;704735.02;5008744.6;1331.92
464;704732.47;5008744.17;1331.61
64;704731.92;5008743.56;1332.94
1422;704728.95;5008743.44;1332.91
3776;704727.03;5008744.06;1332.53
1596;704719.35;5008743.8;1332.69
2268;704717.89;5008743.37;1333.45
480;704714.2;5008743.32;1333.33
112;704787.35;5008734.37;1290.62
3019;704786.92;5008733.43;1291.9
2129;704786.21;5008731.32;1292.19
4584;704790.14;5008725.51;1291.75
1829;704788.3;5008725.13;1301.78
2263;704790.35;5008722.62;1301.66
4542;704789.03;5008722.47;1311.17
626;704788.43;5008719.79;1314.55
2236;704788.78;5008720.96;1314.17
4895;704789.39;5008721.96;1314.34
675;704788.23;5008724.92;1315.17
3579;704788.64;5008726.44;1315.64
2383;704786.84;5008727.25;1316.29
2985;704784.39;5008728.42;1317.55
3028;704782.22;5008730.28;1319.76
3256;704781.84;5008731.31;1321.41
2932;704779.41;5008737.23;1321.57
2294;704779.16;5008737.31;1327.62
1834;704776.75;5008736.94;1335.09
4060;704777.9;5008738.57;1337.24
696;704776.76;5008739.77;1340.76
252;704776.69;5008739.39;1341.68
2342;704778.01;5008739.43;1338.44
4488;704774.84;5008738.28;1342.27
1871;704774.63;5008739.66;1353.18
3642;704773.17;5008740.83;1356.56
3063;704771.12;5008741.88;1357.18
3980;704771.17;5008744.15;1359.72
4252;704770.02;5008747.36;1360.91
4666;704769.63;5008750.08;1361.69
2976;704768.87;5008753.26;1362.76
250;704767.47;5008758.77;1364.37
1946;704766.72;5008762.09;1365.38
2250;704766.1;5008764.28;1365.63
4287;704764.82;5008768.85;1366.28
1995;704764.41;5008772.26;1369.64
1020;704762.67;5008772.66;1369.55
1242;704762.37;5008773.24;1380.73
2363;704761.85;5008771.88;1382.56
4934;704762.37;5008773.24;1377.23
3398;704762.45;5008767.28;1387.03
2631;704763.28;5008768.53;1389.42
1559;704763.52;5008772.02;1391.73
137;704763.07;5008777.34;1391.82
1279;704762.95;5008778.34;1391.35
4478;704763.45;5008778.58;1397.33
2102;704763.17;5008776.78;1391.35
1173;704763.49;5008778.5;1400.52
3748;704764.58;5008777.4;1405.06
1052;704764.55;5008775.79;1405.17
950;704764.57;5008775.8;1405.2
3709;704765.34;5008774.8;1413.2
725;704766.71;5008774.77;1413.3
4118;704769.36;5008774.32;1419.45
625;704772.98;5008773.99;1424.98
2325;704773.0;5008774.0;1425.0
4413;704763.11;5008774.21;1389.61
2100;704761.59;5008778.42;1379.24
3888;704762.83;5008772.63;1370.98
3533;704763.7;5008771.5;1367.45
4408;704765.07;5008769.53;1367.45
523;704764.48;5008770.03;1365.08
1560;704764.87;5008767.74;1365.72
1289;704816.51;5008652.45;1262.2
261;704830.02;5008617.88;1213.02
1550;704831.25;5008616.2;1212.8
3764;704833.76;5008615.45;1210.49
4690;704838.8;5008615.82;1205.57
2119;704840.03;5008615.41;1205.16
842;704841.46;5008617.13;1201.49
3385;704837.61;5008630.85;1206.91
2118;704837.07;5008632.55;1207.6
4956;704835.52;5008635.72;1208.51
3467;704833.98;5008638.1;1210.27
4010;704831.62;5008640.68;1211.41
654;704829.78;5008637.52;1212.76
4532;704830.21;5008635.71;1213.14
3282;704827.32;5008640.78;1215.53
3546;704831.15;5008634.63;1212.65
1278;704834.15;5008632.91;1208.17
4067;704836.36;5008631.79;1207.66
2462;704837.24;5008629.81;1206.2
2177;704836.79;5008627.39;1205.66
4662;704825.32;5008643.86;1218.3
4217;704821.4;5008649.62;1222.1
3871;704990.01;5008357.05;882.63
3377;705000.83;5008331.74;875.62
372;704995.85;5008332.27;877.62
2662;705004.28;5008325.9;871.61
1473;705000.46;5008322.27;879.62
2886;705005.49;5008322.82;879.62
3749;705009.4;5008319.21;879.62
4377;705011.37;5008308.53;877.63
3182;705021.22;5008305.93;875.63
171;705035.88;5008279.67;873.64
4219;705019.66;5008310.64;871.63
807;705042.43;5008253.1;871.63
2870;705043.75;5008236.49;869.64
4168;705046.14;5008230.09;867.65
4002;705048.96;5008231.95;865.65
2139;705055.13;5008224.97;863.65
1280;705055.06;5008222.21;861.65
2815;705058.85;5008220.18;859.65
711;705061.04;5008213.21;857.65
528;705072.81;5008219.96;855.65
2334;705072.86;5008226.46;853.65
1521;705077.3;5008228.68;851.64
4182;705079.8;5008232.39;849.64
1493;705095.41;5008231.91;847.65
1935;705099.2;5008229.89;845.64
2474;705109.85;5008246.7;844.63
3846;705108.46;5008251.75;843.64
2640;705127.17;5008255.03;842.64
1426;705130.01;5008253.15;841.64
2596;705132.34;5008250.26;835.63
2624;705147.02;5008247.64;834.64
3171;705153.29;5008259.33;833.65
1007;705159.2;5008261.81;832.64
1519;705161.79;5008258.27;831.65
2661;705166.02;5008259.07;830.65
4614;705166.91;5008264.12;828.65
1897;705173.56;5008261.06;827.65
3613;705175.98;5008263.46;826.65
4048;705178.77;5008259.65;825.64
2427;705190.8;5008252.39;824.64
2524;705188.15;5008244.58;823.64
1434;705185.04;5008243.98;822.64
2658;705188.93;5008234.7;820.63
3982;705184.07;5008228.2;818.63
3741;705183.93;5008224.97;807.63
974;705200.29;5008181.55;806.65
3984;705212.12;5008179.98;804.66
3963;705214.0;5008181.99;802.66
2280;705221.66;5008176.1;798.66
301;705225.62;5008177.55;794.66
2251;705229.55;5008172.49;792.66
3607;705244.39;5008173.36;788.65
2372;705247.16;5008170.15;784.65
1265;705252.77;5008167.35;779.66
935;705254.34;5008162.66;774.65
760;705264.61;5008163.49;770.66
4076;705267.04;5008163.6;739.66
4389;705272.05;5008155.35;735.66
27;705274.39;5008144.73;731.66
3457;705288.97;5008124.25;728.67
349;705305.64;5008104.08;724.67
758;705311.78;5008094.56;721.66
3673;705324.76;5008081.7;718.67
2522;705327.09;5008076.51;715.67
3142;705334.92;5008070.96;712.66
709;705341.03;5008065.2;709.66
3098;705355.66;5008061.51;706.67
3029;705358.02;5008057.16;703.67
1672;705354.58;5008051.3;699.67
4159;705358.22;5008047.48;696.67
4955;705369.86;5008045.56;693.66
306;705372.23;5008046.89;691.67
2826;705377.3;5008044.55;687.67
3663;705388.63;5008035.08;682.68
1000;705390.02;5008036.26;689.48
2955;705414.69;5008056.3;680.68
458;705390.97;5008034.99;690.33
1264;705391.35;5008037.22;682.19
3393;705396.18;5008037.7;695.82
2265;705388.66;5008033.29;691.05
2572;705397.71;5008039.39;695.54
3724;705398.17;5008036.67;706.55
2939;705398.1;5008031.87;709.75
608;705398.51;5008027.12;724.77
1507;705400.62;5008028.44;725.74
1327;705408.92;5008034.35;728.95
1788;705415.82;5008037.96;729.85
4512;705420.28;5008042.03;726.78
4749;705425.06;5008046.22;726.05
365;705433.71;5008053.02;725.55
4844;705437.98;5008055.51;726.85
1307;705440.69;5008057.25;724.06
2519;705442.69;5008057.75;722.69
1116;705440.14;5008058.95;733.24
1767;705445.5;5008056.64;722.03
1191;705455.3;5008055.26;721.25
695;705461.48;5008054.56;719.95
3093;705468.51;5008053.18;718.26
1780;705443.43;5008062.91;732.92
460;705447.97;5008065.76;734.5
617;705451.04;5008068.31;736.13
2388;705454.37;5008070.09;737.17
1816;705457.16;5008072.79;739.76
4811;705458.64;5008073.35;739.41
3094;705463.13;5008076.47;743.52
2804;705465.47;5008078.07;743.64
752;705468.95;5008080.48;745.64
3979;705475.96;5008086.38;744.84
602;705486.37;5008095.02;745.85
636;705501.61;5008107.01;746.33
2947;705505.81;5008110.76;744.2
2585;705506.93;5008111.56;739.99
3175;705513.41;5008118.52;739.06
3679;705503.84;5008125.99;735.6
4330;705520.74;5008109.8;741.4
1230;705517.01;5008109.23;743.87
3907;705516.65;5008107.71;742.56
1247;705517.85;5008105.99;739.46
4299;705515.38;5008104.35;737.52
2574;705514.67;5008106.36;736.92
1379;705510.02;5008101.66;739.99
2113;705517.46;5008105.05;735.67
3542;705515.75;5008107.2;723.01
3868;705515.6;5008110.7;723.31
1735;705512.75;5008111.11;720.82
2016;705511.44;5008112.75;721.7
2715;705510.29;5008118.58;719.67
3548;705508.13;5008109.41;718.15
4716;705502.29;5008120.17;721.34
29;705516.6;5008121.08;719.67
4908;705512.83;5008128.72;724.15
4065;705517.75;5008132.27;725.73
3682;705522.41;5008135.88;724.81
4692;705526.29;5008139.93;722.37
4424;705528.67;5008143.47;721.63
58;705533.43;5008146.51;720.41
767;705537.37;5008149.38;720.17
2841;705541.73;5008152.31;720.07
2979;705544.49;5008153.24;720.32
4967;705545.45;5008155.34;715.25
2710;705542.21;5008153.7;715.06
4881;705536.87;5008150.03;715.1
3474;705531.09;5008145.54;715.24
4829;705526.81;5008143.13;712.83
2392;705507.37;5008096.91;740.96
2957;705507.49;5008089.43;742.73
1572;705509.36;5008091.54;745.29
2716;705506.75;5008090.36;749.02
4221;705505.84;5008081.55;749.11
4545;705505.41;5008076.82;747.35
4323;705509.6;5008071.8;751.38
3095;705509.25;5008070.26;751.23
3960;705512.9;5008059.0;750.75
2638;705379.89;5008027.08;691.42
1577;705377.34;5008025.19;690.4
2060;705371.22;5008019.66;690.84
315;705370.41;5008021.02;692.97
1081;705367.96;5008020.34;693.24
2155;705366.88;5008021.53;695.18
2298;705363.31;5008022.64;696.44
2915;705360.19;5008020.06;696.74
3324;705358.53;5008020.29;698.11
4091;705357.11;5008019.79;698.52
4213;705354.94;5008014.83;699.33
2092;705351.47;5008011.56;699.84
3444;705349.68;5008011.17;704.91
2539;705346.37;5008011.31;707.64
1395;705343.76;5008006.28;708.85
4940;705344.42;5008004.19;712.87
228;705341.27;5008002.47;713.61
4155;705341.54;5008000.37;716.18
2672;705341.22;5007998.31;717.37
3920;705333.57;5007991.45;718.18
358;705328.25;5007988.89;718.6
4870;705320.88;5007983.0;719.26
4075;705319.51;5007982.24;721.77
4381;705313.27;5007977.52;725.55
308;705304.49;5007969.96;724.13
2464;705291.88;5007961.4;724.93
1164;705282.0;5007954.96;726.62
3543;705277.2;5007952.98;726.16
38;705276.22;5007951.95;727.09
1585;705270.28;5007948.31;727.29
1438;705273.27;5007947.03;726.68
2285;705268.05;5007947.46;729.27
26;705276.64;5007943.79;726.6
428;705277.22;5007942.91;726.57
4588;705276.04;5007941.8;727.95
2718;705278.09;5007939.49;726.92
116;705269.86;5007937.38;727.94
747;705267.01;5007932.93;728.71
4727;705267.71;5007927.86;728.31
2461;705269.09;5007926.76;728.16
4174;705268.48;5007919.08;728.16
561;705261.69;5007918.23;728.14
4830;705258.15;5007917.9;728.09
529;705254.35;5007917.43;731.6
276;705251.52;5007917.21;733.16
1180;705248.62;5007917.05;732.69
4001;705251.21;5007913.6;733.77
3906;705247.02;5007911.94;733.67
1613;705265.16;5007945.84;729.91
952;705264.44;5007945.43;732.73
721;705255.21;5007940.35;734.1
3072;705245.13;5007935.01;734.81
150;705235.22;5007927.16;736.14
1611;705234.14;5007925.69;739.33
475;705227.49;5007921.81;738.97
718;705227.29;5007920.41;742.41
3973;705219.24;5007914.46;748.26
2903;705215.73;5007912.43;749.37
3489;705213.58;5007909.86;750.94
2851;705208.07;5007907.21;750.31
105;705205.61;5007904.65;754.23
1929;705202.65;5007903.38;755.08
967;705198.21;5007900.63;755.31
2622;705196.78;5007898.99;758.0
4925;705192.7;5007897.07;757.15
1516;705202.42;5007899.43;761.79
2525;705191.54;5007895.64;760.42
1705;705189.02;5007894.34;755.89
3554;705185.63;5007890.89;756.45
3196;705184.41;5007889.74;755.62
2627;705184.28;5007890.67;766.16
4141;705185.63;5007888.36;754.46
1537;705184.28;5007886.46;754.09
280;705186.43;5007885.56;753.82
328;705189.22;5007885.94;753.38
508;705189.42;5007884.59;753.02
2138;705190.63;5007884.13;752.92
1836;705193.22;5007883.86;752.64
2220;705193.69;5007885.26;752.35
2038;705195.42;5007886.67;751.5
2126;705196.82;5007886.04;751.05
3445;705197.29;5007882.33;749.92
966;705198.25;5007879.06;750.07
3795;705200.56;5007878.98;749.0
110;705201.21;5007878.3;748.94
4768;705201.98;5007878.57;748.89
2257;705206.73;5007878.0;748.29
2385;705209.24;5007879.55;747.9
854;705212.1;5007875.29;746.1
122;705213.4;5007875.1;745.77
943;705214.46;5007871.7;744.92
4275;705214.36;5007869.94;744.73
4949;705215.65;5007866.99;744.05
4984;705216.36;5007862.08;743.24
3910;705217.12;5007863.44;743.21
1878;705216.94;5007864.76;743.0
2541;705218.44;5007866.93;742.53
440;705220.62;5007868.77;741.94
1410;705182.74;5007889.63;768.55
1661;705179.92;5007886.97;771.41
2288;705176.96;5007884.09;773.74
1939;705171.27;5007880.13;774.34
4763;705202.69;5007895.83;763.62
1923;705199.69;5007898.76;768.0
4344;705196.48;5007894.07;776.58
3583;705191.86;5007889.64;783.22
4571;705192.25;5007888.5;782.66
1193;705191.97;5007885.47;797.37
596;705192.21;5007883.42;797.09
4176;705179.68;5007877.46;795.41
1953;705165.65;5007869.01;797.4
3108;705162.27;5007868.02;796.83
4796;705159.02;5007869.65;787.22
3102;705149.62;5007863.02;789.23
2981;705148.92;5007862.72;793.67
2778;705143.01;5007860.13;796.47
4105;705137.93;5007854.21;797.21
736;705135.19;5007850.76;800.05
4685;705136.27;5007848.89;803.01
2943;705126.27;5007843.39;800.77
739;705123.47;5007840.34;799.34
641;705121.16;5007840.17;801.34
2043;705114.4;5007837.29;797.94
693;705106.61;5007832.08;798.3
2318;705106.68;5007829.69;800.84
4837;705104.63;5007829.85;800.88
3602;705101.52;5007827.7;801.15
1316;705414.42;5008066.34;679.68
4160;705424.7;5008072.0;678.68
2338;705427.54;5008070.12;678.68
1750;705445.43;5008083.66;675.69
2029;704751.0;5008869.0;1440.0
796;704751.88;5008871.68;1435.97
152;704751.88;5008871.68;1434.99
125;704751.88;5008871.68;1428.09
2620;704751.27;5008869.84;1427.75
2775;704751.27;5008869.84;1420.86
1647;704738.0;5008785.0;1435.0
3932;704738.0;5008785.0;1418.27
85;704783.0;5008776.0;1421.0
2942;704783.16;5008774.43;1412.88
2647;704782.3;5008775.87;1411.52
402;704781.31;5008775.05;1399.29
214;704779.77;5008773.35;1395.61
3492;704776.07;5008774.28;1386.64
1115;704775.53;5008772.29;1384.52
3391;704775.37;5008771.76;1380.52
642;704776.82;5008770.35;1379.31
4175;704776.82;5008770.35;1367.2
3805;704776.88;5008773.3;1366.41
1556;704774.31;5008774.98;1363.65
244;704775.02;5008774.75;1359.38
4355;704775.3;5008770.58;1358.64
4332;704485.0;5010584.0;1460.0
1944;704518.74;5010544.52;1451.69
4181;704518.76;5010544.64;1444.1
412;704531.57;5010514.65;1443.49
1048;704532.14;5010515.33;1418.5
2799;704549.87;5010524.54;1407.62
2708;704550.67;5010525.45;1378.28
2308;704572.5;5010512.12;1377.46
386;704581.94;5010523.74;1375.47
1470;704601.36;5010507.67;1374.64
6;704630.24;5010529.2;1374.31
4535;704647.66;5010525.51;1369.84
1526;704667.06;5010533.48;1370.12
3361;704661.02;5010514.54;1369.21
4345;704687.85;5010492.41;1367.36
1152;704695.91;5010503.86;1363.24
4772;704719.11;5010495.61;1358.75
1041;704709.53;5010480.73;1356.67
1163;704710.83;5010482.14;1319.72
4688;704708.73;5010468.94;1318.69
70;704701.73;5010464.05;1317.66
188;704712.98;5010461.05;1316.62
2218;704718.6;5010467.49;1315.59
4416;704731.39;5010464.66;1314.57
4669;704733.12;5010463.01;1303.57
4615;704733.34;5010463.33;1287.28
4304;704756.38;5010458.27;1286.44
2723;704758.63;5010470.77;1281.34
2169;704767.47;5010471.34;1280.29
4708;704790.75;5010470.47;1271.16
1354;704792.66;5010472.5;1226.59
3926;704800.59;5010476.83;1226.65
4916;704790.66;5010489.81;1224.83
2098;704788.68;5010500.71;1218.7
1900;704775.79;5010502.9;1214.83
3351;704822.09;5010507.62;1212.77
3739;704748.26;5010520.85;1216.45
2743;704682.12;5010506.79;1218.1
4356;704664.14;5010476.82;1220.38
4961;704636.21;5010457.78;1219.53
781;704582.87;5010470.95;1221.2
4116;704512.2;5010437.22;1218.18
2566;704510.58;5010397.86;1218.85
2121;704527.97;5010353.25;1218.08
2550;704512.27;5010335.49;1220.38
3442;704486.05;5010329.6;1220.35
54;704439.64;5010337.94;1219.38
4979;704426.94;5010342.31;1225.0
2490;704416.97;5010337.55;1218.55
4879;704424.79;5010349.86;1230.83
897;704414.03;5010354.67;1240.89
914;704409.9;5010359.23;1250.52
4474;704410.11;5010363.19;1261.21
490;704402.89;5010367.76;1261.98
2565;704397.25;5010367.05;1267.18
185;704395.69;5010370.36;1271.05
1296;704390.32;5010373.83;1271.82
908;704388.66;5010375.86;1271.96
643;704385.78;5010375.81;1272.53
4207;704381.75;5010385.52;1272.88
4983;704383.87;5010387.11;1273.02
900;704390.92;5010385.35;1273.16
3732;704394.14;5010388.73;1273.51
361;704393.02;5010393.48;1273.51
3655;704397.03;5010402.28;1273.3
4190;704388.56;5010408.92;1273.37
1667;704391.28;5010413.17;1273.3
4892;704387.76;5010417.93;1273.51
3354;704390.46;5010420.84;1273.37
2224;704397.59;5010418.23;1273.02
2299;704393.41;5010424.12;1272.74
3585;704386.26;5010428.56;1272.53
3822;704382.46;5010434.97;1272.67
4709;704377.06;5010441.18;1272.74
4134;704374.63;5010439.98;1272.53
679;704369.33;5010449.01;1273.23
3313;704372.78;5010436.16;1271.68
2618;704374.3;5010433.34;1265.57
470;704371.66;5010434.58;1272.1
4324;704376.27;5010422.19;1264.51
158;704372.48;5010421.29;1264.23
320;704373.1;5010416.7;1264.65
2326;704376.05;5010415.06;1264.51
3689;704375.21;5010411.89;1263.88
722;704384.17;5010400.43;1263.32
759;704382.34;5010399.58;1255.16
4475;704392.62;5010384.37;1253.41
1910;704386.68;5010383.21;1245.18
4108;704390.99;5010377.33;1243.56
2701;704389.38;5010376.41;1242.3
1934;704391.01;5010370.72;1242.02
4003;704384.89;5010370.81;1241.17
4199;704378.48;5010369.26;1225.56
4514;704375.51;5010421.21;1279.0
2615;704367.24;5010439.96;1271.68
680;704385.55;5010413.5;1280.96
4361;704393.65;5010410.99;1280.26
3343;704402.43;5010402.4;1279.98
1858;704399.28;5010424.49;1280.61
2142;704397.3;5010372.11;1279.84
1531;704395.61;5010435.0;1280.19
738;704366.03;5010452.1;1272.17
4288;704362.18;5010458.3;1271.82
3209;704363.26;5010470.01;1272.74
741;704358.08;5010476.79;1273.02
902;704359.8;5010486.86;1273.44
4189;704358.69;5010493.81;1273.93
4158;704360.94;5010498.65;1274.14
2512;704359.44;5010508.44;1273.93
3525;704368.25;5010517.09;1273.72
4053;704360.58;5010507.48;1313.09
271;704364.51;5010536.32;1272.67
4624;704365.68;5010543.67;1273.02
288;704363.0;5010553.42;1273.3
2901;704364.21;5010562.75;1273.16
4030;704350.65;5010572.11;1273.3
2827;704341.37;5010584.02;1273.86
4719;704331.07;5010592.33;1275.13
1192;704331.47;5010601.29;1275.76
575;704326.63;5010610.72;1276.46
4172;704318.38;5010618.86;1276.46
4266;704315.84;5010626.16;1276.74
3273;704320.36;5010637.81;1279.49
3562;704321.27;5010661.82;1280.05
4220;704314.17;5010673.64;1280.61
4599;704363.92;5010449.66;1272.88
3024;704363.99;5010441.78;1272.95
2907;704366.69;5010431.82;1273.44
2422;704377.47;5010430.94;1272.66
2766;704378.7;5010427.4;1273.09
891;704380.9;5010427.94;1272.95
2485;704381.76;5010425.35;1272.95
2814;704397.5;5010358.58;1220.15
1659;704373.45;5010360.5;1221.74
2314;704342.01;5010381.76;1226.76
1390;704344.26;5010350.97;1230.11
385;704313.54;5010410.47;1230.09
3215;704335.06;5010311.04;1233.06
832;704348.05;5010272.3;1236.99
4699;704324.41;5010228.7;1240.93
2238;704299.39;5010219.42;1244.87
3016;704299.21;5010206.93;1246.84
2402;704268.89;5010198.94;1249.79
4756;704236.38;5010223.18;1252.74
0;704223.72;5010219.08;1254.71
779;704206.33;5010229.81;1255.69
1030;704188.87;5010222.0;1256.68
1906;704169.0;5010233.19;1257.66
2213;704158.19;5010230.8;1260.61
1631;704173.36;5010243.36;1257.66
3482;704150.41;5010207.22;1261.6
2652;704129.58;5010187.41;1262.58
4337;704130.51;5010175.95;1263.57
2913;704112.64;5010175.29;1264.55
2306;704091.4;5010204.38;1265.04
1893;704034.04;5010190.06;1265.53
3909;704038.96;5010163.09;1266.52
2683;704005.9;5010182.7;1267.51
2956;703991.5;5010171.54;1268.49
3796;703996.8;5010162.04;1269.48
1914;703990.41;5010137.68;1270.46
3201;703975.66;5010109.76;1271.45
953;703954.74;5010087.82;1272.43
3770;703958.76;5010048.38;1274.4
3198;703952.43;5010033.66;1275.39
3603;703965.88;5010022.75;1277.36
1709;703974.88;5009999.52;1279.32
3111;703970.21;5009990.44;1280.31
4371;703974.8;5009980.97;1281.29
896;703967.51;5009960.58;1283.26
4409;703940.27;5009966.38;1285.23
128;703937.28;5009954.73;1286.21
2842;703941.85;5009928.13;1287.2
2682;703939.83;5009905.73;1289.17
3023;703940.86;5009888.2;1290.15
4652;704168.47;5010245.7;1287.19
4264;704234.37;5010419.86;1230.78
2875;704211.69;5010405.94;1233.93
3747;704186.07;5010417.96;1233.07
1958;704171.0;5010467.99;1234.64
1214;704193.93;5010473.71;1235.31
3443;704188.76;5010494.69;1234.51
1119;704163.93;5010491.17;1235.29
790;704162.73;5010482.75;1235.2
1339;704127.34;5010503.44;1236.03
3456;704158.97;5010479.67;1241.19
115;704160.78;5010476.48;1243.52
3951;704166.35;5010468.84;1244.36
2011;704166.21;5010468.55;1247.1
3611;704170.54;5010464.74;1247.2
4667;704171.57;5010461.93;1252.69
4107;704174.53;5010456.98;1251.29
4092;704171.26;5010457.32;1252.16
3802;704160.34;5010458.06;1251.84
1841;704162.09;5010457.55;1249.76
3070;704167.62;5010452.3;1249.34
1981;704166.17;5010456.67;1249.03
1423;704167.12;5010455.22;1249.54
2504;704169.88;5010452.14;1253.63
1633;704174.76;5010450.38;1253.93
3176;704174.46;5010447.04;1253.01
4284;704177.68;5010445.54;1251.96
2856;704178.98;5010443.51;1251.3
3476;704176.7;5010440.54;1251.87
4929;704181.57;5010433.8;1251.8
2198;704195.19;5010424.54;1252.81
978;704198.68;5010420.08;1251.75
80;704197.72;5010417.75;1252.14
4943;704197.26;5010417.91;1255.22
719;704202.49;5010416.2;1252.3
3161;704190.25;5010419.11;1255.81
1746;704179.8;5010422.68;1256.22
3000;704182.37;5010418.86;1255.0
4572;704183.22;5010419.27;1283.8
4419;704181.65;5010418.96;1285.39
4593;704179.15;5010416.6;1284.94
4255;704176.97;5010414.54;1288.39
868;704183.44;5010410.02;1286.44
3152;704177.57;5010416.62;1287.73
2998;704185.91;5010408.7;1297.55
4896;704187.92;5010406.63;1296.72
135;704191.71;5010402.5;1302.4
1657;704198.94;5010403.47;1313.15
2978;704203.5;5010405.12;1315.98
2560;704199.25;5010406.96;1316.47
2339;704201.12;5010412.48;1337.12
389;704206.8;5010413.44;1347.29
4162;704210.66;5010414.31;1372.27
2428;704215.39;5010414.68;1387.77
726;704215.35;5010414.61;1389.23
944;704218.09;5010411.37;1387.79
3771;704223.16;5010407.4;1390.38
3927;704226.84;5010407.89;1394.71
4655;704235.52;5010414.55;1416.82
4205;704231.61;5010411.76;1394.65
787;704230.28;5010406.0;1395.95
3309;704235.62;5010417.9;1429.26
1147;704236.85;5010422.49;1437.08
373;704236.16;5010425.31;1469.6
2623;704239.38;5010427.12;1479.4
2165;704239.98;5010430.11;1490.19
3833;704245.14;5010423.51;1490.19
980;704238.65;5010430.23;1500.52
652;704237.52;5010430.89;1502.73
2264;704236.38;5010429.62;1502.81
2182;704236.96;5010430.01;1506.0
2027;704237.0;5010430.0;1506.0
4104;704233.84;5010412.4;1394.74
3226;704233.07;5010408.6;1394.99
1879;704162.33;5010416.99;1285.1
4638;704108.32;5010501.04;1235.29
3532;704087.11;5010489.11;1236.03
1202;704071.92;5010509.38;1236.77
4840;704055.77;5010515.78;1236.03
4769;704059.32;5010540.26;1236.77
4494;704091.08;5010607.06;1238.26
4471;704085.32;5010614.09;1239.0
1654;704099.01;5010650.62;1239.0
219;704100.13;5010676.98;1239.75
1862;704092.12;5010706.59;1240.49
3878;704077.23;5010733.99;1243.46
1772;704070.85;5010768.52;1246.44
2584;704077.55;5010791.79;1253.88
3043;704116.05;5010790.86;1251.64
2147;704128.55;5010816.01;1254.62
3830;704155.0;5010825.24;1253.88
3901;704162.51;5010842.4;1250.9
89;704171.11;5010859.88;1252.39
3840;704182.22;5010869.4;1250.9
3922;704187.51;5010884.51;1266.51
4533;704194.72;5010886.35;1270.97
742;704814.58;5010523.88;1211.05
4400;704844.09;5010477.13;1214.95
3753;704768.93;5010548.34;1212.75
4550;704757.51;5010561.15;1220.64
2171;704735.01;5010571.22;1220.45
3499;704707.73;5010607.03;1218.14
264;704702.9;5010627.86;1220.37
4006;704713.29;5010641.11;1220.56
3144;704712.49;5010647.84;1222.8
4206;704716.87;5010672.05;1225.95
2498;704712.72;5010675.07;1233.4
955;704722.56;5010682.62;1226.06
2832;704704.88;5010675.41;1234.9
876;704697.06;5010684.66;1238.62
3207;704693.25;5010687.33;1260.98
748;704685.75;5010687.29;1262.47
1508;704676.88;5010696.95;1264.7
4560;704664.96;5010701.74;1265.45
1899;704664.24;5010718.19;1266.94
124;704664.39;5010721.76;1287.06
4608;704729.63;5010682.37;1230.72
551;704740.57;5010691.69;1231.64
507;704743.82;5010699.83;1232.43
2277;704736.3;5010721.2;1234.01
4686;704711.59;5010752.57;1235.55
993;704680.19;5010776.93;1238.49
4586;704669.64;5010794.21;1239.38
2124;704656.29;5010806.48;1240.87
142;704638.46;5010818.28;1241.9
4926;704650.75;5010803.45;1245.4
2699;704619.47;5010841.25;1243.25
3703;704617.98;5010846.67;1246.92
3105;704602.83;5010864.89;1247.07
294;704612.39;5010868.75;1249.9
468;704616.99;5010874.26;1252.06
1489;704674.08;5010879.74;1248.58
4215;704678.54;5010881.01;1255.95
586;704672.69;5010899.28;1255.55
3137;704680.75;5010902.49;1255.46
3598;704698.26;5010901.44;1255.12
48;704719.46;5010884.66;1255.07
2346;704724.61;5010879.8;1255.07
486;704721.45;5010886.47;1303.46
3139;704726.86;5010882.56;1281.89
4082;704733.31;5010874.79;1255.07
2084;704736.82;5010873.21;1261.77
1178;704752.66;5010859.69;1264.01
1089;704694.85;5010908.94;1306.04
1608;704679.65;5010933.81;1307.42
4210;704651.41;5010944.42;1306.44
1121;704645.14;5010948.24;1284.83
3557;704651.56;5010947.3;1316.82
2273;704635.35;5010952.94;1282.6
2649;704631.73;5010951.68;1270.67
1361;704626.99;5010949.38;1269.93
3294;704614.37;5010954.91;1258.75
1027;704623.55;5010944.18;1254.28
566;704621.61;5010940.33;1246.08
354;704648.32;5010953.17;1317.51
3459;704648.66;5010952.81;1363.73
4391;704662.67;5010969.11;1365.42
2344;704683.35;5010972.81;1368.57
3874;704685.06;5010973.57;1381.91
1184;704707.26;5010973.37;1382.1
2206;704702.62;5010989.45;1385.54
1110;704698.79;5010989.97;1387.73
688;704697.78;5010992.3;1425.0
1166;704619.07;5010817.86;1254.38
2382;704599.33;5010818.21;1259.56
74;704602.55;5010812.24;1261.2
4111;704574.21;5010826.3;1261.32
3352;704569.46;5010826.6;1278.25
2785;704560.76;5010825.74;1291.91
4479;704556.23;5010823.21;1317.82
1177;704554.17;5010819.87;1342.81
1734;704548.42;5010825.95;1349.99
4589;704534.65;5010821.02;1382.17
1887;704525.01;5010822.71;1386.55
504;704515.72;5010847.85;1402.78
4909;704510.76;5010849.37;1404.35
689;704507.31;5010849.61;1416.18
3676;704501.71;5010853.34;1419.2
2017;704505.71;5010868.47;1421.07
3862;704504.6;5010867.45;1361.46
121;704506.86;5010873.7;1450.0
4458;704862.93;5010464.58;1200.81
4664;704876.62;5010442.24;1182.32
4711;704925.54;5010416.49;1181.23
1744;704962.93;5010342.71;1181.23
1467;704966.99;5010309.05;1173.61
2586;705000.38;5010264.43;1172.52
159;705019.19;5010254.88;1171.44
4292;705051.06;5010210.24;1167.09
3433;705073.02;5010184.24;1154.03
1271;705101.74;5010156.06;1140.98
2231;705111.96;5010105.97;1132.28
1956;705132.5;5010072.47;1118.14
3058;705197.95;5010040.89;1109.45
1340;705219.3;5010000.65;1100.75
4148;705246.45;5009979.94;1098.57
2316;705259.48;5009947.87;1098.57
4559;705398.22;5009927.45;1062.67
3921;705429.96;5009896.3;1047.45
3356;705513.87;5009656.71;968.06
1269;705522.78;5009587.15;969.14
3228;705523.87;5009550.47;944.13
1413;705531.13;5009495.87;922.37
513;705535.06;5009475.69;887.57
1381;705544.59;5009418.86;883.22
4600;705547.25;5009374.7;871.25
1990;705551.28;5009344.04;869.07
1685;705559.02;5009317.15;867.98
1961;705565.33;5009282.76;866.9
4633;705567.81;5009259.57;854.93
4731;705556.36;5009257.83;896.27
4819;705566.48;5009241.59;835.36
1760;705555.21;5009249.22;900.62
3778;705553.68;5009280.74;922.37
1291;705573.26;5009246.94;909.32
4676;705549.53;5009243.43;925.63
1357;705590.81;5009251.61;903.88
3112;705598.3;5009240.2;903.88
2184;705549.4;5009300.36;951.73
3337;705544.65;5009326.1;988.72
2022;705565.72;5009350.05;1033.31
4448;705560.19;5009372.53;1069.2
1924;705516.99;5009393.0;1080.08
3208;705573.52;5009209.45;834.27
1648;705600.26;5009153.54;833.17
91;705590.59;5009146.71;828.82
2990;705615.63;5009111.76;821.21
182;705672.36;5009131.76;822.3
2818;705682.94;5009122.88;805.98
2057;705706.35;5009101.38;796.2
3514;705703.52;5009083.38;788.58
2063;705705.28;5009054.94;786.41
3784;705715.06;5009051.29;779.88
4701;705715.27;5009028.83;773.36
495;705726.68;5009010.21;753.78
1756;705735.86;5008989.33;750.51
49;705751.76;5008970.75;745.07
3639;705769.4;5008928.24;736.38
2604;705760.88;5008878.73;729.85
3777;705763.97;5008883.37;779.06
376;705771.15;5008821.17;728.76
2877;705766.92;5008889.44;788.9
2641;705765.56;5008897.28;795.79
702;705768.73;5008903.95;802.68
2144;705765.67;5008910.47;807.6
1548;705766.47;5008915.84;813.51
465;705758.95;5008924.7;823.35
904;705748.29;5008921.71;828.27
3020;705741.86;5008924.42;835.16
3691;705736.11;5008925.29;838.12
245;705735.46;5008937.44;843.04
3991;705719.12;5008933.58;847.96
3189;705726.04;5008926.88;849.93
627;705704.38;5008929.89;857.8
2221;705742.75;5008930.96;853.86
506;705764.09;5008936.76;840.08
2032;705807.94;5008924.33;825.32
1536;705808.87;5008931.35;823.35
4627;705818.42;5008943.55;813.51
1452;705832.66;5008946.34;800.72
304;705843.06;5008941.32;788.9
2047;705853.62;5008945.46;783.0
3253;705873.19;5008950.7;776.11
4110;705840.73;5008917.73;780.05
2542;705877.43;5008957.18;771.19
3435;705908.71;5008963.6;762.33
3145;705941.05;5008958.58;760.35
938;705952.86;5008964.47;751.5
439;705998.48;5008964.16;736.73
4142;706004.49;5008969.38;733.78
249;706021.92;5008968.15;727.87
3959;706008.38;5008939.28;720.99
3429;706015.68;5008932.61;715.08
2083;706011.53;5008927.01;711.14
3621;706019.53;5008910.69;700.31
410;706048.52;5008894.95;689.49
297;706028.21;5008867.33;695.39
3553;706026.48;5008854.84;701.3
2173;706008.87;5008847.31;710.16
4808;705998.59;5008831.94;714.09
4786;705842.66;5008904.26;777.09
4106;705854.27;5008909.27;775.12
823;705854.81;5008901.06;774.14
4969;705863.67;5008892.33;764.3
2199;705832.8;5008903.75;775.12
63;705870.95;5008838.92;720.01
3521;705865.6;5008820.5;695.4
3705;705879.73;5008825.28;718.04
2056;705849.31;5008791.17;681.62
2197;705846.35;5008739.23;675.72
4044;705861.3;5008718.71;668.82
4090;705866.26;5008718.15;664.89
484;705874.61;5008701.1;653.08
335;705876.07;5008689.42;646.19
4317;705889.47;5008804.82;715.08
2018;705889.44;5008824.34;712.13
3619;705821.78;5008920.53;776.11
1864;705811.94;5008917.04;777.09
2747;705805.03;5008904.52;778.08
262;705801.44;5008882.81;779.06
940;705789.45;5008870.07;780.04
4483;705789.89;5008863.76;781.03
3662;705784.58;5008863.99;783.98
3378;705771.91;5008870.42;785.95
270;705768.01;5008868.1;787.92
3789;705764.01;5008874.34;788.9
2905;705761.02;5008877.3;729.85
2657;705699.88;5008919.24;862.72
3415;705860.8;5008685.72;725.5
1105;705902.42;5008640.44;720.06
4506;705915.21;5008633.81;687.43
3166;705919.89;5008614.39;672.2
2963;705934.12;5008613.77;645.01
3086;705938.73;5008601.84;627.61
514;705947.79;5008594.44;601.51
1019;705947.1;5008587.69;583.02
2510;705945.05;5008567.45;566.7
3055;705943.66;5008555.46;558.0
4086;705941.65;5008530.73;548.21
3958;705932.48;5008529.43;554.67
892;705951.29;5008528.6;544.86
2261;705951.28;5008524.15;555.38
173;705946.35;5008509.8;547.13
1837;705936.95;5008537.2;576.96
1696;705936.94;5008537.28;577.01
1371;705919.41;5008546.85;583.15
4941;705884.79;5008572.4;591.11
3793;705919.92;5008547.5;583.14
3751;705965.6;5008513.29;517.37
3469;705967.67;5008496.08;513.79
601;705975.45;5008480.33;510.78
4705;705981.16;5008464.15;508.25
4635;705976.69;5008457.09;507.11
1751;705988.87;5008425.96;502.89
4394;706003.14;5008405.87;497.34
3513;705956.44;5008523.69;558.03
131;705958.16;5008525.64;558.35
2384;705962.72;5008520.31;561.76
1730;705962.63;5008513.53;560.09
118;705963.53;5008507.22;557.39
3497;705965.25;5008494.85;556.32
3462;705967.37;5008489.49;556.4
733;705968.64;5008481.37;553.97
3970;705975.15;5008475.62;554.47
117;705972.36;5008472.91;548.85
1588;705980.81;5008480.12;551.8
1412;705998.48;5008491.14;544.23
2275;705988.21;5008472.83;542.26
226;706003.4;5008497.0;543.37
2061;706012.06;5008485.78;550.46
133;706010.24;5008479.86;547.88
4993;706013.8;5008476.3;549.51
4746;706018.11;5008469.74;549.82
3633;706014.84;5008464.47;549.62
3227;706021.66;5008467.06;549.21
2706;706025.25;5008465.66;548.88
603;706027.07;5008468.42;548.81
1388;706029.39;5008467.1;547.88
4196;706036.28;5008468.55;546.02
61;706044.15;5008458.03;542.87
4194;706044.05;5008463.16;542.28
4597;706045.81;5008461.68;540.96
1260;706055.15;5008459.37;539.02
1692;706059.97;5008459.58;537.33
406;706059.75;5008456.84;535.18
205;706063.38;5008456.57;540.51
2535;706064.29;5008458.91;532.46
3117;706066.29;5008454.04;548.56
218;706069.44;5008452.88;551.68
4254;706071.43;5008448.45;556.6
2952;706077.13;5008448.12;556.13
2031;706080.67;5008443.51;553.17
2070;706080.64;5008446.13;553.37
527;706077.86;5008437.22;554.58
3320;706072.77;5008448.42;562.56
129;706072.7;5008448.88;564.35
3812;706061.12;5008451.68;568.1
3431;706058.28;5008458.48;572.99
3214;706060.97;5008462.73;574.45
2359;706057.78;5008468.24;574.58
4170;706053.94;5008464.97;575.82
3515;706049.6;5008473.84;578.39
2536;706041.22;5008476.75;584.32
1991;706035.38;5008489.04;587.84
740;706037.02;5008494.93;590.47
86;706032.23;5008501.84;596.11
2058;706036.84;5008497.71;591.35
3432;706034.68;5008502.58;592.11
1010;706025.66;5008507.86;592.91
302;706017.64;5008511.08;592.33
1069;706014.9;5008514.6;587.03
330;706012.57;5008516.01;585.97
4605;706010.56;5008521.31;587.79
2140;706008.68;5008525.27;590.75
4232;706008.78;5008530.14;595.62
2954;706008.5;5008530.44;596.53
4804;706009.18;5008534.88;596.09
3877;706013.15;5008526.11;612.76
2025;705995.16;5008535.35;591.59
4163;706010.78;5008529.0;617.92
2377;706003.33;5008532.92;623.25
3740;706017.47;5008541.35;627.05
2698;706002.37;5008519.28;626.81
3129;706028.76;5008529.87;625.72
2486;706019.52;5008536.7;625.87
1622;706029.95;5008526.28;624.89
2160;706032.56;5008525.15;627.98
1865;706038.44;5008519.49;628.11
1293;706037.86;5008513.21;627.82
956;706043.37;5008511.02;624.4
2073;706049.52;5008508.29;623.07
4145;706051.07;5008508.62;622.92
4547;706056.74;5008505.12;621.36
3210;706059.71;5008502.37;619.27
16;706060.93;5008502.37;619.73
3037;706064.35;5008499.85;621.47
4732;706069.41;5008496.85;618.7
1568;706070.85;5008498.97;618.15
3816;706074.47;5008500.65;615.27
3468;706075.88;5008499.99;614.85
872;706078.02;5008497.15;612.72
4724;706080.33;5008497.23;611.12
1245;706082.89;5008494.52;611.49
3275;706080.47;5008493.16;611.11
2429;706081.94;5008499.31;612.42
1176;706086.71;5008493.16;614.69
215;706085.49;5008485.25;604.89
2053;706092.17;5008478.69;597.56
2635;706101.52;5008474.89;590.34
2234;706101.44;5008468.13;590.08
4231;706106.69;5008463.3;585.57
2727;706109.04;5008464.54;583.93
2750;706115.19;5008469.27;578.28
3465;706117.25;5008466.25;578.89
1842;706123.95;5008465.74;571.61
4557;706129.1;5008461.87;567.76
3149;706134.85;5008462.77;564.42
672;706140.28;5008453.75;557.9
46;706146.66;5008451.47;554.75
912;706147.65;5008446.71;553.26
2515;706151.11;5008457.59;556.69
3657;706146.86;5008444.5;551.07
1770;706145.47;5008440.58;549.46
1351;706149.47;5008435.69;545.3
918;706155.43;5008429.18;542.05
3473;706153.18;5008426.67;538.44
3580;706152.39;5008463.57;558.71
1160;706156.87;5008459.78;559.11
2109;706158.94;5008464.52;558.54
4784;706080.01;5008506.18;613.59
996;706078.27;5008508.2;617.42
1325;706076.45;5008509.31;619.23
84;706076.3;5008513.74;621.77
1584;706066.79;5008520.68;624.34
4417;706059.43;5008523.25;628.57
3590;706067.13;5008527.55;628.57
1257;706050.72;5008529.09;628.88
812;706071.51;5008535.54;627.47
600;706072.29;5008547.74;629.82
2598;706076.95;5008546.0;631.32
3997;706069.77;5008552.43;632.13
3134;706082.19;5008542.72;631.51
976;706088.92;5008538.96;629.44
2968;706092.81;5008538.86;629.29
4059;706095.31;5008540.96;628.04
4747;706090.99;5008546.37;631.63
928;706097.38;5008549.01;629.03
3491;706100.95;5008546.63;629.09
4144;706107.52;5008559.68;628.28
1755;706110.48;5008562.4;626.76
426;706114.35;5008562.31;624.98
1267;706116.47;5008564.97;624.0
1132;706115.19;5008567.41;624.33
1859;706120.83;5008572.4;622.85
4296;706120.27;5008575.07;622.42
4357;706125.32;5008577.13;620.42
3781;706128.54;5008573.61;615.42
2843;706128.91;5008575.21;615.29
3628;706131.07;5008572.68;612.77
863;706137.99;5008581.37;610.65
4103;706136.42;5008576.61;608.8
3690;706128.19;5008589.8;611.55
3566;706153.36;5008570.13;603.67
578;706160.11;5008558.17;600.98
4945;706169.11;5008546.19;593.29
3990;706184.57;5008521.52;577.69
4312;706192.46;5008531.41;587.75
203;706204.33;5008542.39;589.73
1336;706202.76;5008559.48;601.82
859;706205.12;5008573.66;603.66
4439;706217.14;5008576.8;597.34
2885;706223.97;5008593.25;596.87
1038;706229.28;5008604.15;597.04
3664;706227.72;5008623.37;598.25
1111;706237.44;5008630.77;597.5
2247;706234.25;5008649.77;600.97
4272;706242.27;5008651.93;598.48
4313;706246.04;5008664.7;600.13
136;706249.28;5008668.3;604.78
4466;706252.18;5008668.24;605.38
1982;706255.34;5008680.02;615.45
292;706254.75;5008668.13;606.17
2837;706261.14;5008666.99;616.09
1732;706263.66;5008668.45;614.81
1207;706271.42;5008661.65;608.27
670;706280.75;5008661.31;607.01
1153;706288.43;5008669.32;605.45
3409;706252.79;5008687.08;618.24
2889;706256.4;5008696.66;619.03
230;706256.49;5008708.38;622.47
1440;706255.3;5008717.61;623.42
1764;706254.54;5008724.53;620.02
4017;706249.33;5008726.18;620.88
400;706250.4;5008728.76;619.91
1615;706234.99;5008751.24;593.51
4641;706233.41;5008754.1;592.46
14;706231.27;5008759.5;585.62
3716;706231.87;5008761.28;581.42
4698;706221.51;5008758.27;582.69
2887;706243.78;5008763.52;564.93
481;706251.84;5008759.47;566.08
3653;706256.56;5008760.05;567.11
1742;706273.27;5008754.13;558.47
1050;706280.83;5008745.97;567.86
2838;706291.04;5008748.23;567.89
2274;706308.68;5008739.72;568.3
3038;706321.82;5008734.58;570.14
423;706335.01;5008735.07;574.37
3084;706329.21;5008745.01;573.46
151;706339.07;5008731.06;577.99
4282;706338.39;5008766.34;575.05
1607;706341.29;5008780.14;573.91
2178;706349.58;5008790.12;568.44
2732;706366.28;5008783.03;557.28
1460;706383.93;5008770.86;540.12
4270;706400.52;5008795.0;529.64
2692;706415.91;5008809.5;521.06
4489;706416.42;5008817.42;520.26
4743;706424.07;5008835.08;513.37
4677;706430.55;5008835.32;513.24
791;706436.37;5008825.0;528.9
3100;706434.22;5008846.78;507.01
3335;706436.7;5008824.25;530.65
4308;706435.15;5008818.97;532.38
4398;706428.41;5008810.03;533.83
2555;706423.63;5008796.08;534.78
3646;706442.23;5008856.89;498.35
1454;706451.68;5008878.44;481.58
3931;706457.25;5008886.99;481.19
394;706466.39;5008886.25;481.16
2973;706490.7;5008907.02;481.27
505;706493.44;5008927.33;479.87
1129;706489.85;5008941.2;478.27
2523;706489.83;5008942.61;478.71
415;706489.31;5008949.16;470.87
3472;706492.44;5008953.77;467.94
2361;706494.59;5008961.35;467.79
3792;706506.52;5008966.49;467.29
4761;706510.4;5008980.61;465.65
2161;706510.12;5008990.74;463.96
132;706512.96;5009007.3;470.97
3759;706512.65;5009023.01;470.59
1088;706521.04;5009046.97;466.16
2850;706529.59;5009058.78;461.59
3919;706536.83;5009078.68;457.41
705;706545.04;5009082.64;451.4
4904;706542.21;5009092.7;456.86
4569;706558.73;5009086.76;441.51
3035;706557.21;5009097.86;440.05
207;706544.69;5009102.96;457.63
2758;706536.09;5009113.93;461.08
1126;706539.53;5009127.74;465.18
645;706546.39;5009140.47;463.07
3706;706558.43;5009145.91;455.81
1131;706569.29;5009154.33;439.92
4920;706576.24;5009152.98;437.16
1268;706601.77;5009173.35;418.7
3994;706602.04;5009193.03;416.32
3845;706605.56;5009211.79;422.55
3645;706589.81;5009240.69;441.23
581;706593.55;5009245.47;442.43
2961;706598.94;5009260.13;446.06
463;706602.8;5009286.76;440.15
57;706631.98;5009300.95;441.57
4591;706650.12;5009322.82;438.73
3975;706666.18;5009343.26;435.96
3379;706670.99;5009362.04;432.44
1520;706684.46;5009377.94;430.06
2487;706690.04;5009389.7;428.45
432;706694.51;5009398.33;427.18
4760;706696.28;5009399.41;426.9
921;706697.96;5009403.05;428.16
4620;706703.29;5009415.72;431.76
3428;706703.55;5009425.73;434.21
3307;706701.34;5009435.8;436.31
4645;706696.13;5009435.84;443.46
3225;706694.21;5009440.42;448.25
4405;706695.1;5009450.13;457.4
1474;706345.03;5008739.81;580.73
413;706370.39;5008757.91;568.9
1366;706376.69;5008767.42;562.66
2893;706386.43;5008772.35;558.88
1936;706211.0;5008759.07;579.16
3695;706197.97;5008768.88;584.27
1358;706189.01;5008768.62;589.23
3983;706186.77;5008764.74;586.11
630;706159.86;5008774.94;585.66
3461;706149.87;5008778.2;588.01
3291;706144.1;5008780.06;588.44
2930;706138.65;5008782.51;588.31
3470;706132.05;5008783.49;591.98
4817;706129.05;5008786.72;592.71
4350;706126.3;5008775.26;601.62
234;706123.39;5008775.57;605.3
1805;706115.91;5008773.03;610.49
1669;706103.91;5008770.97;616.9
919;706099.57;5008769.68;618.47
2792;706101.85;5008763.41;620.15
1200;706094.88;5008756.82;622.44
357;706098.14;5008751.66;622.85
3122;706096.0;5008742.72;626.81
1561;706094.38;5008739.05;625.75
4464;706093.8;5008729.66;624.88
4573;706089.83;5008722.41;626.42
910;706093.07;5008707.6;628.88
4504;706095.02;5008700.89;629.29
4915;706090.69;5008695.06;629.23
4988;706095.92;5008687.77;627.9
4960;706116.36;5008593.37;615.21
4177;706114.29;5008598.35;616.05
1867;706104.1;5008603.94;622.32
4529;706096.67;5008608.99;623.26
222;706092.45;5008610.57;622.97
977;706078.81;5008623.08;623.17
2005;706070.13;5008626.92;624.63
3934;706066.34;5008616.18;625.46
1047;706064.62;5008628.53;623.14
2163;706059.22;5008609.1;628.26
934;706052.42;5008608.65;630.71
2332;706051.15;5008606.66;624.74
1159;706057.8;5008632.31;626.29
4468;706062.97;5008624.87;623.16
3416;706091.2;5008617.57;622.49
3692;706059.11;5008622.45;623.35
2934;706049.34;5008634.13;631.26
2967;706045.38;5008635.15;634.89
1113;706040.64;5008637.99;635.95
1428;706037.09;5008639.13;636.13
1883;706031.17;5008641.71;638.86
2012;706028.46;5008643.37;638.74
1996;706027.03;5008638.94;639.26
4244;706019.87;5008632.89;640.67
2847;706009.98;5008624.23;646.16
3719;706005.44;5008616.28;646.76
2112;706004.81;5008609.67;646.12
4465;706002.59;5008605.01;645.86
1004;706000.41;5008597.31;645.92
2714;706001.4;5008595.25;645.04
907;706000.28;5008589.27;644.72
3714;705995.51;5008595.12;649.06
3362;706002.36;5008582.46;642.69
3287;706001.53;5008579.22;635.53
865;706005.74;5008574.56;633.53
1079;706008.53;5008569.11;630.06
3589;705994.96;5008593.01;649.23
1188;705990.28;5008596.7;651.64
2214;706058.54;5008620.66;625.36
826;706054.84;5008602.41;625.69
243;706061.84;5008588.74;628.14
1433;706070.78;5008578.05;631.04
1682;706069.69;5008566.15;636.08
3831;706075.28;5008554.14;635.07
2609;706048.4;5008525.85;627.08
841;706040.4;5008532.72;630.96
2678;706033.77;5008529.84;623.64
2688;706029.93;5008539.61;620.96
1643;706023.73;5008539.08;626.72
3736;705983.49;5008515.9;631.52
2636;705975.35;5008526.56;635.92
2036;705965.53;5008535.76;644.1
4268;705960.19;5008538.39;644.8
4015;705943.77;5008544.48;636.0
1142;705938.56;5008552.6;631.98
858;705933.62;5008559.71;630.07
2597;705948.26;5008539.94;631.54
4021;705925.6;5008564.93;625.83
3623;705925.97;5008570.02;625.32
4889;705935.69;5008562.96;643.54
441;705925.75;5008569.99;625.43
1087;705919.13;5008564.08;628.52
3879;705925.85;5008572.54;624.42
2922;705927.89;5008569.06;624.56
2580;705931.52;5008570.81;622.98
3438;705935.81;5008568.39;622.02
2780;705939.68;5008565.81;618.96
4083;705940.87;5008563.81;618.18
2937;705946.07;5008562.21;614.05
2185;705949.24;5008558.92;600.78
4736;705948.22;5008562.82;599.65
2049;705947.22;5008558.73;595.18
1215;705947.8;5008556.16;594.24
3147;705936.11;5008565.71;644.48
4281;705935.26;5008573.67;649.02
4795;705932.44;5008575.64;646.12
4744;705931.24;5008574.84;646.54
1475;705929.01;5008578.23;651.77
2538;705928.38;5008580.7;652.31
1253;705923.72;5008582.5;645.78
3044;705921.42;5008581.58;646.34
273;705919.73;5008580.58;647.63
768;705913.3;5008580.12;648.52
111;705911.52;5008581.38;648.42
4622;705910.57;5008581.81;648.33
1681;705906.35;5008584.9;652.55
2563;705904.54;5008586.27;651.83
924;705903.27;5008585.72;651.6
2146;705900.65;5008584.62;649.91
1037;705898.3;5008582.74;648.91
4781;705895.97;5008583.1;642.64
3592;705891.46;5008586.21;646.85
374;705890.04;5008583.91;651.92
4484;705883.81;5008586.62;655.23
4422;705895.68;5008575.95;648.32
3730;705881.8;5008593.37;656.61
3523;705887.07;5008600.06;661.16
483;705890.92;5008602.99;661.84
2477;705903.06;5008607.09;660.47
1601;705896.0;5008574.04;647.26
3650;705921.53;5008586.61;618.13
3758;705916.47;5008593.25;615.94
2433;705958.43;5008537.72;628.64
4240;705958.14;5008534.54;629.82
2259;705968.39;5008533.02;630.34
2547;705974.58;5008525.12;630.2
7;705972.12;5008519.7;629.49
1634;705974.76;5008517.26;629.3
3686;705978.52;5008518.14;629.01
4609;705983.02;5008514.96;627.88
4735;705987.94;5008502.81;627.88
4728;705991.42;5008538.03;591.57
195;705988.5;5008538.24;588.8
4725;705988.57;5008536.99;588.66
2593;705988.19;5008534.51;589.54
874;705986.05;5008532.12;590.42
2999;705984.37;5008531.29;592.18
4546;705979.91;5008529.6;593.2
4813;705976.35;5008531.49;594.51
4420;705974.41;5008532.68;598.86
1639;705980.94;5008526.51;592.8
3870;705978.01;5008536.34;594.1
2888;705971.46;5008546.54;588.46
4942;705961.33;5008568.32;596.41
1579;705960.92;5008562.78;597.88
2399;705964.33;5008558.92;602.93
4123;705966.02;5008555.43;605.55
3728;705973.55;5008548.84;601.27
4434;705972.08;5008547.19;600.39
2222;705970.2;5008541.55;598.95
2400;705971.8;5008538.97;599.67
3091;705972.74;5008535.55;601.01
1621;705979.32;5008525.43;593.16
3957;705978.23;5008527.42;595.55
1346;705974.43;5008528.78;592.36
3005;706077.45;5008421.88;555.73
1145;706078.79;5008416.07;555.18
4138;706090.01;5008411.02;553.91
21;706095.94;5008403.2;548.27
2242;706100.19;5008400.27;541.52
314;706107.87;5008399.18;540.45
2454;706118.85;5008397.56;534.38
2520;706064.44;5008458.22;532.44
913;706069.31;5008457.49;523.56
3887;706069.51;5008455.53;522.26
427;706075.98;5008452.03;498.06
429;705990.54;5008474.07;539.3
77;705984.22;5008470.38;543.15
1023;705996.93;5008475.44;535.8
1364;705995.16;5008482.69;535.76
560;705997.57;5008481.92;536.43
4476;706003.16;5008484.17;533.02
3143;706009.88;5008487.33;532.56
109;706012.81;5008492.38;532.31
3251;706016.61;5008490.65;528.61
2439;706018.16;5008491.14;527.84
1236;706017.28;5008488.77;527.65
1384;706017.05;5008488.04;528.0
3535;706020.12;5008489.65;530.63
1272;706021.25;5008485.91;531.17
4358;706021.4;5008483.58;531.87
3375;706022.77;5008479.94;529.77
1722;706028.02;5008464.4;525.59
1686;706029.2;5008458.77;518.58
3363;706029.07;5008458.67;511.63
4383;706031.78;5008464.52;510.21
1512;706034.03;5008465.63;510.23
1880;706042.57;5008477.25;507.55
4922;706045.97;5008480.67;504.33
884;706046.05;5008474.29;503.65
1590;706052.25;5008472.39;502.6
2508;706049.98;5008476.75;502.31
4554;706054.66;5008477.57;501.04
579;706055.68;5008479.73;501.01
2450;706055.45;5008485.22;501.29
3477;706055.71;5008491.82;496.36
1497;706060.71;5008490.78;495.76
4367;706062.19;5008493.19;495.2
4548;706063.74;5008492.6;488.58
3349;706069.86;5008493.56;488.83
2518;706069.57;5008498.55;489.06
4834;706073.3;5008499.58;483.5
2267;706074.19;5008494.88;483.49
1988;706073.97;5008489.91;481.32
2176;706076.88;5008486.85;478.49
4886;706078.73;5008482.63;477.56
1141;705977.38;5008472.86;541.81
2704;705973.92;5008477.57;543.76
446;705950.18;5008500.11;521.02
1566;705967.65;5008474.06;518.85
3964;705996.29;5008454.86;512.32
3167;706010.78;5008427.29;512.32
1343;706031.12;5008414.75;496.0
2406;706022.05;5008403.15;501.0
1625;706049.86;5008412.68;488.39
3516;706008.79;5008398.6;501.0
311;705991.51;5008384.81;498.0
3419;705989.57;5008375.81;493.0
2488;705926.98;5008345.81;482.01
4200;705920.71;5008342.32;468.01
789;705866.65;5008320.3;493.01
436;705859.51;5008316.84;497.01
1347;705874.11;5008318.83;496.01
3099;705739.07;5008250.16;548.0
1757;705824.38;5008327.31;513.41
318;705891.61;5008317.21;495.01
890;705904.13;5008319.15;494.01
4184;705932.47;5008315.38;493.01
1947;705945.53;5008308.07;492.01
994;705957.53;5008311.55;491.01
1948;705971.47;5008313.75;490.0
4167;705984.5;5008328.12;489.01
2225;705988.74;5008314.54;488.01
1456;706000.59;5008316.71;471.69
3511;705967.93;5008282.63;497.0
1540;706005.4;5008328.22;455.38
678;706023.7;5008341.91;439.06
42;706026.59;5008339.06;422.74
2831;706042.05;5008349.86;406.43
2987;706048.65;5008345.01;390.12
3311;706050.35;5008338.47;308.54
3701;706055.59;5008347.94;373.8
2514;706059.78;5008337.33;292.23
2868;706085.93;5008344.14;259.6
2094;706100.2;5008351.23;243.29
1324;706072.31;5008355.06;357.49
1155;706102.22;5008353.29;341.17
1442;706122.02;5008381.74;324.85
1974;705965.57;5008263.25;497.0
2654;705963.41;5008291.41;497.0
451;705954.0;5008254.08;495.0
1421;705956.5;5008234.34;493.0
213;705963.28;5008234.62;491.0
2537;705965.0;5008217.13;489.0
2179;705960.89;5008198.97;487.0
846;705951.76;5008175.73;484.0
3326;705944.19;5008168.4;482.0
3949;705950.23;5008147.57;479.0
2616;705967.36;5008121.26;475.0
457;705978.37;5008114.99;474.0
4425;705983.29;5008105.53;473.0
1738;705991.1;5008103.05;472.0
1033;705995.31;5008103.66;471.0
3867;705998.48;5008100.9;470.0
686;706010.66;5008109.56;469.0
3370;706013.74;5008105.77;468.0
355;706006.56;5008087.58;467.0
3750;706000.91;5008086.35;468.0
3986;705998.21;5008082.99;469.0
1779;705983.05;5008078.8;470.0
3296;705983.3;5008073.43;471.0
3821;705989.78;5008069.95;472.0
1186;705992.85;5008061.97;473.0
1635;705989.31;5008049.83;474.0
2964;705980.77;5008035.25;474.5
3193;705977.78;5008028.89;475.0
1481;705970.71;5008023.45;476.0
2923;705969.02;5008035.94;476.0
3230;705962.35;5008014.66;479.0
2503;705974.9;5008044.31;476.0
4375;705978.56;5008047.03;475.5
3197;705979.94;5008053.46;475.0
282;705978.54;5008059.66;474.5
459;705979.4;5008063.45;474.0
2634;705968.13;5008074.84;474.0
4000;705967.84;5008081.26;474.0
761;705980.13;5008089.67;474.0
1051;705982.83;5008098.76;474.0
1297;705987.39;5008100.89;474.0
3001;705989.1;5008101.88;472.0
362;705950.91;5007993.9;482.99
1800;705929.75;5007985.78;486.99
3916;705925.62;5007991.1;490.99
2861;705913.8;5007989.56;497.0
3423;705911.42;5007984.59;499.0
4095;705892.53;5007987.06;508.99
397;705881.64;5007966.84;519.0
187;705859.79;5007976.9;529.0
2637;705846.4;5007971.99;538.99
4169;705846.09;5007962.51;546.99
2181;705837.65;5007972.15;556.99
866;705822.46;5007980.7;566.99
377;705819.97;5007971.92;574.99
4567;705804.58;5007972.42;577.99
4863;705801.83;5007978.79;580.99
4779;705791.34;5007984.12;584.99
4047;705792.18;5007987.3;587.99
3224;705790.98;5007989.74;591.0
2074;705781.13;5007991.97;595.0
2010;705777.83;5008002.36;597.99
3485;705772.55;5008014.12;598.99
3647;705780.5;5008006.77;601.0
269;705763.67;5008019.64;601.99
2726;705761.06;5008018.99;603.99
4204;705753.47;5008020.46;606.99
1083;705748.97;5008018.4;609.99
172;705747.27;5008023.13;609.99
4431;705749.12;5008015.43;610.99
4845;705751.75;5008024.46;609.99
3155;705753.02;5008023.62;609.99
939;705743.01;5008022.83;614.0
379;705746.44;5008018.29;615.99
4564;705744.88;5008012.3;616.99
1411;705743.53;5008008.28;618.99
420;705745.25;5008006.44;619.99
1733;705743.37;5007999.79;622.0
4028;705737.82;5007988.13;623.0
3567;705739.1;5007970.85;624.0
4396;705735.62;5007966.15;625.0
502;705735.07;5007958.47;625.99
1830;705727.32;5007941.91;626.99
2516;705723.55;5007946.95;628.49
1903;705731.91;5007943.11;625.99
2949;705714.15;5007948.06;628.99
4035;705707.34;5007946.68;629.49
4753;705704.88;5007948.66;629.99
4303;705700.2;5007946.9;630.49
2054;705696.85;5007948.07;630.99
1976;705695.42;5007949.47;639.99
4369;705696.73;5007944.12;630.99
1286;705694.6;5007945.0;651.99
3056;705693.07;5007955.03;640.99
1233;705695.84;5007964.3;651.99
2362;705694.98;5007966.36;671.99
1660;705685.19;5007962.68;673.99
1479;705682.84;5007962.38;675.99
3054;705674.12;5007961.36;676.99
4737;705676.38;5007966.35;678.99
2771;705676.12;5007971.59;680.99
668;705673.51;5007978.7;683.99
1414;705680.37;5007986.91;686.99
4247;705677.61;5007987.19;706.99
3505;705672.49;5007985.01;709.99
757;705670.15;5007981.51;711.99
4026;705661.21;5007977.44;715.99
1954;705657.44;5007976.88;726.99
28;705683.22;5007945.55;630.99
134;705680.86;5007941.31;631.49
3977;705682.88;5007938.91;631.99
102;705677.06;5007938.11;632.49
2483;705671.12;5007939.11;632.99
704;705666.59;5007938.2;633.49
4185;705659.83;5007936.89;633.99
3234;705664.18;5007932.37;634.49
4225;705669.19;5007929.06;634.99
1938;705671.36;5007925.73;635.49
3757;705668.52;5007921.76;635.99
4869;705688.5;5007945.25;654.99
1304;705684.95;5007941.92;656.99
4302;705692.1;5007934.42;657.99
909;705692.51;5007930.28;658.99
1059;705686.09;5007931.41;688.99
1378;705682.62;5007923.27;689.5
1127;705680.53;5007923.58;690.0
4235;705678.28;5007922.42;699.99
4473;705677.9;5007918.62;701.99
3158;705676.56;5007911.02;703.99
4871;705678.1;5007909.37;704.99
4814;705676.97;5007906.89;706.99
3672;705678.12;5007904.39;706.99
3529;705679.5;5007891.83;704.99
52;705671.44;5007882.6;699.99
4649;705668.37;5007882.96;714.99
3085;705665.32;5007878.31;716.99
4269;705660.96;5007876.48;717.99
3271;705657.36;5007872.17;719.99
3187;705653.48;5007877.71;721.99
4668;705649.07;5007882.41;722.99
606;705642.75;5007884.96;723.99
4888;705629.3;5007893.59;725.99
232;705623.98;5007893.27;727.99
1817;705621.46;5007899.14;729.99
316;705617.31;5007900.39;732.99
517;705616.44;5007905.89;734.99
3030;705612.27;5007902.33;746.99
2570;705613.34;5007905.13;766.99
2310;705615.26;5007907.41;756.99
1901;705613.58;5007899.03;756.99
3671;705614.21;5007897.59;771.99
515;705615.34;5007896.38;779.99
2183;705616.24;5007893.64;781.99
3978;705615.71;5007889.1;783.99
4767;705619.01;5007888.38;785.99
1908;705621.19;5007890.65;788.99
3501;705625.62;5007890.63;790.99
582;705631.97;5007898.24;793.99
3180;705637.45;5007890.73;798.99
3199;705637.59;5007883.47;799.99
1812;705626.48;5007877.23;800.99
612;705630.0;5007887.1;802.99
3799;705606.81;5007863.21;803.99
4150;705639.18;5007898.32;804.99
1869;705638.73;5007916.62;806.99
1984;705643.0;5007928.63;808.99
1562;705661.74;5007938.55;810.99
4351;705679.76;5007948.99;812.99
4534;705665.2;5007973.06;814.99
2093;705665.3;5008000.83;816.99
3839;705666.77;5008004.11;811.99
3239;705592.77;5007867.24;807.99
595;705577.76;5007867.61;810.99
4764;705568.67;5007876.28;813.99
4073;705544.16;5007864.88;817.99
2438;705527.92;5007841.19;821.99
3989;705519.32;5007819.42;818.99
965;705523.42;5007795.69;815.99
4461;705532.79;5007786.46;813.99
1955;705529.84;5007779.16;811.99
3733;705524.77;5007778.47;810.99
1309;705520.84;5007778.96;800.99
3953;705516.26;5007757.48;780.99
4008;705519.27;5007757.08;778.99
568;705508.78;5007745.22;781.99
3040;705523.64;5007760.94;776.99
331;705526.88;5007758.13;774.99
1752;705528.08;5007759.14;772.99
2329;705534.65;5007756.7;770.99
4637;705545.27;5007742.06;769.99
3012;705557.2;5007743.46;768.99
4311;705492.18;5007738.74;782.99
1693;705440.95;5007663.77;793.99
3165;705430.13;5007675.71;796.99
3507;705433.86;5007600.8;783.99
557;705412.85;5007691.74;806.99
3631;705407.01;5007692.11;811.99
4349;705387.55;5007660.28;810.98
4802;705386.23;5007655.46;810.98
2467;705450.35;5007554.86;772.99
2417;705450.3;5007544.85;772.99
597;705435.2;5007518.97;774.99
4341;705431.65;5007499.38;772.99
4661;705431.57;5007479.36;772.99
4012;705426.94;5007471.44;768.99
3365;705361.82;5007434.24;771.99
3643;705342.76;5007423.34;783.99
3595;705333.96;5007374.74;775.99
3280;705333.88;5007355.12;771.99
4665;705333.7;5007315.21;774.99
1749;705333.62;5007297.34;783.99
655;705333.44;5007257.31;783.99
8;705328.98;5007232.68;783.99
2068;705328.84;5007202.66;783.99
1370;705338.77;5007185.27;783.99
3972;705338.67;5007165.26;783.99
4032;705335.12;5007145.57;783.99
794;705335.02;5007125.55;783.99
4951;705339.34;5007123.02;783.99
4406;705346.64;5007116.86;780.99
1518;705346.55;5007100.88;779.99
598;705342.5;5007093.91;783.99
3025;705342.47;5007088.9;783.99
1782;705346.65;5007077.64;783.99
992;705350.3;5007067.82;800.76
1292;705337.29;5007060.5;802.32
3502;705320.23;5007061.28;806.58
97;705310.44;5007060.18;808.85
3303;705303.13;5007056.4;812.51
1285;705301.34;5007049.98;813.45
4114;705290.62;5007039.87;821.61
3552;705286.49;5007040.43;821.02
2975;705278.4;5007036.59;816.66
1713;705275.08;5007024.72;817.3
4294;705267.91;5007024.05;817.18
1329;705255.85;5007023.97;817.81
3836;705251.8;5007027.08;818.53
783;705243.08;5007022.57;819.39
4447;705245.0;5007002.19;819.74
1150;705232.84;5006994.18;821.02
4291;705235.26;5006985.92;821.02
4392;705219.45;5007000.59;826.42
2873;705231.55;5006976.54;820.84
2037;705222.49;5006980.7;822.96
2770;705216.15;5006980.54;825.01
3892;705218.8;5006973.0;823.89
1439;705217.48;5006956.69;823.89
3260;705211.05;5006943.85;823.89
299;705208.1;5006998.52;830.39
2776;705198.84;5007013.12;828.57
2914;705198.84;5007013.12;830.57
3825;705195.81;5007012.34;832.68
1249;705191.4;5007015.75;835.64
1240;705166.75;5007019.49;839.14
2062;705170.15;5007010.33;839.99
1448;705164.54;5007005.39;840.52
1699;705611.19;5007907.3;767.99
3720;705600.64;5007906.71;768.99
3896;705590.63;5007899.96;770.99
3179;705588.57;5007885.86;772.99
632;705582.18;5007876.88;774.99
4166;705574.23;5007869.32;777.99
3061;705566.66;5007854.11;780.0
1090;705563.01;5007842.33;784.0
701;705557.08;5007832.74;787.0
1226;705552.85;5007821.84;791.0
4378;705526.55;5007804.96;792.99
3373;705519.33;5007798.79;794.99
2950;705516.25;5007797.1;792.99
3942;705511.02;5007778.12;790.99
4180;705514.96;5007776.2;788.99
175;705619.97;5007915.76;753.99
3463;705621.81;5007913.78;749.99
4623;705631.68;5007916.0;746.99
403;705636.46;5007919.04;744.99
1950;705640.47;5007926.61;741.99
1490;705637.43;5007929.86;738.99
815;705641.06;5007933.74;735.99
2651;705637.43;5007937.49;733.99
592;705641.96;5007942.33;731.99
917;705637.37;5007946.98;736.99
4658;705641.07;5007956.53;741.99
2295;705637.08;5007958.88;746.99
217;705624.97;5007957.92;750.99
3903;705746.64;5008012.86;610.99
3446;705747.39;5008004.16;609.99
4947;705746.8;5007997.03;608.99
4523;705750.95;5007984.45;607.0
3036;705775.3;5008019.33;599.0
3710;705780.05;5008034.51;597.0
4815;705795.77;5008055.8;595.0
235;705795.45;5008063.15;593.0
3722;705798.74;5008069.44;592.0
2331;705802.0;5008069.52;590.0
1305;705805.58;5008071.44;589.0
1774;705807.54;5008071.13;588.0
339;705814.18;5008074.36;586.0
4411;705820.21;5008070.6;584.0
4775;705826.18;5008074.04;582.0
3708;705830.92;5008072.16;580.0
1427;705839.99;5008080.18;578.0
144;705846.09;5008095.32;576.0
3961;705841.74;5008107.59;574.0
4133;705845.52;5008111.84;572.0
2252;705851.86;5008113.73;570.0
959;705852.14;5008122.23;568.0
4996;705857.63;5008126.17;566.0
1998;705866.54;5008125.7;564.0
45;705869.33;5008130.11;562.0
4729;705876.98;5008135.96;560.0
4890;705876.73;5008155.18;558.0
4052;705882.59;5008158.87;556.0
2895;705884.75;5008164.6;554.0
572;705887.68;5008167.95;553.0
3341;705888.89;5008174.44;552.0
3637;705891.89;5008174.03;548.0
2255;705895.92;5008176.74;547.0
4121;705900.14;5008175.79;546.5
2927;705906.71;5008177.31;546.0
4460;705918.18;5008175.64;538.0
4267;705923.11;5008173.45;536.0
4816;705929.14;5008177.44;533.0
893;705931.89;5008180.36;531.0
4882;705936.04;5008181.03;529.0
1016;705940.35;5008177.45;528.0
4861;705942.95;5008179.27;527.0
1109;705945.42;5008177.77;525.0
2578;705950.27;5008181.25;517.0
4706;705957.33;5008188.23;515.0
1498;705962.96;5008188.6;507.0
3804;705966.12;5008191.33;505.0
3717;705968.04;5008189.79;503.0
2187;705970.12;5008192.81;501.0
4794;705969.87;5008194.84;499.0
4687;705967.53;5008192.76;497.0
1321;705963.85;5008185.86;495.0
1598;705962.32;5008185.97;492.0
2729;705963.86;5008197.2;490.0
1301;705961.71;5008199.48;487.0
1973;705960.45;5008293.17;497.0
4321;705947.19;5008288.98;497.0
1731;705939.15;5008289.92;497.0
3270;705933.68;5008290.03;497.0
933;705927.99;5008298.77;495.0
1429;705923.58;5008280.81;497.0
1766;705931.79;5008313.68;493.0
2773;705930.53;5008314.64;493.0
138;705908.64;5008291.03;497.0
556;705900.68;5008287.03;497.0
4342;705894.79;5008293.33;497.0
1758;705899.49;5008303.34;497.0
4739;705897.71;5008311.23;497.0
126;705892.7;5008316.31;497.0
257;705730.89;5008263.98;435.8
1308;705796.98;5008315.74;538.01
880;705790.93;5008313.67;542.94
3079;705724.48;5008282.76;606.91
3120;705719.57;5008289.18;610.85
856;705714.29;5008291.96;614.78
2393;705709.87;5008289.9;618.72
1348;705702.52;5008297.93;622.66
4917;705700.94;5008293.06;626.59
2444;705693.64;5008295.42;630.53
1312;705690.74;5008303.08;634.47
2286;705685.13;5008297.37;638.4
4721;705692.49;5008287.72;642.34
3447;705689.72;5008282.44;646.28
4975;705684.04;5008283.21;650.21
393;705679.22;5008280.74;654.15
404;705669.91;5008281.87;658.09
1096;705666.73;5008275.37;662.02
2866;705657.84;5008273.68;664.98
547;706070.04;5008416.62;443.8
1662;706158.62;5008473.62;439.44
2425;706258.42;5008532.96;398.11
1941;706263.86;5008519.5;403.55
2583;706410.23;5008633.26;367.65
2088;706270.85;5008516.7;410.07
1431;706275.87;5008505.28;417.69
68;706262.94;5008487.14;423.13
4263;706243.63;5008493.92;429.65
1694;706464.28;5008620.3;355.69
2972;706468.86;5008609.85;353.51
72;706537.98;5008586.54;350.25
2356;706539.58;5008576.08;348.08
3348;706567.92;5008588.32;340.46
691;706586.49;5008600.25;334.46
2460;706596.33;5008607.85;334.46
407;706617.39;5008620.69;340.46
1100;706625.24;5008629.94;340.46
2571;706633.94;5008617.81;360.46
975;706639.13;5008639.29;339.87
4851;706648.84;5008615.12;355.46
1199;706657.58;5008614.12;348.46
4020;706674.29;5008605.12;355.46
2291;706688.74;5008602.82;358.46
2532;706699.51;5008587.25;360.46
4748;706712.91;5008592.66;360.46
2445;706723.94;5008584.48;356.46
4640;706735.1;5008580.64;350.46
2312;706754.85;5008583.96;343.47
4849;706775.85;5008579.35;341.46
2794;706771.74;5008608.29;340.46
3785;706786.15;5008581.27;337.47
3617;706794.94;5008562.64;334.47
1315;706797.04;5008585.35;334.47
3406;706782.22;5008600.45;337.46
3318;706774.33;5008629.67;337.46
593;706771.55;5008658.39;334.46
3088;706770.87;5008682.54;330.46
990;706773.63;5008690.09;328.46
113;706785.33;5008690.7;328.46
1928;706763.6;5008696.4;325.46
3434;706757.32;5008697.65;323.46
4492;706662.85;5008656.24;339.87
2995;706654.36;5008663.02;338.87
3422;706656.34;5008688.99;337.87
2340;706671.75;5008688.92;336.86
1957;706683.24;5008695.04;335.86
3638;706691.46;5008694.37;333.86
3606;706699.1;5008695.19;330.87
1989;706706.66;5008696.94;328.87
795;706723.6;5008702.65;326.87
2551;706742.17;5008705.25;325.86
1075;706750.28;5008703.21;324.86
3184;706756.68;5008698.21;323.86
2561;706763.16;5008701.5;322.86
3334;706767.44;5008704.31;322.86
1369;706765.97;5008707.24;321.86
143;706777.68;5008714.19;320.86
1276;704322.0;5010225.0;1505.0
3229;704320.78;5010226.73;1498.41
3558;704322.0;5010225.0;1478.43
2311;704322.0;5010225.0;1498.44
4243;704318.83;5010229.67;1469.46
71;704324.59;5010230.95;1459.57
3241;704329.57;5010234.09;1445.42
1451;704333.37;5010236.4;1444.21
2448;704333.65;5010235.92;1440.51
1745;704335.36;5010233.23;1440.51
3586;704336.41;5010233.05;1454.95
4124;704337.46;5010232.87;1448.87
1959;704338.07;5010232.69;1387.52
687;704338.12;5010236.3;1387.37
754;704338.44;5010236.71;1358.92
69;704339.12;5010238.12;1358.92
2323;704338.78;5010239.66;1358.77
821;704337.8;5010240.7;1357.4
1875;704340.41;5010241.98;1357.4
3017;704340.67;5010243.88;1357.25
4014;704471.0;5010224.0;1485.0
2136;704470.22;5010224.31;1471.81
1706;704465.13;5010225.46;1472.16
4462;704457.86;5010227.57;1470.5
4689;704464.97;5010226.37;1485.71
3436;704456.46;5010228.23;1470.5
1783;704460.29;5010228.23;1456.71
4125;704455.35;5010226.54;1469.79
3460;704449.32;5010227.96;1469.31
4078;704444.52;5010228.66;1457.54
1960;704442.75;5010227.48;1453.74
1915;704443.03;5010226.78;1440.78
2562;704445.32;5010224.09;1440.78
1533;704446.89;5010223.74;1439.71
60;704448.25;5010224.19;1437.93
3396;704449.77;5010221.12;1436.27
2878;704450.76;5010220.69;1424.98
421;704452.07;5010219.4;1423.67
181;704449.53;5010215.93;1423.55
1665;704448.18;5010215.47;1424.02
4384;704446.49;5010213.02;1424.02
888;704446.63;5010210.89;1423.55
673;704444.26;5010208.42;1423.55
1510;704439.7;5010196.66;1423.43
2991;704440.29;5010194.12;1423.19
877;704443.35;5010194.43;1423.43
1487;704444.11;5010191.93;1423.19
871;704445.18;5010192.14;1423.43
1076;704451.15;5010185.84;1423.07
319;704451.02;5010184.41;1423.07
3987;704453.46;5010182.46;1423.07
2396;704453.19;5010178.92;1423.07
3510;704455.36;5010177.67;1423.19
4907;704456.74;5010175.79;1423.55
1246;704455.89;5010174.08;1423.43
340;704457.01;5010173.17;1422.95
1578;704460.56;5010166.47;1423.19
3121;704462.74;5010166.46;1423.31
835;704468.24;5010155.77;1422.72
3092;704471.05;5010154.7;1422.72
4500;704475.08;5010147.89;1422.72
1430;704472.78;5010143.86;1422.84
857;704471.27;5010144.59;1422.72
233;704467.98;5010140.05;1422.6
2034;704468.11;5010137.64;1422.6
3665;704465.48;5010139.03;1422.12
445;704463.8;5010137.79;1422.0
334;704464.05;5010136.55;1422.24
3745;704462.71;5010134.44;1422.36
4938;704461.86;5010133.43;1414.52
4972;704458.15;5010130.08;1414.52
462;704458.54;5010128.62;1410.48
4191;704458.11;5010124.77;1400.01
932;704453.88;5010120.49;1391.34
1716;704448.65;5010116.38;1391.1
4540;704454.77;5010119.43;1361.62
3687;704441.55;5010118.81;1374.69
3328;704433.0;5010119.88;1321.92
1026;704428.15;5010118.83;1296.96
1275;704426.58;5010122.06;1296.01
2443;704456.64;5010119.32;1351.04
3338;704454.13;5010111.86;1333.69
2829;704445.8;5010112.13;1318.0
4414;704442.35;5010103.97;1317.88
106;704440.33;5010105.0;1318.0
43;704439.05;5010103.95;1318.0
3213;704441.34;5010100.31;1314.55
4750;704440.55;5010099.4;1312.77
444;704435.43;5010097.4;1272.24
1445;704433.59;5010103.26;1271.76
4866;704441.73;5010085.72;1270.81
669;704430.69;5010104.64;1272.0
366;704429.69;5010106.73;1272.24
1668;704430.19;5010107.82;1272.47
3968;704429.36;5010109.25;1272.36
3293;704427.96;5010108.95;1272.24
2021;704426.61;5010111.37;1272.0
2309;704183.47;5011570.09;1495.0
2860;704183.47;5011570.09;1435.0
4211;703220.0;5011887.0;1475.0
4359;703220.0;5011887.0;1468.11
2315;703523.26;5012419.74;1442.72
1102;703520.45;5012416.24;1442.72
833;703520.96;5012413.53;1442.72
2095;703521.63;5012413.45;1442.72
2289;703525.01;5012411.13;1442.72
3366;703525.06;5012409.77;1444.58
253;703525.8;5012407.06;1445.01
4864;703525.13;5012403.89;1444.24
782;703525.32;5012397.9;1444.71
973;703523.54;5012393.24;1443.93
1062;703519.83;5012387.8;1441.8
4496;703520.12;5012386.24;1442.04
65;703522.7;5012386.1;1442.88
3593;703520.68;5012381.8;1444.42
3083;703518.23;5012379.92;1448.69
1926;703519.08;5012375.45;1449.77
3648;703517.91;5012371.42;1449.45
3754;703515.39;5012366.09;1448.52
2608;703512.22;5012360.56;1446.78
4007;703514.52;5012348.43;1446.78
231;703521.5;5012344.43;1445.5
4978;703523.59;5012336.74;1444.88
610;703531.47;5012335.09;1445.52
4115;703533.28;5012318.65;1445.52
2790;703531.59;5012320.52;1442.37
2581;703539.51;5012320.75;1439.09
4656;703539.16;5012316.33;1439.36
2653;703538.17;5012321.67;1438.4
1224;703543.92;5012314.34;1438.29
4348;703551.31;5012319.17;1439.97
4329;703555.02;5012317.91;1440.35
3475;703558.31;5012317.04;1440.5
13;703566.38;5012312.43;1441.54
4777;703565.15;5012309.01;1441.71
3946;703569.73;5012305.34;1445.31
510;703580.08;5012305.8;1446.62
3021;703593.33;5012304.53;1445.98
873;703594.78;5012303.9;1446.67
3742;703595.87;5012302.64;1446.78
4376;703599.81;5012300.69;1446.92
899;703607.44;5012297.92;1447.16
1658;703613.72;5012298.42;1446.78
3080;703531.15;5012320.34;1431.92
920;703531.27;5012320.92;1429.43
2796;703531.36;5012317.96;1430.14
2745;703530.66;5012315.55;1430.34
2045;703533.71;5012312.68;1430.34
4854;703534.85;5012311.91;1430.34
466;703535.85;5012305.51;1431.9
3371;703535.85;5012305.51;1441.74
3618;703535.85;5012305.51;1422.06
1106;703534.39;5012301.53;1432.22
1687;703535.95;5012287.11;1428.75
3540;703535.95;5012287.11;1415.95
3219;703531.16;5012282.0;1416.5
1820;703525.48;5012281.84;1416.06
732;703523.65;5012279.15;1415.01
139;703523.89;5012271.05;1415.01
3696;703524.42;5012269.89;1411.93
4757;703528.11;5012269.7;1411.36
2397;703531.63;5012268.97;1409.53
3945;703532.34;5012262.35;1409.53
1839;703536.13;5012262.46;1408.29
3549;703535.34;5012258.69;1408.91
399;703534.43;5012256.62;1408.17
3218;703532.92;5012252.17;1406.24
2953;703534.66;5012246.81;1404.61
4248;703534.66;5012246.81;1391.62
3640;703539.14;5012238.63;1395.48
2819;703541.83;5012235.67;1396.91
4161;703541.83;5012235.67;1413.79
3823;703541.83;5012235.67;1431.51
3634;703550.14;5012232.09;1417.69
3261;703546.67;5012233.91;1415.73
1499;703549.69;5012229.87;1417.69
3231;703549.7;5012229.87;1417.69
2086;703556.83;5012229.45;1394.46
1478;703549.7;5012229.86;1516.11
681;703549.7;5012229.86;1516.12
708;703547.99;5012229.79;1519.46
870;703545.16;5012230.13;1524.63
2896;703541.97;5012230.54;1525.84
2660;703540.24;5012231.2;1514.17
4186;703532.97;5012233.96;1514.17
1485;703532.98;5012233.95;1514.17
92;703512.72;5012238.19;1514.82
712;703532.99;5012233.95;1580.61
3174;703510.9;5012235.29;1514.46
2208;703505.45;5012235.62;1514.18
1029;703505.54;5012234.8;1514.11
3800;703504.37;5012234.08;1513.98
1401;703504.86;5012231.97;1512.82
3009;703502.13;5012231.21;1512.5
2506;703502.48;5012228.89;1512.5
2195;703499.82;5012226.53;1512.5
82;703501.19;5012224.02;1512.42
1514;703502.03;5012222.83;1512.19
1886;703498.17;5012215.07;1512.19
3591;703499.85;5012210.04;1511.76
1651;703495.06;5012204.44;1511.19
2271;703494.84;5012200.7;1511.02
1065;703496.88;5012198.57;1510.97
2568;703495.74;5012195.96;1510.93
3297;703497.14;5012192.6;1510.75
145;703495.8;5012190.91;1510.48
2759;703491.69;5012186.41;1510.29
2731;703492.29;5012184.52;1509.68
3828;703497.67;5012182.39;1508.53
1303;703497.12;5012177.65;1509.77
216;703497.16;5012176.17;1509.67
769;703497.74;5012170.06;1508.85
544;703494.81;5012166.1;1508.46
1506;703495.14;5012162.65;1508.36
1801;703492.67;5012163.34;1507.65
1095;703489.98;5012163.79;1508.08
831;703488.22;5012162.12;1507.75
3146;703486.09;5012161.69;1507.04
251;703483.52;5012160.57;1507.57
55;703476.69;5012157.86;1506.15
4596;703475.54;5012154.41;1505.93
2170;703473.76;5012154.52;1505.9
204;703472.4;5012156.9;1505.78
485;703469.08;5012156.42;1505.87
2023;703466.02;5012159.75;1505.87
3576;703463.74;5012160.18;1505.5
3160;703461.55;5012162.18;1505.42
3136;703459.61;5012159.76;1503.9
199;703459.76;5012157.78;1503.87
3843;703458.84;5012156.07;1504.18
1472;703459.94;5012153.87;1504.18
4927;703457.23;5012152.01;1504.87
2135;703456.74;5012150.57;1504.5
2442;703454.26;5012149.36;1504.5
756;703451.01;5012153.05;1504.01
692;703444.85;5012154.76;1502.9
4713;703437.46;5012154.44;1502.8
3221;703439.01;5012150.49;1502.8
93;703436.8;5012147.01;1502.41
4382;703437.78;5012144.78;1502.05
887;703438.98;5012138.8;1502.01
4525;703440.43;5012136.69;1501.88
1656;703441.25;5012135.83;1501.88
179;703441.5;5012133.39;1501.8
3737;703442.77;5012132.3;1501.64
1775;703441.82;5012130.47;1501.64
1517;703443.05;5012129.07;1501.58
537;703442.23;5012129.6;1501.55
1157;703440.87;5012127.78;1501.46
5;703441.99;5012126.56;1501.41
2244;703443.54;5012125.65;1501.39
3582;703441.64;5012122.42;1501.39
3284;703443.24;5012120.17;1501.39
4507;703443.05;5012117.03;1501.34
4846;703444.38;5012115.57;1501.3
4774;703444.93;5012111.88;1501.15
522;703444.24;5012109.95;1500.83
1543;703443.23;5012109.36;1500.11
2894;703442.63;5012108.35;1499.96
1949;703444.03;5012104.55;1500.83
401;703442.68;5012101.61;1500.48
1011;703438.23;5012101.03;1499.83
3735;703436.09;5012098.77;1499.34
1576;703432.97;5012097.85;1499.34
3744;703430.53;5012093.85;1498.74
197;703428.64;5012094.41;1498.62
3332;703426.11;5012094.3;1498.27
4821;703426.41;5012089.3;1498.1
2156;703424.06;5012090.69;1497.89
2879;703422.61;5012091.05;1497.77
1201;703422.84;5012089.19;1497.77
1888;703421.48;5012089.43;1497.68
3013;703419.91;5012088.39;1497.68
3106;703415.83;5012088.61;1497.01
2307;703415.35;5012086.43;1496.73
4036;703413.14;5012084.02;1496.01
3817;703409.97;5012083.48;1495.54
4410;703409.27;5012081.7;1495.05
1208;703406.17;5012083.11;1494.06
471;703404.27;5012082.29;1494.04
2190;703403.43;5012080.35;1493.53
3861;703403.9;5012078.25;1493.56
1736;703403.28;5012074.91;1492.9
4957;703400.05;5012071.5;1492.41
3632;703398.99;5012067.69;1492.41
3295;703399.14;5012065.86;1492.14
4013;703400.76;5012063.6;1491.53
2797;703400.39;5012061.45;1491.49
2407;703398.09;5012056.8;1487.73
3048;703395.82;5012054.49;1488.57
580;703393.13;5012049.58;1487.42
2663;703388.19;5012045.91;1486.05
697;703388.87;5012043.75;1486.08
800;703388.55;5012041.85;1485.68
156;703381.72;5012039.69;1486.01
3668;703382.17;5012035.68;1485.76
3923;703380.19;5012034.81;1485.76
4538;703379.8;5012034.03;1485.6
3858;703379.53;5012032.9;1485.38
3773;703376.43;5012030.53;1484.33
2733;703374.77;5012028.14;1483.82
555;703372.7;5012028.42;1483.26
4;703371.31;5012027.67;1483.26
3116;703368.86;5012027.22;1482.35
583;703366.37;5012022.08;1482.35
2810;703364.43;5012023.42;1482.35
1337;703367.07;5012013.46;1481.45
4906;703372.44;5011998.12;1481.45
1458;703374.57;5011990.03;1481.45
1884;703375.05;5011969.35;1481.09
4788;703373.4;5011978.45;1480.61
2612;703366.19;5011977.13;1478.64
2079;703363.7;5011977.27;1478.07
2189;703358.67;5011984.81;1478.07
2695;703356.3;5011990.97;1478.07
881;703354.02;5011990.96;1477.46
4152;703349.98;5011997.93;1476.04
108;703349.14;5012000.32;1475.73
1553;703348.26;5011996.55;1475.04
2853;703351.61;5011995.31;1473.38
3453;703349.25;5011996.83;1471.95
4056;703348.18;5011992.79;1470.83
590;703343.54;5011991.25;1470.14
4990;703345.23;5011983.38;1469.44
3132;703347.17;5011977.82;1469.03
478;703349.48;5011975.98;1468.93
2898;703349.6;5011971.06;1468.93
1714;703350.78;5011966.58;1468.93
3859;703349.24;5011965.42;1468.58
4691;703349.33;5011960.82;1467.09
3599;703348.84;5011957.14;1466.64
4966;703347.65;5011952.69;1463.98
869;703346.16;5011949.59;1463.68
4271;703348.93;5011946.94;1463.68
2761;703349.56;5011943.5;1461.66
4363;703350.25;5011939.67;1460.98
3685;703354.92;5011931.0;1460.98
3837;703356.71;5011926.95;1460.98
3962;703359.14;5011926.42;1458.89
4556;703359.67;5011921.09;1454.71
3464;703361.47;5011917.75;1453.33
4885;703363.34;5011907.51;1446.57
1554;703364.96;5011902.86;1445.53
2904;703366.81;5011901.09;1445.53
802;703371.57;5011901.88;1441.48
2313;703372.07;5011899.99;1441.31
4604;703368.37;5011900.55;1440.44
431;703369.44;5011906.95;1440.44
2559;703370.38;5011913.79;1440.44
3007;703365.52;5011917.16;1439.4
4914;703364.87;5011923.53;1439.4
3486;703360.12;5011911.7;1434.97
1723;703362.18;5011907.01;1434.97
1039;703357.14;5011917.24;1431.91
453;703362.18;5011907.01;1426.61
594;703357.14;5011917.24;1426.2
4029;703357.25;5011912.52;1425.87
3559;703355.2;5011911.62;1424.83
1795;703352.43;5011912.55;1424.37
4140;703350.11;5011913.45;1423.79
161;703350.11;5011913.45;1417.1
10;703350.11;5011913.45;1409.62
3240;703346.89;5011913.9;1417.1
2174;703341.71;5011922.85;1417.1
3947;703341.71;5011922.85;1410.11
2269;703347.1;5011920.25;1412.65
3;703341.71;5011922.85;1401.35
3993;703350.83;5011916.99;1413.52
2302;703347.98;5011910.29;1413.52
1563;703353.24;5011905.09;1408.73
2546;703356.09;5011905.8;1408.52
4741;703357.48;5011905.83;1409.03
443;703356.86;5011908.65;1407.01
1917;703357.16;5011894.01;1409.03
212;703358.44;5011893.62;1401.46
3985;703362.97;5011889.54;1401.04
1398;703365.1;5011891.16;1399.79
3170;703374.42;5011891.2;1403.55
283;703374.42;5011891.2;1393.71
1677;703378.82;5011894.77;1406.31
298;703382.66;5011890.44;1407.54
40;703384.02;5011888.09;1407.06
1720;703386.39;5011886.94;1405.72
937;703390.53;5011882.95;1403.4
4179;703392.82;5011872.17;1404.95
972;703395.62;5011881.14;1412.67
2805;703392.56;5011874.79;1401.99
4472;703389.63;5011866.31;1405.53
2534;703392.05;5011877.27;1403.72
4723;703396.51;5011885.66;1410.73
3743;703392.43;5011875.45;1402.1
3551;703396.76;5011876.98;1403.63
4695;703396.99;5011875.07;1402.8
2216;703384.52;5011880.39;1401.01
4011;703396.78;5011878.77;1405.09
749;703400.12;5011877.47;1412.84
4440;703400.81;5011878.38;1419.79
3746;703400.03;5011879.3;1427.14
3203;703399.27;5011882.76;1407.9
1455;703403.48;5011882.55;1454.28
2205;703413.04;5011898.75;1473.07
1137;703413.04;5011898.75;1502.6
2614;703399.54;5011885.88;1408.7
4305;703384.52;5011880.39;1391.17
3322;703384.42;5011885.42;1389.16
2089;703383.45;5011888.18;1386.24
1085;703383.45;5011888.18;1380.63
4316;703383.45;5011888.18;1372.75
1545;703386.68;5011890.62;1368.72
4368;703390.33;5011893.39;1362.31
1616;703390.33;5011893.39;1345.58
3928;703390.33;5011893.39;1334.75
915;703390.06;5011908.14;1335.52
813;703393.23;5011877.18;1333.1
1921;703393.54;5011908.21;1339.0
3340;703392.42;5011913.99;1339.41
1844;703393.18;5011918.85;1339.67
296;703395.42;5011925.36;1340.15
639;703391.13;5011927.74;1340.58
2048;703400.91;5011927.91;1341.61
3900;703400.76;5011936.84;1345.77
2434;703401.21;5011939.75;1345.87
2600;703399.85;5011944.47;1346.13
4343;703400.81;5011948.3;1346.4
1895;703400.66;5011956.16;1346.82
2784;703400.05;5011962.03;1347.12
3418;703401.11;5011968.83;1347.49
2505;703399.8;5011975.59;1347.97
1098;703397.83;5011975.55;1348.03
4197;703397.82;5011976.04;1348.05
703;703400.78;5011976.1;1348.16
1042;703401.61;5011982.93;1348.52
375;703401.19;5011990.79;1348.93
2730;703401.95;5011995.65;1349.19
1940;703393.5;5011863.28;1327.55
4188;703396.13;5011855.73;1326.75
3173;703393.93;5011852.58;1325.21
4860;703393.44;5011849.03;1324.14
3113;703389.02;5011845.67;1323.03
2394;703386.62;5011844.84;1322.65
3573;703390.09;5011834.84;1321.59
2134;703387.48;5011832.12;1320.46
467;703388.53;5011826.24;1319.86
3721;703387.66;5011819.92;1318.59
1792;703384.8;5011814.02;1317.93
1319;703387.65;5011812.02;1317.24
4936;703388.67;5011809.11;1316.62
3081;703385.82;5011803.24;1315.64
3752;703386.77;5011801.98;1315.64
1882;703388.56;5011792.01;1316.15
1231;703390.45;5011788.46;1315.15
4884;703388.56;5011782.22;1314.17
3403;703390.37;5011777.01;1314.17
4704;703388.92;5011766.53;1313.11
4543;703391.35;5011761.98;1312.29
4932;703389.06;5011760.24;1310.99
3232;703394.13;5011762.95;1310.13
1541;703394.33;5011753.02;1309.64
2435;703396.15;5011742.83;1309.64
1711;703397.35;5011739.37;1310.37
861;703392.77;5011732.79;1308.77
3683;703393.92;5011726.39;1308.77
1350;703385.08;5011713.71;1305.68
4079;703382.33;5011708.03;1305.68
805;703383.46;5011704.78;1305.68
2260;703380.91;5011702.84;1304.72
728;703381.1;5011692.99;1304.72
4164;703383.54;5011679.4;1301.96
4102;703388.66;5011672.64;1301.96
3394;703397.23;5011666.67;1301.96
3430;703396.67;5011657.13;1301.96
2610;703401.93;5011656.41;1301.96
1372;703404.4;5011655.67;1298.11
2278;703404.18;5011653.44;1302.7
3698;703407.53;5011655.72;1294.98
4412;703401.68;5011636.42;1293.97
2449;703401.93;5011623.93;1293.35
4785;703399.16;5011614.79;1290.96
657;703395.44;5011611.97;1292.36
2789;703398.16;5011606.88;1292.36
1156;703396.67;5011601.99;1292.36
808;703397.38;5011597.98;1291.14
2133;703397.48;5011593.07;1291.14
4399;703394.91;5011589.38;1290.02
2132;703397.84;5011587.34;1289.31
1589;703407.41;5011647.4;1304.07
3669;703408.66;5011645.06;1304.34
1488;703410.73;5011639.12;1304.65
3806;703409.43;5011634.81;1304.2
104;703409.53;5011629.61;1303.68
4632;703408.62;5011626.62;1303.21
1778;703408.67;5011624.19;1302.85
4326;703406.17;5011622.86;1302.0
665;703407.86;5011617.98;1301.74
4499;703404.16;5011614.12;1300.41
3347;703401.87;5011610.85;1299.81
390;703401.96;5011606.89;1299.02
3222;703399.78;5011602.39;1298.67
3353;703395.09;5011603.03;1298.9
177;703392.61;5011599.46;1298.03
1784;703384.9;5011598.08;1296.08
3694;703384.17;5011592.78;1295.27
90;703382.21;5011588.75;1294.6
1866;703383.14;5011587.01;1294.6
3450;703382.67;5011583.59;1294.6
1071;703384.43;5011578.54;1293.26
2370;703390.13;5011841.29;1402.46
3204;703395.37;5011836.24;1403.74
995;703401.98;5011835.12;1403.74
4577;703407.5;5011839.41;1411.57
3674;703410.47;5011839.79;1406.39
3060;703405.96;5011824.74;1403.16
176;703436.51;5011836.12;1411.4
392;703445.72;5011826.01;1412.05
776;703447.97;5011813.19;1410.82
1806;703453.33;5011834.72;1414.5
1274;703459.46;5011806.65;1411.86
3659;703459.14;5011799.69;1411.31
2544;703460.32;5011796.24;1411.6
1804;703462.91;5011793.31;1411.97
1776;703474.89;5011787.69;1411.97
2258;703484.97;5011786.43;1412.77
3723;703491.5;5011786.02;1413.07
1885;703495.2;5011782.34;1413.24
1907;703462.57;5011836.97;1417.05
2319;703467.58;5011842.19;1418.59
3856;703479.79;5011844.98;1421.25
2786;703487.28;5011842.18;1422.95
534;703496.75;5011844.81;1424.5
1158;703502.48;5011851.58;1426.38
724;703507.08;5011857.19;1427.79
1617;703514.19;5011854.14;1429.29
1362;703525.93;5011858.22;1431.48
4249;703523.81;5011866.29;1432.07
1538;703527.03;5011871.79;1432.85
3265;703541.5;5011873.91;1434.9
3495;703408.79;5011808.94;1403.16
734;703411.89;5011804.56;1402.41
1238;703414.94;5011798.83;1402.18
4505;703416.49;5011794.38;1401.77
4223;703420.38;5011789.25;1400.86
346;703421.44;5011785.18;1400.35
165;703423.12;5011778.78;1399.3
3829;703424.67;5011778.56;1399.16
4443;703427.36;5011776.37;1398.43
1002;703428.37;5011773.45;1397.77
4976;703425.79;5011772.78;1397.06
1261;703424.76;5011769.4;1396.12
997;703424.41;5011765.5;1395.77
1468;703421.08;5011764.9;1394.19
843;703416.09;5011765.12;1392.08
59;703414.52;5011763.21;1391.09
886;703414.52;5011763.35;1377.71
774;703416.15;5011757.08;1377.06
1523;703416.57;5011752.79;1376.63
4463;703416.62;5011749.85;1376.33
2984;703415.38;5011749.18;1375.91
1986;703417.82;5011743.59;1373.16
3625;703417.82;5011743.62;1369.42
1571;703417.32;5011740.03;1369.06
291;703412.9;5011736.69;1367.01
3834;703412.13;5011734.15;1367.28
4226;703408.19;5011731.65;1368.02
448;703409.1;5011730.43;1368.48
4799;703405.07;5011728.28;1363.45
4964;703401.15;5011726.2;1362.56
4611;703401.07;5011724.92;1362.43
2019;703397.87;5011724.36;1362.43
930;703396.41;5011722.26;1362.31
1082;703394.12;5011720.53;1363.02
4430;703391.62;5011719.67;1362.23
2777;703381.37;5011709.02;1362.23
4325;703438.37;5011833.16;1425.58
4388;703443.9;5011825.86;1425.58
4805;703448.72;5011809.51;1425.58
4528;703453.79;5011803.99;1428.6
424;703357.97;5011911.64;1405.03
2902;703358.39;5011912.11;1402.05
4782;703347.91;5011926.17;1404.19
2204;703352.5;5011925.55;1406.36
2320;703352.5;5011925.55;1417.08
2386;703356.99;5011927.11;1422.74
3943;703358.79;5011935.42;1423.78
3399;703361.36;5011938.27;1424.05
2110;703359.44;5011940.65;1424.05
3498;703357.12;5011951.49;1421.29
3815;703357.12;5011951.49;1431.52
1968;703356.21;5011955.0;1434.06
2064;703350.59;5011950.73;1437.35
53;703548.0;5012235.95;1388.87
2432;703561.89;5012228.71;1392.99
2689;703545.79;5012240.34;1388.63
4187;703563.13;5012228.98;1392.5
3483;703566.76;5012228.59;1392.72
3073;703568.76;5012227.0;1392.6
2980;703571.61;5012226.37;1392.14
2582;703573.41;5012224.85;1391.57
3620;703573.74;5012217.76;1388.89
1415;703571.47;5012215.35;1389.27
1471;703571.61;5012212.5;1389.27
1797;703569.03;5012209.25;1388.4
4603;703568.0;5012204.84;1387.46
1294;703568.39;5012201.94;1387.01
1282;703565.8;5012200.0;1386.65
1741;703563.03;5012189.89;1383.95
3680;703564.94;5012188.87;1383.02
4712;703566.38;5012189.03;1382.74
3635;703567.31;5012187.75;1382.72
166;703570.26;5012188.64;1381.72
2437;703571.58;5012188.45;1381.03
1678;703573.22;5012188.87;1380.54
3512;703575.52;5012186.48;1379.64
646;703576.91;5012187.33;1379.51
3762;703578.0;5012185.4;1377.44
3496;703577.19;5012190.08;1378.34
2130;703577.31;5012183.76;1376.86
2499;703579.25;5012196.07;1379.76
3661;703582.29;5012198.74;1380.4
1528;703582.91;5012201.95;1381.13
2602;703580.34;5012202.28;1381.49
2865;703577.33;5012204.13;1381.77
1612;703575.05;5012202.74;1382.19
785;703574.49;5012207.2;1382.68
3392;703576.57;5012208.81;1383.06
24;703576.92;5012211.03;1383.45
518;703574.32;5012211.75;1383.7
2194;703572.79;5012215.01;1385.54
615;703572.94;5012216.66;1385.54
1870;703571.26;5012217.27;1385.54
1803;703578.69;5012180.69;1375.76
2762;703581.0;5012180.58;1375.55
267;703581.16;5012175.51;1374.73
3863;703583.82;5012169.6;1373.08
4306;703583.81;5012163.71;1373.53
3033;703583.67;5012159.69;1372.56
4236;703582.8;5012155.14;1369.33
1376;703589.12;5012150.05;1368.04
1777;703584.21;5012146.85;1367.21
1610;703584.88;5012140.74;1366.32
2543;703583.7;5012137.12;1365.78
3374;703585.22;5012133.75;1365.25
2229;703584.01;5012129.83;1365.25
4771;703585.49;5012124.37;1363.62
4069;703582.42;5012119.55;1363.62
1620;703583.71;5012115.32;1363.27
381;703551.14;5012232.98;1417.54
1203;703547.36;5012231.35;1416.05
4227;703545.04;5012228.45;1416.05
2526;703550.89;5012223.11;1411.19
820;703552.35;5012218.33;1410.41
461;703555.14;5012216.42;1409.32
664;703557.52;5012211.14;1408.95
4432;703558.62;5012210.17;1407.66
3259;703560.79;5012209.69;1405.58
3358;703562.97;5012209.2;1403.49
4130;703563.67;5012205.48;1402.63
3760;703567.07;5012202.85;1402.56
2617;703566.84;5012200.43;1401.71
3383;703564.12;5012198.65;1401.6
4372;703563.26;5012193.72;1400.56
3003;703565.98;5012191.16;1400.28
1638;703566.22;5012187.17;1401.71
2041;703566.75;5012183.81;1400.71
1374;703567.33;5012176.21;1401.73
694;703568.65;5012174.2;1397.57
2209;703568.65;5012174.2;1387.12
2575;703566.54;5012171.12;1385.22
4261;703569.31;5012168.89;1386.36
3556;703579.01;5012161.09;1384.4
1118;703582.76;5012159.67;1382.73
236;703591.75;5012155.07;1377.6
4085;703596.22;5012150.86;1378.57
1061;703596.32;5012147.46;1377.17
2673;703595.0;5012147.02;1372.84
3107;703599.83;5012144.23;1378.31
715;703192.0;5011598.0;1452.0
2941;703194.92;5011598.66;1450.38
2401;703194.7;5011600.01;1450.12
4309;703194.9;5011600.17;1448.59
3630;703190.55;5011608.87;1442.53
4234;703190.11;5011612.86;1438.35
1114;703192.62;5011611.78;1434.68
3568;703193.12;5011612.37;1432.97
960;703195.08;5011612.2;1432.29
3808;703197.08;5011609.76;1430.59
1355;703195.16;5011610.16;1427.35
4848;703192.82;5011608.29;1420.09
4873;703191.57;5011608.02;1404.3
3908;703188.69;5011607.23;1404.47
4277;703186.59;5011608.82;1403.45
2646;703190.96;5011610.53;1404.9
629;703182.08;5011611.44;1401.4
4646;703205.64;5011620.98;1412.91
2072;703172.69;5011618.57;1398.92
2590;703168.61;5011616.82;1396.87
2441;703162.47;5011622.88;1395.25
3864;708222.69;5009516.35;298.0
1919;708222.54;5009520.68;298.0
567;708220.77;5009517.64;298.0
3938;708209.42;5009540.41;309.14
4327;708210.25;5009540.96;309.14
2330;708206.96;5009546.47;311.0
2591;708203.59;5009545.23;313.78
76;708198.5;5009551.14;316.87
4334;708192.41;5009547.36;321.89
2415;708188.64;5009543.56;326.32
2802;708182.72;5009540.26;332.49
2742;708181.97;5009535.83;336.84
2239;708177.61;5009531.28;341.72
4526;708172.03;5009532.97;345.04
3697;708168.73;5009532.79;347.87
803;708167.09;5009530.73;350.26
149;708163.45;5009530.93;353.9
2405;708163.4;5009529.94;353.9
968;708157.33;5009530.86;357.27
916;708153.73;5009527.66;360.11
2752;708145.17;5009530.54;357.95
2501;708138.29;5009531.38;357.73
4336;708138.23;5009530.88;357.73
3323;708133.15;5009529.88;360.16
631;708123.52;5009527.84;362.36
2569;708112.28;5009524.88;368.99
4055;708105.59;5009519.63;374.57
1558;708098.73;5009516.09;380.36
4924;708096.84;5009513.55;383.33
3068;708091.09;5009499.46;396.32
4587;708206.66;5009511.23;306.47
343;708191.46;5009520.11;306.47
2592;708176.57;5009525.65;307.72
2167;708166.99;5009529.21;312.14
2917;708168.77;5009525.63;314.17
3172;708164.13;5009519.78;315.12
2685;708158.0;5009519.45;309.36
123;708220.75;5009517.66;298.02
66;708220.79;5009517.63;297.98
698;708220.77;5009517.64;298.4
4511;708212.35;5009509.87;301.92
1881;708212.82;5009511.74;301.56
3242;708207.15;5009512.48;305.24
2223;708212.33;5009509.89;301.94
4962;708214.94;5009503.6;297.11
2769;708210.18;5009506.72;297.56
336;708209.31;5009509.87;298.4
1896;708198.99;5009515.71;301.05
1032;708198.99;5009515.71;301.65
25;708192.65;5009519.31;304.67
3096;708164.06;5009522.05;313.94
1322;708158.28;5009522.13;320.7
3508;708157.45;5009521.61;308.47
3596;708153.89;5009522.32;320.57
289;708153.86;5009521.62;320.57
1580;708141.62;5009519.04;320.96
2496;708141.62;5009519.04;321.66
1363;708134.61;5009515.97;320.69
1403;708144.6;5009517.57;309.32
951;708136.84;5009515.28;312.23
4874;708120.39;5009515.97;314.3
3257;708114.34;5009517.79;314.5
3891;708110.76;5009519.12;317.01
3731;708105.04;5009512.15;317.71
2540;708110.01;5009518.17;316.12
1707;708088.27;5009504.16;319.18
1980;708084.3;5009505.04;319.75
3801;708089.27;5009504.19;319.18
210;708080.18;5009502.3;321.89
2606;708080.38;5009498.26;322.47
4680;708081.38;5009495.07;321.78
4497;708080.96;5009491.1;321.34
4113;708081.38;5009489.11;323.17
2243;708077.7;5009485.74;327.17
3654;708073.45;5009483.2;323.91
1008;708078.74;5009481.77;329.68
1737;708068.26;5009480.32;323.45
4340;708075.09;5009478.91;330.79
4469;708085.15;5009491.29;333.41
4049;708073.33;5009479.7;330.14
2458;708075.86;5009472.24;331.0
816;708077.53;5009471.72;331.42
1592;708074.16;5009463.11;331.86
2626;708074.49;5009461.58;332.06
3849;708072.49;5009458.17;331.49
3316;708068.26;5009453.16;328.67
2419;708066.27;5009454.3;328.81
3966;708065.97;5009450.85;330.2
4297;708062.26;5009457.68;322.67
4146;708066.17;5009459.47;325.79
3675;708065.88;5009471.14;323.54
383;708076.56;5009467.35;329.13
4027;708073.16;5009467.22;329.13
3074;708073.34;5009468.63;330.55
2577;708069.31;5009469.12;333.48
2212;708069.55;5009471.11;333.48
3277;708066.59;5009441.56;333.89
4954;708064.79;5009438.36;333.31
4250;708064.8;5009438.37;333.32
3157;708061.35;5009432.37;329.76
3725;708068.68;5009434.73;333.31
4770;708057.03;5009432.24;328.33
4280;708052.8;5009430.07;327.84
1502;708042.65;5009421.78;329.09
1814;708040.23;5009419.33;337.78
1670;708044.21;5009423.34;328.57
521;708034.27;5009409.4;343.88
94;708040.25;5009419.33;337.8
1993;708031.99;5009404.5;341.02
1743;708023.17;5009412.02;343.88
1078;708036.18;5009408.72;343.46
2024;708028.94;5009411.14;342.43
1898;708028.83;5009399.12;338.89
255;708037.79;5009406.12;351.55
4974;708041.57;5009400.0;351.22
731;708041.6;5009390.37;351.97
170;708041.77;5009385.42;352.84
4451;708047.15;5009382.25;351.95
1605;708052.86;5009381.19;349.44
1529;708051.95;5009381.45;343.55
4862;708047.59;5009383.32;338.33
1728;708042.16;5009385.06;337.43
3454;708028.92;5009411.15;342.42
2621;708022.44;5009406.03;341.99
1904;708022.08;5009411.35;341.69
836;708016.76;5009408.82;345.83
3857;708022.06;5009411.35;341.68
4009;708010.5;5009406.08;347.93
3952;708005.88;5009404.39;351.27
342;708025.45;5009415.06;344.6
1849;708031.51;5009417.33;341.8
4806;708035.64;5009416.9;338.69
1380;708015.44;5009402.14;341.99
2371;708027.99;5009399.34;338.83
2207;708015.44;5009402.14;338.99
4045;708029.36;5009395.11;334.95
3763;708032.24;5009388.96;335.87
4856;708034.87;5009387.56;336.6
2381;708032.19;5009379.22;337.56
1787;708039.46;5009386.5;335.36
2014;708024.81;5009381.34;341.63
2854;708043.34;5009386.53;330.17
4660;708054.96;5009379.47;326.49
3178;708060.48;5009389.04;321.95
2495;708060.49;5009389.05;321.96
1356;708051.66;5009375.92;321.96
2897;708059.45;5009378.11;321.43
4450;708060.5;5009389.05;321.96
1124;708067.82;5009395.12;322.37
1;708041.82;5009349.55;325.97
1034;708039.65;5009343.13;326.61
1107;708038.94;5009333.63;330.37
1234;708037.91;5009330.39;329.94
2833;708036.26;5009327.88;328.74
350;708028.7;5009323.43;333.49
4490;708029.55;5009331.3;334.62
3380;708027.27;5009328.32;334.72
2436;708029.79;5009337.08;335.25
2219;708029.68;5009336.08;335.25
2992;708031.09;5009345.49;335.25
1432;708030.34;5009343.05;334.97
3711;708032.79;5009325.63;347.46
2203;708028.53;5009348.48;335.07
3345;708022.71;5009351.64;335.91
2694;708016.48;5009362.09;335.52
196;708009.96;5009363.41;337.01
2;708007.57;5009363.9;337.55
4033;708023.61;5009339.59;339.6
799;708018.46;5009340.06;342.04
837;708017.55;5009340.14;342.46
2579;708023.25;5009329.9;334.51
4982;708020.06;5009330.08;336.4
477;708020.06;5009330.08;342.4
3046;708022.05;5009329.97;342.4
2996;708021.94;5009327.97;342.4
3367;708023.31;5009328.32;343.81
2111;708025.36;5009330.53;343.81
4522;708051.13;5009321.79;326.2
2869;708042.11;5009304.57;324.67
3050;708042.53;5009326.13;324.68
798;708042.95;5009315.88;322.33
4579;708047.03;5009300.66;322.63
2589;708045.82;5009293.91;324.32
4894;708040.52;5009321.96;322.12
1332;708033.7;5009330.67;322.47
227;708035.57;5009337.6;322.36
2858;708038.32;5009336.86;323.28
2613;708047.03;5009300.36;322.63
4644;708052.98;5009303.19;319.91
4039;708057.4;5009306.32;318.96
2404;708068.51;5009315.87;317.35
1389;708072.73;5009319.73;317.35
2151;708078.8;5009325.29;316.96
2707;708081.43;5009326.75;316.96
4307;708037.01;5009295.41;329.05
3897;708060.23;5009282.08;321.97
1046;708033.69;5009295.39;331.15
4239;708017.13;5009289.99;337.5
1798;708034.68;5009295.19;331.15
4273;708013.51;5009293.15;340.44
1436;708019.82;5009286.19;339.42
1270;708007.63;5009284.94;332.88
4585;708017.38;5009299.53;347.89
2988;708018.68;5009305.49;352.32
4153;708022.2;5009311.71;351.19
1128;708026.59;5009310.16;349.84
1219;708026.36;5009312.96;347.58
770;708030.23;5009318.52;348.22
4310;708032.35;5009326.38;347.07
2424;708030.62;5009317.87;352.01
1799;708025.99;5009318.29;355.5
4165;708022.28;5009315.76;355.08
3018;708019.99;5009312.67;354.47
1645;708009.6;5009318.76;350.36
3841;708021.51;5009311.78;351.49
3289;708006.47;5009320.59;357.48
416;708021.42;5009279.67;335.3
1125;708008.18;5009251.35;326.73
3336;707999.65;5009233.01;327.37
4553;708013.48;5009270.06;328.05
3402;707998.26;5009222.88;327.53
1873;707992.91;5009210.37;331.24
2629;707996.1;5009212.14;331.24
274;707992.92;5009210.37;331.24
2200;707992.9;5009210.38;331.25
1067;707982.98;5009206.02;329.88
3027;707988.23;5009201.12;334.56
2104;707988.25;5009201.11;334.56
1392;707974.72;5009190.1;346.84
1251;707974.73;5009190.09;346.83
4843;707974.72;5009190.11;346.83
1789;707962.35;5009199.95;354.23
3539;707972.78;5009182.82;350.87
2282;707978.43;5009180.07;352.11
1387;707973.51;5009177.85;354.43
2465;707973.5;5009177.87;354.42
285;707973.54;5009177.82;354.44
2576;707979.15;5009175.09;359.61
1509;707978.01;5009172.9;359.59
425;707979.0;5009171.76;358.88
4671;707977.06;5009170.63;356.22
3115;707975.93;5009170.34;355.61
2800;707979.28;5009166.9;354.38
1626;707970.93;5009170.15;356.11
2809;707964.22;5009171.62;360.03
1220;707969.81;5009174.41;358.28
4119;707964.67;5009172.47;360.14
327;707969.79;5009174.44;358.28
1060;707964.43;5009170.75;360.44
371;707959.14;5009173.11;361.92
1931;707964.44;5009170.74;360.43
2492;707959.35;5009176.75;363.23
62;707959.12;5009173.12;361.9
258;707959.16;5009173.1;361.94
4991;707955.43;5009179.22;370.28
3702;707952.88;5009180.65;371.18
202;707954.66;5009179.99;374.28
2587;707957.23;5009179.51;373.91
1920;707966.68;5009177.59;375.59
3065;707973.91;5009173.65;373.34
1194;707977.71;5009171.26;367.91
4634;707957.2;5009167.22;363.21
4139;707951.14;5009168.49;364.78
4674;707947.37;5009170.25;365.72
882;707944.4;5009170.57;369.1
454;707955.86;5009171.07;362.73
4618;707941.97;5009170.86;370.24
4037;707962.15;5009166.23;362.58
1477;707963.2;5009165.31;363.09
347;707962.06;5009164.17;367.33
1084;707960.01;5009163.64;366.71
438;707960.77;5009164.65;372.59
78;707960.9;5009162.03;365.71
640;707957.56;5009159.59;362.99
3518;707955.59;5009156.86;363.58
2982;707953.87;5009156.32;359.23
2430;707958.1;5009163.69;375.44
4616;707950.4;5009164.56;378.94
772;707933.46;5009171.65;385.16
584;707950.42;5009164.56;378.93
3211;707925.6;5009176.21;388.1
2558;707913.95;5009179.07;381.89
4790;707912.21;5009178.27;379.25
312;707919.45;5009183.05;382.95
1637;707912.21;5009178.27;374.36
2966;707902.52;5009173.86;368.51
1676;707896.17;5009172.51;368.61
1785;707886.75;5009177.83;369.29
1640;707880.5;5009181.5;367.79
4883;707886.44;5009175.8;370.3
1189;707878.15;5009184.5;369.1
3302;707876.49;5009187.02;370.34
4647;707886.45;5009173.18;375.25
3355;707890.0;5009171.91;378.16
1035;707890.0;5009170.46;382.4
3520;707887.36;5009167.72;384.34
958;707884.97;5009166.93;385.83
2324;707881.82;5009165.19;387.32
3437;707921.43;5009184.39;382.79
2513;707930.93;5009185.86;380.46
1761;707929.76;5009186.8;374.53
840;707929.33;5009185.35;373.91
3127;707931.11;5009185.59;372.32
160;707931.83;5009185.46;371.38
2736;707934.71;5009183.44;368.08
380;707933.52;5009184.39;366.77
3526;707932.96;5009187.09;365.12
4042;707934.93;5009186.56;363.58
4678;707932.64;5009187.28;361.99
277;707932.91;5009190.89;359.26
1003;707934.27;5009190.5;356.4
3298;707939.51;5009193.25;353.24
2042;707944.89;5009197.56;352.68
2270;707952.23;5009201.27;354.77
4064;707952.22;5009201.26;354.77
2764;707958.35;5009202.27;355.68
3924;707954.98;5009206.53;353.47
3194;707961.39;5009207.43;352.59
2722;707973.79;5009212.97;345.46
356;707981.73;5009214.12;340.54
903;707973.78;5009212.96;345.46
2599;707974.27;5009207.57;345.66
4793;707971.25;5009199.14;348.16
1945;707973.68;5009196.11;345.52
2305;707971.24;5009199.12;349.69
562;707971.28;5009196.71;343.05
3034;707970.97;5009195.98;342.35
4858;707971.85;5009192.82;342.35
3992;707972.08;5009192.12;341.68
4836;707969.89;5009193.05;338.18
3734;707969.14;5009195.02;337.5
985;707971.85;5009205.75;331.19
644;707961.02;5009201.73;358.01
4126;707967.67;5009204.02;359.24
2456;707962.81;5009158.34;378.0
4539;707965.43;5009154.79;380.56
1717;707967.35;5009151.12;378.62
1534;707966.2;5009148.38;369.41
1863;707966.22;5009148.34;360.91
4536;707970.53;5009147.79;358.45
3249;707970.63;5009145.5;352.93
4625;707971.14;5009144.41;352.28
4441;707974.38;5009143.75;350.85
1093;707974.39;5009143.75;350.85
3162;707981.06;5009145.83;347.83
3276;707973.57;5009139.42;351.76
4524;707973.5;5009140.64;351.31
2494;707980.57;5009147.24;355.27
999;707983.07;5009146.63;346.35
2944;707987.48;5009145.74;342.26
2215;707983.08;5009146.63;346.35
2341;707987.38;5009145.25;342.26
1457;707992.67;5009142.68;339.93
1313;707992.45;5009142.23;339.93
3411;708000.76;5009136.63;339.93
564;707977.71;5009137.08;350.54
265;707982.04;5009138.21;347.6
4651;707987.2;5009136.19;344.67
3850;707988.75;5009136.7;343.56
3133;707991.47;5009135.49;341.93
818;707995.21;5009135.33;340.24
4791;708001.05;5009133.85;338.39
3866;708000.22;5009136.82;337.9
3281;707997.56;5009138.74;336.72
4360;707992.41;5009142.21;337.31
4681;707971.01;5009139.59;352.68
1505;707969.07;5009139.59;355.96
3649;707962.01;5009138.55;363.09
2412;707961.1;5009138.17;363.27
1983;707946.82;5009132.19;366.23
1513;707934.11;5009132.14;367.03
4857;707939.56;5009135.52;367.13
2050;707926.18;5009124.41;375.6
4919;707934.11;5009132.13;367.03
2001;707943.46;5009137.6;364.7
1073;707948.53;5009140.4;364.52
3811;707949.93;5009137.62;363.99
3925;707952.04;5009142.07;367.53
1210;707959.18;5009145.47;368.78
238;707961.1;5009146.38;370.9
4544;707964.71;5009148.1;370.9
4581;707966.33;5009148.31;369.28
2480;707912.79;5009115.22;378.17
1299;707910.81;5009114.21;378.17
4328;707908.17;5009112.39;374.76
1524;707901.82;5009110.63;374.76
3911;707897.51;5009111.58;375.6
4670;707891.39;5009114.31;380.63
2293;707885.34;5009116.15;379.32
2830;707873.95;5009115.57;369.28
1419;707873.98;5009114.99;369.12
1726;707874.7;5009100.82;365.24
4286;707872.09;5009093.82;364.06
1501;707866.23;5009092.87;364.43
628;707856.35;5009090.78;371.29
1359;707872.8;5009088.56;364.43
3905;707854.0;5009085.27;377.28
4574;707849.19;5009081.27;375.98
588;707846.09;5009079.55;370.19
1857;707844.46;5009074.98;358.49
303;707862.24;5009069.88;348.7
3794;707836.03;5009076.14;354.64
2755;707857.04;5009069.86;348.54
1683;707857.16;5009069.33;347.7
2666;707857.73;5009068.2;346.78
2782;707856.3;5009069.13;346.06
2489;707856.3;5009069.13;343.36
3458;707859.83;5009069.07;341.86
4893;707859.36;5009060.42;336.46
4715;707857.97;5009067.02;338.91
3670;707858.38;5009049.46;336.46
4950;707837.98;5009068.11;338.91
2230;707857.65;5009042.54;336.46
11;707858.96;5009041.4;337.46
1825;707856.89;5009037.22;336.46
3109;707862.97;5009039.25;337.62
1855;707861.65;5009038.43;339.48
2655;707863.64;5009033.48;340.42
3305;707861.41;5009034.21;340.42
3713;707854.78;5009022.36;336.46
4878;707849.82;5009007.14;336.46
4502;707848.35;5009001.3;336.46
4333;707846.68;5008993.48;336.46
4592;707850.11;5008989.52;337.29
201;707850.11;5008989.52;343.19
2970;707859.98;5008977.73;354.36
2276;707864.67;5008974.67;354.84
492;707864.67;5008974.67;358.84
797;707870.59;5008968.31;359.3
2605;707870.26;5008959.46;359.3
4208;707870.47;5008955.53;361.22
1181;707875.55;5008948.52;361.07
4482;707880.01;5008939.73;360.55
3660;707880.0;5008935.93;360.55
1001;707891.75;5008922.37;358.03
4839;707890.65;5008923.64;358.27
1225;707878.15;5008928.54;360.55
3912;707890.65;5008923.64;359.27
1652;707894.5;5008922.07;358.16
437;707898.34;5008923.46;354.85
2910;707900.92;5008924.77;352.51
875;707901.37;5008923.29;350.45
2067;707904.11;5008919.64;348.79
2849;707904.11;5008919.64;345.79
1318;707906.69;5008917.39;345.79
2548;707907.44;5008916.73;345.79
47;707908.58;5008915.75;345.79
2772;707877.41;5008926.11;362.09
435;707878.12;5008928.55;360.51
3051;707874.1;5008920.79;362.28
2106;707873.88;5008918.31;362.78
310;707871.19;5008917.22;362.01
4285;707872.99;5008910.5;366.25
4089;707873.01;5008910.48;366.29
1345;707872.99;5008910.52;366.25
2253;707875.37;5008908.36;365.87
1570;707885.07;5008910.58;366.75
2006;707889.7;5008911.32;366.53
2358;707889.72;5008911.35;366.56
3301;707894.76;5008912.02;366.41
494;707889.97;5008910.26;361.55
2284;707889.99;5008910.28;361.57
1769;707890.01;5008910.26;361.61
1848;707894.66;5008899.55;363.97
4992;707888.03;5008910.38;362.28
570;707889.44;5008908.36;369.84
4024;707882.83;5008909.76;361.0
1204;707893.48;5008899.23;369.32
3047;707895.02;5008895.74;370.55
1196;707896.28;5008893.47;372.05
3372;707897.05;5008889.09;371.35
737;707881.89;5008908.27;361.26
2232;707877.97;5008904.46;361.16
4631;707881.92;5008908.26;361.3
4318;707873.77;5008899.95;361.46
2874;707872.7;5008894.8;361.54
4025;707875.98;5008878.59;362.12
2700;707872.69;5008894.79;361.54
3570;707875.29;5008874.75;362.6
272;707864.97;5008877.53;362.78
2153;707865.1;5008869.12;363.81
4847;707865.51;5008864.4;365.0
2705;707865.88;5008861.71;365.98
1441;707865.88;5008861.71;365.96
409;707866.51;5008853.91;366.4
1437;707868.85;5008858.61;370.58
2969;707867.8;5008858.54;368.99
4980;707873.49;5008852.02;371.77
307;707876.72;5008847.1;370.86
4826;707876.72;5008847.1;370.83
2824;707880.65;5008847.7;373.31
3704;707880.23;5008841.51;368.58
1597;707880.24;5008841.51;368.56
1263;707885.78;5008838.68;370.94
4503;707872.71;5008845.08;367.22
1241;707881.55;5008835.13;371.43
3480;707867.53;5008838.4;373.96
1894;707853.25;5008840.94;374.47
3581;707850.11;5008843.4;378.46
1287;707846.53;5008847.39;379.22
4758;707845.41;5008852.78;384.39
1420;707849.39;5008838.52;377.91
1182;707844.82;5008852.66;384.39
1701;707840.0;5008864.31;386.39
1771;707835.33;5008874.24;388.3
4827;707830.31;5008884.89;389.6
1845;707828.51;5008895.23;391.77
4755;707826.21;5008902.32;392.83
3883;707827.87;5008899.28;392.72
4780;707829.41;5008887.09;389.98
3159;707831.28;5008886.67;394.41
1298;707834.31;5008883.45;400.48
4298;707834.13;5008880.6;401.41
2096;707830.47;5008879.61;402.25
4832;707834.54;5008878.44;400.8
3998;707837.87;5008884.37;400.02
2272;707827.83;5008877.3;403.09
4051;707826.47;5008875.69;403.96
4807;707820.65;5008876.06;404.88
4335;707820.49;5008877.47;405.78
4209;707817.3;5008877.77;405.94
2883;707815.28;5008880.0;406.71
4610;707836.5;5008877.44;401.08
2281;707838.66;5008878.22;410.64
3604;707837.27;5008878.96;417.21
3995;707840.55;5008877.72;417.59
140;707844.37;5008875.69;417.93
1810;707848.86;5008873.13;416.78
2015;707854.43;5008870.51;413.89
3479;707861.52;5008867.17;413.64
825;707863.41;5008865.34;412.25
3011;707865.64;5008863.55;410.68
2357;707867.16;5008861.22;407.21
3814;707867.25;5008859.62;407.23
3022;707863.22;5008858.32;408.68
344;707861.77;5008855.21;409.17
1807;707834.27;5008893.45;401.41
1542;707840.25;5008885.67;399.59
2148;707833.16;5008897.5;401.28
3439;707831.95;5008903.89;401.28
658;707831.13;5008907.54;402.05
408;707827.77;5008915.32;401.92
4216;707825.65;5008917.31;402.87
3306;707825.72;5008919.86;402.31
3940;707823.42;5008918.35;402.44
4228;707844.17;5008887.82;398.59
1753;707852.44;5008893.83;397.3
4242;707858.82;5008898.46;395.54
4833;707862.64;5008896.45;394.86
1015;707862.07;5008902.52;394.47
848;707862.64;5008896.45;391.42
1629;707868.63;5008893.85;389.96
512;707870.27;5008890.86;386.22
2611;707873.96;5008891.87;381.88
1967;707873.96;5008891.87;373.63
889;707866.28;5008893.21;393.98
2484;707873.11;5008909.52;391.76
1593;707868.27;5008888.81;393.53
3915;707866.28;5008893.21;389.09
638;707872.16;5008913.19;391.52
456;707870.36;5008904.09;390.2
2075;707870.05;5008914.03;390.03
4387;707870.05;5008914.03;367.74
1811;707865.84;5008896.84;389.8
1418;707865.98;5008897.44;396.36
2713;707849.39;5008838.52;380.41
3755;707858.71;5008812.77;381.84
3250;707858.71;5008812.77;388.84
2768;707854.72;5008815.91;391.21
3169;707854.72;5008815.91;399.91
4438;707843.56;5008815.53;402.9
19;707832.4;5008818.13;403.9
3902;707830.21;5008814.78;405.2
3531;707826.46;5008805.08;405.56
2180;707824.03;5008797.63;407.66
1028;707824.03;5008797.63;411.58
2125;707825.68;5008795.44;408.6
541;707833.99;5008798.45;420.56
4077;707839.64;5008795.7;420.56
4331;707839.89;5008795.93;422.49
4418;707847.02;5008794.24;420.67
3761;707849.78;5008792.73;419.06
1994;707848.28;5008789.64;419.06
3956;707851.45;5008794.89;419.3
3610;707844.88;5008782.66;421.15
707;707842.19;5008777.12;420.61
3359;707837.72;5008767.92;423.35
4549;707836.05;5008768.73;423.18
4080;707834.06;5008768.21;423.18
2912;707831.37;5008767.95;423.66
3188;707830.53;5008769.23;424.73
780;707827.95;5008771.49;424.73
4374;707827.95;5008771.49;423.26
2876;707823.76;5008773.61;423.01
4783;707818.82;5008773.75;421.69
2892;707817.51;5008770.69;421.69
2290;707813.86;5008772.12;414.9
3039;707813.61;5008763.54;421.69
4653;707854.6;5008802.93;416.99
3382;707857.87;5008807.76;415.65
4759;707855.91;5008801.06;415.29
3052;707860.73;5008812.3;416.12
239;707868.86;5008830.46;410.79
864;707866.09;5008831.7;410.79
2191;707863.0;5008832.53;409.3
3077;707859.32;5008834.7;409.9
2670;707856.39;5008838.0;409.9
2004;707854.37;5008838.76;409.9
1567;707852.58;5008841.86;409.27
1860;707856.59;5008846.58;410.81
2940;707859.02;5008851.79;408.83
4401;707862.49;5008859.87;408.06
1198;707866.14;5008859.24;406.79
1056;707867.47;5008861.75;406.49
2857;707860.5;5008800.87;412.85
1162;707860.5;5008800.87;408.93
4192;707860.5;5008800.87;397.17
2055;707860.5;5008800.87;391.78
1408;707855.82;5008809.32;389.19
4034;707853.93;5008814.78;385.3
1212;707853.14;5008816.58;385.3
4812;707813.37;5008763.53;414.63
2087;707811.31;5008760.89;414.04
1424;707812.22;5008758.37;415.59
1700;707809.92;5008762.92;415.85
3049;707804.26;5008774.56;414.49
1463;707804.26;5008774.56;420.99
3274;707800.13;5008781.18;420.99
4397;707794.35;5008780.99;424.47
223;707784.85;5008790.87;424.95
2806;707777.41;5008791.26;423.37
3216;707772.62;5008789.52;423.46
4109;707769.25;5008790.37;424.45
450;707762.88;5008789.65;424.65
2457;707764.84;5008790.23;424.59
2254;707739.36;5008776.68;427.83
4654;707739.56;5008770.59;428.79
4379;707738.95;5008749.97;426.84
4515;707740.99;5008742.55;426.6
3062;707748.14;5008738.03;429.79
3534;707740.88;5008746.05;426.6
3042;707750.43;5008732.98;430.05
2466;707747.21;5008724.81;432.31
1443;707747.21;5008717.73;433.43
325;707747.21;5008717.73;433.23
2881;707739.03;5008707.8;433.23
1328;707738.73;5008701.37;434.99
279;707738.4;5008690.01;436.79
4057;707736.3;5008684.16;436.69
4903;707742.6;5008674.26;438.73
4260;707735.49;5008668.9;442.92
2989;707747.96;5008670.38;437.79
455;707746.89;5008675.08;439.29
4696;707734.36;5008672.57;442.92
1609;707735.18;5008675.42;441.89
3898;707737.36;5008664.61;441.56
4693;707726.31;5008664.49;445.66
348;707724.64;5008660.8;446.23
1623;707710.75;5008652.26;448.29
2601;707703.2;5008648.98;451.25
88;707699.84;5008647.13;450.2
788;707695.91;5008645.11;451.34
2114;707694.13;5008644.2;451.34
4201;707686.97;5008650.49;454.43
3571;707731.94;5008679.34;442.05
1333;707737.29;5008688.74;437.57
4245;707727.63;5008652.81;444.97
1053;707723.32;5008650.26;444.97
3395;707735.22;5008647.49;443.95
3904;707718.59;5008651.87;444.97
2327;707724.89;5008642.09;445.63
4315;707726.05;5008636.04;446.11
4621;707729.37;5008636.79;445.1
1535;707725.98;5008636.02;444.78
1619;707724.54;5008628.46;445.14
9;707718.23;5008630.39;447.63
792;707714.91;5008629.14;445.47
1985;707713.66;5008621.11;450.1
4855;707718.46;5008631.46;441.22
1459;707713.39;5008602.59;447.17
2052;707701.55;5008601.26;447.17
3584;707710.06;5008591.01;447.58
3266;707721.0;5008583.34;447.79
369;707722.56;5008579.59;450.28
4120;707731.81;5008588.24;449.67
3813;707713.82;5008558.38;455.03
3886;707705.18;5008547.57;458.12
2105;707696.9;5008550.09;459.21
1167;707695.55;5008542.95;463.06
3286;707691.8;5008532.49;465.73
1630;707691.71;5008530.33;465.73
828;707682.51;5008530.9;466.74
4084;707681.12;5008515.94;468.4
1449;707678.6;5008531.14;469.69
743;707682.16;5008516.32;468.4
839;707682.16;5008516.32;474.78
3059;707680.82;5008510.26;476.9
2150;707678.58;5008506.48;477.25
4828;707676.38;5008497.86;477.95
275;707676.38;5008497.86;479.17
1826;707663.53;5008497.03;478.76
2076;707656.79;5008499.09;480.93
1171;707654.3;5008489.4;480.93
1462;707651.89;5008496.96;482.39
1653;707653.58;5008499.45;482.39
988;707651.47;5008482.96;478.08
1970;707654.03;5008514.28;484.74
192;707659.74;5008484.95;478.08
114;707655.75;5008489.72;478.08
3564;707644.05;5008464.14;484.65
1206;707632.37;5008466.94;484.65
2765;707636.79;5008454.14;486.61
1195;707636.6;5008459.23;483.67
1255;707628.8;5008461.62;477.34
746;707625.35;5008455.33;477.12
1120;707638.59;5008462.58;484.22
1049;707615.98;5008455.91;477.26
4154;707615.18;5008450.19;477.45
3809;707609.68;5008449.32;477.53
1273;707602.97;5008445.47;479.39
2201;707600.71;5008436.63;482.51
4054;707595.39;5008434.9;488.09
3325;707599.49;5008425.42;481.98
2193;707593.04;5008433.34;488.54
1148;707588.15;5008434.76;486.43
4958;707581.8;5008434.55;485.53
3782;707579.1;5008429.95;483.52
2564;707576.77;5008421.91;484.18
2387;707574.86;5008416.85;485.93
898;707571.24;5008417.31;486.81
3245;707566.39;5008412.88;487.22
1724;707564.7;5008412.69;486.45
3490;707563.65;5008406.59;486.94
775;707560.2;5008403.44;489.14
4352;707557.36;5008395.92;491.06
699;707555.6;5008387.29;492.74
4404;707556.89;5008380.55;492.09
1400;707557.29;5008376.96;492.96
4822;707559.83;5008370.86;492.33
4987;707560.61;5008369.45;491.51
764;707561.3;5008358.68;491.34
2343;707556.19;5008351.61;495.11
3397;707556.21;5008350.85;492.79
1916;707556.22;5008341.89;494.36
2645;707554.92;5008331.48;495.35
3561;707557.05;5008331.21;496.57
834;707556.59;5008327.62;489.48
341;707550.17;5008323.82;490.91
2983;707543.29;5008320.83;492.71
3852;707538.77;5008320.67;495.01
141;707536.33;5008318.06;495.46
3002;707538.49;5008295.49;495.46
473;707528.58;5008286.16;498.06
157;707517.96;5008277.89;498.06
332;707516.85;5008276.71;503.61
2677;707512.81;5008269.61;505.57
2168;707511.16;5008256.41;507.67
4541;707508.7;5008251.35;507.14
3609;707500.78;5008246.13;507.74
1808;707497.91;5008244.05;508.88
4570;707494.84;5008237.49;509.8
434;707491.6;5008231.77;510.52
3097;707490.6;5008230.29;516.67
351;707487.63;5008225.92;518.38
2891;707483.2;5008222.47;519.45
449;707482.3;5008215.24;519.91
1704;707478.32;5008204.65;519.91
945;707476.83;5008198.87;524.7
1133;707469.58;5008189.17;528.63
3292;707470.21;5008187.82;528.98
2186;707464.47;5008179.05;531.6
3667;707460.71;5008172.82;532.11
4939;707460.22;5008172.01;542.87
3506;707459.63;5008171.03;555.93
830;707459.35;5008170.57;562.18
2354;707461.48;5008169.61;566.4
1022;707463.8;5008167.1;571.86
3263;707467.41;5008163.22;580.34
2717;707468.74;5008157.82;588.89
3981;707473.48;5008158.14;590.17
4214;707477.88;5008153.4;590.17
4582;707481.84;5008149.81;591.4
1229;707480.59;5008147.48;590.93
4765;707476.41;5008139.67;589.37
3426;707472.79;5008134.9;597.9
2287;707466.81;5008128.95;605.76
2158;707464.82;5008123.19;609.87
3386;707462.55;5008121.69;610.01
2378;707467.79;5008121.38;614.73
193;707470.91;5008117.06;616.89
543;707479.68;5008112.35;618.46
3330;707482.13;5008107.87;624.54
130;707482.31;5008105.73;624.04
2365;707486.47;5008105.12;623.22
2734;707497.34;5008111.33;624.54
83;707501.06;5008108.39;627.5
607;707494.56;5008096.79;628.43
4224;707492.96;5008085.76;629.79
4319;707489.93;5008070.52;632.25
647;707487.02;5008063.42;630.9
3917;707480.78;5008058.75;635.97
4911;707475.58;5008048.24;637.4
656;707470.5;5008037.45;644.01
706;707469.19;5008028.45;643.53
814;707459.26;5008040.4;648.57
1139;707451.49;5008021.39;649.35
3727;707465.2;5008055.66;641.63
2426;707462.79;5008073.4;631.72
569;707456.46;5008086.52;625.54
1349;707450.33;5008092.92;619.56
4594;707441.97;5008088.71;616.7
1013;707439.48;5008011.03;655.44
35;707432.01;5007995.9;661.91
1482;707415.32;5007969.44;661.91
674;707406.11;5007963.29;662.49
2921;707406.45;5007952.7;670.47
4576;707399.13;5007941.1;672.4
981;707398.46;5007924.1;667.52
4365;707392.15;5007910.71;668.3
1094;707386.33;5007896.49;669.1
1627;707395.03;5007891.82;670.49
947;707403.35;5007887.72;672.63
1407;707404.04;5007883.18;675.83
37;707403.32;5007870.43;678.31
2735;707394.46;5007858.34;680.15
3045;707389.83;5007869.36;687.05
1674;707400.62;5007844.96;675.65
1330;707403.53;5007837.61;675.79
3547;707381.32;5007850.9;684.43
4513;707419.46;5007828.99;676.11
1747;707434.43;5007803.67;676.62
3076;707444.56;5007801.07;676.8
254;707446.77;5007789.26;677.01
1097;707422.17;5007784.21;677.45
1972;707439.39;5007763.39;677.92
2337;707460.33;5007761.77;678.29
3872;707460.44;5007751.48;678.47
4193;707464.02;5007747.7;678.56
885;707461.83;5007740.22;678.7
4551;707468.22;5007734.77;678.84
2077;707465.76;5007727.78;678.97
552;707471.01;5007722.99;679.1
1977;707464.12;5007722.56;679.22
4650;707463.48;5007718.31;679.29
829;707460.45;5007709.19;679.46
1323;707467.53;5007702.26;679.63
487;707468.21;5007691.47;679.82
3826;707477.81;5007690.05;679.99
3384;707380.49;5007846.22;691.47
936;707382.45;5007844.04;699.98
4643;707382.14;5007840.54;702.63
2455;707381.55;5007829.71;700.72
2469;707382.13;5007824.81;699.85
224;707383.29;5007823.87;699.8
3913;707384.46;5007816.45;699.54
1484;707376.59;5007814.37;702.02
4062;707363.09;5007805.64;706.94
1525;707359.0;5007797.28;710.6
1927;707351.94;5007793.7;711.85
4437;707358.87;5007787.66;718.77
3893;707343.34;5007788.95;713.76
4143;707358.87;5007787.66;727.77
1547;707333.82;5007783.48;717.54
1992;707331.51;5007780.31;716.03
2210;707315.94;5007787.95;706.03
501;707618.56;5008401.7;481.98
1103;707622.4;5008395.22;481.62
1666;707638.15;5008459.19;487.88
3517;707637.35;5008453.13;491.7
4673;707632.68;5008431.95;495.52
2709;707620.71;5008418.86;498.64
3851;707620.71;5008418.86;499.64
2026;707614.55;5008414.77;500.95
4679;707610.82;5008406.92;503.27
895;707611.82;5008403.06;503.48
4905;707605.26;5008398.19;507.29
2227;707602.89;5008396.85;512.63
3304;707592.53;5008394.15;518.08
744;707587.54;5008389.24;521.96
1843;707582.61;5008389.89;522.48
2820;707576.21;5008376.43;524.31
1259;707573.01;5008369.69;525.09
3544;707576.46;5008361.37;525.09
1302;707577.22;5008357.95;525.19
23;707674.69;5008531.37;469.69
957;707674.69;5008531.37;473.12
2803;707675.47;5008531.96;473.12
4718;707674.35;5008543.65;474.11
4081;707668.56;5008545.92;477.01
411;707670.14;5008551.08;486.34
1317;707668.97;5008553.78;486.34
4364;707664.72;5008559.42;493.15
4831;707662.13;5008562.35;496.1
4322;707662.13;5008562.35;501.0
660;707664.87;5008561.97;501.98
751;707667.56;5008562.66;502.96
3346;707671.69;5008557.18;502.96
710;707675.56;5008557.86;502.96
1527;707680.86;5008556.23;504.92
447;707682.14;5008557.78;510.45
1108;707676.63;5008561.39;512.41
360;707672.68;5008566.65;514.37
2475;707674.9;5008570.41;518.3
4803;707680.64;5008569.6;519.28
191;707680.64;5008569.6;523.2
3244;707680.15;5008574.68;526.14
4720;707681.43;5008578.85;538.12
1417;707679.35;5008569.46;540.07
2753;707670.9;5008572.05;540.07
363;707670.9;5008572.05;542.03
2836;707677.27;5008564.85;543.98
2517;707677.27;5008564.85;560.64
3387;707673.99;5008566.99;560.64
2823;707673.99;5008566.99;580.24
1232;707668.98;5008562.56;581.76
2353;707670.46;5008561.34;582.2
4876;707664.74;5008555.96;582.2
1891;707662.58;5008553.34;584.16
4415;707666.1;5008549.94;584.16
3560;707666.1;5008549.94;586.12
4347;707662.42;5008547.16;586.12
3451;707659.0;5008549.72;586.72
3026;707653.11;5008544.51;588.82
1172;707653.11;5008544.51;591.86
4778;707653.39;5008541.67;593.38
4195;707653.39;5008541.67;592.4
281;707649.31;5008535.86;594.98
2431;707644.27;5008530.13;595.51
1595;707644.1;5008527.29;595.51
4657;707640.38;5008524.76;595.91
4253;707638.7;5008520.48;596.31
293;707630.75;5008510.85;603.51
2380;707629.36;5008507.33;605.36
3089;707627.43;5008505.88;605.78
1851;707624.51;5008501.7;608.72
666;707622.18;5008495.79;610.42
1997;707621.14;5008491.95;611.49
67;707618.32;5008485.42;614.8
3220;707617.41;5008485.78;614.8
1557;707613.64;5008482.46;616.15
4229;707612.89;5008483.08;616.15
811;707608.18;5008481.2;617.99
2725;707605.08;5008478.0;619.18
4339;707601.5;5008471.94;619.8
1175;707600.65;5008468.1;620.63
4433;707598.35;5008466.87;621.09
1587;707596.52;5008464.92;621.66
4948;707593.36;5008460.42;623.13
4274;707592.14;5008455.91;625.21
2020;707590.98;5008451.93;625.94
3587;707589.24;5008449.52;626.57
1074;707588.04;5008446.47;627.15
422;707587.68;5008440.62;628.39
565;707583.55;5008436.08;631.25
2741;707582.55;5008431.55;633.12
295;707582.55;5008431.55;637.53
1725;707585.2;5008431.6;637.63
4946;707586.79;5008426.97;637.97
3130;707582.43;5008421.69;638.45
3333;707577.52;5008426.43;639.16
850;707575.49;5008429.63;640.18
2936;707570.41;5008430.11;640.18
4112;707564.8;5008426.54;642.59
1396;707566.29;5008424.56;644.67
1966;707563.98;5008426.18;645.48
3616;707561.34;5008422.99;646.99
2781;707561.05;5008423.16;648.92
1636;707558.52;5008421.82;651.31
1832;707556.26;5008423.69;651.31
184;707718.46;5008631.46;438.69
2938;707714.92;5008633.13;438.57
2413;707710.31;5008636.6;430.65
3572;707710.21;5008639.01;429.17
98;707712.98;5008637.85;426.69
2748;707718.17;5008637.69;426.69
942;707726.31;5008643.41;423.63
3767;707737.93;5008645.81;422.13
1802;707737.66;5008646.57;422.13
982;707741.36;5008647.9;419.97
2862;707748.87;5008650.61;419.34
1793;707751.45;5008671.09;437.74
4912;707759.5;5008669.04;437.08
2336;707765.9;5008666.02;438.78
1964;707764.61;5008661.01;439.85
1151;707749.33;5008674.03;440.15
2728;707753.65;5008674.36;440.76
700;707754.08;5008672.45;440.76
3876;707751.34;5008670.83;437.79
1117;707743.27;5008739.08;426.72
3597;707743.81;5008734.16;426.95
41;707744.24;5008730.23;427.26
1902;707740.38;5008734.09;427.52
3948;707735.16;5008736.55;428.62
263;707736.34;5008738.77;429.8
50;707733.2;5008737.22;427.94
3996;707738.43;5008741.31;429.28
3715;707738.63;5008743.84;427.88
4842;707740.65;5008746.2;426.37
4018;707732.68;5008732.5;429.82
1057;707728.63;5008727.3;430.87
3844;707729.36;5008721.55;431.6
4423;707729.28;5008715.84;431.6
2965;707735.23;5008714.5;431.6
248;707734.3;5008709.14;431.85
1187;707740.01;5008699.81;431.85
2451;707743.75;5008695.95;431.85
2549;707745.15;5008687.13;431.85
3894;707749.9;5008684.42;431.85
4241;707743.12;5008676.96;432.33
367;707741.72;5008679.43;432.59
2788;707736.74;5008673.22;434.5
3010;707736.74;5008673.22;429.38
2603;707736.78;5008671.25;428.57
2440;707743.04;5008667.28;424.03
2459;707746.28;5008664.23;421.85
497;707746.47;5008660.29;419.99
4016;707742.27;5008658.62;419.99
2472;707742.64;5008653.81;419.99
2143;707746.15;5008651.87;419.99
1311;707747.22;5008650.19;419.99
2630;707749.11;5008650.86;419.99
3452;707756.48;5008786.61;422.1
735;707748.93;5008781.16;421.69
2350;707756.48;5008786.61;421.1
2817;707759.91;5008794.21;419.1
1222;707758.0;5008799.03;415.46
189;707747.31;5008784.89;420.37
2379;707743.37;5008788.84;420.63
2145;707745.87;5008791.5;419.45
3481;707750.76;5008798.95;417.6
3787;707752.26;5008797.75;417.18
1827;707754.82;5008801.52;416.16
4852;707757.52;5008800.59;415.71
4853;707761.24;5008807.36;413.86
3138;707761.68;5008807.12;413.86
3114;707770.47;5008823.1;410.08
2491;707782.72;5008828.18;405.77
220;707782.72;5008828.18;389.12
4442;707780.88;5008830.01;389.12
4897;707789.16;5008812.63;392.33
4218;707784.38;5008837.44;387.83
3718;707787.67;5008840.83;384.17
2557;707788.27;5008847.28;384.17
2916;707777.55;5008851.95;389.84
3688;707774.6;5008855.76;389.69
4601;707769.45;5008861.79;389.07
3124;707778.64;5008862.22;386.71
1614;707763.86;5008863.6;385.96
4004;707752.59;5008864.85;379.02
2899;707792.19;5008800.0;391.31
1320;707795.32;5008795.83;391.31
2993;707791.73;5008782.7;391.31
1326;707792.5;5008772.75;392.73
4005;707800.05;5008754.53;394.9
2795;707869.68;5008862.17;371.03
3538;707871.16;5008905.22;363.38
2497;707877.92;5008915.55;359.51
3941;707879.67;5008916.65;359.45
1909;707875.27;5008923.46;359.31
3783;707873.35;5008920.42;359.34
554;707868.06;5008920.33;359.34
2175;707876.01;5008929.23;360.33
2493;707878.03;5008928.57;360.39
247;707878.06;5008928.56;360.43
4063;707878.09;5008928.56;360.47
3408;707897.45;5008899.06;364.44
717;707898.1;5008895.16;365.34
4921;707900.72;5008893.52;364.29
2545;707899.27;5008899.01;365.2
3847;707897.12;5008905.75;368.71
2328;707892.1;5008916.65;369.25
260;707893.27;5008918.93;369.16
1170;707893.27;5008918.93;365.26
1680;707889.4;5008925.65;367.33
1288;707890.07;5008924.48;364.99
1277;707888.58;5008927.84;360.91
3594;707886.15;5008930.86;359.73
4985;707882.8;5008934.46;360.42
4880;707874.63;5008943.26;362.1
284;707873.95;5008943.99;362.1
3255;707831.08;5009071.74;341.67
3368;707813.98;5009073.3;344.11
819;707806.67;5009079.11;342.93
979;707789.64;5009079.3;345.9
4944;707789.62;5009079.7;345.9
3895;707771.84;5009079.07;346.74
3500;707771.86;5009078.67;346.74
4931;707767.95;5009079.86;350.33
806;707743.18;5009078.2;356.7
862;707729.62;5009076.87;361.13
2228;707709.39;5009074.55;363.7
716;707696.62;5009074.1;364.7
3774;707696.64;5009073.5;364.7
1969;707679.2;5009073.99;360.52
2918;707657.36;5009071.14;361.55
954;707633.0;5009072.96;363.09
4237;707616.49;5009071.34;354.65
3425;707598.02;5009073.59;347.95
2141;707591.88;5009071.36;346.06
730;707501.87;5009068.18;346.06
4675;707482.05;5009069.69;353.56
3195;707477.68;5009069.88;353.42
4071;707464.35;5009069.01;350.65
3248;707458.39;5009068.33;350.09
1515;707447.35;5009067.26;344.44
300;707453.26;5009062.99;343.29
442;707877.2;5009091.16;367.88
4531;707881.18;5009093.77;365.13
971;707893.79;5009101.74;368.03
4362;707898.57;5009106.08;367.47
3707;707895.58;5009110.07;369.28
1072;707900.06;5009101.72;367.47
3779;707894.44;5009113.41;373.97
2533;707903.29;5009099.03;368.83
4575;707908.05;5009088.88;367.65
4429;707909.69;5009084.06;368.64
3192;707915.69;5009081.89;368.87
2409;707916.64;5009079.68;368.4
3678;707923.26;5009062.93;366.19
2078;707931.38;5009061.37;365.17
683;707930.84;5009060.55;365.17
2470;707936.55;5009056.78;364.58
3936;707940.84;5009055.47;368.07
1386;707944.75;5009052.52;367.9
3401;707956.24;5009057.48;365.47
3899;707956.92;5009057.43;369.33
1813;707958.75;5009057.43;370.03
4959;707962.07;5009058.86;368.5
970;707973.7;5009063.88;365.81
2676;707981.93;5009062.17;365.08
3125;707979.54;5009067.97;365.19
2304;707982.46;5009063.0;365.08
4259;707987.17;5009063.43;363.17
3376;707979.54;5009067.97;367.35
3641;707983.83;5009068.38;366.43
4766;707987.3;5009067.0;365.22
2935;707987.3;5009067.0;362.28
786;707991.34;5009067.37;361.12
3853;707994.73;5009067.26;358.47
3875;708000.09;5009066.92;358.0
2920;708000.12;5009067.41;358.0
3110;708006.15;5009066.83;357.36
1486;708008.47;5009067.83;357.01
1698;708012.2;5009066.75;356.46
2028;708012.2;5009066.75;354.99
99;708012.42;5009068.3;354.99
923;708014.72;5009068.82;354.99
3494;708021.83;5009051.6;355.64
2403;708011.99;5009075.44;356.64
2656;708013.76;5009053.68;355.64
352;708016.1;5009075.95;355.14
1402;708015.25;5009079.28;355.14
3658;708016.62;5009079.68;354.47
2035;708017.43;5009081.47;354.47
4973;708017.43;5009081.47;352.02
745;708016.18;5009087.51;352.02
3069;708026.3;5009088.46;351.13
1575;708026.27;5009090.03;351.13
4971;708027.96;5009091.3;345.34
1868;708021.95;5009100.8;344.55
183;708026.27;5009102.05;344.24
73;708015.61;5009105.41;344.96
4563;708023.68;5009108.92;343.85
2664;708021.48;5009110.01;343.85
3163;708028.75;5009111.3;343.75
1262;708021.48;5009110.01;342.38
4289;708018.55;5009113.66;341.97
4470;708013.95;5009113.89;341.97
3237;708006.97;5009116.16;347.7
948;708007.46;5009120.56;347.7
3308;708012.16;5009124.08;346.13
2595;708012.16;5009124.08;342.01
2080;708001.36;5009138.03;342.01
2389;708001.36;5009138.03;340.54
1446;707993.37;5009144.25;340.54
2300;708011.07;5009107.91;347.05
2463;708007.76;5009110.66;348.05
3626;707925.83;5009122.16;376.09
3233;707945.79;5009131.56;366.41
2355;707982.93;5009147.35;352.99
1138;707992.13;5009147.48;351.37
1174;707993.04;5009147.97;351.36
2721;707993.05;5009147.9;363.04
3855;707995.68;5009147.53;362.13
4046;707999.97;5009148.34;355.36
1544;708008.16;5009145.86;348.38
1838;708008.17;5009145.85;346.45
4395;708008.18;5009145.85;346.44
2835;708017.23;5009142.94;342.35
3524;708019.31;5009146.53;341.88
4519;708015.56;5009146.51;339.17
3448;708028.69;5009146.66;339.62
430;708009.87;5009148.85;338.88
242;708018.3;5009146.44;337.72
1140;708004.35;5009145.32;339.91
2292;708017.0;5009143.37;339.71
1646;707993.17;5009147.59;339.91
4850;708020.24;5009143.54;338.31
1425;708018.36;5009147.26;337.21
1847;708015.04;5009151.38;337.21
1763;708019.35;5009155.46;335.98
3504;708032.99;5009150.67;338.39
3269;708039.62;5009155.42;338.36
4370;708041.22;5009158.6;338.41
4156;708026.51;5009163.75;339.0
368;708037.23;5009162.21;337.82
3889;708026.33;5009163.72;339.92
1266;708026.52;5009163.75;339.0
3832;708017.35;5009168.54;339.47
3150;708030.59;5009168.98;338.05
3272;708030.59;5009168.98;338.45
1476;708035.07;5009179.57;336.2
1603;708022.48;5009169.59;339.74
3342;708017.39;5009168.68;339.33
4568;708028.27;5009181.88;337.22
653;708021.99;5009185.71;337.67
1218;708022.0;5009185.7;333.79
4426;708022.01;5009185.7;333.78
1368;708019.7;5009187.55;333.78
2066;708015.82;5009190.65;333.77
509;708012.83;5009191.87;335.55
3421;708013.35;5009195.95;335.22
1006;708011.27;5009198.47;334.21
2977;707995.23;5009203.06;336.57
2567;707995.24;5009203.05;336.56
677;707995.89;5009189.1;337.05
1143;707994.98;5009188.68;337.05
3541;707994.92;5009189.34;337.05
3608;708000.77;5009184.95;336.86
2122;707996.97;5009185.36;335.3
3350;708004.23;5009179.58;332.28
3310;707994.92;5009189.34;345.4
585;707994.72;5009194.97;345.22
4509;708002.65;5009186.03;344.47
174;707999.35;5009184.82;345.02
571;707991.26;5009181.14;346.43
2801;708003.34;5009180.49;337.51
4877;708002.95;5009176.88;337.63
3455;708008.09;5009172.24;337.97
2421;708009.71;5009171.19;338.22
4040;708010.52;5009171.08;339.57
405;707974.01;5009176.58;355.44
39;707979.33;5009207.39;332.02
2813;707974.28;5009206.81;333.15
488;707971.44;5009206.11;331.72
3677;707974.1;5009209.68;330.27
493;707958.02;5009205.63;330.87
4530;707979.7;5009209.88;330.27
1237;707955.44;5009202.84;330.87
3930;707954.99;5009199.75;326.97
1256;707945.24;5009197.66;327.77
2476;707943.2;5009196.39;329.57
2123;707941.91;5009195.58;330.87
3527;707937.0;5009195.42;329.97
4820;707935.77;5009194.11;330.87
3766;707941.23;5009183.41;330.87
4810;707952.22;5009167.36;336.52
287;707955.89;5009160.51;334.0
2552;707961.53;5009154.73;331.79
3128;707970.78;5009139.21;340.29
3471;707975.34;5009130.98;341.32
4421;707982.22;5009117.61;333.67
3389;707986.27;5009112.42;330.45
1461;707990.52;5009105.58;326.45
4366;707997.4;5009091.99;323.45
1963;708008.87;5009079.18;320.15
4094;708016.9;5009068.46;319.45
4865;708024.32;5009053.77;318.15
4910;708026.17;5009049.78;312.95
618;708018.54;5009048.19;293.45
1373;708016.04;5009274.43;327.33
1831;708005.49;5009242.12;328.05
1552;708014.33;5009268.78;331.22
1905;708018.4;5009277.13;327.61
2880;708018.4;5009277.13;327.91
2740;708021.8;5009277.52;329.02
3014;708024.75;5009277.86;329.49
3031;708025.21;5009277.43;325.54
4898;708018.39;5009264.5;329.42
3412;708023.69;5009265.03;329.34
3969;708026.89;5009263.48;329.35
3151;708030.27;5009270.77;330.13
4202;708035.89;5009266.44;331.02
1695;708036.02;5009270.99;327.32
4087;708035.51;5009277.16;330.68
986;708041.22;5009272.78;329.78
309;708025.1;5009281.05;334.88
963;708044.52;5009269.4;323.28
1833;708025.08;5009285.5;335.95
591;708021.0;5009276.92;336.08
4295;708025.15;5009291.88;334.73
1168;708017.93;5009288.32;338.21
4258;708038.68;5009268.86;324.68
883;708030.94;5009270.57;325.22
4714;708040.56;5009269.55;322.49
4717;708044.33;5009270.92;322.49
4697;708025.36;5009276.85;327.39
337;708025.8;5009279.44;327.4
3205;708026.99;5009281.34;324.69
878;708028.15;5009282.95;323.83
545;708029.31;5009288.71;323.84
1344;708031.0;5009288.9;324.71
3285;708049.5;5009282.21;323.15
322;708065.2;5009283.13;321.97
241;708043.12;5009284.14;323.57
4436;708033.78;5009289.81;325.83
4682;708035.37;5009294.05;330.35
3466;708039.56;5009295.89;329.25
961;708045.68;5009292.8;325.63
1624;708062.28;5009286.03;320.41
4320;708060.19;5009287.97;320.41
1281;708058.11;5009289.74;323.3
2665;708052.96;5009290.95;326.43
3057;708044.41;5009329.13;323.47
259;708039.35;5009336.76;323.47
3478;708036.58;5009336.08;325.09
4899;708061.43;5009378.05;319.51
4824;708066.12;5009378.98;319.2
1768;708070.15;5009383.46;318.53
3153;708073.28;5009386.82;317.95
353;708080.56;5009386.73;318.05
550;708082.23;5009385.36;318.15
3614;708080.55;5009386.73;318.05
2628;708086.2;5009387.57;317.73
727;708091.53;5009387.33;317.05
1306;708090.17;5009389.94;317.73
4626;708088.61;5009392.58;317.05
33;708094.58;5009391.86;317.05
2237;708094.64;5009394.88;317.73
3067;708102.08;5009393.6;317.73
4628;708077.65;5009392.33;317.55
2757;708076.68;5009397.26;317.55
922;708083.0;5009399.34;317.55
941;708070.64;5009396.29;318.71
516;708084.96;5009399.98;317.55
338;708083.97;5009402.22;317.63
1762;708081.36;5009401.63;318.09
1453;708077.31;5009402.66;318.62
3388;708077.14;5009401.99;318.61
1874;708075.08;5009405.7;318.67
989;708072.82;5009406.09;319.04
3627;708070.02;5009408.79;319.28
3818;708068.13;5009411.84;320.2
2674;708068.53;5009394.53;319.99
2690;708066.51;5009400.99;319.89
4314;708069.8;5009395.24;322.22
3545;708063.66;5009402.38;321.38
1721;708067.36;5009394.92;322.68
1889;708062.4;5009406.58;322.95
1600;708062.41;5009406.58;322.96
2030;708062.41;5009406.58;323.88
4137;708065.39;5009412.62;320.74
414;708069.26;5009405.54;322.78
164;708071.57;5009403.63;321.43
2720;708072.54;5009400.36;321.76
4096;708067.7;5009395.33;323.43
2667;708061.92;5009414.24;321.66
3090;708073.7;5009424.3;322.76
3786;708061.92;5009414.24;321.11
2588;708055.96;5009415.25;322.26
3929;708056.04;5009415.66;322.69
1216;708048.0;5009416.14;323.71
1824;708046.62;5009416.68;323.94
1846;708046.62;5009416.68;324.24
3884;708044.62;5009416.6;324.24
3252;708073.72;5009424.31;322.74
530;708073.68;5009424.3;322.77
2376;708078.75;5009423.52;318.54
4823;708068.29;5009412.71;318.6
1791;708065.11;5009431.33;323.96
1822;708078.74;5009428.97;321.26
2702;708077.14;5009437.26;321.16
2117;708080.73;5009439.22;321.06
2642;708082.56;5009444.99;321.37
520;708087.67;5009445.73;318.74
4617;708083.76;5009431.86;321.55
1748;708087.67;5009445.73;316.16
4058;708094.34;5009450.16;316.16
1818;708080.28;5009429.75;321.51
1070;708084.02;5009429.23;318.86
4752;708084.02;5009429.23;315.11
2137;708083.96;5009423.87;315.98
2521;708085.93;5009424.01;315.67
1134;708084.16;5009428.89;315.67
4590;708072.31;5009433.7;322.51
100;708064.36;5009432.71;327.2
3537;708078.1;5009436.9;319.65
4738;708070.63;5009436.06;330.06
1979;708080.78;5009430.31;321.59
3236;708088.77;5009492.42;334.91
1688;708094.61;5009491.05;336.35
148;708094.61;5009491.05;340.15
1185;708091.89;5009491.82;342.98
2296;708092.47;5009493.86;345.1
3865;708072.5;5009478.11;326.62
1031;708069.49;5009474.45;325.87
388;708069.49;5009474.45;324.39
3223;708068.29;5009472.26;324.11
1112;708067.8;5009470.72;323.26
2390;708084.68;5009504.59;319.31
1715;708083.96;5009506.78;319.31
278;708090.06;5009508.15;317.92
3360;708091.47;5009510.4;317.41
2852;708093.39;5009511.7;317.23
1642;708095.59;5009514.13;317.28
3835;708100.05;5009516.51;318.08
2679;708091.58;5009501.64;317.21
3279;708093.11;5009496.01;315.82
1971;708091.27;5009492.68;317.05
4754;708089.9;5009491.62;316.49
3164;708090.37;5009489.04;316.49
286;708091.17;5009488.64;316.94
2825;708092.81;5009487.8;317.87
4038;708091.69;5009483.17;317.87
1708;708096.82;5009489.83;316.41
853;708085.12;5009481.39;317.87
2103;708090.19;5009479.21;317.87
3156;708081.91;5009473.8;317.87
2691;708079.64;5009477.52;319.76
4642;708082.27;5009468.98;317.87
3041;708087.3;5009470.1;317.87
1341;708082.6;5009466.0;317.87
1300;708091.39;5009459.69;317.87
817;708091.63;5009451.69;317.87
4151;708082.6;5009463.73;317.87
4619;708090.02;5009462.49;317.87
2297;708111.18;5009520.92;320.83
3075;708116.32;5009517.89;313.4
4157;708114.21;5009521.71;320.74
2926;708114.3;5009523.21;322.88
535;708117.52;5009522.92;324.66
359;708120.42;5009525.84;325.99
771;708124.17;5009526.26;328.31
229;708212.23;5009509.95;301.96
3854;708212.2;5009509.97;301.98
1367;708209.72;5009510.76;305.23
4989;708211.06;5009499.83;303.05
4293;708212.22;5009512.44;301.41
2925;708210.13;5009508.28;304.99
1080;708210.29;5009503.51;304.32
1511;708213.09;5009496.86;303.97
2556;708213.09;5009496.86;301.57
305;708217.62;5009494.38;301.9
2890;708220.07;5009492.95;301.4
1334;708230.2;5009488.43;299.65
4694;708234.94;5009485.01;298.91
4074;708238.77;5009483.52;297.21
4023;708241.53;5009481.95;293.61
2767;708248.22;5009478.85;291.34
2594;708254.88;5009475.99;290.43
2116;708256.72;5009473.2;289.95
2783;708273.61;5009463.66;288.74
1250;708277.7;5009464.07;285.95
1551;708276.44;5009466.24;285.79
2408;708276.61;5009467.86;285.18
4493;708275.47;5009473.75;285.18
3032;708210.98;5009504.38;301.68
4722;708218.53;5009500.02;300.65
2002;708219.89;5009503.32;299.93
809;708235.23;5009494.94;294.07
4393;708235.21;5009494.94;294.08
2531;708235.21;5009494.93;294.07
3364;708240.21;5009499.02;292.4
3131;708228.48;5009499.23;295.8
1223;708225.97;5009502.31;296.61
2994;708221.17;5009507.32;298.59
4659;708213.02;5009511.98;298.95
2811;708213.02;5009511.97;298.94
1539;708211.94;5009515.63;299.13
2816;708192.16;5009524.1;300.48
2928;708192.16;5009524.1;301.18
766;708182.16;5009531.81;301.38
1574;708171.19;5009535.91;303.99
3200;708167.48;5009533.61;303.99
4501;708157.4;5009538.3;303.47
1284;708155.32;5009538.52;304.14
4742;708154.78;5009537.31;304.72
3820;708154.78;5009537.31;305.22
3015;708155.08;5009538.43;305.94
3357;708153.01;5009537.64;307.5
1546;708240.44;5009500.12;294.9
168;708228.72;5009507.77;293.23
2211;708243.16;5009498.16;293.81
4887;708249.59;5009496.74;289.63
4963;708255.25;5009495.49;285.83
51;708244.26;5009503.17;285.2
2248;708235.77;5009508.15;286.28
4703;708240.64;5009501.03;294.38
2039;708224.35;5009518.57;297.59
225;708225.09;5009514.02;297.35
2530;708220.84;5009517.6;297.94
200;708212.5;5009522.5;299.94
750;708223.91;5009515.45;297.17
3578;708220.82;5009517.62;297.96
2648;708202.21;5009528.99;304.32
4445;708212.84;5009512.55;300.41
4246;708199.32;5009530.33;304.57
3317;708198.05;5009530.97;307.28
879;708191.56;5009533.52;308.15
2962;708189.87;5009534.18;309.01
2241;708186.37;5009536.02;308.76
2335;708186.19;5009535.67;308.76
1017;708183.87;5009536.18;308.83
4663;708180.5;5009538.6;308.96
1063;708178.88;5009539.78;308.96
4455;708210.18;5009497.03;301.65
2840;708192.45;5009504.31;301.95
1821;708191.83;5009505.73;302.1
3369;708171.09;5009516.63;302.1
333;708165.61;5009518.98;303.73
3950;708164.14;5009520.81;304.79
2473;708163.1;5009522.28;306.53
3918;708161.89;5009519.6;304.38
2303;708162.76;5009522.65;307.87
619;708164.68;5009523.53;309.12
2746;708168.59;5009526.11;308.16
2127;708171.47;5009529.61;309.17
3769;708171.75;5009529.96;310.06
546;708158.29;5009520.7;304.74
648;708156.34;5009521.16;308.12
2793;708158.75;5009521.02;309.6
1405;708164.59;5009521.96;313.89
1591;708173.46;5009529.83;312.39
1671;708170.1;5009531.4;312.39
3191;708166.34;5009533.08;311.87
1385;708161.16;5009534.39;310.68
2099;708158.46;5009533.27;312.16
1933;708156.46;5009534.62;312.66
167;708164.34;5009530.97;308.7
2864;708148.93;5009535.18;313.02
1689;708168.07;5009528.69;309.32
2946;708164.2;5009530.49;308.7
3312;708171.32;5009529.59;309.16
3700;708172.98;5009529.94;312.35
2951;708160.92;5009530.01;310.19
539;708158.71;5009531.03;310.78
4098;708222.36;5009529.16;297.82
30;708228.37;5009564.08;289.9
101;708221.45;5009527.8;298.75
548;708231.41;5009561.23;288.76
4300;708236.53;5009545.63;284.28
4875;708248.02;5009536.17;283.81
3519;708259.94;5009547.78;283.55
4928;708270.28;5009556.39;281.42
1943;708232.86;5009506.35;292.74
1353;708240.68;5009521.23;284.84
