id;x;y;z
8516;361158.83;4785540.89;1277.0
2299;361134.4;4785532.0;1277.45
7563;361159.78;4785538.81;1277.04
3005;361168.1;4785545.07;1276.83
154;361125.75;4785525.4;1275.86
10076;361137.71;4785521.42;1279.04
8072;360687.69;4785653.24;1761.0
6997;360691.24;4785646.82;1761.0
812;360680.48;4785666.35;1761.0
4992;360694.64;4785658.33;1761.0
2079;360691.39;4785639.02;1761.0
1934;360695.16;4785649.66;1761.0
2307;360675.14;4785666.35;1761.0
1692;360680.36;4785671.95;1761.0
3605;361331.32;4785273.77;1836.88
2423;361342.01;4785267.28;1834.94
4185;361329.61;4785276.77;1837.08
6921;361335.38;4785266.49;1836.03
4503;361353.38;4785255.03;1831.99
2171;360758.46;4785557.05;1828.0
8589;360782.32;4785546.79;1828.0
1360;360740.78;4785554.56;1828.0
8805;360777.22;4785562.25;1828.0
3063;360794.04;4785548.85;1828.0
1674;360704.51;4785587.22;1828.0
8771;360694.23;4785593.7;1828.0
552;360692.95;4785581.75;1828.0
3702;360686.0;4785595.0;1828.0
5906;360666.35;4785672.72;1761.0
7291;360658.26;4785679.51;1761.0
4875;360672.86;4785672.61;1761.0
5866;360666.38;4785679.41;1761.0
4294;360658.15;4785684.05;1761.0
8091;360647.2;4785683.57;1761.0
1564;360670.51;4785678.91;1761.0
6624;360636.37;4785686.88;1761.0
4961;360647.86;4785698.59;1761.0
8649;359105.27;4790151.34;1113.0
5597;359092.87;4790153.16;1106.57
6006;359097.27;4790150.54;1108.42
6760;359099.32;4790161.26;1113.8
7258;359105.72;4790147.61;1113.07
5761;359091.44;4790159.59;1101.13
5889;360704.15;4785829.37;1707.39
678;360717.77;4785808.1;1706.01
6834;360704.18;4785829.45;1707.35
2177;360706.47;4785831.63;1707.33
3775;360691.88;4785815.83;1707.04
542;360809.49;4785542.61;1828.0
523;360843.44;4785532.6;1828.0
4612;360813.48;4785537.85;1828.0
5619;360869.76;4785524.98;1828.0
8395;360836.4;4785530.31;1828.0
2715;360855.02;4785549.18;1828.0
10036;360894.26;4785519.51;1828.0
1406;360894.69;4785526.28;1828.0
3608;360905.76;4785523.68;1828.0
6459;360884.89;4785478.91;1828.0
1857;360897.7;4785538.29;1828.0
3817;360909.81;4785518.67;1828.0
6684;360919.76;4785534.92;1828.0
4562;360923.29;4785521.9;1828.0
520;360932.85;4785508.25;1828.0
2056;361100.0;4785750.0;1852.0
5370;361100.0;4785750.0;1846.0
1526;361095.91;4785746.24;1829.05
624;361100.33;4785748.06;1782.95
2984;361257.53;4785306.4;1871.54
9432;361272.52;4785313.1;1864.51
5524;361254.27;4785303.43;1872.51
5590;361258.1;4785314.08;1873.5
9730;361255.92;4785306.71;1872.75
8019;361264.56;4785311.74;1871.26
6447;361243.83;4785298.43;1872.06
7274;361272.86;4785314.15;1863.62
6887;361271.96;4785313.35;1865.36
2868;361272.49;4785312.93;1865.68
6210;361268.61;4785314.11;1864.99
9699;361272.34;4785312.44;1863.76
2076;361271.82;4785306.72;1867.31
769;361270.06;4785308.74;1869.83
2067;361272.18;4785311.28;1867.06
4943;361271.9;4785311.74;1866.08
2240;361273.54;4785310.84;1865.02
7553;361272.29;4785311.86;1866.98
8272;361272.21;4785313.13;1864.26
4647;361270.3;4785311.75;1863.66
3963;361271.36;4785312.2;1863.1
8301;361264.86;4785291.47;1846.6
2660;361272.96;4785315.2;1862.63
3218;359382.84;4788720.92;1191.23
5996;359384.05;4788730.12;1186.4
4421;359385.73;4788721.21;1191.24
5350;359382.18;4788719.53;1191.38
1950;359381.69;4788733.23;1184.57
7884;359381.88;4788733.64;1194.05
8148;359383.69;4788733.73;1183.74
4917;359380.17;4788730.99;1193.79
4330;359388.03;4788726.15;1192.26
440;359387.57;4788717.57;1192.8
4521;359384.38;4788717.46;1192.55
6913;359390.61;4788711.6;1195.5
3700;359384.24;4788719.43;1191.55
3238;359388.0;4788706.0;1198.0
4409;359396.73;4788707.78;1198.42
2437;359093.58;4790186.81;1098.14
7033;359093.69;4790197.48;1105.76
9804;359100.13;4790184.55;1092.65
1987;359092.05;4790179.55;1095.58
5303;359087.11;4790184.98;1098.41
4948;359096.44;4790199.23;1105.67
641;359081.49;4790201.49;1159.24
3940;359098.0;4790199.31;1109.08
1575;359101.2;4790196.41;1115.26
474;359104.95;4790193.01;1121.32
2396;359109.76;4790199.58;1124.92
4851;359112.0;4790204.68;1128.65
7608;359099.14;4790207.57;1135.3
3932;359095.22;4790214.65;1147.49
5783;359091.32;4790216.55;1148.42
6726;359088.06;4790218.27;1147.95
448;359087.53;4790224.8;1144.52
4154;359088.0;4790232.0;1151.0
4538;359103.48;4790181.63;1107.38
1523;359107.0;4790186.28;1091.22
8639;359102.94;4790178.75;1106.05
8670;359101.81;4790169.99;1109.16
6445;359103.63;4790165.59;1111.14
9418;359103.26;4790164.54;1112.53
840;359088.32;4790168.2;1098.31
2261;359085.12;4790160.08;1098.27
5045;359088.1;4790158.84;1099.15
5928;359084.57;4790155.81;1102.98
3623;360803.66;4785353.54;1836.23
5975;360802.82;4785354.17;1846.23
2958;360808.06;4785349.4;1835.69
9601;360797.32;4785353.44;1835.97
5176;360803.86;4785358.41;1836.55
8621;360802.92;4785355.58;1835.73
4998;360809.08;4785348.92;1827.01
6668;360812.91;4785350.01;1837.11
752;360797.35;4785357.42;1833.37
1544;360799.68;4785356.46;1866.24
9574;360807.6;4785351.05;1866.26
5823;360795.16;4785359.77;1906.27
3613;360981.66;4785278.15;1913.92
5878;360999.0;4785269.0;1914.0
931;360983.03;4785281.91;1913.92
1519;360805.85;4785349.18;1830.46
3016;360806.58;4785349.15;1822.16
5518;360795.09;4785353.51;1834.41
9128;360808.27;4785348.71;1813.32
506;360802.56;4785353.36;1835.79
1396;360800.66;4785354.19;1835.95
8823;360823.7;4785346.97;1836.36
3090;360803.83;4785354.41;1836.11
1528;360805.04;4785351.8;1835.18
3697;360807.06;4785352.19;1836.15
2938;360806.08;4785351.76;1836.01
5262;360804.09;4785362.68;1836.64
9421;360802.84;4785358.99;1836.95
1289;360789.37;4785359.6;1835.77
5100;360781.04;4785357.13;1835.66
3595;360774.79;4785362.5;1835.48
7838;360767.7;4785366.0;1835.48
5384;360760.8;4785372.96;1835.42
9038;360743.94;4785383.39;1834.88
232;360735.04;4785392.0;1833.57
1340;360734.11;4785394.9;1834.44
7337;360734.53;4785381.21;1833.55
4501;360735.7;4785402.59;1834.65
7679;360733.75;4785406.44;1834.82
7977;360735.92;4785408.82;1835.02
5052;360731.58;4785410.28;1835.75
2609;360740.36;4785408.92;1835.93
3414;360724.33;4785407.95;1835.31
2764;360713.95;4785406.11;1835.57
748;360706.91;4785404.18;1835.89
7688;360698.05;4785397.26;1835.42
9093;360690.92;4785402.84;1834.7
7217;360690.57;4785401.17;1835.54
6584;360691.2;4785394.69;1835.73
1647;360688.04;4785412.99;1835.81
5670;360690.06;4785414.72;1835.87
8755;360686.53;4785422.5;1836.47
1839;360679.14;4785431.59;1836.67
4411;360676.31;4785437.77;1836.68
10054;360672.68;4785440.56;1836.33
10145;360672.92;4785448.92;1836.12
7771;360676.79;4785455.74;1835.79
5086;360673.66;4785463.67;1835.67
5099;360675.24;4785471.7;1835.87
9744;360673.88;4785486.25;1834.94
1552;360674.04;4785488.81;1836.46
2019;360673.55;4785490.77;1836.02
5158;360672.05;4785494.51;1834.58
517;360671.0;4785500.0;1835.0
2160;360492.37;4785358.79;1823.21
6103;360497.83;4785351.63;1826.6
8442;360489.18;4785359.1;1824.46
4370;360501.77;4785370.5;1822.91
813;360495.14;4785350.54;1828.86
3044;360497.29;4785346.5;1832.75
7268;360498.09;4785348.64;1834.65
4718;360497.85;4785351.73;1835.03
3247;360497.29;4785352.6;1844.16
6900;360495.91;4785346.86;1835.32
2559;360497.29;4785352.63;1844.83
7568;360494.57;4785360.34;1848.0
9395;360492.02;4785365.18;1851.82
5549;360489.34;4785370.79;1855.73
3749;360493.0;4785374.0;1857.0
9777;360493.0;4785374.0;1870.0
5790;360508.2;4785371.41;1825.48
1676;360490.48;4785385.44;1822.16
9347;360499.19;4785370.21;1822.69
6264;360493.03;4785386.43;1822.12
4212;360490.07;4785371.78;1818.38
9819;360490.27;4785367.07;1821.74
1510;360482.99;4785360.39;1829.0
5493;360461.31;4785377.36;1809.93
3352;360463.82;4785378.47;1810.84
802;360453.46;4785381.9;1812.49
8112;360460.9;4785377.29;1810.81
549;360462.28;4785387.97;1805.37
6742;360474.32;4785376.33;1813.1
7787;360480.64;4785370.29;1814.72
2362;360482.38;4785375.79;1816.83
798;360458.04;4785375.76;1814.68
10042;360449.13;4785380.16;1815.49
2887;360509.45;4785368.81;1828.5
403;360509.15;4785365.16;1831.67
2028;360507.67;4785367.91;1828.54
8785;360505.32;4785372.97;1824.42
1175;360512.36;4785372.04;1825.91
7809;360512.1;4785371.91;1826.66
8746;360505.39;4785361.99;1830.18
2894;360502.68;4785365.49;1830.33
4354;360511.17;4785360.3;1834.0
1365;360507.59;4785360.62;1830.17
2428;360500.94;4785367.48;1829.27
6662;360504.28;4785366.24;1826.6
4310;360503.39;4785362.7;1833.14
3714;360517.25;4785353.55;1838.88
2137;360512.37;4785367.35;1835.04
4639;360507.09;4785358.92;1833.79
2796;360521.68;4785354.5;1838.11
5337;360519.81;4785358.39;1838.36
2729;360526.1;4785353.22;1840.89
691;360516.4;4785365.91;1836.26
6034;360450.57;4785406.06;1799.05
5123;360445.28;4785406.54;1799.03
7630;360454.85;4785402.91;1799.41
4227;360453.53;4785408.85;1802.11
3048;360436.5;4785415.64;1797.99
6050;360425.66;4785422.41;1804.76
4292;360434.54;4785420.75;1797.11
5914;360428.63;4785422.24;1802.65
6383;360423.18;4785419.9;1808.04
5232;360424.83;4785425.14;1800.53
8763;360427.46;4785429.75;1800.33
6938;360424.82;4785436.61;1802.69
6778;360428.69;4785436.08;1802.94
6935;360428.75;4785438.36;1801.41
6424;360431.76;4785438.67;1826.67
4649;360429.65;4785429.65;1810.78
4255;360430.93;4785439.96;1801.56
1044;360432.32;4785446.12;1798.67
7416;360435.54;4785447.57;1791.68
2379;360434.84;4785446.17;1782.03
1802;360433.43;4785446.9;1777.8
8165;360430.12;4785448.87;1777.15
9530;360428.2;4785449.86;1777.89
7815;360425.23;4785449.97;1777.9
9310;360422.72;4785453.01;1777.73
181;360417.85;4785455.18;1775.82
2269;360415.98;4785456.71;1774.91
9301;360418.78;4785456.42;1775.69
3844;360412.39;4785460.53;1770.84
6804;360420.08;4785454.77;1775.96
5345;360424.65;4785451.8;1777.36
2723;360430.69;4785448.05;1776.53
3971;360431.1;4785449.6;1774.78
5995;360432.91;4785447.57;1777.54
2175;360434.08;4785448.69;1778.7
6652;360437.57;4785446.77;1779.02
7757;360438.04;4785444.92;1779.41
5405;360436.88;4785441.48;1780.4
10037;360438.22;4785444.1;1778.82
6258;360434.58;4785440.97;1782.7
5120;360433.71;4785441.97;1782.53
5769;360436.63;4785436.4;1777.59
586;360436.74;4785434.59;1779.22
7142;360432.51;4785441.33;1785.42
5977;360434.64;4785424.22;1787.08
294;360429.47;4785463.78;1716.63
8914;360432.38;4785440.83;1786.18
9931;360432.22;4785436.16;1787.82
977;360431.53;4785436.2;1790.2
8581;360430.3;4785434.24;1791.55
2656;360430.77;4785433.12;1792.51
5104;360430.33;4785436.34;1794.58
8366;360432.63;4785432.73;1792.02
754;360432.82;4785428.63;1794.82
4715;360434.81;4785427.34;1796.34
7651;360433.2;4785423.2;1794.65
7389;360432.63;4785425.3;1800.2
3597;360435.69;4785423.2;1794.62
414;360435.72;4785418.9;1795.67
2141;360434.33;4785414.29;1798.11
8258;360436.46;4785414.17;1797.67
7366;360460.91;4785398.07;1800.8
7056;360458.49;4785392.89;1802.78
1247;360720.92;4785808.57;1711.75
2469;360732.98;4785778.81;1712.93
2375;360720.88;4785813.94;1711.52
8167;360738.9;4785775.52;1715.91
5788;360724.31;4785755.61;1712.41
3273;360735.27;4785779.59;1716.79
5142;360734.92;4785776.13;1729.69
5782;360734.6;4785775.56;1728.59
9388;360738.72;4785772.88;1732.04
6441;360735.03;4785769.92;1731.83
6011;360734.6;4785763.48;1732.0
9077;360740.1;4785755.29;1732.58
6161;360738.24;4785752.77;1731.89
3699;360736.26;4785753.76;1732.65
4001;360728.35;4785747.53;1741.31
2675;360723.27;4785751.93;1731.32
7852;360726.27;4785751.78;1744.07
5945;360722.91;4785748.05;1748.2
5604;360716.42;4785752.3;1752.09
1135;360717.11;4785754.44;1755.41
1398;360709.07;4785758.88;1755.51
5841;360711.54;4785760.39;1754.71
5049;360709.11;4785766.45;1754.33
3299;360705.11;4785764.36;1755.03
9272;360702.39;4785767.54;1760.06
57;360702.53;4785769.17;1763.06
6898;360702.92;4785771.13;1764.12
696;360702.65;4785771.12;1778.35
32;360701.78;4785773.65;1780.66
1800;360675.73;4785798.39;1777.91
236;360674.0;4785822.0;1777.0
6653;360715.52;4785806.53;1691.89
3814;360698.27;4785821.68;1708.4
5394;360698.06;4785813.74;1709.4
5026;360627.38;4785691.26;1761.0
1245;360637.53;4785690.71;1761.0
5737;360617.65;4785701.33;1761.0
3078;360636.87;4785669.95;1761.0
5650;360609.02;4785695.06;1761.0
5553;360604.36;4785695.06;1761.0
2021;360592.8;4785686.04;1761.0
4524;360573.17;4785682.22;1761.0
10025;360565.85;4785689.04;1761.0
1640;360553.32;4785693.6;1761.0
8439;360573.71;4785692.7;1761.0
682;360558.2;4785699.96;1761.0
4443;360551.93;4785691.49;1746.86
2129;360540.79;4785698.16;1761.0
8411;360522.0;4785705.0;1761.0
7124;360524.83;4785706.12;1760.86
4137;360694.83;4785638.79;1761.0
4921;360805.0;4785572.92;1828.0
3079;360943.64;4785503.22;1828.0
788;360963.89;4785497.31;1828.0
3851;360942.86;4785499.82;1828.0
512;360961.49;4785494.38;1828.0
6911;360967.47;4785492.55;1828.0
3624;359937.3;4786281.66;1745.94
872;359938.96;4786284.44;1752.66
2297;359939.79;4786279.68;1747.52
9274;359937.03;4786284.31;1745.0
1863;359937.64;4786280.4;1745.64
5858;359941.02;4786281.72;1751.13
7789;359941.97;4786284.6;1751.86
3771;359943.47;4786283.24;1752.18
9654;359945.07;4786283.43;1768.31
3638;359944.1;4786281.56;1769.38
3203;359946.38;4786281.84;1769.35
9521;359945.34;4786282.19;1779.17
9015;359948.97;4786282.79;1780.11
7147;359949.27;4786281.51;1782.25
1546;359951.0;4786284.0;1785.0
3578;359946.82;4786287.43;1747.85
10246;359949.28;4786285.85;1747.59
5446;359947.84;4786293.66;1744.34
1361;359943.53;4786291.66;1745.65
3974;359945.62;4786281.47;1745.79
9162;359943.02;4786281.49;1746.05
3544;359956.6;4786305.26;1715.52
5684;359948.43;4786306.06;1721.06
9125;359957.96;4786306.89;1716.43
9480;359956.65;4786303.53;1736.12
6753;359957.9;4786302.9;1714.58
2666;359948.94;4786310.68;1720.35
485;359955.66;4786309.15;1716.97
5420;359954.15;4786299.29;1740.28
3887;359950.5;4786298.79;1741.97
2208;359953.35;4786302.86;1740.46
4796;359896.03;4786296.31;1649.91
8985;359895.98;4786299.39;1650.15
1058;359892.95;4786294.95;1650.02
3424;359891.94;4786305.36;1648.97
6521;359898.26;4786295.6;1655.92
8933;359891.05;4786293.54;1652.75
7990;359890.12;4786299.95;1650.15
6126;359890.03;4786310.71;1644.05
170;359891.09;4786311.12;1643.76
9490;359891.2;4786307.85;1641.9
8698;359889.93;4786308.13;1646.23
9762;359890.85;4786312.91;1642.73
3402;359892.38;4786314.6;1638.53
5676;359892.58;4786314.18;1643.03
6487;359892.41;4786315.18;1638.55
5688;359889.85;4786311.34;1637.44
4702;359893.48;4786315.31;1636.81
5844;359891.61;4786307.24;1635.14
5240;359893.47;4786306.59;1634.03
928;359893.08;4786304.19;1633.92
1017;359892.37;4786303.8;1639.93
6717;359892.48;4786303.23;1633.4
934;359892.4;4786306.32;1641.42
6131;359893.1;4786308.19;1649.22
5926;359890.06;4786311.0;1649.32
694;359937.12;4786288.32;1741.61
97;359938.29;4786291.84;1741.2
1639;359933.3;4786290.61;1739.77
952;359933.79;4786290.62;1731.78
8889;359931.65;4786294.65;1701.63
697;359936.32;4786292.12;1700.9
2747;359931.71;4786293.77;1700.31
6044;359930.12;4786297.82;1698.31
7427;359927.24;4786298.64;1695.61
6183;359926.8;4786298.69;1691.73
1899;359925.6;4786299.73;1692.18
7064;359923.19;4786295.84;1693.61
2120;359918.78;4786293.73;1696.51
4315;359917.89;4786295.39;1695.66
4360;359913.18;4786293.82;1697.09
0;359914.99;4786292.37;1698.3
2009;359912.21;4786292.65;1698.74
1147;359911.12;4786293.32;1698.55
898;359911.69;4786292.76;1686.22
9524;359911.31;4786293.39;1686.08
9610;359909.23;4786293.17;1682.1
9949;359908.45;4786294.38;1669.98
5955;359903.72;4786290.84;1671.88
493;359902.67;4786292.9;1671.04
6773;359901.06;4786293.71;1672.17
999;359900.05;4786293.57;1671.03
9950;359899.41;4786294.53;1656.37
4160;359937.55;4786286.62;1742.87
3493;359935.77;4786284.31;1744.5
3650;360732.96;4787936.29;1201.89
3405;360734.8;4787935.62;1202.4
4464;360734.8;4787935.62;1202.92
3371;360732.68;4787936.7;1201.89
1091;360735.1;4787933.91;1198.85
9322;360732.68;4787936.7;1208.24
6362;360732.68;4787937.69;1209.52
6330;360731.58;4787937.77;1209.42
5468;360732.86;4787937.34;1209.52
6115;360730.35;4787937.55;1209.08
9541;360730.35;4787937.55;1215.88
2277;360729.19;4787937.35;1214.9
5315;360727.81;4787936.06;1215.55
6224;360725.93;4787936.74;1215.55
5467;360725.93;4787938.74;1215.55
2538;360724.93;4787940.48;1215.55
4784;360725.87;4787940.82;1217.28
1006;360725.19;4787942.7;1217.28
6219;360723.69;4787945.3;1217.28
6220;360723.69;4787945.3;1217.78
7500;360723.22;4787945.47;1217.78
814;360721.97;4787947.63;1217.78
6865;360720.94;4787950.45;1217.78
525;360718.95;4787949.72;1219.91
2197;360717.65;4787949.28;1220.83
3193;360718.43;4787950.8;1221.22
9313;360717.18;4787957.86;1225.53
4335;360716.08;4787960.02;1225.19
8968;360713.77;4787964.56;1226.94
8615;360710.18;4787965.97;1225.61
2276;360710.02;4787968.25;1225.04
8078;360717.04;4787968.0;1228.32
7811;360721.46;4787970.55;1226.56
5022;360721.46;4787970.55;1253.46
9866;360721.28;4787970.71;1254.18
7562;360721.44;4787971.3;1256.65
9910;360723.56;4787972.9;1258.72
1844;360727.3;4787974.89;1259.78
7657;360727.3;4787974.89;1265.09
2190;360733.49;4787979.9;1265.78
1250;360733.49;4787979.9;1269.54
3186;360731.55;4787978.99;1269.2
9805;360731.55;4787978.99;1280.3
7160;360732.98;4787983.27;1283.89
8511;360735.17;4787983.77;1285.34
9183;360735.17;4787983.77;1288.47
7252;360737.08;4787983.11;1289.21
7911;360734.8;4787986.37;1290.5
118;360736.35;4787984.81;1291.05
8462;360739.44;4787981.73;1291.66
411;360742.78;4787982.03;1292.5
5796;360743.45;4787982.03;1294.7
5259;360745.48;4787981.85;1295.52
7133;360747.35;4787979.62;1294.85
5806;360744.49;4787980.66;1294.85
9628;360743.1;4787979.5;1294.5
9104;360741.31;4787979.81;1295.2
8369;360741.31;4787979.81;1297.18
2635;360742.94;4787980.1;1298.72
10256;360743.9;4787978.44;1298.74
8296;360746.02;4787974.76;1298.77
3520;360752.49;4787969.33;1300.87
6934;360754.61;4787967.84;1300.69
9806;360763.0;4787963.0;1305.0
8997;364610.5;4790890.44;831.52
9182;364610.53;4790885.37;831.23
2589;364611.56;4790886.44;831.63
854;364619.89;4790884.9;829.94
1170;364612.53;4790895.92;831.05
2071;364608.52;4790883.26;831.46
1587;364609.49;4790880.69;831.33
6774;364607.85;4790879.05;831.93
7451;364608.58;4790874.44;834.34
2631;364607.05;4790873.26;835.2
1243;364608.26;4790871.2;836.1
6497;364607.69;4790869.21;836.12
4496;364608.8;4790868.15;837.59
10228;364606.0;4790859.0;844.0
9222;364616.1;4790891.47;831.2
2187;364618.32;4790884.03;830.01
1594;364621.59;4790885.64;830.34
7321;364555.49;4789059.59;492.65
319;364544.97;4789061.03;492.69
1196;364548.79;4789058.18;495.12
1541;364564.99;4789053.81;493.57
4498;364555.0;4789054.91;493.01
3507;364540.35;4789064.34;492.78
7724;364535.6;4789064.02;492.81
5894;364528.73;4789069.63;491.53
7779;364523.45;4789076.34;482.63
4591;364523.53;4789080.62;478.78
6359;364518.04;4789083.16;475.48
8033;364516.77;4789089.03;475.15
8766;364519.45;4789091.7;475.35
8459;364522.44;4789095.48;475.07
7973;364525.27;4789097.36;474.51
2189;364526.95;4789100.61;474.51
2308;364531.46;4789101.44;474.73
7669;364525.15;4789102.24;475.07
9217;364529.35;4789106.7;470.12
6632;364523.28;4789104.58;474.68
8512;364517.77;4789108.83;474.56
8358;364519.15;4789115.85;474.66
4621;364522.63;4789119.95;474.55
6581;364520.35;4789123.87;474.37
2383;364511.29;4789124.03;473.43
6960;364506.25;4789131.79;472.95
10057;364500.58;4789133.98;473.01
2606;364494.46;4789140.77;472.8
5334;364489.66;4789142.97;472.44
5791;364485.39;4789147.78;472.87
2726;364480.77;4789149.44;472.96
5510;364484.8;4789148.81;467.29
6664;364471.1;4789157.11;472.9
6631;364465.7;4789163.39;472.71
4690;364461.1;4789172.01;472.78
1785;364456.96;4789175.28;472.67
3977;364452.23;4789183.11;472.78
9300;364447.86;4789185.22;472.3
1309;364442.33;4789189.38;472.38
1030;364443.22;4789193.51;472.65
4051;364584.12;4789020.92;502.47
1737;364577.83;4789030.46;502.17
2716;364578.17;4789019.5;507.66
1098;364591.8;4789019.07;502.33
9817;364571.65;4789031.59;501.98
8507;364570.08;4789036.25;500.56
7616;364567.62;4789041.33;496.05
8170;364566.71;4789049.11;493.12
4713;364573.45;4789030.83;496.41
10169;364573.68;4789024.19;509.31
3944;364562.43;4789025.58;517.36
3996;364564.65;4789029.19;516.07
9700;364558.03;4789009.02;530.7
9797;364560.64;4789039.28;517.67
1555;364557.31;4789038.32;520.3
3195;364553.59;4789041.88;523.33
2443;364545.68;4789044.14;527.72
5974;364559.52;4789046.92;519.46
8496;364539.34;4789044.84;526.54
8612;364535.9;4789043.37;522.65
5313;364532.28;4789044.94;521.55
2246;364532.17;4789043.7;517.55
10024;364532.4;4789050.13;512.74
5407;364528.09;4789050.45;510.96
6226;364528.77;4789056.02;505.55
9370;364535.05;4789055.49;503.49
1159;364518.36;4789056.33;506.12
4742;364542.3;4789057.2;498.36
9803;364562.59;4789051.18;492.29
1729;364596.32;4789017.74;505.73
663;364594.0;4789024.42;499.09
6678;364598.43;4789022.42;498.72
8955;364604.53;4789009.94;508.24
5385;364590.32;4789021.74;498.51
2010;364585.1;4789021.6;497.59
5976;364612.74;4789024.23;499.29
1703;364621.75;4789023.86;498.36
6391;364608.95;4789015.68;501.08
4794;364651.72;4789007.35;501.4
4384;364640.71;4789003.71;505.81
8584;364655.87;4788994.25;500.96
3519;364648.54;4789012.56;499.55
6112;364644.89;4788984.65;502.45
639;364653.1;4788988.84;501.13
3556;364651.78;4788970.21;503.03
10152;364643.78;4789017.76;498.9
10168;364646.94;4789017.78;501.51
3997;364638.08;4789019.61;501.71
7225;364632.94;4789026.92;498.82
9238;364617.8;4789009.83;504.44
469;364626.28;4789013.15;504.47
8179;364632.23;4789016.41;504.55
10012;364636.49;4789015.63;504.5
3097;363853.17;4789559.44;516.45
5005;363857.3;4789561.77;512.94
7546;363847.72;4789551.56;521.22
9358;363855.31;4789564.18;514.11
1082;363858.49;4789565.74;513.56
8715;363860.26;4789568.41;513.42
2282;363862.15;4789569.79;512.54
1663;363862.15;4789569.79;509.84
4586;363865.67;4789575.5;507.2
4665;363870.57;4789577.51;507.07
4997;363870.45;4789582.3;506.77
849;363870.22;4789584.37;505.06
6235;363872.68;4789581.4;506.77
6408;363870.26;4789587.31;503.78
6130;363870.89;4789590.12;502.64
1884;363872.37;4789592.11;501.57
9570;363874.02;4789590.83;499.28
4407;363870.22;4789591.68;499.11
938;363865.43;4789597.96;498.9
1423;363863.98;4789604.56;497.53
7548;363864.41;4789605.37;496.21
274;363873.47;4789613.63;495.25
1290;363879.16;4789613.96;494.19
8049;363894.8;4789618.25;491.76
3095;363906.61;4789620.62;488.42
4180;363906.15;4789628.49;486.53
1758;363911.77;4789629.21;487.18
4375;363915.66;4789628.34;486.93
3713;363921.99;4789634.97;482.95
7855;363926.77;4789633.45;481.56
3973;363929.59;4789637.69;481.25
10257;363938.49;4789637.9;483.55
4014;363938.74;4789646.37;482.88
1214;363929.75;4789658.15;474.15
941;363927.53;4789664.85;472.72
1709;363930.53;4789674.91;472.44
4522;363921.0;4789684.0;470.0
5564;363635.28;4789574.55;605.23
8168;363616.39;4789558.5;608.49
295;363656.51;4789560.42;615.53
2398;363633.89;4789587.07;605.56
6405;363605.81;4789573.42;600.16
9736;363596.8;4789578.14;600.96
5341;363593.89;4789567.75;600.68
1344;363583.74;4789566.79;600.59
1979;363572.21;4789551.86;609.59
3722;363561.19;4789555.79;608.05
7968;363551.59;4789554.55;610.55
6059;363561.85;4789546.35;614.44
7;363565.25;4789539.79;612.67
621;363576.31;4789538.89;607.84
7758;363580.63;4789525.85;603.51
6455;363583.52;4789529.73;600.31
3514;363570.63;4789505.85;593.51
2194;363607.94;4789534.63;582.54
503;363628.52;4789529.26;570.99
1707;363634.83;4789534.43;570.21
4368;363651.82;4789537.23;559.65
7020;363661.17;4789538.1;552.18
9737;363666.26;4789541.98;551.9
2728;363656.32;4789543.82;552.05
3245;363677.47;4789545.27;545.56
8991;363674.56;4789542.52;546.82
5355;363666.93;4789525.33;551.79
593;363684.34;4789539.58;544.38
6072;363692.57;4789542.63;541.62
6468;363705.21;4789540.48;537.08
6509;363720.22;4789531.23;533.49
1270;363736.95;4789533.38;528.81
1184;363751.84;4789531.91;535.01
4759;363758.08;4789529.43;533.02
555;363763.24;4789531.88;534.5
2605;363768.67;4789528.54;535.8
7849;363773.27;4789530.72;535.48
6667;363781.3;4789538.04;534.63
8523;363790.51;4789539.89;534.55
2570;363797.15;4789542.62;533.22
2654;363797.51;4789547.08;532.14
2363;363802.12;4789548.0;530.75
6369;363817.08;4789554.77;529.17
6138;363826.58;4789554.5;527.24
1073;363835.79;4789557.55;523.22
4633;363770.33;4789511.77;622.4
3785;363783.92;4789492.05;625.89
2268;363768.68;4789502.75;622.93
5603;363742.33;4789515.04;625.36
4072;363799.76;4789477.11;626.77
6488;363827.71;4789488.0;621.99
9177;363826.26;4789493.23;617.87
1669;363824.7;4789488.17;620.63
1563;363816.04;4789512.38;615.33
6640;363809.18;4789517.07;615.57
6381;363788.9;4789511.08;619.01
7143;363814.65;4789523.91;612.9
8483;363733.3;4789516.73;625.85
2235;363733.22;4789529.98;623.51
994;363720.03;4789543.47;617.02
6478;363726.58;4789538.99;618.53
1629;363714.32;4789554.05;616.17
75;363698.4;4789545.81;621.32
8545;363687.27;4789563.39;612.48
1804;363683.71;4789570.26;613.44
8824;363675.74;4789568.37;613.72
1923;363682.31;4789563.48;613.58
1577;363672.39;4789558.78;621.26
1996;363672.28;4789548.86;623.19
5357;363661.91;4789549.52;621.73
3069;363544.88;4789681.44;631.88
967;363540.36;4789670.64;624.93
841;363545.62;4789685.45;633.5
3447;363552.59;4789689.81;632.48
1195;363537.19;4789677.65;624.02
9372;363531.06;4789685.01;624.19
6505;363532.12;4789697.61;626.43
8046;363522.68;4789691.71;624.75
4544;363537.86;4789692.11;631.67
3001;363541.25;4789691.88;632.99
482;363544.02;4789685.83;633.16
1548;363537.39;4789613.27;645.24
8500;363540.92;4789616.37;645.28
9688;363534.96;4789618.63;653.2
5969;363546.1;4789624.62;644.49
10190;363570.41;4789632.98;634.94
10172;363589.22;4789638.5;632.53
948;363587.56;4789648.59;627.97
810;363588.37;4789666.24;634.4
5915;363579.07;4789668.5;630.34
3308;363574.65;4789673.89;629.73
10195;363566.9;4789675.92;631.29
1481;363562.23;4789682.03;631.02
7504;363558.2;4789684.82;631.02
7649;363543.87;4789623.8;645.49
9174;363553.64;4789629.99;642.28
6178;363558.71;4789638.56;638.36
3046;363586.56;4789639.21;623.24
7493;363596.59;4789632.28;615.77
2775;363602.06;4789621.25;607.92
6287;363599.35;4789609.18;604.26
5785;363604.34;4789625.99;609.73
8215;363604.11;4789602.94;605.15
471;363620.17;4789594.88;606.25
9856;363621.54;4789598.64;606.25
407;362674.75;4789016.57;741.24
4083;362679.16;4789012.6;742.14
5487;362666.31;4789017.86;749.2
756;362670.38;4789016.42;741.7
8902;362683.83;4789014.21;744.55
9582;362709.43;4789018.73;776.65
1690;362683.83;4789014.21;738.15
7867;362719.62;4789019.44;786.51
324;362719.18;4789011.01;780.6
8714;362724.0;4789017.67;789.7
10123;362718.96;4789008.97;778.55
4814;362722.79;4789007.5;778.7
58;362724.44;4789005.67;777.6
5848;362724.95;4789003.64;776.24
5756;362724.95;4789003.64;774.14
6790;362723.9;4788999.99;769.1
5960;362723.9;4788999.99;761.9
8798;362718.75;4788997.81;758.41
2154;362728.68;4788993.59;758.03
463;362733.05;4788995.44;757.28
2165;362736.04;4788998.04;753.18
7187;362737.37;4788991.17;753.06
6603;362740.0;4788987.93;751.37
7645;362746.36;4788982.77;750.94
6642;362746.66;4788974.26;749.74
9555;362756.8;4788970.16;750.89
7294;362765.36;4788974.91;748.82
6647;362765.71;4788979.94;748.11
8498;362772.89;4788979.11;746.1
866;362781.11;4788987.15;742.03
9862;362796.33;4789005.5;734.51
7233;362803.39;4789017.42;728.49
3951;362799.68;4789024.28;728.42
8735;362803.97;4789034.55;730.89
247;362810.75;4789031.99;735.87
502;362831.14;4789038.76;745.66
9786;362840.1;4789045.35;744.39
1944;362850.15;4789045.06;732.2
4157;362857.15;4789058.43;729.68
3008;362861.9;4789064.81;727.32
2052;362875.61;4789094.69;725.88
6892;362876.98;4789101.35;725.94
3872;362878.95;4789106.57;727.08
1976;362883.76;4789114.38;725.54
10092;362884.07;4789119.17;724.57
4036;362896.42;4789125.56;710.9
8024;362907.39;4789124.67;697.55
10045;362924.94;4789116.62;685.25
7965;362964.39;4789134.47;678.0
5097;362945.84;4789170.33;688.44
6319;362969.78;4789182.71;682.47
4520;362959.12;4789196.68;686.36
7102;362956.35;4789226.21;689.22
5533;362963.2;4789254.43;696.73
10068;362975.65;4789260.33;695.89
2146;362988.85;4789277.43;695.7
7573;362999.56;4789283.46;695.16
9208;363010.39;4789286.43;692.26
7044;363023.81;4789292.79;693.43
1020;363028.46;4789295.85;696.58
5300;363040.45;4789312.56;697.84
3541;363057.47;4789323.76;696.95
8014;363057.47;4789323.76;710.25
5967;363052.73;4789327.7;712.31
4488;363051.55;4789327.91;713.17
9423;363056.98;4789319.09;710.04
9597;363050.89;4789344.16;723.69
7560;363056.24;4789366.2;722.7
1328;363055.13;4789369.36;723.7
4331;363051.16;4789373.42;726.65
3244;363054.5;4789377.59;728.34
1543;363061.0;4789381.1;726.15
4406;363063.49;4789381.47;723.58
7892;363068.32;4789386.19;719.11
7467;363068.67;4789391.61;717.08
8619;363077.54;4789421.25;715.19
1035;363095.37;4789427.87;700.06
1234;363103.67;4789440.82;699.39
877;363122.07;4789442.22;703.48
865;363125.75;4789441.86;703.58
483;363125.75;4789441.86;712.48
314;363127.89;4789441.3;714.65
9473;363131.34;4789439.0;716.63
2257;363137.93;4789439.73;717.62
390;363138.74;4789446.66;716.33
1856;363136.28;4789447.69;713.21
223;363133.67;4789443.92;706.78
1557;363136.87;4789445.72;706.36
514;363140.04;4789444.83;704.26
2509;363144.91;4789443.28;697.85
3590;363147.5;4789446.01;703.99
5797;363148.94;4789445.16;701.73
6308;363153.1;4789447.4;702.53
4382;363155.3;4789448.69;704.63
529;363157.62;4789446.05;706.53
8232;363158.62;4789441.07;705.41
4754;363164.09;4789437.57;709.55
1305;363172.0;4789433.94;714.67
3068;363173.41;4789434.44;714.66
9362;363175.84;4789436.98;709.55
9159;363178.71;4789439.33;708.73
8461;363178.68;4789443.49;707.65
8125;363180.74;4789446.07;706.8
271;363182.06;4789451.49;710.5
737;363175.98;4789457.29;712.36
5482;363180.47;4789464.03;710.11
6587;363178.46;4789471.86;708.76
1273;363183.84;4789471.24;711.58
6779;363186.93;4789477.68;708.47
745;363195.6;4789483.39;707.83
3250;363192.6;4789491.07;698.84
7010;363192.89;4789495.65;699.04
4356;363207.09;4789501.78;704.21
7584;363208.4;4789504.19;703.65
7071;363244.87;4789500.58;724.38
5245;363254.12;4789500.8;725.27
5008;363257.9;4789503.48;726.05
8011;363297.62;4789504.42;728.48
7137;363308.7;4789508.98;727.96
2539;363321.45;4789514.22;721.08
6502;363326.15;4789521.84;714.7
699;363325.75;4789527.09;716.88
4741;363328.31;4789530.29;716.63
2971;363328.92;4789534.84;716.51
6190;363329.95;4789535.93;716.42
1762;363330.88;4789537.18;718.37
9414;363331.83;4789540.0;718.71
7130;363329.84;4789543.56;718.01
7793;363333.96;4789552.48;713.21
6870;363336.47;4789569.01;700.84
9392;363349.59;4789569.78;699.57
3708;363363.97;4789576.59;693.3
8097;363376.45;4789583.61;689.6
9911;363383.72;4789587.53;682.03
9608;363394.3;4789593.0;679.39
286;363412.35;4789592.8;666.99
6895;363425.79;4789583.16;660.14
2180;363434.88;4789579.18;654.75
157;363452.75;4789581.48;649.75
3437;363487.73;4789584.76;634.48
3282;363495.04;4789588.87;638.48
1739;363495.04;4789588.87;656.08
9069;363498.0;4789595.03;659.64
662;363505.93;4789595.91;660.12
8571;363507.51;4789599.51;661.59
6464;363509.49;4789604.75;661.45
2333;363513.62;4789618.59;668.34
9923;363527.36;4789630.68;665.6
8817;363533.52;4789618.24;654.95
8219;362244.94;4788913.43;892.42
3995;362242.06;4788909.1;889.97
3065;362243.91;4788910.84;891.22
9293;362255.6;4788915.51;890.51
5096;362239.28;4788907.86;889.58
1259;362238.69;4788901.52;890.91
2546;362239.59;4788900.12;890.42
6580;362239.64;4788898.21;889.3
4355;362239.15;4788898.58;892.32
3025;362239.21;4788896.91;892.74
2927;362240.51;4788894.38;891.78
965;362239.71;4788892.41;893.13
1459;362239.91;4788889.99;894.17
1892;362241.25;4788888.72;894.9
8003;362241.11;4788888.06;896.47
3765;362239.41;4788884.04;894.19
605;362239.91;4788883.59;897.53
5939;362239.53;4788882.5;898.18
6770;362238.84;4788881.05;899.65
3272;362237.34;4788879.49;902.02
5207;362232.28;4788879.56;902.78
422;362236.39;4788881.39;904.96
6930;362235.4;4788883.53;912.02
8767;362234.18;4788879.86;916.1
5854;362235.02;4788879.27;915.97
3227;362232.56;4788875.83;912.24
8655;362233.05;4788872.32;910.76
4810;362234.65;4788865.67;910.94
2780;362236.12;4788869.91;914.99
1114;362233.48;4788866.6;914.0
3384;362239.1;4788869.88;911.51
8284;362240.01;4788874.07;907.18
3828;362242.35;4788878.34;905.05
2134;362241.62;4788882.18;901.96
2986;362241.25;4788885.99;898.67
3824;362240.54;4788890.9;896.62
7247;362239.99;4788897.65;894.43
452;362238.19;4788902.89;893.61
9305;362239.19;4788906.47;889.35
2414;362260.5;4788914.19;892.35
2031;362266.46;4788917.22;891.72
5400;362262.71;4788913.12;890.87
5629;362268.17;4788916.53;892.24
9722;362272.47;4788912.08;893.79
5726;362280.73;4788913.98;893.79
7171;362294.26;4788920.01;892.23
7662;362284.07;4788900.59;899.65
2205;362301.38;4788915.72;893.55
7196;362288.95;4788918.28;893.83
10235;362301.84;4788928.69;886.36
2503;362299.55;4788910.96;896.26
10096;362305.43;4788939.76;884.09
4386;362307.44;4788944.49;884.82
9067;362306.89;4788948.95;881.79
6029;362305.31;4788954.47;895.32
9350;362307.09;4788961.09;899.94
5473;362304.37;4788964.7;907.18
3404;362301.23;4788970.13;911.09
9145;362303.78;4788972.59;918.7
2500;362309.83;4788967.59;915.99
5333;362292.42;4788979.33;927.94
834;362309.44;4788965.55;914.49
3704;362309.44;4788965.55;907.63
6978;362310.45;4788966.12;907.71
7000;362310.45;4788966.12;904.22
2748;362312.11;4788964.54;903.43
2857;362313.22;4788966.27;900.26
6736;362314.9;4788964.61;896.47
7391;362316.33;4788961.72;888.5
325;362316.33;4788961.72;878.97
1483;362316.2;4788958.91;875.09
1084;362313.22;4788959.35;876.71
2004;362316.2;4788958.91;869.41
3072;362318.98;4788959.07;869.41
8389;362325.39;4788959.78;867.8
6182;362322.45;4788940.43;858.26
10090;362336.28;4788955.99;867.09
1090;362316.9;4788935.37;850.2
6526;362327.77;4788924.97;864.21
2429;362333.02;4788933.27;861.44
2315;362308.47;4788932.87;864.29
362;362339.28;4788959.03;873.19
2772;362343.55;4788965.21;876.69
332;362354.03;4788980.36;872.1
1258;362362.55;4788986.63;875.94
9122;362371.28;4788996.12;884.32
3204;362385.84;4789008.48;884.99
1660;362389.76;4789009.41;885.85
5859;362397.18;4789017.19;886.13
6024;362404.71;4789022.73;888.9
6047;362406.1;4789024.54;886.98
9735;362407.81;4789024.52;882.53
8489;362413.77;4789035.43;883.18
855;362412.05;4789040.95;883.68
4974;362407.24;4789044.9;889.19
9166;362421.55;4789046.86;883.29
8613;362424.08;4789056.52;882.95
3569;362422.47;4789046.7;883.02
8518;362427.69;4789047.29;882.33
3915;363921.79;4789565.78;508.47
7115;363915.73;4789569.18;509.94
701;363927.15;4789571.63;508.98
9751;363915.48;4789571.5;507.44
1193;363912.1;4789564.53;511.19
7065;363909.84;4789570.54;511.89
661;363905.75;4789571.34;513.75
1820;363903.64;4789573.08;514.68
5155;363899.49;4789572.84;516.16
2810;363898.94;4789577.92;518.17
3428;363894.63;4789578.34;518.08
6999;363891.76;4789579.48;518.59
9649;363890.01;4789575.6;519.57
7053;363886.4;4789577.32;519.34
511;363883.96;4789576.11;518.97
9041;363881.72;4789577.72;518.12
383;363877.3;4789575.22;514.04
8660;363874.47;4789571.19;513.95
3673;363869.64;4789571.85;514.18
7410;363868.73;4789567.71;514.92
7614;363866.42;4789569.0;515.61
2404;363864.67;4789567.82;515.56
4224;363860.54;4789569.0;518.01
5881;363858.68;4789566.51;516.51
2034;363939.8;4789568.64;510.77
1366;363939.16;4789572.01;510.18
6501;363944.59;4789570.4;516.5
5557;363933.58;4789568.83;509.6
6090;362451.32;4789016.34;887.32
4204;362445.85;4789017.69;895.62
8958;362447.19;4789023.34;885.64
6876;362455.17;4789013.36;882.93
9878;362448.43;4789012.3;890.54
1393;362444.09;4789020.38;897.21
4465;362445.46;4789022.1;899.35
6159;362443.83;4789018.82;894.32
9352;362443.08;4789025.25;901.79
8281;362435.33;4789032.15;904.84
5584;362432.16;4789036.11;906.86
5624;362436.92;4789034.54;907.99
7865;362430.78;4789042.23;905.94
8636;362429.64;4789045.2;902.26
1810;362428.46;4789043.77;902.91
3287;362421.47;4789048.44;899.31
8247;362419.46;4789047.07;898.6
1232;362421.5;4789047.5;897.92
6271;362416.29;4789045.37;900.33
7738;362417.43;4789051.13;900.4
2788;362432.44;4789044.29;905.8
6535;362413.27;4789045.49;903.74
5144;362424.51;4789046.75;891.48
2014;362419.61;4789045.72;882.32
3808;362445.7;4789034.61;882.39
95;362446.81;4789036.59;881.68
7620;362435.46;4789043.34;884.87
987;362469.41;4789012.46;882.68
8370;362470.41;4789004.77;880.75
9778;362476.03;4788995.17;882.12
8822;362477.23;4788987.47;884.95
5993;362475.96;4788981.84;887.52
2751;362471.69;4788978.58;893.93
2987;362471.26;4788970.89;893.39
5762;362477.98;4788962.4;892.73
9332;362481.32;4788953.4;892.4
9708;362484.75;4788951.11;892.32
6079;362488.45;4788945.89;892.1
4500;362496.97;4788935.87;891.87
7835;362507.93;4788931.74;891.26
7419;362519.25;4788925.3;894.03
7689;362526.33;4788924.09;894.53
9452;362534.32;4788923.58;891.13
3309;362542.93;4788923.34;876.81
3365;362551.77;4788921.19;869.94
329;362560.49;4788934.79;866.51
878;362568.53;4788958.61;867.39
5146;362567.27;4788927.36;867.39
9672;362552.88;4788969.4;882.81
9917;362573.33;4788962.55;868.26
10008;362575.25;4788972.74;868.26
4560;362579.71;4788979.98;860.33
1593;362583.55;4788986.2;853.51
1654;362579.22;4788979.65;882.82
3525;362590.77;4788990.69;845.85
3026;362593.78;4788987.38;843.17
9091;362598.86;4788987.06;832.25
6548;362604.28;4788979.14;828.38
3946;362608.02;4788979.82;827.43
1725;362625.35;4788984.58;806.75
208;362631.53;4788987.51;803.85
6217;362636.89;4788992.93;793.36
9627;362639.67;4789007.75;779.3
2243;362648.64;4789011.07;769.39
4638;362660.17;4789017.82;755.57
918;362614.75;4789098.66;675.0
7622;362610.48;4789091.51;672.99
7907;362611.35;4789093.1;672.44
5450;362611.69;4789101.22;675.28
4064;362615.98;4789085.12;671.02
4979;362620.84;4789084.53;670.52
9946;362619.53;4789093.75;670.45
797;362615.46;4789081.3;668.17
8924;362614.59;4789110.15;677.27
2885;362616.7;4789114.89;677.64
5798;362631.86;4789092.42;685.41
1946;362634.22;4789080.27;686.27
704;362632.24;4789057.65;699.92
2630;362637.11;4789078.32;686.03
6863;362641.42;4789044.53;703.91
6802;362649.57;4789043.67;704.2
5358;362642.03;4789028.2;713.36
8090;362650.41;4789033.44;716.57
2196;362652.41;4789033.44;716.57
8009;362652.41;4789033.44;725.37
4516;362654.41;4789033.44;725.37
9284;362654.41;4789033.44;718.07
1989;362658.62;4789041.35;722.06
2949;362658.62;4789041.35;732.86
8707;362659.62;4789044.64;726.97
5721;362656.87;4789034.84;736.59
1711;362657.49;4789034.22;736.53
3998;362658.62;4789041.35;721.06
10154;362663.49;4789043.3;735.46
3229;362664.89;4789033.3;740.52
367;362666.0;4789020.65;740.52
8109;361608.69;4790340.49;843.39
9576;361605.91;4790340.15;842.96
5495;361615.49;4790336.86;843.46
3551;361593.52;4790353.4;839.77
10242;361619.33;4790348.05;844.74
8804;361597.88;4790338.68;845.4
6522;361601.48;4790346.16;841.82
3506;361604.81;4790347.67;842.56
3032;361605.48;4790338.69;842.52
7794;361599.53;4790341.76;836.57
3888;361598.39;4790339.22;835.21
5319;361597.51;4790340.67;838.68
3374;361602.28;4790339.53;835.13
2643;361608.72;4790337.85;841.02
4452;361610.92;4790345.69;833.35
8953;361619.21;4790337.73;843.28
2815;361613.99;4790333.42;844.38
23;361593.51;4790358.17;842.41
1993;361590.66;4790352.38;840.66
10014;361592.72;4790364.71;845.9
4474;361591.67;4790370.35;846.13
1323;361590.77;4790360.26;847.61
5392;361585.24;4790366.7;845.6
981;361596.73;4790377.15;847.31
859;361584.12;4790360.81;843.37
8964;361576.82;4790351.23;831.04
6185;361571.07;4790351.78;824.41
1235;361562.81;4790361.05;838.86
2465;361559.18;4790362.53;840.6
5051;361551.08;4790358.79;841.15
5310;361562.67;4790360.68;838.73
4286;361342.49;4790371.79;877.47
3462;361341.93;4790374.0;877.75
8291;361336.74;4790366.92;871.69
2612;361343.88;4790368.03;877.97
3651;361334.31;4790378.93;876.67
10109;361349.33;4790374.46;883.0
8693;361335.54;4790378.34;894.87
4251;361338.65;4790375.73;896.35
2390;361334.81;4790370.52;899.28
2038;361339.87;4790366.15;901.6
1748;361341.28;4790361.82;903.51
7301;361345.4;4790359.7;904.56
1408;361347.37;4790356.5;905.38
1220;361352.49;4790360.97;909.08
6117;361356.19;4790363.41;911.02
10046;361358.57;4790366.17;912.51
3855;361360.65;4790366.56;914.27
364;361363.86;4790369.3;914.9
6367;361372.11;4790384.62;919.08
8870;361354.35;4790386.48;918.61
4035;361375.8;4790390.65;921.06
2952;361376.46;4790379.1;917.9
4684;361362.79;4790393.84;919.92
9023;361347.84;4790390.14;923.86
9330;361364.21;4790401.5;924.03
10234;361362.97;4790409.4;927.05
1828;361367.82;4790404.35;926.65
9207;361369.24;4790405.9;929.12
203;361367.45;4790409.29;933.5
9256;361368.97;4790412.68;938.06
8696;361371.7;4790413.84;938.0
3592;361373.32;4790418.64;935.81
8326;361376.4;4790424.85;939.61
9126;361380.54;4790425.26;941.65
817;361380.08;4790426.47;951.33
1296;361384.44;4790427.75;953.05
1953;361386.16;4790428.75;954.21
4615;361386.35;4790429.88;957.93
10244;361390.59;4790430.38;959.61
3665;361394.63;4790432.33;961.34
6165;361396.84;4790437.79;963.5
2256;361393.05;4790442.72;965.7
3153;361387.57;4790447.84;966.86
5151;361383.36;4790452.7;967.57
8120;361378.13;4790451.03;968.8
4571;361374.7;4790448.61;969.07
2640;361368.31;4790445.13;970.07
8641;361364.54;4790453.89;971.82
4636;361360.52;4790439.38;970.39
8371;361360.93;4790457.97;974.04
3637;361361.15;4790460.31;975.78
9113;361359.0;4790462.0;977.0
3738;361342.22;4790345.67;858.14
3689;361340.88;4790355.85;864.42
6536;361345.56;4790339.57;857.84
2515;361342.96;4790341.52;855.53
1489;361337.98;4790354.64;864.89
5730;361333.7;4790360.39;870.07
4174;361332.7;4790362.48;870.35
8007;361354.86;4790343.03;856.24
220;361350.69;4790336.54;857.92
2835;361358.47;4790346.58;857.51
4259;361356.69;4790343.75;855.65
6644;361353.92;4790347.72;859.19
3863;361361.0;4790348.62;857.7
2608;361363.78;4790352.72;857.77
8476;361368.63;4790352.2;855.97
8652;361363.67;4790355.89;858.28
1452;361359.45;4790362.59;863.13
7243;361359.85;4790362.99;873.83
2657;361349.01;4790365.67;877.47
2055;361364.3;4790344.71;855.78
2979;361377.2;4790343.46;854.83
4582;361371.58;4790354.58;856.13
7232;361366.14;4790343.02;856.17
4689;361362.66;4790345.98;855.91
9011;361359.84;4790343.11;856.17
9886;361384.65;4790332.35;854.78
4929;361383.4;4790339.13;854.27
10072;361386.49;4790331.02;855.51
2250;361384.31;4790324.77;854.51
6853;361385.76;4790303.46;853.69
847;361389.23;4790311.42;855.21
6894;361392.61;4790296.86;853.2
9019;361385.33;4790310.78;853.98
1307;361381.24;4790296.97;854.52
2960;361392.44;4790317.73;856.55
5710;361391.5;4790325.39;856.22
640;361392.02;4790322.5;855.47
9471;361402.04;4790291.11;855.07
2064;361407.54;4790300.68;854.42
9920;361423.37;4790302.93;851.88
6563;361436.22;4790305.78;851.61
9773;361424.72;4790306.0;852.85
35;361448.23;4790305.34;851.5
10062;361458.59;4790309.28;852.96
1542;361463.93;4790311.43;856.11
6415;361457.48;4790312.56;853.36
8708;361465.3;4790309.19;855.64
1370;361465.03;4790306.74;854.44
7303;361468.54;4790307.15;853.11
6466;361472.53;4790310.14;852.69
261;361473.53;4790313.18;851.98
5397;361475.39;4790315.92;851.39
6465;361475.93;4790319.4;849.76
775;361481.05;4790319.78;850.29
6080;361488.84;4790320.38;850.67
3629;361493.82;4790324.79;850.61
6679;361498.88;4790322.31;851.48
8959;361502.16;4790323.52;849.97
4400;361505.98;4790323.99;847.31
8190;361509.57;4790328.75;847.06
6822;361515.06;4790333.81;847.6
3822;361508.09;4790326.28;845.81
3755;361517.36;4790334.22;847.67
7599;361519.49;4790335.25;847.07
8772;361524.55;4790339.57;846.77
2720;361528.13;4790343.38;847.69
9684;361527.27;4790347.5;848.44
342;361528.07;4790352.29;847.21
8550;361534.2;4790355.02;846.63
3010;361538.47;4790352.67;845.39
6933;361544.73;4790355.77;844.34
4906;361548.0;4790357.81;840.55
2920;361387.33;4790318.29;854.29
3903;361313.32;4790332.99;854.51
8885;361317.33;4790338.0;854.25
384;361308.31;4790333.8;854.24
8970;361308.56;4790328.97;857.01
7471;361321.42;4790339.01;856.36
7631;361325.43;4790343.4;856.63
6626;361329.0;4790342.75;855.99
8977;361334.86;4790343.91;855.68
1094;361339.47;4790337.88;854.23
1494;361305.62;4790330.57;856.07
992;361303.78;4790329.68;854.16
1320;361302.62;4790327.37;856.07
7048;361303.56;4790332.88;854.01
10178;361306.41;4790333.37;854.07
2999;361307.28;4790335.07;854.09
2479;361306.98;4790326.59;858.68
7704;361329.88;4790253.28;861.07
2259;361328.22;4790254.13;860.0
6623;361331.62;4790252.69;860.64
719;361325.4;4790255.91;860.13
3861;361324.83;4790258.11;860.31
1302;361321.83;4790261.18;860.4
3353;361323.77;4790257.71;862.88
2669;361324.62;4790258.04;859.8
5071;361319.35;4790265.93;860.75
5273;361316.3;4790268.3;857.78
6296;361314.28;4790270.35;855.94
6380;361318.27;4790266.0;858.99
7350;361308.07;4790271.0;856.79
4536;361307.88;4790274.99;857.01
6931;361308.13;4790269.61;856.79
2947;361310.56;4790270.9;856.11
4149;361306.51;4790275.29;863.33
5186;361314.02;4790271.19;856.63
9821;361315.92;4790271.98;856.43
731;361318.3;4790265.59;860.77
9400;361314.55;4790275.22;856.29
9065;361315.5;4790276.36;855.82
8675;361315.31;4790278.71;856.26
1888;361312.63;4790279.06;855.71
5055;361312.61;4790285.62;855.8
6334;361310.74;4790292.82;855.54
3621;361305.68;4790297.62;855.69
2216;361304.75;4790304.31;854.98
5738;361303.03;4790310.27;854.94
2245;361303.1;4790316.95;854.9
4878;361303.66;4790325.1;855.62
3947;361295.18;4790332.51;856.63
7403;361244.05;4790029.86;835.62
6517;361249.58;4790028.19;835.42
3804;361247.93;4790029.09;836.58
919;361241.7;4790028.49;835.58
7963;361261.07;4790029.77;835.64
3336;361260.59;4790035.12;834.7
2973;361270.91;4790035.63;836.49
6901;361278.8;4790039.17;834.96
8572;361282.15;4790047.47;833.8
10189;361282.33;4790051.84;835.47
7528;361283.88;4790057.49;837.66
5016;361291.05;4790053.09;833.45
7488;361293.54;4790051.51;831.63
6188;361296.06;4790049.77;828.44
4362;361300.88;4790046.4;825.21
8503;361297.25;4790045.82;825.21
7373;361305.69;4790041.98;825.39
9314;361308.93;4790042.7;825.38
6135;361311.35;4790043.71;823.95
8614;361315.16;4790041.55;823.69
9650;361315.81;4790037.78;821.95
2391;361316.51;4790036.44;822.08
4780;361317.96;4790034.36;822.33
4078;361321.24;4790035.05;822.86
1606;361323.67;4790032.05;821.99
3732;361328.82;4790029.84;821.31
2126;361331.44;4790031.83;820.38
4155;361333.59;4790033.13;821.08
5338;361340.03;4790037.48;821.08
5853;361343.82;4790041.12;820.98
6879;361346.59;4790045.74;820.46
9918;361349.38;4790047.66;819.48
6473;361354.53;4790047.56;820.65
2685;361358.53;4790049.87;820.4
5538;361362.86;4790051.86;819.99
2935;361366.94;4790055.7;819.82
6227;361372.99;4790060.22;820.14
4565;361379.75;4790066.35;820.81
8598;361381.74;4790067.01;819.87
5021;361382.42;4790069.3;819.74
3214;361385.58;4790071.42;820.05
4326;361389.54;4790073.76;821.07
5113;361392.22;4790076.0;819.95
5655;361398.02;4790081.41;819.64
8741;361403.3;4790085.91;819.34
5984;361407.05;4790089.57;819.07
2808;361409.96;4790095.11;819.08
8415;361416.06;4790097.76;819.39
800;361419.37;4790099.98;818.83
7564;361420.75;4790103.34;818.31
8199;361424.29;4790108.81;818.78
10017;361426.48;4790114.17;822.35
5137;361434.58;4790121.72;821.19
3504;361439.74;4790126.31;820.86
1005;361444.51;4790136.02;820.44
6145;361447.9;4790141.26;819.81
498;361450.73;4790145.82;819.63
86;361452.08;4790144.74;818.68
7629;361455.11;4790147.74;817.58
9906;361457.29;4790151.58;816.02
2144;361462.16;4790154.16;815.44
6867;361462.75;4790156.93;814.81
150;361465.53;4790160.16;814.94
3388;361469.4;4790167.1;814.94
6253;361472.85;4790169.77;815.34
589;361471.57;4790172.62;815.13
7003;361473.32;4790178.26;814.56
4466;361476.7;4790183.26;814.84
4952;361481.14;4790187.1;814.8
7750;361486.38;4790196.4;814.65
7780;361484.93;4790200.53;814.48
9891;361485.29;4790204.77;814.47
9086;361488.67;4790210.13;813.88
7773;361495.62;4790212.64;814.58
6973;361497.72;4790218.22;814.38
3329;361501.97;4790224.75;816.7
5226;361503.5;4790230.39;816.8
129;361504.64;4790233.46;815.46
7808;361502.46;4790232.13;815.59
1381;361501.63;4790234.87;816.97
5024;361505.01;4790243.97;813.45
6000;361504.01;4790247.29;815.5
2003;361507.47;4790248.93;818.51
5662;361508.84;4790256.51;814.4
1271;361516.34;4790263.76;817.43
6612;361515.89;4790266.08;816.34
4317;361517.18;4790265.36;813.58
3505;361519.38;4790268.62;813.9
8265;361523.25;4790269.52;815.97
3302;361524.81;4790271.19;816.85
6114;361527.04;4790276.32;814.66
4995;361528.2;4790279.19;809.6
921;361527.6;4790277.89;809.72
172;361528.05;4790278.44;811.54
4050;361527.4;4790283.44;809.73
2688;361538.87;4790290.09;809.22
7853;361543.64;4790300.77;809.1
8327;361545.93;4790305.58;809.26
6471;361549.61;4790310.53;809.02
2032;361550.88;4790316.66;808.86
4287;361550.46;4790323.34;808.54
2618;361554.99;4790328.95;808.62
7692;361553.4;4790328.52;808.57
1779;361553.56;4790333.72;808.37
5879;361557.29;4790341.72;808.42
6168;361562.02;4790344.47;808.56
8658;361565.58;4790341.6;808.52
7050;361568.47;4790338.44;808.9
439;361569.1;4790341.14;813.19
9847;361573.81;4790339.38;807.66
6748;361569.15;4790338.41;808.57
2900;361569.35;4790343.91;816.09
4897;361569.53;4790348.31;819.75
6048;361572.89;4790347.17;821.34
3622;361571.21;4790350.41;824.33
8864;361569.62;4790351.36;823.59
4324;361566.49;4790356.92;830.76
508;361267.49;4790051.34;849.84
3104;361259.36;4790050.14;849.04
3376;361272.49;4790052.45;851.34
8495;361271.34;4790049.86;849.55
8593;361250.63;4790046.43;848.86
887;361243.61;4790039.59;849.18
559;361240.0;4790035.37;848.18
1712;361239.58;4790043.92;853.3
1059;361240.52;4790034.36;848.81
5065;361237.81;4790032.73;847.65
9674;361237.39;4790029.74;844.33
5440;361272.58;4790052.43;850.44
9116;361263.95;4790054.17;851.05
4231;361275.01;4790053.76;850.32
5847;361114.33;4790086.31;846.16
4495;361122.62;4790079.63;845.62
7004;361113.78;4790092.55;846.24
322;361104.97;4790091.29;846.5
10263;361128.67;4790075.95;845.1
7812;361131.62;4790072.7;845.42
7154;361134.79;4790069.85;845.69
7995;361133.44;4790065.82;845.83
4849;361135.03;4790069.15;845.06
6882;361135.17;4790060.35;844.51
8760;361134.52;4790056.28;844.13
1249;361133.49;4790054.94;841.84
1237;361134.48;4790052.43;839.39
356;361135.74;4790046.8;840.32
2518;361137.06;4790042.3;840.01
9697;361137.91;4790042.86;839.93
3619;361139.46;4790039.11;839.21
9469;361143.02;4790035.14;840.14
6439;361145.39;4790035.88;839.9
5501;361146.1;4790037.95;839.53
2826;361143.33;4790025.89;839.49
3314;361144.31;4790038.98;842.1
6910;361150.58;4790041.44;839.3
5277;361152.5;4790041.64;839.35
306;361154.4;4790045.95;840.05
4959;361155.5;4790047.24;840.94
8527;361159.06;4790049.28;840.95
8860;361161.1;4790050.78;839.11
1708;361166.17;4790049.6;838.7
2667;361167.75;4790047.91;840.87
3386;361167.56;4790048.22;839.5
3482;361166.9;4790050.71;838.29
205;361176.37;4790056.25;838.73
7642;361189.86;4790051.98;837.02
244;361195.76;4790055.3;837.26
2378;361201.8;4790054.6;837.28
9170;361213.24;4790067.01;836.72
8607;361220.8;4790066.23;836.43
3413;361220.39;4790060.05;836.32
2753;361221.43;4790056.71;836.27
7969;361227.98;4790051.0;835.78
9264;361230.73;4790052.15;835.56
7206;361233.02;4790050.47;835.91
4843;361232.29;4790043.44;835.51
6280;361230.84;4790036.93;835.77
4102;361234.18;4790030.81;835.68
8998;361237.94;4790027.8;835.38
7603;361107.65;4790096.23;846.75
6873;361107.24;4790100.64;845.27
3791;361102.08;4790099.55;845.98
5535;361099.57;4790106.02;846.11
4954;361967.67;4790848.27;801.48
7802;361983.25;4790846.24;801.48
7012;361982.06;4790856.54;801.48
2991;362016.36;4790805.95;801.48
8373;361967.67;4790856.34;801.48
1139;361967.67;4790848.27;871.48
293;361992.65;4790851.63;801.48
495;362067.17;4790771.67;801.48
804;362083.21;4790769.99;801.48
873;362100.89;4790777.86;801.48
6332;362121.75;4790775.67;801.48
2040;362172.87;4790731.22;801.48
5971;362172.87;4790723.16;801.48
7464;362179.98;4790714.39;801.48
8730;362216.79;4790702.42;801.48
6808;362185.52;4790714.39;804.68
5876;362222.18;4790664.09;801.48
7110;362227.11;4790670.12;807.33
1426;362228.49;4790667.3;808.15
2074;362231.36;4790667.67;808.09
8002;362232.14;4790663.99;807.41
2671;362234.73;4790663.66;807.38
7393;362235.66;4790661.57;806.78
7184;362239.31;4790659.95;805.79
9150;362241.12;4790658.68;805.64
3050;362242.2;4790657.82;805.23
9405;362243.73;4790656.72;805.49
4938;362240.46;4790662.96;802.01
4903;362244.89;4790655.35;807.65
5309;362247.18;4790654.14;809.22
8088;362247.93;4790653.07;809.28
9084;362246.63;4790649.93;799.89
8396;362250.38;4790650.24;800.43
1578;362250.03;4790641.56;799.64
1380;362243.47;4790639.24;800.47
7425;362236.85;4790638.25;799.68
6458;362234.41;4790631.66;800.65
2053;362237.11;4790627.49;805.59
5079;362235.24;4790622.81;806.08
3432;362231.19;4790618.08;804.14
8410;362226.67;4790619.92;803.32
10252;362223.33;4790615.83;803.18
5249;362231.73;4790610.04;799.84
945;362239.28;4790604.51;799.67
3672;362245.4;4790605.35;799.92
5253;362246.93;4790599.18;800.13
6568;362250.12;4790597.76;799.9
4070;362252.74;4790595.67;799.95
2824;362254.14;4790593.22;800.16
7497;362256.82;4790591.56;799.75
7516;362258.68;4790598.41;800.49
4118;362257.33;4790600.77;800.66
2080;362261.56;4790602.11;800.78
5447;362265.63;4790599.29;800.74
5185;362270.24;4790597.04;801.03
6456;362271.09;4790593.42;801.04
7671;362274.35;4790593.64;800.94
3567;362277.32;4790593.15;800.58
1955;362282.47;4790591.45;801.07
4518;362281.43;4790593.13;802.15
2577;362283.14;4790592.09;803.52
2012;362286.77;4790593.9;806.4
9380;362287.77;4790591.93;808.84
6797;362290.25;4790593.33;809.36
2439;362290.77;4790591.01;809.36
3212;362292.21;4790590.84;804.96
8198;362294.22;4790589.61;804.09
4373;362298.19;4790589.44;803.92
7173;362300.98;4790587.92;804.24
9720;362302.26;4790587.38;803.61
4133;362302.48;4790587.64;801.87
8339;362303.73;4790583.04;800.08
989;362302.81;4790581.75;799.92
8673;362303.5;4790578.24;800.07
3223;362305.02;4790577.38;800.13
7454;362310.14;4790574.2;799.62
9373;362313.23;4790569.6;799.82
7474;362315.84;4790570.13;799.51
2498;362314.0;4790563.0;799.0
4476;365977.77;4790350.08;350.78
259;365980.94;4790344.73;338.4
5441;365978.45;4790350.04;357.85
7155;365967.5;4790349.0;361.46
9702;365987.51;4790345.27;327.78
970;365999.06;4790342.19;333.95
5856;366013.38;4790351.85;346.97
3545;365989.95;4790337.94;332.68
10019;366031.84;4790369.89;359.67
8848;366032.94;4790373.81;350.03
3800;366020.12;4790359.46;328.16
8706;366001.9;4790350.53;333.5
7066;365988.29;4790356.37;347.99
6179;365947.28;4790350.42;361.46
1583;365939.76;4790349.36;368.19
9035;365926.91;4790353.54;368.19
441;365899.0;4790355.0;372.0
1505;363818.22;4785953.33;1694.69
4580;363818.24;4785952.46;1695.47
5930;363819.96;4785953.01;1694.19
7256;363817.04;4785953.53;1694.73
5860;363818.22;4785953.33;1660.84
6858;363819.39;4785955.17;1694.0
9557;363817.47;4785955.17;1695.92
8043;363818.37;4785955.69;1695.83
7830;363819.72;4785954.55;1697.72
2084;363821.93;4785954.75;1700.36
8095;363822.3;4785952.6;1702.32
435;363825.23;4785952.6;1704.45
6763;363826.5;4785951.09;1705.83
3788;363828.0;4785950.0;1707.38
183;363828.0;4785950.0;1712.0
7440;361813.83;4785001.05;1894.0
194;361825.26;4784996.86;1894.0
4112;361815.51;4785006.37;1894.0
6032;361806.56;4785001.05;1894.0
10021;361827.51;4785004.91;1894.0
5054;361827.51;4785004.82;1889.76
10002;361831.66;4785004.03;1894.0
6298;361815.52;4785006.45;1889.76
3515;361840.22;4784996.57;1889.76
10226;361805.75;4785005.21;1894.0
1650;361758.14;4785003.59;1894.0
8305;361806.56;4785001.05;1898.24
3345;361801.7;4785026.04;1894.0
1921;361809.22;4785007.65;1894.0
254;361792.29;4785028.38;1894.0
4405;361788.41;4785030.11;1894.0
9987;361791.62;4785037.31;1894.0
7542;361784.75;4785042.29;1894.0
6128;361774.99;4785036.19;1894.0
8166;361759.9;4785034.87;1894.0
3303;361756.98;4785038.74;1894.0
9641;361765.37;4785027.61;1894.0
9240;361751.86;4785049.73;1894.0
4935;361746.0;4785055.0;1894.0
8996;361336.89;4785346.2;1574.98
4283;361337.97;4785337.44;1612.2
587;361346.85;4785354.55;1574.98
7067;361336.81;4785349.45;1627.29
8355;361345.64;4785345.75;1575.06
2853;361337.26;4785337.54;1618.19
116;361335.93;4785337.65;1619.36
1031;361335.1;4785329.69;1616.17
6794;361341.39;4785329.36;1635.69
6724;361341.93;4785327.89;1641.29
7322;361342.6;4785326.54;1646.66
1069;361343.5;4785323.12;1664.11
4975;361343.2;4785322.81;1670.63
9753;361343.76;4785322.52;1681.36
9431;361343.58;4785323.13;1695.32
2785;361343.13;4785324.33;1701.3
8960;361342.12;4785325.86;1706.01
3192;361342.32;4785326.95;1707.05
357;361342.11;4785328.89;1734.49
822;361341.42;4785329.89;1744.17
3366;361341.11;4785333.39;1762.13
6663;361341.44;4785336.71;1763.09
7716;361341.64;4785337.8;1764.11
7414;361340.92;4785339.65;1768.56
6812;361341.84;4785338.17;1774.13
4655;361340.8;4785334.77;1789.75
7180;361339.01;4785334.4;1791.23
3330;361338.51;4785334.5;1796.42
5149;361337.35;4785333.57;1801.08
4816;361336.42;4785332.67;1802.74
2287;361335.27;4785333.39;1802.84
5381;361335.37;4785332.78;1802.57
132;361332.8;4785336.28;1802.96
3337;361334.19;4785336.09;1802.46
5757;361334.51;4785337.32;1814.47
7295;361338.12;4785338.14;1826.28
2169;361339.72;4785336.63;1835.34
1475;361340.22;4785334.7;1836.46
671;361340.59;4785333.85;1838.93
4233;361341.18;4785331.6;1837.08
2059;361341.95;4785325.98;1837.07
2896;361338.71;4785326.22;1833.4
2236;361329.05;4785318.94;1831.48
2739;361323.65;4785321.07;1832.59
10003;361321.81;4785321.64;1832.1
2829;361318.61;4785317.79;1829.22
1470;361312.54;4785320.62;1834.04
1517;361307.6;4785319.93;1832.91
6485;361293.25;4785319.13;1835.96
1238;361281.43;4785320.98;1841.34
1024;361275.91;4785316.84;1842.87
1083;361267.75;4785314.77;1847.48
8786;361262.4;4785316.51;1852.08
1943;361249.79;4785310.46;1859.04
2448;361251.59;4785308.74;1862.43
6607;361259.0;4785311.51;1866.38
9254;361268.15;4785314.2;1868.56
1936;361265.75;4785305.53;1872.69
7156;361271.89;4785310.06;1874.02
6608;361277.37;4785311.9;1878.19
5711;361285.22;4785315.22;1879.84
6398;361295.17;4785319.86;1882.02
3081;361300.0;4785319.0;1884.0
8074;361198.45;4785570.69;1285.21
6118;361208.39;4785571.74;1284.86
2017;361198.61;4785557.26;1296.68
5072;361191.03;4785556.17;1286.26
2848;361208.39;4785576.74;1284.86
3243;361216.34;4785589.46;1284.86
2953;361200.99;4785590.65;1287.63
9024;361216.34;4785581.46;1284.86
7466;361221.34;4785581.46;1284.86
3470;361223.14;4785579.06;1284.86
7805;361226.69;4785584.97;1286.07
10260;361230.49;4785580.45;1287.11
9230;361232.1;4785584.05;1287.81
1972;361233.87;4785579.42;1288.5
6025;361238.06;4785581.94;1289.54
1409;361236.07;4785569.38;1292.25
1283;361242.97;4785569.38;1293.46
1022;361242.76;4785576.81;1292.25
3954;361242.97;4785573.32;1294.16
301;361242.97;4785573.32;1298.16
501;361246.18;4785577.15;1298.16
9092;361245.57;4785582.1;1298.59
5523;361256.57;4785582.1;1298.98
815;361256.57;4785593.08;1299.55
5444;361260.56;4785593.08;1299.69
770;361261.4;4785585.13;1299.97
5754;361271.36;4785580.48;1300.35
9200;361284.91;4785574.17;1301.66
8587;361277.93;4785574.17;1302.27
8747;361287.75;4785561.61;1303.67
5173;361287.75;4785550.65;1304.63
1512;361287.75;4785550.65;1308.63
4984;361290.75;4785545.45;1308.63
3645;361290.75;4785545.45;1313.63
1308;361296.55;4785541.54;1313.63
350;361296.55;4785541.54;1320.63
10255;361299.04;4785539.86;1320.63
7323;361299.04;4785539.86;1341.63
7777;361291.16;4785533.71;1341.63
256;361293.58;4785529.33;1341.63
3669;361293.58;4785529.33;1364.63
9792;361293.58;4785525.33;1364.63
8450;361293.58;4785525.33;1369.63
3807;361292.01;4785518.54;1370.24
2253;361288.07;4785518.54;1370.93
8750;361288.07;4785513.56;1371.37
5836;361288.07;4785513.56;1379.37
8548;361288.07;4785510.57;1379.63
9921;361288.07;4785510.57;1387.63
4928;361288.07;4785504.59;1388.15
5704;361288.07;4785504.59;1434.15
7897;361291.99;4785503.39;1437.02
5321;361291.99;4785503.39;1447.02
6828;361286.76;4785490.46;1445.8
2895;361292.93;4785480.97;1457.11
4722;361272.08;4785474.2;1479.03
2124;361272.08;4785472.79;1477.62
3586;361299.08;4785472.79;1477.62
6232;361306.34;4785462.02;1485.12
3339;361306.34;4785457.32;1483.41
9863;361313.44;4785451.78;1483.41
8857;361313.44;4785451.78;1490.41
6060;361317.93;4785449.77;1491.28
9419;361317.93;4785455.77;1491.28
2524;361320.53;4785454.27;1491.28
6075;361319.86;4785458.07;1491.28
6847;361320.53;4785447.27;1491.28
6199;361320.53;4785447.27;1500.28
4693;361329.0;4785435.17;1502.88
4570;361346.67;4785441.96;1504.54
8343;361351.92;4785435.92;1504.54
3321;361348.78;4785432.03;1504.54
143;361350.17;4785412.08;1504.54
3012;361361.54;4785405.78;1504.54
6745;361360.18;4785392.85;1504.54
6877;361366.55;4785386.49;1504.54
3625;361366.55;4785386.49;1510.54
9319;361370.32;4785381.82;1510.54
6259;361371.68;4785368.89;1510.54
4434;361381.1;4785365.84;1520.44
4148;361382.65;4785356.06;1530.34
318;361374.64;4785351.8;1534.56
358;361368.15;4785331.83;1534.56
8486;361364.33;4785328.73;1535.43
4258;361361.39;4785331.29;1536.33
9951;361361.39;4785331.29;1560.33
2413;361357.46;4785334.36;1536.68
5084;361363.01;4785336.02;1560.33
3252;361350.13;4785330.55;1560.33
73;361350.13;4785345.04;1556.45
8051;361350.13;4785345.04;1568.45
4545;361150.04;4785531.39;1277.51
7158;361152.49;4785529.7;1280.47
7736;361145.81;4785523.9;1288.96
6020;361152.52;4785526.37;1298.63
8055;361156.35;4785529.22;1298.74
6358;361160.54;4785524.63;1298.88
4515;361165.77;4785528.92;1299.06
10147;361175.03;4785536.2;1299.52
6143;361180.21;4785543.07;1315.44
4199;361186.91;4785552.06;1307.58
8123;361178.03;4785561.67;1275.72
6448;361183.06;4785561.95;1275.61
6974;361190.85;4785545.1;1278.21
8773;361190.94;4785555.93;1281.39
9624;361117.91;4785519.4;1274.52
5545;361116.44;4785515.54;1278.22
2217;361109.75;4785518.69;1268.79
6915;361122.39;4785515.64;1283.14
6689;361122.52;4785515.68;1290.61
2565;361135.66;4785516.57;1289.57
7328;361137.75;4785521.22;1289.57
4237;361306.46;4785288.9;1843.58
5278;361306.54;4785288.85;1837.44
9867;361311.34;4785286.28;1840.91
7384;361302.26;4785285.89;1842.56
8553;361313.42;4785288.9;1835.92
3707;361312.36;4785292.77;1835.72
3054;361312.51;4785292.58;1827.92
759;361308.78;4785296.58;1826.59
2020;361309.54;4785295.89;1813.79
9883;361308.07;4785294.09;1813.46
7848;361305.31;4785295.3;1813.03
2232;361304.85;4785298.49;1812.59
4288;361301.29;4785299.91;1812.04
1919;361301.4;4785303.19;1811.59
1303;361304.38;4785306.34;1811.4
9853;361306.47;4785308.64;1783.59
1893;361308.88;4785311.19;1783.2
475;361311.91;4785314.57;1749.56
6322;361315.24;4785318.29;1714.26
869;361317.73;4785320.93;1711.61
9653;361338.1;4785344.26;1623.8
3477;361336.81;4785349.45;1752.29
1117;361370.82;4785249.53;1829.15
8322;361398.17;4785245.32;1822.48
8989;361404.93;4785244.58;1822.43
1608;361395.04;4785250.13;1822.98
6585;361421.81;4785244.15;1819.54
1385;361404.57;4785234.14;1822.43
6595;361431.75;4785244.8;1819.56
4641;361437.0;4785242.0;1820.0
5111;361438.19;4785242.06;1820.81
5082;361325.54;4785280.0;1838.41
8948;361326.24;4785275.87;1835.22
1935;361321.17;4785284.89;1838.38
5331;361328.3;4785282.77;1839.24
9763;361318.81;4785288.51;1839.6
4192;361324.63;4785285.49;1840.4
3397;361316.79;4785293.78;1839.7
5682;361257.0;4785315.0;1880.0
1227;361263.12;4785317.22;1882.88
9288;361263.6;4785311.5;1863.33
7723;361283.46;4785290.04;1842.53
7572;361291.37;4785287.81;1843.66
467;361261.25;4785312.52;1863.39
8248;361249.55;4785318.05;1863.32
5095;361259.32;4785300.45;1864.18
6500;361239.24;4785319.04;1863.28
1948;361230.53;4785311.31;1864.04
1754;361230.82;4785309.56;1863.77
1025;361223.15;4785302.25;1864.92
9455;361218.14;4785292.12;1865.0
2632;361247.88;4785280.68;1865.67
1070;361195.29;4785264.49;1866.63
394;361201.65;4785306.4;1865.23
5698;361194.43;4785260.23;1867.04
5795;361187.92;4785254.71;1867.16
2382;361141.66;4785299.28;1868.3
4458;361188.91;4785254.08;1867.98
5251;361187.95;4785253.02;1866.67
6240;361188.02;4785254.28;1867.5
6541;361202.24;4785251.27;1867.9
7376;361187.92;4785254.71;1851.16
4243;361103.08;4785746.46;1822.4
4241;361109.3;4785746.5;1814.48
9273;361103.08;4785746.46;1842.4
266;361108.97;4785746.7;1793.53
3239;361101.3;4785743.35;1785.63
68;361108.97;4785746.7;1833.53
2551;361101.3;4785743.35;1781.63
8306;365478.0;4788320.0;1265.0
1287;365478.0;4788323.76;1263.63
5360;365478.0;4788323.76;1169.63
1129;365945.0;4788482.0;1068.0
8606;365945.0;4788482.0;1023.0
4616;365945.0;4788482.0;996.0
3246;365945.0;4788482.0;988.0
7151;365945.0;4788482.0;973.0
2440;365945.0;4788496.14;973.86
6347;365945.0;4788496.14;958.86
4564;360040.0;4788354.0;1270.0
9952;360040.69;4788355.63;1265.78
6277;360040.2;4788353.58;1270.91
8841;360041.06;4788354.65;1265.71
1183;360042.27;4788356.35;1265.0
4090;360042.66;4788355.68;1267.37
10237;360042.75;4788357.48;1263.75
7712;360042.56;4788359.75;1262.54
4933;360044.08;4788359.05;1261.55
1131;360045.38;4788356.82;1260.21
6757;360045.73;4788354.43;1259.1
4757;360044.86;4788352.71;1258.95
1065;360047.04;4788355.84;1259.83
9985;360043.07;4788353.08;1258.05
7404;360046.34;4788350.75;1259.33
3076;360041.67;4788351.84;1258.05
9360;360040.16;4788351.62;1257.82
8916;360038.68;4788350.5;1257.13
7705;360037.55;4788349.39;1256.74
8458;360036.34;4788348.27;1256.31
1507;360035.64;4788349.97;1256.6
1348;360034.16;4788349.36;1256.15
9832;360032.96;4788349.11;1256.66
1834;360031.43;4788348.11;1257.14
9922;360030.2;4788348.47;1257.0
9526;360028.72;4788348.18;1256.67
3459;360027.18;4788346.97;1256.7
643;360025.32;4788346.89;1256.07
9727;360024.31;4788346.16;1256.23
177;360023.48;4788348.68;1255.2
9748;360022.44;4788349.39;1255.43
1382;360045.98;4788352.46;1267.05
4720;360047.96;4788356.92;1260.38
1009;360050.15;4788357.75;1260.78
984;360050.75;4788358.07;1261.36
4166;360042.9;4788354.01;1268.52
9542;360043.2;4788354.51;1267.44
5171;360042.08;4788359.26;1266.73
3616;360044.19;4788354.88;1266.53
2357;360044.66;4788356.43;1266.01
7227;360043.65;4788359.85;1267.71
7091;360043.73;4788361.78;1268.11
1539;360045.21;4788363.86;1269.23
6171;360046.09;4788366.54;1271.69
1806;360020.59;4788350.06;1255.39
4909;360020.86;4788349.22;1256.2
10197;360020.25;4788349.63;1256.32
4308;360019.39;4788349.27;1256.39
3454;360019.09;4788349.36;1251.65
9677;360019.24;4788349.01;1240.66
2792;360019.23;4788349.07;1240.11
8651;360016.97;4788350.22;1240.84
298;360016.6;4788351.85;1239.53
3602;360014.2;4788353.12;1238.85
6343;360013.43;4788354.8;1239.23
9941;360013.05;4788355.27;1232.52
5934;360013.71;4788356.84;1232.13
7879;360014.3;4788359.24;1230.37
7967;360014.31;4788361.06;1230.59
449;360014.48;4788361.79;1230.89
3220;360015.38;4788363.17;1230.19
7061;360017.0;4788365.34;1229.99
4620;360040.06;4788352.28;1271.59
6492;360039.26;4788351.2;1271.93
3191;360016.2;4788365.34;1229.69
8918;360015.51;4788366.34;1229.42
8307;360013.89;4788368.2;1229.29
6732;360014.13;4788371.19;1226.31
4804;360014.38;4788372.33;1218.62
4863;360014.51;4788373.95;1207.29
5299;360016.18;4788378.09;1194.56
2399;360015.26;4788378.16;1185.66
888;360016.31;4788380.28;1151.88
6990;360015.95;4788375.61;1151.93
1997;360013.42;4788375.56;1151.54
5302;360012.44;4788372.64;1151.37
3508;360010.05;4788373.31;1148.78
4985;360007.75;4788373.75;1148.4
9468;360006.4;4788371.27;1148.77
7686;360005.08;4788367.59;1148.31
2863;360000.21;4788370.09;1147.55
6435;359998.46;4788364.34;1147.76
4763;359997.24;4788363.25;1147.29
3960;359995.83;4788365.34;1147.16
6042;359992.98;4788365.29;1146.5
196;359992.41;4788367.06;1146.4
1021;359989.95;4788368.37;1146.35
10215;359987.23;4788368.95;1146.79
1160;359986.71;4788368.3;1146.51
5781;359986.37;4788368.35;1139.91
8038;359982.81;4788367.12;1138.54
860;359982.12;4788368.75;1135.6
2932;359978.52;4788374.09;1132.86
7093;359974.73;4788376.37;1129.88
608;359974.06;4788376.95;1117.25
7536;359976.04;4788374.23;1117.37
209;359975.42;4788373.24;1116.95
8736;359979.6;4788371.64;1116.16
7612;359979.58;4788370.47;1116.8
46;359981.05;4788369.0;1116.4
5919;359980.05;4788367.45;1116.49
9663;359981.3;4788366.44;1116.3
4646;359981.16;4788365.11;1116.2
3009;359981.12;4788365.03;1115.66
5677;359985.3;4788363.76;1116.67
2122;359987.1;4788364.14;1117.3
1584;359987.6;4788363.62;1117.16
4764;359987.09;4788363.15;1112.22
7494;359986.02;4788358.51;1110.86
2531;359985.4;4788356.03;1110.63
4486;359986.32;4788354.9;1110.48
3341;359985.86;4788353.51;1109.25
3878;359982.91;4788351.87;1108.03
4502;359983.1;4788348.38;1107.28
3916;359981.52;4788347.54;1106.48
4349;359981.55;4788346.45;1105.1
2734;359978.42;4788347.3;1104.47
3680;359977.43;4788346.5;1103.54
1791;359975.64;4788344.44;1102.33
848;359974.65;4788341.2;1098.56
1191;359973.32;4788338.8;1098.85
3570;359973.02;4788338.53;1099.56
3671;359972.72;4788337.92;1096.39
7998;359972.52;4788335.65;1095.47
8321;359971.14;4788334.95;1095.44
2761;359970.72;4788333.56;1095.05
3215;359969.08;4788332.33;1092.94
5280;359968.78;4788330.44;1092.35
3349;359965.76;4788329.03;1088.78
4193;359963.58;4788327.67;1086.38
4868;359961.83;4788328.76;1085.33
7437;359960.12;4788330.47;1085.2
7740;359959.18;4788332.25;1084.81
6215;359957.2;4788334.03;1083.62
3323;359955.81;4788333.5;1083.28
9371;359953.61;4788333.23;1079.86
9;359951.77;4788329.92;1078.56
9363;359950.19;4788330.59;1080.1
3723;359950.59;4788330.36;1073.55
9287;359948.06;4788330.41;1069.93
173;359947.85;4788330.42;1063.93
8175;359947.07;4788325.55;1051.07
9963;359946.78;4788324.27;1049.26
4210;359947.26;4788323.56;1043.85
962;359945.98;4788323.19;1036.99
4492;359947.1;4788326.12;1028.38
9056;359948.28;4788330.84;1025.57
7732;359948.09;4788331.99;1003.39
1716;359948.7;4788332.51;991.95
5463;359948.93;4788331.21;985.17
6248;359948.51;4788334.2;984.41
2992;359947.18;4788336.25;983.11
983;359948.83;4788337.97;980.17
1002;359950.23;4788339.89;979.79
10155;359952.04;4788338.89;979.86
3184;359953.98;4788340.83;979.38
9864;359956.64;4788338.98;979.1
4444;359958.5;4788338.48;978.86
881;359962.12;4788336.39;978.86
1130;359965.79;4788335.4;978.66
7002;359967.26;4788334.9;978.61
4967;359970.15;4788336.37;976.58
6303;359970.15;4788336.37;975.61
4162;359973.17;4788338.72;975.61
4977;359974.55;4788337.25;975.61
2860;359977.07;4788337.87;975.48
6339;359977.16;4788336.79;975.59
9596;359978.02;4788336.19;975.14
3741;359981.38;4788333.38;968.89
8678;359982.31;4788331.37;969.31
6433;359981.23;4788327.85;963.42
6387;359983.56;4788326.51;961.61
10135;359984.18;4788325.47;958.1
4361;359988.01;4788329.17;957.54
5959;359989.54;4788330.81;955.59
9368;359987.91;4788331.16;955.62
3992;359985.94;4788335.0;952.25
424;359982.24;4788337.79;952.41
4659;359982.78;4788339.82;952.41
3950;359982.56;4788341.25;952.28
3347;359982.61;4788343.92;952.28
4126;359982.53;4788346.04;952.21
4801;359980.87;4788343.76;951.96
2698;359978.36;4788339.22;951.69
5780;359977.87;4788338.0;951.19
165;359976.73;4788339.1;950.99
4493;359974.32;4788339.2;946.24
9691;359976.73;4788339.1;944.89
8957;359979.04;4788342.56;948.87
2511;359979.02;4788343.78;947.21
6716;359979.85;4788345.45;946.22
1878;359979.0;4788343.98;942.94
5520;359982.25;4788344.32;939.43
7060;359983.45;4788345.88;939.33
4080;359984.5;4788345.73;938.82
1294;359984.84;4788345.56;938.96
6966;359984.44;4788345.39;936.5
4532;359983.78;4788344.21;935.72
5609;359985.47;4788343.11;933.7
3929;359988.11;4788346.03;932.94
6569;359989.08;4788345.22;932.87
7401;359989.94;4788347.87;930.17
4927;359991.79;4788346.71;928.41
7966;359997.49;4788348.46;924.24
2492;359998.49;4788347.56;923.15
5865;360000.71;4788348.36;921.23
1896;360007.13;4788346.88;905.71
7507;360005.04;4788348.7;904.17
5018;360005.49;4788349.35;901.23
9453;360003.39;4788350.66;898.39
2652;360006.01;4788355.8;880.61
5289;360007.1;4788354.06;879.7
2974;360010.77;4788351.94;871.73
3928;360013.86;4788349.26;861.07
1142;360015.71;4788352.74;855.44
9306;360018.09;4788354.11;846.99
1926;360016.36;4788361.05;843.19
2721;360014.89;4788360.4;842.79
1942;360014.98;4788361.63;841.14
309;360014.83;4788363.39;840.64
714;360014.33;4788365.39;839.45
3476;360014.98;4788366.92;837.46
3907;360012.93;4788369.13;833.15
8066;360010.0;4788368.06;832.32
10231;360008.27;4788369.73;831.85
1573;360011.32;4788369.62;831.53
1661;360010.58;4788371.66;831.57
601;360008.14;4788370.37;830.73
3450;360005.53;4788370.93;831.49
8812;360007.89;4788372.18;831.21
7024;360008.71;4788374.69;831.07
445;360010.07;4788376.21;830.93
5831;360009.15;4788379.45;831.22
3908;360009.83;4788381.06;831.07
8141;360008.95;4788382.37;829.43
1861;360009.1;4788386.66;829.66
5778;360010.06;4788387.47;830.35
2655;360010.8;4788391.26;830.56
8312;360010.13;4788395.44;830.11
832;360009.05;4788395.77;832.34
2705;360007.77;4788399.72;831.76
8867;360008.44;4788403.16;830.12
3964;360006.71;4788409.19;830.01
9196;360007.29;4788413.36;832.25
4925;360005.59;4788417.01;829.92
6785;360002.51;4788420.68;833.54
6928;360000.26;4788425.98;833.03
5548;359999.91;4788427.14;830.75
6204;359999.47;4788428.66;829.28
7150;359998.32;4788428.68;829.92
1842;359998.61;4788429.59;830.81
7895;359997.54;4788432.25;831.75
3968;359997.07;4788434.11;829.21
6479;359997.95;4788435.45;828.56
2322;359996.39;4788438.95;828.49
8956;359995.67;4788440.83;828.42
1945;359996.13;4788442.55;827.91
7349;359993.61;4788442.37;828.0
5;359993.21;4788444.61;826.47
7708;359992.14;4788447.14;826.37
8233;359994.21;4788449.14;826.02
8782;359993.59;4788450.67;825.14
2837;359993.78;4788452.89;825.14
8784;359994.45;4788454.38;825.83
9212;359994.51;4788455.46;825.85
4561;359995.9;4788455.06;826.35
1586;359995.9;4788455.16;827.32
5404;359998.36;4788457.38;827.03
2210;360001.67;4788460.26;828.38
1211;360001.15;4788461.34;827.37
313;359999.37;4788460.65;824.74
3020;360004.05;4788462.55;824.83
9463;360006.9;4788460.62;827.15
9860;360009.83;4788464.23;827.31
2561;360014.2;4788466.76;826.78
4559;360018.2;4788467.18;827.06
6767;360021.25;4788472.25;822.44
8040;360026.65;4788472.16;822.44
7636;360028.8;4788471.54;823.9
5652;360032.4;4788477.3;822.7
1772;359126.0;4788778.0;1174.0
6393;359120.55;4788767.31;1162.0
8687;359120.55;4788767.31;1150.0
9539;359104.71;4788769.54;1140.0
2083;359099.24;4788782.42;1130.0
5395;359099.24;4788782.42;1124.0
5687;359099.24;4788782.42;1100.0
6839;359099.24;4788782.42;1174.0
6009;359099.24;4788782.42;994.0
3778;359106.73;4788763.88;988.0
4828;359105.34;4788753.97;988.0
4773;359112.41;4788746.9;988.0
5267;359112.41;4788736.9;986.0
1713;359059.98;4788700.19;986.0
7292;359032.74;4788753.65;986.0
4762;359023.55;4788745.93;984.0
602;359014.18;4788713.25;984.0
7782;358984.18;4788661.29;984.0
3022;358976.16;4788620.06;984.0
4902;358949.41;4788595.97;984.0
2507;358940.64;4788567.29;978.0
8100;358917.69;4788574.3;978.0
9651;358912.69;4788565.64;974.0
6835;358892.99;4788562.17;968.0
9657;358876.41;4788573.36;966.0
3933;358869.09;4788642.97;964.0
6617;358891.67;4788704.99;953.99
7836;358897.67;4788704.89;933.99
369;358897.67;4788694.88;925.99
4654;358903.67;4788694.88;921.99
60;358901.57;4788670.97;913.99
4453;358911.57;4788671.15;883.99
6245;358897.43;4788637.22;913.99
5286;358928.47;4788707.4;813.0
2529;358920.34;4788689.12;883.99
40;359036.0;4788899.0;1184.0
3548;359030.98;4788898.56;1183.82
5488;359030.98;4788898.56;1169.82
8042;359029.15;4788897.28;1169.82
7257;359031.86;4788893.68;1166.04
5568;359034.57;4788890.08;1162.26
6320;359032.2;4788886.7;1159.88
8314;359035.57;4788893.58;1162.26
3939;359037.96;4788896.33;1162.26
1568;359040.73;4788895.89;1162.26
8338;359041.74;4788900.28;1166.04
9934;359038.49;4788889.4;1156.51
8726;359042.56;4788903.83;1166.04
2355;359174.0;4788745.0;1190.0
4703;359174.0;4788745.0;1178.0
6142;359174.0;4788746.41;1176.59
2081;359170.74;4788746.88;1179.37
6540;359171.71;4788747.85;1175.61
7927;359170.43;4788749.38;1175.54
6906;359381.0;4788950.0;1183.0
2834;359381.0;4788951.8;1183.0
5043;359378.52;4788953.67;1180.4
5671;359377.42;4788954.5;1179.24
3156;359377.42;4788954.5;1174.29
6191;359374.58;4788959.61;1174.29
5897;359374.58;4788959.61;1172.04
7742;359379.47;4788959.95;1169.76
7906;359379.47;4788959.95;1167.06
5567;359386.53;4788960.57;1164.19
4892;359386.53;4788960.57;1154.29
1341;359379.74;4788966.48;1154.45
2042;359372.63;4788965.35;1154.2
267;359367.14;4788963.35;1153.99
5697;359361.04;4788959.54;1153.74
168;359358.33;4788955.95;1153.59
8927;359355.87;4788951.68;1154.02
3266;359352.71;4788965.69;1153.59
6242;359354.3;4788948.96;1154.35
9554;359355.82;4788967.49;1153.65
5517;359356.11;4788971.98;1153.57
8952;359342.91;4788974.79;1153.33
7819;359342.25;4788981.05;1153.22
4332;359340.94;4788981.38;1153.2
7432;359336.7;4788978.83;1153.11
4583;359336.68;4788977.48;1153.09
8130;359333.72;4788976.4;1153.04
5610;359333.11;4788975.2;1153.01
5961;359330.86;4788975.04;1152.97
7948;359330.15;4788976.19;1152.95
4262;359325.18;4788972.31;1152.84
1914;359320.38;4788971.11;1152.75
10174;359316.41;4788969.0;1152.67
5663;359312.54;4788963.47;1152.56
2474;359304.09;4788964.81;1152.41
5693;359303.11;4788966.32;1152.38
1325;359293.78;4788967.79;1152.21
7169;359289.45;4788973.54;1152.09
8765;359284.06;4788977.61;1152.2
3899;359381.3;4788739.95;1183.74
307;359383.69;4788738.73;1183.74
8225;359381.3;4788739.95;1170.41
1415;359382.38;4788742.62;1170.41
4435;359383.06;4788743.44;1170.22
9771;359383.06;4788743.44;1166.88
5091;359384.35;4788748.26;1166.71
1610;359383.69;4788738.73;1178.74
7109;359377.97;4788748.25;1178.35
7026;359379.45;4788749.0;1178.29
3113;359379.45;4788749.0;1164.96
5950;359383.49;4788754.99;1164.96
7238;359383.49;4788754.99;1159.96
8428;359389.21;4788758.42;1159.96
7144;359389.21;4788758.42;1164.96
1745;359389.21;4788758.42;1098.85
3211;359386.61;4788755.54;1165.1
10001;359389.21;4788763.42;1098.67
7887;359387.19;4788755.91;1098.67
9728;359390.53;4788750.14;1098.56
1850;359390.53;4788750.14;1084.11
10022;359391.98;4788750.76;1084.13
5454;359391.28;4788747.72;1092.17
768;359395.96;4788744.89;1096.17
2719;359386.03;4788749.85;1083.84
8073;359382.42;4788750.68;1083.15
2100;359384.21;4788753.78;1079.01
819;359381.71;4788753.54;1077.47
7426;359376.54;4788753.72;1075.08
6634;359374.4;4788753.99;1074.25
3784;359373.5;4788755.13;1073.39
4904;359373.23;4788756.89;1069.38
500;359370.86;4788759.02;1071.25
5362;359370.75;4788758.02;1070.69
5424;359370.8;4788756.84;1070.32
7904;359369.61;4788758.91;1070.85
2272;359367.83;4788757.94;1062.56
3742;359369.81;4788755.79;1057.55
8351;359367.92;4788753.0;1063.68
2421;359368.52;4788758.56;1058.41
3687;359366.92;4788761.09;1056.87
3474;359367.76;4788748.64;1057.5
1516;359364.49;4788746.0;1057.22
5578;359362.88;4788748.76;1057.03
1468;359359.38;4788748.84;1056.93
8432;359356.11;4788747.19;1056.69
3381;359352.97;4788743.9;1056.5
4328;359352.95;4788741.15;1056.36
5494;359352.81;4788740.06;1055.69
9838;359350.27;4788740.86;1055.03
3125;359349.56;4788741.35;1052.47
9527;359347.32;4788742.42;1053.27
9412;359346.03;4788742.52;1052.3
8890;359342.17;4788742.32;1050.78
700;359340.38;4788741.32;1050.33
8161;359339.44;4788740.42;1050.16
9201;359338.94;4788740.06;1049.14
1807;359337.53;4788742.01;1043.88
8257;359336.94;4788739.82;1043.54
6382;359335.31;4788738.58;1040.49
3709;359337.7;4788732.32;1040.1
9424;359337.85;4788731.09;1039.21
7644;359338.6;4788728.23;1036.91
8731;359337.51;4788728.84;1037.06
6450;359337.0;4788727.74;1031.07
1407;359334.43;4788727.63;1023.06
1585;359330.58;4788726.71;1023.06
3304;359328.99;4788729.26;1022.92
6043;359366.12;4788762.4;1056.63
3606;359365.37;4788763.28;1055.55
8684;359363.03;4788765.66;1052.65
6066;359363.08;4788768.71;1044.63
7498;359360.13;4788769.46;1044.93
10132;359358.16;4788771.87;1044.63
4425;359356.8;4788773.95;1045.06
3033;359326.2;4788729.26;1016.52
5484;359326.99;4788730.52;1012.11
5257;359326.53;4788730.29;1001.88
4184;359323.88;4788726.87;986.28
6288;359105.72;4790147.61;1133.07
3956;359109.09;4790188.75;1090.26
1961;359109.43;4790192.06;1083.73
11;359110.91;4790195.16;1081.88
9765;359112.98;4790195.08;1078.02
4820;359110.3;4790195.63;1076.21
9754;359085.12;4790189.06;1097.52
1759;359080.5;4790196.01;1090.11
3196;359075.52;4790192.35;1087.98
3740;359075.8;4790190.66;1086.35
7976;359066.49;4790192.24;1092.97
3923;359077.7;4790188.26;1085.27
3060;359073.91;4790186.43;1081.44
1932;359065.44;4790196.02;1093.46
1146;359064.0;4790202.47;1096.49
8400;359062.71;4790205.7;1097.62
3780;359064.28;4790210.73;1096.62
2537;359065.17;4790216.92;1096.26
6427;359068.61;4790222.67;1095.87
8893;359066.88;4790225.35;1093.7
3819;359065.82;4790231.93;1091.5
5093;359066.66;4790234.36;1074.29
4130;359060.23;4790242.02;1074.29
6340;359060.23;4790242.02;1049.29
3884;359051.57;4790247.02;1049.29
1449;359051.57;4790247.02;1019.29
7535;359038.58;4790254.52;1019.29
3588;359029.4;4790259.82;1008.68
6152;359029.4;4790259.82;998.68
2876;359029.4;4790264.82;998.68
4213;359029.4;4790264.82;993.68
8023;359161.0;4785460.0;2067.0
5451;359157.36;4785456.49;2062.76
8711;359157.36;4785456.49;2056.76
5810;359157.45;4785457.75;2052.86
4842;359157.71;4785458.61;2050.1
905;359157.71;4785458.61;2040.8
4525;359156.22;4785456.55;2039.21
6373;359155.37;4785455.61;2036.94
6255;359153.49;4785458.63;2016.75
2405;359151.31;4785459.79;2009.14
365;359150.95;4785463.15;2007.19
1788;359152.2;4785465.82;2003.28
3801;359152.2;4785465.82;1995.18
5667;359153.08;4785470.82;1946.94
9746;359161.75;4785469.13;1950.69
6180;359161.85;4785473.33;1947.26
3280;359157.43;4785482.77;1943.05
753;359148.58;4785485.54;1946.67
7934;359161.57;4785478.2;1946.55
717;359171.39;4785469.47;1956.96
6648;359167.48;4785478.22;1942.04
3484;359174.6;4785486.14;1935.89
283;359181.33;4785483.56;1933.55
2150;359184.23;4785481.88;1933.08
10193;359184.71;4785480.72;1937.0
6777;359186.57;4785479.05;1937.0
771;359187.98;4785479.56;1937.0
2547;359189.55;4785485.05;1934.57
4238;359189.55;4785485.05;1944.57
6926;359149.97;4785493.43;1939.46
1329;359136.82;4785488.69;1945.82
4234;359156.08;4785494.07;1935.47
1964;359155.21;4785499.02;1932.33
7810;359162.04;4785508.08;1928.42
1416;359161.61;4785510.3;1930.46
3478;359164.49;4785513.62;1933.89
4850;359161.14;4785514.39;1934.56
3550;359157.62;4785514.02;1931.48
8083;359156.59;4785516.13;1931.48
2476;359137.62;4785486.09;1943.62
4739;359136.82;4785488.69;1945.72
10028;359132.73;4785486.87;1943.62
6674;359131.23;4785490.23;1943.3
923;359129.33;4785490.57;1942.04
7385;359126.28;4785491.44;1938.64
3589;359124.99;4785493.68;1938.33
2131;359126.07;4785494.11;1938.51
8868;359127.08;4785496.39;1938.29
3382;359136.26;4785490.22;1940.99
8862;359133.09;4785492.13;1934.59
5622;359133.09;4785492.13;1923.89
4865;359133.09;4785492.13;1894.09
5044;359124.53;4785499.06;1895.44
1746;359124.53;4785506.69;1893.82
9831;359125.27;4785507.67;1891.99
10095;359125.27;4785507.67;1887.09
7764;359125.27;4785507.67;1869.39
19;359124.47;4785508.42;1867.49
2300;359124.47;4785508.42;1855.99
3096;359124.47;4785508.42;1844.79
9515;359116.43;4785512.88;1845.27
124;359112.55;4785513.85;1840.15
4107;359108.97;4785515.99;1839.11
8826;359107.99;4785525.37;1835.49
2891;359102.22;4785525.98;1835.49
9219;359097.65;4785531.83;1834.44
249;359092.71;4785535.16;1832.39
4822;359090.58;4785539.71;1833.74
2158;359072.56;4785540.97;1835.96
2926;359068.37;4785541.19;1833.63
1930;359068.37;4785541.19;1827.13
5363;359066.94;4785539.15;1827.13
8106;359062.16;4785540.52;1824.14
5803;359063.58;4785536.99;1822.91
8364;359065.53;4785535.73;1821.16
3580;359064.12;4785532.23;1818.52
8294;359064.12;4785532.23;1798.72
7981;359060.87;4785526.61;1799.06
7575;359059.98;4785524.71;1799.06
2732;359061.03;4785520.81;1798.35
6572;359054.58;4785524.38;1797.71
8575;359051.59;4785525.18;1797.49
1239;359053.54;4785529.78;1798.55
2702;359056.23;4785530.06;1798.55
6214;359052.48;4785536.55;1798.55
718;359053.16;4785538.95;1798.38
6947;359053.16;4785538.95;1788.58
9409;359052.77;4785542.13;1788.58
2864;359052.77;4785542.13;1796.88
3630;359050.64;4785543.17;1798.54
980;359050.54;4785544.0;1798.7
1256;359047.66;4785544.66;1798.18
7719;359047.38;4785547.86;1797.67
3585;359045.9;4785551.03;1797.49
4092;359039.74;4785551.56;1799.5
494;359044.15;4785556.29;1799.27
4319;359040.57;4785558.28;1799.49
4704;359040.25;4785560.56;1799.04
41;359037.28;4785559.48;1791.58
5157;359038.01;4785560.29;1787.21
9276;359036.88;4785562.24;1788.04
871;359039.58;4785564.94;1787.97
8143;359037.91;4785569.78;1785.69
9580;359039.15;4785572.99;1785.09
2913;359039.15;4785572.99;1781.59
8631;359039.26;4785576.39;1781.05
4821;359040.4;4785578.82;1780.07
6604;359037.95;4785581.74;1778.83
668;359036.13;4785588.1;1770.94
4714;359032.6;4785586.3;1770.74
4004;359032.6;4785586.3;1766.24
673;359026.17;4785590.02;1763.54
8144;359019.28;4785590.74;1762.56
7531;359017.15;4785590.17;1765.71
3640;359016.9;4785588.77;1752.18
3879;359016.48;4785586.38;1738.39
3049;359016.02;4785583.46;1721.65
7182;359014.76;4785583.68;1697.19
9124;359013.63;4785586.21;1686.85
5660;359009.43;4785588.09;1678.2
6904;359010.64;4785589.1;1663.18
4673;359010.07;4785593.11;1658.35
6414;359004.62;4785595.33;1658.18
1317;359008.72;4785596.63;1646.02
1913;359008.72;4785596.63;1631.87
2552;359008.72;4785596.63;1622.37
1952;359015.1;4785590.25;1618.54
8925;359016.43;4785595.21;1614.38
6046;359022.34;4785598.48;1607.86
8634;359026.22;4785600.91;1606.1
7503;359027.19;4785602.19;1604.05
2033;359026.44;4785604.96;1596.16
5023;359026.44;4785604.96;1575.66
6531;359026.44;4785604.96;1566.76
4260;359026.44;4785604.96;1565.26
71;359026.44;4785604.96;1553.96
8290;359026.44;4785604.96;1548.56
5083;359022.69;4785600.65;1545.26
6593;359023.1;4785595.95;1543.06
3901;359018.51;4785593.2;1541.11
1924;359018.29;4785591.59;1540.58
4578;359020.14;4785587.62;1539.57
1107;359019.39;4785584.61;1539.68
1208;359016.71;4785582.44;1529.66
9794;359016.71;4785582.44;1526.26
7119;359014.07;4785581.58;1525.92
8689;359012.82;4785581.18;1510.97
8480;359012.82;4785581.18;1506.27
6041;359007.54;4785579.66;1506.47
4045;359005.53;4785578.36;1506.47
6811;359002.51;4785579.7;1500.75
2086;358997.37;4785583.17;1494.09
9724;358997.37;4785583.17;1481.99
6956;358997.37;4785583.17;1459.59
290;358997.37;4785583.17;1442.59
2769;358997.37;4785583.17;1434.79
9593;358988.82;4785587.52;1436.83
1045;358988.23;4785590.91;1436.16
5196;358987.06;4785592.58;1436.99
9135;358989.92;4785597.74;1435.95
5638;358988.35;4785602.58;1436.39
8540;358989.96;4785604.49;1436.39
8263;358993.58;4785603.03;1436.39
5989;358994.91;4785607.69;1435.18
6940;358994.62;4785609.77;1435.33
1769;358992.73;4785612.1;1435.43
8156;358995.15;4785616.12;1435.6
8089;358991.58;4785620.69;1435.8
5156;358989.36;4785622.31;1435.26
3170;358986.8;4785622.53;1434.43
6315;358983.32;4785626.26;1434.43
9991;358981.94;4785629.36;1431.48
10087;358981.94;4785629.36;1416.78
4832;358981.94;4785629.36;1407.78
7653;358981.94;4785629.36;1386.78
3571;358980.82;4785635.74;1385.04
8081;358976.53;4785637.3;1379.61
6761;358975.97;4785637.5;1372.83
8465;358970.24;4785639.59;1372.83
5148;358966.48;4785640.96;1372.83
6637;358961.68;4785641.12;1371.9
7430;358961.68;4785641.12;1360.7
9619;358957.7;4785641.47;1361.99
5239;358955.0;4785641.12;1360.7
6257;358956.37;4785639.26;1361.2
4252;358954.05;4785638.42;1360.77
8928;358952.83;4785639.28;1360.77
4797;358950.75;4785641.35;1359.76
3830;358948.7;4785642.53;1356.94
7269;358948.7;4785642.53;1341.14
5013;358952.48;4785648.13;1333.9
7556;358952.48;4785648.13;1323.9
8859;358952.48;4785648.13;1318.9
3783;358952.48;4785648.13;1308.08
9678;358952.48;4785648.13;1279.08
5094;358959.4;4785644.45;1278.53
9341;358960.13;4785644.64;1274.97
1205;358961.45;4785644.17;1274.97
9052;358962.64;4785642.84;1274.97
4537;358961.45;4785644.17;1268.97
9579;358964.99;4785641.64;1274.97
850;358963.35;4785640.69;1274.94
3084;358963.4;4785637.78;1274.94
6720;358961.79;4785637.07;1274.47
9592;358959.6;4785638.14;1274.34
7619;358960.53;4785636.31;1273.9
9799;358959.24;4785635.56;1273.9
7950;358956.13;4785636.39;1273.9
2123;358956.49;4785634.51;1273.9
6134;358954.84;4785633.52;1273.35
10085;358949.95;4785634.03;1272.75
910;358948.52;4785631.74;1272.75
8640;358944.13;4785633.88;1272.75
597;358941.73;4785631.86;1272.75
8254;358940.56;4785636.19;1272.36
8962;358939.58;4785635.37;1272.36
1545;358939.56;4785633.94;1272.36
6377;358939.77;4785631.53;1272.48
8328;358939.77;4785631.53;1258.48
10074;358939.67;4785625.53;1258.48
2770;358939.67;4785625.53;1250.48
1966;358939.93;4785622.54;1250.48
3290;358939.93;4785622.54;1245.48
7733;358939.86;4785618.55;1245.48
9747;358939.86;4785618.55;1231.48
8611;358959.43;4785642.53;1268.97
9436;358959.07;4785645.9;1267.39
8809;358959.07;4785645.9;1258.78
1472;358954.67;4785647.59;1258.78
8176;358955.32;4785649.38;1258.78
9503;358955.54;4785650.94;1257.72
6586;358955.54;4785650.94;1244.62
4957;358953.44;4785650.94;1244.62
7409;358953.44;4785650.94;1249.32
67;358928.69;4785650.94;1224.57
1732;359162.18;4785480.84;1945.05
1761;359160.08;4785481.4;1953.16
6815;359160.63;4785483.98;1954.12
9979;359162.52;4785483.1;1946.34
4829;359163.81;4785482.63;1938.56
9308;359165.02;4785481.37;1930.35
3737;359165.1;4785481.74;1919.45
1032;359164.37;4785480.25;1928.09
5869;359164.37;4785480.25;1921.79
9489;359164.37;4785474.44;1925.14
6003;359165.57;4785470.51;1922.77
5519;359174.17;4785467.38;1927.04
9717;358952.45;4785638.09;1359.18
7877;358950.25;4785637.94;1358.98
5558;358949.87;4785638.53;1358.98
7702;358943.09;4785640.22;1350.65
7918;358938.93;4785638.71;1342.32
6333;358937.37;4785637.73;1337.27
201;358935.12;4785634.75;1341.27
9451;358930.27;4785634.75;1336.42
3767;358924.84;4785636.51;1317.77
7624;358927.5;4785633.34;1317.62
5165;358922.94;4785633.74;1316.4
6527;358922.59;4785630.91;1316.4
9658;358921.24;4785631.03;1316.4
5497;358920.13;4785630.25;1316.4
6771;358918.49;4785630.25;1316.19
9756;358917.02;4785629.63;1316.08
7161;358915.56;4785628.78;1315.66
5774;358915.05;4785627.69;1315.22
6578;358912.51;4785628.37;1316.13
1829;358912.44;4785629.63;1315.7
2768;358910.8;4785631.59;1307.32
6780;358909.5;4785631.48;1305.15
2893;358904.48;4785634.99;1270.38
4256;358898.66;4785636.23;1270.38
5678;358895.9;4785637.51;1268.96
4089;358887.1;4785632.43;1270.03
3119;358883.6;4785635.07;1268.08
5845;358882.26;4785633.01;1267.86
4671;358881.91;4785629.01;1266.16
2725;358879.14;4785624.75;1262.6
3890;358872.72;4785625.65;1249.86
3874;358865.15;4785633.49;1233.09
4838;359004.62;4785595.33;1648.18
6508;358999.06;4785601.08;1648.18
9158;358999.06;4785601.08;1638.18
7198;358975.0;4785626.0;1618.18
9824;358975.0;4785626.0;1608.18
9528;358973.2;4785627.87;1606.68
1871;358973.2;4785627.87;1596.68
4358;358949.13;4785652.79;1576.68
5668;358949.13;4785652.79;1571.68
1509;358942.19;4785659.98;1571.68
9488;358942.19;4785659.98;1462.68
1760;358928.29;4785674.37;1462.68
5408;358928.29;4785674.37;1458.68
2820;358921.35;4785681.56;1458.68
6728;358921.35;4785681.56;1443.68
3706;358879.23;4785725.17;1408.68
8555;358879.23;4785725.17;1373.68
2298;358865.81;4785739.07;1368.5
4966;358865.81;4785739.07;1358.5
1331;358862.34;4785742.66;1358.5
515;358852.28;4785753.09;1354.62
2159;358852.28;4785753.09;1351.62
6337;358848.8;4785756.68;1351.62
9323;358848.8;4785756.68;1343.62
9106;358818.61;4785787.95;1331.97
2471;358818.61;4785787.95;1327.97
6017;358818.61;4785787.95;1297.97
1620;358815.14;4785791.55;1297.97
6844;358815.14;4785791.55;1277.97
4372;358813.05;4785793.71;1277.97
8828;358813.05;4785793.71;1227.97
5200;358810.04;4785796.82;1225.47
8725;358810.04;4785796.82;1195.47
8216;358808.24;4785798.69;1193.97
245;358808.24;4785798.69;1181.97
6980;358794.82;4785812.59;1176.8
6651;358794.82;4785812.59;1066.8
9709;358780.93;4785826.97;1066.8
389;358780.93;4785826.97;1059.8
4178;358773.98;4785834.17;1059.8
6762;358773.98;4785834.17;1049.8
3913;358767.03;4785841.36;1049.8
6474;358767.03;4785841.36;1039.8
109;358693.35;4785917.66;933.73
4079;358693.35;4785917.66;931.73
4603;358686.41;4785924.85;931.73
5885;358686.41;4785924.85;926.73
7513;358680.85;4785930.61;926.73
224;358680.85;4785930.61;918.73
7407;358677.38;4785934.2;918.73
92;358677.38;4785934.2;910.73
450;358671.82;4785939.96;910.73
7698;358671.82;4785939.96;905.73
316;358669.04;4785942.83;905.73
1959;358669.04;4785942.83;902.73
7683;358666.96;4785944.99;902.73
9028;358666.96;4785944.99;897.73
496;358663.48;4785948.59;897.73
9441;358663.48;4785948.59;889.73
4424;358660.01;4785952.19;889.73
7005;358660.01;4785952.19;879.73
1633;358656.54;4785955.78;879.73
2950;358656.54;4785955.78;874.73
5228;358653.06;4785959.38;874.73
8463;358653.06;4785959.38;868.73
10136;358648.2;4785964.41;868.73
2495;358648.2;4785964.41;858.73
5633;358633.16;4785979.99;846.23
7883;359471.0;4785483.0;2056.0
2337;359471.0;4785483.0;1966.0
6883;359471.0;4785487.95;1961.05
2281;359471.0;4785487.95;1851.05
10032;359471.0;4785506.33;1832.67
437;359471.0;4785506.33;1836.67
8185;359471.0;4785509.33;1836.67
541;359471.0;4785509.33;1826.67
9566;359471.0;4785512.87;1823.13
6919;359471.0;4785512.87;1833.13
1906;359471.0;4785512.87;1813.13
361;359471.0;4785519.94;1806.06
4806;359777.0;4785486.0;1975.0
3554;359777.0;4785486.0;1965.8
9818;359778.53;4785485.08;1962.7
8468;359780.27;4785482.86;1956.07
6133;359780.27;4785482.86;1834.07
6087;359782.04;4785486.2;1833.67
7344;359784.41;4785495.03;1833.2
8008;359786.19;4785497.57;1833.3
3187;359783.95;4785500.05;1834.39
4815;359781.78;4785499.71;1835.51
4226;359777.96;4785500.04;1837.3
9031;359776.87;4785501.34;1835.93
9171;359776.18;4785502.49;1835.24
6714;359781.05;4785504.07;1836.33
8843;359777.77;4785506.2;1835.64
3849;359779.16;4785506.37;1835.64
2695;359776.91;4785510.43;1832.51
2548;359771.73;4785512.73;1830.88
3144;359766.39;4785515.57;1829.49
8347;359766.92;4785523.12;1827.6
8028;359766.92;4785523.12;1825.6
5215;359761.02;4785528.62;1819.52
7088;359757.22;4785539.67;1814.8
8700;359757.22;4785539.67;1798.8
3289;359754.4;4785540.69;1798.8
6827;359754.4;4785540.69;1768.3
1580;359752.52;4785541.38;1768.3
56;359759.68;4785549.34;1765.03
853;359752.52;4785541.38;1751.3
3326;359760.98;4785540.1;1762.36
547;359752.5;4785540.08;1751.3
3984;359750.72;4785537.72;1751.83
9901;359752.43;4785536.07;1753.49
4534;359749.55;4785538.01;1751.83
6021;359753.5;4785532.06;1756.62
4222;359751.15;4785528.82;1756.62
4672;359748.54;4785542.08;1754.35
4265;359746.88;4785544.06;1757.54
4836;359742.88;4785543.92;1757.54
5461;359740.66;4785546.47;1756.03
4481;359740.66;4785546.47;1750.03
746;359740.49;4785551.41;1749.25
7902;359742.42;4785553.15;1749.25
1101;359736.95;4785552.96;1748.77
7635;359735.89;4785555.44;1748.77
8478;359734.14;4785556.76;1748.77
9021;359732.3;4785559.59;1749.24
3895;359732.3;4785559.59;1744.94
6749;359731.24;4785563.86;1744.94
121;359731.24;4785563.86;1740.94
5290;359729.73;4785565.32;1740.94
260;359727.91;4785566.16;1740.94
8702;359726.49;4785571.89;1740.94
3760;359724.94;4785570.96;1740.94
9540;359723.53;4785572.37;1740.94
3920;359721.67;4785571.02;1740.94
9470;359720.13;4785572.99;1740.94
6148;359721.26;4785576.09;1740.94
9353;359722.16;4785576.52;1740.94
8405;359722.16;4785581.22;1740.94
8986;359715.21;4785583.75;1740.94
8238;359711.85;4785585.84;1739.88
4269;359707.28;4785587.6;1737.38
3518;359704.29;4785587.91;1737.38
2571;359707.42;4785585.1;1739.26
2461;359705.44;4785584.38;1739.26
2661;359702.84;4785582.7;1739.26
8201;359701.8;4785587.59;1739.26
9268;359698.91;4785587.49;1739.26
8193;359698.91;4785589.99;1739.26
2902;359701.14;4785591.99;1739.26
8905;359700.75;4785593.96;1739.26
8574;359699.91;4785598.28;1739.26
1422;359703.01;4785596.9;1739.49
10253;359702.58;4785599.36;1739.49
2881;359703.83;4785601.22;1738.4
4872;359702.62;4785602.96;1737.5
2239;359700.5;4785600.43;1737.5
9394;359697.6;4785600.53;1737.5
7856;359699.92;4785605.74;1737.5
133;359701.26;4785606.79;1735.67
9781;359704.06;4785606.79;1736.42
3896;359704.06;4785610.29;1736.42
2970;359704.06;4785610.29;1722.32
7136;359705.4;4785615.64;1724.66
198;359704.84;4785622.06;1722.19
10173;359702.52;4785622.6;1720.05
1540;359697.86;4785622.68;1715.38
8435;359696.32;4785623.96;1715.38
1915;359695.01;4785626.66;1715.38
1816;359689.57;4785630.61;1714.32
8877;359690.5;4785632.15;1714.32
710;359689.28;4785634.36;1718.87
7960;359685.47;4785638.04;1721.68
2179;359680.63;4785632.85;1721.44
270;359677.73;4785632.74;1721.44
7120;359671.1;4785635.29;1721.44
5702;359670.28;4785638.59;1721.44
6304;359668.08;4785638.51;1721.44
789;359667.36;4785636.54;1721.44
3857;359665.25;4785637.57;1720.58
1418;359665.25;4785639.72;1708.37
5938;359662.8;4785644.53;1713.58
7204;359660.15;4785647.92;1709.84
34;359656.27;4785647.71;1709.57
8751;359654.32;4785648.13;1709.74
3937;359648.89;4785651.14;1710.84
1747;359649.5;4785652.72;1711.01
9090;359650.2;4785653.35;1711.58
10061;359652.85;4785653.58;1710.72
575;359654.52;4785654.88;1709.82
6105;359651.95;4785660.4;1710.14
9637;359653.17;4785662.61;1709.17
672;359653.64;4785664.37;1704.41
10075;359648.99;4785669.36;1703.33
7894;359646.2;4785669.45;1703.43
7272;359638.93;4785678.76;1701.98
8937;359636.95;4785682.64;1699.95
10016;359634.89;4785684.37;1700.14
709;359622.12;4785686.85;1702.9
6268;359615.55;4785685.09;1699.29
5727;359613.02;4785686.8;1699.82
6260;359608.48;4785687.85;1699.17
3002;359607.51;4785689.68;1697.3
9205;359607.51;4785689.68;1670.3
2401;359608.91;4785685.84;1700.98
2062;359607.51;4785689.68;1666.0
13;359603.92;4785690.38;1667.04
6140;359602.81;4785687.48;1664.53
3766;359601.87;4785687.24;1664.28
7871;359601.22;4785686.21;1664.73
9155;359599.41;4785686.18;1664.86
4143;359598.01;4785687.35;1664.04
5129;359597.18;4785686.57;1663.41
280;359592.91;4785685.59;1663.8
334;359591.38;4785683.49;1659.29
7638;359590.34;4785679.31;1660.21
3904;359593.43;4785679.09;1660.15
2015;359595.12;4785677.41;1660.4
8191;359595.12;4785677.41;1637.1
1637;359594.37;4785678.77;1661.96
1518;359590.25;4785674.79;1667.11
4432;359587.53;4785671.17;1664.17
9701;359587.53;4785671.17;1546.27
8544;359588.01;4785676.73;1543.55
9327;359588.01;4785676.73;1519.35
3859;359592.64;4785677.88;1518.25
4572;359596.72;4785676.07;1517.14
1903;359596.52;4785673.76;1518.07
7431;359591.86;4785669.25;1518.53
757;359590.36;4785665.37;1519.11
4509;359595.95;4785664.48;1517.81
10157;359596.21;4785667.44;1513.06
6884;359596.21;4785669.04;1504.0
10066;359587.15;4785674.48;1494.81
7200;359580.61;4785677.81;1487.73
10134;359579.97;4785679.78;1483.84
1176;359581.37;4785685.82;1483.95
2462;359581.54;4785690.69;1482.83
1013;359609.15;4785688.63;1700.98
6223;359604.46;4785691.97;1700.27
8898;359608.85;4785705.48;1700.27
2459;359605.51;4785711.5;1700.75
7711;359604.24;4785719.57;1700.04
1612;359604.24;4785731.97;1700.04
1132;359608.66;4785732.39;1701.57
6968;359601.95;4785734.42;1700.57
6556;359611.46;4785727.91;1700.05
408;359601.34;4785735.03;1700.86
6723;359598.99;4785736.17;1701.71
7831;359598.39;4785740.48;1699.45
5547;359596.13;4785740.12;1700.47
7342;359587.2;4785736.33;1698.75
10192;359587.2;4785742.71;1699.99
3900;359581.85;4785744.66;1699.7
1763;359580.84;4785754.31;1697.28
6564;359576.27;4785756.06;1697.28
1831;359571.94;4785750.11;1698.05
4802;359571.25;4785747.52;1695.5
8923;359563.74;4785747.65;1696.96
7557;359540.26;4785756.66;1696.96
1349;359537.29;4785755.64;1697.57
4108;359528.67;4785759.84;1695.1
9107;359523.86;4785760.01;1688.34
6866;359513.49;4785762.59;1673.36
9823;359503.88;4785761.58;1682.06
2334;359503.23;4785760.8;1681.2
6621;359502.82;4785760.2;1679.63
5561;359491.96;4785746.79;1679.63
5436;359485.95;4785754.77;1682.13
7049;359477.55;4785752.68;1679.31
9537;359477.55;4785752.68;1671.51
7880;359475.7;4785755.42;1672.92
7734;359473.89;4785759.14;1678.82
3143;359468.45;4785760.49;1677.32
466;359466.45;4785764.78;1678.59
9440;359466.45;4785764.78;1683.59
2738;359467.16;4785765.49;1683.59
2743;359459.54;4785773.11;1684.34
3253;359449.17;4785779.33;1684.76
4313;359445.36;4785783.42;1684.47
1672;359429.8;4785791.35;1680.11
6164;359432.77;4785791.72;1677.77
8978;359424.56;4785782.64;1679.22
2516;359428.46;4785794.85;1674.05
9103;359428.46;4785794.85;1655.45
7826;359437.52;4785783.26;1650.09
8228;359430.14;4785791.7;1654.15
6719;359443.33;4785782.02;1650.4
1590;359450.45;4785779.43;1655.71
8752;359465.62;4785768.0;1656.04
1157;359472.62;4785765.03;1656.04
9519;359423.93;4785784.3;1651.01
5591;359420.98;4785790.35;1652.94
8891;359416.09;4785788.47;1651.63
574;359418.16;4785787.02;1653.75
8945;359416.85;4785777.68;1657.37
794;359415.83;4785777.96;1658.64
7072;359415.83;4785777.96;1661.59
5119;359414.29;4785779.67;1661.59
6036;359410.93;4785780.57;1659.5
10107;359414.29;4785779.67;1664.89
1310;359407.72;4785782.35;1657.47
3821;359402.15;4785784.37;1659.28
9686;359417.7;4785781.72;1666.75
368;359405.35;4785786.22;1674.96
9634;359403.74;4785792.24;1675.84
10116;359405.9;4785795.98;1674.09
7042;359405.9;4785795.98;1668.46
10175;359405.9;4785795.98;1651.16
2230;359399.92;4785802.18;1653.63
1783;359397.78;4785810.14;1648.48
7739;359397.52;4785813.19;1646.01
9789;359397.93;4785816.52;1642.65
3649;359396.61;4785823.96;1636.74
7610;359393.91;4785826.15;1635.55
7710;359391.86;4785824.43;1631.72
9679;359391.86;4785824.43;1623.2
6099;359391.86;4785824.43;1619.85
7367;359385.55;4785833.1;1614.62
2936;359385.55;4785833.1;1603.48
10064;359382.57;4785838.95;1602.79
5252;359383.79;4785845.23;1601.55
9153;359383.79;4785845.23;1598.18
10184;359383.79;4785845.23;1585.45
1642;359385.13;4785852.08;1584.72
9715;359381.62;4785851.71;1584.72
9968;359378.85;4785853.31;1585.0
5867;359377.68;4785855.81;1584.2
3248;359380.04;4785856.58;1584.2
4972;359381.56;4785860.17;1580.69
4818;359381.8;4785861.63;1580.56
10179;359385.65;4785863.77;1575.83
2626;359389.59;4785869.61;1573.81
9909;359387.93;4785873.15;1573.61
7043;359387.35;4785873.1;1572.34
2280;359387.35;4785873.1;1559.2
4187;359385.1;4785878.15;1558.71
6776;359385.1;4785878.15;1548.96
5815;359387.09;4785882.86;1551.91
5085;359388.6;4785885.27;1551.26
9560;359383.6;4785892.41;1550.03
3745;359382.42;4785902.06;1550.03
942;359383.51;4785905.42;1546.85
9680;359382.4;4785907.68;1545.63
7428;359382.4;4785907.68;1536.53
1773;359382.63;4785910.92;1537.97
8242;359375.55;4785913.92;1537.57
1321;359375.61;4785917.52;1537.38
2678;359374.91;4785920.85;1535.49
2005;359374.91;4785920.85;1531.99
2220;359375.31;4785925.45;1531.09
5766;359372.46;4785927.16;1531.8
4837;359379.09;4785932.16;1531.8
3495;359382.35;4785930.04;1532.7
961;359385.21;4785930.96;1531.54
10118;359386.25;4785934.83;1531.54
8107;359384.36;4785936.65;1531.18
9068;359383.54;4785939.53;1530.2
1827;359386.0;4785943.63;1529.78
1607;359385.29;4785945.39;1530.4
7325;359384.16;4785949.58;1530.78
986;359378.95;4785953.65;1530.09
4854;359379.07;4785957.1;1529.97
3296;359379.07;4785957.1;1530.77
3772;359379.47;4785958.31;1530.85
5786;359377.84;4785960.33;1531.04
8936;359380.42;4785960.74;1530.81
6619;359380.76;4785962.45;1530.81
419;359377.68;4785963.63;1531.04
8000;359377.5;4785965.7;1530.56
4125;359380.45;4785965.91;1531.87
8029;359382.05;4785964.56;1532.17
8022;359384.43;4785966.93;1531.7
3746;359383.69;4785968.21;1530.95
7083;359386.02;4785970.3;1531.5
7377;359387.15;4785973.77;1531.5
3443;359384.56;4785975.09;1531.35
7547;359393.62;4785982.17;1531.35
8831;359394.98;4785985.36;1531.83
3271;359395.56;4785991.99;1529.67
7398;359387.14;4785995.57;1531.61
2116;359383.5;4785999.9;1530.72
1096;359383.5;4785999.9;1531.82
5560;359379.47;4785999.48;1530.73
9262;359375.22;4786000.46;1529.06
3394;359375.32;4786003.33;1529.01
3036;359377.06;4786005.65;1529.01
4839;359376.9;4786007.94;1525.02
5723;359376.9;4786007.94;1495.42
6544;359379.12;4786006.86;1496.74
5507;359383.64;4786021.62;1507.55
4651;359379.63;4786021.13;1509.35
2915;359374.32;4786024.58;1508.46
5069;359372.69;4786023.49;1506.36
169;359371.18;4786025.91;1505.85
6010;359371.18;4786025.91;1494.71
4093;359368.62;4786029.85;1496.8
10163;359365.28;4786029.2;1495.83
8520;359363.97;4786032.62;1494.49
3362;359367.14;4786036.4;1491.98
5973;359364.92;4786038.62;1491.7
4247;359364.92;4786038.62;1475.8
8623;359364.33;4786045.35;1480.19
1281;359367.4;4786048.88;1479.95
6639;359365.89;4786051.98;1478.9
3342;359365.58;4786056.37;1477.47
5396;359368.81;4786060.22;1476.85
951;359372.9;4786067.29;1476.13
2102;359377.26;4786069.24;1477.6
5992;359381.71;4786068.04;1477.6
7607;359385.1;4786067.81;1476.36
7307;359381.19;4786071.45;1476.17
6193;359375.43;4786074.14;1476.17
7677;359376.64;4786076.4;1475.72
5554;359376.64;4786076.4;1472.52
723;359376.64;4786076.4;1466.23
7358;359372.36;4786080.83;1464.69
5336;359376.35;4786082.87;1458.52
7586;359371.27;4786086.43;1456.5
3970;359371.27;4786086.43;1437.9
9279;359372.15;4786091.45;1437.9
9890;359371.59;4786097.9;1433.2
7181;359359.27;4786103.64;1426.86
8382;359352.45;4786106.82;1424.13
4038;359352.45;4786106.82;1395.13
6793;359346.39;4786108.45;1393.44
4956;359337.46;4786109.23;1392.66
5725;359337.46;4786109.23;1381.46
3601;359328.68;4786110.0;1385.02
5254;359326.37;4786116.34;1384.19
2063;359331.37;4786121.34;1383.57
1908;359328.92;4786126.59;1377.77
379;359327.96;4786130.2;1374.75
5025;359321.36;4786131.36;1373.57
5106;359323.81;4786132.25;1373.57
9655;359323.81;4786136.3;1371.85
8256;359329.4;4786136.3;1371.66
974;359330.95;4786135.41;1371.01
1088;359339.42;4786133.91;1371.01
5466;359338.28;4786138.16;1369.58
8036;359341.28;4786139.75;1369.58
3491;359345.58;4786139.75;1369.58
6713;359345.58;4786139.75;1350.58
8163;359340.04;4786149.36;1347.19
5642;359340.04;4786149.36;1336.09
9665;359338.44;4786153.75;1335.6
7435;359341.1;4786154.88;1336.71
2135;359347.36;4786157.54;1336.71
288;359353.26;4786162.49;1333.6
7327;359349.41;4786166.61;1331.54
9142;359352.08;4786171.23;1332.39
6335;359345.68;4786173.19;1333.57
4179;359338.46;4786181.79;1331.59
5318;359326.29;4786188.81;1330.36
9403;359319.47;4786200.17;1331.52
5159;359309.78;4786205.32;1330.75
4307;359302.18;4786208.09;1330.33
1916;359295.33;4786204.89;1329.54
9513;359295.99;4786197.32;1330.74
8414;359300.72;4786192.42;1330.74
268;359297.97;4786192.09;1329.14
7051;359301.99;4786187.92;1329.24
2466;359299.41;4786184.36;1329.55
5206;359298.25;4786177.77;1329.78
2658;359292.32;4786177.56;1326.89
3815;359291.41;4786174.14;1326.26
465;359293.81;4786169.98;1326.26
2817;359293.81;4786169.98;1320.16
5041;359289.37;4786159.01;1322.68
6856;359288.31;4786157.31;1322.71
2305;359288.31;4786157.31;1286.52
2798;359283.18;4786163.43;1287.36
2139;359283.18;4786163.43;1279.41
2744;359273.48;4786161.89;1284.63
505;359266.58;4786162.99;1284.63
3751;359263.22;4786161.28;1284.57
5664;359260.62;4786162.72;1287.24
6784;359254.45;4786165.86;1288.72
6399;359252.78;4786173.11;1288.33
3446;359247.61;4786174.89;1284.21
6344;359245.85;4786175.75;1280.82
1600;359242.48;4786178.29;1278.28
6189;359239.16;4786176.52;1278.28
8990;359237.74;4786176.37;1276.9
4587;359236.4;4786175.08;1275.29
1733;359231.42;4786173.46;1268.08
6269;359228.26;4786175.21;1268.33
3158;359226.37;4786176.54;1267.49
5218;359225.77;4786180.32;1266.6
55;359227.01;4786181.22;1266.22
711;359227.01;4786181.22;1255.85
4726;359226.61;4786184.05;1257.13
9784;359227.63;4786188.47;1257.92
2463;359231.5;4786194.42;1257.92
7519;359229.74;4786197.47;1256.5
2296;359222.82;4786196.38;1256.5
9850;359220.66;4786199.58;1253.48
1789;359216.52;4786200.46;1256.13
8560;359216.52;4786200.46;1258.93
5789;359221.23;4786211.06;1255.16
1311;359223.23;4786209.56;1255.16
6357;359226.7;4786206.44;1258.08
2293;359229.15;4786210.21;1258.08
1154;359232.26;4786213.55;1260.11
3981;359235.06;4786217.13;1258.55
4471;359238.96;4786218.25;1255.14
8807;359237.14;4786223.54;1255.14
381;359237.14;4786223.54;1216.84
8297;359229.44;4786227.81;1216.84
856;359236.83;4786241.19;1152.14
7371;359229.86;4786230.47;1216.84
2325;359227.87;4786230.26;1216.84
7357;359227.87;4786230.26;1219.64
10050;359224.02;4786227.57;1219.64
9924;359216.92;4786231.67;1219.64
5292;359211.75;4786228.44;1219.64
7253;359205.41;4786220.88;1212.47
8690;359205.41;4786220.88;1205.27
8600;359199.82;4786218.15;1201.08
1158;359199.82;4786218.15;1195.78
9493;359184.26;4786210.56;1188.43
6981;359184.26;4786210.56;1183.23
6;359184.26;4786210.56;1177.73
6129;359180.95;4786213.76;1177.73
2285;359172.93;4786213.06;1169.95
9529;359167.77;4786206.69;1168.65
7492;359139.19;4786211.72;1149.08
9312;359255.62;4786255.35;1152.14
581;359262.77;4786295.91;1152.14
4414;359228.72;4786414.65;1093.32
9841;359172.69;4786447.01;1087.44
8907;359203.86;4786496.89;1081.56
8449;359234.29;4786628.72;1028.62
4437;359127.67;4786678.44;865.5
10097;360426.0;4785158.0;1854.0
141;360432.14;4785152.14;1853.76
3172;360437.62;4785155.46;1853.62
255;360461.86;4785134.13;1854.49
218;360444.55;4785151.57;1854.26
9868;360450.04;4785153.44;1854.38
827;360459.84;4785149.6;1855.52
1162;360460.15;4785149.8;1856.49
5002;360455.59;4785150.27;1853.95
5877;360450.23;4785154.07;1861.83
1886;360447.49;4785153.9;1862.29
2558;360449.93;4785159.64;1861.26
9111;360439.37;4785157.38;1865.3
8315;360450.22;4785165.98;1858.45
10143;360448.89;4785165.73;1858.23
5908;360447.31;4785169.56;1855.86
6983;360448.94;4785172.54;1854.25
8443;360449.09;4785171.35;1853.99
5635;360450.47;4785173.26;1851.21
416;360445.64;4785143.09;1854.2
4774;360450.32;4785146.38;1854.01
81;360545.0;4785505.0;1850.0
2696;360545.0;4785505.0;1828.12
9012;360545.63;4785508.55;1824.99
1291;360546.91;4785510.08;1824.99
10098;360547.3;4785511.43;1812.49
8346;360547.3;4785511.43;1811.71
3620;360547.3;4785516.42;1812.49
9960;360547.3;4785516.42;1779.68
4627;360547.3;4785521.02;1779.68
9269;360540.42;4785516.56;1771.87
2043;360540.42;4785516.56;1684.37
6030;360538.12;4785512.57;1684.37
9149;360542.5;4785508.48;1683.99
6946;360535.0;4785518.0;1836.0
4022;360535.35;4785519.37;1831.24
9304;360534.81;4785518.47;1828.81
5613;360534.81;4785520.28;1826.27
4598;360541.15;4785516.92;1826.52
6538;360542.29;4785519.69;1825.62
10223;360544.18;4785517.57;1825.29
4239;360550.28;4785518.15;1828.39
2302;360553.21;4785512.0;1825.61
2433;360554.02;4785521.01;1830.19
7641;360557.22;4785519.57;1831.35
562;360559.12;4785520.77;1832.3
2140;360559.05;4785523.38;1833.33
7931;360560.71;4785527.86;1835.18
10027;360553.31;4785509.57;1826.23
5509;360557.95;4785507.44;1827.51
7857;360556.46;4785502.62;1827.99
2075;360562.69;4785502.55;1828.4
8688;360557.7;4785496.54;1819.99
7054;360563.54;4785497.32;1833.37
9733;360948.0;4785916.0;1755.0
2907;360947.68;4785918.56;1756.14
8059;360950.04;4785908.77;1755.03
3653;360948.63;4785903.91;1754.77
7872;360951.38;4785898.47;1755.09
8126;360950.81;4785887.5;1755.17
5459;360953.78;4785874.3;1755.31
4653;360953.6;4785864.87;1755.47
5332;360955.69;4785857.63;1755.12
642;360956.64;4785847.43;1755.55
6270;360959.03;4785835.88;1757.54
4779;360963.93;4785831.88;1756.15
7643;360963.83;4785826.97;1755.97
10159;360970.46;4785814.61;1755.65
7229;360974.0;4785808.0;1786.0
2877;360973.48;4785804.93;1785.76
3676;360977.53;4785792.6;1786.26
10041;360978.35;4785775.92;1786.41
8467;360977.0;4785776.67;1786.99
3837;360973.84;4785771.8;1787.13
1264;360978.92;4785777.18;1786.95
2048;360977.83;4785774.19;1787.09
1460;360980.57;4785769.83;1788.11
5301;360693.59;4785387.67;1835.64
6490;360683.78;4785375.72;1835.85
1811;360716.45;4785354.3;1835.19
1358;360710.43;4785347.55;1835.07
4111;360726.55;4785325.67;1835.68
3698;360807.54;4785346.19;1812.95
7521;360818.52;4785348.2;1837.12
5046;360817.55;4785346.14;1837.43
2164;360821.1;4785357.76;1837.21
3419;360825.37;4785362.0;1837.47
4983;360830.48;4785374.71;1837.44
9415;360835.56;4785381.79;1837.52
6848;360838.12;4785388.82;1837.4
2556;360843.47;4785401.29;1837.43
9364;360853.17;4785418.16;1838.28
3372;360794.48;4785361.64;1830.36
4504;360788.14;4785365.57;1826.09
3464;360783.82;4785368.23;1820.11
8729;360813.72;4785346.85;1814.28
7767;360805.02;4785347.25;1812.16
5846;360819.27;4785353.76;1814.45
6136;360805.57;4785345.81;1812.95
10129;360789.77;4785354.42;1815.19
7309;360803.17;4785345.06;1810.51
833;360795.14;4785350.09;1810.64
8469;360475.19;4785361.53;1831.84
6108;360473.03;4785361.69;1832.98
8342;360470.95;4785358.71;1835.64
8856;360472.07;4785357.33;1837.54
9550;360500.57;4785411.19;1821.58
4554;360507.95;4785429.73;1821.23
7280;360425.12;4785420.78;1807.84
9281;360424.68;4785426.77;1807.59
5028;360453.85;4785412.23;1804.18
9796;360457.57;4785405.43;1807.2
4198;360447.13;4785408.48;1803.65
9814;360461.6;4785400.93;1808.03
6420;360465.01;4785395.86;1811.48
7663;360468.16;4785395.32;1812.1
940;360451.29;4785403.92;1806.99
9993;360456.0;4785400.8;1809.46
3276;360455.53;4785399.48;1809.8
7442;360458.42;4785401.1;1809.68
7145;360451.34;4785402.98;1815.38
5636;360457.64;4785396.99;1807.11
5703;360453.44;4785394.2;1807.3
2313;360452.06;4785397.75;1807.2
8217;360448.53;4785392.12;1808.99
3770;360455.72;4785379.66;1809.74
3492;360447.13;4785381.14;1816.61
2237;360443.58;4785382.31;1828.84
10124;360447.58;4785386.5;1816.25
9000;360450.64;4785386.81;1816.71
2710;360451.95;4785388.54;1816.53
6309;360418.97;4785440.31;1829.62
2542;360495.05;4785372.14;1822.13
1853;360491.68;4785370.75;1820.03
3056;360489.25;4785372.39;1818.95
7941;360485.55;4785372.79;1817.82
10149;360479.09;4785370.37;1819.28
6434;360475.97;4785369.65;1821.13
1474;360472.78;4785367.78;1822.83
7839;360471.34;4785368.18;1825.12
764;360470.1;4785365.83;1827.36
4413;360468.63;4785363.78;1829.72
3042;360465.08;4785366.09;1829.66
10241;360461.85;4785365.81;1830.15
7919;360460.01;4785366.84;1830.13
1298;360459.65;4785362.66;1831.21
6292;360458.66;4785360.53;1832.25
7183;360458.86;4785358.2;1834.45
7673;360411.11;4785458.8;1763.29
5247;360408.66;4785457.65;1762.14
3679;360422.97;4785434.99;1815.58
6251;360426.07;4785435.85;1813.66
5931;360426.76;4785439.03;1811.83
1657;360426.21;4785441.87;1812.68
1757;360423.66;4785445.82;1812.27
7028;360425.09;4785449.57;1812.29
167;360423.26;4785453.14;1812.32
4084;360424.23;4785456.38;1812.38
1233;360422.27;4785460.35;1812.38
2373;360423.06;4785463.13;1813.19
7418;360416.46;4785472.24;1811.75
2982;360498.02;4785346.71;1834.9
4709;360501.32;4785344.17;1835.41
9335;360506.28;4785343.42;1834.8
4782;360501.83;4785333.64;1834.13
4028;360503.78;4785368.23;1822.86
10212;360502.12;4785374.79;1826.2
3154;360513.74;4785366.96;1825.14
8526;360516.26;4785363.37;1825.56
91;360520.21;4785363.62;1826.06
9988;360517.5;4785367.99;1827.17
6738;360501.14;4785376.51;1823.94
9383;360511.07;4785356.17;1828.42
6677;360516.05;4785352.58;1829.77
1085;360532.17;4785352.28;1843.86
9491;360533.34;4785350.46;1844.17
2665;360535.19;4785350.49;1849.35
9393;360432.37;4785491.41;1693.9
7079;360439.51;4785499.92;1671.17
4320;360448.83;4785505.97;1625.72
7396;360443.62;4785515.78;1614.36
2195;360447.8;4785527.27;1612.09
5505;360450.01;4785527.5;1607.54
2374;360446.98;4785533.44;1602.99
4457;360440.92;4785539.94;1598.45
5805;360447.33;4785541.77;1593.91
8909;360443.76;4785546.03;1591.63
5153;360446.7;4785550.74;1589.36
9966;360457.18;4785544.44;1580.27
3023;360469.79;4785548.79;1578.0
1352;360469.79;4785561.01;1560.0
1749;360516.55;4785362.45;1827.37
6841;360519.94;4785362.54;1827.37
1994;360519.52;4785368.6;1827.04
5426;360527.0;4785356.5;1796.39
9758;360522.07;4785353.55;1793.26
7545;360522.33;4785350.96;1793.14
1339;360519.76;4785351.94;1793.45
5672;360518.71;4785352.77;1792.98
7422;360520.02;4785352.33;1793.37
4417;360520.8;4785351.69;1789.31
5807;360515.31;4785353.59;1790.05
5422;360516.96;4785355.7;1790.07
8761;360516.16;4785357.15;1789.65
1864;360516.27;4785358.54;1789.62
2127;360517.84;4785358.93;1789.5
1601;360516.26;4785360.4;1789.16
9001;360517.03;4785363.35;1789.1
7179;360517.43;4785367.06;1789.36
2161;360515.06;4785367.99;1788.03
8154;360514.8;4785369.9;1786.12
4860;360513.65;4785369.89;1782.5
7189;360513.19;4785374.27;1772.9
785;360515.79;4785376.52;1772.44
5734;360514.5;4785378.88;1773.04
7073;360517.55;4785385.02;1771.91
1534;360517.7;4785386.69;1771.94
9066;360518.89;4785389.19;1772.63
5437;360519.95;4785392.23;1773.28
7753;360520.51;4785394.41;1774.03
4085;360520.51;4785394.41;1778.86
6523;360521.8;4785396.2;1773.42
944;360519.55;4785392.04;1781.42
3038;360522.24;4785387.56;1784.43
1194;360522.52;4785387.07;1784.83
258;360522.52;4785387.07;1785.35
3521;360522.66;4785385.52;1785.35
10258;360526.42;4785387.96;1785.43
6351;360526.42;4785385.21;1785.47
5325;360526.42;4785385.21;1868.23
1252;360527.38;4785387.6;1868.23
7078;360527.71;4785388.4;1868.23
2214;360527.71;4785388.4;1872.37
3789;360530.75;4785388.14;1872.91
3686;360531.73;4785388.47;1872.96
1263;360533.34;4785390.26;1873.05
3190;360533.9;4785387.93;1873.0
8237;360529.22;4785390.55;1873.12
2172;360534.29;4785386.97;1873.04
4058;360536.0;4785388.68;1873.08
5896;360438.62;4785443.77;1777.9
722;360439.67;4785442.48;1777.77
5460;360442.09;4785440.6;1778.12
2510;360441.71;4785437.83;1779.39
8769;360443.73;4785435.49;1779.73
1616;360446.38;4785436.6;1780.83
9897;360441.68;4785433.81;1780.82
3986;360438.23;4785434.03;1785.18
3000;360439.48;4785433.62;1779.2
6174;360440.95;4785429.35;1779.89
9726;360439.77;4785428.87;1782.01
9083;360441.81;4785420.08;1779.91
9881;360454.18;4785418.67;1780.45
5593;360456.41;4785412.05;1783.59
2797;360461.61;4785407.04;1785.7
5462;360501.49;4785406.64;1821.96
9404;360501.41;4785412.94;1821.93
8926;360508.64;4785426.44;1821.7
8938;360506.46;4785428.78;1821.83
461;360503.39;4785437.92;1821.44
6102;360490.24;4785449.89;1821.28
7506;360485.56;4785449.55;1821.31
7125;360465.54;4785461.61;1820.82
2611;360459.67;4785463.18;1821.4
2908;360520.63;4785396.98;1771.47
8529;360521.16;4785398.96;1770.61
7347;360521.22;4785401.02;1770.37
3435;360521.73;4785402.15;1770.36
1405;360520.71;4785407.78;1759.39
925;360521.16;4785408.14;1758.54
1122;360520.43;4785409.8;1756.77
2663;360521.28;4785407.84;1755.59
2264;360520.51;4785408.47;1753.08
8872;360520.83;4785409.18;1751.78
9536;360519.87;4785410.52;1750.81
886;360520.19;4785413.66;1750.07
3438;360520.24;4785415.31;1748.64
3634;360520.48;4785417.71;1748.24
6781;360520.33;4785419.51;1748.0
7832;360521.06;4785420.53;1747.79
9898;360521.05;4785423.29;1743.95
4666;360522.89;4785428.41;1743.32
4699;360523.08;4785430.18;1742.05
3465;360523.31;4785430.33;1739.98
6986;360524.31;4785435.52;1728.35
8594;360524.58;4785438.25;1724.77
7596;360525.52;4785440.17;1715.96
9999;360524.52;4785444.87;1695.06
8738;360526.79;4785445.04;1695.28
39;360525.42;4785446.54;1692.53
1099;360525.49;4785449.02;1692.93
991;360523.0;4785450.61;1693.28
8399;360523.58;4785452.73;1693.33
6949;360521.84;4785454.73;1692.3
4123;360520.74;4785453.94;1678.92
2193;360520.4;4785454.77;1678.37
9018;360519.09;4785456.7;1668.19
4423;360516.08;4785460.49;1659.66
8380;360516.11;4785466.2;1658.64
5871;360510.78;4785467.11;1659.73
930;360508.93;4785471.21;1658.58
393;360507.81;4785471.06;1657.73
1688;360505.89;4785472.62;1657.13
4594;360507.48;4785472.68;1657.15
8209;360506.89;4785473.79;1656.83
1973;360507.17;4785474.37;1656.67
7480;360509.29;4785476.41;1653.86
2153;360506.88;4785479.31;1653.87
1720;360508.91;4785480.19;1652.2
2942;360507.97;4785480.52;1643.49
4428;360506.76;4785478.91;1643.92
1898;360506.6;4785478.92;1634.94
5284;360504.08;4785480.72;1633.43
7212;360503.36;4785480.49;1631.72
7533;360502.32;4785481.82;1629.27
10034;360504.33;4785482.11;1611.52
9108;360501.93;4785481.14;1611.36
3642;360501.25;4785481.29;1609.45
257;360499.99;4785480.7;1607.93
7226;360498.34;4785478.47;1600.95
3401;360497.71;4785485.23;1602.77
456;360497.58;4785481.75;1603.18
3251;360497.99;4785485.7;1602.32
5982;360497.6;4785485.96;1601.7
8362;360497.91;4785488.49;1597.99
9095;360497.72;4785483.31;1603.52
6035;360497.32;4785485.06;1600.8
3949;360497.79;4785485.47;1581.02
7512;360495.05;4785485.07;1579.11
3123;360492.85;4785484.67;1577.42
6469;360492.66;4785482.32;1575.24
8504;360494.39;4785480.79;1570.95
4040;360719.79;4785808.0;1682.63
2113;360719.45;4785809.46;1682.11
1502;360717.64;4785808.5;1678.7
1425;360717.75;4785811.63;1676.42
4508;360717.72;4785813.59;1676.32
4648;360718.48;4785813.71;1676.23
6837;360719.41;4785816.27;1674.95
148;360722.14;4785816.22;1672.03
2030;360721.27;4785818.01;1661.78
5649;360723.14;4785819.14;1659.67
5344;360723.17;4785820.65;1651.88
9958;360721.6;4785820.38;1640.54
6765;360721.73;4785817.91;1636.58
5449;360716.7;4785816.46;1638.69
5686;360714.31;4785809.52;1641.51
3300;360713.94;4785808.3;1633.48
9213;360712.91;4785807.2;1633.91
8377;360712.66;4785807.38;1616.34
5283;360717.82;4785804.15;1612.38
9546;360723.95;4785801.68;1606.0
7587;360724.53;4785798.91;1604.24
564;360725.95;4785799.22;1590.45
5057;360727.59;4785789.95;1588.95
6954;360742.06;4785774.96;1587.27
7045;360746.22;4785774.96;1585.58
8021;360746.55;4785768.72;1585.58
3292;360756.89;4785769.99;1585.58
3729;360760.91;4785755.97;1585.58
3743;360781.63;4785742.0;1543.45
10187;360796.13;4785740.47;1543.45
4847;360800.63;4785744.81;1543.45
7869;360815.4;4785733.27;1543.45
5135;360823.41;4785735.57;1543.45
5929;360823.92;4785731.43;1543.45
2435;360832.2;4785732.3;1543.45
7375;360822.64;4785718.64;1543.45
5212;360817.34;4785715.33;1543.45
7909;360817.34;4785707.0;1543.45
4145;360811.21;4785708.19;1543.45
4573;360806.7;4785694.32;1524.91
6962;360823.0;4785697.79;1523.23
8470;360822.02;4785691.61;1513.11
5138;360827.9;4785689.48;1508.06
9599;360842.88;4785703.95;1462.55
8018;360859.39;4785701.63;1460.86
8229;360880.2;4785730.28;1413.68
7827;360900.96;4785728.47;1398.99
1206;360717.57;4785753.17;1732.79
2693;360721.39;4785738.69;1712.41
5191;360743.04;4785723.59;1714.62
4229;360716.49;4785735.35;1713.34
7076;360652.0;4785718.0;1820.0
706;360652.0;4785718.0;1805.0
6483;360696.56;4785740.7;1767.51
10142;360737.28;4785749.36;1760.02
9389;360752.7;4785743.13;1748.04
6698;360741.26;4785726.78;1733.83
8728;360731.7;4785713.13;1711.33
5398;360720.25;4785696.78;1700.1
152;360705.91;4785676.3;1661.13
7866;360694.44;4785659.92;1640.13
4053;360637.0;4785388.0;1888.0
852;360637.0;4785388.0;1828.0
8971;360517.0;4785247.0;1843.0
9501;360517.0;4785252.0;1843.0
8441;360522.33;4785252.19;1842.81
8323;360523.1;4785250.73;1841.16
4240;360525.39;4785249.51;1838.57
4913;360525.39;4785249.51;1829.57
2200;360527.11;4785248.75;1828.89
10207;360531.02;4785247.01;1828.21
1984;360531.39;4785244.39;1827.84
4955;360529.78;4785243.99;1827.66
3105;360526.25;4785241.52;1827.21
8204;360518.74;4785237.19;1827.21
8829;360518.74;4785237.19;1818.21
6052;360522.6;4785223.74;1817.72
7999;360522.6;4785223.74;1774.39
679;360529.07;4785221.25;1773.41
588;360529.07;4785221.25;1757.75
7730;360533.69;4785219.48;1757.05
535;360533.69;4785219.48;1749.72
8744;360537.81;4785221.67;1749.47
1570;360546.23;4785228.74;1749.47
2659;360550.54;4785229.19;1749.32
8236;360550.54;4785231.52;1749.24
6787;360553.86;4785231.4;1749.18
3006;360555.28;4785232.81;1749.18
9175;360555.28;4785232.81;1709.18
7378;360557.87;4785235.41;1709.18
5469;360561.88;4785239.42;1708.99
5715;360566.85;4785239.85;1708.64
7231;360566.85;4785239.85;1705.97
4786;360569.91;4785237.28;1705.97
5607;360572.51;4785239.87;1705.84
7235;360572.51;4785239.87;1702.84
5528;360572.51;4785241.52;1701.19
9137;360574.69;4785241.33;1700.4
8363;360574.69;4785243.63;1699.99
9338;360574.69;4785243.63;1679.99
795;360574.69;4785246.29;1679.9
8832;360574.69;4785251.29;1679.72
63;360574.69;4785254.62;1679.61
2704;360921.0;4785502.0;1880.0
285;360921.0;4785502.0;1850.0
2802;360921.35;4785511.99;1850.0
3744;360921.35;4785511.99;1830.0
2865;360478.0;4785532.0;1807.0
6592;360489.77;4785529.39;1806.92
5491;360372.0;4785526.0;1779.0
8608;360372.34;4785522.25;1779.22
3688;360376.18;4785520.83;1778.97
7921;360379.23;4785513.46;1779.11
8942;360390.07;4785501.95;1778.42
2151;360392.76;4785496.76;1778.77
9558;360401.69;4785492.38;1777.76
3716;360406.06;4785490.46;1777.26
1792;360406.51;4785486.08;1777.28
5061;360413.93;4785479.76;1777.64
5970;360416.61;4785471.89;1777.8
1735;360425.82;4785460.52;1777.78
1962;360432.04;4785457.84;1777.47
4431;360437.31;4785453.57;1778.0
571;360439.9;4785461.75;1777.66
6119;360439.99;4785446.73;1777.31
1755;360445.74;4785455.47;1777.73
2990;360446.44;4785452.0;1778.26
5414;360457.33;4785445.38;1778.93
6885;360467.62;4785436.21;1779.36
1326;360471.17;4785434.89;1778.39
801;360461.97;4785426.11;1779.43
5169;360474.97;4785439.76;1779.32
774;360482.39;4785445.07;1780.17
2436;360533.77;4785701.11;1760.86
8565;360542.96;4785697.96;1761.52
2916;360552.48;4785694.27;1761.82
10100;360548.02;4785688.85;1761.56
8249;360557.76;4785690.97;1762.39
6643;360535.3;4785674.58;1742.57
4670;360562.31;4785689.28;1762.6
4046;360653.25;4785658.48;1761.0
4441;360542.27;4785694.08;1746.86
9807;360566.51;4785689.96;1746.86
4147;360596.27;4785697.38;1746.86
3825;360612.92;4785696.8;1746.86
1799;360626.92;4785696.8;1746.86
4990;360697.0;4785533.0;1832.0
4912;360710.97;4785530.03;1832.0
3453;360713.42;4785523.32;1832.0
707;360740.09;4785523.84;1832.0
4978;360748.98;4785527.26;1832.0
292;360756.59;4785521.52;1832.0
3943;360754.12;4785512.32;1832.0
4700;360768.35;4785523.38;1832.0
6275;360748.26;4785513.36;1832.0
5150;360760.05;4785511.8;1832.0
4885;360775.38;4785563.25;1832.0
982;360770.08;4785515.23;1832.0
2642;360766.55;4785514.67;1832.0
8114;360753.31;4785483.7;1832.0
618;360827.3;4785498.83;1832.0
3750;360869.92;4785494.35;1832.0
5751;360851.54;4785458.28;1832.0
5644;360893.95;4785539.55;1832.0
2118;360881.57;4785496.82;1832.0
3655;360886.81;4785539.42;1832.0
303;360897.12;4785552.25;1832.0
5034;360907.21;4785568.4;1832.0
5777;360896.58;4785485.09;1832.0
7211;360919.95;4785480.55;1832.0
8430;360919.95;4785479.36;1832.0
4746;360931.63;4785478.28;1832.0
7910;360919.95;4785479.36;1826.05
6137;360943.32;4785476.01;1832.0
9874;360951.15;4785478.86;1832.0
1075;360950.87;4785472.49;1832.0
8361;360951.15;4785478.86;1830.81
9888;360950.87;4785472.49;1830.81
4812;360882.73;4785479.91;1828.0
7481;360882.21;4785467.31;1828.0
6528;360908.34;4785474.77;1828.0
698;360880.06;4785468.31;1828.0
4253;360877.13;4785445.27;1828.0
8530;360874.97;4785446.27;1828.0
5472;360920.06;4785472.71;1828.0
6715;360931.79;4785470.64;1828.0
8642;360953.19;4785469.52;1828.0
10088;360971.67;4785464.91;1828.0
8436;360953.29;4785475.47;1828.0
8552;360934.73;4785479.75;1828.0
7915;360971.51;4785469.9;1828.0
2596;359893.44;4786315.74;1636.9
790;359893.92;4786314.88;1634.32
9433;359892.38;4786315.47;1629.72
9766;359893.47;4786316.03;1628.22
2980;359894.03;4786315.9;1623.22
2409;359894.05;4786315.8;1621.38
4696;359895.15;4786316.23;1617.72
5483;359895.26;4786318.06;1617.54
212;359897.96;4786319.48;1611.14
2962;359901.27;4786320.96;1612.77
5017;359903.65;4786323.91;1612.24
4290;359903.38;4786324.26;1609.27
9565;359903.7;4786328.84;1612.19
3512;359899.23;4786329.45;1612.98
5863;359897.97;4786332.25;1612.26
8559;359897.59;4786333.74;1611.36
5147;359896.98;4786337.06;1603.44
4284;359897.61;4786340.65;1596.31
1628;359900.88;4786341.69;1597.0
2904;359901.35;4786343.14;1597.17
3178;359902.47;4786345.49;1595.19
5035;359900.08;4786345.37;1580.9
4467;359898.9;4786351.02;1583.08
6376;359895.89;4786350.58;1582.53
7550;359894.83;4786353.43;1576.14
9411;359892.59;4786353.11;1574.17
4535;359890.04;4786355.12;1574.01
59;359889.91;4786354.88;1572.6
340;359890.43;4786358.5;1575.29
1561;359887.87;4786364.09;1576.88
9448;359878.86;4786368.47;1577.37
1003;359879.26;4786374.91;1576.24
9854;359876.37;4786378.52;1576.51
630;359881.67;4786382.06;1575.09
2718;359881.64;4786383.18;1555.58
3102;359881.27;4786381.25;1554.92
2699;359879.75;4786378.06;1549.88
6735;359881.17;4786376.28;1550.2
6922;359885.3;4786374.82;1549.8
272;359887.13;4786373.22;1551.16
1662;359890.63;4786373.47;1550.77
8573;359889.9;4786376.37;1550.52
4706;359894.21;4786377.19;1550.23
4708;359895.48;4786380.59;1544.5
2092;359891.41;4786382.03;1544.47
6701;359891.55;4786385.63;1544.78
7463;359894.35;4786387.13;1545.43
2849;359896.04;4786390.8;1546.33
7262;359896.09;4786394.48;1542.12
455;359893.54;4786395.71;1539.05
8162;359888.41;4786396.46;1539.4
6005;359886.47;4786397.71;1539.14
5433;359888.33;4786399.35;1540.84
5963;359888.72;4786404.37;1541.08
1274;359892.86;4786401.54;1542.39
8466;359888.31;4786415.05;1544.5
8054;359885.05;4786420.65;1541.64
9361;359880.78;4786424.52;1540.75
9723;359880.81;4786427.42;1540.42
4219;359880.86;4786430.66;1538.12
3633;359881.99;4786435.22;1538.01
550;359886.25;4786434.0;1536.62
766;359887.43;4786434.95;1536.44
10043;359889.56;4786435.38;1504.47
2377;359889.65;4786444.01;1506.83
2457;359886.86;4786448.12;1506.29
8234;359883.3;4786448.45;1506.5
6403;359882.77;4786448.77;1505.43
7728;359886.52;4786453.35;1505.49
959;359883.79;4786456.56;1505.25
1873;359885.53;4786459.01;1505.42
1576;359883.42;4786458.73;1505.16
913;359882.59;4786457.25;1505.46
3935;359878.63;4786461.06;1505.82
3236;359877.51;4786460.81;1510.04
3147;359874.3;4786464.83;1512.84
3864;359873.36;4786464.27;1512.66
739;359870.17;4786467.85;1511.45
990;359874.11;4786468.87;1511.63
9297;359875.72;4786466.14;1512.01
1881;359877.27;4786464.25;1512.0
5427;359879.16;4786466.31;1511.08
9151;359877.17;4786463.8;1514.11
9357;359882.74;4786465.79;1508.94
8604;359883.52;4786467.83;1506.51
9345;359884.5;4786468.4;1505.22
7312;359893.61;4786460.19;1501.48
2922;359883.01;4786433.96;1479.37
6496;359844.78;4786448.64;1448.51
4752;359844.78;4786448.64;1494.66
4668;359831.6;4786459.7;1423.0
10221;359816.11;4786473.16;1396.74
8337;359774.52;4786460.45;1369.56
156;359774.52;4786460.45;1323.41
8532;359783.61;4786449.22;1350.58
5353;359748.06;4786432.08;1310.06
7408;359740.31;4786437.11;1294.67
9482;359739.27;4786457.03;1314.62
7761;359730.39;4786455.01;1293.24
4419;359729.66;4786457.12;1165.05
6323;359728.59;4786477.66;1154.57
1133;359752.35;4786465.55;1145.39
3957;359946.97;4786282.98;1768.06
10254;359950.51;4786282.52;1756.32
4856;359946.61;4786283.88;1757.45
3074;359948.5;4786287.37;1760.48
4357;359936.49;4786279.52;1744.28
7261;359937.81;4786278.19;1744.1
7565;359935.54;4786278.56;1743.14
8633;359932.51;4786277.23;1743.86
4817;359959.78;4786303.19;1712.7
2178;359960.89;4786305.56;1713.76
240;359963.07;4786307.67;1705.09
7138;359966.26;4786310.34;1708.36
420;359963.45;4786308.89;1706.61
5145;359960.27;4786308.05;1705.57
3690;359966.6;4786313.96;1707.95
8724;359969.73;4786312.57;1708.22
6293;359970.06;4786313.19;1709.62
9194;359964.96;4786308.04;1707.31
2501;359959.52;4786304.8;1703.27
304;359968.04;4786313.46;1707.6
9926;359969.4;4786311.9;1708.67
9184;359970.69;4786312.2;1709.06
4946;359972.33;4786315.91;1709.25
5531;359971.83;4786318.81;1710.89
5527;359973.68;4786325.4;1712.74
8739;359974.26;4786324.91;1712.63
3166;359976.52;4786325.0;1715.21
3233;359956.58;4786303.0;1663.88
6512;359960.64;4786299.24;1667.37
2733;359957.8;4786296.25;1669.13
8408;359957.04;4786292.82;1669.25
5287;359959.41;4786291.65;1668.71
4439;359958.78;4786289.72;1666.83
7652;359956.58;4786287.29;1671.32
2397;359960.92;4786290.15;1656.84
6352;359961.74;4786290.31;1648.76
8133;359963.18;4786294.58;1637.22
1262;359962.77;4786294.73;1638.39
8149;359966.43;4786300.08;1638.58
9666;359967.0;4786300.45;1637.93
5348;359965.31;4786303.36;1636.29
2441;359964.36;4786306.71;1636.44
3431;359962.82;4786308.0;1637.57
4601;359963.75;4786307.54;1635.77
3792;359962.85;4786309.98;1637.18
4223;359960.5;4786313.14;1636.1
8313;359960.34;4786313.87;1635.67
8239;359960.7;4786316.39;1634.58
4032;359959.49;4786317.67;1633.88
3121;359958.97;4786319.31;1634.51
1447;359955.44;4786322.04;1636.84
105;359955.43;4786324.99;1637.54
6722;359954.42;4786327.2;1637.5
9532;359954.64;4786331.63;1636.69
5327;359958.14;4786329.92;1637.56
1018;359959.89;4786328.45;1634.78
4567;359965.32;4786308.71;1633.87
7987;359961.08;4786328.49;1603.85
3017;359959.84;4786328.62;1635.04
4982;359963.41;4786329.33;1603.24
164;359958.33;4786327.41;1610.11
2786;359966.33;4786331.86;1603.97
8208;359974.09;4786341.97;1603.89
1860;359975.02;4786342.57;1603.54
5122;359978.34;4786347.64;1604.39
7604;359982.31;4786347.03;1603.89
5639;359983.25;4786347.4;1602.0
2369;359984.17;4786346.61;1600.64
7595;359984.92;4786346.98;1599.47
1185;359982.78;4786346.47;1599.31
2806;359987.43;4786345.87;1599.9
3210;359958.99;4786323.37;1611.22
715;359957.01;4786322.97;1611.11
9071;359988.31;4786346.48;1590.59
302;359990.41;4786344.51;1588.69
5951;359993.71;4786344.12;1590.89
4599;359990.89;4786344.24;1583.87
7648;359989.63;4786344.02;1571.31
9413;359991.86;4786344.6;1561.73
7290;359989.73;4786343.34;1551.35
8372;359990.93;4786343.44;1539.68
3563;359989.11;4786343.63;1527.81
7132;359988.81;4786343.2;1523.66
8030;359989.48;4786344.03;1521.08
5892;359987.79;4786344.58;1518.68
6899;359991.88;4786346.45;1518.11
1212;359993.34;4786343.03;1590.82
6820;359994.63;4786342.83;1592.34
3675;359995.85;4786340.91;1595.19
6326;359996.42;4786340.64;1596.0
8691;359996.58;4786338.41;1595.57
4322;359998.29;4786336.51;1593.25
5375;359997.97;4786333.03;1592.09
2225;359998.95;4786330.07;1592.11
9774;360001.53;4786326.16;1587.41
3358;360001.5;4786325.06;1586.45
5555;360000.05;4786329.41;1586.62
8419;359998.77;4786330.78;1586.52
6852;359997.82;4786332.67;1586.88
4826;359997.51;4786334.93;1587.31
6597;359892.95;4786289.15;1654.5
8935;359890.9;4786290.74;1650.41
4510;359894.48;4786314.74;1644.06
5342;359896.32;4786314.48;1644.46
3015;359896.79;4786315.74;1644.6
9741;359896.29;4786316.62;1645.52
5297;359894.05;4786301.15;1631.15
3523;359892.67;4786299.15;1630.14
2424;359877.46;4786464.51;1516.4
8422;359877.5;4786464.73;1515.75
8446;359876.79;4786465.85;1515.85
2444;359877.41;4786463.22;1516.18
5580;359759.0;4786831.0;1685.0
727;359755.12;4786829.81;1677.3
3549;359755.12;4786824.95;1661.91
837;359755.12;4786824.95;1646.53
6907;359756.78;4786819.52;1638.84
3451;359760.01;4786819.86;1627.3
7694;359760.01;4786819.86;1608.07
4513;359765.65;4786820.45;1588.84
8420;359765.65;4786820.45;1627.3
1971;359773.71;4786821.3;1588.83
8390;359775.1;4786828.46;1558.07
6144;359775.1;4786828.46;1531.15
7924;359776.51;4786836.45;1508.07
7259;359773.38;4786840.17;1492.68
10091;359768.52;4786840.0;1473.45
3257;359764.26;4786826.89;1446.52
10208;359764.26;4786826.89;1442.67
7141;359772.71;4786818.15;1442.67
7260;359773.41;4786814.16;1442.67
8789;359766.88;4786808.07;1473.44
5891;359765.61;4786795.98;1446.52
70;359765.61;4786795.98;1434.98
1634;359761.27;4786791.16;1431.14
4176;359757.63;4786795.51;1408.06
9706;359757.63;4786795.51;1392.68
5276;359741.62;4786801.33;1392.68
3057;359733.61;4786800.06;1369.61
1572;359733.61;4786800.06;1319.61
8388;359740.49;4786804.36;1296.53
9168;359744.51;4786808.38;1296.53
3458;359749.09;4786812.96;1281.14
3107;359747.61;4786825.04;1250.37
792;359747.61;4786825.04;1242.68
6098;359748.37;4786829.84;1238.83
252;359740.33;4786828.85;1234.99
9244;359741.17;4786824.06;1223.45
5248;359737.93;4786818.45;1188.84
10005;359753.68;4786826.82;1188.84
5264;359753.26;4786830.85;1161.91
9569;359753.26;4786830.85;1123.45
10033;359705.51;4786852.12;1108.06
3584;359696.97;4786912.88;1069.6
6549;359627.72;4786975.23;1015.76
8102;359610.62;4787022.22;931.15
6620;359610.62;4787022.22;881.15
6166;359588.28;4787037.86;869.61
7394;359580.76;4787011.64;854.23
9948;359600.7;4786993.05;854.0
2564;360096.0;4786447.0;1696.0
3858;360096.89;4786446.2;1690.0
7660;360096.89;4786443.8;1675.0
8271;360099.71;4786442.77;1665.4
9755;360102.41;4786439.55;1636.0
5209;360099.87;4786437.01;1617.39
1071;360100.23;4786434.03;1590.39
1224;360097.98;4786434.85;1563.99
1203;360100.37;4786434.24;1584.17
3983;360095.57;4786431.41;1555.98
149;360101.94;4786433.76;1584.07
6972;360101.94;4786433.88;1564.73
9573;360104.36;4786427.48;1566.38
7035;360105.22;4786425.91;1566.36
7539;360106.13;4786425.37;1565.24
2872;360106.68;4786425.5;1563.27
378;360108.92;4786423.65;1562.52
8717;360107.46;4786423.04;1560.77
3355;360108.1;4786421.47;1560.6
9884;360107.68;4786420.64;1560.53
1615;360106.6;4786420.07;1558.97
65;360107.46;4786418.38;1557.66
1254;360105.54;4786418.5;1556.11
2047;360105.27;4786415.63;1555.28
9467;360107.2;4786413.05;1555.04
8045;360108.93;4786411.99;1555.4
20;360109.41;4786413.47;1558.12
684;360111.43;4786408.88;1555.74
7021;360111.7;4786414.13;1557.91
10205;360113.84;4786410.38;1556.66
4743;360115.85;4786409.93;1560.56
2924;360108.68;4786409.41;1555.2
9206;360113.26;4786412.34;1531.04
1145;360108.82;4786413.19;1526.94
2380;360107.41;4786412.89;1526.57
3307;360104.92;4786413.66;1526.42
7781;360102.65;4786415.33;1516.43
7208;359761.0;4786421.0;1828.0
9585;359763.2;4786422.62;1825.94
2041;359763.57;4786423.31;1822.53
740;359762.64;4786424.53;1804.53
4387;359754.38;4786422.81;1813.9
9290;359760.39;4786426.34;1805.01
2488;359765.19;4786425.69;1804.07
22;359761.33;4786426.85;1804.89
5924;359765.42;4786426.85;1796.3
9667;359763.3;4786428.53;1799.46
2586;359767.01;4786427.45;1798.93
9705;359768.38;4786428.32;1795.67
4727;359768.78;4786428.22;1788.57
8783;359769.16;4786425.4;1759.96
1495;359772.14;4786424.67;1761.79
1981;359772.08;4786428.1;1760.4
6016;359774.37;4786428.48;1758.54
3007;359775.27;4786430.16;1758.14
8084;359775.9;4786431.9;1749.29
1140;359780.05;4786432.31;1749.87
4350;359356.0;4786049.0;1927.0
1392;359356.0;4786049.0;1827.0
4824;359356.0;4786065.26;1810.74
5765;359356.0;4786065.26;1803.74
5298;360466.0;4785869.0;1828.0
9094;360470.05;4785869.06;1831.37
4181;360469.62;4785871.14;1827.9
1438;360472.76;4785872.29;1831.54
1812;360477.39;4785873.69;1831.26
7031;360476.7;4785876.9;1831.53
4415;362572.0;4786804.0;1589.0
8781;362572.0;4786804.0;1510.0
1149;362551.03;4786810.61;1492.67
6880;362584.85;4786803.27;1502.3
9379;362537.18;4786807.79;1481.52
2573;362524.61;4786807.68;1471.62
3938;362517.12;4786810.05;1465.43
9479;362517.12;4786810.05;1447.43
3448;362519.87;4786817.4;1459.23
5130;362503.89;4786817.82;1459.72
9234;362500.91;4786813.8;1459.88
2176;362500.91;4786813.8;1427.88
6265;362480.41;4786816.14;1420.26
8189;362480.41;4786816.14;1393.26
237;362472.58;4786822.36;1393.57
3661;362594.38;4786794.62;1494.59
1253;362606.69;4786796.73;1498.2
4736;362613.38;4786803.61;1490.99
3293;362612.58;4786811.56;1484.99
4100;362607.39;4786819.63;1477.78
5480;362609.59;4786828.97;1470.58
335;362614.47;4786830.08;1470.5
8920;362620.46;4786818.68;1475.99
8383;362619.23;4786816.07;1476.83
536;362614.45;4786816.51;1478.21
5098;362614.45;4786816.51;1428.21
8140;362606.92;4786822.24;1424.97
7164;362603.11;4786830.9;1421.73
5479;362588.96;4786831.95;1416.88
9694;362572.78;4786837.28;1411.04
6964;362561.94;4786840.65;1407.16
7529;362551.1;4786849.83;1396.1
6799;362535.08;4786859.93;1381.36
4683;362519.65;4786867.88;1367.84
6700;362502.25;4786875.36;1353.1
1007;362489.61;4786887.25;1339.59
9547;362471.96;4786894.12;1324.84
526;362477.61;4786905.59;1315.24
2878;362453.33;4786898.5;1304.4
9266;362487.11;4786916.41;1304.43
9336;362476.66;4786923.8;1294.82
1574;362475.72;4786931.74;1288.82
8398;362471.92;4786928.8;1285.22
2787;362469.19;4786930.46;1282.81
5605;362467.08;4786924.42;1278.01
4161;362460.56;4786931.47;1270.81
622;362447.83;4786930.19;1261.2
7841;362451.53;4786940.76;1252.79
4748;362447.44;4786947.35;1235.45
7090;362447.48;4786955.11;1218.11
4626;362445.26;4786949.4;1204.41
1909;362444.83;4786963.4;1204.19
9430;362444.83;4786963.4;1172.19
6452;362436.85;4786961.14;1168.69
3865;362434.2;4786955.27;1165.97
3793;362430.07;4786957.3;1164.02
8854;362429.59;4786950.87;1161.3
3922;362427.96;4786948.64;1160.13
3466;362424.58;4786945.52;1158.18
2212;362421.25;4786942.33;1156.24
3564;362415.0;4786943.92;1153.51
8674;362407.87;4786949.75;1149.62
3739;362395.0;4786950.7;1144.18
2489;362394.81;4786957.15;1141.45
8481;362396.92;4786966.12;1137.56
6077;362387.47;4786971.85;1132.89
4512;362442.67;4786910.04;1287.61
10026;362434.57;4786917.39;1275.92
5801;363063.0;4786651.0;1636.0
4172;363063.0;4786659.68;1586.76
2674;363063.0;4786659.68;1536.76
9239;363063.0;4786659.68;1511.76
5178;363063.0;4786659.68;1471.76
1702;363063.0;4786649.68;1471.76
2822;363056.57;4786667.34;1471.76
6941;363063.0;4786649.68;1451.76
3769;363056.57;4786667.34;1451.76
7796;362420.0;4786980.0;1580.0
8330;362422.86;4786978.3;1578.15
6472;362423.94;4786977.96;1567.73
2330;362425.6;4786979.15;1566.29
2283;362424.56;4786981.63;1560.12
4055;362424.13;4786983.26;1555.83
8776;362421.83;4786984.85;1552.66
9167;362421.21;4786985.8;1547.48
5873;362415.59;4786990.93;1519.05
10;363259.0;4785128.0;1975.0
2284;363259.0;4785128.0;1963.0
10030;363259.0;4785126.59;1961.59
1064;363259.0;4785126.59;1956.59
5674;363255.68;4785123.26;1954.88
3591;363255.68;4785123.26;1926.88
7086;363254.26;4785123.31;1925.46
2458;363253.02;4785121.6;1923.34
598;363253.02;4785121.6;1858.34
8951;363253.02;4785120.18;1856.93
1986;363253.02;4785120.18;1850.93
5109;363251.65;4785118.72;1850.93
8946;363251.65;4785118.72;1822.93
2412;363246.66;4785118.46;1822.93
9552;363242.66;4785111.53;1822.93
7400;363242.66;4785111.53;1768.93
4613;363241.16;4785108.93;1768.93
3848;363235.02;4785115.51;1768.93
2917;363233.49;4785114.23;1768.93
1682;363227.15;4785099.99;1759.93
15;363205.4;4785099.99;1749.78
5192;363218.59;4785086.33;1749.12
3553;363204.08;4785080.17;1751.9
5402;363214.69;4785070.28;1745.14
3703;363218.34;4785066.87;1744.96
4472;363202.05;4785072.28;1742.88
2228;363222.0;4785063.47;1745.22
537;363204.02;4785069.35;1739.34
2353;363202.37;4785066.9;1738.82
5329;363202.37;4785066.9;1730.82
234;363201.25;4785065.25;1730.82
4175;363201.25;4785065.25;1715.82
5940;363197.84;4785061.59;1715.82
5707;363214.69;4785063.06;1709.67
2614;363217.03;4785077.82;1708.36
3262;363220.97;4785080.9;1708.36
1521;363227.97;4785080.66;1708.36
9232;363227.91;4785077.66;1708.46
664;363228.91;4785077.66;1708.41
5985;363229.02;4785080.66;1708.41
6037;363231.02;4785080.66;1708.41
838;363232.94;4785078.36;1708.41
530;363235.1;4785080.44;1708.41
4094;363235.15;4785083.44;1708.52
2583;363235.21;4785086.44;1708.67
4775;363235.15;4785083.44;1578.52
5205;363241.01;4785090.35;1708.67
5932;363241.88;4785095.27;1708.67
6705;363248.73;4785085.83;1576.08
9740;363246.65;4785105.65;1574.34
137;363250.48;4785108.86;1574.34
5411;363258.9;4785115.68;1572.43
8973;363258.9;4785115.68;1555.43
8528;363266.84;4785119.9;1555.12
7875;363266.84;4785119.9;1551.12
1216;363265.45;4785121.3;1550.77
4183;363265.45;4785121.3;1542.77
8879;362715.0;4785728.0;1970.0
8839;362715.0;4785728.0;1836.0
2006;362715.0;4785738.0;1836.0
5907;363280.0;4785623.0;1950.0
5868;363280.0;4785623.0;1816.0
1651;361720.0;4784149.0;2154.0
4106;361720.0;4784149.0;2076.5
93;360735.1;4787933.91;1192.85
5184;360736.23;4787932.42;1192.85
2314;360737.18;4787931.16;1194.32
10060;360740.31;4787927.92;1193.52
3925;360743.72;4787927.0;1193.15
9710;360743.72;4787927.0;1189.45
6699;360746.54;4787928.03;1189.45
6476;360747.9;4787924.27;1189.45
6146;360747.9;4787924.27;1187.95
47;360749.78;4787924.96;1187.95
1213;360752.5;4787923.69;1187.95
5957;362648.0;4788958.0;1255.0
9568;362648.0;4788958.0;1251.0
9039;362647.32;4788956.12;1251.0
10125;362647.32;4788957.12;1250.97
1499;362647.32;4788957.12;1247.97
5234;362647.49;4788958.1;1247.97
4916;362647.49;4788958.1;1245.97
3176;362647.49;4788959.1;1245.97
5640;362647.49;4788959.1;1180.97
4879;362647.49;4788961.1;1180.97
6874;360331.0;4787974.0;1405.0
8433;360331.0;4787974.0;1395.73
8568;360331.84;4787974.0;1395.03
2757;360333.81;4787972.35;1397.61
3897;360331.22;4787974.37;1392.98
7697;360341.86;4787971.21;1396.7
7369;360341.71;4787969.04;1396.7
477;360331.22;4787974.37;1382.07
4460;360329.97;4787975.04;1384.19
3558;360332.24;4787974.85;1380.42
8099;360332.24;4787974.85;1356.42
4151;360337.54;4787973.23;1357.49
330;360332.22;4787975.07;1355.54
7929;360327.68;4787975.23;1355.35
3881;362591.0;4788765.0;1295.0
5208;362591.0;4788765.0;1290.0
896;362591.0;4788765.0;1195.0
8251;362596.0;4788765.0;1290.17
1874;362591.0;4788765.0;1175.0
8913;362596.0;4788765.0;1294.17
1928;362596.0;4788765.0;1275.17
7618;361420.0;4788712.0;1419.0
2869;361421.65;4788707.87;1417.42
1532;361418.71;4788704.75;1408.77
9944;361414.84;4788699.55;1391.23
2619;361412.49;4788690.72;1388.86
486;361406.94;4788689.04;1382.46
1108;361405.85;4788687.9;1386.04
6147;361405.93;4788688.5;1403.58
6845;361802.0;4788448.0;1290.0
2599;361805.74;4788449.89;1289.71
233;361806.34;4788449.06;1288.7
347;361808.31;4788450.53;1284.66
7891;361807.92;4788451.6;1284.42
8929;361806.88;4788456.25;1275.11
3449;361948.0;4788450.0;1320.0
4232;361950.54;4788447.79;1305.88
4940;361949.58;4788447.54;1303.18
4747;361950.37;4788446.36;1301.66
6076;361950.71;4788445.55;1295.15
6798;361951.31;4788444.66;1284.94
9051;361952.58;4788446.51;1284.78
7813;361954.27;4788446.01;1283.24
7993;361956.24;4788449.04;1280.58
5569;361960.44;4788449.38;1278.32
5855;361962.38;4788448.02;1277.38
6994;361964.24;4788447.85;1278.56
337;361965.69;4788446.82;1280.02
5814;361967.59;4788447.14;1278.52
9639;361970.06;4788446.2;1276.38
138;361971.61;4788446.17;1275.46
1312;361972.93;4788446.67;1274.14
8273;361977.23;4788446.55;1269.32
7240;361978.58;4788446.06;1268.53
269;361981.25;4788445.77;1265.65
1282;361983.85;4788444.82;1261.17
9098;361984.17;4788444.96;1258.82
8333;361984.55;4788444.99;1253.15
5077;361984.82;4788444.34;1249.85
2018;361984.68;4788444.6;1246.81
7046;361976.79;4788445.51;1244.63
6467;361985.13;4788444.33;1245.41
4301;361975.81;4788445.61;1246.58
1652;361987.27;4788442.41;1245.62
7402;361987.8;4788440.95;1245.11
4197;361990.41;4788441.61;1245.7
894;361991.99;4788441.2;1242.39
4911;361995.18;4788440.52;1242.54
6038;361995.28;4788438.38;1240.81
230;361345.0;4787227.0;1500.0
1818;361343.04;4787226.16;1498.53
892;361341.9;4787227.01;1494.12
3965;361342.47;4787228.26;1493.12
78;361343.09;4787225.95;1480.21
5654;361343.09;4787227.6;1469.03
4660;361340.63;4787230.09;1453.64
6744;361345.74;4787233.22;1453.79
3876;361336.09;4787247.21;1448.2
3717;361335.34;4787255.46;1442.65
2024;361332.59;4787262.06;1437.85
3989;361337.92;4787262.94;1436.71
2022;361436.0;4787414.0;1454.0
5406;361437.18;4787415.87;1452.26
7933;361435.37;4787416.74;1447.67
6324;361434.75;4787416.64;1444.97
3924;361434.96;4787417.06;1439.41
5118;361434.8;4787416.07;1439.6
204;361434.57;4787416.56;1420.26
16;361435.67;4787416.55;1415.57
8485;361433.92;4787420.26;1413.91
9252;361431.17;4787413.51;1413.84
728;361431.12;4787423.73;1408.51
9317;361431.59;4787426.47;1399.32
7797;361426.09;4787427.64;1398.49
10211;361432.53;4787432.64;1397.67
9220;361433.16;4787422.63;1401.36
5559;361424.14;4787423.58;1398.75
7996;361430.91;4787434.38;1397.64
7664;361432.56;4787437.44;1398.55
9022;361431.15;4787438.35;1398.74
9328;361432.08;4787415.29;1400.65
9892;361430.5;4787408.25;1411.35
1371;361428.67;4787403.94;1412.28
744;361427.84;4787402.93;1414.92
8835;361427.79;4787401.71;1417.13
6014;361426.36;4787401.29;1416.81
7111;361426.38;4787394.64;1419.67
7458;364622.06;4790878.63;833.17
1753;364625.13;4790877.56;834.95
8381;364631.94;4790873.82;841.6
3209;364612.69;4790898.13;830.91
4087;364614.14;4790903.69;830.11
1880;364614.82;4790903.34;832.51
5882;364616.21;4790902.85;833.04
5068;364618.35;4790903.49;836.93
6205;364511.15;4789056.96;505.15
3356;364508.04;4789061.91;502.92
9820;364496.6;4789068.49;497.59
8159;364655.3;4788967.36;502.45
9761;364537.59;4789102.51;469.41
7476;364527.3;4789111.19;466.19
3833;364537.38;4789095.75;469.46
4596;364485.99;4789152.26;465.43
2604;364482.4;4789150.66;464.67
889;364476.15;4789154.57;462.83
2470;364477.36;4789157.17;457.44
1109;364477.64;4789158.21;454.12
1464;364482.07;4789151.38;447.98
1691;364476.46;4789162.95;448.69
2361;364487.8;4789145.02;452.34
2553;364493.24;4789144.36;449.9
9197;364499.63;4789144.47;447.31
8260;364507.35;4789140.87;448.51
7459;364515.87;4789135.55;451.2
1276;364517.69;4789131.81;454.33
6862;364655.3;4788967.36;495.25
4585;364655.1;4788966.79;494.45
1431;364653.53;4788962.49;492.45
1137;364652.56;4788960.81;492.95
1136;364653.21;4788957.11;496.25
599;364654.03;4788952.48;497.95
5211;364653.65;4788950.33;502.45
6451;364648.65;4788950.33;502.45
4867;364648.65;4788950.33;492.45
1603;364638.65;4788950.33;492.45
1918;364638.65;4788950.33;481.45
1008;364626.65;4788950.33;472.45
9160;364618.39;4788945.56;469.45
4605;364611.25;4788945.56;462.45
6881;364605.78;4788950.15;455.45
10162;364602.63;4788953.91;450.45
954;364597.43;4788956.91;442.45
6875;364590.29;4788956.91;435.45
3383;364583.81;4788953.17;422.45
3241;364573.82;4788935.87;423.45
7139;364567.2;4788917.67;428.45
6124;364550.43;4788907.99;433.45
8842;364540.63;4788891.02;437.45
9172;364540.63;4788891.02;426.45
6150;364537.57;4788888.45;423.45
2506;362234.63;4788863.45;917.96
1421;362235.64;4788858.1;918.5
9669;362216.32;4788850.72;929.35
1198;362216.06;4788845.26;933.64
1076;362212.26;4788843.37;940.43
7246;362200.94;4788845.09;949.16
3171;362192.35;4788846.13;952.9
3666;362189.64;4788855.78;954.74
8601;362185.78;4788854.91;955.39
7405;362182.69;4788857.38;957.77
658;362180.21;4788858.93;958.42
2735;362179.62;4788860.19;963.34
9795;362178.21;4788860.03;965.37
2078;362172.05;4788870.61;961.7
7300;362162.06;4788870.32;965.08
4067;362152.78;4788864.54;972.29
6438;362151.2;4788859.08;975.85
9611;362152.44;4788852.75;976.18
8748;362147.1;4788839.19;975.42
5800;362152.3;4788851.43;979.31
2587;362145.26;4788820.74;976.68
9935;362140.04;4788805.83;975.72
2008;362142.09;4788806.99;978.67
8184;362142.71;4788807.48;975.17
8510;362138.61;4788803.71;975.82
9514;362141.99;4788802.67;974.84
1456;362142.63;4788801.51;974.56
9768;362141.52;4788800.65;975.86
5837;362141.71;4788795.93;977.16
3334;362143.6;4788795.42;976.69
9037;362138.78;4788789.54;980.48
7656;362145.72;4788793.25;977.94
3846;362147.92;4788795.92;981.5
2683;362138.86;4788787.11;980.46
5666;362140.18;4788784.97;981.69
2278;362140.32;4788779.98;978.73
5217;362137.52;4788770.69;979.53
8375;362141.92;4788760.19;980.05
3255;362134.12;4788752.61;980.31
1363;362125.34;4788742.22;981.26
6525;362125.8;4788729.6;981.24
1046;362122.83;4788731.17;980.53
7518;362129.94;4788720.3;986.14
8404;362116.53;4788727.68;982.62
3730;362113.73;4788723.89;980.54
3039;362115.29;4788722.42;978.36
8723;362110.54;4788713.83;976.23
2044;362093.32;4788706.7;971.31
9816;362091.21;4788698.12;972.0
5470;362088.58;4788693.42;971.01
7162;362085.98;4788684.41;978.17
4025;362089.12;4788689.34;971.17
6276;362080.62;4788681.27;977.65
5821;362082.52;4788675.23;978.13
8712;362073.79;4788684.95;977.07
8367;362067.92;4788681.49;983.62
1080;362060.92;4788679.9;979.29
4664;362057.22;4788672.04;978.85
9486;362050.33;4788670.04;977.97
7289;362050.22;4788665.19;983.06
1301;362050.73;4788662.7;982.67
2951;362314.05;4788934.32;842.3
8226;362314.05;4788934.32;828.45
3377;362310.14;4788929.59;827.04
1679;362307.44;4788925.83;807.0
9556;362307.23;4788921.34;790.23
3201;362302.07;4788921.72;785.88
4511;362302.07;4788921.72;785.3
1933;362302.21;4788920.74;785.16
4852;362304.82;4788919.07;782.28
9607;362298.8;4788919.67;786.19
9782;362307.62;4788919.09;781.83
6682;362309.46;4788917.72;781.97
8806;362311.81;4788917.28;780.43
1255;362315.11;4788917.18;779.6
8244;362319.48;4788915.7;779.12
609;362323.39;4788916.56;779.68
9190;362326.24;4788916.88;778.86
6558;362326.41;4788920.5;778.86
6588;362324.05;4788922.91;777.7
1885;362326.07;4788924.45;775.86
1697;362324.24;4788926.68;774.87
4899;362323.67;4788929.51;774.92
7216;362324.03;4788931.45;774.57
6864;362320.3;4788933.48;774.2
7008;362316.2;4788935.2;774.12
7009;362314.74;4788938.74;776.33
6345;362316.98;4788944.67;774.02
2929;362314.81;4788950.84;774.02
9492;362306.02;4788952.18;774.02
762;362298.68;4788971.98;773.65
7469;362286.26;4788978.76;774.39
4497;362279.59;4788987.5;773.24
8988;362276.0;4788988.78;772.7
6107;362275.26;4788990.78;772.78
2301;362276.83;4788994.36;773.26
2173;362274.7;4788997.26;771.5
611;362276.82;4789001.68;771.76
5809;362276.12;4789003.91;770.46
6229;362277.18;4789009.52;770.16
6481;362276.7;4789014.66;769.62
10113;362272.38;4789013.31;769.54
8145;362269.44;4789016.43;769.84
7030;362268.08;4789014.38;769.71
3674;362265.49;4789012.48;769.94
3786;362265.5;4789011.33;772.2
7479;362263.85;4789008.75;771.15
7613;362255.89;4789012.93;768.4
3991;362251.6;4789009.89;767.94
2286;362246.56;4789008.02;768.41
10233;362241.24;4789009.92;768.02
7602;362236.73;4789014.7;764.37
7055;362229.24;4789013.2;761.44
3985;362228.19;4789009.45;759.71
9644;362219.5;4789008.64;759.4
1190;362213.89;4789014.79;758.38
7908;362209.47;4789018.08;760.83
2112;362204.49;4789024.37;761.11
9548;362202.01;4789020.65;761.27
8666;362200.08;4789020.5;761.1
1261;362198.51;4789016.75;760.89
8676;362196.04;4789016.25;760.44
7271;362196.04;4789016.25;749.28
3694;362194.93;4789016.74;750.8
5954;362194.88;4789011.81;749.29
7224;362193.6;4789011.21;748.72
563;362191.33;4789006.01;734.69
1819;362188.94;4789001.81;729.68
5556;362188.26;4788999.38;717.79
5864;362185.84;4788994.56;714.92
8285;362179.4;4788988.12;707.8
8288;362180.21;4788992.25;709.99
7239;362178.73;4788987.26;707.6
2781;362177.03;4788987.02;700.17
7346;362175.55;4788991.84;698.34
2317;362179.44;4788991.29;696.51
6463;362185.08;4788987.63;682.09
3354;362185.55;4788992.13;676.89
9732;362183.39;4789001.47;675.03
5792;362182.53;4789007.64;674.81
6101;362180.31;4789012.39;674.62
8910;362180.38;4789013.86;674.71
8694;362178.67;4789018.09;674.83
3921;362179.13;4789020.27;674.76
5307;362178.21;4789020.47;675.06
2557;362176.96;4789024.3;671.17
4402;362179.75;4789025.66;670.95
929;362179.66;4789031.04;673.94
4768;362179.66;4789031.04;681.64
3129;362176.63;4789029.15;683.01
8965;362175.58;4789029.62;684.2
3875;362174.54;4789033.48;687.81
2591;362169.98;4789038.38;694.05
4882;362162.94;4789035.39;697.14
2427;362156.92;4789033.67;701.52
9228;362148.76;4789036.32;704.64
8940;362131.64;4789033.05;715.08
6400;362155.92;4789024.45;708.83
6695;362136.93;4789049.93;707.5
625;362128.4;4789041.85;730.86
6173;362127.86;4789043.12;732.61
7356;362124.85;4789044.85;736.34
4623;362122.93;4789047.95;739.48
5131;362092.43;4789063.57;776.63
4590;362118.24;4789050.62;740.42
6656;362115.11;4789053.73;744.33
9291;362160.61;4789018.73;709.14
10081;362167.3;4789007.93;709.51
7331;362174.2;4788996.72;713.36
1443;363686.39;4789543.0;543.18
755;363696.55;4789552.78;538.33
2528;363692.49;4789559.89;538.0
5039;363687.77;4789568.07;534.34
629;363676.34;4789573.99;529.88
4602;363670.26;4789578.38;529.56
7114;363660.26;4789580.32;532.81
4300;363658.42;4789587.96;533.24
8298;363651.18;4789590.14;536.03
10023;363640.58;4789594.9;535.28
8276;363636.05;4789591.31;536.19
1815;363633.18;4789601.96;539.29
159;363622.15;4789601.53;536.84
8334;363634.25;4789601.99;539.35
1862;363618.03;4789604.89;538.23
289;363610.87;4789597.16;539.53
1947;363603.3;4789600.33;540.03
470;363598.74;4789603.65;537.6
464;363604.28;4789605.25;540.04
7352;363591.69;4789600.67;536.8
1560;363581.16;4789595.24;541.97
2648;363568.51;4789597.06;542.08
5750;363564.33;4789592.24;544.95
914;363558.4;4789589.37;548.71
188;363555.07;4789585.22;551.95
2776;363554.31;4789579.96;551.53
1277;363558.81;4789576.31;552.03
2491;363556.07;4789568.15;552.72
2880;363547.7;4789566.83;555.47
3547;363560.54;4789571.17;552.91
9060;363549.02;4789567.99;555.21
7760;363540.96;4789566.48;556.3
1359;363545.16;4789559.76;557.99
6755;363544.97;4789556.95;558.69
9535;363553.26;4789556.95;558.98
2275;363555.26;4789552.66;559.81
7923;363560.12;4789553.7;559.29
9224;363548.12;4789544.73;562.47
9259;363567.34;4789555.5;557.3
1120;363571.3;4789560.22;555.99
5735;363573.63;4789559.64;555.99
3310;363573.63;4789559.64;552.89
8401;363580.06;4789561.98;551.43
9443;363581.73;4789560.25;551.43
2801;363547.23;4789538.44;563.82
8202;363545.95;4789538.62;563.82
4228;363545.95;4789538.62;559.92
1372;363543.6;4789525.32;559.92
2183;363549.7;4789516.29;559.92
9188;363552.55;4789513.63;559.92
8488;363554.16;4789508.68;559.92
7438;363556.84;4789505.99;559.92
9472;363556.84;4789505.99;564.32
8153;363564.8;4789497.15;564.53
28;363572.71;4789487.74;564.1
6289;363567.3;4789572.61;550.26
7947;363567.3;4789572.61;547.26
637;363571.82;4789576.54;541.67
6153;363574.27;4789576.11;539.99
3357;363581.58;4789581.82;537.51
8646;363588.44;4789585.94;537.37
4787;363874.11;4789584.95;505.6
2914;363877.64;4789584.7;504.52
6149;363880.49;4789585.47;502.46
18;363881.91;4789587.93;501.69
1978;363879.45;4789589.41;501.29
885;363878.51;4789592.01;499.88
44;363880.23;4789596.5;500.05
591;363876.82;4789602.19;499.12
3242;363878.39;4789605.42;497.74
6392;363881.49;4789608.99;495.33
3139;363881.59;4789611.87;494.51
8058;363809.01;4789533.93;610.03
4388;363815.74;4789542.65;606.24
9849;363814.44;4789546.34;605.69
6703;363807.59;4789560.8;597.89
8274;363811.7;4789563.71;595.43
5040;363807.69;4789564.91;596.4
2819;363804.98;4789564.75;594.7
1177;363797.87;4789569.13;594.41
6365;363790.0;4789576.38;590.93
8119;363779.07;4789582.11;588.98
8075;363777.66;4789587.25;586.82
1110;363774.66;4789588.63;586.82
6801;363771.92;4789588.51;587.77
2689;363766.85;4789596.52;583.35
9995;363765.42;4789598.32;584.33
5442;363764.44;4789599.36;584.56
4275;363619.79;4789608.55;608.21
8994;363619.7;4789613.76;608.66
85;363619.79;4789616.33;608.84
9048;363621.1;4789617.51;609.19
2468;363620.32;4789621.94;608.95
1613;363624.39;4789625.23;610.96
4366;363625.99;4789625.51;608.8
1949;363631.23;4789628.07;596.29
9779;363636.18;4789629.39;598.79
9561;363637.77;4789631.66;599.18
4871;363637.77;4789633.44;599.49
8010;363642.3;4789635.75;597.33
6286;363644.87;4789636.78;594.66
7221;363646.14;4789639.39;595.17
6843;363647.82;4789637.87;597.97
114;363647.82;4789637.87;591.12
1151;363650.1;4789638.35;587.8
9791;363648.29;4789639.16;585.82
4321;363648.47;4789641.82;589.64
4805;363647.45;4789633.22;586.13
1604;363648.07;4789636.1;581.45
3583;363648.07;4789636.1;567.45
8569;363826.02;4789478.25;624.66
9976;363852.53;4789469.28;629.34
2629;363865.24;4789440.73;636.04
5452;363887.66;4789433.4;638.48
5073;363880.03;4789423.94;641.87
7979;363871.61;4789418.51;643.28
4887;363871.03;4789398.01;647.94
7286;363864.07;4789421.19;642.27
2168;363863.86;4789421.15;641.97
649;363864.81;4789421.31;642.7
7912;363862.79;4789387.5;649.7
9002;363867.0;4789382.07;650.86
6683;363867.19;4789371.1;652.13
1477;363868.11;4789361.75;653.37
9877;363875.57;4789359.63;654.79
9495;363872.28;4789354.8;653.58
3141;363876.89;4789365.43;655.13
3149;363872.61;4789350.8;654.62
9233;363864.38;4789354.5;653.38
10268;363864.32;4789348.24;655.93
7007;363857.47;4789346.68;655.81
2073;363850.52;4789346.61;657.12
6566;363842.98;4789345.91;656.01
3064;363841.25;4789350.71;655.07
9267;363833.49;4789350.28;655.1
2331;363827.1;4789344.31;656.7
7270;363824.19;4789347.1;657.37
6104;363815.37;4789350.5;656.84
10144;363811.03;4789349.1;657.01
4463;363811.14;4789345.88;655.89
9940;363808.68;4789346.89;655.89
9509;363801.39;4789341.75;655.95
5825;363802.8;4789337.83;656.29
3609;363801.14;4789334.33;657.84
7423;363802.14;4789330.16;659.44
1998;363803.63;4789329.2;659.07
7355;363805.89;4789329.91;658.57
3539;363803.66;4789325.66;661.42
2077;363804.35;4789330.95;655.93
77;363800.81;4789333.54;653.21
868;363795.51;4789336.98;649.4
3301;363787.03;4789339.51;646.51
8320;363775.16;4789345.2;642.88
1375;363774.31;4789349.86;640.11
5563;363770.48;4789354.87;637.72
146;363767.27;4789357.52;636.27
9712;363802.66;4789321.13;663.55
3127;363802.94;4789319.34;664.4
1927;363801.13;4789319.53;665.15
3667;363802.57;4789316.16;667.2
6740;363802.67;4789314.38;667.31
7554;363883.02;4789367.58;656.44
1188;363884.38;4789372.66;655.97
2372;363857.36;4789427.45;640.14
8412;363853.63;4789429.18;639.37
3070;363723.0;4789533.69;618.18
5543;363721.15;4789533.41;616.85
7746;363716.17;4789536.89;614.1
2152;363712.6;4789538.28;611.89
8374;363705.6;4789529.12;607.74
4338;363710.4;4789522.3;605.13
6396;363721.07;4789523.01;600.68
3226;363723.94;4789520.43;599.16
8316;363727.39;4789519.29;597.96
1403;363729.86;4789521.44;598.68
317;363736.26;4789519.12;597.96
1706;363738.45;4789517.14;598.12
1063;363741.14;4789520.79;599.23
388;363745.45;4789519.65;596.75
2388;363747.09;4789517.17;595.71
9603;363750.29;4789514.22;595.36
2641;363746.51;4789512.11;596.21
7406;363746.51;4789512.01;596.19
6089;363746.56;4789512.05;596.16
1865;363857.47;4789425.23;640.05
3860;363853.23;4789429.19;639.64
5917;363855.56;4789435.83;638.67
8214;363856.93;4789439.32;637.24
2944;363858.28;4789442.08;636.59
4765;363856.99;4789446.21;635.73
8056;363863.18;4789447.12;634.48
1364;363882.04;4789440.92;638.05
8085;363883.18;4789425.31;641.35
7896;363871.47;4789418.97;643.65
8421;363857.59;4789425.35;640.06
7937;363852.58;4789430.02;638.9
4024;363847.3;4789430.34;638.74
3736;363843.82;4789430.97;639.35
9144;363841.77;4789431.94;639.81
2289;363837.5;4789436.85;637.83
2341;363832.19;4789441.06;635.99
5793;363828.06;4789442.92;635.59
5190;363824.57;4789442.06;634.87
7525;363822.79;4789439.07;634.91
2833;363820.7;4789437.87;635.36
2644;363818.78;4789436.5;636.22
6283;363817.41;4789438.22;635.04
7316;363816.34;4789437.28;634.48
9614;363814.35;4789437.53;634.08
5064;363812.61;4789438.73;633.75
6410;363809.5;4789440.94;633.52
2823;363608.16;4789628.81;608.73
10110;363607.21;4789633.14;610.43
4221;363617.44;4789635.57;615.79
6545;363619.97;4789624.9;620.67
5114;363638.63;4789617.87;628.72
1794;363653.82;4789609.91;630.52
2088;363665.9;4789607.2;632.26
1103;363663.15;4789600.26;635.9
4395;363658.36;4789592.79;638.12
7134;363651.69;4789592.75;641.08
10102;363635.17;4789584.92;650.8
5368;363625.12;4789579.94;657.95
1413;363627.28;4789566.82;655.6
7621;363518.29;4789699.51;624.91
3134;363526.6;4789695.28;624.85
3483;363530.28;4789707.6;627.35
8643;363535.02;4789707.71;627.59
9498;363536.28;4789709.92;628.78
10245;363539.76;4789707.42;629.77
8310;363546.79;4789712.05;632.34
3135;363548.25;4789718.56;633.64
5388;363551.52;4789718.24;633.93
2069;363553.57;4789724.29;634.82
4891;363550.82;4789728.46;634.91
969;363553.85;4789731.42;635.66
1571;363548.62;4789632.99;646.03
4846;363548.74;4789637.6;644.31
4450;363542.04;4789644.91;644.14
818;363528.98;4789641.9;641.89
5316;363529.48;4789638.62;637.41
1295;363526.7;4789633.48;625.43
1433;363528.41;4789630.46;619.53
3856;363536.17;4789621.69;610.87
998;363530.37;4789630.29;623.58
7674;363520.34;4789624.49;624.54
6625;363535.83;4789611.93;611.55
5620;363530.24;4789621.69;612.79
9123;363527.37;4789618.77;611.74
3100;363520.18;4789618.71;611.49
1506;363514.23;4789616.72;611.16
2861;363512.23;4789619.28;610.04
9299;363540.49;4789627.97;613.95
3894;363542.85;4789624.45;610.14
3298;363542.81;4789622.67;609.08
7363;363545.98;4789618.53;604.47
6314;363539.94;4789632.94;619.26
178;363538.37;4789631.23;617.78
2793;363542.76;4789637.41;619.54
2502;363550.44;4789640.13;623.08
14;363552.31;4789649.5;626.28
9760;363556.46;4789648.86;626.57
10243;363563.27;4789654.69;628.39
10209;363566.71;4789657.4;628.82
6635;363570.48;4789657.48;628.05
9422;363561.0;4789655.01;631.19
6943;363559.05;4789659.06;632.61
7324;363555.47;4789661.32;633.63
6702;363554.36;4789663.75;633.93
6200;363516.79;4789620.75;627.95
2329;363513.39;4789608.48;639.42
9997;363648.94;4789552.51;547.44
4905;363639.17;4789556.59;546.89
5621;363638.46;4789551.35;547.35
4679;363630.59;4789556.59;550.61
9006;363631.56;4789563.76;551.62
4973;363627.09;4789569.6;553.73
8894;363623.79;4789574.45;555.41
3;363555.63;4789425.85;583.51
3498;363505.63;4789375.85;623.51
8368;363568.13;4789404.2;592.61
9307;363600.74;4789464.02;573.1
6573;363500.63;4789365.85;603.51
6491;363490.83;4789363.95;583.91
6086;363478.46;4789367.96;583.91
8508;363457.04;4789344.17;591.89
9278;363427.42;4789332.2;567.82
10006;363410.12;4789310.84;558.57
8031;363411.46;4789312.49;553.76
9344;363396.31;4789305.81;561.57
5197;363426.89;4789320.52;563.57
3089;363394.02;4789309.78;563.57
3969;363406.81;4789320.52;574.57
5599;363400.66;4789321.6;593.57
5372;363382.25;4789314.9;597.57
142;363365.13;4789305.01;600.57
4644;363348.35;4789295.33;605.57
8827;363333.11;4789282.54;603.57
8350;363328.11;4789273.88;603.77
4189;363326.67;4789273.05;610.57
4893;363326.67;4789273.05;614.57
5160;363330.11;4789253.58;617.57
1782;363309.09;4789241.44;623.57
9292;363309.09;4789251.44;623.57
9825;363299.55;4789251.44;620.57
2093;363284.56;4789251.44;619.97
4845;363282.19;4789255.55;621.57
5808;363277.42;4789255.55;623.07
4541;363263.34;4789260.67;623.57
1503;363254.68;4789265.67;623.57
1685;363263.34;4789240.67;623.57
5512;363250.35;4789263.17;623.57
9525;363250.35;4789258.17;623.57
2954;363241.68;4789268.17;623.57
1992;363443.17;4789314.6;573.57
3942;363395.65;4789308.55;543.97
3052;363387.32;4789312.79;495.87
1451;363377.59;4789322.53;476.21
6460;363377.59;4789322.53;496.21
676;363053.56;4789334.93;715.26
6836;363046.87;4789339.62;731.3
3378;363040.36;4789341.86;742.76
4061;363035.28;4789343.61;750.16
3490;363028.84;4789359.53;763.1
4781;363025.51;4789364.87;765.39
9638;363028.34;4789373.58;766.68
4880;363027.12;4789377.11;772.42
2351;363028.01;4789378.85;774.12
4279;363028.23;4789379.69;774.18
1457;363028.21;4789383.81;773.33
9842;363029.17;4789389.59;772.94
6998;363028.52;4789392.71;783.33
5187;363050.6;4789291.47;721.5
3870;363052.01;4789284.24;718.37
1630;363052.36;4789283.71;713.23
10039;363058.86;4789285.58;710.22
9437;363060.49;4789276.3;708.73
2039;362576.99;4788914.15;860.43
5909;362582.89;4788907.68;860.12
5011;362582.89;4788907.68;861.14
9354;362584.19;4788908.57;862.61
631;362586.92;4788905.87;859.73
370;362586.31;4788901.28;859.73
4033;362596.8;4788895.67;859.0
5282;362601.49;4788888.54;855.2
4019;362614.45;4788888.17;849.15
9982;362619.12;4788881.58;846.53
176;362619.12;4788881.58;844.9
162;362626.71;4788888.75;845.81
9837;362630.28;4788887.11;844.91
3306;362636.38;4788892.11;854.3
760;362641.16;4788894.69;853.04
8426;362461.85;4788999.5;891.84
8866;362461.78;4788993.36;895.83
585;362464.08;4788981.85;893.55
1330;362475.78;4788981.93;888.34
10015;362315.86;4788954.25;868.52
638;362296.28;4788917.45;788.37
985;362287.92;4788917.11;788.81
7176;362272.76;4788914.06;789.08
3092;362266.92;4788916.87;788.97
6175;362264.83;4788924.47;787.15
6645;362246.68;4788919.83;785.34
8892;362237.39;4788919.44;784.86
9271;362180.21;4788992.25;689.99
5202;362552.3;4788970.35;884.16
2477;362548.68;4788970.51;888.94
1040;362544.26;4788968.36;892.94
8654;362549.51;4788966.17;893.29
6263;362540.54;4788971.31;899.63
6192;362540.54;4788971.31;910.03
8799;362538.99;4788972.84;912.33
4190;362538.46;4788975.14;914.74
3683;362541.69;4788975.24;912.64
2574;362293.49;4788984.09;927.43
4932;362293.74;4788987.1;923.28
5383;362300.46;4788988.45;917.31
4095;362306.79;4788996.08;913.31
5550;362317.48;4789000.26;910.45
8861;362310.24;4789003.15;928.09
8656;362326.06;4788997.53;907.43
4468;362327.7;4788993.47;905.01
8759;362328.56;4788991.85;900.68
4075;362328.56;4788991.85;899.98
9152;362308.37;4789006.52;933.81
10007;362308.26;4789012.93;943.68
9030;362313.08;4789017.13;941.72
36;362306.75;4789008.29;954.14
7524;362307.15;4789008.45;956.16
6782;362306.25;4789008.01;956.16
8427;362305.77;4789005.94;966.18
9538;362304.61;4789002.56;965.87
9454;362304.78;4789007.98;966.74
1000;362308.13;4789009.61;966.22
1536;362238.65;4788895.89;888.13
4487;362239.75;4788893.43;887.99
9577;362285.63;4788897.23;895.23
3281;362322.05;4788925.57;861.4
10264;362319.31;4788920.63;864.79
9062;362313.74;4788919.14;868.26
8490;362309.75;4788918.29;870.91
2593;362305.54;4788915.23;874.98
9925;362302.84;4788914.75;880.59
98;362300.83;4788913.98;884.47
8709;362300.38;4788916.55;886.98
9007;362297.11;4788916.78;886.98
199;362235.41;4788874.42;911.91
4776;362232.39;4788873.55;933.16
4217;362228.5;4788871.29;938.23
569;362238.05;4788869.97;934.99
1813;362226.48;4788870.46;938.95
3663;362227.27;4788868.08;940.85
3093;362226.46;4788861.26;937.09
2294;362225.37;4788857.43;933.06
9157;362235.22;4788871.36;935.1
4725;362236.66;4788865.68;944.53
9656;362235.87;4788863.52;966.08
8292;362237.03;4788861.74;966.45
7591;362237.6;4788860.26;966.62
7447;362239.63;4788859.44;967.6
4293;362241.94;4788857.28;966.63
8595;362243.79;4788856.3;966.67
8387;362580.37;4788978.57;891.37
3632;362580.93;4788979.19;893.91
1969;362580.93;4788979.19;896.91
1448;362580.93;4788974.19;896.91
3140;362580.93;4788974.19;906.91
1354;362580.23;4788974.91;906.91
42;362580.23;4788974.91;911.91
6666;362579.53;4788975.62;911.91
8012;362579.53;4788975.62;919.91
8515;362268.51;4788913.03;892.26
4447;362265.3;4788916.86;892.59
1077;362266.39;4788922.5;893.0
6914;362267.77;4788929.59;893.38
1156;362289.65;4788924.9;897.07
2000;362289.11;4788931.06;895.87
1649;362287.25;4788930.77;913.77
4289;362287.28;4788929.28;915.11
10071;362289.51;4788926.52;919.82
6331;362283.55;4788928.14;917.74
7672;362290.42;4788925.23;924.67
5870;362290.8;4788922.47;929.3
882;362292.74;4788924.1;937.1
2472;362289.47;4788926.66;942.61
6412;362287.08;4788928.74;949.41
3163;362279.43;4788930.15;918.14
7465;362275.57;4788929.61;919.96
9499;362270.85;4788923.97;908.63
9875;362270.44;4788916.23;895.21
1050;362142.09;4788806.99;998.67
3411;362146.4;4788803.86;980.4
2724;362145.31;4788803.2;984.09
9776;362147.22;4788803.3;991.23
521;362146.51;4788798.83;995.17
251;362145.55;4788800.0;995.68
6718;362149.91;4788796.17;999.51
2741;362144.37;4788799.89;995.53
9520;362143.28;4788799.86;1007.18
3528;362140.01;4788798.6;1011.41
4517;362140.69;4788799.55;1015.33
5802;362152.3;4788854.43;984.51
6818;362145.23;4788857.43;984.91
893;362147.5;4788861.22;985.77
6813;362153.14;4788863.49;986.3
1029;362150.3;4788866.76;987.54
735;362147.83;4788871.22;987.5
6141;362144.86;4788875.3;985.56
5966;362141.41;4788880.82;980.1
2163;362138.02;4788885.16;972.24
5367;362547.88;4788979.0;906.33
3216;362549.25;4788982.08;908.59
3684;362548.74;4788984.85;909.91
7523;362544.11;4788990.42;915.21
720;362552.99;4788986.83;906.15
4769;362541.0;4788994.65;920.16
7920;362539.85;4788998.56;922.59
1342;362538.21;4789002.79;923.72
9119;362540.29;4788999.71;927.07
1531;362538.79;4789004.13;923.92
4039;362536.35;4789000.53;927.45
5498;362542.88;4788998.92;926.06
3839;362545.0;4788995.55;927.0
7555;362544.19;4788992.87;928.08
9003;362546.89;4788990.47;928.54
9780;362540.59;4789006.02;921.36
7038;362542.82;4789005.43;918.8
8912;362543.58;4789002.23;918.06
9199;362545.36;4789003.17;916.62
1089;362534.71;4789000.46;928.42
6982;362530.21;4789003.15;927.73
7974;362555.37;4788988.32;901.03
5499;362555.8;4788992.04;895.17
6825;362550.28;4788982.41;899.68
9984;362557.08;4789002.97;897.02
4645;362550.69;4788976.12;899.52
9636;362552.86;4788959.19;895.51
5719;362557.72;4789006.16;895.66
5453;362561.53;4789006.37;892.95
3733;362571.19;4789020.97;892.56
2109;362577.63;4789021.49;890.59
8409;362586.99;4789022.3;894.01
7456;362597.27;4789018.56;892.86
6638;362598.16;4789010.12;893.31
1465;362606.13;4789018.09;889.2
6139;362603.14;4789023.28;888.79
1041;362609.27;4789028.42;888.79
4323;362611.32;4789034.06;888.79
4890;362612.28;4789037.01;888.73
4907;362615.04;4789039.4;888.15
6498;362402.45;4789053.13;890.33
6660;362400.78;4789060.62;889.93
1313;362401.07;4789064.98;884.1
1743;362406.17;4789064.1;880.1
2956;362399.9;4789059.42;884.45
5060;362411.25;4789065.95;878.65
5923;362419.69;4789060.74;872.36
5696;362424.75;4789079.13;874.67
5066;362430.8;4789077.88;872.34
4744;362439.32;4789075.12;871.87
2101;362442.09;4789082.05;872.29
4454;362440.81;4789089.91;870.37
7351;362450.97;4789093.99;869.63
462;362455.96;4789093.98;864.67
216;362466.4;4789088.24;859.95
9742;362466.03;4789087.71;877.89
4730;362473.95;4789084.77;856.2
9270;362398.56;4789058.39;884.33
1508;362397.85;4789052.6;883.22
7821;362394.07;4789050.46;880.14
623;362387.01;4789045.7;886.22
8456;362394.99;4789060.52;884.56
5166;362384.96;4789047.51;890.5
4339;362410.03;4789044.05;906.79
4811;362416.65;4789054.23;902.29
7817;362050.09;4788663.91;983.19
1116;362049.96;4788664.12;982.85
4710;362050.22;4788662.95;981.16
5718;362049.06;4788662.42;980.45
6609;362048.25;4788661.04;980.19
8259;362048.3;4788658.46;980.38
8385;362048.42;4788651.57;979.82
4819;362046.54;4788647.68;979.14
2754;362047.0;4788645.13;979.83
3647;362045.35;4788642.2;980.84
6054;362042.93;4788640.05;980.18
3489;362031.98;4788640.81;980.51
9072;362031.12;4788639.7;980.25
2597;362027.81;4788642.0;988.01
516;362020.65;4788643.79;984.39
553;362012.24;4788641.2;985.11
3011;362009.04;4788634.37;987.39
2136;362008.53;4788626.27;983.17
3206;362003.78;4788624.58;983.31
7099;362002.1;4788622.45;982.69
3286;361998.24;4788622.33;985.75
1922;361995.71;4788621.46;987.57
7146;361993.39;4788620.11;990.65
3399;361992.99;4788618.78;988.9
3670;361992.41;4788617.66;986.94
2839;361984.99;4788618.56;982.91
5312;361982.11;4788612.0;982.35
6519;361981.31;4788613.57;982.7
3037;361974.03;4788612.28;984.42
3999;361970.74;4788608.57;981.92
3198;361960.51;4788607.87;985.83
7582;361946.19;4788613.42;981.89
8195;361945.73;4788611.7;981.29
2595;361939.35;4788612.53;981.86
3579;361934.54;4788611.76;979.18
966;361930.04;4788621.72;980.93
7201;361929.52;4788637.6;980.54
3594;361921.19;4788642.44;984.95
1954;361917.4;4788652.86;991.99
4009;361913.04;4788658.57;996.29
6065;361911.57;4788664.21;996.67
7381;361909.86;4788674.77;996.82
4723;361908.89;4788678.33;1000.64
9348;361906.23;4788681.95;1001.01
3599;361906.03;4788691.51;1000.1
9223;361903.48;4788692.88;1001.5
4236;361902.71;4788699.07;1001.78
3150;363948.47;4789575.83;517.04
1048;363950.34;4789574.91;516.43
6515;363949.36;4789580.67;518.14
9079;363954.9;4789578.93;510.58
8992;363959.13;4789583.24;510.79
1797;363959.14;4789586.86;511.04
7571;363944.32;4789586.75;526.58
2610;363938.16;4789582.01;527.0
8577;363929.05;4789572.96;529.99
10051;363920.89;4789578.14;531.21
5224;363917.21;4789569.22;532.16
2594;363913.56;4789566.86;533.52
1717;363916.78;4789561.18;534.94
9811;363917.14;4789554.62;535.18
3677;363922.62;4789552.68;535.51
9743;363925.99;4789543.36;536.29
8628;363932.3;4789537.48;536.05
7121;363929.37;4789528.17;535.69
7041;363928.86;4789513.62;536.05
8551;363928.48;4789509.18;536.69
6267;363929.12;4789502.2;537.08
524;363930.72;4789496.46;538.33
6341;363930.53;4789492.37;538.43
7496;363920.72;4789485.67;537.98
2562;363919.49;4789482.14;538.84
2312;363914.65;4789477.81;537.7
9073;363909.4;4789472.33;537.87
7251;363900.7;4789469.15;534.72
5770;363896.14;4789483.69;530.94
7601;363887.51;4789485.05;531.27
2584;363888.22;4789491.04;531.2
7975;363884.07;4789489.73;528.51
6329;363880.38;4789489.22;531.04
943;363870.22;4789489.19;538.29
7159;363859.68;4789484.41;541.89
1611;363856.32;4789492.82;540.23
3207;363846.24;4789497.91;539.22
7876;363849.6;4789500.66;539.66
5840;363839.38;4789505.69;539.48
6068;363839.65;4789513.82;538.84
248;363834.73;4789520.84;541.14
4711;363832.21;4789529.02;540.07
1867;363825.82;4789532.01;539.55
7936;363823.01;4789539.97;536.96
1700;363813.18;4789534.76;536.38
5288;363813.56;4789539.54;535.73
9386;363820.55;4789543.32;532.44
3615;363819.18;4789549.49;530.84
5377;363821.44;4789554.93;529.11
8580;363813.27;4789557.93;526.33
7982;363807.35;4789553.25;527.61
119;364011.14;4789629.96;510.07
2255;364013.65;4789626.25;509.31
6937;364011.28;4789630.05;510.08
2486;364011.91;4789624.4;509.72
3254;364011.19;4789620.23;510.03
6071;364010.5;4789616.34;512.61
579;364006.35;4789614.62;514.97
1622;364004.99;4789613.19;515.92
1165;364001.72;4789614.81;514.33
6557;364003.91;4789610.63;517.17
2912;364000.65;4789613.95;512.69
9885;364000.37;4789611.77;512.94
1941;363998.24;4789610.24;511.65
4531;363999.69;4789607.45;511.87
9377;363999.38;4789605.68;511.51
5379;364004.07;4789607.83;517.32
2590;364003.92;4789604.21;517.7
8137;364000.5;4789605.19;514.83
8588;364002.88;4789605.41;514.82
9351;364002.82;4789603.38;512.93
6752;364001.83;4789600.36;509.58
6795;364001.36;4789598.37;511.42
213;363997.19;4789599.03;506.71
8969;364012.45;4789595.17;512.09
2939;364019.4;4789589.06;517.96
1180;364023.98;4789590.0;520.78
2523;363993.45;4789604.7;508.37
7639;363992.44;4789596.51;506.14
9625;363987.57;4789607.15;508.73
1723;363984.07;4789605.89;506.31
2035;363984.46;4789606.8;503.9
7306;363984.06;4789607.94;504.4
4044;363980.2;4789612.32;502.74
8834;363980.03;4789613.93;502.14
8280;363980.74;4789614.96;500.26
7695;363976.72;4789615.31;499.06
7336;363990.85;4789594.76;505.82
8853;363988.15;4789593.34;506.77
8015;363980.47;4789590.53;503.75
5078;363320.05;4789541.9;737.34
8720;363316.37;4789532.2;741.11
4314;363300.2;4789534.11;751.89
4944;363275.06;4789524.43;769.73
7412;363274.02;4789527.99;771.98
7089;363269.86;4789512.68;765.3
7935;363263.22;4789529.14;780.68
24;363262.99;4789530.52;781.71
8699;363257.44;4789539.51;787.7
4662;363261.35;4789527.81;786.14
8277;363266.55;4789527.65;788.24
7113;363264.05;4789525.09;792.53
3429;363266.15;4789524.79;793.16
7958;363263.66;4789526.46;796.36
6295;363259.9;4789527.8;796.57
6221;363259.9;4789526.96;796.66
9497;363258.52;4789528.84;796.84
9812;363257.4;4789528.85;798.98
1975;363259.23;4789520.82;764.83
5927;363257.9;4789513.18;761.98
6796;363249.58;4789512.06;759.7
3593;363249.31;4789508.45;758.86
10105;363572.82;4789385.39;591.93
6156;363576.85;4789376.35;593.32
9772;363581.76;4789360.27;600.81
8697;363586.02;4789351.55;605.54
4894;363595.94;4789344.85;606.38
9622;363597.94;4789344.85;606.52
956;363605.68;4789334.94;608.29
1617;363611.44;4789324.55;609.96
5124;363623.12;4789323.94;607.26
8172;363637.71;4789330.44;602.06
4924;363650.78;4789337.98;592.63
3898;363659.74;4789338.3;591.05
9036;363663.89;4789341.58;590.77
10238;363667.28;4789335.55;592.18
1479;363665.23;4789342.46;590.72
955;363662.63;4789347.27;591.29
1983;363660.19;4789348.29;591.86
1715;363657.34;4789347.4;593.0
2997;363653.83;4789347.81;594.36
9216;363646.61;4789345.96;596.36
8261;363648.33;4789349.7;597.16
3566;363653.54;4789348.14;599.24
5116;363661.18;4789351.6;598.07
2400;363672.94;4789353.12;593.51
2274;363682.84;4789352.31;592.3
1189;363683.26;4789359.0;590.25
7551;363684.56;4789361.48;588.14
2108;363696.18;4789367.49;575.06
4557;362412.06;4789046.09;905.39
4778;362411.51;4789045.38;910.7
3980;362432.67;4789034.91;912.23
10093;362148.32;4788798.92;1000.83
2707;362151.35;4788798.89;1004.48
10052;362161.88;4789021.91;709.9
9231;362165.8;4789009.85;710.57
683;362172.43;4788998.38;714.12
7868;362298.18;4788912.1;901.61
10084;362296.9;4788912.27;905.01
5529;362296.59;4788904.76;913.52
5415;362294.46;4788911.99;910.81
1699;362291.97;4788906.82;925.32
654;362334.31;4788929.98;859.7
1696;362334.83;4788925.95;859.08
4285;362334.73;4788925.75;854.58
9221;362333.62;4788927.06;847.9
880;362332.94;4788927.39;843.43
1297;362336.92;4788928.12;840.58
10167;362339.77;4788929.66;837.71
4306;362340.87;4788928.75;834.45
1693;362341.0;4788926.06;832.23
7623;362343.62;4788930.18;833.36
5746;362340.97;4788926.27;819.06
1033;362341.96;4788927.95;818.54
5458;362344.99;4788931.41;811.0
179;362347.38;4788934.9;809.21
8650;362342.64;4788930.03;809.99
10078;362348.92;4788936.43;807.3
2825;362342.35;4788932.12;807.34
3199;362344.52;4788932.49;806.08
3360;362344.51;4788935.67;832.71
8434;362341.07;4788936.95;834.23
4263;363674.07;4789524.72;552.38
808;363673.67;4789537.35;554.7
8944;363690.98;4789538.04;559.57
320;363697.18;4789553.86;565.61
7165;363695.73;4789538.3;561.89
4996;363703.84;4789524.53;564.22
6854;363708.62;4789511.88;566.09
6821;363713.01;4789506.74;568.38
7193;363721.22;4789511.6;568.09
373;363712.64;4789499.84;570.1
4800;363713.59;4789493.15;571.12
3811;363717.5;4789487.56;572.37
6567;363722.69;4789495.89;572.32
2050;363723.65;4789500.57;572.84
7277;363724.17;4789507.58;571.79
6963;363731.67;4789498.1;575.97
4919;363731.64;4789497.31;577.76
1369;363731.5;4789514.03;565.0
9671;363741.53;4789522.93;562.42
6596;363753.45;4789522.43;561.27
3420;363759.93;4789523.74;562.79
8718;363764.59;4789519.54;564.58
6944;363775.74;4789520.88;568.91
4378;363780.66;4789517.94;569.53
9692;363771.35;4789515.23;572.22
1011;363789.36;4789515.56;567.46
6951;363781.7;4789520.17;570.45
617;363797.9;4789518.48;567.95
4242;363803.97;4789519.6;566.44
2805;363779.22;4789521.33;571.53
7823;363777.27;4789520.47;572.24
4923;363770.17;4789511.09;572.7
566;363766.78;4789512.86;573.34
2703;363771.03;4789508.58;573.93
7752;363543.66;4789565.67;556.75
3146;363545.54;4789567.03;557.13
8196;363546.66;4789569.48;558.79
1710;363551.96;4789570.3;557.81
6571;363555.63;4789570.36;560.19
489;363556.74;4789573.48;560.9
9384;363554.86;4789574.66;561.56
6809;363555.99;4789578.0;564.3
6846;363549.35;4789576.91;566.8
2545;363542.41;4789575.38;568.34
8816;363537.43;4789574.07;569.6
5921;363533.67;4789572.81;571.67
1990;363531.92;4789572.96;571.57
2651;363525.58;4789573.3;575.31
3311;363525.8;4789579.48;574.81
9718;363519.95;4789579.36;576.51
5565;363510.17;4789575.62;576.55
2446;363507.74;4789569.68;574.3
9112;363502.82;4789568.05;572.65
5062;363500.1;4789565.26;571.92
5631;363500.94;4789560.94;571.33
9406;363498.35;4789559.63;570.96
5811;363496.13;4789557.84;571.95
4367;363489.6;4789568.18;561.93
6800;363480.6;4789563.95;558.82
6909;363474.67;4789560.36;559.39
3727;363464.32;4789558.33;557.24
669;363454.11;4789559.89;554.88
5007;363447.45;4789562.31;552.55
2527;363442.9;4789567.73;551.93
9211;363439.42;4789569.0;551.93
5838;363430.5;4789567.33;554.34
973;363417.91;4789567.33;558.93
6816;363411.33;4789564.26;567.58
444;363403.69;4789564.26;568.93
5121;363401.04;4789561.61;569.59
7859;363396.42;4789558.38;571.64
7047;363389.97;4789555.64;575.69
2879;363384.47;4789562.19;582.87
2533;363379.69;4789567.88;589.11
2560;363383.67;4789573.58;594.34
5890;363379.6;4789573.58;600.16
9296;363383.74;4789580.74;607.1
8173;363382.74;4789583.49;611.28
3658;363380.7;4789588.08;616.3
1095;363384.0;4789589.98;618.5
4547;363380.62;4789589.98;617.59
3612;363378.02;4789588.42;616.72
2103;363377.65;4789581.84;612.59
9115;363634.21;4789602.87;540.2
8538;363629.28;4789603.77;542.87
1061;363636.01;4789599.57;541.43
9767;363626.65;4789600.88;543.47
7726;363621.39;4789601.74;543.06
1143;363639.12;4789599.33;542.74
1284;363642.03;4789600.92;542.16
5843;363644.2;4789592.26;541.14
2449;363645.66;4789598.04;541.54
2326;363647.43;4789595.79;542.19
7215;363646.35;4789594.14;543.86
9899;363642.24;4789597.79;549.15
3587;363650.78;4789588.17;536.53
1244;363603.73;4789606.45;538.98
3511;363599.92;4789608.87;541.18
1498;363598.06;4789608.65;540.74
8135;363596.85;4789608.64;540.6
2948;363594.34;4789608.46;543.02
6905;363591.03;4789602.58;544.15
3430;363358.58;4789578.48;617.59
9880;363353.66;4789577.61;617.59
3061;363352.22;4789578.44;620.09
7460;363349.58;4789578.44;623.09
5941;363340.18;4789581.86;623.09
409;363337.58;4789583.36;623.09
6425;363334.32;4789574.4;620.09
9957;363311.36;4789561.14;611.09
680;363309.94;4789558.69;610.09
560;363315.64;4789552.99;606.09
6969;363301.55;4789558.12;606.09
2534;363292.6;4789558.12;614.09
9855;363288.67;4789557.43;617.09
2535;363288.67;4789557.43;609.09
916;363286.07;4789558.93;609.09
3340;363278.65;4789558.93;612.09
250;363276.65;4789555.46;612.09
6187;363265.26;4789545.91;610.09
10018;363257.44;4789539.34;616.39
4611;363255.75;4789534.69;617.09
3368;363255.05;4789530.75;616.99
1554;363252.73;4789522.08;616.39
619;363256.17;4789520.09;615.99
311;363254.44;4789510.26;615.39
7517;363249.1;4789505.77;615.99
8531;363249.1;4789501.99;617.29
713;363245.34;4789500.62;617.29
2309;363249.1;4789498.17;618.49
10181;363237.91;4789499.97;620.19
7515;363238.31;4789500.87;619.99
1895;363240.54;4789503.52;617.99
6991;363245.88;4789505.47;616.09
1428;363248.6;4789506.46;615.28
9008;363250.61;4789510.24;619.48
5393;363249.76;4789512.56;621.18
7650;363245.71;4789516.21;623.68
2386;363246.39;4789520.07;624.48
1486;363250.86;4789497.53;619.19
3213;363252.58;4789495.08;619.39
8844;363246.76;4789496.11;624.79
5542;363250.62;4789500.7;624.79
9342;363246.76;4789490.11;624.79
9734;363243.54;4789490.52;623.99
7842;363238.13;4789485.12;623.99
6254;363240.91;4789483.31;619.29
4632;363247.83;4789479.31;619.69
2327;363254.48;4789480.48;623.99
9130;363258.01;4789476.27;625.47
9089;363253.97;4789472.87;625.93
9249;363249.06;4789471.56;624.85
3138;363249.06;4789465.4;626.61
2267;363245.52;4789455.69;624.79
6379;363243.96;4789463.94;627.64
4352;363239.85;4789468.06;628.88
3364;363237.18;4789467.83;630.24
5050;363233.31;4789472.13;631.79
5827;363232.63;4789472.52;627.36
1010;363231.76;4789473.25;628.49
2346;363227.65;4789470.88;632.48
816;363226.9;4789468.82;632.67
7778;363224.99;4789466.54;632.25
5839;363221.99;4789466.54;632.25
1497;363220.28;4789467.53;632.6
1345;363216.4;4789464.26;634.97
6832;363213.65;4789460.99;636.52
6045;363210.66;4789460.78;637.5
3575;363209.43;4789461.81;638.85
544;363210.54;4789461.17;637.32
3654;362638.4;4789074.79;685.5
8303;362638.04;4789073.33;685.55
2572;362641.42;4789071.14;681.52
3829;362645.77;4789069.47;680.36
2295;362649.23;4789070.14;678.94
10073;362655.65;4789070.48;677.45
1201;362657.03;4789067.05;677.2
9617;362657.61;4789062.92;677.63
8183;362658.09;4789061.12;672.78
1968;362655.57;4789059.83;668.42
8360;362662.42;4789060.55;666.7
8556;362665.7;4789067.27;667.35
8006;362665.9;4789071.22;666.29
5210;362665.66;4789074.67;662.02
5514;362667.81;4789075.77;660.4
1982;362670.46;4789079.42;659.52
7237;362677.22;4789082.72;658.46
9034;362677.64;4789083.92;656.08
5981;362686.31;4789085.76;654.52
7345;362685.27;4789083.64;654.06
64;362699.03;4789085.09;656.25
7561;362700.1;4789089.11;655.66
3886;362709.4;4789092.86;654.43
9032;362717.12;4789096.8;653.67
7625;362718.57;4789092.33;653.59
2453;362724.12;4789088.3;649.47
10164;362728.85;4789086.67;649.47
2844;362728.85;4789086.67;641.97
2319;362728.85;4789086.67;635.27
5922;362734.75;4789093.22;629.76
2392;362729.94;4789077.49;642.16
6317;362739.46;4789103.32;623.06
5587;362728.57;4789072.39;643.28
2499;362736.84;4789077.49;639.78
7989;362724.59;4789069.8;647.87
7717;362723.7;4789067.48;647.6
5872;362719.77;4789065.57;649.83
4396;362716.43;4789058.4;651.08
5953;362713.02;4789058.23;653.85
1420;362706.98;4789056.83;656.87
6312;362700.52;4789055.46;656.76
6533;362701.49;4789061.56;656.22
5513;362696.38;4789065.27;660.8
7335;362691.33;4789081.81;661.1
4999;362742.66;4789082.55;631.8
9275;362744.74;4789089.36;627.17
1750;362734.43;4789108.9;624.25
1285;362746.57;4789106.95;617.05
902;362728.72;4789103.75;627.36
7837;362744.47;4789117.74;617.24
8677;363607.5;4789497.83;593.38
667;363647.72;4789464.02;556.0
1197;363647.72;4789439.02;556.0
1286;363676.7;4789328.46;596.01
767;363691.81;4789335.18;593.09
2965;363701.13;4789330.64;590.89
9764;363717.58;4789335.05;588.5
2117;363725.94;4789330.6;589.32
2981;363730.94;4789329.08;587.62
2070;363736.41;4789331.74;585.65
7882;363740.31;4789329.49;586.6
8740;363749.55;4789314.7;597.93
6649;363752.11;4789306.34;603.19
8160;363755.16;4789301.63;608.6
343;363758.57;4789299.9;612.56
5595;362661.34;4789025.14;732.94
8753;362662.18;4789023.8;727.78
1958;362667.82;4789021.63;723.86
111;362670.15;4789032.61;733.96
2349;362664.75;4789041.24;744.14
9118;362666.39;4789044.46;744.97
425;362662.83;4789043.38;743.26
7070;362673.24;4789050.62;742.68
417;362672.79;4789055.8;744.47
4809;362675.73;4789068.56;744.92
765;362684.84;4789078.68;740.24
4964;362684.84;4789078.68;729.44
9998;362689.47;4789085.53;738.0
8790;362685.19;4789104.05;738.0
2976;362689.55;4789114.32;735.21
935;362691.0;4789120.13;734.05
8220;362687.04;4789123.95;733.95
9321;362682.1;4789127.28;735.66
9289;362675.77;4789136.67;743.02
7970;362661.72;4789163.09;740.92
9435;362651.32;4789175.94;739.48
5852;362631.08;4789192.92;750.69
6589;362619.01;4789194.19;759.84
9830;362617.61;4789199.04;761.1
7222;362613.37;4789204.1;762.26
2482;362607.59;4789208.95;767.35
8222;362606.24;4789207.01;771.98
5942;362603.18;4789200.74;775.69
6446;362592.64;4789191.25;780.57
2367;362604.85;4789189.54;777.95
5582;362604.55;4789181.14;780.21
7191;362609.19;4789176.17;781.4
8774;362604.24;4789171.39;782.0
509;362599.77;4789172.76;786.07
8662;362596.13;4789167.76;788.08
2336;362598.0;4789162.34;786.33
4159;362583.25;4789160.0;781.18
4716;362586.21;4789147.18;775.33
1324;362572.59;4789140.54;767.61
3892;362565.26;4789136.64;760.39
8939;362555.21;4789126.24;755.41
4795;362547.5;4789137.25;758.02
4150;362548.21;4789140.91;758.75
9549;362543.65;4789143.34;757.56
3494;362544.89;4789131.54;751.77
2909;362545.78;4789130.13;750.04
5227;362545.78;4789130.13;738.04
430;362534.4;4789125.76;735.23
4020;362534.4;4789125.76;705.23
6731;362513.59;4789122.84;698.4
4965;362542.65;4789123.71;706.58
10011;362505.12;4789121.19;691.9
9745;362484.37;4789120.1;679.9
743;362434.37;4789200.1;654.9
1912;362500.63;4789100.02;681.71
3776;362414.37;4789210.1;649.9
2201;362394.37;4789250.1;634.9
8471;362314.37;4789320.1;634.9
906;362664.58;4789050.14;725.53
4060;362674.63;4789058.88;726.46
1332;362679.91;4789054.91;725.77
4484;362693.43;4789053.61;721.87
3051;362693.43;4789053.61;724.02
5343;362699.62;4789057.18;722.11
9659;362702.78;4789062.88;718.64
2395;362707.51;4789063.21;716.43
3530;362709.19;4789059.16;714.47
9129;362709.19;4789059.16;717.89
2930;362712.06;4789061.36;716.05
2521;362714.19;4789063.45;714.88
1373;362718.92;4789061.63;714.7
1830;362720.01;4789060.55;712.16
2110;362719.82;4789057.0;709.53
936;362722.91;4789057.38;705.55
7668;362722.91;4789057.38;684.25
1260;362723.77;4789057.82;687.83
4074;362722.08;4789061.27;686.93
6925;362735.3;4789059.87;686.56
8665;362739.04;4789070.67;681.35
5997;362746.43;4789075.27;677.9
1823;362749.51;4789080.99;672.3
9189;362755.13;4789076.48;662.39
5203;362758.42;4789075.99;652.84
6299;362765.96;4789098.4;644.74
9282;362755.35;4789068.66;660.98
315;362769.72;4789107.57;646.83
6786;362766.1;4789084.94;648.53
3389;362780.57;4789111.73;648.98
3106;362778.21;4789106.07;649.72
6669;362787.77;4789101.65;657.56
5611;362790.71;4789110.76;656.45
3445;362795.78;4789114.91;657.34
3391;362802.73;4789109.88;656.97
6967;362820.32;4789127.22;656.28
7353;362820.82;4789132.96;661.11
2072;362821.64;4789143.6;658.94
7997;362857.61;4789141.53;653.23
4798;362862.73;4789141.09;652.33
4485;362858.24;4789132.01;657.18
6817;362868.73;4789147.48;651.21
522;362872.06;4789143.55;650.53
10141;362874.93;4789148.11;649.71
6123;362876.35;4789151.17;648.76
3018;362878.42;4789149.39;648.72
953;362885.25;4789146.64;648.32
9516;362889.06;4789148.8;647.27
8302;362859.48;4789132.23;656.94
4013;362862.34;4789123.47;639.83
7501;362730.07;4789017.67;787.37
8032;362737.8;4789014.39;782.52
4218;362739.51;4789018.6;777.47
2615;362739.51;4789018.6;769.07
3350;362739.73;4789024.99;768.73
2713;362740.39;4789034.44;771.62
4412;362741.58;4789041.19;775.12
9010;362753.99;4789046.46;786.43
5163;362761.55;4789049.21;790.89
5577;362769.53;4789052.44;792.72
7567;362756.43;4789054.71;793.93
9620;362779.78;4789059.35;799.3
3763;362780.85;4789066.12;804.65
6354;362791.39;4789072.96;807.09
2966;362808.97;4789074.5;816.08
217;362811.41;4789080.86;823.13
4755;362807.47;4789086.48;829.1
9510;362817.42;4789103.72;834.43
418;362824.97;4789117.93;834.43
2975;362841.12;4789126.16;837.63
3503;362849.44;4789130.04;836.99
2234;362856.3;4789129.44;836.63
386;362861.76;4789132.33;837.17
87;362872.6;4789138.1;836.52
6176;362883.27;4789139.79;836.52
9218;362753.69;4789060.09;794.78
8546;362758.18;4789064.58;796.13
5140;362753.39;4789065.43;795.0
2505;362752.63;4789066.07;794.88
9085;362751.97;4789065.06;794.99
4691;362749.41;4789065.85;795.32
10218;362747.95;4789064.17;795.91
88;362746.67;4789067.52;797.43
5753;362744.2;4789070.92;797.65
5291;362741.55;4789070.4;800.18
8509;362734.85;4789068.35;800.06
6860;362732.1;4789082.51;801.57
6810;362718.13;4789096.48;802.95
776;362705.08;4789070.85;804.46
3433;362700.5;4789049.32;810.77
228;362698.43;4789041.57;812.92
4712;362701.6;4789015.73;811.1
3598;362687.37;4789003.79;818.23
8603;362668.56;4788995.02;824.58
10177;362656.04;4788987.2;825.61
5965;362641.22;4788992.89;830.46
7343;362635.85;4789011.6;834.6
284;362631.65;4789020.22;834.77
246;362628.57;4789031.7;834.14
4914;362628.85;4789035.69;834.0
6747;362625.94;4789040.0;834.09
10199;362622.98;4789056.8;835.29
1222;362617.25;4789056.2;841.26
10239;362618.27;4789064.54;849.1
6560;362659.53;4789047.18;745.2
9693;362658.9;4789053.18;748.55
80;362663.91;4789056.08;746.32
5592;362664.56;4789059.16;745.77
2955;362667.5;4789061.29;742.94
1300;362667.42;4789059.88;741.25
140;362668.96;4789061.42;738.26
4477;362668.96;4789041.81;706.88
8044;362668.96;4789041.81;702.88
2827;362667.9;4789041.79;698.92
6266;362665.32;4789042.34;693.75
4011;362650.02;4789028.56;693.39
4986;362649.71;4789025.04;688.54
8440;362502.44;4789096.61;683.59
8223;362505.25;4789089.99;683.97
8733;362511.1;4789083.49;679.12
7417;362544.13;4789127.21;705.34
1910;362550.55;4789129.29;698.1
2213;362552.42;4789122.78;698.69
346;362551.85;4789116.27;701.2
665;362559.8;4789110.71;698.78
2218;362561.19;4789106.43;698.78
3610;362569.22;4789088.4;702.62
1635;362570.61;4789072.47;702.34
8491;362580.71;4789062.72;698.31
2485;362583.8;4789064.88;696.05
5445;362583.8;4789064.88;688.05
2371;362716.87;4789053.09;686.59
163;362714.15;4789051.39;684.96
10198;362707.64;4789039.14;688.42
6789;362699.64;4789035.24;687.48
8680;362691.55;4789030.94;691.09
8457;362679.76;4789036.19;695.04
9840;362669.47;4789026.93;699.01
1814;362665.74;4789026.87;701.08
5862;362662.49;4789027.56;700.61
2242;362661.33;4789024.69;702.25
4117;362662.0;4789018.35;701.01
6411;362658.16;4789015.45;694.01
5080;362655.79;4789015.45;692.41
2389;362410.0;4790133.0;870.0
3832;362412.79;4790126.14;870.28
6070;362410.49;4790120.12;872.06
1054;362405.49;4790112.83;872.46
3332;362409.28;4790103.07;872.22
10265;362403.58;4790111.78;872.73
1315;362412.06;4790097.32;873.49
9876;362413.77;4790094.1;874.26
2023;362417.02;4790091.34;874.66
9359;362404.77;4790103.31;873.2
6948;362406.72;4790098.38;872.38
6902;362404.53;4790096.09;871.21
4140;362399.58;4790101.74;871.63
5423;362403.97;4790092.61;871.64
1167;362399.44;4790101.38;870.01
38;362404.81;4790088.38;871.51
10035;362403.55;4790081.0;873.1
8819;362400.7;4790084.8;871.91
9916;362398.63;4790090.36;870.97
180;362393.3;4790094.5;872.31
2364;362389.01;4790096.66;872.3
4389;362388.06;4790099.35;873.61
1798;362386.38;4790101.97;874.3
6565;362385.26;4790105.93;875.07
7275;362384.82;4790107.27;875.35
9749;362383.86;4790110.21;874.74
5229;361576.91;4790345.25;807.73
8403;361580.18;4790346.06;807.64
1334;361587.65;4790349.82;807.58
9533;361595.32;4790350.64;807.47
7084;361598.98;4790349.33;807.24
7737;361606.37;4790348.72;807.01
8803;361613.05;4790355.4;806.78
1471;361614.78;4790357.81;806.98
8325;361620.01;4790359.74;806.84
4941;361623.08;4790362.76;806.82
6247;361629.09;4790369.95;806.5
8484;361632.36;4790374.66;806.52
6154;361640.04;4790378.21;806.69
4298;361647.99;4790376.46;807.09
8625;361653.44;4790379.01;806.95
8402;361658.23;4790377.9;807.32
9444;361669.36;4790375.31;805.8
5614;361675.7;4790377.62;805.72
5516;361681.3;4790376.33;805.36
30;361687.83;4790376.77;804.95
7991;361702.0;4790378.26;805.05
1480;361707.76;4790379.17;805.25
3407;361718.11;4790377.64;804.7
1681;361723.75;4790379.57;806.13
5944;361726.75;4790382.54;802.06
9719;361728.25;4790388.65;798.53
7552;361732.66;4790389.43;800.09
5699;361736.62;4790391.56;799.36
6002;361737.79;4790393.84;798.25
2162;361744.2;4790395.73;798.45
5912;361752.85;4790395.71;798.1
5216;361761.68;4790391.23;801.0
2425;361758.8;4790388.2;798.34
7036;361767.7;4790394.71;802.6
3902;361758.94;4790388.2;798.32
1845;361759.36;4790380.41;798.65
8567;361758.14;4790364.94;798.65
3122;361759.06;4790356.32;798.98
979;361755.03;4790349.66;798.37
9861;361750.43;4790342.75;798.24
9681;361748.71;4790333.18;798.21
8384;361754.02;4790325.24;798.02
1859;361761.86;4790316.06;798.11
9943;361764.47;4790308.21;797.75
3555;361772.51;4790303.89;798.38
9895;361777.32;4790299.98;798.15
7632;361788.66;4790296.49;797.9
5748;361791.68;4790293.09;798.03
10267;361800.36;4790293.26;797.71
5306;361804.25;4790292.09;797.99
8701;361807.85;4790288.64;797.48
4018;361816.48;4790287.76;796.18
4790;361817.35;4790286.57;796.34
9147;361820.76;4790285.67;797.32
5020;361822.14;4790285.32;796.92
8536;361821.84;4790285.08;792.67
8513;361823.96;4790286.18;791.08
2985;361831.96;4790287.81;785.49
6366;361840.39;4790287.45;787.12
947;361842.34;4790288.15;785.2
9320;361844.67;4790285.05;782.79
8578;361847.65;4790286.35;780.97
6924;361849.87;4790284.65;780.31
431;361857.04;4790287.3;774.67
570;361859.32;4790288.45;772.3
3031;361864.82;4790289.53;770.13
397;361865.1;4790287.68;769.52
5903;361871.29;4790285.04;769.5
780;361875.39;4790282.41;768.79
6421;361878.67;4790281.24;769.4
5980;361878.94;4790277.87;768.45
7731;361882.28;4790271.83;766.6
9843;361883.14;4790270.16;766.7
10191;361881.06;4790266.46;768.31
9595;361877.48;4790261.2;768.92
9896;361876.41;4790259.01;768.31
2359;361877.57;4790256.12;766.47
5133;361874.14;4790250.33;766.2
8737;361875.68;4790246.97;766.15
9873;361876.95;4790244.98;766.32
5429;361875.24;4790242.65;766.53
3351;361875.54;4790237.75;766.97
2231;361877.28;4790236.27;764.73
2832;361876.16;4790231.66;764.72
1951;361871.26;4790230.31;764.16
1338;361869.22;4790227.03;762.17
7236;361869.24;4790225.14;761.37
8447;361865.05;4790225.11;761.44
2765;361896.93;4790210.64;761.37
1437;361853.45;4790226.46;762.26
883;361141.83;4790015.8;839.1
4391;361133.81;4790010.31;839.42
6417;361132.14;4790006.24;839.77
4171;361136.4;4790002.58;840.25
3685;361136.31;4789999.6;840.82
5958;361141.17;4789995.23;840.39
4276;361141.12;4789993.77;840.24
1292;361139.27;4789991.95;840.72
6338;361134.26;4789987.0;841.66
4848;361139.27;4789987.22;841.06
10183;361136.28;4789984.84;840.63
7926;361136.81;4789981.04;841.06
7754;361135.35;4789977.29;840.49
8632;361136.47;4789976.34;840.27
2415;361137.86;4789965.44;840.92
3159;361136.26;4789964.08;841.72
9690;361134.92;4789962.13;843.67
5272;361129.29;4789954.09;844.57
1727;361124.57;4789945.33;844.52
10055;361123.68;4789942.46;845.76
7203;361122.21;4789927.72;845.33
843;361117.62;4789918.75;845.1
4295;361116.71;4789913.36;844.42
9100;361114.56;4789908.87;846.85
7627;361111.58;4789899.13;847.39
1394;361108.04;4789898.94;852.26
7242;361109.78;4789893.76;847.43
5883;361105.27;4789896.75;852.96
4456;361105.32;4789896.34;854.6
1012;361108.18;4789900.35;855.28
4309;361103.84;4789893.29;855.42
4533;361101.21;4789890.24;855.61
5101;361103.98;4789881.76;856.06
460;361106.4;4789878.93;854.96
9990;361108.21;4789871.02;855.08
3456;361113.89;4789858.73;855.2
8131;361109.53;4789859.06;860.41
741;361112.09;4789857.44;858.82
6073;361108.7;4789858.7;861.14
8791;361106.97;4789856.89;861.21
4994;361101.63;4789859.73;862.14
1350;361098.85;4789862.86;861.42
647;361095.42;4789861.09;861.72
4379;361090.52;4789861.93;862.23
6727;361087.42;4789857.01;862.04
4043;361082.32;4789856.67;861.69
1229;361081.43;4789853.47;861.57
5647;361080.15;4789850.16;861.16
5760;361077.84;4789847.19;861.19
4772;361077.35;4789844.6;861.48
4717;361080.55;4789835.38;862.34
1774;361083.38;4789832.37;863.14
1741;361084.96;4789827.75;863.13
6418;361086.64;4789826.28;862.93
5172;361088.8;4789816.77;863.48
8317;361089.67;4789808.51;862.78
3392;361089.37;4789806.19;863.26
9578;361084.81;4789803.99;863.25
4499;361083.52;4789801.53;865.06
5102;361084.2;4789796.21;866.27
4462;361077.73;4789795.82;866.03
1929;361073.83;4789793.87;865.57
7499;361073.45;4789791.26;867.41
2701;361070.15;4789786.86;866.01
576;361076.0;4789789.9;868.22
4676;361071.97;4789781.75;867.42
8121;361064.9;4789782.26;865.72
4506;361061.03;4789780.83;866.93
8645;361057.36;4789788.52;867.36
912;361056.93;4789797.29;867.95
3441;361058.36;4789807.33;867.31
8682;361058.02;4789813.67;867.32
2167;361049.72;4789817.3;867.89
7473;361049.38;4789820.31;868.73
2229;361044.06;4789818.99;868.49
9973;361039.38;4789817.04;868.25
1027;361031.5;4789813.58;868.33
4266;361026.32;4789807.6;868.6
2324;361019.23;4789816.62;868.24
5713;361013.73;4789811.55;868.66
9343;361009.24;4789808.62;868.83
7785;361002.41;4789802.62;869.86
5612;361003.63;4789801.65;869.09
8101;361004.44;4789798.64;869.16
9588;360995.45;4789797.99;868.63
6110;360994.76;4789800.03;868.88
4418;360990.85;4789797.31;867.79
8814;360985.41;4789801.65;868.51
1204;360983.73;4789805.9;868.29
1280;360977.95;4789803.11;869.76
3636;360973.43;4789816.4;870.3
8847;360961.26;4789812.94;870.08
993;360956.1;4789829.52;870.81
5317;360951.18;4789834.88;871.84
6495;360939.25;4789832.37;871.35
9969;360938.68;4789841.7;872.48
2755;360937.99;4789851.76;872.17
5600;360930.39;4789844.4;871.74
6630;360921.44;4789833.92;871.89
2104;360912.86;4789823.47;871.84
1182;360901.08;4789817.6;872.0
5074;360897.24;4789814.78;872.4
1055;360900.43;4789812.74;872.27
9813;360899.84;4789803.87;872.7
3062;360893.07;4789796.85;873.92
846;360886.8;4789792.53;874.6
9605;360886.33;4789789.61;873.55
7415;360887.23;4789781.86;875.12
8534;360879.79;4789790.34;873.1
2460;360884.64;4789777.02;874.76
702;360882.41;4789769.11;875.56
3827;360879.08;4789766.12;875.73
6520;360880.83;4789763.52;876.47
6202;360876.07;4789758.78;877.0
2181;360874.76;4789758.97;877.27
874;360873.87;4789754.75;877.81
490;360874.76;4789758.97;886.75
6671;360876.71;4789753.08;877.79
3582;360876.16;4789758.71;877.0
9214;360879.84;4789748.74;877.51
2737;360884.27;4789750.02;877.13
3488;360893.43;4789754.35;879.56
4857;360893.51;4789749.53;878.45
9713;360893.49;4789746.15;879.21
8630;360894.33;4789742.26;879.12
7448;360890.51;4789739.56;878.73
10128;360878.51;4789793.78;873.82
5260;360877.11;4789792.99;874.67
7267;360875.44;4789796.22;874.42
8146;360870.22;4789792.16;874.55
4934;360866.76;4789792.48;876.45
9583;360866.24;4789793.47;877.24
7135;360864.75;4789794.1;878.48
861;360869.84;4789794.37;880.65
3614;360861.99;4789795.4;879.13
9648;360861.3;4789794.8;879.31
3142;360856.96;4789795.47;879.42
9173;360854.07;4789797.13;881.23
4235;360853.21;4789794.0;881.54
5195;361079.64;4789781.72;869.82
5935;361084.78;4789781.12;872.66
6416;361083.16;4789783.64;875.19
1144;361083.09;4789788.11;875.19
2226;360874.09;4789759.97;887.76
1115;360873.52;4789760.8;888.61
7333;360872.19;4789757.94;888.61
3003;360876.75;4789765.98;890.24
457;360867.81;4789762.37;891.6
8262;360867.81;4789762.37;894.23
4609;360861.45;4789763.49;898.76
7027;360853.59;4789764.87;903.36
10020;361145.06;4790041.56;841.6
5222;361149.43;4790036.4;847.88
2964;361142.35;4790039.89;838.46
7436;361139.37;4790028.25;854.17
976;361162.34;4790050.29;846.16
6849;361128.84;4790024.42;855.69
4012;361132.52;4790012.4;853.88
8810;361122.06;4789998.21;859.23
8777;361137.16;4789998.92;852.78
4968;361142.33;4790007.18;841.54
1164;361116.4;4789993.69;868.88
3481;361105.13;4789988.19;888.12
2013;361112.73;4789995.27;870.77
8983;361098.39;4789987.63;901.0
3058;361095.18;4789982.86;906.47
2700;361092.41;4789981.2;909.97
1619;361090.54;4789974.32;915.04
433;361089.62;4789977.64;917.43
5279;361086.53;4789973.06;926.65
2782;361086.07;4789971.51;929.72
2676;361395.03;4790322.66;859.13
2368;361395.93;4790324.06;860.05
7443;361396.86;4790325.92;861.42
6218;361398.0;4790326.24;865.59
9165;361399.07;4790326.72;867.08
3883;361401.45;4790329.22;871.79
3423;361424.82;4790306.62;857.98
6830;361424.33;4790307.68;858.83
6095;361422.49;4790309.22;858.85
4732;361424.29;4790310.28;858.85
904;361422.5;4790303.36;859.77
1695;361584.64;4790353.81;840.96
9646;361584.14;4790358.63;842.98
666;361584.15;4790360.76;843.43
3319;361588.61;4790349.06;845.66
4745;361589.34;4790345.4;850.45
829;361625.78;4790351.54;843.81
3486;361625.67;4790354.96;843.5
3641;361631.81;4790356.48;843.81
10044;361621.33;4790340.44;842.13
8318;361624.79;4790341.81;842.71
8734;361619.97;4790348.31;838.95
6453;361594.63;4790335.88;840.41
6615;361606.59;4790351.44;838.03
8778;361610.23;4790357.95;838.28
7707;361614.38;4790361.22;837.8
7299;361618.01;4790365.05;837.71
1111;361621.02;4790367.8;834.14
4734;361624.5;4790372.83;834.63
8329;361629.17;4790375.92;833.6
613;361631.58;4790379.38;830.43
51;361634.68;4790380.9;829.73
782;361639.07;4790384.74;831.78
9483;361643.5;4790385.03;828.89
9676;361645.96;4790384.4;831.38
3390;361655.28;4790384.45;826.28
5175;361664.8;4790393.57;821.64
7541;361670.5;4790393.73;823.59
9401;361673.77;4790397.38;821.56
578;361675.22;4790397.41;819.2
428;361676.32;4790397.18;818.44
2749;361675.61;4790398.02;812.31
6106;361676.35;4790396.73;812.3
3534;361676.45;4790397.18;806.28
1355;361670.23;4790398.97;807.82
4733;361665.22;4790398.89;808.43
540;361665.1;4790398.96;808.44
4385;361662.1;4790399.07;808.34
3535;361509.0;4790325.68;844.74
6250;361508.33;4790323.22;841.64
3403;361512.41;4790322.21;838.06
8566;361515.83;4790320.67;834.72
7540;361518.18;4790320.06;831.46
2525;361521.38;4790316.38;824.89
7015;361520.24;4790333.66;846.83
4634;361523.47;4790329.15;835.5
10224;361379.04;4790379.95;917.75
8685;361383.15;4790381.01;916.74
4448;361387.84;4790380.94;916.2
6985;361389.59;4790380.81;916.03
6939;361393.38;4790380.5;915.91
2143;361394.95;4790378.72;915.91
2946;361396.84;4790379.17;916.07
8186;361344.83;4790386.93;923.4
122;361347.63;4790393.53;923.64
4069;361341.62;4790382.85;923.48
5562;361340.1;4790379.03;925.48
242;361334.89;4790382.38;924.39
1374;361339.52;4790373.34;925.59
4980;361336.78;4790372.91;926.18
9496;361333.32;4790371.41;925.86
345;361330.5;4790369.87;925.63
355;361331.99;4790367.27;925.79
3115;361333.21;4790366.03;924.93
10240;361334.95;4790363.11;925.26
391;361335.93;4790361.31;925.02
2288;361337.13;4790359.62;926.0
226;361339.79;4790356.45;926.13
2994;361342.61;4790352.1;925.11
7579;361341.52;4790348.89;924.74
7129;361343.49;4790344.61;925.53
4049;361345.49;4790344.2;925.92
1436;361345.81;4790342.87;925.47
1504;361344.4;4790341.39;925.31
459;361343.42;4790337.66;925.46
4697;361338.12;4790332.04;924.21
10166;361335.38;4790329.4;922.36
3988;361331.27;4790328.56;920.54
2850;361327.29;4790321.92;920.27
3410;361322.6;4790318.96;919.58
4312;361331.17;4790383.63;924.26
6151;361328.37;4790381.1;924.86
5511;361326.26;4790378.57;924.92
8597;361326.62;4790376.18;924.89
6575;361324.89;4790375.34;925.0
1736;361322.36;4790373.18;924.89
7743;361322.24;4790377.29;924.89
6976;361321.29;4790377.96;924.44
3480;361320.37;4790379.45;924.11
2649;361314.43;4790377.56;923.06
917;361312.29;4790377.4;922.49
3359;361309.08;4790375.8;922.32
7359;361308.6;4790375.55;922.66
9981;361306.75;4790373.63;924.17
7646;361358.5;4790351.74;859.67
5943;361358.52;4790355.18;860.46
1100;361356.48;4790356.17;861.54
8722;361356.85;4790359.98;866.1
5661;361354.18;4790362.99;870.75
3635;361373.84;4790357.89;855.23
1704;361374.94;4790361.46;855.01
7527;361374.7;4790365.56;854.97
652;361379.45;4790367.3;855.01
7228;361382.96;4790368.02;855.01
297;361382.03;4790373.69;855.63
3936;361383.48;4790379.26;855.24
400;361382.09;4790383.61;854.93
2919;361381.64;4790387.69;854.77
6386;361363.89;4790340.16;857.56
387;361360.63;4790337.51;858.92
10069;361356.13;4790339.03;858.98
2603;361351.3;4790338.2;857.56
5525;361354.54;4790343.04;856.29
1400;361380.95;4790294.19;856.53
9591;361380.42;4790293.93;857.97
8311;361380.54;4790292.84;859.81
8793;361297.62;4790330.03;856.9
763;361294.94;4790332.47;853.54
6055;361291.47;4790334.67;856.27
9053;361294.08;4790332.21;857.88
7592;361299.41;4790333.04;856.24
730;361296.91;4790343.29;855.8
1482;361296.23;4790347.21;856.2
8888;361291.23;4790353.17;855.68
1790;361287.11;4790355.59;856.27
9947;361285.73;4790359.88;856.56
235;361287.59;4790366.55;857.51
8762;361285.5;4790374.93;857.79
8756;361286.44;4790381.91;858.35
6646;361306.17;4790267.58;856.77
5625;361306.45;4790263.68;856.65
6893;361307.59;4790260.13;856.54
1522;361306.33;4790258.78;856.68
2845;361307.14;4790256.85;856.74
4951;361306.91;4790255.32;856.92
4988;361307.39;4790250.77;856.82
8493;361308.42;4790247.85;857.0
6912;361308.54;4790244.55;856.97
7361;361308.97;4790241.57;857.34
5712;361310.46;4790239.64;857.66
2624;361311.27;4790236.53;857.6
5643;361310.62;4790234.04;859.69
4371;361312.73;4790228.67;860.63
4855;361306.96;4790238.25;860.01
6063;361312.51;4790224.87;861.34
9731;361311.19;4790225.11;862.97
6758;361310.36;4790223.77;861.66
7205;361309.38;4790223.26;862.07
336;361309.32;4790221.89;859.48
5004;361307.76;4790222.79;858.55
3967;361306.22;4790223.1;859.45
4926;361320.03;4790263.07;860.79
1902;361327.64;4790253.23;860.49
6897;361309.63;4790323.82;858.72
127;361310.15;4790322.45;856.1
3277;361314.53;4790315.41;856.13
2691;361319.17;4790309.51;856.31
5296;361320.67;4790302.34;855.81
6132;361322.07;4790299.47;855.92
9618;361320.96;4790290.01;862.54
6272;361322.57;4790284.98;862.87
773;361323.5;4790283.78;862.57
2873;361324.06;4790281.27;862.78
1889;361328.72;4790274.55;862.87
3752;361330.69;4790251.64;860.32
3757;361333.0;4790252.31;860.84
453;361331.99;4790250.1;859.23
8904;361335.74;4790246.41;859.83
3911;361328.6;4790244.27;859.62
1558;361336.47;4790244.9;857.76
556;361337.99;4790240.96;855.95
1666;361337.19;4790242.77;853.13
6768;361338.02;4790243.64;852.7
434;361326.54;4790247.12;860.39
1268;361318.61;4790263.71;858.27
9082;361319.44;4790262.61;858.7
820;361320.57;4790262.02;858.66
3914;361335.67;4790245.43;851.07
9828;361335.89;4790244.11;850.08
5616;361335.14;4790247.44;852.96
8340;361337.38;4790244.48;846.92
2607;361338.26;4790241.19;847.7
7264;361339.38;4790240.29;844.1
4401;361342.19;4790236.84;840.78
2107;361344.95;4790232.47;840.05
3917;361342.56;4790232.99;839.93
9581;361347.4;4790231.72;837.68
2616;361349.39;4790227.34;839.55
9615;361350.5;4790227.53;834.95
7106;361350.56;4790226.86;835.29
2592;361351.7;4790224.19;833.31
6111;361342.42;4790229.84;840.23
1694;361334.22;4790248.98;853.89
6158;361334.95;4790249.49;854.15
7972;361333.79;4790249.23;854.12
2238;361332.17;4790251.75;854.93
2494;361331.96;4790250.51;857.74
2522;361334.25;4790253.66;861.31
3162;361334.63;4790256.29;861.12
6197;361332.96;4790258.16;861.08
6559;361332.44;4790259.82;861.21
1056;361330.91;4790261.54;861.46
8592;361331.43;4790264.1;861.25
7034;361329.87;4790266.82;861.48
3891;361330.12;4790268.87;862.41
6629;361330.52;4790271.69;861.96
3502;361330.06;4790272.88;861.39
8616;361305.08;4790275.45;863.19
7626;361306.18;4790275.95;861.81
4479;361305.4;4790275.36;863.7
5434;361307.72;4790274.57;857.69
2219;361309.94;4790273.56;872.42
1079;361306.82;4790275.47;862.96
10232;361306.92;4790275.49;863.08
8963;361303.83;4790274.9;867.36
1718;361306.54;4790276.8;875.02
1316;361304.13;4790274.94;868.06
222;361305.28;4790274.97;871.86
7310;361307.91;4790275.86;875.95
5744;361306.65;4790276.62;866.94
8487;361306.09;4790277.18;868.18
8169;361304.01;4790278.54;869.2
8105;361300.56;4790281.11;870.08
2025;361308.73;4790274.66;870.97
4445;361309.79;4790274.8;871.26
9169;361309.14;4790274.22;875.63
4082;361308.52;4790275.02;875.16
6364;361309.44;4790272.94;878.19
6704;361308.07;4790273.24;882.36
9209;361306.38;4790274.68;884.58
2602;361310.37;4790272.31;883.95
4359;361306.34;4790276.95;884.82
1931;361304.98;4790277.07;885.22
3120;361305.99;4790278.71;884.78
406;361305.97;4790279.62;883.71
796;361303.97;4790225.46;858.44
4341;361301.7;4790227.72;859.66
8344;361298.39;4790227.26;860.32
3882;361296.79;4790228.49;860.25
2774;361294.75;4790230.2;860.36
3734;361295.46;4790226.81;860.86
3165;361294.18;4790224.87;860.97
2517;361292.86;4790224.45;861.52
6093;361291.21;4790224.66;861.01
8206;361304.47;4790239.92;861.17
9775;361304.02;4790241.7;860.29
3040;361304.01;4790242.83;860.61
6532;361291.67;4790332.0;854.44
8394;361290.1;4790329.7;854.25
9462;361288.56;4790327.82;854.51
779;361286.8;4790326.92;854.57
9738;361286.46;4790325.78;854.56
8203;361287.19;4790322.24;854.97
112;361286.23;4790321.03;855.47
4619;361285.56;4790321.62;855.61
8758;361283.94;4790325.47;855.55
155;361280.26;4790322.78;855.77
6384;361279.44;4790326.89;855.32
9040;361277.8;4790330.6;855.37
8637;361277.3;4790333.3;855.23
9446;361277.51;4790335.23;855.43
6851;361275.6;4790337.73;855.64
9932;361273.66;4790338.23;856.16
6018;361269.78;4790340.12;856.57
9810;361267.46;4790344.46;856.59
4579;361267.79;4790346.36;856.46
1127;361266.09;4790349.73;856.73
3294;361264.85;4790352.09;856.45
1225;361264.27;4790353.15;856.49
10010;361262.65;4790356.56;857.64
5900;361262.88;4790351.56;857.42
3179;361261.61;4790358.9;857.69
6673;361260.48;4790361.49;857.83
2759;361258.49;4790365.86;857.09
2366;361260.64;4790349.22;857.01
1904;361259.69;4790349.5;857.32
4364;361261.18;4790347.56;857.22
4793;361261.12;4790346.38;857.38
8896;361260.42;4790344.47;857.03
8564;361294.85;4790330.1;859.38
9965;361291.32;4790329.22;863.35
2804;361292.12;4790325.01;865.69
1500;361289.55;4790328.4;864.58
7001;361288.02;4790328.27;868.12
6971;361287.64;4790331.75;866.98
5503;361285.79;4790327.02;871.11
615;361284.44;4790326.78;874.7
8943;361282.2;4790330.04;876.04
4540;361279.28;4790330.83;881.59
2328;361283.67;4790327.27;879.12
3077;361282.9;4790324.74;884.53
2901;361554.1;4790327.08;808.15
9043;361549.74;4790329.12;807.46
648;361548.21;4790329.67;807.48
2682;361546.04;4790331.26;808.37
9562;361545.92;4790331.15;808.37
7942;361525.98;4790276.93;813.78
6186;361523.29;4790273.11;817.25
2203;361521.84;4790268.34;826.69
1858;361519.73;4790266.87;826.39
5816;361517.48;4790267.35;834.24
10053;361518.07;4790264.51;827.8
3768;361515.87;4790264.91;835.23
8098;361515.84;4790259.19;836.28
348;361510.42;4790253.65;829.18
2;361508.8;4790250.43;827.02
139;361507.42;4790245.9;828.3
1488;361506.79;4790239.1;831.82
6241;361503.87;4790237.13;833.28
3664;361502.56;4790238.16;834.97
863;361513.27;4790261.45;828.51
10176;361279.53;4790054.4;849.6
6313;361232.08;4790047.24;853.18
5546;361230.66;4790049.76;853.36
4789;361098.47;4790112.4;845.38
3439;361096.83;4790119.98;846.29
8811;361095.98;4790130.62;845.75
4138;361094.61;4790136.88;846.43
5552;361095.21;4790142.74;846.06
4783;361092.57;4790143.78;846.12
6372;361091.96;4790145.0;847.0
1218;361089.81;4790147.78;850.07
546;361089.53;4790151.75;851.23
5009;361084.25;4790154.88;851.52
7092;361080.83;4790158.33;851.81
5988;361082.37;4790162.37;850.95
1767;361081.97;4790168.93;850.67
7364;361078.07;4790170.97;851.41
9983;361075.28;4790176.82;850.55
7770;361072.46;4790174.38;851.1
5015;361069.04;4790168.91;851.53
3317;361066.28;4790164.2;852.32
2709;361064.83;4790161.65;852.2
1278;361063.36;4790162.22;851.36
426;361059.08;4790158.15;850.64
5904;361056.72;4790158.01;850.7
2883;361056.62;4790153.2;853.05
809;361050.04;4790144.39;853.37
4344;361041.34;4790139.05;853.94
1174;361032.94;4790127.7;853.92
1897;361029.49;4790123.06;854.63
7784;361018.68;4790116.31;853.51
3117;361012.06;4790110.1;855.58
4248;361013.53;4790104.67;854.36
5574;361007.84;4790107.14;854.64
2889;361006.18;4790103.51;854.87
8431;361001.12;4790100.29;855.2
5320;360998.95;4790097.8;854.97
3873;360995.19;4790098.59;854.77
8335;360993.26;4790100.87;856.2
8499;360988.49;4790100.42;855.75
7765;360983.56;4790098.99;855.1
6553;360978.34;4790096.31;855.21
10058;360975.51;4790095.16;855.68
4442;360972.29;4790092.56;855.68
2766;360970.06;4790092.73;856.75
7148;360970.03;4790092.04;857.27
2662;360966.06;4790089.78;857.21
2310;360965.02;4790086.23;860.17
2875;360959.18;4790083.47;860.78
9298;360951.79;4790078.78;859.44
6739;360946.1;4790075.63;858.46
1784;360937.71;4790072.54;858.12
7583;360936.61;4790074.19;858.68
7475;360932.06;4790073.85;858.78
5136;360931.51;4790071.17;858.72
2292;360928.6;4790068.44;861.6
2638;360920.73;4790064.59;863.1
3116;360920.54;4790063.02;863.01
1125;360922.56;4790058.15;863.05
1938;360919.82;4790055.19;863.82
1439;360918.59;4790051.75;863.8
3618;360913.55;4790048.66;863.83
4896;360913.96;4790050.15;868.27
7265;360910.53;4790049.38;869.29
21;360908.37;4790048.14;868.12
9572;360912.85;4790051.79;868.36
6302;360907.89;4790044.93;868.84
2943;360904.64;4790042.16;868.54
6064;360903.43;4790035.79;868.2
192;360902.37;4790031.45;868.05
3718;360896.37;4790024.63;868.99
1701;360887.08;4790023.11;869.43
8180;360882.58;4790021.48;869.34
4830;360883.97;4790020.0;869.15
5027;360873.71;4790014.81;870.54
1383;360867.83;4790013.0;871.24
3027;360867.07;4790011.73;871.14
5256;360863.85;4790010.55;872.36
2911;360860.17;4790007.22;872.59
7068;360854.08;4790001.44;873.13
9457;360851.18;4789998.79;873.11
1847;360849.54;4789998.48;873.46
3469;360845.14;4789996.03;872.98
3941;360842.61;4789992.88;873.01
3322;360841.52;4789991.23;877.06
8034;360838.0;4789987.25;878.69
7675;360835.89;4789987.43;879.95
7334;360834.65;4789984.21;879.91
538;360832.32;4789983.88;880.61
9311;360834.31;4789979.24;880.02
3468;360830.28;4789983.84;881.34
1124;360828.62;4789981.6;881.43
9893;360823.26;4789976.81;880.21
2760;360823.71;4789972.73;882.29
1768;360819.62;4789968.13;883.21
9567;360816.82;4789970.08;882.59
6769;360800.15;4789951.37;882.99
8438;360798.25;4789949.71;883.35
4334;360797.71;4789948.05;883.33
2029;360795.51;4789942.44;886.18
7011;360795.23;4789939.94;886.06
4942;360794.32;4789937.21;890.56
1038;360792.34;4789934.99;890.72
3041;360791.85;4789933.1;890.32
2128;360790.06;4789929.07;895.03
1087;360789.71;4789926.47;895.62
686;360787.75;4789925.3;900.59
160;360787.3;4789921.79;900.63
6388;360785.43;4789918.64;902.2
6252;360787.03;4789917.1;904.56
1656;360784.21;4789911.06;904.35
6546;360782.32;4789904.52;905.81
2634;360782.36;4789901.25;914.13
9253;360784.79;4789897.5;913.12
10127;360784.24;4789894.61;913.49
2417;360785.33;4789894.41;913.18
528;360785.58;4789893.76;911.74
4529;360784.68;4789888.01;913.94
1126;360784.89;4789886.49;915.69
9049;360781.89;4789886.85;915.97
6125;360781.5;4789881.69;916.96
9295;360779.9;4789877.06;916.93
2921;360777.78;4789871.74;918.46
6759;360774.17;4789864.19;919.09
9378;360770.98;4789858.05;920.56
1808;360772.08;4789854.71;919.37
74;360772.75;4789850.02;919.87
7593;360773.4;4789844.93;923.37
7847;360776.21;4789830.88;923.65
8899;360775.19;4789826.64;922.6
1849;360778.96;4789826.05;918.31
7087;360779.23;4789824.77;915.64
1236;360779.64;4789821.5;909.33
9033;360779.38;4789818.63;916.84
10150;360777.36;4789819.56;910.02
6610;360780.51;4789820.4;909.28
3993;360779.44;4789816.39;920.07
9721;360777.76;4789809.6;921.37
5571;360777.44;4789795.32;922.79
5421;360777.59;4789787.98;922.47
6551;360777.59;4789780.75;922.94
2202;360771.55;4789778.02;924.44
7023;360769.93;4789774.69;924.15
7241;360771.71;4789775.54;927.05
9245;360768.45;4789775.2;929.87
6370;360761.37;4789771.14;943.19
7163;360764.5;4789770.5;945.56
9887;360756.17;4789770.62;947.18
7213;360756.42;4789767.91;962.16
9260;360756.98;4789764.89;971.39
7581;360756.54;4789763.99;976.54
6181;360756.38;4789762.62;984.05
2773;360754.78;4789761.31;988.52
9485;360748.68;4789759.42;990.81
839;360750.01;4789757.81;991.38
8908;360749.38;4789754.21;993.44
890;360747.53;4789751.01;1005.08
5431;360745.91;4789748.49;1005.35
6368;360746.21;4789747.91;1006.07
5566;360743.6;4789742.8;1010.13
4514;360743.62;4789740.62;1012.28
3320;360742.75;4789738.97;1012.41
8129;360740.69;4789740.16;1012.48
1609;360738.99;4789740.23;1014.34
2569;360731.41;4789733.74;1017.83
3152;360721.21;4789729.79;1019.46
5351;360720.74;4789724.55;1019.39
9606;360719.63;4789720.89;1025.89
1379;360725.17;4789719.05;1025.66
231;360726.32;4789715.83;1026.9
5132;360728.9;4789715.55;1030.74
9458;360727.85;4789714.58;1031.08
2407;360731.06;4789711.16;1035.72
1742;360731.25;4789705.93;1037.93
1770;360743.76;4789712.08;1045.04
867;360753.53;4789704.61;1052.32
5901;360749.25;4789696.26;1054.52
2989;360746.62;4789696.9;1062.67
1362;360744.67;4789693.94;1062.96
10185;360734.57;4789709.43;1063.7
9584;360735.28;4789718.54;1071.82
5373;360733.66;4789721.08;1071.96
1104;360741.58;4789729.9;1075.75
1832;360752.11;4789729.23;1081.07
8974;360741.03;4789736.06;1076.62
7914;360735.61;4789730.31;1074.59
9131;360753.48;4789727.68;1088.95
8139;360745.52;4789737.43;1081.75
7112;360756.1;4789727.66;1095.25
8852;360757.82;4789725.53;1101.52
191;360758.39;4789727.31;1106.64
4523;360739.24;4789740.18;1076.85
6039;360745.16;4789742.34;1083.0
174;360746.22;4789743.38;1082.95
1655;360742.5;4789748.61;1084.46
5749;360743.39;4789749.74;1084.52
9477;360746.23;4789755.32;1085.33
10103;360746.16;4789758.82;1084.99
4449;360748.42;4789760.23;1085.31
2091;360750.39;4789765.48;1085.86
9972;360749.93;4789765.9;1085.88
5295;360774.54;4789814.46;908.88
5110;360772.5;4789813.39;909.4
9915;360769.26;4789804.91;908.49
5413;360767.53;4789804.45;908.25
421;360765.61;4789802.44;908.2
10161;360761.13;4789803.25;905.0
1598;360759.82;4789801.11;904.96
327;360757.81;4789803.17;902.6
3762;360755.02;4789804.49;896.31
1414;360753.73;4789805.46;896.37
1269;360754.51;4789806.47;895.36
5326;360753.47;4789810.36;890.64
9475;360754.36;4789812.98;890.45
5036;360750.38;4789814.18;889.59
5076;360749.87;4789818.84;889.2
653;360749.15;4789823.96;881.36
7741;360744.34;4789827.07;881.66
3759;360742.71;4789824.68;880.02
4291;360738.53;4789823.19;879.1
4303;360835.51;4789975.18;879.76
69;360839.57;4789972.53;880.13
2381;360842.41;4789964.78;881.08
8813;360842.85;4789960.02;882.51
2536;360847.54;4789949.02;881.9
1824;360852.33;4789939.5;883.9
7597;360779.74;4789815.53;908.57
3816;360779.58;4789810.88;906.57
1492;360778.47;4789811.52;906.89
4403;360779.76;4789807.01;899.04
3565;360780.65;4789806.38;898.54
635;360782.15;4789805.52;899.03
3098;360783.86;4789804.53;899.31
6163;360787.49;4789803.21;899.65
7372;360791.34;4789807.79;899.13
561;360795.25;4789812.45;898.81
7900;360797.55;4789814.75;899.38
2779;360800.26;4789815.23;898.89
1442;360806.47;4789814.14;898.89
2157;360809.33;4789818.22;898.46
7370;360808.64;4789822.1;897.02
7082;360809.78;4789824.08;896.01
539;360816.21;4789827.79;893.01
1318;360730.67;4789729.08;1074.68
9938;360722.95;4789729.35;1074.55
4393;360721.97;4789729.4;1074.32
484;360719.25;4789729.69;1074.41
4869;360715.65;4789728.65;1074.41
7230;360714.07;4789729.11;1073.97
5418;360709.45;4789728.7;1072.1
2487;360704.51;4789725.85;1073.96
3434;360704.75;4789722.49;1074.98
9563;360700.52;4789729.45;1074.71
2455;360706.07;4789721.42;1074.68
7820;360706.81;4789719.15;1074.98
4311;360708.96;4789712.89;1075.56
545;360712.31;4789705.71;1074.72
9285;360712.7;4789702.93;1075.53
3197;360715.37;4789696.32;1081.52
1496;360716.02;4789704.93;1074.92
211;360697.84;4789728.02;1074.39
3934;360694.04;4789728.9;1075.51
3094;360690.79;4789726.94;1074.77
5409;360687.33;4789723.94;1075.74
596;360685.73;4789723.74;1075.88
8535;360686.98;4789721.06;1075.18
8025;360684.46;4789724.7;1076.56
8502;360681.69;4789726.94;1076.93
8221;360681.39;4789723.07;1083.68
9879;360683.57;4789729.11;1077.29
1833;360685.58;4789720.15;1075.18
2830;360685.28;4789717.32;1074.42
7661;360913.06;4790050.92;862.86
3295;360910.07;4790056.15;870.02
6246;360906.25;4790054.46;869.74
4870;360900.75;4790065.96;870.87
2149;360906.0;4790067.08;872.14
5489;360909.03;4790068.19;872.14
1319;360909.03;4790071.57;871.76
8341;360911.54;4790075.55;870.54
123;360908.99;4790085.84;871.02
2087;360914.5;4790092.43;872.34
3868;360912.11;4790109.48;871.7
4740;360905.13;4790107.26;872.0
2968;360905.68;4790114.3;873.6
5936;360901.48;4790115.93;873.08
8609;360903.39;4790120.92;873.14
1781;360903.65;4790132.18;873.31
6871;360902.09;4790136.24;874.78
1995;360907.93;4790137.21;875.01
4383;360907.08;4790138.95;875.05
9324;360909.77;4790137.69;875.52
5365;360911.32;4790140.39;875.65
957;360910.01;4790146.96;876.15
2452;360910.01;4790146.96;926.15
9058;361114.33;4789857.35;862.39
2933;361106.67;4789902.34;855.02
1473;361112.39;4789913.67;853.71
9683;361112.91;4789910.77;854.23
3628;361119.65;4789927.81;852.91
2170;361132.52;4789983.33;842.0
5880;361127.19;4789982.07;841.93
7360;361121.67;4789985.01;847.92
7665;361164.89;4790038.59;854.61
9600;361165.62;4790035.59;856.36
7558;361169.26;4790043.16;856.66
927;361169.5;4790032.78;858.67
1427;361168.9;4790030.55;859.28
7543;361170.36;4790043.86;856.37
4299;361175.3;4790048.53;853.05
4065;361182.32;4790053.61;852.45
6788;361183.21;4790045.43;858.95
9210;361186.01;4790042.44;861.59
115;361187.79;4790046.34;858.18
8524;361188.61;4790040.52;866.85
7296;361125.89;4789990.42;855.12
1775;361117.62;4789985.65;856.31
48;361111.17;4789988.38;849.31
4048;361111.51;4789983.3;854.43
9902;361101.42;4789981.71;842.25
2493;361113.77;4789981.18;857.21
9318;361111.55;4789979.44;857.67
9329;361110.22;4789977.01;857.5
4404;361099.0;4789976.42;850.26
4969;361095.34;4789973.17;850.12
8039;361100.32;4789969.27;854.84
3652;361101.21;4789958.91;856.9
5842;361098.07;4789948.66;863.36
8453;361095.55;4789950.63;861.21
1876;361089.21;4789948.7;855.57
8076;361090.81;4789951.5;854.42
6756;361105.03;4789985.02;893.34
6602;361189.06;4790048.43;857.93
4273;361765.36;4790387.48;807.76
4728;361770.06;4790392.56;802.62
2082;361766.9;4790384.56;811.59
37;361765.31;4790384.32;812.51
6437;361766.98;4790383.01;815.96
1240;361768.18;4790382.11;818.25
6534;361776.92;4790382.21;821.52
879;361779.84;4790382.9;820.5
6692;361770.84;4790381.5;821.27
1052;361784.46;4790383.42;819.61
4840;361785.35;4790384.8;819.67
5056;361787.18;4790385.73;817.06
2036;361791.11;4790386.64;815.94
4962;361791.96;4790385.67;819.11
1991;361792.64;4790385.68;820.03
4918;361797.14;4790386.62;818.95
1440;361804.02;4790386.9;818.44
491;361805.24;4790388.56;818.39
429;361808.11;4790387.88;817.94
9134;361812.66;4790390.97;817.61
3607;361816.76;4790391.86;817.41
9870;361821.65;4790393.91;818.15
10196;361825.2;4790398.07;818.42
8583;361828.74;4790400.41;818.62
8779;361834.25;4790403.8;817.8
3529;361836.6;4790407.57;817.95
5323;361838.97;4790410.54;817.83
1965;361841.77;4790411.16;817.58
7681;361846.62;4790418.58;818.34
6952;361849.32;4790424.15;818.04
2387;361848.76;4790425.58;818.29
3982;361850.7;4790425.72;817.93
3748;361845.45;4790424.63;819.95
338;361854.74;4790426.88;818.65
6775;361856.69;4790430.5;817.67
8352;361845.7;4790423.62;820.52
5275;361847.17;4790416.15;828.32
1596;361899.54;4790180.75;761.37
6524;361902.47;4790166.96;761.12
2794;361905.15;4790163.14;757.85
3831;361910.71;4790160.43;756.2
4490;361914.01;4790161.56;754.99
128;361916.49;4790163.87;756.22
828;361918.33;4790167.33;754.72
1463;361919.51;4790168.32;754.0
3756;361920.41;4790175.67;757.29
5241;361927.9;4790175.28;757.03
110;361930.61;4790177.64;757.03
7690;361928.97;4790181.15;757.44
7792;361931.05;4790183.54;754.38
5601;361936.7;4790182.85;754.09
2046;361939.9;4790180.77;751.51
277;361947.55;4790178.43;751.37
9070;361959.66;4790179.92;751.37
351;361974.26;4790165.82;751.37
1419;361985.32;4790169.84;750.55
4558;361995.94;4790170.77;751.48
185;362003.56;4790168.0;753.66
6878;362005.39;4790162.04;750.06
2097;362010.92;4790168.86;749.6
4862;362005.39;4790162.04;830.06
3263;362020.84;4790166.21;746.26
2262;362023.43;4790164.03;745.96
937;362026.8;4790168.66;745.06
4153;362029.34;4790174.38;744.29
5968;362027.49;4790181.83;745.64
5471;362028.13;4790189.18;740.67
9586;362032.64;4790189.18;739.02
9255;362034.71;4790185.11;735.45
4257;362040.82;4790186.18;735.45
5933;362043.95;4790178.02;732.94
9487;362048.01;4790177.66;732.44
1855;362051.76;4790179.49;731.93
806;362053.55;4790185.0;731.63
6051;362058.98;4790186.35;731.82
2430;362060.87;4790178.15;730.64
4132;362062.35;4790174.48;728.71
5773;362068.14;4790171.78;728.38
9739;362070.98;4790174.72;728.02
6336;362073.44;4790182.75;727.87
8886;362076.68;4790182.18;727.05
7994;362085.23;4790189.88;727.05
6530;362088.41;4790194.42;726.27
427;362093.33;4790192.63;725.44
1963;362098.54;4790199.8;724.67
7949;362104.37;4790207.0;725.48
7955;362105.59;4790204.61;725.15
10048;362102.73;4790195.25;724.81
10213;362105.53;4790186.08;726.32
131;362101.85;4790178.21;725.87
2670;362100.25;4790171.77;724.94
104;362099.75;4790162.32;724.11
7218;362099.97;4790156.25;724.64
2544;362097.47;4790143.39;724.87
10248;362099.63;4790140.41;723.31
7195;362104.26;4790139.68;723.72
960;362106.98;4790137.55;723.17
7983;362110.67;4790132.08;723.17
6116;362118.6;4790127.12;728.57
3617;362126.22;4790130.2;723.23
7287;362129.25;4790127.47;722.8
7890;362131.14;4790119.92;722.39
9522;362139.79;4790115.32;722.05
911;362137.23;4790106.4;722.7
1179;362135.71;4790096.82;722.7
901;362141.44;4790089.49;722.54
6083;362137.29;4790080.61;722.54
184;362139.86;4790071.67;722.54
2147;362148.55;4790062.98;722.32
10170;362150.4;4790049.81;722.09
3611;362165.23;4790054.34;722.09
8286;362173.92;4790068.25;722.09
10261;362173.92;4790068.25;708.09
6970;362176.57;4790072.49;708.09
803;362206.55;4790072.49;707.04
644;362209.33;4790069.17;705.8
49;362207.49;4790074.25;707.04
9025;362212.77;4790071.08;706.5
6385;362214.22;4790073.59;706.5
7040;362218.83;4790076.04;705.58
7720;362221.13;4790072.88;708.86
4104;362219.97;4790066.29;710.04
3909;362218.26;4790056.59;708.3
7172;362215.7;4790054.28;707.69
2828;362216.03;4790054.87;703.85
7878;362219.07;4790049.6;697.77
835;362221.14;4790046.66;697.77
166;362222.45;4790046.66;693.47
3958;362227.03;4790043.08;691.58
7297;362226.83;4790041.22;689.78
2905;362225.78;4790035.29;687.34
1417;362228.53;4790035.0;686.86
5673;362230.54;4790032.51;686.74
6001;362232.5;4790028.83;685.06
3230;362236.09;4790028.2;684.42
9978;362236.49;4790025.91;685.04
3959;362236.3;4790024.09;686.88
842;362235.37;4790015.26;686.25
6091;362234.63;4790004.69;685.88
4738;362233.1;4789996.01;684.65
8061;362230.04;4789992.37;690.31
2406;362230.5;4789983.61;689.55
3338;362230.32;4789980.12;689.36
6670;362230.32;4789978.0;686.33
2576;362230.16;4789973.37;685.52
9374;362229.25;4789970.01;685.21
3961;362227.9;4789968.95;684.66
2290;362228.69;4789966.02;684.01
1377;362228.07;4789963.71;684.1
2995;362227.11;4789959.86;683.54
10217;362223.43;4789949.18;683.54
8863;362227.79;4789948.57;683.54
6606;362229.38;4789937.22;682.54
5075;362227.73;4789935.63;684.14
3288;362226.44;4789931.11;684.06
7693;362221.8;4789928.21;683.49
6711;362220.01;4789922.7;683.59
9280;362220.89;4789920.27;683.31
6764;362221.2;4789916.78;683.25
5588;362220.65;4789915.49;684.03
4695;362226.93;4789912.7;683.43
6993;362230.45;4789909.74;683.51
6824;362240.65;4789908.31;683.15
4864;362239.94;4789904.28;682.93
4088;362240.52;4789897.61;683.28
9250;362239.55;4789892.1;683.09
7365;362237.38;4789879.79;683.09
1562;362240.15;4789878.78;682.57
9544;362239.98;4789873.73;683.28
4876;362243.67;4789869.77;682.32
2851;362266.23;4789876.24;681.09
9461;362269.77;4789883.19;681.09
4006;362268.41;4789892.89;681.09
8618;362289.64;4789894.38;680.35
5675;362290.17;4789884.3;680.0
8930;362297.82;4789881.96;679.72
7281;362240.51;4789849.53;715.0
2416;362302.76;4789873.39;679.55
5576;362309.17;4789871.43;679.55
3533;362318.2;4789871.59;678.44
7520;362320.57;4789866.74;678.62
3867;362333.06;4789866.95;678.84
5819;362339.26;4789861.75;678.42
6409;362346.99;4789851.49;677.29
6932;362343.28;4789853.63;677.67
6680;362336.99;4789853.74;677.89
8686;362333.79;4789848.21;677.55
3313;362327.51;4789844.13;677.16
10101;362331.89;4789838.73;676.31
4277;362339.0;4789836.69;676.31
6908;362344.59;4789840.32;675.61
6958;362346.72;4789840.69;675.99
3422;362349.13;4789836.68;676.4
749;362347.14;4789835.18;676.18
4581;362345.16;4789829.74;675.88
8525;362342.94;4789827.88;675.88
9787;362336.79;4789834.03;675.65
4270;362336.85;4789832.43;675.65
5356;362335.69;4789829.69;676.85
8869;362326.4;4789822.44;674.56
7429;362322.72;4789816.06;669.4
106;362314.77;4789811.47;674.49
9996;362311.35;4789809.49;675.7
8230;362309.49;4789805.52;676.08
1645;362303.21;4789800.25;676.08
2530;362298.18;4789796.73;674.55
5134;362294.78;4789791.88;672.28
3972;362293.9;4789793.73;680.77
341;362290.99;4789788.08;671.43
3842;362292.26;4789791.78;684.41
4363;362290.18;4789789.83;683.49
6729;362290.92;4789785.62;677.6
5374;362293.31;4789789.28;680.3
7833;362287.11;4789782.64;674.69
6950;362286.58;4789780.15;673.34
4017;362283.09;4789777.01;671.63
6430;362280.18;4789773.54;673.74
6613;362275.17;4789769.48;672.37
8501;362272.21;4789767.0;673.05
7174;362268.76;4789764.11;673.05
4397;362294.13;4789787.86;682.25
3735;362295.34;4789782.99;681.36
385;362294.37;4789777.46;680.37
793;362294.69;4789773.8;678.89
7250;362293.26;4789772.09;678.69
9476;362294.56;4789769.3;678.04
2588;362292.23;4789764.72;677.13
8561;362290.08;4789762.16;677.66
3930;362290.44;4789759.26;676.6
1535;362284.1;4789753.95;675.87
4663;362280.09;4789753.6;674.24
9974;362281.89;4789748.05;674.24
4182;362284.32;4789744.71;670.77
7330;362280.67;4789741.42;668.16
3267;362278.76;4789739.81;663.65
6598;362278.62;4789735.92;663.65
1445;362278.55;4789743.76;663.58
8599;362275.95;4789730.69;662.72
6675;362273.07;4789725.89;661.73
5526;362273.85;4789721.49;662.05
5925;362277.17;4789718.5;660.42
82;362274.46;4789742.96;667.46
5474;362268.52;4789745.61;667.92
4244;362266.16;4789745.81;669.77
6989;362261.09;4789748.86;669.87
2854;362258.69;4789749.88;670.19
1776;362255.27;4789749.27;670.68
9013;362253.78;4789752.61;670.36
6737;362253.55;4789755.21;670.96
7505;362260.82;4789761.3;671.96
4023;362250.96;4789752.42;673.43
6582;362264.87;4789762.62;671.89
5235;362268.53;4789765.09;671.19
9846;362246.68;4789752.05;676.33
2520;362243.75;4789749.5;678.14
5708;362239.69;4789746.86;680.4
3425;362207.49;4790074.25;690.14
7128;362172.51;4790074.25;691.37
9725;362172.07;4790079.23;691.45
5999;361982.51;4790862.64;801.48
7095;361972.97;4790883.1;801.48
7059;362007.23;4790841.9;801.48
7569;361978.62;4790892.88;801.48
8246;361964.94;4790883.81;801.48
8638;362023.64;4790852.16;801.48
978;362032.18;4790847.62;801.48
4380;362042.11;4790860.33;801.48
7340;362052.08;4790855.03;801.48
2451;362048.67;4790847.72;801.48
6806;362058.35;4790847.72;801.48
5378;362065.77;4790853.94;801.48
1390;362075.44;4790853.6;801.48
9508;362076.45;4790839.12;801.48
1128;362093.22;4790844.9;801.48
5694;361964.94;4790883.81;824.48
6413;362190.99;4790712.4;807.77
5107;362199.39;4790709.34;810.68
4643;362203.45;4790706.99;810.92
108;362200.31;4790709.63;806.82
3457;362203.75;4790706.74;802.01
1714;362208.11;4790709.06;800.21
7952;362209.01;4790714.18;803.21
175;362213.78;4790716.93;808.71
5641;362219.66;4790715.35;811.42
5412;362216.43;4790709.76;807.69
2540;362222.23;4790718.76;816.51
708;362216.17;4790706.73;804.65
9882;362215.67;4790703.88;801.85
988;362215.67;4790703.88;798.2
1722;362218.14;4790700.34;797.69
6349;362227.57;4790720.19;818.97
5170;362236.71;4790720.19;819.45
6694;362241.42;4790718.0;818.06
5380;362246.65;4790718.45;815.83
660;362248.97;4790714.44;811.02
5038;362247.85;4790710.27;806.71
8849;362248.3;4790705.14;801.91
10056;362250.83;4790707.39;803.92
7799;362251.66;4790704.28;803.92
6896;362254.97;4790702.37;804.18
1223;362257.68;4790700.1;805.13
2923;361913.59;4790931.22;924.64
6803;361913.67;4790932.48;924.32
1565;361913.81;4790934.5;925.08
8995;361914.02;4790935.88;925.45
5606;360342.0;4790225.0;1059.0
7647;360343.33;4790215.29;1058.49
3348;360338.85;4790222.08;1051.95
8931;362398.0;4790564.0;825.0
4201;362399.31;4790571.72;828.18
513;362395.6;4790575.02;829.21
2166;362396.05;4790579.21;829.37
3221;362397.33;4790581.58;828.82
2579;362393.63;4790585.11;828.38
4915;362392.44;4790584.54;829.19
5115;362387.45;4790587.73;829.16
6657;362379.64;4790589.24;829.41
398;362376.3;4790588.8;829.22
6890;363722.0;4790370.0;889.0
551;363722.0;4790370.0;874.0
7326;363722.0;4790357.1;874.0
3164;365799.0;4790965.0;783.0
1166;365799.78;4790964.42;774.94
6375;365797.79;4790966.26;761.7
7249;365800.6;4790963.34;775.1
6100;365803.33;4790962.96;775.92
9246;365785.14;4790970.99;751.12
9801;365781.21;4790972.04;748.33
8279;365778.9;4790976.05;744.34
5081;365774.59;4790977.54;741.96
9180;365771.85;4790977.45;742.51
891;365774.63;4790974.91;738.99
2617;365771.6;4790972.47;737.96
1641;365772.93;4790969.67;737.53
5645;365769.85;4790968.42;734.12
9277;365769.21;4790969.66;732.16
2426;365768.66;4790976.55;732.58
6244;365766.31;4790976.29;732.46
1595;365763.77;4790981.37;731.88
6082;365764.93;4790981.29;731.88
6659;365766.31;4790985.19;732.03
2686;365765.25;4790988.79;720.75
8057;365771.34;4790989.62;716.36
8110;365771.09;4790992.12;716.02
5179;365770.18;4790995.24;711.8
2814;365770.67;4790996.55;709.45
1351;365770.82;4791003.69;693.33
5937;365775.86;4791008.57;690.0
4059;365780.11;4791006.43;690.1
7901;365784.21;4791007.04;689.23
7862;365789.97;4791007.55;676.13
6513;365791.92;4791006.7;676.71
2840;365794.88;4791007.74;675.04
8661;365794.23;4791008.16;673.91
10269;365795.11;4791008.99;671.48
6184;365794.73;4791010.33;671.16
1795;365797.71;4791010.7;671.44
8547;365797.82;4791012.05;671.18
9971;365796.82;4791012.93;672.02
8562;365801.49;4791021.54;644.66
831;365795.98;4791015.74;671.48
66;365813.34;4791019.67;644.93
1138;365804.45;4790959.19;776.65
7332;365820.89;4790979.78;778.86
9945;364563.0;4790031.0;710.0
4054;364560.01;4790045.09;710.0
4813;364543.79;4790056.44;710.0
9908;364531.34;4790084.4;710.0
6842;364519.32;4790072.79;703.32
2066;364511.91;4790082.98;703.32
9752;364522.38;4790108.89;696.33
9148;364505.91;4790117.64;685.44
8833;364505.91;4790117.64;679.14
2420;364505.2;4790118.01;671.99
9429;364514.11;4790156.59;671.99
6404;364493.68;4790196.69;671.99
8027;364458.16;4790209.61;671.99
4209;364467.45;4790268.28;671.99
6641;364452.99;4790284.33;671.99
5764;364433.63;4790288.45;671.99
8138;364490.02;4790335.3;671.99
10151;364403.54;4790252.6;671.99
4195;364384.79;4790233.18;671.99
6092;364367.06;4790255.87;671.99
9559;364364.61;4790279.15;671.99
1163;364364.61;4790279.15;668.39
8448;364360.68;4790280.5;680.28
1960;364315.49;4790254.41;666.37
4;364353.6;4790238.24;666.37
2818;364315.49;4790254.41;644.77
8514;364338.09;4790190.49;694.61
7096;364356.68;4790208.9;645.72
1890;364338.09;4790190.49;690.11
3794;364346.09;4790168.5;690.11
9643;364381.5;4790151.23;694.09
2836;364356.68;4790208.9;631.32
7699;363731.0;4789546.0;730.0
3543;363631.0;4789546.0;730.0
8070;365351.0;4791266.0;1080.0
5736;365351.49;4791269.96;1077.34
6239;365343.14;4791265.91;1075.85
2432;365348.43;4791276.7;1077.08
8304;365338.37;4791264.9;1073.78
1072;365330.61;4791260.81;1074.53
10130;365355.56;4791273.3;1076.78
1401;365365.24;4791274.37;1070.66
8300;365367.67;4791281.98;1071.07
9009;365377.29;4791296.09;1070.14
7282;365382.14;4791301.92;1070.58
8287;365387.15;4791315.25;1074.99
6489;365387.71;4791320.76;1079.59
5646;365396.18;4791323.66;1081.21
5804;365408.75;4791326.93;1080.78
136;365417.71;4791329.37;1076.8
1956;365429.02;4791330.6;1077.42
7315;365438.52;4791333.68;1077.94
9408;363638.0;4791543.0;1401.0
1809;363638.0;4791543.0;1397.4
7755;363639.69;4791543.09;1396.54
4152;363639.69;4791543.09;1390.94
5490;363644.55;4791541.6;1387.94
9042;363643.68;4791540.21;1385.08
6290;363649.5;4791541.99;1346.66
7776;363653.16;4791542.25;1347.99
4785;363659.18;4791553.11;1344.9
2270;363646.59;4791543.52;1348.23
6690;363653.48;4791540.2;1346.26
3724;363654.64;4791540.02;1344.05
3128;363654.2;4791539.29;1343.82
1728;363656.12;4791537.74;1347.22
10009;363651.72;4791538.62;1339.54
7628;363658.78;4791534.79;1345.85
3099;363652.5;4791534.81;1346.06
3509;363660.66;4791535.12;1343.41
10140;363657.55;4791536.5;1337.52
3877;363653.36;4791534.0;1344.44
3261;363654.65;4791529.98;1347.18
7655;363649.99;4791537.26;1339.24
89;363653.76;4791527.06;1345.69
8187;363641.79;4791530.72;1342.57
6004;363640.64;4791533.43;1338.66
6121;363635.8;4791527.46;1336.45
7390;363630.9;4791531.71;1333.56
9975;363642.88;4791530.91;1331.71
423;363645.39;4791528.23;1331.26
8865;363651.23;4791527.41;1331.06
8479;363556.0;4791211.0;1253.0
4451;363556.0;4791211.0;1213.0
4884;363557.68;4791208.51;1212.9
2198;363557.68;4791208.51;1222.9
2541;363558.79;4791206.86;1212.83
4164;363558.79;4791206.86;1196.83
6389;363562.75;4791201.0;1189.75
4799;363566.05;4791196.1;1188.71
3047;360672.0;4789670.0;1129.0
9156;360669.06;4789665.72;1127.59
9390;360669.75;4789668.5;1124.96
10094;360673.02;4789672.72;1122.13
4483;360674.91;4789675.12;1121.33
7509;360673.13;4789676.31;1119.59
3499;360670.15;4789675.14;1118.57
7304;360665.37;4789677.22;1112.01
5161;360666.06;4789677.78;1111.75
8092;360662.63;4789680.93;1107.73
7439;360665.4;4789681.69;1104.89
543;360666.8;4789682.97;1104.69
742;360670.96;4789689.01;1102.82
3455;360672.55;4789686.29;1100.99
3779;360676.22;4789682.41;1100.09
3604;360677.35;4789682.5;1099.82
9675;360678.66;4789686.42;1099.24
9105;360679.41;4789689.21;1098.03
5189;360680.22;4789689.27;1099.29
3812;360680.12;4789689.89;1099.62
7961;361088.0;4789306.0;1355.0
1515;361083.08;4789305.13;1355.0
9564;361069.74;4789302.78;1341.46
3380;361072.83;4789312.29;1341.46
1219;361067.06;4789294.54;1335.21
2418;361067.06;4789294.54;1205.68
1053;361067.88;4789294.18;1204.79
4109;360998.0;4788988.0;1200.0
5465;360998.0;4788988.0;1189.52
6547;360996.72;4788988.23;1181.9
3657;360994.87;4788991.18;1166.66
9026;360994.87;4788995.52;1158.09
1217;360995.79;4788996.45;1118.56
2106;360995.79;4789000.8;1114.99
4606;360857.0;4789091.0;1375.0
823;360856.23;4789092.59;1374.28
3325;360857.44;4789094.59;1373.49
2370;360859.79;4789094.75;1370.93
5180;360859.45;4789095.2;1369.95
1384;360859.41;4789095.22;1368.04
895;360859.18;4789095.3;1365.4
7615;360859.53;4789095.78;1359.68
8884;360859.72;4789097.66;1361.2
1756;360857.41;4789096.36;1359.11
4250;360861.33;4789096.63;1361.84
6374;360862.96;4789096.43;1364.74
5851;360856.16;4789096.4;1358.58
7658;360855.9;4789095.25;1338.79
5539;360856.12;4789092.18;1306.76
2271;360859.03;4789091.62;1302.93
8454;360858.67;4789089.51;1302.43
626;360857.47;4789087.0;1300.21
4958;360858.04;4789085.07;1297.13
5902;360856.84;4789083.44;1295.7
3328;360854.1;4789080.88;1292.38
7714;360853.29;4789079.86;1290.19
6611;360851.54;4789080.01;1290.1
2870;360850.42;4789078.6;1286.17
6838;360848.63;4789076.96;1284.59
1209;360846.52;4789075.16;1283.25
3559;360845.92;4789074.2;1282.19
787;360843.78;4789072.53;1281.14
2145;360844.39;4789070.89;1279.93
1901;360844.92;4789069.86;1279.73
3536;360844.15;4789071.71;1279.11
3795;360845.52;4789068.31;1281.02
2856;360845.07;4789067.14;1281.34
8048;360845.81;4789064.26;1282.55
4608;360847.7;4789064.27;1284.02
2223;360844.62;4789063.01;1283.75
1248;360844.13;4789069.75;1258.68
6869;360841.9;4789070.11;1259.9
4761;360843.79;4789065.99;1258.75
8269;360841.76;4789070.58;1255.65
10089;360844.42;4789065.78;1255.94
5916;360843.93;4789064.46;1245.21
2555;360845.31;4789062.5;1244.88
6992;361135.0;4789303.0;1341.0
964;361135.0;4789303.0;1328.0
6616;361140.0;4789303.0;1328.0
7943;361140.0;4789303.0;1323.0
9204;361141.0;4789303.0;1323.0
1537;361141.0;4789303.0;1313.0
6594;361139.29;4789307.7;1312.83
10219;361142.73;4789312.79;1311.95
5739;361139.32;4789322.16;1311.08
2778;361135.86;4789341.78;1309.34
5416;361844.0;4790099.0;1223.0
6708;361844.78;4790100.45;1221.21
4705;361844.74;4790106.43;1214.63
6081;361845.65;4790106.45;1210.09
1353;361846.15;4790107.2;1203.82
5987;361846.04;4790107.41;1197.7
262;361844.52;4790107.26;1192.71
2068;361844.71;4790106.29;1182.61
6554;361845.11;4790106.03;1179.81
6891;361844.2;4790107.13;1164.47
1275;361845.68;4790107.16;1157.45
9110;361844.14;4790108.06;1145.67
2831;361847.04;4790108.49;1138.39
5070;361848.78;4790108.52;1137.63
10086;360790.0;4789678.0;1000.0
9161;360792.56;4789675.01;998.6
2613;360792.6;4789671.77;993.39
2402;360792.93;4789673.96;993.33
5399;360794.25;4789673.37;990.36
8235;360798.31;4789676.66;986.47
26;360801.12;4789675.47;986.22
264;360801.97;4789670.74;982.59
5213;363818.22;4785953.33;1608.53
2745;363818.22;4785946.81;1609.45
5521;363816.32;4785968.84;1606.34
9248;363821.55;4785939.68;1610.14
7843;363825.15;4785931.96;1610.88
344;363818.9;4785921.14;1610.88
3274;363823.17;4785913.73;1611.03
4410;363826.57;4785908.88;1611.24
7938;363836.43;4785905.29;1611.97
4642;363838.32;4785902.6;1611.86
2957;363840.21;4785899.91;1611.74
1559;363814.77;4785979.84;1604.97
8695;363820.61;4785985.67;1598.05
1112;363820.61;4785988.03;1596.07
2316;363822.12;4785989.83;1594.1
3130;363821.96;4785994.45;1594.1
2983;363827.21;4786000.07;1594.1
8539;363833.36;4786000.07;1594.2
103;363841.51;4786013.11;1593.67
9102;363841.51;4786016.19;1593.56
3028;363845.67;4786018.13;1593.16
5198;363845.67;4786027.31;1592.19
1683;363843.7;4786029.67;1592.19
3573;363846.21;4786033.54;1592.19
8103;363843.13;4786038.87;1592.19
5986;363828.52;4786064.18;1592.19
5623;363827.55;4786070.26;1592.19
4225;363825.25;4786075.96;1592.08
3188;363823.11;4786088.08;1592.08
5813;363826.19;4786093.41;1592.08
5776;363829.08;4786092.36;1592.08
4677;363827.75;4786099.94;1592.08
3021;363817.18;4786098.07;1591.15
3075;363829.36;4786108.3;1585.36
2094;363823.21;4786118.95;1585.36
7798;363820.14;4786124.27;1584.93
4574;363816.22;4786110.62;1596.24
7874;363815.6;4786123.47;1584.69
3315;363807.94;4786136.74;1583.35
2645;363813.32;4786146.07;1583.35
6316;363806.82;4786160.01;1583.08
4220;363811.32;4786104.79;1603.85
6040;363801.47;4786093.05;1602.51
3524;363808.31;4786121.87;1610.16
3440;363803.41;4786116.04;1617.78
84;361608.0;4785227.0;1820.0
1925;361608.0;4785227.0;1805.71
3953;361610.59;4785225.74;1802.85
1801;361608.5;4785201.79;1799.99
1097;361601.7;4785198.17;1791.42
1039;361601.64;4785194.33;1785.71
4056;361597.56;4785191.78;1774.28
5162;361597.56;4785191.78;1768.57
3473;361602.45;4785188.72;1762.85
6457;361601.44;4785203.11;1762.85
2708;361594.03;4785194.27;1762.85
6889;361587.09;4785182.73;1717.13
6397;361587.09;4785182.73;1705.7
2807;361586.1;4785181.08;1705.7
7748;361576.44;4785176.78;1705.7
7850;361564.6;4785161.62;1705.7
3979;361559.93;4785162.79;1697.13
1155;361559.93;4785162.79;1688.56
1267;361551.53;4785160.69;1681.99
2838;361546.02;4785156.83;1670.56
7816;361547.21;4785165.85;1670.56
9623;361543.64;4785164.15;1670.56
950;361544.9;4785178.51;1670.56
6516;361542.21;4785182.5;1656.28
202;361544.47;4785186.74;1656.28
9286;361548.53;4785194.38;1639.14
50;361556.11;4785188.46;1639.14
2580;361567.4;4785209.69;1636.28
4945;361567.4;4785209.69;1633.42
518;361573.5;4785206.84;1633.42
3781;361575.94;4785212.07;1599.13
9456;361568.57;4785218.25;1599.13
4134;361568.57;4785228.83;1599.13
10059;361560.32;4785233.79;1581.98
4163;361560.32;4785233.79;1556.27
7772;361557.03;4785235.77;1541.99
3264;361557.03;4785239.61;1502.0
3013;361550.59;4785241.58;1484.85
6019;361550.59;4785246.39;1476.28
9871;361545.49;4785254.55;1476.28
6454;361551.59;4785257.39;1473.42
9534;361550.42;4785262.05;1470.57
968;361540.81;4785262.39;1470.57
7570;361540.81;4785262.39;1467.71
61;361529.28;4785262.79;1464.85
8035;361524.44;4785255.62;1459.13
1891;361512.91;4785256.22;1327.71
8255;361512.91;4785256.22;1324.85
9822;361499.12;4785252.01;1324.42
2969;361571.23;4785165.01;1627.7
4076;361571.23;4785165.01;1621.99
9927;361579.89;4785180.0;1616.28
7766;361584.7;4785188.33;1610.56
5154;361590.47;4785198.32;1584.85
5475;361579.44;4785214.08;1584.85
9478;361587.38;4785202.01;1439.14
8132;361581.54;4785205.37;1382.0
5037;361574.75;4785197.27;1333.42
3346;361575.08;4785195.38;1332.71
5709;361578.09;4785178.33;1332.71
703;361579.76;4785168.87;1333.42
7917;361582.56;4785168.75;1215.57
2756;361568.81;4785175.85;1164.13
5658;361587.19;4785191.73;1324.86
1169;361602.34;4785203.57;1330.57
1837;361605.93;4785202.19;1336.29
7341;361612.21;4785199.78;1390.57
8917;361612.21;4785197.85;1419.15
4246;361606.8;4785187.67;1467.71
8278;361597.18;4785187.67;1473.43
5745;361599.18;4785176.3;1473.43
9376;361605.01;4785179.67;1487.71
4861;361603.84;4785189.21;1524.86
4478;361593.0;4785193.16;1559.15
6222;361591.09;4785150.44;1181.28
3850;361594.83;4785136.51;1072.71
3853;361600.13;4785118.02;1072.71
7192;361609.74;4785117.69;1072.71
2252;361602.1;4785105.46;1044.13
1625;361606.26;4785103.05;1041.27
8602;361606.26;4785092.47;1038.42
6230;361599.12;4785086.04;994.99
6577;361564.75;4785184.56;1112.7
1123;361564.75;4785160.52;1107.99
2184;361809.22;4785007.65;1874.61
4831;361805.07;4785002.09;1898.24
7039;361805.07;4785002.09;1902.48
8475;361835.88;4785004.77;1889.71
6278;361840.71;4785000.55;1894.0
4177;361847.5;4784997.95;1894.0
9914;361854.17;4784997.83;1894.0
2846;361860.83;4784997.71;1894.0
9355;361862.76;4784994.87;1894.0
6429;361881.13;4784984.26;1894.0
6407;361884.98;4784982.47;1894.0
7338;361894.31;4784978.12;1894.0
6561;361840.22;4784996.57;1847.33
7899;361327.62;4785460.01;1491.28
10214;361333.24;4785473.92;1491.28
4607;361241.04;4785587.68;1292.25
8788;361230.04;4785587.68;1292.25
8966;361220.85;4785579.97;1292.25
7255;361207.85;4785580.19;1292.25
1825;361196.85;4785599.24;1292.25
8570;361192.57;4785601.82;1292.25
3091;361105.52;4785513.65;1266.39
2692;361100.45;4785507.61;1265.0
1461;361094.95;4785501.06;1262.22
2061;361352.53;4785335.23;1536.68
9750;361352.53;4785335.23;1546.68
10171;361353.77;4785331.43;1546.54
9081;361349.27;4785326.07;1546.42
9894;361344.72;4785320.65;1553.49
349;361336.37;4785310.7;1553.94
3955;361330.37;4785310.7;1554.15
2566;361317.66;4785297.99;1555.09
3910;361314.45;4785287.48;1555.67
9836;361321.1;4785285.06;1562.74
6155;361327.74;4785282.64;1569.81
2622;361311.92;4785267.36;1569.81
628;361313.17;4785255.43;1569.81
8094;361309.64;4785252.13;1568.52
1530;361303.67;4785252.45;1569.04
331;361296.98;4785241.3;1569.27
4426;361291.87;4785232.8;1529.48
4146;361291.62;4785232.39;1527.54
5455;361291.62;4785232.39;1522.54
7800;361300.07;4785229.31;1522.54
7383;361291.24;4785231.77;1519.63
4077;361301.04;4785225.94;1528.61
2963;361274.31;4785240.39;1519.63
7117;361275.1;4785245.33;1519.63
4753;361267.01;4785251.21;1519.63
7468;361263.01;4785251.21;1519.63
7532;361261.54;4785252.09;1524.33
8840;361261.54;4785252.09;1519.33
1057;361257.27;4785254.66;1518.98
1458;361250.28;4785254.66;1518.49
5152;361249.63;4785264.03;1521.91
2884;361238.54;4785257.63;1524.17
1602;361238.54;4785250.63;1523.93
584;361238.54;4785250.63;1517.93
9919;361219.44;4785244.79;1516.88
6203;361219.44;4785253.77;1516.25
8591;361210.66;4785264.61;1515.03
8270;361210.66;4785260.61;1515.03
6031;361198.11;4785268.76;1513.99
3790;361186.42;4785257.86;1513.43
2567;361184.71;4785262.55;1513.34
9757;361180.67;4785259.62;1513.08
5596;361176.76;4785265.42;1512.84
1854;361171.74;4785252.35;1512.59
4675;361172.21;4785243.36;1512.43
8413;361170.37;4785242.58;1512.36
6754;361170.37;4785242.58;1502.36
2777;361167.4;4785242.58;1501.95
5265;361161.4;4785242.58;1501.95
2089;361153.01;4785255.02;1501.68
3024;361136.2;4785255.9;1499.32
5268;361122.09;4785268.61;1498.99
10139;361122.09;4785268.61;1476.99
807;361122.09;4785268.61;1469.99
1178;361114.12;4785268.33;1469.29
3869;361114.12;4785272.32;1468.94
7100;361111.13;4785272.32;1468.68
3363;361112.07;4785290.25;1467.42
10126;361120.51;4785293.32;1466.8
3471;361120.51;4785293.32;1449.8
1677;361123.23;4785296.24;1449.52
3240;361124.45;4785306.16;1449.52
1877;361125.67;4785316.07;1448.99
410;361123.79;4785317.95;1450.4
9933;361118.31;4785315.51;1450.4
1591;361108.81;4785318.59;1450.05
2874;361108.81;4785318.59;1432.05
1228;361102.85;4785318.07;1431.53
3527;361102.85;4785318.07;1419.53
4278;361101.45;4785320.71;1419.27
9326;361093.81;4785328.62;1418.88
9410;361090.22;4785330.37;1418.75
8386;361090.22;4785330.37;1412.75
4280;361087.42;4785333.17;1413.3
677;361074.73;4785335.64;1414.66
5720;361076.92;4785343.3;1415.36
1592;361076.92;4785343.3;1375.36
4936;361076.92;4785343.3;1369.36
1023;361076.92;4785346.29;1369.1
6346;361076.92;4785351.27;1368.66
392;361082.72;4785356.67;1367.55
5242;361077.69;4785361.53;1367.18
7453;361073.83;4785357.53;1369.43
8253;361077.69;4785364.35;1368.21
5139;361058.99;4785357.53;1375.42
6550;361050.68;4785368.56;1381.28
6355;361043.48;4785370.35;1384.28
1638;361049.31;4785373.32;1386.79
6294;361073.64;4785366.6;1370.08
2859;361072.94;4785376.54;1374.73
1241;361076.86;4785384.94;1378.48
5193;361076.86;4785384.94;1363.48
3847;361076.13;4785387.85;1363.37
195;361086.8;4785399.7;1361.98
8679;361086.8;4785404.7;1361.8
5269;361088.8;4785406.92;1361.7
6514;361088.8;4785406.92;1356.7
519;361097.73;4785411.09;1354.96
6888;361104.64;4785425.25;1352.18
7126;361111.3;4785419.66;1349.85
1346;361111.3;4785426.55;1348.64
9770;361116.88;4785428.48;1347.6
2105;361121.71;4785435.91;1346.03
2393;361127.69;4785435.91;1345.51
2057;361132.99;4785444.39;1345.51
3400;361132.99;4785444.39;1340.51
9387;361133.91;4785447.24;1340.51
4333;361135.45;4785451.98;1340.95
10203;361132.39;4785460.41;1341.73
5238;361138.0;4785474.31;1341.21
1105;361137.04;4785476.05;1341.03
725;361141.03;4785482.97;1340.75
1192;361134.49;4785495.29;1339.53
4461;361129.67;4785500.27;1338.56
7828;361126.89;4785503.15;1338.56
1004;361126.89;4785506.14;1338.3
9635;361121.26;4785511.77;1337.6
3753;361127.3;4785515.26;1336.99
830;361131.46;4785517.66;1338.37
1631;361127.3;4785515.26;1295.99
8266;361129.85;4785522.28;1295.34
6096;361132.41;4785529.3;1294.68
9631;361400.88;4785263.89;1823.77
9004;361326.71;4785274.98;1834.31
6371;361323.81;4785280.44;1835.22
3836;361324.37;4785273.83;1832.04
4823;361327.2;4785287.98;1843.74
296;361450.02;4785241.24;1818.71
9994;361278.96;4785317.71;1863.24
1549;361259.74;4785295.08;1862.99
7715;361252.57;4785287.82;1863.19
7319;361253.14;4785287.5;1864.47
399;361253.81;4785287.13;1863.19
8517;361252.95;4785287.63;1862.65
7411;361252.6;4785283.2;1866.17
2679;361253.44;4785281.79;1866.47
8393;361196.67;4785321.54;1866.09
1037;361202.13;4785235.39;1868.4
2931;361208.57;4785236.15;1868.24
1210;361264.64;4785320.14;1882.69
5401;361268.71;4785319.16;1884.22
8474;361274.07;4785323.71;1888.35
5032;361274.52;4785325.05;1887.73
2934;361241.29;4785303.11;1875.87
9500;361239.73;4785303.7;1878.36
9185;361236.54;4785308.23;1879.3
6160;361187.92;4785260.71;1851.16
2016;361167.27;4785259.63;1847.51
8188;361172.81;4785245.93;1844.91
6685;361170.22;4785240.62;1843.87
6022;361170.22;4785240.62;1839.87
279;361167.19;4785234.42;1838.65
2233;361167.19;4785234.42;1824.65
7118;361165.88;4785231.74;1824.39
27;361165.62;4785235.33;1824.65
8754;361165.88;4785231.74;1821.39
3406;361165.88;4785220.25;1811.75
8585;361160.52;4785220.25;1807.25
2058;361149.92;4785233.35;1793.11
9334;361125.48;4785230.34;1788.76
2620;361125.48;4785230.34;1758.76
9459;361112.48;4785230.34;1758.76
3082;361121.7;4785236.34;1758.76
6461;361128.7;4785248.46;1758.52
6094;361134.37;4785250.41;1758.31
1911;361336.81;4785349.45;1823.12
6814;361165.62;4785235.33;1826.7
3369;361165.24;4785240.75;1828.36
476;361165.45;4785244.84;1828.36
7354;361166.49;4785246.17;1829.04
8836;361165.45;4785249.61;1828.36
9956;361167.0;4785249.35;1831.56
1078;361165.45;4785256.66;1828.36
5875;361167.95;4785259.97;1829.55
1251;361167.55;4785264.54;1830.86
3823;361167.66;4785265.0;1832.14
645;361168.26;4785267.61;1830.89
8293;361163.89;4785272.29;1833.23
3668;361162.71;4785277.85;1833.43
3818;361162.68;4785279.42;1833.65
1337;361162.12;4785278.63;1835.97
8663;361091.0;4785749.29;1779.96
1967;361091.0;4785749.29;1749.96
9407;361093.49;4785749.29;1751.64
