id;x;y;z
24576;679749.24;4754359.77;938.07
32770;683570.08;4755324.35;1613.73
40964;679971.29;4754176.45;968.77
16389;683688.34;4755215.54;1607.08
9;683628.99;4755309.68;1629.75
8201;683564.31;4755315.1;1609.82
32782;681086.45;4754665.05;1211.99
40977;682932.89;4754085.98;1431.48
16404;682030.06;4755114.93;1393.0
40980;682738.73;4755288.42;1533.56
16406;683301.64;4753975.77;1479.55
8215;678257.12;4754487.29;702.11
24603;682399.22;4754145.98;1350.29
27;681683.53;4754129.73;1277.23
8220;680759.9;4754594.46;1155.31
24606;682847.27;4755341.27;1550.98
30;681637.6;4754947.59;1286.87
32801;678203.07;4754503.44;709.76
24611;680815.94;4754027.94;1097.79
8230;682972.11;4755326.66;1569.4
32809;683742.99;4755515.34;1740.93
42;681521.66;4754101.41;1237.64
24620;680711.97;4754607.7;1187.51
32815;682800.17;4755333.04;1549.19
41009;682895.14;4755427.92;1521.18
24626;681141.26;4754050.05;1130.64
41015;682400.26;4754140.27;1356.22
24636;683335.95;4754117.35;1499.38
16445;682499.42;4754149.21;1376.43
65;681145.09;4754066.55;1146.39
32839;683271.46;4753906.14;1478.4
8264;683211.16;4755442.59;1566.48
8268;683674.33;4755367.21;1674.42
24657;683091.6;4755354.81;1744.47
16470;683709.24;4755461.11;1712.99
32857;679798.86;4754371.57;945.02
16476;679283.13;4754235.99;843.97
41055;683528.32;4755195.37;1618.44
41056;683695.07;4755486.65;1730.74
8289;683781.05;4755580.78;1815.76
100;683514.43;4753960.87;1540.93
24678;683144.24;4755317.94;1587.55
8298;680142.76;4754362.37;989.58
24684;683738.62;4755486.54;1742.59
24688;683252.83;4753948.83;1465.44
41076;682614.6;4755310.85;1535.13
41083;682948.65;4755393.89;1515.63
127;683341.28;4753991.64;1492.79
41088;682994.68;4755310.9;1583.97
41090;682401.79;4754135.29;1364.25
136;682005.96;4754169.63;1323.64
8332;683426.81;4754116.73;1526.54
32915;680124.97;4754215.55;970.96
24723;681557.36;4754869.67;1278.72
24731;683007.94;4754034.37;1442.9
8348;680716.85;4754611.32;1191.57
41117;679950.85;4754064.54;995.09
8352;682177.2;4754210.6;1344.9
8354;682781.87;4755320.49;1539.63
24742;680351.61;4754390.44;1036.47
41127;678521.47;4754378.22;710.3
8359;683088.71;4755352.47;1793.46
24746;682233.22;4755208.52;1442.38
8363;683178.49;4755312.38;1594.3
32940;678217.39;4754502.09;708.89
8366;682323.86;4754152.77;1348.12
16559;679943.74;4754190.54;963.15
16558;682845.99;4755394.58;1508.46
41138;682889.1;4755338.04;1555.12
32948;682903.87;4755345.25;1513.53
182;681257.32;4754814.67;1333.78
16568;682842.58;4755306.4;1560.99
32953;682189.79;4754197.78;1343.18
24762;683048.71;4755346.53;1903.22
8383;683438.35;4753992.1;1518.99
24769;683905.32;4755597.31;1803.67
41160;680235.15;4754366.66;1031.44
24781;682785.8;4755324.73;1554.69
8398;683103.42;4755360.04;1797.97
41167;682252.79;4754153.9;1348.97
208;680159.71;4754178.6;978.36
32974;683692.97;4755425.14;1699.21
32979;680751.85;4754597.92;1153.61
8406;682573.67;4754127.22;1410.2
24794;683638.38;4755542.81;1728.4
16605;680254.03;4754163.25;1000.24
8413;683333.77;4753989.24;1486.61
41184;680357.15;4754123.27;1027.0
8416;683768.14;4755588.02;1775.41
226;683418.39;4754128.63;1528.7
24806;682602.64;4754124.7;1413.55
41190;682919.37;4755309.1;1558.26
8429;683030.58;4754050.36;1441.3
8444;683372.34;4755328.84;1570.88
33021;683113.49;4753944.48;1447.72
33028;680478.42;4754131.18;1044.3
41221;680122.69;4754354.41;982.1
262;682877.5;4755305.58;1562.11
41223;683030.65;4755308.71;1571.54
16650;678404.03;4754427.82;711.14
8458;682746.13;4755287.72;1533.22
41228;683105.81;4753948.65;1448.62
8463;680717.88;4754606.98;1189.45
8464;682638.5;4755338.27;1499.88
272;683258.93;4753895.74;1476.48
33044;682998.71;4755247.11;1521.68
41239;680088.46;4753921.28;1019.81
24857;682342.08;4755329.24;1473.49
293;683478.74;4755194.45;1590.63
296;682580.85;4755307.56;1590.15
24872;682926.05;4755415.19;1521.15
41258;683333.01;4753989.68;1487.42
8490;683786.44;4755509.29;1744.95
16683;683799.83;4755574.46;1816.96
33070;681112.54;4754052.67;1126.04
41262;683578.13;4755323.74;1617.7
33072;683092.82;4755356.06;1849.11
41263;683288.12;4753880.82;1481.0
8500;683747.29;4755193.85;1619.31
41271;682593.42;4755351.02;1501.42
315;682389.25;4754130.32;1359.41
16702;683364.64;4753894.89;1481.13
41282;682977.07;4755332.07;1568.22
24900;680323.93;4754391.38;1036.34
324;681454.19;4754107.55;1248.76
8519;683680.55;4755500.15;1727.35
328;682850.87;4755398.64;1516.86
8525;682929.32;4755307.65;1563.23
334;682322.7;4755325.5;1480.3
41295;680711.55;4754603.06;1147.0
33104;678083.8;4754241.52;657.21
41296;683285.42;4753890.35;1479.78
8530;681430.96;4754112.22;1224.92
41303;682363.65;4755323.87;1486.28
33111;683691.75;4755216.66;1607.8
8542;679754.13;4754381.82;939.09
33125;683250.86;4753914.1;1475.77
16743;683486.16;4755181.79;1592.84
24935;683759.13;4755487.39;1744.97
24937;682277.53;4755242.9;1458.44
33131;680816.21;4754665.58;1188.9
24941;683537.76;4755251.53;1598.77
8557;683646.62;4755522.63;1714.7
16752;682291.31;4755273.8;1459.6
24947;678259.89;4754481.95;710.23
24950;683751.47;4755536.73;1781.52
41335;682899.27;4754103.97;1426.79
33144;682630.8;4755333.32;1504.36
377;683125.21;4755355.97;1639.98
41338;683766.3;4755571.34;1808.33
41351;683738.67;4755523.88;1774.69
24969;683185.46;4755313.66;1596.96
41355;681481.59;4754844.0;1281.31
396;682910.4;4754094.66;1429.66
41358;680382.9;4754124.37;1021.43
399;679087.56;4754307.08;795.24
16783;679600.94;4754270.55;912.86
398;681027.77;4754686.61;1212.53
8596;682921.73;4755352.17;1512.58
24981;680646.66;4754560.05;1126.15
406;683077.77;4754053.38;1447.54
41367;682559.43;4754122.3;1394.79
16796;682370.83;4755325.67;1487.67
33183;679898.68;4754308.91;947.91
24996;680373.39;4754121.38;1018.04
16808;682376.75;4754141.36;1353.48
8617;683741.16;4755478.07;1740.56
25006;683674.2;4755498.21;1715.55
432;678688.51;4754356.55;716.36
8627;683458.18;4753956.87;1517.88
33207;682093.44;4754202.46;1342.7
442;683625.52;4755328.2;1641.95
8635;683215.99;4755447.44;1568.37
16832;678523.7;4754375.45;710.42
41409;683202.42;4755417.32;1563.82
16833;683781.56;4755204.14;1623.9
33219;683701.34;4755468.96;1711.85
452;680299.78;4754365.37;1016.79
455;680789.5;4754615.74;1193.65
8648;682995.53;4754024.22;1442.58
25040;682059.82;4755129.08;1422.6
8659;682838.06;4755307.51;1560.47
8660;681742.79;4755007.07;1326.09
16858;682951.95;4755314.16;1561.84
16861;683026.89;4755309.32;1570.93
483;682600.93;4755326.27;1529.43
33259;683112.97;4755338.98;1591.15
16886;682306.04;4755318.81;1479.79
16890;682917.12;4755309.48;1576.83
25083;683089.36;4755350.77;1803.73
16891;683272.31;4753969.4;1471.97
507;682638.3;4754123.1;1415.19
8701;682789.12;4755332.72;1555.87
515;682207.1;4755297.81;1467.66
16899;682125.67;4754215.8;1345.68
33284;682846.38;4755328.5;1549.98
16902;680245.48;4754153.41;999.94
16903;683215.84;4754113.49;1477.09
8707;683463.32;4755196.04;1584.24
8713;681327.01;4754063.16;1175.05
16905;683411.0;4755205.46;1563.51
16907;678298.87;4754456.87;707.56
517;683266.29;4753907.72;1475.78
25102;681941.08;4754133.54;1310.0
41489;681990.91;4754163.84;1321.39
25105;683812.05;4755317.52;1706.91
529;683382.71;4753999.39;1509.63
16916;683739.81;4755486.11;1742.62
16917;683252.81;4753943.43;1463.32
41499;682937.27;4755310.62;1561.29
25116;680710.07;4754621.9;1193.0
41500;683198.37;4754097.85;1467.79
25119;680120.95;4754194.31;972.76
16928;683766.77;4755581.72;1810.26
546;682984.91;4755334.67;1569.11
547;678424.88;4754417.09;700.71
41507;683724.67;4755325.73;1678.99
8741;683222.12;4753933.0;1454.89
16935;683090.55;4755352.05;1786.93
33320;683127.17;4753943.44;1447.64
25139;682837.3;4755328.36;1550.53
564;683258.36;4753961.04;1467.31
16955;681162.83;4754060.52;1147.34
16962;681263.23;4754047.53;1159.4
582;682896.2;4755317.29;1557.05
584;680700.25;4754539.8;1152.24
16968;683592.46;4755233.16;1592.37
41547;683069.81;4755240.98;1531.48
33356;683561.11;4754161.17;1553.8
41558;682877.77;4755344.37;1552.2
8794;683115.57;4755337.59;1592.38
606;683603.04;4755327.25;1632.77
8800;682321.97;4755323.85;1473.25
8801;682616.21;4755312.35;1535.69
25186;678258.12;4754493.16;697.63
41569;682914.14;4755307.83;1576.84
608;683282.24;4753975.03;1476.71
16995;683419.6;4754000.35;1520.31
25191;683442.59;4755198.79;1574.93
8809;683609.44;4755234.91;1593.55
33389;683417.32;4753983.36;1516.96
41582;680746.74;4754598.86;1154.36
41586;683363.09;4753893.91;1481.32
8820;682971.84;4755327.56;1564.4
629;682952.54;4755312.0;1565.47
41592;683498.08;4755263.15;1573.06
41594;683737.18;4755480.74;1739.49
33403;682130.38;4755183.71;1434.02
41615;683468.8;4753967.26;1527.26
8848;682679.48;4755315.2;1506.72
25234;682418.89;4755335.85;1492.36
8851;680139.75;4754200.51;974.68
25236;679929.33;4754196.1;955.44
41624;682777.51;4755320.89;1534.38
8857;683587.24;4755235.25;1601.58
17051;680088.14;4754218.27;969.97
17053;683504.63;4755193.47;1593.89
25248;682025.31;4755112.16;1389.25
8866;681312.9;4754034.86;1167.63
8867;679749.22;4754331.43;937.27
25251;682214.74;4755212.03;1442.67
8871;680231.05;4754168.85;991.68
8874;683086.74;4755349.04;1866.69
17067;682974.89;4755317.87;1576.49
33453;683773.83;4755504.19;1744.62
25262;683321.06;4753875.39;1478.73
33460;681075.99;4754059.15;1113.25
17077;683817.77;4755319.29;1718.33
17082;681763.72;4755103.39;1361.44
41659;679290.42;4754235.92;845.24
33467;679935.5;4754093.23;982.65
33470;679833.55;4754244.95;945.84
33472;683798.11;4755568.09;1771.86
25291;683008.64;4754005.89;1441.97
33489;683436.89;4753988.88;1518.77
41684;679948.37;4754070.43;991.34
17109;683629.24;4755190.75;1587.92
17111;682809.43;4755296.46;1508.35
17113;681797.53;4755110.94;1366.1
730;680772.53;4754612.63;1191.37
25308;682524.76;4754118.42;1390.88
33505;683139.02;4755320.44;1587.27
33509;683474.46;4753967.59;1525.37
17126;683482.8;4755183.65;1593.59
8935;682639.98;4755326.44;1505.37
17128;679051.13;4754318.86;768.19
745;682740.67;4754118.57;1419.43
41706;678341.16;4754445.01;709.02
41707;680576.45;4754094.43;1069.26
8936;683071.48;4753963.71;1444.74
8945;679934.58;4754195.62;955.31
8946;679148.19;4754295.66;792.95
755;683637.14;4755228.22;1599.4
25332;678581.01;4754392.12;711.93
759;681728.04;4754108.57;1271.07
33529;682293.85;4755281.2;1465.4
33532;683588.41;4755236.81;1603.85
41725;682701.99;4755287.07;1534.16
17151;683445.61;4753995.18;1525.96
8960;679154.99;4754295.91;792.69
25348;683057.82;4754056.21;1446.9
25349;679969.15;4754317.63;948.64
41741;681658.23;4754976.01;1302.26
25362;683386.37;4753952.61;1483.34
8980;683276.22;4755386.71;1563.65
33565;681466.89;4754840.87;1281.28
797;683562.13;4755244.12;1587.61
33569;680901.26;4754671.76;1226.58
8993;682794.82;4755327.61;1556.49
17185;683103.18;4755317.93;1577.69
804;683447.77;4755198.45;1577.21
17187;683471.59;4753966.47;1527.4
25386;680043.64;4754334.07;971.24
9002;681720.54;4755007.27;1326.49
9007;680530.01;4754126.01;1067.71
33583;683738.66;4755477.62;1740.02
17199;683737.61;4755521.24;1768.74
41780;680203.25;4754174.11;999.62
17209;682601.37;4755319.81;1550.55
41785;682976.81;4755319.92;1577.17
25403;679311.46;4754223.33;851.9
41787;680594.02;4754082.75;1069.4
41795;683019.47;4755312.19;1581.35
17220;681476.36;4754102.26;1245.21
41800;678154.2;4754473.68;682.21
9034;680368.08;4754119.5;1033.1
9037;679963.69;4754194.76;966.25
33614;679845.03;4754235.37;946.34
845;683515.08;4755257.69;1574.31
852;682989.09;4754015.66;1441.5
41814;682250.79;4754166.0;1345.8
33626;683297.31;4755212.21;1550.91
41820;679857.37;4754300.55;944.51
862;679768.84;4754273.88;937.41
41824;683176.57;4755312.59;1593.37
33640;683348.99;4753870.0;1480.25
9069;683202.61;4755411.55;1563.62
17267;681545.71;4754114.04;1231.82
33653;683769.49;4755487.16;1748.9
9078;680738.06;4754598.01;1152.02
25463;682909.13;4755306.54;1562.91
41850;681771.09;4754079.19;1293.31
41857;679739.11;4754323.94;933.65
33666;678871.48;4754327.23;740.26
899;683630.8;4755232.59;1601.51
897;683704.43;4755388.06;1695.83
25477;682867.45;4755307.33;1561.31
9095;683761.03;4755605.35;1782.78
25480;678590.04;4754376.81;716.33
33673;682814.75;4755360.32;1507.61
41865;683625.44;4755229.77;1595.29
9099;682921.72;4755310.58;1576.57
33681;682985.42;4755311.37;1582.01
17300;679692.33;4754261.48;926.19
17302;682777.65;4754110.81;1420.94
9119;683564.05;4754170.16;1556.27
33696;683117.6;4755361.04;1735.11
17314;683654.88;4755339.78;1661.7
25510;681497.53;4754862.7;1276.4
25514;681150.38;4754041.92;1131.02
25515;683703.89;4755431.61;1705.63
33709;683258.2;4753897.51;1476.21
41908;679336.44;4754218.87;859.01
950;682909.72;4755311.34;1564.32
9151;682371.92;4754144.78;1352.22
41924;682548.62;4754128.42;1393.09
41925;680132.75;4754189.39;978.82
25540;683447.15;4755199.74;1577.15
971;682805.95;4755302.88;1551.39
41935;683772.18;4755569.87;1766.03
9169;683116.45;4755229.42;1539.64
17361;683040.8;4754068.76;1445.65
41939;683424.34;4755206.45;1567.09
41940;683774.61;4755487.23;1748.7
41945;683102.88;4755330.3;1588.99
25562;680745.88;4754598.01;1153.05
9179;682776.39;4755320.75;1537.92
41952;680372.62;4754112.6;1017.74
1000;679181.23;4754263.8;811.35
41964;683564.2;4755324.28;1612.72
25590;678595.22;4754372.65;710.53
17400;680693.1;4754540.07;1152.31
9211;683414.32;4754108.68;1517.63
9213;683043.62;4753988.91;1442.06
25597;683065.5;4753965.66;1443.93
9215;679998.37;4753965.31;1018.13
9214;683200.23;4753925.24;1454.18
25601;682981.3;4755257.45;1524.87
1034;683208.56;4753925.51;1451.95
1037;683573.11;4755332.87;1620.84
1039;683038.2;4753999.34;1441.84
1041;679818.39;4754234.84;944.47
25620;680912.09;4754054.38;1094.94
9238;682996.3;4754026.37;1442.79
1047;683054.59;4753997.06;1441.48
33816;682976.18;4755323.07;1576.82
25628;683565.55;4754102.85;1552.11
42012;682825.65;4755376.5;1511.75
9246;682413.49;4754148.71;1354.36
17438;682796.28;4755322.99;1537.43
33824;682975.33;4755327.75;1564.18
25635;683077.46;4755350.35;1951.42
9253;683439.34;4753934.74;1516.75
33832;681755.13;4755024.37;1333.4
17448;682909.9;4755307.84;1563.63
17449;683414.65;4755208.04;1564.95
33835;680736.53;4754494.76;1137.6
1070;682503.1;4754154.21;1378.6
25653;678539.95;4754364.64;703.97
25655;679184.57;4754275.58;797.17
33847;681432.12;4754112.57;1233.71
1080;683016.53;4755246.43;1529.61
17464;683343.29;4754124.23;1501.95
9275;680475.55;4754428.23;1067.5
25657;683810.04;4755549.54;1774.02
9279;682312.47;4754158.54;1345.38
1091;682896.6;4755322.54;1556.76
17482;681493.22;4754841.4;1281.29
9292;683511.46;4755252.75;1573.72
25679;682317.7;4755326.57;1475.6
33873;681125.45;4754050.26;1127.84
1106;683036.8;4755331.83;1583.56
9300;683598.93;4755217.17;1584.73
33880;681618.4;4754112.54;1238.7
33883;683477.1;4753968.91;1527.67
17501;681761.99;4754098.27;1275.37
17502;681774.96;4754110.19;1276.88
42078;683578.93;4755226.99;1583.92
33889;680788.08;4754635.21;1162.84
9313;683306.53;4755213.38;1550.68
25697;683679.31;4755488.57;1713.33
25701;683702.24;4755483.42;1731.06
9319;683747.19;4755538.95;1786.29
1128;683237.16;4754109.44;1478.35
9323;680866.0;4754666.73;1198.82
1134;682513.52;4754130.03;1380.47
42095;683375.39;4754001.22;1505.78
42096;681172.09;4754732.09;1283.01
9334;683015.94;4755308.43;1569.77
1142;682991.02;4754016.47;1441.78
9337;679963.71;4754191.6;962.28
25724;683796.99;4755557.52;1768.17
42111;681013.23;4754683.04;1213.24
9344;681582.26;4754873.65;1281.15
17537;680703.75;4754056.97;1079.95
33920;682175.28;4755194.21;1436.07
1155;683815.66;4755569.85;1828.66
25732;682980.53;4755319.25;1578.29
1158;683752.51;4755199.47;1618.58
42120;683557.72;4754249.62;1570.74
17546;680717.38;4754601.44;1173.54
33930;683537.22;4755248.68;1597.15
9357;680099.64;4754217.9;968.39
9358;683524.52;4755192.88;1604.03
25744;683278.39;4753971.27;1475.52
33937;683081.56;4755358.28;1978.48
42130;679955.75;4754323.59;947.72
25750;683251.33;4754111.72;1479.93
1174;683108.98;4755356.86;1768.85
9372;680195.1;4754176.75;994.96
17564;683300.4;4753974.13;1478.47
25758;683002.03;4755306.43;1568.25
9374;683298.27;4753977.85;1485.36
25760;683186.85;4754087.63;1465.05
17569;683624.89;4755251.23;1608.52
42146;683560.88;4755239.97;1585.29
42152;683058.04;4753992.26;1441.66
25770;682508.38;4754126.9;1383.21
25771;682920.46;4754093.27;1429.5
25773;683131.55;4753936.89;1448.32
9391;680165.25;4754181.75;995.4
42159;683004.42;4755243.35;1516.91
17588;683404.7;4755205.49;1562.72
25780;683345.03;4753871.07;1479.74
25784;683670.42;4755324.24;1664.11
17603;682832.14;4755326.93;1550.09
25795;683390.93;4754000.63;1514.32
17604;683900.35;4755594.28;1796.52
25801;683785.74;4755215.27;1631.26
42188;683088.09;4755351.63;1800.78
1231;682964.25;4755319.84;1564.71
34000;683123.77;4755230.17;1539.99
25816;682195.72;4754186.28;1348.7
1240;683820.86;4755551.91;1774.89
17634;680868.44;4754664.46;1187.82
17636;682142.1;4754199.35;1339.19
9446;680046.66;4754208.63;968.71
9447;679217.9;4754212.93;819.28
25831;683746.36;4755539.08;1793.8
42224;682930.77;4755410.75;1521.82
1272;678976.12;4754312.33;744.15
9464;681916.93;4755115.51;1375.49
9466;683002.44;4755338.84;1572.36
42234;683474.59;4755197.12;1605.51
42236;679863.01;4754227.11;947.7
25851;683366.89;4755203.65;1582.27
34044;683254.64;4753897.55;1475.0
1298;678217.92;4754500.21;708.22
17684;682910.47;4755307.87;1576.68
42262;678928.55;4754312.75;739.73
25879;680977.9;4754079.1;1103.5
17689;683047.19;4755348.52;1903.5
42266;683213.61;4753913.25;1459.95
1307;683549.64;4754130.81;1543.06
34077;683800.41;4755558.82;1770.05
17698;682930.57;4755368.51;1513.71
42279;680264.51;4754396.0;1051.72
1320;683637.33;4755228.66;1600.24
9513;682975.42;4755326.84;1570.01
42287;682607.7;4755319.43;1541.49
25908;683108.16;4753952.54;1446.32
1333;679388.36;4754218.57;880.61
25914;682229.42;4755310.39;1463.95
25915;683383.02;4753942.04;1482.17
17725;681945.94;4754135.3;1314.5
34111;683443.87;4753991.27;1519.05
42304;683424.71;4754004.68;1522.33
1344;683811.69;4755569.78;1818.11
17730;683237.75;4753915.64;1470.62
9547;681668.3;4754957.67;1298.59
1355;682391.29;4754126.69;1367.32
9550;682801.3;4755314.89;1537.16
25934;683133.65;4755320.0;1585.87
25936;682546.99;4754125.91;1392.16
9553;682134.63;4754203.81;1341.59
34130;680572.52;4754099.09;1069.56
42323;681659.35;4754942.63;1292.05
17746;681748.02;4754096.37;1275.89
34132;682509.15;4755379.33;1489.67
9558;681565.68;4754116.3;1236.17
34137;683215.87;4755211.66;1543.97
25946;678538.11;4754404.41;706.33
1373;680970.5;4754079.22;1103.2
34145;680365.43;4754432.26;1058.75
25957;682797.91;4755361.27;1509.51
9574;683262.92;4753910.15;1476.53
17777;683122.93;4755348.19;1594.77
17779;680694.36;4754579.14;1188.96
25973;682753.67;4754114.66;1421.18
34167;679174.95;4754277.74;796.97
17783;683086.59;4755234.07;1534.74
17787;680986.05;4754685.45;1215.28
34173;683449.22;4755206.88;1606.69
1410;683224.1;4755211.74;1544.66
1411;683052.57;4755305.35;1574.7
42372;680232.19;4754166.48;1003.02
25987;683740.64;4755521.95;1770.92
25992;683018.79;4755313.58;1585.29
17801;682130.86;4754215.43;1344.57
9610;681789.57;4754087.13;1296.71
34184;683684.46;4755214.31;1606.42
42381;683608.7;4755208.4;1585.49
34191;683081.14;4755310.79;1574.65
9616;682279.2;4755251.63;1459.1
9617;681180.69;4754054.96;1137.44
26002;681518.67;4754099.14;1235.94
42388;681835.15;4754115.53;1294.04
9620;683341.03;4755368.85;1571.67
26010;682941.79;4755307.62;1565.58
9630;680762.27;4754599.93;1156.03
1442;683638.44;4755327.55;1646.45
34211;682144.04;4754196.29;1336.12
34213;683038.33;4755248.19;1532.5
17829;683783.83;4755213.22;1628.45
34215;680486.83;4754139.36;1063.82
17834;680154.75;4754187.25;999.5
34226;683532.97;4755241.18;1595.69
9652;683307.45;4753978.83;1480.22
42427;680196.47;4754181.77;987.54
9659;681664.9;4754978.72;1307.71
34236;683549.05;4755262.38;1582.93
17856;683300.24;4753975.61;1479.05
34246;679278.46;4754231.15;840.25
17862;682929.16;4755309.92;1559.92
9672;680763.26;4754611.15;1155.6
17865;680820.4;4754676.82;1203.48
26062;683268.35;4753892.62;1476.94
9681;680436.1;4754438.68;1078.61
1493;682968.94;4755309.72;1568.1
26070;683578.28;4755232.58;1588.48
17880;682993.29;4755305.57;1576.74
26074;683020.96;4754040.2;1440.91
1499;683495.27;4753973.44;1532.07
9694;681909.43;4755117.19;1371.24
17900;683282.22;4755207.92;1547.78
34286;680490.09;4754145.71;1053.02
9710;682779.01;4755292.46;1506.2
26098;678254.8;4754485.62;704.77
34291;681149.91;4754692.39;1232.72
9716;680710.32;4754606.84;1190.09
1528;683239.7;4753941.61;1462.2
34297;682389.12;4754125.85;1369.11
1529;682992.32;4755307.25;1575.19
1538;678991.55;4754315.71;749.74
42500;680236.35;4754366.96;1030.93
9732;683742.32;4755543.59;1794.55
26119;683582.64;4755327.44;1624.56
42504;682562.11;4754121.85;1397.99
9737;682554.8;4754122.35;1394.8
9745;683568.52;4754107.09;1552.54
34326;679746.98;4754363.06;938.53
9752;680351.55;4754130.64;1022.45
26137;683516.54;4755196.11;1595.02
42522;680729.02;4754507.96;1137.74
26139;683769.65;4755571.91;1809.96
1564;683796.45;4755537.55;1755.6
1574;680660.62;4754507.2;1131.68
26151;683100.53;4753951.65;1446.09
34353;680275.83;4754163.27;995.82
34357;683120.35;4755347.55;1591.67
9786;682805.98;4755331.13;1541.19
26171;682788.9;4754122.19;1425.24
1600;681978.16;4755098.47;1376.99
17985;678774.15;4754345.39;726.21
26181;683106.3;4753945.64;1447.39
9799;683562.81;4755249.4;1599.98
17994;683836.2;4755559.83;1776.8
9804;680697.18;4754600.3;1185.7
1612;680513.71;4754147.57;1061.96
9805;681819.04;4754123.14;1283.64
26191;681430.27;4754107.92;1227.49
1617;682930.19;4755308.62;1563.47
18003;680466.96;4754123.33;1037.55
26197;680292.8;4754359.37;1012.5
42582;681088.29;4754053.82;1117.97
34389;683265.81;4753909.32;1478.69
18008;679755.36;4754347.22;938.88
18011;680458.46;4754419.36;1059.38
26203;683014.83;4755308.89;1569.56
26205;682589.62;4754122.73;1411.83
1630;683109.3;4755321.48;1582.03
26204;683310.96;4753877.24;1478.17
1632;683532.51;4755195.54;1618.76
26215;681419.91;4754111.18;1227.94
34409;681500.57;4754102.36;1232.17
18027;682805.1;4755325.69;1540.63
34411;683208.19;4755425.93;1564.54
18030;683630.47;4755540.87;1721.46
34416;679711.44;4754279.63;927.66
18035;679716.45;4754289.47;927.62
26229;680870.42;4754665.31;1192.29
26232;683371.95;4753892.6;1486.93
18042;682875.18;4755387.17;1517.53
26236;682929.69;4755312.94;1576.67
9853;680017.59;4754200.4;967.39
42624;681536.39;4754867.14;1276.44
9860;682540.58;4754120.69;1387.71
1669;683003.23;4754055.96;1437.55
18052;683493.53;4753974.35;1531.78
9863;683089.71;4755353.74;1763.55
1672;680114.16;4753919.88;1021.29
34440;683076.4;4755300.51;1577.26
26251;682311.24;4755323.43;1479.49
9868;683600.78;4755326.73;1631.82
18062;683395.18;4753912.39;1503.95
9871;683763.52;4755205.32;1619.61
18066;683115.7;4755359.55;1742.61
34452;682987.42;4755309.96;1581.02
1685;680953.28;4754693.58;1175.73
34453;681420.31;4754104.67;1226.13
42644;683057.01;4754057.99;1446.4
26261;682926.95;4755359.33;1513.2
18069;683302.87;4753977.16;1480.19
34458;683678.64;4755343.47;1670.46
1686;683550.51;4753945.64;1550.08
34467;683668.22;4755218.04;1603.65
9896;683048.79;4753980.87;1442.93
34472;683594.75;4754227.89;1569.31
18091;683319.71;4753984.87;1482.07
9902;680266.86;4754416.33;1056.71
18097;683471.34;4753967.71;1525.58
34483;683060.2;4753967.9;1444.52
9911;682918.35;4755458.45;1526.69
42682;683010.33;4754035.14;1441.29
34493;682932.44;4754082.44;1431.63
34496;683058.61;4755306.11;1574.6
42691;683477.2;4753968.19;1527.24
34503;683717.82;4755453.25;1710.21
18129;683746.45;4755533.89;1783.0
34516;683002.52;4754008.59;1441.85
1751;682755.07;4755296.18;1533.41
42711;683076.94;4755350.02;1886.67
1752;683762.5;4755540.66;1795.99
9947;683241.64;4753911.49;1470.34
1758;680270.57;4754382.08;1041.37
1760;683907.93;4755595.19;1800.54
18150;683601.0;4755235.5;1608.85
9959;681946.47;4754139.14;1315.14
26344;683626.42;4755245.68;1609.08
9961;683201.82;4753910.29;1449.08
42729;683743.24;4755511.38;1760.4
34543;683591.97;4755231.65;1590.16
1775;683748.03;4755531.24;1780.94
34546;683653.38;4755191.5;1591.5
42740;683527.14;4753958.85;1541.83
18167;682681.8;4755307.01;1507.58
18170;679933.36;4754101.83;979.98
18175;682575.64;4754129.31;1410.48
26367;683658.9;4755532.47;1724.97
26370;683384.85;4753944.56;1483.36
18181;682519.24;4754124.32;1389.53
26374;679199.83;4754226.13;815.24
34568;680995.17;4754079.53;1120.26
1800;683416.36;4753982.26;1515.92
1802;678531.22;4754395.62;711.33
9995;683007.63;4755307.57;1568.89
34573;681593.38;4754113.12;1238.17
9997;681924.62;4754130.68;1303.72
18193;683459.56;4753958.25;1520.09
42771;683053.4;4755349.71;1902.17
10005;679812.18;4754287.22;942.12
42776;680697.76;4754558.97;1155.34
42779;681453.8;4754838.04;1284.3
26397;683676.39;4755366.91;1674.15
10013;683414.82;4753978.67;1513.95
34591;678526.73;4754360.34;703.07
1828;681923.39;4754125.5;1304.14
1829;682813.51;4755309.36;1541.4
34599;680738.44;4754598.91;1142.32
1831;682684.42;4754127.75;1417.49
18217;683583.9;4755299.14;1600.81
42795;679330.4;4754219.61;860.55
34606;683707.63;4755318.56;1674.0
1840;680809.53;4754666.74;1188.84
10033;681159.79;4754720.19;1268.75
34610;681037.99;4754696.48;1230.04
18225;683446.0;4753995.54;1526.31
26420;680444.67;4754125.46;1040.79
18227;683505.56;4753967.03;1535.11
1847;683809.64;4755558.41;1770.96
1851;683384.24;4755204.08;1559.38
34619;683394.61;4753910.95;1503.51
10045;683084.23;4755330.4;1576.35
42820;682855.76;4755295.42;1507.91
10054;683099.41;4755331.47;1580.34
42822;683678.51;4755502.75;1726.96
34632;683071.42;4755350.19;1890.96
10057;682291.1;4755274.85;1460.06
1871;682622.48;4754119.81;1414.8
42834;682625.0;4754121.83;1415.44
34643;680753.98;4754599.64;1153.4
34644;683289.64;4753978.64;1476.3
34650;683772.71;4755584.22;1813.56
10082;680004.1;4754197.26;967.58
42850;680964.01;4754687.37;1215.82
1891;683561.18;4755321.0;1610.6
18277;680187.8;4754178.35;996.11
34662;681311.56;4754840.17;1290.65
34663;680633.19;4754053.25;1077.82
18278;683259.7;4753964.66;1468.1
10089;682525.69;4754134.15;1388.36
18284;680031.25;4754333.35;957.91
26485;683071.4;4755330.35;1573.32
18293;683282.98;4753870.62;1521.94
34679;680920.58;4754666.15;1176.21
1912;682257.89;4754165.09;1347.44
10102;683757.23;4755502.19;1759.01
10106;683042.44;4755333.47;1579.3
10107;683045.67;4755246.3;1527.93
34685;682587.67;4754123.65;1411.75
26498;683761.78;4755321.14;1689.91
26501;683167.42;4753918.95;1448.43
18315;683046.98;4755333.62;1582.31
10124;683192.19;4753922.41;1451.34
18317;682194.32;4754214.21;1348.24
42895;683593.41;4755234.42;1592.45
18321;682783.85;4754105.32;1422.15
42898;680265.39;4754163.02;995.44
10131;683036.5;4754050.92;1442.85
34707;683284.14;4753977.63;1479.26
34710;683047.19;4753997.23;1441.45
10143;683551.05;4754099.17;1543.22
1954;683767.49;4755494.49;1756.61
18340;682187.88;4755205.88;1440.55
42917;683491.55;4755190.99;1607.48
1956;683256.81;4753959.24;1467.08
10154;683758.17;4755540.52;1795.16
10159;683358.09;4753998.0;1500.54
18355;683292.01;4753909.53;1480.54
18357;683747.79;4755505.58;1760.61
10173;683524.02;4753960.58;1541.94
10185;683569.52;4754239.02;1568.88
18378;680708.22;4754577.72;1145.85
1995;680740.75;4754599.92;1152.4
26570;683403.02;4753917.64;1508.89
26573;683801.98;4755319.69;1705.52
10193;683092.27;4755352.82;1824.82
18389;683013.08;4755308.08;1570.18
42968;683774.28;4755485.7;1748.81
2009;682897.61;4754070.24;1439.7
10204;683396.47;4753970.51;1486.77
2014;682993.46;4755258.54;1534.54
2015;679964.11;4754194.12;965.03
10208;679326.78;4754219.76;859.65
42978;681367.25;4754137.49;1211.04
42979;682570.32;4754126.26;1407.45
10212;681636.71;4754929.0;1281.04
42981;679741.25;4754269.09;930.27
2022;681378.36;4754115.34;1211.42
34789;682992.22;4755335.86;1571.76
18402;683806.51;4755564.66;1771.38
10220;682801.64;4755302.34;1549.02
26605;680718.93;4754613.37;1190.62
18413;683228.71;4753935.99;1458.88
34801;683081.0;4755361.0;1978.04
42995;683748.78;4755538.13;1790.5
2038;683755.84;4755556.66;1801.09
26617;682907.11;4755307.95;1576.04
2042;683760.98;4755499.69;1758.43
43002;682770.68;4755322.09;1542.63
34813;682782.0;4755316.71;1542.06
2049;682862.62;4755348.88;1552.1
43012;683359.32;4753881.5;1480.98
26628;683496.47;4753974.05;1532.5
26630;682953.43;4755313.33;1561.67
2055;683744.59;4755525.66;1776.41
34825;680905.93;4754055.05;1100.73
43017;682618.25;4755310.22;1541.71
34827;682474.01;4754166.42;1367.62
34826;683100.48;4755332.81;1587.37
43020;683205.38;4755427.08;1564.77
10250;683289.57;4753879.72;1487.56
34831;682924.0;4754078.3;1436.87
26633;683676.13;4755206.72;1599.73
2073;679785.59;4754381.55;944.2
10266;682973.26;4755308.94;1568.24
10267;680678.73;4754054.51;1078.19
26653;680871.98;4754039.96;1095.65
2077;683370.04;4754001.44;1503.5
2083;680489.5;4754445.75;1079.76
18468;682449.26;4755351.29;1486.56
26660;683547.57;4754198.12;1561.95
43047;683228.36;4753935.53;1457.46
10290;681841.27;4755106.05;1370.87
2102;679495.24;4754226.03;917.16
43069;683210.35;4755412.13;1564.33
18495;679736.04;4754312.8;930.41
2113;679933.03;4754131.37;970.78
26689;682548.86;4754127.15;1392.65
2115;682379.19;4755329.24;1488.25
2120;683759.93;4755199.77;1615.47
2122;680761.44;4754050.74;1088.32
10319;683058.52;4755334.51;1578.6
2127;683626.56;4755319.61;1635.17
18514;682977.48;4755306.65;1568.55
43090;683253.3;4753940.61;1463.09
2132;683411.28;4753977.71;1511.52
10325;681749.34;4755008.24;1328.55
10330;681118.11;4754071.98;1140.67
2141;683713.34;4755405.97;1696.69
43102;683001.91;4755247.07;1515.68
26722;681116.76;4754049.32;1123.87
43107;682801.62;4755311.72;1537.17
26725;683034.76;4755250.65;1531.48
26727;679065.3;4754316.31;783.35
43113;678571.38;4754394.58;706.33
26730;682415.73;4754150.06;1354.49
10348;680331.82;4754399.44;1053.3
43117;682624.03;4755314.53;1535.54
26738;683061.91;4755338.81;1577.44
10359;682850.83;4755354.3;1551.4
26743;683745.59;4755508.01;1760.51
2171;683674.99;4755505.82;1726.57
18558;682981.85;4755316.72;1581.14
43135;683242.01;4753917.73;1471.44
26756;681574.86;4754115.54;1237.49
43140;682878.78;4754095.08;1425.76
26763;680422.31;4754130.15;1041.59
2189;683075.96;4755374.41;1535.86
43150;683112.67;4755356.8;1761.52
34957;683615.57;4755327.03;1635.55
10387;683542.11;4753953.09;1548.86
18580;683809.26;4755217.79;1648.41
10393;683741.45;4755324.58;1687.19
10398;680284.94;4754360.23;1011.35
10399;681115.9;4754669.77;1221.66
2218;680352.41;4754427.64;1065.5
34987;682601.06;4754126.77;1413.4
43180;682888.03;4755340.09;1554.42
43181;680722.35;4754612.64;1144.82
34988;683452.77;4755198.92;1582.52
26802;683077.37;4755329.05;1574.33
10418;683225.04;4755405.88;1563.47
26805;683350.12;4753994.56;1496.26
10423;683283.27;4753903.47;1478.99
18619;680165.72;4754192.41;980.63
10430;682264.4;4755313.53;1468.04
43199;682849.79;4755401.27;1509.69
18624;682846.14;4755336.11;1550.82
10441;683811.1;4755561.36;1770.63
35018;680304.86;4754419.47;1084.43
10442;683513.0;4754101.85;1533.54
26828;681411.87;4754841.7;1289.68
26826;683437.83;4755294.99;1569.98
43217;678807.64;4754335.25;732.04
35025;679896.43;4754181.88;954.63
43224;681346.3;4754853.66;1289.39
18651;683539.19;4753955.06;1540.92
10462;679988.62;4754189.63;966.92
43233;683289.54;4753895.55;1479.83
35043;683543.08;4755249.11;1597.67
10469;682141.51;4754191.22;1336.19
10471;682996.02;4754011.23;1442.41
10478;683235.91;4753940.08;1461.07
43247;683217.3;4755452.36;1568.86
26864;682705.13;4754116.26;1418.38
18676;683546.22;4753950.94;1549.65
26870;679249.33;4754202.72;819.39
2297;679783.56;4754263.17;946.01
2300;678750.77;4754342.73;716.37
26881;681601.09;4754880.39;1282.33
35075;683679.44;4755215.21;1605.59
26886;680305.16;4754392.24;1046.06
26887;683024.28;4754050.48;1440.42
10504;683228.47;4753918.54;1462.27
43274;680793.53;4754662.74;1190.22
2314;682996.42;4755303.99;1568.63
18700;679745.14;4754328.13;934.1
26897;680542.32;4754122.22;1067.47
2322;683375.56;4755200.99;1556.73
10522;680874.44;4754664.39;1198.49
10526;682707.88;4755290.61;1535.15
26911;683702.78;4755379.66;1691.11
2336;682216.42;4754183.17;1340.36
26915;682021.49;4754178.74;1324.3
35112;683906.52;4755600.03;1808.75
26921;683706.72;4755313.16;1672.42
43308;679888.74;4754219.8;949.23
10540;683229.22;4755401.49;1561.28
26928;683439.71;4754013.0;1526.92
10545;683066.46;4755336.48;1575.79
26929;683546.94;4755235.1;1595.43
10548;683087.02;4755312.87;1574.72
35125;683449.67;4753996.38;1526.77
43318;682913.7;4755309.33;1557.02
2359;683840.02;4755561.98;1775.8
26937;683211.89;4754112.59;1472.69
2363;680612.0;4754072.06;1071.51
26943;681890.39;4754107.12;1305.01
10560;680935.99;4754061.27;1097.06
18753;680807.09;4754035.13;1093.64
43327;683743.48;4755477.44;1741.34
2367;683113.94;4755320.97;1583.46
35140;683124.52;4755321.06;1586.21
35141;683370.36;4753893.63;1486.2
35142;683676.97;4755380.3;1681.96
35145;679712.59;4754286.95;927.58
10571;683237.33;4753915.57;1464.69
10573;683389.73;4754103.37;1512.09
26966;681128.55;4754669.87;1223.62
43353;680316.6;4754166.22;997.65
2396;682928.06;4754081.29;1431.84
18786;682623.69;4755318.13;1535.11
10595;680725.07;4754597.88;1184.82
26983;683592.2;4755304.87;1611.78
10604;683206.88;4755420.08;1564.56
2419;682219.48;4755310.68;1464.33
10613;682957.77;4755317.69;1563.69
10620;681490.64;4754101.96;1240.48
2431;680035.22;4754345.96;951.86
10628;681374.67;4754115.47;1206.15
43397;680398.15;4754436.52;1063.85
10629;682317.24;4755323.73;1472.27
2439;682376.14;4755328.58;1488.76
43403;683314.91;4753876.59;1478.35
2445;682975.51;4755331.34;1570.16
27022;679186.11;4754275.05;796.94
2453;683905.15;4755593.64;1805.82
43417;682329.13;4755328.49;1482.99
35232;683273.34;4755208.52;1549.28
43424;683225.96;4754119.16;1476.34
18868;679959.87;4754014.76;1022.65
43444;683252.83;4753936.3;1461.97
18871;681152.7;4754062.12;1145.92
18873;683151.29;4754067.83;1457.09
35257;683420.96;4754100.07;1519.67
27067;683750.69;4755504.7;1760.19
10684;680133.65;4754355.27;984.1
27069;683613.26;4755233.87;1593.82
35262;683054.43;4755349.49;1902.08
10687;683570.09;4755248.91;1594.17
27073;679761.85;4754388.15;939.55
10690;680343.36;4754403.74;1064.31
27075;683515.63;4755247.36;1576.87
35265;683554.01;4755247.38;1597.82
18887;683321.67;4755372.58;1569.0
2505;680875.87;4754663.51;1191.52
43469;683496.81;4755260.3;1572.89
2510;682388.15;4754139.89;1353.55
43470;682452.27;4755348.46;1486.52
10705;682771.24;4755290.54;1504.64
35285;679997.62;4754197.46;967.13
10710;680360.79;4754112.16;1015.81
18902;681132.19;4754051.51;1129.6
43481;683171.87;4755313.33;1593.77
2524;681432.47;4754116.13;1245.07
27103;681397.11;4754109.57;1214.73
27104;678527.18;4754379.49;707.46
43490;683367.67;4755346.51;1571.29
2532;680768.01;4754650.91;1165.56
10725;683662.13;4755511.02;1714.26
35303;681841.25;4754117.25;1298.27
18919;682832.77;4755306.21;1557.37
27117;683221.64;4753918.03;1459.05
10736;681763.37;4755067.67;1355.4
43507;681541.33;4754101.94;1230.54
2549;679901.77;4754149.58;964.7
10744;681245.74;4754042.38;1154.17
18937;681474.78;4754850.1;1276.03
43517;683426.43;4755210.14;1591.11
27137;683155.82;4755316.91;1591.24
43522;679750.43;4754344.68;938.24
18946;680515.71;4754479.93;1096.47
10756;683506.51;4753967.42;1534.93
2570;683223.08;4753936.34;1458.74
2571;680160.79;4754354.36;993.49
18956;682074.46;4754181.99;1334.23
35340;683567.84;4755228.75;1580.64
2576;681509.8;4754106.12;1232.27
2581;680032.37;4754198.98;968.2
2583;683586.24;4755328.78;1625.91
35355;682452.94;4755342.66;1484.27
18971;683146.84;4755383.76;1552.34
35357;683288.3;4754113.1;1488.04
27170;682293.51;4755319.98;1479.31
27175;681021.03;4754073.82;1116.41
27180;682969.73;4755331.1;1569.29
43565;680909.02;4754689.68;1194.99
18992;680667.96;4754564.16;1138.95
43569;682196.06;4755205.71;1442.36
2609;682522.15;4754136.01;1377.1
2612;680943.15;4754691.59;1215.58
27188;682907.17;4754075.08;1439.17
2616;683101.71;4755317.86;1576.34
27194;680923.62;4754678.9;1207.23
27200;682434.4;4755343.29;1480.49
10818;680723.68;4754617.35;1192.37
43586;682890.14;4755355.42;1511.48
43588;680836.43;4754663.16;1191.71
27205;683070.93;4754054.57;1447.95
10823;683749.82;4755533.05;1784.51
27208;680520.74;4754146.02;1062.12
43593;682028.25;4754182.76;1326.26
43594;683105.79;4754060.73;1454.11
10829;678540.52;4754372.33;703.97
35405;681819.11;4755100.01;1364.89
2639;683354.12;4755350.03;1571.61
19027;678787.16;4754337.28;730.49
2644;682801.86;4755354.42;1508.57
2651;682627.42;4755298.71;1539.95
27228;682627.52;4755308.53;1536.86
43613;683018.16;4755247.45;1522.47
27230;683209.64;4755436.59;1565.67
43616;680922.43;4754674.69;1176.0
19042;679916.98;4754153.27;971.19
27237;683205.27;4753924.27;1450.85
35432;679946.47;4754193.06;955.86
35439;683661.74;4755332.1;1665.73
35442;678169.09;4754491.33;694.94
10867;683395.31;4754001.57;1515.4
43636;683652.91;4755515.92;1713.89
43639;681306.78;4754838.32;1293.85
10876;683209.71;4753925.53;1453.22
27266;683276.58;4753868.99;1557.48
43651;678699.7;4754352.64;716.36
2692;683699.62;4755484.06;1730.92
27269;680329.66;4754393.8;1041.85
27273;680122.67;4754201.57;996.55
2699;683099.27;4755362.56;1848.41
10893;682835.2;4755307.3;1559.45
35469;683805.15;4755217.57;1654.71
43664;683005.61;4754061.52;1443.25
2707;683002.71;4755297.64;1580.03
10900;681539.18;4754102.04;1230.85
10906;682267.32;4755239.77;1456.17
43683;682289.29;4755282.36;1465.08
27300;680717.33;4754608.12;1182.07
10919;680836.37;4754668.41;1215.66
27304;682968.53;4755329.17;1567.56
35502;683792.19;4755547.19;1758.98
27311;683040.44;4755307.84;1573.79
2739;683149.9;4755317.19;1590.51
43702;683465.63;4753965.0;1526.18
43704;683412.31;4754116.99;1523.0
19132;683801.9;4755568.25;1770.25
27326;683056.65;4755343.95;1930.89
10943;682785.34;4755326.5;1554.2
35519;683370.08;4753909.22;1481.1
27329;681770.95;4754109.89;1276.17
35526;682860.07;4755396.6;1515.24
27337;680735.37;4754052.65;1091.99
35531;680814.89;4754671.04;1215.41
19149;683310.95;4755380.54;1567.95
35534;683081.11;4755361.33;1978.13
19153;680883.56;4754670.25;1200.75
19155;683590.22;4755329.37;1628.76
27348;683252.02;4753915.08;1474.91
19158;683082.61;4754049.52;1447.65
35549;679476.38;4754208.47;921.38
2781;682864.65;4755366.97;1509.16
19169;679451.65;4754204.53;912.81
2785;681435.37;4754849.82;1277.61
35557;682595.92;4755324.94;1531.73
19175;683809.51;4755325.82;1713.24
10986;681699.65;4754127.27;1268.57
43756;680114.9;4753929.81;1020.07
2801;682807.45;4755361.01;1511.11
10994;683420.73;4753931.74;1507.99
19187;683260.49;4755212.42;1549.85
43766;679351.45;4754219.15;859.88
35578;683333.24;4755199.77;1553.45
2811;682200.49;4754173.76;1348.53
35580;679747.08;4754343.97;938.27
11007;683554.19;4755277.37;1601.91
19205;683090.07;4755352.95;1801.49
11014;680679.44;4754563.33;1139.04
27398;682580.81;4754125.8;1411.31
43783;683427.22;4753929.86;1514.04
43786;680893.96;4754047.88;1096.58
11020;682311.14;4755322.85;1478.98
35597;681668.78;4754976.38;1307.41
43789;683087.73;4755350.13;1881.92
2834;683633.84;4755228.48;1597.59
19219;683399.16;4754106.58;1514.33
27414;681596.96;4754112.28;1237.8
35606;683255.56;4755395.02;1563.08
19225;682423.71;4755341.42;1479.7
11034;682908.69;4755345.02;1514.0
19227;680775.48;4754659.27;1166.23
35611;682128.86;4754193.43;1334.63
2847;679409.9;4754210.49;892.64
43807;681711.47;4754124.77;1255.48
11041;680915.19;4754673.01;1202.03
11042;683527.16;4753959.52;1542.52
2857;683401.73;4753916.43;1508.41
27436;678273.53;4754466.21;715.3
43820;680304.03;4754167.75;997.56
2862;682321.86;4755328.5;1477.49
35632;682805.67;4755301.45;1552.17
27442;683693.29;4755331.09;1672.92
2876;683532.48;4755196.87;1619.14
35644;683572.4;4755323.65;1614.31
43846;683627.17;4755324.0;1636.73
11079;683089.44;4755351.31;1824.62
2888;683750.84;4755546.47;1771.02
43848;679938.1;4754162.4;975.28
2889;683689.16;4755427.91;1701.79
19271;683396.54;4754001.27;1516.22
35659;683271.89;4753870.35;1569.78
43852;678518.57;4754384.96;713.26
11088;680703.55;4754595.76;1176.87
11091;683629.8;4755536.58;1717.76
27479;680729.27;4754603.09;1139.95
2909;683090.0;4755354.62;1741.42
35682;681202.07;4754788.57;1322.48
2915;682419.17;4754150.97;1353.85
11111;683295.23;4755387.54;1565.35
2920;683369.31;4755199.86;1556.0
11116;683285.97;4753877.87;1489.86
27501;683664.84;4755506.82;1711.78
19314;680039.58;4754331.1;968.52
2933;679934.37;4754305.61;946.28
43893;680661.95;4754564.53;1134.84
19321;683206.36;4755410.9;1564.3
43900;682785.27;4755335.63;1552.0
2940;683671.18;4755530.66;1728.5
27523;679730.54;4754307.88;927.9
35716;682785.6;4755320.81;1537.6
11143;683022.57;4755314.7;1587.6
27529;680699.65;4754581.57;1145.03
27531;680558.86;4754116.94;1069.0
35724;678522.66;4754360.93;701.24
35725;683267.87;4753965.97;1467.37
43918;681535.66;4754099.55;1234.1
11152;679803.75;4754252.77;950.25
2960;682969.37;4755263.16;1527.25
27537;683503.7;4753971.98;1533.11
35734;680339.77;4754122.37;1020.45
43930;683018.06;4755308.43;1571.01
19356;680039.91;4754357.13;953.17
11165;682336.52;4755324.1;1491.79
11166;678534.48;4754389.14;703.92
27549;683005.51;4754033.03;1443.35
19359;683125.62;4755360.26;1582.78
35750;682864.62;4754095.23;1428.04
19368;683435.63;4754005.58;1532.2
27561;683444.68;4753936.09;1516.0
11179;683010.2;4754054.85;1438.34
27565;683765.85;4755199.68;1617.63
2995;683118.41;4755360.16;1728.24
2999;683063.13;4755332.15;1573.81
19383;683710.19;4755516.31;1734.13
3001;683607.68;4754227.38;1568.76
35771;680545.85;4754487.53;1103.54
3004;683575.94;4755323.79;1615.69
35773;683446.4;4753943.67;1515.77
35776;680775.86;4754641.48;1167.3
11201;683081.13;4755233.37;1533.91
43970;682733.9;4754115.42;1418.84
3020;683154.45;4753919.65;1448.35
35789;683121.99;4755348.59;1594.86
43982;682279.72;4754172.65;1343.8
43984;681448.36;4754107.99;1245.83
43989;683667.67;4755374.98;1675.29
43991;679918.72;4754148.57;970.59
27614;682030.4;4755112.01;1389.55
44000;682782.7;4755325.97;1551.38
27616;683772.65;4755488.4;1748.93
3045;681204.94;4754771.74;1319.47
19437;680784.26;4754662.68;1185.17
19438;681992.45;4754149.5;1315.33
27631;683560.24;4754102.07;1549.65
19442;683043.23;4753965.49;1444.05
35827;682786.55;4754118.34;1421.97
27640;683073.96;4755306.24;1574.23
3065;680855.76;4754030.28;1095.98
44033;683242.53;4753895.62;1473.37
35845;683174.01;4755314.03;1594.35
19462;681156.17;4754048.74;1136.47
3080;683357.18;4753997.95;1499.93
19467;683529.45;4755194.22;1622.62
35859;680839.31;4754675.38;1203.15
44053;680419.32;4754133.79;1041.83
35864;682446.81;4755341.85;1485.01
35867;680063.37;4754341.56;974.21
11291;680216.52;4754168.38;1005.37
11294;682268.7;4754163.31;1349.59
27678;683289.49;4755210.76;1547.4
27682;680695.81;4754583.45;1190.89
35879;682729.61;4755286.26;1536.92
3115;680078.95;4754214.16;970.27
44076;679186.0;4754270.12;803.98
19501;682690.27;4755306.42;1520.54
11311;683285.12;4753889.41;1479.37
44080;683431.29;4754007.59;1527.43
11314;683089.71;4755353.83;1778.38
35892;680342.98;4754406.92;1067.57
44088;680075.29;4754216.32;969.67
35897;680693.53;4754587.19;1190.63
27704;682559.35;4754120.25;1395.11
19517;682278.44;4754163.08;1348.14
11326;682305.51;4754159.08;1345.27
35907;682878.35;4755389.48;1509.49
3140;683206.81;4755212.65;1544.26
27717;682381.49;4754145.84;1350.82
19528;682145.56;4755185.97;1436.4
11336;682862.45;4755393.15;1515.83
35914;683788.15;4755217.69;1638.72
19534;682954.86;4755315.13;1563.37
11342;683039.75;4755332.94;1580.61
27731;683430.67;4755203.01;1565.76
19541;682298.13;4755317.63;1478.94
3161;679741.57;4754369.03;938.22
35931;680772.11;4754622.8;1159.82
44124;682292.81;4755275.1;1463.59
11361;683412.93;4755206.49;1563.82
3170;681916.02;4754120.84;1309.19
27754;680089.8;4754349.22;968.01
44140;678128.13;4754389.72;660.22
35948;682566.46;4754125.26;1407.87
11375;683098.42;4755232.24;1536.7
44145;683335.1;4753875.61;1478.74
19570;682905.83;4754073.99;1439.58
19571;682173.32;4754204.53;1342.15
44151;683799.68;4755570.88;1771.87
44154;683741.57;4755478.88;1742.43
3198;683276.23;4755210.02;1550.61
19584;682470.99;4755361.89;1499.43
11394;683166.7;4755389.14;1553.53
27779;680284.5;4754167.19;995.3
35971;683724.84;4755444.52;1707.63
35973;679214.53;4754216.98;820.65
44166;681113.42;4754068.1;1136.55
3208;678535.85;4754363.09;703.23
27786;683709.08;4755394.63;1696.16
35978;683467.5;4753966.71;1526.74
27792;682981.9;4755318.37;1580.44
35994;683122.57;4755320.9;1586.84
3228;680907.32;4754678.59;1220.67
11421;683437.49;4755200.08;1570.22
27806;683507.15;4755194.35;1594.71
27808;682857.58;4755306.59;1560.92
19616;683389.58;4753907.84;1503.64
3235;680768.42;4754612.1;1191.13
36005;683481.64;4755185.29;1597.42
44199;682392.14;4755337.86;1478.87
44200;679762.33;4754385.91;940.43
3243;682894.47;4755302.36;1562.33
36012;680412.64;4754135.46;1031.88
27820;682795.1;4755333.48;1547.48
3247;683540.92;4755235.51;1595.89
11441;683419.19;4754136.74;1546.33
27827;680926.15;4754057.37;1096.5
27829;679017.85;4754316.81;760.97
19638;683180.46;4755314.21;1595.01
3255;683692.05;4755488.78;1729.9
44218;683629.47;4755240.7;1604.05
27835;679937.49;4754106.83;978.9
11451;682279.85;4755258.5;1458.84
44219;682769.05;4755289.37;1503.84
19644;683290.78;4753900.49;1480.15
19649;683565.15;4755236.57;1599.31
3266;681780.26;4755109.92;1365.65
19650;682772.23;4755315.4;1536.58
36036;678162.58;4754488.04;695.2
27843;682599.55;4755327.64;1527.39
11464;683195.65;4755215.51;1542.93
44234;681863.58;4754120.47;1302.29
19665;681746.21;4754093.79;1274.37
19667;679790.03;4754373.37;944.93
3283;680718.48;4754616.11;1192.78
44249;679943.13;4754125.44;974.11
36058;683583.27;4754240.07;1569.75
11482;683481.18;4753971.48;1528.31
27877;683284.57;4753886.91;1480.03
36071;683379.85;4753899.54;1502.14
11501;680545.63;4754115.94;1068.19
11502;683097.37;4755315.89;1577.78
11503;683073.73;4755309.6;1574.22
36085;680267.21;4754359.36;1018.74
44282;683623.57;4755327.07;1641.46
19710;680421.92;4754439.57;1076.18
44292;682823.41;4755326.67;1546.7
3344;680255.68;4754380.57;1035.56
19728;683160.7;4755316.04;1592.15
27924;683301.96;4753887.88;1476.91
3350;678188.9;4754491.94;701.57
3353;679875.89;4754228.32;946.71
27938;683075.21;4753961.52;1446.5
36132;683279.04;4753869.45;1535.71
11558;678528.19;4754363.59;705.04
19750;680957.67;4754080.41;1117.22
19752;683604.78;4755303.17;1614.08
27947;680786.22;4754617.2;1194.12
11564;681008.04;4754691.32;1191.66
11563;683744.63;4755493.37;1742.82
11566;680733.94;4754600.65;1184.86
11579;679740.55;4754337.55;938.18
27965;680134.49;4754200.37;972.86
11581;682599.53;4755327.79;1525.05
36158;683766.95;4755542.55;1797.97
27972;680259.75;4754161.08;999.96
19780;682828.76;4755304.04;1553.44
11588;683009.34;4755311.3;1584.39
27975;683106.54;4755333.95;1591.15
36168;680210.66;4754176.51;988.57
19785;681033.64;4754073.51;1118.32
19783;683508.19;4753957.84;1541.12
27980;682626.49;4755302.42;1538.66
36174;683431.75;4754010.59;1525.62
36178;679303.97;4754224.85;852.58
11604;683428.82;4754008.56;1524.26
19797;683090.48;4755352.65;1787.36
27990;679931.12;4754121.59;972.34
3413;683673.16;4755506.49;1727.14
27992;683087.44;4754059.02;1455.61
27995;683795.77;4755321.48;1701.36
11614;682081.21;4755150.18;1430.38
19806;683103.67;4755363.36;1824.17
44384;681443.81;4754848.97;1277.47
3426;680468.34;4754409.23;1057.19
19810;683775.55;4755483.56;1748.15
19812;682972.69;4755317.81;1576.86
28006;683202.51;4755418.46;1564.26
19826;683059.54;4753994.72;1442.0
44403;683624.8;4755249.53;1605.7
44406;678145.11;4754438.1;662.19
19831;682864.14;4755305.39;1561.16
36214;683222.89;4753920.43;1459.77
3449;683402.46;4755309.63;1569.09
19832;683066.07;4755352.64;1897.07
36222;683127.48;4755321.03;1586.09
44416;683795.96;4755558.12;1767.57
36225;683064.18;4755307.11;1574.42
36227;681445.09;4754114.2;1246.24
44420;680841.72;4754025.04;1098.47
3462;678091.33;4754270.11;657.21
36234;681506.28;4754849.43;1281.96
36235;680496.89;4754466.84;1087.63
3469;678485.35;4754390.72;708.18
11665;683125.18;4755356.33;1652.17
11669;683266.79;4753964.38;1468.15
3477;683531.45;4753959.07;1544.17
19864;683603.52;4755235.46;1608.18
3481;682132.14;4754192.02;1335.38
44442;683806.66;4755534.23;1756.82
19868;679822.03;4754215.57;961.54
11682;680781.96;4754625.45;1160.03
28066;681450.21;4754839.67;1283.01
3492;683097.68;4755329.72;1586.28
3490;683804.83;4755561.73;1772.15
28074;682144.7;4754211.39;1342.69
11691;678257.51;4754492.33;697.81
11692;683245.05;4753941.35;1462.93
3501;680833.3;4754668.97;1197.16
11690;683570.63;4755232.19;1585.2
19891;682975.97;4754076.99;1434.21
28083;683291.51;4753909.51;1480.55
28089;680184.54;4754178.48;997.28
36281;683542.82;4753951.41;1548.37
3521;682991.55;4755258.91;1515.41
19905;682800.95;4754118.48;1422.07
11719;683310.45;4753982.16;1481.01
19913;680765.61;4754612.64;1190.82
19914;683468.82;4755277.32;1572.42
36300;683165.05;4755316.8;1593.48
44494;683724.42;4755448.77;1709.14
19919;681711.97;4754118.51;1262.1
11728;683537.26;4755194.21;1624.57
36305;683362.89;4753892.28;1482.08
3538;683555.9;4754139.44;1545.56
44499;682643.67;4755288.08;1538.64
11732;683130.68;4755320.42;1586.52
44500;683694.47;4755422.61;1698.51
44502;679902.54;4754151.69;961.46
19927;679941.4;4754190.73;958.85
44507;682640.78;4754121.66;1415.38
3549;679821.76;4754290.68;942.58
28126;680699.4;4754596.57;1183.6
28127;683175.98;4754087.87;1462.4
19943;682902.96;4755313.74;1557.3
28138;683268.61;4753906.92;1474.57
44523;682899.65;4755328.55;1556.82
44526;683653.12;4755218.76;1601.27
19951;682713.94;4755303.98;1507.18
44529;683746.69;4755530.69;1780.69
44533;683264.77;4753910.37;1476.75
11765;683291.47;4753928.37;1483.33
11767;683569.24;4755244.65;1592.45
19960;683426.43;4753986.1;1518.04
28153;683426.44;4753986.04;1518.35
44538;682971.1;4755326.83;1567.35
28155;679185.41;4754269.75;810.42
19966;682285.97;4755269.88;1459.51
11774;682884.38;4755405.64;1518.68
36358;683028.88;4755330.34;1581.79
19974;683663.16;4755201.12;1595.88
3594;683445.55;4754098.45;1523.14
28171;683538.62;4753954.4;1540.58
44557;683070.95;4755305.98;1573.85
11790;682783.36;4754126.82;1425.11
36369;682934.59;4755309.2;1562.47
19987;683416.47;4754005.26;1518.64
3610;681476.06;4754844.37;1280.43
19997;679823.59;4754362.53;948.42
11807;683698.23;4755470.47;1712.01
20001;682599.14;4755332.09;1520.58
3617;683211.91;4755437.58;1566.04
44581;680262.43;4754166.95;993.24
3622;682515.49;4754138.71;1378.3
3621;683364.2;4755200.63;1574.02
3623;682856.15;4755399.49;1512.12
36393;683377.91;4755203.22;1581.89
36390;683422.52;4753926.39;1508.63
28206;679321.59;4754222.88;857.5
36399;682542.85;4755367.29;1497.36
11823;682953.08;4754085.52;1433.96
44601;682955.14;4755272.93;1514.93
36413;682368.74;4755321.17;1485.89
11839;683836.8;4755556.33;1775.34
28224;680772.69;4754658.39;1198.26
44609;683090.49;4755355.55;1869.15
3655;683388.42;4753998.24;1514.77
36426;681050.17;4754071.0;1108.47
3660;682800.4;4755322.04;1536.91
28238;682393.4;4754127.06;1364.68
11856;679284.43;4754236.54;842.33
28240;682846.74;4755347.89;1550.55
36434;679465.47;4754204.84;916.86
20052;680962.76;4754082.43;1120.19
3671;683743.14;4755526.04;1775.79
44634;683089.79;4753953.33;1448.76
36445;680770.34;4754626.38;1163.99
11872;683110.38;4755323.06;1582.94
36450;683412.31;4755208.76;1588.4
36456;683532.24;4755212.2;1596.63
11888;683063.57;4755350.65;1896.76
3699;683759.97;4755501.63;1758.54
11892;683749.22;4755493.04;1744.15
28277;681037.7;4754689.19;1212.67
36470;683147.29;4755384.19;1552.63
44662;683800.25;4755209.67;1634.68
3704;683407.4;4753976.43;1508.62
44673;683813.46;4755561.94;1770.28
36483;680593.64;4754535.55;1107.0
3717;683232.36;4753935.78;1459.4
3718;679970.79;4753996.67;1019.52
44681;681196.56;4754054.07;1138.91
20108;683754.71;4755564.93;1803.97
36493;682022.05;4754173.9;1322.77
44690;680484.31;4754134.9;1066.95
20115;682906.81;4754075.43;1438.61
20114;683403.62;4754002.0;1516.19
36503;683014.26;4754005.81;1441.61
44698;682226.13;4755280.49;1460.59
28318;683199.26;4753924.27;1452.06
44705;682798.96;4755318.44;1537.21
11937;683015.62;4755312.57;1584.42
28323;679744.9;4754319.08;930.77
20131;681458.83;4754104.74;1246.04
20136;681763.11;4755021.0;1331.14
44713;678259.97;4754493.15;697.4
36525;681645.21;4755003.92;1321.16
20141;681433.19;4754113.11;1236.9
3758;682962.03;4755315.71;1577.84
20142;683196.17;4753913.69;1450.07
3765;683797.86;4755216.16;1649.39
36534;683630.81;4755234.91;1600.77
36535;680405.35;4754434.14;1065.76
28345;683566.21;4755295.33;1602.55
20154;680258.7;4754166.92;994.97
3770;682627.12;4755327.6;1503.59
3773;679944.05;4754194.14;954.51
11968;682949.86;4755307.54;1565.4
36545;683765.5;4755485.24;1745.55
3785;683083.43;4755349.8;1880.56
28363;681003.3;4754682.78;1216.76
11979;682814.5;4755296.37;1506.45
44749;683377.55;4753924.63;1482.91
36561;681139.26;4754050.27;1129.37
11990;680053.9;4753946.47;1019.38
11993;681341.15;4754079.97;1187.99
11994;680712.06;4754622.07;1196.85
44764;681664.4;4755002.69;1321.1
28381;682973.9;4755321.92;1565.1
3807;679232.57;4754213.17;818.84
44774;682297.05;4754160.27;1345.73
36584;682941.58;4755396.51;1515.72
28394;682799.21;4755326.52;1562.54
20202;683681.36;4755356.88;1673.17
3818;683829.33;4755326.92;1712.76
44783;679975.3;4754183.53;967.34
3828;682280.94;4755283.91;1464.91
12021;683303.35;4753879.33;1479.31
12022;683729.81;4755485.49;1737.8
28412;683196.79;4753921.25;1453.23
20220;683275.28;4753868.4;1555.25
44799;681053.93;4754664.92;1201.87
28416;683410.16;4754114.09;1520.9
28415;683468.25;4753966.39;1526.85
3842;681407.68;4754841.76;1289.12
28421;683383.17;4755312.92;1565.8
36614;682828.49;4754110.8;1423.51
28426;682979.96;4755312.72;1581.39
28428;683105.09;4755322.53;1577.39
12045;682001.75;4754170.17;1322.54
28430;680234.98;4754163.99;1002.87
36623;680343.42;4754405.77;1065.04
12046;683109.46;4755228.06;1537.96
20245;682902.13;4755304.53;1576.25
12057;680064.36;4754339.65;973.77
28446;682994.36;4755305.67;1579.66
12064;681761.16;4754119.67;1267.2
20256;682250.8;4755225.28;1449.02
28456;681377.45;4754114.45;1207.33
44842;683000.25;4755304.69;1568.55
12076;683533.72;4755194.57;1622.87
12078;683092.34;4755352.43;1754.47
44846;683660.83;4755217.25;1601.73
44847;683757.59;4755548.17;1767.75
12084;683167.71;4755225.01;1547.35
36662;682658.46;4754129.23;1416.65
20278;683230.18;4753916.01;1462.79
36664;682992.62;4754015.4;1441.15
3899;682916.7;4755310.09;1558.16
36669;680049.96;4754335.68;989.07
36670;683287.87;4753900.86;1478.49
3905;682871.04;4755375.19;1508.34
3908;680371.94;4754423.75;1057.51
36680;680705.71;4754602.12;1171.92
3915;683216.11;4755454.02;1568.56
3917;683125.78;4755356.88;1606.79
28495;683635.46;4755179.58;1587.45
36689;683800.31;4755561.99;1771.53
12114;683758.43;4755553.0;1800.17
12116;683740.24;4755525.43;1775.11
20309;683081.02;4755329.16;1575.47
3935;683028.77;4755333.41;1576.99
20320;683271.91;4753891.37;1477.02
44897;682793.04;4755324.46;1535.25
20332;682883.42;4755358.23;1511.63
36716;683278.06;4753869.24;1535.46
44912;682194.65;4754185.41;1348.35
20336;683434.25;4754099.65;1523.58
12146;681055.03;4754077.79;1120.24
28531;680877.87;4754669.95;1200.44
12150;681682.93;4754128.84;1262.69
36727;682836.63;4754108.97;1425.15
12155;683794.0;4755535.86;1757.02
44923;683746.21;4755490.24;1743.85
3965;682933.95;4754087.49;1431.58
3964;683750.48;4755541.41;1775.67
36735;683169.53;4755315.6;1593.63
20353;681054.36;4754673.59;1200.99
44931;682372.19;4755326.53;1488.97
28547;683142.71;4755318.82;1587.25
12164;683070.88;4753952.94;1448.48
3971;683213.06;4755399.01;1558.35
36743;680561.07;4754484.9;1103.32
12175;682995.93;4755306.75;1574.56
20368;679942.11;4754072.53;991.7
44949;680114.23;4754215.44;979.67
3989;680873.49;4754661.38;1219.36
3992;680241.17;4754157.09;1010.99
20378;680717.29;4754611.76;1190.04
36768;683479.24;4755185.38;1599.47
20393;682351.57;4755321.28;1486.77
20395;680493.09;4754142.68;1052.39
4013;683539.33;4755230.41;1593.87
44975;682333.62;4755323.76;1491.52
28610;681013.57;4754680.76;1214.86
20422;683798.99;4755204.08;1630.41
4039;683761.22;4755551.04;1799.59
4040;683535.55;4755249.39;1598.99
45001;683081.34;4755348.67;1878.26
28617;683222.16;4753933.89;1457.3
45004;679766.81;4754382.58;940.96
12236;683094.64;4755329.93;1582.76
28627;679745.88;4754342.2;938.21
4051;683299.08;4753977.16;1488.03
4053;683717.93;4755436.15;1705.09
36822;680765.88;4754622.56;1156.46
12247;680870.68;4754663.33;1174.17
45015;683252.05;4755398.43;1562.92
45017;683206.5;4755422.5;1564.19
28638;683675.91;4755338.27;1667.91
12267;678224.81;4754505.05;711.79
28651;681429.4;4754112.93;1243.69
20459;683453.17;4754107.82;1531.9
20464;680329.11;4754117.48;1011.68
36851;682787.25;4755311.63;1546.04
4085;680388.57;4754117.81;1020.12
28662;680355.08;4754114.42;1022.94
20471;680772.36;4754652.94;1165.19
12279;683097.19;4755317.11;1575.91
12277;683474.36;4755194.05;1587.02
28667;682865.28;4755367.92;1516.0
45054;679033.76;4754316.46;766.99
45064;682838.81;4755388.07;1508.42
12298;682526.94;4754125.86;1389.79
45068;679298.09;4754230.98;851.54
28684;682288.44;4755323.26;1474.54
4108;683068.59;4755331.07;1573.06
12303;680289.82;4754168.55;996.16
45077;682421.63;4754152.51;1355.32
45081;682848.19;4755354.66;1551.02
45084;683053.73;4755371.92;1531.79
45085;683411.59;4755308.61;1569.53
36893;683427.9;4753929.13;1512.56
12324;682933.97;4754091.56;1430.93
36902;678533.06;4754384.57;704.94
45094;681646.69;4754122.21;1252.91
20520;682633.29;4755296.87;1540.58
20521;683041.81;4753985.03;1442.89
12326;683558.27;4754173.68;1558.17
36907;683341.74;4755202.93;1551.93
4136;683540.08;4755193.17;1625.65
36913;682457.5;4755360.18;1492.54
4145;683736.9;4755516.53;1761.74
28722;683793.37;4755575.63;1817.04
12343;679003.39;4754316.44;752.35
36919;681296.63;4754036.37;1165.42
20535;681720.68;4754114.5;1267.83
28730;681773.88;4754085.64;1293.08
45115;681529.91;4754099.92;1235.33
20540;680617.31;4754056.36;1075.52
45118;682665.1;4755317.49;1505.04
4160;680603.36;4754075.42;1069.96
45120;683711.95;4755482.66;1732.79
28739;682311.93;4755325.45;1473.83
36932;682170.65;4755193.22;1436.49
36934;683742.75;4755525.27;1775.57
20551;679943.16;4754192.08;958.34
4170;680782.69;4754612.72;1192.71
28753;680975.08;4754689.65;1178.39
20563;683303.53;4753975.41;1511.57
28757;679926.19;4754196.97;959.94
4190;680705.65;4754597.39;1173.57
36962;683280.61;4753890.79;1479.65
20579;683383.17;4753900.33;1506.02
28776;683008.52;4754071.61;1450.58
45160;683431.43;4753931.91;1514.6
36974;682995.46;4755305.06;1568.49
12401;680148.45;4754178.99;976.87
45169;682776.35;4755320.83;1534.41
4212;682796.63;4755303.72;1548.96
45174;683012.65;4755247.49;1532.11
45175;682992.61;4754077.6;1439.95
20598;683018.9;4754004.34;1441.87
28790;683107.5;4755336.67;1593.09
4218;682912.78;4755274.54;1511.84
28796;682909.57;4755446.99;1525.79
45185;681140.23;4754688.26;1228.27
20612;679926.6;4754153.22;974.94
36998;680763.71;4754606.57;1155.57
12426;683414.62;4753930.03;1507.83
28812;682818.56;4754113.14;1422.81
37005;683240.42;4755209.8;1545.04
20620;683680.2;4755214.32;1605.12
37004;683363.63;4753892.74;1481.23
4240;681470.56;4754842.97;1279.73
12435;683237.52;4753940.11;1461.52
4244;681329.64;4754847.27;1277.26
4255;683764.88;4755497.37;1757.59
20648;679818.95;4754363.79;947.72
37032;680983.98;4754079.73;1117.28
28844;680961.51;4754081.41;1102.06
4271;679893.32;4754199.71;949.96
37044;683014.71;4754038.99;1441.41
20661;682724.13;4754111.4;1419.12
12471;683025.86;4755310.01;1570.78
4286;683452.77;4753954.0;1517.26
12483;683726.73;4755439.88;1706.15
45253;682425.29;4754153.21;1354.38
20678;683386.23;4753903.88;1504.74
4293;683854.84;4755570.07;1781.52
4301;680910.26;4754673.82;1202.8
20686;682989.26;4755379.63;1519.56
37071;681240.63;4754821.8;1340.11
4303;683354.1;4754116.02;1505.97
28880;683075.64;4755349.44;1888.3
28883;682974.28;4755321.06;1576.15
20695;678391.84;4754441.47;708.57
12506;683709.68;4755337.29;1681.81
37083;682373.74;4755338.18;1478.84
20705;683023.31;4755336.17;1576.15
12523;681024.04;4754695.23;1193.93
45300;679934.46;4754075.25;987.95
12534;683050.09;4754062.71;1446.29
37111;681664.19;4754949.45;1293.67
28921;683140.79;4755319.23;1587.2
4347;683519.99;4754107.45;1535.79
4348;681449.3;4754843.67;1281.9
12543;680130.56;4754199.21;995.9
45312;680233.14;4754371.5;1029.15
37122;683748.81;4755565.26;1807.84
37123;682507.72;4754140.06;1377.84
45316;680821.72;4754663.44;1188.23
37129;683782.1;4755550.22;1757.8
20747;683212.94;4753928.82;1452.43
45327;683589.86;4754228.86;1570.12
20756;680800.39;4754663.64;1174.7
12566;678528.88;4754357.3;700.92
37149;683120.45;4753943.19;1447.57
37150;683738.71;4755481.65;1743.04
37153;683267.92;4753893.83;1476.94
4386;683564.12;4754243.54;1569.44
37155;682246.79;4755309.03;1465.35
12581;683627.93;4755228.13;1595.49
12582;679937.38;4754152.49;975.8
20775;680347.76;4754422.74;1067.17
37164;683742.69;4755476.67;1741.18
4399;683826.47;4755319.37;1716.97
37171;683040.61;4755332.08;1582.39
20788;682064.76;4754175.28;1330.75
4403;682888.93;4755410.29;1519.24
45369;683613.09;4755310.11;1623.84
12602;683566.32;4754104.59;1552.57
20795;683052.02;4755346.67;1897.68
37181;682969.16;4755319.55;1569.76
20798;683005.95;4755297.25;1579.74
28990;683390.62;4753964.38;1483.52
4418;682831.53;4755292.45;1505.48
4421;682551.0;4754124.32;1393.93
20806;682864.95;4755374.81;1508.78
45383;682951.01;4755270.46;1515.27
20809;683680.06;4755528.18;1728.57
45397;681642.52;4754128.42;1246.68
12631;682604.54;4755319.46;1530.45
37209;683196.07;4753923.09;1453.41
4444;679097.42;4754301.44;797.53
4445;678530.18;4754384.51;711.21
20828;680069.23;4754212.57;969.61
29021;680606.03;4754481.97;1101.21
12640;679698.38;4754271.71;928.18
4451;682879.63;4755281.03;1511.14
45414;683105.81;4755364.58;1825.63
37223;679026.9;4754315.02;766.18
4456;681083.42;4754065.3;1124.95
12648;683478.93;4755191.85;1593.99
45419;682263.85;4754158.1;1352.39
20844;679635.66;4754278.85;913.48
12654;680235.71;4754162.03;997.64
37232;683053.35;4755344.34;1912.22
45425;683037.11;4755332.56;1583.4
4471;683663.58;4755532.63;1726.22
29048;682733.74;4755295.8;1508.72
29049;681883.01;4754117.05;1306.7
20856;683006.62;4755306.7;1569.2
29053;681002.82;4754696.81;1183.96
20861;681042.68;4754674.93;1199.38
12671;683279.02;4753903.63;1479.51
37252;679855.13;4754212.67;957.2
45445;678546.79;4754402.85;701.64
45447;682016.11;4755107.53;1385.41
4488;682017.61;4754155.74;1316.74
29064;683042.64;4755307.36;1574.08
4487;682940.86;4755389.03;1515.68
20878;683046.65;4753991.11;1441.65
45459;682347.48;4755323.97;1491.34
20885;682902.04;4755433.3;1521.61
37272;680937.61;4754692.24;1175.25
29081;683541.59;4754101.06;1546.83
37276;681484.32;4754844.52;1280.94
4511;683264.4;4753894.89;1476.55
12707;682969.55;4755320.43;1564.49
12708;683286.98;4753887.51;1478.42
45477;683706.76;4755483.51;1732.67
29099;681360.4;4754121.5;1193.75
4523;683065.66;4755349.58;1898.28
37293;683037.89;4755373.5;1528.72
37294;679970.39;4754167.26;970.63
20910;683203.7;4753914.75;1449.22
4528;682730.38;4755283.47;1503.77
29105;681524.57;4754099.33;1238.4
29103;683073.61;4755346.62;1946.44
37303;682660.31;4755292.77;1538.95
45499;680358.72;4754391.59;1030.56
20925;683053.53;4754053.23;1443.89
4543;681540.96;4754863.62;1277.23
45505;683350.51;4755201.55;1555.11
4546;678832.19;4754329.34;733.41
20930;683044.81;4753969.61;1442.5
4545;683287.14;4753890.43;1479.81
45506;683462.74;4753959.98;1522.39
45511;679360.55;4754217.49;862.86
45512;681491.81;4754852.69;1277.36
4551;681780.77;4754087.99;1296.59
29132;680033.33;4753948.28;1019.56
37337;682895.91;4755426.91;1522.71
45532;682664.94;4755333.06;1499.35
37341;680785.15;4754048.37;1087.82
29152;683417.68;4753982.77;1516.13
29155;680716.07;4754619.89;1196.98
20965;683644.07;4755224.31;1601.03
29158;679180.76;4754245.14;806.34
4586;683631.3;4755227.94;1597.31
12779;681597.24;4754873.74;1281.34
45547;683811.93;4755558.79;1770.34
29171;679069.25;4754327.27;789.09
12788;683774.54;4755482.89;1748.9
4598;679856.52;4754231.43;946.42
29181;682269.82;4754169.33;1344.78
20991;683060.42;4754055.65;1446.34
12801;682983.85;4754073.91;1434.19
37379;681694.65;4754126.15;1272.39
20996;682937.94;4755307.54;1564.0
12804;683516.06;4753961.3;1540.91
37389;683353.48;4753994.77;1497.16
45585;683031.47;4754046.89;1441.23
29202;683209.38;4753912.49;1452.64
45588;680757.77;4754596.65;1154.63
12821;683505.54;4753963.25;1536.36
45590;680129.14;4754202.28;972.25
29209;682085.34;4754194.74;1339.52
12825;683342.17;4753991.49;1492.27
45596;683726.58;4755486.39;1737.37
21021;683762.57;4755564.08;1805.32
45610;680709.36;4754607.98;1188.0
37424;679983.23;4753981.12;1015.59
45617;681776.98;4754086.14;1294.25
29232;681068.42;4754064.93;1110.39
4659;680248.76;4754164.81;994.34
37425;681127.08;4754072.91;1144.72
29237;681769.06;4755043.12;1342.68
21044;682522.64;4754112.88;1397.18
12856;683651.39;4755332.96;1655.16
45625;682279.07;4755318.1;1472.26
29242;682808.92;4755307.62;1542.63
37434;683705.75;4755482.43;1732.39
29248;680901.27;4754682.01;1195.1
4676;680241.03;4754152.95;998.78
4677;683395.11;4755208.94;1559.8
21062;682760.43;4755288.79;1504.43
45638;683672.3;4755330.32;1667.1
12878;682911.53;4754075.71;1439.2
12880;680603.23;4754523.07;1104.15
4689;679741.24;4754366.38;939.09
37458;679471.02;4754204.17;920.13
21073;680700.59;4754578.13;1144.87
29268;683670.78;4755531.11;1730.09
29272;683008.73;4754074.49;1447.14
45656;683063.97;4755330.14;1573.05
21080;683118.24;4755342.76;1591.73
12890;683353.83;4753869.78;1480.3
21088;683755.29;4755558.63;1801.54
45665;680524.09;4754137.82;1064.21
45666;683053.88;4754053.46;1444.73
21092;683554.84;4754102.56;1547.52
45675;678720.53;4754349.8;708.16
45676;678854.67;4754323.82;739.09
12908;681665.44;4754126.59;1260.71
37486;683579.3;4755324.79;1618.28
37483;683755.97;4755489.91;1744.64
4721;683813.29;4755521.9;1756.08
29300;680109.84;4754218.45;979.04
45688;683684.06;4755374.25;1680.96
37497;681430.01;4754114.69;1244.11
12922;683233.19;4753937.39;1460.32
12924;683143.07;4755385.51;1553.73
4733;683384.22;4755199.56;1558.63
21118;682835.24;4755385.42;1510.47
4736;683616.81;4755196.6;1585.2
45700;683500.21;4753972.97;1532.61
12934;683224.41;4755408.71;1560.8
12941;680710.97;4754610.95;1190.37
37518;681773.76;4754117.24;1275.54
45716;682269.92;4754157.51;1352.98
21140;682779.12;4755323.43;1538.1
29335;680847.41;4754669.7;1197.4
37530;680249.75;4754160.01;1002.22
21147;681579.21;4754114.68;1236.86
21150;683133.1;4754062.46;1455.77
12960;683095.93;4755358.57;1853.97
21153;679777.49;4754378.24;942.35
12961;683084.19;4755311.62;1575.39
45732;682366.18;4755339.19;1478.17
4773;683087.52;4755231.24;1534.31
45735;681143.84;4754689.25;1230.14
45736;682293.64;4755318.76;1474.27
29353;682089.33;4755150.26;1431.2
37544;683462.33;4754101.79;1528.67
4780;683301.88;4754112.64;1491.31
12978;682676.42;4754114.65;1418.18
37559;680048.36;4754335.78;973.02
12984;681545.67;4754105.22;1230.97
21175;683294.72;4753974.35;1479.55
29378;683682.59;4755500.04;1728.24
29379;682971.38;4755300.39;1569.2
45768;683732.86;4755197.83;1613.65
29385;682998.41;4755299.63;1579.85
13003;683681.32;4755378.31;1680.99
29387;683469.16;4753965.9;1527.31
4817;683343.67;4755198.07;1552.96
45779;683869.28;4755578.81;1786.26
45781;682575.58;4755358.56;1501.28
45782;683322.04;4755207.73;1551.6
37590;683512.14;4755196.13;1603.84
4822;683211.11;4755433.98;1565.41
37593;680036.83;4754336.34;965.09
13018;681655.37;4755002.82;1321.61
21211;683752.12;4755564.3;1804.73
45788;682921.6;4755466.02;1529.02
45789;682912.31;4755308.32;1576.67
21213;683477.18;4754100.09;1526.63
4832;681763.6;4755005.85;1326.47
4835;682306.47;4755324.46;1479.09
13031;682905.51;4754072.93;1439.97
13034;679165.54;4754285.52;795.14
37613;679933.62;4754306.42;946.59
13038;678838.62;4754328.59;732.97
4847;681763.01;4755074.69;1352.73
4852;683544.87;4754216.74;1566.62
21237;683349.68;4753993.5;1495.11
45815;683464.22;4754002.73;1527.62
29431;683451.69;4753949.77;1517.93
29435;680115.7;4754220.32;970.69
45820;680412.44;4754435.03;1070.67
13055;683882.28;4755579.44;1793.78
4865;682906.34;4755312.54;1557.45
29442;683095.76;4755330.44;1579.13
45829;683624.99;4755248.0;1610.32
45834;683154.71;4755381.29;1551.87
29451;678116.69;4754347.11;660.22
21263;678364.06;4754441.22;712.63
13074;681625.82;4754987.16;1306.16
4887;680274.31;4754395.87;1053.29
37656;681647.26;4754982.02;1304.85
21271;682396.91;4755332.68;1492.16
4895;683269.44;4755392.54;1563.32
13088;683303.31;4753882.23;1477.69
37667;682700.3;4755292.97;1530.53
45860;682293.49;4755280.04;1462.37
4900;682820.62;4755305.65;1543.27
37670;680317.25;4754390.13;1046.79
13091;683492.08;4755188.25;1592.2
4905;683834.99;4755560.52;1779.9
29482;680416.33;4754438.79;1072.8
21293;682803.11;4755330.17;1538.8
4910;683346.46;4753871.08;1480.03
4911;683125.76;4753935.67;1447.32
45873;679986.85;4754190.58;966.87
37683;681423.6;4754120.13;1228.93
37690;683020.43;4755340.46;1573.97
21308;679460.47;4754203.58;914.72
29502;683291.63;4753887.66;1478.75
13120;683439.35;4754011.56;1527.61
13121;678457.9;4754395.75;704.02
21313;682613.13;4754119.15;1414.55
37699;679794.52;4754260.87;950.81
45893;683684.22;4755497.31;1728.88
21322;679441.87;4754207.33;909.94
29514;679530.5;4754260.62;921.31
4939;682815.96;4755305.14;1539.17
37708;683114.75;4755357.64;1746.57
29519;680848.07;4754663.47;1188.2
21327;683419.74;4754001.34;1520.8
37714;679301.61;4754231.6;850.69
29528;681690.69;4755004.03;1323.14
37722;683557.18;4755242.89;1586.1
4959;683409.12;4753926.7;1507.67
45922;682919.68;4755346.94;1513.06
21347;683605.53;4754222.81;1570.02
4965;682243.73;4755224.85;1452.62
37734;682805.19;4754108.35;1422.95
13161;682179.41;4754212.67;1346.43
29551;683681.65;4755203.32;1600.97
21364;680831.88;4754662.73;1208.86
37748;682990.35;4755307.23;1572.7
29556;683885.04;4755579.78;1796.87
21371;683178.66;4753922.77;1448.34
37756;681789.73;4754091.23;1297.01
45955;683506.94;4753969.95;1533.47
4996;682967.16;4755305.08;1566.5
45958;682188.64;4754214.06;1347.55
29575;680611.45;4754490.01;1103.43
29576;682749.56;4755291.33;1532.97
21385;681091.86;4754064.33;1123.8
37766;683007.58;4754007.52;1442.44
45960;683737.59;4755519.49;1768.21
5006;681027.01;4754077.98;1119.27
37778;681217.44;4754049.92;1148.53
29589;680852.59;4754669.28;1218.89
37782;683608.49;4755302.57;1616.17
5015;681799.98;4755107.65;1366.14
21403;682596.38;4755318.57;1551.97
45980;682881.64;4755399.12;1518.15
29596;683316.44;4753987.28;1481.45
29600;683317.46;4754112.74;1494.5
37792;683287.17;4753977.73;1479.32
13219;682745.2;4754110.29;1419.84
37796;683531.89;4753958.12;1544.46
29605;682387.43;4754147.15;1352.55
29613;682668.15;4754117.98;1417.82
45997;682786.31;4754125.6;1425.19
29614;683223.44;4755407.91;1563.66
46000;680340.93;4754402.77;1063.05
37808;683037.3;4754069.67;1447.55
29617;683254.35;4753953.15;1465.62
29619;680730.32;4754522.28;1137.3
46005;683119.95;4755358.53;1682.44
37815;681654.86;4754978.87;1301.8
5049;683067.58;4755308.32;1574.69
21434;679184.78;4754276.75;796.78
46010;681427.63;4754114.32;1224.54
37818;683380.4;4753935.02;1481.05
21437;682849.96;4755308.41;1560.67
46013;683323.48;4753877.29;1478.87
5055;679936.15;4754109.77;978.7
46015;679963.44;4754023.03;1017.92
46018;682293.97;4755281.37;1462.61
5062;680455.72;4754394.14;1047.69
13259;682649.38;4754126.6;1416.25
21458;678502.29;4754393.34;712.14
21461;681675.02;4755002.37;1319.28
13270;678940.72;4754310.51;738.65
29653;682220.67;4754182.68;1341.26
37848;682653.81;4755338.68;1499.26
37849;682980.28;4755316.59;1581.9
5081;683386.01;4754111.91;1511.94
5077;683274.37;4753869.68;1565.2
21469;682038.09;4755119.8;1397.24
21471;682918.57;4755462.96;1529.56
13280;682595.84;4755348.12;1499.68
29665;683124.86;4755357.22;1631.31
21479;680924.32;4754685.61;1175.79
46062;679956.9;4754098.22;987.06
37870;683167.06;4755315.22;1593.59
5104;682914.12;4754076.38;1438.82
46065;683651.32;4755518.54;1715.95
37879;682614.5;4754120.47;1414.69
46071;683079.59;4755353.07;1954.4
5122;683566.7;4755245.05;1590.22
5123;680789.62;4754617.24;1194.29
37893;683461.91;4754097.35;1524.75
37906;682812.88;4755332.12;1545.13
46099;681892.76;4755116.11;1370.61
37907;680763.95;4754615.62;1156.26
37908;679190.01;4754241.27;814.26
13332;682935.68;4755375.65;1513.82
21530;680268.97;4754360.12;1015.51
29727;681743.57;4754115.18;1263.51
29729;683245.91;4753893.71;1474.01
13346;683482.65;4755191.49;1595.29
13347;680319.83;4754388.73;1038.49
21540;683098.66;4755362.73;1841.17
5158;683681.34;4755527.84;1730.87
46119;683395.55;4753912.95;1502.71
29740;682240.93;4755282.39;1462.87
37934;679713.8;4754277.56;926.64
21553;683684.58;4755212.45;1605.15
13361;683848.8;4755559.92;1777.91
29750;681103.54;4754050.7;1121.32
21559;681423.35;4754125.61;1229.16
13369;683767.82;4755569.88;1765.43
5178;683436.08;4755204.61;1568.02
13371;682383.38;4754138.78;1354.88
37946;683499.64;4755192.51;1593.67
21561;683759.83;4755552.94;1799.89
13378;683697.19;4755484.37;1731.24
29763;683711.53;4755400.59;1697.08
13380;681730.69;4754126.47;1256.46
5194;683137.55;4753935.18;1447.57
13387;683365.75;4754000.21;1502.24
13389;681128.41;4754069.9;1144.28
29781;682570.36;4754128.12;1409.62
29783;683238.55;4753915.59;1470.84
29785;682701.13;4754126.98;1418.02
13402;683482.07;4753971.53;1529.09
21596;680735.95;4754595.94;1144.18
13405;679455.93;4754203.97;914.05
21597;680828.51;4754665.79;1209.45
29799;683481.38;4755184.25;1602.48
5226;683421.81;4753928.98;1507.26
46188;682299.73;4755324.03;1474.98
29807;679944.1;4754180.37;967.89
38005;681073.83;4754696.96;1231.48
29813;683658.07;4755511.22;1715.06
21628;683338.88;4755202.27;1552.71
29821;680312.04;4754371.86;1023.25
38015;682972.26;4755252.03;1533.7
38016;682380.31;4755330.28;1486.88
13443;683564.76;4755298.0;1595.13
38019;683405.83;4754002.95;1518.32
46215;682792.69;4755333.78;1551.43
38025;683345.99;4753993.08;1494.29
5260;682826.14;4755291.85;1506.91
21647;679065.19;4754320.9;784.78
46223;683499.19;4753972.4;1532.49
21649;682970.32;4755331.34;1569.57
5265;683054.93;4753967.8;1444.96
13459;683376.39;4753923.42;1480.95
13462;683089.8;4755332.07;1576.69
46231;681555.34;4754113.82;1232.68
38040;681908.51;4754117.46;1309.71
46234;683014.64;4755340.05;1571.23
21660;682991.28;4754058.27;1435.75
46237;682007.43;4755108.17;1383.71
5276;683186.47;4753924.8;1448.23
5280;683030.87;4755332.2;1582.91
29857;682610.71;4755314.73;1532.24
38049;683773.01;4755491.28;1749.97
29859;683277.0;4754114.64;1484.6
46244;681276.32;4754812.26;1322.55
21670;678185.23;4754499.89;707.04
46251;680667.05;4754564.69;1136.79
13485;682874.75;4755393.47;1509.67
38062;683446.23;4753938.42;1515.67
21679;682915.79;4754076.01;1438.3
46256;681040.42;4754690.09;1200.46
46261;683010.5;4755307.56;1570.58
46265;683212.56;4755402.35;1558.57
29882;683678.88;4755361.1;1673.12
38076;683276.82;4753972.09;1473.9
21693;679816.14;4754366.53;947.2
38077;683102.97;4755332.78;1589.27
46272;681628.94;4754921.03;1279.02
38083;683326.18;4753986.94;1483.46
46276;678917.03;4754317.46;738.14
5315;683761.35;4755600.61;1779.81
46279;680334.17;4754401.86;1056.06
29901;679927.53;4754310.95;945.93
38094;683404.04;4753918.89;1508.61
29904;683460.73;4755283.5;1570.82
46291;682922.99;4755310.14;1558.31
38101;680770.82;4754616.51;1192.03
46294;683106.84;4755360.77;1774.92
46295;682948.19;4754084.17;1432.64
5334;683804.68;4755214.22;1653.48
29915;683631.34;4755238.51;1603.05
29917;683209.32;4755438.59;1566.22
38110;681349.43;4754081.28;1189.37
5346;681700.9;4754129.28;1254.8
5347;681939.21;4754133.55;1307.57
21733;679779.77;4754277.36;939.34
13543;683450.25;4753996.81;1527.12
5352;680602.93;4754078.69;1069.78
46313;682097.09;4755156.88;1435.87
21736;683540.05;4754105.46;1545.56
38123;680770.07;4754621.01;1193.39
38122;683571.58;4754105.14;1553.03
5355;683568.92;4755249.86;1601.49
21746;683371.21;4754001.53;1504.03
21750;678893.45;4754328.26;736.89
46331;682772.77;4755290.08;1506.0
29949;682864.58;4755348.67;1551.54
29951;679138.88;4754298.11;794.93
46335;681636.87;4754124.87;1245.84
38144;682775.81;4755324.7;1544.66
38145;683084.26;4755355.95;1964.6
29957;680225.22;4754389.2;1023.29
21767;681633.65;4754921.33;1279.94
46343;683170.99;4753918.85;1448.28
38156;680276.83;4754360.24;1011.11
38157;683243.78;4753901.06;1473.15
5388;683681.13;4755354.4;1673.91
21775;683773.51;4755207.1;1624.34
13586;683274.02;4753969.8;1473.66
21780;683748.75;4755567.79;1807.76
21785;680820.59;4754663.22;1193.45
38171;683238.15;4755402.87;1562.56
21794;683806.57;4755319.72;1705.85
29990;680322.1;4754395.36;1047.32
21800;682831.39;4754112.92;1424.06
13614;679270.56;4754222.33;837.12
5422;682223.44;4754157.8;1349.48
38193;680008.47;4754195.05;966.39
5428;683259.02;4753912.08;1477.42
46395;682806.72;4755305.7;1543.52
13628;682652.79;4755293.63;1531.76
30012;682912.53;4755453.23;1527.2
30013;683093.49;4755354.26;1841.68
13631;680307.14;4754370.25;1023.49
13632;678352.69;4754444.97;712.11
38207;683155.58;4755225.31;1544.1
46399;682999.44;4755300.45;1579.68
30011;683798.04;4755321.19;1701.61
46398;683283.88;4753873.63;1500.38
30026;682078.33;4755143.08;1423.42
38219;683028.81;4755309.51;1571.46
5453;679937.85;4754183.64;966.29
5454;683535.19;4755230.32;1577.98
46420;683088.71;4755352.58;1779.97
21848;682991.25;4755310.07;1581.07
38237;683120.27;4755357.24;1686.3
5475;679949.74;4754047.91;999.12
46443;683773.46;4755623.78;1793.35
13678;682267.6;4755285.56;1461.56
13679;681586.5;4754114.27;1236.96
38258;683079.34;4755238.96;1533.8
13684;682961.24;4755318.77;1564.23
13685;682346.49;4755335.67;1474.71
46454;682765.29;4754108.71;1421.4
30068;683125.76;4755357.37;1676.27
30072;681430.72;4754111.42;1224.46
30076;680696.99;4754563.67;1138.7
30077;680724.02;4754521.8;1140.08
46460;680706.46;4754496.07;1131.76
13694;682977.55;4755306.73;1570.37
13696;683765.94;4755547.44;1798.92
21892;683148.59;4755318.07;1589.8
30087;683381.56;4753937.67;1482.3
5512;681655.88;4754122.61;1259.84
46475;680348.42;4754379.55;1027.23
30093;682781.99;4755323.58;1535.01
13710;681499.89;4754845.87;1282.3
38299;679658.11;4754269.3;913.61
46491;682749.69;4755288.85;1502.6
21915;683219.47;4753932.24;1453.06
38305;679971.45;4754184.29;964.23
13729;683747.57;4755533.87;1781.96
38318;683282.33;4753902.14;1480.17
30128;682992.17;4754021.44;1442.56
30129;678903.46;4754323.82;738.02
5553;680262.45;4754350.7;1020.51
38322;681973.68;4754152.62;1316.24
38324;682949.46;4755401.91;1521.49
21937;683331.07;4753876.75;1478.83
38326;683093.08;4755231.23;1534.99
46519;679811.33;4754367.63;947.11
38329;683541.56;4755193.78;1626.23
38330;683337.84;4755359.4;1570.95
38332;680107.73;4754214.67;968.56
30143;683518.76;4753959.63;1541.75
13762;683004.32;4755293.67;1580.02
46535;680945.49;4754074.92;1099.15
38343;683261.74;4753911.33;1477.41
13772;681771.01;4754118.51;1270.9
5581;680360.23;4754426.69;1061.46
21972;683119.03;4755229.27;1538.24
46551;682786.01;4755294.01;1503.4
38359;683075.42;4755348.96;1948.93
21976;683407.0;4753975.76;1509.21
30177;680368.57;4754393.34;1026.89
13797;681739.33;4754123.78;1259.68
46568;683067.69;4755308.63;1574.1
38377;679721.47;4754294.55;926.95
21997;682923.44;4755271.15;1516.12
30190;680731.85;4754495.66;1137.5
38383;681334.75;4754074.29;1186.19
46576;678268.3;4754473.47;715.3
38385;680939.79;4754694.71;1175.28
38381;683747.49;4755507.3;1760.34
13811;682794.07;4755327.55;1559.61
46583;683506.22;4753964.64;1536.29
46586;683549.84;4754185.6;1562.93
46589;682966.27;4755315.03;1577.18
22015;683790.11;4755513.41;1752.17
30208;682970.89;4755321.59;1564.37
13825;683442.71;4753937.35;1515.82
46595;681762.4;4755063.06;1351.32
22021;679940.44;4754071.35;991.1
46599;683120.65;4755319.96;1584.68
38408;683549.47;4754229.3;1567.9
30221;682462.1;4754164.9;1361.23
13838;681377.11;4754847.56;1297.15
13840;683803.41;4755557.67;1771.89
5653;680942.28;4754069.46;1098.32
22037;683242.28;4753905.41;1472.27
38423;682996.19;4755255.5;1534.29
22039;682980.37;4755380.91;1519.35
5659;683196.81;4755213.76;1543.38
5660;683227.82;4755213.0;1545.22
46622;683044.0;4753966.55;1442.82
13855;683414.85;4754004.98;1519.4
13857;683804.64;4755210.51;1638.94
13862;680282.34;4754362.36;1011.69
13863;683437.59;4754003.34;1532.63
46632;682517.67;4754116.87;1392.06
22058;680360.0;4754421.41;1069.35
13868;683140.67;4755385.13;1553.94
38444;683573.87;4755236.28;1602.27
38454;682279.37;4755269.45;1460.6
13912;680786.24;4754613.83;1193.24
38494;683322.62;4753987.24;1482.79
22119;683370.07;4754114.13;1507.69
46696;681132.46;4754675.94;1223.28
5737;682409.92;4755333.47;1492.78
46698;680617.11;4754553.61;1120.98
13934;683272.47;4753891.82;1477.07
5745;679821.94;4754360.2;947.82
22129;682994.21;4754056.98;1436.8
38515;682665.37;4755316.44;1506.18
13941;681514.34;4754864.77;1277.64
46712;680830.03;4754667.7;1171.98
5753;678437.07;4754406.01;697.8
13944;683600.31;4755234.05;1593.6
30329;683750.99;4755492.32;1744.7
13948;683733.52;4755483.74;1738.97
22141;681000.32;4754078.37;1114.54
38532;683549.43;4755250.0;1582.41
30340;683738.82;4755483.67;1742.74
30344;683765.48;4755544.15;1798.32
46729;682355.94;4755323.22;1485.36
38541;683899.79;4755594.18;1799.18
46736;680510.46;4754155.1;1061.73
38544;683527.99;4755197.3;1600.2
30354;681765.21;4755041.78;1341.25
22165;683010.05;4755340.31;1570.81
5783;683741.41;4755512.85;1760.12
13976;680868.49;4754660.22;1175.52
5794;681998.77;4755111.45;1383.06
30370;682407.82;4754144.25;1354.1
38563;682809.65;4755353.3;1506.84
5798;678369.01;4754444.41;711.59
22184;680198.33;4754363.76;1010.11
5806;680700.81;4754570.32;1157.65
5811;683379.63;4755346.88;1572.21
30388;679268.34;4754218.03;824.31
38581;683758.64;4755564.03;1804.71
14011;682315.84;4755323.97;1479.8
46779;683552.1;4754123.19;1543.52
22207;683025.51;4755245.08;1525.56
22208;680234.99;4754163.73;997.17
30400;680771.73;4754618.51;1192.35
14015;683138.17;4755386.25;1553.12
14022;681468.79;4754104.32;1246.49
46790;681738.13;4754102.5;1269.08
14024;682801.76;4755360.84;1509.81
14025;680256.35;4754401.9;1049.64
46793;681031.31;4754685.92;1213.16
5833;681971.47;4754149.42;1315.93
30409;682871.92;4755308.58;1561.26
5842;683726.49;4755484.56;1736.09
14036;683373.55;4755197.82;1556.07
30423;682789.02;4755323.87;1535.14
46813;683780.24;4755323.83;1698.31
38622;683616.79;4755200.88;1586.59
30432;683161.73;4755317.06;1593.09
46818;683245.4;4753916.36;1475.55
5860;681427.12;4754105.05;1226.17
5864;682809.4;4755332.0;1542.23
46827;683399.87;4755205.69;1559.86
38637;680144.82;4754189.98;995.97
38638;681603.15;4754109.33;1237.58
38639;680355.14;4754387.33;1032.77
46839;683107.52;4753954.52;1447.63
22263;683294.9;4753974.53;1478.11
5889;682686.89;4754119.44;1417.13
46852;678479.8;4754387.71;699.61
5892;683291.03;4755213.28;1548.15
30472;680352.76;4754114.48;1014.29
30474;683147.95;4753926.65;1448.25
46861;679906.64;4754306.93;947.07
14094;680197.65;4754173.49;996.46
22287;681404.96;4754839.91;1290.14
22292;682121.83;4755173.45;1435.66
22293;679106.03;4754301.28;782.98
5910;683046.7;4755306.73;1573.71
14104;683094.59;4755356.07;1852.43
22297;683030.86;4754000.5;1441.63
30490;682789.38;4755293.96;1507.26
30491;683019.21;4755309.35;1570.97
14105;683689.38;4755319.37;1668.2
14109;679988.97;4754323.63;950.45
5918;683418.59;4754124.31;1528.76
14110;682808.24;4755351.34;1507.02
22307;678083.8;4754241.51;657.21
22308;682801.93;4755332.06;1549.35
46885;681945.68;4755112.37;1375.3
22311;683681.16;4755381.47;1683.74
14123;683466.42;4753964.52;1526.08
14125;683270.22;4753967.28;1469.21
30514;682583.2;4754123.36;1411.51
5940;682869.79;4754092.3;1427.7
30522;682618.91;4755318.04;1535.26
22333;683667.09;4755377.11;1675.94
22335;682216.08;4755289.36;1462.21
30528;683550.57;4754100.32;1543.77
22341;682992.16;4755306.49;1571.32
46920;681610.02;4754905.25;1286.31
38729;682233.11;4754154.44;1349.23
38732;683504.89;4753959.02;1540.27
30543;680699.72;4754596.45;1171.96
46928;682960.53;4755391.78;1516.77
5970;683373.0;4754000.84;1504.71
14162;683811.45;4755564.15;1771.11
46933;679182.66;4754265.14;810.89
14172;683076.68;4755310.56;1574.14
38752;683814.1;4755549.34;1772.34
5989;683543.74;4754103.74;1546.68
5991;683389.47;4755311.99;1567.47
22376;679756.68;4754351.51;938.31
22380;683562.52;4754146.61;1547.56
46957;683708.27;4755520.26;1735.08
30577;683529.12;4755237.07;1577.82
22388;680206.61;4754177.72;987.58
22389;683771.82;4755194.39;1619.05
30583;682285.61;4755322.29;1471.98
30584;682127.62;4754199.12;1339.01
38775;683252.93;4753895.35;1474.54
38780;683058.37;4755349.98;1900.12
30590;681669.06;4754133.89;1275.17
22404;683242.45;4753902.6;1472.66
38792;683409.33;4753997.37;1521.17
6025;682785.28;4755323.38;1539.56
22409;683379.88;4755314.99;1565.46
22413;682981.48;4755333.62;1568.33
38801;683126.88;4755356.2;1596.81
38802;682662.99;4754117.82;1416.22
14226;682871.12;4755363.69;1510.47
30612;679940.22;4754130.91;974.38
30613;683232.16;4753917.13;1463.68
46997;683395.2;4753971.8;1485.28
30617;681416.28;4754105.84;1225.03
6043;683674.26;4755215.46;1605.24
47007;683567.12;4755324.27;1613.4
38816;680683.98;4754599.45;1188.66
30626;682106.11;4754215.46;1344.11
30628;680823.91;4754670.86;1196.06
22437;680391.26;4754433.89;1062.0
30629;683448.31;4753944.63;1516.45
22439;682479.91;4755366.21;1496.48
30631;683204.14;4753926.92;1451.58
6055;683475.19;4753968.23;1526.56
14251;683637.54;4755532.15;1717.28
47022;680224.83;4754166.86;1004.81
6063;680860.46;4754039.8;1098.14
6062;683530.21;4755194.59;1618.34
22449;682295.27;4754166.11;1344.9
14258;683328.59;4753873.87;1478.53
47031;681877.98;4755114.82;1375.39
47038;683713.91;4755484.27;1733.43
22467;683095.92;4755353.24;1758.18
30661;681398.19;4754842.77;1292.27
38858;680781.83;4754662.33;1167.73
14283;682046.9;4755120.32;1405.15
38862;681786.29;4755109.26;1364.77
30671;683119.07;4755357.56;1722.19
14290;683879.7;4755577.42;1791.7
14293;681887.71;4755114.18;1373.37
14294;681171.02;4754050.86;1137.2
30679;683072.01;4753956.75;1448.78
30682;682244.66;4755232.83;1456.32
47069;682973.26;4755322.44;1569.41
38878;683218.49;4755408.1;1564.09
22495;682868.93;4755373.15;1509.58
47072;683742.99;4755495.09;1745.19
38885;682855.5;4754101.18;1427.45
38899;682976.2;4755322.88;1571.61
30709;683100.07;4755373.7;1539.98
30710;683122.65;4755358.11;1681.78
38904;682886.81;4755341.08;1554.06
22523;683708.11;4755482.46;1732.79
38911;683082.89;4755330.59;1575.91
14339;683005.11;4755249.65;1534.2
38915;683298.99;4755213.7;1550.99
22535;683271.74;4753967.93;1470.65
14344;681570.92;4754113.02;1235.83
30728;682116.14;4754190.35;1331.2
38924;682990.26;4754066.49;1435.34
30732;683135.83;4755383.93;1558.33
14351;680355.87;4754394.3;1032.31
38927;683370.69;4755316.78;1564.49
6163;683548.73;4755228.42;1578.76
47125;683341.99;4753872.64;1479.12
47128;682937.86;4755410.2;1521.68
14363;682815.47;4755362.5;1511.42
47134;678479.8;4754387.71;699.76
6178;682328.82;4755327.71;1478.01
30760;682603.29;4755317.24;1531.95
14380;681275.68;4754045.17;1162.75
30765;682336.43;4755329.94;1472.8
22577;680351.93;4754394.58;1036.7
14388;683206.51;4753911.09;1450.23
30774;680077.51;4753927.71;1020.06
14394;680383.17;4754429.11;1062.04
38974;682510.46;4754141.69;1375.96
6209;681369.27;4754117.39;1204.02
14402;683211.0;4755438.97;1566.26
22595;680478.45;4754427.56;1069.0
22600;683779.8;4755214.36;1628.82
30793;680603.73;4754551.7;1116.75
6219;680950.85;4754082.94;1102.6
30797;683422.18;4755302.15;1569.42
47184;682834.91;4755386.11;1507.72
38995;683097.56;4755359.57;1854.32
30804;683380.8;4753899.36;1505.56
14421;681854.8;4755109.28;1373.52
14426;683097.22;4755330.44;1584.91
30810;683798.04;4755562.97;1768.74
6237;680714.9;4754617.94;1193.55
14432;681702.23;4754126.76;1266.7
6241;682846.13;4755306.23;1560.45
39010;679098.47;4754301.72;785.61
22626;682257.43;4754164.64;1347.07
30817;683766.84;4755567.85;1808.19
14437;680770.2;4754625.52;1158.24
39014;683489.41;4753975.5;1528.7
6248;682354.56;4754149.03;1355.19
39017;683384.57;4755311.14;1566.17
30827;679893.58;4754306.02;948.18
47211;682933.87;4754086.92;1431.57
39019;683770.64;4755490.8;1750.79
22641;683133.06;4755230.42;1543.55
6257;683516.12;4753960.62;1541.33
30835;682867.12;4755346.56;1551.9
30836;682101.87;4755163.65;1438.37
47219;683199.54;4755399.04;1557.61
30839;680588.98;4754482.41;1101.9
30841;679943.55;4754191.57;958.12
6268;683433.7;4753933.52;1513.87
22655;682993.15;4755309.42;1580.43
30848;678667.36;4754359.59;709.25
39041;682429.73;4755335.73;1492.96
30850;678946.2;4754316.54;737.08
47234;681431.37;4754113.18;1235.01
14463;683427.08;4755206.73;1565.72
47237;682795.69;4755328.35;1552.53
30851;683748.81;4755505.83;1760.45
14480;683273.02;4753970.03;1472.28
47248;683426.18;4753929.16;1510.95
47251;683751.47;4755562.36;1804.84
39062;682903.26;4755307.11;1563.22
6295;679291.42;4754234.7;845.31
47256;682522.27;4754108.65;1401.11
47257;682993.7;4755305.5;1568.02
30877;683680.65;4755209.18;1604.86
47262;679128.92;4754299.94;787.19
14495;679968.52;4754188.36;963.2
39072;682807.51;4755323.06;1541.25
39078;683583.65;4755323.98;1618.09
14505;683817.8;4755558.91;1773.25
30890;683762.89;4755498.29;1757.75
22701;683577.99;4755236.67;1607.17
14515;683589.41;4755220.19;1584.38
6326;680065.0;4754376.56;957.67
30903;680036.33;4754202.97;968.48
47286;682070.39;4754176.34;1331.58
14521;678906.98;4754324.02;738.16
39097;683056.34;4755334.05;1582.3
30907;683004.39;4754076.25;1443.02
6332;680708.2;4754592.6;1167.71
30909;682942.29;4755269.48;1521.33
39100;682882.55;4754096.31;1425.72
6330;683619.63;4755233.25;1595.43
39106;682206.09;4755289.3;1462.41
14531;683115.6;4755339.16;1591.81
22723;683105.86;4755363.4;1775.22
39109;680971.39;4754078.47;1119.06
6347;683306.95;4753886.56;1477.06
39124;680534.21;4754125.87;1067.88
22740;682389.23;4754133.1;1358.88
22742;681108.06;4754701.81;1242.44
30937;682411.4;4754146.69;1354.14
30941;683055.3;4755305.68;1574.34
14561;682785.89;4754112.04;1422.44
47330;683544.09;4755193.89;1625.01
14563;683294.3;4753915.02;1480.77
6377;679937.94;4754197.19;954.31
22761;682332.11;4755325.53;1471.71
39147;683077.63;4753954.1;1448.78
47340;682434.68;4755336.66;1491.04
47342;680341.66;4754407.5;1068.41
6383;683788.69;4755531.06;1754.79
14581;683011.79;4755312.02;1584.21
22775;682840.74;4755390.52;1508.52
6392;681766.44;4755106.13;1363.69
6393;683369.93;4755197.34;1555.92
39166;683816.13;4755553.2;1771.27
14596;680588.25;4754503.62;1104.28
14603;678385.07;4754439.43;708.32
30988;679906.07;4754149.16;966.6
47374;682903.43;4755337.28;1557.03
39183;683481.03;4755183.27;1594.0
39184;683313.61;4753875.93;1478.75
30996;681098.57;4754061.5;1123.76
47385;683550.02;4754117.1;1545.41
6425;683067.44;4755343.96;1942.5
6427;683389.23;4753958.24;1484.41
22814;681788.27;4754085.65;1294.63
47391;682993.01;4755309.48;1580.63
47393;682910.67;4755311.74;1556.86
31010;682407.42;4754129.6;1362.15
6433;683603.2;4755210.16;1584.28
47398;682614.88;4755320.23;1535.5
14631;683012.68;4754004.8;1441.44
39210;680249.69;4754351.02;1026.39
31020;680127.48;4754213.06;972.64
14636;682894.67;4755349.35;1512.09
14638;683118.87;4754063.72;1455.12
47407;680864.93;4754657.62;1208.8
39216;680248.06;4754350.49;1024.9
6446;683535.29;4755193.44;1623.36
14642;683566.86;4755304.2;1609.15
6445;683594.83;4755234.42;1604.59
47417;683535.36;4753957.86;1543.92
14653;683021.78;4755309.95;1572.49
22847;681763.92;4755065.3;1354.26
6465;681677.35;4754999.39;1321.45
22849;682294.34;4755277.66;1463.57
22853;683265.92;4754114.18;1483.24
47431;682324.14;4755321.64;1473.67
22856;679723.13;4754302.02;927.82
6483;680679.04;4754562.68;1138.31
14682;682527.45;4754135.18;1378.63
31067;681516.15;4754865.73;1276.44
6490;683045.18;4755332.35;1582.29
47453;681230.71;4754049.36;1152.28
31070;682335.78;4755326.21;1471.47
6494;683249.94;4753943.48;1463.13
22876;683549.03;4755267.51;1604.25
22882;680741.15;4754603.54;1184.31
31075;683753.85;4755508.37;1741.2
22884;682808.79;4755306.52;1543.76
14692;683006.48;4755311.3;1584.43
47463;683212.54;4755210.69;1544.57
31094;682857.28;4755402.18;1509.16
6526;683370.02;4755316.94;1568.83
6528;683425.03;4755297.23;1569.87
31105;680318.33;4754390.09;1043.92
47490;683656.57;4755535.44;1729.63
22914;683753.63;4755504.8;1759.59
39303;680382.72;4754395.41;1030.76
14732;683623.93;4755230.17;1595.25
39309;683413.24;4753928.53;1508.53
22928;680174.3;4754180.76;999.98
31122;683098.57;4755360.78;1847.35
47509;683001.11;4755311.15;1583.56
39323;683315.14;4753984.83;1481.05
14751;680702.51;4754593.11;1148.22
22946;681648.66;4754125.0;1255.25
22951;683178.46;4755222.53;1545.09
22952;680250.69;4754151.54;1000.95
39336;682666.11;4755324.31;1506.1
47527;683292.42;4753976.22;1476.04
6571;683206.55;4755430.99;1564.53
22958;683089.14;4755352.13;1882.56
6578;683627.26;4755550.68;1727.68
22963;682818.52;4755359.96;1508.19
6581;682938.0;4755382.78;1514.02
22966;683113.18;4755225.71;1538.17
47543;683531.66;4755194.12;1622.76
6585;682993.99;4755261.5;1534.04
6587;682992.69;4755305.54;1579.51
39356;682967.53;4755330.14;1567.28
22977;680399.07;4754136.19;1022.51
47555;680720.65;4754603.39;1188.57
14789;683270.35;4753966.92;1468.66
14792;679832.07;4754219.87;954.56
31176;682286.6;4754163.8;1347.47
47563;681770.86;4755106.27;1363.93
14799;680843.7;4754668.53;1218.66
39376;682685.29;4755301.99;1522.73
39382;682795.78;4755322.9;1537.82
47576;682340.18;4755322.87;1471.66
23001;683482.45;4753973.89;1528.85
39392;683422.09;4755207.43;1562.61
39393;682247.08;4755221.68;1449.96
47588;681703.78;4754952.62;1299.21
31206;683009.91;4755248.45;1533.32
6631;680398.54;4754391.67;1032.68
6632;681004.22;4754686.44;1210.55
31212;681088.44;4754055.83;1119.73
31214;682761.84;4754113.03;1421.37
31215;683212.14;4753913.93;1453.9
6639;683673.77;4755328.09;1667.52
47601;680497.54;4754151.71;1057.58
39409;683125.85;4755356.55;1622.71
31230;683688.76;4755369.66;1681.88
6656;683264.4;4755210.16;1548.7
23043;681773.57;4754083.36;1293.82
39430;683527.18;4754111.02;1539.35
6664;682887.1;4754102.6;1425.86
6665;682404.17;4755334.87;1491.78
39432;683786.5;4755213.79;1631.93
14861;682815.83;4754110.66;1422.65
23054;680288.06;4754410.89;1068.54
6671;680900.09;4754050.78;1100.87
47634;680889.72;4754682.43;1196.85
6674;683069.46;4753962.82;1444.0
23065;683703.83;4755483.89;1731.94
23070;683673.84;4755339.76;1666.75
31263;678472.88;4754396.33;705.15
47647;683540.56;4755257.87;1600.84
39458;682833.54;4755291.66;1507.24
47652;683547.34;4754098.72;1546.21
23083;681016.5;4754076.51;1105.52
14892;683503.8;4753970.39;1533.35
6702;682844.12;4755307.54;1560.34
47665;680597.38;4754479.54;1102.44
31282;683216.78;4753916.99;1458.66
23093;683106.52;4755359.76;1774.54
14904;680778.72;4754661.54;1185.13
31289;683589.13;4754231.52;1569.33
6714;680331.27;4754378.61;1028.07
23099;682321.71;4755323.66;1480.99
23103;678767.83;4754352.21;719.91
23106;682624.42;4755335.17;1505.51
23107;680344.21;4754382.96;1027.95
47685;680986.19;4754080.03;1103.39
6726;682794.77;4755310.32;1548.46
6729;679771.13;4754379.72;941.36
39502;683801.43;4755574.13;1817.73
39504;681430.53;4754128.29;1231.55
14930;679933.43;4754196.49;955.36
6739;679960.99;4754193.01;966.48
6741;680602.99;4754531.97;1105.29
6742;681793.63;4754128.86;1278.15
31319;682258.48;4755314.1;1467.49
23128;680787.43;4754666.04;1173.42
47707;682630.75;4754120.1;1415.58
23132;682786.84;4755315.12;1545.55
31325;680281.7;4754411.98;1062.67
23133;682868.85;4755364.45;1509.99
23135;683121.87;4755357.06;1690.86
6755;683709.33;4755411.66;1697.74
23141;683004.01;4755244.8;1533.18
47723;683734.35;4755513.39;1739.7
47724;682939.88;4755312.63;1577.03
6764;683095.8;4755314.72;1576.79
6765;683378.52;4753928.21;1482.52
31344;683727.93;4755516.16;1738.66
39538;680059.14;4754213.77;968.69
39539;682845.81;4754110.01;1425.89
47733;683274.97;4753970.9;1473.77
31350;682842.0;4755329.9;1548.83
6777;682792.28;4755310.83;1548.82
39548;683703.88;4755417.48;1698.27
47748;680747.29;4754598.25;1154.45
47753;683199.12;4755412.3;1563.3
31370;682606.98;4755326.68;1526.88
14986;683409.53;4754003.73;1518.27
23180;683088.54;4755351.45;1800.14
23184;680786.91;4754628.12;1161.72
31381;682404.2;4755337.61;1478.93
47767;681013.03;4754692.55;1192.79
39575;683118.2;4753945.96;1448.17
6812;683422.25;4754004.17;1522.6
23197;683014.37;4754072.67;1447.3
31392;680274.9;4754359.25;1012.39
6816;682960.2;4755311.04;1567.31
6819;683534.66;4755256.43;1577.67
39590;680826.83;4754671.67;1208.92
23207;683275.99;4753891.55;1477.91
39594;683807.19;4755217.29;1655.68
6829;683500.68;4755255.34;1573.22
15023;681764.67;4755051.64;1346.04
31407;683320.16;4755206.53;1553.69
47791;683697.7;4755194.89;1602.5
23218;680718.26;4754488.2;1139.84
47794;683225.02;4753916.38;1461.29
6839;680321.63;4754134.02;1005.93
23225;680845.88;4754027.13;1096.36
6842;680033.51;4754334.85;956.87
15035;680569.2;4754108.26;1069.19
31420;680538.78;4754126.41;1067.8
6843;681034.31;4754687.41;1194.49
47803;681162.36;4754045.42;1134.46
31421;682498.25;4754150.02;1376.3
6848;682230.24;4754175.08;1343.52
39610;682818.24;4755331.4;1544.96
23228;683217.96;4753929.45;1454.36
6852;682625.86;4755315.64;1535.68
47814;679965.18;4754012.63;1024.06
39622;682674.45;4755292.09;1536.91
6859;682775.86;4755320.69;1538.09
47820;682727.32;4755299.79;1507.26
15053;683405.88;4754109.63;1516.86
31439;681366.52;4754852.87;1297.36
39632;683079.51;4755349.74;1886.07
31441;682781.32;4755337.03;1551.76
31442;680380.47;4754389.81;1027.81
23260;680146.54;4754187.02;996.04
39645;679892.67;4754162.29;959.2
31453;683412.95;4753998.73;1520.35
47842;682899.71;4755305.87;1562.51
15076;682961.81;4755320.65;1565.48
31462;683801.04;4755321.34;1704.55
47847;682852.47;4755352.32;1551.8
31466;679057.96;4754313.72;775.96
31476;683519.72;4755245.27;1576.97
23287;681074.35;4754069.06;1120.09
39672;678468.59;4754395.52;706.49
15095;683092.58;4753954.87;1446.44
15101;678820.71;4754326.55;730.33
6911;682958.25;4755311.16;1566.99
23295;683125.72;4755357.18;1589.18
47878;683526.54;4755195.66;1617.84
47879;681207.35;4754043.14;1146.15
6922;683172.02;4755225.06;1550.51
47886;683813.26;4755317.32;1708.86
31504;682201.38;4754188.97;1340.37
15122;679943.96;4754195.46;954.72
39699;680780.92;4754638.39;1164.5
47892;682463.44;4755359.54;1496.39
15130;681039.31;4754688.85;1202.03
6942;681760.44;4754088.52;1288.21
15137;680429.36;4754429.46;1070.87
39713;680502.52;4754158.09;1059.78
39714;681920.92;4755117.3;1372.09
39719;683573.59;4755231.6;1585.67
31530;683833.08;4755320.66;1713.5
31531;683416.6;4755206.7;1566.15
39725;683395.65;4753972.2;1486.55
47918;682036.48;4754179.98;1328.14
31535;679673.37;4754276.86;913.97
23343;680903.97;4754050.53;1100.82
39729;682954.64;4755310.81;1576.64
15155;679876.53;4754205.83;956.67
23349;682494.21;4754158.18;1374.92
31541;683552.2;4754241.75;1569.64
47927;680525.21;4754127.93;1068.87
15166;683099.54;4754063.65;1454.19
6975;683309.47;4753982.41;1480.72
39747;683283.67;4753876.58;1501.54
39748;682234.54;4755235.68;1459.68
39749;681139.63;4754685.69;1227.86
6990;683409.53;4753998.27;1521.07
15183;683286.69;4753894.76;1480.55
23377;683088.73;4755352.95;1868.47
15185;683368.66;4753903.38;1481.06
6997;678303.43;4754456.93;708.2
23383;683374.05;4753893.79;1490.59
39768;678240.44;4754499.6;704.42
23388;682639.36;4755288.28;1542.54
15197;679376.38;4754218.14;872.77
7006;683321.5;4755206.18;1550.54
31584;682716.32;4754114.66;1418.75
39776;683670.88;4755371.83;1675.05
39780;683159.99;4754081.58;1460.14
23398;682798.03;4755333.45;1546.6
39783;682790.79;4755323.89;1537.81
7015;683534.4;4754113.31;1541.01
31599;682276.34;4754159.55;1350.94
47985;683036.6;4755307.83;1573.69
31609;680124.27;4753920.46;1020.23
47994;683703.41;4755482.5;1731.54
48001;683547.65;4755247.51;1597.68
23425;683341.03;4753875.65;1479.37
23430;680738.69;4754512.94;1138.29
15238;683203.32;4754101.44;1470.03
48008;681061.4;4754067.24;1110.09
39817;682734.93;4755284.95;1536.75
31631;678207.19;4754500.63;710.11
48015;682802.01;4755330.73;1540.24
15250;680719.22;4754616.8;1191.57
39827;683687.21;4755493.61;1729.98
23445;683132.04;4755373.24;1560.82
7068;683001.05;4754063.81;1446.95
39837;680205.85;4754171.31;1002.84
23454;680278.83;4754360.21;1010.95
23455;683124.26;4755352.26;1596.44
39840;683716.43;4755482.92;1734.06
39842;682895.25;4755280.19;1512.81
31650;682882.12;4755363.21;1511.59
15272;681000.15;4754078.17;1104.45
23464;683178.62;4755217.14;1544.79
31659;683186.11;4755316.37;1596.59
31661;683607.51;4755326.04;1634.03
39855;680087.26;4754222.19;978.28
15279;683589.93;4755328.92;1628.47
15281;682339.21;4755322.97;1490.37
7091;682055.43;4755121.69;1424.35
23477;683089.65;4755352.94;1770.21
23482;682794.68;4755305.45;1548.78
23485;683249.72;4753892.97;1474.09
48062;680182.42;4754185.63;986.78
48064;683373.09;4753893.82;1488.44
31682;681069.68;4754670.49;1208.88
31683;683438.66;4753935.18;1515.77
7112;682780.97;4754126.37;1425.31
39881;682214.73;4754167.74;1348.86
31690;683740.83;4755481.51;1742.69
39884;683700.32;4755483.53;1730.96
7118;681400.9;4754840.94;1293.93
48078;682788.59;4755340.52;1550.27
23508;679076.95;4754323.24;789.85
23511;682992.15;4754012.94;1442.03
48089;679022.59;4754315.82;766.2
7129;679186.09;4754275.7;798.06
48092;682252.74;4755307.98;1465.82
39902;680860.5;4754666.38;1198.07
48095;680331.6;4754397.12;1050.47
23522;683536.98;4755212.12;1594.9
48099;680340.91;4754418.13;1068.75
39907;683537.22;4754206.16;1563.09
23523;683444.82;4755294.85;1570.34
39910;683102.68;4755361.79;1840.01
15335;682905.13;4755293.02;1572.18
15336;681213.58;4754043.16;1146.94
39912;682896.57;4755303.71;1568.85
15337;682982.1;4755311.74;1581.29
23530;682923.7;4754079.04;1436.86
31727;680918.32;4754668.26;1176.19
23536;683355.49;4753995.9;1497.56
15347;681483.19;4754102.92;1244.25
23540;682889.23;4755416.01;1519.99
39927;680771.59;4754613.39;1191.2
39928;683406.77;4753924.23;1506.82
23546;683125.67;4755362.85;1565.45
39931;680065.16;4753938.24;1019.72
15355;683417.27;4754003.95;1519.81
31741;683391.6;4755204.08;1560.3
39933;683755.16;4755489.19;1744.47
15369;679872.54;4754300.6;947.19
31764;683377.61;4753896.31;1490.74
48150;680104.29;4753926.84;1021.4
31768;679952.9;4754084.39;987.22
39962;683767.59;4755483.49;1745.82
31771;683001.9;4754030.2;1442.36
7196;680718.75;4754615.44;1193.88
15389;681055.81;4754668.94;1204.02
15390;683491.01;4755186.25;1593.52
31774;683413.01;4754001.59;1520.59
23584;682987.63;4755245.99;1526.71
39969;682131.09;4754211.44;1344.05
7202;679937.85;4754189.49;962.28
48162;683372.24;4753912.6;1481.23
31778;683380.23;4753999.05;1509.41
23589;683623.36;4755326.41;1638.39
39966;683753.14;4755559.97;1804.34
31785;683368.21;4755317.18;1569.1
48172;683380.5;4753933.53;1481.39
31791;681978.27;4754160.45;1318.49
7223;678096.99;4754289.71;660.22
48185;682199.72;4754179.36;1349.91
15418;683407.47;4753923.03;1505.91
7227;679893.62;4754190.52;952.95
7231;678885.72;4754324.6;741.02
23618;681985.18;4755103.08;1381.84
40005;683730.31;4755484.18;1738.55
31817;680283.12;4754381.52;1042.85
48203;683394.02;4755207.53;1584.74
40012;683127.05;4755228.52;1540.77
7251;682762.17;4755302.83;1534.1
40021;680375.41;4754126.52;1027.49
31830;680141.74;4754195.15;996.42
48213;682956.97;4755265.34;1520.83
7264;683271.17;4753905.66;1478.23
31841;683018.92;4754071.38;1447.58
40032;683287.34;4753888.67;1479.27
23651;681988.73;4755115.61;1382.55
23657;681043.74;4754074.98;1119.25
31850;683656.1;4755333.58;1660.15
23659;683416.19;4753929.66;1508.19
40045;683052.82;4753991.24;1441.67
23663;683304.07;4755209.8;1551.47
7279;683558.82;4755235.39;1597.95
48242;683831.6;4755561.14;1784.03
40052;683032.91;4755250.22;1527.97
15477;681756.55;4754082.48;1285.57
15481;683691.86;4755522.68;1731.86
40059;681494.55;4754103.13;1235.61
7294;682607.08;4754121.08;1413.78
48257;682431.73;4754156.59;1354.85
23685;682198.21;4754199.87;1340.35
23686;683189.68;4753923.06;1449.55
23689;683686.24;4755484.75;1713.51
23697;680138.95;4754205.55;973.56
15512;683185.87;4755216.64;1544.89
15515;680736.02;4754596.07;1150.07
40093;680253.24;4754154.19;1002.54
7325;683058.5;4755240.87;1528.8
23714;682535.38;4754117.46;1384.44
48296;683773.78;4755616.43;1789.3
7341;681806.05;4755105.84;1366.06
23725;683089.38;4755351.66;1802.79
15537;683444.45;4754113.8;1533.59
15541;682715.15;4755286.34;1534.9
48316;683174.78;4755313.37;1594.22
31938;679827.21;4754232.77;948.53
15555;680898.66;4754674.99;1201.17
7365;683121.2;4755356.46;1693.34
40135;682904.51;4755305.04;1576.2
7368;683118.63;4755320.11;1584.12
48332;682272.87;4755318.51;1471.49
7372;683003.32;4754032.2;1443.07
15566;682276.48;4755265.17;1460.52
23758;683497.62;4754104.16;1528.97
31951;683644.87;4755185.5;1587.94
31953;683093.76;4755351.82;1773.32
7376;683598.05;4755328.19;1630.63
48342;680776.01;4754639.32;1166.81
15577;683295.62;4753888.08;1479.03
23771;681604.26;4754883.02;1282.8
40155;683309.51;4755209.42;1551.59
48347;683722.65;4755202.18;1608.16
40158;681624.24;4754116.48;1243.58
15593;682214.65;4755305.33;1466.0
40169;682954.82;4755312.19;1566.48
48362;683080.27;4755349.29;1886.4
23789;682787.55;4755323.48;1555.61
48378;683327.21;4754115.55;1497.24
15612;683278.43;4753902.8;1479.84
40190;683535.29;4755197.7;1619.75
23807;682881.34;4754090.77;1427.9
23808;681100.1;4754065.52;1128.86
32000;683292.4;4753976.0;1478.87
7426;680189.81;4754357.85;1005.92
48387;681007.69;4754076.27;1115.99
48391;683212.59;4753913.73;1460.04
40202;680525.9;4754492.17;1096.72
7434;683258.44;4753912.75;1476.18
48395;683763.06;4755499.75;1757.99
23821;682975.01;4755307.87;1568.46
48398;683045.33;4753997.3;1442.05
32016;683650.65;4755538.3;1729.87
40209;679085.24;4754311.15;794.7
48402;680898.29;4754664.04;1175.56
7443;683281.73;4753973.65;1475.52
40213;683629.33;4755228.44;1597.0
32022;682995.8;4755302.91;1579.64
15641;681794.29;4755107.92;1364.64
15648;683025.73;4755250.65;1526.58
15650;682275.46;4754162.52;1349.67
40233;683034.16;4755308.82;1571.94
48428;682918.67;4755461.17;1529.42
7477;683549.29;4753947.32;1550.04
32054;680334.85;4754400.13;1057.64
32055;683002.09;4755298.14;1579.33
48442;681632.22;4754117.69;1243.11
40251;683765.58;4755323.7;1690.96
15676;683116.26;4755357.63;1676.32
7484;683066.44;4755352.01;1888.38
32063;682536.89;4754125.48;1379.03
23872;683268.88;4753965.42;1468.34
15683;683218.59;4753919.12;1458.46
48452;683125.04;4755356.37;1665.43
7493;679167.32;4754279.84;795.5
7494;682133.11;4755182.73;1432.94
7496;683674.34;4755346.72;1671.64
15688;683625.2;4755546.41;1721.75
32074;679975.22;4753987.02;1017.73
15693;683043.47;4755244.78;1530.59
48461;683187.81;4755316.82;1595.82
23894;681390.1;4754845.37;1296.0
15705;683646.4;4755320.3;1653.63
15716;678963.99;4754310.05;738.83
40293;679931.54;4754197.15;955.12
32106;683163.16;4753918.03;1448.6
23916;681430.66;4754110.86;1241.22
23917;680329.48;4754127.85;1009.98
32110;682798.97;4755303.6;1548.68
40307;680776.76;4754613.71;1192.03
23924;683643.5;4755181.93;1589.4
40310;680764.4;4754605.07;1184.52
23931;678261.76;4754488.34;701.94
48507;680431.9;4754419.68;1067.32
40316;683146.65;4755317.54;1588.64
48513;683013.95;4754056.07;1438.2
23938;681949.13;4754143.89;1314.57
32131;683812.55;4755571.2;1830.22
48520;682453.16;4755360.44;1491.8
40329;682388.68;4754133.36;1356.15
7563;683547.9;4754231.48;1568.16
40332;678316.85;4754453.02;709.91
23949;681203.76;4754046.05;1145.44
23950;679932.33;4754117.67;975.45
23951;682247.66;4755288.06;1461.32
15763;678257.51;4754492.33;701.74
48531;680790.18;4754664.58;1185.15
48533;680332.43;4754403.29;1053.64
23955;683166.16;4755224.61;1543.43
7572;683826.24;4755558.0;1780.01
7583;682404.86;4754132.49;1360.22
23974;682825.85;4755305.33;1544.31
15784;683746.43;4755486.78;1743.28
23982;683648.74;4755332.46;1655.24
7601;683224.93;4755405.18;1560.24
32178;682602.09;4755325.41;1529.23
7606;679936.94;4754086.9;987.2
23991;682097.76;4754208.01;1346.37
40376;681629.64;4754936.84;1282.83
23993;680743.83;4754596.16;1152.45
23995;682055.24;4755121.46;1424.22
40382;680440.69;4754385.43;1039.37
40387;683059.93;4755344.89;1932.19
24003;683510.61;4753959.47;1540.81
48586;682977.96;4755325.45;1564.13
32204;683693.44;4755369.21;1685.5
24014;681029.7;4754678.18;1198.19
40401;682897.57;4755337.25;1557.05
40404;679962.26;4754156.5;971.79
40405;682964.93;4754080.86;1433.72
32215;680574.64;4754105.97;1069.23
40408;683093.77;4755333.13;1578.54
7642;683127.3;4755358.96;1596.18
32220;683269.72;4755210.95;1549.06
7652;682335.53;4755319.04;1471.49
48612;683002.96;4755250.95;1536.91
15846;682830.49;4755307.53;1556.25
40421;682830.25;4755325.99;1548.96
7656;682758.81;4755302.45;1534.13
40433;683044.37;4755306.16;1573.92
32241;683552.11;4755274.44;1603.09
7674;683588.65;4755232.41;1589.5
24070;682492.2;4755372.31;1489.6
48650;683525.43;4755194.01;1602.71
32269;683721.44;4755484.61;1734.74
48654;683810.68;4755571.13;1817.69
24079;683205.49;4753908.13;1450.3
40464;681037.35;4754073.73;1106.32
15888;681722.07;4754122.11;1255.63
15889;683482.16;4755184.68;1596.15
7697;683173.71;4755393.64;1555.3
48655;683432.52;4754009.71;1526.57
32271;683459.95;4753959.46;1520.64
24086;679905.11;4754189.0;952.74
7704;683273.72;4753904.45;1480.43
32281;679298.69;4754233.42;845.5
32282;682811.2;4755331.65;1542.99
40472;683555.91;4755233.66;1597.03
40477;683108.25;4755356.8;1771.65
7711;682906.11;4754100.46;1428.03
24101;679851.67;4754230.43;946.12
15909;683900.35;4755590.13;1806.65
48682;683504.38;4753960.74;1540.06
7732;680622.42;4754054.08;1075.76
7733;680796.28;4754662.14;1176.03
24120;682901.47;4754072.2;1439.97
32315;682930.79;4755307.79;1562.14
7743;682289.77;4755318.53;1474.56
24130;683120.3;4755356.13;1718.89
40515;682764.25;4755308.44;1536.07
48708;682980.27;4755306.91;1571.64
48716;681680.11;4754130.88;1277.86
24147;682869.77;4755391.22;1516.65
32343;680698.86;4754590.74;1146.31
15960;683825.92;4755557.14;1773.13
24154;679214.31;4754218.58;821.32
7772;682043.63;4754174.88;1329.64
7779;680698.63;4754583.93;1189.69
7782;680884.78;4754041.01;1095.92
15983;679560.72;4754262.77;911.93
40560;679969.39;4754104.05;981.1
40559;683808.17;4755571.69;1817.99
32374;682006.49;4754150.56;1315.57
7803;681049.26;4754692.32;1216.09
40577;679707.47;4754263.51;929.94
7809;683376.14;4753921.59;1481.28
16003;679268.28;4754218.87;836.67
32388;683359.61;4753998.79;1502.12
16005;683481.14;4753970.7;1527.5
32390;683778.9;4755481.16;1748.25
40584;683074.29;4755331.05;1573.9
16009;683126.18;4755350.07;1595.43
40586;681645.63;4754950.25;1288.43
32395;683661.17;4755335.45;1665.64
7822;680966.28;4754084.42;1102.46
7824;682819.1;4755361.33;1507.83
16022;682441.71;4754161.37;1355.07
32407;683529.39;4755234.58;1577.86
40600;683554.63;4754178.27;1557.89
16025;683418.04;4754005.4;1519.03
24224;682546.82;4754120.32;1390.7
7843;683742.73;4755492.76;1744.57
7846;683106.12;4755364.51;1840.45
40619;680117.08;4754199.69;972.55
40622;681265.95;4754046.58;1160.47
24238;682332.32;4754152.12;1351.88
7857;681432.72;4754112.34;1231.14
16052;683012.15;4755375.3;1523.66
32437;680858.0;4754663.18;1175.11
7862;683246.59;4755212.26;1545.06
24247;683628.01;4755246.96;1604.07
32438;683693.37;4755486.02;1730.25
16060;683788.36;4755218.34;1642.56
32446;680156.71;4754183.68;995.84
40642;681409.47;4754842.06;1289.55
16066;683277.64;4753890.72;1479.06
24262;683407.42;4755208.04;1560.87
24263;682183.42;4754213.3;1346.74
16070;683224.24;4755402.55;1560.25
7881;683442.54;4753993.8;1523.09
40657;683138.69;4755378.2;1548.39
7889;683735.71;4755481.16;1739.48
24277;683756.56;4755504.37;1759.12
7896;683802.59;4755549.32;1770.84
16090;682286.09;4754164.0;1347.71
40670;680523.52;4754131.37;1064.79
24287;682790.53;4755322.35;1557.75
24288;683048.11;4753976.25;1442.46
32481;682891.28;4754104.49;1425.01
16105;681748.94;4754120.39;1260.13
24301;683156.59;4755315.57;1591.28
32493;683628.85;4755235.03;1601.67
40691;683243.12;4753916.53;1474.78
24309;680191.05;4754167.14;996.74
7925;681448.85;4754841.92;1281.39
16127;683761.12;4755592.39;1778.11
7936;680144.2;4754191.82;999.66
24320;681468.49;4754851.99;1276.58
24322;682634.75;4754123.33;1414.53
24326;681406.95;4754842.72;1289.18
40712;683569.95;4755238.52;1602.18
24331;683071.52;4755346.27;1944.71
40716;680617.28;4754062.84;1073.44
32524;683241.81;4753916.02;1472.7
7951;683667.8;4755339.12;1666.21
40720;683082.32;4755348.57;1883.74
32527;683772.76;4755487.45;1748.6
24342;679808.33;4754367.78;945.54
16151;682962.76;4755309.99;1567.44
40728;683066.74;4755351.69;1895.82
32535;683481.97;4755277.06;1572.97
24347;683623.86;4755549.55;1726.48
7978;680389.13;4754394.54;1032.43
40746;683639.39;4755532.36;1717.23
7987;680321.59;4754151.09;1003.04
24371;683766.63;4755485.61;1745.86
32565;680989.02;4754687.12;1180.28
7989;683257.08;4753960.13;1467.05
16185;683792.33;4755542.31;1755.67
16186;682244.97;4755220.64;1448.3
24382;678537.11;4754390.91;709.21
40767;682822.97;4755329.94;1546.14
32577;680026.05;4753955.81;1019.56
24388;683002.06;4755247.68;1537.53
40781;680724.83;4754052.98;1088.52
32597;682814.39;4755362.93;1507.99
40793;682872.72;4755388.07;1516.27
24410;683293.94;4753917.71;1481.11
24419;683240.2;4753906.18;1471.6
40805;682918.04;4754076.95;1438.24
24429;679934.18;4754089.28;986.89
40814;681101.11;4754663.45;1214.54
8049;680709.1;4754610.01;1188.1
40820;683457.96;4755197.28;1583.64
16244;683111.4;4755378.44;1542.54
16246;683563.16;4755238.52;1586.13
32634;683148.34;4755378.22;1549.39
8058;683247.97;4753895.6;1474.31
8061;680454.51;4754123.84;1040.96
40830;683150.92;4755226.35;1542.11
16258;683291.52;4753900.74;1479.69
8067;683375.8;4755315.06;1565.04
24453;680716.96;4754496.32;1132.31
16262;683093.8;4754060.26;1456.94
40837;683207.81;4755421.59;1564.05
24454;683786.89;4755579.76;1817.27
40841;682908.02;4755311.15;1557.18
32651;682909.73;4755417.95;1520.91
16268;682148.95;4755188.42;1436.77
24461;681354.27;4754087.99;1192.66
32656;683023.82;4754000.73;1441.82
16273;681354.74;4754099.32;1195.19
8082;682510.67;4754134.28;1379.28
16278;680133.5;4754205.77;973.18
16280;679741.67;4754317.74;929.86
8090;683707.06;4755328.12;1675.38
32673;681775.64;4754118.35;1275.18
24486;683760.47;4755561.81;1805.56
24490;681614.7;4754911.58;1283.89
8109;683740.51;4755486.6;1742.59
40878;682360.82;4754147.0;1352.77
16304;681665.05;4754953.38;1294.38
40880;682744.37;4755290.28;1501.56
32691;681647.08;4754934.5;1281.36
40886;683873.18;4755576.98;1788.69
16311;682157.35;4754210.37;1343.82
32696;682642.73;4755295.6;1539.75
40888;683512.14;4753960.63;1541.34
32703;680328.77;4754390.67;1036.66
8134;680421.76;4754133.01;1041.11
24520;682854.15;4755309.65;1560.79
32713;682414.15;4755335.87;1478.94
8142;679782.46;4754377.65;944.2
40913;683550.42;4755248.81;1597.04
32721;683405.29;4753919.52;1507.37
16339;680647.4;4754053.42;1079.94
40916;679882.56;4754309.9;947.73
24541;683738.62;4755516.36;1759.94
32740;682351.78;4755333.21;1475.74
40937;682122.38;4754192.85;1331.84
8174;680869.74;4754665.71;1198.76
8176;683091.7;4755314.14;1575.91
24565;683744.99;4755527.83;1779.89
16374;683124.71;4755356.45;1674.67
40952;682975.87;4755317.66;1576.88
16381;683010.43;4754058.14;1439.59
