id_dataset;short_name;id_subset;status;type_of_correction;last_processing_date;total_length;total_depth;percentage_csdim;number_connected_components;number_nodes;number_edges;mean_degree;min_degree;max_degree;cv_degree;number_cycles;mean_length;cv_length;length_entropy;orientation_3d_entropy;aspl;cpd;correlation_vertex_degree;country;latitude;longitude;altitude;license;citation;thanks
002;Migovec;000;clean;manual correction;11 Nov 2025;46317;968.62;13;1;7163;7206;2.09;1.0;6.0;0.53;44;49.7;1.26;0.42;0.902;35.94;0.555;-0.304;Slovenia;46.25198;13.76394;1854;CC BY-NC-SA 4.0;ICCC, & JSDPT. (2024). Survey Data for the Tolminski Migovec Cave Exploration project (Version 2024.03.13) [Dataset]. Zenodo. https://doi.org/DOI: 10.5281/ZENODO.108130;
003;Criou;001;clean;manual correction;11 Nov 2025;23267;1660.65;38;1;3721;3741;2.09;1.0;5.0;0.501;21;51.02;1.85;0.23;0.92;28.95;0.473;-0.312;France;46.0889;6.7705;1880;CC BY-NC-SA 4.0;Robert, X., & Collectif Criou. (2023). Base de données topographiques des systèmes karstiques du massif du Criou (Samoëns, 74, France) (Version 1.0.0) [Dataset]. Zenodo. https://doi.org/10.5281/zenodo.10020918;
003;Criou;002;clean;manual correction;11 Nov 2025;4718;673.72;0;1;792;796;2.13;1.0;5.0;0.514;5;73.73;1.23;0.65;0.83;8.15;0.389;-0.264;France;46.0889;6.7705;1880;CC BY-NC-SA 4.0;Robert, X., & Collectif Criou. (2023). Base de données topographiques des systèmes karstiques du massif du Criou (Samoëns, 74, France) (Version 1.0.0) [Dataset]. Zenodo. https://doi.org/10.5281/zenodo.10020918;
003;Criou;003;clean;manual correction;11 Nov 2025;749;357.25;0;1;153;152;1.67;1.0;5.0;0.62;0;149.9;1.66;0.41;0.674;1.93;0.56;-0.667;France;46.0889;6.7705;1880;CC BY-NC-SA 4.0;Robert, X., & Collectif Criou. (2023). Base de données topographiques des systèmes karstiques du massif du Criou (Samoëns, 74, France) (Version 1.0.0) [Dataset]. Zenodo. https://doi.org/10.5281/zenodo.10020918;
004;Matienzo;001;clean;semi-automatic correction;11 Nov 2025;40992;143.65;2;1;6058;6128;2.09;1.0;11.0;0.563;71;26.85;2.05;0.08;0.832;50.14;0.527;-0.346;Spain;43.3067;-3.6315;293;CC BY-NC-SA 4.0;"Matienzo Caves Project Expeditions. (2025). Matienzo Cave Survey Data 1960-2025 [Dataset, Aven .3d]. Matienzo Caves Project. https://matienzocaves.org.uk/maps_photos.htm
";
004;Matienzo;002;clean;semi-automatic correction;11 Nov 2025;38776;200.16;2;1;4642;4671;2.07;1.0;11.0;0.545;30;47.0;1.45;0.33;0.835;27.92;0.539;-0.287;Spain;43.3067;-3.6315;293;CC BY-NC-SA 4.0;"Matienzo Caves Project Expeditions. (2025). Matienzo Cave Survey Data 1960-2025 [Dataset, Aven .3d]. Matienzo Caves Project. https://matienzocaves.org.uk/maps_photos.htm
";
004;Matienzo;003;clean;semi-automatic correction;11 Nov 2025;36006;321.3;0;1;4257;4274;2.04;1.0;11.0;0.571;18;40.96;1.26;0.25;0.883;27.88;0.592;-0.278;Spain;43.3067;-3.6315;293;CC BY-NC-SA 4.0;"Matienzo Caves Project Expeditions. (2025). Matienzo Cave Survey Data 1960-2025 [Dataset, Aven .3d]. Matienzo Caves Project. https://matienzocaves.org.uk/maps_photos.htm
";
004;Matienzo;004;clean;semi-automatic correction;11 Nov 2025;34338;157.55;3;1;4246;4301;2.14;1.0;11.0;0.526;56;41.98;1.57;0.33;0.815;26.57;0.579;-0.308;Spain;43.3067;-3.6315;293;CC BY-NC-SA 4.0;"Matienzo Caves Project Expeditions. (2025). Matienzo Cave Survey Data 1960-2025 [Dataset, Aven .3d]. Matienzo Caves Project. https://matienzocaves.org.uk/maps_photos.htm
";
004;Matienzo;005;clean;semi-automatic correction;11 Nov 2025;24235;100.2;0;1;3833;3859;2.09;1.0;11.0;0.571;27;39.6;1.51;0.27;0.818;22.17;0.539;-0.331;Spain;43.3067;-3.6315;293;CC BY-NC-SA 4.0;"Matienzo Caves Project Expeditions. (2025). Matienzo Cave Survey Data 1960-2025 [Dataset, Aven .3d]. Matienzo Caves Project. https://matienzocaves.org.uk/maps_photos.htm
";
004;Matienzo;006;clean;semi-automatic correction;11 Nov 2025;23096;189.96;0;1;3085;3093;2.03;1.0;11.0;0.537;9;41.32;1.21;0.46;0.893;28.21;0.482;-0.328;Spain;43.3067;-3.6315;293;CC BY-NC-SA 4.0;"Matienzo Caves Project Expeditions. (2025). Matienzo Cave Survey Data 1960-2025 [Dataset, Aven .3d]. Matienzo Caves Project. https://matienzocaves.org.uk/maps_photos.htm
";
004;Matienzo;007;clean;semi-automatic correction;11 Nov 2025;9905;129.3;2;1;1462;1464;2.02;1.0;11.0;0.54;3;43.64;1.14;0.6;0.827;19.94;0.474;-0.363;Spain;43.3067;-3.6315;293;CC BY-NC-SA 4.0;"Matienzo Caves Project Expeditions. (2025). Matienzo Cave Survey Data 1960-2025 [Dataset, Aven .3d]. Matienzo Caves Project. https://matienzocaves.org.uk/maps_photos.htm
";
004;Matienzo;008;clean;semi-automatic correction;11 Nov 2025;8064;118.0;0;1;1404;1403;1.99;1.0;11.0;0.584;0;27.34;1.19;0.47;0.878;19.3;0.508;-0.336;Spain;43.3067;-3.6315;293;CC BY-NC-SA 4.0;"Matienzo Caves Project Expeditions. (2025). Matienzo Cave Survey Data 1960-2025 [Dataset, Aven .3d]. Matienzo Caves Project. https://matienzocaves.org.uk/maps_photos.htm
";
004;Matienzo;009;clean;semi-automatic correction;11 Nov 2025;5110;54.47;0;1;1173;1178;2.02;1.0;11.0;0.61;6;12.23;1.67;0.23;0.793;25.8;0.486;-0.361;Spain;43.3067;-3.6315;293;CC BY-NC-SA 4.0;"Matienzo Caves Project Expeditions. (2025). Matienzo Cave Survey Data 1960-2025 [Dataset, Aven .3d]. Matienzo Caves Project. https://matienzocaves.org.uk/maps_photos.htm
";
004;Matienzo;010;clean;semi-automatic correction;11 Nov 2025;7331;102.4;0;1;1049;1059;2.14;1.0;11.0;0.527;11;46.7;1.44;0.37;0.777;9.75;0.328;-0.292;Spain;43.3067;-3.6315;293;CC BY-NC-SA 4.0;"Matienzo Caves Project Expeditions. (2025). Matienzo Cave Survey Data 1960-2025 [Dataset, Aven .3d]. Matienzo Caves Project. https://matienzocaves.org.uk/maps_photos.htm
";
004;Matienzo;011;clean;semi-automatic correction;11 Nov 2025;5620;69.55;0;1;957;962;2.05;1.0;11.0;0.54;6;25.2;1.21;0.5;0.798;16.66;0.512;-0.3;Spain;43.3067;-3.6315;293;CC BY-NC-SA 4.0;"Matienzo Caves Project Expeditions. (2025). Matienzo Cave Survey Data 1960-2025 [Dataset, Aven .3d]. Matienzo Caves Project. https://matienzocaves.org.uk/maps_photos.htm
";
004;Matienzo;012;clean;semi-automatic correction;11 Nov 2025;9158;77.01;0;1;945;948;2.03;1.0;11.0;0.535;4;46.49;1.21;0.57;0.77;12.67;0.555;-0.221;Spain;43.3067;-3.6315;293;CC BY-NC-SA 4.0;"Matienzo Caves Project Expeditions. (2025). Matienzo Cave Survey Data 1960-2025 [Dataset, Aven .3d]. Matienzo Caves Project. https://matienzocaves.org.uk/maps_photos.htm
";
004;Matienzo;013;clean;semi-automatic correction;11 Nov 2025;5106;42.9;20;1;913;913;2.0;1.0;11.0;0.561;1;72.95;1.63;0.5;0.771;8.54;0.486;-0.321;Spain;43.3067;-3.6315;293;CC BY-NC-SA 4.0;"Matienzo Caves Project Expeditions. (2025). Matienzo Cave Survey Data 1960-2025 [Dataset, Aven .3d]. Matienzo Caves Project. https://matienzocaves.org.uk/maps_photos.htm
";
004;Matienzo;014;clean;semi-automatic correction;11 Nov 2025;5137;49.98;0;1;761;772;2.14;1.0;11.0;0.515;12;30.4;1.2;0.63;0.787;11.53;0.468;-0.28;Spain;43.3067;-3.6315;293;CC BY-NC-SA 4.0;"Matienzo Caves Project Expeditions. (2025). Matienzo Cave Survey Data 1960-2025 [Dataset, Aven .3d]. Matienzo Caves Project. https://matienzocaves.org.uk/maps_photos.htm
";
004;Matienzo;015;clean;semi-automatic correction;11 Nov 2025;3222;32.81;0;1;707;724;2.08;1.0;11.0;0.604;18;7.65;1.5;0.21;0.83;21.51;0.615;-0.302;Spain;43.3067;-3.6315;293;CC BY-NC-SA 4.0;"Matienzo Caves Project Expeditions. (2025). Matienzo Cave Survey Data 1960-2025 [Dataset, Aven .3d]. Matienzo Caves Project. https://matienzocaves.org.uk/maps_photos.htm
";
004;Matienzo;016;clean;semi-automatic correction;11 Nov 2025;3124;92.33;1;1;593;592;1.99;1.0;11.0;0.615;0;16.36;1.35;0.46;0.857;15.97;0.57;-0.417;Spain;43.3067;-3.6315;293;CC BY-NC-SA 4.0;"Matienzo Caves Project Expeditions. (2025). Matienzo Cave Survey Data 1960-2025 [Dataset, Aven .3d]. Matienzo Caves Project. https://matienzocaves.org.uk/maps_photos.htm
";
004;Matienzo;017;clean;semi-automatic correction;11 Nov 2025;2784;65.14;0;1;550;551;2.05;1.0;11.0;0.487;2;73.28;0.95;0.76;0.775;5.97;0.528;-0.324;Spain;43.3067;-3.6315;293;CC BY-NC-SA 4.0;"Matienzo Caves Project Expeditions. (2025). Matienzo Cave Survey Data 1960-2025 [Dataset, Aven .3d]. Matienzo Caves Project. https://matienzocaves.org.uk/maps_photos.htm
";
004;Matienzo;018;clean;semi-automatic correction;11 Nov 2025;2521;38.15;0;1;439;441;2.03;1.0;11.0;0.542;3;16.81;0.88;0.68;0.832;13.59;0.581;-0.362;Spain;43.3067;-3.6315;293;CC BY-NC-SA 4.0;"Matienzo Caves Project Expeditions. (2025). Matienzo Cave Survey Data 1960-2025 [Dataset, Aven .3d]. Matienzo Caves Project. https://matienzocaves.org.uk/maps_photos.htm
";
004;Matienzo;019;clean;semi-automatic correction;11 Nov 2025;3050;129.17;0;1;429;430;2.01;1.0;11.0;0.611;2;19.81;1.02;0.69;0.871;12.75;0.542;-0.331;Spain;43.3067;-3.6315;293;CC BY-NC-SA 4.0;"Matienzo Caves Project Expeditions. (2025). Matienzo Cave Survey Data 1960-2025 [Dataset, Aven .3d]. Matienzo Caves Project. https://matienzocaves.org.uk/maps_photos.htm
";
004;Matienzo;020;clean;semi-automatic correction;11 Nov 2025;2166;83.28;0;1;388;387;1.98;1.0;11.0;0.606;0;21.67;2.5;0.19;0.847;8.58;0.591;-0.421;Spain;43.3067;-3.6315;293;CC BY-NC-SA 4.0;"Matienzo Caves Project Expeditions. (2025). Matienzo Cave Survey Data 1960-2025 [Dataset, Aven .3d]. Matienzo Caves Project. https://matienzocaves.org.uk/maps_photos.htm
";
004;Matienzo;021;clean;semi-automatic correction;11 Nov 2025;2123;212.62;0;1;388;387;1.97;1.0;11.0;0.579;0;29.49;1.26;0.6;0.842;9.3;0.469;-0.502;Spain;43.3067;-3.6315;293;CC BY-NC-SA 4.0;"Matienzo Caves Project Expeditions. (2025). Matienzo Cave Survey Data 1960-2025 [Dataset, Aven .3d]. Matienzo Caves Project. https://matienzocaves.org.uk/maps_photos.htm
";
004;Matienzo;022;clean;semi-automatic correction;11 Nov 2025;965;36.4;0;1;346;350;2.16;1.0;11.0;0.48;5;19.69;1.62;0.44;0.694;8.35;0.498;-0.331;Spain;43.3067;-3.6315;293;CC BY-NC-SA 4.0;"Matienzo Caves Project Expeditions. (2025). Matienzo Cave Survey Data 1960-2025 [Dataset, Aven .3d]. Matienzo Caves Project. https://matienzocaves.org.uk/maps_photos.htm
";
004;Matienzo;023;clean;semi-automatic correction;11 Nov 2025;1454;33.68;0;1;345;344;1.98;1.0;11.0;0.54;0;15.99;0.81;0.79;0.853;9.07;0.571;-0.394;Spain;43.3067;-3.6315;293;CC BY-NC-SA 4.0;"Matienzo Caves Project Expeditions. (2025). Matienzo Cave Survey Data 1960-2025 [Dataset, Aven .3d]. Matienzo Caves Project. https://matienzocaves.org.uk/maps_photos.htm
";
004;Matienzo;024;clean;semi-automatic correction;11 Nov 2025;3552;110.77;0;1;339;338;1.97;1.0;11.0;0.607;0;56.4;1.02;0.72;0.788;6.82;0.568;-0.372;Spain;43.3067;-3.6315;293;CC BY-NC-SA 4.0;"Matienzo Caves Project Expeditions. (2025). Matienzo Cave Survey Data 1960-2025 [Dataset, Aven .3d]. Matienzo Caves Project. https://matienzocaves.org.uk/maps_photos.htm
";
004;Matienzo;025;clean;semi-automatic correction;11 Nov 2025;2449;76.75;0;1;302;301;1.97;1.0;11.0;0.633;0;33.56;0.95;0.67;0.798;8.1;0.517;-0.323;Spain;43.3067;-3.6315;293;CC BY-NC-SA 4.0;"Matienzo Caves Project Expeditions. (2025). Matienzo Cave Survey Data 1960-2025 [Dataset, Aven .3d]. Matienzo Caves Project. https://matienzocaves.org.uk/maps_photos.htm
";
004;Matienzo;026;clean;semi-automatic correction;11 Nov 2025;2499;69.9;0;1;295;297;2.04;1.0;11.0;0.545;3;26.87;1.83;0.27;0.712;8.4;0.511;-0.412;Spain;43.3067;-3.6315;293;CC BY-NC-SA 4.0;"Matienzo Caves Project Expeditions. (2025). Matienzo Cave Survey Data 1960-2025 [Dataset, Aven .3d]. Matienzo Caves Project. https://matienzocaves.org.uk/maps_photos.htm
";
004;Matienzo;027;clean;semi-automatic correction;11 Nov 2025;2525;144.89;0;1;270;269;1.96;1.0;11.0;0.614;0;45.91;2.6;0.11;0.834;6.73;0.504;-0.428;Spain;43.3067;-3.6315;293;CC BY-NC-SA 4.0;"Matienzo Caves Project Expeditions. (2025). Matienzo Cave Survey Data 1960-2025 [Dataset, Aven .3d]. Matienzo Caves Project. https://matienzocaves.org.uk/maps_photos.htm
";
004;Matienzo;028;clean;semi-automatic correction;11 Nov 2025;1716;284.68;0;1;265;264;1.93;1.0;11.0;0.556;0;66.0;1.19;0.67;0.786;4.6;0.556;-0.412;Spain;43.3067;-3.6315;293;CC BY-NC-SA 4.0;"Matienzo Caves Project Expeditions. (2025). Matienzo Cave Survey Data 1960-2025 [Dataset, Aven .3d]. Matienzo Caves Project. https://matienzocaves.org.uk/maps_photos.htm
";
004;Matienzo;029;clean;semi-automatic correction;11 Nov 2025;1574;84.96;0;1;265;264;1.97;1.0;11.0;0.625;0;23.86;1.07;0.59;0.811;7.17;0.622;-0.283;Spain;43.3067;-3.6315;293;CC BY-NC-SA 4.0;"Matienzo Caves Project Expeditions. (2025). Matienzo Cave Survey Data 1960-2025 [Dataset, Aven .3d]. Matienzo Caves Project. https://matienzocaves.org.uk/maps_photos.htm
";
004;Matienzo;030;clean;semi-automatic correction;11 Nov 2025;1820;34.62;0;1;259;259;2.0;1.0;11.0;0.62;1;130.02;1.17;0.72;0.75;2.97;0.403;-0.591;Spain;43.3067;-3.6315;293;CC BY-NC-SA 4.0;"Matienzo Caves Project Expeditions. (2025). Matienzo Cave Survey Data 1960-2025 [Dataset, Aven .3d]. Matienzo Caves Project. https://matienzocaves.org.uk/maps_photos.htm
";
004;Matienzo;031;clean;semi-automatic correction;11 Nov 2025;1041;15.23;0;1;238;242;2.11;1.0;11.0;0.529;5;13.02;0.85;0.79;0.749;9.81;0.431;-0.305;Spain;43.3067;-3.6315;293;CC BY-NC-SA 4.0;"Matienzo Caves Project Expeditions. (2025). Matienzo Cave Survey Data 1960-2025 [Dataset, Aven .3d]. Matienzo Caves Project. https://matienzocaves.org.uk/maps_photos.htm
";
004;Matienzo;032;clean;semi-automatic correction;11 Nov 2025;1881;228.23;0;1;229;228;1.88;1.0;11.0;0.547;0;125.44;1.62;0.44;0.711;3.54;0.528;-0.429;Spain;43.3067;-3.6315;293;CC BY-NC-SA 4.0;"Matienzo Caves Project Expeditions. (2025). Matienzo Cave Survey Data 1960-2025 [Dataset, Aven .3d]. Matienzo Caves Project. https://matienzocaves.org.uk/maps_photos.htm
";
004;Matienzo;033;clean;semi-automatic correction;11 Nov 2025;1092;18.65;0;1;226;231;2.15;1.0;11.0;0.514;6;15.17;1.09;0.66;0.705;7.51;0.445;-0.214;Spain;43.3067;-3.6315;293;CC BY-NC-SA 4.0;"Matienzo Caves Project Expeditions. (2025). Matienzo Cave Survey Data 1960-2025 [Dataset, Aven .3d]. Matienzo Caves Project. https://matienzocaves.org.uk/maps_photos.htm
";
004;Matienzo;034;clean;semi-automatic correction;11 Nov 2025;1108;51.74;0;1;224;226;2.06;1.0;11.0;0.546;3;17.88;1.44;0.37;0.808;6.72;0.626;-0.304;Spain;43.3067;-3.6315;293;CC BY-NC-SA 4.0;"Matienzo Caves Project Expeditions. (2025). Matienzo Cave Survey Data 1960-2025 [Dataset, Aven .3d]. Matienzo Caves Project. https://matienzocaves.org.uk/maps_photos.htm
";
004;Matienzo;035;clean;semi-automatic correction;11 Nov 2025;1532;194.43;0;1;223;222;1.97;1.0;11.0;0.582;0;25.13;1.15;0.61;0.808;7.76;0.572;-0.35;Spain;43.3067;-3.6315;293;CC BY-NC-SA 4.0;"Matienzo Caves Project Expeditions. (2025). Matienzo Cave Survey Data 1960-2025 [Dataset, Aven .3d]. Matienzo Caves Project. https://matienzocaves.org.uk/maps_photos.htm
";
004;Matienzo;036;clean;semi-automatic correction;11 Nov 2025;2660;142.29;0;1;220;219;1.96;1.0;11.0;0.543;0;52.17;1.13;0.69;0.785;7.07;0.559;-0.355;Spain;43.3067;-3.6315;293;CC BY-NC-SA 4.0;"Matienzo Caves Project Expeditions. (2025). Matienzo Cave Survey Data 1960-2025 [Dataset, Aven .3d]. Matienzo Caves Project. https://matienzocaves.org.uk/maps_photos.htm
";
004;Matienzo;037;clean;semi-automatic correction;11 Nov 2025;1137;83.77;0;1;203;205;2.07;1.0;11.0;0.561;3;20.3;0.99;0.67;0.849;6.58;0.578;-0.261;Spain;43.3067;-3.6315;293;CC BY-NC-SA 4.0;"Matienzo Caves Project Expeditions. (2025). Matienzo Cave Survey Data 1960-2025 [Dataset, Aven .3d]. Matienzo Caves Project. https://matienzocaves.org.uk/maps_photos.htm
";
004;Matienzo;038;clean;semi-automatic correction;11 Nov 2025;1167;178.8;0;1;201;200;1.82;1.0;11.0;0.642;0;116.77;0.89;0.82;0.794;2.69;0.576;-0.481;Spain;43.3067;-3.6315;293;CC BY-NC-SA 4.0;"Matienzo Caves Project Expeditions. (2025). Matienzo Cave Survey Data 1960-2025 [Dataset, Aven .3d]. Matienzo Caves Project. https://matienzocaves.org.uk/maps_photos.htm
";
004;Matienzo;039;clean;semi-automatic correction;11 Nov 2025;940;156.9;0;1;194;193;1.9;1.0;11.0;0.573;0;47.0;1.4;0.46;0.647;3.99;0.514;-0.429;Spain;43.3067;-3.6315;293;CC BY-NC-SA 4.0;"Matienzo Caves Project Expeditions. (2025). Matienzo Cave Survey Data 1960-2025 [Dataset, Aven .3d]. Matienzo Caves Project. https://matienzocaves.org.uk/maps_photos.htm
";
004;Matienzo;040;clean;semi-automatic correction;11 Nov 2025;920;18.4;10;1;194;193;1.95;1.0;11.0;0.659;0;22.44;1.37;0.62;0.73;6.06;0.469;-0.486;Spain;43.3067;-3.6315;293;CC BY-NC-SA 4.0;"Matienzo Caves Project Expeditions. (2025). Matienzo Cave Survey Data 1960-2025 [Dataset, Aven .3d]. Matienzo Caves Project. https://matienzocaves.org.uk/maps_photos.htm
";
004;Matienzo;041;clean;semi-automatic correction;11 Nov 2025;1088;47.29;0;1;176;181;2.12;1.0;11.0;0.62;6;12.81;1.83;0.21;0.737;10.49;0.496;-0.339;Spain;43.3067;-3.6315;293;CC BY-NC-SA 4.0;"Matienzo Caves Project Expeditions. (2025). Matienzo Cave Survey Data 1960-2025 [Dataset, Aven .3d]. Matienzo Caves Project. https://matienzocaves.org.uk/maps_photos.htm
";
004;Matienzo;042;clean;semi-automatic correction;11 Nov 2025;906;93.73;0;1;173;172;1.88;1.0;11.0;0.547;0;60.4;1.04;0.77;0.719;3.74;0.431;-0.429;Spain;43.3067;-3.6315;293;CC BY-NC-SA 4.0;"Matienzo Caves Project Expeditions. (2025). Matienzo Cave Survey Data 1960-2025 [Dataset, Aven .3d]. Matienzo Caves Project. https://matienzocaves.org.uk/maps_photos.htm
";
004;Matienzo;043;clean;semi-automatic correction;11 Nov 2025;1038;204.03;0;1;171;170;1.94;1.0;11.0;0.546;0;32.46;1.43;0.54;0.743;5.89;0.455;-0.4;Spain;43.3067;-3.6315;293;CC BY-NC-SA 4.0;"Matienzo Caves Project Expeditions. (2025). Matienzo Cave Survey Data 1960-2025 [Dataset, Aven .3d]. Matienzo Caves Project. https://matienzocaves.org.uk/maps_photos.htm
";
004;Matienzo;044;clean;semi-automatic correction;11 Nov 2025;892;47.43;0;1;164;163;1.96;1.0;11.0;0.597;0;20.29;0.84;0.82;0.791;6.01;0.51;-0.424;Spain;43.3067;-3.6315;293;CC BY-NC-SA 4.0;"Matienzo Caves Project Expeditions. (2025). Matienzo Cave Survey Data 1960-2025 [Dataset, Aven .3d]. Matienzo Caves Project. https://matienzocaves.org.uk/maps_photos.htm
";
004;Matienzo;046;clean;semi-automatic correction;11 Nov 2025;517;43.69;0;1;151;150;1.97;1.0;11.0;0.645;0;7.61;1.46;0.54;0.802;8.24;0.524;-0.473;Spain;43.3067;-3.6315;293;CC BY-NC-SA 4.0;"Matienzo Caves Project Expeditions. (2025). Matienzo Cave Survey Data 1960-2025 [Dataset, Aven .3d]. Matienzo Caves Project. https://matienzocaves.org.uk/maps_photos.htm
";
004;Matienzo;049;clean;semi-automatic correction;11 Nov 2025;1312;24.64;0;1;139;138;1.89;1.0;11.0;0.541;0;77.23;1.37;0.58;0.586;3.95;0.42;-0.417;Spain;43.3067;-3.6315;293;CC BY-NC-SA 4.0;"Matienzo Caves Project Expeditions. (2025). Matienzo Cave Survey Data 1960-2025 [Dataset, Aven .3d]. Matienzo Caves Project. https://matienzocaves.org.uk/maps_photos.htm
";
004;Matienzo;050;clean;semi-automatic correction;11 Nov 2025;953;103.46;0;1;136;135;1.94;1.0;11.0;0.57;0;30.75;0.8;0.75;0.752;5.23;0.527;-0.366;Spain;43.3067;-3.6315;293;CC BY-NC-SA 4.0;"Matienzo Caves Project Expeditions. (2025). Matienzo Cave Survey Data 1960-2025 [Dataset, Aven .3d]. Matienzo Caves Project. https://matienzocaves.org.uk/maps_photos.htm
";
004;Matienzo;051;clean;semi-automatic correction;11 Nov 2025;968;305.39;0;1;135;134;1.8;1.0;11.0;0.574;0;107.62;2.31;0.3;0.694;2.6;0.611;-0.5;Spain;43.3067;-3.6315;293;CC BY-NC-SA 4.0;"Matienzo Caves Project Expeditions. (2025). Matienzo Cave Survey Data 1960-2025 [Dataset, Aven .3d]. Matienzo Caves Project. https://matienzocaves.org.uk/maps_photos.htm
";
004;Matienzo;052;clean;semi-automatic correction;11 Nov 2025;635;35.3;0;1;131;130;1.92;1.0;11.0;0.531;0;27.64;1.25;0.55;0.638;4.38;0.561;-0.394;Spain;43.3067;-3.6315;293;CC BY-NC-SA 4.0;"Matienzo Caves Project Expeditions. (2025). Matienzo Cave Survey Data 1960-2025 [Dataset, Aven .3d]. Matienzo Caves Project. https://matienzocaves.org.uk/maps_photos.htm
";
004;Matienzo;053;clean;semi-automatic correction;11 Nov 2025;547;32.76;0;1;130;130;2.0;1.0;11.0;0.577;1;11.17;1.15;0.62;0.713;5.77;0.502;-0.411;Spain;43.3067;-3.6315;293;CC BY-NC-SA 4.0;"Matienzo Caves Project Expeditions. (2025). Matienzo Cave Survey Data 1960-2025 [Dataset, Aven .3d]. Matienzo Caves Project. https://matienzocaves.org.uk/maps_photos.htm
";
004;Matienzo;054;clean;semi-automatic correction;11 Nov 2025;570;23.57;0;1;123;122;1.96;1.0;11.0;0.616;0;10.97;0.87;0.77;0.738;7.43;0.49;-0.362;Spain;43.3067;-3.6315;293;CC BY-NC-SA 4.0;"Matienzo Caves Project Expeditions. (2025). Matienzo Cave Survey Data 1960-2025 [Dataset, Aven .3d]. Matienzo Caves Project. https://matienzocaves.org.uk/maps_photos.htm
";
004;Matienzo;055;clean;semi-automatic correction;11 Nov 2025;673;24.3;0;1;122;124;2.1;1.0;11.0;0.515;3;16.03;1.03;0.66;0.753;6.09;0.407;-0.365;Spain;43.3067;-3.6315;293;CC BY-NC-SA 4.0;"Matienzo Caves Project Expeditions. (2025). Matienzo Cave Survey Data 1960-2025 [Dataset, Aven .3d]. Matienzo Caves Project. https://matienzocaves.org.uk/maps_photos.htm
";
004;Matienzo;056;clean;semi-automatic correction;11 Nov 2025;656;13.1;0;1;117;116;1.83;1.0;11.0;0.562;0;59.71;0.85;0.82;0.685;2.92;0.564;-0.467;Spain;43.3067;-3.6315;293;CC BY-NC-SA 4.0;"Matienzo Caves Project Expeditions. (2025). Matienzo Cave Survey Data 1960-2025 [Dataset, Aven .3d]. Matienzo Caves Project. https://matienzocaves.org.uk/maps_photos.htm
";
004;Matienzo;057;clean;semi-automatic correction;11 Nov 2025;710;41.07;0;1;108;108;2.0;1.0;11.0;0.557;1;23.67;1.82;0.34;0.606;4.79;0.449;-0.346;Spain;43.3067;-3.6315;293;CC BY-NC-SA 4.0;"Matienzo Caves Project Expeditions. (2025). Matienzo Cave Survey Data 1960-2025 [Dataset, Aven .3d]. Matienzo Caves Project. https://matienzocaves.org.uk/maps_photos.htm
";
004;Matienzo;058;clean;semi-automatic correction;11 Nov 2025;796;17.91;0;1;108;108;2.0;1.0;11.0;0.522;1;66.38;0.91;0.78;0.672;3.02;0.395;-0.333;Spain;43.3067;-3.6315;293;CC BY-NC-SA 4.0;"Matienzo Caves Project Expeditions. (2025). Matienzo Cave Survey Data 1960-2025 [Dataset, Aven .3d]. Matienzo Caves Project. https://matienzocaves.org.uk/maps_photos.htm
";
004;Matienzo;060;clean;semi-automatic correction;11 Nov 2025;730;49.49;0;1;104;103;1.92;1.0;11.0;0.587;0;29.22;1.18;0.64;0.732;5.04;0.407;-0.509;Spain;43.3067;-3.6315;293;CC BY-NC-SA 4.0;"Matienzo Caves Project Expeditions. (2025). Matienzo Cave Survey Data 1960-2025 [Dataset, Aven .3d]. Matienzo Caves Project. https://matienzocaves.org.uk/maps_photos.htm
";
004;Matienzo;061;clean;semi-automatic correction;11 Nov 2025;1747;80.4;0;1;104;103;1.98;1.0;11.0;0.603;0;22.13;1.03;0.62;0.563;10.55;0.437;-0.435;Spain;43.3067;-3.6315;293;CC BY-NC-SA 4.0;"Matienzo Caves Project Expeditions. (2025). Matienzo Cave Survey Data 1960-2025 [Dataset, Aven .3d]. Matienzo Caves Project. https://matienzocaves.org.uk/maps_photos.htm
";
004;Matienzo;062;clean;semi-automatic correction;11 Nov 2025;519;9.85;0;1;100;108;2.35;1.0;11.0;0.63;9;9.62;0.55;0.83;0.71;5.42;0.471;0.003;Spain;43.3067;-3.6315;293;CC BY-NC-SA 4.0;"Matienzo Caves Project Expeditions. (2025). Matienzo Cave Survey Data 1960-2025 [Dataset, Aven .3d]. Matienzo Caves Project. https://matienzocaves.org.uk/maps_photos.htm
";
004;Matienzo;063;clean;semi-automatic correction;11 Nov 2025;630;200.7;0;1;95;94;1.94;1.0;11.0;0.639;0;21.02;1.4;0.51;0.632;4.88;0.501;-0.457;Spain;43.3067;-3.6315;293;CC BY-NC-SA 4.0;"Matienzo Caves Project Expeditions. (2025). Matienzo Cave Survey Data 1960-2025 [Dataset, Aven .3d]. Matienzo Caves Project. https://matienzocaves.org.uk/maps_photos.htm
";
004;Matienzo;064;clean;semi-automatic correction;11 Nov 2025;522;38.04;0;1;91;90;1.5;1.0;11.0;0.667;0;174.23;0.32;0.48;0.691;1.5;1.0;-1.0;Spain;43.3067;-3.6315;293;CC BY-NC-SA 4.0;"Matienzo Caves Project Expeditions. (2025). Matienzo Cave Survey Data 1960-2025 [Dataset, Aven .3d]. Matienzo Caves Project. https://matienzocaves.org.uk/maps_photos.htm
";
004;Matienzo;066;clean;semi-automatic correction;11 Nov 2025;598;148.12;0;1;87;86;1.92;1.0;11.0;0.587;0;23.93;1.13;0.62;0.637;4.77;0.457;-0.44;Spain;43.3067;-3.6315;293;CC BY-NC-SA 4.0;"Matienzo Caves Project Expeditions. (2025). Matienzo Cave Survey Data 1960-2025 [Dataset, Aven .3d]. Matienzo Caves Project. https://matienzocaves.org.uk/maps_photos.htm
";
004;Matienzo;069;clean;semi-automatic correction;11 Nov 2025;781;51.98;0;1;85;84;1.93;1.0;11.0;0.598;0;28.94;0.85;0.82;0.616;5.4;0.401;-0.439;Spain;43.3067;-3.6315;293;CC BY-NC-SA 4.0;"Matienzo Caves Project Expeditions. (2025). Matienzo Cave Survey Data 1960-2025 [Dataset, Aven .3d]. Matienzo Caves Project. https://matienzocaves.org.uk/maps_photos.htm
";
004;Matienzo;070;clean;semi-automatic correction;11 Nov 2025;1945;63.88;0;1;82;81;1.9;1.0;11.0;0.641;0;97.27;1.15;0.71;0.637;3.57;0.67;-0.387;Spain;43.3067;-3.6315;293;CC BY-NC-SA 4.0;"Matienzo Caves Project Expeditions. (2025). Matienzo Cave Survey Data 1960-2025 [Dataset, Aven .3d]. Matienzo Caves Project. https://matienzocaves.org.uk/maps_photos.htm
";
004;Matienzo;072;clean;semi-automatic correction;11 Nov 2025;505;100.66;0;1;81;81;2.0;1.0;11.0;0.649;1;25.27;1.46;0.59;0.527;3.85;0.492;-0.571;Spain;43.3067;-3.6315;293;CC BY-NC-SA 4.0;"Matienzo Caves Project Expeditions. (2025). Matienzo Cave Survey Data 1960-2025 [Dataset, Aven .3d]. Matienzo Caves Project. https://matienzocaves.org.uk/maps_photos.htm
";
004;Matienzo;073;clean;semi-automatic correction;11 Nov 2025;544;9.0;0;1;80;79;1.71;1.0;11.0;0.731;0;90.76;0.88;0.58;0.629;2.0;0.7;-0.714;Spain;43.3067;-3.6315;293;CC BY-NC-SA 4.0;"Matienzo Caves Project Expeditions. (2025). Matienzo Cave Survey Data 1960-2025 [Dataset, Aven .3d]. Matienzo Caves Project. https://matienzocaves.org.uk/maps_photos.htm
";
004;Matienzo;074;clean;semi-automatic correction;11 Nov 2025;587;166.75;21;1;79;78;1.92;1.0;11.0;0.561;0;24.47;1.36;0.58;0.598;4.78;0.459;-0.5;Spain;43.3067;-3.6315;293;CC BY-NC-SA 4.0;"Matienzo Caves Project Expeditions. (2025). Matienzo Cave Survey Data 1960-2025 [Dataset, Aven .3d]. Matienzo Caves Project. https://matienzocaves.org.uk/maps_photos.htm
";
004;Matienzo;076;clean;semi-automatic correction;11 Nov 2025;577;35.11;0;1;79;80;2.09;1.0;11.0;0.487;2;25.1;1.0;0.75;0.719;4.23;0.359;-0.278;Spain;43.3067;-3.6315;293;CC BY-NC-SA 4.0;"Matienzo Caves Project Expeditions. (2025). Matienzo Cave Survey Data 1960-2025 [Dataset, Aven .3d]. Matienzo Caves Project. https://matienzocaves.org.uk/maps_photos.htm
";
004;Matienzo;077;clean;semi-automatic correction;11 Nov 2025;513;20.64;0;1;79;80;2.06;1.0;11.0;0.536;2;15.55;0.91;0.76;0.656;5.04;0.474;-0.201;Spain;43.3067;-3.6315;293;CC BY-NC-SA 4.0;"Matienzo Caves Project Expeditions. (2025). Matienzo Cave Survey Data 1960-2025 [Dataset, Aven .3d]. Matienzo Caves Project. https://matienzocaves.org.uk/maps_photos.htm
";
004;Matienzo;079;clean;semi-automatic correction;11 Nov 2025;771;38.6;0;1;77;76;1.86;1.0;11.0;0.553;0;59.37;1.86;0.34;0.619;3.4;0.434;-0.444;Spain;43.3067;-3.6315;293;CC BY-NC-SA 4.0;"Matienzo Caves Project Expeditions. (2025). Matienzo Cave Survey Data 1960-2025 [Dataset, Aven .3d]. Matienzo Caves Project. https://matienzocaves.org.uk/maps_photos.htm
";
004;Matienzo;080;clean;semi-automatic correction;11 Nov 2025;701;166.39;0;1;77;76;1.67;1.0;11.0;0.62;0;140.25;0.67;0.7;0.681;1.93;0.56;-0.667;Spain;43.3067;-3.6315;293;CC BY-NC-SA 4.0;"Matienzo Caves Project Expeditions. (2025). Matienzo Cave Survey Data 1960-2025 [Dataset, Aven .3d]. Matienzo Caves Project. https://matienzocaves.org.uk/maps_photos.htm
";
004;Matienzo;094;clean;semi-automatic correction;11 Nov 2025;1034;24.14;12;1;55;66;2.58;1.0;11.0;0.982;12;22.98;0.77;0.89;0.663;3.33;0.455;-0.239;Spain;43.3067;-3.6315;293;CC BY-NC-SA 4.0;"Matienzo Caves Project Expeditions. (2025). Matienzo Cave Survey Data 1960-2025 [Dataset, Aven .3d]. Matienzo Caves Project. https://matienzocaves.org.uk/maps_photos.htm
";
004;Matienzo;103;clean;semi-automatic correction;11 Nov 2025;514;83.84;0;1;48;47;1.8;1.0;11.0;0.574;0;57.22;0.83;0.55;0.609;2.69;0.475;-0.5;Spain;43.3067;-3.6315;293;CC BY-NC-SA 4.0;"Matienzo Caves Project Expeditions. (2025). Matienzo Cave Survey Data 1960-2025 [Dataset, Aven .3d]. Matienzo Caves Project. https://matienzocaves.org.uk/maps_photos.htm
";
004;Matienzo;111;clean;semi-automatic correction;11 Nov 2025;609;31.45;0;1;43;42;1.94;1.0;11.0;0.679;0;20.31;0.52;0.85;0.636;4.85;0.518;-0.458;Spain;43.3067;-3.6315;293;CC BY-NC-SA 4.0;"Matienzo Caves Project Expeditions. (2025). Matienzo Cave Survey Data 1960-2025 [Dataset, Aven .3d]. Matienzo Caves Project. https://matienzocaves.org.uk/maps_photos.htm
";
004;Matienzo;144;clean;semi-automatic correction;11 Nov 2025;654;107.01;0;1;32;31;1.83;1.0;11.0;0.562;0;59.49;0.77;0.73;0.598;3.05;0.471;-0.467;Spain;43.3067;-3.6315;293;CC BY-NC-SA 4.0;"Matienzo Caves Project Expeditions. (2025). Matienzo Cave Survey Data 1960-2025 [Dataset, Aven .3d]. Matienzo Caves Project. https://matienzocaves.org.uk/maps_photos.htm
";
004;Matienzo;266;clean;semi-automatic correction;11 Nov 2025;772;26.46;0;1;15;14;1.5;1.0;11.0;0.667;0;257.39;1.59;0.28;0.376;1.5;1.0;-1.0;Spain;43.3067;-3.6315;293;CC BY-NC-SA 4.0;"Matienzo Caves Project Expeditions. (2025). Matienzo Cave Survey Data 1960-2025 [Dataset, Aven .3d]. Matienzo Caves Project. https://matienzocaves.org.uk/maps_photos.htm
";
005;Sakany;001;clean;manual correction;11 Nov 2025;5666;140.71;95;1;1426;1467;2.26;1.0;5.0;0.499;42;16.24;0.91;0.61;0.938;14.16;0.325;-0.168;France;42.8359;1.5959;138;CC BY-NC-SA 4.0;"Groupe de Recherches et d’Activités Spéléologiques de Lourdes. (2024). Base de données topographiques de la grotte Sakany (Version Version of the 25/07/2015) [GHTopo]. Examples de grotte du programme GHTopo. https://ghtopo.blog4ever.com/reseau-sakany
";
007;Tsanfleuron;001;clean;manual correction;11 Nov 2025;944;144.21;100;1;206;206;2.0;1.0;5.0;0.54;1;85.87;0.92;0.75;0.801;2.97;0.626;-0.36;Switzerland;46.3149;7.2739;2290;CC BY-NC-SA 4.0;Groupe de Spéléologie Rhodanien (GSR), Société Spéléologique Genevoise (SSG), Spéléo-Club Jura (SCJ), & Groupe Spéléo Lausanne (GSL). (2024). Base de données topographique des systèmes karstique du lapiaz de Tsanfleuron (Unpublished raw data). [Dataset].;Thanks to Louis Stahelin for sharing the data with us, and to the GSR (Groupe de Spéléologie Rhodanien), SSG (Société Spéléologique Genevoise), SCJ (Spéléo-Club Jura), and GSL (Groupe Spéléo Lausanne) who explored, surveyed and mapped the conduits, and whithout whom this work would not have been possible. 
007;Tsanfleuron;002;clean;manual correction;11 Nov 2025;1306;84.43;100;1;166;166;2.0;1.0;5.0;0.53;1;87.11;1.33;0.62;0.716;3.66;0.48;-0.355;Switzerland;46.3149;7.2739;2290;CC BY-NC-SA 4.0;Groupe de Spéléologie Rhodanien (GSR), Société Spéléologique Genevoise (SSG), Spéléo-Club Jura (SCJ), & Groupe Spéléo Lausanne (GSL). (2024). Base de données topographique des systèmes karstique du lapiaz de Tsanfleuron (Unpublished raw data). [Dataset].;Thanks to Louis Stahelin for sharing the data with us, and to the GSR (Groupe de Spéléologie Rhodanien), SSG (Société Spéléologique Genevoise), SCJ (Spéléo-Club Jura), and GSL (Groupe Spéléo Lausanne) who explored, surveyed and mapped the conduits, and whithout whom this work would not have been possible. 
007;Tsanfleuron;003;clean;manual correction;11 Nov 2025;541;162.18;100;1;112;111;1.5;1.0;5.0;0.667;0;180.57;0.95;0.48;0.726;1.5;1.0;-1.0;Switzerland;46.3149;7.2739;2290;CC BY-NC-SA 4.0;Groupe de Spéléologie Rhodanien (GSR), Société Spéléologique Genevoise (SSG), Spéléo-Club Jura (SCJ), & Groupe Spéléo Lausanne (GSL). (2024). Base de données topographique des systèmes karstique du lapiaz de Tsanfleuron (Unpublished raw data). [Dataset].;Thanks to Louis Stahelin for sharing the data with us, and to the GSR (Groupe de Spéléologie Rhodanien), SSG (Société Spéléologique Genevoise), SCJ (Spéléo-Club Jura), and GSL (Groupe Spéléo Lausanne) who explored, surveyed and mapped the conduits, and whithout whom this work would not have been possible. 
007;Tsanfleuron;005;clean;manual correction;11 Nov 2025;631;132.48;100;1;99;99;2.0;1.0;5.0;0.624;1;37.15;1.5;0.56;0.642;4.0;0.424;-0.53;Switzerland;46.3149;7.2739;2290;CC BY-NC-SA 4.0;Groupe de Spéléologie Rhodanien (GSR), Société Spéléologique Genevoise (SSG), Spéléo-Club Jura (SCJ), & Groupe Spéléo Lausanne (GSL). (2024). Base de données topographique des systèmes karstique du lapiaz de Tsanfleuron (Unpublished raw data). [Dataset].;Thanks to Louis Stahelin for sharing the data with us, and to the GSR (Groupe de Spéléologie Rhodanien), SSG (Société Spéléologique Genevoise), SCJ (Spéléo-Club Jura), and GSL (Groupe Spéléo Lausanne) who explored, surveyed and mapped the conduits, and whithout whom this work would not have been possible. 
007;Tsanfleuron;007;clean;manual correction;11 Nov 2025;1126;96.4;100;1;85;86;2.05;1.0;5.0;0.512;2;29.64;0.64;0.85;0.532;6.18;0.434;-0.279;Switzerland;46.3149;7.2739;2290;CC BY-NC-SA 4.0;Groupe de Spéléologie Rhodanien (GSR), Société Spéléologique Genevoise (SSG), Spéléo-Club Jura (SCJ), & Groupe Spéléo Lausanne (GSL). (2024). Base de données topographique des systèmes karstique du lapiaz de Tsanfleuron (Unpublished raw data). [Dataset].;Thanks to Louis Stahelin for sharing the data with us, and to the GSR (Groupe de Spéléologie Rhodanien), SSG (Société Spéléologique Genevoise), SCJ (Spéléo-Club Jura), and GSL (Groupe Spéléo Lausanne) who explored, surveyed and mapped the conduits, and whithout whom this work would not have been possible. 
007;Tsanfleuron;015;clean;manual correction;11 Nov 2025;506;113.48;100;1;33;32;1.67;1.0;5.0;0.62;0;101.26;1.08;0.46;0.542;1.93;0.56;-0.667;Switzerland;46.3149;7.2739;2290;CC BY-NC-SA 4.0;Groupe de Spéléologie Rhodanien (GSR), Société Spéléologique Genevoise (SSG), Spéléo-Club Jura (SCJ), & Groupe Spéléo Lausanne (GSL). (2024). Base de données topographique des systèmes karstique du lapiaz de Tsanfleuron (Unpublished raw data). [Dataset].;Thanks to Louis Stahelin for sharing the data with us, and to the GSR (Groupe de Spéléologie Rhodanien), SSG (Société Spéléologique Genevoise), SCJ (Spéléo-Club Jura), and GSL (Groupe Spéléo Lausanne) who explored, surveyed and mapped the conduits, and whithout whom this work would not have been possible. 
008;UltimaPatagonia;001;clean;no correction;11 Nov 2025;3990;152.98;65;1;605;618;2.24;1.0;7.0;0.503;14;33.82;1.07;0.58;0.864;9.04;0.39;-0.219;Chile;-50.2946;-75.2895;141;CC BY-NC-SA 4.0;Centre Terre. (2024). Survey Data for the Ultima Patagonia Cave Exploration project [Dataset]. https://github.com/tr1813/ultima-patag;
008;UltimaPatagonia;002;clean;no correction;11 Nov 2025;3847;102.82;0;1;435;441;2.1;1.0;7.0;0.571;7;30.29;1.15;0.62;0.894;10.93;0.378;-0.322;Chile;-50.2946;-75.2895;141;CC BY-NC-SA 4.0;Centre Terre. (2024). Survey Data for the Ultima Patagonia Cave Exploration project [Dataset]. https://github.com/tr1813/ultima-patag;
008;UltimaPatagonia;003;clean;no correction;11 Nov 2025;3370;96.54;0;1;414;430;2.32;1.0;7.0;0.521;17;30.36;1.37;0.33;0.891;12.25;0.442;-0.291;Chile;-50.2946;-75.2895;141;CC BY-NC-SA 4.0;Centre Terre. (2024). Survey Data for the Ultima Patagonia Cave Exploration project [Dataset]. https://github.com/tr1813/ultima-patag;
008;UltimaPatagonia;004;clean;no correction;11 Nov 2025;1389;202.76;0;1;276;275;1.75;1.0;7.0;0.591;0;198.45;0.81;0.76;0.803;2.32;0.565;-0.556;Chile;-50.2946;-75.2895;141;CC BY-NC-SA 4.0;Centre Terre. (2024). Survey Data for the Ultima Patagonia Cave Exploration project [Dataset]. https://github.com/tr1813/ultima-patag;
008;UltimaPatagonia;005;clean;no correction;11 Nov 2025;1430;305.72;65;1;238;238;2.0;1.0;7.0;0.512;1;65.03;1.08;0.75;0.825;4.51;0.41;-0.333;Chile;-50.2946;-75.2895;141;CC BY-NC-SA 4.0;Centre Terre. (2024). Survey Data for the Ultima Patagonia Cave Exploration project [Dataset]. https://github.com/tr1813/ultima-patag;
008;UltimaPatagonia;006;clean;no correction;11 Nov 2025;2150;201.82;0;1;209;208;1.93;1.0;7.0;0.575;0;74.14;0.81;0.74;0.83;5.06;0.523;-0.43;Chile;-50.2946;-75.2895;141;CC BY-NC-SA 4.0;Centre Terre. (2024). Survey Data for the Ultima Patagonia Cave Exploration project [Dataset]. https://github.com/tr1813/ultima-patag;
008;UltimaPatagonia;007;clean;no correction;11 Nov 2025;862;315.65;0;1;188;187;1.75;1.0;7.0;0.591;0;123.25;2.1;0.18;0.792;2.32;0.565;-0.556;Chile;-50.2946;-75.2895;141;CC BY-NC-SA 4.0;Centre Terre. (2024). Survey Data for the Ultima Patagonia Cave Exploration project [Dataset]. https://github.com/tr1813/ultima-patag;
008;UltimaPatagonia;008;clean;no correction;11 Nov 2025;1061;143.65;0;1;169;171;2.11;1.0;7.0;0.51;3;30.32;0.63;0.93;0.796;6.37;0.443;-0.515;Chile;-50.2946;-75.2895;141;CC BY-NC-SA 4.0;Centre Terre. (2024). Survey Data for the Ultima Patagonia Cave Exploration project [Dataset]. https://github.com/tr1813/ultima-patag;
008;UltimaPatagonia;009;clean;no correction;11 Nov 2025;1140;69.62;0;1;168;169;2.05;1.0;7.0;0.537;2;25.35;1.0;0.69;0.836;6.69;0.495;-0.387;Chile;-50.2946;-75.2895;141;CC BY-NC-SA 4.0;Centre Terre. (2024). Survey Data for the Ultima Patagonia Cave Exploration project [Dataset]. https://github.com/tr1813/ultima-patag;
008;UltimaPatagonia;010;clean;no correction;11 Nov 2025;667;274.91;0;1;147;146;1.8;1.0;7.0;0.574;0;74.13;2.12;0.37;0.778;2.69;0.475;-0.5;Chile;-50.2946;-75.2895;141;CC BY-NC-SA 4.0;Centre Terre. (2024). Survey Data for the Ultima Patagonia Cave Exploration project [Dataset]. https://github.com/tr1813/ultima-patag;
008;UltimaPatagonia;011;clean;no correction;11 Nov 2025;986;265.02;0;1;140;139;1.8;1.0;7.0;0.574;0;109.62;2.37;0.15;0.71;2.69;0.475;-0.5;Chile;-50.2946;-75.2895;141;CC BY-NC-SA 4.0;Centre Terre. (2024). Survey Data for the Ultima Patagonia Cave Exploration project [Dataset]. https://github.com/tr1813/ultima-patag;
008;UltimaPatagonia;012;clean;no correction;11 Nov 2025;710;34.46;0;1;131;131;2.0;1.0;7.0;0.518;1;17.33;0.93;0.63;0.814;7.59;0.42;-0.268;Chile;-50.2946;-75.2895;141;CC BY-NC-SA 4.0;Centre Terre. (2024). Survey Data for the Ultima Patagonia Cave Exploration project [Dataset]. https://github.com/tr1813/ultima-patag;
008;UltimaPatagonia;013;clean;no correction;11 Nov 2025;505;86.55;0;1;103;103;2.0;1.0;7.0;0.577;1;22.98;0.94;0.77;0.784;3.75;0.454;-0.355;Chile;-50.2946;-75.2895;141;CC BY-NC-SA 4.0;Centre Terre. (2024). Survey Data for the Ultima Patagonia Cave Exploration project [Dataset]. https://github.com/tr1813/ultima-patag;
008;UltimaPatagonia;014;clean;no correction;11 Nov 2025;758;78.13;19;1;93;93;2.0;1.0;7.0;0.522;1;63.24;1.22;0.69;0.759;2.91;0.426;-0.333;Chile;-50.2946;-75.2895;141;CC BY-NC-SA 4.0;Centre Terre. (2024). Survey Data for the Ultima Patagonia Cave Exploration project [Dataset]. https://github.com/tr1813/ultima-patag;
008;UltimaPatagonia;017;clean;no correction;11 Nov 2025;506;64.67;0;1;78;79;2.08;1.0;7.0;0.526;2;20.24;1.17;0.63;0.742;5.02;0.432;-0.445;Chile;-50.2946;-75.2895;141;CC BY-NC-SA 4.0;Centre Terre. (2024). Survey Data for the Ultima Patagonia Cave Exploration project [Dataset]. https://github.com/tr1813/ultima-patag;
008;UltimaPatagonia;018;clean;no correction;11 Nov 2025;701;366.0;0;1;73;72;1.5;1.0;7.0;0.667;0;233.67;0.98;0.48;0.636;1.5;1.0;-1.0;Chile;-50.2946;-75.2895;141;CC BY-NC-SA 4.0;Centre Terre. (2024). Survey Data for the Ultima Patagonia Cave Exploration project [Dataset]. https://github.com/tr1813/ultima-patag;
008;UltimaPatagonia;022;clean;no correction;11 Nov 2025;501;157.05;0;1;65;64;1.75;1.0;7.0;0.591;0;71.69;0.85;0.76;0.668;2.32;0.565;-0.556;Chile;-50.2946;-75.2895;141;CC BY-NC-SA 4.0;Centre Terre. (2024). Survey Data for the Ultima Patagonia Cave Exploration project [Dataset]. https://github.com/tr1813/ultima-patag;
009;Folly;001;clean;manual correction;11 Nov 2025;29667;1613.75;6;1;4709;4746;2.11;1.0;9.0;0.533;38;43.76;1.68;0.24;0.918;28.04;0.518;-0.26;France;46.1022;6.7796;1836;CC BY-NC-SA 4.0;Robert, X. (2021). Base de données Topographiques des systèmes karstiques du massif du Folly (Samoëns, 74, France) (Version v1.0.0) [Dataset]. Zenodo. https://doi.org/DOI: 10.5281/ZENODO.4745567;
009;Folly;002;clean;manual correction;11 Nov 2025;22007;1661.92;30;1;3523;3539;2.08;1.0;9.0;0.524;17;56.0;1.85;0.26;0.914;29.04;0.494;-0.331;France;46.1022;6.7796;1836;CC BY-NC-SA 4.0;Robert, X. (2021). Base de données Topographiques des systèmes karstiques du massif du Folly (Samoëns, 74, France) (Version v1.0.0) [Dataset]. Zenodo. https://doi.org/DOI: 10.5281/ZENODO.4745567;
009;Folly;003;clean;manual correction;11 Nov 2025;10241;368.01;3;1;1355;1370;2.14;1.0;9.0;0.545;16;44.92;1.3;0.53;0.883;14.05;0.456;-0.286;France;46.1022;6.7796;1836;CC BY-NC-SA 4.0;Robert, X. (2021). Base de données Topographiques des systèmes karstiques du massif du Folly (Samoëns, 74, France) (Version v1.0.0) [Dataset]. Zenodo. https://doi.org/DOI: 10.5281/ZENODO.4745567;
009;Folly;004;clean;manual correction;11 Nov 2025;4699;673.72;0;1;792;795;2.1;1.0;9.0;0.513;4;75.81;1.21;0.66;0.827;8.05;0.389;-0.236;France;46.1022;6.7796;1836;CC BY-NC-SA 4.0;Robert, X. (2021). Base de données Topographiques des systèmes karstiques du massif du Folly (Samoëns, 74, France) (Version v1.0.0) [Dataset]. Zenodo. https://doi.org/DOI: 10.5281/ZENODO.4745567;
009;Folly;005;clean;manual correction;11 Nov 2025;3880;274.26;0;1;551;555;2.09;1.0;9.0;0.533;5;42.64;0.99;0.74;0.896;11.33;0.423;-0.281;France;46.1022;6.7796;1836;CC BY-NC-SA 4.0;Robert, X. (2021). Base de données Topographiques des systèmes karstiques du massif du Folly (Samoëns, 74, France) (Version v1.0.0) [Dataset]. Zenodo. https://doi.org/DOI: 10.5281/ZENODO.4745567;
009;Folly;006;clean;manual correction;11 Nov 2025;1529;353.09;0;1;422;422;2.0;1.0;9.0;0.548;1;72.83;1.64;0.48;0.83;3.97;0.471;-0.291;France;46.1022;6.7796;1836;CC BY-NC-SA 4.0;Robert, X. (2021). Base de données Topographiques des systèmes karstiques du massif du Folly (Samoëns, 74, France) (Version v1.0.0) [Dataset]. Zenodo. https://doi.org/DOI: 10.5281/ZENODO.4745567;
009;Folly;007;clean;manual correction;11 Nov 2025;1525;166.25;0;1;309;312;2.07;1.0;9.0;0.537;4;16.4;0.94;0.74;0.818;9.95;0.45;-0.32;France;46.1022;6.7796;1836;CC BY-NC-SA 4.0;Robert, X. (2021). Base de données Topographiques des systèmes karstiques du massif du Folly (Samoëns, 74, France) (Version v1.0.0) [Dataset]. Zenodo. https://doi.org/DOI: 10.5281/ZENODO.4745567;
009;Folly;008;clean;manual correction;11 Nov 2025;788;87.71;0;1;232;232;2.0;1.0;9.0;0.761;1;17.53;1.67;0.34;0.824;6.33;0.514;-0.361;France;46.1022;6.7796;1836;CC BY-NC-SA 4.0;Robert, X. (2021). Base de données Topographiques des systèmes karstiques du massif du Folly (Samoëns, 74, France) (Version v1.0.0) [Dataset]. Zenodo. https://doi.org/DOI: 10.5281/ZENODO.4745567;
009;Folly;009;clean;manual correction;11 Nov 2025;569;86.83;0;1;138;139;2.08;1.0;9.0;0.526;2;22.79;1.05;0.65;0.806;4.7;0.519;-0.483;France;46.1022;6.7796;1836;CC BY-NC-SA 4.0;Robert, X. (2021). Base de données Topographiques des systèmes karstiques du massif du Folly (Samoëns, 74, France) (Version v1.0.0) [Dataset]. Zenodo. https://doi.org/DOI: 10.5281/ZENODO.4745567;
009;Folly;010;clean;manual correction;11 Nov 2025;601;180.31;0;1;136;135;1.88;1.0;9.0;0.547;0;40.11;1.03;0.67;0.67;3.74;0.431;-0.429;France;46.1022;6.7796;1836;CC BY-NC-SA 4.0;Robert, X. (2021). Base de données Topographiques des systèmes karstiques du massif du Folly (Samoëns, 74, France) (Version v1.0.0) [Dataset]. Zenodo. https://doi.org/DOI: 10.5281/ZENODO.4745567;
009;Folly;011;clean;manual correction;11 Nov 2025;821;82.04;0;1;102;102;2.0;1.0;9.0;0.545;1;25.67;0.87;0.73;0.695;5.3;0.549;-0.331;France;46.1022;6.7796;1836;CC BY-NC-SA 4.0;Robert, X. (2021). Base de données Topographiques des systèmes karstiques du massif du Folly (Samoëns, 74, France) (Version v1.0.0) [Dataset]. Zenodo. https://doi.org/DOI: 10.5281/ZENODO.4745567;
010;PlaninaPoljana;001;clean;semi-automatic correction;11 Nov 2025;8409;605.23;91;1;1600;1619;2.12;1.0;8.0;0.519;20;25.64;1.26;0.44;0.946;19.97;0.445;-0.307;Slovenia;46.1451;13.5248;1256;CC BY-NC-SA 4.0;;
010;PlaninaPoljana;002;clean;semi-automatic correction;11 Nov 2025;5109;789.72;94;1;923;928;2.06;1.0;8.0;0.526;6;30.42;1.91;0.18;0.913;12.73;0.629;-0.324;Slovenia;46.1451;13.5248;1256;CC BY-NC-SA 4.0;;
010;PlaninaPoljana;003;clean;semi-automatic correction;11 Nov 2025;2271;289.98;86;1;673;683;2.09;1.0;8.0;0.55;11;9.88;0.86;0.65;0.921;17.03;0.503;-0.221;Slovenia;46.1451;13.5248;1256;CC BY-NC-SA 4.0;;
010;PlaninaPoljana;004;clean;semi-automatic correction;11 Nov 2025;1513;77.9;86;1;492;501;2.1;1.0;8.0;0.578;10;8.36;0.82;0.64;0.875;12.89;0.512;-0.264;Slovenia;46.1451;13.5248;1256;CC BY-NC-SA 4.0;;
010;PlaninaPoljana;005;clean;semi-automatic correction;11 Nov 2025;2308;876.12;95;1;307;307;2.0;1.0;8.0;0.535;1;67.88;1.43;0.59;0.861;6.09;0.487;-0.462;Slovenia;46.1451;13.5248;1256;CC BY-NC-SA 4.0;;
010;PlaninaPoljana;006;clean;semi-automatic correction;11 Nov 2025;1600;494.81;94;1;299;298;1.94;1.0;8.0;0.521;0;45.71;1.07;0.72;0.877;5.84;0.502;-0.373;Slovenia;46.1451;13.5248;1256;CC BY-NC-SA 4.0;;
011;BreznoNaToscu;000;clean;manual correction;11 Nov 2025;1870;581.27;90;1;361;360;1.95;1.0;3.0;0.52;0;50.55;1.15;0.67;0.871;6.88;0.429;-0.37;Slovenia;46.34939;13.8619;1988;CC BY-NC-SA 4.0;;
012;PokljuskegaGrebena;001;clean;semi-automatic correction;11 Nov 2025;7819;639.01;79;1;1509;1520;2.07;1.0;5.0;0.542;12;25.98;1.38;0.34;0.932;18.44;0.476;-0.317;Slovenia;46.36131;13.90389;1,853;CC BY-NC-SA 4.0;;
012;PokljuskegaGrebena;002;clean;semi-automatic correction;11 Nov 2025;2943;431.25;76;1;746;752;2.12;1.0;5.0;0.492;7;28.03;1.31;0.54;0.936;10.44;0.51;-0.3;Slovenia;46.36131;13.90389;1,853;CC BY-NC-SA 4.0;;
012;PokljuskegaGrebena;003;clean;semi-automatic correction;11 Nov 2025;2601;568.33;75;1;516;516;2.0;1.0;5.0;0.535;1;37.7;1.16;0.71;0.931;8.58;0.453;-0.297;Slovenia;46.36131;13.90389;1,853;CC BY-NC-SA 4.0;;
013;BurringtonCombe;001;clean;manual correction;11 Nov 2025;1223;62.97;86;1;520;538;2.19;1.0;8.0;0.484;19;6.24;0.94;0.5;0.928;12.2;0.293;-0.247;UK;51.3244;-2.7531;99;CC BY-NC-SA 4.0;University of Bristol Spelæological Society. (1919). Burrington Area Cave Survey [Creative Commons BY-NC-SA 4.0 dataset]. University of Bristol Spelæological Society. https://www.ubss.org.uk;
013;BurringtonCombe;002;clean;manual correction;11 Nov 2025;1446;48.38;0;1;462;500;2.28;1.0;8.0;0.649;39;4.77;0.73;0.8;0.856;10.98;0.471;-0.18;UK;51.3244;-2.7531;99;CC BY-NC-SA 4.0;University of Bristol Spelæological Society. (1919). Burrington Area Cave Survey [Creative Commons BY-NC-SA 4.0 dataset]. University of Bristol Spelæological Society. https://www.ubss.org.uk;
013;BurringtonCombe;003;clean;manual correction;11 Nov 2025;888;47.03;0;1;231;231;2.0;1.0;8.0;0.564;1;19.74;0.91;0.72;0.786;5.91;0.511;-0.307;UK;51.3244;-2.7531;99;CC BY-NC-SA 4.0;University of Bristol Spelæological Society. (1919). Burrington Area Cave Survey [Creative Commons BY-NC-SA 4.0 dataset]. University of Bristol Spelæological Society. https://www.ubss.org.uk;
014;CheddarCatchment;001;clean;manual correction;11 Nov 2025;3478;115.88;29;1;1541;1565;2.28;1.0;6.0;0.516;25;17.84;1.75;0.25;0.89;10.82;0.314;-0.134;UK;51.2814;-2.7642;;CC BY-NC-SA 4.0;University of Bristol Spelæological Society. (1919). Cheddar Catchment Area Cave Survey [Creative Commons BY-NC-SA 4.0 dataset]. Cave Survey Archive. https://www.ubss.org.uk;
014;CheddarCatchment;002;clean;manual correction;11 Nov 2025;7570;227.62;70;1;1365;1384;2.11;1.0;6.0;0.52;20;21.03;1.11;0.51;0.89;25.55;0.475;-0.307;UK;51.2814;-2.7642;;CC BY-NC-SA 4.0;University of Bristol Spelæological Society. (1919). Cheddar Catchment Area Cave Survey [Creative Commons BY-NC-SA 4.0 dataset]. Cave Survey Archive. https://www.ubss.org.uk;
014;CheddarCatchment;003;clean;manual correction;11 Nov 2025;3884;137.66;45;1;899;908;2.07;1.0;6.0;0.558;10;14.94;1.26;0.46;0.857;21.35;0.478;-0.32;UK;51.2814;-2.7642;;CC BY-NC-SA 4.0;University of Bristol Spelæological Society. (1919). Cheddar Catchment Area Cave Survey [Creative Commons BY-NC-SA 4.0 dataset]. Cave Survey Archive. https://www.ubss.org.uk;
014;CheddarCatchment;004;clean;manual correction;11 Nov 2025;2383;131.03;86;1;472;478;2.08;1.0;6.0;0.555;7;15.89;1.03;0.64;0.88;11.77;0.497;-0.318;UK;51.2814;-2.7642;;CC BY-NC-SA 4.0;University of Bristol Spelæological Society. (1919). Cheddar Catchment Area Cave Survey [Creative Commons BY-NC-SA 4.0 dataset]. Cave Survey Archive. https://www.ubss.org.uk;
014;CheddarCatchment;005;clean;manual correction;11 Nov 2025;503;27.86;81;1;226;226;2.0;1.0;6.0;0.549;1;5.36;0.73;0.59;0.861;11.58;0.475;-0.293;UK;51.2814;-2.7642;;CC BY-NC-SA 4.0;University of Bristol Spelæological Society. (1919). Cheddar Catchment Area Cave Survey [Creative Commons BY-NC-SA 4.0 dataset]. Cave Survey Archive. https://www.ubss.org.uk;
014;CheddarCatchment;006;clean;manual correction;11 Nov 2025;657;36.38;22;1;166;170;2.13;1.0;6.0;0.492;5;10.28;0.88;0.79;0.754;6.61;0.325;-0.327;UK;51.2814;-2.7642;;CC BY-NC-SA 4.0;University of Bristol Spelæological Society. (1919). Cheddar Catchment Area Cave Survey [Creative Commons BY-NC-SA 4.0 dataset]. Cave Survey Archive. https://www.ubss.org.uk;
014;CheddarCatchment;007;clean;manual correction;11 Nov 2025;1047;173.6;0;1;160;159;1.91;1.0;6.0;0.534;0;49.87;1.0;0.78;0.736;4.28;0.502;-0.4;UK;51.2814;-2.7642;;CC BY-NC-SA 4.0;University of Bristol Spelæological Society. (1919). Cheddar Catchment Area Cave Survey [Creative Commons BY-NC-SA 4.0 dataset]. Cave Survey Archive. https://www.ubss.org.uk;
014;CheddarCatchment;008;clean;manual correction;11 Nov 2025;1077;130.45;0;1;151;152;2.09;1.0;6.0;0.465;2;51.32;1.06;0.74;0.744;4.4;0.331;-0.357;UK;51.2814;-2.7642;;CC BY-NC-SA 4.0;University of Bristol Spelæological Society. (1919). Cheddar Catchment Area Cave Survey [Creative Commons BY-NC-SA 4.0 dataset]. Cave Survey Archive. https://www.ubss.org.uk;
014;CheddarCatchment;010;clean;manual correction;11 Nov 2025;963;99.68;0;1;138;137;1.9;1.0;6.0;0.573;0;48.16;1.32;0.59;0.639;4.47;0.411;-0.429;UK;51.2814;-2.7642;;CC BY-NC-SA 4.0;University of Bristol Spelæological Society. (1919). Cheddar Catchment Area Cave Survey [Creative Commons BY-NC-SA 4.0 dataset]. Cave Survey Archive. https://www.ubss.org.uk;
014;CheddarCatchment;011;clean;manual correction;11 Nov 2025;1444;176.91;0;1;137;139;2.11;1.0;6.0;0.516;3;36.1;1.1;0.63;0.758;5.27;0.506;-0.254;UK;51.2814;-2.7642;;CC BY-NC-SA 4.0;University of Bristol Spelæological Society. (1919). Cheddar Catchment Area Cave Survey [Creative Commons BY-NC-SA 4.0 dataset]. Cave Survey Archive. https://www.ubss.org.uk;
015;CountyClare;001;clean;manual correction;11 Nov 2025;6191;56.28;95;1;1596;1624;2.26;1.0;5.0;0.416;29;28.27;1.46;0.38;0.749;18.87;0.456;-0.316;Ireland;53.0571;-9.3057;172;CC BY-NC-SA 4.0;"University of Bristol Spelæological Society. (1919). County Clare Cave Survey (Ireland) [Creative Commons BY-NC-SA 4.0 dataset]. https://www.ubss.org.uk
";
015;CountyClare;002;clean;manual correction;11 Nov 2025;10148;117.59;0;1;1541;1546;2.13;1.0;5.0;0.527;6;125.29;1.36;0.61;0.666;7.78;0.399;-0.164;Ireland;53.0571;-9.3057;172;CC BY-NC-SA 4.0;"University of Bristol Spelæological Society. (1919). County Clare Cave Survey (Ireland) [Creative Commons BY-NC-SA 4.0 dataset]. https://www.ubss.org.uk
";
015;CountyClare;003;clean;manual correction;11 Nov 2025;5865;82.71;0;1;1098;1098;2.0;1.0;5.0;0.531;1;104.74;1.32;0.64;0.656;7.18;0.558;-0.416;Ireland;53.0571;-9.3057;172;CC BY-NC-SA 4.0;"University of Bristol Spelæological Society. (1919). County Clare Cave Survey (Ireland) [Creative Commons BY-NC-SA 4.0 dataset]. https://www.ubss.org.uk
";
015;CountyClare;004;clean;manual correction;11 Nov 2025;8268;52.19;0;1;810;814;2.18;1.0;5.0;0.502;5;175.92;1.29;0.61;0.631;6.25;0.415;-0.229;Ireland;53.0571;-9.3057;172;CC BY-NC-SA 4.0;"University of Bristol Spelæological Society. (1919). County Clare Cave Survey (Ireland) [Creative Commons BY-NC-SA 4.0 dataset]. https://www.ubss.org.uk
";
015;CountyClare;005;clean;manual correction;11 Nov 2025;3329;3.72;0;1;702;701;1.0;1.0;5.0;0.0;0;3329.87;0.0;0.0;0.645;1.0;0.0;1.0;Ireland;53.0571;-9.3057;172;CC BY-NC-SA 4.0;"University of Bristol Spelæological Society. (1919). County Clare Cave Survey (Ireland) [Creative Commons BY-NC-SA 4.0 dataset]. https://www.ubss.org.uk
";
015;CountyClare;006;clean;manual correction;11 Nov 2025;4610;90.42;0;1;671;677;2.18;1.0;5.0;0.551;7;65.86;1.41;0.53;0.676;8.17;0.432;-0.193;Ireland;53.0571;-9.3057;172;CC BY-NC-SA 4.0;"University of Bristol Spelæological Society. (1919). County Clare Cave Survey (Ireland) [Creative Commons BY-NC-SA 4.0 dataset]. https://www.ubss.org.uk
";
015;CountyClare;007;clean;manual correction;11 Nov 2025;5156;81.31;0;1;569;568;1.96;1.0;5.0;0.531;0;107.43;1.31;0.61;0.647;8.57;0.378;-0.381;Ireland;53.0571;-9.3057;172;CC BY-NC-SA 4.0;"University of Bristol Spelæological Society. (1919). County Clare Cave Survey (Ireland) [Creative Commons BY-NC-SA 4.0 dataset]. https://www.ubss.org.uk
";
015;CountyClare;008;clean;manual correction;11 Nov 2025;2835;0.0;0;1;539;539;2.0;1.0;5.0;0.54;1;257.75;0.94;0.64;0.618;3.28;0.448;-0.663;Ireland;53.0571;-9.3057;172;CC BY-NC-SA 4.0;"University of Bristol Spelæological Society. (1919). County Clare Cave Survey (Ireland) [Creative Commons BY-NC-SA 4.0 dataset]. https://www.ubss.org.uk
";
015;CountyClare;009;clean;manual correction;11 Nov 2025;1669;90.29;0;1;441;440;1.88;1.0;5.0;0.547;0;111.29;1.57;0.46;0.716;3.74;0.431;-0.429;Ireland;53.0571;-9.3057;172;CC BY-NC-SA 4.0;"University of Bristol Spelæological Society. (1919). County Clare Cave Survey (Ireland) [Creative Commons BY-NC-SA 4.0 dataset]. https://www.ubss.org.uk
";
015;CountyClare;010;clean;manual correction;11 Nov 2025;3051;15.92;0;1;395;396;2.09;1.0;5.0;0.576;2;138.71;1.23;0.75;0.604;4.34;0.472;-0.362;Ireland;53.0571;-9.3057;172;CC BY-NC-SA 4.0;"University of Bristol Spelæological Society. (1919). County Clare Cave Survey (Ireland) [Creative Commons BY-NC-SA 4.0 dataset]. https://www.ubss.org.uk
";
015;CountyClare;011;clean;manual correction;11 Nov 2025;1682;86.82;0;1;358;357;1.67;1.0;5.0;0.62;0;336.54;1.79;0.41;0.615;1.93;0.56;-0.667;Ireland;53.0571;-9.3057;172;CC BY-NC-SA 4.0;"University of Bristol Spelæological Society. (1919). County Clare Cave Survey (Ireland) [Creative Commons BY-NC-SA 4.0 dataset]. https://www.ubss.org.uk
";
015;CountyClare;012;clean;manual correction;11 Nov 2025;2080;42.21;0;1;303;305;2.16;1.0;5.0;0.494;3;77.06;2.19;0.27;0.606;4.21;0.338;-0.143;Ireland;53.0571;-9.3057;172;CC BY-NC-SA 4.0;"University of Bristol Spelæological Society. (1919). County Clare Cave Survey (Ireland) [Creative Commons BY-NC-SA 4.0 dataset]. https://www.ubss.org.uk
";
015;CountyClare;013;clean;manual correction;11 Nov 2025;981;40.41;0;1;299;299;2.0;1.0;5.0;0.598;1;140.17;1.17;0.55;0.659;2.14;0.599;-0.418;Ireland;53.0571;-9.3057;172;CC BY-NC-SA 4.0;"University of Bristol Spelæological Society. (1919). County Clare Cave Survey (Ireland) [Creative Commons BY-NC-SA 4.0 dataset]. https://www.ubss.org.uk
";
015;CountyClare;014;clean;manual correction;11 Nov 2025;721;18.29;0;1;299;298;1.89;1.0;5.0;0.581;0;40.09;3.35;0.09;0.671;3.75;0.512;-0.436;Ireland;53.0571;-9.3057;172;CC BY-NC-SA 4.0;"University of Bristol Spelæological Society. (1919). County Clare Cave Survey (Ireland) [Creative Commons BY-NC-SA 4.0 dataset]. https://www.ubss.org.uk
";
015;CountyClare;015;clean;manual correction;11 Nov 2025;1781;0.0;0;1;275;274;1.75;1.0;5.0;0.591;0;254.44;1.07;0.76;0.655;2.32;0.565;-0.556;Ireland;53.0571;-9.3057;172;CC BY-NC-SA 4.0;"University of Bristol Spelæological Society. (1919). County Clare Cave Survey (Ireland) [Creative Commons BY-NC-SA 4.0 dataset]. https://www.ubss.org.uk
";
015;CountyClare;016;clean;manual correction;11 Nov 2025;1356;28.61;0;1;265;264;1.91;1.0;5.0;0.534;0;64.6;1.23;0.61;0.665;4.49;0.491;-0.4;Ireland;53.0571;-9.3057;172;CC BY-NC-SA 4.0;"University of Bristol Spelæological Society. (1919). County Clare Cave Survey (Ireland) [Creative Commons BY-NC-SA 4.0 dataset]. https://www.ubss.org.uk
";
015;CountyClare;017;clean;manual correction;11 Nov 2025;1114;73.71;0;1;194;194;2.0;1.0;5.0;0.507;1;29.34;0.87;0.75;0.773;6.19;0.426;-0.333;Ireland;53.0571;-9.3057;172;CC BY-NC-SA 4.0;"University of Bristol Spelæological Society. (1919). County Clare Cave Survey (Ireland) [Creative Commons BY-NC-SA 4.0 dataset]. https://www.ubss.org.uk
";
015;CountyClare;018;clean;manual correction;11 Nov 2025;933;14.57;0;1;184;185;2.12;1.0;5.0;0.416;2;71.81;1.8;0.41;0.647;4.09;0.364;-0.516;Ireland;53.0571;-9.3057;172;CC BY-NC-SA 4.0;"University of Bristol Spelæological Society. (1919). County Clare Cave Survey (Ireland) [Creative Commons BY-NC-SA 4.0 dataset]. https://www.ubss.org.uk
";
015;CountyClare;019;clean;manual correction;11 Nov 2025;1983;72.17;0;1;179;179;2.0;1.0;5.0;0.544;1;86.24;1.31;0.56;0.657;4.57;0.406;-0.201;Ireland;53.0571;-9.3057;172;CC BY-NC-SA 4.0;"University of Bristol Spelæological Society. (1919). County Clare Cave Survey (Ireland) [Creative Commons BY-NC-SA 4.0 dataset]. https://www.ubss.org.uk
";
015;CountyClare;020;clean;manual correction;11 Nov 2025;611;29.87;0;1;167;166;1.86;1.0;5.0;0.553;0;47.05;1.48;0.51;0.627;3.4;0.434;-0.444;Ireland;53.0571;-9.3057;172;CC BY-NC-SA 4.0;"University of Bristol Spelæological Society. (1919). County Clare Cave Survey (Ireland) [Creative Commons BY-NC-SA 4.0 dataset]. https://www.ubss.org.uk
";
015;CountyClare;023;clean;manual correction;11 Nov 2025;601;28.29;0;1;105;104;1.9;1.0;5.0;0.537;0;31.64;1.04;0.73;0.645;4.17;0.498;-0.407;Ireland;53.0571;-9.3057;172;CC BY-NC-SA 4.0;"University of Bristol Spelæological Society. (1919). County Clare Cave Survey (Ireland) [Creative Commons BY-NC-SA 4.0 dataset]. https://www.ubss.org.uk
";
015;CountyClare;024;clean;manual correction;11 Nov 2025;1071;11.2;0;1;101;100;1.0;1.0;5.0;0.0;0;1071.91;0.0;0.0;0.607;1.0;0.0;1.0;Ireland;53.0571;-9.3057;172;CC BY-NC-SA 4.0;"University of Bristol Spelæological Society. (1919). County Clare Cave Survey (Ireland) [Creative Commons BY-NC-SA 4.0 dataset]. https://www.ubss.org.uk
";
015;CountyClare;025;clean;manual correction;11 Nov 2025;613;26.64;0;1;95;95;2.0;1.0;5.0;0.693;1;22.72;1.54;0.47;0.668;3.97;0.576;-0.411;Ireland;53.0571;-9.3057;172;CC BY-NC-SA 4.0;"University of Bristol Spelæological Society. (1919). County Clare Cave Survey (Ireland) [Creative Commons BY-NC-SA 4.0 dataset]. https://www.ubss.org.uk
";
015;CountyClare;026;clean;manual correction;11 Nov 2025;945;188.37;0;1;90;89;1.8;1.0;5.0;0.574;0;105.08;2.45;0.15;0.327;2.69;0.475;-0.5;Ireland;53.0571;-9.3057;172;CC BY-NC-SA 4.0;"University of Bristol Spelæological Society. (1919). County Clare Cave Survey (Ireland) [Creative Commons BY-NC-SA 4.0 dataset]. https://www.ubss.org.uk
";
015;CountyClare;028;clean;manual correction;11 Nov 2025;1580;0.0;0;1;63;64;2.11;1.0;5.0;0.511;2;87.81;0.93;0.83;0.561;4.01;0.369;-0.401;Ireland;53.0571;-9.3057;172;CC BY-NC-SA 4.0;"University of Bristol Spelæological Society. (1919). County Clare Cave Survey (Ireland) [Creative Commons BY-NC-SA 4.0 dataset]. https://www.ubss.org.uk
";
015;CountyClare;035;clean;manual correction;11 Nov 2025;975;29.6;0;1;46;45;1.75;1.0;5.0;0.591;0;139.32;1.14;0.5;0.344;2.32;0.565;-0.556;Ireland;53.0571;-9.3057;172;CC BY-NC-SA 4.0;"University of Bristol Spelæological Society. (1919). County Clare Cave Survey (Ireland) [Creative Commons BY-NC-SA 4.0 dataset]. https://www.ubss.org.uk
";
015;CountyClare;038;clean;manual correction;11 Nov 2025;1768;20.0;0;1;39;38;1.75;1.0;5.0;0.591;0;252.63;1.14;0.64;0.517;2.32;0.565;-0.556;Ireland;53.0571;-9.3057;172;CC BY-NC-SA 4.0;"University of Bristol Spelæological Society. (1919). County Clare Cave Survey (Ireland) [Creative Commons BY-NC-SA 4.0 dataset]. https://www.ubss.org.uk
";
016;CountyMayo;002;clean;manual correction;11 Nov 2025;996;54.83;40;1;109;113;2.26;1.0;4.0;0.457;5;31.15;1.69;0.44;0.714;5.12;0.528;-0.339;Ireland;53.5368;-9.3385;35;CC BY-NC-SA 4.0;University of Bristol Spelæological Society. (1987). County Mayo cave Survey [Creative Commons BY-NC-SA 4.0 dataset]. https://www.ubss.org.uk;
016;CountyMayo;003;clean;manual correction;11 Nov 2025;821;17.67;39;1;97;96;1.94;1.0;4.0;0.57;0;26.51;1.84;0.38;0.628;5.25;0.478;-0.425;Ireland;53.5368;-9.3385;35;CC BY-NC-SA 4.0;University of Bristol Spelæological Society. (1987). County Mayo cave Survey [Creative Commons BY-NC-SA 4.0 dataset]. https://www.ubss.org.uk;
016;CountyMayo;004;clean;manual correction;11 Nov 2025;719;10.65;95;1;88;93;2.59;1.0;4.0;0.433;6;32.7;1.99;0.33;0.613;3.25;0.384;-0.379;Ireland;53.5368;-9.3385;35;CC BY-NC-SA 4.0;University of Bristol Spelæological Society. (1987). County Mayo cave Survey [Creative Commons BY-NC-SA 4.0 dataset]. https://www.ubss.org.uk;
016;CountyMayo;005;clean;manual correction;11 Nov 2025;623;28.42;59;1;86;89;2.17;1.0;4.0;0.467;4;18.89;1.22;0.56;0.681;7.23;0.365;-0.441;Ireland;53.5368;-9.3385;35;CC BY-NC-SA 4.0;University of Bristol Spelæological Society. (1987). County Mayo cave Survey [Creative Commons BY-NC-SA 4.0 dataset]. https://www.ubss.org.uk;
017;LittleNeathRiver;001;clean;manual correction;11 Nov 2025;7955;122.43;0;1;797;818;2.24;1.0;6.0;0.483;22;43.0;1.25;0.43;0.726;15.18;0.49;-0.29;UK;51.8111;-3.5811;304;CC BY-NC-SA 4.0;"University of Bristol Spelæological Society. (1919). The Little Neath River Cave Survey [Creative Commons BY-NC-SA 4.0 dataset]. Cave Survey Archive. https://www.ubss.org.uk
";
017;LittleNeathRiver;002;clean;manual correction;11 Nov 2025;677;28.21;0;1;105;107;2.25;1.0;6.0;0.473;3;39.88;1.66;0.38;0.584;3.53;0.538;-0.249;UK;51.8111;-3.5811;304;CC BY-NC-SA 4.0;"University of Bristol Spelæological Society. (1919). The Little Neath River Cave Survey [Creative Commons BY-NC-SA 4.0 dataset]. Cave Survey Archive. https://www.ubss.org.uk
";
018;Lathkill;001;clean;manual correction;11 Nov 2025;2218;61.67;0;1;388;389;2.03;1.0;5.0;0.604;2;37.61;1.44;0.46;0.76;7.63;0.552;-0.455;UK;53.1904;-1.7512;216.55;CC BY-NC-SA 4.0;University of Bristol Spelæological Society. (1919). The River Lathkill Catchment Area Cave Survey [Creative Commons BY-NC-SA 4.0 dataset]. Cave Survey Archive. https://www.ubss.org.uk;
018;Lathkill;002;clean;manual correction;11 Nov 2025;1075;58.16;0;1;199;198;1.94;1.0;5.0;0.563;0;30.72;0.92;0.76;0.772;6.06;0.43;-0.417;UK;53.1904;-1.7512;216.55;CC BY-NC-SA 4.0;University of Bristol Spelæological Society. (1919). The River Lathkill Catchment Area Cave Survey [Creative Commons BY-NC-SA 4.0 dataset]. Cave Survey Archive. https://www.ubss.org.uk;
018;Lathkill;003;clean;manual correction;11 Nov 2025;902;20.99;0;1;118;117;1.83;1.0;5.0;0.562;0;82.02;1.48;0.45;0.657;3.05;0.471;-0.467;UK;53.1904;-1.7512;216.55;CC BY-NC-SA 4.0;University of Bristol Spelæological Society. (1919). The River Lathkill Catchment Area Cave Survey [Creative Commons BY-NC-SA 4.0 dataset]. Cave Survey Archive. https://www.ubss.org.uk;
018;Lathkill;004;clean;manual correction;11 Nov 2025;569;7.43;0;1;110;110;2.0;1.0;5.0;0.5;1;142.34;1.59;0.45;0.674;1.6;0.375;-0.562;UK;53.1904;-1.7512;216.55;CC BY-NC-SA 4.0;University of Bristol Spelæological Society. (1919). The River Lathkill Catchment Area Cave Survey [Creative Commons BY-NC-SA 4.0 dataset]. Cave Survey Archive. https://www.ubss.org.uk;
019;Loser;001;clean;semi-automatic correction;11 Nov 2025;145956;1136.48;5;1;20592;21060;2.19;1.0;17.0;0.557;469;27.54;1.23;0.21;0.941;102.55;0.553;-0.227;Austria;47.7015;13.7723;;TBD;CUCC. (2024). Loser Plateau cave survey [Dataset, Survex]. Cambridge University Caving Club. https://expo.survex.com/;
019;Loser;002;clean;semi-automatic correction;11 Nov 2025;115435;979.47;0;1;16147;16996;2.29;1.0;17.0;0.514;850;17.83;1.14;0.21;0.969;72.25;0.46;-0.163;Austria;47.7015;13.7723;;TBD;CUCC. (2024). Loser Plateau cave survey [Dataset, Survex]. Cambridge University Caving Club. https://expo.survex.com/;
019;Loser;003;clean;semi-automatic correction;11 Nov 2025;8817;450.31;0;1;1350;1354;2.03;1.0;17.0;0.545;5;34.44;1.13;0.55;0.943;15.7;0.551;-0.328;Austria;47.7015;13.7723;;TBD;CUCC. (2024). Loser Plateau cave survey [Dataset, Survex]. Cambridge University Caving Club. https://expo.survex.com/;
019;Loser;004;clean;semi-automatic correction;11 Nov 2025;7070;218.87;0;1;1312;1355;2.27;1.0;17.0;0.571;44;20.03;1.15;0.41;0.941;16.12;0.357;-0.025;Austria;47.7015;13.7723;;TBD;CUCC. (2024). Loser Plateau cave survey [Dataset, Survex]. Cambridge University Caving Club. https://expo.survex.com/;
019;Loser;005;clean;semi-automatic correction;11 Nov 2025;7095;460.09;10;1;1289;1307;2.12;1.0;17.0;0.509;19;23.04;1.14;0.4;0.926;23.17;0.433;-0.324;Austria;47.7015;13.7723;;TBD;CUCC. (2024). Loser Plateau cave survey [Dataset, Survex]. Cambridge University Caving Club. https://expo.survex.com/;
019;Loser;006;clean;semi-automatic correction;11 Nov 2025;6169;484.69;38;1;1028;1054;2.22;1.0;17.0;0.471;27;24.68;1.32;0.38;0.934;17.26;0.458;-0.222;Austria;47.7015;13.7723;;TBD;CUCC. (2024). Loser Plateau cave survey [Dataset, Survex]. Cambridge University Caving Club. https://expo.survex.com/;
019;Loser;007;clean;semi-automatic correction;11 Nov 2025;4707;450.48;24;1;891;903;2.15;1.0;17.0;0.481;13;30.37;1.47;0.39;0.914;12.9;0.584;-0.287;Austria;47.7015;13.7723;;TBD;CUCC. (2024). Loser Plateau cave survey [Dataset, Survex]. Cambridge University Caving Club. https://expo.survex.com/;
019;Loser;008;clean;semi-automatic correction;11 Nov 2025;4214;297.01;0;1;665;684;2.13;1.0;17.0;0.597;20;14.05;0.88;0.62;0.917;16.74;0.393;-0.247;Austria;47.7015;13.7723;;TBD;CUCC. (2024). Loser Plateau cave survey [Dataset, Survex]. Cambridge University Caving Club. https://expo.survex.com/;
019;Loser;009;clean;semi-automatic correction;11 Nov 2025;3031;283.8;0;1;637;641;2.05;1.0;17.0;0.533;5;17.03;1.18;0.32;0.939;13.32;0.458;-0.324;Austria;47.7015;13.7723;;TBD;CUCC. (2024). Loser Plateau cave survey [Dataset, Survex]. Cambridge University Caving Club. https://expo.survex.com/;
019;Loser;010;clean;semi-automatic correction;11 Nov 2025;2774;297.25;5;1;539;544;2.07;1.0;17.0;0.593;6;19.14;1.02;0.67;0.841;10.06;0.468;-0.38;Austria;47.7015;13.7723;;TBD;CUCC. (2024). Loser Plateau cave survey [Dataset, Survex]. Cambridge University Caving Club. https://expo.survex.com/;
019;Loser;011;clean;semi-automatic correction;11 Nov 2025;3086;106.18;0;1;524;528;2.07;1.0;17.0;0.499;5;27.81;0.91;0.65;0.905;10.81;0.519;-0.349;Austria;47.7015;13.7723;;TBD;CUCC. (2024). Loser Plateau cave survey [Dataset, Survex]. Cambridge University Caving Club. https://expo.survex.com/;
019;Loser;012;clean;semi-automatic correction;11 Nov 2025;4085;336.21;0;1;474;488;2.17;1.0;17.0;0.5;15;22.82;1.5;0.37;0.907;13.0;0.541;-0.256;Austria;47.7015;13.7723;;TBD;CUCC. (2024). Loser Plateau cave survey [Dataset, Survex]. Cambridge University Caving Club. https://expo.survex.com/;
019;Loser;013;clean;semi-automatic correction;11 Nov 2025;2928;421.99;0;1;376;376;2.0;1.0;17.0;0.586;1;41.24;1.12;0.61;0.873;8.39;0.523;-0.326;Austria;47.7015;13.7723;;TBD;CUCC. (2024). Loser Plateau cave survey [Dataset, Survex]. Cambridge University Caving Club. https://expo.survex.com/;
019;Loser;014;clean;semi-automatic correction;11 Nov 2025;1583;156.59;0;1;322;323;2.03;1.0;17.0;0.503;2;23.29;0.94;0.72;0.841;8.34;0.489;-0.311;Austria;47.7015;13.7723;;TBD;CUCC. (2024). Loser Plateau cave survey [Dataset, Survex]. Cambridge University Caving Club. https://expo.survex.com/;
019;Loser;015;clean;semi-automatic correction;11 Nov 2025;1424;112.04;96;1;262;263;2.06;1.0;17.0;0.513;2;39.57;0.89;0.76;0.852;5.64;0.499;-0.277;Austria;47.7015;13.7723;;TBD;CUCC. (2024). Loser Plateau cave survey [Dataset, Survex]. Cambridge University Caving Club. https://expo.survex.com/;
019;Loser;016;clean;semi-automatic correction;11 Nov 2025;1887;94.76;0;1;258;262;2.1;1.0;17.0;0.588;5;22.48;0.86;0.73;0.866;7.3;0.482;-0.276;Austria;47.7015;13.7723;;TBD;CUCC. (2024). Loser Plateau cave survey [Dataset, Survex]. Cambridge University Caving Club. https://expo.survex.com/;
019;Loser;017;clean;semi-automatic correction;11 Nov 2025;1566;140.03;0;1;247;250;2.07;1.0;17.0;0.54;4;18.43;0.73;0.81;0.868;8.36;0.582;-0.333;Austria;47.7015;13.7723;;TBD;CUCC. (2024). Loser Plateau cave survey [Dataset, Survex]. Cambridge University Caving Club. https://expo.survex.com/;
019;Loser;018;clean;semi-automatic correction;11 Nov 2025;1175;292.28;0;1;244;248;2.25;1.0;17.0;0.465;5;34.59;1.22;0.59;0.766;6.22;0.354;-0.322;Austria;47.7015;13.7723;;TBD;CUCC. (2024). Loser Plateau cave survey [Dataset, Survex]. Cambridge University Caving Club. https://expo.survex.com/;
019;Loser;019;clean;semi-automatic correction;11 Nov 2025;1290;118.76;0;1;232;232;2.0;1.0;17.0;0.554;1;23.05;1.04;0.64;0.85;8.1;0.467;-0.45;Austria;47.7015;13.7723;;TBD;CUCC. (2024). Loser Plateau cave survey [Dataset, Survex]. Cambridge University Caving Club. https://expo.survex.com/;
019;Loser;020;clean;semi-automatic correction;11 Nov 2025;1194;78.8;0;1;199;198;1.94;1.0;17.0;0.521;0;34.12;1.04;0.72;0.838;5.7;0.52;-0.373;Austria;47.7015;13.7723;;TBD;CUCC. (2024). Loser Plateau cave survey [Dataset, Survex]. Cambridge University Caving Club. https://expo.survex.com/;
019;Loser;021;clean;semi-automatic correction;11 Nov 2025;1245;401.72;0;1;188;190;2.1;1.0;17.0;0.509;3;31.95;2.41;0.19;0.688;7.25;0.41;-0.398;Austria;47.7015;13.7723;;TBD;CUCC. (2024). Loser Plateau cave survey [Dataset, Survex]. Cambridge University Caving Club. https://expo.survex.com/;
019;Loser;022;clean;semi-automatic correction;11 Nov 2025;898;139.73;0;1;168;170;2.09;1.0;17.0;0.579;3;18.72;0.93;0.73;0.824;5.74;0.477;-0.355;Austria;47.7015;13.7723;;TBD;CUCC. (2024). Loser Plateau cave survey [Dataset, Survex]. Cambridge University Caving Club. https://expo.survex.com/;
019;Loser;023;clean;semi-automatic correction;11 Nov 2025;971;114.61;0;1;156;155;1.93;1.0;17.0;0.527;0;35.99;0.67;0.88;0.814;4.79;0.52;-0.385;Austria;47.7015;13.7723;;TBD;CUCC. (2024). Loser Plateau cave survey [Dataset, Survex]. Cambridge University Caving Club. https://expo.survex.com/;
019;Loser;024;clean;semi-automatic correction;11 Nov 2025;1016;192.55;0;1;154;158;2.21;1.0;17.0;0.472;5;25.42;1.22;0.51;0.834;6.34;0.403;-0.376;Austria;47.7015;13.7723;;TBD;CUCC. (2024). Loser Plateau cave survey [Dataset, Survex]. Cambridge University Caving Club. https://expo.survex.com/;
019;Loser;025;clean;semi-automatic correction;11 Nov 2025;1516;307.69;0;1;154;153;1.95;1.0;17.0;0.735;0;40.99;0.71;0.84;0.721;5.26;0.556;-0.345;Austria;47.7015;13.7723;;TBD;CUCC. (2024). Loser Plateau cave survey [Dataset, Survex]. Cambridge University Caving Club. https://expo.survex.com/;
019;Loser;026;clean;semi-automatic correction;11 Nov 2025;571;40.41;11;1;136;137;2.04;1.0;17.0;0.517;2;10.59;1.21;0.54;0.761;8.2;0.491;-0.466;Austria;47.7015;13.7723;;TBD;CUCC. (2024). Loser Plateau cave survey [Dataset, Survex]. Cambridge University Caving Club. https://expo.survex.com/;
019;Loser;027;clean;semi-automatic correction;11 Nov 2025;794;77.27;0;1;119;121;2.09;1.0;17.0;0.513;3;17.27;1.09;0.57;0.805;7.02;0.528;-0.312;Austria;47.7015;13.7723;;TBD;CUCC. (2024). Loser Plateau cave survey [Dataset, Survex]. Cambridge University Caving Club. https://expo.survex.com/;
019;Loser;028;clean;semi-automatic correction;11 Nov 2025;1182;225.91;88;1;109;108;1.91;1.0;17.0;0.566;0;53.76;0.93;0.8;0.773;4.17;0.553;-0.422;Austria;47.7015;13.7723;;TBD;CUCC. (2024). Loser Plateau cave survey [Dataset, Survex]. Cambridge University Caving Club. https://expo.survex.com/;
019;Loser;029;clean;semi-automatic correction;11 Nov 2025;509;103.36;0;1;99;98;1.9;1.0;17.0;0.637;0;26.82;0.7;0.8;0.729;3.79;0.588;-0.337;Austria;47.7015;13.7723;;TBD;CUCC. (2024). Loser Plateau cave survey [Dataset, Survex]. Cambridge University Caving Club. https://expo.survex.com/;
019;Loser;031;clean;semi-automatic correction;11 Nov 2025;556;50.39;0;1;97;98;2.05;1.0;17.0;0.547;2;12.94;0.86;0.64;0.722;6.36;0.494;-0.366;Austria;47.7015;13.7723;;TBD;CUCC. (2024). Loser Plateau cave survey [Dataset, Survex]. Cambridge University Caving Club. https://expo.survex.com/;
019;Loser;032;clean;semi-automatic correction;11 Nov 2025;771;372.18;0;1;95;95;2.0;1.0;17.0;0.51;1;29.69;1.48;0.46;0.568;5.15;0.399;-0.333;Austria;47.7015;13.7723;;TBD;CUCC. (2024). Loser Plateau cave survey [Dataset, Survex]. Cambridge University Caving Club. https://expo.survex.com/;
019;Loser;033;clean;semi-automatic correction;11 Nov 2025;614;156.08;0;1;93;92;1.9;1.0;17.0;0.573;0;30.72;1.12;0.74;0.742;4.21;0.491;-0.429;Austria;47.7015;13.7723;;TBD;CUCC. (2024). Loser Plateau cave survey [Dataset, Survex]. Cambridge University Caving Club. https://expo.survex.com/;
019;Loser;036;clean;semi-automatic correction;11 Nov 2025;567;108.81;0;1;69;69;2.0;1.0;17.0;0.619;1;18.31;1.08;0.64;0.685;5.53;0.437;-0.593;Austria;47.7015;13.7723;;TBD;CUCC. (2024). Loser Plateau cave survey [Dataset, Survex]. Cambridge University Caving Club. https://expo.survex.com/;
019;Loser;039;clean;semi-automatic correction;11 Nov 2025;549;353.73;0;1;58;57;1.0;1.0;17.0;0.0;0;549.65;0.0;0.0;0.434;1.0;0.0;1.0;Austria;47.7015;13.7723;;TBD;CUCC. (2024). Loser Plateau cave survey [Dataset, Survex]. Cambridge University Caving Club. https://expo.survex.com/;
019;Loser;180;clean;semi-automatic correction;11 Nov 2025;533;425.0;0;1;6;5;1.0;1.0;17.0;0.0;0;533.11;0.0;0.0;0.238;1.0;0.0;1.0;Austria;47.7015;13.7723;;TBD;CUCC. (2024). Loser Plateau cave survey [Dataset, Survex]. Cambridge University Caving Club. https://expo.survex.com/;
020;Vanoise;001;clean;manual correction;11 Nov 2025;2063;135.0;85;1;471;484;2.28;1.0;4.0;0.419;14;21.5;1.09;0.62;0.884;12.37;0.403;-0.312;France;45.3748;6.768;;CC BY-NC-SA 4.0;Continent 8, Kern, M., & Caihol, T. (2025). Base de données topographiques de la synthèse des gouffres des domes de la Vanoise, Pralognan la Vanoise, Savoie (73) [Creative Commons BY-NC-SA 4.0 dataset, Therion project]. https://github.com/Dehautenbas/Vanoise-Therion;
021;Glacier;000;clean;manual correction;11 Nov 2025;4411;230.47;100;1;900;939;2.38;1.0;4.0;0.428;40;18.85;0.82;0.56;0.885;10.51;0.412;-0.179;Switzerland;46.43818;6.9883;1802;CC BY-NC-SA 4.0;;
022;CombeBryon;000;clean;manual correction;11 Nov 2025;4198;644.16;99;1;606;615;2.27;1.0;4.0;0.431;10;59.13;1.21;0.58;0.806;8.87;0.499;-0.244;Switzerland;46.3719;7.022;1711;CC BY-NC-SA 4.0;;
024;Lajoux;000;clean;no correction;11 Nov 2025;1305;220.16;95;1;327;326;1.97;1.0;4.0;0.55;0;22.51;1.19;0.61;0.744;7.43;0.571;-0.251;Switzerland;47.2844;7.1492;971;CC BY-NC-SA 4.0;SCJ. (2024). Relevé topographiques [Dataset]. Spéléo-Club Jura. https://speleoclubjura.com/index.php/scj;
027;CreuxDEntier;000;clean;manual correction;11 Nov 2025;1397;151.84;100;1;282;286;2.15;1.0;5.0;0.547;5;24.96;0.64;0.83;0.72;5.97;0.293;-0.162;Switzerland;47.2794;7.185;935;CC BY-NC-SA 4.0;SCJ. (2024). Relevé topographiques [Dataset]. Spéléo-Club Jura. https://speleoclubjura.com/index.php/scj;
028;NarinesBoeuf;000;clean;manual correction;11 Nov 2025;700;116.72;97;1;132;133;2.06;1.0;4.0;0.499;2;20.61;0.68;0.89;0.704;5.97;0.41;-0.315;Switzerland;47.2499;7.1739;954;CC BY-NC-SA 4.0;SCJ. (2024). Relevé topographiques [Dataset]. Spéléo-Club Jura. https://speleoclubjura.com/index.php/scj;
029;RougeEau;000;clean;no correction;11 Nov 2025;655;131.06;98;1;138;137;1.94;1.0;3.0;0.522;0;19.85;1.22;0.66;0.705;6.02;0.492;-0.375;Switzerland;47.2516;7.1838;137;CC BY-NC-SA 4.0;SCJ. (2024). Relevé topographiques [Dataset]. Spéléo-Club Jura. https://speleoclubjura.com/index.php/scj;
031;DYO;000;clean;manual correction;11 Nov 2025;16385;123.46;0;1;2133;2143;2.02;1.0;14.0;0.945;11;13.68;1.36;0.11;0.761;47.01;0.55;-0.455;UK;51.830165;-3.686333;225;CC BY-NC-SA 4.0;UK Cave Registry. (2024). Cave survey [Creative Commons BY-NC-SA 4.0 dataset]. https://cave-registry.org.uk;
032;FermanagAndCavan;000;ready for cleaning;manual correction;11 Nov 2025;1231;65.09;83;1;278;280;2.06;1.0;5.0;0.596;3;17.6;0.98;0.72;0.834;7.92;0.579;-0.213;Ireland;54.2083;-7.7482;300;TBD;UK Cave Registry. (2024). Cave survey [Creative Commons BY-NC-SA 4.0 dataset]. https://cave-registry.org.uk;
033;WestKingsdale;001;clean;semi-automatic correction;11 Nov 2025;8108;92.8;2;1;1198;1210;2.17;1.0;5.0;0.532;13;53.7;1.82;0.41;0.745;10.87;0.688;-0.285;UK;54.1839;-2.4675;252.81;CC BY-NC-SA 4.0;UK Cave Registry. (2024). Cave survey [Creative Commons BY-NC-SA 4.0 dataset]. https://cave-registry.org.uk;
033;WestKingsdale;003;clean;semi-automatic correction;11 Nov 2025;829;68.38;0;1;209;208;1.91;1.0;5.0;0.629;0;37.71;1.76;0.46;0.708;4.53;0.422;-0.48;UK;54.1839;-2.4675;252.81;CC BY-NC-SA 4.0;UK Cave Registry. (2024). Cave survey [Creative Commons BY-NC-SA 4.0 dataset]. https://cave-registry.org.uk;
033;WestKingsdale;004;clean;semi-automatic correction;11 Nov 2025;1376;123.36;0;1;169;168;1.86;1.0;5.0;0.696;0;105.89;2.11;0.3;0.72;2.87;0.688;-0.345;UK;54.1839;-2.4675;252.81;CC BY-NC-SA 4.0;UK Cave Registry. (2024). Cave survey [Creative Commons BY-NC-SA 4.0 dataset]. https://cave-registry.org.uk;
033;WestKingsdale;006;clean;semi-automatic correction;11 Nov 2025;710;18.98;0;1;134;134;2.0;1.0;5.0;0.488;1;35.53;1.57;0.51;0.649;4.83;0.453;-0.424;UK;54.1839;-2.4675;252.81;CC BY-NC-SA 4.0;UK Cave Registry. (2024). Cave survey [Creative Commons BY-NC-SA 4.0 dataset]. https://cave-registry.org.uk;
035;EastKingsdale;001;clean;no correction;11 Nov 2025;539;105.64;0;1;151;150;1.88;1.0;4.0;0.59;0;33.74;1.36;0.62;0.747;3.5;0.584;-0.333;UK;54.1811;-2.46114;292;CC BY-NC-SA 4.0;UK Cave Registry. (2024). Cave survey [Creative Commons BY-NC-SA 4.0 dataset]. https://cave-registry.org.uk;
036;ShkembejtJames;001;clean;semi-automatic correction;11 Nov 2025;700;435.26;0;1;99;98;1.67;1.0;4.0;0.62;0;140.03;1.48;0.58;0.725;1.93;0.56;-0.667;Albania;42.504;19.7439;1810;TBD;;
036;ShkembejtJames;002;clean;semi-automatic correction;11 Nov 2025;571;206.21;0;1;95;94;1.71;1.0;4.0;0.731;0;95.3;0.74;0.58;0.67;2.0;0.7;-0.714;Albania;42.504;19.7439;1810;TBD;;
036;ShkembejtJames;004;clean;semi-automatic correction;11 Nov 2025;617;282.54;0;1;74;73;1.5;1.0;4.0;0.667;0;205.79;0.88;0.48;0.682;1.5;1.0;-1.0;Albania;42.504;19.7439;1810;TBD;;
037;FountainsFell;001;clean;semi-automatic correction;11 Nov 2025;1154;100.12;0;1;391;393;2.07;1.0;5.0;0.528;3;20.62;1.67;0.48;0.808;8.32;0.459;-0.365;UK;54.137652;-2.234087;;CC BY-NC-SA 4.0;UK Cave Registry. (2024). Cave survey [Creative Commons BY-NC-SA 4.0 dataset]. https://cave-registry.org.uk;
037;FountainsFell;002;clean;semi-automatic correction;11 Nov 2025;3766;44.12;0;1;349;348;1.96;1.0;5.0;0.534;0;85.61;1.37;0.54;0.68;7.89;0.392;-0.333;UK;54.137652;-2.234087;;CC BY-NC-SA 4.0;UK Cave Registry. (2024). Cave survey [Creative Commons BY-NC-SA 4.0 dataset]. https://cave-registry.org.uk;
037;FountainsFell;003;clean;semi-automatic correction;11 Nov 2025;952;160.1;0;1;255;255;2.0;1.0;5.0;0.483;1;68.01;0.96;0.64;0.572;3.95;0.415;-0.463;UK;54.137652;-2.234087;;CC BY-NC-SA 4.0;UK Cave Registry. (2024). Cave survey [Creative Commons BY-NC-SA 4.0 dataset]. https://cave-registry.org.uk;
037;FountainsFell;004;clean;semi-automatic correction;11 Nov 2025;1089;165.28;0;1;234;236;2.06;1.0;5.0;0.627;3;14.72;1.82;0.35;0.78;9.44;0.459;-0.487;UK;54.137652;-2.234087;;CC BY-NC-SA 4.0;UK Cave Registry. (2024). Cave survey [Creative Commons BY-NC-SA 4.0 dataset]. https://cave-registry.org.uk;
037;FountainsFell;005;clean;semi-automatic correction;11 Nov 2025;614;131.02;0;1;119;118;1.83;1.0;5.0;0.562;0;55.86;1.64;0.45;0.522;2.92;0.564;-0.467;UK;54.137652;-2.234087;;CC BY-NC-SA 4.0;UK Cave Registry. (2024). Cave survey [Creative Commons BY-NC-SA 4.0 dataset]. https://cave-registry.org.uk;
038;Ingleborough;001;clean;semi-automatic correction;11 Nov 2025;4788;51.31;0;1;705;705;2.0;1.0;4.0;0.511;1;199.53;1.01;0.78;0.714;4.5;0.473;-0.333;UK;54.146915;-2.41319;415;CC BY-NC-SA 4.0;UK Cave Registry. (2024). Cave survey [Creative Commons BY-NC-SA 4.0 dataset]. https://cave-registry.org.uk;
038;Ingleborough;002;clean;semi-automatic correction;11 Nov 2025;1053;18.44;74;1;184;183;1.82;1.0;4.0;0.642;0;105.31;2.16;0.28;0.667;2.76;0.493;-0.63;UK;54.146915;-2.41319;415;CC BY-NC-SA 4.0;UK Cave Registry. (2024). Cave survey [Creative Commons BY-NC-SA 4.0 dataset]. https://cave-registry.org.uk;
040;Nidderdale;001;clean;manual correction;11 Nov 2025;4935;90.54;86;1;881;898;2.23;1.0;4.0;0.446;18;31.64;1.4;0.35;0.823;13.11;0.45;-0.252;UK;54.1807;-1.8486;237;CC BY-NC-SA 4.0;;
041;ThreeCounties;001;clean;semi-automatic correction;11 Nov 2025;46804;158.5;0;1;9567;9704;2.16;1.0;7.0;0.541;138;25.52;1.57;0.14;0.822;34.24;0.5;-0.236;UK;54.23107;-2.51775;330.92;CC BY-NC-SA 4.0;UK Cave Registry. (2024). Cave survey [Creative Commons BY-NC-SA 4.0 dataset]. https://cave-registry.org.uk;
041;ThreeCounties;002;clean;semi-automatic correction;11 Nov 2025;15721;167.98;0;1;2871;2897;2.1;1.0;7.0;0.519;27;30.41;1.45;0.39;0.839;20.41;0.533;-0.283;UK;54.23107;-2.51775;330.92;CC BY-NC-SA 4.0;UK Cave Registry. (2024). Cave survey [Creative Commons BY-NC-SA 4.0 dataset]. https://cave-registry.org.uk;
041;ThreeCounties;003;clean;semi-automatic correction;11 Nov 2025;12871;141.72;0;1;2833;2865;2.14;1.0;7.0;0.494;33;27.04;1.56;0.29;0.859;26.31;0.569;-0.292;UK;54.23107;-2.51775;330.92;CC BY-NC-SA 4.0;UK Cave Registry. (2024). Cave survey [Creative Commons BY-NC-SA 4.0 dataset]. https://cave-registry.org.uk;
041;ThreeCounties;004;clean;semi-automatic correction;11 Nov 2025;2225;97.98;0;1;382;387;2.1;1.0;7.0;0.502;6;22.71;2.26;0.2;0.833;11.11;0.561;-0.275;UK;54.23107;-2.51775;330.92;CC BY-NC-SA 4.0;UK Cave Registry. (2024). Cave survey [Creative Commons BY-NC-SA 4.0 dataset]. https://cave-registry.org.uk;
041;ThreeCounties;005;clean;semi-automatic correction;11 Nov 2025;1436;31.89;0;1;380;385;2.16;1.0;7.0;0.475;6;22.1;1.39;0.53;0.765;7.17;0.42;-0.376;UK;54.23107;-2.51775;330.92;CC BY-NC-SA 4.0;UK Cave Registry. (2024). Cave survey [Creative Commons BY-NC-SA 4.0 dataset]. https://cave-registry.org.uk;
041;ThreeCounties;006;clean;semi-automatic correction;11 Nov 2025;1519;132.65;0;1;375;387;2.27;1.0;7.0;0.487;13;15.51;1.07;0.57;0.84;9.6;0.375;-0.072;UK;54.23107;-2.51775;330.92;CC BY-NC-SA 4.0;UK Cave Registry. (2024). Cave survey [Creative Commons BY-NC-SA 4.0 dataset]. https://cave-registry.org.uk;
041;ThreeCounties;007;clean;semi-automatic correction;11 Nov 2025;1251;115.46;0;1;297;301;2.1;1.0;7.0;0.543;5;15.45;1.31;0.46;0.829;9.43;0.494;-0.177;UK;54.23107;-2.51775;330.92;CC BY-NC-SA 4.0;UK Cave Registry. (2024). Cave survey [Creative Commons BY-NC-SA 4.0 dataset]. https://cave-registry.org.uk;
041;ThreeCounties;008;clean;semi-automatic correction;11 Nov 2025;986;96.3;0;1;276;277;2.04;1.0;7.0;0.58;2;17.01;0.9;0.83;0.845;7.08;0.515;-0.394;UK;54.23107;-2.51775;330.92;CC BY-NC-SA 4.0;UK Cave Registry. (2024). Cave survey [Creative Commons BY-NC-SA 4.0 dataset]. https://cave-registry.org.uk;
041;ThreeCounties;009;clean;semi-automatic correction;11 Nov 2025;1109;123.91;0;1;261;261;2.0;1.0;7.0;0.577;1;17.33;1.27;0.55;0.67;8.71;0.452;-0.392;UK;54.23107;-2.51775;330.92;CC BY-NC-SA 4.0;UK Cave Registry. (2024). Cave survey [Creative Commons BY-NC-SA 4.0 dataset]. https://cave-registry.org.uk;
041;ThreeCounties;010;clean;semi-automatic correction;11 Nov 2025;1828;177.29;0;1;201;203;2.1;1.0;7.0;0.509;3;45.72;2.45;0.22;0.728;6.78;0.436;-0.324;UK;54.23107;-2.51775;330.92;CC BY-NC-SA 4.0;UK Cave Registry. (2024). Cave survey [Creative Commons BY-NC-SA 4.0 dataset]. https://cave-registry.org.uk;
041;ThreeCounties;013;clean;semi-automatic correction;11 Nov 2025;688;63.08;0;1;115;115;2.0;1.0;7.0;0.616;1;23.74;1.28;0.61;0.659;5.07;0.504;-0.353;UK;54.23107;-2.51775;330.92;CC BY-NC-SA 4.0;UK Cave Registry. (2024). Cave survey [Creative Commons BY-NC-SA 4.0 dataset]. https://cave-registry.org.uk;
042;DowProv;000;clean;no correction;11 Nov 2025;2621;75.14;0;1;412;412;2.0;1.0;5.0;0.548;1;53.5;1.72;0.4;0.651;8.88;0.411;-0.499;UK;54.1645;-2.027533;400;CC BY-NC-SA 4.0;UK Cave Registry. (2024). Cave survey [Creative Commons BY-NC-SA 4.0 dataset]. https://cave-registry.org.uk;
043;HaggBeck;001;clean;manual correction;11 Nov 2025;1659;70.58;0;1;385;389;2.11;1.0;5.0;0.503;5;22.42;1.15;0.54;0.762;10.53;0.42;-0.251;UK;54.2094;-2.1643;350;CC BY-NC-SA 4.0;UK Cave Registry. (2024). Cave survey [Creative Commons BY-NC-SA 4.0 dataset]. https://cave-registry.org.uk;
043;HaggBeck;004;clean;manual correction;11 Nov 2025;1095;0.0;0;1;21;20;1.67;1.0;5.0;0.62;0;219.2;0.87;0.41;0.441;1.93;0.56;-0.667;UK;54.2094;-2.1643;350;CC BY-NC-SA 4.0;UK Cave Registry. (2024). Cave survey [Creative Commons BY-NC-SA 4.0 dataset]. https://cave-registry.org.uk;
047;Seefeldhoele;000;clean;manual correction;11 Nov 2025;2240;35.71;100;1;748;899;2.78;1.0;5.0;0.399;152;4.25;0.84;0.54;0.774;17.91;0.434;-0.069;Switzerland;46.7573;7.8339;1792;CC BY-NC-SA 4.0;;
048;Banquier;000;clean;manual correction;11 Nov 2025;12838;196.36;17;1;2054;2083;2.17;1.0;5.0;0.487;30;35.66;1.96;0.18;0.876;24.93;0.462;-0.268;France;43.7831;3.3933;460;CC BY-NC-SA 4.0;Karst3D Team (2019). KARST3D. OSU OREME. (Collection). DOI: 10.15148/940C2882-49F1-49DB-A97E-12303CACE752;
049;Cochon;000;clean;manual correction;11 Nov 2025;4286;178.49;0;1;843;848;2.06;1.0;4.0;0.532;6;25.52;1.34;0.34;0.931;14.8;0.541;-0.307;France;43.8024;3.4196;647;CC BY-NC-SA 4.0;Karst3D Team (2019). KARST3D. OSU OREME. (Collection). DOI: 10.15148/940C2882-49F1-49DB-A97E-12303CACE752;
050;Andara;001;clean;semi-automatic correction;11 Nov 2025;16343;545.33;19;1;1833;1841;2.06;1.0;17.0;0.548;9;59.65;1.4;0.36;0.943;16.35;0.535;-0.319;Spain;43.2161538;-4.7242563;1785;CC BY-NC-SA 4.0;;
050;Andara;002;clean;semi-automatic correction;11 Nov 2025;9076;446.22;69;1;1560;1566;2.05;1.0;17.0;0.575;7;40.52;1.79;0.32;0.892;15.37;0.532;-0.312;Spain;43.2161538;-4.7242563;1785;CC BY-NC-SA 4.0;;
050;Andara;003;clean;semi-automatic correction;11 Nov 2025;4689;626.13;11;1;463;482;2.41;1.0;17.0;0.787;20;45.97;2.11;0.33;0.771;9.02;0.544;-0.069;Spain;43.2161538;-4.7242563;1785;CC BY-NC-SA 4.0;;
050;Andara;004;clean;semi-automatic correction;11 Nov 2025;3776;1109.5;0;1;455;454;1.9;1.0;17.0;0.537;0;198.75;1.67;0.49;0.755;4.22;0.446;-0.407;Spain;43.2161538;-4.7242563;1785;CC BY-NC-SA 4.0;;
050;Andara;005;clean;semi-automatic correction;11 Nov 2025;3110;1220.77;0;1;347;346;1.9;1.0;17.0;0.702;0;155.52;1.83;0.39;0.603;3.9;0.553;-0.36;Spain;43.2161538;-4.7242563;1785;CC BY-NC-SA 4.0;;
050;Andara;006;clean;semi-automatic correction;11 Nov 2025;2113;313.12;39;1;343;348;2.13;1.0;17.0;0.56;6;27.1;1.73;0.35;0.862;7.82;0.48;-0.252;Spain;43.2161538;-4.7242563;1785;CC BY-NC-SA 4.0;;
050;Andara;007;clean;semi-automatic correction;11 Nov 2025;1979;639.61;85;1;299;301;2.07;1.0;17.0;0.54;3;37.36;1.79;0.32;0.783;8.27;0.475;-0.325;Spain;43.2161538;-4.7242563;1785;CC BY-NC-SA 4.0;;
050;Andara;008;clean;semi-automatic correction;11 Nov 2025;1000;449.49;22;1;280;279;1.85;1.0;17.0;0.619;0;83.33;2.2;0.25;0.832;3.13;0.463;-0.6;Spain;43.2161538;-4.7242563;1785;CC BY-NC-SA 4.0;;
050;Andara;009;clean;semi-automatic correction;11 Nov 2025;1166;108.25;65;1;138;143;2.33;1.0;17.0;0.411;6;36.46;1.3;0.5;0.796;5.43;0.348;-0.191;Spain;43.2161538;-4.7242563;1785;CC BY-NC-SA 4.0;;
050;Andara;010;clean;semi-automatic correction;11 Nov 2025;1152;73.79;48;1;121;121;2.0;1.0;17.0;0.585;1;64.04;1.25;0.67;0.691;3.66;0.528;-0.32;Spain;43.2161538;-4.7242563;1785;CC BY-NC-SA 4.0;;
050;Andara;011;clean;semi-automatic correction;11 Nov 2025;525;212.14;5;1;94;95;2.1;1.0;17.0;0.563;2;26.27;1.34;0.58;0.657;4.12;0.43;-0.403;Spain;43.2161538;-4.7242563;1785;CC BY-NC-SA 4.0;;
050;Andara;012;clean;semi-automatic correction;11 Nov 2025;991;381.67;0;1;90;89;1.83;1.0;17.0;0.562;0;90.15;1.88;0.38;0.728;2.92;0.564;-0.467;Spain;43.2161538;-4.7242563;1785;CC BY-NC-SA 4.0;;
050;Andara;013;clean;semi-automatic correction;11 Nov 2025;991;103.49;76;1;89;90;2.07;1.0;17.0;0.744;2;39.66;1.49;0.47;0.605;4.19;0.655;-0.257;Spain;43.2161538;-4.7242563;1785;CC BY-NC-SA 4.0;;
050;Andara;014;clean;semi-automatic correction;11 Nov 2025;2101;825.01;0;1;84;83;1.78;1.0;17.0;0.676;0;262.68;0.57;0.83;0.566;2.39;0.54;-0.667;Spain;43.2161538;-4.7242563;1785;CC BY-NC-SA 4.0;;
050;Andara;016;clean;semi-automatic correction;11 Nov 2025;1043;456.11;0;1;68;67;1.75;1.0;17.0;0.591;0;149.0;0.91;0.76;0.591;2.32;0.565;-0.556;Spain;43.2161538;-4.7242563;1785;CC BY-NC-SA 4.0;;
050;Andara;017;clean;semi-automatic correction;11 Nov 2025;591;165.56;0;1;65;66;2.13;1.0;17.0;0.557;2;39.45;1.25;0.58;0.704;2.86;0.565;-0.222;Spain;43.2161538;-4.7242563;1785;CC BY-NC-SA 4.0;;
050;Andara;018;clean;semi-automatic correction;11 Nov 2025;529;128.92;0;1;60;60;2.0;1.0;17.0;0.564;1;48.13;1.31;0.64;0.538;2.91;0.486;-0.394;Spain;43.2161538;-4.7242563;1785;CC BY-NC-SA 4.0;;
050;Andara;019;clean;semi-automatic correction;11 Nov 2025;693;432.23;0;1;57;56;1.67;1.0;17.0;0.62;0;138.6;1.0;0.58;0.396;1.93;0.56;-0.667;Spain;43.2161538;-4.7242563;1785;CC BY-NC-SA 4.0;;
050;Andara;020;clean;semi-automatic correction;11 Nov 2025;1264;831.0;0;1;48;47;1.0;1.0;17.0;0.0;0;1264.45;0.0;0.0;0.558;1.0;0.0;1.0;Spain;43.2161538;-4.7242563;1785;CC BY-NC-SA 4.0;;
050;Andara;021;clean;semi-automatic correction;11 Nov 2025;588;20.03;14;1;47;51;2.31;1.0;17.0;0.487;5;21.81;1.01;0.67;0.595;5.12;0.4;-0.306;Spain;43.2161538;-4.7242563;1785;CC BY-NC-SA 4.0;;
050;Andara;024;clean;semi-automatic correction;11 Nov 2025;866;0.0;0;1;43;51;2.5;1.0;17.0;0.431;9;23.42;0.7;0.84;0.506;5.18;0.347;0.029;Spain;43.2161538;-4.7242563;1785;CC BY-NC-SA 4.0;;
050;Andara;030;clean;semi-automatic correction;11 Nov 2025;1184;361.0;0;1;35;34;1.67;1.0;17.0;0.62;0;236.94;1.84;0.22;0.549;1.93;0.56;-0.667;Spain;43.2161538;-4.7242563;1785;CC BY-NC-SA 4.0;;
050;Andara;032;clean;semi-automatic correction;11 Nov 2025;536;5.95;0;1;32;31;1.92;1.0;17.0;0.594;0;23.34;1.0;0.64;0.473;4.28;0.475;-0.338;Spain;43.2161538;-4.7242563;1785;CC BY-NC-SA 4.0;;
050;Andara;033;clean;semi-automatic correction;11 Nov 2025;880;78.68;0;1;32;31;1.75;1.0;17.0;0.591;0;125.74;0.98;0.64;0.572;2.32;0.565;-0.556;Spain;43.2161538;-4.7242563;1785;CC BY-NC-SA 4.0;;
054;Koytendag;001;clean;manual correction;11 Nov 2025;5440;157.69;80;1;362;387;2.4;1.0;6.0;0.527;26;38.31;0.81;0.66;0.802;9.45;0.391;-0.162;Turkmenistan;37.9454;66.6539;1300;CC BY-NC-SA 4.0;Robert, X., & Pont, A. (2025). Caves’ surveys of Koyten-dag (Turkmenistan) [Creative Commons BY-NC-SA 4.0 dataset, Therion project]. https://github.com/robertxa/Turkmenistan;
054;Koytendag;002;clean;manual correction;11 Nov 2025;3623;51.8;85;1;271;282;2.19;1.0;6.0;0.52;12;30.2;1.07;0.4;0.756;9.47;0.419;-0.23;Turkmenistan;37.9454;66.6539;1300;CC BY-NC-SA 4.0;Robert, X., & Pont, A. (2025). Caves’ surveys of Koyten-dag (Turkmenistan) [Creative Commons BY-NC-SA 4.0 dataset, Therion project]. https://github.com/robertxa/Turkmenistan;
054;Koytendag;003;clean;manual correction;11 Nov 2025;3888;72.03;86;1;269;278;2.19;1.0;6.0;0.532;10;39.68;0.77;0.66;0.775;8.17;0.56;-0.194;Turkmenistan;37.9454;66.6539;1300;CC BY-NC-SA 4.0;Robert, X., & Pont, A. (2025). Caves’ surveys of Koyten-dag (Turkmenistan) [Creative Commons BY-NC-SA 4.0 dataset, Therion project]. https://github.com/robertxa/Turkmenistan;
054;Koytendag;004;clean;manual correction;11 Nov 2025;1861;66.76;95;1;148;149;2.17;1.0;6.0;0.433;2;169.19;0.48;0.77;0.753;3.0;0.397;-0.245;Turkmenistan;37.9454;66.6539;1300;CC BY-NC-SA 4.0;Robert, X., & Pont, A. (2025). Caves’ surveys of Koyten-dag (Turkmenistan) [Creative Commons BY-NC-SA 4.0 dataset, Therion project]. https://github.com/robertxa/Turkmenistan;
054;Koytendag;005;clean;manual correction;11 Nov 2025;2205;64.62;81;1;106;106;2.0;1.0;6.0;0.592;1;200.49;0.93;0.78;0.698;2.58;0.393;-0.435;Turkmenistan;37.9454;66.6539;1300;CC BY-NC-SA 4.0;Robert, X., & Pont, A. (2025). Caves’ surveys of Koyten-dag (Turkmenistan) [Creative Commons BY-NC-SA 4.0 dataset, Therion project]. https://github.com/robertxa/Turkmenistan;
054;Koytendag;006;clean;manual correction;11 Nov 2025;671;38.9;91;1;48;47;1.83;1.0;6.0;0.562;0;61.02;0.41;0.73;0.642;3.05;0.471;-0.467;Turkmenistan;37.9454;66.6539;1300;CC BY-NC-SA 4.0;Robert, X., & Pont, A. (2025). Caves’ surveys of Koyten-dag (Turkmenistan) [Creative Commons BY-NC-SA 4.0 dataset, Therion project]. https://github.com/robertxa/Turkmenistan;
054;Koytendag;007;clean;manual correction;11 Nov 2025;544;71.63;84;1;46;45;1.9;1.0;6.0;0.537;0;28.67;0.73;0.71;0.667;4.43;0.409;-0.407;Turkmenistan;37.9454;66.6539;1300;CC BY-NC-SA 4.0;Robert, X., & Pont, A. (2025). Caves’ surveys of Koyten-dag (Turkmenistan) [Creative Commons BY-NC-SA 4.0 dataset, Therion project]. https://github.com/robertxa/Turkmenistan;
054;Koytendag;008;clean;manual correction;11 Nov 2025;573;34.77;3;1;33;32;1.8;1.0;6.0;0.574;0;63.78;1.57;0.44;0.596;2.69;0.475;-0.5;Turkmenistan;37.9454;66.6539;1300;CC BY-NC-SA 4.0;Robert, X., & Pont, A. (2025). Caves’ surveys of Koyten-dag (Turkmenistan) [Creative Commons BY-NC-SA 4.0 dataset, Therion project]. https://github.com/robertxa/Turkmenistan;
055;Tatra;001;clean;semi-automatic correction;11 Nov 2025;2472;130.21;2;1;457;457;2.0;1.0;5.0;0.49;1;103.03;1.91;0.4;0.879;5.3;0.392;-0.408;Poland;49.2399;19.9016;1589.7;CC BY-NC-SA 4.0;Speleoklub Warszawski, Grzeszek, J., Jurczyk, J., Kowalczyk, K., Teleman, K., Kobus, M., Lewandowski, M., Wągrodzki, M., Małgorzata Pawlak, Michał Gabzdyl, Michał Smaga, Michał Smaga, Paweł Nowikowski, Radost Waszkiewicz, Stanislaw Mielczarek, & Weronika Gutfeter. (2024). Tatra mountains cave survey [Creative Commons BY-NC-SA 4.0 dataset]. Github. https://github.com/RadostW/jaskinie/;
055;Tatra;002;clean;semi-automatic correction;11 Nov 2025;910;139.02;79;1;222;223;2.04;1.0;5.0;0.568;2;19.8;1.34;0.57;0.854;6.6;0.462;-0.419;Poland;49.2399;19.9016;1589.7;CC BY-NC-SA 4.0;Speleoklub Warszawski, Grzeszek, J., Jurczyk, J., Kowalczyk, K., Teleman, K., Kobus, M., Lewandowski, M., Wągrodzki, M., Małgorzata Pawlak, Michał Gabzdyl, Michał Smaga, Michał Smaga, Paweł Nowikowski, Radost Waszkiewicz, Stanislaw Mielczarek, & Weronika Gutfeter. (2024). Tatra mountains cave survey [Creative Commons BY-NC-SA 4.0 dataset]. Github. https://github.com/RadostW/jaskinie/;
055;Tatra;003;clean;semi-automatic correction;11 Nov 2025;872;156.01;0;1;177;176;1.0;1.0;5.0;0.0;0;872.57;0.0;0.0;0.684;1.0;0.0;1.0;Poland;49.2399;19.9016;1589.7;CC BY-NC-SA 4.0;Speleoklub Warszawski, Grzeszek, J., Jurczyk, J., Kowalczyk, K., Teleman, K., Kobus, M., Lewandowski, M., Wągrodzki, M., Małgorzata Pawlak, Michał Gabzdyl, Michał Smaga, Michał Smaga, Paweł Nowikowski, Radost Waszkiewicz, Stanislaw Mielczarek, & Weronika Gutfeter. (2024). Tatra mountains cave survey [Creative Commons BY-NC-SA 4.0 dataset]. Github. https://github.com/RadostW/jaskinie/;
055;Tatra;004;clean;semi-automatic correction;11 Nov 2025;1177;147.09;0;1;134;133;1.5;1.0;5.0;0.667;0;392.65;1.02;0.48;0.781;1.5;1.0;-1.0;Poland;49.2399;19.9016;1589.7;CC BY-NC-SA 4.0;Speleoklub Warszawski, Grzeszek, J., Jurczyk, J., Kowalczyk, K., Teleman, K., Kobus, M., Lewandowski, M., Wągrodzki, M., Małgorzata Pawlak, Michał Gabzdyl, Michał Smaga, Michał Smaga, Paweł Nowikowski, Radost Waszkiewicz, Stanislaw Mielczarek, & Weronika Gutfeter. (2024). Tatra mountains cave survey [Creative Commons BY-NC-SA 4.0 dataset]. Github. https://github.com/RadostW/jaskinie/;
056;ClydachGorge;001;clean;manual correction;11 Nov 2025;2321;112.21;0;1;230;229;1.75;1.0;4.0;0.591;0;331.71;1.57;0.5;0.621;2.32;0.565;-0.556;UK;51.8065;-3.1377;219;CC BY-NC-SA 4.0;;
056;ClydachGorge;002;clean;manual correction;11 Nov 2025;839;30.09;0;1;140;140;2.0;1.0;4.0;0.527;1;49.41;1.63;0.41;0.669;4.12;0.462;-0.579;UK;51.8065;-3.1377;219;CC BY-NC-SA 4.0;;
058;Cavernicole;000;clean;manual correction;11 Nov 2025;2654;356.2;89;1;541;544;2.06;1.0;5.0;0.536;4;26.54;1.09;0.59;0.853;9.93;0.546;-0.286;France;45.3837;5.8866;1625;CC BY-NC-SA 4.0;Robert, R., Cailhol, T., Dananai, L., Georges, P., Kern, M., Maurin, F., Parrot, D., Tamian, L., & Varnerot, L. (2025). Base de données topographique du Gouffre du Cavernicole, Plateau-des-Petites-Roches, 38, France [Creative Commons BY-NC-SA 4.0 dataset, Therion project]. https://github.com/Dehautenbas/Cavernicole-Therion;
059;FontaineNoire;001;clean;manual correction;11 Nov 2025;818;62.73;54;1;137;141;2.17;1.0;4.0;0.493;5;16.7;2.72;0.21;0.78;6.12;0.499;-0.187;France;45.3296;5.85652;1173;CC BY-NC-SA 4.0;Robert, X., Base de données Topographiques du système karstique de Fontaine Noire du Guiers (Chartreuse, 38, France), https://github.com/robertxa/Fontaine-Noire, DOI:10.5281/Zenodo.10213063, 2023.;
060;ClotAspres;001;clean;manual correction;11 Nov 2025;25523;1080.28;5;1;2214;2228;2.11;1.0;5.0;0.502;15;99.7;1.27;0.52;0.91;19.03;0.426;-0.317;France;45.0265;5.5752;2017;CC BY-NC-SA 4.0;"Urruty, B., Fourgous, B., Garnier, C., Gerbaux, M., Hereil, J.-P., & ARSIP. (2025). Base de données topographiques des systèmes karstiques du du Clot d’Aspres (38, France) [Creative Commons BY-NC-SA 4.0 dataset, Therion project]. https://doi.org/10.5281/zenodo.17455918
";
060;ClotAspres;002;clean;manual correction;11 Nov 2025;8821;565.39;0;1;1150;1166;2.14;1.0;5.0;0.527;17;36.76;1.61;0.19;0.923;14.0;0.611;-0.309;France;45.0265;5.5752;2017;CC BY-NC-SA 4.0;"Urruty, B., Fourgous, B., Garnier, C., Gerbaux, M., Hereil, J.-P., & ARSIP. (2025). Base de données topographiques des systèmes karstiques du du Clot d’Aspres (38, France) [Creative Commons BY-NC-SA 4.0 dataset, Therion project]. https://doi.org/10.5281/zenodo.17455918
";
060;ClotAspres;003;clean;manual correction;11 Nov 2025;806;275.57;0;1;251;255;2.32;1.0;5.0;0.388;5;35.07;1.31;0.46;0.841;5.13;0.477;-0.39;France;45.0265;5.5752;2017;CC BY-NC-SA 4.0;"Urruty, B., Fourgous, B., Garnier, C., Gerbaux, M., Hereil, J.-P., & ARSIP. (2025). Base de données topographiques des systèmes karstiques du du Clot d’Aspres (38, France) [Creative Commons BY-NC-SA 4.0 dataset, Therion project]. https://doi.org/10.5281/zenodo.17455918
";
060;ClotAspres;004;clean;manual correction;11 Nov 2025;1018;187.3;0;1;242;242;2.0;1.0;5.0;0.506;1;25.47;1.18;0.64;0.831;6.3;0.509;-0.333;France;45.0265;5.5752;2017;CC BY-NC-SA 4.0;"Urruty, B., Fourgous, B., Garnier, C., Gerbaux, M., Hereil, J.-P., & ARSIP. (2025). Base de données topographiques des systèmes karstiques du du Clot d’Aspres (38, France) [Creative Commons BY-NC-SA 4.0 dataset, Therion project]. https://doi.org/10.5281/zenodo.17455918
";
061;Moucherotte;001;clean;manual correction;11 Nov 2025;9653;401.51;0;1;1364;1384;2.19;1.0;5.0;0.483;21;44.28;0.92;0.78;0.916;15.52;0.564;-0.282;France;45.1465558;5.617285;1420;CC BY-NC-SA 4.0;Robert, X., Base de données Topographiques du système karstique du Bruyante (Vercors, 38, France), https://github.com/robertxa/Bruyant, 2024.;
062;Sornin;001;clean;manual correction;11 Nov 2025;10822;446.35;0;1;1546;1578;2.2;1.0;6.0;0.529;33;31.93;1.77;0.19;0.897;23.22;0.451;-0.255;France;45.219228;5.60482;1460;CC BY-NC-SA 4.0;Robert, X. & Parrot, D., Base de données Topographiques du système karstique Berger-Fromagère-Sassenage (Engins, Vercors, 38, France), https://github.com/robertxa/Berger-Sassenage, 2023.;
062;Sornin;002;clean;manual correction;11 Nov 2025;22891;1262.71;30;1;1461;1478;2.18;1.0;6.0;0.489;18;116.79;1.5;0.32;0.885;14.56;0.608;-0.33;France;45.219228;5.60482;1460;CC BY-NC-SA 4.0;Robert, X. & Parrot, D., Base de données Topographiques du système karstique Berger-Fromagère-Sassenage (Engins, Vercors, 38, France), https://github.com/robertxa/Berger-Sassenage, 2023.;
062;Sornin;003;clean;manual correction;11 Nov 2025;8626;864.31;95;1;1197;1199;2.04;1.0;6.0;0.507;3;95.85;2.19;0.24;0.845;9.8;0.544;-0.387;France;45.219228;5.60482;1460;CC BY-NC-SA 4.0;Robert, X. & Parrot, D., Base de données Topographiques du système karstique Berger-Fromagère-Sassenage (Engins, Vercors, 38, France), https://github.com/robertxa/Berger-Sassenage, 2023.;
062;Sornin;004;clean;manual correction;11 Nov 2025;3446;291.3;0;1;574;577;2.11;1.0;6.0;0.522;4;62.67;1.59;0.41;0.784;7.85;0.402;-0.203;France;45.219228;5.60482;1460;CC BY-NC-SA 4.0;Robert, X. & Parrot, D., Base de données Topographiques du système karstique Berger-Fromagère-Sassenage (Engins, Vercors, 38, France), https://github.com/robertxa/Berger-Sassenage, 2023.;
062;Sornin;005;clean;manual correction;11 Nov 2025;553;214.9;0;1;77;76;1.8;1.0;6.0;0.574;0;61.51;1.25;0.44;0.627;2.69;0.475;-0.5;France;45.219228;5.60482;1460;CC BY-NC-SA 4.0;Robert, X. & Parrot, D., Base de données Topographiques du système karstique Berger-Fromagère-Sassenage (Engins, Vercors, 38, France), https://github.com/robertxa/Berger-Sassenage, 2023.;
063;Perthuis;001;ready for cleaning;;11 Nov 2025;1948;145.33;12;1;263;263;2.0;1.0;4.0;0.541;1;46.39;1.72;0.36;0.767;5.93;0.533;-0.34;France;;;;CC BY-NC-SA 4.0;Robert, X., Base de données Topographiques du système karstiques Moilda - Perthuis (Bugey, 01, France), https://github.com/robertxa/Moilda-Perthuis, 2021.;
066;Blau;000;clean;manual correction;11 Nov 2025;1336;106.93;0;1;242;241;1.92;1.0;4.0;0.594;0;58.09;1.03;0.83;0.851;4.29;0.504;-0.374;France;42.8781;2.0421;710;CC BY-NC-SA 4.0;Karst3D Team (2019). KARST3D. OSU OREME. (Collection). DOI: 10.15148/940C2882-49F1-49DB-A97E-12303CACE752;
067;Bailleurs;000;clean;manual correction;11 Nov 2025;2138;120.47;0;1;454;455;2.01;1.0;5.0;0.589;2;15.17;0.79;0.84;0.874;10.29;0.599;-0.262;France;42.7405;2.241;750;CC BY-NC-SA 4.0;Karst3D Team (2019). KARST3D. OSU OREME. (Collection). DOI: 10.15148/940C2882-49F1-49DB-A97E-12303CACE752;
068;Mandra;000;clean;manual correction;11 Nov 2025;844;94.49;0;1;152;152;2.0;1.0;4.0;0.525;1;29.11;1.43;0.52;0.695;5.4;0.456;-0.398;France;42.9095;2.3893;625;CC BY-NC-SA 4.0;Karst3D Team (2019). KARST3D. OSU OREME. (Collection). DOI: 10.15148/940C2882-49F1-49DB-A97E-12303CACE752;
069;Argent;000;clean;manual correction;11 Nov 2025;527;23.97;0;1;86;86;2.0;1.0;4.0;0.559;1;31.01;1.17;0.64;0.701;3.69;0.385;-0.519;France;43.1359;3.0871;90;CC BY-NC;Karst3D Team (2019). KARST3D. OSU OREME. (Collection). DOI: 10.15148/940C2882-49F1-49DB-A97E-12303CACE752;
070;Cheminee;000;clean;manual correction;11 Nov 2025;6364;395.14;0;1;979;984;2.13;1.0;4.0;0.496;6;75.77;0.95;0.75;0.86;10.47;0.473;-0.204;France;44.2739;3.2764;935;CC BY-NC-SA 4.0;Karst3D Team (2019). KARST3D. OSU OREME. (Collection). DOI: 10.15148/940C2882-49F1-49DB-A97E-12303CACE752;
071;Carcabon;000;ready for cleaning;;11 Nov 2025;12957;212.96;79;1;1052;1051;1.99;1.0;4.0;0.528;0;80.99;1.2;0.47;0.827;15.55;0.539;-0.412;Spain;;;;;ask Patrick Degouve for citation;
073;Serreno;000;ready for cleaning;;11 Nov 2025;4777;179.8;5;1;465;470;2.08;1.0;5.0;0.552;6;35.92;1.63;0.23;0.789;9.28;0.472;-0.275;Spain;;;;;ask Patrick Degouve for citation;
074;Yeux;000;ready for cleaning;;11 Nov 2025;1312;263.75;30;1;190;189;1.97;1.0;6.0;0.639;0;23.03;1.13;0.49;0.79;6.87;0.566;-0.376;Spain;;;;;ask Patrick Degouve for citation;
075;TorcaAitken;000;ready for cleaning;;11 Nov 2025;9031;271.44;0;1;1010;1014;2.04;1.0;5.0;0.54;5;39.44;0.97;0.58;0.922;15.53;0.595;-0.267;Spain;;;;;ask Patrick Degouve for citation;
076;CuevaCarrera;000;ready for cleaning;;11 Nov 2025;8490;143.75;15;1;1020;1028;2.06;1.0;4.0;0.524;9;30.87;0.96;0.46;0.916;17.51;0.496;-0.28;Spain;;;;;ask Patrick Degouve for citation;
077;Pasillo;000;ready for cleaning;;11 Nov 2025;5462;276.16;4;1;913;916;2.04;1.0;4.0;0.498;4;37.68;0.96;0.52;0.915;13.65;0.397;-0.304;Spain;;;;;ask Patrick Degouve for citation;
079;CuevaPollita;000;ready for cleaning;;11 Nov 2025;2461;87.18;78;1;255;258;2.13;1.0;4.0;0.485;4;51.28;0.93;0.76;0.556;5.35;0.282;-0.248;Spain;;;;;ask Patrick Degouve for citation;
080;Lastrias;000;ready for cleaning;;11 Nov 2025;1756;144.26;74;1;172;171;1.9;1.0;4.0;0.573;0;87.81;1.75;0.43;0.503;4.39;0.443;-0.429;Spain;;;;;ask Patrick Degouve for citation;
082;CuevaTonia;000;ready for cleaning;;11 Nov 2025;2112;170.14;84;1;266;265;1.94;1.0;4.0;0.543;0;62.12;1.21;0.64;0.657;6.45;0.43;-0.397;Spain;;;;;ask Patrick Degouve for citation;
083;Cubillo;000;ready for cleaning;;11 Nov 2025;6536;141.31;3;1;1001;1003;2.02;1.0;5.0;0.559;3;37.35;1.51;0.37;0.843;11.66;0.58;-0.293;Spain;;;;;ask Patrick Degouve for citation;
084;CuevaHelguera;000;ready for cleaning;;11 Nov 2025;2650;173.81;19;1;349;349;2.0;1.0;4.0;0.554;1;43.45;1.29;0.57;0.836;8.76;0.472;-0.366;Spain;;;;;ask Patrick Degouve for citation;
085;Requiem;000;ready for cleaning;;11 Nov 2025;2524;331.25;0;1;156;155;1.89;1.0;5.0;0.679;0;140.26;2.49;0.09;0.682;3.66;0.497;-0.618;Spain;;;;;ask Patrick Degouve for citation;
087;CoumeBere;000;ready for cleaning;;11 Nov 2025;1734;473.34;75;1;284;283;1.94;1.0;4.0;0.566;0;52.56;1.19;0.68;0.768;5.65;0.488;-0.364;France;;;;;ask Patrick Degouve for citation;
088;PerteYerse;000;ready for cleaning;;11 Nov 2025;1640;399.27;14;1;207;206;1.95;1.0;3.0;0.518;0;40.01;0.98;0.65;0.814;6.79;0.48;-0.367;France;;;;;ask Patrick Degouve for citation;
089;Queou;000;ready for cleaning;;11 Nov 2025;4769;457.65;41;1;548;550;2.04;1.0;4.0;0.543;3;44.16;1.12;0.59;0.847;13.17;0.473;-0.327;France;;;;;ask Patrick Degouve for citation;
090;Crolles;001;ready for cleaning;;11 Nov 2025;40203;604.4;94;1;7809;7924;2.2;1.0;8.0;0.474;116;33.09;1.29;0.28;0.897;38.61;0.42;-0.256;France;;;;CC BY-NC-SA 4.0;Urruty, B. (2025). Base de données topographiques du système karstique de la Dent de Crolles (38, France) [Creative Commons BY-NC-SA 4.0 dataset, Therion project]. https://github.com/BenoitURRUTY/Topo_Dent_Crolles;
090;Crolles;002;ready for cleaning;;11 Nov 2025;997;145.29;93;1;305;304;1.97;1.0;8.0;0.561;0;16.9;1.16;0.57;0.839;8.18;0.513;-0.419;France;;;;CC BY-NC-SA 4.0;Urruty, B. (2025). Base de données topographiques du système karstique de la Dent de Crolles (38, France) [Creative Commons BY-NC-SA 4.0 dataset, Therion project]. https://github.com/BenoitURRUTY/Topo_Dent_Crolles;
090;Crolles;003;ready for cleaning;;11 Nov 2025;1657;145.75;93;1;283;283;2.0;1.0;8.0;0.535;1;33.14;0.78;0.89;0.84;6.62;0.509;-0.382;France;;;;CC BY-NC-SA 4.0;Urruty, B. (2025). Base de données topographiques du système karstique de la Dent de Crolles (38, France) [Creative Commons BY-NC-SA 4.0 dataset, Therion project]. https://github.com/BenoitURRUTY/Topo_Dent_Crolles;
091;Som;001;ready for cleaning;;11 Nov 2025;2756;686.96;91;1;585;585;2.0;1.0;4.0;0.583;1;59.92;1.23;0.68;0.827;6.32;0.525;-0.385;France;;;;CC BY-NC-SA 4.0;Urruty, B. (2025). Base de données topographiques du Charmant Som (Versions V1 - Synthèse Charmant Som) [Creative Commons BY-NC-SA 4.0 dataset, Therion project]. Zenodo. https://doi.org/10.5281/zenodo.17455918;
092;Flaine;001;ready for cleaning;;11 Nov 2025;856;304.65;84;1;128;127;1.94;1.0;5.0;0.543;0;25.19;1.35;0.56;0.769;6.44;0.39;-0.333;France;;;;CC BY-NC-SA 4.0;"Pont, A., Spéléo Club du Mont-Blanc, CESAME, & Comité Départemental de Spéléologie de Haute-Savoie (CDS74). (n.d.). Base de données topographiques des systèmes karstiques du massif Flaine-Platé (Haute-Savoie 74, France) [Creative Commons BY-NC-SA 4.0 dataset, Therion project]. Retrieved May 31, 2024, from https://github.com/BenoitURRUTY/Synthese-Clot-d-Aspres
";
092;Flaine;002;ready for cleaning;;11 Nov 2025;748;296.19;0;1;118;118;2.0;1.0;5.0;0.51;1;28.77;1.25;0.53;0.701;4.91;0.357;-0.333;France;;;;CC BY-NC-SA 4.0;"Pont, A., Spéléo Club du Mont-Blanc, CESAME, & Comité Départemental de Spéléologie de Haute-Savoie (CDS74). (n.d.). Base de données topographiques des systèmes karstiques du massif Flaine-Platé (Haute-Savoie 74, France) [Creative Commons BY-NC-SA 4.0 dataset, Therion project]. Retrieved May 31, 2024, from https://github.com/BenoitURRUTY/Synthese-Clot-d-Aspres
";
093;Larra;001;ready for cleaning;;11 Nov 2025;61176;866.88;0;1;6282;6335;2.12;1.0;10.0;0.552;54;68.66;1.51;0.2;0.872;31.23;0.55;-0.207;France;;;;CC BY-NC-SA 4.0;Pont, A., & ARSIP, collectif d’exploration du massif de la P. S. M. (2025). Base de données Topographiques des systèmes karstiques du massif de la Pierre Saint Martin—Larra (France) [Creative Commons BY-NC-SA 4.0 dataset, Therion project]. https://github.com/Alex38Lyon/Synthese-PSM_LARRA;
093;Larra;002;ready for cleaning;;11 Nov 2025;27749;1321.27;0;1;3311;3328;2.09;1.0;10.0;0.506;18;73.41;1.62;0.34;0.869;28.54;0.471;-0.33;France;;;;CC BY-NC-SA 4.0;Pont, A., & ARSIP, collectif d’exploration du massif de la P. S. M. (2025). Base de données Topographiques des systèmes karstiques du massif de la Pierre Saint Martin—Larra (France) [Creative Commons BY-NC-SA 4.0 dataset, Therion project]. https://github.com/Alex38Lyon/Synthese-PSM_LARRA;
093;Larra;003;ready for cleaning;;11 Nov 2025;20502;811.4;0;1;2414;2424;2.09;1.0;10.0;0.563;11;84.92;1.78;0.26;0.855;19.84;0.561;-0.267;France;;;;CC BY-NC-SA 4.0;Pont, A., & ARSIP, collectif d’exploration du massif de la P. S. M. (2025). Base de données Topographiques des systèmes karstiques du massif de la Pierre Saint Martin—Larra (France) [Creative Commons BY-NC-SA 4.0 dataset, Therion project]. https://github.com/Alex38Lyon/Synthese-PSM_LARRA;
093;Larra;004;ready for cleaning;;11 Nov 2025;19139;710.55;0;1;2251;2261;2.07;1.0;10.0;0.594;11;67.39;1.32;0.43;0.857;24.34;0.478;-0.341;France;;;;CC BY-NC-SA 4.0;Pont, A., & ARSIP, collectif d’exploration du massif de la P. S. M. (2025). Base de données Topographiques des systèmes karstiques du massif de la Pierre Saint Martin—Larra (France) [Creative Commons BY-NC-SA 4.0 dataset, Therion project]. https://github.com/Alex38Lyon/Synthese-PSM_LARRA;
093;Larra;005;ready for cleaning;;11 Nov 2025;15503;532.91;0;1;2151;2169;2.09;1.0;10.0;0.519;19;36.06;1.51;0.33;0.9;20.44;0.444;-0.327;France;;;;CC BY-NC-SA 4.0;Pont, A., & ARSIP, collectif d’exploration du massif de la P. S. M. (2025). Base de données Topographiques des systèmes karstiques du massif de la Pierre Saint Martin—Larra (France) [Creative Commons BY-NC-SA 4.0 dataset, Therion project]. https://github.com/Alex38Lyon/Synthese-PSM_LARRA;
093;Larra;006;ready for cleaning;;11 Nov 2025;12802;491.99;0;1;1461;1479;2.2;1.0;10.0;0.475;19;65.66;1.07;0.52;0.898;13.48;0.459;-0.264;France;;;;CC BY-NC-SA 4.0;Pont, A., & ARSIP, collectif d’exploration du massif de la P. S. M. (2025). Base de données Topographiques des systèmes karstiques du massif de la Pierre Saint Martin—Larra (France) [Creative Commons BY-NC-SA 4.0 dataset, Therion project]. https://github.com/Alex38Lyon/Synthese-PSM_LARRA;
093;Larra;007;ready for cleaning;;11 Nov 2025;9712;208.52;0;1;1408;1417;2.1;1.0;10.0;0.497;10;53.36;1.52;0.36;0.845;16.25;0.547;-0.282;France;;;;CC BY-NC-SA 4.0;Pont, A., & ARSIP, collectif d’exploration du massif de la P. S. M. (2025). Base de données Topographiques des systèmes karstiques du massif de la Pierre Saint Martin—Larra (France) [Creative Commons BY-NC-SA 4.0 dataset, Therion project]. https://github.com/Alex38Lyon/Synthese-PSM_LARRA;
093;Larra;008;ready for cleaning;;11 Nov 2025;7229;377.95;0;1;1192;1194;2.03;1.0;10.0;0.527;3;53.95;1.8;0.41;0.79;13.79;0.458;-0.337;France;;;;CC BY-NC-SA 4.0;Pont, A., & ARSIP, collectif d’exploration du massif de la P. S. M. (2025). Base de données Topographiques des systèmes karstiques du massif de la Pierre Saint Martin—Larra (France) [Creative Commons BY-NC-SA 4.0 dataset, Therion project]. https://github.com/Alex38Lyon/Synthese-PSM_LARRA;
093;Larra;009;ready for cleaning;;11 Nov 2025;8506;489.94;0;1;1060;1069;2.14;1.0;10.0;0.487;10;68.6;1.24;0.46;0.883;10.99;0.432;-0.31;France;;;;CC BY-NC-SA 4.0;Pont, A., & ARSIP, collectif d’exploration du massif de la P. S. M. (2025). Base de données Topographiques des systèmes karstiques du massif de la Pierre Saint Martin—Larra (France) [Creative Commons BY-NC-SA 4.0 dataset, Therion project]. https://github.com/Alex38Lyon/Synthese-PSM_LARRA;
093;Larra;010;ready for cleaning;;11 Nov 2025;8228;805.22;0;1;896;898;2.04;1.0;10.0;0.582;3;74.13;1.66;0.33;0.877;13.11;0.458;-0.303;France;;;;CC BY-NC-SA 4.0;Pont, A., & ARSIP, collectif d’exploration du massif de la P. S. M. (2025). Base de données Topographiques des systèmes karstiques du massif de la Pierre Saint Martin—Larra (France) [Creative Commons BY-NC-SA 4.0 dataset, Therion project]. https://github.com/Alex38Lyon/Synthese-PSM_LARRA;
093;Larra;011;ready for cleaning;;11 Nov 2025;5212;670.59;0;1;745;744;1.5;1.0;10.0;0.667;0;1737.43;0.49;0.28;0.853;1.5;1.0;-1.0;France;;;;CC BY-NC-SA 4.0;Pont, A., & ARSIP, collectif d’exploration du massif de la P. S. M. (2025). Base de données Topographiques des systèmes karstiques du massif de la Pierre Saint Martin—Larra (France) [Creative Commons BY-NC-SA 4.0 dataset, Therion project]. https://github.com/Alex38Lyon/Synthese-PSM_LARRA;
093;Larra;012;ready for cleaning;;11 Nov 2025;6615;667.24;0;1;741;740;1.94;1.0;10.0;0.566;0;200.48;1.73;0.42;0.806;5.47;0.51;-0.393;France;;;;CC BY-NC-SA 4.0;Pont, A., & ARSIP, collectif d’exploration du massif de la P. S. M. (2025). Base de données Topographiques des systèmes karstiques du massif de la Pierre Saint Martin—Larra (France) [Creative Commons BY-NC-SA 4.0 dataset, Therion project]. https://github.com/Alex38Lyon/Synthese-PSM_LARRA;
093;Larra;013;ready for cleaning;;11 Nov 2025;7228;514.65;98;1;701;700;1.92;1.0;10.0;0.529;0;289.15;1.07;0.79;0.823;4.95;0.463;-0.389;France;;;;CC BY-NC-SA 4.0;Pont, A., & ARSIP, collectif d’exploration du massif de la P. S. M. (2025). Base de données Topographiques des systèmes karstiques du massif de la Pierre Saint Martin—Larra (France) [Creative Commons BY-NC-SA 4.0 dataset, Therion project]. https://github.com/Alex38Lyon/Synthese-PSM_LARRA;
093;Larra;014;ready for cleaning;;11 Nov 2025;5435;696.11;0;1;681;680;1.93;1.0;10.0;0.525;0;187.45;1.86;0.38;0.802;5.6;0.48;-0.381;France;;;;CC BY-NC-SA 4.0;Pont, A., & ARSIP, collectif d’exploration du massif de la P. S. M. (2025). Base de données Topographiques des systèmes karstiques du massif de la Pierre Saint Martin—Larra (France) [Creative Commons BY-NC-SA 4.0 dataset, Therion project]. https://github.com/Alex38Lyon/Synthese-PSM_LARRA;
093;Larra;015;ready for cleaning;;11 Nov 2025;3278;356.85;0;1;674;675;2.04;1.0;10.0;0.51;2;68.29;1.26;0.51;0.796;6.59;0.457;-0.34;France;;;;CC BY-NC-SA 4.0;Pont, A., & ARSIP, collectif d’exploration du massif de la P. S. M. (2025). Base de données Topographiques des systèmes karstiques du massif de la Pierre Saint Martin—Larra (France) [Creative Commons BY-NC-SA 4.0 dataset, Therion project]. https://github.com/Alex38Lyon/Synthese-PSM_LARRA;
093;Larra;016;ready for cleaning;;11 Nov 2025;5888;214.74;0;1;627;626;1.99;1.0;10.0;0.655;0;41.47;1.72;0.3;0.854;10.04;0.684;-0.197;France;;;;CC BY-NC-SA 4.0;Pont, A., & ARSIP, collectif d’exploration du massif de la P. S. M. (2025). Base de données Topographiques des systèmes karstiques du massif de la Pierre Saint Martin—Larra (France) [Creative Commons BY-NC-SA 4.0 dataset, Therion project]. https://github.com/Alex38Lyon/Synthese-PSM_LARRA;
093;Larra;017;ready for cleaning;;11 Nov 2025;6457;542.94;0;1;614;613;1.98;1.0;10.0;0.548;0;60.35;1.26;0.69;0.818;11.67;0.451;-0.432;France;;;;CC BY-NC-SA 4.0;Pont, A., & ARSIP, collectif d’exploration du massif de la P. S. M. (2025). Base de données Topographiques des systèmes karstiques du massif de la Pierre Saint Martin—Larra (France) [Creative Commons BY-NC-SA 4.0 dataset, Therion project]. https://github.com/Alex38Lyon/Synthese-PSM_LARRA;
093;Larra;018;ready for cleaning;;11 Nov 2025;4164;715.19;0;1;582;581;1.93;1.0;10.0;0.556;0;160.16;1.28;0.64;0.811;4.45;0.537;-0.333;France;;;;CC BY-NC-SA 4.0;Pont, A., & ARSIP, collectif d’exploration du massif de la P. S. M. (2025). Base de données Topographiques des systèmes karstiques du massif de la Pierre Saint Martin—Larra (France) [Creative Commons BY-NC-SA 4.0 dataset, Therion project]. https://github.com/Alex38Lyon/Synthese-PSM_LARRA;
093;Larra;019;ready for cleaning;;11 Nov 2025;3508;553.48;0;1;571;572;2.03;1.0;10.0;0.545;2;45.56;1.22;0.55;0.89;9.4;0.525;-0.356;France;;;;CC BY-NC-SA 4.0;Pont, A., & ARSIP, collectif d’exploration du massif de la P. S. M. (2025). Base de données Topographiques des systèmes karstiques du massif de la Pierre Saint Martin—Larra (France) [Creative Commons BY-NC-SA 4.0 dataset, Therion project]. https://github.com/Alex38Lyon/Synthese-PSM_LARRA;
093;Larra;020;ready for cleaning;;11 Nov 2025;3756;108.4;0;1;394;396;2.06;1.0;10.0;0.536;3;59.62;1.49;0.46;0.752;7.56;0.531;-0.291;France;;;;CC BY-NC-SA 4.0;Pont, A., & ARSIP, collectif d’exploration du massif de la P. S. M. (2025). Base de données Topographiques des systèmes karstiques du massif de la Pierre Saint Martin—Larra (France) [Creative Commons BY-NC-SA 4.0 dataset, Therion project]. https://github.com/Alex38Lyon/Synthese-PSM_LARRA;
093;Larra;021;ready for cleaning;;11 Nov 2025;3338;208.44;0;1;394;395;2.04;1.0;10.0;0.548;2;60.7;0.99;0.74;0.833;7.05;0.48;-0.357;France;;;;CC BY-NC-SA 4.0;Pont, A., & ARSIP, collectif d’exploration du massif de la P. S. M. (2025). Base de données Topographiques des systèmes karstiques du massif de la Pierre Saint Martin—Larra (France) [Creative Commons BY-NC-SA 4.0 dataset, Therion project]. https://github.com/Alex38Lyon/Synthese-PSM_LARRA;
093;Larra;022;ready for cleaning;;11 Nov 2025;3541;157.15;0;1;393;393;2.0;1.0;10.0;0.542;1;104.16;1.78;0.42;0.828;5.79;0.526;-0.36;France;;;;CC BY-NC-SA 4.0;Pont, A., & ARSIP, collectif d’exploration du massif de la P. S. M. (2025). Base de données Topographiques des systèmes karstiques du massif de la Pierre Saint Martin—Larra (France) [Creative Commons BY-NC-SA 4.0 dataset, Therion project]. https://github.com/Alex38Lyon/Synthese-PSM_LARRA;
093;Larra;023;ready for cleaning;;11 Nov 2025;2603;405.91;0;1;385;384;1.96;1.0;10.0;0.543;0;51.04;1.48;0.48;0.811;7.72;0.438;-0.293;France;;;;CC BY-NC-SA 4.0;Pont, A., & ARSIP, collectif d’exploration du massif de la P. S. M. (2025). Base de données Topographiques des systèmes karstiques du massif de la Pierre Saint Martin—Larra (France) [Creative Commons BY-NC-SA 4.0 dataset, Therion project]. https://github.com/Alex38Lyon/Synthese-PSM_LARRA;
093;Larra;024;ready for cleaning;;11 Nov 2025;2564;316.87;0;1;328;327;1.94;1.0;10.0;0.607;0;77.72;0.95;0.78;0.833;5.41;0.576;-0.467;France;;;;CC BY-NC-SA 4.0;Pont, A., & ARSIP, collectif d’exploration du massif de la P. S. M. (2025). Base de données Topographiques des systèmes karstiques du massif de la Pierre Saint Martin—Larra (France) [Creative Commons BY-NC-SA 4.0 dataset, Therion project]. https://github.com/Alex38Lyon/Synthese-PSM_LARRA;
093;Larra;025;ready for cleaning;;11 Nov 2025;3025;471.24;93;1;317;317;2.0;1.0;10.0;0.506;1;65.78;1.15;0.68;0.812;7.61;0.514;-0.333;France;;;;CC BY-NC-SA 4.0;Pont, A., & ARSIP, collectif d’exploration du massif de la P. S. M. (2025). Base de données Topographiques des systèmes karstiques du massif de la Pierre Saint Martin—Larra (France) [Creative Commons BY-NC-SA 4.0 dataset, Therion project]. https://github.com/Alex38Lyon/Synthese-PSM_LARRA;
093;Larra;026;ready for cleaning;;11 Nov 2025;1667;384.3;0;1;289;289;2.0;1.0;10.0;0.511;1;69.49;1.04;0.62;0.703;4.43;0.543;-0.333;France;;;;CC BY-NC-SA 4.0;Pont, A., & ARSIP, collectif d’exploration du massif de la P. S. M. (2025). Base de données Topographiques des systèmes karstiques du massif de la Pierre Saint Martin—Larra (France) [Creative Commons BY-NC-SA 4.0 dataset, Therion project]. https://github.com/Alex38Lyon/Synthese-PSM_LARRA;
093;Larra;027;ready for cleaning;;11 Nov 2025;1683;362.23;0;1;286;285;1.94;1.0;10.0;0.57;0;54.31;1.2;0.58;0.786;5.69;0.445;-0.425;France;;;;CC BY-NC-SA 4.0;Pont, A., & ARSIP, collectif d’exploration du massif de la P. S. M. (2025). Base de données Topographiques des systèmes karstiques du massif de la Pierre Saint Martin—Larra (France) [Creative Commons BY-NC-SA 4.0 dataset, Therion project]. https://github.com/Alex38Lyon/Synthese-PSM_LARRA;
093;Larra;028;ready for cleaning;;11 Nov 2025;2383;535.79;0;1;280;279;1.88;1.0;10.0;0.547;0;158.91;2.17;0.32;0.795;3.61;0.441;-0.429;France;;;;CC BY-NC-SA 4.0;Pont, A., & ARSIP, collectif d’exploration du massif de la P. S. M. (2025). Base de données Topographiques des systèmes karstiques du massif de la Pierre Saint Martin—Larra (France) [Creative Commons BY-NC-SA 4.0 dataset, Therion project]. https://github.com/Alex38Lyon/Synthese-PSM_LARRA;
093;Larra;029;ready for cleaning;;11 Nov 2025;1400;529.78;0;1;263;262;1.94;1.0;10.0;0.522;0;42.45;1.3;0.56;0.758;6.79;0.374;-0.375;France;;;;CC BY-NC-SA 4.0;Pont, A., & ARSIP, collectif d’exploration du massif de la P. S. M. (2025). Base de données Topographiques des systèmes karstiques du massif de la Pierre Saint Martin—Larra (France) [Creative Commons BY-NC-SA 4.0 dataset, Therion project]. https://github.com/Alex38Lyon/Synthese-PSM_LARRA;
093;Larra;030;ready for cleaning;;11 Nov 2025;1973;128.64;0;1;254;257;2.12;1.0;10.0;0.564;4;37.95;2.02;0.22;0.826;6.51;0.375;-0.356;France;;;;CC BY-NC-SA 4.0;Pont, A., & ARSIP, collectif d’exploration du massif de la P. S. M. (2025). Base de données Topographiques des systèmes karstiques du massif de la Pierre Saint Martin—Larra (France) [Creative Commons BY-NC-SA 4.0 dataset, Therion project]. https://github.com/Alex38Lyon/Synthese-PSM_LARRA;
093;Larra;031;ready for cleaning;;11 Nov 2025;1892;136.24;0;1;254;253;1.83;1.0;10.0;0.562;0;172.08;1.1;0.67;0.844;2.92;0.564;-0.467;France;;;;CC BY-NC-SA 4.0;Pont, A., & ARSIP, collectif d’exploration du massif de la P. S. M. (2025). Base de données Topographiques des systèmes karstiques du massif de la Pierre Saint Martin—Larra (France) [Creative Commons BY-NC-SA 4.0 dataset, Therion project]. https://github.com/Alex38Lyon/Synthese-PSM_LARRA;
093;Larra;032;ready for cleaning;;11 Nov 2025;1539;376.73;0;1;249;248;1.95;1.0;10.0;0.519;0;39.49;1.16;0.71;0.802;7.01;0.434;-0.368;France;;;;CC BY-NC-SA 4.0;Pont, A., & ARSIP, collectif d’exploration du massif de la P. S. M. (2025). Base de données Topographiques des systèmes karstiques du massif de la Pierre Saint Martin—Larra (France) [Creative Commons BY-NC-SA 4.0 dataset, Therion project]. https://github.com/Alex38Lyon/Synthese-PSM_LARRA;
093;Larra;033;ready for cleaning;;11 Nov 2025;3738;311.01;0;1;241;241;2.0;1.0;10.0;0.531;1;98.38;1.04;0.63;0.802;7.62;0.418;-0.398;France;;;;CC BY-NC-SA 4.0;Pont, A., & ARSIP, collectif d’exploration du massif de la P. S. M. (2025). Base de données Topographiques des systèmes karstiques du massif de la Pierre Saint Martin—Larra (France) [Creative Commons BY-NC-SA 4.0 dataset, Therion project]. https://github.com/Alex38Lyon/Synthese-PSM_LARRA;
093;Larra;034;ready for cleaning;;11 Nov 2025;1712;378.93;0;1;237;236;1.91;1.0;10.0;0.534;0;81.55;1.35;0.56;0.805;4.18;0.487;-0.4;France;;;;CC BY-NC-SA 4.0;Pont, A., & ARSIP, collectif d’exploration du massif de la P. S. M. (2025). Base de données Topographiques des systèmes karstiques du massif de la Pierre Saint Martin—Larra (France) [Creative Commons BY-NC-SA 4.0 dataset, Therion project]. https://github.com/Alex38Lyon/Synthese-PSM_LARRA;
093;Larra;035;ready for cleaning;;11 Nov 2025;1047;27.71;0;1;226;225;1.92;1.0;10.0;0.561;0;43.67;1.53;0.45;0.742;4.35;0.501;-0.333;France;;;;CC BY-NC-SA 4.0;Pont, A., & ARSIP, collectif d’exploration du massif de la P. S. M. (2025). Base de données Topographiques des systèmes karstiques du massif de la Pierre Saint Martin—Larra (France) [Creative Commons BY-NC-SA 4.0 dataset, Therion project]. https://github.com/Alex38Lyon/Synthese-PSM_LARRA;
093;Larra;036;ready for cleaning;;11 Nov 2025;1079;292.77;0;1;218;218;2.0;1.0;10.0;0.532;1;18.29;1.4;0.37;0.86;7.95;0.479;-0.413;France;;;;CC BY-NC-SA 4.0;Pont, A., & ARSIP, collectif d’exploration du massif de la P. S. M. (2025). Base de données Topographiques des systèmes karstiques du massif de la Pierre Saint Martin—Larra (France) [Creative Commons BY-NC-SA 4.0 dataset, Therion project]. https://github.com/Alex38Lyon/Synthese-PSM_LARRA;
093;Larra;037;ready for cleaning;;11 Nov 2025;1354;334.34;0;1;182;181;1.75;1.0;10.0;0.85;0;193.54;1.31;0.5;0.727;2.04;0.782;-0.739;France;;;;CC BY-NC-SA 4.0;Pont, A., & ARSIP, collectif d’exploration du massif de la P. S. M. (2025). Base de données Topographiques des systèmes karstiques du massif de la Pierre Saint Martin—Larra (France) [Creative Commons BY-NC-SA 4.0 dataset, Therion project]. https://github.com/Alex38Lyon/Synthese-PSM_LARRA;
093;Larra;038;ready for cleaning;;11 Nov 2025;1084;87.98;0;1;179;178;1.94;1.0;10.0;0.59;0;33.9;1.84;0.35;0.718;6.03;0.425;-0.446;France;;;;CC BY-NC-SA 4.0;Pont, A., & ARSIP, collectif d’exploration du massif de la P. S. M. (2025). Base de données Topographiques des systèmes karstiques du massif de la Pierre Saint Martin—Larra (France) [Creative Commons BY-NC-SA 4.0 dataset, Therion project]. https://github.com/Alex38Lyon/Synthese-PSM_LARRA;
093;Larra;039;ready for cleaning;;11 Nov 2025;850;54.58;0;1;165;164;1.94;1.0;10.0;0.566;0;25.78;1.14;0.68;0.751;5.71;0.461;-0.364;France;;;;CC BY-NC-SA 4.0;Pont, A., & ARSIP, collectif d’exploration du massif de la P. S. M. (2025). Base de données Topographiques des systèmes karstiques du massif de la Pierre Saint Martin—Larra (France) [Creative Commons BY-NC-SA 4.0 dataset, Therion project]. https://github.com/Alex38Lyon/Synthese-PSM_LARRA;
093;Larra;040;ready for cleaning;;11 Nov 2025;1002;352.95;0;1;163;164;2.06;1.0;10.0;0.514;2;29.48;1.14;0.7;0.687;4.54;0.356;-0.204;France;;;;CC BY-NC-SA 4.0;Pont, A., & ARSIP, collectif d’exploration du massif de la P. S. M. (2025). Base de données Topographiques des systèmes karstiques du massif de la Pierre Saint Martin—Larra (France) [Creative Commons BY-NC-SA 4.0 dataset, Therion project]. https://github.com/Alex38Lyon/Synthese-PSM_LARRA;
093;Larra;041;ready for cleaning;;11 Nov 2025;617;100.93;0;1;161;160;1.94;1.0;10.0;0.602;0;17.64;1.56;0.38;0.824;4.95;0.619;-0.284;France;;;;CC BY-NC-SA 4.0;Pont, A., & ARSIP, collectif d’exploration du massif de la P. S. M. (2025). Base de données Topographiques des systèmes karstiques du massif de la Pierre Saint Martin—Larra (France) [Creative Commons BY-NC-SA 4.0 dataset, Therion project]. https://github.com/Alex38Lyon/Synthese-PSM_LARRA;
093;Larra;042;ready for cleaning;;11 Nov 2025;1064;420.12;0;1;158;157;1.92;1.0;10.0;0.614;0;46.28;1.01;0.73;0.776;4.35;0.509;-0.45;France;;;;CC BY-NC-SA 4.0;Pont, A., & ARSIP, collectif d’exploration du massif de la P. S. M. (2025). Base de données Topographiques des systèmes karstiques du massif de la Pierre Saint Martin—Larra (France) [Creative Commons BY-NC-SA 4.0 dataset, Therion project]. https://github.com/Alex38Lyon/Synthese-PSM_LARRA;
093;Larra;043;ready for cleaning;;11 Nov 2025;837;237.2;40;1;152;151;1.96;1.0;10.0;0.674;0;17.82;1.09;0.6;0.746;6.23;0.561;-0.458;France;;;;CC BY-NC-SA 4.0;Pont, A., & ARSIP, collectif d’exploration du massif de la P. S. M. (2025). Base de données Topographiques des systèmes karstiques du massif de la Pierre Saint Martin—Larra (France) [Creative Commons BY-NC-SA 4.0 dataset, Therion project]. https://github.com/Alex38Lyon/Synthese-PSM_LARRA;
093;Larra;044;ready for cleaning;;11 Nov 2025;591;185.76;0;1;144;143;1.92;1.0;10.0;0.529;0;23.66;1.15;0.64;0.746;4.95;0.519;-0.389;France;;;;CC BY-NC-SA 4.0;Pont, A., & ARSIP, collectif d’exploration du massif de la P. S. M. (2025). Base de données Topographiques des systèmes karstiques du massif de la Pierre Saint Martin—Larra (France) [Creative Commons BY-NC-SA 4.0 dataset, Therion project]. https://github.com/Alex38Lyon/Synthese-PSM_LARRA;
093;Larra;045;ready for cleaning;;11 Nov 2025;750;431.36;0;1;138;137;1.75;1.0;10.0;0.591;0;107.19;1.06;0.76;0.684;2.32;0.565;-0.556;France;;;;CC BY-NC-SA 4.0;Pont, A., & ARSIP, collectif d’exploration du massif de la P. S. M. (2025). Base de données Topographiques des systèmes karstiques du massif de la Pierre Saint Martin—Larra (France) [Creative Commons BY-NC-SA 4.0 dataset, Therion project]. https://github.com/Alex38Lyon/Synthese-PSM_LARRA;
093;Larra;046;ready for cleaning;;11 Nov 2025;826;262.38;0;1;135;134;1.93;1.0;10.0;0.591;0;28.49;0.87;0.88;0.678;5.68;0.446;-0.537;France;;;;CC BY-NC-SA 4.0;Pont, A., & ARSIP, collectif d’exploration du massif de la P. S. M. (2025). Base de données Topographiques des systèmes karstiques du massif de la Pierre Saint Martin—Larra (France) [Creative Commons BY-NC-SA 4.0 dataset, Therion project]. https://github.com/Alex38Lyon/Synthese-PSM_LARRA;
093;Larra;047;ready for cleaning;;11 Nov 2025;717;253.9;0;1;135;134;1.92;1.0;10.0;0.594;0;31.19;1.14;0.71;0.775;4.53;0.501;-0.519;France;;;;CC BY-NC-SA 4.0;Pont, A., & ARSIP, collectif d’exploration du massif de la P. S. M. (2025). Base de données Topographiques des systèmes karstiques du massif de la Pierre Saint Martin—Larra (France) [Creative Commons BY-NC-SA 4.0 dataset, Therion project]. https://github.com/Alex38Lyon/Synthese-PSM_LARRA;
093;Larra;048;ready for cleaning;;11 Nov 2025;1412;379.71;0;1;118;117;1.92;1.0;10.0;0.531;0;61.4;0.87;0.84;0.573;4.41;0.494;-0.394;France;;;;CC BY-NC-SA 4.0;Pont, A., & ARSIP, collectif d’exploration du massif de la P. S. M. (2025). Base de données Topographiques des systèmes karstiques du massif de la Pierre Saint Martin—Larra (France) [Creative Commons BY-NC-SA 4.0 dataset, Therion project]. https://github.com/Alex38Lyon/Synthese-PSM_LARRA;
093;Larra;049;ready for cleaning;;11 Nov 2025;1011;404.84;0;1;116;115;1.95;1.0;10.0;0.559;0;27.33;1.29;0.58;0.574;7.09;0.381;-0.414;France;;;;CC BY-NC-SA 4.0;Pont, A., & ARSIP, collectif d’exploration du massif de la P. S. M. (2025). Base de données Topographiques des systèmes karstiques du massif de la Pierre Saint Martin—Larra (France) [Creative Commons BY-NC-SA 4.0 dataset, Therion project]. https://github.com/Alex38Lyon/Synthese-PSM_LARRA;
093;Larra;050;ready for cleaning;;11 Nov 2025;794;296.93;0;1;115;114;1.5;1.0;10.0;0.667;0;264.74;0.35;0.48;0.653;1.5;1.0;-1.0;France;;;;CC BY-NC-SA 4.0;Pont, A., & ARSIP, collectif d’exploration du massif de la P. S. M. (2025). Base de données Topographiques des systèmes karstiques du massif de la Pierre Saint Martin—Larra (France) [Creative Commons BY-NC-SA 4.0 dataset, Therion project]. https://github.com/Alex38Lyon/Synthese-PSM_LARRA;
093;Larra;051;ready for cleaning;;11 Nov 2025;658;256.95;0;1;108;107;1.86;1.0;10.0;0.553;0;50.66;1.04;0.64;0.677;3.22;0.56;-0.444;France;;;;CC BY-NC-SA 4.0;Pont, A., & ARSIP, collectif d’exploration du massif de la P. S. M. (2025). Base de données Topographiques des systèmes karstiques du massif de la Pierre Saint Martin—Larra (France) [Creative Commons BY-NC-SA 4.0 dataset, Therion project]. https://github.com/Alex38Lyon/Synthese-PSM_LARRA;
093;Larra;052;ready for cleaning;;11 Nov 2025;807;351.32;0;1;106;105;1.6;1.0;10.0;0.839;0;201.81;0.21;0.45;0.515;1.6;1.0;-1.0;France;;;;CC BY-NC-SA 4.0;Pont, A., & ARSIP, collectif d’exploration du massif de la P. S. M. (2025). Base de données Topographiques des systèmes karstiques du massif de la Pierre Saint Martin—Larra (France) [Creative Commons BY-NC-SA 4.0 dataset, Therion project]. https://github.com/Alex38Lyon/Synthese-PSM_LARRA;
093;Larra;053;ready for cleaning;;11 Nov 2025;607;436.22;0;1;101;100;1.91;1.0;10.0;0.629;0;27.63;1.28;0.66;0.657;4.47;0.447;-0.544;France;;;;CC BY-NC-SA 4.0;Pont, A., & ARSIP, collectif d’exploration du massif de la P. S. M. (2025). Base de données Topographiques des systèmes karstiques du massif de la Pierre Saint Martin—Larra (France) [Creative Commons BY-NC-SA 4.0 dataset, Therion project]. https://github.com/Alex38Lyon/Synthese-PSM_LARRA;
093;Larra;054;ready for cleaning;;11 Nov 2025;874;244.16;0;1;99;98;1.91;1.0;10.0;0.603;0;41.65;0.98;0.68;0.734;4.21;0.505;-0.492;France;;;;CC BY-NC-SA 4.0;Pont, A., & ARSIP, collectif d’exploration du massif de la P. S. M. (2025). Base de données Topographiques des systèmes karstiques du massif de la Pierre Saint Martin—Larra (France) [Creative Commons BY-NC-SA 4.0 dataset, Therion project]. https://github.com/Alex38Lyon/Synthese-PSM_LARRA;
093;Larra;055;ready for cleaning;;11 Nov 2025;732;344.27;0;1;97;96;1.9;1.0;10.0;0.573;0;36.63;1.84;0.38;0.597;4.42;0.413;-0.429;France;;;;CC BY-NC-SA 4.0;Pont, A., & ARSIP, collectif d’exploration du massif de la P. S. M. (2025). Base de données Topographiques des systèmes karstiques du massif de la Pierre Saint Martin—Larra (France) [Creative Commons BY-NC-SA 4.0 dataset, Therion project]. https://github.com/Alex38Lyon/Synthese-PSM_LARRA;
093;Larra;056;ready for cleaning;;11 Nov 2025;767;261.03;0;1;91;90;1.93;1.0;10.0;0.552;0;27.4;0.72;0.92;0.559;5.73;0.416;-0.407;France;;;;CC BY-NC-SA 4.0;Pont, A., & ARSIP, collectif d’exploration du massif de la P. S. M. (2025). Base de données Topographiques des systèmes karstiques du massif de la Pierre Saint Martin—Larra (France) [Creative Commons BY-NC-SA 4.0 dataset, Therion project]. https://github.com/Alex38Lyon/Synthese-PSM_LARRA;
093;Larra;057;ready for cleaning;;11 Nov 2025;570;291.3;0;1;89;89;2.0;1.0;10.0;0.598;1;25.91;0.89;0.7;0.692;4.17;0.488;-0.574;France;;;;CC BY-NC-SA 4.0;Pont, A., & ARSIP, collectif d’exploration du massif de la P. S. M. (2025). Base de données Topographiques des systèmes karstiques du massif de la Pierre Saint Martin—Larra (France) [Creative Commons BY-NC-SA 4.0 dataset, Therion project]. https://github.com/Alex38Lyon/Synthese-PSM_LARRA;
093;Larra;059;ready for cleaning;;11 Nov 2025;817;409.24;0;1;88;87;1.86;1.0;10.0;0.553;0;62.88;1.4;0.47;0.401;3.4;0.434;-0.444;France;;;;CC BY-NC-SA 4.0;Pont, A., & ARSIP, collectif d’exploration du massif de la P. S. M. (2025). Base de données Topographiques des systèmes karstiques du massif de la Pierre Saint Martin—Larra (France) [Creative Commons BY-NC-SA 4.0 dataset, Therion project]. https://github.com/Alex38Lyon/Synthese-PSM_LARRA;
093;Larra;060;ready for cleaning;;11 Nov 2025;503;241.69;0;1;86;86;2.0;1.0;10.0;0.527;1;50.39;0.56;0.8;0.385;2.64;0.327;-0.333;France;;;;CC BY-NC-SA 4.0;Pont, A., & ARSIP, collectif d’exploration du massif de la P. S. M. (2025). Base de données Topographiques des systèmes karstiques du massif de la Pierre Saint Martin—Larra (France) [Creative Commons BY-NC-SA 4.0 dataset, Therion project]. https://github.com/Alex38Lyon/Synthese-PSM_LARRA;
093;Larra;061;ready for cleaning;;11 Nov 2025;673;186.53;0;1;85;84;1.89;1.0;10.0;0.541;0;39.63;1.07;0.68;0.694;4.08;0.411;-0.417;France;;;;CC BY-NC-SA 4.0;Pont, A., & ARSIP, collectif d’exploration du massif de la P. S. M. (2025). Base de données Topographiques des systèmes karstiques du massif de la Pierre Saint Martin—Larra (France) [Creative Commons BY-NC-SA 4.0 dataset, Therion project]. https://github.com/Alex38Lyon/Synthese-PSM_LARRA;
093;Larra;063;ready for cleaning;;11 Nov 2025;727;376.43;0;1;82;81;1.88;1.0;10.0;0.547;0;48.52;1.03;0.57;0.638;3.74;0.431;-0.429;France;;;;CC BY-NC-SA 4.0;Pont, A., & ARSIP, collectif d’exploration du massif de la P. S. M. (2025). Base de données Topographiques des systèmes karstiques du massif de la Pierre Saint Martin—Larra (France) [Creative Commons BY-NC-SA 4.0 dataset, Therion project]. https://github.com/Alex38Lyon/Synthese-PSM_LARRA;
093;Larra;064;ready for cleaning;;11 Nov 2025;539;83.98;0;1;76;75;1.92;1.0;10.0;0.531;0;23.48;0.99;0.73;0.753;4.61;0.484;-0.394;France;;;;CC BY-NC-SA 4.0;Pont, A., & ARSIP, collectif d’exploration du massif de la P. S. M. (2025). Base de données Topographiques des systèmes karstiques du massif de la Pierre Saint Martin—Larra (France) [Creative Commons BY-NC-SA 4.0 dataset, Therion project]. https://github.com/Alex38Lyon/Synthese-PSM_LARRA;
093;Larra;068;ready for cleaning;;11 Nov 2025;530;281.98;0;1;67;67;2.0;1.0;10.0;0.567;1;35.38;1.04;0.78;0.534;3.22;0.524;-0.41;France;;;;CC BY-NC-SA 4.0;Pont, A., & ARSIP, collectif d’exploration du massif de la P. S. M. (2025). Base de données Topographiques des systèmes karstiques du massif de la Pierre Saint Martin—Larra (France) [Creative Commons BY-NC-SA 4.0 dataset, Therion project]. https://github.com/Alex38Lyon/Synthese-PSM_LARRA;
093;Larra;074;ready for cleaning;;11 Nov 2025;552;52.42;0;1;62;61;1.75;1.0;10.0;0.591;0;78.91;0.81;0.67;0.616;2.32;0.565;-0.556;France;;;;CC BY-NC-SA 4.0;Pont, A., & ARSIP, collectif d’exploration du massif de la P. S. M. (2025). Base de données Topographiques des systèmes karstiques du massif de la Pierre Saint Martin—Larra (France) [Creative Commons BY-NC-SA 4.0 dataset, Therion project]. https://github.com/Alex38Lyon/Synthese-PSM_LARRA;
093;Larra;078;ready for cleaning;;11 Nov 2025;502;36.96;0;1;57;56;1.91;1.0;10.0;0.534;0;23.94;0.73;0.73;0.671;4.23;0.544;-0.4;France;;;;CC BY-NC-SA 4.0;Pont, A., & ARSIP, collectif d’exploration du massif de la P. S. M. (2025). Base de données Topographiques des systèmes karstiques du massif de la Pierre Saint Martin—Larra (France) [Creative Commons BY-NC-SA 4.0 dataset, Therion project]. https://github.com/Alex38Lyon/Synthese-PSM_LARRA;
093;Larra;082;ready for cleaning;;11 Nov 2025;735;303.54;0;1;53;52;1.89;1.0;10.0;0.541;0;43.24;1.06;0.6;0.556;3.88;0.487;-0.417;France;;;;CC BY-NC-SA 4.0;Pont, A., & ARSIP, collectif d’exploration du massif de la P. S. M. (2025). Base de données Topographiques des systèmes karstiques du massif de la Pierre Saint Martin—Larra (France) [Creative Commons BY-NC-SA 4.0 dataset, Therion project]. https://github.com/Alex38Lyon/Synthese-PSM_LARRA;
093;Larra;087;ready for cleaning;;11 Nov 2025;537;164.47;0;1;50;49;1.86;1.0;10.0;0.553;0;41.34;1.12;0.61;0.653;3.4;0.434;-0.444;France;;;;CC BY-NC-SA 4.0;Pont, A., & ARSIP, collectif d’exploration du massif de la P. S. M. (2025). Base de données Topographiques des systèmes karstiques du massif de la Pierre Saint Martin—Larra (France) [Creative Commons BY-NC-SA 4.0 dataset, Therion project]. https://github.com/Alex38Lyon/Synthese-PSM_LARRA;
093;Larra;102;ready for cleaning;;11 Nov 2025;636;90.36;0;1;42;41;1.89;1.0;10.0;0.541;0;37.44;1.71;0.34;0.641;3.77;0.556;-0.417;France;;;;CC BY-NC-SA 4.0;Pont, A., & ARSIP, collectif d’exploration du massif de la P. S. M. (2025). Base de données Topographiques des systèmes karstiques du massif de la Pierre Saint Martin—Larra (France) [Creative Commons BY-NC-SA 4.0 dataset, Therion project]. https://github.com/Alex38Lyon/Synthese-PSM_LARRA;
093;Larra;127;ready for cleaning;;11 Nov 2025;509;194.09;0;1;27;26;1.82;1.0;10.0;0.642;0;50.98;0.8;0.74;0.383;2.69;0.576;-0.481;France;;;;CC BY-NC-SA 4.0;Pont, A., & ARSIP, collectif d’exploration du massif de la P. S. M. (2025). Base de données Topographiques des systèmes karstiques du massif de la Pierre Saint Martin—Larra (France) [Creative Commons BY-NC-SA 4.0 dataset, Therion project]. https://github.com/Alex38Lyon/Synthese-PSM_LARRA;
093;Larra;167;ready for cleaning;;11 Nov 2025;515;263.5;0;1;18;17;1.67;1.0;10.0;0.62;0;103.0;0.5;0.41;0.4;1.93;0.56;-0.667;France;;;;CC BY-NC-SA 4.0;Pont, A., & ARSIP, collectif d’exploration du massif de la P. S. M. (2025). Base de données Topographiques des systèmes karstiques du massif de la Pierre Saint Martin—Larra (France) [Creative Commons BY-NC-SA 4.0 dataset, Therion project]. https://github.com/Alex38Lyon/Synthese-PSM_LARRA;
095;Kelmend;001;ready for cleaning;;11 Nov 2025;877;438.53;30;1;128;127;1.83;1.0;7.0;0.562;0;79.76;1.21;0.56;0.748;3.05;0.471;-0.467;Albania;;;;;;
095;Kelmend;002;ready for cleaning;;11 Nov 2025;620;224.22;8;1;115;114;1.96;1.0;7.0;0.793;0;12.93;1.28;0.64;0.671;6.79;0.478;-0.537;Albania;;;;;;
095;Kelmend;003;ready for cleaning;;11 Nov 2025;571;206.21;45;1;95;94;1.71;1.0;7.0;0.731;0;95.3;0.74;0.58;0.675;2.0;0.7;-0.714;Albania;;;;;;
095;Kelmend;004;ready for cleaning;;11 Nov 2025;717;282.54;0;1;92;91;1.93;1.0;7.0;0.755;0;24.75;1.7;0.46;0.704;4.69;0.516;-0.542;Albania;;;;;;
